Timestamp,Date,Time,TC1_Temp_C,TC2_Temp_C,Env_Temp_C,Flow_slm,Gas_Temp_C,Pressure_kPa,Humidity_%
1774658172455,3/27/2026,5:36:12 PM,23.5,23.15625,25.6,4.087,24.945,96.79,17.072
1774658172510,3/27/2026,5:36:12 PM,23.5,23.15625,25.6,4.087,24.945,96.79,17.072
1774658172872,3/27/2026,5:36:12 PM,23.5625,23.15625,25.6,4.085,25.015,96.79,17.077
1774658173129,3/27/2026,5:36:13 PM,23.5625,23.125,25.6,4.085,25.015,96.79,17.077
1774658173244,3/27/2026,5:36:13 PM,23.5625,23.125,25.6,4.085,25.015,96.79,17.077
1774658173510,3/27/2026,5:36:13 PM,23.5625,23.125,25.6,4.107,24.905,96.791,17.062
1774658173636,3/27/2026,5:36:13 PM,23.4921875,23.125,25.6,4.107,24.905,96.791,17.062
1774658173995,3/27/2026,5:36:13 PM,23.4921875,23.1875,25.6,4.107,24.905,96.791,17.062
1774658174193,3/27/2026,5:36:14 PM,23.4921875,23.1875,25.6,4.104,25,96.79,17.052
1774658174417,3/27/2026,5:36:14 PM,23.6953125,23.1875,25.6,4.104,25,96.79,17.052
1774658174482,3/27/2026,5:36:14 PM,23.6953125,23.1875,25.6,4.104,25,96.79,17.052
1774658174564,3/27/2026,5:36:14 PM,23.6953125,23.1875,25.6,4.104,25,96.79,17.052
1774658174867,3/27/2026,5:36:14 PM,23.6953125,23.1875,25.6,4.087,24.88,96.79,17.057
1774658175135,3/27/2026,5:36:15 PM,23.6875,23.1875,25.6,4.087,24.88,96.79,17.057
1774658175278,3/27/2026,5:36:15 PM,23.6875,23.1171875,25.6,4.087,24.88,96.79,17.057
1774658175616,3/27/2026,5:36:15 PM,23.6875,23.1171875,25.6,4.084,24.95,96.791,17.057
1774658175662,3/27/2026,5:36:15 PM,23.6875,23.1171875,25.6,4.084,24.95,96.791,17.057
1774658175997,3/27/2026,5:36:15 PM,23.46875,23.1640625,25.6,4.084,24.95,96.791,17.057
1774658176191,3/27/2026,5:36:16 PM,23.46875,23.1640625,25.6,4.084,24.95,96.791,17.057
1774658176404,3/27/2026,5:36:16 PM,23.46875,23.1640625,25.59,4.102,24.905,96.791,17.037
1774658176493,3/27/2026,5:36:16 PM,23.4375,23.1640625,25.59,4.102,24.905,96.791,17.037
1774658176665,3/27/2026,5:36:16 PM,23.4375,23.140625,25.59,4.102,24.905,96.791,17.037
1774658176882,3/27/2026,5:36:16 PM,23.4375,23.140625,25.59,4.102,24.905,96.791,17.037
1774658177129,3/27/2026,5:36:17 PM,23.4375,23.140625,25.59,4.105,24.9,96.79,17.042
1774658177251,3/27/2026,5:36:17 PM,23.65625,23.140625,25.59,4.105,24.9,96.79,17.042
1774658177638,3/27/2026,5:36:17 PM,23.65625,23.1171875,25.59,4.105,24.9,96.79,17.042
1774658177713,3/27/2026,5:36:17 PM,23.65625,23.1171875,25.59,4.105,24.9,96.79,17.042
1774658178000,3/27/2026,5:36:18 PM,23.5,23.1171875,25.59,4.088,24.84,96.79,17.037
1774658178205,3/27/2026,5:36:18 PM,23.5,23.15625,25.59,4.088,24.84,96.79,17.037
1774658178398,3/27/2026,5:36:18 PM,23.5,23.15625,25.59,4.088,24.84,96.79,17.037
1774658178480,3/27/2026,5:36:18 PM,23.5,23.15625,25.59,4.094,24.875,96.79,17.027
1774658178770,3/27/2026,5:36:18 PM,23.5390625,23.15625,25.59,4.094,24.875,96.79,17.027
1774658178900,3/27/2026,5:36:18 PM,23.5390625,23.125,25.59,4.094,24.875,96.79,17.027
1774658179125,3/27/2026,5:36:19 PM,23.5390625,23.125,25.59,4.094,24.875,96.79,17.027
1774658179251,3/27/2026,5:36:19 PM,23.5390625,23.125,25.59,4.088,24.875,96.79,17.017
1774658179637,3/27/2026,5:36:19 PM,23.71875,23.1796875,25.59,4.088,24.875,96.79,17.017
1774658179817,3/27/2026,5:36:19 PM,23.71875,23.1796875,25.59,4.088,24.875,96.79,17.017
1774658179993,3/27/2026,5:36:19 PM,23.71875,23.1796875,25.59,1.393,24.905,96.789,16.992
1774658180191,3/27/2026,5:36:20 PM,23.7109375,23.1796875,25.59,1.393,24.905,96.789,16.992
1774658180399,3/27/2026,5:36:20 PM,23.7109375,23.1875,25.59,1.393,24.905,96.789,16.992
1774658180463,3/27/2026,5:36:20 PM,23.7109375,23.1875,25.59,1.393,24.905,96.789,16.992
1774658180899,3/27/2026,5:36:20 PM,23.7421875,23.1875,25.59,,24.885,96.789,16.997
1774658180921,3/27/2026,5:36:20 PM,23.7421875,23.1875,25.59,,24.885,96.789,16.997
1774658181138,3/27/2026,5:36:21 PM,23.7421875,23.15625,25.59,,24.885,96.789,16.997
1774658181236,3/27/2026,5:36:21 PM,23.7421875,23.15625,25.59,,24.885,96.789,16.997
1774658181639,3/27/2026,5:36:21 PM,23.7109375,23.15625,25.59,,24.99,96.789,16.988
1774658181992,3/27/2026,5:36:21 PM,23.7109375,23.2265625,25.59,,24.99,96.789,16.988
1774658182189,3/27/2026,5:36:22 PM,23.7109375,23.2265625,25.59,,24.96,96.789,16.983
1774658182403,3/27/2026,5:36:22 PM,23.46875,23.203125,25.59,,24.96,96.789,16.983
1774658182464,3/27/2026,5:36:22 PM,23.46875,23.203125,25.59,,24.96,96.789,16.983
1774658182882,3/27/2026,5:36:22 PM,23.46875,23.203125,25.6,,24.95,96.789,16.968
1774658182972,3/27/2026,5:36:22 PM,23.5390625,23.203125,25.6,,24.95,96.789,16.968
1774658183130,3/27/2026,5:36:23 PM,23.5390625,23.140625,25.6,,24.95,96.789,16.968
1774658183251,3/27/2026,5:36:23 PM,23.5390625,23.140625,25.6,,24.95,96.789,16.968
1774658183637,3/27/2026,5:36:23 PM,23.5390625,23.140625,25.6,,24.955,96.789,16.973
1774658183993,3/27/2026,5:36:23 PM,23.7421875,23.1796875,25.6,,24.955,96.789,16.973
1774658184045,3/27/2026,5:36:24 PM,23.7421875,23.1796875,25.6,,24.955,96.789,16.973
1774658184191,3/27/2026,5:36:24 PM,23.7421875,23.1796875,25.6,,24.955,96.789,16.973
1774658184401,3/27/2026,5:36:24 PM,23.6328125,23.1796875,25.6,,24.965,96.789,16.973
1774658184463,3/27/2026,5:36:24 PM,23.6328125,23.1796875,25.6,,24.965,96.789,16.973
1774658184867,3/27/2026,5:36:24 PM,23.6328125,23.1640625,25.6,,24.965,96.789,16.973
1774658185100,3/27/2026,5:36:25 PM,23.578125,23.1640625,25.6,,25.015,96.789,16.958
1774658185146,3/27/2026,5:36:25 PM,23.578125,23.1640625,25.6,,25.015,96.789,16.958
1774658185241,3/27/2026,5:36:25 PM,23.578125,23.1640625,25.6,,25.015,96.789,16.958
1774658185638,3/27/2026,5:36:25 PM,23.578125,23.203125,25.6,,24.9,96.79,16.958
1774658185991,3/27/2026,5:36:25 PM,23.7421875,23.1796875,25.6,,24.9,96.79,16.958
1774658186144,3/27/2026,5:36:26 PM,23.7421875,23.1796875,25.6,,24.9,96.79,16.958
1774658186200,3/27/2026,5:36:26 PM,23.7421875,23.1796875,25.6,,24.9,96.79,16.958
1774658186395,3/27/2026,5:36:26 PM,23.7421875,23.1796875,25.6,,24.955,96.791,16.953
1774658186471,3/27/2026,5:36:26 PM,23.7421875,23.1796875,25.6,,24.955,96.791,16.953
1774658186874,3/27/2026,5:36:26 PM,23.71875,23.2265625,25.6,,24.955,96.791,16.953
1774658187127,3/27/2026,5:36:27 PM,23.71875,23.2265625,25.6,,25.06,96.79,16.943
1774658187251,3/27/2026,5:36:27 PM,23.546875,23.2265625,25.6,,25.06,96.79,16.943
1774658187634,3/27/2026,5:36:27 PM,23.546875,23.203125,25.6,,25.06,96.79,16.943
1774658187998,3/27/2026,5:36:27 PM,23.65625,23.203125,25.6,,25.04,96.791,16.948
1774658188192,3/27/2026,5:36:28 PM,23.65625,23.15625,25.6,,25.04,96.791,16.948
1774658188401,3/27/2026,5:36:28 PM,23.65625,23.15625,25.6,,25.04,96.791,16.948
1774658188491,3/27/2026,5:36:28 PM,23.65625,23.15625,25.6,,25.04,96.791,16.948
1774658188870,3/27/2026,5:36:28 PM,23.6015625,23.1640625,25.6,,24.98,96.79,16.948
1774658189130,3/27/2026,5:36:29 PM,23.6015625,23.1640625,25.6,,24.98,96.79,16.948
1774658189257,3/27/2026,5:36:29 PM,23.6015625,23.1640625,25.6,,25.035,96.79,16.938
1774658189643,3/27/2026,5:36:29 PM,23.6484375,23.203125,25.6,,25.035,96.79,16.938
1774658190000,3/27/2026,5:36:30 PM,23.6484375,23.203125,25.6,,24.985,96.79,16.934
1774658190191,3/27/2026,5:36:30 PM,23.5625,23.203125,25.6,,24.985,96.79,16.934
1774658190413,3/27/2026,5:36:30 PM,23.5625,23.1640625,25.6,,24.985,96.79,16.934
1774658190473,3/27/2026,5:36:30 PM,23.5625,23.1640625,25.6,,24.985,96.79,16.934
1774658190872,3/27/2026,5:36:30 PM,23.4921875,23.1640625,25.6,,24.98,96.79,16.924
1774658191133,3/27/2026,5:36:31 PM,23.4921875,23.2265625,25.6,,24.98,96.79,16.924
1774658191254,3/27/2026,5:36:31 PM,23.4921875,23.2265625,25.6,,24.98,96.79,16.924
1774658191643,3/27/2026,5:36:31 PM,23.5390625,23.2265625,25.6,,25,96.789,16.923
1774658192001,3/27/2026,5:36:32 PM,23.5390625,23.25,25.6,,25,96.789,16.923
1774658192200,3/27/2026,5:36:32 PM,23.5390625,23.25,25.6,,25.02,96.789,16.918
1774658192402,3/27/2026,5:36:32 PM,23.578125,23.25,25.6,,25.02,96.789,16.918
1774658192513,3/27/2026,5:36:32 PM,23.578125,23.140625,25.6,,25.02,96.789,16.918
1774658192870,3/27/2026,5:36:32 PM,23.578125,23.140625,25.6,,25,96.788,16.913
1774658193125,3/27/2026,5:36:33 PM,23.625,23.140625,25.6,,25,96.788,16.913
1774658193242,3/27/2026,5:36:33 PM,23.625,23.1015625,25.6,,25,96.788,16.913
1774658193682,3/27/2026,5:36:33 PM,23.625,23.1015625,25.6,,25.07,96.788,16.903
1774658194034,3/27/2026,5:36:34 PM,23.546875,23.1171875,25.6,,25.07,96.788,16.903
1774658194195,3/27/2026,5:36:34 PM,23.546875,23.1171875,25.6,,25.07,96.788,16.903
1774658194403,3/27/2026,5:36:34 PM,23.546875,23.1171875,25.6,,25.035,96.788,16.898
1774658194465,3/27/2026,5:36:34 PM,23.5625,23.1171875,25.6,,25.035,96.788,16.898
1774658194880,3/27/2026,5:36:34 PM,23.5625,23.1171875,25.6,,25.035,96.788,16.898
1774658195140,3/27/2026,5:36:35 PM,23.5625,23.1171875,25.6,,24.98,96.788,16.889
1774658195233,3/27/2026,5:36:35 PM,23.40625,23.1171875,25.6,,24.98,96.788,16.889
1774658195672,3/27/2026,5:36:35 PM,23.40625,23.03125,25.6,,24.98,96.788,16.889
1774658195999,3/27/2026,5:36:35 PM,23.46875,23.03125,25.6,,25.01,96.789,16.879
1774658196217,3/27/2026,5:36:36 PM,23.46875,23.234375,25.6,,25.01,96.789,16.879
1774658196411,3/27/2026,5:36:36 PM,23.46875,23.234375,25.6,,25.01,96.789,16.879
1774658196468,3/27/2026,5:36:36 PM,23.46875,23.234375,25.6,,25.04,96.79,16.874
1774658196887,3/27/2026,5:36:36 PM,23.6484375,23.046875,25.6,,25.04,96.79,16.874
1774658197150,3/27/2026,5:36:37 PM,23.6484375,23.046875,25.6,,25.035,96.79,16.884
1774658197233,3/27/2026,5:36:37 PM,23.6484375,23.046875,25.6,,25.035,96.79,16.884
1774658197632,3/27/2026,5:36:37 PM,23.5,23.125,25.6,,25.035,96.79,16.884
1774658197989,3/27/2026,5:36:37 PM,23.5,23.125,25.6,,25.02,96.789,16.859
1774658198189,3/27/2026,5:36:38 PM,23.4921875,23.078125,25.6,,25.02,96.789,16.859
1774658198399,3/27/2026,5:36:38 PM,23.4921875,23.078125,25.6,,25.02,96.789,16.859
1774658198489,3/27/2026,5:36:38 PM,23.4921875,23.078125,25.6,,25.02,96.789,16.859
1774658198879,3/27/2026,5:36:38 PM,23.5234375,23.078125,25.6,,24.975,96.789,16.854
1774658199126,3/27/2026,5:36:39 PM,23.5234375,23.140625,25.6,,24.975,96.789,16.854
1774658199241,3/27/2026,5:36:39 PM,23.5234375,23.140625,25.6,,24.975,96.789,16.854
1774658199637,3/27/2026,5:36:39 PM,23.578125,23.09375,25.6,,25.035,96.79,16.864
1774658199996,3/27/2026,5:36:39 PM,23.578125,23.09375,25.6,,25.035,96.79,16.864
1774658200201,3/27/2026,5:36:40 PM,23.6328125,23.09375,25.6,,25,96.79,16.854
1774658200406,3/27/2026,5:36:40 PM,23.6328125,23.0546875,25.6,,25,96.79,16.854
1774658200470,3/27/2026,5:36:40 PM,23.6328125,23.0546875,25.6,,25,96.79,16.854
1774658200869,3/27/2026,5:36:40 PM,23.6328125,23.0546875,25.6,,25.025,96.79,16.849
1774658201134,3/27/2026,5:36:41 PM,23.46875,23.1015625,25.6,,25.025,96.79,16.849
1774658201250,3/27/2026,5:36:41 PM,23.46875,23.1015625,25.6,,25.025,96.79,16.849
1774658201638,3/27/2026,5:36:41 PM,23.5859375,23.1015625,25.6,,24.98,96.79,16.834
1774658202022,3/27/2026,5:36:42 PM,23.5859375,23.09375,25.6,,24.98,96.79,16.834
1774658202190,3/27/2026,5:36:42 PM,23.5859375,23.09375,25.6,,24.995,96.789,16.844
1774658202411,3/27/2026,5:36:42 PM,23.609375,23.09375,25.6,,24.995,96.789,16.844
1774658202468,3/27/2026,5:36:42 PM,23.609375,23.09375,25.6,,24.995,96.789,16.844
1774658202885,3/27/2026,5:36:42 PM,23.609375,23.09375,25.6,,24.995,96.789,16.844
1774658203126,3/27/2026,5:36:43 PM,23.6328125,23.09375,25.6,,25.04,96.789,16.839
1774658203243,3/27/2026,5:36:43 PM,23.6328125,23.09375,25.6,,25.04,96.789,16.839
1774658203635,3/27/2026,5:36:43 PM,23.6328125,23.09375,25.6,,25.015,96.789,16.829
1774658203997,3/27/2026,5:36:43 PM,23.4921875,23.0703125,25.6,,25.015,96.789,16.829
1774658204194,3/27/2026,5:36:44 PM,23.4921875,23.0703125,25.6,,25.015,96.789,16.829
1774658204397,3/27/2026,5:36:44 PM,23.4921875,23.0703125,25.6,,25.025,96.79,16.839
1774658204467,3/27/2026,5:36:44 PM,23.4921875,23.0703125,25.6,,25.025,96.79,16.839
1774658204872,3/27/2026,5:36:44 PM,23.3671875,23.1796875,25.6,,25.025,96.79,16.839
1774658205180,3/27/2026,5:36:45 PM,23.3671875,23.1796875,25.6,,24.98,96.79,16.819
1774658205235,3/27/2026,5:36:45 PM,23.5625,23.1796875,25.6,,24.98,96.79,16.819
1774658205639,3/27/2026,5:36:45 PM,23.5625,23.140625,25.6,,24.98,96.79,16.819
1774658205992,3/27/2026,5:36:45 PM,23.515625,23.140625,25.6,,24.935,96.789,16.819
1774658206227,3/27/2026,5:36:46 PM,23.515625,23.1875,25.6,,24.935,96.789,16.819
1774658206395,3/27/2026,5:36:46 PM,23.515625,23.1875,25.6,,24.935,96.789,16.819
1774658206463,3/27/2026,5:36:46 PM,23.515625,23.1875,25.6,,24.935,96.789,16.819
1774658206872,3/27/2026,5:36:46 PM,23.578125,23.2109375,25.6,,25.03,96.79,16.819
1774658207126,3/27/2026,5:36:47 PM,23.578125,23.2109375,25.6,,25.03,96.79,16.819
1774658207277,3/27/2026,5:36:47 PM,23.578125,23.2109375,25.6,,25.06,96.79,16.809
1774658207639,3/27/2026,5:36:47 PM,23.609375,23.15625,25.6,,25.06,96.79,16.809
1774658207999,3/27/2026,5:36:47 PM,23.609375,23.15625,25.6,,25,96.79,16.819
1774658208198,3/27/2026,5:36:48 PM,23.453125,23.15625,25.6,,25,96.79,16.819
1774658208401,3/27/2026,5:36:48 PM,23.453125,23.234375,25.6,,25,96.79,16.819
1774658208480,3/27/2026,5:36:48 PM,23.453125,23.234375,25.6,,25,96.79,16.819
1774658208867,3/27/2026,5:36:48 PM,23.5234375,23.234375,25.6,,25.06,96.79,16.809
1774658209125,3/27/2026,5:36:49 PM,23.5234375,23.15625,25.6,,25.06,96.79,16.809
1774658209241,3/27/2026,5:36:49 PM,23.5234375,23.15625,25.6,,25.06,96.79,16.809
1774658209639,3/27/2026,5:36:49 PM,23.5390625,23.15625,25.6,,25.04,96.79,16.789
1774658209994,3/27/2026,5:36:49 PM,23.5390625,23.2109375,25.6,,25.04,96.79,16.789
1774658210190,3/27/2026,5:36:50 PM,23.5390625,23.2109375,25.6,,25.08,96.789,16.799
1774658210432,3/27/2026,5:36:50 PM,23.5625,23.1875,25.6,,25.08,96.789,16.799
1774658210481,3/27/2026,5:36:50 PM,23.5625,23.1875,25.6,,25.08,96.789,16.799
1774658210877,3/27/2026,5:36:50 PM,23.5625,23.1875,25.6,,25.025,96.79,16.789
1774658211124,3/27/2026,5:36:51 PM,23.4296875,23.15625,25.6,,25.025,96.79,16.789
1774658211243,3/27/2026,5:36:51 PM,23.4296875,23.15625,25.6,,25.025,96.79,16.789
1774658211640,3/27/2026,5:36:51 PM,23.4296875,23.15625,25.59,,25.065,96.79,16.784
1774658211996,3/27/2026,5:36:51 PM,23.5625,23.203125,25.59,,25.065,96.79,16.784
1774658212192,3/27/2026,5:36:52 PM,23.5625,23.203125,25.59,,25.065,96.79,16.784
1774658212399,3/27/2026,5:36:52 PM,23.5625,23.203125,25.6,,25.09,96.789,16.784
1774658212467,3/27/2026,5:36:52 PM,23.5625,23.203125,25.6,,25.09,96.789,16.784
1774658212875,3/27/2026,5:36:52 PM,23.5625,23.1640625,25.6,,25.09,96.789,16.784
1774658213152,3/27/2026,5:36:53 PM,23.4296875,23.1640625,25.6,,25.08,96.789,16.779
1774658213235,3/27/2026,5:36:53 PM,23.4296875,23.1640625,25.6,,25.08,96.789,16.779
1774658213640,3/27/2026,5:36:53 PM,23.4296875,23.1875,25.6,,25.08,96.789,16.779
1774658213991,3/27/2026,5:36:53 PM,23.578125,23.1875,25.6,,24.995,96.79,16.779
1774658214193,3/27/2026,5:36:54 PM,23.578125,23.1171875,25.6,,24.995,96.79,16.779
1774658214393,3/27/2026,5:36:54 PM,23.578125,23.1171875,25.6,,24.995,96.79,16.779
1774658214469,3/27/2026,5:36:54 PM,23.578125,23.1171875,25.6,,25.025,96.79,16.779
1774658214874,3/27/2026,5:36:54 PM,23.4765625,23.125,25.6,,25.025,96.79,16.779
1774658215127,3/27/2026,5:36:55 PM,23.4765625,23.125,25.6,,25,96.79,16.764
1774658215248,3/27/2026,5:36:55 PM,23.4765625,23.125,25.6,,25,96.79,16.764
1774658215641,3/27/2026,5:36:55 PM,23.515625,23.046875,25.6,,25,96.79,16.764
1774658215997,3/27/2026,5:36:55 PM,23.4921875,23.046875,25.6,,25.04,96.789,16.779
1774658216189,3/27/2026,5:36:56 PM,23.4921875,23.0703125,25.6,,25.04,96.789,16.779
1774658216402,3/27/2026,5:36:56 PM,23.4921875,23.0703125,25.6,,25.04,96.789,16.779
1774658216470,3/27/2026,5:36:56 PM,23.4921875,23.0703125,25.6,,25.04,96.789,16.779
1774658216876,3/27/2026,5:36:56 PM,23.5390625,23.0703125,25.59,,25.1,96.789,16.769
1774658217129,3/27/2026,5:36:57 PM,23.5390625,23.0546875,25.59,,25.1,96.789,16.769
1774658217251,3/27/2026,5:36:57 PM,23.5390625,23.0546875,25.59,,25.1,96.789,16.769
1774658217652,3/27/2026,5:36:57 PM,23.625,23.140625,25.59,,25.09,96.788,16.75
1774658217997,3/27/2026,5:36:57 PM,23.625,23.140625,25.59,,25.03,96.788,16.759
1774658218194,3/27/2026,5:36:58 PM,23.5234375,23.140625,25.59,,25.03,96.788,16.759
1774658218399,3/27/2026,5:36:58 PM,23.5234375,23.0703125,25.59,,25.03,96.788,16.759
1774658218468,3/27/2026,5:36:58 PM,23.5234375,23.0703125,25.59,,25.03,96.788,16.759
1774658218899,3/27/2026,5:36:58 PM,23.46875,23.0703125,25.6,,25.07,96.789,16.755
1774658219132,3/27/2026,5:36:59 PM,23.46875,23.0703125,25.6,,25.07,96.789,16.755
1774658219249,3/27/2026,5:36:59 PM,23.46875,23.0703125,25.6,,25.07,96.789,16.755
1774658219638,3/27/2026,5:36:59 PM,23.578125,23.0703125,25.6,,24.995,96.789,16.76
1774658219993,3/27/2026,5:36:59 PM,23.578125,23.046875,25.6,,24.995,96.789,16.76
1774658220194,3/27/2026,5:37:00 PM,23.578125,23.046875,25.6,,25.01,96.789,16.735
1774658220419,3/27/2026,5:37:00 PM,23.546875,23.046875,25.6,,25.01,96.789,16.735
1774658220464,3/27/2026,5:37:00 PM,23.546875,23.046875,25.6,,25.01,96.789,16.735
1774658220878,3/27/2026,5:37:00 PM,23.546875,22.9609375,25.6,,25.04,96.79,16.745
1774658221126,3/27/2026,5:37:01 PM,23.5234375,22.9609375,25.6,,25.04,96.79,16.745
1774658221240,3/27/2026,5:37:01 PM,23.5234375,23.015625,25.6,,25.04,96.79,16.745
1774658221641,3/27/2026,5:37:01 PM,23.5234375,23.015625,25.6,,25.05,96.789,16.74
1774658222054,3/27/2026,5:37:02 PM,23.5625,23.0546875,25.6,,25.05,96.789,16.74
1774658222192,3/27/2026,5:37:02 PM,23.5625,23.0546875,25.6,,25.05,96.789,16.74
1774658222402,3/27/2026,5:37:02 PM,23.5625,23.0546875,25.6,,25.035,96.79,16.74
1774658222468,3/27/2026,5:37:02 PM,23.5625,23.0546875,25.6,,25.035,96.79,16.74
1774658222876,3/27/2026,5:37:02 PM,23.546875,23.015625,25.6,,25.035,96.79,16.74
1774658223125,3/27/2026,5:37:03 PM,23.546875,23.015625,25.6,,25.035,96.79,16.725
1774658223242,3/27/2026,5:37:03 PM,23.515625,23.015625,25.6,,25.035,96.79,16.725
1774658223641,3/27/2026,5:37:03 PM,23.515625,23.0703125,25.6,,25.035,96.79,16.725
1774658223995,3/27/2026,5:37:03 PM,23.5390625,23.0703125,25.6,,25.025,96.791,16.72
1774658224186,3/27/2026,5:37:04 PM,23.5390625,23.1015625,25.6,,25.025,96.791,16.72
1774658224396,3/27/2026,5:37:04 PM,23.5390625,23.1015625,25.6,,25.025,96.791,16.72
1774658224476,3/27/2026,5:37:04 PM,23.5390625,23.1015625,25.6,,25.055,96.791,16.73
1774658224902,3/27/2026,5:37:04 PM,23.5,23.0703125,25.6,,25.055,96.791,16.73
1774658225124,3/27/2026,5:37:05 PM,23.5,23.0703125,25.6,,25.055,96.791,16.73
1774658225240,3/27/2026,5:37:05 PM,23.5,23.0703125,25.6,,25.06,96.79,16.715
1774658225640,3/27/2026,5:37:05 PM,23.5234375,23.0546875,25.6,,25.06,96.79,16.715
1774658225993,3/27/2026,5:37:05 PM,23.5234375,23.0546875,25.6,,25.05,96.79,16.72
1774658226194,3/27/2026,5:37:06 PM,23.515625,23.0546875,25.6,,25.05,96.79,16.72
1774658226398,3/27/2026,5:37:06 PM,23.515625,23.1171875,25.6,,25.05,96.79,16.72
1774658226463,3/27/2026,5:37:06 PM,23.515625,23.1171875,25.6,,25.05,96.79,16.72
1774658226883,3/27/2026,5:37:06 PM,23.5,23.1171875,25.6,,25.02,96.79,16.7
1774658227133,3/27/2026,5:37:07 PM,23.5,23.1015625,25.6,,25.02,96.79,16.7
1774658227248,3/27/2026,5:37:07 PM,23.5,23.1015625,25.6,,25.02,96.79,16.7
1774658227643,3/27/2026,5:37:07 PM,23.546875,23.1015625,25.6,,25.04,96.79,16.695
1774658227991,3/27/2026,5:37:07 PM,23.546875,23.125,25.6,,25.04,96.79,16.695
1774658228203,3/27/2026,5:37:08 PM,23.546875,23.125,25.6,,25.045,96.79,16.69
1774658228400,3/27/2026,5:37:08 PM,23.546875,23.140625,25.6,,25.045,96.79,16.69
1774658228473,3/27/2026,5:37:08 PM,23.546875,23.140625,25.6,,25.045,96.79,16.69
1774658228875,3/27/2026,5:37:08 PM,23.546875,23.140625,25.6,,25.09,96.79,16.675
1774658229125,3/27/2026,5:37:09 PM,23.578125,23.0546875,25.6,,25.09,96.79,16.675
1774658229237,3/27/2026,5:37:09 PM,23.578125,23.0546875,25.6,,25.09,96.79,16.675
1774658229640,3/27/2026,5:37:09 PM,23.578125,23.0546875,25.6,,25.03,96.79,16.67
1774658230013,3/27/2026,5:37:10 PM,23.4921875,23.078125,25.6,,25.03,96.79,16.67
1774658230197,3/27/2026,5:37:10 PM,23.4921875,23.078125,25.6,,25.03,96.79,16.67
1774658230432,3/27/2026,5:37:10 PM,23.546875,23.078125,25.6,,25.01,96.791,16.665
1774658230526,3/27/2026,5:37:10 PM,23.546875,23.078125,25.6,,25.01,96.791,16.665
1774658230872,3/27/2026,5:37:10 PM,23.546875,23.1015625,25.6,,25.01,96.791,16.665
1774658231129,3/27/2026,5:37:11 PM,23.46875,23.1015625,25.6,,25.015,96.79,16.655
1774658231249,3/27/2026,5:37:11 PM,23.46875,23.1015625,25.6,,25.015,96.79,16.655
1774658231638,3/27/2026,5:37:11 PM,23.46875,23.1171875,25.6,,25.015,96.79,16.655
1774658231994,3/27/2026,5:37:11 PM,23.4921875,23.0703125,25.6,,25.085,96.789,16.655
1774658232191,3/27/2026,5:37:12 PM,23.4921875,23.0703125,25.6,,25.085,96.789,16.655
1774658232396,3/27/2026,5:37:12 PM,23.4921875,23.0703125,25.6,,25.115,96.79,16.646
1774658232476,3/27/2026,5:37:12 PM,23.4921875,23.0703125,25.6,,25.115,96.79,16.646
1774658232874,3/27/2026,5:37:12 PM,23.609375,23.140625,25.6,,25.115,96.79,16.646
1774658233124,3/27/2026,5:37:13 PM,23.609375,23.140625,25.6,,25.045,96.79,16.646
1774658233248,3/27/2026,5:37:13 PM,23.609375,23.140625,25.6,,25.045,96.79,16.646
1774658233683,3/27/2026,5:37:13 PM,23.5390625,23.1640625,25.6,,25.045,96.79,16.646
1774658233990,3/27/2026,5:37:13 PM,23.5234375,23.1640625,25.6,,25.07,96.79,16.641
1774658234191,3/27/2026,5:37:14 PM,23.5234375,23.1171875,25.6,,25.07,96.79,16.641
1774658234399,3/27/2026,5:37:14 PM,23.5234375,23.1171875,25.6,,25.07,96.79,16.641
1774658234464,3/27/2026,5:37:14 PM,23.5234375,23.1171875,25.6,,25.07,96.79,16.641
1774658234869,3/27/2026,5:37:14 PM,23.6015625,23.125,25.6,,25.05,96.79,16.641
1774658235126,3/27/2026,5:37:15 PM,23.6015625,23.125,25.6,,25.05,96.79,16.641
1774658235238,3/27/2026,5:37:15 PM,23.6015625,23.125,25.6,,25.05,96.79,16.641
1774658235637,3/27/2026,5:37:15 PM,23.453125,23.2109375,25.6,,25.06,96.791,16.636
1774658235988,3/27/2026,5:37:15 PM,23.453125,23.2109375,25.6,,25.1,96.791,16.631
1774658236106,3/27/2026,5:37:16 PM,23.453125,23.2109375,25.6,,25.1,96.791,16.631
1774658236200,3/27/2026,5:37:16 PM,23.5625,23.2109375,25.6,,25.1,96.791,16.631
1774658236401,3/27/2026,5:37:16 PM,23.5625,23.203125,25.6,,25.1,96.791,16.631
1774658236471,3/27/2026,5:37:16 PM,23.5625,23.203125,25.6,,25.1,96.791,16.631
1774658236784,3/27/2026,5:37:16 PM,23.5625,23.203125,25.6,,25.04,96.79,16.626
1774658236871,3/27/2026,5:37:16 PM,23.5859375,23.203125,25.6,,25.04,96.79,16.626
1774658237130,3/27/2026,5:37:17 PM,23.5859375,23.1640625,25.6,,25.04,96.79,16.626
1774658237248,3/27/2026,5:37:17 PM,23.5859375,23.1640625,25.6,,25.04,96.79,16.626
1774658237635,3/27/2026,5:37:17 PM,23.578125,23.1640625,25.6,,25.015,96.789,16.626
1774658237991,3/27/2026,5:37:17 PM,23.578125,23.125,25.6,,25.015,96.789,16.626
1774658238108,3/27/2026,5:37:18 PM,23.578125,23.125,25.6,,25.015,96.789,16.626
1774658238191,3/27/2026,5:37:18 PM,23.578125,23.125,25.6,,25.045,96.788,16.601
1774658238398,3/27/2026,5:37:18 PM,23.546875,23.125,25.6,,25.045,96.788,16.601
1774658238464,3/27/2026,5:37:18 PM,23.546875,23.125,25.6,,25.045,96.788,16.601
1774658238871,3/27/2026,5:37:18 PM,23.546875,23.125,25.6,,25.04,96.789,16.616
1774658238918,3/27/2026,5:37:18 PM,23.546875,23.125,25.6,,25.04,96.789,16.616
1774658239125,3/27/2026,5:37:19 PM,23.6015625,23.125,25.6,,25.04,96.789,16.616
1774658239241,3/27/2026,5:37:19 PM,23.6015625,23.15625,25.6,,25.04,96.789,16.616
1774658239645,3/27/2026,5:37:19 PM,23.6015625,23.15625,25.59,,25.03,96.788,16.616
1774658240025,3/27/2026,5:37:20 PM,23.515625,23.09375,25.59,,25.03,96.788,16.616
1774658240110,3/27/2026,5:37:20 PM,23.515625,23.09375,25.59,,25.03,96.788,16.616
1774658240191,3/27/2026,5:37:20 PM,23.515625,23.09375,25.59,,25.03,96.788,16.616
1774658240395,3/27/2026,5:37:20 PM,23.515625,23.09375,25.6,0.539,25.005,96.789,16.601
1774658240468,3/27/2026,5:37:20 PM,23.6015625,23.09375,25.6,0.539,25.005,96.789,16.601
1774658240870,3/27/2026,5:37:20 PM,23.6015625,23.0703125,25.6,0.539,25.005,96.789,16.601
1774658241025,3/27/2026,5:37:21 PM,23.6015625,23.0703125,25.6,0.72,24.98,96.789,16.581
1774658241147,3/27/2026,5:37:21 PM,23.6015625,23.0703125,25.6,0.72,24.98,96.789,16.581
1774658241239,3/27/2026,5:37:21 PM,23.46875,23.0703125,25.6,0.72,24.98,96.789,16.581
1774658241639,3/27/2026,5:37:21 PM,23.46875,23.140625,25.6,0.72,24.98,96.789,16.581
1774658241993,3/27/2026,5:37:21 PM,23.515625,23.140625,25.59,0.81,25.05,96.788,16.591
1774658242078,3/27/2026,5:37:22 PM,23.515625,23.0703125,25.59,0.81,25.05,96.788,16.591
1774658242125,3/27/2026,5:37:22 PM,23.515625,23.0703125,25.59,0.81,25.05,96.788,16.591
1774658242191,3/27/2026,5:37:22 PM,23.515625,23.0703125,25.59,0.81,25.05,96.788,16.591
1774658242398,3/27/2026,5:37:22 PM,23.515625,23.0703125,25.59,0.81,25.05,96.788,16.591
1774658242464,3/27/2026,5:37:22 PM,23.515625,23.0703125,25.59,0.811,25.065,96.788,16.601
1774658242870,3/27/2026,5:37:22 PM,23.4140625,23.0703125,25.59,0.811,25.065,96.788,16.601
1774658243124,3/27/2026,5:37:23 PM,23.4140625,23.0703125,25.59,0.811,25.065,96.788,16.601
1774658243177,3/27/2026,5:37:23 PM,23.4140625,23.0703125,25.59,0.814,25.05,96.788,16.601
1774658243240,3/27/2026,5:37:23 PM,23.4140625,23.0703125,25.59,0.814,25.05,96.788,16.601
1774658243636,3/27/2026,5:37:23 PM,23.40625,23.1015625,25.59,0.814,25.05,96.788,16.601
1774658243991,3/27/2026,5:37:23 PM,23.40625,23.1015625,25.59,0.814,25.08,96.788,16.586
1774658244124,3/27/2026,5:37:24 PM,23.3671875,23.1015625,25.59,0.814,25.08,96.788,16.586
1774658244182,3/27/2026,5:37:24 PM,23.3671875,23.1015625,25.59,0.814,25.08,96.788,16.586
1774658244229,3/27/2026,5:37:24 PM,23.3671875,23.1015625,25.59,0.814,25.08,96.788,16.586
1774658244395,3/27/2026,5:37:24 PM,23.3671875,23.1015625,25.59,0.814,25.08,96.788,16.586
1774658244464,3/27/2026,5:37:24 PM,23.3671875,23.1015625,25.59,0.814,25.08,96.788,16.586
1774658244871,3/27/2026,5:37:24 PM,23.359375,23.1015625,25.59,0.814,25.03,96.788,16.576
1774658245130,3/27/2026,5:37:25 PM,23.359375,23.1796875,25.59,0.814,25.03,96.788,16.576
1774658245280,3/27/2026,5:37:25 PM,23.359375,23.1796875,25.59,0.814,25.03,96.788,16.576
1774658245638,3/27/2026,5:37:25 PM,23.4296875,23.1796875,25.6,0.814,25.025,96.788,16.566
1774658246010,3/27/2026,5:37:26 PM,23.4296875,23.0703125,25.6,0.814,25.025,96.788,16.566
1774658246131,3/27/2026,5:37:26 PM,23.4296875,23.0703125,25.6,0.815,25.005,96.79,16.596
1774658246194,3/27/2026,5:37:26 PM,23.4296875,23.0703125,25.6,0.815,25.005,96.79,16.596
1774658246403,3/27/2026,5:37:26 PM,23.6328125,23.015625,25.6,0.815,25.005,96.79,16.596
1774658246471,3/27/2026,5:37:26 PM,23.6328125,23.015625,25.6,0.815,25.005,96.79,16.596
1774658246867,3/27/2026,5:37:26 PM,23.6328125,23.015625,25.6,0.814,24.995,96.789,16.581
1774658247126,3/27/2026,5:37:27 PM,23.4375,23.046875,25.6,0.814,24.995,96.789,16.581
1774658247244,3/27/2026,5:37:27 PM,23.4375,23.046875,25.6,0.814,24.995,96.789,16.581
1774658247334,3/27/2026,5:37:27 PM,23.4375,23.046875,25.6,0.814,24.995,96.789,16.581
1774658247638,3/27/2026,5:37:27 PM,23.4375,23.046875,25.6,0.815,25.02,96.789,16.581
1774658247991,3/27/2026,5:37:27 PM,23.4375,23.046875,25.6,0.815,25.02,96.789,16.581
1774658248141,3/27/2026,5:37:28 PM,23.4375,23.046875,25.6,0.815,25.02,96.789,16.581
1774658248191,3/27/2026,5:37:28 PM,23.4375,23.046875,25.6,0.815,25.02,96.788,16.576
1774658248382,3/27/2026,5:37:28 PM,23.515625,23.046875,25.6,0.815,24.965,96.788,16.576
1774658248438,3/27/2026,5:37:28 PM,23.515625,23.046875,25.6,0.815,24.965,96.788,16.576
1774658248490,3/27/2026,5:37:28 PM,23.515625,23.046875,25.6,0.815,24.965,96.788,16.576
1774658248868,3/27/2026,5:37:28 PM,23.515625,23.1796875,25.6,0.815,24.965,96.788,16.576
1774658249129,3/27/2026,5:37:29 PM,23.546875,23.1796875,25.6,0.815,25.015,96.789,16.567
1774658249247,3/27/2026,5:37:29 PM,23.546875,23.0546875,25.6,0.815,25.015,96.789,16.567
1774658249434,3/27/2026,5:37:29 PM,23.546875,23.0546875,25.6,0.815,25.015,96.789,16.567
1774658249644,3/27/2026,5:37:29 PM,23.546875,23.0546875,25.6,0.814,24.98,96.789,16.572
1774658249997,3/27/2026,5:37:29 PM,23.4296875,23.140625,25.6,0.814,24.98,96.789,16.572
1774658250123,3/27/2026,5:37:30 PM,23.4296875,23.140625,25.6,0.814,24.98,96.789,16.572
1774658250191,3/27/2026,5:37:30 PM,23.4296875,23.140625,25.6,0.814,24.98,96.789,16.572
1774658250402,3/27/2026,5:37:30 PM,23.4296875,23.140625,25.61,0.815,25.04,96.789,16.572
1774658250470,3/27/2026,5:37:30 PM,23.4296875,23.140625,25.61,0.815,25.04,96.789,16.572
1774658250521,3/27/2026,5:37:30 PM,23.5625,23.140625,25.61,0.815,25.04,96.789,16.572
1774658250876,3/27/2026,5:37:30 PM,23.5625,23.09375,25.61,0.815,25.04,96.789,16.572
1774658251127,3/27/2026,5:37:31 PM,23.5625,23.09375,25.61,0.814,24.96,96.79,16.557
1774658251246,3/27/2026,5:37:31 PM,23.5390625,23.09375,25.61,0.814,24.96,96.79,16.557
1774658251572,3/27/2026,5:37:31 PM,23.5390625,23.09375,25.61,0.814,24.96,96.79,16.557
1774658251645,3/27/2026,5:37:31 PM,23.5390625,23.09375,25.61,0.814,24.96,96.79,16.557
1774658252002,3/27/2026,5:37:32 PM,23.5234375,23.09375,25.61,0.816,25.01,96.789,16.592
1774658252124,3/27/2026,5:37:32 PM,23.5234375,23.0546875,25.61,0.816,25.01,96.789,16.592
1774658252189,3/27/2026,5:37:32 PM,23.5234375,23.0546875,25.61,0.816,25.01,96.789,16.592
1774658252401,3/27/2026,5:37:32 PM,23.5234375,23.0546875,25.61,0.816,25.01,96.789,16.592
1774658252468,3/27/2026,5:37:32 PM,23.5234375,23.0546875,25.61,0.816,25.01,96.789,16.592
1774658252624,3/27/2026,5:37:32 PM,23.5234375,23.0546875,25.61,0.816,25.01,96.789,16.557
1774658252871,3/27/2026,5:37:32 PM,23.5234375,23.046875,25.61,0.816,25.01,96.789,16.557
1774658253128,3/27/2026,5:37:33 PM,23.5234375,23.046875,25.61,0.816,25.01,96.789,16.557
1774658253246,3/27/2026,5:37:33 PM,23.5234375,23.046875,25.61,0.816,25.04,96.788,16.582
1774658253641,3/27/2026,5:37:33 PM,23.4140625,23.1796875,25.61,0.816,25.04,96.788,16.582
1774658253995,3/27/2026,5:37:33 PM,23.4140625,23.1796875,25.6,0.815,24.9,96.788,16.577
1774658254121,3/27/2026,5:37:34 PM,23.4921875,23.1796875,25.6,0.815,24.9,96.788,16.577
1774658254196,3/27/2026,5:37:34 PM,23.4921875,23.1796875,25.6,0.815,24.9,96.788,16.577
1774658254402,3/27/2026,5:37:34 PM,23.4921875,23.1015625,25.6,0.815,24.9,96.788,16.577
1774658254466,3/27/2026,5:37:34 PM,23.4921875,23.1015625,25.6,0.815,24.9,96.788,16.577
1774658254739,3/27/2026,5:37:34 PM,23.4921875,23.1015625,25.61,0.813,24.96,96.789,16.572
1774658254875,3/27/2026,5:37:34 PM,23.5390625,23.1015625,25.61,0.813,24.96,96.789,16.572
1774658255130,3/27/2026,5:37:35 PM,23.5390625,23.140625,25.61,0.813,24.96,96.789,16.572
1774658255247,3/27/2026,5:37:35 PM,23.5390625,23.140625,25.61,0.813,24.96,96.789,16.572
1774658255640,3/27/2026,5:37:35 PM,23.65625,23.140625,25.61,0.816,24.98,96.789,16.557
1774658256011,3/27/2026,5:37:36 PM,23.65625,23.015625,25.61,0.816,24.98,96.789,16.557
1774658256136,3/27/2026,5:37:36 PM,23.65625,23.015625,25.61,0.815,25.02,96.789,16.567
1774658256203,3/27/2026,5:37:36 PM,23.65625,23.015625,25.61,0.815,25.02,96.789,16.567
1774658256402,3/27/2026,5:37:36 PM,23.546875,23.015625,25.61,0.815,25.02,96.789,16.567
1774658256464,3/27/2026,5:37:36 PM,23.546875,23.1171875,25.61,0.815,25.02,96.789,16.567
1774658256843,3/27/2026,5:37:36 PM,23.546875,23.1171875,25.6,0.815,24.945,96.79,16.567
1774658256901,3/27/2026,5:37:36 PM,23.546875,23.1171875,25.6,0.815,24.945,96.79,16.567
1774658257127,3/27/2026,5:37:37 PM,23.4765625,23.1171875,25.6,0.815,24.945,96.79,16.567
1774658257247,3/27/2026,5:37:37 PM,23.4765625,23.1640625,25.6,0.815,24.945,96.79,16.567
1774658257643,3/27/2026,5:37:37 PM,23.4765625,23.1640625,25.6,0.814,24.975,96.789,16.552
1774658257897,3/27/2026,5:37:37 PM,23.6328125,23.1171875,25.6,0.814,24.975,96.789,16.552
1774658258016,3/27/2026,5:37:38 PM,23.6328125,23.1171875,25.6,0.814,24.975,96.789,16.552
1774658258108,3/27/2026,5:37:38 PM,23.6328125,23.1171875,25.6,0.814,24.975,96.789,16.552
1774658258193,3/27/2026,5:37:38 PM,23.6328125,23.1171875,25.6,0.814,24.975,96.789,16.552
1774658258405,3/27/2026,5:37:38 PM,23.6328125,23.1171875,25.61,0.816,25.025,96.79,16.542
1774658258470,3/27/2026,5:37:38 PM,23.4765625,23.1171875,25.61,0.816,25.025,96.79,16.542
1774658258873,3/27/2026,5:37:38 PM,23.4765625,23.1796875,25.61,0.816,25.025,96.79,16.542
1774658258953,3/27/2026,5:37:38 PM,23.4765625,23.1796875,25.61,0.816,25.025,96.79,16.542
1774658259127,3/27/2026,5:37:39 PM,23.4765625,23.1796875,25.61,0.814,24.965,96.791,16.542
1774658259241,3/27/2026,5:37:39 PM,23.5625,23.1796875,25.61,0.814,24.965,96.791,16.542
1774658259636,3/27/2026,5:37:39 PM,23.5625,23.09375,25.61,0.814,24.965,96.791,16.542
1774658259998,3/27/2026,5:37:39 PM,23.4921875,23.09375,25.61,0.815,25.02,96.791,16.527
1774658260046,3/27/2026,5:37:40 PM,23.4921875,23.203125,25.61,0.815,25.02,96.791,16.527
1774658260114,3/27/2026,5:37:40 PM,23.4921875,23.203125,25.61,0.815,25.02,96.791,16.527
1774658260188,3/27/2026,5:37:40 PM,23.4921875,23.203125,25.61,0.815,25.02,96.791,16.527
1774658260425,3/27/2026,5:37:40 PM,23.4921875,23.203125,25.61,0.815,25.02,96.791,16.527
1774658260465,3/27/2026,5:37:40 PM,23.4921875,23.203125,25.61,0.815,24.92,96.791,16.522
1774658260871,3/27/2026,5:37:40 PM,23.578125,23.15625,25.61,0.815,24.92,96.791,16.522
1774658261099,3/27/2026,5:37:41 PM,23.578125,23.15625,25.61,0.815,24.92,96.791,16.522
1774658261152,3/27/2026,5:37:41 PM,23.578125,23.15625,25.61,0.814,24.99,96.792,16.532
1774658261233,3/27/2026,5:37:41 PM,23.578125,23.15625,25.61,0.814,24.99,96.792,16.532
1774658261637,3/27/2026,5:37:41 PM,23.609375,23.203125,25.61,0.814,24.99,96.792,16.532
1774658261997,3/27/2026,5:37:41 PM,23.609375,23.203125,25.61,0.815,24.985,96.791,16.522
1774658262120,3/27/2026,5:37:42 PM,23.6015625,23.203125,25.61,0.815,24.985,96.791,16.522
1774658262166,3/27/2026,5:37:42 PM,23.6015625,23.203125,25.61,0.815,24.985,96.791,16.522
1774658262219,3/27/2026,5:37:42 PM,23.6015625,23.1875,25.61,0.815,24.985,96.791,16.522
1774658262402,3/27/2026,5:37:42 PM,23.6015625,23.1875,25.61,0.815,24.985,96.791,16.522
1774658262464,3/27/2026,5:37:42 PM,23.6015625,23.1875,25.61,0.815,24.985,96.791,16.522
1774658262891,3/27/2026,5:37:42 PM,23.4296875,23.1875,25.61,0.814,25.01,96.791,16.528
1774658263129,3/27/2026,5:37:43 PM,23.4296875,23.09375,25.61,0.814,25.01,96.791,16.528
1774658263271,3/27/2026,5:37:43 PM,23.4296875,23.09375,25.61,0.814,25.01,96.791,16.528
1774658263638,3/27/2026,5:37:43 PM,23.5234375,23.203125,25.61,0.814,25,96.79,16.518
1774658263998,3/27/2026,5:37:43 PM,23.5234375,23.203125,25.61,0.814,25,96.79,16.518
1774658264115,3/27/2026,5:37:44 PM,23.5234375,23.203125,25.61,0.814,24.985,96.79,16.518
1774658264202,3/27/2026,5:37:44 PM,23.5,23.203125,25.61,0.814,24.985,96.79,16.518
1774658264270,3/27/2026,5:37:44 PM,23.5,23.203125,25.61,0.814,24.985,96.79,16.518
1774658264399,3/27/2026,5:37:44 PM,23.5,23.078125,25.61,0.814,24.985,96.79,16.518
1774658264476,3/27/2026,5:37:44 PM,23.5,23.078125,25.61,0.814,24.985,96.79,16.518
1774658264875,3/27/2026,5:37:44 PM,23.5,23.078125,25.61,0.814,24.995,96.79,16.488
1774658265145,3/27/2026,5:37:45 PM,23.5625,23.125,25.61,0.814,24.995,96.79,16.488
1774658265244,3/27/2026,5:37:45 PM,23.5625,23.125,25.61,0.814,24.995,96.79,16.488
1774658265319,3/27/2026,5:37:45 PM,23.5625,23.125,25.61,0.814,24.995,96.79,16.488
1774658265638,3/27/2026,5:37:45 PM,23.609375,23.125,25.61,0.814,24.98,96.791,16.507
1774658266002,3/27/2026,5:37:46 PM,23.609375,23.09375,25.61,0.814,24.98,96.791,16.507
1774658266116,3/27/2026,5:37:46 PM,23.609375,23.09375,25.61,0.814,24.98,96.791,16.507
1774658266200,3/27/2026,5:37:46 PM,23.609375,23.09375,25.6,0.814,25.02,96.79,16.493
1774658266370,3/27/2026,5:37:46 PM,23.5,23.09375,25.6,0.814,25.02,96.79,16.493
1774658266423,3/27/2026,5:37:46 PM,23.5,23.09375,25.6,0.814,25.02,96.79,16.493
1774658266481,3/27/2026,5:37:46 PM,23.5,23.09375,25.6,0.814,25.02,96.79,16.493
1774658266871,3/27/2026,5:37:46 PM,23.5,23.1171875,25.6,0.814,25.02,96.79,16.493
1774658267125,3/27/2026,5:37:47 PM,23.5,23.1171875,25.6,0.814,24.96,96.79,16.512
1774658267240,3/27/2026,5:37:47 PM,23.5,23.1640625,25.6,0.814,24.96,96.79,16.512
1774658267639,3/27/2026,5:37:47 PM,23.5,23.1640625,25.6,0.813,24.975,96.789,16.512
1774658267993,3/27/2026,5:37:47 PM,23.5390625,23.1640625,25.6,0.813,24.975,96.789,16.512
1774658268114,3/27/2026,5:37:48 PM,23.5390625,23.1640625,25.6,0.813,24.975,96.789,16.512
1774658268191,3/27/2026,5:37:48 PM,23.5390625,23.1640625,25.6,0.813,24.975,96.789,16.512
1774658268403,3/27/2026,5:37:48 PM,23.5390625,23.1640625,25.6,0.812,24.975,96.79,16.502
1774658268472,3/27/2026,5:37:48 PM,23.5390625,23.1640625,25.6,0.812,24.975,96.79,16.502
1774658268870,3/27/2026,5:37:48 PM,23.46875,23.15625,25.6,0.812,24.975,96.79,16.502
1774658269139,3/27/2026,5:37:49 PM,23.46875,23.15625,25.61,0.812,24.985,96.79,16.507
1774658269235,3/27/2026,5:37:49 PM,23.7421875,23.15625,25.61,0.812,24.985,96.79,16.507
1774658269638,3/27/2026,5:37:49 PM,23.7421875,23.09375,25.61,0.812,24.985,96.79,16.507
1774658270008,3/27/2026,5:37:50 PM,23.546875,23.09375,25.61,0.813,24.98,96.789,16.488
1774658270126,3/27/2026,5:37:50 PM,23.546875,22.9921875,25.61,0.813,24.98,96.789,16.488
1774658270191,3/27/2026,5:37:50 PM,23.546875,22.9921875,25.61,0.813,24.98,96.789,16.488
1774658270399,3/27/2026,5:37:50 PM,23.546875,22.9921875,25.61,0.813,24.98,96.789,16.488
1774658270470,3/27/2026,5:37:50 PM,23.546875,22.9921875,25.61,0.813,24.98,96.789,16.488
1774658270624,3/27/2026,5:37:50 PM,23.546875,22.9921875,25.61,,25.065,96.79,16.488
1774658270877,3/27/2026,5:37:50 PM,23.515625,23.03125,25.61,-0.001,25.065,96.79,16.488
1774658271127,3/27/2026,5:37:51 PM,23.515625,23.03125,25.61,-0.001,25.065,96.79,16.488
1774658271251,3/27/2026,5:37:51 PM,23.515625,23.03125,25.61,-0.001,25.03,96.79,16.478
1774658271644,3/27/2026,5:37:51 PM,23.4921875,23.09375,25.61,-0.001,25.03,96.79,16.478
1774658271694,3/27/2026,5:37:51 PM,23.4921875,23.09375,25.61,,25.03,96.79,16.478
1774658271994,3/27/2026,5:37:51 PM,23.4921875,23.09375,25.61,-0.001,24.965,96.79,16.478
1774658272116,3/27/2026,5:37:52 PM,23.40625,23.09375,25.61,-0.001,24.965,96.79,16.478
1774658272198,3/27/2026,5:37:52 PM,23.40625,23.09375,25.61,-0.001,24.965,96.79,16.478
1774658272407,3/27/2026,5:37:52 PM,23.40625,23.09375,25.61,-0.001,24.965,96.79,16.478
1774658272464,3/27/2026,5:37:52 PM,23.40625,23.09375,25.61,-0.001,24.965,96.79,16.478
1774658272755,3/27/2026,5:37:52 PM,23.40625,23.09375,25.61,,24.99,96.789,16.473
1774658272872,3/27/2026,5:37:52 PM,23.46875,23.09375,25.61,-0.001,24.99,96.789,16.473
1774658273141,3/27/2026,5:37:53 PM,23.46875,23.015625,25.61,-0.001,24.99,96.789,16.473
1774658273277,3/27/2026,5:37:53 PM,23.46875,23.015625,25.61,-0.001,24.99,96.789,16.473
1774658273661,3/27/2026,5:37:53 PM,23.625,23.015625,25.6,-0.001,25.04,96.789,16.463
1774658273995,3/27/2026,5:37:53 PM,23.625,23.078125,25.6,-0.001,25.04,96.789,16.463
1774658274121,3/27/2026,5:37:54 PM,23.625,23.078125,25.61,-0.001,25.005,96.789,16.463
1774658274195,3/27/2026,5:37:54 PM,23.625,23.078125,25.61,-0.001,25.005,96.789,16.463
1774658274429,3/27/2026,5:37:54 PM,23.40625,23.0703125,25.61,-0.001,25.005,96.789,16.463
1774658274480,3/27/2026,5:37:54 PM,23.40625,23.0703125,25.61,-0.001,25.005,96.789,16.463
1774658274848,3/27/2026,5:37:54 PM,23.40625,23.0703125,25.6,,25.02,96.79,16.463
1774658274903,3/27/2026,5:37:54 PM,23.40625,23.0703125,25.6,-0.001,25.02,96.79,16.463
1774658275124,3/27/2026,5:37:55 PM,23.609375,23.0703125,25.6,-0.001,25.02,96.79,16.463
1774658275239,3/27/2026,5:37:55 PM,23.609375,23.0703125,25.6,-0.001,25.02,96.79,16.463
1774658275662,3/27/2026,5:37:55 PM,23.609375,23.0703125,25.6,-0.001,24.98,96.789,16.468
1774658275996,3/27/2026,5:37:55 PM,23.4140625,23.0546875,25.6,-0.001,24.98,96.789,16.468
1774658276118,3/27/2026,5:37:56 PM,23.4140625,23.0546875,25.6,-0.001,24.98,96.789,16.468
1774658276212,3/27/2026,5:37:56 PM,23.4140625,23.0546875,25.6,-0.001,24.98,96.789,16.468
1774658276392,3/27/2026,5:37:56 PM,23.4140625,23.0546875,25.6,-0.001,25.025,96.789,16.463
1774658276465,3/27/2026,5:37:56 PM,23.4375,23.0546875,25.6,-0.001,25.025,96.789,16.463
1774658276874,3/27/2026,5:37:56 PM,23.4375,23.0703125,25.6,-0.001,25.025,96.789,16.463
1774658277125,3/27/2026,5:37:57 PM,23.5625,23.0703125,25.61,-0.001,25.085,96.79,16.433
1774658277241,3/27/2026,5:37:57 PM,23.5625,23.0703125,25.61,-0.001,25.085,96.79,16.433
1774658277639,3/27/2026,5:37:57 PM,23.5625,23.125,25.61,-0.001,25.085,96.79,16.433
1774658277994,3/27/2026,5:37:57 PM,23.46875,23.125,25.61,-0.001,25,96.789,16.438
1774658278112,3/27/2026,5:37:58 PM,23.46875,23.1171875,25.61,-0.001,25,96.789,16.438
1774658278189,3/27/2026,5:37:58 PM,23.46875,23.1171875,25.61,-0.001,25,96.789,16.438
1774658278401,3/27/2026,5:37:58 PM,23.46875,23.1171875,25.61,-0.001,25.045,96.79,16.443
1774658278464,3/27/2026,5:37:58 PM,23.46875,23.1171875,25.61,-0.001,25.045,96.79,16.443
1774658278869,3/27/2026,5:37:58 PM,23.5390625,23.0703125,25.61,-0.001,25.045,96.79,16.443
1774658279146,3/27/2026,5:37:59 PM,23.5390625,23.0703125,25.61,-0.001,24.96,96.79,16.443
1774658279233,3/27/2026,5:37:59 PM,23.5390625,23.0703125,25.61,-0.001,24.96,96.79,16.443
1774658279640,3/27/2026,5:37:59 PM,23.5390625,23.125,25.61,-0.001,24.96,96.79,16.443
1774658279997,3/27/2026,5:37:59 PM,23.578125,23.125,25.61,-0.001,25.01,96.79,16.443
1774658280117,3/27/2026,5:38:00 PM,23.578125,23.125,25.61,-0.001,25.01,96.79,16.443
1774658280216,3/27/2026,5:38:00 PM,23.578125,23.203125,25.61,-0.001,25.01,96.79,16.443
1774658280411,3/27/2026,5:38:00 PM,23.578125,23.203125,25.61,-0.001,25.01,96.79,16.443
1774658280467,3/27/2026,5:38:00 PM,23.578125,23.203125,25.61,-0.001,25.01,96.79,16.443
1774658280871,3/27/2026,5:38:00 PM,23.65625,23.203125,25.61,-0.001,25.05,96.79,16.438
1774658281130,3/27/2026,5:38:01 PM,23.65625,23.125,25.61,-0.001,25.05,96.79,16.438
1774658281264,3/27/2026,5:38:01 PM,23.65625,23.125,25.61,-0.001,25.015,96.789,16.428
1774658281704,3/27/2026,5:38:01 PM,23.578125,23.15625,25.61,-0.001,25.015,96.789,16.428
1774658281998,3/27/2026,5:38:01 PM,23.578125,23.15625,25.61,-0.001,25.06,96.789,16.433
1774658282116,3/27/2026,5:38:02 PM,23.578125,23.15625,25.61,-0.001,25.06,96.789,16.433
1774658282190,3/27/2026,5:38:02 PM,23.5234375,23.15625,25.61,-0.001,25.06,96.789,16.433
1774658282400,3/27/2026,5:38:02 PM,23.5234375,23.140625,25.61,-0.001,25.06,96.789,16.433
1774658282469,3/27/2026,5:38:02 PM,23.5234375,23.140625,25.61,-0.001,25.06,96.789,16.433
1774658282871,3/27/2026,5:38:02 PM,23.546875,23.140625,25.61,-0.001,25.115,96.789,16.419
1774658283129,3/27/2026,5:38:03 PM,23.546875,23.25,25.61,-0.001,25.115,96.789,16.419
1774658283255,3/27/2026,5:38:03 PM,23.546875,23.25,25.61,-0.001,25.115,96.789,16.419
1774658283660,3/27/2026,5:38:03 PM,23.4921875,23.25,25.61,-0.001,25.1,96.789,16.453
1774658283998,3/27/2026,5:38:03 PM,23.4921875,23.203125,25.61,-0.001,25.1,96.789,16.453
1774658284113,3/27/2026,5:38:04 PM,23.4921875,23.203125,25.61,-0.001,25.1,96.789,16.453
1774658284188,3/27/2026,5:38:04 PM,23.4921875,23.203125,25.61,-0.001,25.02,96.789,16.424
1774658284420,3/27/2026,5:38:04 PM,23.4921875,23.203125,25.61,-0.001,25.02,96.789,16.424
1774658284471,3/27/2026,5:38:04 PM,23.4921875,23.1796875,25.61,-0.001,25.02,96.789,16.424
1774658284872,3/27/2026,5:38:04 PM,23.4921875,23.1796875,25.61,-0.001,24.975,96.789,16.429
1774658285134,3/27/2026,5:38:05 PM,23.546875,23.1796875,25.61,-0.001,24.975,96.789,16.429
1774658285257,3/27/2026,5:38:05 PM,23.546875,23.2109375,25.61,-0.001,24.975,96.789,16.429
1774658285667,3/27/2026,5:38:05 PM,23.546875,23.2109375,25.61,-0.001,25.04,96.789,16.419
1774658285996,3/27/2026,5:38:05 PM,23.578125,23.15625,25.61,-0.001,25.04,96.789,16.419
1774658286111,3/27/2026,5:38:06 PM,23.578125,23.15625,25.61,-0.001,25.04,96.789,16.419
1774658286190,3/27/2026,5:38:06 PM,23.578125,23.15625,25.61,-0.001,25.04,96.789,16.419
1774658286401,3/27/2026,5:38:06 PM,23.578125,23.15625,25.61,-0.001,25.125,96.79,16.414
1774658286463,3/27/2026,5:38:06 PM,23.4765625,23.15625,25.61,-0.001,25.125,96.79,16.414
1774658286868,3/27/2026,5:38:06 PM,23.4765625,23.2109375,25.61,-0.001,25.125,96.79,16.414
1774658287125,3/27/2026,5:38:07 PM,23.4765625,23.2109375,25.61,-0.001,25.04,96.79,16.414
1774658287246,3/27/2026,5:38:07 PM,23.4140625,23.2109375,25.61,-0.001,25.04,96.79,16.414
1774658287648,3/27/2026,5:38:07 PM,23.4140625,23.25,25.61,-0.001,25.04,96.79,16.414
1774658287999,3/27/2026,5:38:07 PM,23.5390625,23.25,25.61,-0.001,25.005,96.79,16.404
1774658288122,3/27/2026,5:38:08 PM,23.5390625,23.25,25.61,-0.001,25.005,96.79,16.404
1774658288188,3/27/2026,5:38:08 PM,23.5390625,23.25,25.61,-0.001,25.005,96.79,16.404
1774658288398,3/27/2026,5:38:08 PM,23.5390625,23.25,25.61,-0.001,25.005,96.79,16.404
1774658288471,3/27/2026,5:38:08 PM,23.5390625,23.25,25.61,-0.001,25.07,96.789,16.399
1774658288872,3/27/2026,5:38:08 PM,23.5,23.1796875,25.61,-0.001,25.07,96.789,16.399
1774658289133,3/27/2026,5:38:09 PM,23.5,23.1796875,25.61,-0.001,25.07,96.789,16.399
1774658289257,3/27/2026,5:38:09 PM,23.5,23.1796875,25.61,-0.001,24.975,96.79,16.379
1774658289658,3/27/2026,5:38:09 PM,23.546875,23.2265625,25.61,-0.001,24.975,96.79,16.379
1774658290003,3/27/2026,5:38:10 PM,23.546875,23.2265625,25.61,-0.001,25.1,96.789,16.404
1774658290118,3/27/2026,5:38:10 PM,23.5625,23.2265625,25.61,-0.001,25.1,96.789,16.404
1774658290193,3/27/2026,5:38:10 PM,23.5625,23.2265625,25.61,-0.001,25.1,96.789,16.404
1774658290409,3/27/2026,5:38:10 PM,23.5625,23.2734375,25.61,-0.001,25.1,96.789,16.404
1774658290470,3/27/2026,5:38:10 PM,23.5625,23.2734375,25.61,-0.001,25.1,96.789,16.404
1774658290879,3/27/2026,5:38:10 PM,23.5390625,23.2734375,25.61,-0.001,25.08,96.788,16.379
1774658291130,3/27/2026,5:38:11 PM,23.5390625,23.203125,25.61,-0.001,25.08,96.788,16.379
1774658291244,3/27/2026,5:38:11 PM,23.5390625,23.203125,25.61,-0.001,25.08,96.788,16.379
1774658291636,3/27/2026,5:38:11 PM,23.5390625,23.203125,25.61,-0.001,25.03,96.788,16.389
1774658291997,3/27/2026,5:38:11 PM,23.5390625,23.25,25.61,-0.001,25.03,96.788,16.389
1774658292114,3/27/2026,5:38:12 PM,23.5390625,23.25,25.61,-0.001,25.055,96.79,16.384
1774658292197,3/27/2026,5:38:12 PM,23.5390625,23.25,25.61,-0.001,25.055,96.79,16.384
1774658292396,3/27/2026,5:38:12 PM,23.578125,23.1640625,25.61,-0.001,25.055,96.79,16.384
1774658292466,3/27/2026,5:38:12 PM,23.578125,23.1640625,25.61,-0.001,25.055,96.79,16.384
1774658292900,3/27/2026,5:38:12 PM,23.578125,23.1640625,25.61,-0.001,25.035,96.79,16.389
1774658293128,3/27/2026,5:38:13 PM,23.3828125,23.2265625,25.61,-0.001,25.035,96.79,16.389
1774658293243,3/27/2026,5:38:13 PM,23.3828125,23.2265625,25.61,-0.001,25.035,96.79,16.389
1774658293638,3/27/2026,5:38:13 PM,23.3828125,23.2265625,25.61,-0.001,24.96,96.79,16.369
1774658294016,3/27/2026,5:38:14 PM,23.5859375,23.2578125,25.61,-0.001,24.96,96.79,16.369
1774658294116,3/27/2026,5:38:14 PM,23.5859375,23.2578125,25.61,-0.001,24.96,96.79,16.369
1774658294193,3/27/2026,5:38:14 PM,23.5859375,23.2578125,25.61,-0.001,24.96,96.79,16.369
1774658294435,3/27/2026,5:38:14 PM,23.5859375,23.2578125,25.61,-0.001,25.05,96.79,16.374
1774658294486,3/27/2026,5:38:14 PM,23.5859375,23.2578125,25.61,-0.001,25.05,96.79,16.374
1774658294872,3/27/2026,5:38:14 PM,23.5859375,23.2265625,25.61,-0.001,25.05,96.79,16.374
1774658295129,3/27/2026,5:38:15 PM,23.546875,23.2265625,25.62,-0.001,25.06,96.791,16.365
1774658295252,3/27/2026,5:38:15 PM,23.546875,23.2265625,25.62,-0.001,25.06,96.791,16.365
1774658295639,3/27/2026,5:38:15 PM,23.546875,23.125,25.61,-0.001,25.06,96.791,16.365
1774658295997,3/27/2026,5:38:15 PM,23.5234375,23.1171875,25.61,-0.001,25.045,96.791,16.365
1774658296122,3/27/2026,5:38:16 PM,23.5234375,23.1171875,25.61,-0.001,25.045,96.791,16.365
1774658296198,3/27/2026,5:38:16 PM,23.5234375,23.1171875,25.61,-0.001,25.045,96.791,16.365
1774658296404,3/27/2026,5:38:16 PM,23.5234375,23.1171875,25.61,-0.001,25.08,96.791,16.369
1774658296465,3/27/2026,5:38:16 PM,23.5234375,23.1171875,25.61,-0.001,25.08,96.791,16.369
1774658296877,3/27/2026,5:38:16 PM,23.5,23.1015625,25.61,-0.001,25.08,96.791,16.369
1774658297155,3/27/2026,5:38:17 PM,23.5,23.1015625,25.61,-0.001,25.02,96.789,16.355
1774658297248,3/27/2026,5:38:17 PM,23.515625,23.1015625,25.61,-0.001,25.02,96.789,16.355
1774658297647,3/27/2026,5:38:17 PM,23.515625,23.1875,25.61,-0.001,25.02,96.789,16.355
1774658297995,3/27/2026,5:38:17 PM,23.515625,23.1875,25.62,-0.001,25.055,96.789,16.355
1774658298112,3/27/2026,5:38:18 PM,23.515625,23.1875,25.62,-0.001,25.055,96.789,16.355
1774658298214,3/27/2026,5:38:18 PM,23.515625,23.125,25.62,-0.001,25.055,96.789,16.355
1774658298402,3/27/2026,5:38:18 PM,23.515625,23.125,25.62,-0.001,25.055,96.789,16.355
1774658298470,3/27/2026,5:38:18 PM,23.515625,23.125,25.62,-0.001,25.055,96.789,16.355
1774658298876,3/27/2026,5:38:18 PM,23.4375,23.1875,25.62,-0.001,25.025,96.789,16.35
1774658299129,3/27/2026,5:38:19 PM,23.4375,23.1875,25.62,-0.001,25.025,96.789,16.35
1774658299267,3/27/2026,5:38:19 PM,23.4375,23.1875,25.62,-0.001,25.105,96.79,16.34
1774658299643,3/27/2026,5:38:19 PM,23.46875,23.15625,25.62,-0.001,25.105,96.79,16.34
1774658299995,3/27/2026,5:38:19 PM,23.46875,23.15625,25.62,-0.001,25.065,96.789,16.34
1774658300143,3/27/2026,5:38:20 PM,23.515625,23.15625,25.62,-0.001,25.065,96.789,16.34
1774658300259,3/27/2026,5:38:20 PM,23.515625,23.15625,25.62,-0.001,25.065,96.789,16.34
1774658300402,3/27/2026,5:38:20 PM,23.515625,23.1640625,25.62,-0.001,25.065,96.789,16.34
1774658300498,3/27/2026,5:38:20 PM,23.515625,23.1640625,25.62,-0.001,25.065,96.789,16.34
1774658300872,3/27/2026,5:38:20 PM,23.5859375,23.1640625,25.62,-0.001,25.1,96.789,16.325
1774658301130,3/27/2026,5:38:21 PM,23.5859375,23.140625,25.62,-0.001,25.1,96.789,16.325
1774658301248,3/27/2026,5:38:21 PM,23.5859375,23.140625,25.62,-0.001,25.1,96.789,16.325
1774658301636,3/27/2026,5:38:21 PM,23.5625,23.140625,25.62,-0.001,25.08,96.789,16.32
1774658301994,3/27/2026,5:38:21 PM,23.5625,23.1640625,25.62,-0.001,25.08,96.789,16.32
1774658302111,3/27/2026,5:38:22 PM,23.5625,23.1640625,25.62,-0.001,25.125,96.789,16.315
1774658302193,3/27/2026,5:38:22 PM,23.5625,23.1640625,25.62,-0.001,25.125,96.789,16.315
1774658302403,3/27/2026,5:38:22 PM,23.4765625,23.1640625,25.62,-0.001,25.125,96.789,16.315
1774658302503,3/27/2026,5:38:22 PM,23.4765625,23.078125,25.62,-0.001,25.125,96.789,16.315
1774658302870,3/27/2026,5:38:22 PM,23.4765625,23.078125,25.62,-0.001,25.025,96.79,16.315
1774658303131,3/27/2026,5:38:23 PM,23.5625,23.078125,25.62,-0.001,25.025,96.79,16.315
1774658303240,3/27/2026,5:38:23 PM,23.5625,23.1875,25.62,-0.001,25.025,96.79,16.315
1774658303643,3/27/2026,5:38:23 PM,23.5625,23.1875,25.62,-0.001,25.065,96.789,16.335
1774658303991,3/27/2026,5:38:23 PM,23.546875,23.2109375,25.62,-0.001,25.065,96.789,16.335
1774658304110,3/27/2026,5:38:24 PM,23.546875,23.2109375,25.62,-0.001,25.065,96.789,16.335
1774658304190,3/27/2026,5:38:24 PM,23.546875,23.2109375,25.62,-0.001,25.065,96.789,16.335
1774658304403,3/27/2026,5:38:24 PM,23.546875,23.2109375,25.62,-0.001,25.045,96.789,16.325
1774658304465,3/27/2026,5:38:24 PM,23.6328125,23.2109375,25.62,-0.001,25.045,96.789,16.325
1774658304872,3/27/2026,5:38:24 PM,23.6328125,23.0546875,25.62,-0.001,25.045,96.789,16.325
1774658305129,3/27/2026,5:38:25 PM,23.6328125,23.0546875,25.62,-0.001,25.12,96.789,16.296
1774658305243,3/27/2026,5:38:25 PM,23.6015625,23.0546875,25.62,-0.001,25.12,96.789,16.296
1774658305657,3/27/2026,5:38:25 PM,23.6015625,23.1875,25.62,-0.001,25.12,96.789,16.296
1774658305996,3/27/2026,5:38:25 PM,23.546875,23.1875,25.62,-0.001,25.13,96.79,16.31
1774658306114,3/27/2026,5:38:26 PM,23.546875,23.0703125,25.62,-0.001,25.13,96.79,16.31
1774658306190,3/27/2026,5:38:26 PM,23.546875,23.0703125,25.62,-0.001,25.13,96.79,16.31
1774658306404,3/27/2026,5:38:26 PM,23.546875,23.0703125,25.62,-0.001,25.13,96.79,16.31
1774658306463,3/27/2026,5:38:26 PM,23.546875,23.0703125,25.62,-0.001,25.09,96.791,16.311
1774658306869,3/27/2026,5:38:26 PM,23.546875,23.078125,25.62,-0.001,25.09,96.791,16.311
1774658307128,3/27/2026,5:38:27 PM,23.546875,23.078125,25.62,-0.001,25.09,96.791,16.311
1774658307242,3/27/2026,5:38:27 PM,23.546875,23.078125,25.62,-0.001,25.045,96.791,16.31
1774658307640,3/27/2026,5:38:27 PM,23.546875,23.03125,25.62,-0.001,25.045,96.791,16.31
1774658307990,3/27/2026,5:38:27 PM,23.546875,23.03125,25.62,-0.001,25.175,96.79,16.301
1774658308110,3/27/2026,5:38:28 PM,23.546875,23.03125,25.62,-0.001,25.175,96.79,16.301
1774658308190,3/27/2026,5:38:28 PM,23.546875,23.03125,25.62,-0.001,25.175,96.79,16.301
1774658308395,3/27/2026,5:38:28 PM,23.546875,23.1015625,25.62,-0.001,25.175,96.79,16.301
1774658308465,3/27/2026,5:38:28 PM,23.546875,23.1015625,25.62,-0.001,25.175,96.79,16.301
1774658308870,3/27/2026,5:38:28 PM,23.515625,23.1015625,25.62,-0.001,25.06,96.791,16.291
1774658309130,3/27/2026,5:38:29 PM,23.515625,23.1640625,25.62,-0.001,25.06,96.791,16.291
1774658309245,3/27/2026,5:38:29 PM,23.515625,23.1640625,25.62,-0.001,25.06,96.791,16.291
1774658309642,3/27/2026,5:38:29 PM,23.6015625,23.0703125,25.62,-0.001,25.125,96.791,16.301
1774658309993,3/27/2026,5:38:29 PM,23.6015625,23.0703125,25.62,-0.001,25.125,96.791,16.301
1774658310110,3/27/2026,5:38:30 PM,23.6015625,23.0703125,25.62,-0.001,25.065,96.791,16.296
1774658310189,3/27/2026,5:38:30 PM,23.5859375,23.0703125,25.62,-0.001,25.065,96.791,16.296
1774658310396,3/27/2026,5:38:30 PM,23.5859375,23.125,25.62,-0.001,25.065,96.791,16.296
1774658310471,3/27/2026,5:38:30 PM,23.5859375,23.125,25.62,-0.001,25.065,96.791,16.296
1774658310920,3/27/2026,5:38:30 PM,23.4765625,23.125,25.62,-0.001,25.08,96.791,16.301
1774658311127,3/27/2026,5:38:31 PM,23.4765625,23.078125,25.62,-0.001,25.08,96.791,16.301
1774658311244,3/27/2026,5:38:31 PM,23.4765625,23.078125,25.62,-0.001,25.08,96.791,16.301
1774658311640,3/27/2026,5:38:31 PM,23.609375,23.078125,25.62,-0.001,25.14,96.79,16.311
1774658311994,3/27/2026,5:38:31 PM,23.609375,23.0703125,25.62,-0.001,25.14,96.79,16.311
1774658312115,3/27/2026,5:38:32 PM,23.609375,23.0703125,25.62,-0.001,25.14,96.79,16.311
1774658312187,3/27/2026,5:38:32 PM,23.609375,23.0703125,25.62,-0.001,25.05,96.789,16.291
1774658312399,3/27/2026,5:38:32 PM,23.5625,23.0703125,25.62,-0.001,25.05,96.789,16.291
1774658312466,3/27/2026,5:38:32 PM,23.5625,23.0703125,25.62,-0.001,25.05,96.789,16.291
1774658312869,3/27/2026,5:38:32 PM,23.5625,23.09375,25.62,-0.001,25.05,96.789,16.291
1774658313128,3/27/2026,5:38:33 PM,23.515625,23.09375,25.62,-0.001,25.1,96.789,16.291
1774658313250,3/27/2026,5:38:33 PM,23.515625,23.125,25.62,-0.001,25.1,96.789,16.291
1774658313657,3/27/2026,5:38:33 PM,23.515625,23.125,25.63,-0.001,25.04,96.789,16.291
1774658313995,3/27/2026,5:38:33 PM,23.4921875,23.125,25.63,-0.001,25.04,96.789,16.291
1774658314116,3/27/2026,5:38:34 PM,23.4921875,23.125,25.63,-0.001,25.04,96.789,16.291
1774658314189,3/27/2026,5:38:34 PM,23.4921875,23.125,25.63,-0.001,25.04,96.789,16.291
1774658314402,3/27/2026,5:38:34 PM,23.4921875,23.125,25.62,-0.001,25.06,96.789,16.281
1774658314474,3/27/2026,5:38:34 PM,23.4921875,23.125,25.62,-0.001,25.06,96.789,16.281
1774658314871,3/27/2026,5:38:34 PM,23.515625,23.140625,25.62,-0.001,25.06,96.789,16.281
1774658315150,3/27/2026,5:38:35 PM,23.515625,23.140625,25.62,-0.001,25.065,96.789,16.291
1774658315234,3/27/2026,5:38:35 PM,23.578125,23.140625,25.62,-0.001,25.065,96.789,16.291
1774658315641,3/27/2026,5:38:35 PM,23.578125,23.125,25.62,-0.001,25.065,96.789,16.291
1774658315997,3/27/2026,5:38:35 PM,23.609375,23.125,25.63,-0.001,25.055,96.788,16.276
1774658316116,3/27/2026,5:38:36 PM,23.609375,23.015625,25.63,-0.001,25.055,96.788,16.276
1774658316219,3/27/2026,5:38:36 PM,23.609375,23.015625,25.63,-0.001,25.055,96.788,16.276
1774658316400,3/27/2026,5:38:36 PM,23.609375,23.015625,25.63,-0.001,25.055,96.788,16.276
1774658316466,3/27/2026,5:38:36 PM,23.609375,23.015625,25.63,-0.001,25.055,96.788,16.276
1774658316868,3/27/2026,5:38:36 PM,23.5390625,23.1015625,25.63,-0.001,25.11,96.788,16.276
1774658316920,3/27/2026,5:38:36 PM,23.5390625,23.1015625,25.63,-0.001,25.11,96.788,16.276
1774658317132,3/27/2026,5:38:37 PM,23.5390625,23.1015625,25.63,-0.001,25.11,96.788,16.276
1774658317220,3/27/2026,5:38:37 PM,23.5390625,23.1015625,25.63,,25.04,96.788,16.266
1774658317271,3/27/2026,5:38:37 PM,23.5390625,23.1015625,25.63,-0.001,25.04,96.788,16.266
1774658317640,3/27/2026,5:38:37 PM,23.5625,23.1015625,25.63,-0.001,25.04,96.788,16.266
1774658317994,3/27/2026,5:38:37 PM,23.5625,23.1015625,25.63,-0.001,25.075,96.788,16.247
1774658318117,3/27/2026,5:38:38 PM,23.65625,23.1015625,25.63,-0.001,25.075,96.788,16.247
1774658318198,3/27/2026,5:38:38 PM,23.65625,23.1015625,25.63,-0.001,25.075,96.788,16.247
1774658318271,3/27/2026,5:38:38 PM,23.65625,23.03125,25.63,,25.075,96.788,16.247
1774658318397,3/27/2026,5:38:38 PM,23.65625,23.03125,25.63,-0.001,25.075,96.788,16.247
1774658318484,3/27/2026,5:38:38 PM,23.65625,23.03125,25.63,-0.001,25.075,96.788,16.247
1774658318877,3/27/2026,5:38:38 PM,23.578125,23.03125,25.63,-0.001,25.085,96.789,16.247
1774658318924,3/27/2026,5:38:38 PM,23.578125,23.03125,25.63,-0.001,25.085,96.789,16.247
1774658319127,3/27/2026,5:38:39 PM,23.578125,23.0703125,25.63,-0.001,25.085,96.789,16.247
1774658319248,3/27/2026,5:38:39 PM,23.578125,23.0703125,25.63,-0.001,25.085,96.789,16.247
1774658319320,3/27/2026,5:38:39 PM,23.578125,23.0703125,25.63,,25.085,96.789,16.247
1774658319641,3/27/2026,5:38:39 PM,23.4765625,23.0703125,25.63,-0.001,25.1,96.788,16.237
1774658319995,3/27/2026,5:38:39 PM,23.4765625,23.0546875,25.63,-0.001,25.1,96.788,16.237
1774658320111,3/27/2026,5:38:40 PM,23.4765625,23.0546875,25.63,-0.001,25.12,96.789,16.271
1774658320194,3/27/2026,5:38:40 PM,23.4765625,23.0546875,25.63,-0.001,25.12,96.789,16.271
1774658320372,3/27/2026,5:38:40 PM,23.5859375,23.0546875,25.63,,25.12,96.789,16.271
1774658320423,3/27/2026,5:38:40 PM,23.5859375,23.0546875,25.63,-0.001,25.12,96.789,16.271
1774658320475,3/27/2026,5:38:40 PM,23.5859375,23.0546875,25.63,-0.001,25.12,96.789,16.271
1774658320890,3/27/2026,5:38:40 PM,23.5859375,23.0546875,25.63,-0.001,25.075,96.789,16.232
1774658320963,3/27/2026,5:38:40 PM,23.5859375,23.0546875,25.63,-0.001,25.075,96.789,16.232
1774658321123,3/27/2026,5:38:41 PM,23.6015625,23.0546875,25.63,-0.001,25.075,96.789,16.232
1774658321245,3/27/2026,5:38:41 PM,23.6015625,22.9921875,25.63,-0.001,25.075,96.789,16.232
1774658321639,3/27/2026,5:38:41 PM,23.6015625,22.9921875,25.63,1.731,25.095,96.79,16.266
1774658322033,3/27/2026,5:38:42 PM,23.4921875,23.1171875,25.63,1.731,25.095,96.79,16.266
1774658322116,3/27/2026,5:38:42 PM,23.4921875,23.1171875,25.63,1.731,25.095,96.79,16.266
1774658322190,3/27/2026,5:38:42 PM,23.4921875,23.1171875,25.63,1.731,25.095,96.79,16.266
1774658322400,3/27/2026,5:38:42 PM,23.4921875,23.1171875,25.63,1.659,25.07,96.789,16.247
1774658322472,3/27/2026,5:38:42 PM,23.546875,23.1171875,25.63,1.659,25.07,96.789,16.247
1774658322521,3/27/2026,5:38:42 PM,23.546875,23.1171875,25.63,1.659,25.07,96.789,16.247
1774658322877,3/27/2026,5:38:42 PM,23.546875,23.078125,25.63,1.659,25.07,96.789,16.247
1774658322925,3/27/2026,5:38:42 PM,23.546875,23.078125,25.63,1.659,25.07,96.789,16.247
1774658323133,3/27/2026,5:38:43 PM,23.609375,23.078125,25.63,1.641,24.985,96.788,16.232
1774658323253,3/27/2026,5:38:43 PM,23.609375,23.078125,25.63,1.641,24.985,96.788,16.232
1774658323571,3/27/2026,5:38:43 PM,23.609375,23.1015625,25.63,1.641,24.985,96.788,16.232
1774658323640,3/27/2026,5:38:43 PM,23.609375,23.1015625,25.63,1.641,24.985,96.788,16.232
1774658324003,3/27/2026,5:38:44 PM,23.4765625,23.1015625,25.62,1.631,24.995,96.789,16.242
1774658324126,3/27/2026,5:38:44 PM,23.4765625,23.015625,25.62,1.631,24.995,96.789,16.242
1774658324206,3/27/2026,5:38:44 PM,23.4765625,23.015625,25.62,1.631,24.995,96.789,16.242
1774658324401,3/27/2026,5:38:44 PM,23.4765625,23.015625,25.62,1.631,24.995,96.789,16.242
1774658324466,3/27/2026,5:38:44 PM,23.4765625,23.015625,25.63,1.624,25.1,96.789,16.252
1774658324623,3/27/2026,5:38:44 PM,23.40625,23.015625,25.63,1.624,25.1,96.789,16.252
1774658324903,3/27/2026,5:38:44 PM,23.40625,23.0546875,25.63,1.624,25.1,96.789,16.252
1774658324955,3/27/2026,5:38:44 PM,23.40625,23.0546875,25.63,1.624,25.1,96.789,16.252
1774658325133,3/27/2026,5:38:45 PM,23.40625,23.0546875,25.63,1.619,25.13,96.79,16.247
1774658325254,3/27/2026,5:38:45 PM,23.40625,23.0546875,25.63,1.619,25.13,96.79,16.247
1774658325642,3/27/2026,5:38:45 PM,23.4296875,23.0546875,25.63,1.619,25.13,96.79,16.247
1774658325691,3/27/2026,5:38:45 PM,23.4296875,23.0546875,25.63,1.619,25.13,96.79,16.247
1774658326003,3/27/2026,5:38:46 PM,23.4296875,23.0546875,25.63,1.624,25.05,96.789,16.247
1774658326134,3/27/2026,5:38:46 PM,23.4375,23.0546875,25.63,1.624,25.05,96.789,16.247
1774658326192,3/27/2026,5:38:46 PM,23.4375,23.1171875,25.63,1.624,25.05,96.789,16.247
1774658326400,3/27/2026,5:38:46 PM,23.4375,23.1171875,25.63,1.624,25.05,96.789,16.247
1774658326468,3/27/2026,5:38:46 PM,23.4375,23.1171875,25.63,1.624,25.05,96.789,16.247
1774658326871,3/27/2026,5:38:46 PM,23.5859375,23.1171875,25.62,1.622,25.055,96.789,16.247
1774658326922,3/27/2026,5:38:46 PM,23.5859375,23.046875,25.62,1.622,25.055,96.789,16.247
1774658327128,3/27/2026,5:38:47 PM,23.5859375,23.046875,25.62,1.622,25.055,96.789,16.247
1774658327244,3/27/2026,5:38:47 PM,23.5859375,23.046875,25.62,1.622,25.055,96.789,16.247
1774658327639,3/27/2026,5:38:47 PM,23.546875,23.0546875,25.62,1.62,25.04,96.79,16.246
1774658327794,3/27/2026,5:38:47 PM,23.546875,23.0546875,25.62,1.62,25.04,96.79,16.246
1774658328011,3/27/2026,5:38:48 PM,23.546875,23.0546875,25.62,1.62,25.005,96.79,16.237
1774658328139,3/27/2026,5:38:48 PM,23.546875,23.0546875,25.62,1.62,25.005,96.79,16.237
1774658328205,3/27/2026,5:38:48 PM,23.40625,23.0546875,25.62,1.62,25.005,96.79,16.237
1774658328402,3/27/2026,5:38:48 PM,23.40625,23.1171875,25.62,1.62,25.005,96.79,16.237
1774658328465,3/27/2026,5:38:48 PM,23.40625,23.1171875,25.62,1.62,25.005,96.79,16.237
1774658328854,3/27/2026,5:38:48 PM,23.40625,23.1171875,25.62,1.62,24.935,96.79,16.227
1774658328899,3/27/2026,5:38:48 PM,23.453125,23.1171875,25.62,1.62,24.935,96.79,16.227
1774658328953,3/27/2026,5:38:48 PM,23.453125,23.1171875,25.62,1.62,24.935,96.79,16.227
1774658329126,3/27/2026,5:38:49 PM,23.453125,23.1171875,25.62,1.62,24.935,96.79,16.227
1774658329247,3/27/2026,5:38:49 PM,23.453125,23.1171875,25.62,1.62,24.935,96.79,16.227
1774658329646,3/27/2026,5:38:49 PM,23.4140625,23.1171875,25.62,1.619,25.01,96.789,16.241
1774658329898,3/27/2026,5:38:49 PM,23.4140625,23.125,25.62,1.619,25.01,96.789,16.241
1774658330005,3/27/2026,5:38:50 PM,23.4140625,23.125,25.62,1.619,25.01,96.789,16.241
1774658330125,3/27/2026,5:38:50 PM,23.4140625,23.125,25.62,1.619,25.01,96.789,16.241
1774658330191,3/27/2026,5:38:50 PM,23.4140625,23.125,25.62,1.618,25.025,96.789,16.251
1774658330398,3/27/2026,5:38:50 PM,23.4375,23.125,25.62,1.618,25.025,96.789,16.251
1774658330468,3/27/2026,5:38:50 PM,23.4375,23.125,25.62,1.618,25.025,96.789,16.251
1774658330870,3/27/2026,5:38:50 PM,23.4375,23.1015625,25.62,1.618,25.025,96.789,16.251
1774658330923,3/27/2026,5:38:50 PM,23.4375,23.1015625,25.62,1.619,24.97,96.789,16.241
1774658330972,3/27/2026,5:38:50 PM,23.4375,23.1015625,25.62,1.619,24.97,96.789,16.241
1774658331126,3/27/2026,5:38:51 PM,23.515625,23.1015625,25.62,1.619,24.97,96.789,16.241
1774658331246,3/27/2026,5:38:51 PM,23.515625,23.140625,25.62,1.619,24.97,96.789,16.241
1774658331647,3/27/2026,5:38:51 PM,23.515625,23.140625,25.62,1.619,25.01,96.79,16.256
1774658331995,3/27/2026,5:38:51 PM,23.46875,23.203125,25.62,1.619,25.01,96.79,16.256
1774658332113,3/27/2026,5:38:52 PM,23.46875,23.203125,25.62,1.619,25.01,96.79,16.256
1774658332194,3/27/2026,5:38:52 PM,23.46875,23.203125,25.62,1.619,25.01,96.79,16.256
1774658332404,3/27/2026,5:38:52 PM,23.46875,23.203125,25.62,1.615,24.99,96.789,16.217
1774658332465,3/27/2026,5:38:52 PM,23.46875,23.203125,25.62,1.615,24.99,96.789,16.217
1774658332869,3/27/2026,5:38:52 PM,23.515625,23.015625,25.62,1.615,24.99,96.789,16.217
1774658332921,3/27/2026,5:38:52 PM,23.515625,23.015625,25.62,1.615,24.99,96.789,16.217
1774658332971,3/27/2026,5:38:52 PM,23.515625,23.015625,25.62,1.615,24.99,96.789,16.217
1774658333096,3/27/2026,5:38:53 PM,23.515625,23.015625,25.62,1.614,25.015,96.79,16.246
1774658333153,3/27/2026,5:38:53 PM,23.515625,23.015625,25.62,1.614,25.015,96.79,16.246
1774658333234,3/27/2026,5:38:53 PM,23.4296875,23.015625,25.62,1.614,25.015,96.79,16.246
1774658333642,3/27/2026,5:38:53 PM,23.4296875,23.140625,25.62,1.614,25.015,96.79,16.246
1774658333994,3/27/2026,5:38:53 PM,23.46875,23.140625,25.62,1.614,24.96,96.79,16.246
1774658334115,3/27/2026,5:38:54 PM,23.46875,23.09375,25.62,1.614,24.96,96.79,16.246
1774658334167,3/27/2026,5:38:54 PM,23.46875,23.09375,25.62,1.614,24.96,96.79,16.246
1774658334216,3/27/2026,5:38:54 PM,23.46875,23.09375,25.62,1.614,24.96,96.79,16.246
1774658334402,3/27/2026,5:38:54 PM,23.46875,23.09375,25.62,1.614,24.96,96.79,16.246
1774658334475,3/27/2026,5:38:54 PM,23.46875,23.09375,25.62,1.612,25.005,96.79,16.256
1774658334872,3/27/2026,5:38:54 PM,23.5625,23.125,25.62,1.612,25.005,96.79,16.256
1774658334921,3/27/2026,5:38:54 PM,23.5625,23.125,25.62,1.612,25.005,96.79,16.256
1774658334971,3/27/2026,5:38:54 PM,23.5625,23.125,25.62,1.612,25.005,96.79,16.256
1774658335127,3/27/2026,5:38:55 PM,23.5625,23.125,25.62,1.612,25.005,96.79,16.256
1774658335223,3/27/2026,5:38:55 PM,23.5625,23.125,25.62,1.614,25.06,96.789,16.246
1774658335268,3/27/2026,5:38:55 PM,23.5625,23.125,25.62,1.614,25.06,96.789,16.246
1774658335643,3/27/2026,5:38:55 PM,23.5,23.1875,25.62,1.614,25.06,96.789,16.246
1774658335995,3/27/2026,5:38:55 PM,23.5,23.1875,25.62,1.608,25,96.789,16.222
1774658336114,3/27/2026,5:38:56 PM,23.546875,23.1875,25.62,1.608,25,96.789,16.222
1774658336189,3/27/2026,5:38:56 PM,23.546875,23.1875,25.62,1.608,25,96.789,16.222
1774658336266,3/27/2026,5:38:56 PM,23.546875,23.125,25.62,1.608,25,96.789,16.222
1774658336406,3/27/2026,5:38:56 PM,23.546875,23.125,25.62,1.608,25,96.789,16.222
1774658336466,3/27/2026,5:38:56 PM,23.546875,23.125,25.62,1.608,25,96.789,16.222
1774658336868,3/27/2026,5:38:56 PM,23.5390625,23.125,25.62,1.616,24.985,96.789,16.246
1774658336920,3/27/2026,5:38:56 PM,23.5390625,23.125,25.62,1.616,24.985,96.789,16.246
1774658336971,3/27/2026,5:38:56 PM,23.5390625,23.078125,25.62,1.616,24.985,96.789,16.246
1774658337127,3/27/2026,5:38:57 PM,23.5390625,23.078125,25.62,1.616,24.985,96.789,16.246
1774658337254,3/27/2026,5:38:57 PM,23.5390625,23.078125,25.62,1.616,24.985,96.789,16.246
1774658337319,3/27/2026,5:38:57 PM,23.5390625,23.078125,25.62,1.616,24.985,96.789,16.246
1774658337641,3/27/2026,5:38:57 PM,23.5625,23.078125,25.62,1.613,25.01,96.789,16.237
1774658337997,3/27/2026,5:38:57 PM,23.5625,23.1015625,25.62,1.613,25.01,96.789,16.237
1774658338117,3/27/2026,5:38:58 PM,23.5625,23.1015625,25.62,1.611,24.935,96.789,16.232
1774658338192,3/27/2026,5:38:58 PM,23.5625,23.1015625,25.62,1.611,24.935,96.789,16.232
1774658338424,3/27/2026,5:38:58 PM,23.515625,23.15625,25.62,1.611,24.935,96.789,16.232
1774658338474,3/27/2026,5:38:58 PM,23.515625,23.15625,25.62,1.611,24.935,96.789,16.232
1774658338875,3/27/2026,5:38:58 PM,23.515625,23.15625,25.62,1.608,24.97,96.789,16.227
1774658338922,3/27/2026,5:38:58 PM,23.515625,23.15625,25.62,1.608,24.97,96.789,16.227
1774658338974,3/27/2026,5:38:58 PM,23.734375,23.15625,25.62,1.608,24.97,96.789,16.227
1774658339126,3/27/2026,5:38:59 PM,23.734375,23.09375,25.62,1.608,24.97,96.789,16.227
1774658339256,3/27/2026,5:38:59 PM,23.734375,23.09375,25.62,1.608,24.97,96.789,16.227
1774658339421,3/27/2026,5:38:59 PM,23.734375,23.09375,25.62,1.608,24.97,96.789,16.227
1774658339641,3/27/2026,5:38:59 PM,23.734375,23.09375,25.62,1.608,25.035,96.79,16.241
1774658340001,3/27/2026,5:39:00 PM,23.6328125,23.140625,25.62,1.608,25.035,96.79,16.241
1774658340125,3/27/2026,5:39:00 PM,23.6328125,23.140625,25.62,1.608,25.035,96.79,16.241
1774658340189,3/27/2026,5:39:00 PM,23.6328125,23.140625,25.62,1.608,25.035,96.79,16.241
1774658340401,3/27/2026,5:39:00 PM,23.4765625,23.140625,25.62,1.608,25,96.79,16.246
1774658340473,3/27/2026,5:39:00 PM,23.4765625,23.140625,25.62,1.608,25,96.79,16.246
1774658340530,3/27/2026,5:39:00 PM,23.4765625,23.140625,25.62,1.608,25,96.79,16.246
1774658340871,3/27/2026,5:39:00 PM,23.4765625,23.1171875,25.62,1.608,25,96.79,16.246
1774658340923,3/27/2026,5:39:00 PM,23.4765625,23.1171875,25.62,1.608,25,96.79,16.246
1774658340973,3/27/2026,5:39:00 PM,23.4765625,23.1171875,25.62,1.607,24.935,96.79,16.241
1774658341128,3/27/2026,5:39:01 PM,23.4921875,23.1171875,25.62,1.607,24.935,96.79,16.241
1774658341249,3/27/2026,5:39:01 PM,23.4921875,23.1171875,25.62,1.607,24.935,96.79,16.241
1774658341637,3/27/2026,5:39:01 PM,23.4921875,23.0546875,25.62,1.607,24.935,96.79,16.241
1774658341997,3/27/2026,5:39:01 PM,23.5,23.203125,25.62,1.604,24.99,96.79,16.227
1774658342115,3/27/2026,5:39:02 PM,23.5,23.203125,25.62,1.604,24.99,96.79,16.227
1774658342197,3/27/2026,5:39:02 PM,23.5,23.203125,25.62,1.604,24.99,96.79,16.227
1774658342405,3/27/2026,5:39:02 PM,23.5,23.203125,25.62,1.606,24.96,96.79,16.251
1774658342470,3/27/2026,5:39:02 PM,23.5,23.203125,25.62,1.606,24.96,96.79,16.251
1774658342872,3/27/2026,5:39:02 PM,23.40625,23.125,25.62,1.606,24.96,96.79,16.251
1774658342920,3/27/2026,5:39:02 PM,23.40625,23.125,25.62,1.606,24.96,96.79,16.251
1774658342974,3/27/2026,5:39:02 PM,23.40625,23.125,25.62,1.606,24.96,96.79,16.251
1774658343129,3/27/2026,5:39:03 PM,23.40625,23.125,25.62,1.608,24.93,96.79,16.251
1774658343244,3/27/2026,5:39:03 PM,23.40625,23.125,25.62,1.608,24.93,96.79,16.251
1774658343662,3/27/2026,5:39:03 PM,23.625,23.203125,25.62,1.608,24.93,96.79,16.251
1774658343707,3/27/2026,5:39:03 PM,23.625,23.203125,25.62,1.608,24.93,96.79,16.251
1774658343994,3/27/2026,5:39:03 PM,23.4375,23.203125,25.62,1.602,25.015,96.79,16.266
1774658344118,3/27/2026,5:39:04 PM,23.4375,23.203125,25.62,1.602,25.015,96.79,16.266
1774658344191,3/27/2026,5:39:04 PM,23.4375,23.046875,25.62,1.602,25.015,96.79,16.266
1774658344398,3/27/2026,5:39:04 PM,23.4375,23.046875,25.62,1.602,25.015,96.79,16.266
1774658344467,3/27/2026,5:39:04 PM,23.4375,23.046875,25.62,1.602,25.015,96.79,16.266
1774658344758,3/27/2026,5:39:04 PM,23.4765625,23.046875,25.62,1.604,24.985,96.79,16.241
1774658344873,3/27/2026,5:39:04 PM,23.4765625,23.15625,25.62,1.604,24.985,96.79,16.241
1774658344924,3/27/2026,5:39:04 PM,23.4765625,23.15625,25.62,1.604,24.985,96.79,16.241
1774658344977,3/27/2026,5:39:04 PM,23.4765625,23.15625,25.62,1.604,24.985,96.79,16.241
1774658345125,3/27/2026,5:39:05 PM,23.4765625,23.15625,25.62,1.604,24.985,96.79,16.241
1774658345241,3/27/2026,5:39:05 PM,23.4765625,23.15625,25.62,1.604,24.985,96.79,16.241
1774658345642,3/27/2026,5:39:05 PM,23.3046875,23.09375,25.62,1.603,24.935,96.791,16.246
1774658345995,3/27/2026,5:39:05 PM,23.3046875,23.09375,25.62,1.607,24.945,96.791,16.241
1774658346112,3/27/2026,5:39:06 PM,23.3046875,23.09375,25.62,1.607,24.945,96.791,16.241
1774658346188,3/27/2026,5:39:06 PM,23.453125,23.09375,25.62,1.607,24.945,96.791,16.241
1774658346398,3/27/2026,5:39:06 PM,23.453125,23.125,25.62,1.607,24.945,96.791,16.241
1774658346468,3/27/2026,5:39:06 PM,23.453125,23.125,25.62,1.607,24.945,96.791,16.241
1774658346861,3/27/2026,5:39:06 PM,23.5390625,23.125,25.62,1.605,24.96,96.791,16.246
1774658346914,3/27/2026,5:39:06 PM,23.5390625,23.125,25.62,1.605,24.96,96.791,16.246
1774658346966,3/27/2026,5:39:06 PM,23.5390625,23.125,25.62,1.605,24.96,96.791,16.246
1774658347020,3/27/2026,5:39:07 PM,23.5390625,23.125,25.62,1.605,24.96,96.791,16.246
1774658347132,3/27/2026,5:39:07 PM,23.5390625,23.0546875,25.62,1.605,24.96,96.791,16.246
1774658347246,3/27/2026,5:39:07 PM,23.5390625,23.0546875,25.62,1.605,24.96,96.791,16.246
1774658347638,3/27/2026,5:39:07 PM,23.546875,23.0546875,25.62,1.604,24.93,96.79,16.256
1774658347994,3/27/2026,5:39:07 PM,23.546875,23.1875,25.62,1.604,24.93,96.79,16.256
1774658348115,3/27/2026,5:39:08 PM,23.546875,23.1875,25.62,1.604,24.93,96.79,16.256
1774658348190,3/27/2026,5:39:08 PM,23.546875,23.1875,25.62,1.602,24.955,96.791,16.251
1774658348406,3/27/2026,5:39:08 PM,23.359375,23.1875,25.62,1.602,24.955,96.791,16.251
1774658348468,3/27/2026,5:39:08 PM,23.359375,23.1171875,25.62,1.602,24.955,96.791,16.251
1774658348874,3/27/2026,5:39:08 PM,23.359375,23.1171875,25.62,1.599,25.01,96.79,16.251
1774658348925,3/27/2026,5:39:08 PM,23.359375,23.1171875,25.62,1.599,25.01,96.79,16.251
1774658348975,3/27/2026,5:39:08 PM,23.359375,23.1171875,25.62,1.599,25.01,96.79,16.251
1774658349027,3/27/2026,5:39:09 PM,23.46875,23.1171875,25.62,1.599,25.01,96.79,16.251
1774658349136,3/27/2026,5:39:09 PM,23.46875,23.1171875,25.62,1.599,25.01,96.79,16.251
1774658349246,3/27/2026,5:39:09 PM,23.46875,23.0546875,25.62,1.599,25.01,96.79,16.251
1774658349639,3/27/2026,5:39:09 PM,23.46875,23.0546875,25.62,1.604,24.985,96.79,16.246
1774658349997,3/27/2026,5:39:09 PM,23.5390625,23.09375,25.62,1.604,24.985,96.79,16.246
1774658350079,3/27/2026,5:39:10 PM,23.5390625,23.09375,25.62,1.604,24.985,96.79,16.246
1774658350131,3/27/2026,5:39:10 PM,23.5390625,23.09375,25.62,1.604,24.985,96.79,16.246
1774658350195,3/27/2026,5:39:10 PM,23.5390625,23.09375,25.62,1.604,24.985,96.79,16.246
1774658350413,3/27/2026,5:39:10 PM,23.5390625,23.09375,25.62,1.603,25.005,96.79,16.261
1774658350467,3/27/2026,5:39:10 PM,23.359375,23.09375,25.62,1.603,25.005,96.79,16.261
1774658350881,3/27/2026,5:39:10 PM,23.359375,23.15625,25.62,1.603,25.005,96.79,16.261
1774658350933,3/27/2026,5:39:10 PM,23.359375,23.15625,25.62,1.603,25.005,96.79,16.261
1774658350983,3/27/2026,5:39:10 PM,23.359375,23.15625,25.62,1.603,25.005,96.79,16.261
1774658351127,3/27/2026,5:39:11 PM,23.359375,23.15625,25.62,1.598,25.03,96.79,16.266
1774658351178,3/27/2026,5:39:11 PM,23.4140625,23.15625,25.62,1.598,25.03,96.79,16.266
1774658351244,3/27/2026,5:39:11 PM,23.4140625,23.15625,25.62,1.598,25.03,96.79,16.266
1774658351651,3/27/2026,5:39:11 PM,23.4140625,23.125,25.62,1.598,25.03,96.79,16.266
1774658351994,3/27/2026,5:39:11 PM,23.625,23.125,25.62,,24.995,96.789,16.276
1774658352116,3/27/2026,5:39:12 PM,23.625,23.1171875,25.62,,24.995,96.789,16.276
1774658352192,3/27/2026,5:39:12 PM,23.625,23.1171875,25.62,,24.995,96.789,16.276
1774658352243,3/27/2026,5:39:12 PM,23.625,23.1171875,25.62,,24.995,96.789,16.276
1774658352399,3/27/2026,5:39:12 PM,23.625,23.1171875,25.62,,24.995,96.789,16.276
1774658352484,3/27/2026,5:39:12 PM,23.625,23.1171875,25.62,,25.04,96.79,16.266
1774658352868,3/27/2026,5:39:12 PM,23.5,23.1015625,25.62,,25.04,96.79,16.266
1774658352921,3/27/2026,5:39:12 PM,23.5,23.1015625,25.62,,25.04,96.79,16.266
1774658352971,3/27/2026,5:39:12 PM,23.5,23.1015625,25.62,,25.04,96.79,16.266
1774658353125,3/27/2026,5:39:13 PM,23.5,23.1015625,25.62,,25.04,96.79,16.266
1774658353240,3/27/2026,5:39:13 PM,23.5,23.1015625,25.62,,24.955,96.79,16.271
1774658353291,3/27/2026,5:39:13 PM,23.5,23.1015625,25.62,,24.955,96.79,16.271
1774658353639,3/27/2026,5:39:13 PM,23.5234375,23.0703125,25.62,,24.955,96.79,16.271
1774658354002,3/27/2026,5:39:14 PM,23.5234375,23.0703125,25.61,,24.935,96.791,16.271
1774658354121,3/27/2026,5:39:14 PM,23.546875,23.0703125,25.61,,24.935,96.791,16.271
1774658354199,3/27/2026,5:39:14 PM,23.546875,23.0703125,25.61,,24.935,96.791,16.271
1774658354415,3/27/2026,5:39:14 PM,23.546875,23.203125,25.61,,24.935,96.791,16.271
1774658354480,3/27/2026,5:39:14 PM,23.546875,23.203125,25.61,,24.935,96.791,16.271
1774658354870,3/27/2026,5:39:14 PM,23.46875,23.203125,25.61,,25.04,96.79,16.261
1774658354934,3/27/2026,5:39:14 PM,23.46875,23.0703125,25.61,,25.04,96.79,16.261
1774658354985,3/27/2026,5:39:14 PM,23.46875,23.0703125,25.61,,25.04,96.79,16.261
1774658355130,3/27/2026,5:39:15 PM,23.46875,23.0703125,25.61,,25.04,96.79,16.261
1774658355250,3/27/2026,5:39:15 PM,23.46875,23.0703125,25.61,,25.04,96.79,16.261
1774658355644,3/27/2026,5:39:15 PM,23.546875,23.0703125,25.61,,25,96.791,16.27
1774658355996,3/27/2026,5:39:15 PM,23.546875,23.125,25.61,,25,96.791,16.27
1774658356116,3/27/2026,5:39:16 PM,23.546875,23.125,25.61,,24.995,96.791,16.275
1774658356191,3/27/2026,5:39:16 PM,23.546875,23.125,25.61,,24.995,96.791,16.275
1774658356403,3/27/2026,5:39:16 PM,23.546875,23.140625,25.61,,24.995,96.791,16.275
1774658356505,3/27/2026,5:39:16 PM,23.546875,23.140625,25.61,,24.995,96.791,16.275
1774658356872,3/27/2026,5:39:16 PM,23.546875,23.140625,25.61,,25.055,96.791,16.27
1774658356924,3/27/2026,5:39:16 PM,23.4921875,23.140625,25.61,,25.055,96.791,16.27
1774658356975,3/27/2026,5:39:16 PM,23.4921875,23.140625,25.61,,25.055,96.791,16.27
1774658357133,3/27/2026,5:39:17 PM,23.4921875,23.0703125,25.61,,25.055,96.791,16.27
1774658357258,3/27/2026,5:39:17 PM,23.4921875,23.0703125,25.61,,25.055,96.791,16.27
1774658357638,3/27/2026,5:39:17 PM,23.4765625,23.0703125,25.61,,24.98,96.791,16.28
1774658357995,3/27/2026,5:39:17 PM,23.4765625,23.09375,25.61,,24.98,96.791,16.28
1774658358114,3/27/2026,5:39:18 PM,23.4765625,23.09375,25.61,,24.98,96.791,16.28
1774658358191,3/27/2026,5:39:18 PM,23.4765625,23.09375,25.61,,24.98,96.791,16.28
1774658358404,3/27/2026,5:39:18 PM,23.5,23.09375,25.61,,25.015,96.792,16.285
1774658358472,3/27/2026,5:39:18 PM,23.5,23.09375,25.61,,25.015,96.792,16.285
1774658358872,3/27/2026,5:39:18 PM,23.5,23.078125,25.61,,25.015,96.792,16.285
1774658358924,3/27/2026,5:39:18 PM,23.5,23.078125,25.61,,25.025,96.791,16.271
1774658358973,3/27/2026,5:39:18 PM,23.5,23.078125,25.61,,25.025,96.791,16.271
1774658359127,3/27/2026,5:39:19 PM,23.5390625,23.078125,25.61,,25.025,96.791,16.271
1774658359242,3/27/2026,5:39:19 PM,23.5390625,23.09375,25.61,,25.025,96.791,16.271
1774658359661,3/27/2026,5:39:19 PM,23.5390625,23.09375,25.61,,25.04,96.791,16.305
1774658359994,3/27/2026,5:39:19 PM,23.453125,23.0703125,25.61,,25.04,96.791,16.305
1774658360121,3/27/2026,5:39:20 PM,23.453125,23.0703125,25.61,,25.04,96.791,16.305
1774658360197,3/27/2026,5:39:20 PM,23.453125,23.0703125,25.61,,25.04,96.791,16.305
1774658360398,3/27/2026,5:39:20 PM,23.453125,23.0703125,25.61,,25.035,96.79,16.29
1774658360474,3/27/2026,5:39:20 PM,23.453125,23.0703125,25.61,,25.035,96.79,16.29
1774658360878,3/27/2026,5:39:20 PM,23.609375,23.078125,25.61,,25.035,96.79,16.29
1774658360928,3/27/2026,5:39:20 PM,23.609375,23.078125,25.61,,25.035,96.79,16.29
1774658360980,3/27/2026,5:39:20 PM,23.609375,23.078125,25.61,,25.035,96.79,16.29
1774658361131,3/27/2026,5:39:21 PM,23.609375,23.078125,25.61,,25.035,96.79,16.295
1774658361236,3/27/2026,5:39:21 PM,23.578125,23.078125,25.61,,25.035,96.79,16.295
1774658361638,3/27/2026,5:39:21 PM,23.578125,23.03125,25.61,,25.035,96.79,16.295
1774658361997,3/27/2026,5:39:21 PM,23.625,23.03125,25.61,,25.085,96.79,16.32
1774658362112,3/27/2026,5:39:22 PM,23.625,23.03125,25.61,,25.085,96.79,16.32
1774658362197,3/27/2026,5:39:22 PM,23.625,23.078125,25.61,,25.085,96.79,16.32
1774658362398,3/27/2026,5:39:22 PM,23.625,23.078125,25.61,,25.085,96.79,16.32
1774658362473,3/27/2026,5:39:22 PM,23.625,23.078125,25.61,,25.085,96.79,16.32
1774658362883,3/27/2026,5:39:22 PM,23.515625,23.015625,25.61,,24.985,96.79,16.315
1774658362929,3/27/2026,5:39:22 PM,23.515625,23.015625,25.61,,24.985,96.79,16.315
1774658362978,3/27/2026,5:39:22 PM,23.515625,23.015625,25.61,,24.985,96.79,16.315
1774658363135,3/27/2026,5:39:23 PM,23.515625,23.015625,25.61,,24.985,96.79,16.315
1774658363243,3/27/2026,5:39:23 PM,23.515625,23.015625,25.61,,25,96.789,16.315
1774658363639,3/27/2026,5:39:23 PM,23.5390625,23.140625,25.61,,25,96.789,16.315
1774658363991,3/27/2026,5:39:23 PM,23.5390625,23.140625,25.62,,25.04,96.789,16.32
1774658364107,3/27/2026,5:39:24 PM,23.5390625,23.140625,25.62,,25.04,96.789,16.32
1774658364188,3/27/2026,5:39:24 PM,23.5859375,23.140625,25.62,,25.04,96.789,16.32
1774658364399,3/27/2026,5:39:24 PM,23.5859375,23.140625,25.62,,25.04,96.789,16.32
1774658364475,3/27/2026,5:39:24 PM,23.5859375,23.140625,25.62,,25.04,96.789,16.32
1774658364916,3/27/2026,5:39:24 PM,23.5390625,23.140625,25.62,,25.03,96.79,16.32
1774658364965,3/27/2026,5:39:24 PM,23.5390625,23.140625,25.62,,25.03,96.79,16.32
1774658365016,3/27/2026,5:39:25 PM,23.5390625,22.984375,25.62,,25.03,96.79,16.32
1774658365123,3/27/2026,5:39:25 PM,23.5390625,22.984375,25.62,,25.03,96.79,16.32
1774658365230,3/27/2026,5:39:25 PM,23.5390625,22.984375,25.62,,25.03,96.79,16.32
1774658365640,3/27/2026,5:39:25 PM,23.5390625,22.984375,25.62,,25.055,96.789,16.325
1774658365995,3/27/2026,5:39:25 PM,23.5390625,23.125,25.62,,25.055,96.789,16.325
1774658366108,3/27/2026,5:39:26 PM,23.5390625,23.125,25.62,,25.02,96.789,16.325
1774658366196,3/27/2026,5:39:26 PM,23.5390625,23.125,25.62,,25.02,96.789,16.325
1774658366400,3/27/2026,5:39:26 PM,23.578125,23.125,25.62,,25.02,96.789,16.325
1774658366465,3/27/2026,5:39:26 PM,23.578125,23.125,25.62,,25.02,96.789,16.325
1774658366883,3/27/2026,5:39:26 PM,23.578125,23.125,25.62,,25.06,96.79,16.33
1774658366929,3/27/2026,5:39:26 PM,23.578125,23.125,25.62,,25.06,96.79,16.33
1774658366979,3/27/2026,5:39:26 PM,23.578125,23.125,25.62,,25.06,96.79,16.33
1774658367129,3/27/2026,5:39:27 PM,23.453125,23.125,25.62,,25.06,96.79,16.33
1774658367241,3/27/2026,5:39:27 PM,23.453125,23.140625,25.62,,25.06,96.79,16.33
1774658367692,3/27/2026,5:39:27 PM,23.453125,23.140625,25.62,,25.045,96.79,16.325
1774658367990,3/27/2026,5:39:27 PM,23.4765625,23.140625,25.62,,25.045,96.79,16.325
1774658368135,3/27/2026,5:39:28 PM,23.4765625,23.140625,25.62,,25.045,96.79,16.325
1774658368188,3/27/2026,5:39:28 PM,23.4765625,23.140625,25.62,,25.045,96.79,16.325
1774658368399,3/27/2026,5:39:28 PM,23.4765625,23.140625,25.62,,25.085,96.791,16.34
1774658368471,3/27/2026,5:39:28 PM,23.546875,23.140625,25.62,,25.085,96.791,16.34
1774658368872,3/27/2026,5:39:28 PM,23.546875,23.09375,25.62,,25.085,96.791,16.34
1774658368924,3/27/2026,5:39:28 PM,23.546875,23.09375,25.62,,25.085,96.791,16.34
1774658368978,3/27/2026,5:39:28 PM,23.546875,23.09375,25.62,,25.085,96.791,16.35
1774658369133,3/27/2026,5:39:29 PM,23.546875,23.09375,25.62,,25.02,96.791,16.35
1774658369239,3/27/2026,5:39:29 PM,23.4375,23.09375,25.62,,25.02,96.791,16.35
1774658369641,3/27/2026,5:39:29 PM,23.4375,23.1015625,25.62,,25.02,96.791,16.35
1774658369994,3/27/2026,5:39:29 PM,23.546875,23.1015625,25.62,,24.995,96.79,16.35
1774658370111,3/27/2026,5:39:30 PM,23.546875,23.140625,25.62,,24.995,96.79,16.35
1774658370194,3/27/2026,5:39:30 PM,23.546875,23.140625,25.62,,24.995,96.79,16.35
1774658370401,3/27/2026,5:39:30 PM,23.546875,23.140625,25.62,,24.995,96.79,16.35
1774658370475,3/27/2026,5:39:30 PM,23.546875,23.140625,25.62,,25.035,96.79,16.34
1774658370870,3/27/2026,5:39:30 PM,23.515625,23.140625,25.62,,25.035,96.79,16.34
1774658370923,3/27/2026,5:39:30 PM,23.515625,23.140625,25.62,,25.035,96.79,16.34
1774658370976,3/27/2026,5:39:30 PM,23.515625,23.140625,25.62,,25.035,96.79,16.34
1774658371125,3/27/2026,5:39:31 PM,23.515625,23.140625,25.62,,25.035,96.79,16.34
1774658371240,3/27/2026,5:39:31 PM,23.515625,23.140625,25.62,,25.025,96.791,16.36
1774658371642,3/27/2026,5:39:31 PM,23.546875,23.0546875,25.62,,25.025,96.791,16.36
1774658372000,3/27/2026,5:39:32 PM,23.546875,23.0546875,25.62,,25.03,96.791,16.355
1774658372120,3/27/2026,5:39:32 PM,23.515625,23.0546875,25.62,,25.03,96.791,16.355
1774658372193,3/27/2026,5:39:32 PM,23.515625,23.1015625,25.62,,25.03,96.791,16.355
1774658372403,3/27/2026,5:39:32 PM,23.515625,23.1015625,25.62,,25.03,96.791,16.355
1774658372480,3/27/2026,5:39:32 PM,23.515625,23.1015625,25.62,,25.03,96.791,16.355
1774658372878,3/27/2026,5:39:32 PM,23.5859375,23.1015625,25.62,,25.03,96.791,16.355
1774658372926,3/27/2026,5:39:32 PM,23.5859375,23.140625,25.62,,25.03,96.791,16.355
1774658372982,3/27/2026,5:39:32 PM,23.5859375,23.140625,25.62,,25.03,96.791,16.355
1774658373129,3/27/2026,5:39:33 PM,23.5859375,23.140625,25.62,,25.03,96.791,16.355
1774658373259,3/27/2026,5:39:33 PM,23.5859375,23.140625,25.62,,25.03,96.791,16.355
1774658373641,3/27/2026,5:39:33 PM,23.6484375,23.078125,25.62,,25,96.791,16.35
1774658374001,3/27/2026,5:39:34 PM,23.6484375,23.078125,25.62,,25,96.791,16.35
1774658374120,3/27/2026,5:39:34 PM,23.6484375,23.078125,25.63,,25.07,96.791,16.365
1774658374193,3/27/2026,5:39:34 PM,23.546875,23.078125,25.63,,25.07,96.791,16.365
1774658374401,3/27/2026,5:39:34 PM,23.546875,23.1015625,25.63,,25.07,96.791,16.365
1774658374505,3/27/2026,5:39:34 PM,23.546875,23.1015625,25.63,,25.07,96.791,16.365
1774658374884,3/27/2026,5:39:34 PM,23.546875,23.1015625,25.62,,25.105,96.791,16.37
1774658374934,3/27/2026,5:39:34 PM,23.515625,23.1015625,25.62,,25.105,96.791,16.37
1774658374996,3/27/2026,5:39:34 PM,23.515625,23.1015625,25.62,,25.105,96.791,16.37
1774658375130,3/27/2026,5:39:35 PM,23.515625,23.09375,25.62,,25.105,96.791,16.37
1774658375240,3/27/2026,5:39:35 PM,23.515625,23.09375,25.62,,25.105,96.791,16.37
1774658375651,3/27/2026,5:39:35 PM,23.4921875,23.09375,25.62,,25.08,96.791,16.37
1774658376001,3/27/2026,5:39:36 PM,23.4921875,23.0703125,25.62,,25.08,96.791,16.37
1774658376129,3/27/2026,5:39:36 PM,23.4921875,23.0703125,25.62,,25.08,96.791,16.37
1774658376193,3/27/2026,5:39:36 PM,23.4921875,23.0703125,25.62,,25.015,96.791,16.385
1774658376404,3/27/2026,5:39:36 PM,23.453125,23.0703125,25.62,,25.015,96.791,16.385
1774658376470,3/27/2026,5:39:36 PM,23.453125,23.0703125,25.62,,25.015,96.791,16.385
1774658376873,3/27/2026,5:39:36 PM,23.453125,23.0546875,25.62,,25.015,96.791,16.385
1774658376926,3/27/2026,5:39:36 PM,23.453125,23.0546875,25.62,,25.065,96.791,16.399
1774658376977,3/27/2026,5:39:36 PM,23.453125,23.0546875,25.62,,25.065,96.791,16.399
1774658377125,3/27/2026,5:39:37 PM,23.5234375,23.0546875,25.62,,25.065,96.791,16.399
1774658377265,3/27/2026,5:39:37 PM,23.5234375,23.015625,25.62,,25.065,96.791,16.399
1774658377658,3/27/2026,5:39:37 PM,23.5234375,23.015625,25.62,,25.1,96.791,16.404
1774658377993,3/27/2026,5:39:37 PM,23.6015625,23.0703125,25.62,,25.1,96.791,16.404
1774658378113,3/27/2026,5:39:38 PM,23.6015625,23.0703125,25.62,,25.1,96.791,16.404
1774658378195,3/27/2026,5:39:38 PM,23.6015625,23.0703125,25.62,,25.1,96.791,16.404
1774658378403,3/27/2026,5:39:38 PM,23.6015625,23.0703125,25.62,,25.07,96.791,16.434
1774658378464,3/27/2026,5:39:38 PM,23.6015625,23.0703125,25.62,,25.07,96.791,16.434
1774658378878,3/27/2026,5:39:38 PM,23.515625,22.984375,25.62,,25.07,96.791,16.434
1774658378930,3/27/2026,5:39:38 PM,23.515625,22.984375,25.62,,25.07,96.791,16.434
1774658378993,3/27/2026,5:39:38 PM,23.515625,22.984375,25.62,,25.07,96.791,16.434
1774658379125,3/27/2026,5:39:39 PM,23.515625,22.984375,25.62,,25.04,96.792,16.424
1774658379242,3/27/2026,5:39:39 PM,23.5625,22.984375,25.62,,25.04,96.792,16.424
1774658379636,3/27/2026,5:39:39 PM,23.5625,22.9921875,25.62,,25.04,96.792,16.424
1774658380005,3/27/2026,5:39:40 PM,23.5234375,22.9921875,25.62,,25.04,96.79,16.404
1774658380118,3/27/2026,5:39:40 PM,23.5234375,23.015625,25.62,,25.04,96.79,16.404
1774658380190,3/27/2026,5:39:40 PM,23.5234375,23.015625,25.62,,25.04,96.79,16.404
1774658380398,3/27/2026,5:39:40 PM,23.5234375,23.015625,25.62,,25.04,96.79,16.404
1774658380479,3/27/2026,5:39:40 PM,23.5234375,23.015625,25.62,,25.04,96.79,16.404
1774658380884,3/27/2026,5:39:40 PM,23.5625,23.03125,25.62,,25.01,96.79,16.449
1774658380931,3/27/2026,5:39:40 PM,23.5625,23.03125,25.62,,25.01,96.79,16.449
1774658380983,3/27/2026,5:39:40 PM,23.5625,23.03125,25.62,,25.01,96.79,16.449
1774658381127,3/27/2026,5:39:41 PM,23.5625,23.03125,25.62,,25.01,96.79,16.449
1774658381245,3/27/2026,5:39:41 PM,23.5625,23.03125,25.62,,25.075,96.79,16.449
1774658381639,3/27/2026,5:39:41 PM,23.4765625,23.015625,25.62,,25.075,96.79,16.449
1774658381994,3/27/2026,5:39:41 PM,23.4765625,23.015625,25.62,,25.13,96.791,16.454
1774658382120,3/27/2026,5:39:42 PM,23.578125,23.015625,25.62,,25.13,96.791,16.454
1774658382193,3/27/2026,5:39:42 PM,23.578125,23.015625,25.62,,25.13,96.791,16.454
1774658382398,3/27/2026,5:39:42 PM,23.578125,23.0703125,25.62,,25.13,96.791,16.454
1774658382467,3/27/2026,5:39:42 PM,23.578125,23.0703125,25.62,,25.13,96.791,16.454
1774658382913,3/27/2026,5:39:42 PM,23.5390625,23.0703125,25.62,,25.045,96.791,16.464
1774658382964,3/27/2026,5:39:42 PM,23.5390625,23.0703125,25.62,,25.045,96.791,16.464
1774658383014,3/27/2026,5:39:43 PM,23.5390625,23.0546875,25.62,,25.045,96.791,16.464
1774658383126,3/27/2026,5:39:43 PM,23.5390625,23.0546875,25.62,,25.045,96.791,16.464
1774658383240,3/27/2026,5:39:43 PM,23.5390625,23.0546875,25.62,,25.045,96.791,16.464
1774658383641,3/27/2026,5:39:43 PM,23.625,23.0546875,25.62,,25.045,96.792,16.474
1774658383997,3/27/2026,5:39:43 PM,23.625,23.1015625,25.62,,25.045,96.792,16.474
1774658384116,3/27/2026,5:39:44 PM,23.625,23.1015625,25.62,,25.11,96.791,16.493
1774658384193,3/27/2026,5:39:44 PM,23.625,23.1015625,25.62,,25.11,96.791,16.493
1774658384405,3/27/2026,5:39:44 PM,23.609375,23.1015625,25.62,,25.11,96.791,16.493
1774658384464,3/27/2026,5:39:44 PM,23.609375,23.09375,25.62,,25.11,96.791,16.493
1774658384872,3/27/2026,5:39:44 PM,23.609375,23.09375,25.62,,25.045,96.791,16.478
1774658384923,3/27/2026,5:39:44 PM,23.609375,23.09375,25.62,,25.045,96.791,16.478
1774658384973,3/27/2026,5:39:44 PM,23.5859375,23.09375,25.62,,25.045,96.791,16.478
1774658385135,3/27/2026,5:39:45 PM,23.5859375,23.09375,25.62,,25.045,96.791,16.478
1774658385285,3/27/2026,5:39:45 PM,23.5859375,23.09375,25.62,,25.045,96.791,16.478
1774658385671,3/27/2026,5:39:45 PM,23.5859375,23.09375,25.62,,25.12,96.791,16.503
1774658385997,3/27/2026,5:39:45 PM,23.4140625,23.09375,25.62,,25.12,96.791,16.503
1774658386127,3/27/2026,5:39:46 PM,23.4140625,23.09375,25.62,,25.12,96.791,16.503
1774658386194,3/27/2026,5:39:46 PM,23.4140625,23.09375,25.62,,25.12,96.791,16.503
1774658386405,3/27/2026,5:39:46 PM,23.4375,23.09375,25.62,,25.1,96.791,16.508
1774658386471,3/27/2026,5:39:46 PM,23.4375,23.09375,25.62,,25.1,96.791,16.508
1774658386875,3/27/2026,5:39:46 PM,23.4375,23.0703125,25.62,,25.1,96.791,16.508
1774658386926,3/27/2026,5:39:46 PM,23.4375,23.0703125,25.62,,25.1,96.791,16.508
1774658386977,3/27/2026,5:39:46 PM,23.4375,23.0703125,25.62,,25.02,96.792,16.523
1774658387126,3/27/2026,5:39:47 PM,23.578125,23.0703125,25.62,,25.02,96.792,16.523
1774658387241,3/27/2026,5:39:47 PM,23.578125,23.0703125,25.62,,25.02,96.792,16.523
1774658387637,3/27/2026,5:39:47 PM,23.578125,22.984375,25.62,,25.02,96.792,16.523
1774658387997,3/27/2026,5:39:47 PM,23.46875,22.984375,25.62,,25.07,96.791,16.518
1774658388117,3/27/2026,5:39:48 PM,23.46875,23.078125,25.62,,25.07,96.791,16.518
1774658388194,3/27/2026,5:39:48 PM,23.46875,23.078125,25.62,,25.07,96.791,16.518
1774658388405,3/27/2026,5:39:48 PM,23.46875,23.078125,25.62,,25.08,96.791,16.528
1774658388466,3/27/2026,5:39:48 PM,23.46875,23.078125,25.62,,25.08,96.791,16.528
1774658388868,3/27/2026,5:39:48 PM,23.5,23.015625,25.62,,25.08,96.791,16.528
1774658388921,3/27/2026,5:39:48 PM,23.5,23.015625,25.62,,25.08,96.791,16.528
1774658388973,3/27/2026,5:39:48 PM,23.5,23.015625,25.62,,25.08,96.791,16.528
1774658389137,3/27/2026,5:39:49 PM,23.5,23.015625,25.62,,25,96.791,16.543
1774658389252,3/27/2026,5:39:49 PM,23.5,23.015625,25.62,,25,96.791,16.543
1774658389640,3/27/2026,5:39:49 PM,23.46875,23.09375,25.62,,25,96.791,16.543
1774658389996,3/27/2026,5:39:49 PM,23.46875,23.09375,25.62,,25.125,96.791,16.553
1774658390114,3/27/2026,5:39:50 PM,23.46875,23.09375,25.62,,25.125,96.791,16.553
1774658390195,3/27/2026,5:39:50 PM,23.46875,23.0546875,25.62,,25.125,96.791,16.553
1774658390405,3/27/2026,5:39:50 PM,23.46875,23.0546875,25.62,,25.125,96.791,16.553
1774658390473,3/27/2026,5:39:50 PM,23.46875,23.0546875,25.62,,25.125,96.791,16.553
1774658390869,3/27/2026,5:39:50 PM,23.609375,23.0546875,25.62,,25.07,96.791,16.548
1774658390921,3/27/2026,5:39:50 PM,23.609375,23.125,25.62,,25.07,96.791,16.548
1774658390973,3/27/2026,5:39:50 PM,23.609375,23.125,25.62,,25.07,96.791,16.548
1774658391126,3/27/2026,5:39:51 PM,23.609375,23.125,25.62,,25.07,96.791,16.548
1774658391243,3/27/2026,5:39:51 PM,23.609375,23.125,25.62,,25.07,96.791,16.548
1774658391638,3/27/2026,5:39:51 PM,23.5625,23.09375,25.62,,25.04,96.792,16.563
1774658391996,3/27/2026,5:39:51 PM,23.5625,23.09375,25.62,,25.05,96.791,16.568
1774658392115,3/27/2026,5:39:52 PM,23.5625,23.09375,25.62,,25.05,96.791,16.568
1774658392195,3/27/2026,5:39:52 PM,23.515625,23.09375,25.62,,25.05,96.791,16.568
1774658392407,3/27/2026,5:39:52 PM,23.515625,23.140625,25.62,,25.05,96.791,16.568
1774658392507,3/27/2026,5:39:52 PM,23.515625,23.140625,25.62,,25.05,96.791,16.568
1774658392867,3/27/2026,5:39:52 PM,23.515625,23.140625,25.62,,25.085,96.79,16.553
1774658392919,3/27/2026,5:39:52 PM,23.515625,23.140625,25.62,,25.085,96.79,16.553
1774658392972,3/27/2026,5:39:52 PM,23.515625,23.140625,25.62,,25.085,96.79,16.553
1774658393129,3/27/2026,5:39:53 PM,23.515625,23.078125,25.62,,25.085,96.79,16.553
1774658393248,3/27/2026,5:39:53 PM,23.515625,23.078125,25.62,,25.085,96.79,16.553
1774658393676,3/27/2026,5:39:53 PM,23.4921875,23.078125,25.62,,25,96.791,16.578
1774658393994,3/27/2026,5:39:53 PM,23.4921875,23.0703125,25.62,,25,96.791,16.578
1774658394117,3/27/2026,5:39:54 PM,23.4921875,23.0703125,25.62,,25,96.791,16.578
1774658394191,3/27/2026,5:39:54 PM,23.4921875,23.0703125,25.62,,25.125,96.791,16.597
1774658394399,3/27/2026,5:39:54 PM,23.546875,23.0703125,25.62,,25.125,96.791,16.597
1774658394469,3/27/2026,5:39:54 PM,23.546875,23.0703125,25.62,,25.125,96.791,16.597
1774658394874,3/27/2026,5:39:54 PM,23.546875,23.0703125,25.63,,25.085,96.79,16.593
1774658394929,3/27/2026,5:39:54 PM,23.546875,23.0703125,25.63,,25.085,96.79,16.593
1774658394977,3/27/2026,5:39:54 PM,23.546875,23.0703125,25.63,,25.085,96.79,16.593
1774658395125,3/27/2026,5:39:55 PM,23.5,23.0703125,25.63,,25.085,96.79,16.593
1774658395239,3/27/2026,5:39:55 PM,23.5,23.0546875,25.63,,25.085,96.79,16.593
1774658395660,3/27/2026,5:39:55 PM,23.5,23.0546875,25.63,,25.1,96.79,16.593
1774658395998,3/27/2026,5:39:55 PM,23.453125,23.1015625,25.63,,25.1,96.79,16.593
1774658396112,3/27/2026,5:39:56 PM,23.453125,23.1015625,25.63,,25.1,96.79,16.593
1774658396195,3/27/2026,5:39:56 PM,23.453125,23.1015625,25.63,,25.1,96.79,16.593
1774658396408,3/27/2026,5:39:56 PM,23.453125,23.1015625,25.63,,25.025,96.791,16.608
1774658396485,3/27/2026,5:39:56 PM,23.4296875,23.1015625,25.63,,25.025,96.791,16.608
1774658396869,3/27/2026,5:39:56 PM,23.4296875,23.1796875,25.63,,25.025,96.791,16.608
1774658396920,3/27/2026,5:39:56 PM,23.4296875,23.1796875,25.63,,25.025,96.791,16.608
1774658396976,3/27/2026,5:39:56 PM,23.4296875,23.1796875,25.63,,25.025,96.791,16.608
1774658397180,3/27/2026,5:39:57 PM,23.4296875,23.1796875,25.63,,25.115,96.79,16.612
1774658397243,3/27/2026,5:39:57 PM,23.5234375,23.1796875,25.63,,25.115,96.79,16.612
1774658397641,3/27/2026,5:39:57 PM,23.5234375,23.09375,25.63,,25.115,96.79,16.612
1774658397998,3/27/2026,5:39:57 PM,23.578125,23.09375,25.63,,25.105,96.79,16.598
1774658398113,3/27/2026,5:39:58 PM,23.578125,23.0078125,25.63,,25.105,96.79,16.598
1774658398195,3/27/2026,5:39:58 PM,23.578125,23.0078125,25.63,,25.105,96.79,16.598
1774658398400,3/27/2026,5:39:58 PM,23.578125,23.0078125,25.63,,25.105,96.79,16.598
1774658398471,3/27/2026,5:39:58 PM,23.578125,23.0078125,25.63,,25.08,96.79,16.602
1774658398874,3/27/2026,5:39:58 PM,23.4921875,23.0546875,25.63,,25.08,96.79,16.602
1774658398924,3/27/2026,5:39:58 PM,23.4921875,23.0546875,25.63,,25.08,96.79,16.602
1774658398974,3/27/2026,5:39:58 PM,23.4921875,23.0546875,25.63,,25.08,96.79,16.602
1774658399125,3/27/2026,5:39:59 PM,23.4921875,23.0546875,25.63,,25.08,96.79,16.602
1774658399242,3/27/2026,5:39:59 PM,23.4921875,23.0546875,25.63,,25.135,96.79,16.617
1774658399653,3/27/2026,5:39:59 PM,23.4296875,23.09375,25.63,,25.135,96.79,16.617
1774658399991,3/27/2026,5:39:59 PM,23.4296875,23.09375,25.63,,25.105,96.79,16.608
1774658400111,3/27/2026,5:40:00 PM,23.5390625,23.09375,25.63,,25.105,96.79,16.608
1774658400189,3/27/2026,5:40:00 PM,23.5390625,23.09375,25.63,,25.105,96.79,16.608
1774658400414,3/27/2026,5:40:00 PM,23.5390625,23.046875,25.63,,25.105,96.79,16.608
1774658400464,3/27/2026,5:40:00 PM,23.5390625,23.046875,25.63,,25.105,96.79,16.608
1774658400916,3/27/2026,5:40:00 PM,23.40625,23.046875,25.63,,25.04,96.79,16.632
1774658400967,3/27/2026,5:40:00 PM,23.40625,23.0078125,25.63,,25.04,96.79,16.632
1774658401020,3/27/2026,5:40:01 PM,23.40625,23.0078125,25.63,,25.04,96.79,16.632
1774658401133,3/27/2026,5:40:01 PM,23.40625,23.0078125,25.63,,25.04,96.79,16.632
1774658401254,3/27/2026,5:40:01 PM,23.40625,23.0078125,25.63,,25.04,96.79,16.632
1774658401640,3/27/2026,5:40:01 PM,23.4765625,23.0078125,25.63,,25.085,96.791,16.622
1774658401995,3/27/2026,5:40:01 PM,23.4765625,23.09375,25.63,,25.085,96.791,16.622
1774658402115,3/27/2026,5:40:02 PM,23.4765625,23.09375,25.63,,25.06,96.791,16.623
1774658402191,3/27/2026,5:40:02 PM,23.4765625,23.09375,25.63,,25.06,96.791,16.623
1774658402403,3/27/2026,5:40:02 PM,23.4296875,23.03125,25.63,,25.06,96.791,16.623
1774658402472,3/27/2026,5:40:02 PM,23.4296875,23.03125,25.63,,25.06,96.791,16.623
1774658402875,3/27/2026,5:40:02 PM,23.4296875,23.03125,25.63,,25.12,96.791,16.628
1774658402927,3/27/2026,5:40:02 PM,23.4296875,23.03125,25.63,,25.12,96.791,16.628
1774658402978,3/27/2026,5:40:02 PM,23.625,23.03125,25.63,,25.12,96.791,16.628
1774658403124,3/27/2026,5:40:03 PM,23.625,23.203125,25.63,,25.12,96.791,16.628
1774658403238,3/27/2026,5:40:03 PM,23.625,23.203125,25.63,,25.12,96.791,16.628
1774658403650,3/27/2026,5:40:03 PM,23.625,23.203125,25.63,,25.06,96.791,16.623
1774658403994,3/27/2026,5:40:03 PM,23.453125,23.1171875,25.63,,25.06,96.791,16.623
1774658404133,3/27/2026,5:40:04 PM,23.453125,23.1171875,25.63,,25.06,96.791,16.623
1774658404202,3/27/2026,5:40:04 PM,23.453125,23.1171875,25.63,,25.06,96.791,16.623
1774658404406,3/27/2026,5:40:04 PM,23.515625,23.1171875,25.63,,25.15,96.791,16.647
1774658404465,3/27/2026,5:40:04 PM,23.515625,23.1171875,25.63,,25.15,96.791,16.647
1774658404871,3/27/2026,5:40:04 PM,23.515625,23.09375,25.63,,25.15,96.791,16.647
1774658404924,3/27/2026,5:40:04 PM,23.515625,23.09375,25.63,,25.15,96.791,16.647
1774658404974,3/27/2026,5:40:04 PM,23.515625,23.09375,25.63,,25.135,96.79,16.657
1774658405129,3/27/2026,5:40:05 PM,23.5,23.09375,25.63,,25.135,96.79,16.657
1774658405249,3/27/2026,5:40:05 PM,23.5,23.09375,25.63,,25.135,96.79,16.657
1774658405639,3/27/2026,5:40:05 PM,23.5,23.1796875,25.63,,25.135,96.79,16.657
1774658405997,3/27/2026,5:40:05 PM,23.5,23.09375,25.63,,25.135,96.791,16.652
1774658406116,3/27/2026,5:40:06 PM,23.5,23.09375,25.63,,25.135,96.791,16.652
1774658406192,3/27/2026,5:40:06 PM,23.5,23.09375,25.63,,25.135,96.791,16.652
1774658406405,3/27/2026,5:40:06 PM,23.5,23.09375,25.63,,25.085,96.79,16.672
1774658406469,3/27/2026,5:40:06 PM,23.5,23.09375,25.63,,25.085,96.79,16.672
1774658406875,3/27/2026,5:40:06 PM,23.546875,23.1015625,25.63,,25.085,96.79,16.672
1774658406926,3/27/2026,5:40:06 PM,23.546875,23.1015625,25.63,,25.085,96.79,16.672
1774658406977,3/27/2026,5:40:06 PM,23.546875,23.1015625,25.63,,25.085,96.79,16.672
1774658407129,3/27/2026,5:40:07 PM,23.546875,23.1015625,25.62,,25.065,96.79,16.672
1774658407244,3/27/2026,5:40:07 PM,23.546875,23.1015625,25.62,,25.065,96.79,16.672
1774658407638,3/27/2026,5:40:07 PM,23.515625,23.0546875,25.62,,25.065,96.79,16.672
1774658407995,3/27/2026,5:40:07 PM,23.4375,23.0546875,25.62,,25.13,96.789,16.672
1774658408145,3/27/2026,5:40:08 PM,23.4375,23.0546875,25.62,,25.13,96.789,16.672
1774658408194,3/27/2026,5:40:08 PM,23.4375,23.125,25.62,,25.13,96.789,16.672
1774658408412,3/27/2026,5:40:08 PM,23.4375,23.125,25.62,,25.13,96.789,16.672
1774658408473,3/27/2026,5:40:08 PM,23.4375,23.125,25.62,,25.13,96.789,16.672
1774658408876,3/27/2026,5:40:08 PM,23.5,23.1015625,25.62,,25.065,96.789,16.686
1774658408927,3/27/2026,5:40:08 PM,23.5,23.1015625,25.62,,25.065,96.789,16.686
1774658408980,3/27/2026,5:40:08 PM,23.5,23.1015625,25.62,,25.065,96.789,16.686
1774658409130,3/27/2026,5:40:09 PM,23.5,23.1015625,25.62,,25.065,96.789,16.686
1774658409243,3/27/2026,5:40:09 PM,23.5,23.1015625,25.62,,25.09,96.789,16.711
1774658409671,3/27/2026,5:40:09 PM,23.3671875,23.046875,25.62,,25.09,96.789,16.711
1774658409997,3/27/2026,5:40:09 PM,23.3671875,23.046875,25.62,,25.025,96.789,16.726
1774658410119,3/27/2026,5:40:10 PM,23.3671875,23.046875,25.62,,25.025,96.789,16.726
1774658410189,3/27/2026,5:40:10 PM,23.5,23.046875,25.62,,25.025,96.789,16.726
1774658410398,3/27/2026,5:40:10 PM,23.5,23.078125,25.62,,25.025,96.789,16.726
1774658410503,3/27/2026,5:40:10 PM,23.5,23.078125,25.62,,25.025,96.789,16.726
1774658410776,3/27/2026,5:40:10 PM,23.5,23.078125,25.62,,25.045,96.79,16.746
1774658410869,3/27/2026,5:40:10 PM,23.46875,23.078125,25.62,,25.045,96.79,16.746
1774658410921,3/27/2026,5:40:10 PM,23.46875,23.078125,25.62,,25.045,96.79,16.746
1774658410973,3/27/2026,5:40:10 PM,23.46875,23.078125,25.62,,25.045,96.79,16.746
1774658411126,3/27/2026,5:40:11 PM,23.46875,23.125,25.62,,25.045,96.79,16.746
1774658411239,3/27/2026,5:40:11 PM,23.46875,23.125,25.62,,25.045,96.79,16.746
1774658411501,3/27/2026,5:40:11 PM,23.46875,23.125,25.62,,25.115,96.79,16.771
1774658411644,3/27/2026,5:40:11 PM,23.6328125,23.125,25.62,,25.115,96.79,16.771
1774658411991,3/27/2026,5:40:11 PM,23.6328125,23.09375,25.62,,25.115,96.79,16.771
1774658412119,3/27/2026,5:40:12 PM,23.6328125,23.09375,25.62,,25.115,96.79,16.771
1774658412194,3/27/2026,5:40:12 PM,23.6328125,23.09375,25.62,,25.095,96.79,16.776
1774658412404,3/27/2026,5:40:12 PM,23.6015625,23.09375,25.62,,25.095,96.79,16.776
1774658412474,3/27/2026,5:40:12 PM,23.6015625,23.09375,25.62,,25.095,96.79,16.776
1774658412551,3/27/2026,5:40:12 PM,23.6015625,23.09375,25.62,,25.095,96.79,16.776
1774658412785,3/27/2026,5:40:12 PM,23.6015625,23.09375,25.62,,25.095,96.79,16.776
1774658412871,3/27/2026,5:40:12 PM,23.6015625,23.09375,25.62,,25.035,96.789,16.786
1774658412922,3/27/2026,5:40:12 PM,23.6015625,23.09375,25.62,,25.035,96.789,16.786
1774658412973,3/27/2026,5:40:12 PM,23.6015625,23.09375,25.62,,25.035,96.789,16.786
1774658413124,3/27/2026,5:40:13 PM,23.546875,23.09375,25.62,,25.035,96.789,16.786
1774658413239,3/27/2026,5:40:13 PM,23.546875,23.140625,25.62,,25.035,96.789,16.786
1774658413658,3/27/2026,5:40:13 PM,23.546875,23.140625,25.62,,25.075,96.788,16.796
1774658413998,3/27/2026,5:40:13 PM,23.5625,23.0703125,25.62,,25.075,96.788,16.796
1774658414118,3/27/2026,5:40:14 PM,23.5625,23.0703125,25.62,,25.075,96.788,16.796
1774658414195,3/27/2026,5:40:14 PM,23.5625,23.0703125,25.62,,25.075,96.788,16.796
1774658414402,3/27/2026,5:40:14 PM,23.5625,23.0703125,25.63,,25.045,96.79,16.816
1774658414467,3/27/2026,5:40:14 PM,23.5,23.0703125,25.63,,25.045,96.79,16.816
1774658414653,3/27/2026,5:40:14 PM,23.5,23.125,25.63,,25.045,96.79,16.816
1774658414779,3/27/2026,5:40:14 PM,23.5,23.125,25.63,,25.045,96.79,16.816
1774658414869,3/27/2026,5:40:14 PM,23.5,23.125,25.63,,25.045,96.79,16.816
1774658414920,3/27/2026,5:40:14 PM,23.5,23.125,25.63,,25.045,96.79,16.816
1774658414977,3/27/2026,5:40:14 PM,23.5,23.125,25.63,,25.045,96.79,16.816
1774658415130,3/27/2026,5:40:15 PM,23.5,23.125,25.63,,25.085,96.79,16.831
1774658415241,3/27/2026,5:40:15 PM,23.46875,23.125,25.63,,25.085,96.79,16.831
1774658415646,3/27/2026,5:40:15 PM,23.46875,23.1171875,25.63,,25.085,96.79,16.831
1774658415707,3/27/2026,5:40:15 PM,23.46875,23.1171875,25.63,,25.085,96.79,16.831
1774658415997,3/27/2026,5:40:15 PM,23.5625,23.1171875,25.63,,25.1,96.79,16.835
1774658416124,3/27/2026,5:40:16 PM,23.5625,23.125,25.63,,25.1,96.79,16.835
1774658416189,3/27/2026,5:40:16 PM,23.5625,23.125,25.63,,25.1,96.79,16.835
1774658416401,3/27/2026,5:40:16 PM,23.5625,23.125,25.63,,25.1,96.79,16.835
1774658416472,3/27/2026,5:40:16 PM,23.5625,23.125,25.63,,25.07,96.79,16.84
1774658416757,3/27/2026,5:40:16 PM,23.515625,23.125,25.63,,25.07,96.79,16.84
1774658416811,3/27/2026,5:40:16 PM,23.515625,23.1796875,25.63,,25.07,96.79,16.84
1774658416876,3/27/2026,5:40:16 PM,23.515625,23.1796875,25.63,,25.07,96.79,16.84
1774658416948,3/27/2026,5:40:16 PM,23.515625,23.1796875,25.63,,25.07,96.79,16.84
1774658417005,3/27/2026,5:40:17 PM,23.515625,23.1796875,25.63,,25.07,96.79,16.84
1774658417132,3/27/2026,5:40:17 PM,23.515625,23.1796875,25.63,,25.07,96.79,16.84
1774658417246,3/27/2026,5:40:17 PM,23.515625,23.1796875,25.63,2.454,25.09,96.79,16.855
1774658417638,3/27/2026,5:40:17 PM,23.6015625,23.09375,25.63,2.454,25.09,96.79,16.855
1774658417812,3/27/2026,5:40:17 PM,23.6015625,23.09375,25.63,2.454,25.09,96.79,16.855
1774658417995,3/27/2026,5:40:17 PM,23.6015625,23.09375,25.63,1.676,25,96.79,16.855
1774658418115,3/27/2026,5:40:18 PM,23.4296875,23.09375,25.63,1.676,25,96.79,16.855
1774658418197,3/27/2026,5:40:18 PM,23.4296875,23.09375,25.63,1.676,25,96.79,16.855
1774658418416,3/27/2026,5:40:18 PM,23.4296875,23.125,25.63,1.676,25,96.79,16.855
1774658418472,3/27/2026,5:40:18 PM,23.4296875,23.125,25.63,1.676,25,96.79,16.855
1774658418786,3/27/2026,5:40:18 PM,23.40625,23.125,25.63,1.691,25.06,96.79,16.865
1774658418861,3/27/2026,5:40:18 PM,23.40625,23.125,25.63,1.691,25.06,96.79,16.865
1774658418911,3/27/2026,5:40:18 PM,23.40625,23.125,25.63,1.691,25.06,96.79,16.865
1774658418980,3/27/2026,5:40:18 PM,23.40625,23.1171875,25.63,1.691,25.06,96.79,16.865
1774658419016,3/27/2026,5:40:19 PM,23.40625,23.1171875,25.63,1.691,25.06,96.79,16.865
1774658419128,3/27/2026,5:40:19 PM,23.40625,23.1171875,25.63,1.691,25.06,96.79,16.865
1774658419234,3/27/2026,5:40:19 PM,23.40625,23.1171875,25.63,1.691,25.06,96.79,16.865
1774658419644,3/27/2026,5:40:19 PM,23.5390625,23.1171875,25.63,1.692,25.04,96.79,16.88
1774658419993,3/27/2026,5:40:19 PM,23.5390625,23.09375,25.63,1.692,25.04,96.79,16.88
1774658420116,3/27/2026,5:40:20 PM,23.5390625,23.09375,25.63,1.698,25.02,96.79,16.875
1774658420189,3/27/2026,5:40:20 PM,23.5390625,23.09375,25.63,1.698,25.02,96.79,16.875
1774658420402,3/27/2026,5:40:20 PM,23.4921875,23.0703125,25.63,1.698,25.02,96.79,16.875
1774658420471,3/27/2026,5:40:20 PM,23.4921875,23.0703125,25.63,1.698,25.02,96.79,16.875
1774658420783,3/27/2026,5:40:20 PM,23.4921875,23.0703125,25.63,1.7,25.01,96.791,16.9
1774658420873,3/27/2026,5:40:20 PM,23.4921875,23.0703125,25.63,1.7,25.01,96.791,16.9
1774658420924,3/27/2026,5:40:20 PM,23.453125,23.0703125,25.63,1.7,25.01,96.791,16.9
1774658420978,3/27/2026,5:40:20 PM,23.453125,23.0703125,25.63,1.7,25.01,96.791,16.9
1774658421030,3/27/2026,5:40:21 PM,23.453125,23.0703125,25.63,1.7,25.01,96.791,16.9
1774658421134,3/27/2026,5:40:21 PM,23.453125,23.1875,25.63,1.7,25.01,96.791,16.9
1774658421242,3/27/2026,5:40:21 PM,23.453125,23.1875,25.63,1.7,25.01,96.791,16.9
1774658421644,3/27/2026,5:40:21 PM,23.5,23.1875,25.63,1.7,25.06,96.79,16.895
1774658422004,3/27/2026,5:40:22 PM,23.5,23.296875,25.63,1.7,25.06,96.79,16.895
1774658422079,3/27/2026,5:40:22 PM,23.5,23.296875,25.63,1.7,25.06,96.79,16.895
1774658422132,3/27/2026,5:40:22 PM,23.5,23.296875,25.63,1.7,25.06,96.79,16.895
1774658422194,3/27/2026,5:40:22 PM,23.5,23.296875,25.63,1.7,25,96.791,16.89
1774658422400,3/27/2026,5:40:22 PM,23.4140625,23.296875,25.63,1.7,25,96.791,16.89
1774658422466,3/27/2026,5:40:22 PM,23.4140625,23.296875,25.63,1.7,25,96.791,16.89
1774658422780,3/27/2026,5:40:22 PM,23.4140625,23.234375,25.63,1.7,25,96.791,16.89
1774658422879,3/27/2026,5:40:22 PM,23.4140625,23.234375,25.63,1.7,25,96.791,16.89
1774658422930,3/27/2026,5:40:22 PM,23.4140625,23.234375,25.63,1.701,25.025,96.79,16.91
1774658422981,3/27/2026,5:40:22 PM,23.4140625,23.234375,25.63,1.701,25.025,96.79,16.91
1774658423132,3/27/2026,5:40:23 PM,23.4765625,23.234375,25.63,1.701,25.025,96.79,16.91
1774658423179,3/27/2026,5:40:23 PM,23.4765625,23.234375,25.63,1.701,25.025,96.79,16.91
1774658423253,3/27/2026,5:40:23 PM,23.4765625,23.1875,25.63,1.701,25.025,96.79,16.91
1774658423666,3/27/2026,5:40:23 PM,23.4765625,23.1875,25.63,1.703,25.01,96.791,16.92
1774658423994,3/27/2026,5:40:23 PM,23.4921875,23.140625,25.63,1.703,25.01,96.791,16.92
1774658424113,3/27/2026,5:40:24 PM,23.4921875,23.140625,25.63,1.703,25.01,96.791,16.92
1774658424191,3/27/2026,5:40:24 PM,23.4921875,23.140625,25.63,1.703,25.01,96.791,16.92
1774658424240,3/27/2026,5:40:24 PM,23.4921875,23.140625,25.63,1.703,25.01,96.791,16.92
1774658424400,3/27/2026,5:40:24 PM,23.4921875,23.140625,25.63,1.7,25.04,96.791,16.905
1774658424470,3/27/2026,5:40:24 PM,23.4921875,23.140625,25.63,1.7,25.04,96.791,16.905
1774658424780,3/27/2026,5:40:24 PM,23.4296875,23.1171875,25.63,1.7,25.04,96.791,16.905
1774658424877,3/27/2026,5:40:24 PM,23.4296875,23.1171875,25.63,1.7,25.04,96.791,16.905
1774658424924,3/27/2026,5:40:24 PM,23.4296875,23.1171875,25.63,1.7,25.04,96.791,16.905
1774658424976,3/27/2026,5:40:24 PM,23.4296875,23.1171875,25.63,1.7,25.04,96.791,16.905
1774658425130,3/27/2026,5:40:25 PM,23.4296875,23.1171875,25.63,1.701,25,96.791,16.92
1774658425250,3/27/2026,5:40:25 PM,23.5390625,23.1171875,25.63,1.701,25,96.791,16.92
1774658425306,3/27/2026,5:40:25 PM,23.5390625,23.1171875,25.63,1.701,25,96.791,16.92
1774658425638,3/27/2026,5:40:25 PM,23.5390625,23.1171875,25.63,1.701,25,96.791,16.92
1774658425994,3/27/2026,5:40:25 PM,23.328125,23.1171875,25.63,1.705,25.03,96.791,16.93
1774658426119,3/27/2026,5:40:26 PM,23.328125,23.140625,25.63,1.705,25.03,96.791,16.93
1774658426188,3/27/2026,5:40:26 PM,23.328125,23.140625,25.63,1.705,25.03,96.791,16.93
1774658426350,3/27/2026,5:40:26 PM,23.328125,23.140625,25.63,1.705,25.03,96.791,16.93
1774658426422,3/27/2026,5:40:26 PM,23.328125,23.140625,25.63,1.705,25.03,96.791,16.93
1774658426476,3/27/2026,5:40:26 PM,23.328125,23.140625,25.63,1.705,25.03,96.791,16.93
1774658426785,3/27/2026,5:40:26 PM,23.3828125,23.140625,25.63,1.702,25.005,96.792,16.915
1774658426876,3/27/2026,5:40:26 PM,23.3828125,23.125,25.63,1.702,25.005,96.792,16.915
1774658426925,3/27/2026,5:40:26 PM,23.3828125,23.125,25.63,1.702,25.005,96.792,16.915
1774658426978,3/27/2026,5:40:26 PM,23.3828125,23.125,25.63,1.702,25.005,96.792,16.915
1774658427129,3/27/2026,5:40:27 PM,23.3828125,23.125,25.63,1.702,25.005,96.792,16.915
1774658427247,3/27/2026,5:40:27 PM,23.3828125,23.125,25.63,1.7,24.98,96.792,16.93
1774658427643,3/27/2026,5:40:27 PM,23.5625,23.140625,25.63,1.7,24.98,96.792,16.93
1774658427995,3/27/2026,5:40:27 PM,23.5625,23.140625,25.63,1.701,24.96,96.792,16.945
1774658428117,3/27/2026,5:40:28 PM,23.453125,23.140625,25.63,1.701,24.96,96.792,16.945
1774658428192,3/27/2026,5:40:28 PM,23.453125,23.140625,25.63,1.701,24.96,96.792,16.945
1774658428399,3/27/2026,5:40:28 PM,23.453125,23.15625,25.63,1.701,24.96,96.792,16.945
1774658428453,3/27/2026,5:40:28 PM,23.453125,23.15625,25.63,1.701,24.96,96.792,16.945
1774658428508,3/27/2026,5:40:28 PM,23.453125,23.15625,25.63,1.701,24.96,96.792,16.945
1774658428788,3/27/2026,5:40:28 PM,23.453125,23.15625,25.63,1.699,25.08,96.791,16.95
1774658428878,3/27/2026,5:40:28 PM,23.3828125,23.15625,25.63,1.699,25.08,96.791,16.95
1774658428930,3/27/2026,5:40:28 PM,23.3828125,23.15625,25.63,1.699,25.08,96.791,16.95
1774658428979,3/27/2026,5:40:28 PM,23.3828125,23.15625,25.63,1.699,25.08,96.791,16.95
1774658429130,3/27/2026,5:40:29 PM,23.3828125,23.1875,25.63,1.699,25.08,96.791,16.95
1774658429247,3/27/2026,5:40:29 PM,23.3828125,23.1875,25.63,1.699,25.08,96.791,16.95
1774658429504,3/27/2026,5:40:29 PM,23.3828125,23.1875,25.63,1.704,25.03,96.791,16.935
1774658429644,3/27/2026,5:40:29 PM,23.5390625,23.1875,25.63,1.704,25.03,96.791,16.935
1774658429998,3/27/2026,5:40:29 PM,23.5390625,23.1015625,25.63,1.704,25.03,96.791,16.935
1774658430120,3/27/2026,5:40:30 PM,23.5390625,23.1015625,25.62,1.706,24.965,96.791,16.95
1774658430198,3/27/2026,5:40:30 PM,23.5390625,23.1015625,25.62,1.706,24.965,96.791,16.95
1774658430403,3/27/2026,5:40:30 PM,23.46875,23.1015625,25.62,1.706,24.965,96.791,16.95
1774658430468,3/27/2026,5:40:30 PM,23.46875,23.15625,25.62,1.706,24.965,96.791,16.95
1774658430559,3/27/2026,5:40:30 PM,23.46875,23.15625,25.62,1.706,24.965,96.791,16.95
1774658430779,3/27/2026,5:40:30 PM,23.46875,23.15625,25.62,1.706,24.965,96.791,16.95
1774658430881,3/27/2026,5:40:30 PM,23.46875,23.15625,25.62,1.706,24.995,96.791,16.959
1774658430934,3/27/2026,5:40:30 PM,23.46875,23.15625,25.62,1.706,24.995,96.791,16.959
1774658430984,3/27/2026,5:40:30 PM,23.5,23.15625,25.62,1.706,24.995,96.791,16.959
1774658431129,3/27/2026,5:40:31 PM,23.5,23.15625,25.62,1.706,24.995,96.791,16.959
1774658431303,3/27/2026,5:40:31 PM,23.5,23.0546875,25.62,1.706,24.995,96.791,16.959
1774658431610,3/27/2026,5:40:31 PM,23.5,23.0546875,25.62,1.702,24.97,96.792,16.964
1774658431660,3/27/2026,5:40:31 PM,23.5,23.0546875,25.62,1.702,24.97,96.792,16.964
1774658432002,3/27/2026,5:40:32 PM,23.359375,23.1875,25.62,1.702,24.97,96.792,16.964
1774658432125,3/27/2026,5:40:32 PM,23.359375,23.1875,25.62,1.702,24.97,96.792,16.964
1774658432194,3/27/2026,5:40:32 PM,23.359375,23.1875,25.62,1.702,24.97,96.792,16.964
1774658432398,3/27/2026,5:40:32 PM,23.359375,23.1875,25.62,1.698,24.99,96.791,16.964
1774658432469,3/27/2026,5:40:32 PM,23.4765625,23.1875,25.62,1.698,24.99,96.791,16.964
1774658432659,3/27/2026,5:40:32 PM,23.4765625,23.09375,25.62,1.698,24.99,96.791,16.964
1774658432779,3/27/2026,5:40:32 PM,23.4765625,23.09375,25.62,1.698,24.99,96.791,16.964
1774658432871,3/27/2026,5:40:32 PM,23.4765625,23.09375,25.62,1.698,24.99,96.791,16.964
1774658432924,3/27/2026,5:40:32 PM,23.4765625,23.09375,25.62,1.698,24.99,96.791,16.964
1774658432975,3/27/2026,5:40:32 PM,23.4765625,23.09375,25.62,1.698,24.99,96.791,16.954
1774658433131,3/27/2026,5:40:33 PM,23.4765625,23.09375,25.62,1.703,25.015,96.791,16.954
1774658433252,3/27/2026,5:40:33 PM,23.5625,23.09375,25.62,1.703,25.015,96.791,16.954
1774658433644,3/27/2026,5:40:33 PM,23.5625,23.046875,25.62,1.703,25.015,96.791,16.954
1774658433710,3/27/2026,5:40:33 PM,23.5625,23.046875,25.63,1.705,24.975,96.791,16.969
1774658433993,3/27/2026,5:40:33 PM,23.3671875,23.046875,25.63,1.705,24.975,96.791,16.969
1774658434117,3/27/2026,5:40:34 PM,23.3671875,23.1171875,25.63,1.705,24.975,96.791,16.969
1774658434195,3/27/2026,5:40:34 PM,23.3671875,23.1171875,25.63,1.705,24.975,96.791,16.969
1774658434401,3/27/2026,5:40:34 PM,23.3671875,23.1171875,25.63,1.705,24.975,96.791,16.969
1774658434468,3/27/2026,5:40:34 PM,23.3671875,23.1171875,25.62,1.7,24.94,96.791,16.974
1774658434774,3/27/2026,5:40:34 PM,23.3828125,23.0546875,25.62,1.7,24.94,96.791,16.974
1774658434817,3/27/2026,5:40:34 PM,23.3828125,23.0546875,25.62,1.7,24.94,96.791,16.974
1774658434893,3/27/2026,5:40:34 PM,23.3828125,23.0546875,25.62,1.7,24.94,96.791,16.974
1774658434944,3/27/2026,5:40:34 PM,23.3828125,23.0546875,25.62,1.7,24.94,96.791,16.974
1774658434995,3/27/2026,5:40:34 PM,23.3828125,23.0546875,25.62,1.7,24.94,96.791,16.974
1774658435138,3/27/2026,5:40:35 PM,23.3828125,23.0546875,25.63,1.705,25,96.792,16.979
1774658435255,3/27/2026,5:40:35 PM,23.3828125,23.0546875,25.63,1.705,25,96.792,16.979
1774658435648,3/27/2026,5:40:35 PM,23.390625,23.0546875,25.63,1.705,25,96.792,16.979
1774658435823,3/27/2026,5:40:35 PM,23.390625,23.0546875,25.63,1.705,25,96.792,16.979
1774658436002,3/27/2026,5:40:36 PM,23.390625,23.0546875,25.63,1.704,24.975,96.791,16.965
1774658436122,3/27/2026,5:40:36 PM,23.4921875,23.0546875,25.63,1.704,24.975,96.791,16.965
1774658436189,3/27/2026,5:40:36 PM,23.4921875,22.9921875,25.63,1.704,24.975,96.791,16.965
1774658436404,3/27/2026,5:40:36 PM,23.4921875,22.9921875,25.63,1.704,24.975,96.791,16.965
1774658436474,3/27/2026,5:40:36 PM,23.4921875,22.9921875,25.63,1.704,24.975,96.791,16.965
1774658436781,3/27/2026,5:40:36 PM,23.3671875,22.9921875,25.63,1.705,24.935,96.79,16.97
1774658436886,3/27/2026,5:40:36 PM,23.3671875,22.9921875,25.63,1.705,24.935,96.79,16.97
1774658436921,3/27/2026,5:40:36 PM,23.3671875,23.0546875,25.63,1.705,24.935,96.79,16.97
1774658436973,3/27/2026,5:40:36 PM,23.3671875,23.0546875,25.63,1.705,24.935,96.79,16.97
1774658437027,3/27/2026,5:40:37 PM,23.3671875,23.0546875,25.63,1.705,24.935,96.79,16.97
1774658437135,3/27/2026,5:40:37 PM,23.3671875,23.0546875,25.63,1.705,24.935,96.79,16.97
1774658437257,3/27/2026,5:40:37 PM,23.3671875,23.0546875,25.63,1.705,24.935,96.79,16.97
1774658437917,3/27/2026,5:40:37 PM,23.3671875,23.09375,25.63,1.705,24.99,96.79,16.96
1774658437949,3/27/2026,5:40:37 PM,23.3671875,23.09375,25.63,1.705,24.99,96.79,16.96
1774658438028,3/27/2026,5:40:38 PM,23.3671875,23.09375,25.63,1.703,24.98,96.79,16.965
1774658438110,3/27/2026,5:40:38 PM,23.3671875,23.09375,25.63,1.703,24.98,96.79,16.965
1774658438193,3/27/2026,5:40:38 PM,23.546875,23.09375,25.63,1.703,24.98,96.79,16.965
1774658438402,3/27/2026,5:40:38 PM,23.546875,23.0703125,25.63,1.703,24.98,96.79,16.965
1774658438479,3/27/2026,5:40:38 PM,23.546875,23.0703125,25.63,1.703,24.98,96.79,16.965
1774658438791,3/27/2026,5:40:38 PM,23.546875,23.0703125,25.62,1.702,24.995,96.791,16.959
1774658438874,3/27/2026,5:40:38 PM,23.546875,23.0703125,25.62,1.702,24.995,96.791,16.959
1774658438925,3/27/2026,5:40:38 PM,23.5390625,23.0703125,25.62,1.702,24.995,96.791,16.959
1774658438974,3/27/2026,5:40:38 PM,23.5390625,23.0703125,25.62,1.702,24.995,96.791,16.959
1774658439026,3/27/2026,5:40:39 PM,23.5390625,23.0703125,25.62,1.702,24.995,96.791,16.959
1774658439134,3/27/2026,5:40:39 PM,23.5390625,22.984375,25.62,1.702,24.995,96.791,16.959
1774658439248,3/27/2026,5:40:39 PM,23.5390625,22.984375,25.62,1.702,24.995,96.791,16.959
1774658439672,3/27/2026,5:40:39 PM,23.328125,22.984375,25.62,1.704,25.05,96.791,16.969
1774658439996,3/27/2026,5:40:39 PM,23.328125,23.0546875,25.62,1.704,25.05,96.791,16.969
1774658440078,3/27/2026,5:40:40 PM,23.328125,23.0546875,25.62,1.704,25.05,96.791,16.969
1774658440130,3/27/2026,5:40:40 PM,23.328125,23.0546875,25.62,1.704,25.05,96.791,16.969
1774658440193,3/27/2026,5:40:40 PM,23.328125,23.0546875,25.62,1.706,25,96.791,16.954
1774658440409,3/27/2026,5:40:40 PM,23.5234375,23.0546875,25.62,1.706,25,96.791,16.954
1774658440465,3/27/2026,5:40:40 PM,23.5234375,23.0546875,25.62,1.706,25,96.791,16.954
1774658440782,3/27/2026,5:40:40 PM,23.5234375,23.0546875,25.62,1.706,25,96.791,16.954
1774658440875,3/27/2026,5:40:40 PM,23.5234375,23.0546875,25.62,1.706,25,96.791,16.954
1774658440928,3/27/2026,5:40:40 PM,23.5234375,23.0546875,25.62,1.704,24.94,96.791,16.939
1774658440980,3/27/2026,5:40:40 PM,23.5234375,23.0546875,25.62,1.704,24.94,96.791,16.939
1774658441128,3/27/2026,5:40:41 PM,23.4765625,23.0546875,25.62,1.704,24.94,96.791,16.939
1774658441179,3/27/2026,5:40:41 PM,23.4765625,23.0546875,25.62,1.704,24.94,96.791,16.939
1774658441246,3/27/2026,5:40:41 PM,23.4765625,23.0546875,25.62,1.704,24.94,96.791,16.939
1774658441639,3/27/2026,5:40:41 PM,23.4765625,23.0546875,25.62,1.706,24.96,96.79,16.934
1774658441995,3/27/2026,5:40:41 PM,23.5234375,22.96875,25.62,1.706,24.96,96.79,16.934
1774658442112,3/27/2026,5:40:42 PM,23.5234375,22.96875,25.62,1.706,24.96,96.79,16.934
1774658442192,3/27/2026,5:40:42 PM,23.5234375,22.96875,25.62,1.706,24.96,96.79,16.934
1774658442244,3/27/2026,5:40:42 PM,23.5234375,22.96875,25.62,1.706,24.96,96.79,16.934
1774658442398,3/27/2026,5:40:42 PM,23.5234375,22.96875,25.62,1.706,24.96,96.791,16.944
1774658442469,3/27/2026,5:40:42 PM,23.5234375,22.96875,25.62,1.706,24.96,96.791,16.944
1774658442781,3/27/2026,5:40:42 PM,23.390625,23.0078125,25.62,1.706,24.96,96.791,16.944
1774658442879,3/27/2026,5:40:42 PM,23.390625,23.0078125,25.62,1.706,24.96,96.791,16.944
1774658442928,3/27/2026,5:40:42 PM,23.390625,23.0078125,25.62,1.706,24.96,96.791,16.944
1774658442980,3/27/2026,5:40:42 PM,23.390625,23.0078125,25.62,1.706,24.96,96.791,16.944
1774658443127,3/27/2026,5:40:43 PM,23.390625,23.0078125,25.62,1.706,24.99,96.791,16.919
1774658443242,3/27/2026,5:40:43 PM,23.453125,23.0078125,25.62,1.706,24.99,96.791,16.919
1774658443294,3/27/2026,5:40:43 PM,23.453125,23.0078125,25.62,1.706,24.99,96.791,16.919
1774658443699,3/27/2026,5:40:43 PM,23.453125,22.9609375,25.62,1.706,24.99,96.791,16.919
1774658443995,3/27/2026,5:40:43 PM,23.453125,22.9609375,25.61,1.705,25.005,96.791,16.904
1774658444115,3/27/2026,5:40:44 PM,23.453125,22.9375,25.61,1.705,25.005,96.791,16.904
1774658444189,3/27/2026,5:40:44 PM,23.453125,22.9375,25.61,1.705,25.005,96.791,16.904
1774658444346,3/27/2026,5:40:44 PM,23.453125,22.9375,25.61,1.705,25.005,96.791,16.904
1774658444398,3/27/2026,5:40:44 PM,23.453125,22.9375,25.61,1.705,25.005,96.791,16.904
1774658444470,3/27/2026,5:40:44 PM,23.453125,22.9375,25.61,1.705,25.005,96.791,16.904
1774658444778,3/27/2026,5:40:44 PM,23.34375,22.9375,25.61,1.701,24.98,96.792,16.904
1774658444872,3/27/2026,5:40:44 PM,23.34375,23.03125,25.61,1.701,24.98,96.792,16.904
1774658444923,3/27/2026,5:40:44 PM,23.34375,23.03125,25.61,1.701,24.98,96.792,16.904
1774658444974,3/27/2026,5:40:44 PM,23.34375,23.03125,25.61,1.701,24.98,96.792,16.904
1774658445145,3/27/2026,5:40:45 PM,23.34375,23.03125,25.61,1.701,24.98,96.792,16.904
1774658445238,3/27/2026,5:40:45 PM,23.34375,23.03125,25.61,1.706,24.935,96.791,16.904
1774658445640,3/27/2026,5:40:45 PM,23.6015625,23.046875,25.61,1.706,24.935,96.791,16.904
1774658445998,3/27/2026,5:40:45 PM,23.6015625,23.046875,25.61,1.702,24.99,96.791,16.899
1774658446123,3/27/2026,5:40:46 PM,23.5625,23.046875,25.61,1.702,24.99,96.791,16.899
1774658446191,3/27/2026,5:40:46 PM,23.5625,23.046875,25.61,1.702,24.99,96.791,16.899
1774658446404,3/27/2026,5:40:46 PM,23.5625,23.03125,25.61,1.702,24.99,96.791,16.899
1774658446452,3/27/2026,5:40:46 PM,23.5625,23.03125,25.61,1.702,24.99,96.791,16.899
1774658446505,3/27/2026,5:40:46 PM,23.5625,23.03125,25.61,1.702,24.99,96.791,16.899
1774658446784,3/27/2026,5:40:46 PM,23.5625,23.03125,25.61,1.703,24.985,96.792,16.889
1774658446873,3/27/2026,5:40:46 PM,23.4765625,23.03125,25.61,1.703,24.985,96.792,16.889
1774658446925,3/27/2026,5:40:46 PM,23.4765625,23.03125,25.61,1.703,24.985,96.792,16.889
1774658446974,3/27/2026,5:40:46 PM,23.4765625,22.96875,25.61,1.703,24.985,96.792,16.889
1774658447130,3/27/2026,5:40:47 PM,23.4765625,22.96875,25.61,1.703,24.985,96.792,16.889
1774658447255,3/27/2026,5:40:47 PM,23.4765625,22.96875,25.61,1.703,24.985,96.792,16.889
1774658447504,3/27/2026,5:40:47 PM,23.4765625,22.96875,25.61,0.001,24.99,96.792,16.874
1774658447653,3/27/2026,5:40:47 PM,23.40625,22.96875,25.61,0.001,24.99,96.792,16.874
1774658448019,3/27/2026,5:40:48 PM,23.40625,23.015625,25.61,0.001,24.99,96.792,16.874
1774658448138,3/27/2026,5:40:48 PM,23.40625,23.015625,25.61,,25.02,96.79,16.884
1774658448199,3/27/2026,5:40:48 PM,23.40625,23.015625,25.61,,25.02,96.79,16.884
1774658448413,3/27/2026,5:40:48 PM,23.515625,23.0546875,25.61,,25.02,96.79,16.884
1774658448468,3/27/2026,5:40:48 PM,23.515625,23.0546875,25.61,,25.02,96.79,16.884
1774658448556,3/27/2026,5:40:48 PM,23.515625,23.0546875,25.61,,25.02,96.79,16.884
1774658448781,3/27/2026,5:40:48 PM,23.515625,23.0546875,25.61,,25.02,96.79,16.884
1774658448871,3/27/2026,5:40:48 PM,23.515625,23.0546875,25.61,,24.945,96.791,16.859
1774658448922,3/27/2026,5:40:48 PM,23.515625,23.0546875,25.61,,24.945,96.791,16.859
1774658448972,3/27/2026,5:40:48 PM,23.4375,23.0546875,25.61,,24.945,96.791,16.859
1774658449135,3/27/2026,5:40:49 PM,23.4375,22.9921875,25.61,,24.945,96.791,16.859
1774658449254,3/27/2026,5:40:49 PM,23.4375,22.9921875,25.61,,24.945,96.791,16.859
1774658449605,3/27/2026,5:40:49 PM,23.4375,22.9921875,25.61,,25,96.791,16.849
1774658449658,3/27/2026,5:40:49 PM,23.4375,22.9921875,25.61,,25,96.791,16.849
1774658449997,3/27/2026,5:40:49 PM,23.578125,23.046875,25.61,,25,96.791,16.849
1774658450115,3/27/2026,5:40:50 PM,23.578125,23.046875,25.61,,25,96.791,16.849
1774658450190,3/27/2026,5:40:50 PM,23.578125,23.046875,25.61,,25,96.791,16.849
1774658450399,3/27/2026,5:40:50 PM,23.4375,23.046875,25.61,,24.925,96.791,16.86
1774658450470,3/27/2026,5:40:50 PM,23.4375,23.046875,25.61,,24.925,96.791,16.86
1774658450657,3/27/2026,5:40:50 PM,23.4375,22.9609375,25.61,,24.925,96.791,16.86
1774658450783,3/27/2026,5:40:50 PM,23.4375,22.9609375,25.61,,24.925,96.791,16.86
1774658450875,3/27/2026,5:40:50 PM,23.4375,22.9609375,25.61,,24.925,96.791,16.86
1774658450922,3/27/2026,5:40:50 PM,23.4375,22.9609375,25.61,,24.925,96.791,16.86
1774658450976,3/27/2026,5:40:50 PM,23.4375,22.9609375,25.61,,24.965,96.791,16.85
1774658451126,3/27/2026,5:40:51 PM,23.390625,22.9609375,25.61,,24.965,96.791,16.85
1774658451250,3/27/2026,5:40:51 PM,23.390625,22.9609375,25.61,,24.965,96.791,16.85
1774658451644,3/27/2026,5:40:51 PM,23.390625,23.0078125,25.61,,24.965,96.791,16.85
1774658451710,3/27/2026,5:40:51 PM,23.390625,23.0078125,25.62,,25,96.791,16.85
1774658452020,3/27/2026,5:40:52 PM,23.453125,23.125,25.62,,25,96.791,16.85
1774658452112,3/27/2026,5:40:52 PM,23.453125,23.125,25.62,,25,96.791,16.85
1774658452191,3/27/2026,5:40:52 PM,23.453125,23.125,25.62,,25,96.791,16.85
1774658452403,3/27/2026,5:40:52 PM,23.453125,23.125,25.62,,25.025,96.79,16.845
1774658452470,3/27/2026,5:40:52 PM,23.453125,23.125,25.62,,25.025,96.79,16.845
1774658452813,3/27/2026,5:40:52 PM,23.46875,23.140625,25.62,,25.025,96.79,16.845
1774658452869,3/27/2026,5:40:52 PM,23.46875,23.140625,25.62,,25.025,96.79,16.845
1774658452963,3/27/2026,5:40:52 PM,23.46875,23.140625,25.62,,25.025,96.79,16.845
1774658453016,3/27/2026,5:40:53 PM,23.46875,23.140625,25.62,,25.025,96.79,16.845
1774658453129,3/27/2026,5:40:53 PM,23.46875,23.140625,25.62,,25,96.791,16.845
1774658453244,3/27/2026,5:40:53 PM,23.46875,23.140625,25.62,,25,96.791,16.845
1774658453645,3/27/2026,5:40:53 PM,23.5234375,23.09375,25.62,,25,96.791,16.845
1774658453992,3/27/2026,5:40:53 PM,23.4921875,23.09375,25.62,,25.035,96.79,16.845
1774658454110,3/27/2026,5:40:54 PM,23.4921875,23.09375,25.62,,25.035,96.79,16.845
1774658454188,3/27/2026,5:40:54 PM,23.4921875,23.078125,25.62,,25.035,96.79,16.845
1774658454398,3/27/2026,5:40:54 PM,23.4921875,23.078125,25.62,,25.035,96.79,16.845
1774658454467,3/27/2026,5:40:54 PM,23.4921875,23.078125,25.62,,25.035,96.79,16.845
1774658454778,3/27/2026,5:40:54 PM,23.578125,23.078125,25.62,,25.03,96.79,16.825
1774658454913,3/27/2026,5:40:54 PM,23.578125,23.1171875,25.62,,25.03,96.79,16.825
1774658454965,3/27/2026,5:40:54 PM,23.578125,23.1171875,25.62,,25.03,96.79,16.825
1774658455018,3/27/2026,5:40:55 PM,23.578125,23.1171875,25.62,,25.03,96.79,16.825
1774658455127,3/27/2026,5:40:55 PM,23.578125,23.1171875,25.62,,25.03,96.79,16.825
1774658455243,3/27/2026,5:40:55 PM,23.578125,23.1171875,25.62,,25.03,96.79,16.825
1774658455645,3/27/2026,5:40:55 PM,23.4921875,23.0703125,25.62,,25.03,96.79,16.845
1774658455995,3/27/2026,5:40:55 PM,23.4921875,23.0703125,25.62,,24.965,96.79,16.835
1774658456114,3/27/2026,5:40:56 PM,23.4921875,23.0703125,25.62,,24.965,96.79,16.835
1774658456189,3/27/2026,5:40:56 PM,23.4765625,23.0703125,25.62,,24.965,96.79,16.835
1774658456403,3/27/2026,5:40:56 PM,23.4765625,23.09375,25.62,,24.965,96.79,16.835
1774658456465,3/27/2026,5:40:56 PM,23.4765625,23.09375,25.62,,24.965,96.79,16.835
1774658456783,3/27/2026,5:40:56 PM,23.4765625,23.09375,25.62,,25.01,96.791,16.84
1774658456881,3/27/2026,5:40:56 PM,23.5234375,23.09375,25.62,,25.01,96.791,16.84
1774658456935,3/27/2026,5:40:56 PM,23.5234375,23.09375,25.62,,25.01,96.791,16.84
1774658456985,3/27/2026,5:40:56 PM,23.5234375,23.09375,25.62,,25.01,96.791,16.84
1774658457127,3/27/2026,5:40:57 PM,23.5234375,23.125,25.62,,25.01,96.791,16.84
1774658457247,3/27/2026,5:40:57 PM,23.5234375,23.125,25.62,,25.01,96.791,16.84
1774658457640,3/27/2026,5:40:57 PM,23.5859375,23.125,25.62,,25.02,96.791,16.81
1774658457996,3/27/2026,5:40:57 PM,23.5859375,23.125,25.62,,25.02,96.791,16.81
1774658458137,3/27/2026,5:40:58 PM,23.5859375,23.125,25.62,,25,96.791,16.805
1774658458229,3/27/2026,5:40:58 PM,23.5859375,23.125,25.62,,25,96.791,16.805
1774658458397,3/27/2026,5:40:58 PM,23.546875,23.125,25.62,,25,96.791,16.805
1774658458466,3/27/2026,5:40:58 PM,23.546875,23.125,25.62,,25,96.791,16.805
1774658458787,3/27/2026,5:40:58 PM,23.546875,23.125,25.62,,25,96.791,16.805
1774658458879,3/27/2026,5:40:58 PM,23.546875,23.125,25.62,,25.04,96.791,16.82
1774658458932,3/27/2026,5:40:58 PM,23.546875,23.125,25.62,,25.04,96.791,16.82
1774658458983,3/27/2026,5:40:58 PM,23.546875,23.125,25.62,,25.04,96.791,16.82
1774658459127,3/27/2026,5:40:59 PM,23.546875,23.125,25.62,,25.04,96.791,16.82
1774658459236,3/27/2026,5:40:59 PM,23.546875,23.046875,25.62,,25.04,96.791,16.82
1774658459704,3/27/2026,5:40:59 PM,23.546875,23.046875,25.62,,25,96.792,16.815
1774658459991,3/27/2026,5:40:59 PM,23.546875,23.0546875,25.62,,25,96.792,16.815
1774658460112,3/27/2026,5:41:00 PM,23.546875,23.0546875,25.62,,25,96.792,16.815
1774658460197,3/27/2026,5:41:00 PM,23.546875,23.0546875,25.62,,25,96.792,16.815
1774658460404,3/27/2026,5:41:00 PM,23.546875,23.0546875,25.62,,25.095,96.792,16.796
1774658460465,3/27/2026,5:41:00 PM,23.6015625,23.0546875,25.62,,25.095,96.792,16.796
1774658460787,3/27/2026,5:41:00 PM,23.6015625,23.1171875,25.62,,25.095,96.792,16.796
1774658460879,3/27/2026,5:41:00 PM,23.6015625,23.1171875,25.62,,25.095,96.792,16.796
1774658460929,3/27/2026,5:41:00 PM,23.6015625,23.1171875,25.62,,25.095,96.792,16.796
1774658460981,3/27/2026,5:41:00 PM,23.6015625,23.1171875,25.62,,25.095,96.792,16.796
1774658461136,3/27/2026,5:41:01 PM,23.6015625,23.1171875,25.62,,25.085,96.792,16.801
1774658461248,3/27/2026,5:41:01 PM,23.4765625,23.1171875,25.62,,25.085,96.792,16.801
1774658461646,3/27/2026,5:41:01 PM,23.4765625,23.09375,25.62,,25.085,96.792,16.801
1774658461997,3/27/2026,5:41:01 PM,23.5390625,23.09375,25.62,,24.98,96.791,16.786
1774658462120,3/27/2026,5:41:02 PM,23.5390625,23.03125,25.62,,24.98,96.791,16.786
1774658462203,3/27/2026,5:41:02 PM,23.5390625,23.03125,25.62,,24.98,96.791,16.786
1774658462402,3/27/2026,5:41:02 PM,23.5390625,23.03125,25.62,,24.98,96.791,16.786
1774658462544,3/27/2026,5:41:02 PM,23.5390625,23.03125,25.62,,25.06,96.791,16.79
1774658462788,3/27/2026,5:41:02 PM,23.4296875,23.03125,25.62,,25.06,96.791,16.79
1774658462884,3/27/2026,5:41:02 PM,23.4296875,23.078125,25.62,,25.06,96.791,16.79
1774658462933,3/27/2026,5:41:02 PM,23.4296875,23.078125,25.62,,25.06,96.791,16.79
1774658462987,3/27/2026,5:41:02 PM,23.4296875,23.078125,25.62,,25.06,96.791,16.79
1774658463129,3/27/2026,5:41:03 PM,23.4296875,23.078125,25.62,,25.06,96.791,16.79
1774658463238,3/27/2026,5:41:03 PM,23.4296875,23.078125,25.62,,25.035,96.791,16.785
1774658463638,3/27/2026,5:41:03 PM,23.609375,23.03125,25.62,,25.035,96.791,16.785
1774658463998,3/27/2026,5:41:03 PM,23.609375,23.03125,25.62,,25.04,96.791,16.766
1774658464115,3/27/2026,5:41:04 PM,23.6328125,23.03125,25.62,,25.04,96.791,16.766
1774658464189,3/27/2026,5:41:04 PM,23.6328125,23.03125,25.62,,25.04,96.791,16.766
1774658464405,3/27/2026,5:41:04 PM,23.6328125,23.125,25.62,,25.04,96.791,16.766
1774658464504,3/27/2026,5:41:04 PM,23.6328125,23.125,25.62,,25.04,96.791,16.766
1774658464785,3/27/2026,5:41:04 PM,23.453125,23.125,25.62,,25.015,96.79,16.746
1774658464883,3/27/2026,5:41:04 PM,23.453125,23.125,25.62,,25.015,96.79,16.746
1774658464934,3/27/2026,5:41:04 PM,23.453125,23.125,25.62,,25.015,96.79,16.746
1774658464986,3/27/2026,5:41:04 PM,23.453125,23.0703125,25.62,,25.015,96.79,16.746
1774658465130,3/27/2026,5:41:05 PM,23.453125,23.0703125,25.62,,25.015,96.79,16.746
1774658465239,3/27/2026,5:41:05 PM,23.453125,23.0703125,25.62,,25.015,96.79,16.746
1774658465641,3/27/2026,5:41:05 PM,23.5390625,23.0703125,25.62,,25.02,96.79,16.756
1774658465996,3/27/2026,5:41:05 PM,23.5390625,23.125,25.62,,25.02,96.79,16.756
1774658466111,3/27/2026,5:41:06 PM,23.5390625,23.125,25.62,,25.04,96.79,16.721
1774658466192,3/27/2026,5:41:06 PM,23.5390625,23.125,25.62,,25.04,96.79,16.721
1774658466407,3/27/2026,5:41:06 PM,23.515625,23.09375,25.62,,25.04,96.79,16.721
1774658466468,3/27/2026,5:41:06 PM,23.515625,23.09375,25.62,,25.04,96.79,16.721
1774658466855,3/27/2026,5:41:06 PM,23.515625,23.09375,25.62,,25.07,96.79,16.716
1774658466910,3/27/2026,5:41:06 PM,23.515625,23.09375,25.62,,25.07,96.79,16.716
1774658466962,3/27/2026,5:41:06 PM,23.6328125,23.09375,25.62,,25.07,96.79,16.716
1774658467010,3/27/2026,5:41:07 PM,23.6328125,23.09375,25.62,,25.07,96.79,16.716
1774658467130,3/27/2026,5:41:07 PM,23.6328125,23.09375,25.62,,25.07,96.79,16.716
1774658467238,3/27/2026,5:41:07 PM,23.6328125,23.09375,25.62,,25.07,96.79,16.716
1774658467658,3/27/2026,5:41:07 PM,23.625,23.09375,25.62,,25.05,96.791,16.711
1774658468004,3/27/2026,5:41:08 PM,23.625,23.0703125,25.62,,25.05,96.791,16.711
1774658468116,3/27/2026,5:41:08 PM,23.625,23.0703125,25.62,,25.05,96.791,16.711
1774658468196,3/27/2026,5:41:08 PM,23.625,23.0703125,25.62,,25.05,96.791,16.711
1774658468403,3/27/2026,5:41:08 PM,23.5234375,23.0703125,25.62,,25.08,96.791,16.701
1774658468502,3/27/2026,5:41:08 PM,23.5234375,23.0703125,25.62,,25.08,96.791,16.701
1774658468790,3/27/2026,5:41:08 PM,23.5234375,22.9921875,25.62,,25.08,96.791,16.701
1774658468885,3/27/2026,5:41:08 PM,23.5234375,22.9921875,25.62,,25.08,96.791,16.701
1774658468936,3/27/2026,5:41:08 PM,23.5234375,22.9921875,25.62,,25.075,96.79,16.716
1774658468988,3/27/2026,5:41:08 PM,23.5234375,22.9921875,25.62,,25.075,96.79,16.716
1774658469124,3/27/2026,5:41:09 PM,23.546875,22.9921875,25.62,,25.075,96.79,16.716
1774658469233,3/27/2026,5:41:09 PM,23.546875,22.9921875,25.62,,25.075,96.79,16.716
1774658469642,3/27/2026,5:41:09 PM,23.546875,23.0703125,25.63,,25.01,96.79,16.687
1774658469992,3/27/2026,5:41:09 PM,23.4375,23.078125,25.63,,25.01,96.79,16.687
1774658470111,3/27/2026,5:41:10 PM,23.4375,23.078125,25.63,,25.01,96.79,16.687
1774658470193,3/27/2026,5:41:10 PM,23.4375,23.078125,25.63,,25.01,96.79,16.687
1774658470408,3/27/2026,5:41:10 PM,23.4375,23.078125,25.62,,25.08,96.79,16.677
1774658470479,3/27/2026,5:41:10 PM,23.4375,23.078125,25.62,,25.08,96.79,16.677
1774658470811,3/27/2026,5:41:10 PM,23.546875,22.9375,25.62,,25.08,96.79,16.677
1774658470884,3/27/2026,5:41:10 PM,23.546875,22.9375,25.62,,25.08,96.79,16.677
1774658470926,3/27/2026,5:41:10 PM,23.546875,22.9375,25.62,,25.08,96.79,16.677
1774658470978,3/27/2026,5:41:10 PM,23.546875,22.9375,25.62,,25.08,96.79,16.677
1774658471130,3/27/2026,5:41:11 PM,23.546875,22.9375,25.62,,25.1,96.79,16.677
1774658471247,3/27/2026,5:41:11 PM,23.5234375,22.9375,25.62,,25.1,96.79,16.677
1774658471645,3/27/2026,5:41:11 PM,23.5234375,23.015625,25.62,,25.1,96.79,16.677
1774658471992,3/27/2026,5:41:11 PM,23.46875,23.015625,25.62,,25.075,96.791,16.682
1774658472111,3/27/2026,5:41:12 PM,23.46875,23.015625,25.62,,25.075,96.791,16.682
1774658472193,3/27/2026,5:41:12 PM,23.46875,23.09375,25.62,,25.075,96.791,16.682
1774658472398,3/27/2026,5:41:12 PM,23.46875,23.09375,25.62,,25.075,96.791,16.682
1774658476633,3/27/2026,5:41:16 PM,23.46875,23.09375,25.62,,25.075,96.791,16.682
1774658476716,3/27/2026,5:41:16 PM,23.5,23.1015625,25.62,,25.055,96.792,16.632
1774658476767,3/27/2026,5:41:16 PM,23.5,23.1015625,25.62,,25.055,96.792,16.632
1774658476820,3/27/2026,5:41:16 PM,23.5,23.1015625,25.62,,25.055,96.792,16.632
1774658476870,3/27/2026,5:41:16 PM,23.5,23.1015625,25.62,,25.06,96.791,16.617
1774658476922,3/27/2026,5:41:16 PM,23.5,23.1015625,25.62,,25.06,96.791,16.617
1774658476980,3/27/2026,5:41:16 PM,23.5,23.1015625,25.62,,25.06,96.791,16.617
1774658477026,3/27/2026,5:41:17 PM,23.46875,23.1015625,25.62,,25.06,96.791,16.617
1774658477078,3/27/2026,5:41:17 PM,23.46875,23.1015625,25.62,,25.06,96.791,16.617
1774658477127,3/27/2026,5:41:17 PM,23.46875,23.1015625,25.62,,25.06,96.791,16.617
1774658477180,3/27/2026,5:41:17 PM,23.46875,23.03125,25.62,,25.06,96.791,16.617
1774658477230,3/27/2026,5:41:17 PM,23.46875,23.03125,25.62,,25.06,96.791,16.617
1774658477282,3/27/2026,5:41:17 PM,23.46875,23.03125,25.62,,25.06,96.791,16.617
1774658477334,3/27/2026,5:41:17 PM,23.46875,23.03125,25.62,,25.06,96.791,16.617
1774658477385,3/27/2026,5:41:17 PM,23.46875,23.03125,25.62,,25.06,96.791,16.617
1774658477444,3/27/2026,5:41:17 PM,23.46875,23.03125,25.62,,25.06,96.791,16.617
1774658477540,3/27/2026,5:41:17 PM,23.46875,23.03125,25.62,,25.06,96.791,16.617
1774658477589,3/27/2026,5:41:17 PM,23.46875,23.03125,25.62,,25.05,96.79,16.617
1774658477646,3/27/2026,5:41:17 PM,23.46875,23.03125,25.62,,25.05,96.79,16.617
1774658478004,3/27/2026,5:41:18 PM,23.4375,23.0078125,25.62,,25.05,96.79,16.617
1774658478114,3/27/2026,5:41:18 PM,23.4375,23.0078125,25.62,,25.05,96.79,16.617
1774658478193,3/27/2026,5:41:18 PM,23.4375,23.0078125,25.62,,25.05,96.79,16.617
1774658478413,3/27/2026,5:41:18 PM,23.4375,23.0078125,25.62,,25.025,96.791,16.597
1774658478482,3/27/2026,5:41:18 PM,23.5390625,23.0078125,25.62,,25.025,96.791,16.597
1774658478788,3/27/2026,5:41:18 PM,23.5390625,23.0703125,25.62,,25.025,96.791,16.597
1774658478888,3/27/2026,5:41:18 PM,23.5390625,23.0703125,25.62,,25.025,96.791,16.597
1774658478939,3/27/2026,5:41:18 PM,23.5390625,23.0703125,25.62,,25.025,96.791,16.597
1774658478990,3/27/2026,5:41:18 PM,23.5390625,23.0703125,25.61,,25.12,96.791,16.587
1774658479138,3/27/2026,5:41:19 PM,23.5390625,23.0703125,25.61,,25.12,96.791,16.587
1774658479256,3/27/2026,5:41:19 PM,23.5234375,23.0703125,25.61,,25.12,96.791,16.587
1774658479642,3/27/2026,5:41:19 PM,23.5234375,23.1015625,25.61,,25.12,96.791,16.587
1774658479997,3/27/2026,5:41:19 PM,23.4765625,23.1015625,25.61,,25.01,96.791,16.582
1774658480113,3/27/2026,5:41:20 PM,23.4765625,23.09375,25.61,,25.01,96.791,16.582
1774658480191,3/27/2026,5:41:20 PM,23.4765625,23.09375,25.61,,25.01,96.791,16.582
1774658480398,3/27/2026,5:41:20 PM,23.4765625,23.09375,25.61,,25.01,96.791,16.582
1774658480470,3/27/2026,5:41:20 PM,23.4765625,23.09375,25.61,,25.02,96.791,16.587
1774658480794,3/27/2026,5:41:20 PM,23.5234375,23.015625,25.61,,25.02,96.791,16.587
1774658480892,3/27/2026,5:41:20 PM,23.5234375,23.015625,25.61,,25.02,96.791,16.587
1774658480944,3/27/2026,5:41:20 PM,23.5234375,23.015625,25.61,,25.02,96.791,16.587
1774658480997,3/27/2026,5:41:20 PM,23.5234375,23.015625,25.61,,25.02,96.791,16.587
1774658481130,3/27/2026,5:41:21 PM,23.5234375,23.015625,25.61,,25.02,96.791,16.587
1774658481237,3/27/2026,5:41:21 PM,23.5234375,23.015625,25.61,,25.035,96.79,16.562
1774658481639,3/27/2026,5:41:21 PM,23.546875,23.0546875,25.61,,25.035,96.79,16.562
1774658481999,3/27/2026,5:41:21 PM,23.546875,23.0546875,25.61,,25.125,96.791,16.552
1774658482117,3/27/2026,5:41:22 PM,23.4921875,23.0546875,25.61,,25.125,96.791,16.552
1774658482195,3/27/2026,5:41:22 PM,23.4921875,23.125,25.61,,25.125,96.791,16.552
1774658482412,3/27/2026,5:41:22 PM,23.4921875,23.125,25.61,,25.125,96.791,16.552
1774658482483,3/27/2026,5:41:22 PM,23.4921875,23.125,25.61,,25.125,96.791,16.552
1774658482796,3/27/2026,5:41:22 PM,23.5625,23.125,25.61,,25.105,96.791,16.542
1774658482886,3/27/2026,5:41:22 PM,23.5625,23.125,25.61,,25.105,96.791,16.542
1774658482952,3/27/2026,5:41:22 PM,23.5625,23.1015625,25.61,,25.105,96.791,16.542
1774658483006,3/27/2026,5:41:23 PM,23.5625,23.1015625,25.61,,25.105,96.791,16.542
1774658483129,3/27/2026,5:41:23 PM,23.5625,23.1015625,25.61,,25.105,96.791,16.542
1774658483261,3/27/2026,5:41:23 PM,23.5625,23.1015625,25.61,,25.105,96.791,16.542
1774658483906,3/27/2026,5:41:23 PM,23.546875,23.1171875,25.61,,25.04,96.789,16.542
1774658484041,3/27/2026,5:41:24 PM,23.546875,23.1171875,25.61,,25.04,96.789,16.542
1774658484112,3/27/2026,5:41:24 PM,23.546875,23.1171875,25.61,,25.065,96.789,16.547
1774658484191,3/27/2026,5:41:24 PM,23.5234375,23.1171875,25.61,,25.065,96.789,16.547
1774658484399,3/27/2026,5:41:24 PM,23.5234375,23.125,25.61,,25.065,96.789,16.547
1774658484479,3/27/2026,5:41:24 PM,23.5234375,23.125,25.61,,25.065,96.789,16.547
1774658484785,3/27/2026,5:41:24 PM,23.5234375,23.125,25.61,,25.07,96.788,16.542
1774658484898,3/27/2026,5:41:24 PM,23.5234375,23.125,25.61,,25.07,96.788,16.542
1774658484948,3/27/2026,5:41:24 PM,23.4921875,23.125,25.61,,25.07,96.788,16.542
1774658485000,3/27/2026,5:41:25 PM,23.4921875,23.125,25.61,,25.07,96.788,16.542
1774658485124,3/27/2026,5:41:25 PM,23.4921875,23.1015625,25.61,,25.07,96.788,16.542
1774658485238,3/27/2026,5:41:25 PM,23.4921875,23.1015625,25.61,,25.07,96.788,16.542
1774658485660,3/27/2026,5:41:25 PM,23.4921875,23.1015625,25.6,,25.01,96.789,16.532
1774658485994,3/27/2026,5:41:25 PM,23.4921875,23.1015625,25.6,,25.01,96.789,16.532
1774658486113,3/27/2026,5:41:26 PM,23.4921875,23.1015625,25.6,,25.01,96.789,16.532
1774658486195,3/27/2026,5:41:26 PM,23.4921875,23.1015625,25.6,,25.04,96.789,16.532
1774658486399,3/27/2026,5:41:26 PM,23.578125,23.1015625,25.6,,25.04,96.789,16.532
1774658486482,3/27/2026,5:41:26 PM,23.578125,23.1015625,25.6,,25.04,96.789,16.532
1774658486787,3/27/2026,5:41:26 PM,23.578125,23.15625,25.6,,25.04,96.789,16.532
1774658486880,3/27/2026,5:41:26 PM,23.578125,23.15625,25.6,,25.04,96.789,16.532
1774658486933,3/27/2026,5:41:26 PM,23.578125,23.15625,25.6,,25.04,96.79,16.512
1774658486982,3/27/2026,5:41:26 PM,23.578125,23.15625,25.6,,25.04,96.79,16.512
1774658487132,3/27/2026,5:41:27 PM,23.546875,23.15625,25.6,,25.04,96.79,16.512
1774658487245,3/27/2026,5:41:27 PM,23.546875,23.140625,25.6,,25.04,96.79,16.512
1774658487641,3/27/2026,5:41:27 PM,23.546875,23.140625,25.6,,25.095,96.789,16.497
1774658487999,3/27/2026,5:41:27 PM,23.515625,23.125,25.6,,25.095,96.789,16.497
1774658488137,3/27/2026,5:41:28 PM,23.515625,23.125,25.6,,25.095,96.789,16.497
1774658488206,3/27/2026,5:41:28 PM,23.515625,23.125,25.6,,25.095,96.789,16.497
1774658488402,3/27/2026,5:41:28 PM,23.515625,23.125,25.61,,25.045,96.79,16.503
1774658488485,3/27/2026,5:41:28 PM,23.515625,23.125,25.61,,25.045,96.79,16.503
1774658488785,3/27/2026,5:41:28 PM,23.4921875,23.125,25.61,,25.045,96.79,16.503
1774658488880,3/27/2026,5:41:28 PM,23.4921875,23.125,25.61,,25.045,96.79,16.503
1774658488931,3/27/2026,5:41:28 PM,23.4921875,23.125,25.61,,25.045,96.79,16.503
1774658488982,3/27/2026,5:41:28 PM,23.4921875,23.125,25.61,,25.045,96.79,16.503
1774658489131,3/27/2026,5:41:29 PM,23.4921875,23.125,25.61,,25.08,96.791,16.488
1774658489243,3/27/2026,5:41:29 PM,23.546875,23.125,25.61,,25.08,96.791,16.488
1774658489641,3/27/2026,5:41:29 PM,23.546875,23.09375,25.61,,25.08,96.791,16.488
1774658489998,3/27/2026,5:41:29 PM,23.5390625,23.09375,25.61,,25.03,96.791,16.503
1774658490116,3/27/2026,5:41:30 PM,23.5390625,23.15625,25.61,,25.03,96.791,16.503
1774658492818,3/27/2026,5:41:32 PM,23.5390625,23.15625,25.61,,25.03,96.791,16.503
1774658492906,3/27/2026,5:41:32 PM,23.546875,23.125,25.61,,25.065,96.792,16.468
1774658493119,3/27/2026,5:41:33 PM,23.546875,23.15625,25.61,,25.065,96.792,16.468
1774658493141,3/27/2026,5:41:33 PM,23.546875,23.125,25.61,,25.065,96.792,16.468
1774658493160,3/27/2026,5:41:33 PM,23.546875,23.15625,25.61,,25.065,96.792,16.468
1774658493174,3/27/2026,5:41:33 PM,23.546875,23.15625,25.61,,25.065,96.792,16.468
1774658493185,3/27/2026,5:41:33 PM,23.546875,23.15625,25.61,,25.065,96.792,16.468
1774658493215,3/27/2026,5:41:33 PM,23.546875,23.15625,25.61,,25.065,96.792,16.468
1774658493282,3/27/2026,5:41:33 PM,23.546875,23.15625,25.61,,25.065,96.792,16.468
1774658493316,3/27/2026,5:41:33 PM,23.546875,23.15625,25.61,,25.065,96.792,16.468
1774658493367,3/27/2026,5:41:33 PM,23.546875,23.15625,25.61,,25.065,96.792,16.468
1774658493417,3/27/2026,5:41:33 PM,23.546875,23.15625,25.61,,25.05,96.792,16.468
1774658493473,3/27/2026,5:41:33 PM,23.546875,23.15625,25.61,,25.05,96.792,16.468
1774658493521,3/27/2026,5:41:33 PM,23.546875,23.15625,25.61,,25.05,96.792,16.468
1774658493576,3/27/2026,5:41:33 PM,23.5,23.15625,25.61,,25.05,96.792,16.468
1774658493682,3/27/2026,5:41:33 PM,23.5,23.15625,25.61,,25.05,96.792,16.468
1774658493993,3/27/2026,5:41:33 PM,23.5,23.125,25.61,,25.05,96.792,16.468
1774658494110,3/27/2026,5:41:34 PM,23.5,23.125,25.61,,25.1,96.791,16.448
1774658494194,3/27/2026,5:41:34 PM,23.5,23.125,25.61,,25.1,96.791,16.448
1774658494401,3/27/2026,5:41:34 PM,23.5625,23.125,25.61,,25.1,96.791,16.448
1774658494477,3/27/2026,5:41:34 PM,23.5625,23.125,25.61,,25.1,96.791,16.448
1774658494780,3/27/2026,5:41:34 PM,23.5625,23.125,25.61,,25.1,96.791,16.448
1774658494875,3/27/2026,5:41:34 PM,23.5625,23.125,25.6,,25.1,96.79,16.453
1774658494924,3/27/2026,5:41:34 PM,23.5625,23.125,25.6,,25.1,96.79,16.453
1774658494973,3/27/2026,5:41:34 PM,23.5,23.125,25.6,,25.1,96.79,16.453
1774658495133,3/27/2026,5:41:35 PM,23.5,23.125,25.6,,25.1,96.79,16.453
1774658495248,3/27/2026,5:41:35 PM,23.5,23.09375,25.6,,25.1,96.79,16.453
1774658495641,3/27/2026,5:41:35 PM,23.5,23.09375,25.6,,25.07,96.791,16.423
1774658496027,3/27/2026,5:41:36 PM,23.546875,23.140625,25.6,,25.07,96.791,16.423
1774658496111,3/27/2026,5:41:36 PM,23.546875,23.140625,25.6,,25.07,96.791,16.423
1774658496193,3/27/2026,5:41:36 PM,23.546875,23.140625,25.6,,25.07,96.791,16.423
1774658496397,3/27/2026,5:41:36 PM,23.546875,23.140625,25.6,,25.095,96.79,16.428
1774658496474,3/27/2026,5:41:36 PM,23.515625,23.140625,25.6,,25.095,96.79,16.428
1774658496829,3/27/2026,5:41:36 PM,23.515625,23.125,25.6,,25.095,96.79,16.428
1774658496898,3/27/2026,5:41:36 PM,23.515625,23.125,25.6,,25.095,96.79,16.428
1774658496931,3/27/2026,5:41:36 PM,23.515625,23.125,25.6,,25.095,96.79,16.428
1774658496984,3/27/2026,5:41:36 PM,23.515625,23.125,25.6,,25.065,96.79,16.428
1774658497128,3/27/2026,5:41:37 PM,23.515625,23.125,25.6,,25.065,96.79,16.428
1774658497245,3/27/2026,5:41:37 PM,23.515625,23.125,25.6,,25.065,96.79,16.428
1774658497647,3/27/2026,5:41:37 PM,23.515625,23.125,25.6,,25.065,96.79,16.428
1774658497991,3/27/2026,5:41:37 PM,23.4921875,23.125,25.6,,25.115,96.789,16.409
1774658498126,3/27/2026,5:41:38 PM,23.4921875,23.140625,25.6,,25.115,96.789,16.409
1774658498192,3/27/2026,5:41:38 PM,23.4921875,23.140625,25.6,,25.115,96.789,16.409
1774658498399,3/27/2026,5:41:38 PM,23.4921875,23.140625,25.6,,25.115,96.789,16.409
1774658498487,3/27/2026,5:41:38 PM,23.4921875,23.140625,25.61,,25.015,96.789,16.399
1774658498780,3/27/2026,5:41:38 PM,23.515625,23.09375,25.61,,25.015,96.789,16.399
1774658498882,3/27/2026,5:41:38 PM,23.515625,23.09375,25.61,,25.015,96.789,16.399
1774658498978,3/27/2026,5:41:38 PM,23.515625,23.09375,25.61,,25.015,96.789,16.399
1774658499030,3/27/2026,5:41:39 PM,23.515625,23.09375,25.61,,25.015,96.789,16.399
1774658499138,3/27/2026,5:41:39 PM,23.515625,23.09375,25.61,,25.04,96.79,16.399
1774658499249,3/27/2026,5:41:39 PM,23.515625,23.09375,25.61,,25.04,96.79,16.399
1774658499638,3/27/2026,5:41:39 PM,23.5,23.0703125,25.61,,25.04,96.79,16.399
1774658500028,3/27/2026,5:41:40 PM,23.46875,23.0703125,25.61,,25.075,96.79,16.404
1774658500126,3/27/2026,5:41:40 PM,23.46875,23.0703125,25.61,,25.075,96.79,16.404
1774658500191,3/27/2026,5:41:40 PM,23.46875,23.09375,25.61,,25.075,96.79,16.404
1774658500399,3/27/2026,5:41:40 PM,23.46875,23.09375,25.61,,25.075,96.79,16.404
1774658500492,3/27/2026,5:41:40 PM,23.46875,23.09375,25.61,,25.075,96.79,16.404
1774658500784,3/27/2026,5:41:40 PM,23.46875,23.09375,25.61,,25.1,96.79,16.374
1774658500880,3/27/2026,5:41:40 PM,23.46875,23.09375,25.61,,25.1,96.79,16.374
1774658500931,3/27/2026,5:41:40 PM,23.46875,23.140625,25.61,,25.1,96.79,16.374
1774658500981,3/27/2026,5:41:40 PM,23.46875,23.140625,25.61,,25.1,96.79,16.374
1774658501128,3/27/2026,5:41:41 PM,23.46875,23.140625,25.61,,25.1,96.79,16.374
1774658501251,3/27/2026,5:41:41 PM,23.46875,23.140625,25.61,,25.1,96.79,16.374
1774658501681,3/27/2026,5:41:41 PM,23.5,23.140625,25.61,,25.075,96.79,16.404
1774658501995,3/27/2026,5:41:41 PM,23.5,23.140625,25.61,,25.135,96.791,16.384
1774658502135,3/27/2026,5:41:42 PM,23.5,23.140625,25.61,,25.135,96.791,16.384
1774658502191,3/27/2026,5:41:42 PM,23.5390625,23.140625,25.61,,25.135,96.791,16.384
1774658502397,3/27/2026,5:41:42 PM,23.5390625,23.15625,25.61,,25.135,96.791,16.384
1774658502486,3/27/2026,5:41:42 PM,23.5390625,23.15625,25.61,,25.135,96.791,16.384
1774658502786,3/27/2026,5:41:42 PM,23.5390625,23.15625,25.61,,25.045,96.79,16.364
1774658502898,3/27/2026,5:41:42 PM,23.5390625,23.15625,25.61,,25.045,96.79,16.364
1774658502929,3/27/2026,5:41:42 PM,23.4765625,23.15625,25.61,,25.045,96.79,16.364
1774658502982,3/27/2026,5:41:42 PM,23.4765625,23.15625,25.61,,25.045,96.79,16.364
1774658503129,3/27/2026,5:41:43 PM,23.4765625,23.1796875,25.61,,25.045,96.79,16.364
1774658503240,3/27/2026,5:41:43 PM,23.4765625,23.1796875,25.61,,25.045,96.79,16.364
1774658503640,3/27/2026,5:41:43 PM,23.5625,23.1796875,25.6,,25.1,96.79,16.369
1774658504156,3/27/2026,5:41:44 PM,23.5625,23.0703125,25.6,,25.1,96.79,16.369
1774658504180,3/27/2026,5:41:44 PM,23.5625,23.0703125,25.6,,25.12,96.789,16.359
1774658504232,3/27/2026,5:41:44 PM,23.5625,23.0703125,25.6,,25.12,96.789,16.359
1774658504406,3/27/2026,5:41:44 PM,23.46875,23.0703125,25.6,,25.12,96.789,16.359
1774658504493,3/27/2026,5:41:44 PM,23.46875,23.0703125,25.6,,25.12,96.789,16.359
1774658504791,3/27/2026,5:41:44 PM,23.46875,23.1015625,25.6,,25.12,96.789,16.359
1774658504887,3/27/2026,5:41:44 PM,23.46875,23.1015625,25.6,,25.115,96.789,16.349
1774658504925,3/27/2026,5:41:44 PM,23.46875,23.1015625,25.6,,25.115,96.789,16.349
1774658504974,3/27/2026,5:41:44 PM,23.46875,23.1015625,25.6,,25.115,96.789,16.349
1774658505131,3/27/2026,5:41:45 PM,23.4765625,23.1015625,25.6,,25.115,96.789,16.349
1774658505254,3/27/2026,5:41:45 PM,23.4765625,23.125,25.6,,25.115,96.789,16.349
1774658505639,3/27/2026,5:41:45 PM,23.4765625,23.125,25.6,,25.12,96.788,16.324
1774658505996,3/27/2026,5:41:45 PM,23.4296875,23.1640625,25.6,,25.12,96.788,16.324
1774658506116,3/27/2026,5:41:46 PM,23.4296875,23.1640625,25.6,,25.12,96.788,16.324
1774658506191,3/27/2026,5:41:46 PM,23.4296875,23.1640625,25.6,,25.12,96.788,16.324
1774658506425,3/27/2026,5:41:46 PM,23.4296875,23.1640625,25.6,,25.085,96.789,16.324
1774658506486,3/27/2026,5:41:46 PM,23.515625,23.1640625,25.6,,25.085,96.789,16.324
1774658506796,3/27/2026,5:41:46 PM,23.515625,23.1640625,25.6,,25.085,96.789,16.324
1774658506872,3/27/2026,5:41:46 PM,23.515625,23.1640625,25.6,,25.085,96.789,16.324
1774658506920,3/27/2026,5:41:46 PM,23.515625,23.1640625,25.6,,25.085,96.789,16.324
1774658506974,3/27/2026,5:41:46 PM,23.515625,23.1640625,25.6,,25.085,96.789,16.324
1774658507132,3/27/2026,5:41:47 PM,23.515625,23.1640625,25.6,,25.115,96.79,16.324
1774658507248,3/27/2026,5:41:47 PM,23.625,23.1640625,25.6,,25.115,96.79,16.324
1774658507643,3/27/2026,5:41:47 PM,23.625,23.125,25.6,,25.115,96.79,16.324
1774658507993,3/27/2026,5:41:47 PM,23.515625,23.125,25.6,,25.055,96.79,16.329
1774658508112,3/27/2026,5:41:48 PM,23.515625,23.125,25.6,,25.055,96.79,16.329
1774658508202,3/27/2026,5:41:48 PM,23.515625,23.125,25.6,,25.055,96.79,16.329
1774658508397,3/27/2026,5:41:48 PM,23.515625,23.125,25.6,,25.055,96.79,16.329
1774658508471,3/27/2026,5:41:48 PM,23.515625,23.125,25.6,,25.065,96.79,16.315
1774658508787,3/27/2026,5:41:48 PM,23.46875,23.125,25.6,,25.065,96.79,16.315
1774658508874,3/27/2026,5:41:48 PM,23.46875,23.1171875,25.6,,25.065,96.79,16.315
1774658508921,3/27/2026,5:41:48 PM,23.46875,23.1171875,25.6,,25.065,96.79,16.315
1774658508973,3/27/2026,5:41:48 PM,23.46875,23.1171875,25.6,,25.065,96.79,16.315
1774658509135,3/27/2026,5:41:49 PM,23.46875,23.1171875,25.6,,25.065,96.79,16.315
1774658509253,3/27/2026,5:41:49 PM,23.46875,23.1171875,25.6,,25.085,96.791,16.329
1774658509642,3/27/2026,5:41:49 PM,23.5390625,23.1015625,25.6,,25.085,96.791,16.329
1774658509994,3/27/2026,5:41:49 PM,23.5390625,23.1015625,25.6,,25.06,96.791,16.305
1774658510114,3/27/2026,5:41:50 PM,23.546875,23.1015625,25.6,,25.06,96.791,16.305
1774658510193,3/27/2026,5:41:50 PM,23.546875,23.1015625,25.6,,25.06,96.791,16.305
1774658510400,3/27/2026,5:41:50 PM,23.546875,23.1171875,25.6,,25.06,96.791,16.305
1774658510475,3/27/2026,5:41:50 PM,23.546875,23.1171875,25.6,,25.06,96.791,16.305
1774658510783,3/27/2026,5:41:50 PM,23.546875,23.1171875,25.61,,25.11,96.791,16.305
1774658510871,3/27/2026,5:41:50 PM,23.546875,23.1171875,25.61,,25.11,96.791,16.305
1774658510921,3/27/2026,5:41:50 PM,23.546875,23.1171875,25.61,,25.11,96.791,16.305
1774658510972,3/27/2026,5:41:50 PM,23.546875,23.125,25.61,,25.11,96.791,16.305
1774658511126,3/27/2026,5:41:51 PM,23.546875,23.125,25.61,,25.11,96.791,16.305
1774658511254,3/27/2026,5:41:51 PM,23.546875,23.125,25.61,,25.11,96.791,16.305
1774658511641,3/27/2026,5:41:51 PM,23.5859375,23.125,25.61,,25.09,96.79,16.31
1774658512020,3/27/2026,5:41:52 PM,23.5859375,23.1640625,25.61,,25.09,96.79,16.31
1774658512120,3/27/2026,5:41:52 PM,23.5859375,23.1640625,25.61,,25.09,96.789,16.29
1774658512194,3/27/2026,5:41:52 PM,23.5859375,23.1640625,25.61,,25.09,96.789,16.29
1774658512402,3/27/2026,5:41:52 PM,23.4921875,23.125,25.61,,25.09,96.789,16.29
1774658512466,3/27/2026,5:41:52 PM,23.4921875,23.125,25.61,,25.09,96.789,16.29
1774658512791,3/27/2026,5:41:52 PM,23.4921875,23.125,25.61,,25.12,96.79,16.285
1774658512874,3/27/2026,5:41:52 PM,23.4921875,23.125,25.61,,25.12,96.79,16.285
1774658512922,3/27/2026,5:41:52 PM,23.4921875,23.125,25.61,,25.12,96.79,16.285
1774658512974,3/27/2026,5:41:52 PM,23.4765625,23.125,25.61,,25.12,96.79,16.285
1774658513130,3/27/2026,5:41:53 PM,23.4765625,23.140625,25.61,,25.12,96.79,16.285
1774658513261,3/27/2026,5:41:53 PM,23.4765625,23.140625,25.61,,25.12,96.79,16.285
1774658513650,3/27/2026,5:41:53 PM,23.4765625,23.140625,25.61,,25.1,96.791,16.295
1774658513993,3/27/2026,5:41:53 PM,23.5,23.125,25.61,,25.1,96.791,16.295
1774658514120,3/27/2026,5:41:54 PM,23.5,23.125,25.61,,25.1,96.791,16.295
1774658514196,3/27/2026,5:41:54 PM,23.5,23.125,25.61,,25.1,96.791,16.295
1774658514402,3/27/2026,5:41:54 PM,23.5,23.125,25.61,,25.11,96.79,16.29
1774658514469,3/27/2026,5:41:54 PM,23.5,23.125,25.61,,25.11,96.79,16.29
1774658514781,3/27/2026,5:41:54 PM,23.5,23.15625,25.61,,25.11,96.79,16.29
1774658514897,3/27/2026,5:41:54 PM,23.5,23.15625,25.61,,25.11,96.79,16.29
1774658514947,3/27/2026,5:41:54 PM,23.5,23.15625,25.61,,25.07,96.79,16.275
1774658514997,3/27/2026,5:41:54 PM,23.5,23.15625,25.61,,25.07,96.79,16.275
1774658515138,3/27/2026,5:41:55 PM,23.625,23.15625,25.61,,25.07,96.79,16.275
1774658515247,3/27/2026,5:41:55 PM,23.625,23.15625,25.61,,25.07,96.79,16.275
1774658515639,3/27/2026,5:41:55 PM,23.625,23.2265625,25.61,,25.07,96.79,16.275
1774658516005,3/27/2026,5:41:56 PM,23.4140625,23.140625,25.61,,25.065,96.79,16.285
1774658516130,3/27/2026,5:41:56 PM,23.4140625,23.140625,25.61,,25.065,96.79,16.285
1774658516223,3/27/2026,5:41:56 PM,23.4140625,23.140625,25.61,,25.065,96.79,16.285
1774658516390,3/27/2026,5:41:56 PM,23.4140625,23.140625,25.61,,25.05,96.79,16.29
1774658516441,3/27/2026,5:41:56 PM,23.4140625,23.140625,25.61,,25.05,96.79,16.29
1774658516496,3/27/2026,5:41:56 PM,23.4140625,23.140625,25.61,,25.05,96.79,16.29
1774658516780,3/27/2026,5:41:56 PM,23.4765625,23.1171875,25.61,,25.05,96.79,16.29
1774658516874,3/27/2026,5:41:56 PM,23.4765625,23.1171875,25.61,,25.05,96.79,16.29
1774658516928,3/27/2026,5:41:56 PM,23.4765625,23.1171875,25.61,,25.05,96.79,16.29
1774658516976,3/27/2026,5:41:56 PM,23.4765625,23.1171875,25.61,,25.05,96.79,16.29
1774658517041,3/27/2026,5:41:57 PM,23.4765625,23.1171875,25.61,,25.05,96.79,16.29
1774658517140,3/27/2026,5:41:57 PM,23.4765625,23.1171875,25.61,,25.045,96.791,16.271
1774658517238,3/27/2026,5:41:57 PM,23.4765625,23.1171875,25.61,,25.045,96.791,16.271
1774658517644,3/27/2026,5:41:57 PM,23.4140625,23.09375,25.61,,25.045,96.791,16.271
1774658517997,3/27/2026,5:41:57 PM,23.4375,23.09375,25.61,,25.065,96.791,16.29
1774658518133,3/27/2026,5:41:58 PM,23.4375,23.09375,25.61,,25.065,96.791,16.29
1774658518193,3/27/2026,5:41:58 PM,23.4375,23.1015625,25.61,,25.065,96.791,16.29
1774658518390,3/27/2026,5:41:58 PM,23.4375,23.1015625,25.61,,25.065,96.791,16.29
1774658518441,3/27/2026,5:41:58 PM,23.4375,23.1015625,25.61,,25.065,96.791,16.29
1774658518494,3/27/2026,5:41:58 PM,23.4375,23.1015625,25.61,,25.065,96.791,16.29
1774658518785,3/27/2026,5:41:58 PM,23.4296875,23.1015625,25.61,,25.04,96.791,16.28
1774658518871,3/27/2026,5:41:58 PM,23.4296875,23.078125,25.61,,25.04,96.791,16.28
1774658518922,3/27/2026,5:41:58 PM,23.4296875,23.078125,25.61,,25.04,96.791,16.28
1774658518974,3/27/2026,5:41:58 PM,23.4296875,23.078125,25.61,,25.04,96.791,16.28
1774658519129,3/27/2026,5:41:59 PM,23.4296875,23.078125,25.61,,25.04,96.791,16.28
1774658519245,3/27/2026,5:41:59 PM,23.4296875,23.078125,25.61,,25.04,96.791,16.28
1774658519638,3/27/2026,5:41:59 PM,23.4296875,23.0703125,25.61,,25.12,96.791,16.261
1774658520003,3/27/2026,5:42:00 PM,23.4296875,23.0703125,25.61,,24.985,96.791,16.28
1774658520121,3/27/2026,5:42:00 PM,23.4296875,23.0703125,25.61,,24.985,96.791,16.28
1774658520205,3/27/2026,5:42:00 PM,23.4921875,23.0703125,25.61,,24.985,96.791,16.28
1774658520387,3/27/2026,5:42:00 PM,23.4921875,23.09375,25.61,,24.985,96.791,16.28
1774658520440,3/27/2026,5:42:00 PM,23.4921875,23.09375,25.61,,24.985,96.791,16.28
1774658520510,3/27/2026,5:42:00 PM,23.4921875,23.09375,25.61,,24.985,96.791,16.28
1774658520782,3/27/2026,5:42:00 PM,23.4921875,23.09375,25.61,,25.005,96.79,16.261
1774658520876,3/27/2026,5:42:00 PM,23.4375,23.09375,25.61,,25.005,96.79,16.261
1774658520928,3/27/2026,5:42:00 PM,23.4375,23.09375,25.61,,25.005,96.79,16.261
1774658520979,3/27/2026,5:42:00 PM,23.4375,23.09375,25.61,,25.005,96.79,16.261
1774658521128,3/27/2026,5:42:01 PM,23.4375,23.046875,25.61,,25.005,96.79,16.261
1774658521247,3/27/2026,5:42:01 PM,23.4375,23.046875,25.61,,25.005,96.79,16.261
1774658521643,3/27/2026,5:42:01 PM,23.546875,23.046875,25.61,,25.07,96.79,16.246
1774658521997,3/27/2026,5:42:01 PM,23.546875,23.1015625,25.61,,25.07,96.79,16.246
1774658522121,3/27/2026,5:42:02 PM,23.546875,23.1015625,25.61,,25.07,96.79,16.246
1774658522192,3/27/2026,5:42:02 PM,23.546875,23.1015625,25.61,,25.1,96.79,16.261
1774658522412,3/27/2026,5:42:02 PM,23.4921875,23.1015625,25.61,,25.1,96.79,16.261
1774658522464,3/27/2026,5:42:02 PM,23.4921875,23.03125,25.61,,25.1,96.79,16.261
1774658522515,3/27/2026,5:42:02 PM,23.4921875,23.03125,25.61,,25.1,96.79,16.261
1774658522781,3/27/2026,5:42:02 PM,23.4921875,23.03125,25.61,,25.1,96.79,16.261
1774658522872,3/27/2026,5:42:02 PM,23.4921875,23.03125,25.61,,25.08,96.791,16.255
1774658522924,3/27/2026,5:42:02 PM,23.4921875,23.03125,25.61,,25.08,96.791,16.255
1774658522974,3/27/2026,5:42:02 PM,23.4921875,23.03125,25.61,,25.08,96.791,16.255
1774658523132,3/27/2026,5:42:03 PM,23.546875,23.03125,25.61,,25.08,96.791,16.255
1774658523253,3/27/2026,5:42:03 PM,23.546875,23.078125,25.61,,25.08,96.791,16.255
1774658523656,3/27/2026,5:42:03 PM,23.546875,23.078125,25.6,,25.165,96.79,16.226
1774658523995,3/27/2026,5:42:03 PM,23.5390625,23.0546875,25.6,,25.165,96.79,16.226
1774658524112,3/27/2026,5:42:04 PM,23.5390625,23.0546875,25.6,,25.165,96.79,16.226
1774658524196,3/27/2026,5:42:04 PM,23.5390625,23.0546875,25.6,,25.165,96.79,16.226
1774658524395,3/27/2026,5:42:04 PM,23.5390625,23.0546875,25.6,,25.085,96.79,16.236
1774658524446,3/27/2026,5:42:04 PM,23.5390625,23.0546875,25.6,,25.085,96.79,16.236
1774658524549,3/27/2026,5:42:04 PM,23.5390625,23.0546875,25.6,,25.085,96.79,16.236
1774658524781,3/27/2026,5:42:04 PM,23.5390625,23.0546875,25.6,,25.085,96.79,16.236
1774658524870,3/27/2026,5:42:04 PM,23.5390625,23.0546875,25.6,,25.085,96.79,16.236
1774658524923,3/27/2026,5:42:04 PM,23.5390625,23.0546875,25.6,,25.085,96.79,16.236
1774658524973,3/27/2026,5:42:04 PM,23.5390625,23.0546875,25.6,,25.085,96.79,16.236
1774658525129,3/27/2026,5:42:05 PM,23.5390625,23.0546875,25.61,,25.04,96.791,16.246
1774658525249,3/27/2026,5:42:05 PM,23.5,23.0546875,25.61,,25.04,96.791,16.246
1774658525651,3/27/2026,5:42:05 PM,23.5,23.015625,25.61,,25.04,96.791,16.246
1774658525994,3/27/2026,5:42:05 PM,23.515625,23.015625,25.6,,25.075,96.79,16.216
1774658526110,3/27/2026,5:42:06 PM,23.515625,22.984375,25.6,,25.075,96.79,16.216
1774658526192,3/27/2026,5:42:06 PM,23.515625,22.984375,25.6,,25.075,96.79,16.216
1774658526388,3/27/2026,5:42:06 PM,23.515625,22.984375,25.6,,25.075,96.79,16.216
1774658526438,3/27/2026,5:42:06 PM,23.515625,22.984375,25.6,,25.075,96.79,16.216
1774658526497,3/27/2026,5:42:06 PM,23.515625,22.984375,25.61,,25.1,96.79,16.206
1774658526788,3/27/2026,5:42:06 PM,23.46875,23.0703125,25.61,,25.1,96.79,16.206
1774658526877,3/27/2026,5:42:06 PM,23.46875,23.0703125,25.61,,25.1,96.79,16.206
1774658526924,3/27/2026,5:42:06 PM,23.46875,23.0703125,25.61,,25.1,96.79,16.206
1774658526975,3/27/2026,5:42:06 PM,23.46875,23.0703125,25.61,,25.1,96.79,16.206
1774658527131,3/27/2026,5:42:07 PM,23.46875,23.0703125,25.61,,25.1,96.79,16.206
1774658527248,3/27/2026,5:42:07 PM,23.46875,23.0703125,25.6,,25.045,96.79,16.216
1774658527643,3/27/2026,5:42:07 PM,23.4765625,22.9609375,25.6,,25.045,96.79,16.216
1774658528007,3/27/2026,5:42:08 PM,23.4765625,22.9609375,25.6,,25.085,96.79,16.211
1774658528164,3/27/2026,5:42:08 PM,23.4765625,22.9609375,25.6,,25.085,96.79,16.211
1774658528210,3/27/2026,5:42:08 PM,23.4765625,22.9921875,25.6,,25.085,96.79,16.211
1774658528388,3/27/2026,5:42:08 PM,23.4765625,22.9921875,25.6,,25.085,96.79,16.211
1774658528439,3/27/2026,5:42:08 PM,23.4765625,22.9921875,25.6,,25.085,96.79,16.211
1774658528510,3/27/2026,5:42:08 PM,23.4765625,22.9921875,25.6,,25.085,96.79,16.211
1774658528796,3/27/2026,5:42:08 PM,23.515625,22.9921875,25.59,,25.135,96.79,16.21
1774658528871,3/27/2026,5:42:08 PM,23.515625,22.9921875,25.59,,25.135,96.79,16.21
1774658528922,3/27/2026,5:42:08 PM,23.515625,22.9921875,25.59,,25.135,96.79,16.21
1774658528974,3/27/2026,5:42:08 PM,23.515625,22.9609375,25.59,,25.135,96.79,16.21
1774658529129,3/27/2026,5:42:09 PM,23.515625,22.9609375,25.59,,25.135,96.79,16.21
1774658529244,3/27/2026,5:42:09 PM,23.515625,22.9609375,25.59,,25.135,96.79,16.21
1774658529640,3/27/2026,5:42:09 PM,23.5,22.9609375,25.59,,25.055,96.79,16.186
1774658530000,3/27/2026,5:42:10 PM,23.5,22.96875,25.59,,25.055,96.79,16.186
1774658530124,3/27/2026,5:42:10 PM,23.5,22.96875,25.59,,25.06,96.789,16.195
1774658530192,3/27/2026,5:42:10 PM,23.5,22.96875,25.59,,25.06,96.789,16.195
1774658530390,3/27/2026,5:42:10 PM,23.546875,23.078125,25.59,,25.06,96.789,16.195
1774658530440,3/27/2026,5:42:10 PM,23.546875,23.078125,25.59,,25.06,96.789,16.195
1774658530500,3/27/2026,5:42:10 PM,23.546875,23.078125,25.59,,25.06,96.789,16.195
1774658530781,3/27/2026,5:42:10 PM,23.546875,23.078125,25.59,,25.085,96.79,16.195
1774658530903,3/27/2026,5:42:10 PM,23.546875,23.078125,25.59,,25.085,96.79,16.195
1774658530952,3/27/2026,5:42:10 PM,23.34375,23.078125,25.59,,25.085,96.79,16.195
1774658531002,3/27/2026,5:42:11 PM,23.34375,23.078125,25.59,,25.085,96.79,16.195
1774658531131,3/27/2026,5:42:11 PM,23.34375,23.046875,25.59,,25.085,96.79,16.195
1774658531247,3/27/2026,5:42:11 PM,23.34375,23.046875,25.59,,25.085,96.79,16.195
1774658531644,3/27/2026,5:42:11 PM,23.5390625,23.046875,25.59,,25.06,96.789,16.2
1774658532009,3/27/2026,5:42:12 PM,23.5390625,23.03125,25.59,,25.06,96.789,16.2
1774658532129,3/27/2026,5:42:12 PM,23.5390625,23.03125,25.59,,25.06,96.789,16.2
1774658532202,3/27/2026,5:42:12 PM,23.5390625,23.03125,25.59,,25.095,96.789,16.2
1774658532386,3/27/2026,5:42:12 PM,23.46875,23.03125,25.59,,25.095,96.789,16.2
1774658532449,3/27/2026,5:42:12 PM,23.46875,23.03125,25.59,,25.095,96.789,16.2
1774658532492,3/27/2026,5:42:12 PM,23.46875,23.03125,25.59,,25.095,96.789,16.2
1774658532788,3/27/2026,5:42:12 PM,23.46875,23.046875,25.59,,25.095,96.789,16.2
1774658532872,3/27/2026,5:42:12 PM,23.46875,23.046875,25.59,,25.095,96.789,16.2
1774658532927,3/27/2026,5:42:12 PM,23.46875,23.046875,25.59,,25.065,96.79,16.2
1774658532975,3/27/2026,5:42:12 PM,23.46875,23.046875,25.59,,25.065,96.79,16.2
1774658533134,3/27/2026,5:42:13 PM,23.515625,23.046875,25.59,,25.065,96.79,16.2
1774658533252,3/27/2026,5:42:13 PM,23.515625,23.0703125,25.59,,25.065,96.79,16.2
1774658533654,3/27/2026,5:42:13 PM,23.515625,23.0703125,25.59,,25.05,96.791,16.19
1774658533994,3/27/2026,5:42:13 PM,23.4296875,23.09375,25.59,,25.05,96.791,16.19
1774658534130,3/27/2026,5:42:14 PM,23.4296875,23.09375,25.59,,25.05,96.791,16.19
1774658534193,3/27/2026,5:42:14 PM,23.4296875,23.09375,25.59,,25.05,96.791,16.19
1774658534393,3/27/2026,5:42:14 PM,23.4296875,23.09375,25.59,,25.045,96.791,16.19
1774658534444,3/27/2026,5:42:14 PM,23.4296875,23.09375,25.59,,25.045,96.791,16.19
1774658534503,3/27/2026,5:42:14 PM,23.4296875,23.09375,25.59,,25.045,96.791,16.19
1774658534803,3/27/2026,5:42:14 PM,23.4140625,23.09375,25.59,,25.045,96.791,16.19
1774658534882,3/27/2026,5:42:14 PM,23.4140625,23.09375,25.59,,25.045,96.791,16.19
1774658534980,3/27/2026,5:42:14 PM,23.4140625,23.09375,25.59,,25.045,96.791,16.19
1774658535031,3/27/2026,5:42:15 PM,23.4140625,23.09375,25.59,,25.045,96.791,16.19
1774658535189,3/27/2026,5:42:15 PM,23.4140625,23.09375,25.59,,25.14,96.79,16.195
1774658535235,3/27/2026,5:42:15 PM,23.4140625,23.09375,25.59,,25.14,96.79,16.195
1774658535647,3/27/2026,5:42:15 PM,23.46875,23.0078125,25.59,,25.14,96.79,16.195
1774658536011,3/27/2026,5:42:16 PM,23.5,23.0078125,25.59,,25.11,96.79,16.171
1774658536131,3/27/2026,5:42:16 PM,23.5,23.078125,25.59,,25.11,96.79,16.171
1774658536230,3/27/2026,5:42:16 PM,23.5,23.078125,25.59,,25.11,96.79,16.171
1774658536391,3/27/2026,5:42:16 PM,23.5,23.078125,25.59,,25.11,96.79,16.171
1774658536441,3/27/2026,5:42:16 PM,23.5,23.078125,25.59,,25.11,96.79,16.171
1774658536504,3/27/2026,5:42:16 PM,23.5,23.078125,25.59,,25.11,96.79,16.171
1774658536547,3/27/2026,5:42:16 PM,23.5,23.078125,25.59,,25.04,96.789,16.191
1774658536783,3/27/2026,5:42:16 PM,23.46875,23.078125,25.59,,25.04,96.789,16.191
1774658536885,3/27/2026,5:42:16 PM,23.46875,23.1640625,25.59,,25.04,96.789,16.191
1774658536942,3/27/2026,5:42:16 PM,23.46875,23.1640625,25.59,,25.04,96.789,16.191
1774658536988,3/27/2026,5:42:16 PM,23.46875,23.1640625,25.59,,25.04,96.789,16.191
1774658537127,3/27/2026,5:42:17 PM,23.46875,23.1640625,25.59,,25.04,96.789,16.191
1774658537239,3/27/2026,5:42:17 PM,23.46875,23.1640625,25.59,,25.04,96.789,16.181
1774658537282,3/27/2026,5:42:17 PM,23.46875,23.1640625,25.59,,25.04,96.789,16.181
1774658537638,3/27/2026,5:42:17 PM,23.6015625,23.046875,25.59,,25.04,96.789,16.181
1774658537995,3/27/2026,5:42:17 PM,23.6015625,23.046875,25.59,,25.08,96.789,16.186
1774658538111,3/27/2026,5:42:18 PM,23.4765625,23.046875,25.59,,25.08,96.789,16.186
1774658538197,3/27/2026,5:42:18 PM,23.4765625,23.046875,25.59,,25.08,96.789,16.186
1774658538284,3/27/2026,5:42:18 PM,23.4765625,23.125,25.59,,25.08,96.789,16.186
1774658538397,3/27/2026,5:42:18 PM,23.4765625,23.125,25.59,,25.08,96.789,16.186
1774658538450,3/27/2026,5:42:18 PM,23.4765625,23.125,25.59,,25.08,96.789,16.186
1774658538507,3/27/2026,5:42:18 PM,23.4765625,23.125,25.59,,25.08,96.789,16.186
1774658538550,3/27/2026,5:42:18 PM,23.4765625,23.125,25.59,,25.08,96.789,16.186
1774658538781,3/27/2026,5:42:18 PM,23.4765625,23.125,25.59,,25.07,96.788,16.171
1774658538872,3/27/2026,5:42:18 PM,23.5,23.125,25.59,,25.07,96.788,16.171
1774658538939,3/27/2026,5:42:18 PM,23.5,23.125,25.59,,25.07,96.788,16.171
1774658538988,3/27/2026,5:42:18 PM,23.5,23.125,25.59,,25.07,96.788,16.171
1774658539127,3/27/2026,5:42:19 PM,23.5,23.046875,25.59,,25.07,96.788,16.171
1774658539249,3/27/2026,5:42:19 PM,23.5,23.046875,25.59,,25.07,96.788,16.171
1774658539335,3/27/2026,5:42:19 PM,23.5,23.046875,25.59,,25.07,96.788,16.171
1774658539641,3/27/2026,5:42:19 PM,23.5,23.046875,25.59,,25.02,96.789,16.166
1774658539997,3/27/2026,5:42:19 PM,23.5,23.09375,25.59,,25.02,96.789,16.166
1774658540114,3/27/2026,5:42:20 PM,23.5,23.09375,25.59,,25.09,96.789,16.181
1774658540195,3/27/2026,5:42:20 PM,23.5,23.09375,25.59,,25.09,96.789,16.181
1774658540436,3/27/2026,5:42:20 PM,23.5625,23.03125,25.59,,25.09,96.789,16.181
1774658540487,3/27/2026,5:42:20 PM,23.5625,23.03125,25.59,,25.09,96.789,16.181
1774658540537,3/27/2026,5:42:20 PM,23.5625,23.03125,25.59,,25.09,96.789,16.181
1774658540587,3/27/2026,5:42:20 PM,23.5625,23.03125,25.59,,25.09,96.789,16.181
1774658540784,3/27/2026,5:42:20 PM,23.5625,23.03125,25.59,,25.09,96.789,16.181
1774658540871,3/27/2026,5:42:20 PM,23.5625,23.03125,25.59,,25.09,96.789,16.166
1774658540923,3/27/2026,5:42:20 PM,23.5625,23.03125,25.59,,25.09,96.789,16.166
1774658540974,3/27/2026,5:42:20 PM,23.5625,23.03125,25.59,,25.09,96.789,16.166
1774658541145,3/27/2026,5:42:21 PM,23.453125,23.03125,25.59,,25.09,96.789,16.166
1774658541237,3/27/2026,5:42:21 PM,23.453125,23.0546875,25.59,,25.09,96.789,16.166
1774658541646,3/27/2026,5:42:21 PM,23.453125,23.0546875,25.59,1.308,25.08,96.789,16.176
1774658542002,3/27/2026,5:42:22 PM,23.5,23.0078125,25.59,1.308,25.08,96.789,16.176
1774658542135,3/27/2026,5:42:22 PM,23.5,23.0078125,25.59,1.308,25.08,96.789,16.176
1774658542199,3/27/2026,5:42:22 PM,23.5,23.0078125,25.59,1.308,25.08,96.789,16.176
1774658542388,3/27/2026,5:42:22 PM,23.5,23.0078125,25.59,1.3,25.025,96.79,16.166
1774658542438,3/27/2026,5:42:22 PM,23.4765625,23.0078125,25.59,1.3,25.025,96.79,16.166
1774658542490,3/27/2026,5:42:22 PM,23.4765625,23.0078125,25.59,1.3,25.025,96.79,16.166
1774658542541,3/27/2026,5:42:22 PM,23.4765625,23.0078125,25.59,1.3,25.025,96.79,16.166
1774658542599,3/27/2026,5:42:22 PM,23.4765625,23.0078125,25.59,1.3,25.025,96.79,16.166
1774658542782,3/27/2026,5:42:22 PM,23.4765625,23.046875,25.59,1.3,25.025,96.79,16.166
1774658542881,3/27/2026,5:42:22 PM,23.4765625,23.046875,25.59,1.3,25.025,96.79,16.166
1774658542933,3/27/2026,5:42:22 PM,23.4765625,23.046875,25.59,1.3,25.025,96.79,16.166
1774658542985,3/27/2026,5:42:22 PM,23.4765625,23.046875,25.6,1.298,25.08,96.789,16.146
1774658543128,3/27/2026,5:42:23 PM,23.4765625,23.046875,25.6,1.298,25.08,96.789,16.146
1774658543243,3/27/2026,5:42:23 PM,23.3671875,23.046875,25.6,1.298,25.08,96.789,16.146
1774658543643,3/27/2026,5:42:23 PM,23.3671875,23.1171875,25.6,1.298,25.08,96.789,16.146
1774658543692,3/27/2026,5:42:23 PM,23.3671875,23.1171875,25.6,1.298,25.08,96.789,16.146
1774658543996,3/27/2026,5:42:23 PM,23.4765625,23.1171875,25.6,1.298,25.015,96.788,16.156
1774658544120,3/27/2026,5:42:24 PM,23.4765625,23.03125,25.6,1.298,25.015,96.788,16.156
1774658544195,3/27/2026,5:42:24 PM,23.4765625,23.03125,25.6,1.298,25.015,96.788,16.156
1774658544389,3/27/2026,5:42:24 PM,23.4765625,23.03125,25.6,1.298,25.015,96.788,16.156
1774658544437,3/27/2026,5:42:24 PM,23.4765625,23.03125,25.6,1.3,25.04,96.789,16.146
1774658544488,3/27/2026,5:42:24 PM,23.4765625,23.03125,25.6,1.3,25.04,96.789,16.146
1774658544539,3/27/2026,5:42:24 PM,23.4765625,23.03125,25.6,1.3,25.04,96.789,16.146
1774658544743,3/27/2026,5:42:24 PM,23.4375,23.03125,25.6,1.3,25.04,96.789,16.146
1774658544800,3/27/2026,5:42:24 PM,23.4375,23.1015625,25.6,1.3,25.04,96.789,16.146
1774658544868,3/27/2026,5:42:24 PM,23.4375,23.1015625,25.6,1.3,25.04,96.789,16.146
1774658544949,3/27/2026,5:42:24 PM,23.4375,23.1015625,25.6,1.3,25.04,96.789,16.146
1774658545005,3/27/2026,5:42:25 PM,23.4375,23.1015625,25.6,1.3,25.04,96.789,16.146
1774658545127,3/27/2026,5:42:25 PM,23.4375,23.1015625,25.6,1.3,25.04,96.789,16.146
1774658545238,3/27/2026,5:42:25 PM,23.4375,23.1015625,25.6,1.309,25,96.789,16.161
1774658545651,3/27/2026,5:42:25 PM,23.4921875,23.0078125,25.6,1.309,25,96.789,16.161
1774658545797,3/27/2026,5:42:25 PM,23.4921875,23.0078125,25.6,1.309,25,96.789,16.161
1774658545999,3/27/2026,5:42:25 PM,23.4921875,23.0078125,25.6,1.302,25.085,96.789,16.147
1774658546121,3/27/2026,5:42:26 PM,23.46875,23.0078125,25.6,1.302,25.085,96.789,16.147
1774658546198,3/27/2026,5:42:26 PM,23.46875,23.046875,25.6,1.302,25.085,96.789,16.147
1774658546384,3/27/2026,5:42:26 PM,23.46875,23.046875,25.6,1.302,25.085,96.789,16.147
1774658546444,3/27/2026,5:42:26 PM,23.46875,23.046875,25.6,1.302,25.085,96.789,16.147
1774658546487,3/27/2026,5:42:26 PM,23.46875,23.046875,25.6,1.302,25.085,96.789,16.147
1774658546539,3/27/2026,5:42:26 PM,23.46875,23.046875,25.6,1.302,25.085,96.789,16.147
1774658546785,3/27/2026,5:42:26 PM,23.328125,23.046875,25.6,1.306,25.025,96.789,16.137
1774658546912,3/27/2026,5:42:26 PM,23.328125,23.046875,25.6,1.306,25.025,96.789,16.137
1774658546960,3/27/2026,5:42:26 PM,23.328125,23.0546875,25.6,1.306,25.025,96.789,16.137
1774658547003,3/27/2026,5:42:27 PM,23.328125,23.0546875,25.6,1.306,25.025,96.789,16.137
1774658547135,3/27/2026,5:42:27 PM,23.328125,23.0546875,25.6,1.306,25.025,96.789,16.137
1774658547255,3/27/2026,5:42:27 PM,23.328125,23.0546875,25.6,1.306,25.025,96.789,16.137
1774658547640,3/27/2026,5:42:27 PM,23.390625,23.125,25.6,1.308,25.03,96.788,16.132
1774658547997,3/27/2026,5:42:27 PM,23.390625,23.125,25.6,1.308,25.03,96.788,16.132
1774658548122,3/27/2026,5:42:28 PM,23.390625,23.125,25.6,1.307,25.06,96.789,16.132
1774658548190,3/27/2026,5:42:28 PM,23.546875,23.125,25.6,1.307,25.06,96.789,16.132
1774658548387,3/27/2026,5:42:28 PM,23.546875,23.0546875,25.6,1.307,25.06,96.789,16.132
1774658548437,3/27/2026,5:42:28 PM,23.546875,23.0546875,25.6,1.307,25.06,96.789,16.132
1774658548497,3/27/2026,5:42:28 PM,23.546875,23.0546875,25.6,1.307,25.06,96.789,16.132
1774658548541,3/27/2026,5:42:28 PM,23.546875,23.0546875,25.6,1.307,25.06,96.789,16.132
1774658548786,3/27/2026,5:42:28 PM,23.546875,23.0546875,25.6,1.306,25.035,96.789,16.152
1774658548875,3/27/2026,5:42:28 PM,23.546875,23.0546875,25.6,1.306,25.035,96.789,16.152
1774658548926,3/27/2026,5:42:28 PM,23.4375,23.0546875,25.6,1.306,25.035,96.789,16.152
1774658548979,3/27/2026,5:42:28 PM,23.4375,23.0546875,25.6,1.306,25.035,96.789,16.152
1774658549028,3/27/2026,5:42:29 PM,23.4375,23.0546875,25.6,1.306,25.035,96.789,16.152
1774658549133,3/27/2026,5:42:29 PM,23.4375,23.03125,25.6,1.306,25.035,96.789,16.152
1774658549243,3/27/2026,5:42:29 PM,23.4375,23.03125,25.6,1.306,25.035,96.789,16.152
1774658549655,3/27/2026,5:42:29 PM,23.40625,23.03125,25.6,1.305,25.035,96.788,16.142
1774658550018,3/27/2026,5:42:30 PM,23.40625,23.0703125,25.6,1.305,25.035,96.788,16.142
1774658550081,3/27/2026,5:42:30 PM,23.40625,23.0703125,25.6,1.305,25.035,96.788,16.142
1774658550135,3/27/2026,5:42:30 PM,23.40625,23.0703125,25.6,1.305,25.035,96.788,16.142
1774658550195,3/27/2026,5:42:30 PM,23.40625,23.0703125,25.6,1.305,24.935,96.789,16.122
1774658550387,3/27/2026,5:42:30 PM,23.4375,23.0703125,25.6,1.305,24.935,96.789,16.122
1774658550446,3/27/2026,5:42:30 PM,23.4375,23.0703125,25.6,1.305,24.935,96.789,16.122
1774658550488,3/27/2026,5:42:30 PM,23.4375,23.0703125,25.6,1.305,24.935,96.789,16.122
1774658550543,3/27/2026,5:42:30 PM,23.4375,23.03125,25.6,1.305,24.935,96.789,16.122
1774658550791,3/27/2026,5:42:30 PM,23.4375,23.03125,25.6,1.305,24.935,96.789,16.122
1774658550870,3/27/2026,5:42:30 PM,23.4375,23.03125,25.6,1.305,24.935,96.789,16.122
1774658550924,3/27/2026,5:42:30 PM,23.4375,23.03125,25.6,1.302,24.985,96.789,16.137
1774658550975,3/27/2026,5:42:30 PM,23.4375,23.03125,25.6,1.302,24.985,96.789,16.137
1774658551134,3/27/2026,5:42:31 PM,23.4296875,23.03125,25.6,1.302,24.985,96.789,16.137
1774658551189,3/27/2026,5:42:31 PM,23.4296875,23.03125,25.6,1.302,24.985,96.789,16.137
1774658551258,3/27/2026,5:42:31 PM,23.4296875,23.046875,25.6,1.302,24.985,96.789,16.137
1774658551645,3/27/2026,5:42:31 PM,23.4296875,23.046875,25.59,1.307,25.075,96.789,16.137
1774658551999,3/27/2026,5:42:31 PM,23.390625,23.1015625,25.59,1.307,25.075,96.789,16.137
1774658552118,3/27/2026,5:42:32 PM,23.390625,23.1015625,25.59,1.307,25.075,96.789,16.137
1774658552186,3/27/2026,5:42:32 PM,23.390625,23.1015625,25.59,1.307,25.075,96.789,16.137
1774658552239,3/27/2026,5:42:32 PM,23.390625,23.1015625,25.59,1.307,25.075,96.789,16.137
1774658552389,3/27/2026,5:42:32 PM,23.390625,23.1015625,25.6,1.307,24.97,96.79,16.102
1774658552440,3/27/2026,5:42:32 PM,23.390625,23.1015625,25.6,1.307,24.97,96.79,16.102
1774658552490,3/27/2026,5:42:32 PM,23.390625,23.1015625,25.6,1.307,24.97,96.79,16.102
1774658552542,3/27/2026,5:42:32 PM,23.359375,23.1015625,25.6,1.307,24.97,96.79,16.102
1774658552783,3/27/2026,5:42:32 PM,23.359375,23.078125,25.6,1.307,24.97,96.79,16.102
1774658552877,3/27/2026,5:42:32 PM,23.359375,23.078125,25.6,1.307,24.97,96.79,16.102
1774658552929,3/27/2026,5:42:32 PM,23.359375,23.078125,25.6,1.307,24.97,96.79,16.102
1774658552978,3/27/2026,5:42:32 PM,23.359375,23.078125,25.6,1.307,24.97,96.79,16.102
1774658553128,3/27/2026,5:42:33 PM,23.359375,23.078125,25.6,1.305,25.04,96.79,16.107
1774658553290,3/27/2026,5:42:33 PM,23.46875,23.078125,25.6,1.305,25.04,96.79,16.107
1774658553695,3/27/2026,5:42:33 PM,23.46875,23.0546875,25.6,1.305,25.04,96.79,16.107
1774658553997,3/27/2026,5:42:33 PM,23.4296875,23.0546875,25.6,1.306,24.99,96.791,16.117
1774658554126,3/27/2026,5:42:34 PM,23.4296875,23.0703125,25.6,1.306,24.99,96.791,16.117
1774658554203,3/27/2026,5:42:34 PM,23.4296875,23.0703125,25.6,1.306,24.99,96.791,16.117
1774658554288,3/27/2026,5:42:34 PM,23.4296875,23.0703125,25.6,1.306,24.99,96.791,16.117
1774658554407,3/27/2026,5:42:34 PM,23.4296875,23.0703125,25.6,1.306,24.99,96.791,16.117
1774658554461,3/27/2026,5:42:34 PM,23.4296875,23.0703125,25.6,1.306,24.99,96.791,16.117
1774658554520,3/27/2026,5:42:34 PM,23.4296875,23.0703125,25.6,1.307,25.065,96.791,16.107
1774658554561,3/27/2026,5:42:34 PM,23.4296875,23.0703125,25.6,1.307,25.065,96.791,16.107
1774658554780,3/27/2026,5:42:34 PM,23.40625,23.0703125,25.6,1.307,25.065,96.791,16.107
1774658554882,3/27/2026,5:42:34 PM,23.40625,23.015625,25.6,1.307,25.065,96.791,16.107
1774658554928,3/27/2026,5:42:34 PM,23.40625,23.015625,25.6,1.307,25.065,96.791,16.107
1774658554982,3/27/2026,5:42:34 PM,23.40625,23.015625,25.6,1.307,25.065,96.791,16.107
1774658555133,3/27/2026,5:42:35 PM,23.40625,23.015625,25.6,1.307,25.065,96.791,16.107
1774658555250,3/27/2026,5:42:35 PM,23.40625,23.015625,25.6,1.307,25.01,96.79,16.092
1774658555340,3/27/2026,5:42:35 PM,23.40625,23.015625,25.6,1.307,25.01,96.79,16.092
1774658555651,3/27/2026,5:42:35 PM,23.390625,23.0703125,25.6,1.307,25.01,96.79,16.092
1774658556011,3/27/2026,5:42:36 PM,23.390625,23.0703125,25.6,1.31,24.985,96.791,16.097
1774658556148,3/27/2026,5:42:36 PM,23.4296875,23.0703125,25.6,1.31,24.985,96.791,16.097
1774658556210,3/27/2026,5:42:36 PM,23.4296875,23.0703125,25.6,1.31,24.985,96.791,16.097
1774658556394,3/27/2026,5:42:36 PM,23.4296875,23.1015625,25.6,1.31,24.985,96.791,16.097
1774658556440,3/27/2026,5:42:36 PM,23.4296875,23.1015625,25.6,1.31,24.985,96.791,16.097
1774658556496,3/27/2026,5:42:36 PM,23.4296875,23.1015625,25.6,1.31,24.985,96.791,16.097
1774658556544,3/27/2026,5:42:36 PM,23.4296875,23.1015625,25.6,1.31,24.985,96.791,16.097
1774658556597,3/27/2026,5:42:36 PM,23.4296875,23.1015625,25.6,1.31,24.985,96.791,16.097
1774658556780,3/27/2026,5:42:36 PM,23.4296875,23.1015625,25.6,1.307,25,96.791,16.068
1774658556875,3/27/2026,5:42:36 PM,23.4921875,23.1015625,25.6,1.307,25,96.791,16.068
1774658556928,3/27/2026,5:42:36 PM,23.4921875,23.1015625,25.6,1.307,25,96.791,16.068
1774658556979,3/27/2026,5:42:36 PM,23.4921875,23.125,25.6,1.307,25,96.791,16.068
1774658557129,3/27/2026,5:42:37 PM,23.4921875,23.125,25.6,1.307,25,96.791,16.068
1774658557242,3/27/2026,5:42:37 PM,23.4921875,23.125,25.6,1.307,25,96.791,16.068
1774658557492,3/27/2026,5:42:37 PM,23.4921875,23.125,25.6,1.309,24.995,96.791,16.092
1774658557639,3/27/2026,5:42:37 PM,23.4296875,23.125,25.6,1.309,24.995,96.791,16.092
1774658557996,3/27/2026,5:42:37 PM,23.4296875,23.15625,25.6,1.309,24.995,96.791,16.092
1774658558121,3/27/2026,5:42:38 PM,23.4296875,23.15625,25.6,1.308,25.025,96.791,16.082
1774658558207,3/27/2026,5:42:38 PM,23.4296875,23.15625,25.6,1.308,25.025,96.791,16.082
1774658558386,3/27/2026,5:42:38 PM,23.4921875,23.15625,25.6,1.308,25.025,96.791,16.082
1774658558437,3/27/2026,5:42:38 PM,23.4921875,23.09375,25.6,1.308,25.025,96.791,16.082
1774658558488,3/27/2026,5:42:38 PM,23.4921875,23.09375,25.6,1.308,25.025,96.791,16.082
1774658558540,3/27/2026,5:42:38 PM,23.4921875,23.09375,25.6,1.308,25.025,96.791,16.082
1774658558591,3/27/2026,5:42:38 PM,23.4921875,23.09375,25.6,1.308,25.025,96.791,16.082
1774658558779,3/27/2026,5:42:38 PM,23.4921875,23.09375,25.6,1.308,25.025,96.791,16.082
1774658558875,3/27/2026,5:42:38 PM,23.4921875,23.09375,25.6,1.308,25.02,96.791,16.068
1774658558924,3/27/2026,5:42:38 PM,23.4921875,23.09375,25.6,1.308,25.02,96.791,16.068
1774658558977,3/27/2026,5:42:38 PM,23.46875,23.09375,25.6,1.308,25.02,96.791,16.068
1774658559131,3/27/2026,5:42:39 PM,23.46875,23.0703125,25.6,1.308,25.02,96.791,16.068
1774658559255,3/27/2026,5:42:39 PM,23.46875,23.0703125,25.6,1.308,25.02,96.791,16.068
1774658559644,3/27/2026,5:42:39 PM,23.46875,23.0703125,25.6,1.312,25.025,96.79,16.068
1774658559693,3/27/2026,5:42:39 PM,23.46875,23.0703125,25.6,1.312,25.025,96.79,16.068
1774658559994,3/27/2026,5:42:39 PM,23.46875,23.078125,25.6,1.312,25.025,96.79,16.068
1774658560125,3/27/2026,5:42:40 PM,23.46875,23.078125,25.6,1.312,25.025,96.79,16.068
1774658560196,3/27/2026,5:42:40 PM,23.46875,23.078125,25.6,1.312,25.025,96.79,16.068
1774658560384,3/27/2026,5:42:40 PM,23.46875,23.078125,25.59,1.309,24.96,96.79,16.058
1774658560438,3/27/2026,5:42:40 PM,23.4375,23.078125,25.59,1.309,24.96,96.79,16.058
1774658560487,3/27/2026,5:42:40 PM,23.4375,23.078125,25.59,1.309,24.96,96.79,16.058
1774658560547,3/27/2026,5:42:40 PM,23.4375,23.078125,25.59,1.309,24.96,96.79,16.058
1774658560799,3/27/2026,5:42:40 PM,23.4375,22.9609375,25.59,1.309,24.96,96.79,16.058
1774658560882,3/27/2026,5:42:40 PM,23.4375,22.9609375,25.59,1.309,24.96,96.79,16.058
1774658560925,3/27/2026,5:42:40 PM,23.4375,22.9609375,25.59,1.309,24.96,96.79,16.058
1774658560976,3/27/2026,5:42:40 PM,23.4375,22.9609375,25.59,1.309,25.05,96.79,16.068
1774658561133,3/27/2026,5:42:41 PM,23.5,22.9609375,25.59,1.309,25.05,96.79,16.068
1774658561260,3/27/2026,5:42:41 PM,23.5,22.9609375,25.59,1.309,25.05,96.79,16.068
1774658561645,3/27/2026,5:42:41 PM,23.5,23.09375,25.59,1.309,25.05,96.79,16.068
1774658561796,3/27/2026,5:42:41 PM,23.5,23.09375,25.59,1.312,25.02,96.79,16.053
1774658561995,3/27/2026,5:42:41 PM,23.4140625,23.09375,25.59,1.312,25.02,96.79,16.053
1774658562112,3/27/2026,5:42:42 PM,23.4140625,23.078125,25.59,1.312,25.02,96.79,16.053
1774658562197,3/27/2026,5:42:42 PM,23.4140625,23.078125,25.59,1.312,25.02,96.79,16.053
1774658562387,3/27/2026,5:42:42 PM,23.4140625,23.078125,25.59,1.312,25.02,96.79,16.053
1774658562439,3/27/2026,5:42:42 PM,23.4140625,23.078125,25.6,1.314,25.065,96.789,16.068
1774658562494,3/27/2026,5:42:42 PM,23.4140625,23.078125,25.6,1.314,25.065,96.789,16.068
1774658562543,3/27/2026,5:42:42 PM,23.4140625,23.078125,25.6,1.314,25.065,96.789,16.068
1774658562781,3/27/2026,5:42:42 PM,23.453125,23.0546875,25.6,1.314,25.065,96.789,16.068
1774658562852,3/27/2026,5:42:42 PM,23.453125,23.0546875,25.6,1.314,25.065,96.789,16.068
1774658562905,3/27/2026,5:42:42 PM,23.453125,23.0546875,25.6,1.314,25.065,96.789,16.068
1774658562955,3/27/2026,5:42:42 PM,23.453125,23.0546875,25.6,1.314,25.065,96.789,16.068
1774658563011,3/27/2026,5:42:43 PM,23.453125,23.0546875,25.6,1.314,25.065,96.789,16.068
1774658563128,3/27/2026,5:42:43 PM,23.453125,23.0546875,25.6,1.314,25.03,96.789,16.028
1774658563243,3/27/2026,5:42:43 PM,23.453125,23.0546875,25.6,1.314,25.03,96.789,16.028
1774658563650,3/27/2026,5:42:43 PM,23.5234375,22.9453125,25.6,1.314,25.03,96.789,16.028
1774658563996,3/27/2026,5:42:43 PM,23.5234375,22.9453125,25.6,1.314,25.005,96.789,16.053
1774658564128,3/27/2026,5:42:44 PM,23.4921875,22.9453125,25.6,1.314,25.005,96.789,16.053
1774658564193,3/27/2026,5:42:44 PM,23.4921875,23.015625,25.6,1.314,25.005,96.789,16.053
1774658564388,3/27/2026,5:42:44 PM,23.4921875,23.015625,25.6,1.314,25.005,96.789,16.053
1774658564438,3/27/2026,5:42:44 PM,23.4921875,23.015625,25.6,1.314,25.005,96.789,16.053
1774658564490,3/27/2026,5:42:44 PM,23.4921875,23.015625,25.6,1.314,25.005,96.789,16.053
1774658564543,3/27/2026,5:42:44 PM,23.4921875,23.015625,25.6,1.314,25.005,96.789,16.053
1774658564784,3/27/2026,5:42:44 PM,23.40625,23.015625,25.6,1.314,24.895,96.789,16.028
1774658564875,3/27/2026,5:42:44 PM,23.40625,23.015625,25.6,1.314,24.895,96.789,16.028
1774658564931,3/27/2026,5:42:44 PM,23.40625,23.0078125,25.6,1.314,24.895,96.789,16.028
1774658564982,3/27/2026,5:42:44 PM,23.40625,23.0078125,25.6,1.314,24.895,96.789,16.028
1774658565034,3/27/2026,5:42:45 PM,23.40625,23.0078125,25.6,1.314,24.895,96.789,16.028
1774658565134,3/27/2026,5:42:45 PM,23.40625,23.0078125,25.6,1.314,24.895,96.789,16.028
1774658565303,3/27/2026,5:42:45 PM,23.40625,23.0078125,25.6,1.317,25.02,96.788,16.018
1774658565662,3/27/2026,5:42:45 PM,23.5390625,22.9921875,25.6,1.317,25.02,96.788,16.018
1774658566003,3/27/2026,5:42:46 PM,23.5390625,22.9921875,25.6,1.316,24.97,96.788,16.038
1774658566083,3/27/2026,5:42:46 PM,23.5390625,22.9921875,25.6,1.316,24.97,96.788,16.038
1774658566137,3/27/2026,5:42:46 PM,23.5390625,22.9921875,25.6,1.316,24.97,96.788,16.038
1774658566196,3/27/2026,5:42:46 PM,23.4296875,22.9921875,25.6,1.316,24.97,96.788,16.038
1774658566386,3/27/2026,5:42:46 PM,23.4296875,23.0703125,25.6,1.316,24.97,96.788,16.038
1774658566437,3/27/2026,5:42:46 PM,23.4296875,23.0703125,25.6,1.316,24.97,96.788,16.038
1774658566490,3/27/2026,5:42:46 PM,23.4296875,23.0703125,25.6,1.316,24.97,96.788,16.038
1774658566539,3/27/2026,5:42:46 PM,23.4296875,23.0703125,25.6,1.316,24.97,96.788,16.038
1774658566786,3/27/2026,5:42:46 PM,23.4296875,23.0703125,25.6,1.314,25.06,96.788,16.048
1774658566875,3/27/2026,5:42:46 PM,23.4296875,23.0703125,25.6,1.314,25.06,96.788,16.048
1774658566930,3/27/2026,5:42:46 PM,23.4296875,23.0703125,25.6,1.314,25.06,96.788,16.048
1774658566978,3/27/2026,5:42:46 PM,23.4296875,23.0703125,25.6,1.314,25.06,96.788,16.048
1774658567134,3/27/2026,5:42:47 PM,23.4296875,23.09375,25.6,1.314,25.06,96.788,16.048
1774658567190,3/27/2026,5:42:47 PM,23.4296875,23.09375,25.6,1.314,25.06,96.788,16.048
1774658567249,3/27/2026,5:42:47 PM,23.4296875,23.09375,25.6,1.314,25.06,96.788,16.048
1774658567645,3/27/2026,5:42:47 PM,23.3828125,23.09375,25.6,1.311,24.985,96.789,16.038
1774658567997,3/27/2026,5:42:47 PM,23.3828125,23.0546875,25.6,1.311,24.985,96.789,16.038
1774658568129,3/27/2026,5:42:48 PM,23.3828125,23.0546875,25.6,1.311,24.985,96.789,16.038
1774658568185,3/27/2026,5:42:48 PM,23.3828125,23.0546875,25.6,1.311,24.965,96.79,16.023
1774658568238,3/27/2026,5:42:48 PM,23.3828125,23.0546875,25.6,1.311,24.965,96.79,16.023
1774658568389,3/27/2026,5:42:48 PM,23.4296875,23.0546875,25.6,1.311,24.965,96.79,16.023
1774658568438,3/27/2026,5:42:48 PM,23.4296875,23.0546875,25.6,1.311,24.965,96.79,16.023
1774658568510,3/27/2026,5:42:48 PM,23.4296875,23.046875,25.6,1.311,24.965,96.79,16.023
1774658568541,3/27/2026,5:42:48 PM,23.4296875,23.046875,25.6,1.311,24.965,96.79,16.023
1774658568787,3/27/2026,5:42:48 PM,23.4296875,23.046875,25.6,1.311,24.965,96.79,16.023
1774658568878,3/27/2026,5:42:48 PM,23.4296875,23.046875,25.6,1.314,24.965,96.79,16.014
1774658568939,3/27/2026,5:42:48 PM,23.4296875,23.046875,25.6,1.314,24.965,96.79,16.014
1774658568982,3/27/2026,5:42:48 PM,23.4296875,23.046875,25.6,1.314,24.965,96.79,16.014
1774658569134,3/27/2026,5:42:49 PM,23.46875,23.046875,25.6,1.314,24.965,96.79,16.014
1774658569290,3/27/2026,5:42:49 PM,23.46875,23.09375,25.6,1.314,24.965,96.79,16.014
1774658569650,3/27/2026,5:42:49 PM,23.46875,23.09375,25.6,1.313,24.99,96.789,16.038
1774658569998,3/27/2026,5:42:49 PM,23.4765625,23.046875,25.6,1.313,24.99,96.789,16.038
1774658570121,3/27/2026,5:42:50 PM,23.4765625,23.046875,25.6,1.313,24.99,96.789,16.038
1774658570194,3/27/2026,5:42:50 PM,23.4765625,23.046875,25.6,1.313,24.99,96.789,16.038
1774658570288,3/27/2026,5:42:50 PM,23.4765625,23.046875,25.6,1.313,24.99,96.789,16.038
1774658570400,3/27/2026,5:42:50 PM,23.4765625,23.046875,25.6,1.312,24.96,96.79,16.014
1774658570452,3/27/2026,5:42:50 PM,23.4765625,23.046875,25.6,1.312,24.96,96.79,16.014
1774658570504,3/27/2026,5:42:50 PM,23.328125,23.046875,25.6,1.312,24.96,96.79,16.014
1774658570556,3/27/2026,5:42:50 PM,23.328125,23.046875,25.6,1.312,24.96,96.79,16.014
1774658570788,3/27/2026,5:42:50 PM,23.328125,23.015625,25.6,1.312,24.96,96.79,16.014
1774658570873,3/27/2026,5:42:50 PM,23.328125,23.015625,25.6,1.312,24.96,96.79,16.014
1774658570930,3/27/2026,5:42:50 PM,23.328125,23.015625,25.6,1.312,24.96,96.79,16.014
1774658570978,3/27/2026,5:42:50 PM,23.328125,23.015625,25.6,1.312,24.96,96.79,16.014
1774658571131,3/27/2026,5:42:51 PM,23.328125,23.015625,25.6,1.314,24.935,96.79,16.014
1774658571245,3/27/2026,5:42:51 PM,23.4296875,23.015625,25.6,1.314,24.935,96.79,16.014
1774658571340,3/27/2026,5:42:51 PM,23.4296875,23.015625,25.6,1.314,24.935,96.79,16.014
1774658571641,3/27/2026,5:42:51 PM,23.4296875,23.0703125,25.6,1.314,24.935,96.79,16.014
1774658571994,3/27/2026,5:42:51 PM,23.40625,23.0703125,25.61,0.001,25.03,96.79,16.029
1774658572120,3/27/2026,5:42:52 PM,23.40625,23.09375,25.61,0.001,25.03,96.79,16.029
1774658572195,3/27/2026,5:42:52 PM,23.40625,23.09375,25.61,0.001,25.03,96.79,16.029
1774658572391,3/27/2026,5:42:52 PM,23.40625,23.09375,25.61,0.001,25.03,96.79,16.029
1774658572439,3/27/2026,5:42:52 PM,23.40625,23.09375,25.61,0.001,25.03,96.79,16.029
1774658572497,3/27/2026,5:42:52 PM,23.40625,23.09375,25.61,,25.045,96.791,16.024
1774658572547,3/27/2026,5:42:52 PM,23.40625,23.09375,25.61,,25.045,96.791,16.024
1774658572597,3/27/2026,5:42:52 PM,23.40625,23.09375,25.61,,25.045,96.791,16.024
1774658572782,3/27/2026,5:42:52 PM,23.390625,23.09375,25.61,,25.045,96.791,16.024
1774658572878,3/27/2026,5:42:52 PM,23.390625,23.0703125,25.61,,25.045,96.791,16.024
1774658572936,3/27/2026,5:42:52 PM,23.390625,23.0703125,25.61,,25.045,96.791,16.024
1774658572983,3/27/2026,5:42:52 PM,23.390625,23.0703125,25.61,,25.045,96.791,16.024
1774658573146,3/27/2026,5:42:53 PM,23.390625,23.0703125,25.61,,25.045,96.791,16.024
1774658573247,3/27/2026,5:42:53 PM,23.390625,23.0703125,25.61,,25.055,96.79,16.029
1774658573489,3/27/2026,5:42:53 PM,23.390625,23.0703125,25.61,,25.055,96.79,16.029
1774658573640,3/27/2026,5:42:53 PM,23.390625,23.140625,25.61,,25.055,96.79,16.029
1774658573997,3/27/2026,5:42:53 PM,23.390625,23.140625,25.61,,25,96.789,16.014
1774658574125,3/27/2026,5:42:54 PM,23.46875,23.140625,25.61,,25,96.789,16.014
1774658574195,3/27/2026,5:42:54 PM,23.46875,23.140625,25.61,,25,96.789,16.014
1774658574401,3/27/2026,5:42:54 PM,23.46875,23.1015625,25.61,,25,96.789,16.014
1774658574451,3/27/2026,5:42:54 PM,23.46875,23.1015625,25.61,,25,96.789,16.014
1774658574502,3/27/2026,5:42:54 PM,23.46875,23.1015625,25.61,,25,96.789,16.014
1774658574554,3/27/2026,5:42:54 PM,23.46875,23.1015625,25.61,,25,96.789,16.014
1774658574608,3/27/2026,5:42:54 PM,23.46875,23.1015625,25.61,,25,96.789,16.014
1774658574785,3/27/2026,5:42:54 PM,23.4296875,23.1015625,25.61,,25.015,96.789,16.014
1774658574870,3/27/2026,5:42:54 PM,23.4296875,23.1015625,25.61,,25.015,96.789,16.014
1774658574933,3/27/2026,5:42:54 PM,23.4296875,23.1015625,25.61,,25.015,96.789,16.014
1774658574972,3/27/2026,5:42:54 PM,23.4296875,23.15625,25.61,,25.015,96.789,16.014
1774658575132,3/27/2026,5:42:55 PM,23.4296875,23.15625,25.61,,25.015,96.789,16.014
1774658575258,3/27/2026,5:42:55 PM,23.4296875,23.15625,25.61,,25.015,96.789,16.014
1774658575638,3/27/2026,5:42:55 PM,23.390625,23.15625,25.6,,25.09,96.788,15.994
1774658575692,3/27/2026,5:42:55 PM,23.390625,23.09375,25.6,,25.09,96.788,15.994
1774658576003,3/27/2026,5:42:56 PM,23.390625,23.09375,25.6,,25.09,96.788,15.994
1774658576123,3/27/2026,5:42:56 PM,23.390625,23.09375,25.6,,24.97,96.788,16.004
1774658576199,3/27/2026,5:42:56 PM,23.390625,23.09375,25.6,,24.97,96.788,16.004
1774658576387,3/27/2026,5:42:56 PM,23.4140625,23.125,25.6,,24.97,96.788,16.004
1774658576439,3/27/2026,5:42:56 PM,23.4140625,23.125,25.6,,24.97,96.788,16.004
1774658576490,3/27/2026,5:42:56 PM,23.4140625,23.125,25.6,,24.97,96.788,16.004
1774658576542,3/27/2026,5:42:56 PM,23.4140625,23.125,25.6,,24.97,96.788,16.004
1774658576739,3/27/2026,5:42:56 PM,23.4140625,23.125,25.6,,24.97,96.788,16.004
1774658576792,3/27/2026,5:42:56 PM,23.4140625,23.125,25.6,,25.045,96.788,16.009
1774658576877,3/27/2026,5:42:56 PM,23.4140625,23.125,25.6,,25.045,96.788,16.009
1774658576935,3/27/2026,5:42:56 PM,23.4140625,23.125,25.6,,25.045,96.788,16.009
1774658576977,3/27/2026,5:42:56 PM,23.5,23.125,25.6,,25.045,96.788,16.009
1774658577138,3/27/2026,5:42:57 PM,23.5,23.125,25.6,,25.045,96.788,16.009
1774658577253,3/27/2026,5:42:57 PM,23.5,23.125,25.6,,25.045,96.788,16.009
1774658577642,3/27/2026,5:42:57 PM,23.5,23.125,25.6,,25.08,96.789,16.014
1774658577790,3/27/2026,5:42:57 PM,23.46875,23.125,25.6,,25.08,96.789,16.014
1774658577996,3/27/2026,5:42:57 PM,23.46875,23.0546875,25.6,,25.08,96.789,16.014
1774658578114,3/27/2026,5:42:58 PM,23.46875,23.0546875,25.6,,25.08,96.789,16.014
1774658578190,3/27/2026,5:42:58 PM,23.46875,23.0546875,25.6,,25.08,96.789,16.014
1774658578384,3/27/2026,5:42:58 PM,23.4765625,23.0546875,25.6,,25.035,96.789,16.014
1774658578435,3/27/2026,5:42:58 PM,23.4765625,23.0546875,25.6,,25.035,96.789,16.014
1774658578486,3/27/2026,5:42:58 PM,23.4765625,23.0546875,25.6,,25.035,96.789,16.014
1774658578538,3/27/2026,5:42:58 PM,23.4765625,23.0546875,25.6,,25.035,96.789,16.014
1774658578785,3/27/2026,5:42:58 PM,23.4765625,23.140625,25.6,,25.035,96.789,16.014
1774658578843,3/27/2026,5:42:58 PM,23.4765625,23.140625,25.6,,25.035,96.789,16.014
1774658578897,3/27/2026,5:42:58 PM,23.4765625,23.140625,25.6,,25.035,96.789,16.014
1774658578945,3/27/2026,5:42:58 PM,23.4765625,23.140625,25.61,,25,96.789,16.019
1774658578996,3/27/2026,5:42:58 PM,23.4765625,23.140625,25.61,,25,96.789,16.019
1774658579138,3/27/2026,5:42:59 PM,23.4765625,23.140625,25.61,,25,96.789,16.019
1774658579249,3/27/2026,5:42:59 PM,23.4765625,23.140625,25.61,,25,96.789,16.019
1774658579642,3/27/2026,5:42:59 PM,23.4765625,23.1640625,25.61,,25,96.789,16.019
1774658579999,3/27/2026,5:42:59 PM,23.515625,23.125,25.61,,25.08,96.79,16.004
1774658580121,3/27/2026,5:43:00 PM,23.515625,23.125,25.61,,25.08,96.79,16.004
1774658580198,3/27/2026,5:43:00 PM,23.515625,23.125,25.61,,25.08,96.79,16.004
1774658580388,3/27/2026,5:43:00 PM,23.515625,23.125,25.61,,25.02,96.789,15.989
1774658580438,3/27/2026,5:43:00 PM,23.515625,23.125,25.61,,25.02,96.789,15.989
1774658580492,3/27/2026,5:43:00 PM,23.515625,23.125,25.61,,25.02,96.789,15.989
1774658580544,3/27/2026,5:43:00 PM,23.4921875,23.125,25.61,,25.02,96.789,15.989
1774658580782,3/27/2026,5:43:00 PM,23.4921875,23.15625,25.61,,25.02,96.789,15.989
1774658580877,3/27/2026,5:43:00 PM,23.4921875,23.15625,25.61,,25.02,96.789,15.989
1774658580937,3/27/2026,5:43:00 PM,23.4921875,23.15625,25.61,,25.02,96.789,15.989
1774658580979,3/27/2026,5:43:00 PM,23.4921875,23.15625,25.61,,25.02,96.789,15.989
1774658581031,3/27/2026,5:43:01 PM,23.4921875,23.15625,25.61,,25.02,96.789,15.989
1774658581144,3/27/2026,5:43:01 PM,23.4921875,23.15625,25.61,,24.98,96.789,16.004
1774658581243,3/27/2026,5:43:01 PM,23.4921875,23.15625,25.61,,24.98,96.789,16.004
1774658581646,3/27/2026,5:43:01 PM,23.4921875,23.1875,25.61,,24.98,96.789,16.004
1774658581998,3/27/2026,5:43:01 PM,23.4765625,23.1875,25.61,,25.095,96.789,15.994
1774658582140,3/27/2026,5:43:02 PM,23.4765625,23.1875,25.61,,25.095,96.789,15.994
1774658582193,3/27/2026,5:43:02 PM,23.4765625,23.1875,25.61,,25.095,96.789,15.994
1774658582393,3/27/2026,5:43:02 PM,23.4765625,23.1875,25.61,,25.095,96.789,15.994
1774658582443,3/27/2026,5:43:02 PM,23.4765625,23.1875,25.61,,25.095,96.789,15.994
1774658582495,3/27/2026,5:43:02 PM,23.4765625,23.1875,25.61,,25.095,96.789,15.994
1774658582547,3/27/2026,5:43:02 PM,23.4765625,23.1875,25.61,,25.085,96.789,15.97
1774658582789,3/27/2026,5:43:02 PM,23.46875,23.1875,25.61,,25.085,96.789,15.97
1774658582881,3/27/2026,5:43:02 PM,23.46875,23.2734375,25.61,,25.085,96.789,15.97
1774658582942,3/27/2026,5:43:02 PM,23.46875,23.2734375,25.61,,25.085,96.789,15.97
1774658582984,3/27/2026,5:43:02 PM,23.46875,23.2734375,25.61,,25.085,96.789,15.97
1774658583152,3/27/2026,5:43:03 PM,23.46875,23.2734375,25.61,,25.085,96.789,15.97
1774658583180,3/27/2026,5:43:03 PM,23.46875,23.2734375,25.61,,25.085,96.789,15.97
1774658583257,3/27/2026,5:43:03 PM,23.46875,23.2734375,25.61,,25.02,96.79,15.984
1774658583687,3/27/2026,5:43:03 PM,23.5390625,23.140625,25.61,,25.02,96.79,15.984
1774658584000,3/27/2026,5:43:04 PM,23.5390625,23.140625,25.61,,25.06,96.79,15.99
1774658584116,3/27/2026,5:43:04 PM,23.5390625,23.140625,25.61,,25.06,96.79,15.99
1774658584192,3/27/2026,5:43:04 PM,23.4921875,23.140625,25.61,,25.06,96.79,15.99
1774658584242,3/27/2026,5:43:04 PM,23.4921875,23.140625,25.61,,25.06,96.79,15.99
1774658584386,3/27/2026,5:43:04 PM,23.4921875,23.15625,25.61,,25.06,96.79,15.99
1774658584437,3/27/2026,5:43:04 PM,23.4921875,23.15625,25.61,,25.06,96.79,15.99
1774658584488,3/27/2026,5:43:04 PM,23.4921875,23.15625,25.61,,25.06,96.79,15.99
1774658584546,3/27/2026,5:43:04 PM,23.4921875,23.15625,25.61,,25.06,96.79,15.99
1774658584778,3/27/2026,5:43:04 PM,23.4921875,23.15625,25.61,,25.06,96.79,15.98
1774658584880,3/27/2026,5:43:04 PM,23.46875,23.15625,25.61,,25.06,96.79,15.98
1774658584933,3/27/2026,5:43:04 PM,23.46875,23.15625,25.61,,25.06,96.79,15.98
1774658584980,3/27/2026,5:43:04 PM,23.46875,23.15625,25.61,,25.06,96.79,15.98
1774658585130,3/27/2026,5:43:05 PM,23.46875,23.1640625,25.61,,25.06,96.79,15.98
1774658585255,3/27/2026,5:43:05 PM,23.46875,23.1640625,25.61,,25.06,96.79,15.98
1774658585304,3/27/2026,5:43:05 PM,23.46875,23.1640625,25.61,,25.06,96.79,15.98
1774658585645,3/27/2026,5:43:05 PM,23.46875,23.1640625,25.61,,25.08,96.79,15.97
1774658586001,3/27/2026,5:43:06 PM,23.46875,23.1796875,25.61,,25.08,96.79,15.97
1774658586120,3/27/2026,5:43:06 PM,23.46875,23.1796875,25.61,,25.08,96.79,15.97
1774658586194,3/27/2026,5:43:06 PM,23.46875,23.1796875,25.61,,25.095,96.79,15.985
1774658586409,3/27/2026,5:43:06 PM,23.5390625,23.1796875,25.61,,25.095,96.79,15.985
1774658586459,3/27/2026,5:43:06 PM,23.5390625,23.1015625,25.61,,25.095,96.79,15.985
1774658586509,3/27/2026,5:43:06 PM,23.5390625,23.1015625,25.61,,25.095,96.79,15.985
1774658586560,3/27/2026,5:43:06 PM,23.5390625,23.1015625,25.61,,25.095,96.79,15.985
1774658586788,3/27/2026,5:43:06 PM,23.5390625,23.1015625,25.61,,25.095,96.79,15.985
1774658586873,3/27/2026,5:43:06 PM,23.5390625,23.1015625,25.61,,25.08,96.79,15.975
1774658586927,3/27/2026,5:43:06 PM,23.5390625,23.1015625,25.61,,25.08,96.79,15.975
1774658586978,3/27/2026,5:43:06 PM,23.5390625,23.1015625,25.61,,25.08,96.79,15.975
1774658587132,3/27/2026,5:43:07 PM,23.578125,23.1015625,25.61,,25.08,96.79,15.975
1774658587248,3/27/2026,5:43:07 PM,23.578125,23.078125,25.61,,25.08,96.79,15.975
1774658587404,3/27/2026,5:43:07 PM,23.578125,23.078125,25.61,,25.08,96.79,15.975
1774658587638,3/27/2026,5:43:07 PM,23.578125,23.078125,25.61,,25.06,96.79,15.96
1774658588005,3/27/2026,5:43:08 PM,23.4921875,23.15625,25.61,,25.06,96.79,15.96
1774658588124,3/27/2026,5:43:08 PM,23.4921875,23.15625,25.61,,25.06,96.79,15.96
1774658588193,3/27/2026,5:43:08 PM,23.4921875,23.15625,25.61,,25.06,96.79,15.96
1774658588390,3/27/2026,5:43:08 PM,23.4921875,23.15625,25.61,,25.04,96.791,15.955
1774658588446,3/27/2026,5:43:08 PM,23.4921875,23.15625,25.61,,25.04,96.791,15.955
1774658588491,3/27/2026,5:43:08 PM,23.4765625,23.15625,25.61,,25.04,96.791,15.955
1774658588543,3/27/2026,5:43:08 PM,23.4765625,23.15625,25.61,,25.04,96.791,15.955
1774658588594,3/27/2026,5:43:08 PM,23.4765625,23.15625,25.61,,25.04,96.791,15.955
1774658588781,3/27/2026,5:43:08 PM,23.4765625,23.1640625,25.61,,25.04,96.791,15.955
1774658588875,3/27/2026,5:43:08 PM,23.4765625,23.1640625,25.61,,25.04,96.791,15.955
1774658588927,3/27/2026,5:43:08 PM,23.4765625,23.1640625,25.61,,25.04,96.791,15.955
1774658588977,3/27/2026,5:43:08 PM,23.4765625,23.1640625,25.61,,25.04,96.791,15.955
1774658589130,3/27/2026,5:43:09 PM,23.4765625,23.1640625,25.61,,25.12,96.791,15.98
1774658589255,3/27/2026,5:43:09 PM,23.515625,23.1640625,25.61,,25.12,96.791,15.98
1774658589649,3/27/2026,5:43:09 PM,23.515625,23.1171875,25.61,,25.12,96.791,15.98
1774658590002,3/27/2026,5:43:10 PM,23.453125,23.1171875,25.61,,25.02,96.79,15.965
1774658590120,3/27/2026,5:43:10 PM,23.453125,23.046875,25.61,,25.02,96.79,15.965
1774658590193,3/27/2026,5:43:10 PM,23.453125,23.046875,25.61,,25.02,96.79,15.965
1774658590392,3/27/2026,5:43:10 PM,23.453125,23.046875,25.61,,25.02,96.79,15.965
1774658590443,3/27/2026,5:43:10 PM,23.453125,23.046875,25.61,,25.04,96.79,15.925
1774658590494,3/27/2026,5:43:10 PM,23.453125,23.046875,25.61,,25.04,96.79,15.925
1774658590554,3/27/2026,5:43:10 PM,23.453125,23.046875,25.61,,25.04,96.79,15.925
1774658590606,3/27/2026,5:43:10 PM,23.453125,23.046875,25.61,,25.04,96.79,15.925
1774658590779,3/27/2026,5:43:10 PM,23.5390625,23.140625,25.61,,25.04,96.79,15.925
1774658590875,3/27/2026,5:43:10 PM,23.5390625,23.140625,25.61,,25.04,96.79,15.925
1774658590927,3/27/2026,5:43:10 PM,23.5390625,23.140625,25.61,,25.04,96.79,15.925
1774658590977,3/27/2026,5:43:10 PM,23.5390625,23.140625,25.61,,25.04,96.79,15.925
1774658591130,3/27/2026,5:43:11 PM,23.5390625,23.140625,25.61,,25.04,96.79,15.925
1774658591260,3/27/2026,5:43:11 PM,23.5390625,23.140625,25.61,,25.025,96.79,15.93
1774658591644,3/27/2026,5:43:11 PM,23.515625,23.15625,25.61,,25.025,96.79,15.93
1774658591692,3/27/2026,5:43:11 PM,23.515625,23.15625,25.61,,25.025,96.79,15.93
1774658591998,3/27/2026,5:43:11 PM,23.515625,23.15625,25.61,,24.98,96.79,15.94
1774658592119,3/27/2026,5:43:12 PM,23.578125,23.15625,25.61,,24.98,96.79,15.94
1774658592193,3/27/2026,5:43:12 PM,23.578125,23.15625,25.61,,24.98,96.79,15.94
1774658592395,3/27/2026,5:43:12 PM,23.578125,23.046875,25.61,,24.98,96.79,15.94
1774658592442,3/27/2026,5:43:12 PM,23.578125,23.046875,25.61,,24.98,96.79,15.94
1774658592493,3/27/2026,5:43:12 PM,23.578125,23.046875,25.61,,24.98,96.79,15.94
1774658592545,3/27/2026,5:43:12 PM,23.578125,23.046875,25.61,,24.98,96.79,15.94
1774658592745,3/27/2026,5:43:12 PM,23.578125,23.046875,25.61,,25.06,96.79,15.945
1774658592796,3/27/2026,5:43:12 PM,23.5625,23.046875,25.61,,25.06,96.79,15.945
1774658592868,3/27/2026,5:43:12 PM,23.5625,23.046875,25.61,,25.06,96.79,15.945
1774658592920,3/27/2026,5:43:12 PM,23.5625,23.046875,25.61,,25.06,96.79,15.945
1774658592970,3/27/2026,5:43:12 PM,23.5625,23.125,25.61,,25.06,96.79,15.945
1774658593126,3/27/2026,5:43:13 PM,23.5625,23.125,25.61,,25.06,96.79,15.945
1774658593244,3/27/2026,5:43:13 PM,23.5625,23.125,25.61,,25.06,96.79,15.945
1774658593644,3/27/2026,5:43:13 PM,23.4921875,23.0703125,25.61,,25.02,96.79,15.945
1774658593995,3/27/2026,5:43:13 PM,23.4921875,23.0703125,25.61,,25.02,96.79,15.945
1774658594115,3/27/2026,5:43:14 PM,23.4921875,23.0703125,25.61,,25.055,96.789,15.94
1774658594194,3/27/2026,5:43:14 PM,23.4921875,23.0703125,25.61,,25.055,96.789,15.94
1774658594390,3/27/2026,5:43:14 PM,23.5234375,23.078125,25.61,,25.055,96.789,15.94
1774658594443,3/27/2026,5:43:14 PM,23.5234375,23.078125,25.61,,25.055,96.789,15.94
1774658594494,3/27/2026,5:43:14 PM,23.5234375,23.078125,25.61,,25.055,96.789,15.94
1774658594559,3/27/2026,5:43:14 PM,23.5234375,23.078125,25.61,,25.055,96.789,15.94
1774658594784,3/27/2026,5:43:14 PM,23.5234375,23.078125,25.61,,25.05,96.788,15.935
1774658594849,3/27/2026,5:43:14 PM,23.5234375,23.078125,25.61,,25.05,96.788,15.935
1774658594898,3/27/2026,5:43:14 PM,23.5234375,23.078125,25.61,,25.05,96.788,15.935
1774658594952,3/27/2026,5:43:14 PM,23.453125,23.078125,25.61,,25.05,96.788,15.935
1774658595000,3/27/2026,5:43:15 PM,23.453125,23.078125,25.61,,25.05,96.788,15.935
1774658595151,3/27/2026,5:43:15 PM,23.453125,23.1015625,25.61,,25.05,96.788,15.935
1774658595240,3/27/2026,5:43:15 PM,23.453125,23.1015625,25.61,,25.05,96.788,15.935
1774658595671,3/27/2026,5:43:15 PM,23.4765625,23.1015625,25.61,,25.09,96.789,15.945
1774658595998,3/27/2026,5:43:15 PM,23.4765625,23.0546875,25.61,,25.09,96.789,15.945
1774658596116,3/27/2026,5:43:16 PM,23.4765625,23.0546875,25.61,,25.09,96.789,15.945
1774658596193,3/27/2026,5:43:16 PM,23.4765625,23.0546875,25.61,,25.075,96.789,15.901
1774658596391,3/27/2026,5:43:16 PM,23.5234375,23.0546875,25.61,,25.075,96.789,15.901
1774658596440,3/27/2026,5:43:16 PM,23.5234375,23.0546875,25.61,,25.075,96.789,15.901
1774658596491,3/27/2026,5:43:16 PM,23.5234375,23.0546875,25.61,,25.075,96.789,15.901
1774658596550,3/27/2026,5:43:16 PM,23.5234375,23.09375,25.61,,25.075,96.789,15.901
1774658596780,3/27/2026,5:43:16 PM,23.5234375,23.09375,25.61,,25.075,96.789,15.901
1774658596871,3/27/2026,5:43:16 PM,23.5234375,23.09375,25.61,,25.075,96.789,15.901
1774658596922,3/27/2026,5:43:16 PM,23.5234375,23.09375,25.61,,24.995,96.789,15.93
1774658596984,3/27/2026,5:43:16 PM,23.5234375,23.09375,25.61,,24.995,96.789,15.93
1774658597031,3/27/2026,5:43:17 PM,23.5234375,23.09375,25.61,,24.995,96.789,15.93
1774658597138,3/27/2026,5:43:17 PM,23.5,23.09375,25.61,,24.995,96.789,15.93
1774658597255,3/27/2026,5:43:17 PM,23.5,23.140625,25.61,,24.995,96.789,15.93
1774658597639,3/27/2026,5:43:17 PM,23.5,23.140625,25.61,,25.035,96.79,15.92
1774658597995,3/27/2026,5:43:17 PM,23.4765625,23.1171875,25.61,,25.035,96.79,15.92
1774658598078,3/27/2026,5:43:18 PM,23.4765625,23.1171875,25.61,,25.035,96.79,15.92
1774658598129,3/27/2026,5:43:18 PM,23.4765625,23.1171875,25.61,,25.035,96.79,15.92
1774658598196,3/27/2026,5:43:18 PM,23.4765625,23.1171875,25.61,,25.035,96.79,15.92
1774658598384,3/27/2026,5:43:18 PM,23.4765625,23.1171875,25.61,,25.07,96.79,15.925
1774658598437,3/27/2026,5:43:18 PM,23.4765625,23.1171875,25.61,,25.07,96.79,15.925
1774658598491,3/27/2026,5:43:18 PM,23.4765625,23.1171875,25.61,,25.07,96.79,15.925
1774658598551,3/27/2026,5:43:18 PM,23.578125,23.1171875,25.61,,25.07,96.79,15.925
1774658598779,3/27/2026,5:43:18 PM,23.578125,23.1015625,25.61,,25.07,96.79,15.925
1774658598875,3/27/2026,5:43:18 PM,23.578125,23.1015625,25.61,,25.07,96.79,15.925
1774658598924,3/27/2026,5:43:18 PM,23.578125,23.1015625,25.61,,25.07,96.79,15.925
1774658598976,3/27/2026,5:43:18 PM,23.578125,23.1015625,25.61,,25.07,96.79,15.925
1774658599127,3/27/2026,5:43:19 PM,23.578125,23.1015625,25.61,,24.995,96.79,15.935
1774658599179,3/27/2026,5:43:19 PM,23.578125,23.1015625,25.61,,24.995,96.79,15.935
1774658599244,3/27/2026,5:43:19 PM,23.4921875,23.1015625,25.61,,24.995,96.79,15.935
1774658599640,3/27/2026,5:43:19 PM,23.4921875,23.0078125,25.61,,24.995,96.79,15.935
1774658599994,3/27/2026,5:43:19 PM,23.5,23.0078125,25.61,,25.045,96.79,15.901
1774658600117,3/27/2026,5:43:20 PM,23.5,23.0703125,25.61,,25.045,96.79,15.901
1774658600193,3/27/2026,5:43:20 PM,23.5,23.0703125,25.61,,25.045,96.79,15.901
1774658600242,3/27/2026,5:43:20 PM,23.5,23.0703125,25.61,,25.045,96.79,15.901
1774658600391,3/27/2026,5:43:20 PM,23.5,23.0703125,25.61,,25.045,96.79,15.901
1774658600443,3/27/2026,5:43:20 PM,23.5,23.0703125,25.61,,25.045,96.79,15.901
1774658600493,3/27/2026,5:43:20 PM,23.5,23.0703125,25.61,,25.045,96.79,15.901
1774658600562,3/27/2026,5:43:20 PM,23.5,23.0703125,25.61,,24.995,96.79,15.93
1774658600783,3/27/2026,5:43:20 PM,23.515625,23.0703125,25.61,,24.995,96.79,15.93
1774658600878,3/27/2026,5:43:20 PM,23.515625,23.09375,25.61,,24.995,96.79,15.93
1774658600928,3/27/2026,5:43:20 PM,23.515625,23.09375,25.61,,24.995,96.79,15.93
1774658600979,3/27/2026,5:43:20 PM,23.515625,23.09375,25.61,,24.995,96.79,15.93
1774658601133,3/27/2026,5:43:21 PM,23.515625,23.09375,25.61,,24.995,96.79,15.93
1774658601283,3/27/2026,5:43:21 PM,23.515625,23.09375,25.61,,25.095,96.79,15.906
1774658601331,3/27/2026,5:43:21 PM,23.515625,23.09375,25.61,,25.095,96.79,15.906
1774658601643,3/27/2026,5:43:21 PM,23.46875,23.03125,25.61,,25.095,96.79,15.906
1774658601997,3/27/2026,5:43:21 PM,23.46875,23.03125,25.61,,25.055,96.79,15.896
1774658602117,3/27/2026,5:43:22 PM,23.515625,23.03125,25.61,,25.055,96.79,15.896
1774658602197,3/27/2026,5:43:22 PM,23.515625,23.03125,25.61,,25.055,96.79,15.896
1774658602391,3/27/2026,5:43:22 PM,23.515625,23.03125,25.61,,25.055,96.79,15.896
1774658602434,3/27/2026,5:43:22 PM,23.515625,23.03125,25.61,,25.055,96.79,15.896
1774658602485,3/27/2026,5:43:22 PM,23.515625,23.03125,25.61,,25.055,96.79,15.896
1774658602538,3/27/2026,5:43:22 PM,23.515625,23.03125,25.61,,25.055,96.79,15.896
1774658602589,3/27/2026,5:43:22 PM,23.515625,23.03125,25.61,,25.055,96.79,15.896
1774658602783,3/27/2026,5:43:22 PM,23.515625,23.03125,25.61,,25.06,96.788,15.916
1774658602880,3/27/2026,5:43:22 PM,23.5390625,23.03125,25.61,,25.06,96.788,15.916
1774658602929,3/27/2026,5:43:22 PM,23.5390625,23.03125,25.61,,25.06,96.788,15.916
1774658602981,3/27/2026,5:43:22 PM,23.5390625,23.03125,25.61,,25.06,96.788,15.916
1774658603126,3/27/2026,5:43:23 PM,23.5390625,23.078125,25.61,,25.06,96.788,15.916
1774658603252,3/27/2026,5:43:23 PM,23.5390625,23.078125,25.61,,25.06,96.788,15.916
1774658603432,3/27/2026,5:43:23 PM,23.5390625,23.078125,25.62,,25.05,96.789,15.906
1774658603679,3/27/2026,5:43:23 PM,23.46875,23.078125,25.62,,25.05,96.789,15.906
1774658603996,3/27/2026,5:43:23 PM,23.46875,23.046875,25.62,,25.05,96.789,15.906
1774658604117,3/27/2026,5:43:24 PM,23.46875,23.046875,25.62,,25.095,96.79,15.896
1774658604191,3/27/2026,5:43:24 PM,23.46875,23.046875,25.62,,25.095,96.79,15.896
1774658604397,3/27/2026,5:43:24 PM,23.4765625,23.046875,25.62,,25.095,96.79,15.896
1774658604447,3/27/2026,5:43:24 PM,23.4765625,23.03125,25.62,,25.095,96.79,15.896
1774658604496,3/27/2026,5:43:24 PM,23.4765625,23.03125,25.62,,25.095,96.79,15.896
1774658604551,3/27/2026,5:43:24 PM,23.4765625,23.03125,25.62,,25.095,96.79,15.896
1774658604607,3/27/2026,5:43:24 PM,23.4765625,23.03125,25.62,,25.095,96.79,15.896
1774658604780,3/27/2026,5:43:24 PM,23.4765625,23.03125,25.62,,25.095,96.79,15.896
1774658604899,3/27/2026,5:43:24 PM,23.4765625,23.03125,25.62,,25.04,96.79,15.891
1774658604927,3/27/2026,5:43:24 PM,23.4765625,23.03125,25.62,,25.04,96.79,15.891
1774658604979,3/27/2026,5:43:24 PM,23.4921875,23.03125,25.62,,25.04,96.79,15.891
1774658605131,3/27/2026,5:43:25 PM,23.4921875,23.03125,25.62,,25.04,96.79,15.891
1774658605247,3/27/2026,5:43:25 PM,23.4921875,23.09375,25.62,,25.04,96.79,15.891
1774658605644,3/27/2026,5:43:25 PM,23.4921875,23.09375,25.62,,25.08,96.79,15.901
1774658605997,3/27/2026,5:43:25 PM,23.515625,22.9921875,25.62,,25.08,96.79,15.901
1774658606117,3/27/2026,5:43:26 PM,23.515625,22.9921875,25.62,,25.08,96.79,15.901
1774658606190,3/27/2026,5:43:26 PM,23.515625,22.9921875,25.62,,25.08,96.79,15.901
1774658606388,3/27/2026,5:43:26 PM,23.515625,22.9921875,25.62,,25.095,96.79,15.897
1774658606437,3/27/2026,5:43:26 PM,23.5234375,22.9921875,25.62,,25.095,96.79,15.897
1774658606491,3/27/2026,5:43:26 PM,23.5234375,22.9921875,25.62,,25.095,96.79,15.897
1774658606539,3/27/2026,5:43:26 PM,23.5234375,22.9921875,25.62,,25.095,96.79,15.897
1774658606747,3/27/2026,5:43:26 PM,23.5234375,23.046875,25.62,,25.095,96.79,15.897
1774658606797,3/27/2026,5:43:26 PM,23.5234375,23.046875,25.62,,25.095,96.79,15.897
1774658606870,3/27/2026,5:43:26 PM,23.5234375,23.046875,25.62,,25.095,96.79,15.897
1774658606922,3/27/2026,5:43:26 PM,23.5234375,23.046875,25.62,,25.095,96.79,15.897
1774658606971,3/27/2026,5:43:26 PM,23.5234375,23.046875,25.63,,25.06,96.789,15.926
1774658607124,3/27/2026,5:43:27 PM,23.5234375,23.046875,25.63,,25.06,96.789,15.926
1774658607245,3/27/2026,5:43:27 PM,23.4765625,23.046875,25.63,,25.06,96.789,15.926
1774658607647,3/27/2026,5:43:27 PM,23.4765625,23.09375,25.63,,25.06,96.789,15.926
1774658607805,3/27/2026,5:43:27 PM,23.4765625,23.09375,25.63,,25.045,96.789,15.907
1774658607995,3/27/2026,5:43:27 PM,23.515625,23.09375,25.63,,25.045,96.789,15.907
1774658608112,3/27/2026,5:43:28 PM,23.515625,23.1015625,25.63,,25.045,96.789,15.907
1774658608192,3/27/2026,5:43:28 PM,23.515625,23.1015625,25.63,,25.045,96.789,15.907
1774658608387,3/27/2026,5:43:28 PM,23.515625,23.1015625,25.63,,25.045,96.789,15.907
1774658608439,3/27/2026,5:43:28 PM,23.515625,23.1015625,25.63,,25.08,96.79,15.897
1774658608491,3/27/2026,5:43:28 PM,23.515625,23.1015625,25.63,,25.08,96.79,15.897
1774658608541,3/27/2026,5:43:28 PM,23.515625,23.1015625,25.63,,25.08,96.79,15.897
1774658608780,3/27/2026,5:43:28 PM,23.4921875,23.140625,25.63,,25.08,96.79,15.897
1774658608900,3/27/2026,5:43:28 PM,23.4921875,23.140625,25.63,,25.08,96.79,15.897
1774658608957,3/27/2026,5:43:28 PM,23.4921875,23.140625,25.63,,25.08,96.79,15.897
1774658609002,3/27/2026,5:43:29 PM,23.4921875,23.140625,25.63,,25.08,96.79,15.897
1774658609131,3/27/2026,5:43:29 PM,23.4921875,23.140625,25.63,,25.08,96.788,15.907
1774658609251,3/27/2026,5:43:29 PM,23.4921875,23.140625,25.63,,25.08,96.788,15.907
1774658609643,3/27/2026,5:43:29 PM,23.5390625,23.15625,25.63,,25.08,96.788,15.907
1774658609897,3/27/2026,5:43:29 PM,23.5390625,23.15625,25.63,,25.075,96.789,15.887
1774658610035,3/27/2026,5:43:30 PM,23.5234375,23.15625,25.63,,25.075,96.789,15.887
1774658610119,3/27/2026,5:43:30 PM,23.5234375,23.15625,25.63,,25.075,96.789,15.887
1774658610194,3/27/2026,5:43:30 PM,23.5234375,23.2109375,25.63,,25.075,96.789,15.887
1774658610388,3/27/2026,5:43:30 PM,23.5234375,23.2109375,25.63,,25.075,96.789,15.887
1774658610439,3/27/2026,5:43:30 PM,23.5234375,23.2109375,25.63,,25.075,96.789,15.887
1774658610488,3/27/2026,5:43:30 PM,23.5234375,23.2109375,25.63,,25.075,96.789,15.887
1774658610540,3/27/2026,5:43:30 PM,23.5234375,23.2109375,25.63,,25.075,96.789,15.887
1774658610786,3/27/2026,5:43:30 PM,23.4765625,23.2109375,25.63,,25.105,96.79,15.926
1774658610877,3/27/2026,5:43:30 PM,23.4765625,23.2109375,25.63,,25.105,96.79,15.926
1774658610932,3/27/2026,5:43:30 PM,23.4765625,23.1796875,25.63,,25.105,96.79,15.926
1774658610981,3/27/2026,5:43:30 PM,23.4765625,23.1796875,25.63,,25.105,96.79,15.926
1774658611030,3/27/2026,5:43:31 PM,23.4765625,23.1796875,25.63,,25.105,96.79,15.926
1774658611142,3/27/2026,5:43:31 PM,23.4765625,23.1796875,25.63,,25.105,96.79,15.926
1774658611247,3/27/2026,5:43:31 PM,23.4765625,23.1796875,25.63,,25.105,96.79,15.926
1774658611647,3/27/2026,5:43:31 PM,23.4921875,23.140625,25.63,,25.015,96.79,15.907
1774658612001,3/27/2026,5:43:32 PM,23.4921875,23.140625,25.62,,25.015,96.791,15.911
1774658612080,3/27/2026,5:43:32 PM,23.4921875,23.140625,25.62,,25.06,96.791,15.911
1774658612133,3/27/2026,5:43:32 PM,23.4921875,23.140625,25.62,,25.06,96.791,15.911
1774658612199,3/27/2026,5:43:32 PM,23.5234375,23.140625,25.62,,25.06,96.791,15.911
1774658612393,3/27/2026,5:43:32 PM,23.5234375,23.2265625,25.62,,25.06,96.791,15.911
1774658612441,3/27/2026,5:43:32 PM,23.5234375,23.2265625,25.62,,25.06,96.791,15.911
1774658612493,3/27/2026,5:43:32 PM,23.5234375,23.2265625,25.62,,25.06,96.791,15.911
1774658612543,3/27/2026,5:43:32 PM,23.5234375,23.2265625,25.62,,25.06,96.791,15.911
1774658612783,3/27/2026,5:43:32 PM,23.5234375,23.2265625,25.62,,25.075,96.791,15.921
1774658612881,3/27/2026,5:43:32 PM,23.5234375,23.2265625,25.62,,25.075,96.791,15.921
1774658612929,3/27/2026,5:43:32 PM,23.5,23.2265625,25.62,,25.075,96.791,15.921
1774658612983,3/27/2026,5:43:32 PM,23.5,23.2265625,25.62,,25.075,96.791,15.921
1774658613124,3/27/2026,5:43:33 PM,23.5,23.15625,25.62,,25.075,96.791,15.921
1774658613175,3/27/2026,5:43:33 PM,23.5,23.15625,25.62,,25.075,96.791,15.921
1774658613245,3/27/2026,5:43:33 PM,23.5,23.15625,25.62,,25.075,96.791,15.921
1774658613657,3/27/2026,5:43:33 PM,23.4765625,23.15625,25.62,,25.04,96.79,15.921
1774658614011,3/27/2026,5:43:34 PM,23.4765625,23.125,25.62,,25.04,96.79,15.921
1774658614144,3/27/2026,5:43:34 PM,23.4765625,23.125,25.62,,25.04,96.79,15.921
1774658614205,3/27/2026,5:43:34 PM,23.4765625,23.125,25.62,,25.06,96.791,15.901
1774658614246,3/27/2026,5:43:34 PM,23.4765625,23.125,25.62,,25.06,96.791,15.901
1774658614389,3/27/2026,5:43:34 PM,23.453125,23.125,25.62,,25.06,96.791,15.901
1774658614440,3/27/2026,5:43:34 PM,23.453125,23.125,25.62,,25.06,96.791,15.901
1774658614498,3/27/2026,5:43:34 PM,23.453125,23.1015625,25.62,,25.06,96.791,15.901
1774658614543,3/27/2026,5:43:34 PM,23.453125,23.1015625,25.62,,25.06,96.791,15.901
1774658614780,3/27/2026,5:43:34 PM,23.453125,23.1015625,25.62,,25.06,96.791,15.901
1774658614876,3/27/2026,5:43:34 PM,23.453125,23.1015625,25.62,,25.06,96.791,15.901
1774658614927,3/27/2026,5:43:34 PM,23.453125,23.1015625,25.62,,25.08,96.791,15.901
1774658614977,3/27/2026,5:43:34 PM,23.453125,23.1015625,25.62,,25.08,96.791,15.901
1774658615131,3/27/2026,5:43:35 PM,23.578125,23.1015625,25.62,,25.08,96.791,15.901
1774658615265,3/27/2026,5:43:35 PM,23.578125,23.125,25.62,,25.08,96.791,15.901
1774658615316,3/27/2026,5:43:35 PM,23.578125,23.125,25.62,,25.08,96.791,15.901
1774658615652,3/27/2026,5:43:35 PM,23.578125,23.125,25.61,,25.13,96.79,15.911
1774658615997,3/27/2026,5:43:35 PM,23.5390625,23.1640625,25.61,,25.13,96.79,15.911
1774658616121,3/27/2026,5:43:36 PM,23.5390625,23.1640625,25.61,,25.13,96.79,15.911
1774658616197,3/27/2026,5:43:36 PM,23.5390625,23.1640625,25.61,,25.13,96.79,15.911
1774658616362,3/27/2026,5:43:36 PM,23.5390625,23.1640625,25.61,,25.05,96.79,15.921
1774658616427,3/27/2026,5:43:36 PM,23.5390625,23.1640625,25.61,,25.05,96.79,15.921
1774658616478,3/27/2026,5:43:36 PM,23.5390625,23.1640625,25.61,,25.05,96.79,15.921
1774658616530,3/27/2026,5:43:36 PM,23.546875,23.1640625,25.61,,25.05,96.79,15.921
1774658616583,3/27/2026,5:43:36 PM,23.546875,23.1640625,25.61,,25.05,96.79,15.921
1774658616792,3/27/2026,5:43:36 PM,23.546875,23.078125,25.61,,25.05,96.79,15.921
1774658616882,3/27/2026,5:43:36 PM,23.546875,23.078125,25.61,,25.05,96.79,15.921
1774658616931,3/27/2026,5:43:36 PM,23.546875,23.078125,25.61,,25.05,96.79,15.921
1774658616983,3/27/2026,5:43:36 PM,23.546875,23.078125,25.61,,25.05,96.79,15.921
1774658617134,3/27/2026,5:43:37 PM,23.546875,23.078125,25.61,,25.12,96.79,15.886
1774658617254,3/27/2026,5:43:37 PM,23.4765625,23.078125,25.61,,25.12,96.79,15.886
1774658617644,3/27/2026,5:43:37 PM,23.4765625,23.1875,25.61,,25.12,96.79,15.886
1774658618002,3/27/2026,5:43:38 PM,23.4921875,23.1875,25.61,,25.08,96.79,15.891
1774658618142,3/27/2026,5:43:38 PM,23.4921875,23.1171875,25.61,,25.08,96.79,15.891
1774658618200,3/27/2026,5:43:38 PM,23.4921875,23.1171875,25.61,,25.08,96.79,15.891
1774658618385,3/27/2026,5:43:38 PM,23.4921875,23.1171875,25.61,,25.08,96.79,15.891
1774658618439,3/27/2026,5:43:38 PM,23.4921875,23.1171875,25.61,,25.08,96.79,15.891
1774658618496,3/27/2026,5:43:38 PM,23.4921875,23.1171875,25.61,,25.12,96.79,15.886
1774658618551,3/27/2026,5:43:38 PM,23.4921875,23.1171875,25.61,,25.12,96.79,15.886
1774658618589,3/27/2026,5:43:38 PM,23.4921875,23.1171875,25.61,,25.12,96.79,15.886
1774658618785,3/27/2026,5:43:38 PM,23.4375,23.1171875,25.61,,25.12,96.79,15.886
1774658618877,3/27/2026,5:43:38 PM,23.4375,23.1796875,25.61,,25.12,96.79,15.886
1774658618927,3/27/2026,5:43:38 PM,23.4375,23.1796875,25.61,,25.12,96.79,15.886
1774658618977,3/27/2026,5:43:38 PM,23.4375,23.1796875,25.61,,25.12,96.79,15.886
1774658619132,3/27/2026,5:43:39 PM,23.4375,23.1796875,25.61,,25.12,96.79,15.886
1774658619258,3/27/2026,5:43:39 PM,23.4375,23.1796875,25.61,,25.05,96.789,15.896
1774658619643,3/27/2026,5:43:39 PM,23.546875,23.1640625,25.61,,25.05,96.789,15.896
1774658620001,3/27/2026,5:43:40 PM,23.546875,23.1640625,25.61,,25.08,96.789,15.896
1774658620120,3/27/2026,5:43:40 PM,23.515625,23.1640625,25.61,,25.08,96.789,15.896
1774658620204,3/27/2026,5:43:40 PM,23.515625,23.1640625,25.61,,25.08,96.789,15.896
1774658620387,3/27/2026,5:43:40 PM,23.515625,23.1640625,25.61,,25.08,96.789,15.896
1774658620451,3/27/2026,5:43:40 PM,23.515625,23.1640625,25.61,,25.08,96.789,15.896
1774658620487,3/27/2026,5:43:40 PM,23.515625,23.1640625,25.61,,25.08,96.789,15.896
1774658620539,3/27/2026,5:43:40 PM,23.515625,23.1640625,25.61,,25.08,96.789,15.896
1774658620646,3/27/2026,5:43:40 PM,23.515625,23.1640625,25.61,,25.08,96.789,15.891
1774658620779,3/27/2026,5:43:40 PM,23.515625,23.1640625,25.61,,25.08,96.789,15.891
1774658620871,3/27/2026,5:43:40 PM,23.5390625,23.1640625,25.61,,25.08,96.789,15.891
1774658620923,3/27/2026,5:43:40 PM,23.5390625,23.1640625,25.61,,25.08,96.789,15.891
1774658620974,3/27/2026,5:43:40 PM,23.5390625,23.09375,25.61,,25.08,96.789,15.891
1774658621128,3/27/2026,5:43:41 PM,23.5390625,23.09375,25.61,,25.08,96.789,15.891
1774658621255,3/27/2026,5:43:41 PM,23.5390625,23.09375,25.61,,25.08,96.789,15.891
1774658621640,3/27/2026,5:43:41 PM,23.515625,23.09375,25.61,,25.1,96.789,15.891
1774658621691,3/27/2026,5:43:41 PM,23.515625,23.09375,25.61,,25.1,96.789,15.891
1774658621998,3/27/2026,5:43:41 PM,23.515625,23.09375,25.61,,25.1,96.789,15.891
1774658622116,3/27/2026,5:43:42 PM,23.515625,23.09375,25.61,,25.105,96.789,15.891
1774658622192,3/27/2026,5:43:42 PM,23.515625,23.09375,25.61,,25.105,96.789,15.891
1774658622398,3/27/2026,5:43:42 PM,23.5390625,23.09375,25.61,,25.105,96.789,15.891
1774658622445,3/27/2026,5:43:42 PM,23.5390625,23.1640625,25.61,,25.105,96.789,15.891
1774658622496,3/27/2026,5:43:42 PM,23.5390625,23.1640625,25.61,,25.105,96.789,15.891
1774658622547,3/27/2026,5:43:42 PM,23.5390625,23.1640625,25.61,,25.105,96.789,15.891
1774658622742,3/27/2026,5:43:42 PM,23.5390625,23.1640625,25.61,,25.105,96.789,15.891
1774658622796,3/27/2026,5:43:42 PM,23.5390625,23.1640625,25.61,,25.12,96.789,15.862
1774658622884,3/27/2026,5:43:42 PM,23.5390625,23.1640625,25.61,,25.12,96.789,15.862
1774658622925,3/27/2026,5:43:42 PM,23.5390625,23.1640625,25.61,,25.12,96.789,15.862
1774658622973,3/27/2026,5:43:42 PM,23.453125,23.1640625,25.61,,25.12,96.789,15.862
1774658623136,3/27/2026,5:43:43 PM,23.453125,23.125,25.61,,25.12,96.789,15.862
1774658623269,3/27/2026,5:43:43 PM,23.453125,23.125,25.61,,25.12,96.789,15.862
1774658623645,3/27/2026,5:43:43 PM,23.453125,23.125,25.62,,25.015,96.789,15.901
1774658623797,3/27/2026,5:43:43 PM,23.46875,23.125,25.62,,25.015,96.789,15.901
1774658623998,3/27/2026,5:43:43 PM,23.46875,23.0546875,25.62,,25.015,96.789,15.901
1774658624122,3/27/2026,5:43:44 PM,23.46875,23.0546875,25.62,,25.015,96.789,15.901
1774658624192,3/27/2026,5:43:44 PM,23.46875,23.0546875,25.62,,25.015,96.789,15.901
1774658624389,3/27/2026,5:43:44 PM,23.46875,23.0546875,25.62,,25.04,96.789,15.891
1774658624435,3/27/2026,5:43:44 PM,23.4921875,23.0546875,25.62,,25.04,96.789,15.891
1774658624487,3/27/2026,5:43:44 PM,23.4921875,23.0546875,25.62,,25.04,96.789,15.891
1774658624538,3/27/2026,5:43:44 PM,23.4921875,23.0546875,25.62,,25.04,96.789,15.891
1774658624783,3/27/2026,5:43:44 PM,23.4921875,23.09375,25.62,,25.04,96.789,15.891
1774658624862,3/27/2026,5:43:44 PM,23.4921875,23.09375,25.62,,25.04,96.789,15.891
1774658624898,3/27/2026,5:43:44 PM,23.4921875,23.09375,25.62,,25.04,96.789,15.891
1774658624952,3/27/2026,5:43:44 PM,23.4921875,23.09375,25.62,,25.16,96.79,15.872
1774658625004,3/27/2026,5:43:45 PM,23.4921875,23.09375,25.62,,25.16,96.79,15.872
1774658625131,3/27/2026,5:43:45 PM,23.5,23.09375,25.62,,25.16,96.79,15.872
1774658625236,3/27/2026,5:43:45 PM,23.5,23.09375,25.62,,25.16,96.79,15.872
1774658625659,3/27/2026,5:43:45 PM,23.5,23.140625,25.62,,25.16,96.79,15.872
1774658626003,3/27/2026,5:43:46 PM,23.46875,23.1015625,25.62,,25.11,96.79,15.896
1774658626120,3/27/2026,5:43:46 PM,23.46875,23.1015625,25.62,,25.11,96.79,15.896
1774658626196,3/27/2026,5:43:46 PM,23.46875,23.1015625,25.62,,25.11,96.79,15.896
1774658626393,3/27/2026,5:43:46 PM,23.46875,23.1015625,25.61,,25.13,96.79,15.886
1774658626445,3/27/2026,5:43:46 PM,23.46875,23.1015625,25.61,,25.13,96.79,15.886
1774658626495,3/27/2026,5:43:46 PM,23.46875,23.1015625,25.61,,25.13,96.79,15.886
1774658626546,3/27/2026,5:43:46 PM,23.46875,23.1015625,25.61,,25.13,96.79,15.886
1774658626782,3/27/2026,5:43:46 PM,23.4921875,23.09375,25.61,,25.13,96.79,15.886
1774658626876,3/27/2026,5:43:46 PM,23.4921875,23.09375,25.61,,25.13,96.79,15.886
1774658626926,3/27/2026,5:43:46 PM,23.4921875,23.09375,25.61,,25.13,96.79,15.886
1774658626977,3/27/2026,5:43:46 PM,23.4921875,23.09375,25.61,,25.13,96.79,15.886
1774658627128,3/27/2026,5:43:47 PM,23.4921875,23.09375,25.61,,25.06,96.789,15.861
1774658627247,3/27/2026,5:43:47 PM,23.4921875,23.09375,25.61,,25.06,96.789,15.861
1774658627640,3/27/2026,5:43:47 PM,23.40625,23.125,25.61,,25.06,96.789,15.861
1774658627994,3/27/2026,5:43:47 PM,23.4921875,23.125,25.61,,25.05,96.79,15.852
1774658628130,3/27/2026,5:43:48 PM,23.4921875,23.125,25.61,,25.05,96.79,15.852
1774658628195,3/27/2026,5:43:48 PM,23.4921875,23.1171875,25.61,,25.05,96.79,15.852
1774658628393,3/27/2026,5:43:48 PM,23.4921875,23.1171875,25.61,,25.05,96.79,15.852
1774658628445,3/27/2026,5:43:48 PM,23.4921875,23.1171875,25.61,,25.05,96.79,15.852
1774658628496,3/27/2026,5:43:48 PM,23.4921875,23.1171875,25.61,,25.05,96.79,15.852
1774658628557,3/27/2026,5:43:48 PM,23.4921875,23.1171875,25.61,,25.1,96.79,15.856
1774658628782,3/27/2026,5:43:48 PM,23.4765625,23.1171875,25.61,,25.1,96.79,15.856
1774658628877,3/27/2026,5:43:48 PM,23.4765625,23.0703125,25.61,,25.1,96.79,15.856
1774658628930,3/27/2026,5:43:48 PM,23.4765625,23.0703125,25.61,,25.1,96.79,15.856
1774658628979,3/27/2026,5:43:48 PM,23.4765625,23.0703125,25.61,,25.1,96.79,15.856
1774658629129,3/27/2026,5:43:49 PM,23.4765625,23.0703125,25.61,,25.1,96.79,15.856
1774658629239,3/27/2026,5:43:49 PM,23.4765625,23.0703125,25.61,,25.1,96.79,15.856
1774658629645,3/27/2026,5:43:49 PM,23.4375,23.1640625,25.6,,25.085,96.789,15.861
1774658629998,3/27/2026,5:43:49 PM,23.4375,23.1640625,25.6,,25.08,96.789,15.876
1774658630112,3/27/2026,5:43:50 PM,23.4375,23.1640625,25.6,,25.08,96.789,15.876
1774658630201,3/27/2026,5:43:50 PM,23.4765625,23.1640625,25.6,,25.08,96.789,15.876
1774658630386,3/27/2026,5:43:50 PM,23.4765625,23.140625,25.6,,25.08,96.789,15.876
1774658630438,3/27/2026,5:43:50 PM,23.4765625,23.140625,25.6,,25.08,96.789,15.876
1774658630490,3/27/2026,5:43:50 PM,23.4765625,23.140625,25.6,,25.08,96.789,15.876
1774658630540,3/27/2026,5:43:50 PM,23.4765625,23.140625,25.6,,25.08,96.789,15.876
1774658630779,3/27/2026,5:43:50 PM,23.4765625,23.140625,25.61,,25.115,96.789,15.866
1774658630869,3/27/2026,5:43:50 PM,23.5390625,23.140625,25.61,,25.115,96.789,15.866
1774658630924,3/27/2026,5:43:50 PM,23.5390625,23.140625,25.61,,25.115,96.789,15.866
1774658630974,3/27/2026,5:43:50 PM,23.5390625,23.140625,25.61,,25.115,96.789,15.866
1774658631131,3/27/2026,5:43:51 PM,23.5390625,23.15625,25.61,,25.115,96.789,15.866
1774658631255,3/27/2026,5:43:51 PM,23.5390625,23.15625,25.61,,25.115,96.789,15.866
1774658631642,3/27/2026,5:43:51 PM,23.4375,23.15625,25.61,,25.11,96.789,15.837
1774658631996,3/27/2026,5:43:51 PM,23.4375,23.1171875,25.61,,25.11,96.789,15.837
1774658632120,3/27/2026,5:43:52 PM,23.4375,23.1171875,25.61,,25.11,96.789,15.837
1774658632189,3/27/2026,5:43:52 PM,23.4375,23.1171875,25.61,,25.14,96.789,15.866
1774658632410,3/27/2026,5:43:52 PM,23.4375,23.1171875,25.61,,25.14,96.789,15.866
1774658632462,3/27/2026,5:43:52 PM,23.4375,23.1171875,25.61,,25.14,96.789,15.866
1774658632512,3/27/2026,5:43:52 PM,23.4375,23.140625,25.61,,25.14,96.789,15.866
1774658632584,3/27/2026,5:43:52 PM,23.4375,23.140625,25.61,,25.14,96.789,15.866
1774658632782,3/27/2026,5:43:52 PM,23.4375,23.140625,25.61,,25.14,96.789,15.866
1774658632876,3/27/2026,5:43:52 PM,23.4375,23.140625,25.61,,25.13,96.789,15.842
1774658632923,3/27/2026,5:43:52 PM,23.4375,23.140625,25.61,,25.13,96.789,15.842
1774658632977,3/27/2026,5:43:52 PM,23.4375,23.140625,25.61,,25.13,96.789,15.842
1774658633127,3/27/2026,5:43:53 PM,23.5859375,23.140625,25.61,,25.13,96.789,15.842
1774658633261,3/27/2026,5:43:53 PM,23.5859375,23.2578125,25.61,,25.13,96.789,15.842
1774658633649,3/27/2026,5:43:53 PM,23.5859375,23.2578125,25.61,,25.125,96.789,15.837
1774658634001,3/27/2026,5:43:54 PM,23.4375,23.140625,25.61,,25.125,96.789,15.837
1774658634115,3/27/2026,5:43:54 PM,23.4375,23.140625,25.61,,25.125,96.789,15.837
1774658634195,3/27/2026,5:43:54 PM,23.4375,23.140625,25.61,,25.125,96.789,15.837
1774658634394,3/27/2026,5:43:54 PM,23.4375,23.140625,25.61,,25.165,96.789,15.852
1774658634441,3/27/2026,5:43:54 PM,23.4375,23.140625,25.61,,25.165,96.789,15.852
1774658634492,3/27/2026,5:43:54 PM,23.4296875,23.140625,25.61,,25.165,96.789,15.852
1774658634596,3/27/2026,5:43:54 PM,23.4296875,23.140625,25.61,,25.165,96.789,15.852
1774658634786,3/27/2026,5:43:54 PM,23.4296875,23.140625,25.61,,25.165,96.789,15.852
1774658634885,3/27/2026,5:43:54 PM,23.4296875,23.140625,25.61,,25.165,96.789,15.852
1774658634936,3/27/2026,5:43:54 PM,23.4296875,23.140625,25.61,,25.165,96.789,15.852
1774658634987,3/27/2026,5:43:54 PM,23.4296875,23.140625,25.61,,25.165,96.789,15.852
1774658635129,3/27/2026,5:43:55 PM,23.4296875,23.140625,25.61,,25.095,96.79,15.842
1774658635251,3/27/2026,5:43:55 PM,23.4921875,23.140625,25.61,,25.095,96.79,15.842
1774658635648,3/27/2026,5:43:55 PM,23.4921875,23.1640625,25.61,,25.095,96.79,15.842
1774658635996,3/27/2026,5:43:55 PM,23.5234375,23.1640625,25.61,,25.075,96.79,15.857
1774658636115,3/27/2026,5:43:56 PM,23.5234375,23.1171875,25.61,,25.075,96.79,15.857
1774658636196,3/27/2026,5:43:56 PM,23.5234375,23.1171875,25.61,,25.075,96.79,15.857
1774658636393,3/27/2026,5:43:56 PM,23.5234375,23.1171875,25.61,,25.075,96.79,15.857
1774658636445,3/27/2026,5:43:56 PM,23.5234375,23.1171875,25.61,,25.075,96.79,15.857
1774658636494,3/27/2026,5:43:56 PM,23.5234375,23.1171875,25.61,,25.105,96.791,15.857
1774658636546,3/27/2026,5:43:56 PM,23.5234375,23.1171875,25.61,,25.105,96.791,15.857
1774658636780,3/27/2026,5:43:56 PM,23.5,23.1171875,25.61,,25.105,96.791,15.857
1774658636876,3/27/2026,5:43:56 PM,23.5,23.1875,25.61,,25.105,96.791,15.857
1774658636929,3/27/2026,5:43:56 PM,23.5,23.1875,25.61,,25.105,96.791,15.857
1774658636979,3/27/2026,5:43:56 PM,23.5,23.1875,25.61,,25.105,96.791,15.857
1774658637129,3/27/2026,5:43:57 PM,23.5,23.1875,25.61,,25.105,96.791,15.857
1774658637239,3/27/2026,5:43:57 PM,23.5,23.1875,25.61,,25.125,96.79,15.857
1774658637646,3/27/2026,5:43:57 PM,23.4375,23.15625,25.61,,25.125,96.79,15.857
1774658637999,3/27/2026,5:43:57 PM,23.4375,23.15625,25.61,,25.125,96.79,15.832
1774658638140,3/27/2026,5:43:58 PM,23.5234375,23.15625,25.61,,25.125,96.79,15.832
1774658638192,3/27/2026,5:43:58 PM,23.5234375,23.15625,25.61,,25.125,96.79,15.832
1774658638385,3/27/2026,5:43:58 PM,23.5234375,23.15625,25.61,,25.125,96.79,15.832
1774658638436,3/27/2026,5:43:58 PM,23.5234375,23.15625,25.61,,25.125,96.79,15.832
1774658638488,3/27/2026,5:43:58 PM,23.5234375,23.15625,25.61,,25.125,96.79,15.832
1774658638539,3/27/2026,5:43:58 PM,23.5234375,23.15625,25.61,,25.125,96.79,15.832
1774658638801,3/27/2026,5:43:58 PM,23.546875,23.15625,25.61,,25.095,96.789,15.856
1774658638876,3/27/2026,5:43:58 PM,23.546875,23.15625,25.61,,25.095,96.789,15.856
1774658638925,3/27/2026,5:43:58 PM,23.546875,23.15625,25.61,,25.095,96.789,15.856
1774658638980,3/27/2026,5:43:58 PM,23.546875,23.0703125,25.61,,25.095,96.789,15.856
1774658639131,3/27/2026,5:43:59 PM,23.546875,23.0703125,25.61,,25.095,96.789,15.856
1774658639241,3/27/2026,5:43:59 PM,23.546875,23.0703125,25.61,,25.095,96.789,15.856
1774658639642,3/27/2026,5:43:59 PM,23.4765625,23.0703125,25.61,,25.135,96.79,15.851
1774658639996,3/27/2026,5:43:59 PM,23.4765625,23.125,25.61,,25.135,96.79,15.851
1774658640137,3/27/2026,5:44:00 PM,23.4765625,23.125,25.6,,25.04,96.79,15.812
1774658640204,3/27/2026,5:44:00 PM,23.4765625,23.125,25.6,,25.04,96.79,15.812
1774658640384,3/27/2026,5:44:00 PM,23.453125,23.15625,25.6,,25.04,96.79,15.812
1774658640436,3/27/2026,5:44:00 PM,23.453125,23.15625,25.6,,25.04,96.79,15.812
1774658640491,3/27/2026,5:44:00 PM,23.453125,23.15625,25.6,,25.04,96.79,15.812
1774658640539,3/27/2026,5:44:00 PM,23.453125,23.15625,25.6,,25.04,96.79,15.812
1774658640784,3/27/2026,5:44:00 PM,23.453125,23.15625,25.6,,25.155,96.789,15.822
1774658640903,3/27/2026,5:44:00 PM,23.453125,23.15625,25.6,,25.155,96.789,15.822
1774658640954,3/27/2026,5:44:00 PM,23.4765625,23.15625,25.6,,25.155,96.789,15.822
1774658641005,3/27/2026,5:44:01 PM,23.4765625,23.15625,25.6,,25.155,96.789,15.822
1774658641134,3/27/2026,5:44:01 PM,23.4765625,23.15625,25.6,,25.155,96.789,15.822
1774658641248,3/27/2026,5:44:01 PM,23.4765625,23.15625,25.6,,25.155,96.789,15.822
1774658641655,3/27/2026,5:44:01 PM,23.4765625,23.15625,25.6,,25.08,96.79,15.797
1774658641998,3/27/2026,5:44:01 PM,23.4921875,23.1640625,25.6,,25.08,96.79,15.797
1774658642117,3/27/2026,5:44:02 PM,23.4921875,23.1640625,25.6,,25.08,96.79,15.797
1774658642193,3/27/2026,5:44:02 PM,23.4921875,23.1640625,25.6,,25.08,96.79,15.797
1774658642387,3/27/2026,5:44:02 PM,23.5390625,23.1640625,25.6,,25.08,96.789,15.812
1774658642437,3/27/2026,5:44:02 PM,23.5390625,23.1640625,25.6,,25.08,96.789,15.812
1774658642489,3/27/2026,5:44:02 PM,23.5390625,23.1640625,25.6,,25.08,96.789,15.812
1774658642539,3/27/2026,5:44:02 PM,23.5390625,23.2109375,25.6,,25.08,96.789,15.812
1774658642781,3/27/2026,5:44:02 PM,23.5390625,23.2109375,25.6,,25.08,96.789,15.812
1774658642878,3/27/2026,5:44:02 PM,23.5390625,23.2109375,25.6,,25.08,96.789,15.812
1774658642931,3/27/2026,5:44:02 PM,23.5390625,23.2109375,25.6,,25.185,96.79,15.817
1774658642987,3/27/2026,5:44:02 PM,23.5390625,23.2109375,25.6,,25.185,96.79,15.817
1774658643126,3/27/2026,5:44:03 PM,23.5234375,23.2109375,25.6,,25.185,96.79,15.817
1774658643240,3/27/2026,5:44:03 PM,23.5234375,23.2109375,25.6,,25.185,96.79,15.817
1774658643649,3/27/2026,5:44:03 PM,23.5234375,23.2265625,25.6,,25.115,96.79,15.827
1774658644005,3/27/2026,5:44:04 PM,23.46875,23.2109375,25.6,,25.115,96.79,15.827
1774658644134,3/27/2026,5:44:04 PM,23.46875,23.2109375,25.6,,25.115,96.79,15.827
1774658644197,3/27/2026,5:44:04 PM,23.46875,23.2109375,25.6,,25.115,96.79,15.827
1774658644386,3/27/2026,5:44:04 PM,23.46875,23.2109375,25.6,,25.07,96.79,15.822
1774658644438,3/27/2026,5:44:04 PM,23.46875,23.2109375,25.6,,25.07,96.79,15.822
1774658644488,3/27/2026,5:44:04 PM,23.46875,23.2109375,25.6,,25.07,96.79,15.822
1774658644538,3/27/2026,5:44:04 PM,23.4921875,23.2109375,25.6,,25.07,96.79,15.822
1774658644786,3/27/2026,5:44:04 PM,23.4921875,23.1875,25.6,,25.07,96.79,15.822
1774658644879,3/27/2026,5:44:04 PM,23.4921875,23.1875,25.6,,25.07,96.79,15.822
1774658644927,3/27/2026,5:44:04 PM,23.4921875,23.1875,25.6,,25.07,96.79,15.822
1774658644985,3/27/2026,5:44:04 PM,23.4921875,23.1875,25.6,,25.07,96.79,15.822
1774658645130,3/27/2026,5:44:05 PM,23.4921875,23.1875,25.6,,25.1,96.79,15.792
1774658645241,3/27/2026,5:44:05 PM,23.4921875,23.1875,25.6,,25.1,96.79,15.792
1774658645676,3/27/2026,5:44:05 PM,23.3671875,23.1875,25.6,,25.1,96.79,15.792
1774658645996,3/27/2026,5:44:05 PM,23.578125,23.1875,25.6,,25.03,96.79,15.792
1774658646116,3/27/2026,5:44:06 PM,23.578125,23.1875,25.6,,25.03,96.79,15.792
1774658646193,3/27/2026,5:44:06 PM,23.578125,23.234375,25.6,,25.03,96.79,15.792
1774658646388,3/27/2026,5:44:06 PM,23.578125,23.234375,25.6,,25.03,96.79,15.792
1774658646437,3/27/2026,5:44:06 PM,23.578125,23.234375,25.6,,25.03,96.79,15.792
1774658646490,3/27/2026,5:44:06 PM,23.578125,23.234375,25.6,,25.03,96.79,15.792
1774658646537,3/27/2026,5:44:06 PM,23.578125,23.234375,25.6,,25.075,96.79,15.778
1774658646787,3/27/2026,5:44:06 PM,23.5234375,23.234375,25.6,,25.075,96.79,15.778
1774658646880,3/27/2026,5:44:06 PM,23.5234375,23.2109375,25.6,,25.075,96.79,15.778
1774658646933,3/27/2026,5:44:06 PM,23.5234375,23.2109375,25.6,,25.075,96.79,15.778
1774658646987,3/27/2026,5:44:06 PM,23.5234375,23.2109375,25.6,,25.075,96.79,15.778
1774658647143,3/27/2026,5:44:07 PM,23.5234375,23.2109375,25.6,,25.075,96.79,15.778
1774658647234,3/27/2026,5:44:07 PM,23.5234375,23.2109375,25.6,,25.13,96.79,15.782
1774658647639,3/27/2026,5:44:07 PM,23.4765625,23.140625,25.6,,25.13,96.79,15.782
1774658648001,3/27/2026,5:44:08 PM,23.4765625,23.140625,25.6,,25.095,96.789,15.773
1774658648131,3/27/2026,5:44:08 PM,23.4296875,23.140625,25.6,,25.095,96.789,15.773
1774658648195,3/27/2026,5:44:08 PM,23.4296875,23.140625,25.6,,25.095,96.789,15.773
1774658648396,3/27/2026,5:44:08 PM,23.4296875,23.1171875,25.6,,25.095,96.789,15.773
1774658648446,3/27/2026,5:44:08 PM,23.4296875,23.1171875,25.6,,25.095,96.789,15.773
1774658648498,3/27/2026,5:44:08 PM,23.4296875,23.1171875,25.6,,25.095,96.789,15.773
1774658648548,3/27/2026,5:44:08 PM,23.4296875,23.1171875,25.6,,25.095,96.789,15.773
1774658648789,3/27/2026,5:44:08 PM,23.4296875,23.1171875,25.6,,25.06,96.79,15.802
1774658648879,3/27/2026,5:44:08 PM,23.5625,23.1171875,25.6,,25.06,96.79,15.802
1774658648928,3/27/2026,5:44:08 PM,23.5625,23.1171875,25.6,,25.06,96.79,15.802
1774658648986,3/27/2026,5:44:08 PM,23.5625,23.1171875,25.6,,25.06,96.79,15.802
1774658649137,3/27/2026,5:44:09 PM,23.5625,23.1640625,25.6,,25.06,96.79,15.802
1774658649247,3/27/2026,5:44:09 PM,23.5625,23.1640625,25.6,,25.06,96.79,15.802
1774658649645,3/27/2026,5:44:09 PM,23.453125,23.1640625,25.6,,25.035,96.79,15.783
1774658649996,3/27/2026,5:44:09 PM,23.453125,23.203125,25.6,,25.035,96.79,15.783
1774658650113,3/27/2026,5:44:10 PM,23.453125,23.203125,25.61,,25.135,96.791,15.768
1774658650197,3/27/2026,5:44:10 PM,23.453125,23.203125,25.61,,25.135,96.791,15.768
1774658650390,3/27/2026,5:44:10 PM,23.515625,23.203125,25.61,,25.135,96.791,15.768
1774658650442,3/27/2026,5:44:10 PM,23.515625,23.1875,25.61,,25.135,96.791,15.768
1774658650544,3/27/2026,5:44:10 PM,23.515625,23.1875,25.61,,25.135,96.791,15.768
1774658650600,3/27/2026,5:44:10 PM,23.515625,23.1875,25.61,,25.135,96.791,15.768
1774658650789,3/27/2026,5:44:10 PM,23.515625,23.1875,25.61,,25.135,96.791,15.768
1774658650875,3/27/2026,5:44:10 PM,23.515625,23.1875,25.61,,25.115,96.791,15.758
1774658650926,3/27/2026,5:44:10 PM,23.515625,23.1875,25.61,,25.115,96.791,15.758
1774658650987,3/27/2026,5:44:10 PM,23.515625,23.1875,25.61,,25.115,96.791,15.758
1774658651137,3/27/2026,5:44:11 PM,23.546875,23.1875,25.61,,25.115,96.791,15.758
1774658651246,3/27/2026,5:44:11 PM,23.546875,23.15625,25.61,,25.115,96.791,15.758
1774658651643,3/27/2026,5:44:11 PM,23.546875,23.15625,25.61,,25.05,96.79,15.763
1774658652037,3/27/2026,5:44:12 PM,23.515625,23.09375,25.61,,25.05,96.79,15.763
1774658652116,3/27/2026,5:44:12 PM,23.515625,23.09375,25.61,,25.05,96.79,15.763
1774658652199,3/27/2026,5:44:12 PM,23.515625,23.09375,25.61,,25.05,96.79,15.763
1774658652394,3/27/2026,5:44:12 PM,23.515625,23.09375,25.61,,25.145,96.79,15.763
1774658652448,3/27/2026,5:44:12 PM,23.5390625,23.09375,25.61,,25.145,96.79,15.763
1774658652498,3/27/2026,5:44:12 PM,23.5390625,23.09375,25.61,,25.145,96.79,15.763
1774658652549,3/27/2026,5:44:12 PM,23.5390625,23.09375,25.61,,25.145,96.79,15.763
1774658652794,3/27/2026,5:44:12 PM,23.5390625,23.1015625,25.61,,25.145,96.79,15.763
1774658652883,3/27/2026,5:44:12 PM,23.5390625,23.1015625,25.61,,25.145,96.79,15.763
1774658652934,3/27/2026,5:44:12 PM,23.5390625,23.1015625,25.61,,25.145,96.79,15.763
1774658652991,3/27/2026,5:44:12 PM,23.5390625,23.1015625,25.6,,25.05,96.79,15.782
1774658653135,3/27/2026,5:44:13 PM,23.5390625,23.1015625,25.6,,25.05,96.79,15.782
1774658653241,3/27/2026,5:44:13 PM,23.515625,23.1015625,25.6,,25.05,96.79,15.782
1774658653643,3/27/2026,5:44:13 PM,23.515625,23.1640625,25.6,,25.05,96.79,15.782
1774658653999,3/27/2026,5:44:13 PM,23.5,23.1640625,25.6,,25.125,96.79,15.758
1774658654111,3/27/2026,5:44:14 PM,23.5,23.0546875,25.6,,25.125,96.79,15.758
1774658654194,3/27/2026,5:44:14 PM,23.5,23.0546875,25.6,,25.125,96.79,15.758
1774658654392,3/27/2026,5:44:14 PM,23.5,23.0546875,25.6,,25.125,96.79,15.758
1774658654438,3/27/2026,5:44:14 PM,23.5,23.0546875,25.6,,25.07,96.79,15.763
1774658654491,3/27/2026,5:44:14 PM,23.5,23.0546875,25.6,,25.07,96.79,15.763
1774658654545,3/27/2026,5:44:14 PM,23.5,23.0546875,25.6,,25.07,96.79,15.763
1774658654799,3/27/2026,5:44:14 PM,23.5,23.1015625,25.6,,25.07,96.79,15.763
1774658654879,3/27/2026,5:44:14 PM,23.5,23.1015625,25.6,,25.07,96.79,15.763
1774658654933,3/27/2026,5:44:14 PM,23.5,23.1015625,25.6,,25.07,96.79,15.763
1774658654992,3/27/2026,5:44:14 PM,23.5,23.1015625,25.6,,25.07,96.79,15.763
1774658655130,3/27/2026,5:44:15 PM,23.5,23.1015625,25.6,,25.07,96.79,15.763
1774658655239,3/27/2026,5:44:15 PM,23.5,23.1015625,25.6,,25.11,96.79,15.748
1774658655640,3/27/2026,5:44:15 PM,23.5390625,23.046875,25.6,,25.11,96.79,15.748
1774658655997,3/27/2026,5:44:15 PM,23.5390625,23.046875,25.6,,25.075,96.79,15.777
1774658656119,3/27/2026,5:44:16 PM,23.5390625,23.046875,25.6,,25.075,96.79,15.777
1774658656194,3/27/2026,5:44:16 PM,23.5390625,23.078125,25.6,,25.075,96.79,15.777
1774658656392,3/27/2026,5:44:16 PM,23.5390625,23.078125,25.6,,25.075,96.79,15.777
1774658656439,3/27/2026,5:44:16 PM,23.5390625,23.078125,25.6,,25.075,96.79,15.777
1774658656490,3/27/2026,5:44:16 PM,23.5390625,23.078125,25.6,,25.075,96.79,15.777
1774658656543,3/27/2026,5:44:16 PM,23.5390625,23.078125,25.6,,25.075,96.79,15.777
1774658656790,3/27/2026,5:44:16 PM,23.515625,23.078125,25.6,,25.095,96.79,15.763
1774658656897,3/27/2026,5:44:16 PM,23.515625,23.078125,25.6,,25.095,96.79,15.763
1774658656948,3/27/2026,5:44:16 PM,23.515625,23.0703125,25.6,,25.095,96.79,15.763
1774658657000,3/27/2026,5:44:17 PM,23.515625,23.0703125,25.6,,25.095,96.79,15.763
1774658657129,3/27/2026,5:44:17 PM,23.515625,23.0703125,25.6,,25.095,96.79,15.763
1774658657235,3/27/2026,5:44:17 PM,23.515625,23.0703125,25.6,,25.095,96.79,15.763
1774658657640,3/27/2026,5:44:17 PM,23.5,23.03125,25.6,,25.1,96.79,15.748
1774658658004,3/27/2026,5:44:18 PM,23.5,23.03125,25.6,,25.1,96.79,15.748
1774658658132,3/27/2026,5:44:18 PM,23.5,23.03125,25.6,,25.165,96.79,15.738
1774658658194,3/27/2026,5:44:18 PM,23.453125,23.03125,25.6,,25.165,96.79,15.738
1774658658396,3/27/2026,5:44:18 PM,23.453125,23.1015625,25.6,,25.165,96.79,15.738
1774658658450,3/27/2026,5:44:18 PM,23.453125,23.1015625,25.6,,25.165,96.79,15.738
1774658658491,3/27/2026,5:44:18 PM,23.453125,23.1015625,25.6,,25.165,96.79,15.738
1774658658543,3/27/2026,5:44:18 PM,23.453125,23.1015625,25.6,,25.165,96.79,15.738
1774658658785,3/27/2026,5:44:18 PM,23.453125,23.1015625,25.61,,25.1,96.791,15.748
1774658658883,3/27/2026,5:44:18 PM,23.453125,23.1015625,25.61,,25.1,96.791,15.748
1774658658934,3/27/2026,5:44:18 PM,23.4375,23.1015625,25.61,,25.1,96.791,15.748
1774658658996,3/27/2026,5:44:18 PM,23.4375,23.1015625,25.61,,25.1,96.791,15.748
1774658659129,3/27/2026,5:44:19 PM,23.4375,23.03125,25.61,,25.1,96.791,15.748
1774658659237,3/27/2026,5:44:19 PM,23.4375,23.03125,25.61,,25.1,96.791,15.748
1774658659647,3/27/2026,5:44:19 PM,23.4921875,23.03125,25.61,,25.085,96.79,15.748
1774658660045,3/27/2026,5:44:20 PM,23.4921875,23.125,25.61,,25.085,96.79,15.748
1774658660141,3/27/2026,5:44:20 PM,23.4921875,23.125,25.61,,25.085,96.79,15.748
1774658660200,3/27/2026,5:44:20 PM,23.4921875,23.125,25.61,,25.13,96.79,15.768
1774658660405,3/27/2026,5:44:20 PM,23.40625,23.125,25.61,,25.13,96.79,15.768
1774658660438,3/27/2026,5:44:20 PM,23.40625,23.125,25.61,,25.13,96.79,15.768
1774658660491,3/27/2026,5:44:20 PM,23.40625,23.125,25.61,,25.13,96.79,15.768
1774658660541,3/27/2026,5:44:20 PM,23.40625,23.125,25.61,,25.13,96.79,15.768
1774658660797,3/27/2026,5:44:20 PM,23.40625,23.125,25.61,,25.13,96.79,15.768
1774658660880,3/27/2026,5:44:20 PM,23.40625,23.125,25.61,,25.13,96.79,15.768
1774658660933,3/27/2026,5:44:20 PM,23.40625,23.125,25.61,,25.06,96.79,15.758
1774658660996,3/27/2026,5:44:20 PM,23.40625,23.125,25.61,,25.06,96.79,15.758
1774658661137,3/27/2026,5:44:21 PM,23.5234375,23.125,25.61,,25.06,96.79,15.758
1774658661248,3/27/2026,5:44:21 PM,23.5234375,23.1796875,25.61,,25.06,96.79,15.758
1774658661646,3/27/2026,5:44:21 PM,23.5234375,23.1796875,25.61,,25.14,96.79,15.739
1774658662004,3/27/2026,5:44:22 PM,23.4765625,23.03125,25.61,,25.14,96.79,15.739
1774658662120,3/27/2026,5:44:22 PM,23.4765625,23.03125,25.61,,25.14,96.79,15.739
1774658662200,3/27/2026,5:44:22 PM,23.4765625,23.03125,25.61,,25.14,96.79,15.739
1774658662395,3/27/2026,5:44:22 PM,23.4765625,23.03125,25.61,,25.12,96.789,15.768
1774658662441,3/27/2026,5:44:22 PM,23.4765625,23.03125,25.61,,25.12,96.789,15.768
1774658662490,3/27/2026,5:44:22 PM,23.4765625,23.03125,25.61,,25.12,96.789,15.768
1774658662540,3/27/2026,5:44:22 PM,23.4375,23.03125,25.61,,25.12,96.789,15.768
1774658662797,3/27/2026,5:44:22 PM,23.4375,23.15625,25.61,,25.12,96.789,15.768
1774658662880,3/27/2026,5:44:22 PM,23.4375,23.15625,25.61,,25.12,96.789,15.768
1774658662928,3/27/2026,5:44:22 PM,23.4375,23.15625,25.61,,25.12,96.789,15.768
1774658662983,3/27/2026,5:44:22 PM,23.4375,23.15625,25.61,,25.12,96.789,15.768
1774658663141,3/27/2026,5:44:23 PM,23.4375,23.15625,25.61,,25.12,96.789,15.729
1774658663251,3/27/2026,5:44:23 PM,23.515625,23.15625,25.61,,25.12,96.789,15.729
1774658663642,3/27/2026,5:44:23 PM,23.515625,23.1015625,25.61,,25.12,96.789,15.729
1774658664005,3/27/2026,5:44:24 PM,23.578125,23.1015625,25.61,,25.1,96.789,15.758
1774658664141,3/27/2026,5:44:24 PM,23.578125,23.15625,25.61,,25.1,96.789,15.758
1774658664202,3/27/2026,5:44:24 PM,23.578125,23.15625,25.61,,25.1,96.789,15.758
1774658664407,3/27/2026,5:44:24 PM,23.578125,23.15625,25.61,,25.1,96.789,15.758
1774658664457,3/27/2026,5:44:24 PM,23.578125,23.15625,25.61,,25.1,96.789,15.758
1774658664512,3/27/2026,5:44:24 PM,23.578125,23.15625,25.62,,25.18,96.79,15.749
1774658664560,3/27/2026,5:44:24 PM,23.578125,23.15625,25.62,,25.18,96.79,15.749
1774658664782,3/27/2026,5:44:24 PM,23.40625,23.15625,25.62,,25.18,96.79,15.749
1774658664877,3/27/2026,5:44:24 PM,23.40625,23.1015625,25.62,,25.18,96.79,15.749
1774658664936,3/27/2026,5:44:24 PM,23.40625,23.1015625,25.62,,25.18,96.79,15.749
1774658664978,3/27/2026,5:44:24 PM,23.40625,23.1015625,25.62,,25.18,96.79,15.749
1774658665138,3/27/2026,5:44:25 PM,23.40625,23.1015625,25.62,,25.18,96.79,15.749
1774658665249,3/27/2026,5:44:25 PM,23.40625,23.1015625,25.62,,25.13,96.791,15.764
1774658665646,3/27/2026,5:44:25 PM,23.453125,23.125,25.62,,25.13,96.791,15.764
1774658666002,3/27/2026,5:44:26 PM,23.453125,23.125,25.62,,25.095,96.79,15.744
1774658666124,3/27/2026,5:44:26 PM,23.5234375,23.125,25.62,,25.095,96.79,15.744
1774658666200,3/27/2026,5:44:26 PM,23.5234375,23.125,25.62,,25.095,96.79,15.744
1774658666388,3/27/2026,5:44:26 PM,23.5234375,23.1640625,25.62,,25.095,96.79,15.744
1774658666440,3/27/2026,5:44:26 PM,23.5234375,23.1640625,25.62,,25.095,96.79,15.744
1774658666489,3/27/2026,5:44:26 PM,23.5234375,23.1640625,25.62,,25.095,96.79,15.744
1774658666600,3/27/2026,5:44:26 PM,23.5234375,23.1640625,25.62,,25.095,96.79,15.744
1774658666786,3/27/2026,5:44:26 PM,23.5234375,23.1640625,25.62,,25.1,96.789,15.739
1774658666870,3/27/2026,5:44:26 PM,23.40625,23.1640625,25.62,,25.1,96.789,15.739
1774658666922,3/27/2026,5:44:26 PM,23.40625,23.1640625,25.62,,25.1,96.789,15.739
1774658666975,3/27/2026,5:44:26 PM,23.40625,23.1171875,25.62,,25.1,96.789,15.739
1774658667124,3/27/2026,5:44:27 PM,23.40625,23.1171875,25.62,,25.1,96.789,15.739
1774658667245,3/27/2026,5:44:27 PM,23.40625,23.1171875,25.62,,25.1,96.789,15.739
1774658667643,3/27/2026,5:44:27 PM,23.4375,23.1171875,25.62,,25.085,96.789,15.734
1774658667998,3/27/2026,5:44:27 PM,23.4375,23.15625,25.62,,25.085,96.789,15.734
1774658668117,3/27/2026,5:44:28 PM,23.4375,23.15625,25.62,,25.125,96.79,15.754
1774658668202,3/27/2026,5:44:28 PM,23.4375,23.15625,25.62,,25.125,96.79,15.754
1774658668389,3/27/2026,5:44:28 PM,23.546875,23.15625,25.62,,25.125,96.79,15.754
1774658668438,3/27/2026,5:44:28 PM,23.546875,23.15625,25.62,,25.125,96.79,15.754
1774658668501,3/27/2026,5:44:28 PM,23.546875,23.15625,25.62,,25.125,96.79,15.754
1774658668541,3/27/2026,5:44:28 PM,23.546875,23.15625,25.62,,25.125,96.79,15.754
1774658668834,3/27/2026,5:44:28 PM,23.546875,23.15625,25.62,,25.125,96.79,15.754
1774658668923,3/27/2026,5:44:28 PM,23.546875,23.15625,25.62,,25.08,96.79,15.739
1774658668973,3/27/2026,5:44:28 PM,23.4921875,23.15625,25.62,,25.08,96.79,15.739
1774658669024,3/27/2026,5:44:29 PM,23.4921875,23.15625,25.62,,25.08,96.79,15.739
1774658669127,3/27/2026,5:44:29 PM,23.4921875,23.15625,25.62,,25.08,96.79,15.739
1774658669241,3/27/2026,5:44:29 PM,23.4921875,23.203125,25.62,,25.08,96.79,15.739
1774658669639,3/27/2026,5:44:29 PM,23.4921875,23.203125,25.62,,25.095,96.79,15.724
1774658670005,3/27/2026,5:44:30 PM,23.5234375,23.296875,25.62,,25.095,96.79,15.724
1774658670125,3/27/2026,5:44:30 PM,23.5234375,23.296875,25.62,,25.095,96.79,15.724
1774658670203,3/27/2026,5:44:30 PM,23.5234375,23.296875,25.62,,25.095,96.79,15.724
1774658670386,3/27/2026,5:44:30 PM,23.5234375,23.296875,25.62,,25.08,96.791,15.739
1774658670443,3/27/2026,5:44:30 PM,23.4921875,23.296875,25.62,,25.08,96.791,15.739
1774658670489,3/27/2026,5:44:30 PM,23.4921875,23.296875,25.62,,25.08,96.791,15.739
1774658670541,3/27/2026,5:44:30 PM,23.4921875,23.296875,25.62,,25.08,96.791,15.739
1774658670804,3/27/2026,5:44:30 PM,23.4921875,23.140625,25.62,,25.08,96.791,15.739
1774658670871,3/27/2026,5:44:30 PM,23.4921875,23.140625,25.62,,25.08,96.791,15.739
1774658670923,3/27/2026,5:44:30 PM,23.4921875,23.140625,25.62,,25.08,96.791,15.739
1774658670972,3/27/2026,5:44:30 PM,23.4921875,23.140625,25.62,,25.055,96.791,15.734
1774658671129,3/27/2026,5:44:31 PM,23.3671875,23.140625,25.62,,25.055,96.791,15.734
1774658671242,3/27/2026,5:44:31 PM,23.3671875,23.140625,25.62,,25.055,96.791,15.734
1774658671502,3/27/2026,5:44:31 PM,23.3671875,23.1796875,25.62,,25.055,96.791,15.734
1774658671648,3/27/2026,5:44:31 PM,23.3671875,23.1796875,25.62,,25.055,96.791,15.734
1774658671795,3/27/2026,5:44:31 PM,23.3671875,23.1796875,25.62,,25.085,96.791,15.734
1774658672006,3/27/2026,5:44:32 PM,23.4296875,23.1796875,25.62,,25.085,96.791,15.734
1774658672119,3/27/2026,5:44:32 PM,23.4296875,23.078125,25.62,,25.085,96.791,15.734
1774658672205,3/27/2026,5:44:32 PM,23.4296875,23.078125,25.62,,25.085,96.791,15.734
1774658672391,3/27/2026,5:44:32 PM,23.4296875,23.078125,25.62,,25.085,96.791,15.734
1774658672442,3/27/2026,5:44:32 PM,23.4296875,23.078125,25.62,,25.14,96.791,15.729
1774658672491,3/27/2026,5:44:32 PM,23.4296875,23.078125,25.62,,25.14,96.791,15.729
1774658672544,3/27/2026,5:44:32 PM,23.4296875,23.078125,25.62,,25.14,96.791,15.729
1774658672791,3/27/2026,5:44:32 PM,23.4296875,23.1796875,25.62,,25.14,96.791,15.729
1774658672854,3/27/2026,5:44:32 PM,23.4296875,23.1796875,25.62,,25.14,96.791,15.729
1774658672902,3/27/2026,5:44:32 PM,23.4296875,23.1796875,25.62,,25.14,96.791,15.729
1774658672951,3/27/2026,5:44:32 PM,23.4296875,23.1796875,25.62,,25.14,96.791,15.729
1774658673008,3/27/2026,5:44:33 PM,23.4296875,23.1796875,25.62,,25.14,96.791,15.729
1774658673132,3/27/2026,5:44:33 PM,23.4296875,23.1796875,25.62,,25.11,96.791,15.749
1774658673242,3/27/2026,5:44:33 PM,23.4296875,23.1796875,25.62,,25.11,96.791,15.749
1774658673506,3/27/2026,5:44:33 PM,23.4765625,23.2109375,25.62,,25.11,96.791,15.749
1774658673640,3/27/2026,5:44:33 PM,23.4765625,23.2109375,25.62,,25.11,96.791,15.749
1774658674003,3/27/2026,5:44:34 PM,23.4765625,23.2109375,25.63,,25.135,96.791,15.725
1774658674137,3/27/2026,5:44:34 PM,23.46875,23.2109375,25.63,,25.135,96.791,15.725
1774658674210,3/27/2026,5:44:34 PM,23.46875,23.1875,25.63,,25.135,96.791,15.725
1774658674404,3/27/2026,5:44:34 PM,23.46875,23.1875,25.63,,25.135,96.791,15.725
1774658674449,3/27/2026,5:44:34 PM,23.46875,23.1875,25.63,,25.135,96.791,15.725
1774658674498,3/27/2026,5:44:34 PM,23.46875,23.1875,25.63,,25.135,96.791,15.725
1774658674549,3/27/2026,5:44:34 PM,23.46875,23.1875,25.63,,25.135,96.791,15.725
1774658674777,3/27/2026,5:44:34 PM,23.390625,23.1875,25.63,,25.1,96.79,15.739
1774658674898,3/27/2026,5:44:34 PM,23.390625,23.140625,25.63,,25.1,96.79,15.739
1774658674948,3/27/2026,5:44:34 PM,23.390625,23.140625,25.63,,25.1,96.79,15.739
1774658675009,3/27/2026,5:44:35 PM,23.390625,23.140625,25.63,,25.1,96.79,15.739
1774658675129,3/27/2026,5:44:35 PM,23.390625,23.140625,25.63,,25.1,96.79,15.739
1774658675248,3/27/2026,5:44:35 PM,23.390625,23.140625,25.63,,25.1,96.79,15.739
1774658675506,3/27/2026,5:44:35 PM,23.4765625,23.140625,25.63,,25.11,96.791,15.74
1774658675648,3/27/2026,5:44:35 PM,23.4765625,23.2109375,25.63,,25.11,96.791,15.74
1774658676009,3/27/2026,5:44:36 PM,23.4765625,23.2109375,25.63,,25.11,96.791,15.71
1774658676153,3/27/2026,5:44:36 PM,23.4765625,23.2109375,25.63,,25.085,96.791,15.71
1774658676208,3/27/2026,5:44:36 PM,23.5,23.2109375,25.63,,25.085,96.791,15.71
1774658676388,3/27/2026,5:44:36 PM,23.5,23.2109375,25.63,,25.085,96.791,15.71
1774658676438,3/27/2026,5:44:36 PM,23.5,23.2109375,25.63,,25.085,96.791,15.71
1774658676490,3/27/2026,5:44:36 PM,23.5,23.2109375,25.63,,25.085,96.791,15.71
1774658676543,3/27/2026,5:44:36 PM,23.5,23.2109375,25.63,,25.085,96.791,15.71
1774658676780,3/27/2026,5:44:36 PM,23.5,23.2109375,25.63,,25.08,96.791,15.705
1774658676900,3/27/2026,5:44:36 PM,23.5,23.2109375,25.63,,25.08,96.791,15.705
1774658676951,3/27/2026,5:44:36 PM,23.5,23.2109375,25.63,,25.08,96.791,15.705
1774658677009,3/27/2026,5:44:37 PM,23.5,23.2109375,25.63,,25.08,96.791,15.705
1774658677129,3/27/2026,5:44:37 PM,23.5,23.125,25.63,,25.08,96.791,15.705
1774658677240,3/27/2026,5:44:37 PM,23.5,23.125,25.63,,25.08,96.791,15.705
1774658677508,3/27/2026,5:44:37 PM,23.5,23.125,25.63,,25.09,96.79,15.715
1774658677643,3/27/2026,5:44:37 PM,23.453125,23.125,25.63,,25.09,96.79,15.715
1774658678010,3/27/2026,5:44:38 PM,23.453125,23.0703125,25.63,,25.09,96.79,15.715
1774658678131,3/27/2026,5:44:38 PM,23.453125,23.0703125,25.63,,25.09,96.79,15.715
1774658678211,3/27/2026,5:44:38 PM,23.453125,23.0703125,25.63,,25,96.79,15.705
1774658678385,3/27/2026,5:44:38 PM,23.5390625,23.0703125,25.63,,25,96.79,15.705
1774658678438,3/27/2026,5:44:38 PM,23.5390625,23.0703125,25.63,,25,96.79,15.705
1774658678493,3/27/2026,5:44:38 PM,23.5390625,23.09375,25.63,,25,96.79,15.705
1774658678539,3/27/2026,5:44:38 PM,23.5390625,23.09375,25.63,,25,96.79,15.705
1774658678781,3/27/2026,5:44:38 PM,23.5390625,23.09375,25.63,,25,96.79,15.705
1774658678870,3/27/2026,5:44:38 PM,23.5390625,23.09375,25.63,,25,96.79,15.705
1774658678927,3/27/2026,5:44:38 PM,23.5390625,23.09375,25.63,,25.095,96.79,15.72
1774658678972,3/27/2026,5:44:38 PM,23.5390625,23.09375,25.63,,25.095,96.79,15.72
1774658679136,3/27/2026,5:44:39 PM,23.5,23.09375,25.63,,25.095,96.79,15.72
1774658679256,3/27/2026,5:44:39 PM,23.5,23.2109375,25.63,,25.095,96.79,15.72
1774658679506,3/27/2026,5:44:39 PM,23.5,23.2109375,25.63,,25.095,96.79,15.72
1774658679640,3/27/2026,5:44:39 PM,23.5,23.2109375,25.63,,25.06,96.79,15.71
1774658680011,3/27/2026,5:44:40 PM,23.4921875,23.0078125,25.63,,25.06,96.79,15.71
1774658680126,3/27/2026,5:44:40 PM,23.4921875,23.0078125,25.63,,25.06,96.79,15.71
1774658680192,3/27/2026,5:44:40 PM,23.4921875,23.0078125,25.63,,25.06,96.79,15.71
1774658680421,3/27/2026,5:44:40 PM,23.4921875,23.0078125,25.63,,25.08,96.789,15.71
1774658680463,3/27/2026,5:44:40 PM,23.4921875,23.0078125,25.63,,25.08,96.789,15.71
1774658680510,3/27/2026,5:44:40 PM,23.46875,23.0078125,25.63,,25.08,96.789,15.71
1774658680564,3/27/2026,5:44:40 PM,23.46875,23.0078125,25.63,,25.08,96.789,15.71
1774658680785,3/27/2026,5:44:40 PM,23.46875,23.0546875,25.63,,25.08,96.789,15.71
1774658680880,3/27/2026,5:44:40 PM,23.46875,23.0546875,25.63,,25.08,96.789,15.71
1774658680929,3/27/2026,5:44:40 PM,23.46875,23.0546875,25.63,,25.08,96.789,15.71
1774658680981,3/27/2026,5:44:40 PM,23.46875,23.0546875,25.63,,25.08,96.789,15.71
1774658681133,3/27/2026,5:44:41 PM,23.46875,23.0546875,25.63,,25.02,96.791,15.725
1774658681256,3/27/2026,5:44:41 PM,23.5390625,23.0546875,25.63,,25.02,96.791,15.725
1774658681507,3/27/2026,5:44:41 PM,23.5390625,23.03125,25.63,,25.02,96.791,15.725
1774658681642,3/27/2026,5:44:41 PM,23.5390625,23.03125,25.63,,25.02,96.791,15.725
1774658681994,3/27/2026,5:44:41 PM,23.4140625,23.03125,25.63,,25.16,96.791,15.71
1774658682119,3/27/2026,5:44:42 PM,23.4140625,23.03125,25.63,,25.16,96.791,15.71
1774658682194,3/27/2026,5:44:42 PM,23.4140625,23.03125,25.63,,25.16,96.791,15.71
1774658682387,3/27/2026,5:44:42 PM,23.4140625,23.03125,25.63,,25.16,96.791,15.71
1774658682437,3/27/2026,5:44:42 PM,23.4140625,23.03125,25.63,,25.16,96.791,15.71
1774658682487,3/27/2026,5:44:42 PM,23.4140625,23.03125,25.63,,25.095,96.792,15.71
1774658682590,3/27/2026,5:44:42 PM,23.4140625,23.03125,25.63,,25.095,96.792,15.71
1774658682790,3/27/2026,5:44:42 PM,23.453125,23.03125,25.63,,25.095,96.792,15.71
1774658682873,3/27/2026,5:44:42 PM,23.453125,23.09375,25.63,,25.095,96.792,15.71
1774658682924,3/27/2026,5:44:42 PM,23.453125,23.09375,25.63,,25.095,96.792,15.71
1774658682975,3/27/2026,5:44:42 PM,23.453125,23.09375,25.63,,25.095,96.792,15.71
1774658683139,3/27/2026,5:44:43 PM,23.453125,23.09375,25.63,,25.095,96.792,15.71
1774658683329,3/27/2026,5:44:43 PM,23.453125,23.09375,25.63,,25.16,96.791,15.69
1774658683507,3/27/2026,5:44:43 PM,23.4921875,23.09375,25.63,,25.16,96.791,15.69
1774658683658,3/27/2026,5:44:43 PM,23.4921875,23.09375,25.63,,25.16,96.791,15.69
1774658684002,3/27/2026,5:44:44 PM,23.4921875,23.09375,25.63,,25.01,96.791,15.68
1774658684122,3/27/2026,5:44:44 PM,23.40625,23.09375,25.63,,25.01,96.791,15.68
1774658684193,3/27/2026,5:44:44 PM,23.40625,23.09375,25.63,,25.01,96.791,15.68
1774658684387,3/27/2026,5:44:44 PM,23.40625,23.125,25.63,,25.01,96.791,15.68
1774658684440,3/27/2026,5:44:44 PM,23.40625,23.125,25.63,,25.01,96.791,15.68
1774658684490,3/27/2026,5:44:44 PM,23.40625,23.125,25.63,,25.01,96.791,15.68
1774658684542,3/27/2026,5:44:44 PM,23.40625,23.125,25.63,,25.01,96.791,15.68
1774658684778,3/27/2026,5:44:44 PM,23.40625,23.125,25.63,,25.1,96.791,15.685
1774658684873,3/27/2026,5:44:44 PM,23.5,23.125,25.63,,25.1,96.791,15.685
1774658684923,3/27/2026,5:44:44 PM,23.5,23.125,25.63,,25.1,96.791,15.685
1774658684975,3/27/2026,5:44:44 PM,23.5,23.03125,25.63,,25.1,96.791,15.685
1774658685128,3/27/2026,5:44:45 PM,23.5,23.03125,25.63,,25.1,96.791,15.685
1774658685254,3/27/2026,5:44:45 PM,23.5,23.03125,25.63,,25.1,96.791,15.685
1774658685505,3/27/2026,5:44:45 PM,23.4375,23.03125,25.63,,25.18,96.791,15.68
1774658685638,3/27/2026,5:44:45 PM,23.4375,23.03125,25.63,,25.18,96.791,15.68
1774658685996,3/27/2026,5:44:45 PM,23.4375,23.0546875,25.63,,25.18,96.791,15.68
1774658686116,3/27/2026,5:44:46 PM,23.4375,23.0546875,25.63,,25.095,96.791,15.681
1774658686200,3/27/2026,5:44:46 PM,23.4375,23.0546875,25.63,,25.095,96.791,15.681
1774658686385,3/27/2026,5:44:46 PM,23.671875,23.0546875,25.63,,25.095,96.791,15.681
1774658686434,3/27/2026,5:44:46 PM,23.671875,23.0078125,25.63,,25.095,96.791,15.681
1774658686486,3/27/2026,5:44:46 PM,23.671875,23.0078125,25.63,,25.095,96.791,15.681
1774658686543,3/27/2026,5:44:46 PM,23.671875,23.0078125,25.63,,25.095,96.791,15.681
1774658686793,3/27/2026,5:44:46 PM,23.671875,23.0078125,25.63,,25.105,96.792,15.705
1774658686869,3/27/2026,5:44:46 PM,23.671875,23.0078125,25.63,,25.105,96.792,15.705
1774658686921,3/27/2026,5:44:46 PM,23.671875,23.0078125,25.63,,25.105,96.792,15.705
1774658686972,3/27/2026,5:44:46 PM,23.453125,23.0078125,25.63,,25.105,96.792,15.705
1774658687126,3/27/2026,5:44:47 PM,23.453125,23.03125,25.63,,25.105,96.792,15.705
1774658687253,3/27/2026,5:44:47 PM,23.453125,23.03125,25.63,,25.105,96.792,15.705
1774658687504,3/27/2026,5:44:47 PM,23.453125,23.03125,25.63,,25.105,96.791,15.68
1774658687639,3/27/2026,5:44:47 PM,23.453125,23.03125,25.63,,25.105,96.791,15.68
1774658687990,3/27/2026,5:44:47 PM,23.4921875,22.9921875,25.63,,25.105,96.791,15.68
1774658688110,3/27/2026,5:44:48 PM,23.4921875,22.9921875,25.63,,25.105,96.791,15.68
1774658688185,3/27/2026,5:44:48 PM,23.4921875,22.9921875,25.63,,25.105,96.791,15.68
1774658688379,3/27/2026,5:44:48 PM,23.515625,22.9921875,25.63,,25.085,96.791,15.705
1774658688427,3/27/2026,5:44:48 PM,23.515625,22.9921875,25.63,,25.085,96.791,15.705
1774658688479,3/27/2026,5:44:48 PM,23.515625,22.9921875,25.63,,25.085,96.791,15.705
1774658688530,3/27/2026,5:44:48 PM,23.515625,22.9921875,25.63,,25.085,96.791,15.705
1774658688777,3/27/2026,5:44:48 PM,23.515625,22.9375,25.63,,25.085,96.791,15.705
1774658688935,3/27/2026,5:44:48 PM,23.515625,22.9375,25.62,,25.145,96.791,15.666
1774658688986,3/27/2026,5:44:48 PM,23.515625,22.9375,25.62,,25.145,96.791,15.666
1774658689035,3/27/2026,5:44:49 PM,23.515625,22.9375,25.62,,25.145,96.791,15.666
1774658689122,3/27/2026,5:44:49 PM,23.4921875,22.9375,25.62,,25.145,96.791,15.666
1774658689229,3/27/2026,5:44:49 PM,23.4921875,22.9375,25.62,,25.145,96.791,15.666
1774658689499,3/27/2026,5:44:49 PM,23.4921875,22.9375,25.62,,25.145,96.791,15.666
1774658689629,3/27/2026,5:44:49 PM,23.4921875,22.9375,25.62,,25.145,96.791,15.666
1774658689995,3/27/2026,5:44:49 PM,23.453125,23.03125,25.62,,25.13,96.791,15.7
1774658690121,3/27/2026,5:44:50 PM,23.453125,23.03125,25.62,,25.13,96.791,15.7
1774658690184,3/27/2026,5:44:50 PM,23.453125,23.03125,25.62,,25.13,96.791,15.7
1774658690378,3/27/2026,5:44:50 PM,23.453125,23.03125,25.62,,25.1,96.791,15.68
1774658690429,3/27/2026,5:44:50 PM,23.453125,23.03125,25.62,,25.1,96.791,15.68
1774658690480,3/27/2026,5:44:50 PM,23.453125,23.03125,25.62,,25.1,96.791,15.68
1774658690531,3/27/2026,5:44:50 PM,23.4921875,23.03125,25.62,,25.1,96.791,15.68
1774658690769,3/27/2026,5:44:50 PM,23.4921875,22.9921875,25.62,,25.1,96.791,15.68
1774658690869,3/27/2026,5:44:50 PM,23.4921875,22.9921875,25.62,,25.1,96.791,15.68
1774658690922,3/27/2026,5:44:50 PM,23.4921875,22.9921875,25.62,,25.1,96.791,15.68
1774658690971,3/27/2026,5:44:50 PM,23.4921875,22.9921875,25.62,,25.1,96.791,15.68
1774658691162,3/27/2026,5:44:51 PM,23.4921875,22.9921875,25.62,,25.065,96.791,15.661
1774658691226,3/27/2026,5:44:51 PM,23.4921875,22.9921875,25.62,,25.065,96.791,15.661
1774658691499,3/27/2026,5:44:51 PM,23.4765625,22.96875,25.62,,25.065,96.791,15.661
1774658691629,3/27/2026,5:44:51 PM,23.4765625,22.96875,25.62,,25.065,96.791,15.661
1774658691981,3/27/2026,5:44:51 PM,23.4296875,22.96875,25.62,,25.075,96.791,15.68
1774658692123,3/27/2026,5:44:52 PM,23.4296875,22.96875,25.62,,25.075,96.791,15.68
1774658692185,3/27/2026,5:44:52 PM,23.4296875,23.03125,25.62,,25.075,96.791,15.68
1774658692381,3/27/2026,5:44:52 PM,23.4296875,23.03125,25.62,,25.075,96.791,15.68
1774658692432,3/27/2026,5:44:52 PM,23.4296875,23.03125,25.62,,25.075,96.791,15.68
1774658692482,3/27/2026,5:44:52 PM,23.4296875,23.03125,25.62,,25.075,96.791,15.68
1774658692535,3/27/2026,5:44:52 PM,23.4296875,23.03125,25.62,,25.075,96.792,15.651
1774658692764,3/27/2026,5:44:52 PM,23.4921875,23.03125,25.62,,25.075,96.792,15.651
1774658692863,3/27/2026,5:44:52 PM,23.4921875,23.015625,25.62,,25.075,96.792,15.651
1774658692914,3/27/2026,5:44:52 PM,23.4921875,23.015625,25.62,,25.075,96.792,15.651
1774658692964,3/27/2026,5:44:52 PM,23.4921875,23.015625,25.62,,25.075,96.792,15.651
1774658693115,3/27/2026,5:44:53 PM,23.4921875,23.015625,25.62,,25.075,96.792,15.651
1774658693240,3/27/2026,5:44:53 PM,23.4921875,23.015625,25.62,,25.055,96.791,15.665
1774658693501,3/27/2026,5:44:53 PM,23.5,23.015625,25.62,,25.055,96.791,15.665
1774658693631,3/27/2026,5:44:53 PM,23.5,23.046875,25.62,,25.055,96.791,15.665
1774658693991,3/27/2026,5:44:53 PM,23.5,23.046875,25.62,,25.1,96.79,15.685
1774658694118,3/27/2026,5:44:54 PM,23.5,23.046875,25.62,,25.1,96.79,15.685
1774658694184,3/27/2026,5:44:54 PM,23.515625,23.046875,25.62,,25.1,96.79,15.685
1774658694375,3/27/2026,5:44:54 PM,23.515625,22.921875,25.62,,25.1,96.79,15.685
1774658694420,3/27/2026,5:44:54 PM,23.515625,22.921875,25.62,,25.1,96.79,15.685
1774658694478,3/27/2026,5:44:54 PM,23.515625,22.921875,25.62,,25.1,96.79,15.685
1774658694524,3/27/2026,5:44:54 PM,23.515625,22.921875,25.62,,25.1,96.79,15.685
1774658694763,3/27/2026,5:44:54 PM,23.515625,22.921875,25.62,,25.075,96.79,15.656
1774658694854,3/27/2026,5:44:54 PM,23.4375,22.921875,25.62,,25.075,96.79,15.656
1774658694910,3/27/2026,5:44:54 PM,23.4375,22.921875,25.62,,25.075,96.79,15.656
1774658694958,3/27/2026,5:44:54 PM,23.4375,22.921875,25.62,,25.075,96.79,15.656
1774658695116,3/27/2026,5:44:55 PM,23.4375,23.015625,25.62,,25.075,96.79,15.656
1774658695218,3/27/2026,5:44:55 PM,23.4375,23.015625,25.62,,25.075,96.79,15.656
1774658695503,3/27/2026,5:44:55 PM,23.4375,23.015625,25.62,,25.105,96.79,15.666
1774658695625,3/27/2026,5:44:55 PM,23.4375,23.015625,25.62,,25.105,96.79,15.666
1774658695979,3/27/2026,5:44:55 PM,23.4375,22.90625,25.62,,25.105,96.79,15.666
1774658696099,3/27/2026,5:44:56 PM,23.4375,22.90625,25.62,,25.105,96.79,15.666
1774658696180,3/27/2026,5:44:56 PM,23.4375,22.90625,25.62,,25.175,96.79,15.646
1774658696386,3/27/2026,5:44:56 PM,23.4921875,22.90625,25.62,,25.175,96.79,15.646
1774658696436,3/27/2026,5:44:56 PM,23.4921875,22.90625,25.62,,25.175,96.79,15.646
1774658696488,3/27/2026,5:44:56 PM,23.4921875,22.8828125,25.62,,25.175,96.79,15.646
1774658696538,3/27/2026,5:44:56 PM,23.4921875,22.8828125,25.62,,25.175,96.79,15.646
1774658696759,3/27/2026,5:44:56 PM,23.4921875,22.8828125,25.62,,25.175,96.79,15.646
1774658696853,3/27/2026,5:44:56 PM,23.4921875,22.8828125,25.62,,25.12,96.79,15.67
1774658696903,3/27/2026,5:44:56 PM,23.4921875,22.8828125,25.62,,25.12,96.79,15.67
1774658696954,3/27/2026,5:44:56 PM,23.4921875,22.8828125,25.62,,25.12,96.79,15.67
1774658697107,3/27/2026,5:44:57 PM,23.4765625,22.8828125,25.62,,25.12,96.79,15.67
1774658697228,3/27/2026,5:44:57 PM,23.4765625,22.9921875,25.62,,25.12,96.79,15.67
1774658697489,3/27/2026,5:44:57 PM,23.4765625,22.9921875,25.62,,25.12,96.79,15.67
1774658697631,3/27/2026,5:44:57 PM,23.4765625,22.9921875,25.62,,25.125,96.79,15.685
1774658697978,3/27/2026,5:44:57 PM,23.4375,22.9921875,25.62,,25.125,96.79,15.685
1774658698111,3/27/2026,5:44:58 PM,23.4375,22.9921875,25.62,,25.125,96.79,15.685
1774658698174,3/27/2026,5:44:58 PM,23.4375,22.9921875,25.62,,25.125,96.79,15.685
1774658698369,3/27/2026,5:44:58 PM,23.4375,22.9921875,25.62,,25.145,96.79,15.636
1774658698419,3/27/2026,5:44:58 PM,23.4375,22.9921875,25.62,,25.145,96.79,15.636
1774658698471,3/27/2026,5:44:58 PM,23.4921875,22.9921875,25.62,,25.145,96.79,15.636
1774658698575,3/27/2026,5:44:58 PM,23.4921875,22.9921875,25.62,,25.145,96.79,15.636
1774658698771,3/27/2026,5:44:58 PM,23.4921875,22.9921875,25.62,,25.145,96.79,15.636
1774658698851,3/27/2026,5:44:58 PM,23.4921875,22.9921875,25.62,,25.145,96.79,15.636
1774658698901,3/27/2026,5:44:58 PM,23.4921875,22.9921875,25.62,,25.145,96.79,15.636
1774658698952,3/27/2026,5:44:58 PM,23.4921875,22.9921875,25.62,,25.145,96.79,15.636
1774658699114,3/27/2026,5:44:59 PM,23.4921875,22.9921875,25.62,,25.14,96.79,15.651
1774658699251,3/27/2026,5:44:59 PM,23.40625,22.9921875,25.62,,25.14,96.79,15.651
1774658699480,3/27/2026,5:44:59 PM,23.40625,22.9921875,25.62,,25.14,96.79,15.651
1774658699633,3/27/2026,5:44:59 PM,23.40625,22.9921875,25.62,,25.14,96.79,15.651
1774658699972,3/27/2026,5:44:59 PM,23.4921875,22.9921875,25.62,,25.18,96.789,15.626
1774658700098,3/27/2026,5:45:00 PM,23.4921875,23.09375,25.62,,25.18,96.789,15.626
1774658700171,3/27/2026,5:45:00 PM,23.4921875,23.09375,25.62,,25.18,96.789,15.626
1774658700363,3/27/2026,5:45:00 PM,23.4921875,23.09375,25.62,,25.18,96.789,15.626
1774658700414,3/27/2026,5:45:00 PM,23.4921875,23.09375,25.62,,25.18,96.79,15.651
1774658700478,3/27/2026,5:45:00 PM,23.4921875,23.09375,25.62,,25.055,96.79,15.651
1774658700515,3/27/2026,5:45:00 PM,23.4921875,23.09375,25.62,,25.055,96.79,15.651
1774658700754,3/27/2026,5:45:00 PM,23.4765625,23.0703125,25.62,,25.055,96.79,15.651
1774658700856,3/27/2026,5:45:00 PM,23.4765625,23.0703125,25.62,,25.055,96.79,15.651
1774658700902,3/27/2026,5:45:00 PM,23.4765625,23.0703125,25.62,,25.055,96.79,15.651
1774658700953,3/27/2026,5:45:00 PM,23.4765625,23.0703125,25.62,,25.055,96.79,15.651
1774658701102,3/27/2026,5:45:01 PM,23.4765625,23.0703125,25.62,,25.055,96.79,15.651
1774658701211,3/27/2026,5:45:01 PM,23.4765625,23.0703125,25.62,,25.165,96.79,15.626
1774658701504,3/27/2026,5:45:01 PM,23.4765625,23.03125,25.62,,25.165,96.79,15.626
1774658701626,3/27/2026,5:45:01 PM,23.4765625,23.03125,25.62,,25.165,96.79,15.626
1774658702244,3/27/2026,5:45:02 PM,23.5,23.046875,25.62,,25.14,96.79,15.626
1774658702293,3/27/2026,5:45:02 PM,23.5,23.046875,25.62,,25.14,96.79,15.626
1774658702338,3/27/2026,5:45:02 PM,23.5,23.046875,25.62,,25.14,96.79,15.626
1774658702468,3/27/2026,5:45:02 PM,23.5,23.046875,25.62,,25.14,96.79,15.626
1774658702497,3/27/2026,5:45:02 PM,23.5,23.046875,25.62,,25.14,96.79,15.626
1774658702538,3/27/2026,5:45:02 PM,23.5,23.046875,25.62,,25.14,96.79,15.626
1774658702611,3/27/2026,5:45:02 PM,23.5,23.046875,25.62,,25.14,96.79,15.621
1774658702777,3/27/2026,5:45:02 PM,23.4921875,23.046875,25.62,,25.14,96.79,15.621
1774658702861,3/27/2026,5:45:02 PM,23.4921875,23.046875,25.62,,25.14,96.79,15.621
1774658702911,3/27/2026,5:45:02 PM,23.4921875,23.0546875,25.62,,25.14,96.79,15.621
1774658702979,3/27/2026,5:45:02 PM,23.4921875,23.0546875,25.62,,25.14,96.79,15.621
1774658703100,3/27/2026,5:45:03 PM,23.4921875,23.0546875,25.62,,25.14,96.79,15.621
1774658703215,3/27/2026,5:45:03 PM,23.4921875,23.0546875,25.62,,25.14,96.79,15.621
1774658703484,3/27/2026,5:45:03 PM,23.46875,23.0546875,25.62,,25.125,96.791,15.616
1774658703621,3/27/2026,5:45:03 PM,23.46875,23.0546875,25.62,,25.125,96.791,15.616
1774658703967,3/27/2026,5:45:03 PM,23.46875,23.1015625,25.62,,25.125,96.791,15.616
1774658704090,3/27/2026,5:45:04 PM,23.46875,23.1015625,25.62,,25.065,96.791,15.607
1774658704164,3/27/2026,5:45:04 PM,23.46875,23.1015625,25.62,,25.065,96.791,15.607
1774658704360,3/27/2026,5:45:04 PM,23.4375,23.125,25.62,,25.065,96.791,15.607
1774658704412,3/27/2026,5:45:04 PM,23.4375,23.125,25.62,,25.065,96.791,15.607
1774658704462,3/27/2026,5:45:04 PM,23.4375,23.125,25.62,,25.065,96.791,15.607
1774658704513,3/27/2026,5:45:04 PM,23.4375,23.125,25.62,,25.065,96.791,15.607
1774658704752,3/27/2026,5:45:04 PM,23.4375,23.125,25.62,,25.15,96.791,15.626
1774658704879,3/27/2026,5:45:04 PM,23.4375,23.125,25.62,,25.15,96.791,15.626
1774658704928,3/27/2026,5:45:04 PM,23.4921875,23.125,25.62,,25.15,96.791,15.626
1774658704980,3/27/2026,5:45:04 PM,23.4921875,23.125,25.62,,25.15,96.791,15.626
1774658705099,3/27/2026,5:45:05 PM,23.4921875,23.046875,25.62,,25.15,96.791,15.626
1774658705209,3/27/2026,5:45:05 PM,23.4921875,23.046875,25.62,,25.15,96.791,15.626
1774658705476,3/27/2026,5:45:05 PM,23.4921875,23.046875,25.63,,25.115,96.791,15.612
1774658705660,3/27/2026,5:45:05 PM,23.5234375,23.046875,25.63,,25.115,96.791,15.612
1774658705970,3/27/2026,5:45:05 PM,23.5234375,22.9921875,25.63,,25.115,96.791,15.612
1774658706095,3/27/2026,5:45:06 PM,23.5234375,22.9921875,25.63,,25.115,96.791,15.612
1774658706211,3/27/2026,5:45:06 PM,23.5234375,22.9921875,25.62,,25.13,96.791,15.631
1774658706370,3/27/2026,5:45:06 PM,23.5234375,22.9921875,25.62,,25.13,96.791,15.631
1774658706412,3/27/2026,5:45:06 PM,23.5234375,22.9921875,25.62,,25.13,96.791,15.631
1774658706463,3/27/2026,5:45:06 PM,23.5234375,22.9921875,25.62,,25.13,96.791,15.631
1774658706514,3/27/2026,5:45:06 PM,23.5234375,22.9921875,25.62,,25.13,96.791,15.631
1774658706770,3/27/2026,5:45:06 PM,23.5234375,22.9921875,25.62,,25.13,96.791,15.631
1774658706844,3/27/2026,5:45:06 PM,23.5234375,22.9921875,25.62,,25.13,96.791,15.631
1774658706895,3/27/2026,5:45:06 PM,23.5234375,22.9921875,25.62,,25.06,96.791,15.607
1774658706949,3/27/2026,5:45:06 PM,23.5234375,22.9921875,25.62,,25.06,96.791,15.607
1774658707102,3/27/2026,5:45:07 PM,23.3828125,22.9921875,25.62,,25.06,96.791,15.607
1774658707250,3/27/2026,5:45:07 PM,23.3828125,23.015625,25.62,,25.06,96.791,15.607
1774658707506,3/27/2026,5:45:07 PM,23.3828125,23.015625,25.62,,25.06,96.791,15.607
1774658707617,3/27/2026,5:45:07 PM,23.3828125,23.015625,25.62,,25.16,96.791,15.611
1774658707965,3/27/2026,5:45:07 PM,23.4921875,23.078125,25.62,,25.16,96.791,15.611
1774658708104,3/27/2026,5:45:08 PM,23.4921875,23.078125,25.62,,25.16,96.791,15.611
1774658708164,3/27/2026,5:45:08 PM,23.4921875,23.078125,25.62,,25.16,96.791,15.611
1774658708373,3/27/2026,5:45:08 PM,23.4921875,23.078125,25.62,,25.08,96.791,15.616
1774658708421,3/27/2026,5:45:08 PM,23.4921875,23.078125,25.62,,25.08,96.791,15.616
1774658708472,3/27/2026,5:45:08 PM,23.4921875,23.078125,25.62,,25.08,96.791,15.616
1774658708523,3/27/2026,5:45:08 PM,23.5,23.078125,25.62,,25.08,96.791,15.616
1774658708754,3/27/2026,5:45:08 PM,23.5,23.046875,25.62,,25.08,96.791,15.616
1774658708840,3/27/2026,5:45:08 PM,23.5,23.046875,25.62,,25.08,96.791,15.616
1774658708915,3/27/2026,5:45:08 PM,23.5,23.046875,25.62,,25.08,96.791,15.616
1774658708968,3/27/2026,5:45:08 PM,23.5,23.046875,25.62,,25.08,96.791,15.616
1774658709192,3/27/2026,5:45:09 PM,23.5,23.046875,25.62,,25.185,96.79,15.592
1774658709234,3/27/2026,5:45:09 PM,23.4921875,23.046875,25.62,,25.185,96.79,15.592
1774658709494,3/27/2026,5:45:09 PM,23.4921875,23.03125,25.62,,25.185,96.79,15.592
1774658709624,3/27/2026,5:45:09 PM,23.4921875,23.03125,25.62,,25.185,96.79,15.592
1774658709970,3/27/2026,5:45:09 PM,23.5234375,23.03125,25.62,,25.14,96.79,15.616
1774658710096,3/27/2026,5:45:10 PM,23.5234375,23.09375,25.62,,25.14,96.79,15.616
1774658710162,3/27/2026,5:45:10 PM,23.5234375,23.09375,25.62,,25.14,96.79,15.616
1774658710357,3/27/2026,5:45:10 PM,23.5234375,23.09375,25.62,,25.14,96.79,15.616
1774658710419,3/27/2026,5:45:10 PM,23.5234375,23.09375,25.62,,25.14,96.79,15.616
1774658710460,3/27/2026,5:45:10 PM,23.5234375,23.09375,25.62,,25.14,96.79,15.616
1774658710510,3/27/2026,5:45:10 PM,23.5234375,23.09375,25.62,,25.12,96.79,15.621
1774658710750,3/27/2026,5:45:10 PM,23.46875,23.09375,25.62,,25.12,96.79,15.621
1774658710842,3/27/2026,5:45:10 PM,23.46875,22.984375,25.62,,25.12,96.79,15.621
1774658710894,3/27/2026,5:45:10 PM,23.46875,22.984375,25.62,,25.12,96.79,15.621
1774658710950,3/27/2026,5:45:10 PM,23.46875,22.984375,25.62,,25.12,96.79,15.621
1774658711100,3/27/2026,5:45:11 PM,23.46875,22.984375,25.62,,25.12,96.79,15.621
1774658711210,3/27/2026,5:45:11 PM,23.46875,22.984375,25.62,,25.105,96.79,15.597
1774658711539,3/27/2026,5:45:11 PM,23.5390625,22.984375,25.62,,25.105,96.79,15.597
1774658711632,3/27/2026,5:45:11 PM,23.5390625,22.9453125,25.62,,25.105,96.79,15.597
1774658711969,3/27/2026,5:45:11 PM,23.5390625,22.9453125,25.62,,25.12,96.79,15.592
1774658712101,3/27/2026,5:45:12 PM,23.390625,22.9453125,25.62,,25.12,96.79,15.592
1774658712163,3/27/2026,5:45:12 PM,23.390625,22.9453125,25.62,,25.12,96.79,15.592
1774658712364,3/27/2026,5:45:12 PM,23.390625,23.03125,25.62,,25.12,96.79,15.592
1774658712416,3/27/2026,5:45:12 PM,23.390625,23.03125,25.62,,25.12,96.79,15.592
1774658712467,3/27/2026,5:45:12 PM,23.390625,23.03125,25.62,,25.12,96.79,15.592
1774658712518,3/27/2026,5:45:12 PM,23.390625,23.03125,25.62,,25.12,96.79,15.592
1774658712752,3/27/2026,5:45:12 PM,23.390625,23.03125,25.62,,25.12,96.79,15.597
1774658712848,3/27/2026,5:45:12 PM,23.40625,23.03125,25.62,,25.12,96.79,15.597
1774658712900,3/27/2026,5:45:12 PM,23.40625,23.03125,25.62,,25.12,96.79,15.597
1774658712951,3/27/2026,5:45:12 PM,23.40625,23.03125,25.62,,25.12,96.79,15.597
1774658713099,3/27/2026,5:45:13 PM,23.40625,23.1171875,25.62,,25.12,96.79,15.597
1774658713213,3/27/2026,5:45:13 PM,23.40625,23.1171875,25.62,,25.12,96.79,15.597
1774658713557,3/27/2026,5:45:13 PM,23.4921875,23.1171875,25.62,,25.1,96.791,15.602
1774658713629,3/27/2026,5:45:13 PM,23.4921875,23.1171875,25.62,,25.1,96.791,15.602
1774658713963,3/27/2026,5:45:13 PM,23.4921875,23.03125,25.62,,25.1,96.791,15.602
1774658714091,3/27/2026,5:45:14 PM,23.4921875,23.03125,25.62,,25.11,96.791,15.611
1774658714164,3/27/2026,5:45:14 PM,23.4921875,23.03125,25.62,,25.11,96.791,15.611
1774658714354,3/27/2026,5:45:14 PM,23.4296875,23.03125,25.62,,25.11,96.791,15.611
1774658714405,3/27/2026,5:45:14 PM,23.4296875,23.1015625,25.62,,25.11,96.791,15.611
1774658714509,3/27/2026,5:45:14 PM,23.4296875,23.1015625,25.62,,25.11,96.791,15.611
1774658714559,3/27/2026,5:45:14 PM,23.4296875,23.1015625,25.62,,25.11,96.791,15.611
1774658714751,3/27/2026,5:45:14 PM,23.4296875,23.1015625,25.62,,25.11,96.791,15.611
1774658714839,3/27/2026,5:45:14 PM,23.4296875,23.1015625,25.62,,25.14,96.792,15.621
1774658714890,3/27/2026,5:45:14 PM,23.4296875,23.1015625,25.62,,25.14,96.792,15.621
1774658714941,3/27/2026,5:45:14 PM,23.4296875,23.1015625,25.62,,25.14,96.792,15.621
1774658715098,3/27/2026,5:45:15 PM,23.4921875,23.1015625,25.62,,25.14,96.792,15.621
1774658715257,3/27/2026,5:45:15 PM,23.4921875,23.0546875,25.62,,25.14,96.792,15.621
1774658715494,3/27/2026,5:45:15 PM,23.4921875,23.0546875,25.62,,25.14,96.792,15.621
1774658715620,3/27/2026,5:45:15 PM,23.4921875,23.0546875,25.61,,25.14,96.791,15.582
1774658715964,3/27/2026,5:45:15 PM,23.40625,23.015625,25.61,,25.14,96.791,15.582
1774658716094,3/27/2026,5:45:16 PM,23.40625,23.015625,25.61,,25.14,96.791,15.582
1774658716159,3/27/2026,5:45:16 PM,23.40625,23.015625,25.61,,25.14,96.791,15.582
1774658716358,3/27/2026,5:45:16 PM,23.40625,23.015625,25.61,,25.085,96.79,15.591
1774658716408,3/27/2026,5:45:16 PM,23.46875,23.015625,25.61,,25.085,96.79,15.591
1774658716462,3/27/2026,5:45:16 PM,23.46875,23.015625,25.61,,25.085,96.79,15.591
1774658716512,3/27/2026,5:45:16 PM,23.46875,23.015625,25.61,,25.085,96.79,15.591
1774658716749,3/27/2026,5:45:16 PM,23.46875,23.1015625,25.61,,25.085,96.79,15.591
1774658716837,3/27/2026,5:45:16 PM,23.46875,23.1015625,25.61,,25.085,96.79,15.591
1774658716888,3/27/2026,5:45:16 PM,23.46875,23.1015625,25.61,,25.085,96.79,15.591
1774658716940,3/27/2026,5:45:16 PM,23.46875,23.1015625,25.61,,25.085,96.79,15.591
1774658717121,3/27/2026,5:45:17 PM,23.46875,23.1015625,25.61,,25.105,96.79,15.567
1774658717211,3/27/2026,5:45:17 PM,23.40625,23.1015625,25.61,,25.105,96.79,15.567
1774658717493,3/27/2026,5:45:17 PM,23.40625,23.0546875,25.61,,25.105,96.79,15.567
1774658717613,3/27/2026,5:45:17 PM,23.40625,23.0546875,25.61,,25.105,96.79,15.567
1774658717971,3/27/2026,5:45:17 PM,23.4375,23.0546875,25.6,,25.145,96.79,15.571
1774658718102,3/27/2026,5:45:18 PM,23.4375,23.1171875,25.6,,25.145,96.79,15.571
1774658718180,3/27/2026,5:45:18 PM,23.4375,23.1171875,25.6,,25.145,96.79,15.571
1774658718354,3/27/2026,5:45:18 PM,23.4375,23.1171875,25.6,,25.145,96.79,15.571
1774658718403,3/27/2026,5:45:18 PM,23.4375,23.1171875,25.6,,25.12,96.79,15.591
1774658718458,3/27/2026,5:45:18 PM,23.4375,23.1171875,25.6,,25.12,96.79,15.591
1774658718505,3/27/2026,5:45:18 PM,23.4375,23.1171875,25.6,,25.12,96.79,15.591
1774658718770,3/27/2026,5:45:18 PM,23.4140625,23.1171875,25.6,,25.12,96.79,15.591
1774658718842,3/27/2026,5:45:18 PM,23.4140625,23.1171875,25.6,,25.12,96.79,15.591
1774658718893,3/27/2026,5:45:18 PM,23.4140625,23.1171875,25.6,,25.12,96.79,15.591
1774658718945,3/27/2026,5:45:18 PM,23.4140625,23.1171875,25.6,,25.12,96.79,15.591
1774658719097,3/27/2026,5:45:19 PM,23.4140625,23.1171875,25.6,,25.12,96.79,15.591
1774658719204,3/27/2026,5:45:19 PM,23.4140625,23.1171875,25.6,,25.175,96.791,15.566
1774658719491,3/27/2026,5:45:19 PM,23.4921875,23.1640625,25.6,,25.175,96.791,15.566
1774658719621,3/27/2026,5:45:19 PM,23.4921875,23.1640625,25.6,,25.175,96.791,15.566
1774658719965,3/27/2026,5:45:19 PM,23.4921875,23.1640625,25.6,,25.1,96.79,15.581
1774658720091,3/27/2026,5:45:20 PM,23.4140625,23.1640625,25.6,,25.1,96.79,15.581
1774658720159,3/27/2026,5:45:20 PM,23.4140625,23.1015625,25.6,,25.1,96.79,15.581
1774658720351,3/27/2026,5:45:20 PM,23.4140625,23.1015625,25.6,,25.1,96.79,15.581
1774658720415,3/27/2026,5:45:20 PM,23.4140625,23.1015625,25.6,,25.1,96.79,15.581
1774658720454,3/27/2026,5:45:20 PM,23.4140625,23.1015625,25.6,,25.1,96.79,15.581
1774658720504,3/27/2026,5:45:20 PM,23.4140625,23.1015625,25.6,,25.1,96.79,15.581
1774658720745,3/27/2026,5:45:20 PM,23.5,23.1015625,25.6,,25.13,96.791,15.586
1774658720868,3/27/2026,5:45:20 PM,23.5,23.1015625,25.6,,25.13,96.791,15.586
1774658720919,3/27/2026,5:45:20 PM,23.5,23.0703125,25.6,,25.13,96.791,15.586
1774658720971,3/27/2026,5:45:20 PM,23.5,23.0703125,25.6,,25.13,96.791,15.586
1774658721097,3/27/2026,5:45:21 PM,23.5,23.0703125,25.6,,25.13,96.791,15.586
1774658721203,3/27/2026,5:45:21 PM,23.5,23.0703125,25.6,,25.13,96.791,15.586
1774658721490,3/27/2026,5:45:21 PM,23.453125,23.0703125,25.6,,25.075,96.79,15.527
1774658721610,3/27/2026,5:45:21 PM,23.453125,23.1171875,25.6,,25.075,96.79,15.527
1774658721962,3/27/2026,5:45:21 PM,23.453125,23.1171875,25.6,,25.075,96.79,15.527
1774658722088,3/27/2026,5:45:22 PM,23.453125,23.1171875,25.6,,25.08,96.791,15.552
1774658722155,3/27/2026,5:45:22 PM,23.46875,23.1171875,25.6,,25.08,96.791,15.552
1774658722353,3/27/2026,5:45:22 PM,23.46875,23.078125,25.6,,25.08,96.791,15.552
1774658722407,3/27/2026,5:45:22 PM,23.46875,23.078125,25.6,,25.08,96.791,15.552
1774658722455,3/27/2026,5:45:22 PM,23.46875,23.078125,25.6,,25.08,96.791,15.552
1774658722507,3/27/2026,5:45:22 PM,23.46875,23.078125,25.6,,25.08,96.791,15.552
1774658722748,3/27/2026,5:45:22 PM,23.46875,23.078125,25.61,,25.06,96.792,15.542
1774658722840,3/27/2026,5:45:22 PM,23.46875,23.078125,25.61,,25.06,96.792,15.542
1774658722892,3/27/2026,5:45:22 PM,23.453125,23.078125,25.61,,25.06,96.792,15.542
1774658722943,3/27/2026,5:45:22 PM,23.453125,23.078125,25.61,,25.06,96.792,15.542
1774658723096,3/27/2026,5:45:23 PM,23.453125,23.1171875,25.61,,25.06,96.792,15.542
1774658723202,3/27/2026,5:45:23 PM,23.453125,23.1171875,25.61,,25.06,96.792,15.542
1774658723496,3/27/2026,5:45:23 PM,23.453125,23.1171875,25.61,,25.135,96.791,15.567
1774658723603,3/27/2026,5:45:23 PM,23.4296875,23.1171875,25.61,,25.135,96.791,15.567
1774658723962,3/27/2026,5:45:23 PM,23.4296875,23.125,25.61,,25.135,96.791,15.567
1774658724096,3/27/2026,5:45:24 PM,23.4296875,23.125,25.61,,25.135,96.791,15.567
1774658724158,3/27/2026,5:45:24 PM,23.4296875,23.125,25.61,,25.12,96.791,15.557
1774658724351,3/27/2026,5:45:24 PM,23.40625,23.125,25.61,,25.12,96.791,15.557
1774658724402,3/27/2026,5:45:24 PM,23.40625,23.125,25.61,,25.12,96.791,15.557
1774658724453,3/27/2026,5:45:24 PM,23.40625,23.125,25.61,,25.12,96.791,15.557
1774658724504,3/27/2026,5:45:24 PM,23.40625,23.125,25.61,,25.12,96.791,15.557
1774658724745,3/27/2026,5:45:24 PM,23.40625,23.125,25.61,,25.12,96.791,15.557
1774658724843,3/27/2026,5:45:24 PM,23.40625,23.125,25.61,,25.12,96.791,15.557
1774658724929,3/27/2026,5:45:24 PM,23.40625,23.125,25.61,,25.16,96.79,15.528
1774658724984,3/27/2026,5:45:24 PM,23.40625,23.125,25.61,,25.16,96.79,15.528
1774658725096,3/27/2026,5:45:25 PM,23.453125,23.125,25.61,,25.16,96.79,15.528
1774658725203,3/27/2026,5:45:25 PM,23.453125,23.1171875,25.61,,25.16,96.79,15.528
1774658725491,3/27/2026,5:45:25 PM,23.453125,23.1171875,25.61,,25.16,96.79,15.528
1774658725609,3/27/2026,5:45:25 PM,23.453125,23.1171875,25.61,,25.105,96.79,15.547
1774658725967,3/27/2026,5:45:25 PM,23.5390625,23.0703125,25.61,,25.105,96.79,15.547
1774658726094,3/27/2026,5:45:26 PM,23.5390625,23.0703125,25.61,,25.105,96.79,15.547
1774658726247,3/27/2026,5:45:26 PM,23.5390625,23.0703125,25.61,,25.105,96.79,15.547
1774658726354,3/27/2026,5:45:26 PM,23.5390625,23.0703125,25.61,,25.07,96.79,15.542
1774658726406,3/27/2026,5:45:26 PM,23.5390625,23.0703125,25.61,,25.07,96.79,15.542
1774658726456,3/27/2026,5:45:26 PM,23.40625,23.0703125,25.61,,25.07,96.79,15.542
1774658726508,3/27/2026,5:45:26 PM,23.40625,23.0703125,25.61,,25.07,96.79,15.542
1774658726743,3/27/2026,5:45:26 PM,23.40625,23.03125,25.61,,25.07,96.79,15.542
1774658726841,3/27/2026,5:45:26 PM,23.40625,23.03125,25.61,,25.07,96.79,15.542
1774658726891,3/27/2026,5:45:26 PM,23.40625,23.03125,25.61,,25.07,96.79,15.542
1774658726941,3/27/2026,5:45:26 PM,23.40625,23.03125,25.61,,25.07,96.79,15.542
1774658727100,3/27/2026,5:45:27 PM,23.40625,23.03125,25.61,,25.105,96.79,15.542
1774658727208,3/27/2026,5:45:27 PM,23.4921875,23.03125,25.61,,25.105,96.79,15.542
1774658727532,3/27/2026,5:45:27 PM,23.4921875,23.09375,25.61,,25.105,96.79,15.542
1774658727616,3/27/2026,5:45:27 PM,23.4921875,23.09375,25.61,,25.105,96.79,15.542
1774658727966,3/27/2026,5:45:27 PM,23.40625,23.09375,25.61,,25.12,96.791,15.542
1774658728090,3/27/2026,5:45:28 PM,23.40625,23.125,25.61,,25.12,96.791,15.542
1774658728155,3/27/2026,5:45:28 PM,23.40625,23.125,25.61,,25.12,96.791,15.542
1774658728362,3/27/2026,5:45:28 PM,23.40625,23.125,25.61,,25.12,96.791,15.542
1774658728414,3/27/2026,5:45:28 PM,23.40625,23.125,25.61,,25.12,96.791,15.542
1774658728466,3/27/2026,5:45:28 PM,23.40625,23.125,25.61,,25.135,96.791,15.532
1774658728515,3/27/2026,5:45:28 PM,23.40625,23.125,25.61,,25.135,96.791,15.532
1774658728747,3/27/2026,5:45:28 PM,23.40625,23.125,25.61,,25.135,96.791,15.532
1774658728833,3/27/2026,5:45:28 PM,23.40625,23.1171875,25.61,,25.135,96.791,15.532
1774658728888,3/27/2026,5:45:28 PM,23.40625,23.1171875,25.61,,25.135,96.791,15.532
1774658728938,3/27/2026,5:45:28 PM,23.40625,23.1171875,25.61,,25.135,96.791,15.532
1774658729091,3/27/2026,5:45:29 PM,23.40625,23.1171875,25.61,,25.135,96.791,15.532
1774658729200,3/27/2026,5:45:29 PM,23.40625,23.1171875,25.61,,25.11,96.79,15.557
1774658729488,3/27/2026,5:45:29 PM,23.5234375,23.1171875,25.61,,25.11,96.79,15.557
1774658729607,3/27/2026,5:45:29 PM,23.5234375,22.9921875,25.61,,25.11,96.79,15.557
1774658729962,3/27/2026,5:45:29 PM,23.5234375,22.9921875,25.61,,25.095,96.789,15.532
1774658730090,3/27/2026,5:45:30 PM,23.46875,22.9921875,25.61,,25.095,96.789,15.532
1774658730159,3/27/2026,5:45:30 PM,23.46875,22.9921875,25.61,,25.095,96.789,15.532
1774658730351,3/27/2026,5:45:30 PM,23.46875,23.0078125,25.61,,25.095,96.789,15.532
1774658730404,3/27/2026,5:45:30 PM,23.46875,23.0078125,25.61,,25.095,96.789,15.532
1774658730507,3/27/2026,5:45:30 PM,23.46875,23.0078125,25.61,,25.095,96.789,15.532
1774658730559,3/27/2026,5:45:30 PM,23.46875,23.0078125,25.61,,25.095,96.789,15.532
1774658730744,3/27/2026,5:45:30 PM,23.46875,23.0078125,25.61,,25.07,96.79,15.572
1774658730839,3/27/2026,5:45:30 PM,23.453125,23.0078125,25.61,,25.07,96.79,15.572
1774658730892,3/27/2026,5:45:30 PM,23.453125,23.0078125,25.61,,25.07,96.79,15.572
1774658730942,3/27/2026,5:45:30 PM,23.453125,23.15625,25.61,,25.07,96.79,15.572
1774658731095,3/27/2026,5:45:31 PM,23.453125,23.15625,25.61,,25.07,96.79,15.572
1774658731207,3/27/2026,5:45:31 PM,23.453125,23.15625,25.61,,25.07,96.79,15.572
1774658731495,3/27/2026,5:45:31 PM,23.453125,23.15625,25.61,,25.12,96.79,15.567
1774658731620,3/27/2026,5:45:31 PM,23.4765625,23.15625,25.61,,25.12,96.79,15.567
1774658731968,3/27/2026,5:45:31 PM,23.4765625,23.1171875,25.61,,25.12,96.79,15.567
1774658732092,3/27/2026,5:45:32 PM,23.4765625,23.1171875,25.61,,25.09,96.789,15.542
1774658732158,3/27/2026,5:45:32 PM,23.4765625,23.1171875,25.61,,25.09,96.789,15.542
1774658732350,3/27/2026,5:45:32 PM,23.546875,23.1171875,25.61,,25.09,96.789,15.542
1774658732400,3/27/2026,5:45:32 PM,23.546875,23.1015625,25.61,,25.09,96.789,15.542
1774658732453,3/27/2026,5:45:32 PM,23.546875,23.1015625,25.61,,25.09,96.789,15.542
1774658732504,3/27/2026,5:45:32 PM,23.546875,23.1015625,25.61,,25.09,96.789,15.542
1774658732745,3/27/2026,5:45:32 PM,23.546875,23.1015625,25.61,,25.09,96.789,15.542
1774658732833,3/27/2026,5:45:32 PM,23.546875,23.1015625,25.62,,25.12,96.789,15.557
1774658732886,3/27/2026,5:45:32 PM,23.546875,23.1015625,25.62,,25.12,96.789,15.557
1774658732935,3/27/2026,5:45:32 PM,23.46875,23.1015625,25.62,,25.12,96.789,15.557
1774658733089,3/27/2026,5:45:33 PM,23.46875,23.1875,25.62,,25.12,96.789,15.557
1774658733209,3/27/2026,5:45:33 PM,23.46875,23.1875,25.62,,25.12,96.789,15.557
1774658733490,3/27/2026,5:45:33 PM,23.46875,23.1875,25.62,,25.125,96.789,15.562
1774658733607,3/27/2026,5:45:33 PM,23.46875,23.1875,25.62,,25.125,96.789,15.562
1774658733963,3/27/2026,5:45:33 PM,23.453125,23.15625,25.62,,25.125,96.789,15.562
1774658734088,3/27/2026,5:45:34 PM,23.453125,23.15625,25.62,,25.125,96.789,15.562
1774658734162,3/27/2026,5:45:34 PM,23.453125,23.15625,25.62,,25.125,96.789,15.562
1774658734347,3/27/2026,5:45:34 PM,23.453125,23.15625,25.61,,25.17,96.79,15.533
1774658734398,3/27/2026,5:45:34 PM,23.4296875,23.15625,25.61,,25.17,96.79,15.533
1774658734451,3/27/2026,5:45:34 PM,23.4296875,23.15625,25.61,,25.17,96.79,15.533
1774658734503,3/27/2026,5:45:34 PM,23.4296875,23.15625,25.61,,25.17,96.79,15.533
1774658734761,3/27/2026,5:45:34 PM,23.4296875,23.15625,25.61,,25.17,96.79,15.533
1774658734833,3/27/2026,5:45:34 PM,23.4296875,23.15625,25.61,,25.17,96.79,15.533
1774658734885,3/27/2026,5:45:34 PM,23.4296875,23.15625,25.61,,25.17,96.79,15.533
1774658734942,3/27/2026,5:45:34 PM,23.4296875,23.15625,25.62,,25.095,96.79,15.528
1774658735094,3/27/2026,5:45:35 PM,23.40625,23.15625,25.62,,25.095,96.79,15.528
1774658735219,3/27/2026,5:45:35 PM,23.40625,23.15625,25.62,,25.095,96.79,15.528
1774658735497,3/27/2026,5:45:35 PM,23.40625,23.125,25.62,,25.095,96.79,15.528
1774658735628,3/27/2026,5:45:35 PM,23.40625,23.125,25.62,,25.095,96.79,15.528
1774658735958,3/27/2026,5:45:35 PM,23.4765625,23.125,25.62,,25.14,96.79,15.533
1774658736094,3/27/2026,5:45:36 PM,23.4765625,23.1171875,25.62,,25.14,96.79,15.533
1774658736154,3/27/2026,5:45:36 PM,23.4765625,23.1171875,25.62,,25.14,96.79,15.533
1774658736351,3/27/2026,5:45:36 PM,23.4765625,23.1171875,25.62,,25.095,96.791,15.548
1774658736405,3/27/2026,5:45:36 PM,23.4765625,23.1171875,25.62,,25.095,96.791,15.548
1774658736456,3/27/2026,5:45:36 PM,23.4765625,23.1171875,25.62,,25.095,96.791,15.548
1774658736507,3/27/2026,5:45:36 PM,23.4765625,23.1171875,25.62,,25.095,96.791,15.548
1774658736743,3/27/2026,5:45:36 PM,23.4921875,23.09375,25.62,,25.095,96.791,15.548
1774658736864,3/27/2026,5:45:36 PM,23.4921875,23.09375,25.62,,25.095,96.791,15.548
1774658736914,3/27/2026,5:45:36 PM,23.4921875,23.09375,25.62,,25.095,96.791,15.548
1774658736983,3/27/2026,5:45:36 PM,23.4921875,23.09375,25.62,,25.095,96.791,15.548
1774658737102,3/27/2026,5:45:37 PM,23.4921875,23.09375,25.62,,25.115,96.791,15.538
1774658737214,3/27/2026,5:45:37 PM,23.4921875,23.09375,25.62,,25.115,96.791,15.538
1774658737491,3/27/2026,5:45:37 PM,23.4765625,23.1875,25.62,,25.115,96.791,15.538
1774658737605,3/27/2026,5:45:37 PM,23.4765625,23.1875,25.62,,25.115,96.791,15.538
1774658737961,3/27/2026,5:45:37 PM,23.4296875,23.1875,25.62,,25.115,96.791,15.518
1774658738099,3/27/2026,5:45:38 PM,23.4296875,23.1875,25.62,,25.115,96.791,15.518
1774658738157,3/27/2026,5:45:38 PM,23.4296875,23.1171875,25.62,,25.115,96.791,15.518
1774658738349,3/27/2026,5:45:38 PM,23.4296875,23.1171875,25.62,,25.115,96.791,15.518
1774658738403,3/27/2026,5:45:38 PM,23.4296875,23.1171875,25.62,,25.115,96.791,15.518
1774658738452,3/27/2026,5:45:38 PM,23.4296875,23.1171875,25.62,,25.115,96.791,15.518
1774658738503,3/27/2026,5:45:38 PM,23.4296875,23.1171875,25.62,,25.115,96.791,15.518
1774658738742,3/27/2026,5:45:38 PM,23.46875,23.1171875,25.61,,25.085,96.79,15.513
1774658738837,3/27/2026,5:45:38 PM,23.46875,23.1171875,25.61,,25.085,96.79,15.513
1774658738887,3/27/2026,5:45:38 PM,23.46875,23.1796875,25.61,,25.085,96.79,15.513
1774658738940,3/27/2026,5:45:38 PM,23.46875,23.1796875,25.61,,25.085,96.79,15.513
1774658739140,3/27/2026,5:45:39 PM,23.46875,23.1796875,25.61,,25.085,96.79,15.513
1774658739206,3/27/2026,5:45:39 PM,23.46875,23.1796875,25.61,,25.085,96.79,15.513
1774658739493,3/27/2026,5:45:39 PM,23.40625,23.1796875,25.61,,25.075,96.791,15.542
1774658739610,3/27/2026,5:45:39 PM,23.40625,23.09375,25.61,,25.075,96.791,15.542
1774658739957,3/27/2026,5:45:39 PM,23.40625,23.09375,25.61,,25.12,96.791,15.518
1774658740091,3/27/2026,5:45:40 PM,23.40625,23.09375,25.61,,25.12,96.791,15.518
1774658740163,3/27/2026,5:45:40 PM,23.515625,23.09375,25.61,,25.12,96.791,15.518
1774658740361,3/27/2026,5:45:40 PM,23.515625,23.125,25.61,,25.12,96.791,15.518
1774658740401,3/27/2026,5:45:40 PM,23.515625,23.125,25.61,,25.12,96.791,15.518
1774658740451,3/27/2026,5:45:40 PM,23.515625,23.125,25.61,,25.12,96.791,15.518
1774658740512,3/27/2026,5:45:40 PM,23.515625,23.125,25.61,,25.12,96.791,15.518
1774658740743,3/27/2026,5:45:40 PM,23.515625,23.125,25.61,,25.135,96.791,15.518
1774658740839,3/27/2026,5:45:40 PM,23.46875,23.125,25.61,,25.135,96.791,15.518
1774658740890,3/27/2026,5:45:40 PM,23.46875,23.125,25.61,,25.135,96.791,15.518
1774658740944,3/27/2026,5:45:40 PM,23.46875,23.125,25.61,,25.135,96.791,15.518
1774658741157,3/27/2026,5:45:41 PM,23.46875,23.09375,25.61,,25.135,96.791,15.518
1774658741205,3/27/2026,5:45:41 PM,23.46875,23.09375,25.61,,25.135,96.791,15.518
1774658741468,3/27/2026,5:45:41 PM,23.46875,23.09375,25.61,,25.105,96.791,15.537
1774658741604,3/27/2026,5:45:41 PM,23.4921875,23.09375,25.61,,25.105,96.791,15.537
1774658741963,3/27/2026,5:45:41 PM,23.4921875,23.15625,25.61,,25.105,96.791,15.537
1774658742085,3/27/2026,5:45:42 PM,23.4921875,23.15625,25.61,,25.105,96.791,15.537
1774658742194,3/27/2026,5:45:42 PM,23.4921875,23.15625,25.61,,25.12,96.79,15.557
1774658742348,3/27/2026,5:45:42 PM,23.359375,23.15625,25.61,,25.12,96.79,15.557
1774658742405,3/27/2026,5:45:42 PM,23.359375,23.15625,25.61,,25.12,96.79,15.557
1774658742451,3/27/2026,5:45:42 PM,23.359375,23.0546875,25.61,,25.12,96.79,15.557
1774658742504,3/27/2026,5:45:42 PM,23.359375,23.0546875,25.61,,25.12,96.79,15.557
1774658742741,3/27/2026,5:45:42 PM,23.359375,23.0546875,25.61,,25.12,96.79,15.557
1774658742834,3/27/2026,5:45:42 PM,23.359375,23.0546875,25.61,,25.075,96.79,15.518
1774658742886,3/27/2026,5:45:42 PM,23.359375,23.0546875,25.61,,25.075,96.79,15.518
1774658742934,3/27/2026,5:45:42 PM,23.359375,23.0546875,25.61,,25.075,96.79,15.518
1774658743094,3/27/2026,5:45:43 PM,23.5390625,23.0546875,25.61,,25.075,96.79,15.518
1774658743244,3/27/2026,5:45:43 PM,23.5390625,23.0703125,25.61,,25.075,96.79,15.518
1774658743470,3/27/2026,5:45:43 PM,23.5390625,23.0703125,25.61,,25.075,96.79,15.518
1774658743608,3/27/2026,5:45:43 PM,23.5390625,23.0703125,25.61,,25.14,96.79,15.518
1774658743962,3/27/2026,5:45:43 PM,23.4921875,23.1171875,25.61,,25.14,96.79,15.518
1774658744082,3/27/2026,5:45:44 PM,23.4921875,23.1171875,25.61,,25.14,96.79,15.518
1774658744161,3/27/2026,5:45:44 PM,23.4921875,23.1171875,25.61,,25.14,96.79,15.518
1774658744353,3/27/2026,5:45:44 PM,23.4921875,23.1171875,25.61,,25.08,96.791,15.508
1774658744399,3/27/2026,5:45:44 PM,23.4921875,23.1171875,25.61,,25.08,96.791,15.508
1774658744451,3/27/2026,5:45:44 PM,23.40625,23.1171875,25.61,,25.08,96.791,15.508
1774658744507,3/27/2026,5:45:44 PM,23.40625,23.1171875,25.61,,25.08,96.791,15.508
1774658744759,3/27/2026,5:45:44 PM,23.40625,23.09375,25.61,,25.08,96.791,15.508
1774658744835,3/27/2026,5:45:44 PM,23.40625,23.09375,25.61,,25.08,96.791,15.508
1774658744886,3/27/2026,5:45:44 PM,23.40625,23.09375,25.61,,25.08,96.791,15.508
1774658744940,3/27/2026,5:45:44 PM,23.40625,23.09375,25.61,,25.08,96.791,15.508
1774658745089,3/27/2026,5:45:45 PM,23.40625,23.09375,25.61,,25.07,96.791,15.484
1774658745213,3/27/2026,5:45:45 PM,23.5390625,23.09375,25.61,,25.07,96.791,15.484
1774658745471,3/27/2026,5:45:45 PM,23.5390625,23.0546875,25.61,,25.07,96.791,15.484
1774658745603,3/27/2026,5:45:45 PM,23.5390625,23.0546875,25.61,,25.07,96.791,15.484
1774658745961,3/27/2026,5:45:45 PM,23.4296875,23.0546875,25.61,,25.12,96.791,15.547
1774658746085,3/27/2026,5:45:46 PM,23.4296875,23.140625,25.61,,25.12,96.791,15.547
1774658746154,3/27/2026,5:45:46 PM,23.4296875,23.140625,25.61,,25.12,96.791,15.547
1774658746399,3/27/2026,5:45:46 PM,23.4296875,23.140625,25.61,,25.12,96.791,15.547
1774658746448,3/27/2026,5:45:46 PM,23.4296875,23.140625,25.61,,25.125,96.791,15.542
1774658746503,3/27/2026,5:45:46 PM,23.4296875,23.140625,25.61,,25.125,96.791,15.542
1774658746575,3/27/2026,5:45:46 PM,23.4296875,23.140625,25.61,,25.125,96.791,15.542
1774658746758,3/27/2026,5:45:46 PM,23.4375,23.0546875,25.61,,25.125,96.791,15.542
1774658746847,3/27/2026,5:45:46 PM,23.4375,23.0546875,25.61,,25.125,96.791,15.542
1774658746899,3/27/2026,5:45:46 PM,23.4375,23.0546875,25.61,,25.125,96.791,15.542
1774658746950,3/27/2026,5:45:46 PM,23.4375,23.0546875,25.61,,25.125,96.791,15.542
1774658747096,3/27/2026,5:45:47 PM,23.4375,23.0546875,25.61,,25.125,96.791,15.542
1774658747212,3/27/2026,5:45:47 PM,23.4375,23.0546875,25.61,,25.06,96.791,15.528
1774658747471,3/27/2026,5:45:47 PM,23.5234375,23.1171875,25.61,,25.06,96.791,15.528
1774658747605,3/27/2026,5:45:47 PM,23.5234375,23.1171875,25.61,,25.06,96.791,15.528
1774658747970,3/27/2026,5:45:47 PM,23.5234375,23.1171875,25.61,,25.13,96.792,15.528
1774658748089,3/27/2026,5:45:48 PM,23.390625,23.1171875,25.61,,25.13,96.792,15.528
1774658748162,3/27/2026,5:45:48 PM,23.390625,23.1171875,25.61,,25.13,96.792,15.528
1774658748352,3/27/2026,5:45:48 PM,23.390625,23.046875,25.61,,25.13,96.792,15.528
1774658748412,3/27/2026,5:45:48 PM,23.390625,23.046875,25.61,,25.13,96.792,15.528
1774658748463,3/27/2026,5:45:48 PM,23.390625,23.046875,25.61,,25.13,96.792,15.528
1774658748523,3/27/2026,5:45:48 PM,23.390625,23.046875,25.61,,25.13,96.792,15.528
1774658748741,3/27/2026,5:45:48 PM,23.390625,23.046875,25.61,,25.12,96.791,15.513
1774658748833,3/27/2026,5:45:48 PM,23.4765625,23.046875,25.61,,25.12,96.791,15.513
1774658748886,3/27/2026,5:45:48 PM,23.4765625,23.046875,25.61,,25.12,96.791,15.513
1774658748939,3/27/2026,5:45:48 PM,23.4765625,23.03125,25.61,,25.12,96.791,15.513
1774658749093,3/27/2026,5:45:49 PM,23.4765625,23.03125,25.61,,25.12,96.791,15.513
1774658749220,3/27/2026,5:45:49 PM,23.4765625,23.03125,25.61,,25.12,96.791,15.513
1774658749470,3/27/2026,5:45:49 PM,23.5625,23.03125,25.61,,25.195,96.791,15.547
1774658749605,3/27/2026,5:45:49 PM,23.5625,23.03125,25.61,,25.195,96.791,15.547
1774658749960,3/27/2026,5:45:49 PM,23.5625,22.9921875,25.61,,25.195,96.791,15.547
1774658750084,3/27/2026,5:45:50 PM,23.5625,22.9921875,25.61,,25.105,96.79,15.508
1774658750158,3/27/2026,5:45:50 PM,23.5625,22.9921875,25.61,,25.105,96.79,15.508
1774658750349,3/27/2026,5:45:50 PM,23.4375,23.0078125,25.61,,25.105,96.79,15.508
1774658750399,3/27/2026,5:45:50 PM,23.4375,23.0078125,25.61,,25.105,96.79,15.508
1774658750452,3/27/2026,5:45:50 PM,23.4375,23.0078125,25.61,,25.105,96.79,15.508
1774658750503,3/27/2026,5:45:50 PM,23.4375,23.0078125,25.61,,25.105,96.79,15.508
1774658750762,3/27/2026,5:45:50 PM,23.4375,23.0078125,25.61,,25.13,96.791,15.493
1774658750835,3/27/2026,5:45:50 PM,23.4375,23.0078125,25.61,,25.13,96.791,15.493
1774658750886,3/27/2026,5:45:50 PM,23.4375,23.0078125,25.61,,25.13,96.791,15.493
1774658750938,3/27/2026,5:45:50 PM,23.5625,23.0078125,25.61,,25.13,96.791,15.493
1774658751093,3/27/2026,5:45:51 PM,23.5625,22.9609375,25.61,,25.13,96.791,15.493
1774658751223,3/27/2026,5:45:51 PM,23.5625,22.9609375,25.61,,25.13,96.791,15.493
1774658751475,3/27/2026,5:45:51 PM,23.5625,22.9609375,25.61,,25.14,96.791,15.493
1774658751613,3/27/2026,5:45:51 PM,23.5625,22.9609375,25.61,,25.14,96.791,15.493
1774658751958,3/27/2026,5:45:51 PM,23.515625,22.8984375,25.61,,25.14,96.791,15.493
1774658752078,3/27/2026,5:45:52 PM,23.515625,22.8984375,25.61,,25.14,96.791,15.493
1774658752161,3/27/2026,5:45:52 PM,23.515625,22.8984375,25.61,,25.14,96.791,15.493
1774658752352,3/27/2026,5:45:52 PM,23.4140625,22.8984375,25.61,,25.085,96.791,15.542
1774658752404,3/27/2026,5:45:52 PM,23.4140625,22.8984375,25.61,,25.085,96.791,15.542
1774658752455,3/27/2026,5:45:52 PM,23.4140625,22.8984375,25.61,,25.085,96.791,15.542
1774658752506,3/27/2026,5:45:52 PM,23.4140625,22.921875,25.61,,25.085,96.791,15.542
1774658752744,3/27/2026,5:45:52 PM,23.4140625,22.921875,25.61,,25.085,96.791,15.542
1774658752861,3/27/2026,5:45:52 PM,23.4140625,22.921875,25.61,,25.085,96.791,15.542
1774658752911,3/27/2026,5:45:52 PM,23.4140625,22.921875,25.61,,25.1,96.791,15.493
1774658752967,3/27/2026,5:45:52 PM,23.4140625,22.921875,25.61,,25.1,96.791,15.493
1774658753092,3/27/2026,5:45:53 PM,23.4375,22.921875,25.61,,25.1,96.791,15.493
1774658753220,3/27/2026,5:45:53 PM,23.4375,22.921875,25.61,,25.1,96.791,15.493
1774658753477,3/27/2026,5:45:53 PM,23.4375,22.9375,25.61,,25.1,96.791,15.493
1774658753602,3/27/2026,5:45:53 PM,23.4375,22.9375,25.61,,25.1,96.791,15.493
1774658753960,3/27/2026,5:45:53 PM,23.4375,22.9921875,25.61,,25.14,96.791,15.523
1774658754084,3/27/2026,5:45:54 PM,23.4375,22.9921875,25.61,,25.14,96.791,15.523
1774658754155,3/27/2026,5:45:54 PM,23.4375,22.9921875,25.61,,25.14,96.791,15.523
1774658754352,3/27/2026,5:45:54 PM,23.4375,22.9921875,25.61,,25.115,96.791,15.518
1774658754400,3/27/2026,5:45:54 PM,23.4375,22.9921875,25.61,,25.115,96.791,15.518
1774658754464,3/27/2026,5:45:54 PM,23.4375,22.9921875,25.61,,25.115,96.791,15.518
1774658754503,3/27/2026,5:45:54 PM,23.46875,22.9921875,25.61,,25.115,96.791,15.518
1774658754747,3/27/2026,5:45:54 PM,23.46875,22.9375,25.61,,25.115,96.791,15.518
1774658754843,3/27/2026,5:45:54 PM,23.46875,22.9375,25.61,,25.115,96.791,15.518
1774658754895,3/27/2026,5:45:54 PM,23.46875,22.9375,25.61,,25.115,96.791,15.518
1774658754944,3/27/2026,5:45:54 PM,23.46875,22.9375,25.61,,25.115,96.791,15.518
1774658755094,3/27/2026,5:45:55 PM,23.46875,22.9375,25.61,,25.13,96.791,15.533
1774658755215,3/27/2026,5:45:55 PM,23.46875,22.9375,25.61,,25.13,96.791,15.533
1774658755473,3/27/2026,5:45:55 PM,23.40625,22.984375,25.61,,25.13,96.791,15.533
1774658755603,3/27/2026,5:45:55 PM,23.40625,22.984375,25.61,,25.13,96.791,15.533
1774658755963,3/27/2026,5:45:55 PM,23.3828125,22.984375,25.61,,25.14,96.791,15.523
1774658756107,3/27/2026,5:45:56 PM,23.3828125,22.9609375,25.61,,25.14,96.791,15.523
1774658756156,3/27/2026,5:45:56 PM,23.3828125,22.9609375,25.61,,25.14,96.791,15.523
1774658756352,3/27/2026,5:45:56 PM,23.3828125,22.9609375,25.61,,25.14,96.791,15.523
1774658756401,3/27/2026,5:45:56 PM,23.3828125,22.9609375,25.61,,25.14,96.791,15.523
1774658756452,3/27/2026,5:45:56 PM,23.3828125,22.9609375,25.61,,25.14,96.791,15.523
1774658756503,3/27/2026,5:45:56 PM,23.3828125,22.9609375,25.62,,25.1,96.791,15.508
1774658756752,3/27/2026,5:45:56 PM,23.4921875,22.9609375,25.62,,25.1,96.791,15.508
1774658756842,3/27/2026,5:45:56 PM,23.4921875,22.921875,25.62,,25.1,96.791,15.508
1774658756894,3/27/2026,5:45:56 PM,23.4921875,22.921875,25.62,,25.1,96.791,15.508
1774658756944,3/27/2026,5:45:56 PM,23.4921875,22.921875,25.62,,25.1,96.791,15.508
1774658757093,3/27/2026,5:45:57 PM,23.4921875,22.921875,25.62,,25.1,96.791,15.508
1774658757225,3/27/2026,5:45:57 PM,23.4921875,22.921875,25.62,,25.09,96.791,15.503
1774658757468,3/27/2026,5:45:57 PM,23.4765625,22.921875,25.62,,25.09,96.791,15.503
1774658757601,3/27/2026,5:45:57 PM,23.4765625,22.8984375,25.62,,25.09,96.791,15.503
1774658757962,3/27/2026,5:45:57 PM,23.4765625,22.8984375,25.62,,25.16,96.791,15.503
1774658758269,3/27/2026,5:45:58 PM,23.5390625,22.8984375,25.62,,25.16,96.791,15.503
1774658758294,3/27/2026,5:45:58 PM,23.5390625,22.8984375,25.62,,25.16,96.791,15.503
1774658758357,3/27/2026,5:45:58 PM,23.5390625,22.921875,25.62,,25.16,96.791,15.503
1774658758407,3/27/2026,5:45:58 PM,23.5390625,22.921875,25.62,,25.16,96.791,15.503
1774658758464,3/27/2026,5:45:58 PM,23.5390625,22.921875,25.62,,25.16,96.791,15.503
1774658758513,3/27/2026,5:45:58 PM,23.5390625,22.921875,25.62,,25.16,96.791,15.503
1774658758741,3/27/2026,5:45:58 PM,23.5390625,22.921875,25.62,,25.145,96.791,15.508
1774658758840,3/27/2026,5:45:58 PM,23.5625,22.921875,25.62,,25.145,96.791,15.508
1774658758890,3/27/2026,5:45:58 PM,23.5625,22.921875,25.62,,25.145,96.791,15.508
1774658758938,3/27/2026,5:45:58 PM,23.5625,22.921875,25.62,,25.145,96.791,15.508
1774658759091,3/27/2026,5:45:59 PM,23.5625,22.859375,25.62,,25.145,96.791,15.508
1774658759216,3/27/2026,5:45:59 PM,23.5625,22.859375,25.62,,25.145,96.791,15.508
1774658759473,3/27/2026,5:45:59 PM,23.5625,22.859375,25.62,,25.14,96.791,15.547
1774658759608,3/27/2026,5:45:59 PM,23.4921875,22.859375,25.62,,25.14,96.791,15.547
1774658759968,3/27/2026,5:45:59 PM,23.4921875,22.859375,25.62,,25.14,96.791,15.547
1774658760094,3/27/2026,5:46:00 PM,23.4921875,22.859375,25.62,,25.1,96.792,15.493
1774658760157,3/27/2026,5:46:00 PM,23.4921875,22.859375,25.62,,25.1,96.792,15.493
1774658760354,3/27/2026,5:46:00 PM,23.4296875,22.859375,25.62,,25.1,96.792,15.493
1774658760411,3/27/2026,5:46:00 PM,23.4296875,22.859375,25.62,,25.1,96.792,15.493
1774658760526,3/27/2026,5:46:00 PM,23.4296875,22.9453125,25.62,,25.1,96.792,15.493
1774658760577,3/27/2026,5:46:00 PM,23.4296875,22.9453125,25.62,,25.1,96.792,15.493
1774658760753,3/27/2026,5:46:00 PM,23.4296875,22.9453125,25.62,,25.1,96.792,15.493
1774658760846,3/27/2026,5:46:00 PM,23.4296875,22.9453125,25.62,,25.11,96.79,15.513
1774658760899,3/27/2026,5:46:00 PM,23.4296875,22.9453125,25.62,,25.11,96.79,15.513
1774658760950,3/27/2026,5:46:00 PM,23.4296875,22.9453125,25.62,,25.11,96.79,15.513
1774658761108,3/27/2026,5:46:01 PM,23.40625,22.9453125,25.62,,25.11,96.79,15.513
1774658761202,3/27/2026,5:46:01 PM,23.40625,22.9453125,25.62,,25.11,96.79,15.513
1774658761526,3/27/2026,5:46:01 PM,23.40625,22.9453125,25.62,,25.11,96.79,15.513
1774658761608,3/27/2026,5:46:01 PM,23.40625,22.9453125,25.62,,25.105,96.79,15.508
1774658761965,3/27/2026,5:46:01 PM,23.4765625,22.90625,25.62,,25.105,96.79,15.508
1774658762084,3/27/2026,5:46:02 PM,23.4765625,22.90625,25.62,,25.105,96.79,15.508
1774658762154,3/27/2026,5:46:02 PM,23.4765625,22.90625,25.62,,25.105,96.79,15.508
1774658762353,3/27/2026,5:46:02 PM,23.4765625,22.90625,25.62,,25.215,96.791,15.523
1774658762404,3/27/2026,5:46:02 PM,23.515625,22.90625,25.62,,25.215,96.791,15.523
1774658762454,3/27/2026,5:46:02 PM,23.515625,22.90625,25.62,,25.215,96.791,15.523
1774658762506,3/27/2026,5:46:02 PM,23.515625,22.90625,25.62,,25.215,96.791,15.523
1774658762757,3/27/2026,5:46:02 PM,23.515625,23.03125,25.62,,25.215,96.791,15.523
1774658762837,3/27/2026,5:46:02 PM,23.515625,23.03125,25.62,,25.215,96.791,15.523
1774658762886,3/27/2026,5:46:02 PM,23.515625,23.03125,25.62,,25.215,96.791,15.523
1774658762939,3/27/2026,5:46:02 PM,23.515625,23.03125,25.62,,25.215,96.791,15.523
1774658763098,3/27/2026,5:46:03 PM,23.515625,23.03125,25.62,,25.105,96.79,15.533
1774658763222,3/27/2026,5:46:03 PM,23.5859375,23.03125,25.62,,25.105,96.79,15.533
1774658763520,3/27/2026,5:46:03 PM,23.5859375,23.015625,25.62,,25.105,96.79,15.533
1774658763618,3/27/2026,5:46:03 PM,23.5859375,23.015625,25.62,,25.105,96.79,15.533
1774658763965,3/27/2026,5:46:03 PM,23.4765625,23.015625,25.62,,25.115,96.791,15.503
1774658764087,3/27/2026,5:46:04 PM,23.4765625,23.0078125,25.62,,25.115,96.791,15.503
1774658764158,3/27/2026,5:46:04 PM,23.4765625,23.0078125,25.62,,25.115,96.791,15.503
1774658764353,3/27/2026,5:46:04 PM,23.4765625,23.0078125,25.62,,25.115,96.791,15.503
1774658764406,3/27/2026,5:46:04 PM,23.4765625,23.0078125,25.62,,25.165,96.79,15.508
1774658764455,3/27/2026,5:46:04 PM,23.4765625,23.0078125,25.62,,25.165,96.79,15.508
1774658764505,3/27/2026,5:46:04 PM,23.4765625,23.0078125,25.62,,25.165,96.79,15.508
1774658764771,3/27/2026,5:46:04 PM,23.546875,23.046875,25.62,,25.165,96.79,15.508
1774658764837,3/27/2026,5:46:04 PM,23.546875,23.046875,25.62,,25.165,96.79,15.508
1774658764898,3/27/2026,5:46:04 PM,23.546875,23.046875,25.62,,25.165,96.79,15.508
1774658764950,3/27/2026,5:46:04 PM,23.546875,23.046875,25.62,,25.165,96.79,15.508
1774658765099,3/27/2026,5:46:05 PM,23.546875,23.046875,25.62,,25.165,96.79,15.508
1774658765217,3/27/2026,5:46:05 PM,23.546875,23.046875,25.62,,25.12,96.791,15.533
1774658765524,3/27/2026,5:46:05 PM,23.4296875,23.09375,25.62,,25.12,96.791,15.533
1774658765625,3/27/2026,5:46:05 PM,23.4296875,23.09375,25.62,,25.12,96.791,15.533
1774658765970,3/27/2026,5:46:05 PM,23.4296875,23.09375,25.62,,25.14,96.79,15.533
1774658766085,3/27/2026,5:46:06 PM,23.4921875,23.09375,25.62,,25.14,96.79,15.533
1774658766153,3/27/2026,5:46:06 PM,23.4921875,23.09375,25.62,,25.14,96.79,15.533
1774658766357,3/27/2026,5:46:06 PM,23.4921875,23.0078125,25.62,,25.14,96.79,15.533
1774658766407,3/27/2026,5:46:06 PM,23.4921875,23.0078125,25.62,,25.14,96.79,15.533
1774658766458,3/27/2026,5:46:06 PM,23.4921875,23.0078125,25.62,,25.14,96.79,15.533
1774658766509,3/27/2026,5:46:06 PM,23.4921875,23.0078125,25.62,,25.14,96.79,15.533
1774658766750,3/27/2026,5:46:06 PM,23.4921875,23.0078125,25.61,,25.15,96.79,15.503
1774658766876,3/27/2026,5:46:06 PM,23.4921875,23.0078125,25.61,,25.15,96.79,15.503
1774658766924,3/27/2026,5:46:06 PM,23.4921875,23.03125,25.61,,25.15,96.79,15.503
1774658766978,3/27/2026,5:46:06 PM,23.4921875,23.03125,25.61,,25.15,96.79,15.503
1774658767091,3/27/2026,5:46:07 PM,23.4921875,23.03125,25.61,,25.15,96.79,15.503
1774658767203,3/27/2026,5:46:07 PM,23.4921875,23.03125,25.61,,25.15,96.79,15.503
1774658767472,3/27/2026,5:46:07 PM,23.453125,23.03125,25.61,,25.1,96.79,15.503
1774658767602,3/27/2026,5:46:07 PM,23.453125,23.0078125,25.61,,25.1,96.79,15.503
1774658767958,3/27/2026,5:46:07 PM,23.453125,23.0078125,25.61,,25.1,96.79,15.503
1774658768082,3/27/2026,5:46:08 PM,23.453125,23.0078125,25.61,,25.125,96.79,15.508
1774658768152,3/27/2026,5:46:08 PM,23.453125,23.0078125,25.61,,25.125,96.79,15.508
1774658768351,3/27/2026,5:46:08 PM,23.4921875,23.0703125,25.61,,25.125,96.79,15.508
1774658768402,3/27/2026,5:46:08 PM,23.4921875,23.0703125,25.61,,25.125,96.79,15.508
1774658768455,3/27/2026,5:46:08 PM,23.4921875,23.0703125,25.61,,25.125,96.79,15.508
1774658768507,3/27/2026,5:46:08 PM,23.4921875,23.0703125,25.61,,25.125,96.79,15.508
1774658768749,3/27/2026,5:46:08 PM,23.4921875,23.0703125,25.61,,25.085,96.79,15.508
1774658768839,3/27/2026,5:46:08 PM,23.4921875,23.0703125,25.61,,25.085,96.79,15.508
1774658768892,3/27/2026,5:46:08 PM,23.390625,23.0703125,25.61,,25.085,96.79,15.508
1774658768939,3/27/2026,5:46:08 PM,23.390625,23.0703125,25.61,,25.085,96.79,15.508
1774658769108,3/27/2026,5:46:09 PM,23.390625,22.9921875,25.61,,25.085,96.79,15.508
1774658769203,3/27/2026,5:46:09 PM,23.390625,22.9921875,25.61,,25.085,96.79,15.508
1774658769470,3/27/2026,5:46:09 PM,23.390625,22.9921875,25.61,,25.15,96.791,15.513
1774658769621,3/27/2026,5:46:09 PM,23.40625,22.9921875,25.61,,25.15,96.791,15.513
1774658769963,3/27/2026,5:46:09 PM,23.40625,23.015625,25.61,,25.15,96.791,15.513
1774658770097,3/27/2026,5:46:10 PM,23.40625,23.015625,25.61,,25.15,96.791,15.513
1774658770156,3/27/2026,5:46:10 PM,23.40625,23.015625,25.61,,25.14,96.791,15.528
1774658770350,3/27/2026,5:46:10 PM,23.4375,23.015625,25.61,,25.14,96.791,15.528
1774658770401,3/27/2026,5:46:10 PM,23.4375,23.015625,25.61,,25.14,96.791,15.528
1774658770452,3/27/2026,5:46:10 PM,23.4375,23.015625,25.61,,25.14,96.791,15.528
1774658770503,3/27/2026,5:46:10 PM,23.4375,23.015625,25.61,,25.14,96.791,15.528
1774658770745,3/27/2026,5:46:10 PM,23.4375,23.015625,25.61,,25.14,96.791,15.528
1774658770835,3/27/2026,5:46:10 PM,23.4375,23.015625,25.61,,25.14,96.791,15.528
1774658770888,3/27/2026,5:46:10 PM,23.4375,23.015625,25.61,,25.18,96.791,15.537
1774658770937,3/27/2026,5:46:10 PM,23.4375,23.015625,25.61,,25.18,96.791,15.537
1774658771096,3/27/2026,5:46:11 PM,23.5,23.015625,25.61,,25.18,96.791,15.537
1774658771210,3/27/2026,5:46:11 PM,23.5,23.09375,25.61,,25.18,96.791,15.537
1774658771472,3/27/2026,5:46:11 PM,23.5,23.09375,25.61,,25.18,96.791,15.537
1774658771607,3/27/2026,5:46:11 PM,23.5,23.09375,25.61,,25.075,96.791,15.547
1774658771968,3/27/2026,5:46:11 PM,23.4765625,23.0703125,25.61,,25.075,96.791,15.547
1774658772087,3/27/2026,5:46:12 PM,23.4765625,23.0703125,25.61,,25.075,96.791,15.547
1774658772157,3/27/2026,5:46:12 PM,23.4765625,23.0703125,25.61,,25.075,96.791,15.547
1774658772350,3/27/2026,5:46:12 PM,23.4765625,23.0703125,25.61,,25.125,96.792,15.513
1774658772400,3/27/2026,5:46:12 PM,23.4765625,23.0703125,25.61,,25.125,96.792,15.513
1774658772451,3/27/2026,5:46:12 PM,23.4765625,23.0703125,25.61,,25.125,96.792,15.513
1774658772500,3/27/2026,5:46:12 PM,23.4296875,23.0703125,25.61,,25.125,96.792,15.513
1774658772744,3/27/2026,5:46:12 PM,23.4296875,23.0078125,25.61,,25.125,96.792,15.513
1774658772872,3/27/2026,5:46:12 PM,23.4296875,23.0078125,25.61,,25.125,96.792,15.513
1774658772901,3/27/2026,5:46:12 PM,23.4296875,23.0078125,25.61,,25.125,96.792,15.513
1774658772942,3/27/2026,5:46:12 PM,23.4296875,23.0078125,25.61,,25.125,96.792,15.513
1774658773091,3/27/2026,5:46:13 PM,23.4296875,23.0078125,25.61,,25.085,96.792,15.562
1774658773212,3/27/2026,5:46:13 PM,23.5390625,23.0078125,25.61,,25.085,96.792,15.562
1774658773466,3/27/2026,5:46:13 PM,23.5390625,23.0703125,25.61,,25.085,96.792,15.562
1774658773609,3/27/2026,5:46:13 PM,23.5390625,23.0703125,25.61,,25.085,96.792,15.562
1774658773965,3/27/2026,5:46:13 PM,23.453125,23.0703125,25.61,,25.175,96.791,15.523
1774658774098,3/27/2026,5:46:14 PM,23.453125,23.015625,25.61,,25.175,96.791,15.523
1774658774156,3/27/2026,5:46:14 PM,23.453125,23.015625,25.61,,25.175,96.791,15.523
1774658774365,3/27/2026,5:46:14 PM,23.453125,23.015625,25.61,,25.175,96.791,15.523
1774658774417,3/27/2026,5:46:14 PM,23.453125,23.015625,25.61,,25.175,96.791,15.523
1774658774467,3/27/2026,5:46:14 PM,23.453125,23.015625,25.61,,25.2,96.791,15.518
1774658774519,3/27/2026,5:46:14 PM,23.453125,23.015625,25.61,,25.2,96.791,15.518
1774658774745,3/27/2026,5:46:14 PM,23.453125,23.015625,25.61,,25.2,96.791,15.518
1774658774835,3/27/2026,5:46:14 PM,23.453125,23.0546875,25.61,,25.2,96.791,15.518
1774658774886,3/27/2026,5:46:14 PM,23.453125,23.0546875,25.61,,25.2,96.791,15.518
1774658774938,3/27/2026,5:46:14 PM,23.453125,23.0546875,25.61,,25.2,96.791,15.518
1774658775090,3/27/2026,5:46:15 PM,23.453125,23.0546875,25.61,,25.2,96.791,15.518
1774658775207,3/27/2026,5:46:15 PM,23.453125,23.0546875,25.62,,25.12,96.79,15.533
1774658775471,3/27/2026,5:46:15 PM,23.4140625,23.0546875,25.62,,25.12,96.79,15.533
1774658775635,3/27/2026,5:46:15 PM,23.4140625,23.125,25.62,,25.12,96.79,15.533
1774658775955,3/27/2026,5:46:15 PM,23.4140625,23.125,25.62,,25.12,96.79,15.503
1774658776075,3/27/2026,5:46:16 PM,23.46875,23.125,25.62,,25.12,96.79,15.503
1774658776157,3/27/2026,5:46:16 PM,23.46875,23.125,25.62,,25.12,96.79,15.503
1774658776347,3/27/2026,5:46:16 PM,23.46875,23.15625,25.62,,25.12,96.79,15.503
1774658776400,3/27/2026,5:46:16 PM,23.46875,23.15625,25.62,,25.12,96.79,15.503
1774658776501,3/27/2026,5:46:16 PM,23.46875,23.15625,25.62,,25.12,96.79,15.503
1774658776551,3/27/2026,5:46:16 PM,23.46875,23.15625,25.62,,25.12,96.79,15.503
1774658776743,3/27/2026,5:46:16 PM,23.46875,23.15625,25.62,,25.105,96.79,15.547
1774658776835,3/27/2026,5:46:16 PM,23.5390625,23.15625,25.62,,25.105,96.79,15.547
1774658776888,3/27/2026,5:46:16 PM,23.5390625,23.15625,25.62,,25.105,96.79,15.547
1774658776938,3/27/2026,5:46:16 PM,23.5390625,23.15625,25.62,,25.105,96.79,15.547
1774658777091,3/27/2026,5:46:17 PM,23.5390625,23.0546875,25.62,,25.105,96.79,15.547
1774658777216,3/27/2026,5:46:17 PM,23.5390625,23.0546875,25.62,,25.105,96.79,15.547
1774658777552,3/27/2026,5:46:17 PM,23.46875,23.0546875,25.62,,25.15,96.79,15.528
1774658777605,3/27/2026,5:46:17 PM,23.46875,23.0546875,25.62,,25.15,96.79,15.528
1774658777956,3/27/2026,5:46:17 PM,23.46875,23.140625,25.62,,25.15,96.79,15.528
1774658778075,3/27/2026,5:46:18 PM,23.46875,23.140625,25.62,,25.065,96.789,15.513
1774658778155,3/27/2026,5:46:18 PM,23.46875,23.140625,25.62,,25.065,96.789,15.513
1774658778351,3/27/2026,5:46:18 PM,23.4296875,23.140625,25.62,,25.065,96.789,15.513
1774658778404,3/27/2026,5:46:18 PM,23.4296875,23.1015625,25.62,,25.065,96.789,15.513
1774658778458,3/27/2026,5:46:18 PM,23.4296875,23.1015625,25.62,,25.065,96.789,15.513
1774658778507,3/27/2026,5:46:18 PM,23.4296875,23.1015625,25.62,,25.065,96.789,15.513
1774658778744,3/27/2026,5:46:18 PM,23.4296875,23.1015625,25.62,,25.065,96.789,15.513
1774658778834,3/27/2026,5:46:18 PM,23.4296875,23.1015625,25.62,,25.11,96.79,15.572
1774658778885,3/27/2026,5:46:18 PM,23.4296875,23.1015625,25.62,,25.11,96.79,15.572
1774658778937,3/27/2026,5:46:18 PM,23.5390625,23.1015625,25.62,,25.11,96.79,15.572
1774658779090,3/27/2026,5:46:19 PM,23.5390625,23.1015625,25.62,,25.11,96.79,15.572
1774658779210,3/27/2026,5:46:19 PM,23.5390625,23.0703125,25.62,,25.11,96.79,15.572
1774658779466,3/27/2026,5:46:19 PM,23.5390625,23.0703125,25.62,,25.11,96.79,15.572
1774658779601,3/27/2026,5:46:19 PM,23.5390625,23.0703125,25.62,,25.12,96.791,15.518
1774658779962,3/27/2026,5:46:19 PM,23.4375,23.046875,25.62,,25.12,96.791,15.518
1774658780088,3/27/2026,5:46:20 PM,23.4375,23.046875,25.62,,25.12,96.791,15.518
1774658780154,3/27/2026,5:46:20 PM,23.4375,23.046875,25.62,,25.12,96.791,15.518
1774658780367,3/27/2026,5:46:20 PM,23.4375,23.046875,25.62,,25.19,96.79,15.523
1774658780418,3/27/2026,5:46:20 PM,23.4375,23.046875,25.62,,25.19,96.79,15.523
1774658780470,3/27/2026,5:46:20 PM,23.4375,23.046875,25.62,,25.19,96.79,15.523
1774658780521,3/27/2026,5:46:20 PM,23.4375,23.046875,25.62,,25.19,96.79,15.523
1774658780755,3/27/2026,5:46:20 PM,23.4375,23.015625,25.62,,25.19,96.79,15.523
1774658780837,3/27/2026,5:46:20 PM,23.4375,23.015625,25.62,,25.19,96.79,15.523
1774658780888,3/27/2026,5:46:20 PM,23.4375,23.015625,25.62,,25.19,96.79,15.523
1774658780940,3/27/2026,5:46:20 PM,23.4375,23.015625,25.61,,25.14,96.791,15.528
1774658781090,3/27/2026,5:46:21 PM,23.4375,23.015625,25.61,,25.14,96.791,15.528
1774658781207,3/27/2026,5:46:21 PM,23.359375,23.015625,25.61,,25.14,96.791,15.528
1774658781467,3/27/2026,5:46:21 PM,23.359375,23.0703125,25.61,,25.14,96.791,15.528
1774658781601,3/27/2026,5:46:21 PM,23.359375,23.0703125,25.61,,25.14,96.791,15.528
1774658781967,3/27/2026,5:46:21 PM,23.46875,23.0703125,25.61,,25.14,96.791,15.567
1774658782085,3/27/2026,5:46:22 PM,23.46875,23.09375,25.61,,25.14,96.791,15.567
1774658782160,3/27/2026,5:46:22 PM,23.46875,23.09375,25.61,,25.14,96.791,15.567
1774658782359,3/27/2026,5:46:22 PM,23.46875,23.09375,25.61,,25.14,96.791,15.567
1774658782402,3/27/2026,5:46:22 PM,23.46875,23.09375,25.61,,25.165,96.791,15.552
1774658782454,3/27/2026,5:46:22 PM,23.46875,23.09375,25.61,,25.165,96.791,15.552
1774658782505,3/27/2026,5:46:22 PM,23.46875,23.09375,25.61,,25.165,96.791,15.552
1774658782745,3/27/2026,5:46:22 PM,23.4765625,23.0546875,25.61,,25.165,96.791,15.552
1774658782858,3/27/2026,5:46:22 PM,23.4765625,23.0546875,25.61,,25.165,96.791,15.552
1774658782908,3/27/2026,5:46:22 PM,23.4765625,23.0546875,25.61,,25.165,96.791,15.552
1774658782960,3/27/2026,5:46:22 PM,23.4765625,23.0546875,25.61,,25.165,96.791,15.552
1774658783091,3/27/2026,5:46:23 PM,23.4765625,23.0546875,25.6,,25.165,96.792,15.552
1774658783207,3/27/2026,5:46:23 PM,23.4765625,23.0546875,25.6,,25.125,96.792,15.552
1774658783467,3/27/2026,5:46:23 PM,23.4296875,23.0703125,25.6,,25.125,96.792,15.552
1774658783601,3/27/2026,5:46:23 PM,23.4296875,23.0703125,25.6,,25.125,96.792,15.552
1774658783960,3/27/2026,5:46:23 PM,23.4296875,23.0703125,25.6,,25.195,96.792,15.591
1774658784076,3/27/2026,5:46:24 PM,23.4140625,23.0703125,25.6,,25.195,96.792,15.591
1774658784159,3/27/2026,5:46:24 PM,23.4140625,23.15625,25.6,,25.195,96.792,15.591
1774658784353,3/27/2026,5:46:24 PM,23.4140625,23.15625,25.6,,25.195,96.792,15.591
1774658784404,3/27/2026,5:46:24 PM,23.4140625,23.15625,25.6,,25.195,96.792,15.591
1774658784455,3/27/2026,5:46:24 PM,23.4140625,23.15625,25.6,,25.195,96.792,15.591
1774658784507,3/27/2026,5:46:24 PM,23.4140625,23.15625,25.6,,25.195,96.792,15.591
1774658784741,3/27/2026,5:46:24 PM,23.4375,23.15625,25.6,,25.08,96.791,15.606
1774658784856,3/27/2026,5:46:24 PM,23.4375,23.15625,25.6,,25.08,96.791,15.606
1774658784886,3/27/2026,5:46:24 PM,23.4375,23.078125,25.6,,25.08,96.791,15.606
1774658784936,3/27/2026,5:46:24 PM,23.4375,23.078125,25.6,,25.08,96.791,15.606
1774658785093,3/27/2026,5:46:25 PM,23.4375,23.078125,25.6,,25.08,96.791,15.606
1774658785217,3/27/2026,5:46:25 PM,23.4375,23.078125,25.6,,25.08,96.791,15.606
1774658785469,3/27/2026,5:46:25 PM,23.4921875,23.078125,25.6,,25.05,96.791,15.571
1774658785607,3/27/2026,5:46:25 PM,23.4921875,23.140625,25.6,,25.05,96.791,15.571
1774658785957,3/27/2026,5:46:25 PM,23.4921875,23.140625,25.6,,25.05,96.791,15.571
1774658786090,3/27/2026,5:46:26 PM,23.4921875,23.140625,25.6,,25.195,96.791,15.561
1774658786151,3/27/2026,5:46:26 PM,23.4140625,23.140625,25.6,,25.195,96.791,15.561
1774658786347,3/27/2026,5:46:26 PM,23.4140625,23.0546875,25.6,,25.195,96.791,15.561
1774658786399,3/27/2026,5:46:26 PM,23.4140625,23.0546875,25.6,,25.195,96.791,15.561
1774658786453,3/27/2026,5:46:26 PM,23.4140625,23.0546875,25.6,,25.195,96.791,15.561
1774658786500,3/27/2026,5:46:26 PM,23.4140625,23.0546875,25.6,,25.195,96.791,15.561
1774658786754,3/27/2026,5:46:26 PM,23.4140625,23.0546875,25.6,,25.08,96.791,15.596
1774658786835,3/27/2026,5:46:26 PM,23.4140625,23.0546875,25.6,,25.08,96.791,15.596
1774658786887,3/27/2026,5:46:26 PM,23.46875,23.0546875,25.6,,25.08,96.791,15.596
1774658786940,3/27/2026,5:46:26 PM,23.46875,23.0546875,25.6,,25.08,96.791,15.596
1774658787089,3/27/2026,5:46:27 PM,23.46875,23.1171875,25.6,,25.08,96.791,15.596
1774658787208,3/27/2026,5:46:27 PM,23.46875,23.1171875,25.6,,25.08,96.791,15.596
1774658787473,3/27/2026,5:46:27 PM,23.46875,23.1171875,25.6,,25.135,96.791,15.571
1774658787605,3/27/2026,5:46:27 PM,23.453125,23.1171875,25.6,,25.135,96.791,15.571
1774658787964,3/27/2026,5:46:27 PM,23.453125,23.0703125,25.6,,25.135,96.791,15.571
1774658788078,3/27/2026,5:46:28 PM,23.453125,23.0703125,25.6,,25.135,96.791,15.571
1774658788216,3/27/2026,5:46:28 PM,23.453125,23.0703125,25.61,,25.14,96.791,15.581
1774658788348,3/27/2026,5:46:28 PM,23.5,23.0703125,25.61,,25.14,96.791,15.581
1774658788400,3/27/2026,5:46:28 PM,23.5,23.0703125,25.61,,25.14,96.791,15.581
1774658788455,3/27/2026,5:46:28 PM,23.5,23.0703125,25.61,,25.14,96.791,15.581
1774658788501,3/27/2026,5:46:28 PM,23.5,23.0546875,25.61,,25.14,96.791,15.581
1774658788757,3/27/2026,5:46:28 PM,23.5,23.0546875,25.61,,25.14,96.791,15.581
1774658788844,3/27/2026,5:46:28 PM,23.5,23.0546875,25.61,,25.12,96.792,15.63
1774658788895,3/27/2026,5:46:28 PM,23.5,23.0546875,25.61,,25.12,96.792,15.63
1774658788945,3/27/2026,5:46:28 PM,23.5,23.0546875,25.61,,25.12,96.792,15.63
1774658789088,3/27/2026,5:46:29 PM,23.453125,23.0546875,25.61,,25.12,96.792,15.63
1774658789196,3/27/2026,5:46:29 PM,23.453125,22.96875,25.61,,25.12,96.792,15.63
1774658789474,3/27/2026,5:46:29 PM,23.453125,22.96875,25.61,,25.12,96.792,15.63
1774658789599,3/27/2026,5:46:29 PM,23.453125,22.96875,25.61,,25.14,96.791,15.635
1774658789957,3/27/2026,5:46:29 PM,23.4921875,23.09375,25.61,,25.14,96.791,15.635
1774658790076,3/27/2026,5:46:30 PM,23.4921875,23.09375,25.61,,25.14,96.791,15.635
1774658790153,3/27/2026,5:46:30 PM,23.4921875,23.09375,25.61,,25.14,96.791,15.635
1774658790369,3/27/2026,5:46:30 PM,23.4921875,23.09375,25.61,,25.195,96.789,15.625
1774658790420,3/27/2026,5:46:30 PM,23.4921875,23.09375,25.61,,25.195,96.789,15.625
1774658790472,3/27/2026,5:46:30 PM,23.40625,23.09375,25.61,,25.195,96.789,15.625
1774658790522,3/27/2026,5:46:30 PM,23.40625,23.09375,25.61,,25.195,96.789,15.625
1774658790740,3/27/2026,5:46:30 PM,23.40625,23.0546875,25.61,,25.195,96.789,15.625
1774658790834,3/27/2026,5:46:30 PM,23.40625,23.0546875,25.61,,25.195,96.789,15.625
1774658790891,3/27/2026,5:46:30 PM,23.40625,23.0546875,25.61,,25.195,96.789,15.625
1774658790938,3/27/2026,5:46:30 PM,23.40625,23.0546875,25.61,,25.195,96.789,15.625
1774658791120,3/27/2026,5:46:31 PM,23.40625,23.0546875,25.6,,25.14,96.788,15.65
1774658791208,3/27/2026,5:46:31 PM,23.5,23.0546875,25.6,,25.14,96.788,15.65
1774658791466,3/27/2026,5:46:31 PM,23.5,23.0078125,25.6,,25.14,96.788,15.65
1774658791602,3/27/2026,5:46:31 PM,23.5,23.0078125,25.6,,25.14,96.788,15.65
1774658791961,3/27/2026,5:46:31 PM,23.515625,23.0078125,25.61,,25.12,96.789,15.611
1774658792081,3/27/2026,5:46:32 PM,23.515625,23.0078125,25.61,,25.12,96.789,15.611
1774658792160,3/27/2026,5:46:32 PM,23.515625,23.0078125,25.61,,25.12,96.789,15.611
1774658792353,3/27/2026,5:46:32 PM,23.515625,23.0078125,25.61,,25.12,96.789,15.611
1774658792402,3/27/2026,5:46:32 PM,23.515625,23.0078125,25.61,,25.12,96.789,15.611
1774658792505,3/27/2026,5:46:32 PM,23.515625,23.0078125,25.61,,25.16,96.789,15.64
1774658792558,3/27/2026,5:46:32 PM,23.515625,23.0078125,25.61,,25.16,96.789,15.64
1774658792761,3/27/2026,5:46:32 PM,23.46875,23.0078125,25.61,,25.16,96.789,15.64
1774658792835,3/27/2026,5:46:32 PM,23.46875,23.0546875,25.61,,25.16,96.789,15.64
1774658792887,3/27/2026,5:46:32 PM,23.46875,23.0546875,25.61,,25.16,96.789,15.64
1774658792941,3/27/2026,5:46:32 PM,23.46875,23.0546875,25.61,,25.16,96.789,15.64
1774658793094,3/27/2026,5:46:33 PM,23.46875,23.0546875,25.61,,25.16,96.789,15.64
1774658793216,3/27/2026,5:46:33 PM,23.46875,23.0546875,25.61,,25.14,96.79,15.64
1774658793469,3/27/2026,5:46:33 PM,23.453125,23.0546875,25.61,,25.14,96.79,15.64
1774658793617,3/27/2026,5:46:33 PM,23.453125,22.984375,25.61,,25.14,96.79,15.64
1774658793988,3/27/2026,5:46:33 PM,23.453125,22.984375,25.61,,25.095,96.789,15.63
1774658794081,3/27/2026,5:46:34 PM,23.4296875,22.984375,25.61,,25.095,96.789,15.63
1774658794153,3/27/2026,5:46:34 PM,23.4296875,22.984375,25.61,,25.095,96.789,15.63
1774658794432,3/27/2026,5:46:34 PM,23.4296875,22.984375,25.61,,25.095,96.789,15.63
1774658794483,3/27/2026,5:46:34 PM,23.4296875,22.984375,25.61,,25.095,96.789,15.63
1774658794534,3/27/2026,5:46:34 PM,23.4296875,22.984375,25.61,,25.095,96.789,15.63
1774658794585,3/27/2026,5:46:34 PM,23.4296875,22.984375,25.61,,25.095,96.789,15.63
1774658794740,3/27/2026,5:46:34 PM,23.4296875,22.984375,25.61,,25.09,96.79,15.66
1774658794833,3/27/2026,5:46:34 PM,23.4921875,22.984375,25.61,,25.09,96.79,15.66
1774658794886,3/27/2026,5:46:34 PM,23.4921875,22.984375,25.61,,25.09,96.79,15.66
1774658794939,3/27/2026,5:46:34 PM,23.4921875,23.09375,25.61,,25.09,96.79,15.66
1774658795094,3/27/2026,5:46:35 PM,23.4921875,23.09375,25.61,,25.09,96.79,15.66
1774658795219,3/27/2026,5:46:35 PM,23.4921875,23.09375,25.61,,25.09,96.79,15.66
1774658795479,3/27/2026,5:46:35 PM,23.5,23.09375,25.61,,25.15,96.789,15.674
1774658795637,3/27/2026,5:46:35 PM,23.5,23.09375,25.61,,25.15,96.789,15.674
1774658795961,3/27/2026,5:46:35 PM,23.5,23.046875,25.61,,25.15,96.789,15.674
1774658796077,3/27/2026,5:46:36 PM,23.5,23.046875,25.6,,25.2,96.789,15.669
1774658796174,3/27/2026,5:46:36 PM,23.5,23.046875,25.6,,25.2,96.789,15.669
1774658796348,3/27/2026,5:46:36 PM,23.390625,23.046875,25.6,,25.2,96.789,15.669
1774658796402,3/27/2026,5:46:36 PM,23.390625,22.9921875,25.6,,25.2,96.789,15.669
1774658796455,3/27/2026,5:46:36 PM,23.390625,22.9921875,25.6,,25.2,96.789,15.669
1774658796503,3/27/2026,5:46:36 PM,23.390625,22.9921875,25.6,,25.2,96.789,15.669
1774658796790,3/27/2026,5:46:36 PM,23.390625,22.9921875,25.6,,25.16,96.788,15.669
1774658796843,3/27/2026,5:46:36 PM,23.390625,22.9921875,25.6,,25.16,96.788,15.669
1774658796896,3/27/2026,5:46:36 PM,23.390625,22.9921875,25.6,,25.16,96.788,15.669
1774658796946,3/27/2026,5:46:36 PM,23.4921875,22.9921875,25.6,,25.16,96.788,15.669
1774658797089,3/27/2026,5:46:37 PM,23.4921875,23.0078125,25.6,,25.16,96.788,15.669
1774658797197,3/27/2026,5:46:37 PM,23.4921875,23.0078125,25.6,,25.16,96.788,15.669
1774658797477,3/27/2026,5:46:37 PM,23.4921875,23.0078125,25.6,,25.08,96.789,15.684
1774658797605,3/27/2026,5:46:37 PM,23.4921875,23.0078125,25.6,,25.08,96.789,15.684
1774658797962,3/27/2026,5:46:37 PM,23.4921875,22.96875,25.6,,25.08,96.789,15.684
1774658798083,3/27/2026,5:46:38 PM,23.4921875,22.96875,25.6,,25.08,96.789,15.684
1774658798160,3/27/2026,5:46:38 PM,23.4921875,22.96875,25.6,,25.08,96.789,15.684
1774658798356,3/27/2026,5:46:38 PM,23.46875,22.96875,25.6,,25.16,96.79,15.66
1774658798406,3/27/2026,5:46:38 PM,23.46875,22.96875,25.6,,25.16,96.79,15.66
1774658798458,3/27/2026,5:46:38 PM,23.46875,22.96875,25.6,,25.16,96.79,15.66
1774658798509,3/27/2026,5:46:38 PM,23.46875,22.96875,25.6,,25.16,96.79,15.66
1774658798743,3/27/2026,5:46:38 PM,23.46875,23.015625,25.6,,25.16,96.79,15.66
1774658798832,3/27/2026,5:46:38 PM,23.46875,23.015625,25.6,,25.16,96.79,15.66
1774658798934,3/27/2026,5:46:38 PM,23.46875,23.015625,25.6,,25.135,96.789,15.665
1774658798986,3/27/2026,5:46:38 PM,23.46875,23.015625,25.6,,25.135,96.789,15.665
1774658799093,3/27/2026,5:46:39 PM,23.453125,23.015625,25.6,,25.135,96.789,15.665
1774658799201,3/27/2026,5:46:39 PM,23.453125,23.015625,25.6,,25.135,96.789,15.665
1774658799476,3/27/2026,5:46:39 PM,23.453125,23.03125,25.6,,25.135,96.789,15.665
1774658799601,3/27/2026,5:46:39 PM,23.453125,23.03125,25.6,,25.135,96.789,15.665
1774658799986,3/27/2026,5:46:39 PM,23.390625,22.9453125,25.61,,25.19,96.79,15.675
1774658800079,3/27/2026,5:46:40 PM,23.390625,22.9453125,25.61,,25.19,96.79,15.675
1774658800163,3/27/2026,5:46:40 PM,23.390625,22.9453125,25.61,,25.19,96.79,15.675
1774658800349,3/27/2026,5:46:40 PM,23.390625,22.9453125,25.61,,25.14,96.79,15.679
1774658800408,3/27/2026,5:46:40 PM,23.390625,22.9453125,25.61,,25.14,96.79,15.679
1774658800450,3/27/2026,5:46:40 PM,23.390625,22.9453125,25.61,,25.14,96.79,15.679
1774658800502,3/27/2026,5:46:40 PM,23.390625,22.9453125,25.61,,25.14,96.79,15.679
1774658800746,3/27/2026,5:46:40 PM,23.4921875,23.0546875,25.61,,25.14,96.79,15.679
1774658800843,3/27/2026,5:46:40 PM,23.4921875,23.0546875,25.61,,25.14,96.79,15.679
1774658800893,3/27/2026,5:46:40 PM,23.4921875,23.0546875,25.61,,25.14,96.79,15.679
1774658800944,3/27/2026,5:46:40 PM,23.4921875,23.0546875,25.61,,25.14,96.79,15.679
1774658801092,3/27/2026,5:46:41 PM,23.4921875,23.0546875,25.61,,25.095,96.789,15.699
1774658801203,3/27/2026,5:46:41 PM,23.4921875,23.0546875,25.61,,25.095,96.789,15.699
1774658801471,3/27/2026,5:46:41 PM,23.5,22.9921875,25.61,,25.095,96.789,15.699
1774658801609,3/27/2026,5:46:41 PM,23.5,22.9921875,25.61,,25.095,96.789,15.699
1774658801959,3/27/2026,5:46:41 PM,23.453125,22.9921875,25.61,,25.065,96.79,15.714
1774658802101,3/27/2026,5:46:42 PM,23.453125,22.9921875,25.61,,25.065,96.79,15.714
1774658802159,3/27/2026,5:46:42 PM,23.453125,23.0078125,25.61,,25.065,96.79,15.714
1774658802351,3/27/2026,5:46:42 PM,23.453125,23.0078125,25.61,,25.065,96.79,15.714
1774658802403,3/27/2026,5:46:42 PM,23.453125,23.0078125,25.61,,25.065,96.79,15.714
1774658802453,3/27/2026,5:46:42 PM,23.453125,23.0078125,25.61,,25.065,96.79,15.714
1774658802503,3/27/2026,5:46:42 PM,23.453125,23.0078125,25.61,,25.14,96.789,15.714
1774658802741,3/27/2026,5:46:42 PM,23.4140625,23.0078125,25.61,,25.14,96.789,15.714
1774658802834,3/27/2026,5:46:42 PM,23.4140625,23.0703125,25.61,,25.14,96.789,15.714
1774658802886,3/27/2026,5:46:42 PM,23.4140625,23.0703125,25.61,,25.14,96.789,15.714
1774658802940,3/27/2026,5:46:42 PM,23.4140625,23.0703125,25.61,,25.14,96.789,15.714
1774658803093,3/27/2026,5:46:43 PM,23.4140625,23.0703125,25.61,,25.14,96.789,15.714
1774658803203,3/27/2026,5:46:43 PM,23.4140625,23.0703125,25.61,,25.14,96.789,15.714
1774658803476,3/27/2026,5:46:43 PM,23.453125,23.0703125,25.61,,25.15,96.789,15.739
1774658803615,3/27/2026,5:46:43 PM,23.453125,23.03125,25.61,,25.15,96.789,15.739
1774658803966,3/27/2026,5:46:43 PM,23.453125,23.03125,25.62,,25.12,96.79,15.719
1774658804084,3/27/2026,5:46:44 PM,23.453125,23.03125,25.62,,25.12,96.79,15.719
1774658804159,3/27/2026,5:46:44 PM,23.5625,23.03125,25.62,,25.12,96.79,15.719
1774658804350,3/27/2026,5:46:44 PM,23.5625,23.0703125,25.62,,25.12,96.79,15.719
1774658804398,3/27/2026,5:46:44 PM,23.5625,23.0703125,25.62,,25.12,96.79,15.719
1774658804450,3/27/2026,5:46:44 PM,23.5625,23.0703125,25.62,,25.12,96.79,15.719
1774658804502,3/27/2026,5:46:44 PM,23.5625,23.0703125,25.62,,25.12,96.79,15.719
1774658804742,3/27/2026,5:46:44 PM,23.5625,23.0703125,25.62,,25.1,96.789,15.729
1774658804843,3/27/2026,5:46:44 PM,23.46875,23.0703125,25.62,,25.1,96.789,15.729
1774658804886,3/27/2026,5:46:44 PM,23.46875,23.0703125,25.62,,25.1,96.789,15.729
1774658804945,3/27/2026,5:46:44 PM,23.46875,23.0703125,25.62,,25.1,96.789,15.729
1774658805090,3/27/2026,5:46:45 PM,23.46875,23.140625,25.62,,25.1,96.789,15.729
1774658805204,3/27/2026,5:46:45 PM,23.46875,23.140625,25.62,,25.1,96.789,15.729
1774658805476,3/27/2026,5:46:45 PM,23.46875,23.140625,25.62,,25.175,96.789,15.724
1774658805606,3/27/2026,5:46:45 PM,23.546875,23.140625,25.62,,25.175,96.789,15.724
1774658805979,3/27/2026,5:46:45 PM,23.546875,23.1015625,25.62,,25.175,96.789,15.724
1774658806099,3/27/2026,5:46:46 PM,23.546875,23.1015625,25.61,,25.13,96.789,15.749
1774658806155,3/27/2026,5:46:46 PM,23.546875,23.1015625,25.61,,25.13,96.789,15.749
1774658806365,3/27/2026,5:46:46 PM,23.4921875,23.1015625,25.61,,25.13,96.789,15.749
1774658806416,3/27/2026,5:46:46 PM,23.4921875,23.1015625,25.61,,25.13,96.789,15.749
1774658806469,3/27/2026,5:46:46 PM,23.4921875,23.0703125,25.61,,25.13,96.789,15.749
1774658806526,3/27/2026,5:46:46 PM,23.4921875,23.0703125,25.61,,25.13,96.789,15.749
1774658806741,3/27/2026,5:46:46 PM,23.4921875,23.0703125,25.61,,25.13,96.789,15.749
1774658806835,3/27/2026,5:46:46 PM,23.4921875,23.0703125,25.61,,25.135,96.789,15.744
1774658806891,3/27/2026,5:46:46 PM,23.4921875,23.0703125,25.61,,25.135,96.789,15.744
1774658806938,3/27/2026,5:46:46 PM,23.4921875,23.0703125,25.61,,25.135,96.789,15.744
1774658807086,3/27/2026,5:46:47 PM,23.4921875,23.0703125,25.61,,25.135,96.789,15.744
1774658807201,3/27/2026,5:46:47 PM,23.4921875,23.03125,25.61,,25.135,96.789,15.744
1774658807471,3/27/2026,5:46:47 PM,23.4921875,23.03125,25.61,,25.135,96.789,15.744
1774658807613,3/27/2026,5:46:47 PM,23.4921875,23.03125,25.61,,25.175,96.788,15.739
1774658807960,3/27/2026,5:46:47 PM,23.4375,23.0703125,25.61,,25.175,96.788,15.739
1774658808074,3/27/2026,5:46:48 PM,23.4375,23.0703125,25.61,,25.175,96.788,15.739
1774658808162,3/27/2026,5:46:48 PM,23.4375,23.0703125,25.61,,25.175,96.788,15.739
1774658808352,3/27/2026,5:46:48 PM,23.4375,23.0703125,25.61,,25.13,96.789,15.758
1774658808401,3/27/2026,5:46:48 PM,23.4375,23.0703125,25.61,,25.13,96.789,15.758
1774658808504,3/27/2026,5:46:48 PM,23.453125,23.0703125,25.61,,25.13,96.789,15.758
1774658808555,3/27/2026,5:46:48 PM,23.453125,23.0703125,25.61,,25.13,96.789,15.758
1774658808740,3/27/2026,5:46:48 PM,23.453125,23.0546875,25.61,,25.13,96.789,15.758
1774658808834,3/27/2026,5:46:48 PM,23.453125,23.0546875,25.61,,25.13,96.789,15.758
1774658808883,3/27/2026,5:46:48 PM,23.453125,23.0546875,25.61,,25.13,96.789,15.758
1774658808938,3/27/2026,5:46:48 PM,23.453125,23.0546875,25.61,,25.13,96.789,15.758
1774658809092,3/27/2026,5:46:49 PM,23.453125,23.0546875,25.61,,25.115,96.79,15.768
1774658809196,3/27/2026,5:46:49 PM,23.4765625,23.0546875,25.61,,25.115,96.79,15.768
1774658809465,3/27/2026,5:46:49 PM,23.4765625,23.015625,25.61,,25.115,96.79,15.768
1774658809602,3/27/2026,5:46:49 PM,23.4765625,23.015625,25.61,,25.115,96.79,15.768
1774658809962,3/27/2026,5:46:49 PM,23.515625,23.015625,25.61,,25.145,96.79,15.768
1774658810076,3/27/2026,5:46:50 PM,23.515625,23.046875,25.61,,25.145,96.79,15.768
1774658810160,3/27/2026,5:46:50 PM,23.515625,23.046875,25.61,,25.145,96.79,15.768
1774658810344,3/27/2026,5:46:50 PM,23.515625,23.046875,25.61,,25.145,96.79,15.768
1774658810396,3/27/2026,5:46:50 PM,23.515625,23.046875,25.61,,25.145,96.79,15.768
1774658810450,3/27/2026,5:46:50 PM,23.515625,23.046875,25.61,,25.055,96.79,15.758
1774658810499,3/27/2026,5:46:50 PM,23.515625,23.046875,25.61,,25.055,96.79,15.758
1774658810739,3/27/2026,5:46:50 PM,23.5390625,22.9609375,25.61,,25.055,96.79,15.758
1774658810832,3/27/2026,5:46:50 PM,23.5390625,22.9609375,25.61,,25.055,96.79,15.758
1774658810884,3/27/2026,5:46:50 PM,23.5390625,22.9609375,25.61,,25.055,96.79,15.758
1774658810934,3/27/2026,5:46:50 PM,23.5390625,22.9609375,25.61,,25.055,96.79,15.758
1774658811092,3/27/2026,5:46:51 PM,23.5390625,22.9609375,25.61,,25.055,96.79,15.758
1774658811199,3/27/2026,5:46:51 PM,23.5390625,22.9609375,25.62,,25.12,96.79,15.798
1774658811468,3/27/2026,5:46:51 PM,23.5,22.9921875,25.62,,25.12,96.79,15.798
1774658811605,3/27/2026,5:46:51 PM,23.5,22.9921875,25.62,,25.12,96.79,15.798
1774658811961,3/27/2026,5:46:51 PM,23.5,22.9921875,25.62,,25.155,96.79,15.773
1774658812070,3/27/2026,5:46:52 PM,23.40625,22.9921875,25.62,,25.155,96.79,15.773
1774658812162,3/27/2026,5:46:52 PM,23.40625,22.9921875,25.62,,25.155,96.79,15.773
1774658812347,3/27/2026,5:46:52 PM,23.40625,22.9921875,25.62,,25.155,96.79,15.773
1774658812397,3/27/2026,5:46:52 PM,23.40625,22.9921875,25.62,,25.155,96.79,15.773
1774658812452,3/27/2026,5:46:52 PM,23.40625,22.9921875,25.62,,25.155,96.79,15.773
1774658812501,3/27/2026,5:46:52 PM,23.40625,22.9921875,25.62,,25.155,96.79,15.773
1774658812760,3/27/2026,5:46:52 PM,23.4765625,22.9921875,25.62,,25.105,96.79,15.818
1774658812836,3/27/2026,5:46:52 PM,23.4765625,22.9921875,25.62,,25.105,96.79,15.818
1774658812888,3/27/2026,5:46:52 PM,23.4765625,22.9921875,25.62,,25.105,96.79,15.818
1774658812942,3/27/2026,5:46:52 PM,23.4765625,23.0546875,25.62,,25.105,96.79,15.818
1774658813089,3/27/2026,5:46:53 PM,23.4765625,23.0546875,25.62,,25.105,96.79,15.818
1774658813194,3/27/2026,5:46:53 PM,23.4765625,23.0546875,25.62,,25.105,96.79,15.818
1774658813465,3/27/2026,5:46:53 PM,23.4375,23.0546875,25.62,,25.16,96.79,15.793
1774658813604,3/27/2026,5:46:53 PM,23.4375,23.0546875,25.62,,25.16,96.79,15.793
1774658813958,3/27/2026,5:46:53 PM,23.4375,23.1171875,25.62,,25.16,96.79,15.793
1774658814073,3/27/2026,5:46:54 PM,23.4375,23.1171875,25.62,,25.135,96.79,15.803
1774658814159,3/27/2026,5:46:54 PM,23.4375,23.1171875,25.62,,25.135,96.79,15.803
1774658814364,3/27/2026,5:46:54 PM,23.46875,23.0703125,25.62,,25.135,96.79,15.803
1774658814413,3/27/2026,5:46:54 PM,23.46875,23.0703125,25.62,,25.135,96.79,15.803
1774658814467,3/27/2026,5:46:54 PM,23.46875,23.0703125,25.62,,25.135,96.79,15.803
1774658814515,3/27/2026,5:46:54 PM,23.46875,23.0703125,25.62,,25.135,96.79,15.803
1774658814741,3/27/2026,5:46:54 PM,23.46875,23.0703125,25.62,,25.125,96.79,15.803
1774658814884,3/27/2026,5:46:54 PM,23.46875,23.0703125,25.62,,25.125,96.79,15.803
1774658814911,3/27/2026,5:46:54 PM,23.515625,23.0703125,25.62,,25.125,96.79,15.803
1774658814964,3/27/2026,5:46:54 PM,23.515625,23.0703125,25.62,,25.125,96.79,15.803
1774658815089,3/27/2026,5:46:55 PM,23.515625,23.03125,25.62,,25.125,96.79,15.803
1774658815196,3/27/2026,5:46:55 PM,23.515625,23.03125,25.62,,25.125,96.79,15.803
1774658815466,3/27/2026,5:46:55 PM,23.515625,23.03125,25.62,,25.06,96.789,15.808
1774658815605,3/27/2026,5:46:55 PM,23.515625,23.03125,25.62,,25.06,96.789,15.808
1774658815962,3/27/2026,5:46:55 PM,23.5234375,23.125,25.62,,25.06,96.789,15.808
1774658816074,3/27/2026,5:46:56 PM,23.5234375,23.125,25.62,,25.06,96.789,15.808
1774658816158,3/27/2026,5:46:56 PM,23.5234375,23.125,25.62,,25.12,96.79,15.818
1774658816348,3/27/2026,5:46:56 PM,23.4296875,23.125,25.62,,25.12,96.79,15.818
1774658816400,3/27/2026,5:46:56 PM,23.4296875,23.125,25.62,,25.12,96.79,15.818
1774658816451,3/27/2026,5:46:56 PM,23.4296875,23.125,25.62,,25.12,96.79,15.818
1774658816504,3/27/2026,5:46:56 PM,23.4296875,22.9921875,25.62,,25.12,96.79,15.818
1774658816767,3/27/2026,5:46:56 PM,23.4296875,22.9921875,25.62,,25.12,96.79,15.818
1774658816837,3/27/2026,5:46:56 PM,23.4296875,22.9921875,25.62,,25.12,96.79,15.818
1774658816890,3/27/2026,5:46:56 PM,23.4296875,22.9921875,25.62,,25.135,96.79,15.842
1774658816938,3/27/2026,5:46:56 PM,23.4296875,22.9921875,25.62,,25.135,96.79,15.842
1774658817093,3/27/2026,5:46:57 PM,23.453125,22.9921875,25.62,,25.135,96.79,15.842
1774658817201,3/27/2026,5:46:57 PM,23.453125,22.9921875,25.62,,25.135,96.79,15.842
1774658817466,3/27/2026,5:46:57 PM,23.453125,22.9921875,25.62,,25.135,96.79,15.842
1774658817599,3/27/2026,5:46:57 PM,23.453125,22.9921875,25.62,,25.105,96.79,15.837
1774658817962,3/27/2026,5:46:57 PM,23.40625,23.015625,25.62,,25.105,96.79,15.837
1774658818092,3/27/2026,5:46:58 PM,23.40625,23.015625,25.62,,25.105,96.79,15.837
1774658818173,3/27/2026,5:46:58 PM,23.40625,23.015625,25.62,,25.105,96.79,15.837
1774658818346,3/27/2026,5:46:58 PM,23.40625,23.015625,25.62,,25.165,96.791,15.847
1774658818397,3/27/2026,5:46:58 PM,23.40625,23.015625,25.62,,25.165,96.791,15.847
1774658818450,3/27/2026,5:46:58 PM,23.40625,23.015625,25.62,,25.165,96.791,15.847
1774658818499,3/27/2026,5:46:58 PM,23.4921875,23.015625,25.62,,25.165,96.791,15.847
1774658818737,3/27/2026,5:46:58 PM,23.4921875,22.921875,25.62,,25.165,96.791,15.847
1774658818844,3/27/2026,5:46:58 PM,23.4921875,22.921875,25.62,,25.165,96.791,15.847
1774658818896,3/27/2026,5:46:58 PM,23.4921875,22.921875,25.62,,25.165,96.791,15.847
1774658818947,3/27/2026,5:46:58 PM,23.4921875,22.921875,25.62,,25.165,96.791,15.847
1774658819091,3/27/2026,5:46:59 PM,23.4921875,22.921875,25.62,,25.12,96.791,15.857
1774658819203,3/27/2026,5:46:59 PM,23.4921875,22.921875,25.62,,25.12,96.791,15.857
1774658819465,3/27/2026,5:46:59 PM,23.46875,22.9453125,25.62,,25.12,96.791,15.857
1774658819644,3/27/2026,5:46:59 PM,23.46875,22.9453125,25.62,,25.12,96.791,15.857
1774658819965,3/27/2026,5:46:59 PM,23.46875,22.9453125,25.62,,25.08,96.791,15.901
1774658820073,3/27/2026,5:47:00 PM,23.46875,22.9453125,25.62,,25.08,96.791,15.901
1774658820165,3/27/2026,5:47:00 PM,23.46875,22.9921875,25.62,,25.08,96.791,15.901
1774658820347,3/27/2026,5:47:00 PM,23.46875,22.9921875,25.62,,25.08,96.791,15.901
1774658820401,3/27/2026,5:47:00 PM,23.46875,22.9921875,25.62,,25.08,96.791,15.901
1774658820450,3/27/2026,5:47:00 PM,23.46875,22.9921875,25.62,,25.08,96.791,15.901
1774658820502,3/27/2026,5:47:00 PM,23.46875,22.9921875,25.62,,25.105,96.792,15.896
1774658820744,3/27/2026,5:47:00 PM,23.4765625,22.9921875,25.62,,25.105,96.792,15.896
1774658820842,3/27/2026,5:47:00 PM,23.4765625,22.9609375,25.62,,25.105,96.792,15.896
1774658820892,3/27/2026,5:47:00 PM,23.4765625,22.9609375,25.62,,25.105,96.792,15.896
1774658820944,3/27/2026,5:47:00 PM,23.4765625,22.9609375,25.62,,25.105,96.792,15.896
1774658821087,3/27/2026,5:47:01 PM,23.4765625,22.9609375,25.62,,25.105,96.792,15.896
1774658821195,3/27/2026,5:47:01 PM,23.4765625,22.9609375,25.62,,25.075,96.792,15.921
1774658821467,3/27/2026,5:47:01 PM,23.4921875,22.9609375,25.62,,25.075,96.792,15.921
1774658821601,3/27/2026,5:47:01 PM,23.4921875,22.9453125,25.62,,25.075,96.792,15.921
1774658821957,3/27/2026,5:47:01 PM,23.4921875,22.9453125,25.62,,25.155,96.792,15.955
1774658822083,3/27/2026,5:47:02 PM,23.4140625,22.9453125,25.62,,25.155,96.792,15.955
1774658822161,3/27/2026,5:47:02 PM,23.4140625,22.9453125,25.62,,25.155,96.792,15.955
1774658822368,3/27/2026,5:47:02 PM,23.4140625,22.9375,25.62,,25.155,96.792,15.955
1774658822431,3/27/2026,5:47:02 PM,23.4140625,22.9375,25.62,,25.155,96.792,15.955
1774658822472,3/27/2026,5:47:02 PM,23.4140625,22.9375,25.62,,25.155,96.792,15.955
1774658822530,3/27/2026,5:47:02 PM,23.4140625,22.9375,25.62,,25.155,96.792,15.955
1774658822741,3/27/2026,5:47:02 PM,23.4140625,22.9375,25.62,,25.14,96.79,15.941
1774658822835,3/27/2026,5:47:02 PM,23.515625,22.9375,25.62,,25.14,96.79,15.941
1774658822883,3/27/2026,5:47:02 PM,23.515625,22.9375,25.62,,25.14,96.79,15.941
1774658822933,3/27/2026,5:47:02 PM,23.515625,22.9375,25.62,,25.14,96.79,15.941
1774658823089,3/27/2026,5:47:03 PM,23.515625,23.015625,25.62,,25.14,96.79,15.941
1774658823194,3/27/2026,5:47:03 PM,23.515625,23.015625,25.62,,25.14,96.79,15.941
1774658823472,3/27/2026,5:47:03 PM,23.515625,23.015625,25.62,,25.1,96.791,15.965
1774658823603,3/27/2026,5:47:03 PM,23.4375,23.015625,25.62,,25.1,96.791,15.965
1774658823957,3/27/2026,5:47:03 PM,23.4375,23.078125,25.62,,25.1,96.791,15.965
1774658824085,3/27/2026,5:47:04 PM,23.4375,23.078125,25.62,,25.1,96.79,15.99
1774658824154,3/27/2026,5:47:04 PM,23.4375,23.078125,25.62,,25.1,96.79,15.99
1774658824356,3/27/2026,5:47:04 PM,23.4921875,23.078125,25.62,,25.1,96.79,15.99
1774658824406,3/27/2026,5:47:04 PM,23.4921875,22.9609375,25.62,,25.1,96.79,15.99
1774658824509,3/27/2026,5:47:04 PM,23.4921875,22.9609375,25.62,,25.1,96.79,15.99
1774658824562,3/27/2026,5:47:04 PM,23.4921875,22.9609375,25.62,,25.1,96.79,15.99
1774658824742,3/27/2026,5:47:04 PM,23.4921875,22.9609375,25.62,,25.1,96.79,15.99
1774658824834,3/27/2026,5:47:04 PM,23.4921875,22.9609375,25.62,,25.2,96.79,16.024
1774658824884,3/27/2026,5:47:04 PM,23.4921875,22.9609375,25.62,,25.2,96.79,16.024
1774658824933,3/27/2026,5:47:04 PM,23.4921875,22.9609375,25.62,,25.2,96.79,16.024
1774658825090,3/27/2026,5:47:05 PM,23.4296875,22.9609375,25.62,,25.2,96.79,16.024
1774658825194,3/27/2026,5:47:05 PM,23.4296875,22.984375,25.62,,25.2,96.79,16.024
1774658825467,3/27/2026,5:47:05 PM,23.4296875,22.984375,25.62,,25.2,96.79,16.024
1774658825598,3/27/2026,5:47:05 PM,23.4296875,22.984375,25.62,,25.14,96.789,16.024
1774658825953,3/27/2026,5:47:05 PM,23.390625,22.921875,25.62,,25.14,96.789,16.024
1774658826073,3/27/2026,5:47:06 PM,23.390625,22.921875,25.62,,25.14,96.789,16.024
1774658826156,3/27/2026,5:47:06 PM,23.390625,22.921875,25.62,,25.14,96.789,16.024
1774658826360,3/27/2026,5:47:06 PM,23.390625,22.921875,25.62,,25.23,96.789,16.049
1774658826409,3/27/2026,5:47:06 PM,23.453125,22.921875,25.62,,25.23,96.789,16.049
1774658826462,3/27/2026,5:47:06 PM,23.453125,22.921875,25.62,,25.23,96.789,16.049
1774658826515,3/27/2026,5:47:06 PM,23.453125,22.921875,25.62,,25.23,96.789,16.049
1774658826743,3/27/2026,5:47:06 PM,23.453125,22.9453125,25.62,,25.23,96.789,16.049
1774658826835,3/27/2026,5:47:06 PM,23.453125,22.9453125,25.62,,25.23,96.789,16.049
1774658826885,3/27/2026,5:47:06 PM,23.453125,22.9453125,25.62,,25.23,96.789,16.049
1774658826937,3/27/2026,5:47:06 PM,23.453125,22.9453125,25.62,,25.23,96.789,16.049
1774658827092,3/27/2026,5:47:07 PM,23.453125,22.9453125,25.62,,25.09,96.789,16.069
1774658827207,3/27/2026,5:47:07 PM,23.5234375,22.9453125,25.62,,25.09,96.789,16.069
1774658827474,3/27/2026,5:47:07 PM,23.5234375,22.9609375,25.62,,25.09,96.789,16.069
1774658827603,3/27/2026,5:47:07 PM,23.5234375,22.9609375,25.62,,25.09,96.789,16.069
1774658827956,3/27/2026,5:47:07 PM,23.4375,22.9609375,25.62,,25.16,96.788,16.073
1774658828091,3/27/2026,5:47:08 PM,23.4375,22.9609375,25.62,,25.16,96.788,16.073
1774658828159,3/27/2026,5:47:08 PM,23.4375,22.9609375,25.62,,25.16,96.788,16.073
1774658828349,3/27/2026,5:47:08 PM,23.4375,22.9609375,25.62,,25.16,96.788,16.073
1774658828400,3/27/2026,5:47:08 PM,23.4375,22.9609375,25.62,,25.075,96.789,16.103
1774658828458,3/27/2026,5:47:08 PM,23.4375,22.9609375,25.62,,25.075,96.789,16.103
1774658828503,3/27/2026,5:47:08 PM,23.4375,22.9609375,25.62,,25.075,96.789,16.103
1774658828756,3/27/2026,5:47:08 PM,23.4921875,22.90625,25.62,,25.075,96.789,16.103
1774658828838,3/27/2026,5:47:08 PM,23.4921875,22.90625,25.62,,25.075,96.789,16.103
1774658828888,3/27/2026,5:47:08 PM,23.4921875,22.90625,25.62,,25.075,96.789,16.103
1774658828944,3/27/2026,5:47:08 PM,23.4921875,22.90625,25.62,,25.075,96.789,16.103
1774658829090,3/27/2026,5:47:09 PM,23.4921875,22.90625,25.62,,25.075,96.789,16.103
1774658829208,3/27/2026,5:47:09 PM,23.4921875,22.90625,25.62,,25.135,96.789,16.118
1774658829467,3/27/2026,5:47:09 PM,23.4296875,22.96875,25.62,,25.135,96.789,16.118
1774658829601,3/27/2026,5:47:09 PM,23.4296875,22.96875,25.62,,25.135,96.789,16.118
1774658829959,3/27/2026,5:47:09 PM,23.4296875,22.96875,25.62,,25.14,96.79,16.138
1774658830083,3/27/2026,5:47:10 PM,23.5,22.96875,25.62,,25.14,96.79,16.138
1774658830155,3/27/2026,5:47:10 PM,23.5,22.859375,25.62,,25.14,96.79,16.138
1774658830347,3/27/2026,5:47:10 PM,23.5,22.859375,25.62,,25.14,96.79,16.138
1774658830402,3/27/2026,5:47:10 PM,23.5,22.859375,25.62,,25.14,96.79,16.138
1774658830449,3/27/2026,5:47:10 PM,23.5,22.859375,25.62,,25.14,96.79,16.138
1774658830501,3/27/2026,5:47:10 PM,23.5,22.859375,25.62,,25.14,96.79,16.138
1774658830749,3/27/2026,5:47:10 PM,23.4296875,22.859375,25.62,,25.135,96.79,16.157
1774658830858,3/27/2026,5:47:10 PM,23.4296875,22.859375,25.62,,25.135,96.79,16.157
1774658830908,3/27/2026,5:47:10 PM,23.4296875,22.8984375,25.62,,25.135,96.79,16.157
1774658830961,3/27/2026,5:47:10 PM,23.4296875,22.8984375,25.62,,25.135,96.79,16.157
1774658831095,3/27/2026,5:47:11 PM,23.4296875,22.8984375,25.62,,25.135,96.79,16.157
1774658831209,3/27/2026,5:47:11 PM,23.4296875,22.8984375,25.62,,25.135,96.79,16.157
1774658831473,3/27/2026,5:47:11 PM,23.4921875,22.8984375,25.62,,25.105,96.79,16.152
1774658831605,3/27/2026,5:47:11 PM,23.4921875,22.859375,25.62,,25.105,96.79,16.152
1774658831955,3/27/2026,5:47:11 PM,23.4921875,22.859375,25.62,,25.105,96.79,16.152
1774658832081,3/27/2026,5:47:12 PM,23.4921875,22.859375,25.62,,25.19,96.791,16.157
1774658832158,3/27/2026,5:47:12 PM,23.5,22.859375,25.62,,25.19,96.791,16.157
1774658832366,3/27/2026,5:47:12 PM,23.5,22.8984375,25.62,,25.19,96.791,16.157
1774658832416,3/27/2026,5:47:12 PM,23.5,22.8984375,25.62,,25.19,96.791,16.157
1774658832468,3/27/2026,5:47:12 PM,23.5,22.8984375,25.62,,25.19,96.791,16.157
1774658832518,3/27/2026,5:47:12 PM,23.5,22.8984375,25.62,,25.19,96.791,16.157
1774658832746,3/27/2026,5:47:12 PM,23.5,22.8984375,25.62,,25.15,96.79,16.197
1774658832833,3/27/2026,5:47:12 PM,23.5,22.8984375,25.62,,25.15,96.79,16.197
1774658832883,3/27/2026,5:47:12 PM,23.4140625,22.8984375,25.62,,25.15,96.79,16.197
1774658832939,3/27/2026,5:47:12 PM,23.4140625,22.8984375,25.62,,25.15,96.79,16.197
1774658833091,3/27/2026,5:47:13 PM,23.4140625,23.046875,25.62,,25.15,96.79,16.197
1774658833210,3/27/2026,5:47:13 PM,23.4140625,23.046875,25.62,,25.15,96.79,16.197
1774658833482,3/27/2026,5:47:13 PM,23.4140625,23.046875,25.62,,25.14,96.791,16.192
1774658833668,3/27/2026,5:47:13 PM,23.46875,23.046875,25.62,,25.14,96.791,16.192
1774658833958,3/27/2026,5:47:13 PM,23.46875,22.96875,25.62,,25.14,96.791,16.192
1774658834089,3/27/2026,5:47:14 PM,23.46875,22.96875,25.62,,25.14,96.791,16.192
1774658834152,3/27/2026,5:47:14 PM,23.46875,22.96875,25.62,,25.125,96.79,16.212
1774658834350,3/27/2026,5:47:14 PM,23.453125,22.96875,25.62,,25.125,96.79,16.212
1774658834397,3/27/2026,5:47:14 PM,23.453125,22.96875,25.62,,25.125,96.79,16.212
1774658834449,3/27/2026,5:47:14 PM,23.453125,22.96875,25.62,,25.125,96.79,16.212
1774658834498,3/27/2026,5:47:14 PM,23.453125,22.9453125,25.62,,25.125,96.79,16.212
1774658834745,3/27/2026,5:47:14 PM,23.453125,22.9453125,25.62,,25.125,96.79,16.212
1774658834836,3/27/2026,5:47:14 PM,23.453125,22.9453125,25.62,,25.125,96.79,16.212
1774658834888,3/27/2026,5:47:14 PM,23.453125,22.9453125,25.61,,25.13,96.79,16.236
1774658834938,3/27/2026,5:47:14 PM,23.453125,22.9453125,25.61,,25.13,96.79,16.236
1774658835141,3/27/2026,5:47:15 PM,23.46875,22.9453125,25.61,,25.13,96.79,16.236
1774658835206,3/27/2026,5:47:15 PM,23.46875,22.984375,25.61,,25.13,96.79,16.236
1774658835470,3/27/2026,5:47:15 PM,23.46875,22.984375,25.61,,25.13,96.79,16.236
1774658835608,3/27/2026,5:47:15 PM,23.46875,22.984375,25.62,,25.12,96.789,16.246
1774658835968,3/27/2026,5:47:15 PM,23.46875,22.921875,25.62,,25.12,96.789,16.246
1774658836088,3/27/2026,5:47:16 PM,23.46875,22.921875,25.62,,25.12,96.789,16.246
1774658836192,3/27/2026,5:47:16 PM,23.46875,22.921875,25.62,,25.12,96.789,16.246
1774658836349,3/27/2026,5:47:16 PM,23.46875,22.921875,25.62,,25.16,96.789,16.251
1774658836401,3/27/2026,5:47:16 PM,23.46875,22.921875,25.62,,25.16,96.789,16.251
1774658836449,3/27/2026,5:47:16 PM,23.46875,22.921875,25.62,,25.16,96.789,16.251
1774658836499,3/27/2026,5:47:16 PM,23.4296875,22.921875,25.62,,25.16,96.789,16.251
1774658836761,3/27/2026,5:47:16 PM,23.4296875,23.0703125,25.62,,25.16,96.789,16.251
1774658836833,3/27/2026,5:47:16 PM,23.4296875,23.0703125,25.62,,25.16,96.789,16.251
1774658836884,3/27/2026,5:47:16 PM,23.4296875,23.0703125,25.62,,25.16,96.789,16.251
1774658836936,3/27/2026,5:47:16 PM,23.4296875,23.0703125,25.62,,25.16,96.789,16.251
1774658837091,3/27/2026,5:47:17 PM,23.4296875,23.0703125,25.62,,25.16,96.789,16.251
1774658837245,3/27/2026,5:47:17 PM,23.453125,23.0703125,25.62,,25.16,96.789,16.251
1774658837471,3/27/2026,5:47:17 PM,23.453125,23.0546875,25.62,,25.16,96.789,16.251
1774658837619,3/27/2026,5:47:17 PM,23.453125,23.0546875,25.62,,25.16,96.789,16.251
1774658837956,3/27/2026,5:47:17 PM,23.4765625,23.0546875,25.62,,25.075,96.789,16.281
1774658838077,3/27/2026,5:47:18 PM,23.4765625,22.984375,25.62,,25.075,96.789,16.281
1774658838170,3/27/2026,5:47:18 PM,23.4765625,22.984375,25.62,,25.075,96.789,16.281
1774658838348,3/27/2026,5:47:18 PM,23.4765625,22.984375,25.62,,25.075,96.789,16.281
1774658838400,3/27/2026,5:47:18 PM,23.4765625,22.984375,25.62,,25.075,96.789,16.281
1774658838450,3/27/2026,5:47:18 PM,23.4765625,22.984375,25.62,,25.075,96.789,16.281
1774658838501,3/27/2026,5:47:18 PM,23.4765625,22.984375,25.62,,25.16,96.789,16.291
1774658838741,3/27/2026,5:47:18 PM,23.453125,22.984375,25.62,,25.16,96.789,16.291
1774658838838,3/27/2026,5:47:18 PM,23.453125,22.984375,25.62,,25.16,96.789,16.291
1774658838886,3/27/2026,5:47:18 PM,23.453125,22.984375,25.62,,25.16,96.789,16.291
1774658838938,3/27/2026,5:47:18 PM,23.453125,22.984375,25.62,,25.16,96.789,16.291
1774658839090,3/27/2026,5:47:19 PM,23.453125,22.984375,25.62,,25.16,96.789,16.291
1774658839211,3/27/2026,5:47:19 PM,23.453125,22.984375,25.62,,25.12,96.79,16.301
1774658839468,3/27/2026,5:47:19 PM,23.4375,22.984375,25.62,,25.12,96.79,16.301
1774658839600,3/27/2026,5:47:19 PM,23.4375,23.046875,25.62,,25.12,96.79,16.301
1774658839956,3/27/2026,5:47:19 PM,23.4375,23.046875,25.62,,25.11,96.79,16.31
1774658840083,3/27/2026,5:47:20 PM,23.4765625,23.046875,25.62,,25.11,96.79,16.31
1774658840161,3/27/2026,5:47:20 PM,23.4765625,23.046875,25.62,,25.11,96.79,16.31
1774658840400,3/27/2026,5:47:20 PM,23.4765625,23.09375,25.62,,25.11,96.79,16.31
1774658840447,3/27/2026,5:47:20 PM,23.4765625,23.09375,25.62,,25.11,96.79,16.31
1774658840500,3/27/2026,5:47:20 PM,23.4765625,23.09375,25.62,,25.11,96.79,16.31
1774658840551,3/27/2026,5:47:20 PM,23.4765625,23.09375,25.62,,25.11,96.79,16.31
1774658840746,3/27/2026,5:47:20 PM,23.4765625,23.09375,25.62,,25.11,96.79,16.325
1774658840831,3/27/2026,5:47:20 PM,23.4140625,23.09375,25.62,,25.11,96.79,16.325
1774658840884,3/27/2026,5:47:20 PM,23.4140625,23.09375,25.62,,25.11,96.79,16.325
1774658840935,3/27/2026,5:47:20 PM,23.4140625,23.09375,25.62,,25.11,96.79,16.325
1774658841093,3/27/2026,5:47:21 PM,23.4140625,23.0703125,25.62,,25.11,96.79,16.325
1774658841222,3/27/2026,5:47:21 PM,23.4140625,23.0703125,25.62,,25.11,96.79,16.325
1774658841466,3/27/2026,5:47:21 PM,23.4140625,23.0703125,25.62,,25.11,96.791,16.33
1774658841606,3/27/2026,5:47:21 PM,23.40625,23.0703125,25.62,,25.11,96.791,16.33
1774658841974,3/27/2026,5:47:21 PM,23.40625,23.0546875,25.62,,25.11,96.791,16.33
1774658842091,3/27/2026,5:47:22 PM,23.40625,23.0546875,25.61,,25.1,96.79,16.345
1774658842153,3/27/2026,5:47:22 PM,23.40625,23.0546875,25.61,,25.1,96.79,16.345
1774658842349,3/27/2026,5:47:22 PM,23.453125,23.0546875,25.61,,25.1,96.79,16.345
1774658842401,3/27/2026,5:47:22 PM,23.453125,22.9921875,25.61,,25.1,96.79,16.345
1774658842452,3/27/2026,5:47:22 PM,23.453125,22.9921875,25.61,,25.1,96.79,16.345
1774658842504,3/27/2026,5:47:22 PM,23.453125,22.9921875,25.61,,25.1,96.79,16.345
1774658842744,3/27/2026,5:47:22 PM,23.453125,22.9921875,25.61,,25.1,96.79,16.345
1774658842836,3/27/2026,5:47:22 PM,23.453125,22.9921875,25.61,,25.19,96.79,16.364
1774658842908,3/27/2026,5:47:22 PM,23.453125,22.9921875,25.61,,25.19,96.79,16.364
1774658842939,3/27/2026,5:47:22 PM,23.4140625,22.9921875,25.61,,25.19,96.79,16.364
1774658843090,3/27/2026,5:47:23 PM,23.4140625,22.9921875,25.61,,25.19,96.79,16.364
1774658843210,3/27/2026,5:47:23 PM,23.4140625,22.984375,25.61,,25.19,96.79,16.364
1774658843474,3/27/2026,5:47:23 PM,23.4140625,22.984375,25.61,,25.19,96.79,16.364
1774658843601,3/27/2026,5:47:23 PM,23.4140625,22.984375,25.61,,25.14,96.79,16.379
1774658843965,3/27/2026,5:47:23 PM,23.453125,23.09375,25.61,,25.14,96.79,16.379
1774658844088,3/27/2026,5:47:24 PM,23.453125,23.09375,25.61,,25.14,96.79,16.379
1774658844162,3/27/2026,5:47:24 PM,23.453125,23.09375,25.61,,25.14,96.79,16.379
1774658844350,3/27/2026,5:47:24 PM,23.453125,23.09375,25.61,,25.11,96.79,16.394
1774658844402,3/27/2026,5:47:24 PM,23.3828125,23.09375,25.61,,25.11,96.79,16.394
1774658844453,3/27/2026,5:47:24 PM,23.3828125,23.09375,25.61,,25.11,96.79,16.394
1774658844506,3/27/2026,5:47:24 PM,23.3828125,23.09375,25.61,,25.11,96.79,16.394
1774658844756,3/27/2026,5:47:24 PM,23.3828125,22.984375,25.61,,25.11,96.79,16.394
1774658844835,3/27/2026,5:47:24 PM,23.3828125,22.984375,25.61,,25.11,96.79,16.394
1774658844886,3/27/2026,5:47:24 PM,23.3828125,22.984375,25.61,,25.11,96.79,16.394
1774658844937,3/27/2026,5:47:24 PM,23.3828125,22.984375,25.61,,25.11,96.79,16.394
1774658845096,3/27/2026,5:47:25 PM,23.4140625,22.984375,25.61,,25.11,96.79,16.394
1774658845236,3/27/2026,5:47:25 PM,23.4140625,22.984375,25.61,,25.11,96.79,16.394
1774658845480,3/27/2026,5:47:25 PM,23.4140625,23.015625,25.61,,25.11,96.79,16.394
1774658845605,3/27/2026,5:47:25 PM,23.4140625,23.015625,25.61,,25.11,96.79,16.394
1774658845956,3/27/2026,5:47:25 PM,23.46875,23.015625,25.6,,25.185,96.79,16.413
1774658846096,3/27/2026,5:47:26 PM,23.46875,23.03125,25.6,,25.185,96.79,16.413
1774658846154,3/27/2026,5:47:26 PM,23.46875,23.03125,25.6,,25.185,96.79,16.413
1774658846360,3/27/2026,5:47:26 PM,23.46875,23.03125,25.6,,25.185,96.79,16.413
1774658846397,3/27/2026,5:47:26 PM,23.46875,23.03125,25.6,,25.185,96.79,16.438
1774658846449,3/27/2026,5:47:26 PM,23.46875,23.03125,25.6,,25.185,96.79,16.438
1774658846503,3/27/2026,5:47:26 PM,23.46875,23.03125,25.6,,25.185,96.79,16.438
1774658846739,3/27/2026,5:47:26 PM,23.4140625,23.0703125,25.6,,25.185,96.79,16.438
1774658846856,3/27/2026,5:47:26 PM,23.4140625,23.0703125,25.6,,25.185,96.79,16.438
1774658846909,3/27/2026,5:47:26 PM,23.4140625,23.0703125,25.6,,25.185,96.79,16.438
1774658846961,3/27/2026,5:47:26 PM,23.4140625,23.0703125,25.6,,25.185,96.79,16.438
1774658847086,3/27/2026,5:47:27 PM,23.4140625,23.0703125,25.6,,25.12,96.79,16.448
1774658847202,3/27/2026,5:47:27 PM,23.4140625,23.0703125,25.6,,25.12,96.79,16.448
1774658847472,3/27/2026,5:47:27 PM,23.453125,23.03125,25.6,,25.12,96.79,16.448
1774658847605,3/27/2026,5:47:27 PM,23.453125,23.03125,25.6,,25.12,96.79,16.448
1774658847956,3/27/2026,5:47:27 PM,23.453125,23.03125,25.6,,25.165,96.79,16.463
1774658848087,3/27/2026,5:47:28 PM,23.4140625,23.03125,25.6,,25.165,96.79,16.463
1774658848158,3/27/2026,5:47:28 PM,23.4140625,23.0703125,25.6,,25.165,96.79,16.463
1774658848363,3/27/2026,5:47:28 PM,23.4140625,23.0703125,25.6,,25.165,96.79,16.463
1774658848408,3/27/2026,5:47:28 PM,23.4140625,23.0703125,25.6,,25.165,96.79,16.463
1774658848458,3/27/2026,5:47:28 PM,23.4140625,23.0703125,25.6,,25.165,96.79,16.463
1774658848510,3/27/2026,5:47:28 PM,23.4140625,23.0703125,25.6,,25.165,96.79,16.463
1774658848743,3/27/2026,5:47:28 PM,23.3671875,23.0703125,25.6,,25.115,96.791,16.483
1774658848833,3/27/2026,5:47:28 PM,23.3671875,23.0703125,25.6,,25.115,96.791,16.483
1774658848883,3/27/2026,5:47:28 PM,23.3671875,23.0546875,25.6,,25.115,96.791,16.483
1774658848935,3/27/2026,5:47:28 PM,23.3671875,23.0546875,25.6,,25.115,96.791,16.483
1774658849094,3/27/2026,5:47:29 PM,23.3671875,23.0546875,25.6,,25.115,96.791,16.483
1774658849213,3/27/2026,5:47:29 PM,23.3671875,23.0546875,25.6,,25.115,96.791,16.483
1774658849467,3/27/2026,5:47:29 PM,23.3828125,23.0546875,25.6,,25.175,96.791,16.487
1774658849609,3/27/2026,5:47:29 PM,23.3828125,23.03125,25.6,,25.175,96.791,16.487
1774658849957,3/27/2026,5:47:29 PM,23.3828125,23.03125,25.6,,25.155,96.791,16.502
1774658850090,3/27/2026,5:47:30 PM,23.3828125,23.03125,25.6,,25.155,96.791,16.502
1774658850155,3/27/2026,5:47:30 PM,23.4765625,23.03125,25.6,,25.155,96.791,16.502
1774658850345,3/27/2026,5:47:30 PM,23.4765625,23.046875,25.6,,25.155,96.791,16.502
1774658850402,3/27/2026,5:47:30 PM,23.4765625,23.046875,25.6,,25.155,96.791,16.502
1774658850449,3/27/2026,5:47:30 PM,23.4765625,23.046875,25.6,,25.155,96.791,16.502
1774658850498,3/27/2026,5:47:30 PM,23.4765625,23.046875,25.6,,25.155,96.791,16.502
1774658850743,3/27/2026,5:47:30 PM,23.4765625,23.046875,25.6,,25.175,96.79,16.512
1774658850836,3/27/2026,5:47:30 PM,23.40625,23.046875,25.6,,25.175,96.79,16.512
1774658850889,3/27/2026,5:47:30 PM,23.40625,23.046875,25.6,,25.175,96.79,16.512
1774658850940,3/27/2026,5:47:30 PM,23.40625,23.046875,25.6,,25.175,96.79,16.512
1774658851141,3/27/2026,5:47:31 PM,23.40625,23.015625,25.6,,25.175,96.79,16.512
1774658851199,3/27/2026,5:47:31 PM,23.40625,23.015625,25.6,,25.175,96.79,16.512
1774658851466,3/27/2026,5:47:31 PM,23.40625,23.015625,25.6,,25.135,96.79,16.522
1774658851604,3/27/2026,5:47:31 PM,23.46875,23.015625,25.6,,25.135,96.79,16.522
1774658851960,3/27/2026,5:47:31 PM,23.46875,23.0546875,25.6,,25.135,96.79,16.522
1774658852082,3/27/2026,5:47:32 PM,23.46875,23.0546875,25.6,,25.135,96.79,16.522
1774658852194,3/27/2026,5:47:32 PM,23.46875,23.0546875,25.6,,25.1,96.789,16.537
1774658852348,3/27/2026,5:47:32 PM,23.4296875,23.0546875,25.6,,25.1,96.789,16.537
1774658852400,3/27/2026,5:47:32 PM,23.4296875,23.0546875,25.6,,25.1,96.789,16.537
1774658852450,3/27/2026,5:47:32 PM,23.4296875,23.0703125,25.6,,25.1,96.789,16.537
1774658852502,3/27/2026,5:47:32 PM,23.4296875,23.0703125,25.6,,25.1,96.789,16.537
1774658852739,3/27/2026,5:47:32 PM,23.4296875,23.0703125,25.6,,25.1,96.789,16.537
1774658852832,3/27/2026,5:47:32 PM,23.4296875,23.0703125,25.61,,25.115,96.789,16.537
1774658852885,3/27/2026,5:47:32 PM,23.4296875,23.0703125,25.61,,25.115,96.789,16.537
1774658852933,3/27/2026,5:47:32 PM,23.4296875,23.0703125,25.61,,25.115,96.789,16.537
1774658853104,3/27/2026,5:47:33 PM,23.5390625,23.0703125,25.61,,25.115,96.789,16.537
1774658853247,3/27/2026,5:47:33 PM,23.5390625,23.078125,25.61,,25.115,96.789,16.537
1774658853474,3/27/2026,5:47:33 PM,23.5390625,23.078125,25.61,,25.115,96.789,16.537
1774658853603,3/27/2026,5:47:33 PM,23.5390625,23.078125,25.61,,25.18,96.789,16.552
1774658853955,3/27/2026,5:47:33 PM,23.390625,23.046875,25.61,,25.18,96.789,16.552
1774658854077,3/27/2026,5:47:34 PM,23.390625,23.046875,25.61,,25.18,96.789,16.552
1774658854169,3/27/2026,5:47:34 PM,23.390625,23.046875,25.61,,25.18,96.789,16.552
1774658854349,3/27/2026,5:47:34 PM,23.390625,23.046875,25.6,,25.12,96.788,16.562
1774658854404,3/27/2026,5:47:34 PM,23.390625,23.046875,25.6,,25.12,96.788,16.562
1774658854451,3/27/2026,5:47:34 PM,23.4296875,23.046875,25.6,,25.12,96.788,16.562
1774658854505,3/27/2026,5:47:34 PM,23.4296875,23.046875,25.6,,25.12,96.788,16.562
1774658854742,3/27/2026,5:47:34 PM,23.4296875,23.015625,25.6,,25.12,96.788,16.562
1774658854842,3/27/2026,5:47:34 PM,23.4296875,23.015625,25.6,,25.12,96.788,16.562
1774658854890,3/27/2026,5:47:34 PM,23.4296875,23.015625,25.6,,25.12,96.788,16.562
1774658854941,3/27/2026,5:47:34 PM,23.4296875,23.015625,25.6,,25.12,96.788,16.562
1774658855088,3/27/2026,5:47:35 PM,23.4296875,23.015625,25.6,,25.14,96.788,16.542
1774658855209,3/27/2026,5:47:35 PM,23.40625,23.015625,25.6,,25.14,96.788,16.542
1774658855472,3/27/2026,5:47:35 PM,23.40625,23.0078125,25.6,,25.14,96.788,16.542
1774658855608,3/27/2026,5:47:35 PM,23.40625,23.0078125,25.6,,25.14,96.788,16.542
1774658855998,3/27/2026,5:47:35 PM,23.46875,23.0078125,25.61,,25.16,96.788,16.552
1774658856085,3/27/2026,5:47:36 PM,23.46875,23.0703125,25.61,,25.16,96.788,16.552
1774658856155,3/27/2026,5:47:36 PM,23.46875,23.0703125,25.61,,25.16,96.788,16.552
1774658856347,3/27/2026,5:47:36 PM,23.46875,23.0703125,25.61,,25.16,96.788,16.552
1774658856456,3/27/2026,5:47:36 PM,23.46875,23.0703125,25.61,,25.12,96.789,16.567
1774658856500,3/27/2026,5:47:36 PM,23.46875,23.0703125,25.61,,25.12,96.789,16.567
1774658856553,3/27/2026,5:47:36 PM,23.46875,23.0703125,25.61,,25.12,96.789,16.567
1774658856764,3/27/2026,5:47:36 PM,23.4765625,23.0546875,25.61,,25.12,96.789,16.567
1774658856835,3/27/2026,5:47:36 PM,23.4765625,23.0546875,25.61,,25.12,96.789,16.567
1774658856893,3/27/2026,5:47:36 PM,23.4765625,23.0546875,25.61,,25.12,96.789,16.567
1774658856937,3/27/2026,5:47:36 PM,23.4765625,23.0546875,25.61,,25.12,96.789,16.567
1774658857099,3/27/2026,5:47:37 PM,23.4765625,23.0546875,25.61,,25.12,96.789,16.567
1774658857217,3/27/2026,5:47:37 PM,23.4765625,23.0546875,25.61,,25.185,96.79,16.562
1774658857499,3/27/2026,5:47:37 PM,23.359375,22.9921875,25.61,,25.185,96.79,16.562
1774658857622,3/27/2026,5:47:37 PM,23.359375,22.9921875,25.61,,25.185,96.79,16.562
1774658857954,3/27/2026,5:47:37 PM,23.359375,22.9921875,25.6,,25.08,96.79,16.577
1774658858084,3/27/2026,5:47:38 PM,23.4375,22.9921875,25.6,,25.08,96.79,16.577
1774658858159,3/27/2026,5:47:38 PM,23.4375,22.9921875,25.6,,25.08,96.79,16.577
1774658858346,3/27/2026,5:47:38 PM,23.4375,23.015625,25.6,,25.08,96.79,16.577
1774658858397,3/27/2026,5:47:38 PM,23.4375,23.015625,25.6,,25.08,96.79,16.577
1774658858454,3/27/2026,5:47:38 PM,23.4375,23.015625,25.6,,25.08,96.79,16.577
1774658858500,3/27/2026,5:47:38 PM,23.4375,23.015625,25.6,,25.08,96.79,16.577
1774658858741,3/27/2026,5:47:38 PM,23.4375,23.015625,25.6,,25.11,96.79,16.567
1774658858845,3/27/2026,5:47:38 PM,23.5,23.015625,25.6,,25.11,96.79,16.567
1774658858886,3/27/2026,5:47:38 PM,23.5,23.015625,25.6,,25.11,96.79,16.567
1774658858937,3/27/2026,5:47:38 PM,23.5,23.03125,25.6,,25.11,96.79,16.567
1774658859092,3/27/2026,5:47:39 PM,23.5,23.03125,25.6,,25.11,96.79,16.567
1774658859223,3/27/2026,5:47:39 PM,23.5,23.03125,25.6,,25.11,96.79,16.567
1774658859467,3/27/2026,5:47:39 PM,23.5,23.03125,25.6,,25.165,96.789,16.572
1774658859655,3/27/2026,5:47:39 PM,23.4296875,23.1015625,25.6,,25.165,96.789,16.572
1774658859953,3/27/2026,5:47:39 PM,23.4296875,23.1015625,25.6,,25.165,96.789,16.572
1774658860074,3/27/2026,5:47:40 PM,23.4296875,23.1015625,25.6,,25.145,96.789,16.587
1774658860154,3/27/2026,5:47:40 PM,23.4296875,23.1015625,25.6,,25.145,96.789,16.587
1774658860354,3/27/2026,5:47:40 PM,23.390625,23.0703125,25.6,,25.145,96.789,16.587
1774658860401,3/27/2026,5:47:40 PM,23.390625,23.0703125,25.6,,25.145,96.789,16.587
1774658860452,3/27/2026,5:47:40 PM,23.390625,23.0703125,25.6,,25.145,96.789,16.587
1774658860503,3/27/2026,5:47:40 PM,23.390625,23.0703125,25.6,,25.145,96.789,16.587
1774658860740,3/27/2026,5:47:40 PM,23.390625,23.0703125,25.6,,25.115,96.789,16.596
1774658860833,3/27/2026,5:47:40 PM,23.390625,23.0703125,25.6,,25.115,96.789,16.596
1774658860885,3/27/2026,5:47:40 PM,23.390625,23.0703125,25.6,,25.115,96.789,16.596
1774658860936,3/27/2026,5:47:40 PM,23.390625,23.0703125,25.6,,25.115,96.789,16.596
1774658861089,3/27/2026,5:47:41 PM,23.390625,23.015625,25.6,,25.115,96.789,16.596
1774658861208,3/27/2026,5:47:41 PM,23.390625,23.015625,25.6,,25.115,96.789,16.596
1774658861471,3/27/2026,5:47:41 PM,23.390625,23.015625,25.6,,25.14,96.789,16.591
1774658861603,3/27/2026,5:47:41 PM,23.390625,23.015625,25.6,,25.14,96.789,16.591
1774658861959,3/27/2026,5:47:41 PM,23.4140625,23.03125,25.6,,25.14,96.789,16.591
1774658862083,3/27/2026,5:47:42 PM,23.4140625,23.03125,25.6,,25.14,96.789,16.591
1774658862157,3/27/2026,5:47:42 PM,23.4140625,23.03125,25.6,,25.14,96.789,16.591
1774658862347,3/27/2026,5:47:42 PM,23.328125,23.03125,25.6,,25.115,96.789,16.606
1774658862404,3/27/2026,5:47:42 PM,23.328125,23.03125,25.6,,25.115,96.789,16.606
1774658862451,3/27/2026,5:47:42 PM,23.328125,23.03125,25.6,,25.115,96.789,16.606
1774658862503,3/27/2026,5:47:42 PM,23.328125,23.03125,25.6,,25.115,96.789,16.606
1774658862743,3/27/2026,5:47:42 PM,23.328125,23.0703125,25.6,,25.115,96.789,16.606
1774658862844,3/27/2026,5:47:42 PM,23.328125,23.0703125,25.6,,25.115,96.789,16.606
1774658862927,3/27/2026,5:47:42 PM,23.328125,23.0703125,25.6,,25.115,96.789,16.616
1774658862946,3/27/2026,5:47:42 PM,23.328125,23.0703125,25.6,,25.08,96.789,16.616
1774658863103,3/27/2026,5:47:43 PM,23.4296875,23.0703125,25.6,,25.08,96.789,16.616
1774658863199,3/27/2026,5:47:43 PM,23.4296875,23.0703125,25.6,,25.08,96.789,16.616
1774658863465,3/27/2026,5:47:43 PM,23.4296875,23.1171875,25.6,,25.08,96.789,16.616
1774658863601,3/27/2026,5:47:43 PM,23.4296875,23.1171875,25.6,,25.08,96.789,16.616
1774658863955,3/27/2026,5:47:43 PM,23.453125,23.0078125,25.6,,25.155,96.79,16.611
1774658864080,3/27/2026,5:47:44 PM,23.453125,23.0078125,25.6,,25.155,96.79,16.611
1774658864157,3/27/2026,5:47:44 PM,23.453125,23.0078125,25.6,,25.155,96.79,16.611
1774658864348,3/27/2026,5:47:44 PM,23.453125,23.0078125,25.6,,25.175,96.79,16.616
1774658864400,3/27/2026,5:47:44 PM,23.453125,23.0078125,25.6,,25.175,96.79,16.616
1774658864450,3/27/2026,5:47:44 PM,23.453125,23.0078125,25.6,,25.175,96.79,16.616
1774658864501,3/27/2026,5:47:44 PM,23.5,23.0078125,25.6,,25.175,96.79,16.616
1774658864743,3/27/2026,5:47:44 PM,23.5,23.0078125,25.6,,25.175,96.79,16.616
1774658864835,3/27/2026,5:47:44 PM,23.5,23.0078125,25.6,,25.175,96.79,16.616
1774658864888,3/27/2026,5:47:44 PM,23.5,23.0078125,25.6,,25.175,96.79,16.616
1774658864991,3/27/2026,5:47:44 PM,23.5,23.0078125,25.6,,25.175,96.79,16.616
1774658865107,3/27/2026,5:47:45 PM,23.5,23.0078125,25.6,,25.18,96.79,16.641
1774658865204,3/27/2026,5:47:45 PM,23.5,23.0078125,25.6,,25.18,96.79,16.641
1774658865483,3/27/2026,5:47:45 PM,23.4140625,23.078125,25.6,,25.18,96.79,16.641
1774658865619,3/27/2026,5:47:45 PM,23.4140625,23.078125,25.6,,25.18,96.79,16.641
1774658865962,3/27/2026,5:47:45 PM,23.4140625,23.078125,25.6,,25.16,96.789,16.631
1774658866131,3/27/2026,5:47:46 PM,23.4140625,23.078125,25.6,,25.16,96.789,16.631
1774658866170,3/27/2026,5:47:46 PM,23.4140625,23.03125,25.6,,25.16,96.789,16.631
1774658866351,3/27/2026,5:47:46 PM,23.4140625,23.03125,25.6,,25.16,96.789,16.631
1774658866401,3/27/2026,5:47:46 PM,23.4140625,23.03125,25.6,,25.16,96.789,16.631
1774658866453,3/27/2026,5:47:46 PM,23.4140625,23.03125,25.6,,25.16,96.789,16.631
1774658866506,3/27/2026,5:47:46 PM,23.4140625,23.03125,25.6,,25.225,96.79,16.636
1774658866751,3/27/2026,5:47:46 PM,23.40625,23.03125,25.6,,25.225,96.79,16.636
1774658866841,3/27/2026,5:47:46 PM,23.40625,23.015625,25.6,,25.225,96.79,16.636
1774658866894,3/27/2026,5:47:46 PM,23.40625,23.015625,25.6,,25.225,96.79,16.636
1774658866944,3/27/2026,5:47:46 PM,23.40625,23.015625,25.6,,25.225,96.79,16.636
1774658867115,3/27/2026,5:47:47 PM,23.40625,23.015625,25.6,,25.225,96.79,16.636
1774658867208,3/27/2026,5:47:47 PM,23.40625,23.015625,25.6,,25.225,96.79,16.636
1774658867466,3/27/2026,5:47:47 PM,23.4140625,23.015625,25.6,,25.1,96.79,16.646
1774658867607,3/27/2026,5:47:47 PM,23.4140625,23.0078125,25.6,,25.1,96.79,16.646
1774658867965,3/27/2026,5:47:47 PM,23.4140625,23.0078125,25.61,,25.225,96.79,16.636
1774658868079,3/27/2026,5:47:48 PM,23.4140625,23.0078125,25.61,,25.225,96.79,16.636
1774658868181,3/27/2026,5:47:48 PM,23.4296875,23.0078125,25.61,,25.225,96.79,16.636
1774658868356,3/27/2026,5:47:48 PM,23.4296875,23.078125,25.61,,25.225,96.79,16.636
1774658868405,3/27/2026,5:47:48 PM,23.4296875,23.078125,25.61,,25.225,96.79,16.636
1774658868456,3/27/2026,5:47:48 PM,23.4296875,23.078125,25.61,,25.225,96.79,16.636
1774658868508,3/27/2026,5:47:48 PM,23.4296875,23.078125,25.61,,25.225,96.79,16.636
1774658868740,3/27/2026,5:47:48 PM,23.4296875,23.078125,25.6,,25.12,96.792,16.636
1774658868837,3/27/2026,5:47:48 PM,23.390625,23.078125,25.6,,25.12,96.792,16.636
1774658868891,3/27/2026,5:47:48 PM,23.390625,23.078125,25.6,,25.12,96.792,16.636
1774658868940,3/27/2026,5:47:48 PM,23.390625,23.078125,25.6,,25.12,96.792,16.636
1774658869091,3/27/2026,5:47:49 PM,23.390625,23.078125,25.6,,25.12,96.792,16.636
1774658869231,3/27/2026,5:47:49 PM,23.390625,23.078125,25.6,,25.12,96.792,16.636
1774658869472,3/27/2026,5:47:49 PM,23.390625,23.078125,25.6,,25.23,96.791,16.651
1774658869608,3/27/2026,5:47:49 PM,23.46875,23.078125,25.6,,25.23,96.791,16.651
1774658869956,3/27/2026,5:47:49 PM,23.46875,23.0703125,25.6,,25.23,96.791,16.651
1774658870083,3/27/2026,5:47:50 PM,23.46875,23.0703125,25.6,,25.23,96.791,16.651
1774658870166,3/27/2026,5:47:50 PM,23.46875,23.0703125,25.6,,25.085,96.792,16.641
1774658870349,3/27/2026,5:47:50 PM,23.4375,23.0703125,25.6,,25.085,96.792,16.641
1774658870399,3/27/2026,5:47:50 PM,23.4375,23.0703125,25.6,,25.085,96.792,16.641
1774658870451,3/27/2026,5:47:50 PM,23.4375,22.9609375,25.6,,25.085,96.792,16.641
1774658870502,3/27/2026,5:47:50 PM,23.4375,22.9609375,25.6,,25.085,96.792,16.641
1774658870746,3/27/2026,5:47:50 PM,23.4375,22.9609375,25.6,,25.085,96.792,16.641
1774658870830,3/27/2026,5:47:50 PM,23.4375,22.9609375,25.6,,25.13,96.792,16.646
1774658870883,3/27/2026,5:47:50 PM,23.4375,22.9609375,25.6,,25.13,96.792,16.646
1774658870934,3/27/2026,5:47:50 PM,23.4375,22.9609375,25.6,,25.13,96.792,16.646
1774658871097,3/27/2026,5:47:51 PM,23.390625,22.9609375,25.6,,25.13,96.792,16.646
1774658871215,3/27/2026,5:47:51 PM,23.390625,23.0546875,25.6,,25.13,96.792,16.646
1774658871464,3/27/2026,5:47:51 PM,23.390625,23.0546875,25.6,,25.13,96.792,16.646
1774658871604,3/27/2026,5:47:51 PM,23.390625,23.0546875,25.6,,25.23,96.791,16.651
1774658871960,3/27/2026,5:47:51 PM,23.4296875,23.03125,25.6,,25.23,96.791,16.651
1774658872078,3/27/2026,5:47:52 PM,23.4296875,23.03125,25.6,,25.23,96.791,16.651
1774658872262,3/27/2026,5:47:52 PM,23.4296875,23.03125,25.6,,25.23,96.791,16.651
1774658872386,3/27/2026,5:47:52 PM,23.4296875,23.03125,25.6,,25.135,96.791,16.651
1774658872436,3/27/2026,5:47:52 PM,23.4140625,23.03125,25.6,,25.135,96.791,16.651
1774658872487,3/27/2026,5:47:52 PM,23.4140625,23.03125,25.6,,25.135,96.791,16.651
1774658872539,3/27/2026,5:47:52 PM,23.4140625,23.03125,25.6,,25.135,96.791,16.651
1774658872749,3/27/2026,5:47:52 PM,23.4140625,22.9453125,25.6,,25.135,96.791,16.651
1774658872837,3/27/2026,5:47:52 PM,23.4140625,22.9453125,25.6,,25.135,96.791,16.651
1774658872887,3/27/2026,5:47:52 PM,23.4140625,22.9453125,25.6,,25.135,96.791,16.651
1774658872939,3/27/2026,5:47:52 PM,23.4140625,22.9453125,25.6,,25.135,96.791,16.651
1774658873085,3/27/2026,5:47:53 PM,23.4140625,22.9453125,25.6,,25.165,96.791,16.656
1774658873211,3/27/2026,5:47:53 PM,23.4296875,22.9453125,25.6,,25.165,96.791,16.656
1774658873477,3/27/2026,5:47:53 PM,23.4296875,23.03125,25.6,,25.165,96.791,16.656
1774658873623,3/27/2026,5:47:53 PM,23.4296875,23.03125,25.6,,25.165,96.791,16.656
1774658873961,3/27/2026,5:47:53 PM,23.4375,23.03125,25.6,,25.1,96.791,16.651
1774658874081,3/27/2026,5:47:54 PM,23.4375,22.9921875,25.6,,25.1,96.791,16.651
1774658874158,3/27/2026,5:47:54 PM,23.4375,22.9921875,25.6,,25.1,96.791,16.651
1774658874347,3/27/2026,5:47:54 PM,23.4375,22.9921875,25.6,,25.1,96.791,16.651
1774658874402,3/27/2026,5:47:54 PM,23.4375,22.9921875,25.6,,25.1,96.791,16.651
1774658874449,3/27/2026,5:47:54 PM,23.4375,22.9921875,25.6,,25.1,96.79,16.656
1774658874500,3/27/2026,5:47:54 PM,23.4375,22.9921875,25.6,,25.1,96.79,16.656
1774658874745,3/27/2026,5:47:54 PM,23.34375,23.09375,25.6,,25.1,96.79,16.656
1774658874844,3/27/2026,5:47:54 PM,23.34375,23.09375,25.6,,25.1,96.79,16.656
1774658874889,3/27/2026,5:47:54 PM,23.34375,23.09375,25.6,,25.1,96.79,16.656
1774658874940,3/27/2026,5:47:54 PM,23.34375,23.09375,25.6,,25.1,96.79,16.656
1774658875095,3/27/2026,5:47:55 PM,23.34375,23.09375,25.6,,25.1,96.79,16.656
1774658875211,3/27/2026,5:47:55 PM,23.34375,23.09375,25.6,,25.055,96.791,16.661
1774658875464,3/27/2026,5:47:55 PM,23.3828125,23.046875,25.6,,25.055,96.791,16.661
1774658875655,3/27/2026,5:47:55 PM,23.3828125,23.046875,25.6,,25.055,96.791,16.661
1774658875963,3/27/2026,5:47:55 PM,23.3828125,23.046875,25.6,,25.15,96.791,16.665
1774658876088,3/27/2026,5:47:56 PM,23.4765625,23.046875,25.6,,25.15,96.791,16.665
1774658876153,3/27/2026,5:47:56 PM,23.4765625,23.046875,25.6,,25.15,96.791,16.665
1774658876354,3/27/2026,5:47:56 PM,23.4765625,23.015625,25.6,,25.15,96.791,16.665
1774658876401,3/27/2026,5:47:56 PM,23.4765625,23.015625,25.6,,25.15,96.791,16.665
1774658876449,3/27/2026,5:47:56 PM,23.4765625,23.015625,25.6,,25.15,96.791,16.665
1774658876502,3/27/2026,5:47:56 PM,23.4765625,23.015625,25.6,,25.15,96.791,16.665
1774658876747,3/27/2026,5:47:56 PM,23.46875,23.015625,25.6,,25.18,96.792,16.651
1774658876834,3/27/2026,5:47:56 PM,23.46875,23.015625,25.6,,25.18,96.792,16.651
1774658876884,3/27/2026,5:47:56 PM,23.46875,23.015625,25.6,,25.18,96.792,16.651
1774658876936,3/27/2026,5:47:56 PM,23.46875,23.1171875,25.6,,25.18,96.792,16.651
1774658877090,3/27/2026,5:47:57 PM,23.46875,23.1171875,25.6,,25.18,96.792,16.651
1774658877205,3/27/2026,5:47:57 PM,23.46875,23.1171875,25.6,,25.18,96.792,16.651
1774658877473,3/27/2026,5:47:57 PM,23.46875,23.1171875,25.6,,25.11,96.791,16.67
1774658877802,3/27/2026,5:47:57 PM,23.46875,23.1171875,25.6,,25.11,96.791,16.67
1774658877959,3/27/2026,5:47:57 PM,23.46875,23.078125,25.6,,25.11,96.791,16.67
1774658878086,3/27/2026,5:47:58 PM,23.46875,23.078125,25.6,,25.16,96.79,16.665
1774658878162,3/27/2026,5:47:58 PM,23.3828125,23.078125,25.6,,25.16,96.79,16.665
1774658878355,3/27/2026,5:47:58 PM,23.3828125,23.03125,25.6,,25.16,96.79,16.665
1774658878414,3/27/2026,5:47:58 PM,23.3828125,23.03125,25.6,,25.16,96.79,16.665
1774658878455,3/27/2026,5:47:58 PM,23.3828125,23.03125,25.6,,25.16,96.79,16.665
1774658878511,3/27/2026,5:47:58 PM,23.3828125,23.03125,25.6,,25.16,96.79,16.665
1774658878743,3/27/2026,5:47:58 PM,23.3828125,23.03125,25.6,,25.08,96.79,16.65
1774658878843,3/27/2026,5:47:58 PM,23.3828125,23.03125,25.6,,25.08,96.79,16.65
1774658878897,3/27/2026,5:47:58 PM,23.4375,23.03125,25.6,,25.08,96.79,16.65
1774658878947,3/27/2026,5:47:58 PM,23.4375,23.03125,25.6,,25.08,96.79,16.65
1774658879113,3/27/2026,5:47:59 PM,23.4375,23.0546875,25.6,,25.08,96.79,16.65
1774658879211,3/27/2026,5:47:59 PM,23.4375,23.0546875,25.6,,25.08,96.79,16.65
1774658879470,3/27/2026,5:47:59 PM,23.4375,23.0546875,25.59,,25.165,96.789,16.66
1774658879610,3/27/2026,5:47:59 PM,23.390625,23.0546875,25.59,,25.165,96.789,16.66
1774658879955,3/27/2026,5:47:59 PM,23.390625,23.125,25.59,,25.165,96.789,16.66
1774658880078,3/27/2026,5:48:00 PM,23.390625,23.125,25.59,,25.165,96.789,16.66
1774658880155,3/27/2026,5:48:00 PM,23.390625,23.125,25.59,,25.095,96.79,16.67
1774658880374,3/27/2026,5:48:00 PM,23.4765625,23.125,25.59,,25.095,96.79,16.67
1774658880400,3/27/2026,5:48:00 PM,23.4765625,23.125,25.59,,25.095,96.79,16.67
1774658880449,3/27/2026,5:48:00 PM,23.4765625,23.125,25.59,,25.095,96.79,16.67
1774658880500,3/27/2026,5:48:00 PM,23.4765625,23.1015625,25.59,,25.095,96.79,16.67
1774658880743,3/27/2026,5:48:00 PM,23.4765625,23.1015625,25.59,,25.095,96.79,16.67
1774658880837,3/27/2026,5:48:00 PM,23.4765625,23.1015625,25.59,,25.095,96.79,16.67
1774658880887,3/27/2026,5:48:00 PM,23.4765625,23.1015625,25.59,,25.13,96.789,16.655
1774658880939,3/27/2026,5:48:00 PM,23.4765625,23.1015625,25.59,,25.13,96.789,16.655
1774658881088,3/27/2026,5:48:01 PM,23.4921875,23.1015625,25.59,,25.13,96.789,16.655
1774658881393,3/27/2026,5:48:01 PM,23.4921875,23.1171875,25.59,,25.13,96.789,16.655
1774658881474,3/27/2026,5:48:01 PM,23.4921875,23.1171875,25.59,,25.13,96.789,16.655
1774658881646,3/27/2026,5:48:01 PM,23.4921875,23.1171875,25.6,,25.14,96.791,16.665
1774658881958,3/27/2026,5:48:01 PM,23.46875,23.0546875,25.6,,25.14,96.791,16.665
1774658882093,3/27/2026,5:48:02 PM,23.46875,23.0546875,25.6,,25.14,96.791,16.665
1774658882155,3/27/2026,5:48:02 PM,23.46875,23.0546875,25.6,,25.14,96.791,16.665
1774658882351,3/27/2026,5:48:02 PM,23.46875,23.0546875,25.6,,25.145,96.791,16.655
1774658882405,3/27/2026,5:48:02 PM,23.46875,23.0546875,25.6,,25.145,96.791,16.655
1774658882454,3/27/2026,5:48:02 PM,23.46875,23.0546875,25.6,,25.145,96.791,16.655
1774658882504,3/27/2026,5:48:02 PM,23.4296875,23.0546875,25.6,,25.145,96.791,16.655
1774658882740,3/27/2026,5:48:02 PM,23.4296875,23.0703125,25.6,,25.145,96.791,16.655
1774658882834,3/27/2026,5:48:02 PM,23.4296875,23.0703125,25.6,,25.145,96.791,16.655
1774658882886,3/27/2026,5:48:02 PM,23.4296875,23.0703125,25.6,,25.145,96.791,16.655
1774658882937,3/27/2026,5:48:02 PM,23.4296875,23.0703125,25.6,,25.145,96.791,16.655
1774658883090,3/27/2026,5:48:03 PM,23.4296875,23.0703125,25.59,,25.145,96.791,16.655
1774658883213,3/27/2026,5:48:03 PM,23.4921875,23.0703125,25.59,,25.145,96.791,16.655
1774658883482,3/27/2026,5:48:03 PM,23.4921875,23.0703125,25.59,,25.145,96.791,16.655
1774658883607,3/27/2026,5:48:03 PM,23.4921875,23.0703125,25.59,,25.145,96.791,16.655
1774658883963,3/27/2026,5:48:03 PM,23.4296875,23.0703125,25.59,,25.195,96.79,16.65
1774658884106,3/27/2026,5:48:04 PM,23.4296875,23.125,25.59,,25.195,96.79,16.65
1774658884165,3/27/2026,5:48:04 PM,23.4296875,23.125,25.59,,25.195,96.79,16.65
1774658884353,3/27/2026,5:48:04 PM,23.4296875,23.125,25.59,,25.195,96.79,16.65
1774658884406,3/27/2026,5:48:04 PM,23.4296875,23.125,25.59,,25.195,96.79,16.65
1774658884454,3/27/2026,5:48:04 PM,23.4296875,23.125,25.59,,25.195,96.79,16.65
1774658884512,3/27/2026,5:48:04 PM,23.4296875,23.125,25.59,,25.125,96.789,16.645
1774658884742,3/27/2026,5:48:04 PM,23.4375,23.125,25.59,,25.125,96.789,16.645
1774658884834,3/27/2026,5:48:04 PM,23.4375,23.0703125,25.59,,25.125,96.789,16.645
1774658884882,3/27/2026,5:48:04 PM,23.4375,23.0703125,25.59,,25.125,96.789,16.645
1774658884937,3/27/2026,5:48:04 PM,23.4375,23.0703125,25.59,,25.125,96.789,16.645
1774658885092,3/27/2026,5:48:05 PM,23.4375,23.0703125,25.59,,25.125,96.789,16.645
1774658885238,3/27/2026,5:48:05 PM,23.4375,23.0703125,25.59,,25.1,96.79,16.65
1774658885477,3/27/2026,5:48:05 PM,23.3828125,23.0703125,25.59,,25.1,96.79,16.65
1774658885601,3/27/2026,5:48:05 PM,23.3828125,23.15625,25.59,,25.1,96.79,16.65
1774658885957,3/27/2026,5:48:05 PM,23.3828125,23.15625,25.59,,25.195,96.789,16.645
1774658886082,3/27/2026,5:48:06 PM,23.3828125,23.15625,25.59,,25.195,96.789,16.645
1774658886156,3/27/2026,5:48:06 PM,23.3828125,23.15625,25.59,,25.195,96.789,16.645
1774658886392,3/27/2026,5:48:06 PM,23.3828125,23.0546875,25.59,,25.195,96.789,16.645
1774658886443,3/27/2026,5:48:06 PM,23.3828125,23.0546875,25.59,,25.195,96.789,16.645
1774658886493,3/27/2026,5:48:06 PM,23.3828125,23.0546875,25.59,,25.195,96.789,16.645
1774658886543,3/27/2026,5:48:06 PM,23.3828125,23.0546875,25.59,,25.195,96.789,16.645
1774658886744,3/27/2026,5:48:06 PM,23.3828125,23.0546875,25.59,,25.215,96.789,16.64
1774658886834,3/27/2026,5:48:06 PM,23.4375,23.0546875,25.59,,25.215,96.789,16.64
1774658886889,3/27/2026,5:48:06 PM,23.4375,23.0546875,25.59,,25.215,96.789,16.64
1774658886937,3/27/2026,5:48:06 PM,23.4375,23.0546875,25.59,,25.215,96.789,16.64
1774658887088,3/27/2026,5:48:07 PM,23.4375,23.0703125,25.59,,25.215,96.789,16.64
1774658887209,3/27/2026,5:48:07 PM,23.4375,23.0703125,25.59,,25.215,96.789,16.64
1774658887467,3/27/2026,5:48:07 PM,23.4375,23.0703125,25.59,,25.18,96.79,16.645
1774658887608,3/27/2026,5:48:07 PM,23.390625,23.0703125,25.59,,25.18,96.79,16.645
1774658887955,3/27/2026,5:48:07 PM,23.390625,23.046875,25.59,,25.18,96.79,16.645
1774658888076,3/27/2026,5:48:08 PM,23.390625,23.046875,25.59,,25.19,96.791,16.645
1774658888155,3/27/2026,5:48:08 PM,23.390625,23.046875,25.59,,25.19,96.791,16.645
1774658888354,3/27/2026,5:48:08 PM,23.40625,23.046875,25.59,,25.19,96.791,16.645
1774658888409,3/27/2026,5:48:08 PM,23.40625,23.0546875,25.59,,25.19,96.791,16.645
1774658888459,3/27/2026,5:48:08 PM,23.40625,23.0546875,25.59,,25.19,96.791,16.645
1774658888510,3/27/2026,5:48:08 PM,23.40625,23.0546875,25.59,,25.19,96.791,16.645
1774658888745,3/27/2026,5:48:08 PM,23.40625,23.0546875,25.59,,25.19,96.791,16.645
1774658888831,3/27/2026,5:48:08 PM,23.40625,23.0546875,25.6,,25.155,96.791,16.65
1774658888884,3/27/2026,5:48:08 PM,23.40625,23.0546875,25.6,,25.155,96.791,16.65
1774658888935,3/27/2026,5:48:08 PM,23.40625,23.0546875,25.6,,25.155,96.791,16.65
1774658889091,3/27/2026,5:48:09 PM,23.453125,23.0546875,25.6,,25.155,96.791,16.65
1774658889212,3/27/2026,5:48:09 PM,23.453125,23.03125,25.6,,25.155,96.791,16.65
1774658889510,3/27/2026,5:48:09 PM,23.453125,23.03125,25.6,,25.13,96.791,16.626
1774658889604,3/27/2026,5:48:09 PM,23.453125,23.03125,25.6,,25.13,96.791,16.626
1774658889959,3/27/2026,5:48:09 PM,23.40625,23.0703125,25.6,,25.13,96.791,16.626
1774658890082,3/27/2026,5:48:10 PM,23.40625,23.0703125,25.6,,25.13,96.791,16.626
1774658890220,3/27/2026,5:48:10 PM,23.40625,23.0703125,25.6,,25.13,96.791,16.626
1774658890353,3/27/2026,5:48:10 PM,23.40625,23.0703125,25.59,,25.14,96.791,16.636
1774658890405,3/27/2026,5:48:10 PM,23.4375,23.0703125,25.59,,25.14,96.791,16.636
1774658890454,3/27/2026,5:48:10 PM,23.4375,23.0703125,25.59,,25.14,96.791,16.636
1774658890510,3/27/2026,5:48:10 PM,23.4375,23.0703125,25.59,,25.14,96.791,16.636
1774658890759,3/27/2026,5:48:10 PM,23.4375,23.078125,25.59,,25.14,96.791,16.636
1774658890840,3/27/2026,5:48:10 PM,23.4375,23.078125,25.59,,25.14,96.791,16.636
1774658890892,3/27/2026,5:48:10 PM,23.4375,23.078125,25.59,,25.14,96.791,16.636
1774658890941,3/27/2026,5:48:10 PM,23.4375,23.078125,25.6,,25.15,96.791,16.631
1774658891090,3/27/2026,5:48:11 PM,23.4375,23.078125,25.6,,25.15,96.791,16.631
1774658891208,3/27/2026,5:48:11 PM,23.4921875,23.078125,25.6,,25.15,96.791,16.631
1774658891465,3/27/2026,5:48:11 PM,23.4921875,23.0703125,25.6,,25.15,96.791,16.631
1774658891602,3/27/2026,5:48:11 PM,23.4921875,23.0703125,25.6,,25.15,96.791,16.631
1774658891960,3/27/2026,5:48:11 PM,23.46875,23.0703125,25.6,,25.105,96.791,16.631
1774658892081,3/27/2026,5:48:12 PM,23.46875,23.015625,25.6,,25.105,96.791,16.631
1774658892154,3/27/2026,5:48:12 PM,23.46875,23.015625,25.6,,25.105,96.791,16.631
1774658892352,3/27/2026,5:48:12 PM,23.46875,23.015625,25.6,,25.105,96.791,16.631
1774658892402,3/27/2026,5:48:12 PM,23.46875,23.015625,25.6,,25.165,96.791,16.631
1774658892454,3/27/2026,5:48:12 PM,23.46875,23.015625,25.6,,25.165,96.791,16.631
1774658892505,3/27/2026,5:48:12 PM,23.46875,23.015625,25.6,,25.165,96.791,16.631
1774658892737,3/27/2026,5:48:12 PM,23.3671875,23.0703125,25.6,,25.165,96.791,16.631
1774658892860,3/27/2026,5:48:12 PM,23.3671875,23.0703125,25.6,,25.165,96.791,16.631
1774658892917,3/27/2026,5:48:12 PM,23.3671875,23.0703125,25.6,,25.165,96.791,16.631
1774658892966,3/27/2026,5:48:12 PM,23.3671875,23.0703125,25.6,,25.165,96.791,16.631
1774658893098,3/27/2026,5:48:13 PM,23.3671875,23.0703125,25.6,,25.165,96.791,16.626
1774658893224,3/27/2026,5:48:13 PM,23.3671875,23.0703125,25.6,,25.16,96.791,16.626
1774658893464,3/27/2026,5:48:13 PM,23.46875,23.046875,25.6,,25.16,96.791,16.626
1774658893602,3/27/2026,5:48:13 PM,23.46875,23.046875,25.6,,25.16,96.791,16.626
1774658893954,3/27/2026,5:48:13 PM,23.46875,23.046875,25.6,,25.175,96.791,16.621
1774658894076,3/27/2026,5:48:14 PM,23.3828125,23.046875,25.6,,25.175,96.791,16.621
1774658894156,3/27/2026,5:48:14 PM,23.3828125,23.03125,25.6,,25.175,96.791,16.621
1774658894349,3/27/2026,5:48:14 PM,23.3828125,23.03125,25.6,,25.175,96.791,16.621
1774658894399,3/27/2026,5:48:14 PM,23.3828125,23.03125,25.6,,25.175,96.791,16.621
1774658894449,3/27/2026,5:48:14 PM,23.3828125,23.03125,25.6,,25.175,96.791,16.621
1774658894500,3/27/2026,5:48:14 PM,23.3828125,23.03125,25.6,,25.175,96.791,16.621
1774658894745,3/27/2026,5:48:14 PM,23.4140625,23.03125,25.61,,25.165,96.791,16.621
1774658894843,3/27/2026,5:48:14 PM,23.4140625,23.03125,25.61,,25.165,96.791,16.621
1774658894894,3/27/2026,5:48:14 PM,23.4140625,22.9609375,25.61,,25.165,96.791,16.621
1774658894945,3/27/2026,5:48:14 PM,23.4140625,22.9609375,25.61,,25.165,96.791,16.621
1774658895091,3/27/2026,5:48:15 PM,23.4140625,22.9609375,25.61,,25.165,96.791,16.621
1774658895215,3/27/2026,5:48:15 PM,23.4140625,22.9609375,25.61,,25.165,96.791,16.621
1774658895466,3/27/2026,5:48:15 PM,23.5,22.9609375,25.61,,25.18,96.791,16.616
1774658895606,3/27/2026,5:48:15 PM,23.5,22.9453125,25.61,,25.18,96.791,16.616
1774658895954,3/27/2026,5:48:15 PM,23.5,22.9453125,25.61,,25.18,96.791,16.616
1774658896099,3/27/2026,5:48:16 PM,23.5,22.9453125,25.6,,25.1,96.79,16.626
1774658896159,3/27/2026,5:48:16 PM,23.4765625,22.9453125,25.6,,25.1,96.79,16.626
1774658896347,3/27/2026,5:48:16 PM,23.4765625,22.921875,25.6,,25.1,96.79,16.626
1774658896398,3/27/2026,5:48:16 PM,23.4765625,22.921875,25.6,,25.1,96.79,16.626
1774658896450,3/27/2026,5:48:16 PM,23.4765625,22.921875,25.6,,25.1,96.79,16.626
1774658896501,3/27/2026,5:48:16 PM,23.4765625,22.921875,25.6,,25.1,96.79,16.626
1774658896740,3/27/2026,5:48:16 PM,23.4765625,22.921875,25.6,,25.2,96.791,16.611
1774658896836,3/27/2026,5:48:16 PM,23.4765625,22.921875,25.6,,25.2,96.791,16.611
1774658896887,3/27/2026,5:48:16 PM,23.4765625,22.921875,25.6,,25.2,96.791,16.611
1774658896938,3/27/2026,5:48:16 PM,23.4765625,22.921875,25.6,,25.2,96.791,16.611
1774658897096,3/27/2026,5:48:17 PM,23.4765625,22.90625,25.6,,25.2,96.791,16.611
1774658897221,3/27/2026,5:48:17 PM,23.4765625,22.90625,25.6,,25.2,96.791,16.611
1774658897485,3/27/2026,5:48:17 PM,23.4765625,22.90625,25.6,,25.14,96.79,16.611
1774658897617,3/27/2026,5:48:17 PM,23.4921875,22.90625,25.6,,25.14,96.79,16.611
1774658897956,3/27/2026,5:48:17 PM,23.4921875,22.9609375,25.6,,25.14,96.79,16.611
1774658898080,3/27/2026,5:48:18 PM,23.4921875,22.9609375,25.6,,25.14,96.79,16.611
1774658898157,3/27/2026,5:48:18 PM,23.4921875,22.9609375,25.6,,25.1,96.79,16.601
1774658898349,3/27/2026,5:48:18 PM,23.4140625,22.9609375,25.6,,25.1,96.79,16.601
1774658898402,3/27/2026,5:48:18 PM,23.4140625,22.9609375,25.6,,25.1,96.79,16.601
1774658898449,3/27/2026,5:48:18 PM,23.4140625,22.9609375,25.6,,25.1,96.79,16.601
1774658898501,3/27/2026,5:48:18 PM,23.4140625,22.984375,25.6,,25.1,96.79,16.601
1774658898751,3/27/2026,5:48:18 PM,23.4140625,22.984375,25.6,,25.1,96.79,16.601
1774658898831,3/27/2026,5:48:18 PM,23.4140625,22.984375,25.6,,25.1,96.79,16.601
1774658898881,3/27/2026,5:48:18 PM,23.4140625,22.984375,25.6,,25.225,96.791,16.582
1774658898934,3/27/2026,5:48:18 PM,23.4140625,22.984375,25.6,,25.225,96.791,16.582
1774658899087,3/27/2026,5:48:19 PM,23.4140625,22.984375,25.6,,25.225,96.791,16.582
1774658899205,3/27/2026,5:48:19 PM,23.4140625,22.9453125,25.6,,25.225,96.791,16.582
1774658899471,3/27/2026,5:48:19 PM,23.4140625,22.9453125,25.6,,25.225,96.791,16.582
1774658899598,3/27/2026,5:48:19 PM,23.4140625,22.9453125,25.6,,25.12,96.791,16.562
1774658899966,3/27/2026,5:48:19 PM,23.4296875,22.875,25.6,,25.12,96.791,16.562
1774658900085,3/27/2026,5:48:20 PM,23.4296875,22.875,25.6,,25.12,96.791,16.562
1774658900159,3/27/2026,5:48:20 PM,23.4296875,22.875,25.6,,25.12,96.791,16.562
1774658900368,3/27/2026,5:48:20 PM,23.4296875,22.875,25.6,,25.16,96.79,16.567
1774658900417,3/27/2026,5:48:20 PM,23.4296875,22.875,25.6,,25.16,96.79,16.567
1774658900470,3/27/2026,5:48:20 PM,23.46875,22.875,25.6,,25.16,96.79,16.567
1774658900519,3/27/2026,5:48:20 PM,23.46875,22.875,25.6,,25.16,96.79,16.567
1774658900744,3/27/2026,5:48:20 PM,23.46875,23.0078125,25.6,,25.16,96.79,16.567
1774658900844,3/27/2026,5:48:20 PM,23.46875,23.0078125,25.6,,25.16,96.79,16.567
1774658900888,3/27/2026,5:48:20 PM,23.46875,23.0078125,25.6,,25.16,96.79,16.567
1774658900940,3/27/2026,5:48:20 PM,23.46875,23.0078125,25.6,,25.16,96.79,16.567
1774658901086,3/27/2026,5:48:21 PM,23.46875,23.0078125,25.6,,25.13,96.791,16.552
1774658901206,3/27/2026,5:48:21 PM,23.40625,23.0078125,25.6,,25.13,96.791,16.552
1774658901471,3/27/2026,5:48:21 PM,23.40625,23.015625,25.6,,25.13,96.791,16.552
1774658901599,3/27/2026,5:48:21 PM,23.40625,23.015625,25.6,,25.13,96.791,16.552
1774658901961,3/27/2026,5:48:21 PM,23.4140625,23.015625,25.6,,25.16,96.79,16.552
1774658902088,3/27/2026,5:48:22 PM,23.4140625,23.0078125,25.6,,25.16,96.79,16.552
1774658902153,3/27/2026,5:48:22 PM,23.4140625,23.0078125,25.6,,25.16,96.79,16.552
1774658902346,3/27/2026,5:48:22 PM,23.4140625,23.0078125,25.6,,25.16,96.79,16.552
1774658902397,3/27/2026,5:48:22 PM,23.4140625,23.0078125,25.6,,25.16,96.79,16.552
1774658902501,3/27/2026,5:48:22 PM,23.4140625,23.0078125,25.6,,25.125,96.79,16.532
1774658902552,3/27/2026,5:48:22 PM,23.4140625,23.0078125,25.6,,25.125,96.79,16.532
1774658902742,3/27/2026,5:48:22 PM,23.40625,23.0078125,25.6,,25.125,96.79,16.532
1774658902835,3/27/2026,5:48:22 PM,23.40625,23.0078125,25.6,,25.125,96.79,16.532
1774658902886,3/27/2026,5:48:22 PM,23.40625,23.0078125,25.6,,25.125,96.79,16.532
1774658902941,3/27/2026,5:48:22 PM,23.40625,23.0078125,25.6,,25.125,96.79,16.532
1774658903091,3/27/2026,5:48:23 PM,23.40625,23.0078125,25.6,,25.125,96.79,16.532
1774658903202,3/27/2026,5:48:23 PM,23.40625,23.0078125,25.6,,25.13,96.79,16.527
1774658903465,3/27/2026,5:48:23 PM,23.46875,23.0078125,25.6,,25.13,96.79,16.527
1774658903623,3/27/2026,5:48:23 PM,23.46875,22.9609375,25.6,,25.13,96.79,16.527
1774658903952,3/27/2026,5:48:23 PM,23.46875,22.9609375,25.6,,25.18,96.79,16.522
1774658904018,3/27/2026,5:48:24 PM,23.46875,22.9609375,25.6,,25.18,96.79,16.522
1774658904076,3/27/2026,5:48:24 PM,23.4765625,22.9609375,25.6,,25.18,96.79,16.522
1774658904170,3/27/2026,5:48:24 PM,23.4765625,22.9609375,25.6,,25.18,96.79,16.522
1774658904345,3/27/2026,5:48:24 PM,23.4765625,23.078125,25.6,,25.18,96.79,16.522
1774658904400,3/27/2026,5:48:24 PM,23.4765625,23.078125,25.6,,25.18,96.79,16.522
1774658904448,3/27/2026,5:48:24 PM,23.4765625,23.078125,25.6,,25.18,96.79,16.522
1774658904503,3/27/2026,5:48:24 PM,23.4765625,23.078125,25.6,,25.18,96.79,16.522
1774658904567,3/27/2026,5:48:24 PM,23.4765625,23.078125,25.6,,25.18,96.79,16.522
1774658904740,3/27/2026,5:48:24 PM,23.4765625,23.078125,25.6,,25.19,96.79,16.517
1774658904849,3/27/2026,5:48:24 PM,23.4140625,23.078125,25.6,,25.19,96.79,16.517
1774658904888,3/27/2026,5:48:24 PM,23.4140625,23.078125,25.6,,25.19,96.79,16.517
1774658904934,3/27/2026,5:48:24 PM,23.4140625,23.015625,25.6,,25.19,96.79,16.517
1774658905086,3/27/2026,5:48:25 PM,23.4140625,23.015625,25.6,,25.19,96.79,16.517
1774658905203,3/27/2026,5:48:25 PM,23.4140625,23.015625,25.6,,25.19,96.79,16.517
1774658905469,3/27/2026,5:48:25 PM,23.4140625,23.015625,25.6,,25.2,96.79,16.512
1774658905607,3/27/2026,5:48:25 PM,23.4375,23.015625,25.6,,25.2,96.79,16.512
1774658905955,3/27/2026,5:48:25 PM,23.4375,22.9609375,25.6,,25.2,96.79,16.512
1774658906029,3/27/2026,5:48:26 PM,23.4375,22.9609375,25.6,,25.2,96.79,16.512
1774658906080,3/27/2026,5:48:26 PM,23.4375,22.9609375,25.6,,25.16,96.789,16.507
1774658906152,3/27/2026,5:48:26 PM,23.4375,22.9609375,25.6,,25.16,96.789,16.507
1774658906347,3/27/2026,5:48:26 PM,23.4296875,22.9609375,25.6,,25.16,96.789,16.507
1774658906395,3/27/2026,5:48:26 PM,23.4296875,22.9453125,25.6,,25.16,96.789,16.507
1774658906448,3/27/2026,5:48:26 PM,23.4296875,22.9453125,25.6,,25.16,96.789,16.507
1774658906499,3/27/2026,5:48:26 PM,23.4296875,22.9453125,25.6,,25.16,96.789,16.507
1774658906711,3/27/2026,5:48:26 PM,23.4296875,22.9453125,25.6,,25.16,96.789,16.507
1774658906761,3/27/2026,5:48:26 PM,23.4296875,22.9453125,25.6,,25.145,96.79,16.497
1774658906837,3/27/2026,5:48:26 PM,23.4296875,22.9453125,25.6,,25.145,96.79,16.497
1774658906888,3/27/2026,5:48:26 PM,23.4296875,22.9453125,25.6,,25.145,96.79,16.497
1774658906941,3/27/2026,5:48:26 PM,23.4296875,22.9453125,25.6,,25.145,96.79,16.497
1774658907090,3/27/2026,5:48:27 PM,23.4296875,22.90625,25.6,,25.145,96.79,16.497
1774658907204,3/27/2026,5:48:27 PM,23.4296875,22.90625,25.6,,25.145,96.79,16.497
1774658907468,3/27/2026,5:48:27 PM,23.4296875,22.90625,25.6,,25.145,96.79,16.497
1774658907605,3/27/2026,5:48:27 PM,23.4296875,22.90625,25.6,,25.16,96.79,16.488
1774658907980,3/27/2026,5:48:27 PM,23.34375,22.9453125,25.6,,25.16,96.79,16.488
1774658908030,3/27/2026,5:48:28 PM,23.34375,22.9453125,25.6,,25.16,96.79,16.488
1774658908115,3/27/2026,5:48:28 PM,23.34375,22.9453125,25.6,,25.16,96.79,16.488
1774658908157,3/27/2026,5:48:28 PM,23.34375,22.9453125,25.6,,25.16,96.79,16.488
1774658908345,3/27/2026,5:48:28 PM,23.34375,22.9453125,25.6,,25.155,96.79,16.487
1774658908396,3/27/2026,5:48:28 PM,23.40625,22.9453125,25.6,,25.155,96.79,16.487
1774658908448,3/27/2026,5:48:28 PM,23.40625,22.9453125,25.6,,25.155,96.79,16.487
1774658908499,3/27/2026,5:48:28 PM,23.40625,22.9453125,25.6,,25.155,96.79,16.487
1774658908743,3/27/2026,5:48:28 PM,23.40625,22.90625,25.6,,25.155,96.79,16.487
1774658908810,3/27/2026,5:48:28 PM,23.40625,22.90625,25.6,,25.155,96.79,16.487
1774658908862,3/27/2026,5:48:28 PM,23.40625,22.90625,25.6,,25.155,96.79,16.487
1774658908917,3/27/2026,5:48:28 PM,23.40625,22.90625,25.6,,25.15,96.79,16.483
1774658908966,3/27/2026,5:48:28 PM,23.40625,22.90625,25.6,,25.15,96.79,16.483
1774658909091,3/27/2026,5:48:29 PM,23.515625,22.90625,25.6,,25.15,96.79,16.483
1774658909201,3/27/2026,5:48:29 PM,23.515625,22.90625,25.6,,25.15,96.79,16.483
1774658909461,3/27/2026,5:48:29 PM,23.515625,22.859375,25.6,,25.15,96.79,16.483
1774658909694,3/27/2026,5:48:29 PM,23.515625,22.859375,25.6,,25.18,96.791,16.463
1774658909864,3/27/2026,5:48:29 PM,23.46875,22.859375,25.6,,25.18,96.791,16.463
1774658909957,3/27/2026,5:48:29 PM,23.46875,22.859375,25.6,,25.18,96.791,16.463
1774658910024,3/27/2026,5:48:30 PM,23.46875,22.9453125,25.6,,25.18,96.791,16.463
1774658910076,3/27/2026,5:48:30 PM,23.46875,22.9453125,25.6,,25.18,96.791,16.463
1774658910153,3/27/2026,5:48:30 PM,23.46875,22.9453125,25.6,,25.18,96.791,16.463
1774658910389,3/27/2026,5:48:30 PM,23.46875,22.9453125,25.6,4.076,25.14,96.791,16.468
1774658910429,3/27/2026,5:48:30 PM,23.46875,22.9453125,25.6,4.076,25.14,96.791,16.468
1774658910475,3/27/2026,5:48:30 PM,23.46875,22.9453125,25.6,4.076,25.14,96.791,16.468
1774658910530,3/27/2026,5:48:30 PM,23.359375,22.9453125,25.6,4.076,25.14,96.791,16.468
1774658910742,3/27/2026,5:48:30 PM,23.359375,22.859375,25.6,4.076,25.14,96.791,16.468
1774658910835,3/27/2026,5:48:30 PM,23.359375,22.859375,25.6,4.076,25.14,96.791,16.468
1774658910891,3/27/2026,5:48:30 PM,23.359375,22.859375,25.6,4.076,25.14,96.791,16.468
1774658910939,3/27/2026,5:48:30 PM,23.359375,22.859375,25.6,4.076,25.14,96.791,16.468
1774658910994,3/27/2026,5:48:30 PM,23.359375,22.859375,25.6,4.076,25.14,96.791,16.468
1774658911103,3/27/2026,5:48:31 PM,23.359375,22.859375,25.61,4.087,25.045,96.79,16.473
1774658911197,3/27/2026,5:48:31 PM,23.359375,22.859375,25.61,4.087,25.045,96.79,16.473
1774658911469,3/27/2026,5:48:31 PM,23.390625,22.90625,25.61,4.087,25.045,96.79,16.473
1774658911608,3/27/2026,5:48:31 PM,23.390625,22.90625,25.61,4.087,25.045,96.79,16.473
1774658911961,3/27/2026,5:48:31 PM,23.4296875,22.90625,25.61,4.086,25.055,96.79,16.458
1774658912022,3/27/2026,5:48:32 PM,23.4296875,22.90625,25.61,4.086,25.055,96.79,16.458
1774658912071,3/27/2026,5:48:32 PM,23.4296875,22.90625,25.61,4.086,25.055,96.79,16.458
1774658912125,3/27/2026,5:48:32 PM,23.4296875,22.984375,25.61,4.086,25.055,96.79,16.458
1774658912176,3/27/2026,5:48:32 PM,23.4296875,22.984375,25.61,4.086,25.055,96.79,16.458
1774658912351,3/27/2026,5:48:32 PM,23.4296875,22.984375,25.61,4.086,25.055,96.79,16.458
1774658912403,3/27/2026,5:48:32 PM,23.4296875,22.984375,25.61,4.086,25.055,96.79,16.458
1774658912456,3/27/2026,5:48:32 PM,23.4296875,22.984375,25.61,4.086,25.055,96.79,16.458
1774658912508,3/27/2026,5:48:32 PM,23.4296875,22.984375,25.61,4.086,25.055,96.79,16.458
1774658912742,3/27/2026,5:48:32 PM,23.3203125,22.984375,25.61,4.067,25.06,96.789,16.463
1774658912846,3/27/2026,5:48:32 PM,23.3203125,22.9375,25.61,4.067,25.06,96.789,16.463
1774658912892,3/27/2026,5:48:32 PM,23.3203125,22.9375,25.61,4.067,25.06,96.789,16.463
1774658912945,3/27/2026,5:48:32 PM,23.3203125,22.9375,25.61,4.067,25.06,96.789,16.463
1774658913090,3/27/2026,5:48:33 PM,23.3203125,22.9375,25.61,4.067,25.06,96.789,16.463
1774658913141,3/27/2026,5:48:33 PM,23.3203125,22.9375,25.61,4.067,25.06,96.789,16.463
1774658913207,3/27/2026,5:48:33 PM,23.3203125,22.9375,25.61,4.067,25.06,96.789,16.463
1774658913475,3/27/2026,5:48:33 PM,23.3046875,22.9375,25.61,4.076,25.04,96.788,16.443
1774658913598,3/27/2026,5:48:33 PM,23.3046875,22.9921875,25.61,4.076,25.04,96.788,16.443
1774658913963,3/27/2026,5:48:33 PM,23.3046875,22.9921875,25.61,4.074,25.025,96.789,16.443
1774658914020,3/27/2026,5:48:34 PM,23.3046875,22.9921875,25.61,4.074,25.025,96.789,16.443
1774658914082,3/27/2026,5:48:34 PM,23.3046875,22.9921875,25.61,4.074,25.025,96.789,16.443
1774658914159,3/27/2026,5:48:34 PM,23.3671875,22.9921875,25.61,4.074,25.025,96.789,16.443
1774658914351,3/27/2026,5:48:34 PM,23.3671875,22.9375,25.61,4.074,25.025,96.789,16.443
1774658914403,3/27/2026,5:48:34 PM,23.3671875,22.9375,25.61,4.074,25.025,96.789,16.443
1774658914455,3/27/2026,5:48:34 PM,23.3671875,22.9375,25.61,4.074,25.025,96.789,16.443
1774658914506,3/27/2026,5:48:34 PM,23.3671875,22.9375,25.61,4.074,25.025,96.789,16.443
1774658914742,3/27/2026,5:48:34 PM,23.3671875,22.9375,25.61,4.078,25.075,96.789,16.448
1774658914854,3/27/2026,5:48:34 PM,23.4296875,22.9375,25.61,4.078,25.075,96.789,16.448
1774658914900,3/27/2026,5:48:34 PM,23.4296875,22.9375,25.61,4.078,25.075,96.789,16.448
1774658914953,3/27/2026,5:48:34 PM,23.4296875,22.9375,25.61,4.078,25.075,96.789,16.448
1774658915105,3/27/2026,5:48:35 PM,23.4296875,22.921875,25.61,4.078,25.075,96.789,16.448
1774658915204,3/27/2026,5:48:35 PM,23.4296875,22.921875,25.61,4.078,25.075,96.789,16.448
1774658915262,3/27/2026,5:48:35 PM,23.4296875,22.921875,25.61,4.078,25.075,96.789,16.448
1774658915468,3/27/2026,5:48:35 PM,23.4296875,22.921875,25.61,4.075,25.06,96.789,16.433
1774658915600,3/27/2026,5:48:35 PM,23.46875,22.921875,25.61,4.075,25.06,96.789,16.433
1774658915985,3/27/2026,5:48:35 PM,23.46875,22.9453125,25.61,4.075,25.06,96.789,16.433
1774658916034,3/27/2026,5:48:36 PM,23.46875,22.9453125,25.61,4.075,25.06,96.789,16.433
1774658916083,3/27/2026,5:48:36 PM,23.46875,22.9453125,25.61,4.075,25.06,96.789,16.433
1774658916167,3/27/2026,5:48:36 PM,23.46875,22.9453125,25.61,4.072,25.095,96.789,16.424
1774658916312,3/27/2026,5:48:36 PM,23.453125,22.9453125,25.61,4.072,25.095,96.789,16.424
1774658916365,3/27/2026,5:48:36 PM,23.453125,22.9453125,25.61,4.072,25.095,96.789,16.424
1774658916417,3/27/2026,5:48:36 PM,23.453125,22.9453125,25.61,4.072,25.095,96.789,16.424
1774658916470,3/27/2026,5:48:36 PM,23.453125,22.875,25.61,4.072,25.095,96.789,16.424
1774658916525,3/27/2026,5:48:36 PM,23.453125,22.875,25.61,4.072,25.095,96.789,16.424
1774658916742,3/27/2026,5:48:36 PM,23.453125,22.875,25.61,4.072,25.095,96.789,16.424
1774658916835,3/27/2026,5:48:36 PM,23.453125,22.875,25.61,4.085,25.08,96.789,16.429
1774658916884,3/27/2026,5:48:36 PM,23.453125,22.875,25.61,4.085,25.08,96.789,16.429
1774658916937,3/27/2026,5:48:36 PM,23.453125,22.875,25.61,4.085,25.08,96.789,16.429
1774658917099,3/27/2026,5:48:37 PM,23.40625,22.875,25.61,4.085,25.08,96.789,16.429
1774658917220,3/27/2026,5:48:37 PM,23.40625,23.0078125,25.61,4.085,25.08,96.789,16.429
1774658917397,3/27/2026,5:48:37 PM,23.40625,23.0078125,25.61,4.085,25.08,96.789,16.429
1774658917465,3/27/2026,5:48:37 PM,23.40625,23.0078125,25.61,4.085,25.08,96.789,16.429
1774658917609,3/27/2026,5:48:37 PM,23.40625,23.0078125,25.61,4.093,24.99,96.788,16.429
1774658917967,3/27/2026,5:48:37 PM,23.328125,23.0703125,25.61,4.093,24.99,96.788,16.429
1774658918021,3/27/2026,5:48:38 PM,23.328125,23.0703125,25.61,4.093,24.99,96.788,16.429
1774658918085,3/27/2026,5:48:38 PM,23.328125,23.0703125,25.61,4.093,24.99,96.788,16.429
1774658918156,3/27/2026,5:48:38 PM,23.328125,23.0703125,25.61,4.093,24.99,96.788,16.429
1774658918347,3/27/2026,5:48:38 PM,23.328125,23.0703125,25.61,4.095,24.995,96.789,16.429
1774658918399,3/27/2026,5:48:38 PM,23.328125,23.0703125,25.61,4.095,24.995,96.789,16.429
1774658918458,3/27/2026,5:48:38 PM,23.390625,23.0703125,25.61,4.095,24.995,96.789,16.429
1774658918500,3/27/2026,5:48:38 PM,23.390625,23.0703125,25.61,4.095,24.995,96.789,16.429
1774658918552,3/27/2026,5:48:38 PM,23.390625,23.0703125,25.61,4.095,24.995,96.789,16.429
1774658918746,3/27/2026,5:48:38 PM,23.390625,22.90625,25.61,4.095,24.995,96.789,16.429
1774658918831,3/27/2026,5:48:38 PM,23.390625,22.90625,25.61,4.095,24.995,96.789,16.429
1774658918886,3/27/2026,5:48:38 PM,23.390625,22.90625,25.61,4.095,24.995,96.789,16.429
1774658918937,3/27/2026,5:48:38 PM,23.390625,22.90625,25.61,4.095,24.995,96.789,16.429
1774658919090,3/27/2026,5:48:39 PM,23.390625,22.90625,25.61,4.084,25.045,96.789,16.414
1774658919211,3/27/2026,5:48:39 PM,23.453125,22.90625,25.61,4.084,25.045,96.789,16.414
1774658919471,3/27/2026,5:48:39 PM,23.453125,22.9609375,25.61,4.084,25.045,96.789,16.414
1774658919551,3/27/2026,5:48:39 PM,23.453125,22.9609375,25.61,4.084,25.045,96.789,16.414
1774658919607,3/27/2026,5:48:39 PM,23.453125,22.9609375,25.61,4.084,25.045,96.789,16.414
1774658919956,3/27/2026,5:48:39 PM,23.3828125,22.9609375,25.61,4.092,25.025,96.79,16.409
1774658920026,3/27/2026,5:48:40 PM,23.3828125,22.9609375,25.61,4.092,25.025,96.79,16.409
1774658920076,3/27/2026,5:48:40 PM,23.3828125,23.0078125,25.61,4.092,25.025,96.79,16.409
1774658920155,3/27/2026,5:48:40 PM,23.3828125,23.0078125,25.61,4.092,25.025,96.79,16.409
1774658920352,3/27/2026,5:48:40 PM,23.3828125,23.0078125,25.61,4.092,25.025,96.79,16.409
1774658920400,3/27/2026,5:48:40 PM,23.3828125,23.0078125,25.61,4.092,25.025,96.79,16.409
1774658920465,3/27/2026,5:48:40 PM,23.3828125,23.0078125,25.61,4.096,25.01,96.79,16.404
1774658920505,3/27/2026,5:48:40 PM,23.3828125,23.0078125,25.61,4.096,25.01,96.79,16.404
1774658920610,3/27/2026,5:48:40 PM,23.4296875,23.0078125,25.61,4.096,25.01,96.79,16.404
1774658920751,3/27/2026,5:48:40 PM,23.4296875,23.0078125,25.61,4.096,25.01,96.79,16.404
1774658920848,3/27/2026,5:48:40 PM,23.4296875,23.015625,25.61,4.096,25.01,96.79,16.404
1774658920897,3/27/2026,5:48:40 PM,23.4296875,23.015625,25.61,4.096,25.01,96.79,16.404
1774658920948,3/27/2026,5:48:40 PM,23.4296875,23.015625,25.61,4.096,25.01,96.79,16.404
1774658921085,3/27/2026,5:48:41 PM,23.4296875,23.015625,25.61,4.096,25.01,96.79,16.404
1774658921202,3/27/2026,5:48:41 PM,23.4296875,23.015625,25.61,4.098,25.005,96.791,16.394
1774658921467,3/27/2026,5:48:41 PM,23.5,23.015625,25.61,4.098,25.005,96.791,16.394
1774658921601,3/27/2026,5:48:41 PM,23.5,22.984375,25.61,4.098,25.005,96.791,16.394
1774658921959,3/27/2026,5:48:41 PM,23.5,22.984375,25.61,4.086,25.005,96.791,16.389
1774658922031,3/27/2026,5:48:42 PM,23.46875,22.984375,25.61,4.086,25.005,96.791,16.389
1774658922080,3/27/2026,5:48:42 PM,23.46875,22.984375,25.61,4.086,25.005,96.791,16.389
1774658922155,3/27/2026,5:48:42 PM,23.46875,22.984375,25.61,4.086,25.005,96.791,16.389
1774658922357,3/27/2026,5:48:42 PM,23.46875,23.015625,25.61,4.086,25.005,96.791,16.389
1774658922407,3/27/2026,5:48:42 PM,23.46875,23.015625,25.61,4.086,25.005,96.791,16.389
1774658922457,3/27/2026,5:48:42 PM,23.46875,23.015625,25.61,4.086,25.005,96.791,16.389
1774658922507,3/27/2026,5:48:42 PM,23.46875,23.015625,25.61,4.086,25.005,96.791,16.389
1774658922707,3/27/2026,5:48:42 PM,23.46875,23.015625,25.61,4.09,24.975,96.79,16.389
1774658922760,3/27/2026,5:48:42 PM,23.453125,23.015625,25.61,4.09,24.975,96.79,16.389
1774658922833,3/27/2026,5:48:42 PM,23.453125,23.015625,25.61,4.09,24.975,96.79,16.389
1774658922883,3/27/2026,5:48:42 PM,23.453125,23.015625,25.61,4.09,24.975,96.79,16.389
1774658922936,3/27/2026,5:48:42 PM,23.453125,23.03125,25.61,4.09,24.975,96.79,16.389
1774658923096,3/27/2026,5:48:43 PM,23.453125,23.03125,25.61,4.09,24.975,96.79,16.389
1774658923226,3/27/2026,5:48:43 PM,23.453125,23.03125,25.61,4.09,24.975,96.79,16.389
1774658923470,3/27/2026,5:48:43 PM,23.4296875,23.03125,25.61,4.089,25.025,96.79,16.384
1774658923640,3/27/2026,5:48:43 PM,23.4296875,22.9609375,25.61,4.089,25.025,96.79,16.384
1774658923961,3/27/2026,5:48:43 PM,23.4296875,22.9609375,25.61,4.089,25.025,96.79,16.384
1774658924024,3/27/2026,5:48:44 PM,23.4296875,22.9609375,25.61,4.095,24.975,96.789,16.389
1774658924086,3/27/2026,5:48:44 PM,23.4296875,22.9609375,25.61,4.095,24.975,96.789,16.389
1774658924155,3/27/2026,5:48:44 PM,23.4296875,22.9609375,25.61,4.095,24.975,96.789,16.389
1774658924348,3/27/2026,5:48:44 PM,23.546875,22.9609375,25.61,4.095,24.975,96.789,16.389
1774658924399,3/27/2026,5:48:44 PM,23.546875,22.9609375,25.61,4.095,24.975,96.789,16.389
1774658924451,3/27/2026,5:48:44 PM,23.546875,22.9609375,25.61,4.095,24.975,96.789,16.389
1774658924503,3/27/2026,5:48:44 PM,23.546875,22.9609375,25.61,4.095,24.975,96.789,16.389
1774658924750,3/27/2026,5:48:44 PM,23.546875,22.9609375,25.61,4.085,25.03,96.79,16.369
1774658924814,3/27/2026,5:48:44 PM,23.546875,22.9609375,25.61,4.085,25.03,96.79,16.369
1774658924861,3/27/2026,5:48:44 PM,23.546875,22.9609375,25.61,4.085,25.03,96.79,16.369
1774658924915,3/27/2026,5:48:44 PM,23.34375,22.9609375,25.61,4.085,25.03,96.79,16.369
1774658924966,3/27/2026,5:48:44 PM,23.34375,22.9609375,25.61,4.085,25.03,96.79,16.369
1774658925102,3/27/2026,5:48:45 PM,23.34375,23.046875,25.61,4.085,25.03,96.79,16.369
1774658925216,3/27/2026,5:48:45 PM,23.34375,23.046875,25.61,4.085,25.03,96.79,16.369
1774658925473,3/27/2026,5:48:45 PM,23.34375,23.046875,25.61,4.091,24.965,96.79,16.354
1774658925624,3/27/2026,5:48:45 PM,23.34375,23.046875,25.61,4.091,24.965,96.79,16.354
1774658925863,3/27/2026,5:48:45 PM,23.40625,23.046875,25.61,4.091,24.965,96.79,16.354
1774658925960,3/27/2026,5:48:45 PM,23.40625,23.046875,25.61,4.091,24.965,96.79,16.354
1774658926021,3/27/2026,5:48:46 PM,23.40625,23.046875,25.61,4.091,24.965,96.79,16.354
1774658926075,3/27/2026,5:48:46 PM,23.40625,23.046875,25.61,4.091,24.965,96.79,16.354
1774658926153,3/27/2026,5:48:46 PM,23.40625,23.046875,25.61,4.091,24.965,96.79,16.354
1774658926348,3/27/2026,5:48:46 PM,23.546875,23.046875,25.61,4.091,24.95,96.791,16.354
1774658926399,3/27/2026,5:48:46 PM,23.546875,23.046875,25.61,4.091,24.95,96.791,16.354
1774658926448,3/27/2026,5:48:46 PM,23.546875,23.046875,25.61,4.091,24.95,96.791,16.354
1774658926501,3/27/2026,5:48:46 PM,23.546875,22.9453125,25.61,4.091,24.95,96.791,16.354
1774658926741,3/27/2026,5:48:46 PM,23.546875,22.9453125,25.61,4.091,24.95,96.791,16.354
1774658926833,3/27/2026,5:48:46 PM,23.546875,22.9453125,25.61,4.091,24.95,96.791,16.354
1774658926883,3/27/2026,5:48:46 PM,23.546875,22.9453125,25.61,4.091,24.95,96.791,16.354
1774658926937,3/27/2026,5:48:46 PM,23.546875,22.9453125,25.61,4.086,24.945,96.791,16.354
1774658926986,3/27/2026,5:48:46 PM,23.546875,22.9453125,25.61,4.086,24.945,96.791,16.354
1774658927096,3/27/2026,5:48:47 PM,23.5234375,22.9453125,25.61,4.086,24.945,96.791,16.354
1774658927212,3/27/2026,5:48:47 PM,23.5234375,22.9453125,25.61,4.086,24.945,96.791,16.354
1774658927470,3/27/2026,5:48:47 PM,23.5234375,22.96875,25.61,4.086,24.945,96.791,16.354
1774658927622,3/27/2026,5:48:47 PM,23.5234375,22.96875,25.61,4.085,24.91,96.791,16.339
1774658927957,3/27/2026,5:48:47 PM,23.4921875,23.0078125,25.61,4.085,24.91,96.791,16.339
1774658928023,3/27/2026,5:48:48 PM,23.4921875,23.0078125,25.61,4.085,24.91,96.791,16.339
1774658928074,3/27/2026,5:48:48 PM,23.4921875,23.0078125,25.61,4.085,24.91,96.791,16.339
1774658928124,3/27/2026,5:48:48 PM,23.4921875,23.0078125,25.61,4.085,24.91,96.791,16.339
1774658928176,3/27/2026,5:48:48 PM,23.4921875,23.0078125,25.61,4.085,24.91,96.791,16.339
1774658928346,3/27/2026,5:48:48 PM,23.4921875,23.0078125,25.61,4.096,25.015,96.791,16.349
1774658928397,3/27/2026,5:48:48 PM,23.4921875,23.0078125,25.61,4.096,25.015,96.791,16.349
1774658928449,3/27/2026,5:48:48 PM,23.4921875,23.0078125,25.61,4.096,25.015,96.791,16.349
1774658928502,3/27/2026,5:48:48 PM,23.46875,23.0078125,25.61,4.096,25.015,96.791,16.349
1774658928742,3/27/2026,5:48:48 PM,23.46875,22.9453125,25.61,4.096,25.015,96.791,16.349
1774658928845,3/27/2026,5:48:48 PM,23.46875,22.9453125,25.61,4.096,25.015,96.791,16.349
1774658928896,3/27/2026,5:48:48 PM,23.46875,22.9453125,25.61,4.096,25.015,96.791,16.349
1774658928945,3/27/2026,5:48:48 PM,23.46875,22.9453125,25.61,4.096,25.015,96.791,16.349
1774658929096,3/27/2026,5:48:49 PM,23.46875,22.9453125,25.61,4.089,24.995,96.791,16.325
1774658929137,3/27/2026,5:48:49 PM,23.46875,22.9453125,25.61,4.089,24.995,96.791,16.325
1774658929205,3/27/2026,5:48:49 PM,23.46875,22.9453125,25.61,4.089,24.995,96.791,16.325
1774658929464,3/27/2026,5:48:49 PM,23.625,22.8984375,25.61,4.089,24.995,96.791,16.325
1774658929600,3/27/2026,5:48:49 PM,23.625,22.8984375,25.61,4.089,24.995,96.791,16.325
1774658929954,3/27/2026,5:48:49 PM,23.5859375,22.8984375,25.61,4.094,24.955,96.791,16.32
1774658930021,3/27/2026,5:48:50 PM,23.5859375,22.8984375,25.61,4.094,24.955,96.791,16.32
1774658930078,3/27/2026,5:48:50 PM,23.5859375,22.8984375,25.61,4.094,24.955,96.791,16.32
1774658930154,3/27/2026,5:48:50 PM,23.5859375,23.0546875,25.61,4.094,24.955,96.791,16.32
1774658930348,3/27/2026,5:48:50 PM,23.5859375,23.0546875,25.61,4.094,24.955,96.791,16.32
1774658930400,3/27/2026,5:48:50 PM,23.5859375,23.0546875,25.61,4.094,24.955,96.791,16.32
1774658930449,3/27/2026,5:48:50 PM,23.5859375,23.0546875,25.61,4.094,24.955,96.791,16.32
1774658930503,3/27/2026,5:48:50 PM,23.5859375,23.0546875,25.61,4.1,24.92,96.79,16.31
1774658930743,3/27/2026,5:48:50 PM,23.5625,23.0546875,25.61,4.1,24.92,96.79,16.31
1774658930835,3/27/2026,5:48:50 PM,23.5625,23.03125,25.61,4.1,24.92,96.79,16.31
1774658930885,3/27/2026,5:48:50 PM,23.5625,23.03125,25.61,4.1,24.92,96.79,16.31
1774658930939,3/27/2026,5:48:50 PM,23.5625,23.03125,25.61,4.1,24.92,96.79,16.31
1774658931094,3/27/2026,5:48:51 PM,23.5625,23.03125,25.61,4.1,24.92,96.79,16.31
1774658931209,3/27/2026,5:48:51 PM,23.5625,23.03125,25.61,4.078,24.975,96.79,16.32
1774658931258,3/27/2026,5:48:51 PM,23.5625,23.03125,25.61,4.078,24.975,96.79,16.32
1774658931470,3/27/2026,5:48:51 PM,23.46875,23.03125,25.61,4.078,24.975,96.79,16.32
1774658931729,3/27/2026,5:48:51 PM,23.46875,22.984375,25.61,4.078,24.975,96.79,16.32
1774658931953,3/27/2026,5:48:51 PM,23.46875,22.984375,25.6,4.086,24.975,96.79,16.305
1774658932025,3/27/2026,5:48:52 PM,23.46875,22.984375,25.6,4.086,24.975,96.79,16.305
1774658932076,3/27/2026,5:48:52 PM,23.46875,22.984375,25.6,4.086,24.975,96.79,16.305
1774658932155,3/27/2026,5:48:52 PM,23.4140625,22.984375,25.6,4.086,24.975,96.79,16.305
1774658932312,3/27/2026,5:48:52 PM,23.4140625,22.9609375,25.6,4.086,24.975,96.79,16.305
1774658932362,3/27/2026,5:48:52 PM,23.4140625,22.9609375,25.6,4.086,24.975,96.79,16.305
1774658932413,3/27/2026,5:48:52 PM,23.4140625,22.9609375,25.6,4.086,24.975,96.79,16.305
1774658932470,3/27/2026,5:48:52 PM,23.4140625,22.9609375,25.6,4.086,24.975,96.79,16.305
1774658932517,3/27/2026,5:48:52 PM,23.4140625,22.9609375,25.6,4.086,24.975,96.79,16.305
1774658932743,3/27/2026,5:48:52 PM,23.4140625,22.9609375,25.6,4.105,24.995,96.79,16.3
1774658932837,3/27/2026,5:48:52 PM,23.46875,22.9609375,25.6,4.105,24.995,96.79,16.3
1774658932889,3/27/2026,5:48:52 PM,23.46875,22.9609375,25.6,4.105,24.995,96.79,16.3
1774658932939,3/27/2026,5:48:52 PM,23.46875,22.9609375,25.6,4.105,24.995,96.79,16.3
1774658933092,3/27/2026,5:48:53 PM,23.46875,22.9375,25.6,4.105,24.995,96.79,16.3
1774658933216,3/27/2026,5:48:53 PM,23.46875,22.9375,25.6,4.105,24.995,96.79,16.3
1774658933360,3/27/2026,5:48:53 PM,23.46875,22.9375,25.6,4.1,24.915,96.79,16.295
1774658933482,3/27/2026,5:48:53 PM,23.46875,22.9375,25.6,4.1,24.915,96.79,16.295
1774658933616,3/27/2026,5:48:53 PM,23.40625,22.9375,25.6,4.1,24.915,96.79,16.295
1774658933957,3/27/2026,5:48:53 PM,23.40625,22.984375,25.6,4.1,24.915,96.79,16.295
1774658934025,3/27/2026,5:48:54 PM,23.40625,22.984375,25.6,4.1,24.915,96.79,16.295
1774658934079,3/27/2026,5:48:54 PM,23.40625,22.984375,25.6,4.09,25.005,96.789,16.265
1774658934149,3/27/2026,5:48:54 PM,23.40625,22.984375,25.6,4.09,25.005,96.789,16.265
1774658934349,3/27/2026,5:48:54 PM,23.46875,22.984375,25.6,4.09,25.005,96.789,16.265
1774658934399,3/27/2026,5:48:54 PM,23.46875,22.984375,25.6,4.09,25.005,96.789,16.265
1774658934449,3/27/2026,5:48:54 PM,23.46875,22.9609375,25.6,4.09,25.005,96.789,16.265
1774658934506,3/27/2026,5:48:54 PM,23.46875,22.9609375,25.6,4.09,25.005,96.789,16.265
1774658934553,3/27/2026,5:48:54 PM,23.46875,22.9609375,25.6,4.09,25.005,96.789,16.265
1774658934747,3/27/2026,5:48:54 PM,23.46875,22.9609375,25.6,4.09,25.005,96.789,16.265
1774658934835,3/27/2026,5:48:54 PM,23.46875,22.9609375,25.59,4.082,24.835,96.79,16.26
1774658934885,3/27/2026,5:48:54 PM,23.46875,22.9609375,25.59,4.082,24.835,96.79,16.26