Frequency (Hz),FFT Magnitude (dB)
0.00,-120.000
0.67,-95.784
1.35,-95.071
2.02,-93.935
2.69,-92.389
3.36,-92.810
4.04,-92.118
4.71,-91.195
5.38,-87.476
6.06,-88.456
6.73,-90.154
7.40,-90.530
8.07,-89.689
8.75,-86.406
9.42,-83.617
10.09,-82.155
10.77,-81.076
11.44,-81.180
12.11,-82.355
12.79,-80.626
13.46,-79.456
14.13,-80.101
14.80,-77.662
15.48,-78.949
16.15,-75.501
16.82,-81.201
17.50,-82.213
18.17,-82.681
18.84,-80.413
19.51,-81.113
20.19,-81.386
20.86,-80.409
21.53,-82.169
22.21,-82.826
22.88,-81.938
23.55,-81.616
24.22,-78.864
24.90,-77.911
25.57,-77.178
26.24,-75.218
26.92,-74.706
27.59,-73.227
28.26,-68.713
28.94,-63.650
29.61,-62.138
30.28,-73.261
30.95,-72.572
31.63,-71.934
32.30,-72.630
32.97,-72.734
33.65,-71.040
34.32,-69.338
34.99,-66.079
35.66,-71.223
36.34,-72.682
37.01,-75.494
37.68,-76.374
38.36,-74.919
39.03,-75.991
39.70,-71.854
40.37,-76.180
41.05,-75.335
41.72,-74.783
42.39,-73.771
43.07,-71.756
43.74,-72.251
44.41,-74.241
45.09,-73.573
45.76,-77.223
46.43,-77.184
47.10,-78.306
47.78,-72.311
48.45,-75.767
49.12,-75.214
49.80,-74.388
50.47,-74.682
51.14,-74.185
51.81,-74.557
52.49,-73.771
53.16,-73.258
53.83,-74.386
54.51,-74.319
55.18,-75.638
55.85,-75.813
56.52,-75.485
57.20,-74.725
57.87,-70.647
58.54,-69.444
59.22,-70.402
59.89,-77.340
60.56,-77.634
61.24,-78.068
61.91,-75.978
62.58,-76.917
63.25,-74.523
63.93,-71.733
64.60,-75.563
65.27,-76.784
65.95,-75.295
66.62,-75.386
67.29,-74.383
67.96,-73.667
68.64,-71.766
69.31,-71.743
69.98,-73.587
70.66,-76.799
71.33,-73.687
72.00,-74.568
72.67,-76.711
73.35,-77.454
74.02,-77.074
74.69,-77.232
75.37,-77.204
76.04,-76.483
76.71,-76.248
77.38,-76.510
78.06,-77.503
78.73,-75.972
79.40,-74.433
80.08,-75.050
80.75,-75.171
81.42,-74.830
82.10,-76.054
82.77,-75.445
83.44,-77.520
84.11,-78.390
84.79,-76.334
85.46,-77.708
86.13,-77.691
86.81,-77.189
87.48,-77.839
88.15,-77.698
88.82,-69.754
89.50,-76.619
90.17,-76.424
90.84,-75.344
91.52,-75.149
92.19,-75.374
92.86,-72.626
93.53,-67.355
94.21,-75.772
94.88,-76.696
95.55,-76.005
96.23,-77.244
96.90,-77.746
97.57,-76.499
98.25,-74.004
98.92,-73.316
99.59,-77.911
100.26,-77.023
100.94,-77.183
101.61,-75.120
102.28,-74.848
102.96,-74.769
103.63,-74.447
104.30,-73.573
104.97,-73.066
105.65,-74.581
106.32,-70.092
106.99,-73.255
107.67,-72.385
108.34,-73.997
109.01,-74.294
109.68,-72.032
110.36,-73.590
111.03,-71.531
111.70,-73.546
112.38,-70.743
113.05,-65.226
113.72,-70.222
114.40,-69.791
115.07,-69.405
115.74,-71.662
116.41,-71.241
117.09,-69.474
117.76,-68.217
118.43,-64.279
119.11,-61.044
119.78,-46.703
120.45,-57.605
121.12,-64.215
121.80,-66.517
122.47,-64.105
123.14,-70.330
123.82,-68.005
124.49,-72.587
125.16,-72.545
125.83,-73.272
126.51,-73.125
127.18,-72.324
127.85,-65.241
128.53,-69.957
129.20,-70.053
129.87,-68.741
130.55,-66.564
131.22,-63.796
131.89,-59.819
132.56,-48.476
133.24,-53.606
133.91,-58.245
134.58,-64.493
135.26,-67.490
135.93,-69.334
136.60,-70.150
137.27,-70.964
137.95,-71.796
138.62,-70.515
139.29,-70.316
139.97,-70.459
140.64,-69.103
141.31,-69.037
141.98,-70.585
142.66,-70.244
143.33,-68.919
144.00,-68.919
144.68,-69.322
145.35,-70.190
146.02,-68.675
146.69,-69.559
147.37,-67.240
148.04,-64.561
148.71,-64.270
149.39,-66.055
150.06,-64.764
150.73,-63.895
151.41,-65.641
152.08,-64.193
152.75,-63.839
153.42,-65.098
154.10,-67.492
154.77,-66.995
155.44,-65.745
156.12,-67.679
156.79,-68.463
157.46,-70.597
158.13,-69.621
158.81,-67.873
159.48,-59.883
160.15,-67.200
160.83,-67.822
161.50,-69.376
162.17,-70.278
162.84,-69.706
163.52,-70.196
164.19,-69.207
164.86,-68.214
165.54,-68.130
166.21,-68.687
166.88,-69.393
167.56,-69.806
168.23,-68.503
168.90,-70.897
169.57,-71.048
170.25,-69.976
170.92,-71.081
171.59,-70.480
172.27,-71.062
172.94,-67.642
173.61,-71.145
174.28,-72.730
174.96,-74.328
175.63,-74.808
176.30,-72.619
176.98,-72.611
177.65,-71.306
178.32,-71.325
178.99,-71.427
179.67,-71.078
180.34,-71.849
181.01,-71.758
181.69,-73.416
182.36,-73.190
183.03,-74.062
183.71,-72.247
184.38,-72.776
185.05,-70.689
185.72,-68.956
186.40,-69.944
187.07,-71.656
187.74,-70.713
188.42,-69.688
189.09,-69.864
189.76,-70.444
190.43,-69.435
191.11,-70.917
191.78,-70.325
192.45,-73.016
193.13,-75.581
193.80,-75.246
194.47,-73.952
195.14,-75.062
195.82,-75.634
196.49,-75.469
197.16,-74.548
197.84,-73.967
198.51,-75.176
199.18,-74.274
199.86,-72.101
200.53,-75.051
201.20,-75.175
201.87,-75.778
202.55,-76.886
203.22,-75.595
203.89,-74.558
204.57,-74.948
205.24,-73.034
205.91,-74.256
206.58,-73.015
207.26,-69.368
207.93,-62.193
208.60,-73.139
209.28,-74.043
209.95,-74.327
210.62,-74.290
211.29,-73.819
211.97,-73.195
212.64,-71.157
213.31,-72.281
213.99,-73.618
214.66,-73.481
215.33,-73.945
216.00,-74.163
216.68,-76.783
217.35,-78.061
218.02,-77.915
218.70,-78.821
219.37,-78.386
220.04,-76.018
220.72,-74.307
221.39,-74.025
222.06,-72.972
222.73,-74.487
223.41,-73.423
224.08,-73.393
224.75,-74.100
225.43,-75.845
226.10,-72.084
226.77,-75.694
227.44,-77.932
228.12,-78.783
228.79,-76.461
229.46,-76.374
230.14,-76.500
230.81,-74.859
231.48,-75.325
232.15,-76.660
232.83,-75.777
233.50,-74.608
234.17,-76.312
234.85,-76.283
235.52,-75.192
236.19,-75.795
236.87,-73.521
237.54,-72.864
238.21,-70.648
238.88,-64.050
239.56,-62.006
240.23,-64.245
240.90,-70.092
241.58,-72.293
242.25,-71.962
242.92,-71.969
243.59,-73.640
244.27,-74.773
244.94,-76.238
245.61,-77.013
246.29,-79.227
246.96,-78.229
247.63,-77.267
248.30,-76.575
248.98,-75.773
249.65,-74.224
250.32,-74.446
251.00,-73.952
251.67,-72.605
252.34,-70.668
253.02,-70.359
253.69,-73.542
254.36,-75.324
255.03,-75.987
255.71,-76.695
256.38,-78.073
257.05,-77.394
257.73,-79.441
258.40,-77.885
259.07,-79.229
259.74,-79.599
260.42,-79.494
261.09,-78.561
261.76,-79.860
262.44,-79.993
263.11,-81.227
263.78,-81.054
264.45,-81.551
265.13,-78.377
265.80,-75.399
266.47,-79.469
267.15,-71.878
267.82,-80.430
268.49,-81.362
269.17,-80.491
269.84,-82.023
270.51,-80.925
271.18,-80.780
271.86,-81.282
272.53,-82.544
273.20,-82.116
273.88,-83.097
274.55,-82.576
275.22,-83.645
275.89,-83.353
276.57,-83.755
277.24,-81.802
277.91,-81.895
278.59,-80.365
279.26,-70.934
279.93,-79.707
280.60,-81.010
281.28,-80.821
281.95,-79.647
282.62,-80.103
283.30,-83.308
283.97,-84.238
284.64,-83.765
285.31,-83.560
285.99,-84.106
286.66,-84.274
287.33,-83.471
288.01,-82.689
288.68,-83.557
289.35,-84.477
290.03,-83.000
290.70,-82.594
291.37,-82.664
292.04,-81.488
292.72,-80.895
293.39,-81.581
294.06,-82.171
294.74,-82.620
295.41,-84.433
296.08,-81.848
296.75,-81.440
297.43,-80.575
298.10,-81.697
298.77,-83.221
299.45,-83.042
300.12,-82.924
300.79,-82.469
301.46,-82.695
302.14,-81.818
302.81,-81.605
303.48,-83.769
304.16,-82.457
304.83,-80.895
305.50,-80.724
306.18,-82.546
306.85,-83.318
307.52,-83.238
308.19,-84.496
308.87,-83.173
309.54,-83.307
310.21,-82.612
310.89,-81.462
311.56,-83.433
312.23,-82.330
312.90,-84.930
313.58,-84.466
314.25,-85.504
314.92,-86.423
315.60,-85.451
316.27,-84.815
316.94,-84.919
317.61,-84.441
318.29,-84.519
318.96,-84.793
319.63,-84.955
320.31,-86.761
320.98,-86.101
321.65,-84.406
322.33,-84.422
323.00,-84.883
323.67,-85.288
324.34,-85.157
325.02,-85.989
325.69,-84.554
326.36,-83.705
327.04,-85.394
327.71,-87.450
328.38,-85.394
329.05,-86.054
329.73,-84.731
330.40,-82.967
331.07,-83.004
331.75,-82.896
332.42,-83.128
333.09,-84.896
333.76,-86.128
334.44,-86.398
335.11,-87.033
335.78,-88.604
336.46,-86.760
337.13,-86.240
337.80,-87.034
338.48,-87.486
339.15,-87.090
339.82,-86.809
340.49,-86.692
341.17,-87.616
341.84,-86.350
342.51,-87.807
343.19,-85.732
343.86,-87.668
344.53,-86.704
345.20,-83.834
345.88,-86.626
346.55,-84.151
347.22,-82.659
347.90,-85.672
348.57,-82.731
349.24,-84.378
349.91,-84.962
350.59,-84.181
351.26,-84.678
351.93,-85.970
352.61,-86.964
353.28,-87.246
353.95,-85.563
354.62,-86.488
355.30,-85.005
355.97,-78.830
356.64,-85.336
357.32,-86.322
357.99,-84.526
358.66,-82.382
359.34,-81.738
360.01,-80.024
360.68,-78.084
361.35,-82.383
362.03,-84.668
362.70,-86.039
363.37,-84.522
364.05,-83.815
364.72,-81.885
365.39,-82.111
366.06,-81.462
366.74,-81.252
367.41,-83.154
368.08,-83.551
368.76,-84.757
369.43,-82.778
370.10,-82.324
370.77,-82.770
371.45,-80.293
372.12,-80.416
372.79,-81.621
373.47,-82.187
374.14,-83.853
374.81,-85.414
375.49,-87.443
376.16,-85.918
376.83,-85.415
377.50,-85.835
378.18,-84.543
378.85,-86.201
379.52,-84.713
380.20,-84.156
380.87,-84.182
381.54,-83.327
382.21,-84.406
382.89,-84.682
383.56,-83.916
384.23,-84.842
384.91,-84.590
385.58,-85.843
386.25,-84.607
386.92,-85.736
387.60,-86.639
388.27,-87.571
388.94,-86.701
389.62,-88.521
390.29,-86.931
390.96,-88.274
391.64,-84.979
392.31,-86.295
392.98,-84.373
393.65,-83.401
394.33,-82.726
395.00,-82.663
395.67,-82.770
396.35,-82.336
397.02,-81.968
397.69,-81.878
398.36,-71.459
399.04,-82.580
399.71,-85.444
400.38,-85.002
401.06,-86.370
401.73,-86.336
402.40,-88.098
403.07,-86.621
403.75,-87.191
404.42,-87.781
405.09,-87.520
405.77,-88.083
406.44,-89.391
407.11,-89.547
407.79,-87.711
408.46,-89.782
409.13,-87.115
409.80,-88.934
410.48,-88.640
411.15,-88.381
411.82,-89.252
412.50,-88.193
413.17,-88.181
413.84,-87.254
414.51,-87.785
415.19,-88.725
415.86,-87.954
416.53,-88.432
417.21,-87.928
417.88,-88.809
418.55,-88.360
419.22,-87.050
419.90,-87.674
420.57,-85.221
421.24,-86.991
421.92,-86.216
422.59,-87.931
423.26,-86.778
423.93,-86.899
424.61,-86.735
425.28,-85.989
425.95,-84.580
426.63,-84.757
427.30,-84.868
427.97,-84.440
428.65,-85.892
429.32,-84.617
429.99,-87.321
430.66,-86.640
431.34,-88.530
432.01,-87.950
432.68,-86.001
433.36,-86.332
434.03,-87.004
434.70,-85.722
435.37,-84.331
436.05,-85.502
436.72,-85.065
437.39,-85.353
438.07,-85.317
438.74,-83.615
439.41,-83.774
440.08,-84.341
440.76,-83.914
441.43,-86.746
442.10,-86.338
442.78,-85.965
443.45,-85.114
444.12,-85.539
444.80,-85.353
445.47,-84.909
446.14,-86.087
446.81,-85.651
447.49,-85.250
448.16,-86.416
448.83,-86.896
449.51,-85.992
450.18,-86.529
450.85,-86.546
451.52,-86.994
452.20,-85.625
452.87,-87.513
453.54,-86.227
454.22,-85.603
454.89,-86.623
455.56,-85.480
456.23,-83.465
456.91,-85.076
457.58,-85.448
458.25,-84.065
458.93,-84.774
459.60,-84.502
460.27,-84.975
460.95,-84.984
461.62,-84.428
462.29,-84.516
462.96,-86.084
463.64,-86.347
464.31,-87.341
464.98,-83.571
465.66,-81.807
466.33,-85.560
467.00,-87.221
467.67,-86.900
468.35,-86.192
469.02,-87.243
469.69,-84.865
470.37,-85.772
471.04,-86.224
471.71,-86.079
472.38,-86.087
473.06,-85.036
473.73,-84.651
474.40,-83.744
475.08,-82.049
475.75,-84.852
476.42,-85.038
477.10,-84.778
477.77,-85.923
478.44,-85.991
479.11,-86.851
479.79,-86.111
480.46,-86.332
481.13,-86.196
481.81,-85.886
482.48,-83.641
483.15,-85.535
483.82,-84.088
484.50,-84.858
485.17,-83.511
485.84,-85.164
486.52,-85.860
487.19,-84.580
487.86,-86.188
488.53,-85.596
489.21,-86.551
489.88,-85.909
490.55,-86.806
491.23,-84.937
491.90,-87.470
492.57,-85.067
493.24,-84.473
493.92,-83.518
494.59,-83.967
495.26,-84.426
495.94,-85.074
496.61,-85.182
497.28,-85.021
497.96,-85.226
498.63,-86.266
499.30,-85.393
499.97,-84.994
500.65,-84.274
501.32,-84.447
501.99,-84.617
502.67,-83.363
503.34,-83.547
504.01,-83.907
504.68,-82.541
505.36,-84.182
506.03,-84.291
506.70,-85.250
507.38,-86.382
508.05,-85.354
508.72,-86.760
509.39,-83.741
510.07,-83.185
510.74,-84.427
511.41,-83.612
512.09,-83.842
512.76,-84.876
513.43,-84.978
514.11,-83.523
514.78,-84.428
515.45,-84.362
516.12,-85.157
516.80,-85.188
517.47,-85.638
518.14,-84.981
518.82,-83.746
519.49,-83.458
520.16,-82.786
520.83,-82.789
521.51,-84.912
522.18,-82.740
522.85,-84.248
523.53,-84.439
524.20,-84.411
524.87,-83.599
525.54,-84.512
526.22,-83.997
526.89,-83.562
527.56,-84.278
528.24,-84.103
528.91,-82.262
529.58,-81.081
530.26,-77.806
530.93,-67.802
531.60,-71.460
532.27,-79.090
532.95,-81.612
533.62,-82.981
534.29,-82.474
534.97,-82.064
535.64,-80.489
536.31,-80.716
536.98,-83.111
537.66,-82.486
538.33,-81.836
539.00,-83.030
539.68,-82.354
540.35,-82.139
541.02,-82.438
541.69,-83.330
542.37,-84.005
543.04,-83.207
543.71,-81.841
544.39,-81.988
545.06,-80.962
545.73,-80.927
546.41,-81.058
547.08,-83.810
547.75,-82.539
548.42,-83.336
549.10,-82.275
549.77,-80.194
550.44,-80.993
551.12,-81.192
551.79,-81.452
552.46,-82.277
553.13,-81.143
553.81,-82.314
554.48,-80.710
555.15,-80.603
555.83,-81.315
556.50,-81.305
557.17,-81.736
557.84,-80.732
558.52,-81.360
559.19,-81.836
559.86,-81.610
560.54,-81.571
561.21,-80.796
561.88,-81.212
562.55,-81.569
563.23,-82.387
563.90,-79.520
564.57,-79.773
565.25,-82.292
565.92,-80.704
566.59,-79.799
567.27,-80.704
567.94,-80.653
568.61,-79.858
569.28,-80.238
569.96,-79.892
570.63,-77.677
571.30,-78.789
571.98,-80.245
572.65,-81.100
573.32,-79.790
573.99,-80.453
574.67,-79.603
575.34,-80.498
576.01,-79.272
576.69,-80.666
577.36,-80.920
578.03,-79.321
578.70,-78.935
579.38,-78.340
580.05,-78.255
580.72,-76.142
581.40,-73.112
582.07,-76.555
582.74,-78.067
583.42,-78.307
584.09,-74.742
584.76,-77.679
585.43,-79.363
586.11,-79.722
586.78,-77.487
587.45,-72.369
588.13,-75.631
588.80,-77.798
589.47,-79.963
590.14,-79.056
590.82,-78.454
591.49,-78.695
592.16,-75.125
592.84,-77.000
593.51,-78.236
594.18,-77.810
594.85,-79.390
595.53,-78.109
596.20,-79.143
596.87,-77.973
597.55,-78.117
598.22,-77.023
598.89,-78.005
599.57,-77.463
600.24,-77.263
600.91,-78.090
601.58,-77.722
602.26,-76.994
602.93,-77.637
603.60,-76.321
604.28,-75.053
604.95,-74.568
605.62,-74.340
606.29,-75.911
606.97,-76.173
607.64,-77.139
608.31,-77.362
608.99,-76.964
609.66,-75.208
610.33,-74.047
611.00,-68.984
611.68,-74.274
612.35,-75.372
613.02,-75.314
613.70,-76.401
614.37,-75.586
615.04,-75.983
615.72,-76.211
616.39,-75.091
617.06,-74.979
617.73,-75.399
618.41,-73.938
619.08,-74.023
619.75,-76.214
620.43,-76.383
621.10,-76.229
621.77,-75.079
622.44,-74.754
623.12,-73.309
623.79,-73.576
624.46,-74.239
625.14,-73.938
625.81,-72.229
626.48,-74.259
627.15,-72.165
627.83,-71.388
628.50,-73.556
629.17,-73.066
629.85,-72.876
630.52,-74.431
631.19,-72.663
631.86,-72.468
632.54,-72.417
633.21,-73.545
633.88,-74.211
634.56,-73.398
635.23,-72.460
635.90,-72.005
636.58,-72.141
637.25,-70.152
637.92,-71.919
638.59,-72.021
639.27,-71.722
639.94,-73.753
640.61,-72.389
641.29,-72.681
641.96,-71.784
642.63,-72.122
643.30,-72.369
643.98,-73.770
644.65,-72.553
645.32,-72.685
646.00,-73.518
646.67,-74.048
647.34,-74.059
648.01,-72.599
648.69,-73.437
649.36,-73.959
650.03,-74.179
650.71,-72.753
651.38,-71.749
652.05,-72.174
652.73,-72.746
653.40,-74.680
654.07,-73.931
654.74,-74.758
655.42,-74.129
656.09,-76.013
656.76,-74.873
657.44,-75.622
658.11,-75.375
658.78,-74.457
659.45,-74.326
660.13,-74.436
660.80,-73.286
661.47,-73.501
662.15,-72.176
662.82,-69.847
663.49,-62.758
664.16,-57.605
664.84,-67.747
665.51,-72.262
666.18,-73.281
666.86,-76.145
667.53,-75.177
668.20,-75.726
668.88,-76.505
669.55,-76.316
670.22,-77.595
670.89,-78.244
671.57,-78.991
672.24,-76.929
672.91,-78.058
673.59,-77.114
674.26,-76.096
674.93,-77.444
675.60,-78.138
676.28,-77.360
676.95,-78.431
677.62,-78.302
678.30,-77.926
678.97,-78.943
679.64,-77.868
680.31,-78.898
680.99,-78.279
681.66,-77.266
682.33,-77.589
683.01,-78.371
683.68,-77.479
684.35,-78.962
685.03,-78.919
685.70,-78.886
686.37,-78.704
687.04,-79.750
687.72,-80.493
688.39,-78.366
689.06,-79.197
689.74,-79.040
690.41,-79.756
691.08,-81.282
691.75,-78.758
692.43,-81.612
693.10,-79.594
693.77,-80.900
694.45,-79.183
695.12,-79.291
695.79,-78.752
696.46,-80.202
697.14,-80.217
697.81,-81.195
698.48,-79.952
699.16,-80.416
699.83,-81.445
700.50,-81.101
701.17,-81.657
701.85,-79.704
702.52,-82.108
703.19,-80.526
703.87,-81.533
704.54,-80.298
705.21,-81.584
705.89,-83.243
706.56,-81.494
707.23,-82.094
707.90,-81.533
708.58,-82.088
709.25,-81.713
709.92,-81.994
710.60,-80.778
711.27,-80.088
711.94,-80.418
712.61,-80.671
713.29,-80.790
713.96,-80.612
714.63,-81.119
715.31,-80.637
715.98,-81.777
716.65,-82.633
717.32,-83.132
718.00,-82.503
718.67,-82.387
719.34,-80.668
720.02,-81.549
720.69,-81.725
721.36,-83.688
722.04,-82.451
722.71,-82.356
723.38,-81.419
724.05,-82.427
724.73,-83.124
725.40,-83.650
726.07,-82.894
726.75,-83.927
727.42,-82.294
728.09,-81.290
728.76,-82.446
729.44,-83.220
730.11,-83.225
730.78,-81.005
731.46,-83.689
732.13,-83.003
732.80,-82.676
733.47,-82.311
734.15,-81.104
734.82,-81.075
735.49,-82.129
736.17,-81.485
736.84,-81.058
737.51,-81.089
738.19,-81.899
738.86,-81.694
739.53,-82.374
740.20,-81.667
740.88,-73.370
741.55,-80.045
742.22,-78.453
742.90,-81.685
743.57,-80.060
744.24,-82.964
744.91,-83.130
745.59,-83.522
746.26,-83.660
746.93,-83.584
747.61,-84.887
748.28,-83.729
748.95,-83.834
749.62,-83.660
750.30,-84.587
750.97,-86.550
751.64,-85.646
752.32,-87.466
752.99,-85.073
753.66,-83.582
754.34,-85.073
755.01,-84.688
755.68,-84.875
756.35,-84.413
757.03,-82.811
757.70,-83.314
758.37,-85.506
759.05,-84.017
759.72,-85.463
760.39,-83.997
761.06,-83.869
761.74,-84.145
762.41,-83.860
763.08,-84.497
763.76,-83.810
764.43,-85.213
765.10,-84.760
765.77,-86.146
766.45,-84.740
767.12,-85.571
767.79,-86.584
768.47,-85.432
769.14,-85.267
769.81,-82.949
770.48,-76.851
771.16,-84.060
771.83,-85.282
772.50,-85.186
773.18,-84.218
773.85,-84.349
774.52,-84.532
775.20,-84.710
775.87,-85.977
776.54,-86.238
777.21,-87.075
777.89,-87.174
778.56,-85.148
779.23,-86.660
779.91,-84.856
780.58,-87.232
781.25,-86.460
781.92,-86.129
782.60,-85.430
783.27,-87.106
783.94,-87.134
784.62,-84.861
785.29,-86.936
785.96,-85.897
786.63,-86.354
787.31,-85.108
787.98,-85.515
788.65,-86.907
789.33,-85.602
790.00,-85.806
790.67,-86.509
791.35,-85.958
792.02,-86.218
792.69,-86.212
793.36,-86.525
794.04,-86.061
794.71,-86.833
795.38,-84.143
796.06,-80.371
796.73,-73.358
797.40,-81.698
798.07,-86.432
798.75,-85.988
799.42,-85.152
800.09,-86.046
800.77,-85.674
801.44,-85.916
802.11,-85.548
802.78,-86.923
803.46,-86.430
804.13,-85.872
804.80,-86.148
805.48,-86.010
806.15,-87.435
806.82,-86.453
807.50,-86.258
808.17,-87.562
808.84,-85.993
809.51,-87.511
810.19,-87.030
810.86,-87.796
811.53,-86.598
812.21,-86.568
812.88,-86.297
813.55,-86.666
814.22,-87.123
814.90,-87.297
815.57,-86.831
816.24,-86.859
816.92,-87.659
817.59,-87.579
818.26,-87.769
818.93,-86.205
819.61,-86.897
820.28,-88.564
820.95,-87.832
821.63,-88.909
822.30,-86.217
822.97,-86.144
823.65,-86.377
824.32,-86.592
824.99,-88.296
825.66,-87.567
826.34,-87.300
827.01,-86.578
827.68,-87.146
828.36,-87.921
829.03,-87.077
829.70,-87.491
830.37,-88.559
831.05,-88.162
831.72,-88.378
832.39,-88.449
833.07,-88.080
833.74,-88.400
834.41,-87.402
835.08,-87.415
835.76,-87.294
836.43,-87.230
837.10,-86.753
837.78,-86.423
838.45,-88.501
839.12,-89.147
839.79,-89.088
840.47,-89.316
841.14,-88.156
841.81,-88.978
842.49,-88.521
843.16,-88.442
843.83,-88.981
844.51,-88.574
845.18,-88.185
845.85,-88.902
846.52,-87.723
847.20,-87.911
847.87,-88.250
848.54,-88.250
849.22,-87.293
849.89,-85.552
850.56,-86.374
851.23,-87.476
851.91,-89.122
852.58,-90.900
853.25,-89.333
853.93,-89.364
854.60,-88.556
855.27,-87.616
855.94,-88.231
856.62,-88.574
857.29,-87.253
857.96,-87.969
858.64,-87.964
859.31,-87.251
859.98,-89.355
860.66,-87.358
861.33,-87.178
862.00,-86.764
862.67,-86.795
863.35,-86.803
864.02,-87.443
864.69,-88.469
865.37,-87.441
866.04,-86.022
866.71,-88.644
867.38,-88.667
868.06,-88.560
868.73,-88.162
869.40,-88.762
870.08,-89.141
870.75,-88.978
871.42,-88.572
872.09,-88.599
872.77,-88.256
873.44,-88.641
874.11,-89.525
874.79,-87.992
875.46,-88.872
876.13,-88.090
876.81,-88.746
877.48,-88.978
878.15,-88.621
878.82,-89.163
879.50,-90.869
880.17,-90.050
880.84,-87.901
881.52,-87.893
882.19,-88.407
882.86,-88.614
883.53,-88.925
884.21,-89.349
884.88,-88.546
885.55,-88.941
886.23,-89.257
886.90,-90.555
887.57,-90.821
888.24,-89.739
888.92,-88.504
889.59,-89.542
890.26,-89.255
890.94,-88.956
891.61,-89.517
892.28,-89.401
892.96,-91.020
893.63,-88.236
894.30,-87.952
894.97,-89.007
895.65,-87.417
896.32,-88.462
896.99,-89.216
897.67,-89.030
898.34,-89.422
899.01,-88.009
899.68,-87.841
900.36,-88.116
901.03,-89.132
901.70,-90.165
902.38,-88.022
903.05,-88.434
903.72,-87.671
904.39,-86.931
905.07,-88.018
905.74,-88.093
906.41,-87.834
907.09,-88.930
907.76,-88.700
908.43,-88.502
909.10,-88.785
909.78,-88.333
910.45,-89.539
911.12,-87.769
911.80,-89.253
912.47,-89.133
913.14,-89.837
913.82,-90.667
914.49,-88.026
915.16,-88.514
915.83,-90.596
916.51,-87.272
917.18,-88.320
917.85,-89.104
918.53,-89.767
919.20,-88.700
919.87,-87.517
920.54,-87.281
921.22,-87.652
921.89,-89.026
922.56,-88.800
923.24,-86.974
923.91,-87.660
924.58,-86.932
925.25,-88.750
925.93,-89.246
926.60,-89.495
927.27,-89.056
927.95,-88.504
928.62,-89.565
929.29,-82.652
929.97,-84.061
930.64,-87.983
931.31,-88.142
931.98,-87.938
932.66,-88.490
933.33,-88.383
934.00,-87.795
934.68,-87.358
935.35,-87.821
936.02,-89.383
936.69,-88.552
937.37,-89.022
938.04,-88.647
938.71,-88.443
939.39,-87.705
940.06,-87.406
940.73,-89.390
941.40,-87.849
942.08,-87.950
942.75,-88.852
943.42,-88.370
944.10,-89.450
944.77,-89.042
945.44,-88.947
946.12,-87.945
946.79,-89.212
947.46,-89.949
948.13,-89.278
948.81,-89.564
949.48,-88.181
950.15,-88.878
950.83,-88.190
951.50,-87.838
952.17,-88.676
952.84,-89.004
953.52,-88.168
954.19,-90.347
954.86,-89.273
955.54,-88.990
956.21,-88.967
956.88,-89.146
957.55,-87.696
958.23,-88.728
958.90,-88.606
959.57,-87.851
960.25,-89.446
960.92,-89.082
961.59,-88.804
962.27,-88.016
962.94,-88.708
963.61,-88.566
964.28,-89.244
964.96,-88.597
965.63,-87.856
966.30,-87.564
966.98,-88.263
967.65,-89.954
968.32,-89.202
968.99,-89.501
969.67,-88.843
970.34,-88.302
971.01,-88.954
971.69,-88.708
972.36,-88.196
973.03,-88.245
973.70,-87.473
974.38,-88.811
975.05,-89.727
975.72,-89.230
976.40,-87.165
977.07,-89.237
977.74,-89.358
978.41,-89.010
979.09,-88.381
979.76,-88.349
980.43,-86.626
981.11,-87.985
981.78,-87.768
982.45,-88.866
983.13,-87.770
983.80,-89.002
984.47,-89.086
985.14,-87.927
985.82,-88.428
986.49,-89.105
987.16,-87.806
987.84,-87.302
988.51,-86.936
989.18,-88.258
989.85,-88.173
990.53,-88.583
991.20,-89.158
991.87,-86.733
992.55,-88.136
993.22,-89.072
993.89,-88.885
994.56,-88.521
995.24,-88.474
995.91,-88.119
996.58,-86.569
997.26,-88.362
997.93,-87.276
998.60,-88.319
999.28,-87.688
999.95,-88.501
1000.62,-87.512
1001.29,-87.366
1001.97,-87.564
1002.64,-88.546
1003.31,-88.742
1003.99,-87.188
1004.66,-88.258
1005.33,-88.647
1006.00,-87.887
1006.68,-87.351
1007.35,-88.473
1008.02,-88.653
1008.70,-85.948
1009.37,-88.285
1010.04,-86.157
1010.71,-86.529
1011.39,-87.116
1012.06,-87.726
1012.73,-87.667
1013.41,-87.922
1014.08,-88.009
1014.75,-87.778
1015.43,-86.157
1016.10,-86.933
1016.77,-86.791
1017.44,-87.286
1018.12,-87.253
1018.79,-87.201
1019.46,-87.065
1020.14,-87.152
1020.81,-87.292
1021.48,-86.170
1022.15,-87.095
1022.83,-86.606
1023.50,-88.610
1024.17,-86.264
1024.85,-86.119
1025.52,-87.216
1026.19,-87.319
1026.86,-86.479
1027.54,-87.004
1028.21,-88.046
1028.88,-86.442
1029.56,-87.078
1030.23,-86.878
1030.90,-86.908
1031.58,-86.959
1032.25,-87.019
1032.92,-86.794
1033.59,-86.843
1034.27,-87.919
1034.94,-87.200
1035.61,-86.799
1036.29,-87.009
1036.96,-85.742
1037.63,-87.217
1038.30,-87.080
1038.98,-86.750
1039.65,-86.783
1040.32,-87.240
1041.00,-86.951
1041.67,-86.597
1042.34,-86.567
1043.01,-86.283
1043.69,-85.677
1044.36,-84.740
1045.03,-86.495
1045.71,-86.225
1046.38,-87.212
1047.05,-86.358
1047.72,-86.516
1048.40,-86.441
1049.07,-87.138
1049.74,-86.127
1050.42,-86.981
1051.09,-85.837
1051.76,-86.124
1052.44,-85.791
1053.11,-86.419
1053.78,-85.794
1054.45,-85.740
1055.13,-87.215
1055.80,-85.979
1056.47,-86.513
1057.15,-85.176
1057.82,-86.889
1058.49,-86.748
1059.16,-85.757
1059.84,-85.937
1060.51,-85.798
1061.18,-84.669
1061.86,-84.978
1062.53,-85.860
1063.20,-86.823
1063.87,-86.871
1064.55,-84.342
1065.22,-85.428
1065.89,-84.304
1066.57,-83.883
1067.24,-85.666
1067.91,-83.439
1068.59,-82.421
1069.26,-85.703
1069.93,-85.079
1070.60,-85.471
1071.28,-84.930
1071.95,-83.646
1072.62,-84.750
1073.30,-83.912
1073.97,-85.163
1074.64,-84.403
1075.31,-85.359
1075.99,-87.238
1076.66,-84.917
1077.33,-84.942
1078.01,-85.867
1078.68,-84.935
1079.35,-84.798
1080.02,-84.625
1080.70,-84.677
1081.37,-84.604
1082.04,-83.527
1082.72,-83.420
1083.39,-83.831
1084.06,-86.961
1084.74,-83.730
1085.41,-83.179
1086.08,-83.722
1086.75,-83.956
1087.43,-83.435
1088.10,-84.825
1088.77,-84.557
1089.45,-81.213
1090.12,-82.282
1090.79,-83.108
1091.46,-84.721
1092.14,-82.911
1092.81,-83.322
1093.48,-83.183
1094.16,-83.476
1094.83,-81.918
1095.50,-82.025
1096.17,-82.441
1096.85,-82.701
1097.52,-82.405
1098.19,-83.146
1098.87,-82.400
1099.54,-83.866
1100.21,-83.476
1100.89,-83.807
1101.56,-81.866
1102.23,-82.910
1102.90,-82.379
1103.58,-83.281
1104.25,-81.652
1104.92,-80.206
1105.60,-83.416
1106.27,-82.031
1106.94,-82.620
1107.61,-83.175
1108.29,-81.464
1108.96,-81.393
1109.63,-81.126
1110.31,-82.623
1110.98,-81.371
1111.65,-82.124
1112.32,-82.663
1113.00,-83.622
1113.67,-82.435
1114.34,-83.007
1115.02,-82.405
1115.69,-80.624
1116.36,-80.464
1117.03,-81.046
1117.71,-80.241
1118.38,-80.533
1119.05,-80.488
1119.73,-81.204
1120.40,-81.257
1121.07,-81.262
1121.75,-80.987
1122.42,-81.702
1123.09,-80.849
1123.76,-81.433
1124.44,-80.143
1125.11,-82.048
1125.78,-80.527
1126.46,-81.173
1127.13,-80.212
1127.80,-76.242
1128.47,-79.582
1129.15,-80.299
1129.82,-76.301
1130.49,-75.394
1131.17,-79.532
1131.84,-79.990
1132.51,-79.494
1133.18,-80.082
1133.86,-80.344
1134.53,-80.080
1135.20,-80.746
1135.88,-79.185
1136.55,-79.426
1137.22,-80.160
1137.90,-79.957
1138.57,-79.048
1139.24,-79.804
1139.91,-79.740
1140.59,-78.960
1141.26,-78.648
1141.93,-77.772
1142.61,-78.564
1143.28,-78.703
1143.95,-78.549
1144.62,-79.715
1145.30,-78.429
1145.97,-78.229
1146.64,-78.348
1147.32,-78.620
1147.99,-77.519
1148.66,-79.324
1149.33,-79.761
1150.01,-78.386
1150.68,-77.743
1151.35,-77.654
1152.03,-78.179
1152.70,-77.358
1153.37,-76.449
1154.05,-76.356
1154.72,-77.176
1155.39,-76.437
1156.06,-78.425
1156.74,-76.688
1157.41,-76.311
1158.08,-76.242
1158.76,-77.535
1159.43,-77.861
1160.10,-75.151
1160.77,-75.684
1161.45,-76.873
1162.12,-76.136
1162.79,-75.135
1163.47,-76.245
1164.14,-75.389
1164.81,-76.177
1165.48,-76.071
1166.16,-76.458
1166.83,-76.713
1167.50,-77.116
1168.18,-76.920
1168.85,-75.891
1169.52,-74.684
1170.20,-75.552
1170.87,-75.585
1171.54,-76.553
1172.21,-75.370
1172.89,-75.391
1173.56,-75.571
1174.23,-73.777
1174.91,-74.225
1175.58,-75.158
1176.25,-73.032
1176.92,-74.235
1177.60,-75.002
1178.27,-75.190
1178.94,-73.354
1179.62,-73.541
1180.29,-75.120
1180.96,-74.092
1181.63,-72.924
1182.31,-72.420
1182.98,-72.973
1183.65,-74.102
1184.33,-74.653
1185.00,-71.536
1185.67,-72.358
1186.34,-71.335
1187.02,-70.195
1187.69,-71.608
1188.36,-74.243
1189.04,-71.542
1189.71,-70.863
1190.38,-71.298
1191.06,-71.115
1191.73,-70.953
1192.40,-72.048
1193.07,-71.583
1193.75,-70.371
1194.42,-73.286
1195.09,-71.706
1195.77,-71.945
1196.44,-71.134
1197.11,-71.180
1197.78,-70.809
1198.46,-71.918
1199.13,-69.789
1199.80,-72.495
1200.48,-70.554
1201.15,-69.627
1201.82,-71.287
1202.49,-71.966
1203.17,-70.769
1203.84,-70.668
1204.51,-71.163
1205.19,-70.755
1205.86,-71.304
1206.53,-71.038
1207.21,-71.578
1207.88,-71.148
1208.55,-70.171
1209.22,-69.194
1209.90,-70.214
1210.57,-70.461
1211.24,-71.720
1211.92,-71.512
1212.59,-72.015
1213.26,-71.871
1213.93,-71.605
1214.61,-71.115
1215.28,-71.131
1215.95,-72.155
1216.63,-71.341
1217.30,-71.417
1217.97,-72.453
1218.64,-71.651
1219.32,-71.912
1219.99,-72.279
1220.66,-72.727
1221.34,-73.769
1222.01,-72.835
1222.68,-72.503
1223.36,-72.839
1224.03,-73.265
1224.70,-73.674
1225.37,-73.654
1226.05,-72.097
1226.72,-72.782
1227.39,-73.459
1228.07,-72.991
1228.74,-75.341
1229.41,-73.887
1230.08,-75.086
1230.76,-74.078
1231.43,-76.023
1232.10,-75.714
1232.78,-74.054
1233.45,-73.646
1234.12,-74.607
1234.79,-74.476
1235.47,-75.424
1236.14,-76.262
1236.81,-74.391
1237.49,-74.559
1238.16,-75.358
1238.83,-74.525
1239.51,-76.143
1240.18,-75.728
1240.85,-75.722
1241.52,-73.644
1242.20,-76.459
1242.87,-75.858
1243.54,-76.432
1244.22,-76.252
1244.89,-76.371
1245.56,-75.661
1246.23,-74.207
1246.91,-75.994
1247.58,-76.484
1248.25,-76.629
1248.93,-78.185
1249.60,-76.103
1250.27,-76.368
1250.94,-78.090
1251.62,-78.365
1252.29,-76.211
1252.96,-78.779
1253.64,-76.511
1254.31,-77.354
1254.98,-78.590
1255.65,-78.118
1256.33,-78.042
1257.00,-77.690
1257.67,-78.351
1258.35,-77.123
1259.02,-77.955
1259.69,-77.841
1260.37,-78.362
1261.04,-78.832
1261.71,-78.759
1262.38,-77.710
1263.06,-77.067
1263.73,-77.758
1264.40,-78.759
1265.08,-79.589
1265.75,-79.099
1266.42,-78.133
1267.09,-79.431
1267.77,-80.201
1268.44,-78.776
1269.11,-79.355
1269.79,-79.342
1270.46,-79.509
1271.13,-79.668
1271.80,-79.902
1272.48,-79.768
1273.15,-78.628
1273.82,-78.038
1274.50,-78.440
1275.17,-79.895
1275.84,-80.666
1276.52,-79.591
1277.19,-79.328
1277.86,-79.014
1278.53,-79.980
1279.21,-78.004
1279.88,-79.741
1280.55,-80.311
1281.23,-80.905
1281.90,-81.083
1282.57,-79.649
1283.24,-81.102
1283.92,-81.813
1284.59,-80.122
1285.26,-80.134
1285.94,-79.972
1286.61,-81.633
1287.28,-80.203
1287.95,-79.734
1288.63,-81.857
1289.30,-80.571
1289.97,-79.569
1290.65,-81.743
1291.32,-82.085
1291.99,-81.098
1292.67,-82.299
1293.34,-80.977
1294.01,-81.180
1294.68,-81.335
1295.36,-82.524
1296.03,-81.039
1296.70,-81.803
1297.38,-81.678
1298.05,-80.267
1298.72,-81.052
1299.39,-80.782
1300.07,-80.520
1300.74,-82.121
1301.41,-79.961
1302.09,-81.521
1302.76,-80.774
1303.43,-81.888
1304.10,-81.120
1304.78,-81.923
1305.45,-81.701
1306.12,-81.637
1306.80,-81.930
1307.47,-82.444
1308.14,-82.155
1308.82,-82.437
1309.49,-81.708
1310.16,-81.729
1310.83,-82.640
1311.51,-84.501
1312.18,-82.723
1312.85,-82.427
1313.53,-81.781
1314.20,-82.300
1314.87,-83.503
1315.54,-82.149
1316.22,-82.098
1316.89,-82.453
1317.56,-83.197
1318.24,-83.047
1318.91,-83.081
1319.58,-83.253
1320.25,-82.707
1320.93,-82.982
1321.60,-83.565
1322.27,-82.905
1322.95,-82.272
1323.62,-83.899
1324.29,-82.278
1324.96,-84.316
1325.64,-83.767
1326.31,-83.796
1326.98,-82.919
1327.66,-81.766
1328.33,-81.979
1329.00,-84.197
1329.68,-81.998
1330.35,-83.551
1331.02,-82.796
1331.69,-83.058
1332.37,-83.517
1333.04,-83.705
1333.71,-82.604
1334.39,-83.086
1335.06,-83.843
1335.73,-84.236
1336.40,-83.632
1337.08,-84.284
1337.75,-84.590
1338.42,-84.350
1339.10,-84.834
1339.77,-82.348
1340.44,-84.427
1341.11,-84.655
1341.79,-83.889
1342.46,-83.885
1343.13,-83.583
1343.81,-83.694
1344.48,-85.926
1345.15,-84.789
1345.83,-84.649
1346.50,-85.090
1347.17,-83.680
1347.84,-83.634
1348.52,-85.307
1349.19,-82.977
1349.86,-84.811
1350.54,-84.160
1351.21,-86.397
1351.88,-85.046
1352.55,-84.662
1353.23,-85.219
1353.90,-84.647
1354.57,-85.884
1355.25,-85.560
1355.92,-84.163
1356.59,-84.236
1357.26,-83.604
1357.94,-85.310
1358.61,-85.336
1359.28,-86.350
1359.96,-84.011
1360.63,-85.493
1361.30,-83.782
1361.98,-84.196
1362.65,-84.849
1363.32,-85.027
1363.99,-84.716
1364.67,-84.982
1365.34,-85.391
1366.01,-84.360
1366.69,-83.985
1367.36,-85.617
1368.03,-85.952
1368.70,-84.889
1369.38,-85.120
1370.05,-85.256
1370.72,-84.654
1371.40,-84.807
1372.07,-84.018
1372.74,-84.693
1373.41,-84.881
1374.09,-84.981
1374.76,-83.805
1375.43,-86.715
1376.11,-85.403
1376.78,-84.490
1377.45,-83.841
1378.12,-85.744
1378.80,-85.842
1379.47,-84.820
1380.14,-86.336
1380.82,-86.257
1381.49,-86.457
1382.16,-85.669
1382.84,-85.122
1383.51,-86.310
1384.18,-87.385
1384.85,-86.660
1385.53,-85.286
1386.20,-86.512
1386.87,-85.253
1387.55,-85.155
1388.22,-85.075
1388.89,-85.170
1389.56,-85.759
1390.24,-84.148
1390.91,-84.414
1391.58,-86.154
1392.26,-84.704
1392.93,-85.692
1393.60,-86.008
1394.27,-84.919
1394.95,-86.873
1395.62,-85.931
1396.29,-85.027
1396.97,-85.125
1397.64,-83.929
1398.31,-85.569
1398.99,-84.825
1399.66,-85.452
1400.33,-86.869
1401.00,-86.381
1401.68,-85.877
1402.35,-86.115
1403.02,-87.314
1403.70,-85.294
1404.37,-86.330
1405.04,-85.544
1405.71,-85.651
1406.39,-85.638
1407.06,-85.022
1407.73,-85.802
1408.41,-84.976
1409.08,-85.970
1409.75,-86.067
1410.42,-86.404
1411.10,-84.405
1411.77,-86.089
1412.44,-85.509
1413.12,-85.061
1413.79,-85.189
1414.46,-85.300
1415.14,-86.013
1415.81,-85.298
1416.48,-85.851
1417.15,-87.938
1417.83,-85.604
1418.50,-86.791
1419.17,-86.471
1419.85,-86.410
1420.52,-86.222
1421.19,-87.679
1421.86,-85.836
1422.54,-85.173
1423.21,-85.171
1423.88,-86.065
1424.56,-85.841
1425.23,-85.508
1425.90,-87.161
1426.57,-86.525
1427.25,-86.398
1427.92,-85.995
1428.59,-85.627
1429.27,-86.525
1429.94,-86.972
1430.61,-87.686
1431.29,-85.272
1431.96,-85.508
1432.63,-86.757
1433.30,-86.280
1433.98,-86.295
1434.65,-86.154
1435.32,-85.589
1436.00,-86.035
1436.67,-84.577
1437.34,-86.784
1438.01,-86.744
1438.69,-85.443
1439.36,-86.533
1440.03,-86.203
1440.71,-87.489
1441.38,-85.385
1442.05,-87.352
1442.72,-87.505
1443.40,-85.749
1444.07,-86.215
1444.74,-85.765
1445.42,-86.079
1446.09,-84.552
1446.76,-85.187
1447.43,-87.216
1448.11,-87.342
1448.78,-86.505
1449.45,-86.091
1450.13,-84.937
1450.80,-86.287
1451.47,-87.192
1452.15,-87.444
1452.82,-87.551
1453.49,-86.730
1454.16,-86.250
1454.84,-85.026
1455.51,-86.272
1456.18,-86.665
1456.86,-86.058
1457.53,-85.601
1458.20,-86.872
1458.87,-86.749
1459.55,-86.822
1460.22,-86.615
1460.89,-84.310
1461.57,-84.981
1462.24,-85.546
1462.91,-85.100
1463.58,-86.199
1464.26,-85.743
1464.93,-85.697
1465.60,-85.610
1466.28,-87.264
1466.95,-85.479
1467.62,-86.430
1468.30,-86.489
1468.97,-85.331
1469.64,-86.052
1470.31,-85.348
1470.99,-86.474
1471.66,-85.406
1472.33,-86.131
1473.01,-85.862
1473.68,-85.871
1474.35,-85.665
1475.02,-85.899
1475.70,-85.783
1476.37,-86.454
1477.04,-87.437
1477.72,-86.739
1478.39,-86.381
1479.06,-86.477
1479.73,-87.722
1480.41,-85.877
1481.08,-85.392
1481.75,-85.724
1482.43,-85.742
1483.10,-85.727
1483.77,-83.696
1484.45,-85.986
1485.12,-86.758
1485.79,-86.278
1486.46,-86.501
1487.14,-86.692
1487.81,-87.110
1488.48,-85.993
1489.16,-85.804
1489.83,-86.221
1490.50,-87.056
1491.17,-86.801
1491.85,-85.892
1492.52,-85.314
1493.19,-85.745
1493.87,-85.921
1494.54,-85.031
1495.21,-85.913
1495.88,-87.035
1496.56,-86.306
1497.23,-86.299
1497.90,-85.979
1498.58,-85.943
1499.25,-86.161
1499.92,-86.885
1500.60,-84.854
1501.27,-86.958
1501.94,-86.156
1502.61,-87.292
1503.29,-85.695
1503.96,-85.737
1504.63,-87.240
1505.31,-86.068
1505.98,-86.236
1506.65,-87.211
1507.32,-86.902
1508.00,-85.136
1508.67,-84.913
1509.34,-85.394
1510.02,-85.505
1510.69,-85.303
1511.36,-86.959
1512.03,-86.182
1512.71,-86.033
1513.38,-84.535
1514.05,-85.675
1514.73,-85.070
1515.40,-85.041
1516.07,-85.734
1516.74,-85.803
1517.42,-85.408
1518.09,-85.750
1518.76,-85.980
1519.44,-85.023
1520.11,-84.879
1520.78,-86.316
1521.46,-85.761
1522.13,-85.091
1522.80,-85.660
1523.47,-85.783
1524.15,-84.583
1524.82,-85.338
1525.49,-85.750
1526.17,-85.955
1526.84,-85.611
1527.51,-86.169
1528.18,-85.124
1528.86,-84.837
1529.53,-84.718
1530.20,-85.196
1530.88,-86.013
1531.55,-86.476
1532.22,-84.462
1532.89,-85.088
1533.57,-85.357
1534.24,-86.746
1534.91,-84.803
1535.59,-85.724
1536.26,-84.951
1536.93,-84.982
1537.61,-85.180
1538.28,-85.249
1538.95,-86.002
1539.62,-86.784
1540.30,-86.212
1540.97,-86.376
1541.64,-83.546
1542.32,-85.971
1542.99,-86.051
1543.66,-85.347
1544.33,-85.749
1545.01,-85.141
1545.68,-86.211
1546.35,-85.461
1547.03,-86.633
1547.70,-85.132
1548.37,-85.450
1549.04,-85.315
1549.72,-85.303
1550.39,-84.109
1551.06,-85.128
1551.74,-84.656
1552.41,-84.497
1553.08,-85.363
1553.76,-84.386
1554.43,-85.458
1555.10,-85.834
1555.77,-85.456
1556.45,-84.730
1557.12,-85.296
1557.79,-85.034
1558.47,-85.071
1559.14,-85.287
1559.81,-84.248
1560.48,-84.317
1561.16,-83.909
1561.83,-85.452
1562.50,-87.131
1563.18,-85.419
1563.85,-84.279
1564.52,-84.059
1565.19,-83.689
1565.87,-84.366
1566.54,-84.568
1567.21,-84.301
1567.89,-84.315
1568.56,-84.967
1569.23,-84.072
1569.91,-84.813
1570.58,-82.801
1571.25,-85.041
1571.92,-84.834
1572.60,-85.034
1573.27,-84.926
1573.94,-83.531
1574.62,-84.543
1575.29,-85.318
1575.96,-84.457
1576.63,-84.246
1577.31,-84.919
1577.98,-84.147
1578.65,-84.305
1579.33,-83.831
1580.00,-84.475
1580.67,-84.977
1581.34,-84.554
1582.02,-84.067
1582.69,-83.860
1583.36,-84.974
1584.04,-84.278
1584.71,-83.710
1585.38,-84.833
1586.05,-83.867
1586.73,-85.028
1587.40,-83.724
1588.07,-83.073
1588.75,-82.751
1589.42,-83.391
1590.09,-84.345
1590.77,-85.715
1591.44,-84.706
1592.11,-85.259
1592.78,-86.103
1593.46,-83.792
1594.13,-83.386
1594.80,-83.884
1595.48,-84.364
1596.15,-83.481
1596.82,-84.281
1597.49,-82.909
1598.17,-84.377
1598.84,-83.100
1599.51,-83.017
1600.19,-83.936
1600.86,-84.464
1601.53,-83.623
1602.20,-83.889
1602.88,-83.794
1603.55,-82.830
1604.22,-82.783
1604.90,-82.055
1605.57,-83.469
1606.24,-82.558
1606.92,-83.256
1607.59,-82.867
1608.26,-82.526
1608.93,-83.154
1609.61,-82.939
1610.28,-82.563
1610.95,-82.652
1611.63,-84.106
1612.30,-82.425
1612.97,-83.028
1613.64,-83.904
1614.32,-82.809
1614.99,-81.208
1615.66,-83.103
1616.34,-83.167
1617.01,-85.067
1617.68,-82.163
1618.35,-82.599
1619.03,-82.861
1619.70,-82.722
1620.37,-83.268
1621.05,-81.780
1621.72,-82.554
1622.39,-81.756
1623.07,-83.239
1623.74,-82.772
1624.41,-84.649
1625.08,-83.907
1625.76,-82.829
1626.43,-83.186
1627.10,-83.854
1627.78,-81.627
1628.45,-82.025
1629.12,-81.023
1629.79,-82.075
1630.47,-83.236
1631.14,-82.805
1631.81,-82.004
1632.49,-81.897
1633.16,-81.787
1633.83,-81.055
1634.50,-82.088
1635.18,-81.393
1635.85,-81.432
1636.52,-82.435
1637.20,-82.497
1637.87,-81.261
1638.54,-80.656
1639.22,-79.410
1639.89,-81.102
1640.56,-82.261
1641.23,-81.116
1641.91,-82.001
1642.58,-81.071
1643.25,-80.818
1643.93,-80.564
1644.60,-81.323
1645.27,-80.929
1645.94,-82.183
1646.62,-81.420
1647.29,-81.868
1647.96,-81.297
1648.64,-81.696
1649.31,-81.139
1649.98,-81.673
1650.65,-81.302
1651.33,-80.825
1652.00,-82.003
1652.67,-80.794
1653.35,-80.849
1654.02,-80.213
1654.69,-80.853
1655.36,-81.064
1656.04,-81.055
1656.71,-80.357
1657.38,-80.746
1658.06,-82.227
1658.73,-81.810
1659.40,-80.632
1660.08,-79.142
1660.75,-80.497
1661.42,-81.886
1662.09,-82.625
1662.77,-79.045
1663.44,-80.911
1664.11,-79.432
1664.79,-79.678
1665.46,-81.171
1666.13,-80.609
1666.80,-79.855
1667.48,-79.150
1668.15,-79.089
1668.82,-80.077
1669.50,-80.009
1670.17,-79.226
1670.84,-79.783
1671.51,-80.132
1672.19,-79.502
1672.86,-79.852
1673.53,-78.925
1674.21,-79.243
1674.88,-79.217
1675.55,-78.731
1676.23,-79.254
1676.90,-78.545
1677.57,-79.180
1678.24,-78.224
1678.92,-80.567
1679.59,-79.225
1680.26,-78.969
1680.94,-78.819
1681.61,-77.110
1682.28,-77.845
1682.95,-78.116
1683.63,-78.051
1684.30,-78.654
1684.97,-79.508
1685.65,-79.123
1686.32,-78.982
1686.99,-77.584
1687.66,-78.109
1688.34,-78.291
1689.01,-77.239
1689.68,-78.249
1690.36,-78.301
1691.03,-77.532
1691.70,-77.685
1692.38,-79.013
1693.05,-79.641
1693.72,-78.045
1694.39,-78.315
1695.07,-78.882
1695.74,-78.512
1696.41,-77.767
1697.09,-75.894
1697.76,-77.549
1698.43,-77.601
1699.10,-77.110
1699.78,-78.050
1700.45,-78.230
1701.12,-76.274
1701.80,-77.160
1702.47,-77.112
1703.14,-76.940
1703.81,-76.203
1704.49,-75.658
1705.16,-76.260
1705.83,-76.182
1706.51,-76.449
1707.18,-77.096
1707.85,-75.705
1708.53,-75.510
1709.20,-75.749
1709.87,-75.800
1710.54,-73.946
1711.22,-77.214
1711.89,-76.853
1712.56,-76.727
1713.24,-76.526
1713.91,-74.633
1714.58,-75.527
1715.25,-75.525
1715.93,-75.336
1716.60,-73.961
1717.27,-74.063
1717.95,-74.970
1718.62,-74.263
1719.29,-73.494
1719.96,-73.873
1720.64,-74.226
1721.31,-75.174
1721.98,-75.825
1722.66,-75.106
1723.33,-73.673
1724.00,-75.143
1724.67,-74.414
1725.35,-74.292
1726.02,-74.563
1726.69,-74.846
1727.37,-73.042
1728.04,-73.083
1728.71,-73.647
1729.39,-74.854
1730.06,-74.978
1730.73,-74.607
1731.40,-75.448
1732.08,-73.337
1732.75,-74.009
1733.42,-71.918
1734.10,-72.187
1734.77,-72.019
1735.44,-72.474
1736.11,-72.908
1736.79,-72.013
1737.46,-72.757
1738.13,-72.056
1738.81,-72.254
1739.48,-73.338
1740.15,-71.315
1740.82,-71.743
1741.50,-71.426
1742.17,-72.215
1742.84,-71.421
1743.52,-71.779
1744.19,-71.687
1744.86,-72.250
1745.54,-69.878
1746.21,-69.826
1746.88,-71.182
1747.55,-71.159
1748.23,-71.410
1748.90,-70.488
1749.57,-69.495
1750.25,-70.206
1750.92,-70.458
1751.59,-70.366
1752.26,-70.422
1752.94,-70.079
1753.61,-69.604
1754.28,-69.535
1754.96,-69.790
1755.63,-68.435
1756.30,-68.493
1756.97,-68.290
1757.65,-66.307
1758.32,-68.737
1758.99,-68.800
1759.67,-68.413
1760.34,-68.091
1761.01,-67.403
1761.69,-67.959
1762.36,-67.904
1763.03,-67.880
1763.70,-67.627
1764.38,-67.315
1765.05,-67.385
1765.72,-66.990
1766.40,-66.702
1767.07,-68.026
1767.74,-67.159
1768.41,-67.024
1769.09,-66.738
1769.76,-67.697
1770.43,-66.259
1771.11,-66.864
1771.78,-67.524
1772.45,-67.113
1773.12,-66.053
1773.80,-66.123
1774.47,-65.769
1775.14,-65.453
1775.82,-66.283
1776.49,-66.076
1777.16,-65.337
1777.84,-66.459
1778.51,-66.437
1779.18,-66.018
1779.85,-67.278
1780.53,-66.333
1781.20,-65.807
1781.87,-65.530
1782.55,-65.919
1783.22,-64.878
1783.89,-64.998
1784.56,-66.473
1785.24,-67.115
1785.91,-67.520
1786.58,-67.138
1787.26,-65.882
1787.93,-67.170
1788.60,-65.986
1789.27,-66.956
1789.95,-65.811
1790.62,-66.456
1791.29,-65.339
1791.97,-67.127
1792.64,-66.436
1793.31,-67.287
1793.98,-68.127
1794.66,-68.072
1795.33,-68.570
1796.00,-67.955
1796.68,-66.942
1797.35,-66.282
1798.02,-67.199
1798.70,-67.965
1799.37,-68.430
1800.04,-69.639
1800.71,-69.518
1801.39,-68.952
1802.06,-67.383
1802.73,-69.519
1803.41,-68.823
1804.08,-68.217
1804.75,-68.752
1805.42,-69.438
1806.10,-69.935
1806.77,-69.618
1807.44,-70.400
1808.12,-69.485
1808.79,-70.334
1809.46,-69.471
1810.13,-69.097
1810.81,-69.153
1811.48,-69.653
1812.15,-69.749
1812.83,-70.366
1813.50,-70.837
1814.17,-71.484
1814.85,-72.359
1815.52,-70.134
1816.19,-70.110
1816.86,-70.565
1817.54,-71.770
1818.21,-72.307
1818.88,-72.209
1819.56,-70.713
1820.23,-70.980
1820.90,-70.807
1821.57,-72.324
1822.25,-70.798
1822.92,-71.373
1823.59,-71.610
1824.27,-70.408
1824.94,-71.928
1825.61,-72.920
1826.28,-73.680
1826.96,-71.653
1827.63,-73.393
1828.30,-72.008
1828.98,-73.051
1829.65,-73.582
1830.32,-72.993
1831.00,-74.226
1831.67,-74.229
1832.34,-73.495
1833.01,-74.622
1833.69,-73.702
1834.36,-74.332
1835.03,-74.057
1835.71,-73.232
1836.38,-73.806
1837.05,-73.225
1837.72,-72.605
1838.40,-73.532
1839.07,-73.461
1839.74,-74.708
1840.42,-73.038
1841.09,-74.352
1841.76,-74.984
1842.43,-73.952
1843.11,-74.414
1843.78,-75.787
1844.45,-73.959
1845.13,-74.646
1845.80,-74.159
1846.47,-73.820
1847.15,-75.265
1847.82,-75.669
1848.49,-76.254
1849.16,-74.401
1849.84,-74.820
1850.51,-75.207
1851.18,-75.325
1851.86,-76.766
1852.53,-75.486
1853.20,-75.190
1853.87,-74.912
1854.55,-76.316
1855.22,-75.468
1855.89,-76.099
1856.57,-75.852
1857.24,-77.234
1857.91,-76.276
1858.58,-75.770
1859.26,-75.806
1859.93,-75.649
1860.60,-76.374
1861.28,-76.424
1861.95,-75.235
1862.62,-76.126
1863.29,-77.092
1863.97,-75.667
1864.64,-75.601
1865.31,-75.602
1865.99,-76.739
1866.66,-77.705
1867.33,-76.917
1868.01,-76.138
1868.68,-76.703
1869.35,-78.804
1870.02,-77.433
1870.70,-76.597
1871.37,-76.065
1872.04,-76.534
1872.72,-76.764
1873.39,-77.048
1874.06,-76.291
1874.73,-76.680
1875.41,-77.885
1876.08,-78.559
1876.75,-76.678
1877.43,-76.649
1878.10,-77.284
1878.77,-77.294
1879.44,-76.551
1880.12,-78.476
1880.79,-77.674
1881.46,-77.793
1882.14,-77.724
1882.81,-77.790
1883.48,-77.972
1884.16,-79.226
1884.83,-78.098
1885.50,-78.962
1886.17,-77.729
1886.85,-77.414
1887.52,-77.589
1888.19,-78.028
1888.87,-78.386
1889.54,-78.919
1890.21,-78.208
1890.88,-78.248
1891.56,-78.114
1892.23,-79.155
1892.90,-77.491
1893.58,-76.717
1894.25,-78.817
1894.92,-78.132
1895.59,-77.566
1896.27,-78.073
1896.94,-78.479
1897.61,-79.165
1898.29,-78.195
1898.96,-76.630
1899.63,-80.213
1900.31,-79.547
1900.98,-79.533
1901.65,-79.728
1902.32,-79.284
1903.00,-78.832
1903.67,-79.413
1904.34,-77.963
1905.02,-79.817
1905.69,-78.316
1906.36,-78.242
1907.03,-79.125
1907.71,-79.700
1908.38,-78.609
1909.05,-78.646
1909.73,-79.808
1910.40,-79.065
1911.07,-78.079
1911.74,-79.459
1912.42,-78.273
1913.09,-78.970
1913.76,-78.800
1914.44,-78.673
1915.11,-79.924
1915.78,-78.284
1916.46,-78.646
1917.13,-79.227
1917.80,-78.267
1918.47,-79.362
1919.15,-79.340
1919.82,-79.911
1920.49,-78.504
1921.17,-79.619
1921.84,-79.120
1922.51,-79.875
1923.18,-78.682
1923.86,-79.353
1924.53,-78.646
1925.20,-79.557
1925.88,-79.774
1926.55,-79.301
1927.22,-79.151
1927.89,-79.368
1928.57,-78.928
1929.24,-79.813
1929.91,-79.067
1930.59,-79.376
1931.26,-81.097
1931.93,-79.135
1932.60,-80.802
1933.28,-80.070
1933.95,-80.890
1934.62,-79.997
1935.30,-80.324
1935.97,-79.285
1936.64,-79.570
1937.32,-80.656
1937.99,-78.964
1938.66,-81.048
1939.33,-79.967
1940.01,-80.539
1940.68,-79.826
1941.35,-80.112
1942.03,-79.654
1942.70,-79.169
1943.37,-79.159
1944.04,-79.719
1944.72,-80.695
1945.39,-79.881
1946.06,-80.575
1946.74,-80.277
1947.41,-80.672
1948.08,-81.645
1948.75,-80.934
1949.43,-80.885
1950.10,-80.379
1950.77,-78.982
1951.45,-80.496
1952.12,-79.574
1952.79,-81.092
1953.47,-79.688
1954.14,-81.647
1954.81,-79.271
1955.48,-79.985
1956.16,-81.473
1956.83,-80.202
1957.50,-81.179
1958.18,-79.779
1958.85,-78.920
1959.52,-79.833
1960.19,-80.841
1960.87,-80.053
1961.54,-79.616
1962.21,-80.365
1962.89,-80.966
1963.56,-79.663
1964.23,-80.026
1964.90,-81.640
1965.58,-80.888
1966.25,-80.237
1966.92,-79.899
1967.60,-82.104
1968.27,-80.636
1968.94,-79.822
1969.62,-81.123
1970.29,-81.993
1970.96,-81.886
1971.63,-81.665
1972.31,-81.999
1972.98,-79.588
1973.65,-80.602
1974.33,-80.574
1975.00,-79.320
1975.67,-79.888
1976.34,-82.168
1977.02,-80.872
1977.69,-80.683
1978.36,-81.512
1979.04,-80.207
1979.71,-81.588
1980.38,-82.093
1981.05,-80.656
1981.73,-80.091
1982.40,-80.021
1983.07,-82.328
1983.75,-80.941
1984.42,-80.610
1985.09,-80.707
1985.77,-79.587
1986.44,-81.077
1987.11,-81.462
1987.78,-81.635
1988.46,-81.333
1989.13,-79.901
1989.80,-80.236
1990.48,-80.699
1991.15,-80.612
1991.82,-80.819
1992.49,-81.267
1993.17,-80.299
1993.84,-81.261
1994.51,-81.160
1995.19,-79.177
1995.86,-80.254
1996.53,-80.954
1997.20,-81.334
1997.88,-80.984
1998.55,-82.161
1999.22,-81.715
1999.90,-80.805
2000.57,-81.578
2001.24,-80.351
2001.91,-80.547
2002.59,-80.707
2003.26,-80.793
2003.93,-80.852
2004.61,-81.387
2005.28,-81.066
2005.95,-81.607
2006.63,-81.583
2007.30,-80.931
2007.97,-82.422
2008.64,-80.906
2009.32,-81.750
2009.99,-81.010
2010.66,-81.948
2011.34,-81.408
2012.01,-82.196
2012.68,-81.533
2013.35,-82.919
2014.03,-79.981
2014.70,-79.920
2015.37,-81.090
2016.05,-81.116
2016.72,-81.436
2017.39,-81.670
2018.06,-82.162
2018.74,-82.400
2019.41,-81.916
2020.08,-81.508
2020.76,-82.602
2021.43,-81.101
2022.10,-81.311
2022.78,-81.632
2023.45,-81.001
2024.12,-81.226
2024.79,-81.706
2025.47,-81.574
2026.14,-80.347
2026.81,-82.660
2027.49,-81.731
2028.16,-81.417
2028.83,-82.208
2029.50,-81.178
2030.18,-81.124
2030.85,-80.583
2031.52,-79.125
2032.20,-82.754
2032.87,-80.822
2033.54,-82.217
2034.21,-81.230
2034.89,-81.704
2035.56,-82.077
2036.23,-81.314
2036.91,-80.035
2037.58,-80.320
2038.25,-81.345
2038.93,-80.950
2039.60,-81.396
2040.27,-80.625
2040.94,-81.958
2041.62,-82.911
2042.29,-81.741
2042.96,-80.553
2043.64,-81.770
2044.31,-80.893
2044.98,-83.506
2045.65,-79.967
2046.33,-81.300
2047.00,-81.511
2047.67,-80.290
2048.35,-81.184
2049.02,-80.776
2049.69,-82.386
2050.36,-81.580
2051.04,-80.242
2051.71,-79.961
2052.38,-81.280
2053.06,-80.119
2053.73,-80.285
2054.40,-80.431
2055.08,-83.180
2055.75,-81.287
2056.42,-81.354
2057.09,-80.138
2057.77,-80.958
2058.44,-79.937
2059.11,-81.365
2059.79,-80.598
2060.46,-81.740
2061.13,-79.960
2061.80,-81.040
2062.48,-81.428
2063.15,-79.055
2063.82,-80.040
2064.50,-80.234
2065.17,-80.751
2065.84,-80.181
2066.51,-81.125
2067.19,-80.799
2067.86,-81.474
2068.53,-81.369
2069.21,-80.514
2069.88,-81.041
2070.55,-80.960
2071.22,-80.870
2071.90,-81.428
2072.57,-82.182
2073.24,-79.457
2073.92,-80.691
2074.59,-80.097
2075.26,-81.251
2075.94,-80.444
2076.61,-83.253
2077.28,-81.489
2077.95,-81.379
2078.63,-79.622
2079.30,-80.576
2079.97,-80.204
2080.65,-83.258
2081.32,-81.273
2081.99,-79.707
2082.66,-81.411
2083.34,-80.433
2084.01,-81.192
2084.68,-81.225
2085.36,-79.677
2086.03,-80.924
2086.70,-81.034
2087.37,-80.048
2088.05,-82.349
2088.72,-81.285
2089.39,-78.474
2090.07,-80.214
2090.74,-79.581
2091.41,-80.688
2092.09,-81.724
2092.76,-80.745
2093.43,-81.246
2094.10,-81.196
2094.78,-81.128
2095.45,-83.600
2096.12,-81.364
2096.80,-81.362
2097.47,-81.290
2098.14,-80.449
2098.81,-80.065
2099.49,-81.328
2100.16,-80.612
2100.83,-80.463
2101.51,-80.667
2102.18,-79.702
2102.85,-81.061
2103.52,-81.460
2104.20,-79.738
2104.87,-80.570
2105.54,-80.825
2106.22,-79.363
2106.89,-80.992
2107.56,-80.742
2108.24,-79.894
2108.91,-80.769
2109.58,-80.205
2110.25,-79.214
2110.93,-79.896
2111.60,-80.661
2112.27,-80.556
2112.95,-79.916
2113.62,-80.040
2114.29,-79.769
2114.96,-80.612
2115.64,-79.597
2116.31,-79.163
2116.98,-79.627
2117.66,-80.081
2118.33,-79.853
2119.00,-79.562
2119.67,-81.168
2120.35,-81.063
2121.02,-81.630
2121.69,-79.995
2122.37,-80.693
2123.04,-81.860
2123.71,-79.597
2124.39,-80.073
2125.06,-80.063
2125.73,-80.293
2126.40,-78.847
2127.08,-80.525
2127.75,-79.326
2128.42,-79.724
2129.10,-79.750
2129.77,-79.241
2130.44,-81.063
2131.11,-79.397
2131.79,-79.798
2132.46,-80.632
2133.13,-79.521
2133.81,-78.683
2134.48,-81.067
2135.15,-79.557
2135.82,-80.427
2136.50,-80.325
2137.17,-80.780
2137.84,-80.582
2138.52,-79.247
2139.19,-79.264
2139.86,-79.201
2140.53,-80.839
2141.21,-80.546
2141.88,-79.092
2142.55,-79.809
2143.23,-80.844
2143.90,-78.987
2144.57,-79.411
2145.25,-79.942
2145.92,-78.051
2146.59,-79.296
2147.26,-80.797
2147.94,-79.231
2148.61,-79.634
2149.28,-80.039
2149.96,-79.356
2150.63,-80.346
2151.30,-78.380
2151.97,-78.684
2152.65,-78.916
2153.32,-79.963
2153.99,-79.045
2154.67,-78.725
2155.34,-80.159
2156.01,-80.041
2156.68,-79.612
2157.36,-78.926
2158.03,-81.904
2158.70,-79.503
2159.38,-79.227
2160.05,-79.167
2160.72,-80.098
2161.40,-79.425
2162.07,-80.254
2162.74,-80.310
2163.41,-80.475
2164.09,-80.013
2164.76,-78.406
2165.43,-78.932
2166.11,-79.148
2166.78,-78.371
2167.45,-78.774
2168.12,-77.721
2168.80,-78.496
2169.47,-79.333
2170.14,-78.540
2170.82,-78.513
2171.49,-78.820
2172.16,-78.162
2172.83,-79.456
2173.51,-79.176
2174.18,-79.073
2174.85,-79.121
2175.53,-78.967
2176.20,-78.078
2176.87,-79.783
2177.55,-80.274
2178.22,-77.730
2178.89,-78.460
2179.56,-79.159
2180.24,-77.128
2180.91,-78.781
2181.58,-78.316
2182.26,-77.739
2182.93,-78.130
2183.60,-79.403
2184.27,-79.531
2184.95,-77.613
2185.62,-77.768
2186.29,-78.766
2186.97,-78.345
2187.64,-78.991
2188.31,-80.075
2188.98,-77.241
2189.66,-77.451
2190.33,-78.272
2191.00,-78.198
2191.68,-77.276
2192.35,-78.273
2193.02,-79.008
2193.70,-78.199
2194.37,-77.767
2195.04,-78.225
2195.71,-77.034
2196.39,-76.903
2197.06,-77.447
2197.73,-78.337
2198.41,-77.579
2199.08,-77.407
2199.75,-76.722
2200.42,-76.819
2201.10,-78.205
2201.77,-77.429
2202.44,-76.764
2203.12,-76.415
2203.79,-77.696
2204.46,-77.754
2205.13,-76.921
2205.81,-78.693
2206.48,-76.776
2207.15,-76.194
2207.83,-76.430
2208.50,-75.826
2209.17,-75.589
2209.84,-75.443
2210.52,-78.202
2211.19,-76.465
2211.86,-77.498
2212.54,-77.371
2213.21,-78.674
2213.88,-76.633
2214.56,-77.842
2215.23,-77.739
2215.90,-76.676
2216.57,-76.268
2217.25,-75.879
2217.92,-76.546
2218.59,-76.111
2219.27,-76.614
2219.94,-76.560
2220.61,-75.863
2221.28,-77.151
2221.96,-78.050
2222.63,-75.718
2223.30,-76.600
2223.98,-77.667
2224.65,-76.509
2225.32,-76.575
2225.99,-74.792
2226.67,-76.176
2227.34,-74.972
2228.01,-76.573
2228.69,-74.808
2229.36,-74.141
2230.03,-76.366
2230.71,-75.040
2231.38,-75.482
2232.05,-75.984
2232.72,-76.847
2233.40,-77.349
2234.07,-76.843
2234.74,-75.958
2235.42,-75.542
2236.09,-76.584
2236.76,-75.729
2237.43,-74.722
2238.11,-75.572
2238.78,-75.711
2239.45,-74.211
2240.13,-74.619
2240.80,-75.259
2241.47,-74.445
2242.14,-74.527
2242.82,-74.620
2243.49,-75.226
2244.16,-74.260
2244.84,-73.873
2245.51,-75.935
2246.18,-74.673
2246.86,-75.068
2247.53,-73.620
2248.20,-74.475
2248.87,-74.833
2249.55,-73.652
2250.22,-73.201
2250.89,-74.119
2251.57,-74.222
2252.24,-73.896
2252.91,-74.085
2253.58,-73.024
2254.26,-73.718
2254.93,-73.877
2255.60,-72.967
2256.28,-73.935
2256.95,-74.277
2257.62,-72.434
2258.29,-73.842
2258.97,-74.852
2259.64,-74.555
2260.31,-73.670
2260.99,-72.694
2261.66,-72.584
2262.33,-73.263
2263.01,-72.652
2263.68,-72.905
2264.35,-72.855
2265.02,-73.423
2265.70,-72.465
2266.37,-72.035
2267.04,-71.260
2267.72,-72.538
2268.39,-71.847
2269.06,-71.959
2269.73,-71.203
2270.41,-71.692
2271.08,-72.469
2271.75,-71.838
2272.43,-71.532
2273.10,-71.810
2273.77,-72.899
2274.44,-69.750
2275.12,-71.290
2275.79,-72.243
2276.46,-70.191
2277.14,-71.115
2277.81,-71.786
2278.48,-71.315
2279.15,-70.477
2279.83,-71.585
2280.50,-71.026
2281.17,-71.108
2281.85,-70.965
2282.52,-70.846
2283.19,-71.170
2283.87,-70.601
2284.54,-71.160
2285.21,-71.490
2285.88,-72.276
2286.56,-70.729
2287.23,-70.299
2287.90,-70.653
2288.58,-70.428
2289.25,-70.210
2289.92,-69.429
2290.59,-70.298
2291.27,-69.241
2291.94,-69.982
2292.61,-70.616
2293.29,-70.121
2293.96,-68.908
2294.63,-68.678
2295.30,-69.515
2295.98,-68.925
2296.65,-68.530
2297.32,-70.197
2298.00,-68.369
2298.67,-69.389
2299.34,-69.545
2300.02,-69.829
2300.69,-68.624
2301.36,-68.798
2302.03,-66.998
2302.71,-69.700
2303.38,-67.699
2304.05,-68.595
2304.73,-68.828
2305.40,-69.663
2306.07,-67.710
2306.74,-68.759
2307.42,-67.235
2308.09,-68.475
2308.76,-67.979
2309.44,-67.777
2310.11,-68.160
2310.78,-67.559
2311.45,-67.722
2312.13,-67.548
2312.80,-67.719
2313.47,-67.939
2314.15,-67.956
2314.82,-66.588
2315.49,-67.694
2316.17,-65.106
2316.84,-66.683
2317.51,-65.908
2318.18,-66.375
2318.86,-64.664
2319.53,-65.836
2320.20,-65.727
2320.88,-66.210
2321.55,-65.033
2322.22,-65.113
2322.89,-66.116
2323.57,-65.536
2324.24,-65.241
2324.91,-65.247
2325.59,-65.347
2326.26,-64.733
2326.93,-63.899
2327.60,-64.507
2328.28,-64.183
2328.95,-64.379
2329.62,-64.828
2330.30,-64.451
2330.97,-64.242
2331.64,-63.821
2332.32,-63.008
2332.99,-63.822
2333.66,-64.040
2334.33,-63.923
2335.01,-63.518
2335.68,-62.548
2336.35,-63.202
2337.03,-63.480
2337.70,-61.250
2338.37,-62.576
2339.04,-62.325
2339.72,-63.125
2340.39,-62.149
2341.06,-63.036
2341.74,-61.902
2342.41,-62.986
2343.08,-62.465
2343.75,-61.702
2344.43,-61.785
2345.10,-60.496
2345.77,-61.916
2346.45,-62.244
2347.12,-60.451
2347.79,-61.281
2348.46,-62.556
2349.14,-60.729
2349.81,-61.724
2350.48,-61.302
2351.16,-61.288
2351.83,-61.352
2352.50,-59.763
2353.18,-60.094
2353.85,-59.627
2354.52,-61.413
2355.19,-61.193
2355.87,-60.526
2356.54,-60.290
2357.21,-59.159
2357.89,-60.733
2358.56,-60.692
2359.23,-59.175
2359.90,-60.391
2360.58,-60.121
2361.25,-60.236
2361.92,-61.457
2362.60,-60.959
2363.27,-60.124
2363.94,-61.806
2364.61,-61.287
2365.29,-60.288
2365.96,-60.862
2366.63,-61.536
2367.31,-60.837
2367.98,-60.687
2368.65,-61.180
2369.33,-62.024
2370.00,-61.485
2370.67,-62.529
2371.34,-60.946
2372.02,-62.653
2372.69,-60.937
2373.36,-62.104
2374.04,-61.277
2374.71,-62.463
2375.38,-61.868
2376.05,-62.811
2376.73,-61.568
2377.40,-60.824
2378.07,-62.239
2378.75,-63.066
2379.42,-64.040
2380.09,-63.413
2380.76,-62.679
2381.44,-64.327
2382.11,-64.337
2382.78,-63.611
2383.46,-63.440
2384.13,-62.095
2384.80,-63.732
2385.48,-63.816
2386.15,-62.597
2386.82,-63.779
2387.49,-63.751
2388.17,-64.154
2388.84,-64.850
2389.51,-63.940
2390.19,-63.623
2390.86,-64.929
2391.53,-64.078
2392.20,-64.768
2392.88,-63.262
2393.55,-65.233
2394.22,-64.996
2394.90,-65.938
2395.57,-65.685
2396.24,-66.445
2396.91,-66.858
2397.59,-65.657
2398.26,-64.881
2398.93,-65.558
2399.61,-65.685
2400.28,-65.429
2400.95,-65.812
2401.63,-66.646
2402.30,-66.382
2402.97,-66.144
2403.64,-66.772
2404.32,-66.507
2404.99,-65.891
2405.66,-65.731
2406.34,-65.328
2407.01,-66.701
2407.68,-67.728
2408.35,-65.815
2409.03,-67.241
2409.70,-67.960
2410.37,-67.157
2411.05,-67.796
2411.72,-68.208
2412.39,-68.806
2413.06,-68.210
2413.74,-66.508
2414.41,-67.330
2415.08,-68.413
2415.76,-66.798
2416.43,-68.443
2417.10,-68.550
2417.77,-67.802
2418.45,-68.953
2419.12,-67.200
2419.79,-68.548
2420.47,-68.500
2421.14,-67.907
2421.81,-66.848
2422.49,-68.095
2423.16,-68.833
2423.83,-67.841
2424.50,-68.792
2425.18,-68.307
2425.85,-70.327
2426.52,-67.664
2427.20,-67.363
2427.87,-69.143
2428.54,-69.916
2429.21,-68.264
2429.89,-68.262
2430.56,-68.203
2431.23,-69.397
2431.91,-70.272
2432.58,-71.238
2433.25,-70.628
2433.92,-69.658
2434.60,-69.528
2435.27,-71.680
2435.94,-68.649
2436.62,-69.066
2437.29,-69.275
2437.96,-70.012
2438.64,-70.997
2439.31,-69.745
2439.98,-70.594
2440.65,-69.928
2441.33,-70.619
2442.00,-69.356
2442.67,-70.685
2443.35,-70.369
2444.02,-71.533
2444.69,-70.885
2445.36,-69.885
2446.04,-70.881
2446.71,-70.179
2447.38,-70.562
2448.06,-70.974
2448.73,-70.725
2449.40,-70.211
2450.07,-70.964
2450.75,-70.010
2451.42,-71.684
2452.09,-71.898
2452.77,-70.610
2453.44,-71.829
2454.11,-72.221
2454.79,-71.546
2455.46,-70.426
2456.13,-70.584
2456.80,-71.628
2457.48,-71.685
2458.15,-71.703
2458.82,-71.891
2459.50,-71.073
2460.17,-71.675
2460.84,-70.035
2461.51,-71.353
2462.19,-71.149
2462.86,-71.360
2463.53,-73.377
2464.21,-71.988
2464.88,-71.015
2465.55,-70.409
2466.22,-71.297
2466.90,-71.341
2467.57,-71.905
2468.24,-71.310
2468.92,-71.518
2469.59,-70.848
2470.26,-72.744
2470.94,-72.172
2471.61,-71.395
2472.28,-72.064
2472.95,-71.428
2473.63,-71.904
2474.30,-71.488
2474.97,-70.998
2475.65,-72.465
2476.32,-72.143
2476.99,-72.721
2477.66,-72.470
2478.34,-72.158
2479.01,-71.896
2479.68,-72.309
2480.36,-73.547
2481.03,-71.013
2481.70,-72.380
2482.37,-73.365
2483.05,-73.070
2483.72,-72.337
2484.39,-74.314
2485.07,-72.998
2485.74,-73.673
2486.41,-71.883
2487.08,-71.975
2487.76,-72.086
2488.43,-72.194
2489.10,-72.089
2489.78,-72.906
2490.45,-71.767
2491.12,-72.064
2491.80,-72.283
2492.47,-72.762
2493.14,-72.522
2493.81,-73.885
2494.49,-72.917
2495.16,-74.232
2495.83,-72.939
2496.51,-73.321
2497.18,-72.246
2497.85,-73.163
2498.52,-72.622
2499.20,-72.342
2499.87,-71.807
2500.54,-71.218
2501.22,-72.558
2501.89,-71.520
2502.56,-73.876
2503.23,-73.018
2503.91,-73.542
2504.58,-71.964
2505.25,-72.360
2505.93,-71.983
2506.60,-73.734
2507.27,-72.950
2507.95,-72.611
2508.62,-73.681
2509.29,-72.406
2509.96,-71.422
2510.64,-74.429
2511.31,-74.372
2511.98,-73.598
2512.66,-73.930
2513.33,-73.858
2514.00,-72.584
2514.67,-73.960
2515.35,-75.206
2516.02,-73.085
2516.69,-73.835
2517.37,-74.766
2518.04,-74.103
2518.71,-73.087
2519.38,-74.025
2520.06,-75.225
2520.73,-73.344
2521.40,-74.445
2522.08,-73.452
2522.75,-73.105
2523.42,-73.844
2524.10,-72.972
2524.77,-73.265
2525.44,-74.697
2526.11,-74.070
2526.79,-73.738
2527.46,-74.139
2528.13,-73.829
2528.81,-73.608
2529.48,-73.881
2530.15,-73.101
2530.82,-74.011
2531.50,-73.487
2532.17,-73.446
2532.84,-73.983
2533.52,-72.840
2534.19,-72.889
2534.86,-74.746
2535.53,-73.822
2536.21,-72.955
2536.88,-73.479
2537.55,-74.094
2538.23,-74.851
2538.90,-74.489
2539.57,-73.318
2540.25,-73.335
2540.92,-74.339
2541.59,-73.754
2542.26,-73.746
2542.94,-72.935
2543.61,-73.030
2544.28,-73.962
2544.96,-74.295
2545.63,-73.364
2546.30,-73.411
2546.97,-74.142
2547.65,-74.796
2548.32,-73.527
2548.99,-74.027
2549.67,-74.091
2550.34,-74.487
2551.01,-76.284
2551.68,-73.726
2552.36,-74.518
2553.03,-74.036
2553.70,-73.612
2554.38,-73.515
2555.05,-74.166
2555.72,-74.013
2556.39,-74.697
2557.07,-74.734
2557.74,-73.936
2558.41,-74.386
2559.09,-75.212
2559.76,-74.407
2560.43,-75.014
2561.11,-75.183
2561.78,-74.857
2562.45,-74.349
2563.12,-74.584
2563.80,-73.761
2564.47,-73.907
2565.14,-74.861
2565.82,-74.455
2566.49,-73.037
2567.16,-73.687
2567.83,-73.286
2568.51,-73.869
2569.18,-73.427
2569.85,-73.279
2570.53,-73.843
2571.20,-74.591
2571.87,-74.272
2572.54,-73.378
2573.22,-74.446
2573.89,-74.488
2574.56,-74.286
2575.24,-74.078
2575.91,-73.536
2576.58,-73.124
2577.26,-73.830
2577.93,-74.306
2578.60,-73.206
2579.27,-73.781
2579.95,-73.944
2580.62,-74.428
2581.29,-74.817
2581.97,-73.270
2582.64,-73.577
2583.31,-74.854
2583.98,-73.637
2584.66,-73.984
2585.33,-73.081
2586.00,-73.707
2586.68,-72.542
2587.35,-73.965
2588.02,-72.422
2588.69,-74.357
2589.37,-72.888
2590.04,-75.057
2590.71,-74.930
2591.39,-73.806
2592.06,-75.099
2592.73,-76.185
2593.41,-74.830
2594.08,-74.194
2594.75,-73.281
2595.42,-73.592
2596.10,-73.570
2596.77,-74.557
2597.44,-73.792
2598.12,-73.648
2598.79,-74.824
2599.46,-73.995
2600.13,-74.220
2600.81,-73.849
2601.48,-73.249
2602.15,-73.502
2602.83,-74.701
2603.50,-74.273
2604.17,-73.403
2604.84,-73.575
2605.52,-75.501
2606.19,-73.554
2606.86,-74.873
2607.54,-76.195
2608.21,-74.004
2608.88,-75.019
2609.56,-74.789
2610.23,-73.949
2610.90,-73.712
2611.57,-74.943
2612.25,-74.856
2612.92,-74.217
2613.59,-72.437
2614.27,-73.203
2614.94,-74.403
2615.61,-74.620
2616.28,-73.927
2616.96,-74.276
2617.63,-73.959
2618.30,-73.895
2618.98,-73.017
2619.65,-73.691
2620.32,-75.053
2620.99,-74.501
2621.67,-73.186
2622.34,-73.907
2623.01,-73.674
2623.69,-73.886
2624.36,-74.029
2625.03,-72.804
2625.70,-73.915
2626.38,-74.371
2627.05,-73.458
2627.72,-74.339
2628.40,-74.410
2629.07,-74.559
2629.74,-72.734
2630.42,-73.995
2631.09,-73.125
2631.76,-72.283
2632.43,-73.285
2633.11,-73.284
2633.78,-75.210
2634.45,-73.212
2635.13,-74.032
2635.80,-75.519
2636.47,-74.624
2637.14,-74.932
2637.82,-74.943
2638.49,-74.946
2639.16,-73.763
2639.84,-73.657
2640.51,-74.363
2641.18,-74.135
2641.85,-73.495
2642.53,-75.171
2643.20,-73.984
2643.87,-74.732
2644.55,-73.620
2645.22,-73.540
2645.89,-72.864
2646.57,-73.244
2647.24,-73.848
2647.91,-72.845
2648.58,-73.154
2649.26,-75.152
2649.93,-74.146
2650.60,-74.139
2651.28,-74.540
2651.95,-72.736
2652.62,-73.962
2653.29,-73.821
2653.97,-74.561
2654.64,-73.530
2655.31,-73.633
2655.99,-73.054
2656.66,-72.257
2657.33,-72.622
2658.00,-74.041
2658.68,-73.073
2659.35,-74.953
2660.02,-73.328
2660.70,-73.760
2661.37,-74.109
2662.04,-73.121
2662.72,-73.848
2663.39,-74.415
2664.06,-72.252
2664.73,-74.209
2665.41,-73.701
2666.08,-74.284
2666.75,-74.422
2667.43,-72.635
2668.10,-73.844
2668.77,-71.905
2669.44,-73.269
2670.12,-74.733
2670.79,-73.287
2671.46,-73.418
2672.14,-73.736
2672.81,-73.619
2673.48,-72.284
2674.15,-73.453
2674.83,-73.319
2675.50,-73.068
2676.17,-73.733
2676.85,-70.672
2677.52,-71.825
2678.19,-71.990
2678.87,-73.485
2679.54,-73.268
2680.21,-72.324
2680.88,-72.671
2681.56,-71.707
2682.23,-73.188
2682.90,-73.417
2683.58,-73.702
2684.25,-72.851
2684.92,-73.691
2685.59,-71.481
2686.27,-71.817
2686.94,-72.367
2687.61,-73.143
2688.29,-73.365
2688.96,-72.589
2689.63,-73.111
2690.30,-73.372
2690.98,-73.405
2691.65,-73.074
2692.32,-73.590
2693.00,-72.718
2693.67,-72.538
2694.34,-72.430
2695.01,-72.244
2695.69,-71.311
2696.36,-72.332
2697.03,-72.479
2697.71,-71.923
2698.38,-72.377
2699.05,-71.646
2699.73,-70.952
2700.40,-72.488
2701.07,-72.232
2701.74,-72.552
2702.42,-72.076
2703.09,-73.361
2703.76,-72.526
2704.44,-71.984
2705.11,-72.607
2705.78,-71.747
2706.45,-71.874
2707.13,-71.791
2707.80,-71.579
2708.47,-72.611
2709.15,-71.222
2709.82,-71.697
2710.49,-72.047
2711.16,-71.787
2711.84,-71.574
2712.51,-70.712
2713.18,-71.571
2713.86,-73.343
2714.53,-72.528
2715.20,-73.723
2715.88,-70.569
2716.55,-69.972
2717.22,-72.605
2717.89,-71.643
2718.57,-71.189
2719.24,-70.970
2719.91,-70.356
2720.59,-71.172
2721.26,-71.351
2721.93,-71.762
2722.60,-71.585
2723.28,-71.211
2723.95,-71.505
2724.62,-71.400
2725.30,-71.152
2725.97,-70.401
2726.64,-71.504
2727.31,-71.148
2727.99,-71.673
2728.66,-70.494
2729.33,-71.447
2730.01,-70.199
2730.68,-70.940
2731.35,-70.800
2732.03,-71.796
2732.70,-70.849
2733.37,-69.866
2734.04,-71.516
2734.72,-71.511
2735.39,-70.264
2736.06,-70.506
2736.74,-70.359
2737.41,-70.282
2738.08,-70.937
2738.75,-69.582
2739.43,-69.593
2740.10,-70.875
2740.77,-70.500
2741.45,-69.935
2742.12,-70.552
2742.79,-71.445
2743.46,-71.430
2744.14,-70.785
2744.81,-70.713
2745.48,-69.935
2746.16,-70.196
2746.83,-72.081
2747.50,-71.545
2748.18,-70.826
2748.85,-72.716
2749.52,-71.197
2750.19,-70.466
2750.87,-70.262
2751.54,-70.045
2752.21,-69.062
2752.89,-70.185
2753.56,-69.633
2754.23,-70.004
2754.90,-68.696
2755.58,-69.244
2756.25,-68.943
2756.92,-68.968
2757.60,-69.336
2758.27,-71.064
2758.94,-69.296
2759.61,-70.082
2760.29,-68.772
2760.96,-68.319
2761.63,-69.563
2762.31,-69.167
2762.98,-68.897
2763.65,-69.388
2764.32,-69.067
2765.00,-68.176
2765.67,-70.600
2766.34,-70.175
2767.02,-69.982
2767.69,-68.618
2768.36,-69.714
2769.04,-68.730
2769.71,-68.702
2770.38,-69.686
2771.05,-68.815
2771.73,-68.694
2772.40,-68.338
2773.07,-69.257
2773.75,-67.694
2774.42,-69.162
2775.09,-67.968
2775.76,-68.373
2776.44,-69.984
2777.11,-69.140
2777.78,-68.815
2778.46,-66.905
2779.13,-68.090
2779.80,-67.878
2780.47,-69.368
2781.15,-69.631
2781.82,-68.381
2782.49,-67.948
2783.17,-67.843
2783.84,-68.328
2784.51,-68.483
2785.19,-68.590
2785.86,-68.601
2786.53,-67.676
2787.20,-67.759
2787.88,-68.485
2788.55,-67.293
2789.22,-67.191
2789.90,-67.736
2790.57,-68.743
2791.24,-70.056
2791.91,-70.583
2792.59,-69.182
2793.26,-67.919
2793.93,-67.650
2794.61,-69.430
2795.28,-68.916
2795.95,-67.939
2796.62,-68.924
2797.30,-69.062
2797.97,-68.150
2798.64,-69.216
2799.32,-66.582
2799.99,-67.450
2800.66,-66.981
2801.34,-66.448
2802.01,-66.356
2802.68,-66.717
2803.35,-66.386
2804.03,-67.067
2804.70,-66.571
2805.37,-67.543
2806.05,-67.612
2806.72,-67.951
2807.39,-66.382
2808.06,-67.022
2808.74,-67.949
2809.41,-68.642
2810.08,-67.308
2810.76,-67.014
2811.43,-65.561
2812.10,-65.850
2812.77,-66.129
2813.45,-67.627
2814.12,-66.520
2814.79,-67.324
2815.47,-68.232
2816.14,-66.647
2816.81,-66.886
2817.49,-66.319
2818.16,-67.073
2818.83,-66.349
2819.50,-66.905
2820.18,-67.531
2820.85,-66.119
2821.52,-65.420
2822.20,-65.925
2822.87,-64.437
2823.54,-66.902
2824.21,-65.255
2824.89,-64.689
2825.56,-65.741
2826.23,-65.471
2826.91,-65.841
2827.58,-65.162
2828.25,-64.863
2828.92,-65.149
2829.60,-66.032
2830.27,-65.062
2830.94,-67.529
2831.62,-64.488
2832.29,-65.245
2832.96,-64.193
2833.63,-65.290
2834.31,-65.629
2834.98,-64.674
2835.65,-64.356
2836.33,-63.972
2837.00,-65.575
2837.67,-64.988
2838.35,-65.592
2839.02,-65.840
2839.69,-63.465
2840.36,-63.774
2841.04,-63.995
2841.71,-63.122
2842.38,-64.346
2843.06,-64.423
2843.73,-64.938
2844.40,-63.046
2845.07,-64.216
2845.75,-64.144
2846.42,-64.446
2847.09,-63.188
2847.77,-62.200
2848.44,-62.817
2849.11,-63.406
2849.78,-63.828
2850.46,-64.022
2851.13,-63.462
2851.80,-63.055
2852.48,-63.417
2853.15,-64.918
2853.82,-62.742
2854.50,-62.558
2855.17,-61.955
2855.84,-64.080
2856.51,-61.495
2857.19,-61.827
2857.86,-62.618
2858.53,-62.916
2859.21,-62.074
2859.88,-62.074
2860.55,-62.185
2861.22,-64.117
2861.90,-61.759
2862.57,-61.842
2863.24,-61.565
2863.92,-61.821
2864.59,-62.044
2865.26,-62.321
2865.93,-61.629
2866.61,-61.067
2867.28,-62.663
2867.95,-62.458
2868.63,-61.807
2869.30,-60.592
2869.97,-60.657
2870.65,-59.816
2871.32,-61.710
2871.99,-61.156
2872.66,-61.902
2873.34,-61.399
2874.01,-60.189
2874.68,-61.515
2875.36,-61.829
2876.03,-61.779
2876.70,-61.472
2877.37,-62.282
2878.05,-60.725
2878.72,-60.933
2879.39,-60.785
2880.07,-59.437
2880.74,-60.112
2881.41,-61.151
2882.08,-60.108
2882.76,-60.091
2883.43,-59.222
2884.10,-60.166
2884.78,-60.080
2885.45,-59.411
2886.12,-59.314
2886.80,-59.290
2887.47,-58.396
2888.14,-59.148
2888.81,-58.650
2889.49,-58.213
2890.16,-59.181
2890.83,-59.445
2891.51,-58.415
2892.18,-58.436
2892.85,-57.866
2893.52,-58.495
2894.20,-60.050
2894.87,-58.246
2895.54,-59.965
2896.22,-58.717
2896.89,-59.397
2897.56,-57.331
2898.23,-57.435
2898.91,-57.273
2899.58,-57.377
2900.25,-59.821
2900.93,-57.904
2901.60,-56.690
2902.27,-56.742
2902.94,-57.500
2903.62,-57.059
2904.29,-57.188
2904.96,-56.631
2905.64,-56.639
2906.31,-56.535
2906.98,-56.641
2907.66,-56.576
2908.33,-57.229
2909.00,-57.797
2909.67,-55.858
2910.35,-56.516
2911.02,-56.958
2911.69,-56.392
2912.37,-56.439
2913.04,-56.270
2913.71,-55.785
2914.38,-56.364
2915.06,-57.647
2915.73,-56.877
2916.40,-55.523
2917.08,-55.196
2917.75,-56.068
2918.42,-55.105
2919.09,-53.668
2919.77,-55.262
2920.44,-54.772
2921.11,-54.334
2921.79,-54.776
2922.46,-54.766
2923.13,-54.936
2923.81,-54.815
2924.48,-53.674
2925.15,-54.756
2925.82,-54.079
2926.50,-54.824
2927.17,-53.725
2927.84,-55.164
2928.52,-55.745
2929.19,-54.424
2929.86,-54.101
2930.53,-54.655
2931.21,-55.635
2931.88,-54.791
2932.55,-53.747
2933.23,-55.425
2933.90,-54.406
2934.57,-54.605
2935.24,-54.593
2935.92,-53.485
2936.59,-53.597
2937.26,-53.936
2937.94,-54.816
2938.61,-54.159
2939.28,-54.254
2939.96,-54.578
2940.63,-54.652
2941.30,-53.294
2941.97,-55.765
2942.65,-55.213
2943.32,-53.737
2943.99,-53.443
2944.67,-54.581
2945.34,-54.460
2946.01,-53.003
2946.68,-54.399
2947.36,-54.725
2948.03,-53.955
2948.70,-55.746
2949.38,-55.918
2950.05,-54.939
2950.72,-55.119
2951.39,-53.744
2952.07,-54.138
2952.74,-54.632
2953.41,-54.758
2954.09,-53.425
2954.76,-54.002
2955.43,-54.629
2956.11,-54.404
2956.78,-54.220
2957.45,-55.158
2958.12,-54.328
2958.80,-56.074
2959.47,-54.720
2960.14,-53.897
2960.82,-53.770
2961.49,-54.230
2962.16,-56.051
2962.83,-55.231
2963.51,-56.375
2964.18,-54.776
2964.85,-54.555
2965.53,-55.501
2966.20,-56.721
2966.87,-56.032
2967.54,-54.299
2968.22,-55.256
2968.89,-56.312
2969.56,-56.568
2970.24,-55.426
2970.91,-56.020
2971.58,-56.277
2972.25,-58.048
2972.93,-57.453
2973.60,-57.793
2974.27,-56.141
2974.95,-55.882
2975.62,-57.162
2976.29,-56.257
2976.97,-57.244
2977.64,-56.993
2978.31,-57.280
2978.98,-56.910
2979.66,-57.900
2980.33,-57.206
2981.00,-59.265
2981.68,-56.949
2982.35,-56.794
2983.02,-56.551
2983.69,-56.549
2984.37,-58.160
2985.04,-56.942
2985.71,-57.867
2986.39,-56.795
2987.06,-57.883
2987.73,-58.119
2988.40,-58.184
2989.08,-57.741
2989.75,-57.816
2990.42,-58.658
2991.10,-57.169
2991.77,-57.742
2992.44,-59.524
2993.12,-59.069
2993.79,-58.567
2994.46,-58.832
2995.13,-59.434
2995.81,-57.139
2996.48,-57.469
2997.15,-57.654
2997.83,-59.300
2998.50,-58.724
2999.17,-57.989
2999.84,-57.956
3000.52,-57.998
3001.19,-58.809
3001.86,-58.556
3002.54,-58.151
3003.21,-59.552
3003.88,-58.517
3004.55,-57.691
3005.23,-57.973
3005.90,-60.278
3006.57,-59.257
3007.25,-59.925
3007.92,-59.527
3008.59,-58.910
3009.27,-59.594
3009.94,-59.256
3010.61,-58.346
3011.28,-58.182
3011.96,-59.903
3012.63,-60.644
3013.30,-60.175
3013.98,-60.048
3014.65,-60.438
3015.32,-58.909
3015.99,-59.864
3016.67,-62.401
3017.34,-62.281
3018.01,-61.419
3018.69,-60.811
3019.36,-59.808
3020.03,-61.894
3020.70,-62.172
3021.38,-60.969
3022.05,-60.944
3022.72,-61.095
3023.40,-61.199
3024.07,-60.818
3024.74,-60.615
3025.42,-59.692
3026.09,-61.177
3026.76,-61.125
3027.43,-61.024
3028.11,-61.684
3028.78,-61.116
3029.45,-60.848
3030.13,-60.561
3030.80,-62.369
3031.47,-61.576
3032.14,-61.202
3032.82,-60.959
3033.49,-60.435
3034.16,-61.921
3034.84,-60.751
3035.51,-61.187
3036.18,-61.309
3036.85,-61.479
3037.53,-62.101
3038.20,-62.370
3038.87,-62.942
3039.55,-62.534
3040.22,-62.241
3040.89,-60.711
3041.56,-63.215
3042.24,-62.686
3042.91,-62.954
3043.58,-63.368
3044.26,-61.244
3044.93,-62.332
3045.60,-63.310
3046.28,-62.276
3046.95,-63.851
3047.62,-62.115
3048.29,-62.217
3048.97,-62.066
3049.64,-61.729
3050.31,-62.492
3050.99,-63.161
3051.66,-62.882
3052.33,-63.629
3053.00,-63.939
3053.68,-62.934
3054.35,-63.784
3055.02,-61.398
3055.70,-62.973
3056.37,-64.279
3057.04,-63.726
3057.71,-63.709
3058.39,-63.233
3059.06,-64.987
3059.73,-63.939
3060.41,-62.744
3061.08,-63.513
3061.75,-62.551
3062.43,-63.818
3063.10,-61.653
3063.77,-64.822
3064.44,-63.755
3065.12,-64.544
3065.79,-63.578
3066.46,-63.253
3067.14,-64.129
3067.81,-64.357
3068.48,-63.122
3069.15,-64.202
3069.83,-64.257
3070.50,-63.117
3071.17,-62.975
3071.85,-63.975
3072.52,-62.264
3073.19,-63.240
3073.86,-64.593
3074.54,-65.934
3075.21,-64.252
3075.88,-63.719
3076.56,-64.047
3077.23,-63.977
3077.90,-65.691
3078.58,-62.827
3079.25,-63.455
3079.92,-65.089
3080.59,-64.078
3081.27,-63.208
3081.94,-64.231
3082.61,-64.866
3083.29,-64.681
3083.96,-65.151
3084.63,-65.825
3085.30,-63.667
3085.98,-64.095
3086.65,-63.365
3087.32,-64.418
3088.00,-63.916
3088.67,-64.156
3089.34,-64.650
3090.01,-66.002
3090.69,-64.451
3091.36,-63.603
3092.03,-64.007
3092.71,-64.792
3093.38,-63.230
3094.05,-65.020
3094.73,-63.967
3095.40,-65.770
3096.07,-63.900
3096.74,-64.217
3097.42,-63.642
3098.09,-64.466
3098.76,-64.188
3099.44,-64.380
3100.11,-65.239
3100.78,-65.777
3101.45,-64.864
3102.13,-64.521
3102.80,-64.324
3103.47,-65.333
3104.15,-64.612
3104.82,-64.719
3105.49,-65.717
3106.16,-65.719
3106.84,-64.471
3107.51,-64.818
3108.18,-65.235
3108.86,-64.941
3109.53,-65.610
3110.20,-64.345
3110.87,-64.921
3111.55,-65.535
3112.22,-65.161
3112.89,-63.265
3113.57,-65.714
3114.24,-65.778
3114.91,-64.558
3115.59,-65.756
3116.26,-66.313
3116.93,-64.512
3117.60,-65.791
3118.28,-65.705
3118.95,-65.846
3119.62,-65.028
3120.30,-64.561
3120.97,-66.404
3121.64,-65.930
3122.31,-66.299
3122.99,-66.696
3123.66,-67.148
3124.33,-66.340
3125.01,-65.739
3125.68,-65.189
3126.35,-65.882
3127.02,-67.074
3127.70,-65.389
3128.37,-65.701
3129.04,-65.372
3129.72,-65.741
3130.39,-64.890
3131.06,-65.194
3131.74,-65.285
3132.41,-64.862
3133.08,-66.153
3133.75,-64.919
3134.43,-65.425
3135.10,-66.300
3135.77,-65.835
3136.45,-66.712
3137.12,-66.498
3137.79,-66.531
3138.46,-67.456
3139.14,-67.167
3139.81,-66.305
3140.48,-67.743
3141.16,-66.828
3141.83,-66.641
3142.50,-67.271
3143.17,-66.521
3143.85,-68.308
3144.52,-65.831
3145.19,-66.930
3145.87,-65.947
3146.54,-67.336
3147.21,-66.747
3147.89,-66.835
3148.56,-65.840
3149.23,-66.251
3149.90,-67.224
3150.58,-65.731
3151.25,-66.294
3151.92,-67.046
3152.60,-66.422
3153.27,-67.128
3153.94,-67.188
3154.61,-67.311
3155.29,-67.225
3155.96,-67.193
3156.63,-66.902
3157.31,-67.128
3157.98,-65.658
3158.65,-66.839
3159.32,-67.230
3160.00,-66.908
3160.67,-66.842
3161.34,-67.416
3162.02,-67.035
3162.69,-67.516
3163.36,-65.992
3164.04,-67.242
3164.71,-68.980
3165.38,-66.719
3166.05,-68.311
3166.73,-67.656
3167.40,-67.209
3168.07,-68.446
3168.75,-66.915
3169.42,-66.298
3170.09,-68.385
3170.76,-67.699
3171.44,-67.619
3172.11,-67.606
3172.78,-68.319
3173.46,-66.880
3174.13,-67.592
3174.80,-67.992
3175.47,-68.300
3176.15,-66.998
3176.82,-69.027
3177.49,-67.532
3178.17,-67.989
3178.84,-69.539
3179.51,-67.843
3180.18,-68.023
3180.86,-67.461
3181.53,-66.689
3182.20,-67.633
3182.88,-66.499
3183.55,-66.496
3184.22,-68.827
3184.90,-67.564
3185.57,-67.850
3186.24,-67.493
3186.91,-65.835
3187.59,-66.828
3188.26,-67.194
3188.93,-66.620
3189.61,-68.954
3190.28,-67.921
3190.95,-68.647
3191.62,-67.506
3192.30,-66.567
3192.97,-68.662
3193.64,-68.450
3194.32,-66.695
3194.99,-67.590
3195.66,-66.472
3196.33,-67.721
3197.01,-69.000
3197.68,-67.890
3198.35,-68.328
3199.03,-67.369
3199.70,-67.500
3200.37,-67.473
3201.05,-67.512
3201.72,-67.524
3202.39,-67.937
3203.06,-66.813
3203.74,-65.869
3204.41,-66.326
3205.08,-68.743
3205.76,-68.270
3206.43,-69.019
3207.10,-66.577
3207.77,-68.183
3208.45,-68.898
3209.12,-67.541
3209.79,-68.358
3210.47,-68.373
3211.14,-68.911
3211.81,-68.023
3212.48,-68.020
3213.16,-67.704
3213.83,-68.422
3214.50,-67.689
3215.18,-66.042
3215.85,-67.983
3216.52,-68.479
3217.20,-69.742
3217.87,-68.674
3218.54,-68.067
3219.21,-69.151
3219.89,-68.595
3220.56,-69.142
3221.23,-68.164
3221.91,-67.492
3222.58,-66.227
3223.25,-67.076
3223.92,-67.362
3224.60,-67.251
3225.27,-66.721
3225.94,-66.967
3226.62,-67.812
3227.29,-66.796
3227.96,-67.035
3228.63,-67.768
3229.31,-68.626
3229.98,-67.744
3230.65,-67.475
3231.33,-67.841
3232.00,-67.369
3232.67,-68.026
3233.35,-68.046
3234.02,-68.556
3234.69,-68.753
3235.36,-69.908
3236.04,-69.887
3236.71,-69.905
3237.38,-67.388
3238.06,-68.764
3238.73,-69.358
3239.40,-67.434
3240.07,-67.750
3240.75,-68.186
3241.42,-68.034
3242.09,-69.500
3242.77,-69.054
3243.44,-67.718
3244.11,-66.876
3244.78,-67.262
3245.46,-68.311
3246.13,-67.206
3246.80,-67.168
3247.48,-68.837
3248.15,-67.734
3248.82,-70.023
3249.49,-69.201
3250.17,-68.005
3250.84,-67.430
3251.51,-69.158
3252.19,-67.708
3252.86,-68.736
3253.53,-68.360
3254.21,-68.666
3254.88,-66.697
3255.55,-68.649
3256.22,-66.822
3256.90,-68.146
3257.57,-67.584
3258.24,-67.455
3258.92,-68.277
3259.59,-67.344
3260.26,-67.764
3260.93,-68.333
3261.61,-66.985
3262.28,-68.270
3262.95,-68.369
3263.63,-67.079
3264.30,-67.306
3264.97,-67.825
3265.64,-66.566
3266.32,-68.382
3266.99,-68.184
3267.66,-66.408
3268.34,-67.428
3269.01,-69.302
3269.68,-68.337
3270.36,-67.234
3271.03,-67.522
3271.70,-68.370
3272.37,-68.671
3273.05,-68.635
3273.72,-67.305
3274.39,-68.347
3275.07,-67.484
3275.74,-68.380
3276.41,-68.891
3277.08,-68.384
3277.76,-67.686
3278.43,-68.216
3279.10,-69.596
3279.78,-67.911
3280.45,-68.134
3281.12,-67.326
3281.79,-67.848
3282.47,-68.627
3283.14,-69.083
3283.81,-67.496
3284.49,-67.489
3285.16,-68.641
3285.83,-67.980
3286.51,-68.881
3287.18,-68.195
3287.85,-69.239
3288.52,-66.618
3289.20,-67.874
3289.87,-68.865
3290.54,-67.998
3291.22,-67.094
3291.89,-67.721
3292.56,-66.963
3293.23,-67.840
3293.91,-68.425
3294.58,-68.180
3295.25,-68.369
3295.93,-69.225
3296.60,-68.140
3297.27,-66.955
3297.94,-68.003
3298.62,-69.920
3299.29,-69.288
3299.96,-67.791
3300.64,-68.754
3301.31,-67.448
3301.98,-68.602
3302.66,-68.811
3303.33,-68.875
3304.00,-67.776
3304.67,-68.327
3305.35,-67.319
3306.02,-67.674
3306.69,-67.044
3307.37,-67.937
3308.04,-66.325
3308.71,-66.946
3309.38,-67.105
3310.06,-67.542
3310.73,-68.285
3311.40,-67.016
3312.08,-67.790
3312.75,-67.411
3313.42,-67.967
3314.09,-68.236
3314.77,-68.364
3315.44,-68.833
3316.11,-68.560
3316.79,-68.646
3317.46,-65.893
3318.13,-68.373
3318.80,-67.780
3319.48,-67.906
3320.15,-67.916
3320.82,-67.482
3321.50,-67.152
3322.17,-68.710
3322.84,-67.148
3323.52,-67.896
3324.19,-68.332
3324.86,-67.871
3325.53,-67.306
3326.21,-67.511
3326.88,-67.826
3327.55,-68.660
3328.23,-68.888
3328.90,-67.999
3329.57,-67.672
3330.24,-67.661
3330.92,-68.826
3331.59,-69.580
3332.26,-68.332
3332.94,-66.617
3333.61,-67.192
3334.28,-67.128
3334.95,-67.582
3335.63,-68.140
3336.30,-66.526
3336.97,-67.511
3337.65,-67.664
3338.32,-67.173
3338.99,-66.216
3339.67,-66.713
3340.34,-69.292
3341.01,-67.779
3341.68,-68.340
3342.36,-66.937
3343.03,-66.855
3343.70,-66.042
3344.38,-67.140
3345.05,-68.178
3345.72,-67.171
3346.39,-69.515
3347.07,-69.108
3347.74,-67.145
3348.41,-67.236
3349.09,-66.808
3349.76,-67.715
3350.43,-66.538
3351.10,-67.623
3351.78,-66.820
3352.45,-68.472
3353.12,-66.843
3353.80,-67.800
3354.47,-67.420
3355.14,-67.581
3355.82,-68.232
3356.49,-67.990
3357.16,-67.866
3357.83,-66.552
3358.51,-67.370
3359.18,-66.759
3359.85,-65.912
3360.53,-66.632
3361.20,-66.815
3361.87,-65.833
3362.54,-66.088
3363.22,-67.344
3363.89,-67.122
3364.56,-67.423
3365.24,-66.470
3365.91,-65.738
3366.58,-68.410
3367.25,-67.196
3367.93,-66.388
3368.60,-65.784
3369.27,-67.277
3369.95,-65.967
3370.62,-65.897
3371.29,-66.002
3371.97,-66.746
3372.64,-67.157
3373.31,-67.472
3373.98,-66.933
3374.66,-65.339
3375.33,-67.852
3376.00,-67.195
3376.68,-66.400
3377.35,-66.686
3378.02,-66.105
3378.69,-66.586
3379.37,-65.967
3380.04,-66.636
3380.71,-66.823
3381.39,-65.099
3382.06,-66.161
3382.73,-65.880
3383.40,-66.224
3384.08,-66.835
3384.75,-65.302
3385.42,-65.014
3386.10,-65.337
3386.77,-65.174
3387.44,-66.154
3388.11,-65.890
3388.79,-65.102
3389.46,-64.969
3390.13,-65.070
3390.81,-65.479
3391.48,-64.968
3392.15,-66.396
3392.83,-66.203
3393.50,-65.302
3394.17,-66.189
3394.84,-65.922
3395.52,-65.412
3396.19,-65.129
3396.86,-65.898
3397.54,-65.575
3398.21,-64.575
3398.88,-64.582
3399.55,-65.295
3400.23,-66.344
3400.90,-64.908
3401.57,-65.625
3402.25,-65.821
3402.92,-66.423
3403.59,-65.276
3404.26,-64.865
3404.94,-64.403
3405.61,-64.042
3406.28,-65.457
3406.96,-65.437
3407.63,-65.969
3408.30,-65.661
3408.98,-63.515
3409.65,-65.210
3410.32,-64.216
3410.99,-66.336
3411.67,-64.044
3412.34,-65.212
3413.01,-64.617
3413.69,-65.196
3414.36,-63.987
3415.03,-64.811
3415.70,-64.369
3416.38,-63.445
3417.05,-64.385
3417.72,-64.649
3418.40,-64.457
3419.07,-65.240
3419.74,-63.847
3420.41,-66.799
3421.09,-66.081
3421.76,-64.832
3422.43,-63.642
3423.11,-63.478
3423.78,-64.357
3424.45,-65.517
3425.13,-64.052
3425.80,-64.163
3426.47,-63.323
3427.14,-64.863
3427.82,-63.061
3428.49,-64.693
3429.16,-64.153
3429.84,-64.119
3430.51,-64.470
3431.18,-63.715
3431.85,-64.245
3432.53,-63.891
3433.20,-64.610
3433.87,-63.466
3434.55,-61.779
3435.22,-64.833
3435.89,-63.161
3436.56,-62.955
3437.24,-64.335
3437.91,-63.217
3438.58,-62.354
3439.26,-62.385
3439.93,-61.764
3440.60,-62.385
3441.28,-63.728
3441.95,-62.708
3442.62,-64.418
3443.29,-63.536
3443.97,-63.225
3444.64,-62.425
3445.31,-62.074
3445.99,-61.831
3446.66,-62.592
3447.33,-62.903
3448.00,-62.659
3448.68,-62.186
3449.35,-62.051
3450.02,-62.620
3450.70,-61.224
3451.37,-62.036
3452.04,-62.804
3452.71,-62.266
3453.39,-62.490
3454.06,-62.236
3454.73,-64.137
3455.41,-63.674
3456.08,-61.866
3456.75,-61.408
3457.42,-60.857
3458.10,-62.053
3458.77,-60.747
3459.44,-60.222
3460.12,-61.572
3460.79,-61.619
3461.46,-62.357
3462.14,-61.552
3462.81,-60.842
3463.48,-62.459
3464.15,-61.848
3464.83,-62.119
3465.50,-61.378
3466.17,-61.834
3466.85,-61.966
3467.52,-63.577
3468.19,-61.977
3468.86,-59.816
3469.54,-61.355
3470.21,-60.743
3470.88,-61.268
3471.56,-60.469
3472.23,-60.897
3472.90,-60.192
3473.57,-61.333
3474.25,-58.978
3474.92,-60.934
3475.59,-60.339
3476.27,-60.274
3476.94,-60.184
3477.61,-59.795
3478.29,-59.652
3478.96,-60.796
3479.63,-59.555
3480.30,-59.785
3480.98,-60.448
3481.65,-59.464
3482.32,-58.938
3483.00,-59.441
3483.67,-58.733
3484.34,-59.379
3485.01,-57.840
3485.69,-59.449
3486.36,-59.258
3487.03,-57.574
3487.71,-57.700
3488.38,-57.508
3489.05,-57.718
3489.72,-58.697
3490.40,-58.162
3491.07,-58.202
3491.74,-58.672
3492.42,-57.899
3493.09,-58.310
3493.76,-58.147
3494.44,-56.698
3495.11,-58.023
3495.78,-59.383
3496.45,-56.993
3497.13,-58.112
3497.80,-57.270
3498.47,-57.315
3499.15,-55.584
3499.82,-57.227
3500.49,-57.206
3501.16,-56.400
3501.84,-57.396
3502.51,-55.585
3503.18,-55.875
3503.86,-57.405
3504.53,-56.356
3505.20,-55.181
3505.87,-55.262
3506.55,-55.286
3507.22,-54.962
3507.89,-54.793
3508.57,-55.731
3509.24,-56.219
3509.91,-55.741
3510.59,-55.348
3511.26,-57.260
3511.93,-55.205
3512.60,-55.491
3513.28,-55.682
3513.95,-53.602
3514.62,-55.691
3515.30,-54.582
3515.97,-55.328
3516.64,-54.586
3517.31,-54.400
3517.99,-54.289
3518.66,-54.364
3519.33,-54.296
3520.01,-53.901
3520.68,-54.787
3521.35,-53.528
3522.02,-56.023
3522.70,-54.000
3523.37,-54.127
3524.04,-53.791
3524.72,-53.439
3525.39,-55.205
3526.06,-53.841
3526.73,-54.368
3527.41,-54.239
3528.08,-53.901
3528.75,-54.311
3529.43,-54.433
3530.10,-53.370
3530.77,-54.319
3531.45,-54.872
3532.12,-55.238
3532.79,-54.611
3533.46,-53.492
3534.14,-53.667
3534.81,-54.059
3535.48,-54.801
3536.16,-52.835
3536.83,-55.343
3537.50,-53.506
3538.17,-52.145
3538.85,-54.596
3539.52,-54.104
3540.19,-53.916
3540.87,-53.780
3541.54,-54.118
3542.21,-52.947
3542.88,-53.773
3543.56,-55.428
3544.23,-54.985
3544.90,-54.187
3545.58,-54.883
3546.25,-55.110
3546.92,-54.351
3547.60,-54.332
3548.27,-55.752
3548.94,-55.301
3549.61,-56.945
3550.29,-55.353
3550.96,-55.369
3551.63,-53.894
3552.31,-56.156
3552.98,-56.245
3553.65,-54.580
3554.32,-55.485
3555.00,-55.357
3555.67,-55.704
3556.34,-55.710
3557.02,-55.809
3557.69,-55.943
3558.36,-56.188
3559.03,-57.758
3559.71,-56.794
3560.38,-56.652
3561.05,-57.809
3561.73,-57.007
3562.40,-56.880
3563.07,-57.329
3563.75,-56.164
3564.42,-58.405
3565.09,-57.135
3565.76,-56.793
3566.44,-58.696
3567.11,-57.656
3567.78,-58.660
3568.46,-58.819
3569.13,-58.421
3569.80,-58.165
3570.47,-56.240
3571.15,-57.686
3571.82,-58.852
3572.49,-57.970
3573.17,-58.361
3573.84,-58.432
3574.51,-58.392
3575.18,-58.155
3575.86,-57.944
3576.53,-59.541
3577.20,-60.007
3577.88,-59.818
3578.55,-60.690
3579.22,-60.693
3579.90,-60.272
3580.57,-60.837
3581.24,-59.457
3581.91,-60.116
3582.59,-60.136
3583.26,-59.505
3583.93,-59.918
3584.61,-59.558
3585.28,-60.983
3585.95,-60.996
3586.62,-61.369
3587.30,-61.937
3587.97,-59.914
3588.64,-61.723
3589.32,-61.804
3589.99,-60.711
3590.66,-61.279
3591.33,-60.024
3592.01,-59.948
3592.68,-61.845
3593.35,-61.094
3594.03,-59.369
3594.70,-61.797
3595.37,-62.018
3596.04,-63.313
3596.72,-63.651
3597.39,-61.961
3598.06,-61.321
3598.74,-63.101
3599.41,-60.513
3600.08,-61.619
3600.76,-61.722
3601.43,-59.950
3602.10,-60.235
3602.77,-60.846
3603.45,-62.655
3604.12,-62.890
3604.79,-61.608
3605.47,-61.438
3606.14,-62.310
3606.81,-61.715
3607.48,-62.276
3608.16,-62.362
3608.83,-63.125
3609.50,-64.353
3610.18,-64.143
3610.85,-62.202
3611.52,-62.882
3612.19,-64.023
3612.87,-62.568
3613.54,-63.920
3614.21,-65.329
3614.89,-64.346
3615.56,-63.115
3616.23,-63.120
3616.91,-63.770
3617.58,-64.272
3618.25,-64.641
3618.92,-63.524
3619.60,-63.099
3620.27,-63.043
3620.94,-63.955
3621.62,-63.545
3622.29,-65.032
3622.96,-64.767
3623.63,-65.202
3624.31,-63.676
3624.98,-62.614
3625.65,-63.898
3626.33,-64.385
3627.00,-64.498
3627.67,-64.012
3628.34,-64.233
3629.02,-64.579
3629.69,-64.892
3630.36,-63.777
3631.04,-64.736
3631.71,-66.729
3632.38,-64.904
3633.06,-64.358
3633.73,-65.974
3634.40,-64.707
3635.07,-64.419
3635.75,-65.342
3636.42,-65.770
3637.09,-64.250
3637.77,-65.070
3638.44,-64.257
3639.11,-64.174
3639.78,-65.214
3640.46,-65.497
3641.13,-63.976
3641.80,-64.224
3642.48,-65.286
3643.15,-66.030
3643.82,-64.746
3644.49,-66.847
3645.17,-66.322
3645.84,-65.505
3646.51,-66.001
3647.19,-64.983
3647.86,-65.002
3648.53,-65.341
3649.21,-65.121
3649.88,-67.089
3650.55,-67.590
3651.22,-66.929
3651.90,-65.705
3652.57,-65.981
3653.24,-65.574
3653.92,-65.537
3654.59,-65.679
3655.26,-66.699
3655.93,-66.158
3656.61,-65.517
3657.28,-65.680
3657.95,-66.694
3658.63,-67.049
3659.30,-65.341
3659.97,-66.324
3660.64,-66.745
3661.32,-68.971
3661.99,-66.263
3662.66,-66.154
3663.34,-67.661
3664.01,-66.523
3664.68,-68.486
3665.35,-67.389
3666.03,-66.640
3666.70,-66.430
3667.37,-66.661
3668.05,-66.827
3668.72,-66.146
3669.39,-66.513
3670.07,-66.809
3670.74,-65.901
3671.41,-64.556
3672.08,-66.269
3672.76,-66.918
3673.43,-67.908
3674.10,-68.164
3674.78,-67.708
3675.45,-67.339
3676.12,-67.108
3676.79,-67.284
3677.47,-67.977
3678.14,-66.872
3678.81,-68.022
3679.49,-67.417
3680.16,-67.950
3680.83,-68.073
3681.50,-67.579
3682.18,-67.534
3682.85,-67.483
3683.52,-67.742
3684.20,-67.626
3684.87,-66.744
3685.54,-66.919
3686.22,-67.337
3686.89,-68.681
3687.56,-68.268
3688.23,-68.587
3688.91,-67.245
3689.58,-66.099
3690.25,-67.291
3690.93,-67.130
3691.60,-68.018
3692.27,-67.284
3692.94,-66.864
3693.62,-67.050
3694.29,-67.400
3694.96,-68.547
3695.64,-68.940
3696.31,-68.842
3696.98,-68.726
3697.65,-66.272
3698.33,-69.190
3699.00,-68.276
3699.67,-68.261
3700.35,-69.003
3701.02,-67.989
3701.69,-70.350
3702.37,-68.500
3703.04,-67.073
3703.71,-67.684
3704.38,-68.594
3705.06,-68.305
3705.73,-67.645
3706.40,-68.226
3707.08,-67.277
3707.75,-68.392
3708.42,-68.928
3709.09,-67.775
3709.77,-69.096
3710.44,-68.614
3711.11,-68.165
3711.79,-67.625
3712.46,-69.180
3713.13,-67.710
3713.80,-67.731
3714.48,-69.328
3715.15,-69.098
3715.82,-69.442
3716.50,-69.097
3717.17,-69.103
3717.84,-69.022
3718.52,-67.813
3719.19,-69.184
3719.86,-69.143
3720.53,-69.450
3721.21,-69.002
3721.88,-69.648
3722.55,-69.778
3723.23,-69.197
3723.90,-70.017
3724.57,-70.265
3725.24,-69.469
3725.92,-69.845
3726.59,-69.519
3727.26,-68.364
3727.94,-70.268
3728.61,-69.008
3729.28,-70.857
3729.95,-70.281
3730.63,-69.264
3731.30,-69.466
3731.97,-69.436
3732.65,-69.185
3733.32,-69.306
3733.99,-69.297
3734.66,-69.602
3735.34,-68.834
3736.01,-71.565
3736.68,-71.057
3737.36,-68.905
3738.03,-70.937
3738.70,-69.731
3739.38,-69.461
3740.05,-68.762
3740.72,-69.162
3741.39,-70.804
3742.07,-70.020
3742.74,-68.436
3743.41,-69.004
3744.09,-69.891
3744.76,-69.939
3745.43,-69.688
3746.10,-69.987
3746.78,-68.806
3747.45,-69.256
3748.12,-69.771
3748.80,-69.142
3749.47,-69.693
3750.14,-69.486
3750.81,-69.666
3751.49,-71.621
3752.16,-70.293
3752.83,-68.782
3753.51,-68.192
3754.18,-68.326
3754.85,-69.752
3755.53,-70.196
3756.20,-70.129
3756.87,-69.449
3757.54,-69.739
3758.22,-71.061
3758.89,-70.275
3759.56,-71.195
3760.24,-70.136
3760.91,-68.892
3761.58,-69.904
3762.25,-70.402
3762.93,-70.049
3763.60,-70.406
3764.27,-70.704
3764.95,-70.179
3765.62,-69.785
3766.29,-69.656
3766.96,-71.369
3767.64,-70.789
3768.31,-72.359
3768.98,-71.819
3769.66,-70.343
3770.33,-70.076
3771.00,-70.682
3771.68,-70.262
3772.35,-69.450
3773.02,-70.638
3773.69,-70.128
3774.37,-69.762
3775.04,-70.521
3775.71,-69.566
3776.39,-69.290
3777.06,-69.376
3777.73,-70.601
3778.40,-70.230
3779.08,-69.311
3779.75,-69.494
3780.42,-70.259
3781.10,-69.084
3781.77,-70.017
3782.44,-69.024
3783.11,-71.333
3783.79,-70.192
3784.46,-70.261
3785.13,-71.033
3785.81,-69.711
3786.48,-69.076
3787.15,-69.697
3787.83,-70.124
3788.50,-69.666
3789.17,-71.028
3789.84,-71.132
3790.52,-70.231
3791.19,-70.919
3791.86,-69.723
3792.54,-70.161
3793.21,-71.225
3793.88,-70.302
3794.55,-69.967
3795.23,-70.102
3795.90,-69.262
3796.57,-69.578
3797.25,-70.672
3797.92,-69.894
3798.59,-70.183
3799.26,-70.925
3799.94,-70.898
3800.61,-69.547
3801.28,-71.037
3801.96,-70.198
3802.63,-69.792
3803.30,-70.695
3803.97,-69.813
3804.65,-70.810
3805.32,-71.507
3805.99,-71.202
3806.67,-69.840
3807.34,-69.605
3808.01,-70.284
3808.69,-70.274
3809.36,-69.370
3810.03,-69.214
3810.70,-70.507
3811.38,-69.093
3812.05,-70.710
3812.72,-70.339
3813.40,-70.449
3814.07,-70.863
3814.74,-68.415
3815.41,-70.966
3816.09,-71.122
3816.76,-68.893
3817.43,-70.134
3818.11,-70.695
3818.78,-70.231
3819.45,-69.979
3820.12,-70.082
3820.80,-69.281
3821.47,-69.310
3822.14,-70.140
3822.82,-72.002
3823.49,-70.446
3824.16,-69.554
3824.84,-71.590
3825.51,-69.161
3826.18,-69.169
3826.85,-69.986
3827.53,-69.771
3828.20,-70.345
3828.87,-70.489
3829.55,-70.143
3830.22,-69.472
3830.89,-70.614
3831.56,-69.343
3832.24,-70.463
3832.91,-70.139
3833.58,-69.975
3834.26,-70.490
3834.93,-71.997
3835.60,-70.767
3836.27,-71.584
3836.95,-69.929
3837.62,-68.988
3838.29,-69.811
3838.97,-69.905
3839.64,-70.489
3840.31,-69.461
3840.99,-68.777
3841.66,-69.224
3842.33,-70.046
3843.00,-70.021
3843.68,-70.288
3844.35,-71.199
3845.02,-69.694
3845.70,-70.016
3846.37,-69.633
3847.04,-69.202
3847.71,-70.202
3848.39,-70.713
3849.06,-71.236
3849.73,-70.875
3850.41,-69.634
3851.08,-70.004
3851.75,-69.188
3852.42,-69.792
3853.10,-71.891
3853.77,-71.231
3854.44,-70.585
3855.12,-70.502
3855.79,-70.047
3856.46,-70.099
3857.14,-69.349
3857.81,-70.306
3858.48,-70.344
3859.15,-70.232
3859.83,-70.451
3860.50,-69.670
3861.17,-70.461
3861.85,-69.677
3862.52,-69.954
3863.19,-70.816
3863.86,-69.748
3864.54,-69.911
3865.21,-68.441
3865.88,-69.103
3866.56,-68.922
3867.23,-69.809
3867.90,-70.696
3868.57,-71.237
3869.25,-71.517
3869.92,-70.188
3870.59,-70.607
3871.27,-70.019
3871.94,-70.836
3872.61,-70.932
3873.28,-69.504
3873.96,-69.501
3874.63,-69.467
3875.30,-69.688
3875.98,-69.494
3876.65,-69.983
3877.32,-69.373
3878.00,-71.303
3878.67,-69.739
3879.34,-70.649
3880.01,-69.875
3880.69,-69.620
3881.36,-69.364
3882.03,-68.022
3882.71,-69.281
3883.38,-68.185
3884.05,-68.635
3884.72,-68.533
3885.40,-69.708
3886.07,-69.965
3886.74,-68.530
3887.42,-70.188
3888.09,-71.228
3888.76,-70.564
3889.43,-68.759
3890.11,-69.888
3890.78,-70.073
3891.45,-70.115
3892.13,-68.117
3892.80,-68.568
3893.47,-70.329
3894.15,-70.328
3894.82,-70.299
3895.49,-69.853
3896.16,-69.563
3896.84,-69.554
3897.51,-70.150
3898.18,-69.575
3898.86,-69.723
3899.53,-69.731
3900.20,-70.426
3900.87,-70.004
3901.55,-69.696
3902.22,-69.541
3902.89,-68.787
3903.57,-69.049
3904.24,-68.223
3904.91,-69.105
3905.58,-69.164
3906.26,-69.330
3906.93,-69.983
3907.60,-69.106
3908.28,-69.334
3908.95,-67.674
3909.62,-67.925
3910.30,-69.493
3910.97,-68.763
3911.64,-69.797
3912.31,-69.901
3912.99,-69.079
3913.66,-68.624
3914.33,-67.192
3915.01,-69.708
3915.68,-68.475
3916.35,-69.203
3917.02,-69.273
3917.70,-68.779
3918.37,-70.182
3919.04,-69.069
3919.72,-69.035
3920.39,-67.995
3921.06,-69.741
3921.73,-69.959
3922.41,-69.160
3923.08,-68.630
3923.75,-69.347
3924.43,-68.309
3925.10,-70.006
3925.77,-67.599
3926.45,-68.847
3927.12,-67.982
3927.79,-68.090
3928.46,-69.704
3929.14,-67.548
3929.81,-69.668
3930.48,-67.152
3931.16,-68.025
3931.83,-68.435
3932.50,-69.397
3933.17,-68.153
3933.85,-67.567
3934.52,-68.317
3935.19,-67.960
3935.87,-68.935
3936.54,-68.423
3937.21,-68.296
3937.88,-68.175
3938.56,-68.839
3939.23,-68.981
3939.90,-67.855
3940.58,-68.378
3941.25,-67.511
3941.92,-69.565
3942.59,-68.433
3943.27,-67.259
3943.94,-67.079
3944.61,-67.962
3945.29,-67.732
3945.96,-66.931
3946.63,-66.288
3947.31,-67.591
3947.98,-67.805
3948.65,-68.221
3949.32,-68.619
3950.00,-67.686
3950.67,-67.676
3951.34,-66.298
3952.02,-68.314
3952.69,-67.460
3953.36,-68.179
3954.03,-68.877
3954.71,-68.431
3955.38,-67.259
3956.05,-67.608
3956.73,-66.860
3957.40,-67.729
3958.07,-67.224
3958.74,-67.421
3959.42,-68.521
3960.09,-67.206
3960.76,-68.811
3961.44,-68.717
3962.11,-68.710
3962.78,-66.014
3963.46,-67.238
3964.13,-67.266
3964.80,-67.213
3965.47,-67.448
3966.15,-67.137
3966.82,-66.958
3967.49,-68.975
3968.17,-66.439
3968.84,-66.637
3969.51,-68.059
3970.18,-65.799
3970.86,-67.139
3971.53,-65.935
3972.20,-68.150
3972.88,-67.914
3973.55,-64.858
3974.22,-65.919
3974.89,-65.491
3975.57,-67.617
3976.24,-66.823
3976.91,-65.497
3977.59,-67.556
3978.26,-66.520
3978.93,-67.255
3979.61,-65.824
3980.28,-65.961
3980.95,-64.795
3981.62,-66.137
3982.30,-66.581
3982.97,-65.246
3983.64,-65.689
3984.32,-65.977
3984.99,-66.974
3985.66,-65.789
3986.33,-64.640
3987.01,-66.571
3987.68,-65.847
3988.35,-66.491
3989.03,-65.824
3989.70,-66.041
3990.37,-65.961
3991.04,-65.961
3991.72,-65.706
3992.39,-65.827
3993.06,-65.245
3993.74,-64.513
3994.41,-66.358
3995.08,-65.983
3995.76,-65.867
3996.43,-65.503
3997.10,-64.962
3997.77,-65.203
3998.45,-63.760
3999.12,-66.114
3999.79,-66.182
4000.47,-65.028
4001.14,-65.561
4001.81,-64.085
4002.48,-64.578
4003.16,-64.068
4003.83,-65.583
4004.50,-65.663
4005.18,-65.177
4005.85,-64.701
4006.52,-64.515
4007.19,-65.072
4007.87,-63.928
4008.54,-64.788
4009.21,-65.125
4009.89,-64.316
4010.56,-64.065
4011.23,-64.042
4011.90,-64.175
4012.58,-64.881
4013.25,-65.216
4013.92,-64.065
4014.60,-63.158
4015.27,-63.505
4015.94,-64.946
4016.62,-64.245
4017.29,-64.191
4017.96,-64.624
4018.63,-63.355
4019.31,-63.975
4019.98,-63.205
4020.65,-64.713
4021.33,-63.542
4022.00,-64.586
4022.67,-64.088
4023.34,-64.903
4024.02,-64.115
4024.69,-61.491
4025.36,-62.772
4026.04,-63.977
4026.71,-62.264
4027.38,-62.177
4028.05,-62.695
4028.73,-63.739
4029.40,-62.875
4030.07,-63.159
4030.75,-64.156
4031.42,-62.664
4032.09,-61.817
4032.77,-61.870
4033.44,-62.519
4034.11,-62.235
4034.78,-62.520
4035.46,-62.617
4036.13,-61.864
4036.80,-60.736
4037.48,-62.138
4038.15,-61.361
4038.82,-61.088
4039.49,-62.043
4040.17,-61.918
4040.84,-61.325
4041.51,-61.161
4042.19,-61.361
4042.86,-60.768
4043.53,-61.819
4044.20,-60.585
4044.88,-61.597
4045.55,-60.849
4046.22,-61.919
4046.90,-61.051
4047.57,-60.992
4048.24,-61.097
4048.92,-61.849
4049.59,-59.947
4050.26,-60.893
4050.93,-61.163
4051.61,-58.140
4052.28,-61.008
4052.95,-60.973
4053.63,-59.117
4054.30,-59.323
4054.97,-59.824
4055.64,-59.603
4056.32,-59.309
4056.99,-60.120
4057.66,-58.995
4058.34,-60.063
4059.01,-59.997
4059.68,-60.313
4060.35,-58.945
4061.03,-58.002
4061.70,-59.192
4062.37,-59.367
4063.05,-58.141
4063.72,-58.717
4064.39,-56.762
4065.07,-58.189
4065.74,-58.095
4066.41,-58.074
4067.08,-58.705
4067.76,-57.717
4068.43,-58.656
4069.10,-58.835
4069.78,-57.435
4070.45,-57.606
4071.12,-58.372
4071.79,-59.071
4072.47,-57.520
4073.14,-57.017
4073.81,-57.082
4074.49,-58.604
4075.16,-56.834
4075.83,-57.872
4076.50,-57.748
4077.18,-57.789
4077.85,-58.389
4078.52,-55.972
4079.20,-56.018
4079.87,-56.304
4080.54,-55.412
4081.21,-54.995
4081.89,-56.332
4082.56,-57.432
4083.23,-57.229
4083.91,-55.885
4084.58,-56.330
4085.25,-54.581
4085.93,-55.510
4086.60,-55.267
4087.27,-55.398
4087.94,-54.812
4088.62,-54.436
4089.29,-54.203
4089.96,-54.451
4090.64,-54.538
4091.31,-53.847
4091.98,-54.534
4092.65,-54.737
4093.33,-54.943
4094.00,-53.859
4094.67,-54.465
4095.35,-54.019
4096.02,-53.959
4096.69,-52.529
4097.36,-54.366
4098.04,-53.317
4098.71,-55.145
4099.38,-54.697
4100.06,-54.853
4100.73,-55.801
4101.40,-54.891
4102.08,-54.810
4102.75,-54.176
4103.42,-55.718
4104.09,-53.267
4104.77,-53.064
4105.44,-54.056
4106.11,-53.642
4106.79,-54.498
4107.46,-54.511
4108.13,-54.750
4108.80,-54.267
4109.48,-54.430
4110.15,-55.784
4110.82,-55.576
4111.50,-54.182
4112.17,-54.942
4112.84,-53.744
4113.51,-55.230
4114.19,-56.274
4114.86,-54.566
4115.53,-54.216
4116.21,-53.813
4116.88,-53.964
4117.55,-53.351
4118.23,-54.474
4118.90,-56.462
4119.57,-55.508
4120.24,-55.965
4120.92,-55.071
4121.59,-56.239
4122.26,-56.571
4122.94,-56.529
4123.61,-56.165
4124.28,-55.803
4124.95,-56.077
4125.63,-55.748
4126.30,-55.636
4126.97,-56.491
4127.65,-57.209
4128.32,-55.094
4128.99,-56.170
4129.66,-56.342
4130.34,-55.319
4131.01,-57.298
4131.68,-56.711
4132.36,-56.515
4133.03,-57.373
4133.70,-57.785
4134.38,-56.612
4135.05,-57.767
4135.72,-58.663
4136.39,-56.429
4137.07,-56.391
4137.74,-57.407
4138.41,-58.402
4139.09,-58.056
4139.76,-57.377
4140.43,-57.213
4141.10,-57.903
4141.78,-57.484
4142.45,-58.636
4143.12,-58.891
4143.80,-57.673
4144.47,-57.961
4145.14,-57.464
4145.81,-60.213
4146.49,-59.831
4147.16,-60.305
4147.83,-59.006
4148.51,-58.999
4149.18,-58.630
4149.85,-59.812
4150.52,-60.122
4151.20,-58.803
4151.87,-58.805
4152.54,-59.557
4153.22,-59.285
4153.89,-58.163
4154.56,-59.433
4155.24,-61.151
4155.91,-60.876
4156.58,-60.867
4157.25,-60.327
4157.93,-60.493
4158.60,-60.441
4159.27,-60.850
4159.95,-61.631
4160.62,-60.871
4161.29,-59.404
4161.96,-62.459
4162.64,-60.173
4163.31,-60.491
4163.98,-60.693
4164.66,-61.200
4165.33,-60.920
4166.00,-61.239
4166.67,-60.640
4167.35,-61.188
4168.02,-62.420
4168.69,-61.053
4169.37,-61.857
4170.04,-62.439
4170.71,-61.270
4171.39,-61.930
4172.06,-61.266
4172.73,-60.146
4173.40,-61.334
4174.08,-61.368
4174.75,-61.037
4175.42,-63.568
4176.10,-61.909
4176.77,-61.732
4177.44,-60.985
4178.11,-61.839
4178.79,-62.391
4179.46,-63.461
4180.13,-62.194
4180.81,-62.354
4181.48,-62.484
4182.15,-64.583
4182.82,-63.884
4183.50,-62.281
4184.17,-62.005
4184.84,-62.243
4185.52,-62.893
4186.19,-63.894
4186.86,-63.241
4187.54,-62.699
4188.21,-62.701
4188.88,-63.929
4189.55,-61.738
4190.23,-62.503
4190.90,-63.367
4191.57,-63.650
4192.25,-63.071
4192.92,-64.443
4193.59,-63.712
4194.26,-63.288
4194.94,-62.172
4195.61,-62.385
4196.28,-63.070
4196.96,-63.820
4197.63,-64.427
4198.30,-63.678
4198.97,-63.437
4199.65,-64.028
4200.32,-64.364
4200.99,-63.223
4201.67,-64.123
4202.34,-63.168
4203.01,-64.203
4203.68,-63.214
4204.36,-64.508
4205.03,-64.347
4205.70,-64.525
4206.38,-64.416
4207.05,-64.535
4207.72,-65.194
4208.40,-64.259
4209.07,-66.319
4209.74,-64.511
4210.41,-65.146
4211.09,-65.513
4211.76,-64.626
4212.43,-63.626
4213.11,-66.099
4213.78,-65.194
4214.45,-65.436
4215.12,-65.339
4215.80,-64.157
4216.47,-65.482
4217.14,-63.549
4217.82,-65.760
4218.49,-65.741
4219.16,-64.888
4219.83,-65.181
4220.51,-66.614
4221.18,-65.057
4221.85,-63.622
4222.53,-65.735
4223.20,-64.115
4223.87,-65.911
4224.55,-65.382
4225.22,-66.674
4225.89,-65.251
4226.56,-65.161
4227.24,-65.941
4227.91,-65.727
4228.58,-64.283
4229.26,-64.937
4229.93,-65.789
4230.60,-66.259
4231.27,-65.842
4231.95,-65.762
4232.62,-64.492
4233.29,-66.032
4233.97,-65.918
4234.64,-66.688
4235.31,-65.538
4235.98,-65.878
4236.66,-65.563
4237.33,-65.862
4238.00,-66.731
4238.68,-66.250
4239.35,-64.741
4240.02,-65.156
4240.70,-65.919
4241.37,-66.294
4242.04,-66.943
4242.71,-67.340
4243.39,-66.335
4244.06,-65.555
4244.73,-66.403
4245.41,-66.572
4246.08,-68.374
4246.75,-67.472
4247.42,-67.517
4248.10,-67.214
4248.77,-67.421
4249.44,-65.160
4250.12,-66.628
4250.79,-66.495
4251.46,-66.744
4252.13,-66.851
4252.81,-65.972
4253.48,-65.245
4254.15,-66.463
4254.83,-67.218
4255.50,-66.786
4256.17,-65.910
4256.85,-67.365
4257.52,-67.324
4258.19,-66.751
4258.86,-66.414
4259.54,-67.540
4260.21,-66.833
4260.88,-68.305
4261.56,-67.436
4262.23,-67.455
4262.90,-67.449
4263.57,-66.603
4264.25,-65.991
4264.92,-66.505
4265.59,-67.240
4266.27,-67.186
4266.94,-67.198
4267.61,-68.917
4268.28,-67.177
4268.96,-66.885
4269.63,-67.221
4270.30,-66.918
4270.98,-66.811
4271.65,-68.254
4272.32,-68.905
4272.99,-68.883
4273.67,-67.248
4274.34,-67.855
4275.01,-66.773
4275.69,-67.229
4276.36,-67.179
4277.03,-66.013
4277.71,-65.864
4278.38,-67.138
4279.05,-68.544
4279.72,-67.656
4280.40,-66.655
4281.07,-67.308
4281.74,-67.258
4282.42,-67.126
4283.09,-67.310
4283.76,-68.573
4284.43,-67.346
4285.11,-66.161
4285.78,-66.850
4286.45,-69.181
4287.13,-67.787
4287.80,-69.108
4288.47,-67.464
4289.14,-68.312
4289.82,-66.424
4290.49,-67.812
4291.16,-68.923
4291.84,-67.654
4292.51,-67.599
4293.18,-68.200
4293.86,-68.252
4294.53,-69.237
4295.20,-66.992
4295.87,-67.262
4296.55,-67.756
4297.22,-68.331
4297.89,-67.453
4298.57,-68.002
4299.24,-66.864
4299.91,-67.274
4300.58,-68.374
4301.26,-67.423
4301.93,-68.133
4302.60,-67.340
4303.28,-67.418
4303.95,-67.581
4304.62,-69.923
4305.29,-68.634
4305.97,-68.387
4306.64,-69.384
4307.31,-67.119
4307.99,-68.139
4308.66,-70.288
4309.33,-69.242
4310.01,-69.982
4310.68,-68.309
4311.35,-68.967
4312.02,-68.808
4312.70,-68.448
4313.37,-69.179
4314.04,-68.396
4314.72,-68.769
4315.39,-69.643
4316.06,-69.013
4316.73,-68.585
4317.41,-66.761
4318.08,-68.318
4318.75,-67.539
4319.43,-68.137
4320.10,-67.860
4320.77,-68.075
4321.44,-69.638
4322.12,-69.682
4322.79,-66.895
4323.46,-68.094
4324.14,-67.322
4324.81,-68.800
4325.48,-69.461
4326.16,-67.928
4326.83,-68.655
4327.50,-67.602
4328.17,-68.541
4328.85,-67.566
4329.52,-67.309
4330.19,-68.917
4330.87,-68.765
4331.54,-69.869
4332.21,-69.005
4332.88,-67.269
4333.56,-68.665
4334.23,-68.650
4334.90,-69.215
4335.58,-68.552
4336.25,-66.801
4336.92,-68.007
4337.59,-69.263
4338.27,-68.859
4338.94,-66.479
4339.61,-68.198
4340.29,-67.986
4340.96,-68.354
4341.63,-68.011
4342.30,-68.562
4342.98,-67.730
4343.65,-68.784
4344.32,-67.854
4345.00,-68.626
4345.67,-68.990
4346.34,-68.836
4347.02,-67.838
4347.69,-68.684
4348.36,-68.672
4349.03,-68.750
4349.71,-69.940
4350.38,-69.768
4351.05,-67.402
4351.73,-66.923
4352.40,-68.547
4353.07,-67.536
4353.74,-67.911
4354.42,-67.884
4355.09,-67.713
4355.76,-67.547
4356.44,-67.769
4357.11,-67.356
4357.78,-68.806
4358.45,-67.523
4359.13,-67.245
4359.80,-69.390
4360.47,-69.999
4361.15,-68.593
4361.82,-69.198
4362.49,-68.947
4363.17,-68.398
4363.84,-68.697
4364.51,-67.585
4365.18,-68.450
4365.86,-67.514
4366.53,-68.410
4367.20,-68.930
4367.88,-69.684
4368.55,-69.244
4369.22,-67.951
4369.89,-68.381
4370.57,-69.627
4371.24,-68.393
4371.91,-69.071
4372.59,-68.512
4373.26,-68.148
4373.93,-69.064
4374.60,-69.436
4375.28,-69.028
4375.95,-69.103
4376.62,-68.802
4377.30,-68.749
4377.97,-69.016
4378.64,-68.848
4379.32,-67.573
4379.99,-68.828
4380.66,-69.552
4381.33,-68.235
4382.01,-68.533
4382.68,-67.915
4383.35,-69.463
4384.03,-68.304
4384.70,-69.707
4385.37,-68.441
4386.04,-67.453
4386.72,-67.247
4387.39,-67.861
4388.06,-68.772
4388.74,-69.500
4389.41,-67.265
4390.08,-69.198
4390.75,-68.774
4391.43,-68.731
4392.10,-68.109
4392.77,-68.217
4393.45,-68.271
4394.12,-68.053
4394.79,-69.415
4395.47,-67.246
4396.14,-67.906
4396.81,-68.910
4397.48,-67.295
4398.16,-68.570
4398.83,-67.445
4399.50,-68.437
4400.18,-69.137
4400.85,-67.939
4401.52,-69.944
4402.19,-69.650
4402.87,-68.425
4403.54,-69.052
4404.21,-69.501
4404.89,-70.422
4405.56,-68.427
4406.23,-67.239
4406.90,-67.751
4407.58,-67.338
4408.25,-67.907
4408.92,-68.352
4409.60,-68.215
4410.27,-68.069
4410.94,-68.692
4411.61,-67.454
4412.29,-68.702
4412.96,-67.343
4413.63,-67.934
4414.31,-68.314
4414.98,-67.027
4415.65,-68.312
4416.33,-68.684
4417.00,-67.955
4417.67,-68.004
4418.34,-67.510
4419.02,-67.900
4419.69,-67.826
4420.36,-68.489
4421.04,-69.338
4421.71,-67.341
4422.38,-67.978
4423.05,-66.690
4423.73,-66.831
4424.40,-67.866
4425.07,-66.863
4425.75,-67.838
4426.42,-67.496
4427.09,-68.905
4427.76,-68.012
4428.44,-67.907
4429.11,-68.207
4429.78,-67.878
4430.46,-67.741
4431.13,-68.006
4431.80,-67.629
4432.48,-68.060
4433.15,-68.104
4433.82,-67.790
4434.49,-67.370
4435.17,-69.546
4435.84,-68.029
4436.51,-66.491
4437.19,-67.647
4437.86,-68.055
4438.53,-67.291
4439.20,-67.013
4439.88,-67.634
4440.55,-67.205
4441.22,-68.508
4441.90,-66.928
4442.57,-68.876
4443.24,-66.941
4443.91,-67.154
4444.59,-68.699
4445.26,-67.599
4445.93,-67.364
4446.61,-68.461
4447.28,-68.931
4447.95,-67.481
4448.63,-68.482
4449.30,-68.281
4449.97,-67.724
4450.64,-68.859
4451.32,-68.656
4451.99,-67.658
4452.66,-66.624
4453.34,-67.105
4454.01,-67.267
4454.68,-66.654
4455.35,-67.176
4456.03,-67.588
4456.70,-67.233
4457.37,-67.951
4458.05,-67.105
4458.72,-68.827
4459.39,-66.812
4460.06,-66.584
4460.74,-66.221
4461.41,-69.164
4462.08,-66.883
4462.76,-67.750
4463.43,-67.883
4464.10,-67.998
4464.78,-68.300
4465.45,-69.742
4466.12,-67.418
4466.79,-67.734
4467.47,-66.357
4468.14,-65.640
4468.81,-66.887
4469.49,-65.737
4470.16,-68.783
4470.83,-65.794
4471.50,-67.811
4472.18,-68.199
4472.85,-66.450
4473.52,-66.300
4474.20,-66.874
4474.87,-66.930
4475.54,-65.639
4476.21,-66.365
4476.89,-65.396
4477.56,-65.584
4478.23,-66.111
4478.91,-66.552
4479.58,-67.772
4480.25,-66.876
4480.92,-66.430
4481.60,-66.786
4482.27,-65.264
4482.94,-67.406
4483.62,-66.657
4484.29,-67.074
4484.96,-67.286
4485.64,-67.283
4486.31,-66.926
4486.98,-66.215
4487.65,-66.219
4488.33,-66.205
4489.00,-67.006
4489.67,-66.180
4490.35,-66.348
4491.02,-65.919
4491.69,-65.463
4492.36,-65.396
4493.04,-67.028
4493.71,-65.610
4494.38,-66.011
4495.06,-66.498
4495.73,-64.811
4496.40,-67.105
4497.07,-66.108
4497.75,-66.162
4498.42,-65.974
4499.09,-65.210
4499.77,-65.907
4500.44,-67.577
4501.11,-65.976
4501.79,-65.626
4502.46,-63.352
4503.13,-65.350
4503.80,-66.201
4504.48,-66.454
4505.15,-66.024
4505.82,-67.344
4506.50,-66.621
4507.17,-66.345
4507.84,-66.885
4508.51,-65.609
4509.19,-65.206
4509.86,-64.931
4510.53,-65.826
4511.21,-65.062
4511.88,-64.856
4512.55,-65.452
4513.22,-64.448
4513.90,-64.716
4514.57,-64.882
4515.24,-65.076
4515.92,-64.912
4516.59,-64.751
4517.26,-64.238
4517.94,-65.177
4518.61,-65.114
4519.28,-65.252
4519.95,-64.705
4520.63,-63.917
4521.30,-65.352
4521.97,-65.405
4522.65,-65.463
4523.32,-65.653
4523.99,-65.215
4524.66,-64.328
4525.34,-63.835
4526.01,-65.569
4526.68,-66.778
4527.36,-65.002
4528.03,-65.167
4528.70,-63.367
4529.37,-64.798
4530.05,-65.538
4530.72,-63.548
4531.39,-65.122
4532.07,-63.661
4532.74,-63.619
4533.41,-65.671
4534.09,-65.945
4534.76,-65.039
4535.43,-62.869
4536.10,-63.284
4536.78,-64.131
4537.45,-64.146
4538.12,-65.756
4538.80,-63.444
4539.47,-64.121
4540.14,-63.396
4540.81,-63.119
4541.49,-62.394
4542.16,-63.176
4542.83,-64.067
4543.51,-62.281
4544.18,-63.234
4544.85,-63.115
4545.52,-63.504
4546.20,-64.423
4546.87,-64.000
4547.54,-63.091
4548.22,-62.915
4548.89,-62.674
4549.56,-62.931
4550.23,-63.572
4550.91,-62.583
4551.58,-64.203
4552.25,-63.958
4552.93,-62.585
4553.60,-62.349
4554.27,-63.070
4554.95,-62.819
4555.62,-63.211
4556.29,-62.511
4556.96,-62.327
4557.64,-62.424
4558.31,-63.397
4558.98,-62.520
4559.66,-63.530
4560.33,-61.243
4561.00,-62.299
4561.67,-64.290
4562.35,-62.354
4563.02,-62.512
4563.69,-62.979
4564.37,-64.029
4565.04,-62.008
4565.71,-61.339
4566.38,-62.000
4567.06,-61.585
4567.73,-63.943
4568.40,-61.925
4569.08,-62.483
4569.75,-61.618
4570.42,-61.998
4571.10,-61.278
4571.77,-61.744
4572.44,-62.129
4573.11,-61.226
4573.79,-61.134
4574.46,-62.039
4575.13,-62.611
4575.81,-61.047
4576.48,-62.843
4577.15,-62.489
4577.82,-60.710
4578.50,-60.951
4579.17,-60.788
4579.84,-60.711
4580.52,-60.208
4581.19,-61.082
4581.86,-60.080
4582.53,-60.410
4583.21,-61.331
4583.88,-62.189
4584.55,-61.103
4585.23,-61.879
4585.90,-61.415
4586.57,-61.849
4587.25,-60.829
4587.92,-60.156
4588.59,-60.440
4589.26,-60.658
4589.94,-61.150
4590.61,-61.613
4591.28,-60.526
4591.96,-59.283
4592.63,-59.742
4593.30,-59.122
4593.97,-58.585
4594.65,-58.206
4595.32,-59.441
4595.99,-58.319
4596.67,-58.975
4597.34,-59.791
4598.01,-61.083
4598.68,-59.222
4599.36,-59.748
4600.03,-59.334
4600.70,-58.327
4601.38,-59.038
4602.05,-59.552
4602.72,-59.351
4603.40,-59.310
4604.07,-59.771
4604.74,-59.621
4605.41,-59.365
4606.09,-57.851
4606.76,-57.854
4607.43,-58.518
4608.11,-57.976
4608.78,-57.209
4609.45,-58.779
4610.12,-57.624
4610.80,-57.065
4611.47,-58.449
4612.14,-58.101
4612.82,-58.940
4613.49,-57.795
4614.16,-58.756
4614.83,-57.316
4615.51,-56.994
4616.18,-57.040
4616.85,-58.649
4617.53,-57.472
4618.20,-57.361
4618.87,-57.868
4619.54,-57.175
4620.22,-57.225
4620.89,-57.316
4621.56,-56.014
4622.24,-57.324
4622.91,-55.997
4623.58,-57.901
4624.26,-56.690
4624.93,-57.168
4625.60,-56.314
4626.27,-56.721
4626.95,-56.489
4627.62,-57.243
4628.29,-56.473
4628.97,-56.319
4629.64,-55.688
4630.31,-54.945
4630.98,-55.761
4631.66,-56.151
4632.33,-56.195
4633.00,-55.111
4633.68,-55.332
4634.35,-55.702
4635.02,-56.200
4635.69,-54.027
4636.37,-55.825
4637.04,-56.399
4637.71,-56.226
4638.39,-54.927
4639.06,-55.512
4639.73,-55.432
4640.41,-56.479
4641.08,-56.087
4641.75,-56.000
4642.42,-54.988
4643.10,-55.429
4643.77,-55.371
4644.44,-54.537
4645.12,-55.464
4645.79,-54.191
4646.46,-56.450
4647.13,-55.684
4647.81,-55.277
4648.48,-55.133
4649.15,-54.311
4649.83,-55.329
4650.50,-54.249
4651.17,-54.695
4651.84,-55.622
4652.52,-54.203
4653.19,-54.461
4653.86,-54.498
4654.54,-54.146
4655.21,-53.224
4655.88,-53.341
4656.56,-53.099
4657.23,-53.634
4657.90,-55.163
4658.57,-54.382
4659.25,-54.504
4659.92,-53.863
4660.59,-54.150
4661.27,-54.272
4661.94,-53.729
4662.61,-53.839
4663.28,-53.441
4663.96,-53.840
4664.63,-54.612
4665.30,-53.629
4665.98,-54.223
4666.65,-53.787
4667.32,-54.612
4667.99,-55.191
4668.67,-54.222
4669.34,-53.837
4670.01,-55.883
4670.69,-55.706
4671.36,-54.427
4672.03,-53.902
4672.71,-54.736
4673.38,-54.474
4674.05,-54.142
4674.72,-54.136
4675.40,-54.182
4676.07,-55.462
4676.74,-56.142
4677.42,-56.385
4678.09,-55.214
4678.76,-55.447
4679.43,-55.797
4680.11,-54.869
4680.78,-55.009
4681.45,-55.286
4682.13,-55.403
4682.80,-54.730
4683.47,-54.678
4684.14,-55.409
4684.82,-55.270
4685.49,-56.004
4686.16,-54.783
4686.84,-55.223
4687.51,-55.753
4688.18,-55.822
4688.85,-55.197
4689.53,-55.136
4690.20,-56.368
4690.87,-55.650
4691.55,-56.580
4692.22,-54.934
4692.89,-55.553
4693.57,-55.783
4694.24,-55.823
4694.91,-56.381
4695.58,-56.116
4696.26,-55.973
4696.93,-55.976
4697.60,-55.672
4698.28,-56.103
4698.95,-56.332
4699.62,-57.009
4700.29,-56.411
4700.97,-56.503
4701.64,-56.167
4702.31,-56.959
4702.99,-55.998
4703.66,-56.698
4704.33,-56.053
4705.00,-55.756
4705.68,-56.447
4706.35,-56.595
4707.02,-55.919
4707.70,-55.594
4708.37,-56.982
4709.04,-56.434
4709.72,-56.278
4710.39,-57.545
4711.06,-58.348
4711.73,-57.030
4712.41,-57.619
4713.08,-57.809
4713.75,-56.735
4714.43,-55.634
4715.10,-57.661
4715.77,-57.980
4716.44,-58.263
4717.12,-57.171
4717.79,-57.029
4718.46,-58.130
4719.14,-58.522
4719.81,-57.414
4720.48,-59.346
4721.15,-57.382
4721.83,-57.034
4722.50,-57.123
4723.17,-57.877
4723.85,-59.247
4724.52,-59.147
4725.19,-59.310
4725.87,-56.905
4726.54,-58.653
4727.21,-58.173
4727.88,-58.763
4728.56,-58.550
4729.23,-59.452
4729.90,-57.475
4730.58,-58.424
4731.25,-59.825
4731.92,-58.963
4732.59,-59.665
4733.27,-58.694
4733.94,-59.052
4734.61,-59.645
4735.29,-58.696
4735.96,-59.810
4736.63,-58.631
4737.30,-58.715
4737.98,-59.035
4738.65,-59.077
4739.32,-59.301
4740.00,-59.152
4740.67,-58.611
4741.34,-59.726
4742.02,-59.243
4742.69,-59.005
4743.36,-58.820
4744.03,-59.718
4744.71,-58.432
4745.38,-58.895
4746.05,-59.859
4746.73,-58.200
4747.40,-59.467
4748.07,-62.296
4748.74,-59.515
4749.42,-58.460
4750.09,-59.484
4750.76,-60.357
4751.44,-60.263
4752.11,-60.994
4752.78,-59.970
4753.45,-59.743
4754.13,-58.772
4754.80,-61.564
4755.47,-62.229
4756.15,-60.469
4756.82,-58.640
4757.49,-59.656
4758.16,-60.651
4758.84,-59.865
4759.51,-60.412
4760.18,-60.689
4760.86,-59.892
4761.53,-61.187
4762.20,-61.401
4762.88,-58.404
4763.55,-62.106
4764.22,-61.515
4764.89,-60.738
4765.57,-62.446
4766.24,-60.872
4766.91,-60.510
4767.59,-59.571
4768.26,-59.363
4768.93,-60.770
4769.60,-61.569
4770.28,-60.140
4770.95,-60.792
4771.62,-59.149
4772.30,-61.382
4772.97,-61.569
4773.64,-62.598
4774.31,-62.018
4774.99,-60.933
4775.66,-59.503
4776.33,-60.653
4777.01,-61.431
4777.68,-61.813
4778.35,-60.645
4779.03,-60.447
4779.70,-61.425
4780.37,-61.568
4781.04,-61.252
4781.72,-62.272
4782.39,-62.990
4783.06,-62.747
4783.74,-60.556
4784.41,-60.152
4785.08,-61.120
4785.75,-62.233
4786.43,-60.892
4787.10,-60.537
4787.77,-62.074
4788.45,-62.126
4789.12,-61.859
4789.79,-63.537
4790.46,-61.386
4791.14,-60.826
4791.81,-62.298
4792.48,-62.905
4793.16,-62.605
4793.83,-61.380
4794.50,-61.075
4795.18,-61.052
4795.85,-60.501
4796.52,-62.054
4797.19,-61.327
4797.87,-62.150
4798.54,-61.887
4799.21,-60.270
4799.89,-61.184
4800.56,-61.357
4801.23,-60.636
4801.90,-61.684
4802.58,-61.378
4803.25,-61.413
4803.92,-61.406
4804.60,-62.451
4805.27,-62.894
4805.94,-63.222
4806.61,-62.343
4807.29,-61.896
4807.96,-60.660
4808.63,-60.710
4809.31,-62.051
4809.98,-61.998
4810.65,-61.369
4811.33,-61.398
4812.00,-61.960
4812.67,-63.289
4813.34,-63.598
4814.02,-61.545
4814.69,-62.882
4815.36,-61.810
4816.04,-62.422
4816.71,-61.293
4817.38,-60.942
4818.05,-60.904
4818.73,-62.889
4819.40,-62.252
4820.07,-63.139
4820.75,-63.699
4821.42,-60.494
4822.09,-62.588
4822.76,-63.025
4823.44,-62.642
4824.11,-62.771
4824.78,-62.461
4825.46,-63.365
4826.13,-63.011
4826.80,-62.255
4827.47,-63.931
4828.15,-64.038
4828.82,-63.553
4829.49,-62.162
4830.17,-62.891
4830.84,-63.790
4831.51,-62.769
4832.19,-62.091
4832.86,-62.104
4833.53,-63.349
4834.20,-61.861
4834.88,-62.224
4835.55,-62.140
4836.22,-61.814
4836.90,-62.408
4837.57,-62.146
4838.24,-62.549
4838.91,-62.570
4839.59,-63.287
4840.26,-62.423
4840.93,-62.718
4841.61,-60.810
4842.28,-61.818
4842.95,-61.880
4843.62,-62.124
4844.30,-62.197
4844.97,-64.335
4845.64,-63.102
4846.32,-60.860
4846.99,-61.153
4847.66,-62.249
4848.34,-61.866
4849.01,-60.976
4849.68,-60.946
4850.35,-62.573
4851.03,-62.227
4851.70,-62.258
4852.37,-62.339
4853.05,-62.389
4853.72,-63.252
4854.39,-62.354
4855.06,-61.229
4855.74,-62.965
4856.41,-61.428
4857.08,-62.619
4857.76,-62.529
4858.43,-61.715
4859.10,-62.448
4859.77,-62.164
4860.45,-61.749
4861.12,-62.120
4861.79,-62.754
4862.47,-62.067
4863.14,-61.999
4863.81,-62.311
4864.49,-62.546
4865.16,-62.558
4865.83,-61.894
4866.50,-63.044
4867.18,-62.803
4867.85,-63.307
4868.52,-62.276
4869.20,-63.055
4869.87,-62.037
4870.54,-61.647
4871.21,-61.861
4871.89,-64.073
4872.56,-61.944
4873.23,-62.834
4873.91,-61.818
4874.58,-61.772
4875.25,-62.250
4875.92,-62.856
4876.60,-62.653
4877.27,-62.724
4877.94,-62.464
4878.62,-62.492
4879.29,-62.791
4879.96,-61.999
4880.64,-63.766
4881.31,-61.458
4881.98,-62.348
4882.65,-62.455
4883.33,-62.371
4884.00,-62.705
4884.67,-63.132
4885.35,-62.388
4886.02,-62.263
4886.69,-62.538
4887.36,-62.175
4888.04,-62.619
4888.71,-62.503
4889.38,-62.385
4890.06,-62.200
4890.73,-62.395
4891.40,-62.870
4892.07,-63.124
4892.75,-61.991
4893.42,-63.879
4894.09,-61.503
4894.77,-63.168
4895.44,-62.148
4896.11,-62.306
4896.78,-62.237
4897.46,-63.334
4898.13,-61.856
4898.80,-62.180
4899.48,-62.492
4900.15,-61.546
4900.82,-61.991
4901.50,-62.310
4902.17,-62.725
4902.84,-62.320
4903.51,-62.384
4904.19,-62.386
4904.86,-61.154
4905.53,-62.325
4906.21,-62.132
4906.88,-61.591
4907.55,-62.810
4908.22,-61.839
4908.90,-61.628
4909.57,-62.308
4910.24,-61.931
4910.92,-63.216
4911.59,-61.625
4912.26,-61.832
4912.93,-62.595
4913.61,-62.264
4914.28,-62.434
4914.95,-62.577
4915.63,-60.252
4916.30,-61.857
4916.97,-61.742
4917.65,-63.663
4918.32,-61.577
4918.99,-61.831
4919.66,-62.183
4920.34,-61.869
4921.01,-62.062
4921.68,-61.988
4922.36,-61.292
4923.03,-61.552
4923.70,-62.861
4924.37,-60.786
4925.05,-61.215
4925.72,-61.309
4926.39,-63.735
4927.07,-61.775
4927.74,-62.504
4928.41,-62.527
4929.08,-61.154
4929.76,-62.213
4930.43,-63.960
4931.10,-61.406
4931.78,-61.746
4932.45,-63.364
4933.12,-64.209
4933.80,-61.992
4934.47,-60.574
4935.14,-60.939
4935.81,-61.733
4936.49,-62.588
4937.16,-62.094
4937.83,-62.470
4938.51,-61.559
4939.18,-61.652
4939.85,-62.357
4940.52,-60.882
4941.20,-61.250
4941.87,-62.573
4942.54,-62.248
4943.22,-60.098
4943.89,-61.247
4944.56,-61.770
4945.23,-61.888
4945.91,-62.316
4946.58,-61.209
4947.25,-61.433
4947.93,-61.547
4948.60,-61.302
4949.27,-60.486
4949.95,-60.898
4950.62,-61.160
4951.29,-62.327
4951.96,-62.052
4952.64,-61.813
4953.31,-62.128
4953.98,-63.483
4954.66,-60.773
4955.33,-61.616
4956.00,-60.875
4956.67,-61.038
4957.35,-62.567
4958.02,-64.131
4958.69,-63.264
4959.37,-60.430
4960.04,-61.448
4960.71,-61.549
4961.38,-61.504
4962.06,-62.294
4962.73,-60.863
4963.40,-61.533
4964.08,-60.270
4964.75,-61.624
4965.42,-60.413
4966.09,-60.589
4966.77,-60.554
4967.44,-60.343
4968.11,-61.529
4968.79,-61.231
4969.46,-61.915
4970.13,-60.464
4970.81,-59.916
4971.48,-61.365
4972.15,-61.227
4972.82,-61.975
4973.50,-61.536
4974.17,-62.125
4974.84,-61.640
4975.52,-60.290
4976.19,-61.722
4976.86,-60.996
4977.53,-61.313
4978.21,-60.194
4978.88,-60.600
4979.55,-60.342
4980.23,-60.119
4980.90,-61.519
4981.57,-61.189
4982.24,-60.987
4982.92,-61.097
4983.59,-61.424
4984.26,-61.797
4984.94,-62.455
4985.61,-61.096
4986.28,-62.330
4986.96,-59.610
4987.63,-60.934
4988.30,-60.529
4988.97,-61.410
4989.65,-62.394
4990.32,-61.927
4990.99,-61.906
4991.67,-60.152
4992.34,-60.878
4993.01,-61.717
4993.68,-59.622
4994.36,-60.821
4995.03,-60.349
4995.70,-59.813
4996.38,-61.683
4997.05,-60.349
4997.72,-60.956
4998.39,-60.987
4999.07,-60.466
4999.74,-60.480
5000.41,-60.458
5001.09,-60.274
5001.76,-59.986
5002.43,-60.682
5003.11,-60.579
5003.78,-60.572
5004.45,-60.681
5005.12,-61.348
5005.80,-61.834
5006.47,-61.387
5007.14,-60.848
5007.82,-60.318
5008.49,-61.129
5009.16,-60.407
5009.83,-60.672
5010.51,-59.640
5011.18,-61.432
5011.85,-60.891
5012.53,-59.496
5013.20,-59.202
5013.87,-61.339
5014.54,-61.482
5015.22,-59.652
5015.89,-60.682
5016.56,-59.297
5017.24,-60.259
5017.91,-60.999
5018.58,-59.716
5019.26,-60.557
5019.93,-59.522
5020.60,-59.875
5021.27,-59.492
5021.95,-58.795
5022.62,-60.321
5023.29,-61.054
5023.97,-60.980
5024.64,-60.510
5025.31,-60.687
5025.98,-60.330
5026.66,-59.558
5027.33,-58.434
5028.00,-59.582
5028.68,-60.449
5029.35,-61.644
5030.02,-60.067
5030.69,-59.027
5031.37,-59.889
5032.04,-60.001
5032.71,-60.820
5033.39,-59.569
5034.06,-60.373
5034.73,-61.080
5035.40,-61.806
5036.08,-59.721
5036.75,-61.090
5037.42,-58.826
5038.10,-60.443
5038.77,-59.761
5039.44,-59.578
5040.12,-59.057
5040.79,-59.594
5041.46,-60.404
5042.13,-59.713
5042.81,-59.788
5043.48,-59.545
5044.15,-59.224
5044.83,-59.576
5045.50,-59.686
5046.17,-61.421
5046.84,-60.357
5047.52,-60.839
5048.19,-59.729
5048.86,-59.662
5049.54,-60.324
5050.21,-60.665
5050.88,-60.488
5051.55,-59.934
5052.23,-59.767
5052.90,-60.267
5053.57,-59.918
5054.25,-60.019
5054.92,-60.060
5055.59,-59.779
5056.27,-58.801
5056.94,-58.195
5057.61,-58.863
5058.28,-60.879
5058.96,-60.215
5059.63,-59.092
5060.30,-59.278
5060.98,-59.764
5061.65,-59.812
5062.32,-58.770
5062.99,-60.404
5063.67,-59.255
5064.34,-61.979
5065.01,-59.032
5065.69,-60.529
5066.36,-61.180
5067.03,-59.031
5067.70,-61.673
5068.38,-59.987
5069.05,-62.479
5069.72,-61.865
5070.40,-59.791
5071.07,-59.876
5071.74,-60.058
5072.42,-61.066
5073.09,-60.380
5073.76,-61.168
5074.43,-59.617
5075.11,-60.876
5075.78,-61.228
5076.45,-61.147
5077.13,-60.302
5077.80,-60.550
5078.47,-60.681
5079.14,-59.611
5079.82,-61.346
5080.49,-60.968
5081.16,-61.482
5081.84,-62.403
5082.51,-59.486
5083.18,-61.802
5083.85,-60.399
5084.53,-62.377
5085.20,-60.818
5085.87,-60.970
5086.55,-61.196
5087.22,-60.190
5087.89,-60.711
5088.57,-61.097
5089.24,-60.796
5089.91,-59.764
5090.58,-60.799
5091.26,-59.534
5091.93,-60.121
5092.60,-60.755
5093.28,-60.798
5093.95,-60.167
5094.62,-60.698
5095.29,-60.453
5095.97,-60.420
5096.64,-60.802
5097.31,-60.030
5097.99,-62.610
5098.66,-59.188
5099.33,-59.872
5100.00,-60.485
5100.68,-60.687
5101.35,-60.606
5102.02,-60.629
5102.70,-60.375
5103.37,-61.542
5104.04,-60.376
5104.71,-60.648
5105.39,-61.901
5106.06,-59.979
5106.73,-60.833
5107.41,-60.898
5108.08,-60.022
5108.75,-59.948
5109.43,-60.630
5110.10,-60.673
5110.77,-60.064
5111.44,-61.038
5112.12,-61.703
5112.79,-61.020
5113.46,-59.957
5114.14,-59.452
5114.81,-59.522
5115.48,-62.502
5116.15,-62.168
5116.83,-60.560
5117.50,-60.977
5118.17,-60.048
5118.85,-62.624
5119.52,-63.179
5120.19,-62.362
5120.86,-59.477
5121.54,-61.127
5122.21,-60.801
5122.88,-60.204
5123.56,-60.975
5124.23,-60.061
5124.90,-61.645
5125.58,-60.697
5126.25,-60.942
5126.92,-60.966
5127.59,-60.904
5128.27,-61.296
5128.94,-59.925
5129.61,-60.645
5130.29,-59.806
5130.96,-60.552
5131.63,-61.242
5132.30,-61.113
5132.98,-60.468
5133.65,-59.759
5134.32,-60.751
5135.00,-60.358
5135.67,-60.313
5136.34,-60.934
5137.01,-60.338
5137.69,-60.409
5138.36,-59.901
5139.03,-61.312
5139.71,-61.590
5140.38,-60.981
5141.05,-61.661
5141.73,-61.651
5142.40,-60.219
5143.07,-60.907
5143.74,-60.310
5144.42,-61.718
5145.09,-60.956
5145.76,-61.240
5146.44,-60.960
5147.11,-59.924
5147.78,-61.448
5148.45,-61.849
5149.13,-59.802
5149.80,-62.362
5150.47,-60.287
5151.15,-60.582
5151.82,-61.555
5152.49,-59.969
5153.16,-61.025
5153.84,-60.491
5154.51,-59.898
5155.18,-59.721
5155.86,-59.928
5156.53,-60.089
5157.20,-59.787
5157.88,-61.120
5158.55,-60.314
5159.22,-58.567
5159.89,-59.698
5160.57,-60.625
5161.24,-60.379
5161.91,-61.534
5162.59,-61.159
5163.26,-61.338
5163.93,-60.567
5164.60,-61.255
5165.28,-61.343
5165.95,-60.961
5166.62,-60.232
5167.30,-60.845
5167.97,-61.565
5168.64,-62.339
5169.31,-60.987
5169.99,-61.592
5170.66,-61.912
5171.33,-61.074
5172.01,-60.242
5172.68,-60.833
5173.35,-61.121
5174.02,-61.919
5174.70,-61.319
5175.37,-61.803
5176.04,-60.779
5176.72,-61.126
5177.39,-59.944
5178.06,-61.434
5178.74,-61.768
5179.41,-60.821
5180.08,-61.850
5180.75,-61.518
5181.43,-61.726
5182.10,-62.853
5182.77,-61.315
5183.45,-60.717
5184.12,-60.374
5184.79,-61.155
5185.46,-61.661
5186.14,-61.024
5186.81,-62.220
5187.48,-61.600
5188.16,-61.259
5188.83,-61.384
5189.50,-61.049
5190.17,-60.785
5190.85,-61.783
5191.52,-61.412
5192.19,-59.962
5192.87,-61.242
5193.54,-60.925
5194.21,-61.643
5194.89,-61.058
5195.56,-61.538
5196.23,-61.505
5196.90,-60.288
5197.58,-59.374
5198.25,-59.477
5198.92,-60.397
5199.60,-59.745
5200.27,-60.783
5200.94,-60.121
5201.61,-59.890
5202.29,-61.934
5202.96,-61.857
5203.63,-60.195
5204.31,-61.649
5204.98,-58.980
5205.65,-59.814
5206.32,-61.281
5207.00,-62.401
5207.67,-61.239
5208.34,-61.662
5209.02,-61.288
5209.69,-60.371
5210.36,-60.672
5211.04,-61.952
5211.71,-61.393
5212.38,-61.249
5213.05,-61.039
5213.73,-61.715
5214.40,-60.619
5215.07,-60.517
5215.75,-61.362
5216.42,-61.577
5217.09,-61.830
5217.76,-61.078
5218.44,-59.109
5219.11,-58.872
5219.78,-60.752
5220.46,-60.608
5221.13,-60.866
5221.80,-61.070
5222.47,-59.504
5223.15,-61.130
5223.82,-61.478
5224.49,-61.348
5225.17,-60.870
5225.84,-60.085
5226.51,-60.840
5227.19,-59.286
5227.86,-60.102
5228.53,-60.078
5229.20,-61.307
5229.88,-60.918
5230.55,-59.227
5231.22,-59.113
5231.90,-59.891
5232.57,-59.928
5233.24,-60.290
5233.91,-59.782
5234.59,-58.672
5235.26,-60.353
5235.93,-60.907
5236.61,-58.622
5237.28,-60.257
5237.95,-61.475
5238.62,-59.458
5239.30,-60.165
5239.97,-62.202
5240.64,-61.297
5241.32,-60.630
5241.99,-61.482
5242.66,-60.879
5243.33,-61.025
5244.01,-59.968
5244.68,-61.019
5245.35,-59.019
5246.03,-58.873
5246.70,-60.228
5247.37,-60.240
5248.05,-60.446
5248.72,-59.610
5249.39,-59.597
5250.06,-60.498
5250.74,-60.179
5251.41,-59.776
5252.08,-58.336
5252.76,-58.075
5253.43,-60.465
5254.10,-59.915
5254.77,-59.477
5255.45,-61.050
5256.12,-61.091
5256.79,-59.866
5257.47,-58.939
5258.14,-59.630
5258.81,-59.200
5259.48,-60.429
5260.16,-58.942
5260.83,-60.015
5261.50,-59.879
5262.18,-59.566
5262.85,-58.440
5263.52,-60.224
5264.20,-61.027
5264.87,-59.113
5265.54,-58.824
5266.21,-59.940
5266.89,-59.191
5267.56,-60.466
5268.23,-59.531
5268.91,-59.007
5269.58,-60.115
5270.25,-59.904
5270.92,-59.417
5271.60,-59.872
5272.27,-59.920
5272.94,-59.178
5273.62,-62.207
5274.29,-60.512
5274.96,-59.346
5275.63,-59.024
5276.31,-59.374
5276.98,-60.304
5277.65,-60.175
5278.33,-60.270
5279.00,-57.995
5279.67,-58.935
5280.35,-59.331
5281.02,-59.124
5281.69,-58.974
5282.36,-60.056
5283.04,-58.456
5283.71,-59.970
5284.38,-60.019
5285.06,-59.536
5285.73,-59.857
5286.40,-57.994
5287.07,-58.245
5287.75,-57.263
5288.42,-59.221
5289.09,-59.208
5289.77,-59.100
5290.44,-58.891
5291.11,-59.526
5291.78,-58.530
5292.46,-59.466
5293.13,-59.191
5293.80,-58.360
5294.48,-57.695
5295.15,-58.725
5295.82,-57.458
5296.50,-58.386
5297.17,-57.832
5297.84,-59.564
5298.51,-57.919
5299.19,-59.078
5299.86,-58.636
5300.53,-58.277
5301.21,-58.914
5301.88,-56.576
5302.55,-58.513
5303.22,-57.611
5303.90,-57.962
5304.57,-58.671
5305.24,-58.413
5305.92,-58.291
5306.59,-59.274
5307.26,-58.221
5307.93,-58.084
5308.61,-60.055
5309.28,-58.909
5309.95,-58.261
5310.63,-57.847
5311.30,-58.138
5311.97,-56.239
5312.64,-56.990
5313.32,-57.189
5313.99,-56.768
5314.66,-57.277
5315.34,-57.725
5316.01,-56.868
5316.68,-57.457
5317.36,-58.232
5318.03,-57.907
5318.70,-57.224
5319.37,-57.601
5320.05,-58.116
5320.72,-57.885
5321.39,-56.523
5322.07,-58.051
5322.74,-56.916
5323.41,-56.845
5324.08,-57.529
5324.76,-56.376
5325.43,-57.419
5326.10,-56.879
5326.78,-57.951
5327.45,-58.167
5328.12,-58.172
5328.79,-58.125
5329.47,-57.579
5330.14,-57.348
5330.81,-56.741
5331.49,-57.309
5332.16,-57.190
5332.83,-56.064
5333.51,-56.403
5334.18,-56.268
5334.85,-55.906
5335.52,-56.570
5336.20,-56.668
5336.87,-57.776
5337.54,-58.530
5338.22,-57.378
5338.89,-58.212
5339.56,-57.020
5340.23,-56.368
5340.91,-56.382
5341.58,-56.814
5342.25,-55.585
5342.93,-56.380
5343.60,-55.870
5344.27,-57.016
5344.94,-56.616
5345.62,-57.201
5346.29,-56.325
5346.96,-54.299
5347.64,-57.461
5348.31,-57.804
5348.98,-57.049
5349.66,-57.669
5350.33,-57.748
5351.00,-56.739
5351.67,-55.900
5352.35,-56.968
5353.02,-57.746
5353.69,-55.293
5354.37,-55.930
5355.04,-55.542
5355.71,-58.796
5356.38,-56.777
5357.06,-57.180
5357.73,-56.820
5358.40,-57.650
5359.08,-55.658
5359.75,-55.435
5360.42,-56.173
5361.09,-55.575
5361.77,-55.135
5362.44,-57.243
5363.11,-56.407
5363.79,-56.442
5364.46,-56.149
5365.13,-55.993
5365.81,-57.050
5366.48,-56.445
5367.15,-58.579
5367.82,-58.855
5368.50,-58.329
5369.17,-56.878
5369.84,-57.167
5370.52,-56.596
5371.19,-56.131
5371.86,-56.830
5372.53,-55.642
5373.21,-56.198
5373.88,-55.677
5374.55,-56.785
5375.23,-55.989
5375.90,-56.858
5376.57,-56.202
5377.24,-56.536
5377.92,-55.986
5378.59,-56.872
5379.26,-57.616
5379.94,-58.002
5380.61,-57.266
5381.28,-58.041
5381.95,-56.551
5382.63,-55.951
5383.30,-56.680
5383.97,-56.698
5384.65,-57.426
5385.32,-56.800
5385.99,-58.289
5386.67,-58.063
5387.34,-57.650
5388.01,-56.708
5388.68,-57.847
5389.36,-57.614
5390.03,-57.149
5390.70,-58.095
5391.38,-58.083
5392.05,-57.457
5392.72,-59.267
5393.39,-58.631
5394.07,-57.612
5394.74,-57.359
5395.41,-58.486
5396.09,-59.096
5396.76,-58.851
5397.43,-57.955
5398.10,-59.068
5398.78,-58.246
5399.45,-57.209
5400.12,-57.020
5400.80,-59.150
5401.47,-59.437
5402.14,-58.203
5402.82,-58.010
5403.49,-58.478
5404.16,-58.961
5404.83,-60.251
5405.51,-59.789
5406.18,-59.563
5406.85,-58.166
5407.53,-59.244
5408.20,-58.944
5408.87,-59.200
5409.54,-58.547
5410.22,-59.370
5410.89,-59.546
5411.56,-58.609
5412.24,-60.121
5412.91,-59.410
5413.58,-60.001
5414.25,-59.271
5414.93,-61.217
5415.60,-59.993
5416.27,-60.141
5416.95,-59.910
5417.62,-59.789
5418.29,-60.894
5418.97,-59.908
5419.64,-60.386
5420.31,-61.451
5420.98,-59.941
5421.66,-60.314
5422.33,-60.757
5423.00,-61.809
5423.68,-61.498
5424.35,-63.324
5425.02,-59.966
5425.69,-60.700
5426.37,-60.972
5427.04,-61.886
5427.71,-60.344
5428.39,-60.127
5429.06,-60.840
5429.73,-61.952
5430.40,-62.461
5431.08,-61.506
5431.75,-61.062
5432.42,-62.681
5433.10,-61.688
5433.77,-62.152
5434.44,-61.715
5435.12,-60.918
5435.79,-62.720
5436.46,-60.749
5437.13,-62.682
5437.81,-62.192
5438.48,-61.253
5439.15,-61.685
5439.83,-61.798
5440.50,-61.912
5441.17,-61.205
5441.84,-60.578
5442.52,-61.297
5443.19,-62.130
5443.86,-62.498
5444.54,-63.523
5445.21,-63.874
5445.88,-62.625
5446.55,-63.449
5447.23,-62.888
5447.90,-62.973
5448.57,-61.946
5449.25,-62.852
5449.92,-63.883
5450.59,-62.774
5451.26,-63.378
5451.94,-62.843
5452.61,-63.305
5453.28,-63.281
5453.96,-63.989
5454.63,-61.892
5455.30,-63.126
5455.98,-62.976
5456.65,-63.825
5457.32,-63.807
5457.99,-63.370
5458.67,-64.713
5459.34,-64.265
5460.01,-63.318
5460.69,-64.580
5461.36,-62.116
5462.03,-62.624
5462.70,-63.830
5463.38,-64.897
5464.05,-63.112
5464.72,-63.766
5465.40,-64.883
5466.07,-64.510
5466.74,-65.108
5467.41,-64.414
5468.09,-64.263
5468.76,-65.840
5469.43,-64.720
5470.11,-63.302
5470.78,-64.314
5471.45,-63.954
5472.13,-63.377
5472.80,-64.723
5473.47,-66.160
5474.14,-65.593
5474.82,-65.004
5475.49,-63.432
5476.16,-65.756
5476.84,-65.144
5477.51,-64.947
5478.18,-64.391
5478.85,-64.385
5479.53,-64.904
5480.20,-64.964
5480.87,-63.257
5481.55,-63.722
5482.22,-64.445
5482.89,-65.499
5483.56,-65.963
5484.24,-67.319
5484.91,-64.533
5485.58,-64.959
5486.26,-65.047
5486.93,-65.660
5487.60,-65.725
5488.28,-66.527
5488.95,-66.198
5489.62,-64.642
5490.29,-64.997
5490.97,-64.864
5491.64,-66.229
5492.31,-65.227
5492.99,-65.953
5493.66,-67.432
5494.33,-66.997
5495.00,-65.773
5495.68,-68.304
5496.35,-65.621
5497.02,-67.145
5497.70,-65.473
5498.37,-67.643
5499.04,-65.231
5499.71,-64.307
5500.39,-68.193
5501.06,-65.608
5501.73,-66.620
5502.41,-65.320
5503.08,-65.946
5503.75,-64.948
5504.43,-66.756
5505.10,-67.052
5505.77,-64.990
5506.44,-67.150
5507.12,-67.326
5507.79,-66.858
5508.46,-65.797
5509.14,-66.079
5509.81,-66.562
5510.48,-65.654
5511.15,-66.051
5511.83,-66.743
5512.50,-65.909
5513.17,-66.583
5513.85,-65.357
5514.52,-66.440
5515.19,-66.732
5515.86,-67.612
5516.54,-67.483
5517.21,-67.242
5517.88,-67.125
5518.56,-67.017
5519.23,-67.091
5519.90,-67.453
5520.57,-67.933
5521.25,-66.799
5521.92,-67.172
5522.59,-67.590
5523.27,-66.645
5523.94,-67.769
5524.61,-67.687
5525.29,-66.513
5525.96,-66.876
5526.63,-67.910
5527.30,-66.805
5527.98,-66.786
5528.65,-67.048
5529.32,-67.231
5530.00,-66.448
5530.67,-68.837
5531.34,-68.367
5532.01,-66.841
5532.69,-67.436
5533.36,-67.774
5534.03,-68.107
5534.71,-69.143
5535.38,-67.230
5536.05,-67.940
5536.72,-68.336
5537.40,-69.153
5538.07,-67.400
5538.74,-68.435
5539.42,-67.239
5540.09,-69.140
5540.76,-67.966
5541.44,-68.680
5542.11,-69.272
5542.78,-67.447
5543.45,-68.095
5544.13,-67.909
5544.80,-66.986
5545.47,-67.565
5546.15,-66.851
5546.82,-67.327
5547.49,-67.201
5548.16,-67.668
5548.84,-67.816
5549.51,-67.875
5550.18,-69.322
5550.86,-68.253
5551.53,-68.540
5552.20,-67.515
5552.87,-67.685
5553.55,-66.510
5554.22,-68.419
5554.89,-70.450
5555.57,-71.791
5556.24,-69.763
5556.91,-70.394
5557.59,-70.350
5558.26,-68.611
5558.93,-69.070
5559.60,-69.023
5560.28,-68.488
5560.95,-68.649
5561.62,-68.459
5562.30,-69.053
5562.97,-69.924
5563.64,-69.801
5564.31,-70.226
5564.99,-67.146
5565.66,-67.843
5566.33,-70.084
5567.01,-69.202
5567.68,-69.579
5568.35,-68.621
5569.02,-69.367
5569.70,-68.573
5570.37,-69.499
5571.04,-70.125
5571.72,-69.656
5572.39,-67.538
5573.06,-68.373
5573.74,-68.188
5574.41,-69.181
5575.08,-68.646
5575.75,-70.007
5576.43,-68.275
5577.10,-68.110
5577.77,-69.184
5578.45,-68.962
5579.12,-68.758
5579.79,-69.094
5580.46,-69.394
5581.14,-69.610
5581.81,-70.263
5582.48,-69.546
5583.16,-70.041
5583.83,-70.519
5584.50,-70.496
5585.17,-70.027
5585.85,-69.659
5586.52,-70.358
5587.19,-69.474
5587.87,-70.426
5588.54,-70.535
5589.21,-69.708
5589.88,-70.928
5590.56,-69.178
5591.23,-69.560
5591.90,-69.842
5592.58,-68.955
5593.25,-71.500
5593.92,-70.024
5594.60,-70.144
5595.27,-68.018
5595.94,-69.195
5596.61,-69.316
5597.29,-70.127
5597.96,-70.320
5598.63,-68.591
5599.31,-69.715
5599.98,-70.561
5600.65,-70.696
5601.32,-70.696
5602.00,-70.143
5602.67,-69.439
5603.34,-69.086
5604.02,-70.104
5604.69,-70.685
5605.36,-69.842
5606.03,-68.248
5606.71,-69.590
5607.38,-70.356
5608.05,-69.107
5608.73,-70.068
5609.40,-70.077
5610.07,-69.512
5610.75,-68.726
5611.42,-70.544
5612.09,-70.203
5612.76,-69.364
5613.44,-70.199
5614.11,-69.704
5614.78,-70.085
5615.46,-69.851
5616.13,-69.084
5616.80,-69.210
5617.47,-70.384
5618.15,-70.342
5618.82,-69.962
5619.49,-70.192
5620.17,-69.783
5620.84,-69.779
5621.51,-69.556
5622.18,-70.042
5622.86,-69.536
5623.53,-70.137
5624.20,-70.186
5624.88,-70.190
5625.55,-70.755
5626.22,-69.033
5626.90,-69.335
5627.57,-68.270
5628.24,-69.527
5628.91,-70.761
5629.59,-69.344
5630.26,-70.938
5630.93,-70.211
5631.61,-69.353
5632.28,-70.049
5632.95,-69.908
5633.62,-70.393
5634.30,-69.855
5634.97,-70.859
5635.64,-70.172
5636.32,-70.226
5636.99,-70.925
5637.66,-69.502
5638.33,-67.973
5639.01,-70.231
5639.68,-71.225
5640.35,-70.162
5641.03,-71.146
5641.70,-69.534
5642.37,-69.282
5643.05,-69.808
5643.72,-70.813
5644.39,-70.586
5645.06,-70.371
5645.74,-70.337
5646.41,-71.122
5647.08,-71.139
5647.76,-69.807
5648.43,-70.826
5649.10,-69.887
5649.77,-70.793
5650.45,-70.162
5651.12,-69.841
5651.79,-70.275
5652.47,-68.727
5653.14,-70.827
5653.81,-70.398
5654.48,-69.723
5655.16,-70.061
5655.83,-69.818
5656.50,-70.424
5657.18,-69.519
5657.85,-71.190
5658.52,-71.875
5659.19,-71.566
5659.87,-71.147
5660.54,-70.741
5661.21,-71.380
5661.89,-70.049
5662.56,-70.519
5663.23,-71.150
5663.91,-69.876
5664.58,-70.803
5665.25,-71.328
5665.92,-68.298
5666.60,-70.639
5667.27,-71.665
5667.94,-70.601
5668.62,-71.602
5669.29,-71.240
5669.96,-71.033
5670.63,-71.273
5671.31,-71.650
5671.98,-70.100
5672.65,-70.045
5673.33,-70.500
5674.00,-70.031
5674.67,-69.495
5675.34,-71.758
5676.02,-71.580
5676.69,-70.795
5677.36,-70.171
5678.04,-72.175
5678.71,-70.341
5679.38,-70.240
5680.06,-70.768
5680.73,-70.296
5681.40,-69.212
5682.07,-70.067
5682.75,-69.758
5683.42,-71.494
5684.09,-70.564
5684.77,-70.761
5685.44,-70.699
5686.11,-70.752
5686.78,-69.528
5687.46,-70.117
5688.13,-71.007
5688.80,-70.625
5689.48,-69.440
5690.15,-69.825
5690.82,-70.999
5691.49,-69.616
5692.17,-71.227
5692.84,-69.502
5693.51,-71.216
5694.19,-70.921
5694.86,-69.969
5695.53,-69.908
5696.21,-72.556
5696.88,-71.155
5697.55,-69.590
5698.22,-71.068
5698.90,-71.231
5699.57,-69.412
5700.24,-71.631
5700.92,-70.961
5701.59,-71.624
5702.26,-70.217
5702.93,-70.773
5703.61,-69.837
5704.28,-71.080
5704.95,-69.803
5705.63,-70.686
5706.30,-72.329
5706.97,-70.634
5707.64,-71.838
5708.32,-70.517
5708.99,-70.617
5709.66,-69.998
5710.34,-70.884
5711.01,-72.176
5711.68,-70.712
5712.36,-69.652
5713.03,-69.484
5713.70,-69.889
5714.37,-70.326
5715.05,-71.281
5715.72,-70.270
5716.39,-69.818
5717.07,-70.599
5717.74,-70.123
5718.41,-71.316
5719.08,-70.778
5719.76,-69.863
5720.43,-70.943
5721.10,-70.463
5721.78,-70.939
5722.45,-71.609
5723.12,-70.033
5723.79,-70.021
5724.47,-70.954
5725.14,-68.793
5725.81,-71.129
5726.49,-70.344
5727.16,-71.554
5727.83,-70.840
5728.50,-70.954
5729.18,-69.846
5729.85,-69.505
5730.52,-70.326
5731.20,-68.548
5731.87,-70.606
5732.54,-70.854
5733.22,-70.434
5733.89,-70.005
5734.56,-69.698
5735.23,-70.891
5735.91,-70.875
5736.58,-69.430
5737.25,-70.596
5737.93,-69.890
5738.60,-70.137
5739.27,-68.858
5739.94,-69.360
5740.62,-70.942
5741.29,-71.116
5741.96,-70.065
5742.64,-68.789
5743.31,-70.001
5743.98,-68.755
5744.65,-69.192
5745.33,-68.895
5746.00,-70.154
5746.67,-69.316
5747.35,-69.424
5748.02,-71.153
5748.69,-70.345
5749.37,-69.441
5750.04,-70.648
5750.71,-71.246
5751.38,-69.537
5752.06,-69.601
5752.73,-68.290
5753.40,-68.221
5754.08,-68.716
5754.75,-68.281
5755.42,-69.784
5756.09,-69.659
5756.77,-69.382
5757.44,-69.232
5758.11,-68.785
5758.79,-69.766
5759.46,-69.314
5760.13,-69.535
5760.80,-70.330
5761.48,-70.536
5762.15,-68.983
5762.82,-68.190
5763.50,-69.822
5764.17,-68.731
5764.84,-68.664
5765.52,-69.137
5766.19,-70.702
5766.86,-68.462
5767.53,-68.334
5768.21,-69.923
5768.88,-67.893
5769.55,-67.601
5770.23,-68.062
5770.90,-68.197
5771.57,-68.983
5772.24,-69.170
5772.92,-68.384
5773.59,-69.050
5774.26,-68.716
5774.94,-68.682
5775.61,-68.885
5776.28,-67.468
5776.95,-68.954
5777.63,-69.285
5778.30,-69.350
5778.97,-68.688
5779.65,-69.332
5780.32,-67.885
5780.99,-67.350
5781.67,-68.559
5782.34,-68.687
5783.01,-67.342
5783.68,-67.607
5784.36,-66.650
5785.03,-66.608
5785.70,-69.160
5786.38,-67.706
5787.05,-69.708
5787.72,-69.687
5788.39,-67.536
5789.07,-68.679
5789.74,-68.104
5790.41,-69.166
5791.09,-67.675
5791.76,-68.059
5792.43,-68.041
5793.10,-69.232
5793.78,-68.324
5794.45,-67.581
5795.12,-67.892
5795.80,-67.500
5796.47,-67.466
5797.14,-68.128
5797.81,-66.903
5798.49,-66.077
5799.16,-68.124
5799.83,-66.812
5800.51,-67.437
5801.18,-67.230
5801.85,-68.436
5802.53,-65.992
5803.20,-65.986
5803.87,-66.974
5804.54,-67.691
5805.22,-67.422
5805.89,-68.473
5806.56,-67.181
5807.24,-68.020
5807.91,-67.304
5808.58,-66.887
5809.25,-67.299
5809.93,-68.911
5810.60,-67.338
5811.27,-68.058
5811.95,-65.305
5812.62,-64.798
5813.29,-67.079
5813.96,-66.468
5814.64,-67.266
5815.31,-67.575
5815.98,-66.668
5816.66,-65.624
5817.33,-67.453
5818.00,-66.985
5818.68,-67.172
5819.35,-67.400
5820.02,-67.102
5820.69,-65.276
5821.37,-65.827
5822.04,-65.837
5822.71,-66.488
5823.39,-66.758
5824.06,-67.078
5824.73,-67.567
5825.40,-66.748
5826.08,-66.513
5826.75,-66.297
5827.42,-66.622
5828.10,-65.568
5828.77,-66.742
5829.44,-66.097
5830.11,-65.550
5830.79,-66.766
5831.46,-67.223
5832.13,-64.543
5832.81,-65.174
5833.48,-64.546
5834.15,-66.478
5834.83,-66.989
5835.50,-65.337
5836.17,-66.930
5836.84,-65.837
5837.52,-65.824
5838.19,-65.889
5838.86,-65.022
5839.54,-65.234
5840.21,-64.292
5840.88,-63.698
5841.55,-64.135
5842.23,-64.391
5842.90,-65.449
5843.57,-65.630
5844.25,-65.706
5844.92,-65.742
5845.59,-65.451
5846.26,-64.712
5846.94,-63.855
5847.61,-62.633
5848.28,-64.309
5848.96,-63.492
5849.63,-63.425
5850.30,-64.838
5850.98,-64.819
5851.65,-64.127
5852.32,-64.439
5852.99,-64.700
5853.67,-63.752
5854.34,-63.518
5855.01,-63.028
5855.69,-63.007
5856.36,-63.695
5857.03,-63.455
5857.70,-62.665
5858.38,-62.930
5859.05,-64.360
5859.72,-64.173
5860.40,-63.107
5861.07,-63.036
5861.74,-63.192
5862.41,-61.852
5863.09,-62.340
5863.76,-61.280
5864.43,-62.795
5865.11,-62.072
5865.78,-62.824
5866.45,-62.864
5867.12,-62.893
5867.80,-62.367
5868.47,-63.894
5869.14,-62.580
5869.82,-64.086
5870.49,-60.894
5871.16,-62.490
5871.84,-61.685
5872.51,-61.418
5873.18,-61.325
5873.85,-61.296
5874.53,-61.064
5875.20,-61.209
5875.87,-60.939
5876.55,-62.558
5877.22,-61.735
5877.89,-62.310
5878.56,-60.994
5879.24,-61.708
5879.91,-60.838
5880.58,-60.563
5881.26,-59.701
5881.93,-61.714
5882.60,-60.007
5883.27,-62.299
5883.95,-60.280
5884.62,-62.357
5885.29,-61.026
5885.97,-59.975
5886.64,-60.236
5887.31,-61.021
5887.99,-63.465
5888.66,-60.147
5889.33,-59.940
5890.00,-60.464
5890.68,-61.166
5891.35,-60.542
5892.02,-61.532
5892.70,-59.948
5893.37,-60.789
5894.04,-60.616
5894.71,-60.964
5895.39,-59.509
5896.06,-59.834
5896.73,-61.817
5897.41,-60.661
5898.08,-60.492
5898.75,-59.887
5899.42,-59.986
5900.10,-61.680
5900.77,-59.694
5901.44,-59.732
5902.12,-61.013
5902.79,-60.496
5903.46,-59.720
5904.14,-59.684
5904.81,-59.804
5905.48,-60.816
5906.15,-59.020
5906.83,-61.078
5907.50,-61.647
5908.17,-60.522
5908.85,-61.347
5909.52,-59.220
5910.19,-60.119
5910.86,-60.392
5911.54,-60.882
5912.21,-62.582
5912.88,-60.812
5913.56,-60.632
5914.23,-60.979
5914.90,-60.960
5915.57,-62.477
5916.25,-60.480
5916.92,-61.709
5917.59,-61.558
5918.27,-59.557
5918.94,-60.585
5919.61,-61.648
5920.29,-61.303
5920.96,-60.663
5921.63,-62.273
5922.30,-61.986
5922.98,-61.217
5923.65,-62.322
5924.32,-61.119
5925.00,-61.992
5925.67,-61.783
5926.34,-61.000
5927.01,-62.738
5927.69,-62.230
5928.36,-62.026
5929.03,-60.960
5929.71,-61.097
5930.38,-61.411
5931.05,-63.102
5931.72,-62.247
5932.40,-64.113
5933.07,-64.649
5933.74,-63.977
5934.42,-62.410
5935.09,-63.128
5935.76,-62.246
5936.43,-63.731
5937.11,-64.153
5937.78,-64.360
5938.45,-63.193
5939.13,-62.917
5939.80,-64.200
5940.47,-62.222
5941.15,-62.939
5941.82,-62.891
5942.49,-64.043
5943.16,-63.962
5943.84,-65.047
5944.51,-63.862
5945.18,-63.144
5945.86,-62.650
5946.53,-64.465
5947.20,-64.436
5947.87,-65.483
5948.55,-64.113
5949.22,-63.819
5949.89,-65.392
5950.57,-65.020
5951.24,-66.438
5951.91,-65.331
5952.58,-65.281
5953.26,-65.806
5953.93,-64.552
5954.60,-64.500
5955.28,-64.554
5955.95,-65.588
5956.62,-65.513
5957.30,-64.693
5957.97,-64.219
5958.64,-65.558
5959.31,-65.280
5959.99,-66.174
5960.66,-66.405
5961.33,-66.649
5962.01,-65.750
5962.68,-66.663
5963.35,-65.893
5964.02,-65.962
5964.70,-66.599
5965.37,-67.601
5966.04,-67.204
5966.72,-66.182
5967.39,-67.012
5968.06,-66.931
5968.73,-66.869
5969.41,-66.671
5970.08,-67.132
5970.75,-67.465
5971.43,-67.573
5972.10,-67.862
5972.77,-66.699
5973.45,-67.738
5974.12,-67.026
5974.79,-67.642
5975.46,-67.590
5976.14,-68.467
5976.81,-68.035
5977.48,-67.423
5978.16,-67.638
5978.83,-67.996
5979.50,-67.253
5980.17,-67.046
5980.85,-67.194
5981.52,-68.912
5982.19,-66.931
5982.87,-69.009
5983.54,-66.662
5984.21,-67.941
5984.88,-70.303
5985.56,-67.718
5986.23,-69.232
5986.90,-68.273
5987.58,-68.304
5988.25,-69.443
5988.92,-67.607
5989.60,-69.661
5990.27,-67.089
5990.94,-68.774
5991.61,-68.079
5992.29,-69.228
5992.96,-69.534
5993.63,-68.515
5994.31,-70.566
5994.98,-69.017
5995.65,-68.140
5996.32,-70.493
5997.00,-70.786
5997.67,-70.438
5998.34,-68.199
5999.02,-68.731
5999.69,-69.174
6000.36,-70.002
6001.03,-68.610
6001.71,-71.924
6002.38,-70.124
6003.05,-69.477
6003.73,-68.637
6004.40,-68.368
6005.07,-68.640
6005.74,-70.874
6006.42,-69.836
6007.09,-69.670
6007.76,-70.551
6008.44,-71.175
6009.11,-69.477
6009.78,-68.751
6010.46,-67.589
6011.13,-68.551
6011.80,-69.095
6012.47,-69.183
6013.15,-70.189
6013.82,-71.654
6014.49,-70.417
6015.17,-70.544
6015.84,-71.181
6016.51,-70.781
6017.18,-69.707
6017.86,-70.701
6018.53,-70.690
6019.20,-70.847
6019.88,-71.268
6020.55,-70.789
6021.22,-71.713
6021.89,-71.318
6022.57,-70.444
6023.24,-71.297
6023.91,-70.526
6024.59,-70.012
6025.26,-71.497
6025.93,-71.047
6026.61,-70.465
6027.28,-71.124
6027.95,-70.698
6028.62,-71.586
6029.30,-71.334
6029.97,-70.640
6030.64,-72.183
6031.32,-72.125
6031.99,-71.498
6032.66,-72.297
6033.33,-72.777
6034.01,-71.921
6034.68,-71.981
6035.35,-71.047
6036.03,-72.425
6036.70,-71.172
6037.37,-71.226
6038.04,-71.281
6038.72,-72.315
6039.39,-71.181
6040.06,-71.478
6040.74,-72.531
6041.41,-72.234
6042.08,-72.764
6042.76,-72.279
6043.43,-71.019
6044.10,-73.122
6044.77,-71.322
6045.45,-72.402
6046.12,-73.034
6046.79,-71.103
6047.47,-70.648
6048.14,-71.769
6048.81,-72.308
6049.48,-71.438
6050.16,-73.603
6050.83,-72.100
6051.50,-74.554
6052.18,-72.540
6052.85,-72.413
6053.52,-72.886
6054.19,-71.524
6054.87,-73.413
6055.54,-73.731
6056.21,-71.219
6056.89,-72.463
6057.56,-73.155
6058.23,-73.171
6058.91,-72.495
6059.58,-73.795
6060.25,-73.108
6060.92,-73.611
6061.60,-73.465
6062.27,-74.605
6062.94,-72.589
6063.62,-73.185
6064.29,-72.299
6064.96,-72.914
6065.63,-72.412
6066.31,-72.799
6066.98,-73.507
6067.65,-73.124
6068.33,-73.602
6069.00,-74.125
6069.67,-72.875
6070.34,-72.063
6071.02,-73.224
6071.69,-73.300
6072.36,-73.976
6073.04,-73.216
6073.71,-74.022
6074.38,-72.165
6075.05,-74.190
6075.73,-73.950
6076.40,-74.012
6077.07,-72.909
6077.75,-73.469
6078.42,-73.297
6079.09,-73.649
6079.77,-73.719
6080.44,-73.594
6081.11,-72.617
6081.78,-73.067
6082.46,-73.832
6083.13,-73.231
6083.80,-73.799
6084.48,-74.920
6085.15,-73.226
6085.82,-73.086
6086.49,-73.407
6087.17,-73.975
6087.84,-74.105
6088.51,-74.414
6089.19,-73.700
6089.86,-73.197
6090.53,-73.584
6091.20,-75.394
6091.88,-74.990
6092.55,-74.222
6093.22,-74.867
6093.90,-74.486
6094.57,-72.446
6095.24,-75.956
6095.92,-74.464
6096.59,-74.547
6097.26,-75.573
6097.93,-75.891
6098.61,-74.984
6099.28,-74.409
6099.95,-74.915
6100.63,-74.093
6101.30,-74.445
6101.97,-74.215
6102.64,-74.922
6103.32,-75.644
6103.99,-75.269
6104.66,-74.295
6105.34,-74.241
6106.01,-74.924
6106.68,-75.647
6107.35,-74.925
6108.03,-73.425
6108.70,-75.532
6109.37,-74.832
6110.05,-74.987
6110.72,-74.475
6111.39,-75.711
6112.07,-74.991
6112.74,-73.548
6113.41,-73.958
6114.08,-74.829
6114.76,-74.365
6115.43,-75.206
6116.10,-74.702
6116.78,-75.177
6117.45,-74.990
6118.12,-74.776
6118.79,-73.945
6119.47,-74.423
6120.14,-75.129
6120.81,-75.254
6121.49,-75.332
6122.16,-74.760
6122.83,-75.084
6123.50,-75.016
6124.18,-75.552
6124.85,-75.805
6125.52,-75.167
6126.20,-75.908
6126.87,-75.175
6127.54,-76.677
6128.22,-75.630
6128.89,-76.089
6129.56,-75.377
6130.23,-74.220
6130.91,-75.065
6131.58,-75.222
6132.25,-74.903
6132.93,-73.590
6133.60,-75.555
6134.27,-75.018
6134.94,-75.608
6135.62,-75.612
6136.29,-76.416
6136.96,-75.370
6137.64,-74.166
6138.31,-75.030
6138.98,-74.826
6139.65,-75.038
6140.33,-76.817
6141.00,-75.873
6141.67,-76.053
6142.35,-75.180
6143.02,-74.991
6143.69,-75.917
6144.36,-75.906
6145.04,-76.426
6145.71,-76.673
6146.38,-76.268
6147.06,-75.787
6147.73,-74.562
6148.40,-75.539
6149.08,-75.236
6149.75,-75.156
6150.42,-75.658
6151.09,-76.158
6151.77,-76.435
6152.44,-76.189
6153.11,-76.290
6153.79,-76.844
6154.46,-75.605
6155.13,-75.246
6155.80,-75.675
6156.48,-75.082
6157.15,-76.799
6157.82,-74.945
6158.50,-76.248
6159.17,-76.114
6159.84,-76.185
6160.51,-74.817
6161.19,-74.731
6161.86,-76.735
6162.53,-76.377
6163.21,-74.975
6163.88,-75.978
6164.55,-76.590
6165.23,-75.457
6165.90,-77.438
6166.57,-76.239
6167.24,-76.148
6167.92,-76.450
6168.59,-76.718
6169.26,-76.108
6169.94,-74.969
6170.61,-74.883
6171.28,-76.031
6171.95,-76.252
6172.63,-75.954
6173.30,-76.238
6173.97,-76.120
6174.65,-75.186
6175.32,-75.324
6175.99,-74.997
6176.66,-76.780
6177.34,-76.575
6178.01,-75.838
6178.68,-76.197
6179.36,-76.125
6180.03,-75.740
6180.70,-76.193
6181.38,-78.408
6182.05,-77.831
6182.72,-77.721
6183.39,-78.423
6184.07,-75.768
6184.74,-75.905
6185.41,-76.947
6186.09,-76.551
6186.76,-76.940
6187.43,-77.093
6188.10,-76.497
6188.78,-75.440
6189.45,-76.797
6190.12,-76.584
6190.80,-77.421
6191.47,-77.233
6192.14,-76.284
6192.81,-75.872
6193.49,-76.240
6194.16,-76.056
6194.83,-76.827
6195.51,-77.063
6196.18,-76.551
6196.85,-74.794
6197.53,-75.431
6198.20,-76.779
6198.87,-77.303
6199.54,-77.572
6200.22,-75.938
6200.89,-76.813
6201.56,-77.095
6202.24,-76.018
6202.91,-77.613
6203.58,-77.736
6204.25,-75.276
6204.93,-77.057
6205.60,-77.398
6206.27,-76.888
6206.95,-75.983
6207.62,-76.995
6208.29,-77.045
6208.96,-74.829
6209.64,-78.394
6210.31,-76.173
6210.98,-76.790
6211.66,-77.071
6212.33,-76.829
6213.00,-77.155
6213.67,-77.595
6214.35,-76.718
6215.02,-76.817
6215.69,-75.951
6216.37,-76.178
6217.04,-78.025
6217.71,-76.718
6218.39,-78.233
6219.06,-76.187
6219.73,-75.006
6220.40,-76.117
6221.08,-76.060
6221.75,-75.763
6222.42,-76.800
6223.10,-77.973
6223.77,-76.757
6224.44,-77.198
6225.11,-76.626
6225.79,-76.535
6226.46,-76.449
6227.13,-74.551
6227.81,-76.651
6228.48,-75.101
6229.15,-75.844
6229.82,-76.299
6230.50,-77.660
6231.17,-77.337
6231.84,-77.795
6232.52,-75.878
6233.19,-76.540
6233.86,-75.611
6234.54,-77.298
6235.21,-75.838
6235.88,-76.884
6236.55,-76.432
6237.23,-75.339
6237.90,-74.937
6238.57,-75.801
6239.25,-75.210
6239.92,-74.858
6240.59,-76.697
6241.26,-78.007
6241.94,-76.272
6242.61,-75.827
6243.28,-75.643
6243.96,-76.148
6244.63,-77.199
6245.30,-77.277
6245.97,-75.980
6246.65,-76.145
6247.32,-75.679
6247.99,-76.326
6248.67,-76.225
6249.34,-76.568
6250.01,-74.735
6250.69,-75.868
6251.36,-76.355
6252.03,-74.859
6252.70,-76.462
6253.38,-77.138
6254.05,-76.491
6254.72,-76.021
6255.40,-75.258
6256.07,-75.873
6256.74,-76.897
6257.41,-75.886
6258.09,-75.978
6258.76,-77.438
6259.43,-75.492
6260.11,-76.938
6260.78,-76.416
6261.45,-75.894
6262.12,-75.975
6262.80,-76.505
6263.47,-76.724
6264.14,-75.525
6264.82,-75.923
6265.49,-76.433
6266.16,-76.755
6266.84,-75.022
6267.51,-77.557
6268.18,-76.681
6268.85,-74.571
6269.53,-74.083
6270.20,-75.290
6270.87,-75.472
6271.55,-76.292
6272.22,-75.851
6272.89,-75.653
6273.56,-76.419
6274.24,-75.512
6274.91,-76.243
6275.58,-76.145
6276.26,-75.507
6276.93,-75.730
6277.60,-76.230
6278.27,-75.055
6278.95,-75.975
6279.62,-75.825
6280.29,-76.608
6280.97,-76.507
6281.64,-76.984
6282.31,-75.409
6282.98,-75.394
6283.66,-75.739
6284.33,-75.728
6285.00,-74.866
6285.68,-76.119
6286.35,-76.703
6287.02,-75.419
6287.70,-75.800
6288.37,-77.048
6289.04,-75.033
6289.71,-75.478
6290.39,-74.851
6291.06,-76.007
6291.73,-74.098
6292.41,-75.277
6293.08,-75.962
6293.75,-74.829
6294.42,-78.159
6295.10,-76.198
6295.77,-74.942
6296.44,-76.251
6297.12,-75.236
6297.79,-76.585
6298.46,-75.208
6299.13,-73.885
6299.81,-75.121
6300.48,-76.043
6301.15,-74.492
6301.83,-76.100
6302.50,-75.905
6303.17,-74.242
6303.85,-74.243
6304.52,-74.811
6305.19,-75.672
6305.86,-75.114
6306.54,-76.820
6307.21,-74.764
6307.88,-75.632
6308.56,-75.186
6309.23,-73.675
6309.90,-73.502
6310.57,-75.116
6311.25,-75.569
6311.92,-75.710
6312.59,-75.215
6313.27,-75.525
6313.94,-74.542
6314.61,-75.565
6315.28,-74.917
6315.96,-74.994
6316.63,-75.695
6317.30,-74.422
6317.98,-74.914
6318.65,-75.844
6319.32,-74.825
6320.00,-75.290
6320.67,-74.653
6321.34,-74.356
6322.01,-74.932
6322.69,-74.479
6323.36,-74.597
6324.03,-74.644
6324.71,-73.937
6325.38,-74.779
6326.05,-74.291
6326.72,-74.733
6327.40,-76.471
6328.07,-75.954
6328.74,-74.546
6329.42,-74.289
6330.09,-75.270
6330.76,-73.809
6331.43,-74.339
6332.11,-75.118
6332.78,-75.434
6333.45,-74.175
6334.13,-73.798
6334.80,-75.479
6335.47,-73.666
6336.15,-74.325
6336.82,-74.568
6337.49,-73.355
6338.16,-73.517
6338.84,-73.336
6339.51,-74.518
6340.18,-73.988
6340.86,-74.307
6341.53,-74.972
6342.20,-75.095
6342.87,-74.305
6343.55,-74.812
6344.22,-73.913
6344.89,-72.998
6345.57,-74.862
6346.24,-74.963
6346.91,-73.748
6347.58,-73.230
6348.26,-74.367
6348.93,-73.296
6349.60,-73.324
6350.28,-74.579
6350.95,-73.743
6351.62,-73.805
6352.29,-72.066
6352.97,-73.276
6353.64,-74.139
6354.31,-73.787
6354.99,-72.508
6355.66,-73.180
6356.33,-73.386
6357.01,-73.451
6357.68,-73.132
6358.35,-74.653
6359.02,-72.941
6359.70,-73.602
6360.37,-74.682
6361.04,-72.802
6361.72,-72.974
6362.39,-72.822
6363.06,-72.560
6363.73,-74.660
6364.41,-72.909
6365.08,-72.764
6365.75,-71.933
6366.43,-71.615
6367.10,-73.478
6367.77,-73.005
6368.44,-71.778
6369.12,-72.663
6369.79,-73.628
6370.46,-72.269
6371.14,-71.652
6371.81,-73.889
6372.48,-72.693
6373.16,-72.680
6373.83,-72.726
6374.50,-72.883
6375.17,-70.303
6375.85,-71.808
6376.52,-70.941
6377.19,-73.708
6377.87,-72.628
6378.54,-72.715
6379.21,-73.482
6379.88,-73.847
6380.56,-72.799
6381.23,-72.352
6381.90,-71.662
6382.58,-72.678
6383.25,-72.357
6383.92,-71.431
6384.59,-72.624
6385.27,-71.304
6385.94,-72.028
6386.61,-72.068
6387.29,-72.209
6387.96,-72.743
6388.63,-70.398
6389.31,-71.489
6389.98,-71.196
6390.65,-71.049
6391.32,-70.706
6392.00,-71.342
6392.67,-71.270
6393.34,-71.585
6394.02,-71.922
6394.69,-69.654
6395.36,-72.173
6396.03,-72.860
6396.71,-72.372
6397.38,-71.326
6398.05,-72.090
6398.73,-70.678
6399.40,-72.276
6400.07,-70.731
6400.74,-70.111
6401.42,-71.527
6402.09,-71.054
6402.76,-70.143
6403.44,-71.395
6404.11,-71.706
6404.78,-70.134
6405.46,-69.349
6406.13,-71.610
6406.80,-70.895
6407.47,-71.562
6408.15,-70.630
6408.82,-69.223
6409.49,-69.004
6410.17,-70.861
6410.84,-70.353
6411.51,-69.762
6412.18,-70.018
6412.86,-70.650
6413.53,-71.879
6414.20,-70.383
6414.88,-69.900
6415.55,-71.174
6416.22,-70.312
6416.89,-68.931
6417.57,-69.754
6418.24,-69.151
6418.91,-69.974
6419.59,-69.917
6420.26,-69.742
6420.93,-70.234
6421.60,-68.958
6422.28,-70.110
6422.95,-68.219
6423.62,-69.778
6424.30,-68.494
6424.97,-69.417
6425.64,-68.491
6426.32,-69.410
6426.99,-69.151
6427.66,-69.601
6428.33,-69.358
6429.01,-69.002
6429.68,-68.479
6430.35,-69.113
6431.03,-70.155
6431.70,-69.219
6432.37,-68.601
6433.04,-70.752
6433.72,-68.625
6434.39,-67.932
6435.06,-67.425
6435.74,-67.180
6436.41,-68.285
6437.08,-68.615
6437.75,-67.716
6438.43,-68.866
6439.10,-68.894
6439.77,-69.154
6440.45,-68.338
6441.12,-67.213
6441.79,-68.093
6442.47,-69.075
6443.14,-68.496
6443.81,-69.578
6444.48,-69.133
6445.16,-68.025
6445.83,-67.202
6446.50,-66.687
6447.18,-68.535
6447.85,-67.205
6448.52,-67.049
6449.19,-66.752
6449.87,-67.402
6450.54,-68.739
6451.21,-68.522
6451.89,-68.378
6452.56,-68.558
6453.23,-68.133
6453.90,-68.111
6454.58,-66.267
6455.25,-67.354
6455.92,-68.025
6456.60,-67.725
6457.27,-67.374
6457.94,-65.973
6458.62,-68.834
6459.29,-66.629
6459.96,-67.565
6460.63,-67.258
6461.31,-67.224
6461.98,-66.503
6462.65,-67.300
6463.33,-66.783
6464.00,-66.494
6464.67,-67.591
6465.34,-66.523
6466.02,-66.874
6466.69,-66.052
6467.36,-66.991
6468.04,-67.982
6468.71,-67.235
6469.38,-67.190
6470.05,-66.868
6470.73,-68.279
6471.40,-66.979
6472.07,-68.041
6472.75,-68.269
6473.42,-67.826
6474.09,-67.125
6474.77,-67.277
6475.44,-66.626
6476.11,-64.915
6476.78,-66.324
6477.46,-66.384
6478.13,-66.640
6478.80,-66.352
6479.48,-66.128
6480.15,-66.765
6480.82,-66.628
6481.49,-67.436
6482.17,-67.248
6482.84,-67.051
6483.51,-69.326
6484.19,-67.143
6484.86,-66.667
6485.53,-67.421
6486.20,-66.757
6486.88,-66.288
6487.55,-68.559
6488.22,-66.452
6488.90,-66.763
6489.57,-68.231
6490.24,-67.363
6490.91,-68.449
6491.59,-68.002
6492.26,-67.503
6492.93,-66.645
6493.61,-68.311
6494.28,-65.801
6494.95,-67.537
6495.63,-67.813
6496.30,-66.519
6496.97,-66.700
6497.64,-67.667
6498.32,-67.671
6498.99,-68.132
6499.66,-66.096
6500.34,-67.648
6501.01,-67.230
6501.68,-69.214
6502.35,-67.143
6503.03,-67.612
6503.70,-67.132
6504.37,-67.074
6505.05,-68.491
6505.72,-68.774
6506.39,-68.314
6507.06,-67.231
6507.74,-69.264
6508.41,-69.425
6509.08,-68.655
6509.76,-68.733
6510.43,-68.234
6511.10,-69.967
6511.78,-67.787
6512.45,-69.723
6513.12,-69.335
6513.79,-68.364
6514.47,-68.583
6515.14,-70.288
6515.81,-69.230
6516.49,-68.183
6517.16,-68.725
6517.83,-70.625
6518.50,-70.706
6519.18,-68.381
6519.85,-68.404
6520.52,-70.840
6521.20,-71.082
6521.87,-68.493
6522.54,-68.317
6523.21,-70.263
6523.89,-70.223
6524.56,-70.556
6525.23,-70.115
6525.91,-70.407
6526.58,-69.667
6527.25,-70.109
6527.93,-70.894
6528.60,-68.337
6529.27,-69.198
6529.94,-69.293
6530.62,-70.599
6531.29,-70.772
6531.96,-69.279
6532.64,-69.771
6533.31,-70.343
6533.98,-69.758
6534.65,-70.975
6535.33,-71.494
6536.00,-70.155
6536.67,-71.018
6537.35,-69.763
6538.02,-70.004
6538.69,-71.116
6539.36,-71.804
6540.04,-70.094
6540.71,-70.849
6541.38,-70.516
6542.06,-70.367
6542.73,-71.715
6543.40,-71.128
6544.08,-70.566
6544.75,-71.598
6545.42,-70.582
6546.09,-70.203
6546.77,-70.481
6547.44,-69.477
6548.11,-70.320
6548.79,-70.670
6549.46,-70.775
6550.13,-71.008
6550.80,-71.722
6551.48,-71.808
6552.15,-70.807
6552.82,-72.854
6553.50,-70.539
6554.17,-71.845
6554.84,-71.649
6555.51,-72.801
6556.19,-72.190
6556.86,-71.399
6557.53,-71.819
6558.21,-73.274
6558.88,-71.320
6559.55,-71.533
6560.22,-72.945
6560.90,-72.992
6561.57,-72.401
6562.24,-71.913
6562.92,-71.587
6563.59,-72.548
6564.26,-71.828
6564.94,-72.729
6565.61,-73.500
6566.28,-73.468
6566.95,-72.805
6567.63,-74.510
6568.30,-73.333
6568.97,-73.056
6569.65,-71.306
6570.32,-72.388
6570.99,-73.349
6571.66,-73.875
6572.34,-73.897
6573.01,-73.608
6573.68,-72.507
6574.36,-73.211
6575.03,-73.186
6575.70,-72.897
6576.37,-73.070
6577.05,-74.222
6577.72,-72.748
6578.39,-73.574
6579.07,-73.291
6579.74,-73.832
6580.41,-74.336
6581.09,-73.478
6581.76,-74.868
6582.43,-73.738
6583.10,-74.139
6583.78,-73.374
6584.45,-73.104
6585.12,-73.896
6585.80,-74.614
6586.47,-74.794
6587.14,-73.601
6587.81,-75.455
6588.49,-73.459
6589.16,-73.537
6589.83,-74.822
6590.51,-75.463
6591.18,-75.059
6591.85,-75.001
6592.52,-74.387
6593.20,-74.338
6593.87,-74.412
6594.54,-76.943
6595.22,-74.972
6595.89,-74.807
6596.56,-75.218
6597.24,-74.595
6597.91,-74.702
6598.58,-74.358
6599.25,-76.555
6599.93,-75.336
6600.60,-75.742
6601.27,-76.049
6601.95,-74.351
6602.62,-75.744
6603.29,-76.733
6603.96,-75.486
6604.64,-75.388
6605.31,-74.714
6605.98,-75.039
6606.66,-74.964
6607.33,-75.085
6608.00,-73.340
6608.67,-74.989
6609.35,-75.087
6610.02,-75.947
6610.69,-75.567
6611.37,-74.928
6612.04,-76.270
6612.71,-75.289
6613.39,-76.652
6614.06,-75.767
6614.73,-76.102
6615.40,-75.114
6616.08,-74.059
6616.75,-75.944
6617.42,-75.854
6618.10,-76.572
6618.77,-77.186
6619.44,-75.711
6620.11,-77.091
6620.79,-76.040
6621.46,-76.313
6622.13,-76.165
6622.81,-75.294
6623.48,-75.988
6624.15,-75.744
6624.82,-74.972
6625.50,-76.372
6626.17,-77.054
6626.84,-76.707
6627.52,-76.824
6628.19,-76.729
6628.86,-77.148
6629.53,-75.674
6630.21,-75.760
6630.88,-76.532
6631.55,-77.107
6632.23,-76.680
6632.90,-78.012
6633.57,-77.654
6634.25,-78.270
6634.92,-77.041
6635.59,-76.317
6636.26,-76.667
6636.94,-77.888
6637.61,-78.367
6638.28,-77.412
6638.96,-77.738
6639.63,-78.745
6640.30,-78.069
6640.97,-76.692
6641.65,-76.703
6642.32,-77.100
6642.99,-77.035
6643.67,-76.512
6644.34,-79.116
6645.01,-76.841
6645.68,-78.372
6646.36,-75.458
6647.03,-77.750
6647.70,-77.875
6648.38,-76.400
6649.05,-77.115
6649.72,-76.913
6650.40,-76.813
6651.07,-77.128
6651.74,-77.233
6652.41,-78.138
6653.09,-76.716
6653.76,-78.872
6654.43,-77.401
6655.11,-77.008
6655.78,-78.529
6656.45,-79.069
6657.12,-77.531
6657.80,-77.637
6658.47,-76.543
6659.14,-77.567
6659.82,-77.787
6660.49,-77.858
6661.16,-77.622
6661.83,-79.239
6662.51,-77.512
6663.18,-77.199
6663.85,-77.603
6664.53,-77.625
6665.20,-77.862
6665.87,-78.194
6666.55,-79.164
6667.22,-78.264
6667.89,-78.420
6668.56,-77.315
6669.24,-77.879
6669.91,-77.777
6670.58,-77.135
6671.26,-77.295
6671.93,-79.189
6672.60,-77.396
6673.27,-78.516
6673.95,-77.370
6674.62,-77.954
6675.29,-78.153
6675.97,-78.380
6676.64,-79.120
6677.31,-78.383
6677.98,-77.399
6678.66,-77.432
6679.33,-78.024
6680.00,-77.666
6680.68,-77.182
6681.35,-77.557
6682.02,-77.303
6682.70,-77.765
6683.37,-77.322
6684.04,-78.667
6684.71,-77.587
6685.39,-80.588
6686.06,-79.810
6686.73,-80.036
6687.41,-78.238
6688.08,-78.740
6688.75,-78.753
6689.42,-77.445
6690.10,-79.030
6690.77,-79.259
6691.44,-79.560
6692.12,-78.439
6692.79,-78.709
6693.46,-79.189
6694.13,-79.186
6694.81,-78.034
6695.48,-78.690
6696.15,-78.967
6696.83,-80.016
6697.50,-78.561
6698.17,-79.291
6698.84,-78.941
6699.52,-78.990
6700.19,-78.494
6700.86,-79.603
6701.54,-78.493
6702.21,-77.624
6702.88,-78.209
6703.56,-78.102
6704.23,-77.186
6704.90,-79.140
6705.57,-77.929
6706.25,-79.094
6706.92,-78.639
6707.59,-77.858
6708.27,-78.635
6708.94,-79.168
6709.61,-80.614
6710.28,-79.781
6710.96,-78.507
6711.63,-78.698
6712.30,-80.209
6712.98,-78.895
6713.65,-80.104
6714.32,-79.104
6714.99,-79.555
6715.67,-79.243
6716.34,-80.097
6717.01,-79.233
6717.69,-80.008
6718.36,-79.416
6719.03,-79.403
6719.71,-79.993
6720.38,-79.164
6721.05,-79.381
6721.72,-78.866
6722.40,-79.113
6723.07,-80.265
6723.74,-79.875
6724.42,-79.061
6725.09,-80.834
6725.76,-80.643
6726.43,-79.382
6727.11,-79.990
6727.78,-80.537
6728.45,-79.521
6729.13,-79.434
6729.80,-80.216
6730.47,-78.643
6731.14,-79.541
6731.82,-80.086
6732.49,-80.075
6733.16,-80.264
6733.84,-80.588
6734.51,-79.254
6735.18,-79.506
6735.86,-80.616
6736.53,-79.348
6737.20,-79.229
6737.87,-79.870
6738.55,-80.700
6739.22,-80.487
6739.89,-79.140
6740.57,-82.368
6741.24,-79.587
6741.91,-78.965
6742.58,-79.761
6743.26,-79.915
6743.93,-80.639
6744.60,-77.608
6745.28,-79.355
6745.95,-79.717
6746.62,-79.888
6747.29,-79.897
6747.97,-79.945
6748.64,-80.660
6749.31,-80.798
6749.99,-79.997
6750.66,-79.508
6751.33,-79.664
6752.01,-78.238
6752.68,-80.808
6753.35,-79.924
6754.02,-78.895
6754.70,-79.228
6755.37,-78.675
6756.04,-78.722
6756.72,-78.982
6757.39,-80.159
6758.06,-79.506
6758.73,-79.128
6759.41,-80.417
6760.08,-80.180
6760.75,-80.466
6761.43,-79.580
6762.10,-79.914
6762.77,-80.017
6763.44,-78.601
6764.12,-80.357
6764.79,-79.696
6765.46,-81.108
6766.14,-80.803
6766.81,-79.308
6767.48,-79.409
6768.15,-79.482
6768.83,-78.491
6769.50,-79.054
6770.17,-79.065
6770.85,-79.911
6771.52,-78.617
6772.19,-78.908
6772.87,-79.115
6773.54,-79.700
6774.21,-79.607
6774.88,-78.772
6775.56,-79.374
6776.23,-79.239
6776.90,-79.980
6777.58,-80.333
6778.25,-79.964
6778.92,-79.376
6779.59,-80.213
6780.27,-79.889
6780.94,-81.455
6781.61,-79.963
6782.29,-80.482
6782.96,-78.921
6783.63,-80.977
6784.30,-79.516
6784.98,-79.332
6785.65,-82.019
6786.32,-80.812
6787.00,-79.987
6787.67,-80.140
6788.34,-80.189
6789.02,-79.356
6789.69,-79.669
6790.36,-79.126
6791.03,-78.128
6791.71,-80.546
6792.38,-80.133
6793.05,-81.158
6793.73,-80.484
6794.40,-80.056
6795.07,-79.491
6795.74,-79.806
6796.42,-79.162
6797.09,-78.243
6797.76,-79.373
6798.44,-80.198
6799.11,-78.546
6799.78,-79.672
6800.45,-80.260
6801.13,-81.437
6801.80,-80.649
6802.47,-80.830
6803.15,-79.479
6803.82,-80.760
6804.49,-80.692
6805.17,-79.451
6805.84,-80.200
6806.51,-79.539
6807.18,-79.094
6807.86,-80.076
6808.53,-80.463
6809.20,-78.317
6809.88,-79.765
6810.55,-80.729
6811.22,-80.776
6811.89,-79.927
6812.57,-79.334
6813.24,-78.456
6813.91,-78.090
6814.59,-80.113
6815.26,-79.296
6815.93,-80.405
6816.60,-79.216
6817.28,-81.074
6817.95,-79.081
6818.62,-81.349
6819.30,-79.650
6819.97,-79.245
6820.64,-79.994
6821.32,-81.677
6821.99,-79.093
6822.66,-79.210
6823.33,-80.355
6824.01,-80.074
6824.68,-79.423
6825.35,-78.932
6826.03,-79.229
6826.70,-78.732
6827.37,-80.693
6828.04,-80.674
6828.72,-79.972
6829.39,-79.735
6830.06,-79.284
6830.74,-79.024
6831.41,-79.718
6832.08,-80.350
6832.75,-79.756
6833.43,-78.324
6834.10,-78.386
6834.77,-78.482
6835.45,-80.043
6836.12,-79.348
6836.79,-80.841
6837.46,-79.384
6838.14,-78.858
6838.81,-79.145
6839.48,-79.601
6840.16,-79.466
6840.83,-79.170
6841.50,-78.460
6842.18,-78.394
6842.85,-79.475
6843.52,-79.486
6844.19,-80.783
6844.87,-80.303
6845.54,-79.082
6846.21,-80.136
6846.89,-79.340
6847.56,-79.997
6848.23,-79.703
6848.90,-78.779
6849.58,-80.654
6850.25,-79.509
6850.92,-78.461
6851.60,-80.512
6852.27,-78.621
6852.94,-79.223
6853.61,-77.831
6854.29,-79.556
6854.96,-78.348
6855.63,-76.991
6856.31,-79.208
6856.98,-79.569
6857.65,-78.351
6858.33,-78.573
6859.00,-77.639
6859.67,-80.158
6860.34,-80.247
6861.02,-80.144
6861.69,-80.495
6862.36,-78.365
6863.04,-79.037
6863.71,-79.250
6864.38,-78.860
6865.05,-78.681
6865.73,-79.827
6866.40,-79.121
6867.07,-78.384
6867.75,-77.711
6868.42,-79.015
6869.09,-78.729
6869.76,-79.107
6870.44,-80.140
6871.11,-80.280
6871.78,-79.483
6872.46,-77.944
6873.13,-78.537
6873.80,-78.476
6874.48,-78.949
6875.15,-79.168
6875.82,-77.564
6876.49,-79.239
6877.17,-79.862
6877.84,-78.398
6878.51,-78.847
6879.19,-78.547
6879.86,-78.010
6880.53,-79.269
6881.20,-78.257
6881.88,-79.924
6882.55,-79.154
6883.22,-79.326
6883.90,-79.218
6884.57,-79.381
6885.24,-78.843
6885.91,-78.871
6886.59,-78.929
6887.26,-79.031
6887.93,-79.677
6888.61,-78.521
6889.28,-79.127
6889.95,-78.202
6890.62,-77.995
6891.30,-79.332
6891.97,-78.900
6892.64,-78.332
6893.32,-78.992
6893.99,-79.261
6894.66,-78.011
6895.34,-77.302
6896.01,-77.763
6896.68,-78.239
6897.35,-77.767
6898.03,-78.334
6898.70,-76.948
6899.37,-77.571
6900.05,-78.246
6900.72,-78.296
6901.39,-77.660
6902.06,-78.805
6902.74,-78.519
6903.41,-78.356
6904.08,-80.071
6904.76,-77.561
6905.43,-77.955
6906.10,-78.683
6906.77,-77.556
6907.45,-76.961
6908.12,-78.496
6908.79,-79.068
6909.47,-76.754
6910.14,-77.125
6910.81,-77.265
6911.49,-77.162
6912.16,-77.813
6912.83,-77.688
6913.50,-78.169
6914.18,-77.456
6914.85,-77.802
6915.52,-76.976
6916.20,-77.775
6916.87,-79.306
6917.54,-76.328
6918.21,-78.162
6918.89,-78.425
6919.56,-78.396
6920.23,-77.037
6920.91,-77.475
6921.58,-77.044
6922.25,-79.159
6922.92,-76.554
6923.60,-76.302
6924.27,-76.340
6924.94,-76.336
6925.62,-77.039
6926.29,-76.270
6926.96,-77.221
6927.64,-76.640
6928.31,-78.420
6928.98,-76.534
6929.65,-75.821
6930.33,-75.972
6931.00,-75.848
6931.67,-77.081
6932.35,-76.221
6933.02,-76.065
6933.69,-75.639
6934.36,-77.652
6935.04,-75.995
6935.71,-76.312
6936.38,-75.538
6937.06,-76.504
6937.73,-76.608
6938.40,-77.187
6939.07,-77.857
6939.75,-75.895
6940.42,-77.643
6941.09,-77.008
6941.77,-76.337
6942.44,-77.538
6943.11,-76.094
6943.79,-77.371
6944.46,-76.050
6945.13,-76.066
6945.80,-75.242
6946.48,-75.747
6947.15,-76.139
6947.82,-75.777
6948.50,-76.716
6949.17,-75.824
6949.84,-75.672
6950.51,-75.570
6951.19,-75.739
6951.86,-76.449
6952.53,-77.584
6953.21,-76.615
6953.88,-74.969
6954.55,-75.629
6955.22,-75.091
6955.90,-76.552
6956.57,-74.704
6957.24,-76.316
6957.92,-75.549
6958.59,-75.716
6959.26,-74.634
6959.93,-77.566
6960.61,-75.676
6961.28,-75.285
6961.95,-74.975
6962.63,-75.894
6963.30,-74.517
6963.97,-75.443
6964.65,-75.761
6965.32,-75.551
6965.99,-75.705
6966.66,-74.957
6967.34,-74.859
6968.01,-74.721
6968.68,-76.001
6969.36,-76.434
6970.03,-73.958
6970.70,-74.266
6971.37,-75.335
6972.05,-75.067
6972.72,-75.651
6973.39,-75.581
6974.07,-75.569
6974.74,-74.966
6975.41,-75.735
6976.08,-74.497
6976.76,-75.005
6977.43,-75.191
6978.10,-74.805
6978.78,-74.791
6979.45,-73.796
6980.12,-73.595
6980.80,-74.695
6981.47,-74.822
6982.14,-75.185
6982.81,-74.344
6983.49,-71.732
6984.16,-73.496
6984.83,-73.813
6985.51,-75.822
6986.18,-74.535
6986.85,-74.103
6987.52,-73.636
6988.20,-75.283
6988.87,-73.676
6989.54,-74.147
6990.22,-72.720
6990.89,-73.429
6991.56,-73.561
6992.23,-72.397
6992.91,-73.851
6993.58,-72.183
6994.25,-72.576
6994.93,-73.369
6995.60,-74.205
6996.27,-72.147
6996.95,-72.723
6997.62,-74.635
6998.29,-73.077
6998.96,-73.990
6999.64,-73.724
7000.31,-74.789
7000.98,-73.538
7001.66,-71.770
7002.33,-73.537
7003.00,-72.984
7003.67,-71.550
7004.35,-72.685
7005.02,-72.787
7005.69,-72.855
7006.37,-72.021
7007.04,-72.550
7007.71,-72.532
7008.38,-71.495
7009.06,-72.045
7009.73,-71.676
7010.40,-73.293
7011.08,-72.614
7011.75,-72.136
7012.42,-73.056
7013.10,-73.401
7013.77,-72.294
7014.44,-71.565
7015.11,-72.308
7015.79,-71.536
7016.46,-73.835
7017.13,-72.914
7017.81,-71.557
7018.48,-71.535
7019.15,-72.300
7019.82,-73.573
7020.50,-73.293
7021.17,-71.730
7021.84,-71.786
7022.52,-72.749
7023.19,-72.512
7023.86,-72.397
7024.53,-72.288
7025.21,-73.569
7025.88,-72.261
7026.55,-72.025
7027.23,-72.138
7027.90,-70.912
7028.57,-69.527
7029.24,-68.706
7029.92,-71.938
7030.59,-72.608
7031.26,-74.042
7031.94,-72.304
7032.61,-71.965
7033.28,-70.895
7033.96,-70.594
7034.63,-71.986
7035.30,-70.776
7035.97,-69.921
7036.65,-71.429
7037.32,-70.742
7037.99,-70.207
7038.67,-70.194
7039.34,-71.860
7040.01,-72.014
7040.68,-71.792
7041.36,-72.061
7042.03,-73.113
7042.70,-70.781
7043.38,-72.171
7044.05,-71.693
7044.72,-70.303
7045.39,-70.553
7046.07,-70.739
7046.74,-71.907
7047.41,-70.972
7048.09,-69.886
7048.76,-69.684
7049.43,-71.166
7050.11,-71.484
7050.78,-70.906
7051.45,-71.495
7052.12,-71.016
7052.80,-70.771
7053.47,-71.343
7054.14,-70.916
7054.82,-70.511
7055.49,-72.762
7056.16,-71.807
7056.83,-71.009
7057.51,-69.265
7058.18,-71.296
7058.85,-71.268
7059.53,-71.132
7060.20,-71.328
7060.87,-71.068
7061.54,-70.071
7062.22,-71.773
7062.89,-71.688
7063.56,-70.973
7064.24,-71.524
7064.91,-71.650
7065.58,-71.642
7066.26,-72.141
7066.93,-69.713
7067.60,-69.782
7068.27,-70.874
7068.95,-70.704
7069.62,-70.596
7070.29,-70.417
7070.97,-70.771
7071.64,-71.097
7072.31,-71.347
7072.98,-70.844
7073.66,-70.115
7074.33,-69.927
7075.00,-71.946
7075.68,-73.103
7076.35,-71.298
7077.02,-71.456
7077.69,-72.010
7078.37,-72.559
7079.04,-72.315
7079.71,-72.884
7080.39,-72.474
7081.06,-73.378
7081.73,-71.854
7082.41,-70.971
7083.08,-71.798
7083.75,-72.239
7084.42,-71.477
7085.10,-71.942
7085.77,-71.966
7086.44,-72.443
7087.12,-71.028
7087.79,-71.421
7088.46,-71.529
7089.13,-71.066
7089.81,-71.827
7090.48,-71.310
7091.15,-70.561
7091.83,-72.207
7092.50,-73.260
7093.17,-73.910
7093.84,-73.340
7094.52,-72.130
7095.19,-70.694
7095.86,-72.227
7096.54,-71.661
7097.21,-72.182
7097.88,-72.975
7098.55,-73.198
7099.23,-73.763
7099.90,-72.865
7100.57,-72.702
7101.25,-73.427
7101.92,-72.845
7102.59,-71.731
7103.27,-73.603
7103.94,-72.895
7104.61,-71.101
7105.28,-73.388
7105.96,-72.481
7106.63,-73.191
7107.30,-73.144
7107.98,-73.244
7108.65,-72.811
7109.32,-72.041
7109.99,-72.825
7110.67,-72.747
7111.34,-74.129
7112.01,-72.945
7112.69,-73.413
7113.36,-73.081
7114.03,-74.022
7114.70,-74.909
7115.38,-73.498
7116.05,-72.425
7116.72,-73.573
7117.40,-73.776
7118.07,-74.698
7118.74,-74.160
7119.42,-74.245
7120.09,-73.433
7120.76,-73.933
7121.43,-74.164
7122.11,-75.751
7122.78,-74.685
7123.45,-73.586
7124.13,-75.157
7124.80,-74.893
7125.47,-75.064
7126.14,-73.052
7126.82,-73.026
7127.49,-74.186
7128.16,-75.339
7128.84,-74.817
7129.51,-73.754
7130.18,-74.899
7130.85,-74.530
7131.53,-75.578
7132.20,-75.516
7132.87,-74.867
7133.55,-74.095
7134.22,-75.490
7134.89,-75.384
7135.57,-74.816
7136.24,-74.123
7136.91,-74.221
7137.58,-75.253
7138.26,-75.630
7138.93,-76.358
7139.60,-75.619
7140.28,-74.698
7140.95,-76.036
7141.62,-74.294
7142.29,-74.908
7142.97,-75.972
7143.64,-73.755
7144.31,-76.525
7144.99,-76.298
7145.66,-76.591
7146.33,-77.191
7147.00,-76.185
7147.68,-75.421
7148.35,-76.362
7149.02,-75.249
7149.70,-76.105
7150.37,-76.479
7151.04,-75.504
7151.72,-75.951
7152.39,-77.015
7153.06,-76.804
7153.73,-76.331
7154.41,-76.308
7155.08,-76.820
7155.75,-76.635
7156.43,-76.947
7157.10,-75.286
7157.77,-76.352
7158.44,-75.121
7159.12,-78.282
7159.79,-77.360
7160.46,-76.713
7161.14,-76.177
7161.81,-76.549
7162.48,-76.807
7163.15,-76.123
7163.83,-77.489
7164.50,-76.656
7165.17,-77.924
7165.85,-77.607
7166.52,-77.609
7167.19,-77.220
7167.86,-77.487
7168.54,-77.260
7169.21,-78.721
7169.88,-77.466
7170.56,-78.303
7171.23,-78.096
7171.90,-77.599
7172.58,-77.648
7173.25,-77.657
7173.92,-76.953
7174.59,-78.634
7175.27,-78.574
7175.94,-78.084
7176.61,-78.417
7177.29,-79.226
7177.96,-76.225
7178.63,-79.313
7179.30,-78.650
7179.98,-77.060
7180.65,-77.414
7181.32,-77.850
7182.00,-78.441
7182.67,-79.491
7183.34,-77.911
7184.01,-78.426
7184.69,-77.725
7185.36,-77.738
7186.03,-77.317
7186.71,-78.771
7187.38,-77.496
7188.05,-77.601
7188.73,-78.555
7189.40,-80.508
7190.07,-77.886
7190.74,-77.591
7191.42,-77.881
7192.09,-78.286
7192.76,-78.736
7193.44,-78.260
7194.11,-78.852
7194.78,-78.791
7195.45,-78.555
7196.13,-79.572
7196.80,-79.448
7197.47,-78.775
7198.15,-78.825
7198.82,-79.438
7199.49,-77.934
7200.16,-78.641
7200.84,-77.876
7201.51,-78.489
7202.18,-78.669
7202.86,-77.502
7203.53,-80.414
7204.20,-77.976
7204.88,-78.869
7205.55,-78.316
7206.22,-79.603
7206.89,-79.019
7207.57,-79.078
7208.24,-79.335
7208.91,-78.360
7209.59,-78.411
7210.26,-78.740
7210.93,-79.197
7211.60,-78.463
7212.28,-78.116
7212.95,-79.422
7213.62,-80.363
7214.30,-79.392
7214.97,-81.055
7215.64,-79.371
7216.31,-80.330
7216.99,-78.748
7217.66,-79.096
7218.33,-79.659
7219.01,-78.753
7219.68,-79.990
7220.35,-80.087
7221.03,-79.843
7221.70,-80.874
7222.37,-79.581
7223.04,-78.754
7223.72,-79.022
7224.39,-79.226
7225.06,-78.170
7225.74,-79.180
7226.41,-80.743
7227.08,-80.036
7227.75,-80.376
7228.43,-80.391
7229.10,-80.881
7229.77,-79.733
7230.45,-79.934
7231.12,-80.589
7231.79,-80.767
7232.46,-80.762
7233.14,-79.048
7233.81,-81.087
7234.48,-80.493
7235.16,-80.049
7235.83,-80.877
7236.50,-80.324
7237.17,-78.903
7237.85,-81.029
7238.52,-79.791
7239.19,-79.292
7239.87,-79.452
7240.54,-80.288
7241.21,-79.396
7241.89,-78.960
7242.56,-79.037
7243.23,-78.412
7243.90,-79.429
7244.58,-80.311
7245.25,-79.705
7245.92,-81.059
7246.60,-80.765
7247.27,-79.111
7247.94,-79.949
7248.61,-80.504
7249.29,-79.733
7249.96,-79.197
7250.63,-80.290
7251.31,-80.475
7251.98,-81.831
7252.65,-81.252
7253.32,-79.560
7254.00,-80.225
7254.67,-79.317
7255.34,-80.520
7256.02,-79.847
7256.69,-80.452
7257.36,-81.014
7258.04,-79.279
7258.71,-81.457
7259.38,-81.566
7260.05,-80.912
7260.73,-80.446
7261.40,-81.440
7262.07,-80.540
7262.75,-80.189
7263.42,-79.515
7264.09,-80.533
7264.76,-79.563
7265.44,-80.042
7266.11,-80.580
7266.78,-82.091
7267.46,-80.986
7268.13,-80.478
7268.80,-80.482
7269.47,-80.785
7270.15,-80.246
7270.82,-79.638
7271.49,-81.447
7272.17,-81.702
7272.84,-80.970
7273.51,-79.656
7274.19,-80.622
7274.86,-79.754
7275.53,-80.896
7276.20,-82.739
7276.88,-80.253
7277.55,-81.864
7278.22,-81.470
7278.90,-80.053
7279.57,-80.938
7280.24,-82.497
7280.91,-80.675
7281.59,-81.089
7282.26,-80.659
7282.93,-80.132
7283.61,-80.239
7284.28,-82.176
7284.95,-81.785
7285.62,-82.128
7286.30,-80.819
7286.97,-79.829
7287.64,-80.889
7288.32,-80.113
7288.99,-80.566
7289.66,-81.974
7290.34,-82.186
7291.01,-81.007
7291.68,-81.815
7292.35,-82.566
7293.03,-80.614
7293.70,-80.961
7294.37,-81.021
7295.05,-80.736
7295.72,-83.472
7296.39,-81.524
7297.06,-82.123
7297.74,-82.183
7298.41,-81.491
7299.08,-81.698
7299.76,-80.611
7300.43,-81.024
7301.10,-80.705
7301.77,-81.327
7302.45,-80.974
7303.12,-81.513
7303.79,-81.166
7304.47,-80.875
7305.14,-81.946
7305.81,-80.353
7306.48,-81.584
7307.16,-80.335
7307.83,-81.910
7308.50,-82.933
7309.18,-81.618
7309.85,-80.230
7310.52,-81.497
7311.20,-82.361
7311.87,-83.035
7312.54,-81.055
7313.21,-81.364
7313.89,-81.758
7314.56,-80.796
7315.23,-82.455
7315.91,-81.151
7316.58,-82.557
7317.25,-80.565
7317.92,-82.096
7318.60,-80.137
7319.27,-81.325
7319.94,-81.751
7320.62,-81.673
7321.29,-81.052
7321.96,-82.004
7322.63,-83.098
7323.31,-80.849
7323.98,-81.262
7324.65,-81.979
7325.33,-82.273
7326.00,-82.784
7326.67,-81.845
7327.35,-81.582
7328.02,-81.563
7328.69,-82.952
7329.36,-81.181
7330.04,-82.033
7330.71,-80.810
7331.38,-80.346
7332.06,-83.063
7332.73,-81.657
7333.40,-79.854
7334.07,-80.987
7334.75,-80.632
7335.42,-81.098
7336.09,-81.319
7336.77,-81.714
7337.44,-80.312
7338.11,-81.232
7338.78,-82.131
7339.46,-82.214
7340.13,-82.585
7340.80,-80.646
7341.48,-79.998
7342.15,-81.736
7342.82,-81.797
7343.50,-81.587
7344.17,-81.290
7344.84,-81.251
7345.51,-81.159
7346.19,-81.930
7346.86,-82.222
7347.53,-82.740
7348.21,-82.228
7348.88,-82.218
7349.55,-82.386
7350.22,-82.148
7350.90,-80.661
7351.57,-81.274
7352.24,-80.132
7352.92,-81.601
7353.59,-82.241
7354.26,-82.748
7354.93,-80.682
7355.61,-81.322
7356.28,-83.165
7356.95,-83.386
7357.63,-81.344
7358.30,-81.147
7358.97,-81.491
7359.65,-81.868
7360.32,-80.461
7360.99,-82.468
7361.66,-81.373
7362.34,-81.439
7363.01,-81.349
7363.68,-81.902
7364.36,-80.540
7365.03,-81.896
7365.70,-82.015
7366.37,-83.128
7367.05,-80.830
7367.72,-80.837
7368.39,-81.567
7369.07,-82.460
7369.74,-81.669
7370.41,-81.484
7371.08,-80.358
7371.76,-81.747
7372.43,-82.401
7373.10,-81.709
7373.78,-82.382
7374.45,-81.152
7375.12,-81.261
7375.79,-80.634
7376.47,-81.602
7377.14,-80.901
7377.81,-80.564
7378.49,-82.480
7379.16,-81.834
7379.83,-80.401
7380.51,-80.401
7381.18,-80.212
7381.85,-81.785
7382.52,-82.489
7383.20,-81.188
7383.87,-81.144
7384.54,-79.836
7385.22,-81.363
7385.89,-82.699
7386.56,-81.340
7387.23,-82.940
7387.91,-81.247
7388.58,-83.037
7389.25,-82.521
7389.93,-81.779
7390.60,-82.310
7391.27,-81.266
7391.94,-81.684
7392.62,-81.657
7393.29,-82.261
7393.96,-81.168
7394.64,-80.773
7395.31,-80.741
7395.98,-81.998
7396.66,-83.113
7397.33,-81.973
7398.00,-81.601
7398.67,-80.880
7399.35,-80.803
7400.02,-82.069
7400.69,-81.668
7401.37,-81.057
7402.04,-80.512
7402.71,-81.496
7403.38,-79.829
7404.06,-81.257
7404.73,-80.794
7405.40,-82.061
7406.08,-81.691
7406.75,-80.872
7407.42,-81.101
7408.09,-81.356
7408.77,-80.712
7409.44,-81.208
7410.11,-82.095
7410.79,-82.753
7411.46,-81.847
7412.13,-81.980
7412.81,-81.366
7413.48,-82.399
7414.15,-81.392
7414.82,-81.881
7415.50,-81.190
7416.17,-81.033
7416.84,-80.790
7417.52,-81.885
7418.19,-81.566
7418.86,-81.748
7419.53,-81.179
7420.21,-81.953
7420.88,-81.972
7421.55,-80.763
7422.23,-80.986
7422.90,-81.505
7423.57,-81.920
7424.24,-81.575
7424.92,-80.178
7425.59,-79.898
7426.26,-80.838
7426.94,-81.751
7427.61,-81.198
7428.28,-81.903
7428.96,-81.394
7429.63,-81.169
7430.30,-81.794
7430.97,-81.051
7431.65,-82.231
7432.32,-80.824
7432.99,-82.013
7433.67,-82.821
7434.34,-82.332
7435.01,-81.074
7435.68,-81.002
7436.36,-80.594
7437.03,-81.814
7437.70,-81.669
7438.38,-80.885
7439.05,-80.592
7439.72,-80.670
7440.39,-80.036
7441.07,-83.133
7441.74,-81.566
7442.41,-80.550
7443.09,-81.625
7443.76,-80.982
7444.43,-81.723
7445.10,-81.342
7445.78,-80.578
7446.45,-81.142
7447.12,-81.055
7447.80,-81.402
7448.47,-80.977
7449.14,-81.902
7449.82,-82.109
7450.49,-80.786
7451.16,-80.861
7451.83,-82.111
7452.51,-82.046
7453.18,-81.305
7453.85,-80.564
7454.53,-82.001
7455.20,-80.563
7455.87,-80.838
7456.54,-82.184
7457.22,-80.735
7457.89,-81.425
7458.56,-79.411
7459.24,-78.810
7459.91,-81.665
7460.58,-80.369
7461.25,-81.115
7461.93,-79.920
7462.60,-81.162
7463.27,-80.851
7463.95,-80.668
7464.62,-82.287
7465.29,-81.557
7465.97,-79.778
7466.64,-79.824
7467.31,-79.972
7467.98,-81.782
7468.66,-81.268
7469.33,-79.695
7470.00,-81.010
7470.68,-79.654
7471.35,-79.839
7472.02,-79.321
7472.69,-79.908
7473.37,-81.051
7474.04,-81.234
7474.71,-79.589
7475.39,-78.672
7476.06,-80.514
7476.73,-79.503
7477.40,-79.861
7478.08,-79.715
7478.75,-80.425
7479.42,-80.365
7480.10,-81.273
7480.77,-80.650
7481.44,-79.493
7482.12,-78.731
7482.79,-80.228
7483.46,-80.047
7484.13,-80.771
7484.81,-78.976
7485.48,-78.928
7486.15,-79.885
7486.83,-79.221
7487.50,-79.106
7488.17,-80.310
7488.84,-79.775
7489.52,-81.375
7490.19,-79.681
7490.86,-80.349
7491.54,-81.199
7492.21,-80.182
7492.88,-81.232
7493.55,-79.762
7494.23,-79.352
7494.90,-80.649
7495.57,-78.900
7496.25,-79.198
7496.92,-79.581
7497.59,-77.471
7498.27,-78.812
7498.94,-78.583
7499.61,-77.830
7500.28,-80.752
7500.96,-79.436
7501.63,-79.952
7502.30,-79.061
7502.98,-80.608
7503.65,-79.333
7504.32,-80.513
7504.99,-78.619
7505.67,-79.127
7506.34,-79.327
7507.01,-78.454
7507.69,-78.858
7508.36,-78.366
7509.03,-79.491
7509.70,-78.755
7510.38,-78.515
7511.05,-78.370
7511.72,-79.268
7512.40,-80.009
7513.07,-78.263
7513.74,-79.642
7514.41,-78.639
7515.09,-78.771
7515.76,-79.334
7516.43,-79.568
7517.11,-79.950
7517.78,-78.873
7518.45,-79.765
7519.13,-79.076
7519.80,-78.606
7520.47,-78.923
7521.14,-78.425
7521.82,-78.890
7522.49,-79.572
7523.16,-78.330
7523.84,-78.338
7524.51,-77.372
7525.18,-78.320
7525.85,-78.149
7526.53,-78.928
7527.20,-78.674
7527.87,-77.634
7528.55,-77.701
7529.22,-80.132
7529.89,-78.239
7530.56,-77.858
7531.24,-76.867
7531.91,-78.468
7532.58,-77.203
7533.26,-77.967
7533.93,-77.399
7534.60,-78.487
7535.28,-77.024
7535.95,-78.351
7536.62,-78.173
7537.29,-78.128
7537.97,-78.329
7538.64,-78.102
7539.31,-77.389
7539.99,-77.154
7540.66,-76.866
7541.33,-76.814
7542.00,-77.042
7542.68,-78.108
7543.35,-78.057
7544.02,-79.893
7544.70,-78.985
7545.37,-77.895
7546.04,-77.591
7546.71,-77.784
7547.39,-77.614
7548.06,-77.106
7548.73,-78.621
7549.41,-76.583
7550.08,-77.801
7550.75,-78.248
7551.43,-77.019
7552.10,-77.300
7552.77,-76.821
7553.44,-77.386
7554.12,-78.547
7554.79,-76.493
7555.46,-75.797
7556.14,-76.503
7556.81,-77.459
7557.48,-79.248
7558.15,-76.306
7558.83,-77.251
7559.50,-76.430
7560.17,-77.571
7560.85,-78.431
7561.52,-77.917
7562.19,-77.090
7562.86,-77.401
7563.54,-77.126
7564.21,-77.537
7564.88,-77.621
7565.56,-76.659
7566.23,-76.646
7566.90,-77.145
7567.58,-76.838
7568.25,-77.580
7568.92,-76.057
7569.59,-76.553
7570.27,-77.505
7570.94,-78.188
7571.61,-77.165
7572.29,-78.499
7572.96,-76.739
7573.63,-76.564
7574.30,-76.209
7574.98,-75.739
7575.65,-76.784
7576.32,-75.051
7577.00,-74.811
7577.67,-77.214
7578.34,-77.591
7579.01,-75.300
7579.69,-76.199
7580.36,-76.026
7581.03,-76.352
7581.71,-75.455
7582.38,-74.080
7583.05,-75.348
7583.72,-75.618
7584.40,-75.589
7585.07,-76.070
7585.74,-74.083
7586.42,-77.361
7587.09,-75.682
7587.76,-75.407
7588.44,-76.269
7589.11,-75.673
7589.78,-74.960
7590.45,-74.082
7591.13,-75.863
7591.80,-74.765
7592.47,-74.605
7593.15,-73.242
7593.82,-74.395
7594.49,-74.632
7595.16,-74.657
7595.84,-75.659
7596.51,-74.679
7597.18,-76.105
7597.86,-77.132
7598.53,-74.441
7599.20,-74.312
7599.87,-75.482
7600.55,-75.049
7601.22,-75.333
7601.89,-74.737
7602.57,-74.307
7603.24,-75.654
7603.91,-74.360
7604.59,-75.197
7605.26,-75.875
7605.93,-75.175
7606.60,-74.283
7607.28,-75.438
7607.95,-74.176
7608.62,-74.763
7609.30,-75.190
7609.97,-74.188
7610.64,-74.897
7611.31,-75.127
7611.99,-73.727
7612.66,-73.876
7613.33,-73.634
7614.01,-74.600
7614.68,-75.468
7615.35,-73.787
7616.02,-74.701
7616.70,-75.471
7617.37,-73.800
7618.04,-73.918
7618.72,-73.646
7619.39,-74.042
7620.06,-73.462
7620.74,-74.227
7621.41,-73.355
7622.08,-75.220
7622.75,-74.149
7623.43,-73.643
7624.10,-74.115
7624.77,-72.059
7625.45,-74.193
7626.12,-74.108
7626.79,-73.703
7627.46,-73.933
7628.14,-72.891
7628.81,-74.379
7629.48,-72.887
7630.16,-73.240
7630.83,-75.111
7631.50,-74.120
7632.17,-73.011
7632.85,-72.596
7633.52,-72.558
7634.19,-72.482
7634.87,-74.466
7635.54,-73.803
7636.21,-72.818
7636.89,-74.369
7637.56,-72.849
7638.23,-73.216
7638.90,-73.372
7639.58,-74.509
7640.25,-74.729
7640.92,-75.493
7641.60,-72.956
7642.27,-73.724
7642.94,-72.952
7643.61,-73.563
7644.29,-73.805
7644.96,-74.662
7645.63,-75.954
7646.31,-73.244
7646.98,-71.660
7647.65,-73.986
7648.32,-74.242
7649.00,-74.407
7649.67,-73.751
7650.34,-72.378
7651.02,-72.022
7651.69,-73.325
7652.36,-74.116
7653.03,-73.979
7653.71,-75.174
7654.38,-73.327
7655.05,-73.456
7655.73,-73.198
7656.40,-74.172
7657.07,-72.646
7657.75,-73.001
7658.42,-74.064
7659.09,-72.959
7659.76,-73.177
7660.44,-72.832
7661.11,-73.980
7661.78,-72.351
7662.46,-73.637
7663.13,-72.836
7663.80,-72.491
7664.47,-72.240
7665.15,-73.659
7665.82,-72.520
7666.49,-73.326
7667.17,-73.665
7667.84,-73.296
7668.51,-74.376
7669.18,-73.145
7669.86,-72.717
7670.53,-73.465
7671.20,-74.136
7671.88,-73.347
7672.55,-73.296
7673.22,-73.756
7673.90,-74.215
7674.57,-73.265
7675.24,-74.817
7675.91,-74.834
7676.59,-74.257
7677.26,-73.939
7677.93,-73.531
7678.61,-74.444
7679.28,-74.110
7679.95,-74.606
7680.62,-73.872
7681.30,-74.141
7681.97,-74.087
7682.64,-75.028
7683.32,-74.026
7683.99,-72.808
7684.66,-74.069
7685.33,-73.966
7686.01,-74.169
7686.68,-74.249
7687.35,-73.901
7688.03,-74.535
7688.70,-73.776
7689.37,-74.086
7690.05,-75.036
7690.72,-73.861
7691.39,-74.181
7692.06,-74.505
7692.74,-74.653
7693.41,-75.061
7694.08,-74.524
7694.76,-74.290
7695.43,-73.423
7696.10,-74.393
7696.77,-74.468
7697.45,-74.582
7698.12,-75.097
7698.79,-75.775
7699.47,-73.641
7700.14,-74.491
7700.81,-74.253
7701.48,-75.029
7702.16,-74.019
7702.83,-73.938
7703.50,-73.759
7704.18,-74.368
7704.85,-76.119
7705.52,-75.028
7706.20,-76.061
7706.87,-75.866
7707.54,-74.186
7708.21,-75.811
7708.89,-76.296
7709.56,-76.542
7710.23,-75.669
7710.91,-75.435
7711.58,-75.574
7712.25,-74.898
7712.92,-75.272
7713.60,-74.677
7714.27,-75.868
7714.94,-75.126
7715.62,-75.103
7716.29,-75.851
7716.96,-74.837
7717.63,-74.720
7718.31,-76.134
7718.98,-75.887
7719.65,-76.574
7720.33,-76.671
7721.00,-76.445
7721.67,-77.043
7722.34,-77.161
7723.02,-76.312
7723.69,-75.345
7724.36,-76.324
7725.04,-75.412
7725.71,-75.569
7726.38,-74.923
7727.06,-76.042
7727.73,-75.513
7728.40,-76.625
7729.07,-76.694
7729.75,-75.201
7730.42,-76.393
7731.09,-75.179
7731.77,-75.499
7732.44,-75.987
7733.11,-76.902
7733.78,-77.417
7734.46,-75.949
7735.13,-76.970
7735.80,-76.997
7736.48,-77.607
7737.15,-75.097
7737.82,-75.121
7738.49,-76.755
7739.17,-78.018
7739.84,-76.660
7740.51,-77.029
7741.19,-76.989
7741.86,-76.329
7742.53,-77.101
7743.21,-76.015
7743.88,-77.125
7744.55,-77.795
7745.22,-76.183
7745.90,-77.438
7746.57,-77.866
7747.24,-78.420
7747.92,-77.846
7748.59,-76.935
7749.26,-76.808
7749.93,-77.756
7750.61,-77.684
7751.28,-77.513
7751.95,-77.336
7752.63,-77.773
7753.30,-76.940
7753.97,-77.264
7754.64,-77.578
7755.32,-77.772
7755.99,-76.856
7756.66,-77.430
7757.34,-77.219
7758.01,-78.697
7758.68,-77.536
7759.36,-78.669
7760.03,-77.958
7760.70,-77.361
7761.37,-76.743
7762.05,-76.124
7762.72,-79.394
7763.39,-77.473
7764.07,-76.785
7764.74,-78.267
7765.41,-77.531
7766.08,-77.239
7766.76,-77.371
7767.43,-77.924
7768.10,-78.636
7768.78,-77.390
7769.45,-77.404
7770.12,-78.591
7770.79,-77.395
7771.47,-79.293
7772.14,-79.218
7772.81,-77.940
7773.49,-77.039
7774.16,-79.350
7774.83,-78.767
7775.51,-78.137
7776.18,-78.321
7776.85,-78.075
7777.52,-79.159
7778.20,-79.444
7778.87,-78.116
7779.54,-77.583
7780.22,-77.834
7780.89,-77.975
7781.56,-78.746
7782.23,-78.368
7782.91,-79.455
7783.58,-77.055
7784.25,-78.897
7784.93,-78.086
7785.60,-78.861
7786.27,-79.806
7786.94,-79.146
7787.62,-79.425
7788.29,-79.827
7788.96,-78.732
7789.64,-79.692
7790.31,-79.816
7790.98,-79.877
7791.65,-78.710
7792.33,-77.563
7793.00,-78.189
7793.67,-79.161
7794.35,-79.448
7795.02,-78.621
7795.69,-80.624
7796.37,-79.833
7797.04,-79.786
7797.71,-81.068
7798.38,-80.024
7799.06,-79.395
7799.73,-79.335
7800.40,-78.943
7801.08,-79.270
7801.75,-80.462
7802.42,-80.724
7803.09,-81.442
7803.77,-80.481
7804.44,-80.514
7805.11,-78.865
7805.79,-80.071
7806.46,-80.088
7807.13,-78.887
7807.80,-78.603
7808.48,-78.676
7809.15,-80.514
7809.82,-79.959
7810.50,-79.792
7811.17,-79.802
7811.84,-77.787
7812.52,-78.683
7813.19,-79.371
7813.86,-80.475
7814.53,-80.435
7815.21,-77.803
7815.88,-79.180
7816.55,-78.665
7817.23,-80.681
7817.90,-79.045
7818.57,-79.796
7819.24,-79.618
7819.92,-80.724
7820.59,-80.974
7821.26,-79.914
7821.94,-79.139
7822.61,-79.805
7823.28,-80.157
7823.95,-80.101
7824.63,-79.676
7825.30,-79.054
7825.97,-80.228
7826.65,-80.849
7827.32,-79.703
7827.99,-79.972
7828.67,-79.873
7829.34,-81.517
7830.01,-80.259
7830.68,-81.062
7831.36,-81.149
7832.03,-80.446
7832.70,-79.964
7833.38,-80.359
7834.05,-80.823
7834.72,-80.919
7835.39,-79.912
7836.07,-80.616
7836.74,-81.603
7837.41,-80.771
7838.09,-82.034
7838.76,-81.640
7839.43,-80.054
7840.10,-80.867
7840.78,-80.392
7841.45,-80.526
7842.12,-80.180
7842.80,-81.623
7843.47,-81.617
7844.14,-79.830
7844.82,-82.026
7845.49,-81.552
7846.16,-81.567
7846.83,-80.374
7847.51,-79.414
7848.18,-79.836
7848.85,-80.062
7849.53,-81.441
7850.20,-80.971
7850.87,-81.035
7851.54,-81.113
7852.22,-81.101
7852.89,-79.347
7853.56,-81.191
7854.24,-81.636
7854.91,-81.529
7855.58,-81.227
7856.25,-79.999
7856.93,-81.286
7857.60,-80.261
7858.27,-79.904
7858.95,-79.552
7859.62,-80.510
7860.29,-81.110
7860.96,-81.441
7861.64,-82.174
7862.31,-81.187
7862.98,-82.009
7863.66,-80.321
7864.33,-80.900
7865.00,-80.651
7865.68,-80.277
7866.35,-81.028
7867.02,-80.251
7867.69,-81.212
7868.37,-80.896
7869.04,-79.702
7869.71,-80.156
7870.39,-82.327
7871.06,-82.052
7871.73,-80.609
7872.40,-82.085
7873.08,-80.999
7873.75,-81.773
7874.42,-81.679
7875.10,-82.502
7875.77,-82.509
7876.44,-82.216
7877.11,-79.862
7877.79,-80.582
7878.46,-81.443
7879.13,-81.755
7879.81,-80.633
7880.48,-81.251
7881.15,-81.802
7881.83,-80.955
7882.50,-82.041
7883.17,-81.471
7883.84,-81.753
7884.52,-80.860
7885.19,-81.824
7885.86,-81.641
7886.54,-81.562
7887.21,-81.793
7887.88,-81.886
7888.55,-81.186
7889.23,-80.996
7889.90,-81.947
7890.57,-80.947
7891.25,-81.690
7891.92,-81.000
7892.59,-81.449
7893.26,-81.724
7893.94,-82.043
7894.61,-82.291
7895.28,-82.431
7895.96,-79.595
7896.63,-81.640
7897.30,-82.461
7897.98,-82.801
7898.65,-83.495
7899.32,-81.583
7899.99,-81.379
7900.67,-81.254
7901.34,-82.380
7902.01,-80.943
7902.69,-81.819
7903.36,-82.762
7904.03,-82.902
7904.70,-81.728
7905.38,-82.648
7906.05,-83.355
7906.72,-81.105
7907.40,-82.711
7908.07,-81.866
7908.74,-82.111
7909.41,-81.113
7910.09,-81.232
7910.76,-82.639
7911.43,-82.155
7912.11,-82.454
7912.78,-82.089
7913.45,-81.194
7914.13,-82.386
7914.80,-82.765
7915.47,-82.635
7916.14,-80.677
7916.82,-82.591
7917.49,-83.105
7918.16,-81.944
7918.84,-81.709
7919.51,-82.098
7920.18,-81.442
7920.85,-80.548
7921.53,-80.826
7922.20,-82.222
7922.87,-82.202
7923.55,-81.173
7924.22,-83.451
7924.89,-82.203
7925.56,-81.462
7926.24,-81.512
7926.91,-82.305
7927.58,-83.022
7928.26,-81.268
7928.93,-81.305
7929.60,-82.696
7930.27,-80.979
7930.95,-81.260
7931.62,-81.248
7932.29,-81.080
7932.97,-81.071
7933.64,-82.971
7934.31,-81.792
7934.99,-82.154
7935.66,-81.476
7936.33,-82.028
7937.00,-82.550
7937.68,-82.816
7938.35,-83.638
7939.02,-81.667
7939.70,-82.107
7940.37,-82.528
7941.04,-81.942
7941.71,-81.013
7942.39,-80.877
7943.06,-81.488
7943.73,-82.503
7944.41,-82.275
7945.08,-80.625
7945.75,-81.831
7946.42,-80.752
7947.10,-82.656
7947.77,-82.605
7948.44,-82.945
7949.12,-81.651
7949.79,-81.456
7950.46,-82.051
7951.14,-82.469
7951.81,-81.874
7952.48,-81.976
7953.15,-81.299
7953.83,-81.642
7954.50,-82.319
7955.17,-81.593
7955.85,-81.652
7956.52,-84.335
7957.19,-81.538
7957.86,-81.194
7958.54,-81.230
7959.21,-80.017
7959.88,-82.257
7960.56,-81.895
7961.23,-82.426
7961.90,-81.934
7962.57,-82.979
7963.25,-82.798
7963.92,-80.784
7964.59,-81.837
7965.27,-81.646
7965.94,-80.544
7966.61,-81.522
7967.29,-81.395
7967.96,-81.940
7968.63,-81.636
7969.30,-82.386
7969.98,-82.170
7970.65,-83.744
7971.32,-81.631
7972.00,-81.549
7972.67,-81.815
7973.34,-82.073
7974.01,-81.770
7974.69,-82.346
7975.36,-83.061
7976.03,-83.211
7976.71,-82.513
7977.38,-80.855
7978.05,-81.198
7978.72,-82.804
7979.40,-83.063
7980.07,-82.324
7980.74,-82.341
7981.42,-81.781
7982.09,-81.130
7982.76,-81.437
7983.44,-83.749
7984.11,-82.033
7984.78,-82.689
7985.45,-83.571
7986.13,-81.919
7986.80,-82.812
7987.47,-83.630
7988.15,-82.374
7988.82,-81.133
7989.49,-80.791
7990.16,-81.734
7990.84,-80.967
7991.51,-81.655
7992.18,-81.357
7992.86,-83.209
7993.53,-82.996
7994.20,-82.066
7994.87,-82.091
7995.55,-81.958
7996.22,-81.421
7996.89,-81.276
7997.57,-81.486
7998.24,-81.199
7998.91,-83.061
7999.58,-81.740
8000.26,-81.180
8000.93,-80.735
8001.60,-80.905
8002.28,-82.806
8002.95,-80.081
8003.62,-81.121
8004.30,-80.855
8004.97,-81.534
8005.64,-80.840
8006.31,-81.511
8006.99,-80.928
8007.66,-81.859
8008.33,-81.495
8009.01,-82.833
8009.68,-80.464
8010.35,-80.229
8011.02,-82.425
8011.70,-81.799
8012.37,-80.241
8013.04,-82.166
8013.72,-81.849
8014.39,-80.117
8015.06,-82.366
8015.73,-80.601
8016.41,-83.034
8017.08,-81.766
8017.75,-81.277
8018.43,-81.016
8019.10,-80.590
8019.77,-80.888
8020.45,-82.026
8021.12,-80.960
8021.79,-82.152
8022.46,-81.935
8023.14,-81.273
8023.81,-80.961
8024.48,-81.222
8025.16,-81.145
8025.83,-82.846
8026.50,-81.379
8027.17,-81.780
8027.85,-79.857
8028.52,-80.977
8029.19,-80.992
8029.87,-81.880
8030.54,-82.039
8031.21,-81.256
8031.88,-81.247
8032.56,-80.136
8033.23,-81.077
8033.90,-82.013
8034.58,-82.021
8035.25,-79.589
8035.92,-81.372
8036.60,-80.190
8037.27,-81.692
8037.94,-80.857
8038.61,-80.771
8039.29,-81.836
8039.96,-82.279
8040.63,-81.101
8041.31,-81.623
8041.98,-80.890
8042.65,-80.237
8043.32,-82.182
8044.00,-83.518
8044.67,-82.343
8045.34,-80.810
8046.02,-82.029
8046.69,-80.709
8047.36,-82.458
8048.03,-80.716
8048.71,-81.548
8049.38,-80.743
8050.05,-81.546
8050.73,-80.671
8051.40,-82.509
8052.07,-81.155
8052.75,-81.068
8053.42,-81.225
8054.09,-80.329
8054.76,-80.556
8055.44,-80.775
8056.11,-80.074
8056.78,-81.000
8057.46,-80.441
8058.13,-80.283
8058.80,-81.663
8059.47,-81.179
8060.15,-81.620
8060.82,-81.987
8061.49,-81.481
8062.17,-80.357
8062.84,-80.627
8063.51,-80.890
8064.18,-81.063
8064.86,-81.621
8065.53,-81.478
8066.20,-80.956
8066.88,-80.369
8067.55,-80.222
8068.22,-82.471
8068.89,-80.300
8069.57,-80.513
8070.24,-80.500
8070.91,-80.954
8071.59,-80.573
8072.26,-78.957
8072.93,-80.325
8073.61,-82.004
8074.28,-80.522
8074.95,-81.064
8075.62,-81.403
8076.30,-79.510
8076.97,-78.773
8077.64,-80.152
8078.32,-79.812
8078.99,-81.710
8079.66,-80.993
8080.33,-80.897
8081.01,-80.195
8081.68,-79.921
8082.35,-81.433
8083.03,-79.798
8083.70,-79.068
8084.37,-78.395
8085.04,-80.146
8085.72,-79.427
8086.39,-80.683
8087.06,-79.648
8087.74,-80.447
8088.41,-79.287
8089.08,-80.407
8089.76,-79.702
8090.43,-78.854
8091.10,-80.350
8091.77,-79.382
8092.45,-79.878
8093.12,-79.335
8093.79,-80.096
8094.47,-78.762
8095.14,-79.892
8095.81,-79.330
8096.48,-80.259
8097.16,-79.117
8097.83,-79.011
8098.50,-78.506
8099.18,-79.839
8099.85,-78.244
8100.52,-78.378
8101.19,-80.353
8101.87,-78.832
8102.54,-77.950
8103.21,-79.145
8103.89,-79.451
8104.56,-78.814
8105.23,-78.183
8105.91,-77.767
8106.58,-77.221
8107.25,-77.438
8107.92,-77.553
8108.60,-77.595
8109.27,-79.811
8109.94,-79.102
8110.62,-78.986
8111.29,-78.733
8111.96,-78.891
8112.63,-79.026
8113.31,-78.150
8113.98,-78.996
8114.65,-77.568
8115.33,-79.428
8116.00,-79.679
8116.67,-78.458
8117.34,-77.181
8118.02,-77.341
8118.69,-78.764
8119.36,-78.374
8120.04,-78.142
8120.71,-77.660
8121.38,-76.984
8122.06,-78.849
8122.73,-77.880
8123.40,-77.521
8124.07,-77.416
8124.75,-77.187
8125.42,-77.647
8126.09,-79.350
8126.77,-77.859
8127.44,-79.165
8128.11,-78.353
8128.78,-78.754
8129.46,-78.609
8130.13,-78.337
8130.80,-78.241
8131.48,-76.650
8132.15,-77.971
8132.82,-77.345
8133.49,-76.612
8134.17,-76.691
8134.84,-78.212
8135.51,-78.406
8136.19,-79.101
8136.86,-77.438
8137.53,-77.924
8138.20,-78.707
8138.88,-78.036
8139.55,-77.415
8140.22,-76.613
8140.90,-77.650
8141.57,-77.714
8142.24,-77.541
8142.92,-76.760
8143.59,-79.012
8144.26,-77.186
8144.93,-77.024
8145.61,-77.967
8146.28,-77.397
8146.95,-76.616
8147.63,-77.575
8148.30,-77.000
8148.97,-77.012
8149.64,-77.694
8150.32,-76.502
8150.99,-77.124
8151.66,-76.846
8152.34,-75.744
8153.01,-77.613
8153.68,-78.371
8154.35,-76.464
8155.03,-77.072
8155.70,-76.922
8156.37,-75.697
8157.05,-74.968
8157.72,-76.765
8158.39,-76.699
8159.07,-75.740
8159.74,-76.690
8160.41,-76.398
8161.08,-77.494
8161.76,-77.415
8162.43,-74.946
8163.10,-75.884
8163.78,-75.033
8164.45,-75.464
8165.12,-75.676
8165.79,-76.607
8166.47,-75.860
8167.14,-75.248
8167.81,-75.982
8168.49,-76.592
8169.16,-76.032
8169.83,-75.743
8170.50,-74.800
8171.18,-76.123
8171.85,-76.214
8172.52,-76.847
8173.20,-75.868
8173.87,-75.488
8174.54,-76.854
8175.22,-75.873
8175.89,-76.663
8176.56,-75.293
8177.23,-76.256
8177.91,-75.160
8178.58,-74.070
8179.25,-76.118
8179.93,-76.545
8180.60,-75.319
8181.27,-75.787
8181.94,-75.740
8182.62,-76.462
8183.29,-75.820
8183.96,-74.349
8184.64,-76.989
8185.31,-73.440
8185.98,-74.319
8186.65,-74.613
8187.33,-75.317
8188.00,-75.104
8188.67,-76.314
8189.35,-73.428
8190.02,-74.375
8190.69,-75.047
8191.37,-73.741
8192.04,-75.537
8192.71,-75.383
8193.38,-74.863
8194.06,-74.562
8194.73,-74.698
8195.40,-74.389
8196.08,-74.467
8196.75,-74.118
8197.42,-74.465
8198.09,-73.907
8198.77,-73.482
8199.44,-74.158
8200.11,-74.553
8200.79,-75.415
8201.46,-73.434
8202.13,-74.016
8202.80,-74.399
8203.48,-72.909
8204.15,-73.480
8204.82,-72.580
8205.50,-73.071
8206.17,-73.530
8206.84,-73.580
8207.51,-72.810
8208.19,-72.839
8208.86,-74.412
8209.53,-73.781
8210.21,-73.036
8210.88,-73.219
8211.55,-73.083
8212.23,-75.897
8212.90,-73.923
8213.57,-74.449
8214.24,-73.314
8214.92,-73.357
8215.59,-73.913
8216.26,-73.569
8216.94,-74.278
8217.61,-75.027
8218.28,-73.743
8218.95,-74.954
8219.63,-73.622
8220.30,-72.436
8220.97,-72.854
8221.65,-73.373
8222.32,-73.224
8222.99,-73.170
8223.66,-72.522
8224.34,-73.879
8225.01,-73.872
8225.68,-73.514
8226.36,-74.153
8227.03,-74.681
8227.70,-73.068
8228.38,-73.194
8229.05,-72.911
8229.72,-72.388
8230.39,-72.484
8231.07,-73.241
8231.74,-72.469
8232.41,-71.982
8233.09,-73.533
8233.76,-73.542
8234.43,-73.036
8235.10,-71.537
8235.78,-73.638
8236.45,-72.869
8237.12,-74.068
8237.80,-73.319
8238.47,-73.935
8239.14,-73.397
8239.81,-73.630
8240.49,-73.337
8241.16,-72.994
8241.83,-73.170
8242.51,-73.947
8243.18,-72.197
8243.85,-73.859
8244.53,-74.021
8245.20,-73.461
8245.87,-73.373
8246.54,-73.251
8247.22,-72.036
8247.89,-72.208
8248.56,-74.140
8249.24,-73.924
8249.91,-72.846
8250.58,-72.876
8251.25,-71.830
8251.93,-71.669
8252.60,-72.656
8253.27,-73.011
8253.95,-72.746
8254.62,-72.705
8255.29,-72.823
8255.96,-73.376
8256.64,-72.994
8257.31,-73.141
8257.98,-71.998
8258.66,-72.259
8259.33,-73.251
8260.00,-74.585
8260.68,-73.513
8261.35,-73.231
8262.02,-71.791
8262.69,-72.644
8263.37,-71.851
8264.04,-73.188
8264.71,-71.873
8265.39,-73.074
8266.06,-73.761
8266.73,-73.616
8267.40,-74.408
8268.08,-73.408
8268.75,-72.024
8269.42,-73.364
8270.10,-72.947
8270.77,-73.645
8271.44,-73.462
8272.11,-74.514
8272.79,-75.072
8273.46,-73.869
8274.13,-72.433
8274.81,-72.516
8275.48,-73.128
8276.15,-74.364
8276.82,-74.260
8277.50,-72.843
8278.17,-72.969
8278.84,-73.211
8279.52,-72.835
8280.19,-73.996
8280.86,-74.293
8281.54,-73.913
8282.21,-73.673
8282.88,-73.667
8283.55,-74.036
8284.23,-74.030
8284.90,-74.760
8285.57,-74.799
8286.25,-74.334
8286.92,-73.066
8287.59,-73.961
8288.26,-74.131
8288.94,-73.580
8289.61,-73.932
8290.28,-75.360
8290.96,-73.564
8291.63,-74.223
8292.30,-74.670
8292.97,-74.055
8293.65,-75.265
8294.32,-74.743
8294.99,-74.552
8295.67,-74.980
8296.34,-74.538
8297.01,-73.251
8297.69,-72.988
8298.36,-72.985
8299.03,-76.052
8299.70,-74.528
8300.38,-75.122
8301.05,-75.282
8301.72,-74.658
8302.40,-75.490
8303.07,-76.362
8303.74,-74.844
8304.41,-74.718
8305.09,-75.436
8305.76,-75.311
8306.43,-73.787
8307.11,-74.360
8307.78,-75.812
8308.45,-76.933
8309.12,-75.165
8309.80,-76.066
8310.47,-74.506
8311.14,-75.452
8311.82,-74.611
8312.49,-75.487
8313.16,-76.536
8313.84,-75.545
8314.51,-75.628
8315.18,-75.881
8315.85,-75.628
8316.53,-76.231
8317.20,-76.639
8317.87,-76.152
8318.55,-77.130
8319.22,-75.763
8319.89,-75.865
8320.56,-75.828
8321.24,-77.234
8321.91,-76.526
8322.58,-76.773
8323.26,-76.612
8323.93,-75.508
8324.60,-74.894
8325.27,-76.144
8325.95,-75.741
8326.62,-76.515
8327.29,-75.704
8327.97,-77.041
8328.64,-76.648
8329.31,-76.910
8329.99,-76.020
8330.66,-75.721
8331.33,-76.401
8332.00,-76.638
8332.68,-78.583
8333.35,-77.078
8334.02,-77.091
8334.70,-76.846
8335.37,-77.311
8336.04,-77.034
8336.71,-78.163
8337.39,-76.329
8338.06,-75.349
8338.73,-76.854
8339.41,-76.317
8340.08,-75.618
8340.75,-76.305
8341.42,-76.142
8342.10,-76.895
8342.77,-76.014
8343.44,-76.985
8344.12,-77.782
8344.79,-77.199
8345.46,-76.703
8346.13,-76.755
8346.81,-77.460
8347.48,-76.204
8348.15,-77.550
8348.83,-75.033
8349.50,-75.035
8350.17,-77.598
8350.85,-77.301
8351.52,-77.475
8352.19,-76.281
8352.86,-77.942
8353.54,-77.475
8354.21,-77.230
8354.88,-77.269
8355.56,-77.407
8356.23,-78.082
8356.90,-78.403
8357.57,-78.109
8358.25,-77.468
8358.92,-78.700
8359.59,-77.317
8360.27,-77.521
8360.94,-77.987
8361.61,-77.190
8362.28,-77.152
8362.96,-77.238
8363.63,-78.010
8364.30,-79.228
8364.98,-79.162
8365.65,-80.221
8366.32,-79.493
8367.00,-78.357
8367.67,-79.311
8368.34,-77.691
8369.01,-78.834
8369.69,-77.087
8370.36,-78.802
8371.03,-78.424
8371.71,-79.502
8372.38,-79.141
8373.05,-78.564
8373.72,-79.514
8374.40,-77.636
8375.07,-78.843
8375.74,-79.107
8376.42,-79.761
8377.09,-80.016
8377.76,-79.138
8378.43,-77.185
8379.11,-79.402
8379.78,-78.754
8380.45,-78.332
8381.13,-78.210
8381.80,-79.070
8382.47,-78.908
8383.15,-78.892
8383.82,-79.154
8384.49,-78.128
8385.16,-78.831
8385.84,-79.504
8386.51,-78.756
8387.18,-80.071
8387.86,-79.110
8388.53,-77.905
8389.20,-79.188
8389.87,-79.078
8390.55,-79.364
8391.22,-79.293
8391.89,-79.467
8392.57,-80.357
8393.24,-78.963
8393.91,-79.222
8394.58,-80.280
8395.26,-79.990
8395.93,-80.461
8396.60,-80.838
8397.28,-79.844
8397.95,-81.215
8398.62,-78.934
8399.30,-78.774
8399.97,-77.546
8400.64,-79.676
8401.31,-80.072
8401.99,-79.164
8402.66,-79.637
8403.33,-79.868
8404.01,-79.446
8404.68,-80.099
8405.35,-80.221
8406.02,-81.570
8406.70,-80.080
8407.37,-79.299
8408.04,-80.179
8408.72,-79.106
8409.39,-79.557
8410.06,-79.631
8410.73,-79.526
8411.41,-78.378
8412.08,-80.160
8412.75,-79.137
8413.43,-80.048
8414.10,-78.940
8414.77,-79.663
8415.44,-78.560
8416.12,-79.786
8416.79,-79.456
8417.46,-80.652
8418.14,-79.308
8418.81,-81.505
8419.48,-80.330
8420.16,-79.764
8420.83,-80.369
8421.50,-80.053
8422.17,-79.460
8422.85,-80.734
8423.52,-80.151
8424.19,-80.754
8424.87,-79.536
8425.54,-80.464
8426.21,-81.521
8426.88,-79.880
8427.56,-81.060
8428.23,-80.439
8428.90,-79.361
8429.58,-80.112
8430.25,-79.540
8430.92,-80.119
8431.59,-80.489
8432.27,-79.361
8432.94,-80.269
8433.61,-79.742
8434.29,-79.130
8434.96,-79.535
8435.63,-80.334
8436.31,-79.314
8436.98,-80.601
8437.65,-80.376
8438.32,-78.750
8439.00,-81.569
8439.67,-81.193
8440.34,-81.833
8441.02,-80.140
8441.69,-80.813
8442.36,-81.463
8443.03,-80.774
8443.71,-80.073
8444.38,-80.146
8445.05,-80.053
8445.73,-81.464
8446.40,-81.322
8447.07,-81.455
8447.74,-81.018
8448.42,-80.007
8449.09,-81.110
8449.76,-80.895
8450.44,-82.256
8451.11,-82.499
8451.78,-81.638
8452.46,-81.564
8453.13,-81.251
8453.80,-82.137
8454.47,-81.451
8455.15,-81.152
8455.82,-80.595
8456.49,-82.016
8457.17,-82.190
8457.84,-80.427
8458.51,-80.653
8459.18,-81.635
8459.86,-80.881
8460.53,-81.055
8461.20,-80.156
8461.88,-80.674
8462.55,-80.409
8463.22,-80.282
8463.89,-80.192
8464.57,-80.195
8465.24,-81.240
8465.91,-81.660
8466.59,-81.836
8467.26,-81.229
8467.93,-80.287
8468.61,-80.379
8469.28,-80.400
8469.95,-80.922
8470.62,-81.342
8471.30,-80.319
8471.97,-81.856
8472.64,-81.621
8473.32,-81.683
8473.99,-81.952
8474.66,-82.182
8475.33,-81.143
8476.01,-80.169
8476.68,-81.140
8477.35,-80.729
8478.03,-81.057
8478.70,-82.161
8479.37,-82.320
8480.04,-81.701
8480.72,-81.510
8481.39,-79.684
8482.06,-81.581
8482.74,-80.883
8483.41,-80.879
8484.08,-83.885
8484.75,-82.280
8485.43,-81.582
8486.10,-82.307
8486.77,-80.940
8487.45,-82.597
8488.12,-83.138
8488.79,-81.671
8489.47,-82.238
8490.14,-81.251
8490.81,-81.760
8491.48,-81.401
8492.16,-80.682
8492.83,-81.342
8493.50,-81.038
8494.18,-82.109
8494.85,-81.055
8495.52,-81.456
8496.19,-82.691
8496.87,-80.565
8497.54,-81.606
8498.21,-81.108
8498.89,-81.209
8499.56,-80.612
8500.23,-80.747
8500.90,-81.638
8501.58,-81.119
8502.25,-81.306
8502.92,-82.209
8503.60,-80.431
8504.27,-81.163
8504.94,-81.609
8505.62,-80.664
8506.29,-82.004
8506.96,-81.704
8507.63,-81.915
8508.31,-82.387
8508.98,-82.591
8509.65,-81.583
8510.33,-83.079
8511.00,-82.984
8511.67,-81.646
8512.34,-82.370
8513.02,-82.052
8513.69,-81.086
8514.36,-81.673
8515.04,-82.858
8515.71,-82.448
8516.38,-80.607
8517.05,-82.374
8517.73,-80.868
8518.40,-81.064
8519.07,-82.623
8519.75,-80.783
8520.42,-81.191
8521.09,-82.484
8521.77,-82.158
8522.44,-82.278
8523.11,-81.396
8523.78,-83.038
8524.46,-81.684
8525.13,-81.774
8525.80,-81.603
8526.48,-81.850
8527.15,-81.745
8527.82,-80.750
8528.49,-83.067
8529.17,-82.145
8529.84,-80.867
8530.51,-81.514
8531.19,-82.545
8531.86,-82.939
8532.53,-82.924
8533.20,-80.379
8533.88,-81.744
8534.55,-81.120
8535.22,-80.700
8535.90,-81.402
8536.57,-81.673
8537.24,-82.653
8537.92,-81.758
8538.59,-81.420
8539.26,-82.753
8539.93,-81.695
8540.61,-81.772
8541.28,-81.415
8541.95,-82.216
8542.63,-80.438
8543.30,-80.988
8543.97,-81.232
8544.64,-80.955
8545.32,-82.150
8545.99,-81.701
8546.66,-83.285
8547.34,-81.356
8548.01,-80.803
8548.68,-80.426
8549.35,-81.906
8550.03,-82.625
8550.70,-82.048
8551.37,-82.538
8552.05,-83.003
8552.72,-81.196
8553.39,-81.660
8554.06,-81.548
8554.74,-82.477
8555.41,-80.546
8556.08,-80.960
8556.76,-81.296
8557.43,-83.842
8558.10,-81.308
8558.78,-82.806
8559.45,-83.444
8560.12,-81.860
8560.79,-82.393
8561.47,-83.244
8562.14,-82.426
8562.81,-81.051
8563.49,-81.246
8564.16,-82.254
8564.83,-81.085
8565.50,-82.574
8566.18,-81.040
8566.85,-82.668
8567.52,-82.224
8568.20,-81.697
8568.87,-81.673
8569.54,-81.526
8570.21,-81.251
8570.89,-82.244
8571.56,-81.217
8572.23,-80.426
8572.91,-81.403
8573.58,-80.926
8574.25,-81.590
8574.93,-81.224
8575.60,-82.496
8576.27,-80.863
8576.94,-82.998
8577.62,-81.206
8578.29,-82.230
8578.96,-81.774
8579.64,-81.376
8580.31,-82.109
8580.98,-80.860
8581.65,-82.474
8582.33,-81.912
8583.00,-81.601
8583.67,-81.192
8584.35,-79.727
8585.02,-81.133
8585.69,-81.374
8586.36,-82.469
8587.04,-82.929
8587.71,-82.699
8588.38,-81.628
8589.06,-81.979
8589.73,-82.123
8590.40,-81.426
8591.08,-80.060
8591.75,-83.425
8592.42,-82.118
8593.09,-82.020
8593.77,-81.700
8594.44,-81.231
8595.11,-80.342
8595.79,-80.005
8596.46,-81.094
8597.13,-82.319
8597.80,-81.752
8598.48,-80.871
8599.15,-80.592
8599.82,-80.884
8600.50,-80.350
8601.17,-80.275
8601.84,-80.306
8602.51,-81.309
8603.19,-81.677
8603.86,-80.670
8604.53,-80.848
8605.21,-81.796
8605.88,-81.867
8606.55,-81.059
8607.23,-79.256
8607.90,-82.004
8608.57,-81.377
8609.24,-80.712
8609.92,-80.514
8610.59,-80.263
8611.26,-80.072
8611.94,-80.392
8612.61,-82.230
8613.28,-81.471
8613.95,-82.422
8614.63,-80.030
8615.30,-80.551
8615.97,-81.531
8616.65,-81.031
8617.32,-81.523
8617.99,-81.937
8618.66,-80.846
8619.34,-80.801
8620.01,-80.159
8620.68,-80.960
8621.36,-80.521
8622.03,-80.314
8622.70,-81.136
8623.37,-79.755
8624.05,-80.943
8624.72,-82.375
8625.39,-81.334
8626.07,-81.455
8626.74,-79.443
8627.41,-80.792
8628.09,-81.316
8628.76,-81.666
8629.43,-81.321
8630.10,-80.745
8630.78,-80.500
8631.45,-80.954
8632.12,-79.790
8632.80,-80.867
8633.47,-81.185
8634.14,-80.028
8634.81,-81.119
8635.49,-81.330
8636.16,-82.410
8636.83,-80.597
8637.51,-80.396
8638.18,-80.431
8638.85,-80.791
8639.52,-79.614
8640.20,-79.785
8640.87,-81.723
8641.54,-81.425
8642.22,-81.672
8642.89,-80.495
8643.56,-79.877
8644.24,-81.240
8644.91,-80.380
8645.58,-80.993
8646.25,-80.945
8646.93,-80.604
8647.60,-80.820
8648.27,-81.735
8648.95,-80.738
8649.62,-80.219
8650.29,-79.436
8650.96,-79.678
8651.64,-81.908
8652.31,-80.418
8652.98,-81.240
8653.66,-80.189
8654.33,-80.212
8655.00,-81.158
8655.67,-80.835
8656.35,-81.407
8657.02,-77.774
8657.69,-79.046
8658.37,-80.190
8659.04,-79.852
8659.71,-81.007
8660.39,-80.313
8661.06,-80.532
8661.73,-79.956
8662.40,-80.535
8663.08,-80.977
8663.75,-81.559
8664.42,-80.638
8665.10,-80.382
8665.77,-79.412
8666.44,-80.409
8667.11,-79.666
8667.79,-80.743
8668.46,-80.756
8669.13,-79.774
8669.81,-80.826
8670.48,-80.644
8671.15,-79.855
8671.82,-79.285
8672.50,-80.015
8673.17,-79.771
8673.84,-80.669
8674.52,-79.802
8675.19,-77.660
8675.86,-80.666
8676.54,-79.921
8677.21,-79.344
8677.88,-79.670
8678.55,-80.807
8679.23,-80.276
8679.90,-79.251
8680.57,-78.823
8681.25,-80.614
8681.92,-80.161
8682.59,-81.173
8683.26,-80.488
8683.94,-79.008
8684.61,-80.197
8685.28,-79.909
8685.96,-81.488
8686.63,-80.798
8687.30,-79.802
8687.97,-79.172
8688.65,-79.092
8689.32,-78.675
8689.99,-79.439
8690.67,-79.130
8691.34,-78.511
8692.01,-78.096
8692.68,-80.628
8693.36,-79.135
8694.03,-78.563
8694.70,-79.982
8695.38,-80.872
8696.05,-78.001
8696.72,-79.214
8697.40,-79.399
8698.07,-78.384
8698.74,-79.525
8699.41,-78.371
8700.09,-79.282
8700.76,-78.073
8701.43,-77.911
8702.11,-78.787
8702.78,-78.834
8703.45,-77.682
8704.12,-78.458
8704.80,-79.863
8705.47,-79.094
8706.14,-78.234
8706.82,-78.686
8707.49,-78.967
8708.16,-79.723
8708.83,-79.057
8709.51,-76.821
8710.18,-78.685
8710.85,-78.458
8711.53,-78.325
8712.20,-76.451
8712.87,-78.242
8713.55,-78.002
8714.22,-78.313
8714.89,-77.886
8715.56,-77.260
8716.24,-78.320
8716.91,-76.376
8717.58,-78.225
8718.26,-78.230
8718.93,-79.402
8719.60,-80.078
8720.27,-77.463
8720.95,-78.790
8721.62,-79.010
8722.29,-77.972
8722.97,-77.920
8723.64,-76.593
8724.31,-77.505
8724.98,-78.212
8725.66,-77.767
8726.33,-76.562
8727.00,-77.595
8727.68,-76.700
8728.35,-77.862
8729.02,-77.881
8729.70,-76.911
8730.37,-78.393
8731.04,-77.244
8731.71,-78.212
8732.39,-77.942
8733.06,-78.368
8733.73,-77.785
8734.41,-77.932
8735.08,-76.074
8735.75,-77.280
8736.42,-77.759
8737.10,-78.479
8737.77,-77.898
8738.44,-76.453
8739.12,-77.813
8739.79,-78.333
8740.46,-76.831
8741.13,-77.522
8741.81,-77.223
8742.48,-77.919
8743.15,-77.227
8743.83,-75.759
8744.50,-78.219
8745.17,-76.795
8745.85,-76.469
8746.52,-76.213
8747.19,-76.603
8747.86,-76.146
8748.54,-77.132
8749.21,-76.719
8749.88,-77.482
8750.56,-75.560
8751.23,-77.573
8751.90,-75.815
8752.57,-76.917
8753.25,-75.924
8753.92,-74.730
8754.59,-76.686
8755.27,-76.005
8755.94,-75.542
8756.61,-75.613
8757.28,-76.113
8757.96,-76.694
8758.63,-76.068
8759.30,-75.460
8759.98,-75.712
8760.65,-75.555
8761.32,-75.217
8761.99,-75.805
8762.67,-75.605
8763.34,-76.360
8764.01,-75.477
8764.69,-75.292
8765.36,-74.964
8766.03,-75.861
8766.71,-75.326
8767.38,-73.829
8768.05,-75.845
8768.72,-74.955
8769.40,-76.365
8770.07,-76.100
8770.74,-75.563
8771.42,-75.042
8772.09,-75.780
8772.76,-74.489
8773.43,-74.404
8774.11,-74.362
8774.78,-73.780
8775.45,-75.345
8776.13,-73.577
8776.80,-75.980
8777.47,-74.985
8778.14,-75.813
8778.82,-75.197
8779.49,-75.441
8780.16,-74.896
8780.84,-74.259
8781.51,-75.242
8782.18,-75.385
8782.86,-73.740
8783.53,-74.821
8784.20,-75.282
8784.87,-75.271
8785.55,-74.520
8786.22,-73.061
8786.89,-75.641
8787.57,-73.908
8788.24,-75.061
8788.91,-75.054
8789.58,-74.118
8790.26,-75.067
8790.93,-73.906
8791.60,-75.287
8792.28,-75.633
8792.95,-75.170
8793.62,-73.250
8794.29,-74.131
8794.97,-74.816
8795.64,-74.489
8796.31,-74.487
8796.99,-73.111
8797.66,-73.872
8798.33,-73.392
8799.01,-73.912
8799.68,-75.403
8800.35,-75.001
8801.02,-73.957
8801.70,-75.241
8802.37,-74.186
8803.04,-73.247
8803.72,-73.194
8804.39,-74.882
8805.06,-76.250
8805.73,-72.233
8806.41,-73.761
8807.08,-73.853
8807.75,-75.333
8808.43,-75.389
8809.10,-75.319
8809.77,-73.799
8810.44,-73.378
8811.12,-75.282
8811.79,-74.925
8812.46,-74.912
8813.14,-74.617
8813.81,-74.560
8814.48,-73.370
8815.16,-74.714
8815.83,-73.045
8816.50,-73.122
8817.17,-74.731
8817.85,-73.701
8818.52,-74.158
8819.19,-75.320
8819.87,-74.234
8820.54,-74.227
8821.21,-72.440
8821.88,-73.639
8822.56,-73.643
8823.23,-73.405
8823.90,-72.245
8824.58,-73.167
8825.25,-74.945
8825.92,-73.626
8826.59,-73.296
8827.27,-73.130
8827.94,-72.263
8828.61,-73.335
8829.29,-73.495
8829.96,-72.437
8830.63,-72.665
8831.30,-73.315
8831.98,-74.040
8832.65,-73.259
8833.32,-74.923
8834.00,-73.377
8834.67,-74.672
8835.34,-72.093
8836.02,-73.378
8836.69,-74.069
8837.36,-72.638
8838.03,-73.144
8838.71,-72.614
8839.38,-72.304
8840.05,-74.341
8840.73,-73.152
8841.40,-74.019
8842.07,-73.593
8842.74,-73.835
8843.42,-73.669
8844.09,-73.866
8844.76,-74.963
8845.44,-75.012
8846.11,-74.765
8846.78,-74.117
8847.45,-73.098
8848.13,-74.162
8848.80,-73.067
8849.47,-73.523
8850.15,-72.631
8850.82,-73.802
8851.49,-74.575
8852.17,-74.361
8852.84,-74.852
8853.51,-74.751
8854.18,-74.191
8854.86,-74.326
8855.53,-74.230
8856.20,-73.684
8856.88,-75.246
8857.55,-74.134
8858.22,-74.703
8858.89,-73.439
8859.57,-73.600
8860.24,-74.791
8860.91,-74.388
8861.59,-73.616
8862.26,-75.009
8862.93,-75.326
8863.60,-76.876
8864.28,-74.595
8864.95,-75.377
8865.62,-75.981
8866.30,-75.362
8866.97,-74.730
8867.64,-75.048
8868.32,-73.505
8868.99,-75.077
8869.66,-75.220
8870.33,-75.601
8871.01,-75.445
8871.68,-74.831
8872.35,-75.094
8873.03,-76.431
8873.70,-76.425
8874.37,-76.243
8875.04,-75.205
8875.72,-74.760
8876.39,-75.912
8877.06,-76.427
8877.74,-76.017
8878.41,-75.200
8879.08,-76.717
8879.75,-77.066
8880.43,-75.317
8881.10,-75.191
8881.77,-76.000
8882.45,-75.786
8883.12,-74.588
8883.79,-76.575
8884.47,-75.828
8885.14,-74.633
8885.81,-75.461
8886.48,-76.275
8887.16,-75.982
8887.83,-74.862
8888.50,-75.024
8889.18,-75.333
8889.85,-76.307
8890.52,-76.089
8891.19,-77.750
8891.87,-77.214
8892.54,-76.907
8893.21,-76.750
8893.89,-76.462
8894.56,-77.045
8895.23,-76.475
8895.90,-76.033
8896.58,-77.327
8897.25,-77.518
8897.92,-76.152
8898.60,-77.464
8899.27,-77.179
8899.94,-77.510
8900.61,-77.684
8901.29,-76.578
8901.96,-75.507
8902.63,-77.911
8903.31,-77.517
8903.98,-78.081
8904.65,-76.832
8905.33,-77.963
8906.00,-78.362
8906.67,-78.791
8907.34,-78.836
8908.02,-76.816
8908.69,-77.945
8909.36,-77.735
8910.04,-79.265
8910.71,-79.498
8911.38,-78.911
8912.05,-79.007
8912.73,-80.208
8913.40,-77.548
8914.07,-78.995
8914.75,-79.207
8915.42,-79.324
8916.09,-79.028
8916.76,-78.043
8917.44,-79.089
8918.11,-78.186
8918.78,-78.638
8919.46,-77.544
8920.13,-79.175
8920.80,-78.505
8921.48,-77.557
8922.15,-78.418
8922.82,-78.362
8923.49,-78.309
8924.17,-78.509
8924.84,-79.055
8925.51,-78.933
8926.19,-78.941
8926.86,-78.019
8927.53,-78.847
8928.20,-78.286
8928.88,-78.934
8929.55,-79.277
8930.22,-79.975
8930.90,-79.837
8931.57,-79.040
8932.24,-79.028
8932.91,-79.803
8933.59,-79.946
8934.26,-78.417
8934.93,-77.610
8935.61,-77.642
8936.28,-78.414
8936.95,-79.197
8937.63,-81.059
8938.30,-79.411
8938.97,-80.056
8939.64,-79.817
8940.32,-81.104
8940.99,-81.415
8941.66,-80.628
8942.34,-79.612
8943.01,-77.927
8943.68,-80.381
8944.35,-78.305
8945.03,-78.894
8945.70,-79.680
8946.37,-78.777
8947.05,-79.347
8947.72,-80.007
8948.39,-80.248
8949.06,-81.142
8949.74,-80.272
8950.41,-80.506
8951.08,-79.045
8951.76,-80.499
8952.43,-79.816
8953.10,-80.404
8953.78,-79.445
8954.45,-79.538
8955.12,-80.116
8955.79,-79.810
8956.47,-80.412
8957.14,-80.183
8957.81,-80.714
8958.49,-80.245
8959.16,-80.951
8959.83,-81.315
8960.50,-81.033
8961.18,-79.563
8961.85,-81.449
8962.52,-79.340
8963.20,-81.072
8963.87,-80.663
8964.54,-80.453
8965.21,-80.027
8965.89,-80.234
8966.56,-81.952
8967.23,-81.505
8967.91,-80.029
8968.58,-81.970
8969.25,-80.837
8969.92,-80.831
8970.60,-80.531
8971.27,-80.044
8971.94,-81.903
8972.62,-81.086
8973.29,-82.076
8973.96,-81.098
8974.64,-81.073
8975.31,-81.242
8975.98,-80.747
8976.65,-81.066
8977.33,-83.530
8978.00,-81.014
8978.67,-81.365
8979.35,-82.358
8980.02,-81.827
8980.69,-81.736
8981.36,-81.291
8982.04,-81.916
8982.71,-83.338
8983.38,-81.331
8984.06,-80.563
8984.73,-81.508
8985.40,-81.368
8986.07,-80.960
8986.75,-80.646
8987.42,-81.241
8988.09,-82.184
8988.77,-82.690
8989.44,-80.890
8990.11,-81.361
8990.79,-82.853
8991.46,-82.498
8992.13,-82.927
8992.80,-81.693
8993.48,-83.470
8994.15,-82.829
8994.82,-80.729
8995.50,-82.140
8996.17,-82.689
8996.84,-82.288
8997.51,-81.255
8998.19,-81.664
8998.86,-82.990
8999.53,-80.606
9000.21,-82.379
9000.88,-81.779
9001.55,-82.457
9002.22,-81.803
9002.90,-82.184
9003.57,-82.726
9004.24,-81.522
9004.92,-81.173
9005.59,-82.473
9006.26,-82.080
9006.94,-81.932
9007.61,-82.534
9008.28,-82.626
9008.95,-83.333
9009.63,-83.427
9010.30,-82.729
9010.97,-83.021
9011.65,-83.420
9012.32,-81.583
9012.99,-82.778
9013.66,-82.144
9014.34,-82.572
9015.01,-82.379
9015.68,-83.857
9016.36,-83.924
9017.03,-82.604
9017.70,-82.320
9018.37,-84.420
9019.05,-83.505
9019.72,-83.116
9020.39,-84.182
9021.07,-82.558
9021.74,-83.522
9022.41,-82.672
9023.09,-82.227
9023.76,-83.783
9024.43,-82.816
9025.10,-82.528
9025.78,-82.430
9026.45,-84.698
9027.12,-83.424
9027.80,-83.076
9028.47,-82.958
9029.14,-83.787
9029.81,-81.835
9030.49,-82.016
9031.16,-82.673
9031.83,-81.614
9032.51,-83.166
9033.18,-84.349
9033.85,-83.177
9034.52,-83.563
9035.20,-83.639
9035.87,-83.274
9036.54,-83.733
9037.22,-82.856
9037.89,-83.846
9038.56,-83.028
9039.23,-83.630
9039.91,-84.759
9040.58,-84.279
9041.25,-83.665
9041.93,-84.578
9042.60,-82.909
9043.27,-83.204
9043.95,-82.945
9044.62,-83.674
9045.29,-85.818
9045.96,-84.017
9046.64,-83.630
9047.31,-84.697
9047.98,-84.922
9048.66,-84.326
9049.33,-82.730
9050.00,-83.720
9050.67,-83.675
9051.35,-83.825
9052.02,-83.392
9052.69,-82.782
9053.37,-83.372
9054.04,-83.408
9054.71,-84.842
9055.38,-83.484
9056.06,-83.473
9056.73,-83.836
9057.40,-83.699
9058.08,-83.166
9058.75,-83.362
9059.42,-84.906
9060.10,-85.179
9060.77,-85.709
9061.44,-84.397
9062.11,-84.106
9062.79,-84.677
9063.46,-85.565
9064.13,-83.610
9064.81,-84.583
9065.48,-83.388
9066.15,-83.209
9066.82,-84.396
9067.50,-83.899
9068.17,-84.345
9068.84,-83.809
9069.52,-82.679
9070.19,-84.063
9070.86,-84.578
9071.53,-84.764
9072.21,-85.112
9072.88,-85.772
9073.55,-85.170
9074.23,-84.892
9074.90,-85.280
9075.57,-83.845
9076.25,-85.329
9076.92,-84.864
9077.59,-84.953
9078.26,-84.707
9078.94,-82.314
9079.61,-84.208
9080.28,-83.588
9080.96,-84.489
9081.63,-85.030
9082.30,-83.571
9082.97,-84.269
9083.65,-84.446
9084.32,-84.817
9084.99,-86.024
9085.67,-85.713
9086.34,-83.637
9087.01,-85.010
9087.68,-83.979
9088.36,-84.116
9089.03,-84.714
9089.70,-83.741
9090.38,-85.601
9091.05,-85.130
9091.72,-85.522
9092.40,-85.570
9093.07,-84.184
9093.74,-84.482
9094.41,-84.354
9095.09,-84.439
9095.76,-84.160
9096.43,-85.998
9097.11,-84.996
9097.78,-84.034
9098.45,-85.955
9099.12,-85.155
9099.80,-84.172
9100.47,-84.616
9101.14,-84.742
9101.82,-85.863
9102.49,-85.612
9103.16,-83.427
9103.83,-84.930
9104.51,-85.012
9105.18,-85.218
9105.85,-84.166
9106.53,-83.443
9107.20,-83.878
9107.87,-84.419
9108.54,-85.030
9109.22,-85.049
9109.89,-84.259
9110.56,-83.976
9111.24,-85.102
9111.91,-85.834
9112.58,-85.909
9113.26,-85.346
9113.93,-84.358
9114.60,-85.132
9115.27,-84.348
9115.95,-84.962
9116.62,-84.925
9117.29,-85.987
9117.97,-86.088
9118.64,-84.033
9119.31,-85.148
9119.98,-85.268
9120.66,-85.507
9121.33,-84.925
9122.00,-84.688
9122.68,-82.744
9123.35,-85.000
9124.02,-83.872
9124.69,-83.642
9125.37,-84.725
9126.04,-84.696
9126.71,-84.345
9127.39,-83.026
9128.06,-84.611
9128.73,-84.263
9129.41,-85.983
9130.08,-84.620
9130.75,-85.839
9131.42,-85.035
9132.10,-84.192
9132.77,-84.282
9133.44,-84.929
9134.12,-84.618
9134.79,-84.493
9135.46,-84.734
9136.13,-85.609
9136.81,-86.016
9137.48,-86.129
9138.15,-86.498
9138.83,-86.127
9139.50,-85.677
9140.17,-84.583
9140.84,-85.266
9141.52,-84.159
9142.19,-86.153
9142.86,-86.279
9143.54,-85.603
9144.21,-86.250
9144.88,-85.121
9145.56,-85.441
9146.23,-85.576
9146.90,-84.927
9147.57,-86.845
9148.25,-86.201
9148.92,-86.404
9149.59,-86.150
9150.27,-85.538
9150.94,-84.057
9151.61,-85.805
9152.28,-86.280
9152.96,-84.428
9153.63,-86.521
9154.30,-84.476
9154.98,-86.089
9155.65,-83.642
9156.32,-85.866
9156.99,-86.162
9157.67,-86.985
9158.34,-84.698
9159.01,-85.127
9159.69,-85.687
9160.36,-85.324
9161.03,-85.306
9161.71,-87.100
9162.38,-85.281
9163.05,-84.692
9163.72,-85.930
9164.40,-85.622
9165.07,-86.601
9165.74,-87.395
9166.42,-84.979
9167.09,-85.344
9167.76,-84.710
9168.43,-84.905
9169.11,-85.431
9169.78,-85.536
9170.45,-85.819
9171.13,-83.348
9171.80,-85.015
9172.47,-85.052
9173.14,-85.636
9173.82,-86.357
9174.49,-83.869
9175.16,-84.860
9175.84,-85.234
9176.51,-85.897
9177.18,-86.296
9177.85,-86.086
9178.53,-85.262
9179.20,-85.540
9179.87,-84.871
9180.55,-87.772
9181.22,-84.745
9181.89,-85.107
9182.57,-85.894
9183.24,-85.047
9183.91,-85.111
9184.58,-86.403
9185.26,-85.833
9185.93,-86.608
9186.60,-85.942
9187.28,-84.804
9187.95,-84.268
9188.62,-85.781
9189.29,-85.685
9189.97,-84.818
9190.64,-86.282
9191.31,-85.496
9191.99,-85.676
9192.66,-85.073
9193.33,-85.718
9194.00,-85.810
9194.68,-85.740
9195.35,-85.068
9196.02,-84.206
9196.70,-84.940
9197.37,-84.952
9198.04,-84.629
9198.72,-86.267
9199.39,-85.595
9200.06,-84.457
9200.73,-83.624
9201.41,-84.703
9202.08,-85.294
9202.75,-85.839
9203.43,-84.940
9204.10,-85.750
9204.77,-86.335
9205.44,-85.087
9206.12,-83.849
9206.79,-85.248
9207.46,-84.766
9208.14,-85.422
9208.81,-84.660
9209.48,-84.380
9210.15,-85.913
9210.83,-85.237
9211.50,-84.784
9212.17,-83.655
9212.85,-84.939
9213.52,-85.113
9214.19,-85.549
9214.87,-84.963
9215.54,-84.932
9216.21,-85.026
9216.88,-84.155
9217.56,-84.515
9218.23,-85.681
9218.90,-84.009
9219.58,-84.288
9220.25,-84.660
9220.92,-85.000
9221.59,-86.656
9222.27,-86.378
9222.94,-85.607
9223.61,-85.700
9224.29,-83.232
9224.96,-83.233
9225.63,-85.097
9226.30,-83.982
9226.98,-86.327
9227.65,-84.940
9228.32,-85.762
9229.00,-84.549
9229.67,-85.511
9230.34,-86.375
9231.02,-86.145
9231.69,-86.347
9232.36,-84.533
9233.03,-84.335
9233.71,-85.425
9234.38,-84.592
9235.05,-82.360
9235.73,-84.399
9236.40,-84.590
9237.07,-85.509
9237.74,-84.245
9238.42,-85.134
9239.09,-85.628
9239.76,-86.447
9240.44,-85.138
9241.11,-84.481
9241.78,-84.020
9242.45,-85.957
9243.13,-84.671
9243.80,-85.489
9244.47,-84.997
9245.15,-85.646
9245.82,-85.235
9246.49,-85.020
9247.16,-84.182
9247.84,-84.757
9248.51,-84.642
9249.18,-86.104
9249.86,-85.558
9250.53,-85.834
9251.20,-84.423
9251.88,-84.766
9252.55,-84.162
9253.22,-86.592
9253.89,-84.226
9254.57,-85.690
9255.24,-83.318
9255.91,-83.039
9256.59,-83.676
9257.26,-84.286
9257.93,-84.031
9258.60,-84.288
9259.28,-85.501
9259.95,-83.918
9260.62,-83.965
9261.30,-85.253
9261.97,-84.568
9262.64,-84.631
9263.31,-83.963
9263.99,-84.808
9264.66,-85.155
9265.33,-84.487
9266.01,-83.995
9266.68,-83.865
9267.35,-83.927
9268.03,-85.077
9268.70,-83.634
9269.37,-83.649
9270.04,-83.755
9270.72,-85.409
9271.39,-84.458
9272.06,-85.402
9272.74,-85.115
9273.41,-83.629
9274.08,-84.687
9274.75,-82.412
9275.43,-84.406
9276.10,-83.616
9276.77,-83.547
9277.45,-84.275
9278.12,-84.293
9278.79,-81.829
9279.46,-83.810
9280.14,-84.128
9280.81,-84.222
9281.48,-85.036
9282.16,-83.672
9282.83,-84.711
9283.50,-84.657
9284.18,-82.246
9284.85,-83.230
9285.52,-82.863
9286.19,-83.305
9286.87,-84.131
9287.54,-82.624
9288.21,-83.784
9288.89,-84.039
9289.56,-83.389
9290.23,-83.751
9290.90,-82.906
9291.58,-83.501
9292.25,-84.213
9292.92,-83.203
9293.60,-84.057
9294.27,-84.083
9294.94,-83.240
9295.61,-84.216
9296.29,-84.868
9296.96,-84.460
9297.63,-84.150
9298.31,-85.106
9298.98,-82.210
9299.65,-83.324
9300.33,-82.829
9301.00,-84.554
9301.67,-82.913
9302.34,-84.211
9303.02,-84.062
9303.69,-82.400
9304.36,-84.221
9305.04,-86.035
9305.71,-83.016
9306.38,-84.247
9307.05,-82.874
9307.73,-85.431
9308.40,-85.220
9309.07,-83.032
9309.75,-81.477
9310.42,-84.053
9311.09,-83.545
9311.76,-82.544
9312.44,-82.547
9313.11,-83.530
9313.78,-82.394
9314.46,-83.246
9315.13,-83.327
9315.80,-81.515
9316.47,-82.601
9317.15,-83.752
9317.82,-83.589
9318.49,-84.267
9319.17,-83.120
9319.84,-83.924
9320.51,-82.968
9321.19,-83.546
9321.86,-82.488
9322.53,-83.469
9323.20,-82.216
9323.88,-83.363
9324.55,-82.221
9325.22,-84.177
9325.90,-83.857
9326.57,-83.480
9327.24,-83.433
9327.91,-82.717
9328.59,-83.142
9329.26,-82.750
9329.93,-82.387
9330.61,-81.919
9331.28,-82.460
9331.95,-81.935
9332.62,-81.744
9333.30,-82.469
9333.97,-83.188
9334.64,-82.397
9335.32,-82.687
9335.99,-82.367
9336.66,-83.080
9337.34,-81.529
9338.01,-83.565
9338.68,-82.643
9339.35,-82.431
9340.03,-84.569
9340.70,-82.827
9341.37,-83.059
9342.05,-83.158
9342.72,-82.472
9343.39,-81.035
9344.06,-82.303
9344.74,-81.466
9345.41,-82.029
9346.08,-80.861
9346.76,-81.905
9347.43,-82.003
9348.10,-81.972
9348.77,-82.848
9349.45,-81.587
9350.12,-82.624
9350.79,-83.384
9351.47,-81.376
9352.14,-82.715
9352.81,-80.643
9353.49,-81.189
9354.16,-82.386
9354.83,-81.603
9355.50,-83.352
9356.18,-80.638
9356.85,-81.959
9357.52,-82.725
9358.20,-81.399
9358.87,-82.133
9359.54,-83.067
9360.21,-81.615
9360.89,-81.679
9361.56,-82.058
9362.23,-81.933
9362.91,-80.297
9363.58,-82.859
9364.25,-81.119
9364.92,-81.633
9365.60,-81.631
9366.27,-81.754
9366.94,-82.818
9367.62,-82.312
9368.29,-82.382
9368.96,-82.101
9369.64,-82.809
9370.31,-82.730
9370.98,-82.110
9371.65,-81.809
9372.33,-80.637
9373.00,-82.793
9373.67,-82.169
9374.35,-81.845
9375.02,-82.238
9375.69,-82.550
9376.36,-82.733
9377.04,-82.507
9377.71,-83.316
9378.38,-82.809
9379.06,-82.299
9379.73,-82.305
9380.40,-82.549
9381.07,-82.296
9381.75,-84.753
9382.42,-82.400
9383.09,-82.845
9383.77,-81.813
9384.44,-81.567
9385.11,-81.845
9385.78,-82.656
9386.46,-80.535
9387.13,-83.212
9387.80,-82.764
9388.48,-81.589
9389.15,-82.877
9389.82,-81.792
9390.50,-82.693
9391.17,-81.810
9391.84,-82.492
9392.51,-82.640
9393.19,-84.255
9393.86,-83.168
9394.53,-81.291
9395.21,-85.448
9395.88,-83.099
9396.55,-82.874
9397.22,-82.603
9397.90,-82.582
9398.57,-82.682
9399.24,-82.724
9399.92,-82.340
9400.59,-81.486
9401.26,-82.584
9401.93,-83.311
9402.61,-82.488
9403.28,-83.428
9403.95,-82.518
9404.63,-83.488
9405.30,-83.937
9405.97,-83.502
9406.65,-82.570
9407.32,-82.414
9407.99,-82.178
9408.66,-84.268
9409.34,-85.234
9410.01,-83.852
9410.68,-84.093
9411.36,-82.569
9412.03,-84.157
9412.70,-84.169
9413.37,-83.321
9414.05,-83.972
9414.72,-83.575
9415.39,-84.045
9416.07,-83.964
9416.74,-83.175
9417.41,-84.664
9418.08,-84.553
9418.76,-83.879
9419.43,-83.012
9420.10,-83.765
9420.78,-84.199
9421.45,-83.821
9422.12,-82.875
9422.80,-84.732
9423.47,-84.470
9424.14,-84.236
9424.81,-83.719
9425.49,-83.117
9426.16,-84.413
9426.83,-83.911
9427.51,-83.949
9428.18,-83.646
9428.85,-83.918
9429.52,-83.515
9430.20,-83.701
9430.87,-84.591
9431.54,-84.562
9432.22,-85.227
9432.89,-85.027
9433.56,-84.416
9434.23,-84.812
9434.91,-84.513
9435.58,-85.458
9436.25,-85.689
9436.93,-85.684
9437.60,-86.273
9438.27,-85.333
9438.95,-86.022
9439.62,-85.460
9440.29,-85.935
9440.96,-85.622
9441.64,-84.503
9442.31,-85.268
9442.98,-85.517
9443.66,-84.941
9444.33,-85.896
9445.00,-86.179
9445.67,-84.989
9446.35,-85.498
9447.02,-85.821
9447.69,-86.614
9448.37,-85.925
9449.04,-85.807
9449.71,-87.189
9450.38,-86.619
9451.06,-88.361
9451.73,-86.161
9452.40,-85.177
9453.08,-84.757
9453.75,-85.675
9454.42,-85.086
9455.09,-86.142
9455.77,-86.037
9456.44,-86.270
9457.11,-85.191
9457.79,-86.403
9458.46,-86.551
9459.13,-88.282
9459.81,-86.073
9460.48,-87.471
9461.15,-87.287
9461.82,-84.837
9462.50,-86.566
9463.17,-85.926
9463.84,-86.798
9464.52,-88.446
9465.19,-86.827
9465.86,-87.642
9466.53,-86.757
9467.21,-86.159
9467.88,-88.063
9468.55,-87.003
9469.23,-87.117
9469.90,-86.159
9470.57,-86.580
9471.24,-86.509
9471.92,-87.734
9472.59,-88.096
9473.26,-88.671
9473.94,-87.863
9474.61,-87.276
9475.28,-87.265
9475.96,-87.499
9476.63,-87.932
9477.30,-87.830
9477.97,-88.760
9478.65,-87.811
9479.32,-88.440
9479.99,-89.123
9480.67,-87.988
9481.34,-87.830
9482.01,-88.935
9482.68,-87.500
9483.36,-89.588
9484.03,-88.670
9484.70,-89.331
9485.38,-87.768
9486.05,-89.416
9486.72,-89.132
9487.39,-88.343
9488.07,-88.680
9488.74,-89.034
9489.41,-89.088
9490.09,-87.455
9490.76,-89.099
9491.43,-90.513
9492.11,-88.096
9492.78,-89.084
9493.45,-88.374
9494.12,-88.880
9494.80,-88.927
9495.47,-89.349
9496.14,-89.078
9496.82,-88.283
9497.49,-89.780
9498.16,-90.530
9498.83,-91.274
9499.51,-89.995
9500.18,-89.051
9500.85,-88.089
9501.53,-90.763
9502.20,-89.973
9502.87,-90.432
9503.54,-90.761
9504.22,-91.028
9504.89,-90.226
9505.56,-89.654
9506.24,-89.105
9506.91,-89.552
9507.58,-88.958
9508.26,-89.949
9508.93,-91.333
9509.60,-91.040
9510.27,-91.232
9510.95,-91.613
9511.62,-90.495
9512.29,-90.571
9512.97,-91.127
9513.64,-89.538
9514.31,-89.631
9514.98,-90.714
9515.66,-90.067
9516.33,-90.108
9517.00,-90.495
9517.68,-92.010
9518.35,-90.167
9519.02,-90.871
9519.69,-90.392
9520.37,-90.500
9521.04,-91.994
9521.71,-90.358
9522.39,-91.170
9523.06,-91.291
9523.73,-90.287
9524.40,-89.552
9525.08,-90.982
9525.75,-92.623
9526.42,-90.742
9527.10,-90.014
9527.77,-92.246
9528.44,-92.183
9529.12,-92.416
9529.79,-92.320
9530.46,-92.605
9531.13,-94.156
9531.81,-91.603
9532.48,-92.009
9533.15,-91.606
9533.83,-91.175
9534.50,-91.900
9535.17,-92.425
9535.84,-90.960
9536.52,-92.107
9537.19,-91.990
9537.86,-91.220
9538.54,-91.555
9539.21,-91.984
9539.88,-91.484
9540.55,-94.096
9541.23,-92.003
9541.90,-93.623
9542.57,-93.062
9543.25,-91.731
9543.92,-93.638
9544.59,-92.397
9545.27,-92.559
9545.94,-93.175
9546.61,-91.535
9547.28,-92.970
9547.96,-92.828
9548.63,-93.771
9549.30,-92.719
9549.98,-92.001
9550.65,-94.163
9551.32,-93.610
9551.99,-91.952
9552.67,-91.907
9553.34,-91.291
9554.01,-91.493
9554.69,-93.527
9555.36,-93.016
9556.03,-93.794
9556.70,-94.513
9557.38,-93.081
9558.05,-93.968
9558.72,-93.695
9559.40,-93.549
9560.07,-92.533
9560.74,-93.562
9561.42,-93.457
9562.09,-93.264
9562.76,-94.732
9563.43,-94.564
9564.11,-93.488
9564.78,-93.608
9565.45,-94.411
9566.13,-94.526
9566.80,-94.144
9567.47,-94.705
9568.14,-93.444
9568.82,-93.910
9569.49,-94.715
9570.16,-93.521
9570.84,-94.536
9571.51,-93.058
9572.18,-94.897
9572.85,-93.600
9573.53,-93.755
9574.20,-94.085
9574.87,-94.544
9575.55,-93.447
9576.22,-93.875
9576.89,-95.142
9577.57,-95.419
9578.24,-94.640
9578.91,-95.759
9579.58,-93.284
9580.26,-94.772
9580.93,-93.775
9581.60,-94.562
9582.28,-94.928
9582.95,-96.894
9583.62,-95.808
9584.29,-96.578
9584.97,-93.741
9585.64,-95.228
9586.31,-95.362
9586.99,-95.941
9587.66,-94.917
9588.33,-96.218
9589.00,-94.996
9589.68,-95.690
9590.35,-95.267
9591.02,-95.575
9591.70,-94.664
9592.37,-95.062
9593.04,-94.860
9593.71,-95.817
9594.39,-95.535
9595.06,-96.208
9595.73,-94.353
9596.41,-95.118
9597.08,-93.966
9597.75,-95.565
9598.43,-95.535
9599.10,-93.953
9599.77,-94.961
9600.44,-94.995
9601.12,-95.857
9601.79,-95.423
9602.46,-95.600
9603.14,-93.438
9603.81,-94.571
9604.48,-97.754
9605.15,-95.745
9605.83,-96.564
9606.50,-95.206
9607.17,-95.820
9607.85,-95.455
9608.52,-95.841
9609.19,-96.030
9609.86,-95.792
9610.54,-95.382
9611.21,-96.415
9611.88,-95.917
9612.56,-96.421
9613.23,-97.642
9613.90,-97.194
9614.58,-97.683
9615.25,-96.209
9615.92,-96.606
9616.59,-96.381
9617.27,-96.049
9617.94,-97.133
9618.61,-97.954
9619.29,-96.944
9619.96,-96.256
9620.63,-95.118
9621.30,-97.871
9621.98,-95.665
9622.65,-96.074
9623.32,-95.372
9624.00,-94.802
9624.67,-97.339
9625.34,-97.736
9626.01,-96.483
9626.69,-96.981
9627.36,-96.285
9628.03,-96.915
9628.71,-95.695
9629.38,-96.642
9630.05,-95.961
9630.73,-96.771
9631.40,-96.828
9632.07,-96.976
9632.74,-97.644
9633.42,-98.784
9634.09,-98.140
9634.76,-97.312
9635.44,-96.246
9636.11,-96.059
9636.78,-98.728
9637.45,-97.984
9638.13,-98.061
9638.80,-96.670
9639.47,-96.874
9640.15,-97.775
9640.82,-97.109
9641.49,-97.893
9642.16,-97.946
9642.84,-97.341
9643.51,-97.791
9644.18,-97.923
9644.86,-97.553
9645.53,-97.542
9646.20,-97.294
9646.88,-96.864
9647.55,-98.240
9648.22,-98.505
9648.89,-97.251
9649.57,-97.255
9650.24,-98.119
9650.91,-97.915
9651.59,-97.549
9652.26,-97.080
9652.93,-98.540
9653.60,-98.037
9654.28,-99.016
9654.95,-96.613
9655.62,-97.280
9656.30,-97.137
9656.97,-98.934
9657.64,-97.475
9658.31,-98.656
9658.99,-98.391
9659.66,-98.018
9660.33,-98.858
9661.01,-98.172
9661.68,-97.887
9662.35,-98.141
9663.02,-98.739
9663.70,-97.797
9664.37,-98.214
9665.04,-98.786
9665.72,-98.406
9666.39,-97.845
9667.06,-98.169
9667.74,-97.960
9668.41,-98.974
9669.08,-99.300
9669.75,-98.862
9670.43,-97.853
9671.10,-98.518
9671.77,-98.579
9672.45,-97.455
9673.12,-99.033
9673.79,-98.752
9674.46,-100.497
9675.14,-97.805
9675.81,-99.320
9676.48,-98.094
9677.16,-98.776
9677.83,-97.533
9678.50,-99.385
9679.17,-98.091
9679.85,-99.921
9680.52,-99.596
9681.19,-98.976
9681.87,-97.048
9682.54,-98.703
9683.21,-98.922
9683.89,-98.366
9684.56,-99.953
9685.23,-99.217
9685.90,-98.840
9686.58,-99.098
9687.25,-98.293
9687.92,-99.550
9688.60,-98.240
9689.27,-98.572
9689.94,-99.350
9690.61,-98.456
9691.29,-98.741
9691.96,-99.034
9692.63,-98.982
9693.31,-99.460
9693.98,-100.992
9694.65,-99.987
9695.32,-98.411
9696.00,-100.067
9696.67,-99.037
9697.34,-100.711
9698.02,-101.281
9698.69,-100.669
9699.36,-99.602
9700.04,-97.937
9700.71,-99.803
9701.38,-99.130
9702.05,-99.161
9702.73,-99.608
9703.40,-98.664
9704.07,-98.825
9704.75,-98.760
9705.42,-99.942
9706.09,-99.318
9706.76,-100.668
9707.44,-98.810
9708.11,-98.648
9708.78,-100.704
9709.46,-100.951
9710.13,-100.357
9710.80,-99.790
9711.47,-99.936
9712.15,-99.058
9712.82,-99.897
9713.49,-99.457
9714.17,-99.101
9714.84,-100.387
9715.51,-100.639
9716.18,-99.891
9716.86,-101.822
9717.53,-99.775
9718.20,-100.176
9718.88,-99.881
9719.55,-99.297
9720.22,-100.562
9720.90,-101.347
9721.57,-101.007
9722.24,-100.466
9722.91,-100.165
9723.59,-102.292
9724.26,-101.030
9724.93,-100.368
9725.61,-100.832
9726.28,-100.039
9726.95,-100.577
9727.62,-99.097
9728.30,-100.435
9728.97,-99.817
9729.64,-101.758
9730.32,-100.351
9730.99,-100.000
9731.66,-102.411
9732.33,-99.968
9733.01,-101.400
9733.68,-99.634
9734.35,-100.568
9735.03,-101.015
9735.70,-100.600
9736.37,-100.490
9737.05,-102.068
9737.72,-99.940
9738.39,-100.866
9739.06,-100.335
9739.74,-99.891
9740.41,-101.463
9741.08,-101.443
9741.76,-99.997
9742.43,-98.980
9743.10,-100.064
9743.77,-99.290
9744.45,-100.062
9745.12,-100.152
9745.79,-100.789
9746.47,-102.061
9747.14,-101.184
9747.81,-100.278
9748.48,-101.218
9749.16,-100.878
9749.83,-100.110
9750.50,-101.947
9751.18,-101.012
9751.85,-101.078
9752.52,-100.394
9753.20,-101.550
9753.87,-101.144
9754.54,-101.124
9755.21,-101.484
9755.89,-101.136
9756.56,-101.971
9757.23,-101.450
9757.91,-101.437
9758.58,-101.596
9759.25,-100.287
9759.92,-99.294
9760.60,-100.043
9761.27,-100.882
9761.94,-100.601
9762.62,-101.336
9763.29,-99.636
9763.96,-100.293
9764.63,-100.448
9765.31,-101.424
9765.98,-100.782
9766.65,-101.188
9767.33,-101.485
9768.00,-100.820
9768.67,-101.287
9769.35,-101.058
9770.02,-100.779
9770.69,-101.755
9771.36,-100.985
9772.04,-102.424
9772.71,-101.433
9773.38,-100.631
9774.06,-101.731
9774.73,-102.217
9775.40,-100.360
9776.07,-100.533
9776.75,-101.500
9777.42,-102.563
9778.09,-100.387
9778.77,-100.861
9779.44,-100.242
9780.11,-101.027
9780.78,-101.949
9781.46,-101.067
9782.13,-101.862
9782.80,-101.057
9783.48,-101.932
9784.15,-101.443
9784.82,-100.075
9785.49,-100.467
9786.17,-102.658
9786.84,-101.119
9787.51,-102.153
9788.19,-101.352
9788.86,-102.501
9789.53,-101.705
9790.21,-102.956
9790.88,-102.550
9791.55,-101.257
9792.22,-101.158
9792.90,-102.705
9793.57,-102.373
9794.24,-101.046
9794.92,-101.302
9795.59,-101.642
9796.26,-101.625
9796.93,-101.981
9797.61,-101.001
9798.28,-101.605
9798.95,-101.407
9799.63,-101.905
9800.30,-101.491
9800.97,-101.999
9801.64,-101.998
9802.32,-101.848
9802.99,-103.205
9803.66,-101.642
9804.34,-101.696
9805.01,-102.337
9805.68,-100.478
9806.36,-101.330
9807.03,-101.779
9807.70,-101.642
9808.37,-103.179
9809.05,-101.686
9809.72,-101.158
9810.39,-101.034
9811.07,-101.650
9811.74,-103.276
9812.41,-101.285
9813.08,-101.123
9813.76,-101.641
9814.43,-102.083
9815.10,-102.667
9815.78,-101.411
9816.45,-103.467
9817.12,-103.310
9817.79,-102.094
9818.47,-101.421
9819.14,-101.129
9819.81,-101.855
9820.49,-102.635
9821.16,-102.913
9821.83,-101.746
9822.51,-102.365
9823.18,-100.934
9823.85,-103.192
9824.52,-103.127
9825.20,-103.251
9825.87,-102.640
9826.54,-102.748
9827.22,-102.685
9827.89,-103.237
9828.56,-101.491
9829.23,-103.059
9829.91,-103.158
9830.58,-102.704
9831.25,-102.396
9831.93,-102.078
9832.60,-102.032
9833.27,-103.464
9833.94,-102.505
9834.62,-103.014
9835.29,-101.772
9835.96,-102.537
9836.64,-102.767
9837.31,-103.288
9837.98,-102.249
9838.66,-103.138
9839.33,-102.931
9840.00,-102.788
9840.67,-104.469
9841.35,-102.144
9842.02,-102.324
9842.69,-104.258
9843.37,-103.234
9844.04,-103.127
9844.71,-102.162
9845.38,-104.153
9846.06,-103.525
9846.73,-103.320
9847.40,-103.328
9848.08,-103.488
9848.75,-102.912
9849.42,-103.207
9850.09,-103.991
9850.77,-103.053
9851.44,-102.853
9852.11,-104.570
9852.79,-104.213
9853.46,-104.651
9854.13,-104.389
9854.80,-104.204
9855.48,-103.885
9856.15,-103.464
9856.82,-103.727
9857.50,-102.941
9858.17,-104.421
9858.84,-102.589
9859.52,-103.163
9860.19,-103.707
9860.86,-104.245
9861.53,-103.188
9862.21,-104.860
9862.88,-104.829
9863.55,-103.159
9864.23,-103.026
9864.90,-102.474
9865.57,-103.028
9866.24,-103.972
9866.92,-102.767
9867.59,-104.452
9868.26,-104.054
9868.94,-104.254
9869.61,-104.533
9870.28,-103.962
9870.95,-104.013
9871.63,-104.386
9872.30,-103.453
9872.97,-103.158
9873.65,-104.309
9874.32,-104.701
9874.99,-104.170
9875.67,-102.341
9876.34,-103.479
9877.01,-103.839
9877.68,-104.429
9878.36,-104.176
9879.03,-105.027
9879.70,-105.159
9880.38,-104.733
9881.05,-102.567
9881.72,-104.694
9882.39,-104.347
9883.07,-104.480
9883.74,-104.248
9884.41,-103.808
9885.09,-104.745
9885.76,-103.778
9886.43,-104.770
9887.10,-104.794
9887.78,-105.283
9888.45,-103.497
9889.12,-105.064
9889.80,-104.063
9890.47,-104.368
9891.14,-105.578
9891.82,-104.279
9892.49,-105.720
9893.16,-104.186
9893.83,-104.803
9894.51,-104.996
9895.18,-105.529
9895.85,-104.083
9896.53,-104.898
9897.20,-105.298
9897.87,-104.618
9898.54,-103.846
9899.22,-105.356
9899.89,-105.033
9900.56,-105.559
9901.24,-104.357
9901.91,-105.359
9902.58,-104.975
9903.25,-104.852
9903.93,-104.470
9904.60,-105.205
9905.27,-105.397
9905.95,-105.322
9906.62,-105.694
9907.29,-106.500
9907.97,-106.300
9908.64,-106.259
9909.31,-105.481
9909.98,-106.433
9910.66,-107.030
9911.33,-105.744
9912.00,-106.293
9912.68,-105.710
9913.35,-105.395
9914.02,-104.964
9914.69,-105.623
9915.37,-106.457
9916.04,-105.852
9916.71,-106.171
9917.39,-105.849
9918.06,-105.813
9918.73,-106.144
9919.40,-105.903
9920.08,-106.693
9920.75,-106.351
9921.42,-105.725
9922.10,-105.960
9922.77,-106.481
9923.44,-106.613
9924.11,-106.255
9924.79,-106.395
9925.46,-106.540
9926.13,-107.285
9926.81,-106.673
9927.48,-106.481
9928.15,-106.729
9928.83,-105.650
9929.50,-105.586
9930.17,-106.240
9930.84,-106.940
9931.52,-106.086
9932.19,-105.935
9932.86,-105.802
9933.54,-105.820
9934.21,-107.131
9934.88,-106.511
9935.55,-106.532
9936.23,-106.208
9936.90,-106.911
9937.57,-107.141
9938.25,-106.344
9938.92,-107.439
9939.59,-106.978
9940.26,-106.879
9940.94,-105.998
9941.61,-107.325
9942.28,-105.753
9942.96,-107.119
9943.63,-107.543
9944.30,-107.076
9944.98,-107.067
9945.65,-106.433
9946.32,-107.332
9946.99,-107.314
9947.67,-107.246
9948.34,-107.157
9949.01,-107.037
9949.69,-107.998
9950.36,-107.068
9951.03,-107.207
9951.70,-108.555
9952.38,-107.466
9953.05,-107.771
9953.72,-107.160
9954.40,-107.880
9955.07,-106.966
9955.74,-107.721
9956.41,-107.147
9957.09,-107.282
9957.76,-107.602
9958.43,-107.720
9959.11,-107.923
9959.78,-107.103
9960.45,-108.173
9961.13,-108.367
9961.80,-107.937
9962.47,-108.114
9963.14,-108.018
9963.82,-108.647
9964.49,-107.800
9965.16,-107.869
9965.84,-108.330
9966.51,-108.247
9967.18,-107.348
9967.85,-107.999
9968.53,-107.970
9969.20,-108.703
9969.87,-108.217
9970.55,-108.196
9971.22,-108.282
9971.89,-107.944
9972.56,-108.277
9973.24,-107.856
9973.91,-108.472
9974.58,-108.217
9975.26,-108.204
9975.93,-108.045
9976.60,-109.101
9977.28,-108.655
9977.95,-108.895
9978.62,-108.123
9979.29,-107.295
9979.97,-108.555
9980.64,-108.784
9981.31,-109.096
9981.99,-109.165
9982.66,-108.361
9983.33,-108.720
9984.00,-108.728
9984.68,-108.705
9985.35,-109.582
9986.02,-107.892
9986.70,-109.532
9987.37,-108.491
9988.04,-109.281
9988.71,-108.425
9989.39,-108.537
9990.06,-108.952
9990.73,-108.745
9991.41,-108.662
9992.08,-110.104
9992.75,-108.494
9993.42,-109.239
9994.10,-109.777
9994.77,-108.824
9995.44,-108.953
9996.12,-108.480
9996.79,-108.739
9997.46,-109.010
9998.14,-108.050
9998.81,-108.953
9999.48,-108.965
10000.15,-108.082
10000.83,-109.157
10001.50,-108.824
10002.17,-109.593
10002.85,-108.954
10003.52,-109.070
10004.19,-108.592
10004.86,-109.877
10005.54,-109.170
10006.21,-109.493
10006.88,-109.014
10007.56,-109.598
10008.23,-109.165
10008.90,-109.753
10009.57,-108.431
10010.25,-109.610
10010.92,-109.413
10011.59,-109.331
10012.27,-108.677
10012.94,-109.526
10013.61,-108.793
10014.29,-109.545
10014.96,-108.774
10015.63,-109.611
10016.30,-109.843
10016.98,-109.246
10017.65,-109.649
10018.32,-109.299
10019.00,-109.774
10019.67,-109.749
10020.34,-109.900
10021.01,-109.826
10021.69,-109.631
10022.36,-110.165
10023.03,-109.792
10023.71,-109.658
10024.38,-109.802
10025.05,-109.420
10025.72,-110.098
10026.40,-109.915
10027.07,-109.997
10027.74,-110.339
10028.42,-109.927
10029.09,-109.757
10029.76,-109.716
10030.44,-109.643
10031.11,-110.447
10031.78,-109.822
10032.45,-109.263
10033.13,-109.560
10033.80,-109.335
10034.47,-109.368
10035.15,-109.649
10035.82,-110.251
10036.49,-110.500
10037.16,-110.128
10037.84,-110.172
10038.51,-109.613
10039.18,-110.014
10039.86,-109.954
10040.53,-110.156
10041.20,-109.884
10041.87,-110.088
10042.55,-110.350
10043.22,-110.062
10043.89,-110.148
10044.57,-109.779
10045.24,-109.910
10045.91,-110.245
10046.59,-110.412
10047.26,-110.094
10047.93,-110.174
10048.60,-110.043
10049.28,-110.115
10049.95,-109.960
10050.62,-110.004
10051.30,-110.115
10051.97,-109.684
10052.64,-109.743
10053.31,-110.128
10053.99,-109.869
10054.66,-109.805
10055.33,-110.344
10056.01,-110.305
10056.68,-110.158
10057.35,-110.426
10058.02,-110.302
10058.70,-110.204
10059.37,-110.343
10060.04,-110.396
10060.72,-110.282
10061.39,-110.581
10062.06,-110.447
10062.73,-110.013
10063.41,-109.831
10064.08,-110.135
10064.75,-110.161
10065.43,-110.216
10066.10,-110.380
10066.77,-110.167
10067.45,-110.334
10068.12,-110.286
10068.79,-110.268
10069.46,-110.128
10070.14,-110.380
10070.81,-110.526
10071.48,-110.522
10072.16,-110.552
10072.83,-110.436
10073.50,-110.152
10074.17,-110.523
10074.85,-110.450
10075.52,-110.783
10076.19,-110.851
10076.87,-110.516
10077.54,-110.269
10078.21,-110.487
10078.88,-110.280
10079.56,-110.626
10080.23,-110.410
10080.90,-110.616
10081.58,-110.583
10082.25,-110.504
10082.92,-110.585
10083.60,-110.660
10084.27,-110.342
10084.94,-110.587
10085.61,-110.691
10086.29,-110.169
10086.96,-110.473
10087.63,-110.266
10088.31,-110.715
10088.98,-110.783
10089.65,-110.485
10090.32,-110.646
10091.00,-110.722
10091.67,-110.377
10092.34,-110.643
10093.02,-110.630
10093.69,-110.531
10094.36,-110.428
10095.03,-110.606
10095.71,-110.673
10096.38,-110.943
10097.05,-110.432
10097.73,-110.497
10098.40,-110.835
10099.07,-110.442
10099.75,-110.907
10100.42,-110.463
10101.09,-110.365
10101.76,-110.774
10102.44,-110.710
10103.11,-110.386
10103.78,-110.508
10104.46,-110.779
10105.13,-110.686
10105.80,-110.318
10106.47,-110.496
10107.15,-110.240
10107.82,-110.685
10108.49,-111.012
10109.17,-110.689
10109.84,-110.538
10110.51,-110.732
10111.18,-110.568
10111.86,-110.645
10112.53,-110.697
10113.20,-110.819
10113.88,-110.983
10114.55,-110.871
10115.22,-110.735
10115.90,-110.792
10116.57,-110.661
10117.24,-110.653
10117.91,-111.038
10118.59,-110.588
10119.26,-110.503
10119.93,-110.563
10120.61,-110.817
10121.28,-110.972
10121.95,-110.794
10122.62,-110.659
10123.30,-110.591
10123.97,-110.775
10124.64,-110.588
10125.32,-110.631
10125.99,-110.820
10126.66,-110.524
10127.33,-110.672
10128.01,-110.593
10128.68,-110.687
10129.35,-110.558
10130.03,-110.762
10130.70,-110.485
10131.37,-110.706
10132.04,-110.770
10132.72,-110.725
10133.39,-110.960
10134.06,-110.882
10134.74,-110.739
10135.41,-110.599
10136.08,-110.848
10136.76,-110.684
10137.43,-110.704
10138.10,-110.921
10138.77,-110.797
10139.45,-111.104
10140.12,-110.788
10140.79,-110.785
10141.47,-110.946
10142.14,-110.933
10142.81,-110.963
10143.48,-110.752
10144.16,-110.854
10144.83,-110.828
10145.50,-110.898
10146.18,-110.944
10146.85,-110.701
10147.52,-110.772
10148.19,-110.671
10148.87,-110.765
10149.54,-110.883
10150.21,-110.964
10150.89,-110.755
10151.56,-110.829
10152.23,-110.874
10152.91,-110.963
10153.58,-110.831
10154.25,-110.620
10154.92,-110.754
10155.60,-110.915
10156.27,-110.829
10156.94,-110.885
10157.62,-110.746
10158.29,-110.644
10158.96,-110.946
10159.63,-110.959
10160.31,-110.921
10160.98,-110.845
10161.65,-110.888
10162.33,-110.888
10163.00,-110.968
10163.67,-110.804
10164.34,-110.896
10165.02,-110.958
10165.69,-110.708
10166.36,-110.841
10167.04,-110.856
10167.71,-111.028
10168.38,-110.941
10169.06,-110.868
10169.73,-110.956
10170.40,-110.992
10171.07,-110.698
10171.75,-110.884
10172.42,-110.729
10173.09,-110.993
10173.77,-110.857
10174.44,-110.937
10175.11,-110.766
10175.78,-110.991
10176.46,-110.912
10177.13,-110.873
10177.80,-110.919
10178.48,-110.850
10179.15,-110.838
10179.82,-110.806
10180.49,-110.849
10181.17,-110.951
10181.84,-110.862
10182.51,-110.773
10183.19,-110.868
10183.86,-111.001
10184.53,-110.829
10185.21,-110.781
10185.88,-110.970
10186.55,-110.980
10187.22,-110.985
10187.90,-110.980
10188.57,-110.920
10189.24,-110.999
10189.92,-110.758
10190.59,-110.902
10191.26,-110.863
10191.93,-110.991
10192.61,-110.797
10193.28,-110.787
10193.95,-110.999
10194.63,-110.960
10195.30,-110.917
10195.97,-110.825
10196.64,-110.903
10197.32,-110.926
10197.99,-110.849
10198.66,-110.913
10199.34,-111.038
10200.01,-111.041
10200.68,-110.925
10201.35,-110.884
10202.03,-110.905
10202.70,-110.894
10203.37,-110.927
10204.05,-110.928
10204.72,-110.856
10205.39,-110.895
10206.07,-110.995
10206.74,-110.851
10207.41,-110.997
10208.08,-110.925
10208.76,-110.929
10209.43,-110.901
10210.10,-110.887
10210.78,-111.039
10211.45,-110.961
10212.12,-111.021
10212.79,-110.838
10213.47,-110.981
10214.14,-110.900
10214.81,-111.129
10215.49,-111.011
10216.16,-110.888
10216.83,-110.915
10217.50,-110.950
10218.18,-110.950
10218.85,-110.999
10219.52,-110.933
10220.20,-110.910
10220.87,-110.971
10221.54,-110.977
10222.22,-110.905
10222.89,-110.928
10223.56,-110.928
10224.23,-111.004
10224.91,-110.901
10225.58,-110.977
10226.25,-110.983
10226.93,-110.970
10227.60,-110.955
10228.27,-110.970
10228.94,-111.039
10229.62,-110.965
10230.29,-111.016
10230.96,-111.057
10231.64,-111.007
10232.31,-110.967
10232.98,-111.047
10233.65,-110.907
10234.33,-111.052
10235.00,-111.025
10235.67,-110.918
10236.35,-110.976
10237.02,-110.985
10237.69,-110.955
10238.37,-110.939
10239.04,-111.046
10239.71,-111.018
10240.38,-111.035
10241.06,-111.018
10241.73,-111.023
10242.40,-111.034
10243.08,-111.031
10243.75,-111.003
10244.42,-110.924
10245.09,-110.940
10245.77,-111.088
10246.44,-110.907
10247.11,-110.872
10247.79,-110.990
10248.46,-110.866
10249.13,-110.981
10249.80,-110.956
10250.48,-110.974
10251.15,-111.038
10251.82,-111.064
10252.50,-111.012
10253.17,-111.077
10253.84,-110.969
10254.52,-111.033
10255.19,-110.938
10255.86,-110.995
10256.53,-111.043
10257.21,-110.954
10257.88,-110.919
10258.55,-110.946
10259.23,-110.996
10259.90,-110.968
10260.57,-110.962
10261.24,-110.995
10261.92,-110.992
10262.59,-111.012
10263.26,-111.050
10263.94,-111.043
10264.61,-111.045
10265.28,-111.022
10265.95,-110.972
10266.63,-111.103
10267.30,-110.969
10267.97,-111.012
10268.65,-110.979
10269.32,-110.974
10269.99,-111.051
10270.66,-111.018
10271.34,-111.012
10272.01,-111.010
10272.68,-110.997
10273.36,-111.007
10274.03,-111.016
10274.70,-110.981
10275.38,-111.023
10276.05,-111.034
10276.72,-111.016
10277.39,-110.982
10278.07,-110.979
10278.74,-111.069
10279.41,-111.047
10280.09,-110.990
10280.76,-111.029
10281.43,-111.037
10282.10,-110.971
10282.78,-111.017
10283.45,-110.980
10284.12,-111.011
10284.80,-110.994
10285.47,-111.037
10286.14,-111.051
10286.81,-111.019
10287.49,-111.025
10288.16,-111.070
10288.83,-111.073
10289.51,-111.044
10290.18,-111.059
10290.85,-110.977
10291.53,-111.017
10292.20,-111.054
10292.87,-111.070
10293.54,-111.086
10294.22,-111.041
10294.89,-111.082
10295.56,-111.021
10296.24,-111.057
10296.91,-111.057
10297.58,-111.056
10298.25,-111.038
10298.93,-111.018
10299.60,-111.062
10300.27,-111.046
10300.95,-111.043
10301.62,-111.054
10302.29,-111.004
10302.96,-111.045
10303.64,-111.045
10304.31,-111.075
10304.98,-111.027
10305.66,-111.059
10306.33,-111.067
10307.00,-111.058
10307.68,-110.999
10308.35,-111.032
10309.02,-111.051
10309.69,-111.019
10310.37,-111.073
10311.04,-111.038
10311.71,-111.025
10312.39,-111.046
10313.06,-111.030
10313.73,-111.061
10314.40,-111.044
10315.08,-111.045
10315.75,-111.025
10316.42,-111.067
10317.10,-111.044
10317.77,-111.063
10318.44,-111.084
10319.11,-111.076
10319.79,-111.079
10320.46,-111.038
10321.13,-111.033
10321.81,-111.052
10322.48,-111.054
10323.15,-111.068
10323.83,-111.074
10324.50,-111.058
10325.17,-111.050
10325.84,-111.055
10326.52,-111.051
10327.19,-111.040
10327.86,-111.058
10328.54,-111.071
10329.21,-111.083
10329.88,-111.045
10330.55,-111.090
10331.23,-111.054
10331.90,-111.035
10332.57,-111.070
10333.25,-111.073
10333.92,-111.077
10334.59,-111.041
10335.26,-111.045
10335.94,-111.060
10336.61,-111.046
10337.28,-111.054
10337.96,-111.081
10338.63,-111.077
10339.30,-111.066
10339.97,-111.052
10340.65,-111.041
10341.32,-111.070
10341.99,-111.071
10342.67,-111.064
10343.34,-111.075
10344.01,-111.098
10344.69,-111.053
10345.36,-111.084
10346.03,-111.022
10346.70,-111.046
10347.38,-111.029
10348.05,-111.051
10348.72,-111.059
10349.40,-111.066
10350.07,-111.070
10350.74,-111.058
10351.41,-111.056
10352.09,-111.051
10352.76,-111.056
10353.43,-111.073
10354.11,-111.062
10354.78,-111.063
10355.45,-111.056
10356.12,-111.049
10356.80,-111.058
10357.47,-111.077
10358.14,-111.068
10358.82,-111.069
10359.49,-111.061
10360.16,-111.082
10360.84,-111.070
10361.51,-111.055
10362.18,-111.083
10362.85,-111.062
10363.53,-111.097
10364.20,-111.085
10364.87,-111.074
10365.55,-111.070
10366.22,-111.092
10366.89,-111.075
10367.56,-111.077
10368.24,-111.081
10368.91,-111.060
10369.58,-111.066
10370.26,-111.078
10370.93,-111.073
10371.60,-111.050
10372.27,-111.081
10372.95,-111.071
10373.62,-111.080
10374.29,-111.093
10374.97,-111.075
10375.64,-111.087
10376.31,-111.052
10376.99,-111.101
10377.66,-111.074
10378.33,-111.098
10379.00,-111.084
10379.68,-111.084
10380.35,-111.071
10381.02,-111.078
10381.70,-111.080
10382.37,-111.094
10383.04,-111.073
10383.71,-111.077
10384.39,-111.081
10385.06,-111.078
10385.73,-111.094
10386.41,-111.076
10387.08,-111.088
10387.75,-111.079
10388.42,-111.088
10389.10,-111.092
10389.77,-111.076
10390.44,-111.104
10391.12,-111.088
10391.79,-111.075
10392.46,-111.091
10393.14,-111.082
10393.81,-111.078
10394.48,-111.090
10395.15,-111.095
10395.83,-111.078
10396.50,-111.094
10397.17,-111.111
10397.85,-111.090
10398.52,-111.079
10399.19,-111.095
10399.86,-111.085
10400.54,-111.081
10401.21,-111.074
10401.88,-111.086
10402.56,-111.080
10403.23,-111.093
10403.90,-111.109
10404.57,-111.087
10405.25,-111.091
10405.92,-111.112
10406.59,-111.087
10407.27,-111.101
10407.94,-111.098
10408.61,-111.086
10409.28,-111.106
10409.96,-111.086
10410.63,-111.096
10411.30,-111.109
10411.98,-111.093
10412.65,-111.092
10413.32,-111.095
10414.00,-111.095
10414.67,-111.100
10415.34,-111.089
10416.01,-111.096
10416.69,-111.111
10417.36,-111.112
10418.03,-111.092
10418.71,-111.082
10419.38,-111.094
10420.05,-111.096
10420.72,-111.091
10421.40,-111.084
10422.07,-111.098
10422.74,-111.082
10423.42,-111.112
10424.09,-111.099
10424.76,-111.100
10425.43,-111.095
10426.11,-111.102
10426.78,-111.097
10427.45,-111.098
10428.13,-111.104
10428.80,-111.108
10429.47,-111.099
10430.15,-111.086
10430.82,-111.102
10431.49,-111.108
10432.16,-111.102
10432.84,-111.104
10433.51,-111.104
10434.18,-111.101
10434.86,-111.101
10435.53,-111.116
10436.20,-111.107
10436.87,-111.105
10437.55,-111.087
10438.22,-111.116
10438.89,-111.115
10439.57,-111.119
10440.24,-111.099
10440.91,-111.113
10441.58,-111.107
10442.26,-111.104
10442.93,-111.108
10443.60,-111.107
10444.28,-111.110
10444.95,-111.108
10445.62,-111.108
10446.30,-111.102
10446.97,-111.104
10447.64,-111.121
10448.31,-111.102
10448.99,-111.103
10449.66,-111.111
10450.33,-111.113
10451.01,-111.104
10451.68,-111.106
10452.35,-111.105
10453.02,-111.111
10453.70,-111.112
10454.37,-111.109
10455.04,-111.121
10455.72,-111.116
10456.39,-111.112
10457.06,-111.116
10457.73,-111.121
10458.41,-111.118
10459.08,-111.123
10459.75,-111.106
10460.43,-111.127
10461.10,-111.112
10461.77,-111.122
10462.45,-111.107
10463.12,-111.118
10463.79,-111.103
10464.46,-111.111
10465.14,-111.115
10465.81,-111.112
10466.48,-111.122
10467.16,-111.112
10467.83,-111.117
10468.50,-111.115
10469.17,-111.114
10469.85,-111.113
10470.52,-111.117
10471.19,-111.118
10471.87,-111.124
10472.54,-111.120
10473.21,-111.122
10473.88,-111.113
10474.56,-111.118
10475.23,-111.122
10475.90,-111.117
10476.58,-111.118
10477.25,-111.126
10477.92,-111.125
10478.59,-111.121
10479.27,-111.114
10479.94,-111.129
10480.61,-111.121
10481.29,-111.127
10481.96,-111.120
10482.63,-111.115
10483.31,-111.128
10483.98,-111.122
10484.65,-111.117
10485.32,-111.126
10486.00,-111.123
10486.67,-111.128
10487.34,-111.119
10488.02,-111.123
10488.69,-111.129
10489.36,-111.125
10490.03,-111.125
10490.71,-111.128
10491.38,-111.125
10492.05,-111.133
10492.73,-111.123
10493.40,-111.126
10494.07,-111.131
10494.74,-111.132
10495.42,-111.117
10496.09,-111.124
10496.76,-111.126
10497.44,-111.134
10498.11,-111.130
10498.78,-111.132
10499.46,-111.127
10500.13,-111.126
10500.80,-111.130
10501.47,-111.128
10502.15,-111.128
10502.82,-111.126
10503.49,-111.127
10504.17,-111.124
10504.84,-111.127
10505.51,-111.130
10506.18,-111.131
10506.86,-111.131
10507.53,-111.137
10508.20,-111.132
10508.88,-111.131
10509.55,-111.132
10510.22,-111.127
10510.89,-111.130
10511.57,-111.129
10512.24,-111.133
10512.91,-111.135
10513.59,-111.135
10514.26,-111.138
10514.93,-111.134
10515.61,-111.132
10516.28,-111.140
10516.95,-111.134
10517.62,-111.134
10518.30,-111.137
10518.97,-111.126
10519.64,-111.129
10520.32,-111.134
10520.99,-111.135
10521.66,-111.129
10522.33,-111.134
10523.01,-111.136
10523.68,-111.136
10524.35,-111.138
10525.03,-111.134
10525.70,-111.136
10526.37,-111.136
10527.04,-111.132
10527.72,-111.133
10528.39,-111.135
10529.06,-111.134
10529.74,-111.137
10530.41,-111.137
10531.08,-111.142
10531.76,-111.136
10532.43,-111.128
10533.10,-111.138
10533.77,-111.135
10534.45,-111.129
10535.12,-111.145
10535.79,-111.138
10536.47,-111.141
10537.14,-111.142
10537.81,-111.143
10538.48,-111.142
10539.16,-111.137
10539.83,-111.141
10540.50,-111.138
10541.18,-111.142
10541.85,-111.140
10542.52,-111.142
10543.19,-111.138
10543.87,-111.142
10544.54,-111.142
10545.21,-111.143
10545.89,-111.142
10546.56,-111.142
10547.23,-111.147
10547.90,-111.144
10548.58,-111.144
10549.25,-111.142
10549.92,-111.141
10550.60,-111.144
10551.27,-111.140
10551.94,-111.146
10552.62,-111.143
10553.29,-111.143
10553.96,-111.148
10554.63,-111.142
10555.31,-111.142
10555.98,-111.152
10556.65,-111.144
10557.33,-111.141
10558.00,-111.145
10558.67,-111.148
10559.34,-111.142
10560.02,-111.148
10560.69,-111.146
10561.36,-111.146
10562.04,-111.143
10562.71,-111.139
10563.38,-111.146
10564.05,-111.147
10564.73,-111.152
10565.40,-111.149
10566.07,-111.141
10566.75,-111.148
10567.42,-111.147
10568.09,-111.149
10568.77,-111.151
10569.44,-111.151
10570.11,-111.151
10570.78,-111.152
10571.46,-111.148
10572.13,-111.150
10572.80,-111.151
10573.48,-111.151
10574.15,-111.148
10574.82,-111.149
10575.49,-111.156
10576.17,-111.149
10576.84,-111.155
10577.51,-111.150
10578.19,-111.155
10578.86,-111.150
10579.53,-111.149
10580.20,-111.152
10580.88,-111.150
10581.55,-111.155
10582.22,-111.154
10582.90,-111.148
10583.57,-111.153
10584.24,-111.155
10584.92,-111.154
10585.59,-111.153
10586.26,-111.153
10586.93,-111.154
10587.61,-111.153
10588.28,-111.153
10588.95,-111.155
10589.63,-111.155
10590.30,-111.155
10590.97,-111.158
10591.64,-111.156
10592.32,-111.156
10592.99,-111.155
10593.66,-111.158
10594.34,-111.160
10595.01,-111.155
10595.68,-111.159
10596.35,-111.152
10597.03,-111.158
10597.70,-111.154
10598.37,-111.157
10599.05,-111.159
10599.72,-111.159
10600.39,-111.155
10601.07,-111.161
10601.74,-111.157
10602.41,-111.155
10603.08,-111.162
10603.76,-111.157
10604.43,-111.158
10605.10,-111.159
10605.78,-111.159
10606.45,-111.161
10607.12,-111.157
10607.79,-111.162
10608.47,-111.158
10609.14,-111.160
10609.81,-111.160
10610.49,-111.160
10611.16,-111.158
10611.83,-111.161
10612.50,-111.161
10613.18,-111.164
10613.85,-111.161
10614.52,-111.162
10615.20,-111.161
10615.87,-111.165
10616.54,-111.159
10617.21,-111.163
10617.89,-111.160
10618.56,-111.162
10619.23,-111.162
10619.91,-111.164
10620.58,-111.162
10621.25,-111.161
10621.93,-111.163
10622.60,-111.162
10623.27,-111.165
10623.94,-111.162
10624.62,-111.165
10625.29,-111.162
10625.96,-111.161
10626.64,-111.161
10627.31,-111.162
10627.98,-111.164
10628.65,-111.164
10629.33,-111.165
10630.00,-111.166
10630.67,-111.165
10631.35,-111.163
10632.02,-111.164
10632.69,-111.166
10633.36,-111.165
10634.04,-111.167
10634.71,-111.167
10635.38,-111.164
10636.06,-111.165
10636.73,-111.166
10637.40,-111.166
10638.08,-111.165
10638.75,-111.167
10639.42,-111.167
10640.09,-111.165
10640.77,-111.168
10641.44,-111.166
10642.11,-111.172
10642.79,-111.167
10643.46,-111.167
10644.13,-111.168
10644.80,-111.169
10645.48,-111.166
10646.15,-111.169
10646.82,-111.170
10647.50,-111.168
10648.17,-111.169
10648.84,-111.167
10649.51,-111.169
10650.19,-111.169
10650.86,-111.169
10651.53,-111.173
10652.21,-111.170
10652.88,-111.169
10653.55,-111.169
10654.23,-111.172
10654.90,-111.168
10655.57,-111.171
10656.24,-111.171
10656.92,-111.170
10657.59,-111.169
10658.26,-111.172
10658.94,-111.172
10659.61,-111.171
10660.28,-111.171
10660.95,-111.172
10661.63,-111.169
10662.30,-111.173
10662.97,-111.171
10663.65,-111.171
10664.32,-111.173
10664.99,-111.172
10665.66,-111.174
10666.34,-111.173
10667.01,-111.173
10667.68,-111.174
10668.36,-111.172
10669.03,-111.174
10669.70,-111.172
10670.38,-111.173
10671.05,-111.173
10671.72,-111.174
10672.39,-111.174
10673.07,-111.174
10673.74,-111.177
10674.41,-111.174
10675.09,-111.176
10675.76,-111.174
10676.43,-111.175
10677.10,-111.176
10677.78,-111.175
10678.45,-111.173
10679.12,-111.176
10679.80,-111.177
10680.47,-111.177
10681.14,-111.176
10681.81,-111.178
10682.49,-111.176
10683.16,-111.177
10683.83,-111.179
10684.51,-111.177
10685.18,-111.176
10685.85,-111.178
10686.52,-111.176
10687.20,-111.179
10687.87,-111.178
10688.54,-111.179
10689.22,-111.179
10689.89,-111.177
10690.56,-111.178
10691.24,-111.178
10691.91,-111.178
10692.58,-111.179
10693.25,-111.178
10693.93,-111.178
10694.60,-111.179
10695.27,-111.178
10695.95,-111.180
10696.62,-111.180
10697.29,-111.179
10697.96,-111.179
10698.64,-111.180
10699.31,-111.179
10699.98,-111.180
10700.66,-111.180
10701.33,-111.180
10702.00,-111.181
10702.67,-111.181
10703.35,-111.181
10704.02,-111.180
10704.69,-111.179
10705.37,-111.183
10706.04,-111.181
10706.71,-111.182
10707.39,-111.183
10708.06,-111.182
10708.73,-111.181
10709.40,-111.184
10710.08,-111.181
10710.75,-111.182
10711.42,-111.182
10712.10,-111.182
10712.77,-111.181
10713.44,-111.182
10714.11,-111.184
10714.79,-111.183
10715.46,-111.183
10716.13,-111.183
10716.81,-111.184
10717.48,-111.182
10718.15,-111.184
10718.82,-111.183
10719.50,-111.185
10720.17,-111.182
10720.84,-111.184
10721.52,-111.185
10722.19,-111.184
10722.86,-111.186
10723.54,-111.184
10724.21,-111.184
10724.88,-111.184
10725.55,-111.185
10726.23,-111.186
10726.90,-111.185
10727.57,-111.185
10728.25,-111.186
10728.92,-111.185
10729.59,-111.185
10730.26,-111.186
10730.94,-111.186
10731.61,-111.187
10732.28,-111.184
10732.96,-111.186
10733.63,-111.186
10734.30,-111.187
10734.97,-111.187
10735.65,-111.186
10736.32,-111.186
10736.99,-111.186
10737.67,-111.187
10738.34,-111.187
10739.01,-111.187
10739.69,-111.187
10740.36,-111.187
10741.03,-111.189
10741.70,-111.187
10742.38,-111.186
10743.05,-111.188
10743.72,-111.188
10744.40,-111.187
10745.07,-111.189
10745.74,-111.189
10746.41,-111.189
10747.09,-111.189
10747.76,-111.189
10748.43,-111.188
10749.11,-111.188
10749.78,-111.189
10750.45,-111.189
10751.12,-111.190
10751.80,-111.189
10752.47,-111.190
10753.14,-111.189
10753.82,-111.190
10754.49,-111.189
10755.16,-111.190
10755.83,-111.190
10756.51,-111.190
10757.18,-111.190
10757.85,-111.189
10758.53,-111.190
10759.20,-111.190
10759.87,-111.190
10760.55,-111.191
10761.22,-111.191
10761.89,-111.191
10762.56,-111.191
10763.24,-111.192
10763.91,-111.191
10764.58,-111.191
10765.26,-111.190
10765.93,-111.192
10766.60,-111.191
10767.27,-111.192
10767.95,-111.191
10768.62,-111.191
10769.29,-111.192
10769.97,-111.191
10770.64,-111.192
10771.31,-111.192
10771.98,-111.193
10772.66,-111.192
10773.33,-111.193
10774.00,-111.193
10774.68,-111.192
10775.35,-111.194
10776.02,-111.193
10776.70,-111.194
10777.37,-111.194
10778.04,-111.194
10778.71,-111.194
10779.39,-111.194
10780.06,-111.193
10780.73,-111.194
10781.41,-111.194
10782.08,-111.194
10782.75,-111.193
10783.42,-111.194
10784.10,-111.194
10784.77,-111.195
10785.44,-111.194
10786.12,-111.194
10786.79,-111.195
10787.46,-111.195
10788.13,-111.195
10788.81,-111.195
10789.48,-111.195
10790.15,-111.195
10790.83,-111.195
10791.50,-111.195
10792.17,-111.196
10792.85,-111.195
10793.52,-111.196
10794.19,-111.195
10794.86,-111.196
10795.54,-111.195
10796.21,-111.196
10796.88,-111.196
10797.56,-111.196
10798.23,-111.196
10798.90,-111.196
10799.57,-111.197
10800.25,-111.196
10800.92,-111.196
10801.59,-111.197
10802.27,-111.196
10802.94,-111.196
10803.61,-111.197
10804.28,-111.197
10804.96,-111.196
10805.63,-111.197
10806.30,-111.197
10806.98,-111.197
10807.65,-111.197
10808.32,-111.197
10809.00,-111.198
10809.67,-111.198
10810.34,-111.198
10811.01,-111.197
10811.69,-111.198
10812.36,-111.198
10813.03,-111.198
10813.71,-111.197
10814.38,-111.198
10815.05,-111.198
10815.72,-111.199
10816.40,-111.198
10817.07,-111.199
10817.74,-111.199
10818.42,-111.198
10819.09,-111.199
10819.76,-111.199
10820.43,-111.199
10821.11,-111.198
10821.78,-111.199
10822.45,-111.200
10823.13,-111.200
10823.80,-111.200
10824.47,-111.199
10825.14,-111.199
10825.82,-111.199
10826.49,-111.200
10827.16,-111.200
10827.84,-111.200
10828.51,-111.200
10829.18,-111.200
10829.86,-111.200
10830.53,-111.200
10831.20,-111.201
10831.87,-111.200
10832.55,-111.200
10833.22,-111.201
10833.89,-111.200
10834.57,-111.201
10835.24,-111.200
10835.91,-111.201
10836.58,-111.201
10837.26,-111.201
10837.93,-111.201
10838.60,-111.201
10839.28,-111.201
10839.95,-111.201
10840.62,-111.201
10841.29,-111.201
10841.97,-111.202
10842.64,-111.201
10843.31,-111.201
10843.99,-111.202
10844.66,-111.201
10845.33,-111.202
10846.01,-111.202
10846.68,-111.202
10847.35,-111.202
10848.02,-111.202
10848.70,-111.202
10849.37,-111.202
10850.04,-111.202
10850.72,-111.202
10851.39,-111.202
10852.06,-111.203
10852.73,-111.203
10853.41,-111.203
10854.08,-111.202
10854.75,-111.203
10855.43,-111.203
10856.10,-111.203
10856.77,-111.203
10857.44,-111.203
10858.12,-111.203
10858.79,-111.203
10859.46,-111.203
10860.14,-111.203
10860.81,-111.203
10861.48,-111.204
10862.16,-111.203
10862.83,-111.204
10863.50,-111.204
10864.17,-111.204
10864.85,-111.204
10865.52,-111.204
10866.19,-111.204
10866.87,-111.204
10867.54,-111.204
10868.21,-111.204
10868.88,-111.204
10869.56,-111.204
10870.23,-111.204
10870.90,-111.204
10871.58,-111.204
10872.25,-111.204
10872.92,-111.205
10873.59,-111.205
10874.27,-111.205
10874.94,-111.205
10875.61,-111.205
10876.29,-111.205
10876.96,-111.205
10877.63,-111.205
10878.31,-111.205
10878.98,-111.205
10879.65,-111.205
10880.32,-111.205
10881.00,-111.205
10881.67,-111.205
10882.34,-111.206
10883.02,-111.205
10883.69,-111.206
10884.36,-111.205
10885.03,-111.205
10885.71,-111.206
10886.38,-111.206
10887.05,-111.205
10887.73,-111.205
10888.40,-111.206
10889.07,-111.206
10889.74,-111.206
10890.42,-111.206
10891.09,-111.206
10891.76,-111.206
10892.44,-111.206
10893.11,-111.206
10893.78,-111.206
10894.45,-111.206
10895.13,-111.206
10895.80,-111.206
10896.47,-111.206
10897.15,-111.206
10897.82,-111.207
10898.49,-111.206
10899.17,-111.207
10899.84,-111.207
10900.51,-111.207
10901.18,-111.207
10901.86,-111.207
10902.53,-111.207
10903.20,-111.207
10903.88,-111.207
10904.55,-111.207
10905.22,-111.207
10905.89,-111.207
10906.57,-111.207
10907.24,-111.207
10907.91,-111.207
10908.59,-111.207
10909.26,-111.208
10909.93,-111.207
10910.60,-111.208
10911.28,-111.208
10911.95,-111.208
10912.62,-111.208
10913.30,-111.207
10913.97,-111.207
10914.64,-111.207
10915.32,-111.207
10915.99,-111.208
10916.66,-111.208
10917.33,-111.208
10918.01,-111.208
10918.68,-111.208
10919.35,-111.208
10920.03,-111.208
10920.70,-111.208
10921.37,-111.208
10922.04,-111.208
10922.72,-111.208
10923.39,-111.208
10924.06,-111.209
10924.74,-111.208
10925.41,-111.208
10926.08,-111.208
10926.75,-111.208
10927.43,-111.209
10928.10,-111.209
10928.77,-111.208
10929.45,-111.208
10930.12,-111.209
10930.79,-111.209
10931.47,-111.209
10932.14,-111.209
10932.81,-111.209
10933.48,-111.209
10934.16,-111.209
10934.83,-111.209
10935.50,-111.209
10936.18,-111.209
10936.85,-111.209
10937.52,-111.209
10938.19,-111.209
10938.87,-111.209
10939.54,-111.209
10940.21,-111.209
10940.89,-111.209
10941.56,-111.209
10942.23,-111.209
10942.90,-111.209
10943.58,-111.209
10944.25,-111.209
10944.92,-111.209
10945.60,-111.210
10946.27,-111.209
10946.94,-111.210
10947.62,-111.209
10948.29,-111.209
10948.96,-111.210
10949.63,-111.210
10950.31,-111.210
10950.98,-111.210
10951.65,-111.210
10952.33,-111.210
10953.00,-111.210
10953.67,-111.210
10954.34,-111.210
10955.02,-111.210
10955.69,-111.210
10956.36,-111.210
10957.04,-111.210
10957.71,-111.210
10958.38,-111.210
10959.05,-111.210
10959.73,-111.210
10960.40,-111.210
10961.07,-111.210
10961.75,-111.210
10962.42,-111.210
10963.09,-111.210
10963.76,-111.210
10964.44,-111.210
10965.11,-111.210
10965.78,-111.210
10966.46,-111.210
10967.13,-111.210
10967.80,-111.210
10968.48,-111.210
10969.15,-111.210
10969.82,-111.210
10970.49,-111.210
10971.17,-111.210
10971.84,-111.211
10972.51,-111.211
10973.19,-111.211
10973.86,-111.211
10974.53,-111.211
10975.20,-111.211
10975.88,-111.211
10976.55,-111.211
10977.22,-111.211
10977.90,-111.211
10978.57,-111.211
10979.24,-111.211
10979.91,-111.211
10980.59,-111.211
10981.26,-111.211
10981.93,-111.211
10982.61,-111.211
10983.28,-111.211
10983.95,-111.211
10984.63,-111.211
10985.30,-111.211
10985.97,-111.211
10986.64,-111.211
10987.32,-111.211
10987.99,-111.211
10988.66,-111.211
10989.34,-111.211
10990.01,-111.211
10990.68,-111.211
10991.35,-111.211
10992.03,-111.211
10992.70,-111.211
10993.37,-111.211
10994.05,-111.211
10994.72,-111.211
10995.39,-111.211
10996.06,-111.211
10996.74,-111.211
10997.41,-111.211
10998.08,-111.211
10998.76,-111.211
10999.43,-111.211
11000.10,-111.211
11000.78,-111.211
11001.45,-111.211
11002.12,-111.211
11002.79,-111.211
11003.47,-111.211
11004.14,-111.211
11004.81,-111.211
11005.49,-111.211
11006.16,-111.211
11006.83,-111.211
11007.50,-111.211
11008.18,-111.211
11008.85,-111.211
11009.52,-111.211
11010.20,-111.211
11010.87,-111.211
11011.54,-111.211
11012.21,-111.211
11012.89,-111.211
11013.56,-111.211
11014.23,-111.211
11014.91,-111.211
11015.58,-111.211
11016.25,-111.211
11016.93,-111.211
11017.60,-111.211
11018.27,-111.211
11018.94,-111.211
11019.62,-111.211
11020.29,-111.211
11020.96,-111.211
11021.64,-111.211
11022.31,-111.211
11022.98,-111.211
11023.65,-111.211
11024.33,-111.211
11025.00,-113.682
