Frequency (Hz),FFT Magnitude (dB)
0.00,-120.000
0.49,-96.808
0.98,-96.288
1.46,-96.561
1.95,-95.775
2.44,-94.866
2.93,-94.377
3.42,-94.321
3.91,-93.325
4.39,-94.571
4.88,-92.396
5.37,-89.385
5.86,-89.402
6.35,-89.460
6.84,-92.476
7.32,-90.322
7.81,-91.056
8.30,-89.300
8.79,-88.981
9.28,-86.138
9.77,-85.460
10.25,-82.288
10.74,-81.513
11.23,-81.935
11.72,-85.347
12.21,-85.860
12.70,-84.539
13.18,-81.301
13.67,-80.429
14.16,-81.491
14.65,-82.600
15.14,-77.388
15.62,-79.200
16.11,-77.993
16.60,-84.755
17.09,-86.781
17.58,-86.115
18.07,-82.587
18.55,-83.281
19.04,-83.117
19.53,-81.019
20.02,-81.497
20.51,-81.561
21.00,-83.420
21.48,-82.384
21.97,-83.636
22.46,-83.052
22.95,-83.264
23.44,-82.558
23.93,-81.482
24.41,-79.255
24.90,-78.838
25.39,-77.260
25.88,-77.269
26.37,-74.273
26.86,-74.157
27.34,-74.385
27.83,-73.897
28.32,-70.955
28.81,-61.463
29.30,-68.894
29.79,-64.615
30.27,-72.527
30.76,-73.448
31.25,-74.889
31.74,-63.791
32.23,-71.587
32.71,-73.860
33.20,-74.393
33.69,-71.824
34.18,-70.917
34.67,-64.234
35.16,-68.264
35.64,-72.145
36.13,-72.304
36.62,-74.338
37.11,-75.542
37.60,-76.315
38.09,-76.717
38.57,-76.310
39.06,-76.329
39.55,-76.263
40.04,-77.660
40.53,-75.785
41.02,-76.971
41.50,-77.640
41.99,-75.625
42.48,-75.867
42.97,-72.640
43.46,-72.598
43.95,-75.938
44.43,-75.164
44.92,-75.292
45.41,-75.255
45.90,-78.131
46.39,-78.020
46.88,-80.049
47.36,-78.560
47.85,-71.706
48.34,-76.359
48.83,-76.510
49.32,-75.885
49.80,-75.581
50.29,-76.876
50.78,-76.183
51.27,-75.523
51.76,-74.632
52.25,-74.716
52.73,-75.224
53.22,-76.314
53.71,-75.457
54.20,-77.384
54.69,-76.340
55.18,-75.334
55.66,-77.382
56.15,-77.434
56.64,-74.598
57.13,-76.478
57.62,-73.932
58.11,-71.266
58.59,-70.333
59.08,-70.273
59.57,-75.700
60.06,-75.962
60.55,-78.683
61.04,-80.036
61.52,-79.605
62.01,-79.626
62.50,-77.376
62.99,-78.093
63.48,-71.109
63.96,-74.408
64.45,-75.482
64.94,-77.956
65.43,-77.082
65.92,-77.608
66.41,-77.017
66.89,-75.854
67.38,-76.511
67.87,-73.651
68.36,-75.029
68.85,-73.603
69.34,-73.160
69.82,-74.562
70.31,-76.079
70.80,-77.462
71.29,-75.578
71.78,-74.764
72.27,-77.092
72.75,-78.003
73.24,-77.109
73.73,-78.941
74.22,-79.497
74.71,-78.863
75.20,-78.890
75.68,-77.349
76.17,-78.334
76.66,-77.882
77.15,-78.457
77.64,-77.847
78.12,-78.487
78.61,-76.484
79.10,-75.966
79.59,-72.631
80.08,-76.356
80.57,-76.423
81.05,-76.595
81.54,-76.348
82.03,-76.449
82.52,-78.395
83.01,-79.052
83.50,-77.837
83.98,-77.514
84.47,-77.943
84.96,-80.500
85.45,-79.003
85.94,-76.378
86.43,-77.078
86.91,-77.795
87.40,-77.898
87.89,-78.118
88.38,-78.153
88.87,-69.443
89.36,-76.291
89.84,-76.739
90.33,-75.411
90.82,-75.269
91.31,-76.419
91.80,-76.103
92.29,-76.578
92.77,-76.272
93.26,-71.763
93.75,-68.584
94.24,-76.743
94.73,-77.634
95.21,-77.910
95.70,-76.076
96.19,-78.332
96.68,-79.275
97.17,-78.219
97.66,-78.494
98.14,-78.536
98.63,-77.144
99.12,-77.652
99.61,-78.787
100.10,-78.381
100.59,-77.869
101.07,-77.300
101.56,-75.338
102.05,-74.406
102.54,-75.810
103.03,-74.222
103.52,-75.189
104.00,-74.294
104.49,-73.878
104.98,-72.904
105.47,-74.400
105.96,-71.525
106.45,-70.944
106.93,-73.648
107.42,-73.639
107.91,-73.684
108.40,-75.204
108.89,-75.803
109.38,-74.256
109.86,-74.981
110.35,-74.123
110.84,-72.629
111.33,-73.650
111.82,-72.541
112.30,-71.536
112.79,-69.745
113.28,-67.133
113.77,-69.856
114.26,-71.436
114.75,-70.977
115.23,-71.495
115.72,-71.552
116.21,-72.330
116.70,-71.395
117.19,-69.787
117.68,-69.147
118.16,-67.729
118.65,-63.980
119.14,-60.943
119.63,-53.145
120.12,-48.004
120.61,-59.598
121.09,-63.937
121.58,-66.898
122.07,-65.175
122.56,-66.525
123.05,-70.673
123.54,-67.532
124.02,-72.983
124.51,-74.126
125.00,-74.382
125.49,-75.175
125.98,-75.440
126.46,-74.174
126.95,-73.118
127.44,-73.182
127.93,-65.762
128.42,-72.841
128.91,-73.783
129.39,-74.142
129.88,-72.519
130.37,-70.961
130.86,-71.529
131.35,-69.836
131.84,-68.216
132.32,-64.477
132.81,-47.106
133.30,-62.492
133.79,-58.958
134.28,-68.488
134.77,-70.701
135.25,-73.089
135.74,-73.703
136.23,-74.460
136.72,-74.104
137.21,-72.661
137.70,-71.954
138.18,-73.607
138.67,-73.486
139.16,-74.407
139.65,-72.712
140.14,-71.493
140.62,-71.365
141.11,-72.168
141.60,-70.149
142.09,-71.429
142.58,-70.601
143.07,-71.902
143.55,-73.589
144.04,-73.194
144.53,-69.799
145.02,-69.793
145.51,-70.719
146.00,-70.766
146.48,-70.328
146.97,-68.880
147.46,-69.088
147.95,-67.950
148.44,-60.919
148.93,-67.372
149.41,-67.839
149.90,-67.962
150.39,-67.267
150.88,-63.812
151.37,-66.725
151.86,-66.665
152.34,-64.581
152.83,-65.127
153.32,-65.021
153.81,-65.743
154.30,-66.583
154.79,-66.756
155.27,-67.546
155.76,-68.530
156.25,-68.834
156.74,-69.424
157.23,-71.373
157.71,-70.224
158.20,-70.512
158.69,-69.377
159.18,-61.323
159.67,-64.781
160.16,-68.960
160.64,-68.632
161.13,-68.539
161.62,-69.226
162.11,-68.033
162.60,-70.457
163.09,-69.646
163.57,-69.246
164.06,-71.023
164.55,-69.893
165.04,-70.944
165.53,-69.363
166.02,-70.044
166.50,-69.670
166.99,-69.835
167.48,-68.637
167.97,-71.153
168.46,-70.332
168.95,-70.653
169.43,-70.785
169.92,-70.130
170.41,-70.568
170.90,-72.512
171.39,-70.297
171.88,-70.967
172.36,-70.086
172.85,-68.725
173.34,-70.950
173.83,-72.656
174.32,-75.073
174.80,-74.204
175.29,-75.540
175.78,-74.210
176.27,-73.710
176.76,-74.074
177.25,-72.763
177.73,-70.343
178.22,-72.916
178.71,-72.709
179.20,-73.094
179.69,-71.143
180.18,-71.585
180.66,-71.810
181.15,-73.980
181.64,-72.846
182.13,-73.704
182.62,-75.215
183.11,-73.915
183.59,-72.216
184.08,-75.882
184.57,-74.873
185.06,-72.633
185.55,-76.135
186.04,-71.913
186.52,-69.992
187.01,-69.251
187.50,-71.106
187.99,-72.361
188.48,-71.958
188.96,-73.314
189.45,-71.399
189.94,-71.979
190.43,-71.481
190.92,-70.326
191.41,-72.876
191.89,-73.610
192.38,-74.035
192.87,-74.989
193.36,-76.439
193.85,-76.312
194.34,-77.219
194.82,-77.697
195.31,-77.804
195.80,-78.048
196.29,-77.290
196.78,-75.223
197.27,-75.284
197.75,-75.311
198.24,-76.031
198.73,-74.884
199.22,-74.721
199.71,-72.313
200.20,-76.743
200.68,-79.326
201.17,-78.035
201.66,-78.026
202.15,-76.774
202.64,-76.767
203.12,-77.174
203.61,-75.476
204.10,-74.540
204.59,-74.911
205.08,-76.446
205.57,-75.317
206.05,-73.902
206.54,-73.573
207.03,-72.867
207.52,-65.163
208.01,-64.583
208.50,-71.596
208.98,-74.350
209.47,-74.857
209.96,-74.194
210.45,-73.111
210.94,-73.865
211.43,-76.179
211.91,-75.885
212.40,-72.837
212.89,-74.860
213.38,-72.788
213.87,-73.568
214.36,-74.675
214.84,-74.075
215.33,-75.417
215.82,-76.079
216.31,-76.913
216.80,-77.206
217.29,-77.919
217.77,-80.070
218.26,-79.673
218.75,-79.527
219.24,-78.291
219.73,-76.648
220.21,-76.017
220.70,-75.944
221.19,-75.500
221.68,-76.467
222.17,-75.620
222.66,-75.920
223.14,-77.654
223.63,-77.892
224.12,-77.133
224.61,-76.801
225.10,-77.401
225.59,-78.970
226.07,-73.813
226.56,-78.826
227.05,-76.517
227.54,-79.422
228.03,-79.815
228.52,-79.403
229.00,-79.459
229.49,-78.350
229.98,-77.242
230.47,-78.451
230.96,-77.186
231.45,-75.902
231.93,-77.003
232.42,-76.984
232.91,-77.036
233.40,-79.117
233.89,-78.868
234.38,-78.454
234.86,-78.055
235.35,-77.267
235.84,-77.182
236.33,-76.388
236.82,-75.428
237.30,-73.195
237.79,-73.536
238.28,-72.127
238.77,-67.892
239.26,-66.579
239.75,-60.548
240.23,-67.175
240.72,-70.906
241.21,-73.425
241.70,-72.971
242.19,-74.387
242.68,-72.823
243.16,-75.723
243.65,-76.041
244.14,-78.301
244.63,-77.166
245.12,-78.652
245.61,-77.711
246.09,-77.651
246.58,-80.034
247.07,-80.283
247.56,-78.762
248.05,-78.626
248.54,-77.622
249.02,-78.070
249.51,-78.183
250.00,-75.712
250.49,-75.291
250.98,-74.819
251.46,-74.493
251.95,-73.163
252.44,-72.068
252.93,-70.329
253.42,-76.510
253.91,-77.015
254.39,-77.448
254.88,-78.375
255.37,-79.030
255.86,-79.027
256.35,-79.809
256.84,-78.665
257.32,-79.375
257.81,-78.973
258.30,-79.541
258.79,-79.240
259.28,-80.880
259.77,-81.701
260.25,-82.478
260.74,-80.998
261.23,-82.241
261.72,-80.993
262.21,-81.738
262.70,-81.605
263.18,-82.171
263.67,-81.590
264.16,-81.909
264.65,-81.853
265.14,-80.877
265.62,-73.911
266.11,-83.462
266.60,-80.253
267.09,-73.016
267.58,-79.934
268.07,-82.790
268.55,-81.973
269.04,-81.244
269.53,-81.497
270.02,-82.091
270.51,-81.840
271.00,-80.213
271.48,-80.057
271.97,-80.181
272.46,-80.579
272.95,-82.749
273.44,-83.290
273.93,-83.886
274.41,-85.674
274.90,-83.698
275.39,-85.060
275.88,-83.737
276.37,-84.761
276.86,-83.659
277.34,-83.505
277.83,-82.845
278.32,-80.882
278.81,-81.647
279.30,-71.487
279.79,-81.554
280.27,-79.247
280.76,-81.745
281.25,-82.234
281.74,-83.802
282.23,-81.673
282.71,-81.542
283.20,-82.459
283.69,-82.054
284.18,-83.087
284.67,-83.534
285.16,-84.581
285.64,-84.086
286.13,-81.672
286.62,-84.859
287.11,-84.499
287.60,-83.411
288.09,-83.636
288.57,-83.536
289.06,-83.228
289.55,-83.203
290.04,-83.673
290.53,-84.275
291.02,-85.289
291.50,-83.841
291.99,-82.554
292.48,-82.553
292.97,-81.229
293.46,-83.077
293.95,-83.111
294.43,-83.796
294.92,-83.284
295.41,-82.349
295.90,-81.706
296.39,-81.819
296.88,-81.348
297.36,-84.071
297.85,-83.364
298.34,-83.047
298.83,-81.838
299.32,-83.448
299.80,-83.983
300.29,-81.608
300.78,-81.384
301.27,-84.228
301.76,-83.970
302.25,-83.486
302.73,-81.158
303.22,-83.848
303.71,-80.763
304.20,-81.898
304.69,-82.487
305.18,-82.647
305.66,-83.156
306.15,-80.344
306.64,-82.589
307.13,-82.736
307.62,-83.717
308.11,-82.993
308.59,-83.432
309.08,-83.667
309.57,-83.843
310.06,-82.736
310.55,-84.294
311.04,-84.375
311.52,-84.205
312.01,-83.356
312.50,-84.852
312.99,-86.241
313.48,-85.008
313.96,-86.325
314.45,-85.628
314.94,-88.333
315.43,-86.111
315.92,-85.263
316.41,-84.865
316.89,-85.333
317.38,-86.578
317.87,-85.309
318.36,-85.768
318.85,-86.264
319.34,-86.042
319.82,-84.699
320.31,-86.433
320.80,-84.646
321.29,-85.592
321.78,-85.748
322.27,-83.465
322.75,-84.558
323.24,-86.087
323.73,-86.181
324.22,-86.684
324.71,-86.515
325.20,-86.857
325.68,-84.932
326.17,-84.871
326.66,-86.103
327.15,-86.991
327.64,-87.051
328.12,-85.581
328.61,-84.939
329.10,-86.037
329.59,-86.041
330.08,-83.646
330.57,-84.513
331.05,-83.464
331.54,-82.620
332.03,-84.558
332.52,-84.116
333.01,-85.150
333.50,-85.527
333.98,-87.175
334.47,-87.326
334.96,-87.186
335.45,-88.705
335.94,-89.765
336.43,-91.163
336.91,-87.871
337.40,-88.130
337.89,-86.926
338.38,-88.212
338.87,-89.230
339.36,-87.183
339.84,-87.722
340.33,-88.822
340.82,-87.481
341.31,-86.234
341.80,-87.624
342.29,-89.668
342.77,-87.062
343.26,-85.651
343.75,-86.328
344.24,-86.957
344.73,-86.530
345.21,-85.219
345.70,-88.077
346.19,-85.565
346.68,-85.597
347.17,-85.502
347.66,-86.351
348.14,-84.430
348.63,-85.924
349.12,-85.765
349.61,-86.932
350.10,-84.657
350.59,-85.578
351.07,-86.008
351.56,-85.810
352.05,-86.095
352.54,-87.010
353.03,-86.427
353.52,-87.081
354.00,-87.329
354.49,-87.281
354.98,-86.036
355.47,-84.963
355.96,-80.227
356.45,-82.627
356.93,-87.731
357.42,-88.743
357.91,-85.876
358.40,-84.182
358.89,-81.301
359.38,-84.738
359.86,-79.606
360.35,-83.167
360.84,-79.498
361.33,-84.899
361.82,-85.757
362.30,-86.357
362.79,-85.641
363.28,-85.950
363.77,-86.151
364.26,-84.084
364.75,-82.949
365.23,-85.193
365.72,-81.739
366.21,-84.127
366.70,-84.584
367.19,-84.054
367.68,-82.473
368.16,-83.790
368.65,-84.617
369.14,-85.675
369.63,-85.428
370.12,-84.755
370.61,-85.647
371.09,-83.687
371.58,-80.861
372.07,-80.537
372.56,-82.742
373.05,-85.966
373.54,-84.664
374.02,-85.170
374.51,-86.438
375.00,-86.825
375.49,-87.705
375.98,-86.529
376.46,-86.303
376.95,-86.683
377.44,-85.689
377.93,-85.574
378.42,-87.531
378.91,-87.608
379.39,-86.910
379.88,-87.577
380.37,-85.601
380.86,-85.263
381.35,-84.526
381.84,-84.488
382.32,-83.595
382.81,-84.739
383.30,-85.318
383.79,-84.171
384.28,-83.976
384.77,-85.580
385.25,-84.232
385.74,-85.967
386.23,-85.056
386.72,-86.398
387.21,-84.686
387.70,-86.868
388.18,-87.671
388.67,-87.269
389.16,-87.736
389.65,-87.444
390.14,-87.479
390.62,-87.182
391.11,-88.950
391.60,-88.671
392.09,-87.563
392.58,-85.096
393.07,-87.262
393.55,-85.949
394.04,-86.599
394.53,-84.834
395.02,-83.942
395.51,-82.787
396.00,-85.195
396.48,-83.519
396.97,-82.935
397.46,-82.701
397.95,-79.210
398.44,-72.381
398.93,-82.161
399.41,-84.313
399.90,-85.723
400.39,-87.092
400.88,-87.926
401.37,-85.906
401.86,-87.270
402.34,-87.744
402.83,-88.676
403.32,-86.292
403.81,-88.335
404.30,-86.106
404.79,-88.707
405.27,-88.446
405.76,-87.498
406.25,-86.895
406.74,-88.430
407.23,-88.808
407.71,-87.861
408.20,-87.927
408.69,-88.766
409.18,-88.596
409.67,-88.476
410.16,-89.752
410.64,-88.972
411.13,-86.517
411.62,-90.281
412.11,-88.624
412.60,-88.914
413.09,-89.656
413.57,-88.568
414.06,-90.257
414.55,-89.626
415.04,-87.573
415.53,-88.563
416.02,-87.767
416.50,-87.778
416.99,-88.736
417.48,-87.712
417.97,-85.885
418.46,-87.289
418.95,-87.622
419.43,-86.303
419.92,-85.414
420.41,-86.358
420.90,-88.096
421.39,-87.788
421.88,-87.429
422.36,-88.800
422.85,-87.872
423.34,-86.655
423.83,-87.385
424.32,-87.493
424.80,-86.341
425.29,-85.712
425.78,-85.287
426.27,-85.467
426.76,-85.450
427.25,-85.020
427.73,-85.632
428.22,-86.723
428.71,-86.727
429.20,-86.176
429.69,-85.953
430.18,-86.413
430.66,-87.329
431.15,-86.779
431.64,-86.872
432.13,-87.558
432.62,-87.268
433.11,-86.342
433.59,-86.212
434.08,-85.152
434.57,-84.874
435.06,-84.825
435.55,-84.770
436.04,-84.795
436.52,-86.413
437.01,-84.613
437.50,-85.754
437.99,-85.793
438.48,-85.548
438.96,-84.908
439.45,-85.751
439.94,-85.950
440.43,-86.253
440.92,-85.512
441.41,-86.818
441.89,-84.682
442.38,-85.384
442.87,-85.342
443.36,-85.294
443.85,-85.843
444.34,-84.723
444.82,-85.642
445.31,-85.523
445.80,-85.489
446.29,-86.840
446.78,-85.555
447.27,-87.386
447.75,-87.921
448.24,-87.010
448.73,-86.824
449.22,-85.410
449.71,-86.931
450.20,-87.312
450.68,-87.374
451.17,-86.189
451.66,-86.354
452.15,-86.536
452.64,-86.884
453.12,-86.392
453.61,-87.579
454.10,-86.511
454.59,-85.977
455.08,-85.426
455.57,-84.496
456.05,-85.792
456.54,-85.354
457.03,-85.413
457.52,-85.795
458.01,-86.328
458.50,-86.304
458.98,-85.919
459.47,-86.673
459.96,-84.022
460.45,-84.045
460.94,-84.295
461.43,-83.989
461.91,-85.039
462.40,-83.844
462.89,-86.280
463.38,-85.600
463.87,-86.790
464.36,-85.646
464.84,-89.359
465.33,-87.403
465.82,-83.566
466.31,-85.045
466.80,-87.747
467.29,-85.420
467.77,-87.280
468.26,-86.682
468.75,-87.910
469.24,-84.834
469.73,-83.447
470.21,-84.051
470.70,-85.302
471.19,-85.441
471.68,-85.888
472.17,-85.018
472.66,-87.043
473.14,-87.043
473.63,-86.768
474.12,-86.044
474.61,-85.790
475.10,-83.186
475.59,-87.232
476.07,-87.336
476.56,-85.574
477.05,-85.464
477.54,-84.380
478.03,-86.126
478.52,-87.391
479.00,-86.300
479.49,-84.394
479.98,-85.801
480.47,-88.087
480.96,-85.077
481.45,-86.974
481.93,-85.928
482.42,-84.559
482.91,-84.582
483.40,-85.828
483.89,-85.587
484.38,-85.032
484.86,-84.585
485.35,-84.487
485.84,-83.867
486.33,-84.705
486.82,-86.724
487.30,-86.868
487.79,-87.289
488.28,-86.276
488.77,-84.463
489.26,-86.071
489.75,-87.286
490.23,-86.650
490.72,-86.055
491.21,-85.656
491.70,-85.211
492.19,-85.761
492.68,-86.224
493.16,-86.386
493.65,-83.784
494.14,-84.614
494.63,-83.117
495.12,-84.646
495.61,-85.182
496.09,-86.480
496.58,-85.388
497.07,-84.627
497.56,-85.315
498.05,-85.906
498.54,-86.641
499.02,-86.831
499.51,-84.864
500.00,-86.488
500.49,-85.106
500.98,-83.609
501.46,-83.327
501.95,-84.520
502.44,-85.029
502.93,-83.429
503.42,-83.637
503.91,-83.828
504.39,-84.835
504.88,-83.923
505.37,-85.501
505.86,-84.353
506.35,-85.578
506.84,-84.732
507.32,-85.158
507.81,-85.668
508.30,-85.328
508.79,-84.076
509.28,-83.807
509.77,-83.441
510.25,-84.439
510.74,-84.829
511.23,-84.212
511.72,-84.440
512.21,-84.387
512.70,-83.664
513.18,-84.994
513.67,-85.742
514.16,-83.999
514.65,-84.687
515.14,-85.962
515.62,-86.350
516.11,-85.734
516.60,-85.099
517.09,-85.766
517.58,-86.291
518.07,-85.516
518.55,-84.275
519.04,-84.535
519.53,-83.223
520.02,-84.760
520.51,-83.909
521.00,-83.449
521.48,-84.619
521.97,-82.936
522.46,-83.650
522.95,-82.372
523.44,-84.896
523.93,-84.362
524.41,-85.544
524.90,-83.392
525.39,-83.496
525.88,-83.383
526.37,-85.028
526.86,-83.277
527.34,-83.839
527.83,-85.010
528.32,-84.048
528.81,-84.170
529.30,-83.513
529.79,-83.580
530.27,-80.185
530.76,-73.147
531.25,-67.581
531.74,-75.948
532.23,-81.218
532.71,-83.543
533.20,-83.224
533.69,-84.420
534.18,-85.013
534.67,-84.243
535.16,-83.471
535.64,-85.138
536.13,-83.525
536.62,-84.301
537.11,-83.861
537.60,-83.100
538.09,-82.813
538.57,-81.966
539.06,-83.274
539.55,-82.746
540.04,-81.574
540.53,-82.223
541.02,-82.890
541.50,-82.080
541.99,-83.374
542.48,-81.874
542.97,-82.220
543.46,-83.439
543.95,-82.447
544.43,-79.851
544.92,-82.296
545.41,-83.054
545.90,-82.542
546.39,-82.347
546.88,-82.865
547.36,-81.922
547.85,-82.016
548.34,-83.209
548.83,-83.230
549.32,-82.069
549.80,-80.897
550.29,-82.389
550.78,-81.009
551.27,-80.179
551.76,-81.490
552.25,-81.406
552.73,-84.783
553.22,-81.927
553.71,-81.964
554.20,-81.367
554.69,-80.063
555.18,-83.168
555.66,-82.631
556.15,-81.505
556.64,-80.784
557.13,-81.128
557.62,-82.330
558.11,-82.271
558.59,-81.878
559.08,-82.830
559.57,-82.544
560.06,-80.592
560.55,-81.506
561.04,-83.189
561.52,-80.821
562.01,-80.454
562.50,-79.881
562.99,-80.453
563.48,-81.481
563.96,-79.521
564.45,-80.530
564.94,-80.257
565.43,-81.231
565.92,-80.245
566.41,-79.147
566.89,-78.847
567.38,-79.615
567.87,-80.995
568.36,-78.891
568.85,-80.837
569.34,-80.944
569.82,-80.304
570.31,-81.060
570.80,-79.161
571.29,-79.883
571.78,-80.979
572.27,-79.945
572.75,-81.209
573.24,-79.164
573.73,-78.132
574.22,-79.057
574.71,-81.179
575.20,-79.936
575.68,-78.611
576.17,-79.420
576.66,-79.828
577.15,-81.276
577.64,-80.207
578.12,-78.980
578.61,-79.863
579.10,-79.503
579.59,-77.485
580.08,-78.958
580.57,-79.474
581.05,-80.490
581.54,-79.148
582.03,-78.345
582.52,-77.229
583.01,-79.476
583.50,-78.454
583.98,-77.328
584.47,-76.727
584.96,-78.174
585.45,-78.344
585.94,-80.707
586.43,-79.821
586.91,-78.680
587.40,-77.913
587.89,-78.112
588.38,-78.249
588.87,-77.690
589.36,-79.838
589.84,-78.485
590.33,-78.728
590.82,-78.241
591.31,-77.367
591.80,-77.488
592.29,-75.204
592.77,-76.069
593.26,-78.883
593.75,-77.170
594.24,-78.942
594.73,-77.769
595.21,-78.037
595.70,-78.095
596.19,-78.671
596.68,-77.195
597.17,-77.771
597.66,-78.028
598.14,-80.246
598.63,-78.153
599.12,-78.463
599.61,-77.018
600.10,-77.588
600.59,-76.662
601.07,-77.170
601.56,-76.560
602.05,-76.481
602.54,-76.000
603.03,-76.246
603.52,-77.006
604.00,-75.376
604.49,-75.174
604.98,-75.476
605.47,-76.997
605.96,-78.730
606.45,-74.804
606.93,-76.323
607.42,-73.969
607.91,-77.702
608.40,-75.729
608.89,-75.825
609.38,-75.084
609.86,-75.983
610.35,-72.767
610.84,-69.449
611.33,-72.661
611.82,-75.867
612.30,-76.311
612.79,-76.835
613.28,-76.361
613.77,-75.833
614.26,-75.056
614.75,-74.681
615.23,-75.881
615.72,-76.663
616.21,-77.253
616.70,-76.101
617.19,-75.690
617.68,-75.946
618.16,-76.424
618.65,-77.436
619.14,-74.324
619.63,-74.334
620.12,-76.083
620.61,-75.938
621.09,-75.597
621.58,-75.475
622.07,-75.376
622.56,-75.171
623.05,-74.365
623.54,-73.352
624.02,-73.782
624.51,-73.217
625.00,-73.700
625.49,-73.349
625.98,-74.653
626.46,-74.362
626.95,-72.973
627.44,-72.401
627.93,-73.364
628.42,-75.560
628.91,-74.955
629.39,-73.173
629.88,-74.728
630.37,-75.653
630.86,-74.395
631.35,-73.375
631.84,-73.440
632.32,-73.929
632.81,-74.032
633.30,-74.956
633.79,-74.417
634.28,-73.852
634.77,-72.869
635.25,-73.341
635.74,-74.426
636.23,-74.119
636.72,-71.763
637.21,-71.137
637.70,-73.000
638.18,-73.526
638.67,-72.520
639.16,-70.627
639.65,-73.028
640.14,-72.577
640.62,-72.155
641.11,-72.277
641.60,-72.552
642.09,-73.760
642.58,-73.252
643.07,-72.540
643.55,-72.813
644.04,-73.550
644.53,-73.610
645.02,-73.193
645.51,-74.082
646.00,-72.996
646.48,-72.606
646.97,-72.800
647.46,-73.002
647.95,-74.716
648.44,-73.276
648.93,-74.220
649.41,-73.640
649.90,-74.454
650.39,-73.049
650.88,-73.361
651.37,-74.711
651.86,-72.474
652.34,-74.431
652.83,-73.591
653.32,-74.206
653.81,-75.984
654.30,-72.928
654.79,-74.076
655.27,-73.537
655.76,-74.365
656.25,-76.848
656.74,-74.855
657.23,-76.601
657.71,-74.330
658.20,-74.310
658.69,-74.915
659.18,-75.997
659.67,-73.890
660.16,-74.175
660.64,-73.830
661.13,-74.545
661.62,-74.863
662.11,-73.323
662.60,-72.514
663.09,-70.719
663.57,-62.106
664.06,-58.249
664.55,-64.008
665.04,-70.165
665.53,-72.387
666.02,-74.076
666.50,-73.617
666.99,-74.482
667.48,-75.892
667.97,-76.444
668.46,-75.084
668.95,-77.014
669.43,-77.222
669.92,-77.060
670.41,-77.074
670.90,-76.583
671.39,-75.387
671.88,-77.746
672.36,-78.267
672.85,-78.013
673.34,-77.337
673.83,-77.840
674.32,-78.425
674.80,-77.717
675.29,-76.956
675.78,-78.053
676.27,-77.523
676.76,-78.532
677.25,-78.713
677.73,-77.478
678.22,-78.493
678.71,-77.509
679.20,-77.970
679.69,-78.491
680.18,-79.560
680.66,-79.120
681.15,-78.348
681.64,-76.846
682.13,-79.199
682.62,-76.276
683.11,-78.019
683.59,-77.721
684.08,-78.386
684.57,-80.057
685.06,-79.736
685.55,-78.730
686.04,-81.255
686.52,-79.785
687.01,-78.669
687.50,-78.445
687.99,-78.985
688.48,-78.774
688.96,-81.349
689.45,-79.524
689.94,-78.432
690.43,-78.145
690.92,-78.438
691.41,-80.856
691.89,-80.618
692.38,-79.315
692.87,-78.556
693.36,-80.812
693.85,-81.101
694.34,-79.473
694.82,-82.028
695.31,-81.076
695.80,-79.873
696.29,-80.907
696.78,-80.093
697.27,-79.648
697.75,-81.944
698.24,-80.521
698.73,-79.578
699.22,-79.721
699.71,-80.896
700.20,-80.572
700.68,-81.003
701.17,-81.085
701.66,-80.989
702.15,-81.132
702.64,-78.868
703.12,-81.039
703.61,-80.510
704.10,-79.988
704.59,-79.906
705.08,-81.615
705.57,-80.905
706.05,-80.725
706.54,-81.876
707.03,-80.528
707.52,-82.020
708.01,-82.882
708.50,-81.278
708.98,-81.226
709.47,-80.861
709.96,-81.336
710.45,-82.682
710.94,-80.961
711.43,-80.307
711.91,-79.571
712.40,-78.846
712.89,-81.816
713.38,-81.185
713.87,-81.612
714.36,-81.936
714.84,-80.850
715.33,-80.471
715.82,-82.264
716.31,-81.796
716.80,-81.938
717.29,-80.661
717.77,-82.145
718.26,-81.548
718.75,-81.856
719.24,-81.409
719.73,-78.917
720.21,-81.201
720.70,-81.466
721.19,-82.432
721.68,-82.347
722.17,-81.597
722.66,-82.987
723.14,-82.989
723.63,-83.379
724.12,-81.880
724.61,-82.660
725.10,-82.605
725.59,-83.230
726.07,-83.278
726.56,-83.432
727.05,-82.395
727.54,-81.631
728.03,-82.831
728.52,-82.775
729.00,-81.331
729.49,-83.249
729.98,-83.702
730.47,-81.193
730.96,-82.221
731.45,-83.496
731.93,-80.404
732.42,-83.051
732.91,-81.790
733.40,-82.887
733.89,-81.276
734.38,-81.135
734.86,-82.808
735.35,-83.042
735.84,-83.997
736.33,-82.001
736.82,-82.043
737.30,-82.021
737.79,-82.763
738.28,-83.048
738.77,-83.724
739.26,-82.368
739.75,-81.622
740.23,-82.862
740.72,-72.726
741.21,-79.206
741.70,-80.852
742.19,-77.850
742.68,-83.266
743.16,-82.564
743.65,-81.636
744.14,-81.245
744.63,-82.352
745.12,-83.696
745.61,-82.233
746.09,-84.042
746.58,-83.145
747.07,-82.984
747.56,-84.267
748.05,-83.465
748.54,-84.381
749.02,-84.986
749.51,-84.009
750.00,-84.772
750.49,-83.491
750.98,-83.461
751.46,-86.941
751.95,-84.696
752.44,-85.072
752.93,-85.120
753.42,-85.374
753.91,-84.841
754.39,-85.453
754.88,-85.271
755.37,-85.267
755.86,-85.682
756.35,-85.329
756.84,-83.931
757.32,-83.871
757.81,-85.101
758.30,-84.745
758.79,-84.290
759.28,-86.373
759.77,-84.204
760.25,-85.597
760.74,-86.021
761.23,-85.347
761.72,-83.903
762.21,-84.217
762.70,-86.327
763.18,-83.623
763.67,-84.871
764.16,-87.508
764.65,-86.861
765.14,-84.261
765.62,-87.405
766.11,-84.168
766.60,-83.960
767.09,-84.204
767.58,-84.882
768.07,-86.108
768.55,-84.878
769.04,-85.558
769.53,-85.335
770.02,-84.222
770.51,-77.737
771.00,-83.617
771.48,-84.610
771.97,-84.879
772.46,-86.347
772.95,-85.540
773.44,-83.989
773.93,-85.412
774.41,-83.782
774.90,-84.305
775.39,-83.652
775.88,-85.197
776.37,-85.643
776.86,-86.394
777.34,-87.500
777.83,-87.542
778.32,-86.104
778.81,-84.900
779.30,-87.187
779.79,-86.208
780.27,-85.170
780.76,-86.652
781.25,-85.246
781.74,-85.578
782.23,-86.512
782.71,-84.983
783.20,-84.318
783.69,-85.274
784.18,-86.123
784.67,-85.675
785.16,-86.621
785.64,-86.650
786.13,-85.049
786.62,-88.339
787.11,-85.978
787.60,-86.979
788.09,-86.197
788.57,-86.574
789.06,-86.436
789.55,-87.466
790.04,-85.991
790.53,-86.666
791.02,-87.201
791.50,-85.537
791.99,-87.135
792.48,-87.099
792.97,-88.263
793.46,-88.472
793.95,-85.863
794.43,-85.774
794.92,-85.248
795.41,-83.766
795.90,-82.197
796.39,-76.408
796.88,-75.613
797.36,-80.443
797.85,-84.909
798.34,-86.884
798.83,-85.595
799.32,-85.698
799.80,-86.557
800.29,-87.356
800.78,-85.949
801.27,-84.754
801.76,-85.285
802.25,-85.918
802.73,-84.703
803.22,-87.031
803.71,-86.549
804.20,-85.964
804.69,-87.029
805.18,-86.833
805.66,-87.920
806.15,-87.291
806.64,-86.451
807.13,-88.555
807.62,-87.727
808.11,-86.492
808.59,-86.134
809.08,-87.498
809.57,-87.706
810.06,-85.884
810.55,-88.377
811.04,-87.117
811.52,-87.656
812.01,-86.380
812.50,-86.379
812.99,-86.323
813.48,-88.122
813.96,-85.570
814.45,-86.233
814.94,-86.151
815.43,-87.564
815.92,-86.508
816.41,-86.848
816.89,-86.322
817.38,-87.915
817.87,-86.580
818.36,-86.325
818.85,-87.310
819.34,-86.855
819.82,-85.990
820.31,-88.026
820.80,-87.332
821.29,-87.824
821.78,-87.133
822.27,-87.872
822.75,-86.958
823.24,-85.401
823.73,-83.983
824.22,-86.450
824.71,-87.517
825.20,-86.789
825.68,-87.285
826.17,-86.895
826.66,-86.309
827.15,-87.221
827.64,-88.059
828.12,-88.148
828.61,-87.714
829.10,-87.202
829.59,-86.307
830.08,-86.988
830.57,-86.972
831.05,-89.219
831.54,-87.219
832.03,-87.530
832.52,-88.416
833.01,-87.866
833.50,-88.292
833.98,-89.338
834.47,-88.034
834.96,-87.658
835.45,-86.700
835.94,-89.210
836.43,-89.487
836.91,-87.787
837.40,-88.311
837.89,-87.147
838.38,-87.218
838.87,-85.890
839.36,-87.239
839.84,-85.992
840.33,-87.627
840.82,-88.560
841.31,-87.571
841.80,-87.069
842.29,-88.013
842.77,-87.684
843.26,-89.197
843.75,-87.350
844.24,-89.197
844.73,-88.841
845.21,-87.668
845.70,-87.800
846.19,-88.260
846.68,-89.045
847.17,-88.443
847.66,-89.308
848.14,-88.887
848.63,-88.061
849.12,-88.081
849.61,-87.424
850.10,-88.638
850.59,-87.274
851.07,-84.963
851.56,-87.922
852.05,-88.795
852.54,-86.554
853.03,-88.162
853.52,-89.012
854.00,-89.497
854.49,-85.960
854.98,-88.486
855.47,-87.897
855.96,-88.475
856.45,-87.530
856.93,-87.447
857.42,-87.421
857.91,-88.654
858.40,-88.882
858.89,-90.717
859.38,-89.608
859.86,-88.511
860.35,-88.621
860.84,-89.396
861.33,-89.949
861.82,-86.682
862.30,-88.178
862.79,-87.680
863.28,-86.314
863.77,-88.241
864.26,-88.399
864.75,-88.696
865.23,-90.010
865.72,-88.693
866.21,-87.614
866.70,-88.788
867.19,-89.094
867.68,-88.122
868.16,-89.588
868.65,-90.374
869.14,-88.209
869.63,-87.377
870.12,-89.324
870.61,-89.537
871.09,-87.366
871.58,-88.105
872.07,-89.260
872.56,-88.575
873.05,-88.947
873.54,-90.213
874.02,-88.834
874.51,-87.879
875.00,-88.442
875.49,-89.045
875.98,-89.005
876.46,-88.181
876.95,-88.891
877.44,-88.202
877.93,-89.141
878.42,-86.705
878.91,-89.501
879.39,-88.879
879.88,-88.726
880.37,-88.429
880.86,-88.323
881.35,-88.764
881.84,-89.145
882.32,-88.908
882.81,-88.762
883.30,-90.127
883.79,-90.222
884.28,-87.363
884.77,-88.759
885.25,-88.939
885.74,-90.021
886.23,-87.615
886.72,-89.587
887.21,-89.081
887.70,-89.026
888.18,-88.720
888.67,-88.072
889.16,-87.484
889.65,-89.433
890.14,-88.638
890.62,-87.893
891.11,-89.374
891.60,-88.667
892.09,-89.131
892.58,-88.262
893.07,-88.433
893.55,-87.753
894.04,-90.467
894.53,-90.996
895.02,-89.881
895.51,-88.978
896.00,-87.758
896.48,-88.827
896.97,-89.411
897.46,-89.132
897.95,-90.438
898.44,-89.748
898.93,-88.670
899.41,-88.979
899.90,-89.547
900.39,-88.730
900.88,-88.702
901.37,-88.408
901.86,-89.848
902.34,-88.449
902.83,-87.597
903.32,-90.115
903.81,-88.658
904.30,-88.851
904.79,-89.723
905.27,-88.075
905.76,-88.854
906.25,-87.574
906.74,-88.276
907.23,-87.917
907.71,-89.049
908.20,-88.181
908.69,-87.978
909.18,-88.636
909.67,-88.837
910.16,-89.857
910.64,-88.929
911.13,-89.245
911.62,-90.074
912.11,-89.181
912.60,-88.192
913.09,-87.835
913.57,-87.631
914.06,-89.826
914.55,-87.431
915.04,-88.625
915.53,-88.969
916.02,-88.766
916.50,-87.257
916.99,-88.378
917.48,-87.750
917.97,-87.488
918.46,-88.575
918.95,-88.055
919.43,-90.422
919.92,-89.859
920.41,-86.473
920.90,-91.005
921.39,-89.808
921.88,-88.118
922.36,-88.799
922.85,-88.207
923.34,-89.248
923.83,-88.137
924.32,-88.543
924.80,-88.413
925.29,-88.770
925.78,-89.054
926.27,-89.846
926.76,-87.678
927.25,-88.211
927.73,-89.320
928.22,-86.374
928.71,-86.939
929.20,-84.928
929.69,-82.959
930.18,-84.534
930.66,-88.507
931.15,-90.599
931.64,-87.837
932.13,-87.943
932.62,-88.013
933.11,-89.348
933.59,-87.655
934.08,-91.028
934.57,-89.942
935.06,-89.152
935.55,-88.644
936.04,-89.216
936.52,-89.404
937.01,-90.014
937.50,-89.011
937.99,-87.922
938.48,-86.991
938.96,-87.511
939.45,-88.572
939.94,-88.645
940.43,-87.928
940.92,-89.018
941.41,-87.490
941.89,-87.600
942.38,-89.301
942.87,-87.635
943.36,-88.511
943.85,-88.527
944.34,-88.257
944.82,-89.073
945.31,-89.046
945.80,-90.454
946.29,-88.122
946.78,-89.592
947.27,-89.462
947.75,-87.765
948.24,-88.726
948.73,-87.277
949.22,-88.121
949.71,-87.572
950.20,-88.624
950.68,-88.216
951.17,-89.115
951.66,-88.609
952.15,-88.819
952.64,-90.144
953.12,-88.371
953.61,-89.500
954.10,-88.961
954.59,-88.179
955.08,-87.929
955.57,-87.998
956.05,-88.514
956.54,-88.856
957.03,-88.198
957.52,-87.783
958.01,-87.976
958.50,-88.634
958.98,-88.739
959.47,-88.676
959.96,-87.189
960.45,-89.008
960.94,-87.965
961.43,-87.283
961.91,-88.791
962.40,-88.817
962.89,-88.824
963.38,-87.861
963.87,-86.728
964.36,-87.249
964.84,-88.417
965.33,-87.088
965.82,-89.032
966.31,-88.376
966.80,-86.612
967.29,-87.007
967.77,-89.015
968.26,-87.084
968.75,-86.455
969.24,-87.153
969.73,-88.269
970.21,-89.640
970.70,-88.388
971.19,-88.626
971.68,-88.047
972.17,-88.409
972.66,-87.286
973.14,-87.167
973.63,-88.288
974.12,-87.356
974.61,-87.738
975.10,-87.684
975.59,-87.819
976.07,-87.973
976.56,-88.855
977.05,-90.330
977.54,-88.308
978.03,-89.018
978.52,-88.676
979.00,-88.763
979.49,-87.117
979.98,-88.464
980.47,-86.577
980.96,-87.000
981.45,-88.831
981.93,-87.281
982.42,-88.265
982.91,-88.134
983.40,-89.180
983.89,-88.839
984.38,-87.153
984.86,-86.884
985.35,-86.714
985.84,-87.900
986.33,-87.393
986.82,-89.237
987.30,-87.197
987.79,-87.159
988.28,-88.266
988.77,-87.264
989.26,-89.006
989.75,-87.012
990.23,-89.032
990.72,-87.270
991.21,-87.707
991.70,-88.732
992.19,-86.807
992.68,-87.596
993.16,-87.526
993.65,-87.992
994.14,-88.110
994.63,-87.121
995.12,-87.548
995.61,-87.179
996.09,-87.230
996.58,-86.838
997.07,-86.616
997.56,-88.347
998.05,-88.876
998.54,-87.135
999.02,-87.583
999.51,-87.635
1000.00,-87.832
1000.49,-87.532
1000.98,-87.128
1001.46,-88.696
1001.95,-87.216
1002.44,-87.958
1002.93,-89.061
1003.42,-87.132
1003.91,-86.167
1004.39,-87.655
1004.88,-87.619
1005.37,-87.575
1005.86,-87.889
1006.35,-87.434
1006.84,-89.112
1007.32,-88.357
1007.81,-87.276
1008.30,-87.225
1008.79,-89.258
1009.28,-86.254
1009.77,-86.722
1010.25,-84.093
1010.74,-86.009
1011.23,-88.104
1011.72,-86.215
1012.21,-85.813
1012.70,-89.001
1013.18,-86.842
1013.67,-86.178
1014.16,-86.467
1014.65,-87.819
1015.14,-86.999
1015.62,-87.764
1016.11,-89.118
1016.60,-87.011
1017.09,-87.574
1017.58,-87.886
1018.07,-86.690
1018.55,-88.396
1019.04,-87.550
1019.53,-86.715
1020.02,-87.054
1020.51,-86.335
1021.00,-87.333
1021.48,-87.337
1021.97,-87.435
1022.46,-86.733
1022.95,-86.322
1023.44,-86.497
1023.93,-85.503
1024.41,-88.114
1024.90,-88.399
1025.39,-85.806
1025.88,-87.569
1026.37,-85.952
1026.86,-87.046
1027.34,-85.375
1027.83,-87.243
1028.32,-88.960
1028.81,-86.827
1029.30,-86.177
1029.79,-85.845
1030.27,-86.790
1030.76,-87.704
1031.25,-87.858
1031.74,-87.906
1032.23,-87.269
1032.71,-87.095
1033.20,-87.281
1033.69,-87.066
1034.18,-86.485
1034.67,-86.206
1035.16,-86.115
1035.64,-86.649
1036.13,-87.031
1036.62,-85.220
1037.11,-86.300
1037.60,-87.696
1038.09,-85.155
1038.57,-87.145
1039.06,-85.786
1039.55,-86.849
1040.04,-84.746
1040.53,-84.915
1041.02,-86.018
1041.50,-85.619
1041.99,-86.494
1042.48,-86.252
1042.97,-86.431
1043.46,-85.447
1043.95,-86.379
1044.43,-86.358
1044.92,-86.073
1045.41,-87.239
1045.90,-87.479
1046.39,-86.650
1046.88,-84.726
1047.36,-86.142
1047.85,-84.138
1048.34,-84.595
1048.83,-86.502
1049.32,-86.219
1049.80,-86.200
1050.29,-85.188
1050.78,-85.193
1051.27,-85.336
1051.76,-83.779
1052.25,-84.668
1052.73,-85.011
1053.22,-85.191
1053.71,-85.432
1054.20,-85.566
1054.69,-85.529
1055.18,-85.834
1055.66,-83.059
1056.15,-82.867
1056.64,-84.181
1057.13,-83.963
1057.62,-84.733
1058.11,-86.359
1058.59,-84.821
1059.08,-82.730
1059.57,-85.059
1060.06,-83.463
1060.55,-85.659
1061.04,-85.128
1061.52,-84.405
1062.01,-84.380
1062.50,-84.628
1062.99,-85.970
1063.48,-86.092
1063.96,-86.889
1064.45,-86.706
1064.94,-86.383
1065.43,-83.635
1065.92,-85.404
1066.41,-87.643
1066.89,-86.210
1067.38,-85.579
1067.87,-85.663
1068.36,-83.898
1068.85,-83.639
1069.34,-83.637
1069.82,-85.271
1070.31,-85.444
1070.80,-85.277
1071.29,-84.634
1071.78,-83.581
1072.27,-85.037
1072.75,-84.215
1073.24,-84.220
1073.73,-84.081
1074.22,-84.053
1074.71,-84.985
1075.20,-84.974
1075.68,-84.801
1076.17,-83.562
1076.66,-84.396
1077.15,-82.785
1077.64,-83.727
1078.12,-82.767
1078.61,-84.231
1079.10,-85.368
1079.59,-84.351
1080.08,-83.854
1080.57,-85.727
1081.05,-84.214
1081.54,-83.582
1082.03,-84.355
1082.52,-84.801
1083.01,-83.433
1083.50,-85.343
1083.98,-84.028
1084.47,-84.475
1084.96,-85.474
1085.45,-82.802
1085.94,-83.341
1086.43,-83.880
1086.91,-82.577
1087.40,-82.714
1087.89,-82.768
1088.38,-83.473
1088.87,-83.579
1089.36,-84.395
1089.84,-84.701
1090.33,-84.515
1090.82,-83.567
1091.31,-84.261
1091.80,-84.386
1092.29,-83.553
1092.77,-84.369
1093.26,-84.490
1093.75,-83.973
1094.24,-83.447
1094.73,-82.956
1095.21,-82.804
1095.70,-84.426
1096.19,-81.565
1096.68,-83.129
1097.17,-82.613
1097.66,-82.928
1098.14,-84.237
1098.63,-82.851
1099.12,-82.149
1099.61,-81.725
1100.10,-81.944
1100.59,-85.055
1101.07,-83.363
1101.56,-83.444
1102.05,-82.472
1102.54,-82.595
1103.03,-82.284
1103.52,-81.260
1104.00,-82.519
1104.49,-82.484
1104.98,-82.067
1105.47,-81.025
1105.96,-82.214
1106.45,-81.580
1106.93,-79.522
1107.42,-80.731
1107.91,-81.254
1108.40,-80.490
1108.89,-82.102
1109.38,-82.534
1109.86,-81.956
1110.35,-80.585
1110.84,-81.203
1111.33,-82.645
1111.82,-82.460
1112.30,-82.528
1112.79,-82.484
1113.28,-81.406
1113.77,-81.661
1114.26,-82.692
1114.75,-81.348
1115.23,-81.553
1115.72,-82.392
1116.21,-81.342
1116.70,-82.028
1117.19,-81.030
1117.68,-82.726
1118.16,-81.430
1118.65,-81.554
1119.14,-80.938
1119.63,-82.738
1120.12,-81.087
1120.61,-82.186
1121.09,-82.639
1121.58,-82.807
1122.07,-81.307
1122.56,-81.166
1123.05,-82.395
1123.54,-80.606
1124.02,-80.986
1124.51,-81.090
1125.00,-81.690
1125.49,-80.138
1125.98,-79.856
1126.46,-80.350
1126.95,-80.171
1127.44,-79.527
1127.93,-77.052
1128.42,-80.195
1128.91,-79.455
1129.39,-79.716
1129.88,-78.293
1130.37,-73.818
1130.86,-78.013
1131.35,-80.638
1131.84,-80.711
1132.32,-80.438
1132.81,-79.735
1133.30,-80.857
1133.79,-81.024
1134.28,-80.690
1134.77,-80.606
1135.25,-79.684
1135.74,-79.135
1136.23,-80.131
1136.72,-80.656
1137.21,-78.869
1137.70,-78.544
1138.18,-80.006
1138.67,-79.543
1139.16,-79.991
1139.65,-80.244
1140.14,-78.834
1140.62,-78.919
1141.11,-78.423
1141.60,-79.655
1142.09,-79.931
1142.58,-79.740
1143.07,-77.336
1143.55,-79.962
1144.04,-80.078
1144.53,-79.874
1145.02,-79.704
1145.51,-78.620
1146.00,-78.515
1146.48,-76.748
1146.97,-76.637
1147.46,-78.273
1147.95,-78.751
1148.44,-78.260
1148.93,-77.265
1149.41,-78.065
1149.90,-78.894
1150.39,-78.388
1150.88,-78.633
1151.37,-78.493
1151.86,-78.831
1152.34,-76.865
1152.83,-79.416
1153.32,-76.694
1153.81,-77.548
1154.30,-78.206
1154.79,-78.581
1155.27,-78.842
1155.76,-78.456
1156.25,-76.065
1156.74,-78.546
1157.23,-78.109
1157.71,-78.968
1158.20,-77.615
1158.69,-75.904
1159.18,-78.199
1159.67,-77.675
1160.16,-78.068
1160.64,-78.769
1161.13,-76.818
1161.62,-75.593
1162.11,-75.935
1162.60,-78.117
1163.09,-76.923
1163.57,-75.732
1164.06,-76.449
1164.55,-75.238
1165.04,-75.865
1165.53,-74.893
1166.02,-76.057
1166.50,-76.343
1166.99,-73.593
1167.48,-75.354
1167.97,-75.389
1168.46,-75.394
1168.95,-74.409
1169.43,-74.803
1169.92,-74.098
1170.41,-74.377
1170.90,-75.573
1171.39,-74.983
1171.88,-75.116
1172.36,-73.008
1172.85,-74.265
1173.34,-73.904
1173.83,-74.584
1174.32,-74.743
1174.80,-74.051
1175.29,-73.021
1175.78,-72.869
1176.27,-75.553
1176.76,-73.206
1177.25,-73.323
1177.73,-75.287
1178.22,-72.608
1178.71,-75.058
1179.20,-73.304
1179.69,-73.506
1180.18,-73.375
1180.66,-73.807
1181.15,-72.944
1181.64,-73.613
1182.13,-72.653
1182.62,-73.312
1183.11,-73.405
1183.59,-73.154
1184.08,-72.370
1184.57,-72.474
1185.06,-71.787
1185.55,-75.221
1186.04,-72.062
1186.52,-70.335
1187.01,-69.986
1187.50,-71.191
1187.99,-73.489
1188.48,-73.669
1188.96,-73.960
1189.45,-71.489
1189.94,-71.598
1190.43,-71.878
1190.92,-73.420
1191.41,-70.345
1191.89,-71.309
1192.38,-72.236
1192.87,-70.222
1193.36,-72.299
1193.85,-72.082
1194.34,-72.431
1194.82,-74.266
1195.31,-71.820
1195.80,-70.313
1196.29,-72.244
1196.78,-71.717
1197.27,-71.685
1197.75,-72.735
1198.24,-71.017
1198.73,-71.579
1199.22,-70.295
1199.71,-71.924
1200.20,-68.788
1200.68,-70.664
1201.17,-70.873
1201.66,-71.646
1202.15,-69.838
1202.64,-70.800
1203.12,-71.499
1203.61,-70.619
1204.10,-74.676
1204.59,-71.947
1205.08,-69.797
1205.57,-69.779
1206.05,-71.694
1206.54,-70.338
1207.03,-70.767
1207.52,-70.157
1208.01,-73.310
1208.50,-70.618
1208.98,-70.279
1209.47,-72.461
1209.96,-71.927
1210.45,-71.762
1210.94,-71.567
1211.43,-71.620
1211.91,-70.073
1212.40,-69.778
1212.89,-72.281
1213.38,-70.416
1213.87,-71.280
1214.36,-71.039
1214.84,-72.259
1215.33,-71.091
1215.82,-69.386
1216.31,-71.196
1216.80,-70.430
1217.29,-72.149
1217.77,-72.040
1218.26,-70.469
1218.75,-71.877
1219.24,-72.917
1219.73,-69.829
1220.21,-70.217
1220.70,-72.549
1221.19,-70.825
1221.68,-72.078
1222.17,-70.936
1222.66,-71.796
1223.14,-70.745
1223.63,-72.015
1224.12,-72.495
1224.61,-72.695
1225.10,-73.803
1225.59,-72.314
1226.07,-73.067
1226.56,-71.461
1227.05,-72.953
1227.54,-72.158
1228.03,-73.554
1228.52,-73.515
1229.00,-71.381
1229.49,-71.975
1229.98,-74.344
1230.47,-72.324
1230.96,-73.988
1231.45,-73.991
1231.93,-75.114
1232.42,-73.175
1232.91,-73.757
1233.40,-73.851
1233.89,-74.290
1234.38,-73.312
1234.86,-74.008
1235.35,-74.575
1235.84,-73.723
1236.33,-73.851
1236.82,-76.152
1237.30,-74.739
1237.79,-74.173
1238.28,-75.117
1238.77,-73.280
1239.26,-76.353
1239.75,-75.409
1240.23,-75.239
1240.72,-74.929
1241.21,-75.643
1241.70,-74.477
1242.19,-74.087
1242.68,-74.992
1243.16,-75.618
1243.65,-74.770
1244.14,-74.358
1244.63,-75.303
1245.12,-77.187
1245.61,-76.051
1246.09,-74.482
1246.58,-73.134
1247.07,-76.636
1247.56,-75.730
1248.05,-76.497
1248.54,-75.769
1249.02,-75.647
1249.51,-76.550
1250.00,-75.565
1250.49,-75.476
1250.98,-74.572
1251.46,-77.214
1251.95,-75.280
1252.44,-78.177
1252.93,-78.262
1253.42,-78.989
1253.91,-76.482
1254.39,-77.708
1254.88,-76.871
1255.37,-75.972
1255.86,-77.808
1256.35,-78.383
1256.84,-76.743
1257.32,-76.613
1257.81,-77.791
1258.30,-78.100
1258.79,-78.533
1259.28,-79.561
1259.77,-78.165
1260.25,-77.343
1260.74,-78.347
1261.23,-77.681
1261.72,-76.922
1262.21,-77.883
1262.70,-77.820
1263.18,-78.911
1263.67,-78.633
1264.16,-79.719
1264.65,-79.166
1265.14,-79.709
1265.62,-79.848
1266.11,-79.486
1266.60,-78.419
1267.09,-79.008
1267.58,-77.372
1268.07,-78.225
1268.55,-77.504
1269.04,-77.929
1269.53,-77.242
1270.02,-78.500
1270.51,-79.492
1271.00,-77.847
1271.48,-77.957
1271.97,-80.370
1272.46,-78.329
1272.95,-78.064
1273.44,-77.816
1273.93,-77.977
1274.41,-79.504
1274.90,-77.548
1275.39,-77.623
1275.88,-79.735
1276.37,-78.066
1276.86,-79.999
1277.34,-78.917
1277.83,-79.782
1278.32,-79.923
1278.81,-79.236
1279.30,-78.404
1279.79,-79.460
1280.27,-80.242
1280.76,-79.774
1281.25,-80.874
1281.74,-78.411
1282.23,-78.752
1282.71,-80.770
1283.20,-79.666
1283.69,-78.981
1284.18,-78.661
1284.67,-77.822
1285.16,-79.547
1285.64,-80.537
1286.13,-79.889
1286.62,-80.393
1287.11,-78.452
1287.60,-80.322
1288.09,-81.429
1288.57,-79.959
1289.06,-79.059
1289.55,-79.258
1290.04,-80.863
1290.53,-81.363
1291.02,-80.387
1291.50,-81.523
1291.99,-82.882
1292.48,-81.050
1292.97,-83.036
1293.46,-82.544
1293.95,-81.895
1294.43,-80.979
1294.92,-81.021
1295.41,-82.273
1295.90,-81.734
1296.39,-82.976
1296.88,-80.526
1297.36,-81.142
1297.85,-80.333
1298.34,-80.879
1298.83,-82.216
1299.32,-80.461
1299.80,-81.264
1300.29,-79.815
1300.78,-79.421
1301.27,-81.115
1301.76,-81.370
1302.25,-82.798
1302.73,-80.362
1303.22,-81.147
1303.71,-79.962
1304.20,-81.709
1304.69,-81.907
1305.18,-82.527
1305.66,-82.279
1306.15,-81.379
1306.64,-81.388
1307.13,-80.999
1307.62,-80.864
1308.11,-82.518
1308.59,-81.647
1309.08,-81.889
1309.57,-80.308
1310.06,-84.150
1310.55,-83.776
1311.04,-81.762
1311.52,-84.409
1312.01,-82.093
1312.50,-80.299
1312.99,-82.167
1313.48,-84.043
1313.96,-82.632
1314.45,-82.360
1314.94,-82.805
1315.43,-81.720
1315.92,-82.049
1316.41,-83.341
1316.89,-82.262
1317.38,-82.601
1317.87,-81.278
1318.36,-81.299
1318.85,-81.532
1319.34,-82.546
1319.82,-83.187
1320.31,-82.031
1320.80,-83.064
1321.29,-83.093
1321.78,-82.464
1322.27,-82.314
1322.75,-84.408
1323.24,-82.193
1323.73,-82.172
1324.22,-82.550
1324.71,-84.330
1325.20,-83.442
1325.68,-84.331
1326.17,-82.615
1326.66,-80.953
1327.15,-81.855
1327.64,-82.457
1328.12,-81.591
1328.61,-81.966
1329.10,-80.590
1329.59,-83.363
1330.08,-83.309
1330.57,-81.984
1331.05,-83.376
1331.54,-82.413
1332.03,-81.462
1332.52,-82.688
1333.01,-84.419
1333.50,-82.547
1333.98,-83.031
1334.47,-82.010
1334.96,-82.089
1335.45,-82.856
1335.94,-82.463
1336.43,-84.020
1336.91,-83.486
1337.40,-82.087
1337.89,-83.953
1338.38,-82.973
1338.87,-83.492
1339.36,-82.010
1339.84,-82.638
1340.33,-82.759
1340.82,-82.328
1341.31,-83.523
1341.80,-82.795
1342.29,-84.111
1342.77,-84.150
1343.26,-85.376
1343.75,-83.859
1344.24,-83.319
1344.73,-83.586
1345.21,-82.139
1345.70,-83.038
1346.19,-83.606
1346.68,-83.758
1347.17,-84.025
1347.66,-84.595
1348.14,-83.545
1348.63,-82.813
1349.12,-83.626
1349.61,-85.106
1350.10,-83.864
1350.59,-84.331
1351.07,-85.078
1351.56,-84.377
1352.05,-84.988
1352.54,-85.481
1353.03,-84.798
1353.52,-84.138
1354.00,-83.393
1354.49,-84.117
1354.98,-82.348
1355.47,-83.082
1355.96,-84.316
1356.45,-84.244
1356.93,-82.503
1357.42,-84.660
1357.91,-84.987
1358.40,-86.035
1358.89,-84.894
1359.38,-83.660
1359.86,-83.159
1360.35,-82.860
1360.84,-83.021
1361.33,-84.250
1361.82,-84.028
1362.30,-83.730
1362.79,-84.595
1363.28,-84.105
1363.77,-85.861
1364.26,-83.590
1364.75,-84.875
1365.23,-84.788
1365.72,-84.459
1366.21,-83.709
1366.70,-83.425
1367.19,-83.336
1367.68,-83.276
1368.16,-84.207
1368.65,-84.471
1369.14,-84.306
1369.63,-86.263
1370.12,-84.710
1370.61,-83.451
1371.09,-85.280
1371.58,-84.813
1372.07,-83.844
1372.56,-84.898
1373.05,-85.540
1373.54,-84.262
1374.02,-84.579
1374.51,-84.401
1375.00,-85.956
1375.49,-84.557
1375.98,-86.020
1376.46,-85.670
1376.95,-83.881
1377.44,-84.481
1377.93,-85.032
1378.42,-84.996
1378.91,-84.764
1379.39,-83.783
1379.88,-83.999
1380.37,-85.610
1380.86,-85.364
1381.35,-83.979
1381.84,-83.826
1382.32,-84.166
1382.81,-83.205
1383.30,-83.796
1383.79,-85.946
1384.28,-83.900
1384.77,-83.258
1385.25,-83.409
1385.74,-83.931
1386.23,-85.788
1386.72,-85.065
1387.21,-84.614
1387.70,-85.336
1388.18,-85.672
1388.67,-83.899
1389.16,-85.283
1389.65,-85.288
1390.14,-85.157
1390.62,-86.464
1391.11,-84.582
1391.60,-84.499
1392.09,-85.835
1392.58,-85.485
1393.07,-86.394
1393.55,-84.287
1394.04,-84.228
1394.53,-84.038
1395.02,-83.793
1395.51,-85.766
1396.00,-85.354
1396.48,-85.480
1396.97,-83.713
1397.46,-85.820
1397.95,-85.485
1398.44,-84.476
1398.93,-84.784
1399.41,-84.940
1399.90,-84.890
1400.39,-86.383
1400.88,-83.224
1401.37,-86.108
1401.86,-84.318
1402.34,-84.237
1402.83,-85.226
1403.32,-86.132
1403.81,-83.871
1404.30,-85.732
1404.79,-86.435
1405.27,-84.583
1405.76,-84.756
1406.25,-86.408
1406.74,-85.426
1407.23,-85.573
1407.71,-85.221
1408.20,-85.486
1408.69,-85.516
1409.18,-85.909
1409.67,-85.817
1410.16,-84.259
1410.64,-86.193
1411.13,-85.912
1411.62,-86.129
1412.11,-87.922
1412.60,-85.370
1413.09,-86.383
1413.57,-85.924
1414.06,-85.642
1414.55,-85.054
1415.04,-85.197
1415.53,-85.573
1416.02,-86.945
1416.50,-87.155
1416.99,-86.513
1417.48,-83.904
1417.97,-84.070
1418.46,-87.116
1418.95,-85.827
1419.43,-86.639
1419.92,-86.392
1420.41,-86.758
1420.90,-86.045
1421.39,-85.754
1421.88,-85.501
1422.36,-86.609
1422.85,-85.104
1423.34,-86.120
1423.83,-86.211
1424.32,-85.293
1424.80,-86.241
1425.29,-85.177
1425.78,-85.295
1426.27,-85.411
1426.76,-86.453
1427.25,-86.792
1427.73,-86.899
1428.22,-86.115
1428.71,-87.431
1429.20,-87.485
1429.69,-85.046
1430.18,-85.473
1430.66,-84.816
1431.15,-86.351
1431.64,-85.613
1432.13,-86.067
1432.62,-87.317
1433.11,-86.302
1433.59,-86.549
1434.08,-84.670
1434.57,-84.943
1435.06,-85.834
1435.55,-86.437
1436.04,-85.778
1436.52,-85.091
1437.01,-85.921
1437.50,-86.187
1437.99,-85.849
1438.48,-83.116
1438.96,-88.185
1439.45,-87.625
1439.94,-85.378
1440.43,-85.056
1440.92,-86.409
1441.41,-85.822
1441.89,-85.997
1442.38,-85.357
1442.87,-85.334
1443.36,-84.991
1443.85,-86.774
1444.34,-86.034
1444.82,-85.729
1445.31,-87.444
1445.80,-86.495
1446.29,-84.341
1446.78,-87.708
1447.27,-86.820
1447.75,-85.689
1448.24,-85.054
1448.73,-86.110
1449.22,-86.370
1449.71,-87.233
1450.20,-86.533
1450.68,-84.910
1451.17,-85.116
1451.66,-86.181
1452.15,-86.239
1452.64,-85.529
1453.12,-86.329
1453.61,-84.768
1454.10,-84.782
1454.59,-85.082
1455.08,-85.406
1455.57,-85.588
1456.05,-84.816
1456.54,-85.933
1457.03,-86.293
1457.52,-87.005
1458.01,-85.420
1458.50,-85.156
1458.98,-84.716
1459.47,-83.918
1459.96,-84.261
1460.45,-85.494
1460.94,-84.130
1461.43,-84.582
1461.91,-84.815
1462.40,-86.530
1462.89,-85.790
1463.38,-85.699
1463.87,-85.317
1464.36,-85.039
1464.84,-83.550
1465.33,-84.856
1465.82,-85.882
1466.31,-86.226
1466.80,-85.158
1467.29,-85.452
1467.77,-85.208
1468.26,-86.271
1468.75,-85.756
1469.24,-85.686
1469.73,-85.242
1470.21,-86.121
1470.70,-87.079
1471.19,-86.560
1471.68,-85.182
1472.17,-86.150
1472.66,-85.597
1473.14,-86.243
1473.63,-86.906
1474.12,-87.645
1474.61,-84.930
1475.10,-84.814
1475.59,-84.057
1476.07,-85.763
1476.56,-85.871
1477.05,-87.057
1477.54,-88.556
1478.03,-85.125
1478.52,-84.830
1479.00,-86.061
1479.49,-86.217
1479.98,-86.524
1480.47,-85.816
1480.96,-86.356
1481.45,-85.712
1481.93,-86.278
1482.42,-84.329
1482.91,-84.334
1483.40,-85.736
1483.89,-84.313
1484.38,-84.989
1484.86,-84.670
1485.35,-84.203
1485.84,-83.947
1486.33,-84.776
1486.82,-84.130
1487.30,-83.231
1487.79,-85.981
1488.28,-86.318
1488.77,-85.713
1489.26,-86.108
1489.75,-86.269
1490.23,-86.235
1490.72,-85.264
1491.21,-86.737
1491.70,-87.573
1492.19,-85.637
1492.68,-84.238
1493.16,-85.643
1493.65,-86.144
1494.14,-85.400
1494.63,-85.976
1495.12,-87.029
1495.61,-85.463
1496.09,-82.996
1496.58,-85.332
1497.07,-84.809
1497.56,-85.970
1498.05,-84.077
1498.54,-85.282
1499.02,-85.035
1499.51,-84.928
1500.00,-85.602
1500.49,-86.598
1500.98,-85.940
1501.46,-84.955
1501.95,-85.166
1502.44,-84.984
1502.93,-84.932
1503.42,-85.913
1503.91,-87.383
1504.39,-85.954
1504.88,-84.917
1505.37,-86.284
1505.86,-83.406
1506.35,-85.821
1506.84,-87.841
1507.32,-85.857
1507.81,-85.367
1508.30,-86.018
1508.79,-85.383
1509.28,-85.563
1509.77,-83.703
1510.25,-85.436
1510.74,-86.211
1511.23,-85.494
1511.72,-84.913
1512.21,-84.984
1512.70,-86.413
1513.18,-84.140
1513.67,-85.814
1514.16,-86.745
1514.65,-86.946
1515.14,-86.548
1515.62,-86.049
1516.11,-85.734
1516.60,-84.356
1517.09,-85.073
1517.58,-85.695
1518.07,-84.176
1518.55,-84.565
1519.04,-84.895
1519.53,-86.406
1520.02,-86.944
1520.51,-86.488
1521.00,-85.972
1521.48,-83.886
1521.97,-84.187
1522.46,-87.272
1522.95,-86.008
1523.44,-85.119
1523.93,-84.582
1524.41,-85.620
1524.90,-84.119
1525.39,-85.090
1525.88,-85.395
1526.37,-87.934
1526.86,-85.449
1527.34,-85.322
1527.83,-86.915
1528.32,-85.478
1528.81,-85.974
1529.30,-82.642
1529.79,-86.014
1530.27,-84.829
1530.76,-85.284
1531.25,-85.091
1531.74,-86.554
1532.23,-85.213
1532.71,-83.494
1533.20,-84.176
1533.69,-86.633
1534.18,-86.715
1534.67,-85.348
1535.16,-85.509
1535.64,-85.327
1536.13,-84.683
1536.62,-85.585
1537.11,-84.819
1537.60,-85.546
1538.09,-84.643
1538.57,-85.673
1539.06,-83.881
1539.55,-86.723
1540.04,-85.284
1540.53,-85.048
1541.02,-84.740
1541.50,-85.786
1541.99,-84.044
1542.48,-84.770
1542.97,-85.948
1543.46,-84.454
1543.95,-85.025
1544.43,-84.473
1544.92,-85.612
1545.41,-85.648
1545.90,-84.212
1546.39,-85.348
1546.88,-83.172
1547.36,-84.719
1547.85,-83.253
1548.34,-83.798
1548.83,-84.191
1549.32,-85.526
1549.80,-85.064
1550.29,-85.217
1550.78,-85.104
1551.27,-85.488
1551.76,-84.353
1552.25,-84.998
1552.73,-86.228
1553.22,-86.131
1553.71,-84.786
1554.20,-86.868
1554.69,-85.452
1555.18,-83.641
1555.66,-84.884
1556.15,-84.968
1556.64,-84.061
1557.13,-84.440
1557.62,-85.124
1558.11,-84.608
1558.59,-86.606
1559.08,-83.160
1559.57,-84.197
1560.06,-84.161
1560.55,-85.407
1561.04,-84.624
1561.52,-84.616
1562.01,-84.029
1562.50,-86.121
1562.99,-85.404
1563.48,-84.266
1563.96,-85.544
1564.45,-84.659
1564.94,-85.311
1565.43,-83.008
1565.92,-84.837
1566.41,-84.497
1566.89,-84.631
1567.38,-85.472
1567.87,-84.936
1568.36,-85.797
1568.85,-86.664
1569.34,-85.083
1569.82,-84.521
1570.31,-84.080
1570.80,-86.649
1571.29,-82.988
1571.78,-85.522
1572.27,-83.099
1572.75,-84.531
1573.24,-82.598
1573.73,-85.117
1574.22,-83.579
1574.71,-85.302
1575.20,-83.016
1575.68,-84.419
1576.17,-83.847
1576.66,-84.627
1577.15,-85.130
1577.64,-83.752
1578.12,-83.523
1578.61,-82.949
1579.10,-83.648
1579.59,-85.146
1580.08,-84.234
1580.57,-83.422
1581.05,-84.235
1581.54,-84.243
1582.03,-84.167
1582.52,-82.055
1583.01,-83.010
1583.50,-83.891
1583.98,-86.161
1584.47,-83.900
1584.96,-85.044
1585.45,-86.758
1585.94,-85.756
1586.43,-86.454
1586.91,-83.994
1587.40,-83.412
1587.89,-83.784
1588.38,-84.310
1588.87,-83.771
1589.36,-83.315
1589.84,-82.354
1590.33,-83.090
1590.82,-85.204
1591.31,-83.452
1591.80,-82.993
1592.29,-82.100
1592.77,-82.631
1593.26,-83.178
1593.75,-83.757
1594.24,-82.208
1594.73,-83.333
1595.21,-83.256
1595.70,-83.378
1596.19,-85.465
1596.68,-84.604
1597.17,-84.314
1597.66,-82.844
1598.14,-83.235
1598.63,-83.403
1599.12,-84.741
1599.61,-82.610
1600.10,-81.850
1600.59,-83.095
1601.07,-83.412
1601.56,-82.991
1602.05,-83.547
1602.54,-81.495
1603.03,-84.197
1603.52,-83.863
1604.00,-85.187
1604.49,-82.574
1604.98,-82.525
1605.47,-83.084
1605.96,-81.324
1606.45,-81.734
1606.93,-82.261
1607.42,-81.440
1607.91,-83.817
1608.40,-83.889
1608.89,-83.901
1609.38,-83.012
1609.86,-82.341
1610.35,-83.916
1610.84,-83.713
1611.33,-84.112
1611.82,-83.418
1612.30,-84.835
1612.79,-84.059
1613.28,-83.372
1613.77,-82.633
1614.26,-81.328
1614.75,-81.770
1615.23,-83.116
1615.72,-81.277
1616.21,-82.597
1616.70,-82.355
1617.19,-82.115
1617.68,-82.420
1618.16,-82.603
1618.65,-82.614
1619.14,-81.644
1619.63,-82.176
1620.12,-79.969
1620.61,-82.780
1621.09,-82.863
1621.58,-82.112
1622.07,-83.806
1622.56,-80.852
1623.05,-81.976
1623.54,-81.302
1624.02,-82.281
1624.51,-83.777
1625.00,-81.764
1625.49,-81.586
1625.98,-81.265
1626.46,-81.588
1626.95,-82.261
1627.44,-81.487
1627.93,-80.791
1628.42,-80.649
1628.91,-82.991
1629.39,-81.825
1629.88,-81.536
1630.37,-83.092
1630.86,-79.722
1631.35,-83.073
1631.84,-83.897
1632.32,-82.555
1632.81,-81.652
1633.30,-80.253
1633.79,-80.652
1634.28,-82.334
1634.77,-82.792
1635.25,-81.988
1635.74,-81.635
1636.23,-80.960
1636.72,-80.921
1637.21,-83.543
1637.70,-82.132
1638.18,-84.122
1638.67,-82.543
1639.16,-82.092
1639.65,-83.209
1640.14,-82.115
1640.62,-80.899
1641.11,-82.213
1641.60,-82.345
1642.09,-81.892
1642.58,-82.365
1643.07,-80.720
1643.55,-82.710
1644.04,-81.597
1644.53,-81.979
1645.02,-81.345
1645.51,-81.105
1646.00,-79.746
1646.48,-81.475
1646.97,-81.062
1647.46,-81.390
1647.95,-81.467
1648.44,-80.605
1648.93,-81.392
1649.41,-81.156
1649.90,-79.687
1650.39,-80.256
1650.88,-82.664
1651.37,-83.440
1651.86,-81.675
1652.34,-80.361
1652.83,-79.809
1653.32,-80.672
1653.81,-80.015
1654.30,-79.298
1654.79,-81.271
1655.27,-82.032
1655.76,-80.688
1656.25,-80.475
1656.74,-80.959
1657.23,-78.041
1657.71,-80.069
1658.20,-80.324
1658.69,-80.841
1659.18,-79.836
1659.67,-79.820
1660.16,-79.695
1660.64,-79.116
1661.13,-81.198
1661.62,-79.587
1662.11,-81.866
1662.60,-81.355
1663.09,-80.532
1663.57,-80.503
1664.06,-80.479
1664.55,-80.111
1665.04,-80.604
1665.53,-80.205
1666.02,-78.262
1666.50,-79.233
1666.99,-81.160
1667.48,-80.358
1667.97,-80.094
1668.46,-78.393
1668.95,-77.810
1669.43,-79.874
1669.92,-80.664
1670.41,-80.798
1670.90,-78.423
1671.39,-79.618
1671.88,-80.140
1672.36,-80.414
1672.85,-78.324
1673.34,-79.513
1673.83,-78.051
1674.32,-79.193
1674.80,-79.946
1675.29,-80.317
1675.78,-80.527
1676.27,-78.284
1676.76,-78.291
1677.25,-78.869
1677.73,-78.138
1678.22,-77.240
1678.71,-80.160
1679.20,-79.301
1679.69,-79.249
1680.18,-80.901
1680.66,-79.797
1681.15,-78.862
1681.64,-78.122
1682.13,-79.264
1682.62,-78.471
1683.11,-77.003
1683.59,-77.893
1684.08,-77.052
1684.57,-79.181
1685.06,-77.562
1685.55,-80.523
1686.04,-78.870
1686.52,-78.415
1687.01,-78.452
1687.50,-77.958
1687.99,-78.983
1688.48,-77.710
1688.96,-78.702
1689.45,-76.828
1689.94,-77.887
1690.43,-77.265
1690.92,-75.999
1691.41,-77.266
1691.89,-77.139
1692.38,-77.820
1692.87,-78.515
1693.36,-78.467
1693.85,-76.300
1694.34,-76.936
1694.82,-77.516
1695.31,-76.754
1695.80,-76.590
1696.29,-78.606
1696.78,-77.707
1697.27,-78.082
1697.75,-78.187
1698.24,-77.112
1698.73,-77.798
1699.22,-75.677
1699.71,-77.254
1700.20,-78.247
1700.68,-75.246
1701.17,-77.968
1701.66,-78.225
1702.15,-77.357
1702.64,-77.678
1703.12,-77.926
1703.61,-76.874
1704.10,-77.237
1704.59,-77.394
1705.08,-78.010
1705.57,-76.699
1706.05,-77.559
1706.54,-74.928
1707.03,-76.574
1707.52,-78.522
1708.01,-77.204
1708.50,-76.229
1708.98,-76.971
1709.47,-76.409
1709.96,-75.500
1710.45,-74.649
1710.94,-73.414
1711.43,-75.065
1711.91,-74.952
1712.40,-74.840
1712.89,-75.993
1713.38,-76.465
1713.87,-76.136
1714.36,-74.243
1714.84,-75.066
1715.33,-75.780
1715.82,-74.882
1716.31,-74.991
1716.80,-74.225
1717.29,-75.574
1717.77,-75.172
1718.26,-74.552
1718.75,-75.080
1719.24,-73.062
1719.73,-73.519
1720.21,-76.436
1720.70,-76.723
1721.19,-75.833
1721.68,-72.283
1722.17,-73.467
1722.66,-74.229
1723.14,-74.764
1723.63,-75.900
1724.12,-74.303
1724.61,-73.775
1725.10,-75.912
1725.59,-74.911
1726.07,-74.398
1726.56,-73.452
1727.05,-74.601
1727.54,-73.296
1728.03,-74.053
1728.52,-72.254
1729.00,-73.162
1729.49,-72.281
1729.98,-72.861
1730.47,-72.305
1730.96,-72.966
1731.45,-74.624
1731.93,-74.618
1732.42,-74.844
1732.91,-74.678
1733.40,-73.105
1733.89,-72.756
1734.38,-73.067
1734.86,-73.014
1735.35,-71.752
1735.84,-71.408
1736.33,-72.338
1736.82,-72.142
1737.30,-72.299
1737.79,-72.185
1738.28,-71.030
1738.77,-71.886
1739.26,-72.764
1739.75,-71.391
1740.23,-72.363
1740.72,-70.384
1741.21,-73.435
1741.70,-71.562
1742.19,-71.781
1742.68,-70.851
1743.16,-70.586
1743.65,-71.066
1744.14,-71.732
1744.63,-72.145
1745.12,-69.952
1745.61,-69.476
1746.09,-70.152
1746.58,-69.977
1747.07,-69.058
1747.56,-69.533
1748.05,-71.452
1748.54,-69.779
1749.02,-70.135
1749.51,-71.945
1750.00,-70.559
1750.49,-70.796
1750.98,-69.655
1751.46,-70.382
1751.95,-69.174
1752.44,-69.545
1752.93,-68.941
1753.42,-68.451
1753.91,-68.614
1754.39,-69.451
1754.88,-68.226
1755.37,-69.575
1755.86,-69.385
1756.35,-68.919
1756.84,-71.491
1757.32,-70.000
1757.81,-70.160
1758.30,-69.685
1758.79,-66.993
1759.28,-68.022
1759.77,-68.340
1760.25,-68.785
1760.74,-69.715
1761.23,-67.099
1761.72,-66.516
1762.21,-67.414
1762.70,-65.487
1763.18,-68.369
1763.67,-67.880
1764.16,-68.278
1764.65,-68.391
1765.14,-66.312
1765.62,-68.191
1766.11,-66.597
1766.60,-68.086
1767.09,-68.633
1767.58,-66.141
1768.07,-66.762
1768.55,-66.602
1769.04,-67.098
1769.53,-66.705
1770.02,-65.627
1770.51,-66.160
1771.00,-66.086
1771.48,-66.862
1771.97,-66.193
1772.46,-65.239
1772.95,-66.382
1773.44,-66.098
1773.93,-68.083
1774.41,-66.730
1774.90,-66.340
1775.39,-64.327
1775.88,-66.875
1776.37,-66.707
1776.86,-66.247
1777.34,-65.314
1777.83,-67.380
1778.32,-64.971
1778.81,-64.191
1779.30,-67.317
1779.79,-66.492
1780.27,-67.259
1780.76,-65.983
1781.25,-65.093
1781.74,-66.150
1782.23,-65.178
1782.71,-65.851
1783.20,-64.997
1783.69,-66.405
1784.18,-68.036
1784.67,-67.246
1785.16,-64.427
1785.64,-66.544
1786.13,-66.664
1786.62,-66.296
1787.11,-66.177
1787.60,-64.786
1788.09,-67.176
1788.57,-66.402
1789.06,-65.250
1789.55,-66.555
1790.04,-67.786
1790.53,-66.337
1791.02,-67.125
1791.50,-66.252
1791.99,-66.643
1792.48,-66.494
1792.97,-65.701
1793.46,-66.995
1793.95,-66.710
1794.43,-67.602
1794.92,-67.888
1795.41,-66.052
1795.90,-66.027
1796.39,-65.563
1796.88,-68.866
1797.36,-67.227
1797.85,-66.902
1798.34,-67.923
1798.83,-69.220
1799.32,-66.019
1799.80,-68.153
1800.29,-65.847
1800.78,-66.742
1801.27,-68.953
1801.76,-68.469
1802.25,-68.051
1802.73,-68.116
1803.22,-68.575
1803.71,-67.454
1804.20,-68.968
1804.69,-68.389
1805.18,-67.628
1805.66,-68.800
1806.15,-67.776
1806.64,-68.629
1807.13,-68.390
1807.62,-68.748
1808.11,-68.771
1808.59,-69.363
1809.08,-68.039
1809.57,-70.085
1810.06,-68.788
1810.55,-69.031
1811.04,-69.144
1811.52,-69.250
1812.01,-71.422
1812.50,-71.087
1812.99,-71.307
1813.48,-69.603
1813.96,-70.396
1814.45,-69.477
1814.94,-70.063
1815.43,-69.760
1815.92,-70.364
1816.41,-71.051
1816.89,-70.712
1817.38,-70.667
1817.87,-70.089
1818.36,-69.333
1818.85,-70.860
1819.34,-71.389
1819.82,-70.292
1820.31,-71.319
1820.80,-72.374
1821.29,-70.105
1821.78,-72.062
1822.27,-72.977
1822.75,-72.263
1823.24,-71.376
1823.73,-72.375
1824.22,-72.459
1824.71,-73.260
1825.20,-70.987
1825.68,-73.289
1826.17,-71.838
1826.66,-74.577
1827.15,-72.952
1827.64,-71.282
1828.12,-72.107
1828.61,-72.385
1829.10,-74.487
1829.59,-73.295
1830.08,-72.310
1830.57,-72.394
1831.05,-73.033
1831.54,-73.802
1832.03,-72.847
1832.52,-73.046
1833.01,-72.315
1833.50,-73.378
1833.98,-71.532
1834.47,-70.571
1834.96,-71.781
1835.45,-72.082
1835.94,-73.559
1836.43,-75.003
1836.91,-72.298
1837.40,-72.341
1837.89,-73.293
1838.38,-70.921
1838.87,-74.039
1839.36,-73.764
1839.84,-72.338
1840.33,-73.824
1840.82,-74.072
1841.31,-73.639
1841.80,-73.334
1842.29,-74.068
1842.77,-73.569
1843.26,-74.492
1843.75,-72.978
1844.24,-73.292
1844.73,-74.530
1845.21,-74.147
1845.70,-74.871
1846.19,-74.271
1846.68,-73.885
1847.17,-75.000
1847.66,-73.851
1848.14,-74.856
1848.63,-75.268
1849.12,-75.005
1849.61,-75.008
1850.10,-75.173
1850.59,-75.715
1851.07,-75.509
1851.56,-74.160
1852.05,-74.116
1852.54,-76.118
1853.03,-74.363
1853.52,-76.110
1854.00,-73.957
1854.49,-75.433
1854.98,-73.403
1855.47,-73.414
1855.96,-74.678
1856.45,-75.410
1856.93,-74.771
1857.42,-73.100
1857.91,-74.985
1858.40,-75.857
1858.89,-76.457
1859.38,-74.901
1859.86,-73.578
1860.35,-75.794
1860.84,-74.926
1861.33,-74.708
1861.82,-74.849
1862.30,-76.257
1862.79,-76.398
1863.28,-76.529
1863.77,-75.072
1864.26,-76.919
1864.75,-75.418
1865.23,-74.996
1865.72,-74.682
1866.21,-74.924
1866.70,-75.646
1867.19,-75.187
1867.68,-76.326
1868.16,-74.633
1868.65,-75.458
1869.14,-75.593
1869.63,-77.843
1870.12,-76.744
1870.61,-75.383
1871.09,-75.795
1871.58,-75.138
1872.07,-75.667
1872.56,-75.129
1873.05,-75.421
1873.54,-75.937
1874.02,-75.086
1874.51,-75.933
1875.00,-76.771
1875.49,-75.649
1875.98,-76.446
1876.46,-75.995
1876.95,-76.014
1877.44,-76.498
1877.93,-76.427
1878.42,-75.839
1878.91,-77.937
1879.39,-77.063
1879.88,-75.202
1880.37,-76.672
1880.86,-76.713
1881.35,-76.711
1881.84,-75.210
1882.32,-75.510
1882.81,-77.646
1883.30,-76.325
1883.79,-76.461
1884.28,-76.297
1884.77,-76.785
1885.25,-78.024
1885.74,-79.116
1886.23,-76.574
1886.72,-76.908
1887.21,-77.638
1887.70,-78.060
1888.18,-77.614
1888.67,-79.081
1889.16,-75.961
1889.65,-77.868
1890.14,-77.108
1890.62,-77.690
1891.11,-79.850
1891.60,-79.858
1892.09,-77.474
1892.58,-79.364
1893.07,-78.018
1893.55,-77.034
1894.04,-78.018
1894.53,-77.407
1895.02,-77.951
1895.51,-78.004
1896.00,-76.476
1896.48,-78.726
1896.97,-79.279
1897.46,-77.982
1897.95,-79.058
1898.44,-78.205
1898.93,-79.385
1899.41,-79.874
1899.90,-79.440
1900.39,-77.962
1900.88,-79.767
1901.37,-78.235
1901.86,-76.965
1902.34,-77.419
1902.83,-78.336
1903.32,-78.665
1903.81,-77.246
1904.30,-77.321
1904.79,-79.754
1905.27,-76.451
1905.76,-78.667
1906.25,-77.972
1906.74,-78.189
1907.23,-79.063
1907.71,-79.979
1908.20,-78.978
1908.69,-79.412
1909.18,-77.887
1909.67,-77.937
1910.16,-78.716
1910.64,-78.800
1911.13,-78.790
1911.62,-78.527
1912.11,-78.463
1912.60,-76.165
1913.09,-77.497
1913.57,-78.743
1914.06,-78.933
1914.55,-80.576
1915.04,-76.804
1915.53,-80.436
1916.02,-80.735
1916.50,-80.064
1916.99,-78.266
1917.48,-78.785
1917.97,-77.586
1918.46,-78.201
1918.95,-77.827
1919.43,-76.886
1919.92,-78.354
1920.41,-78.932
1920.90,-78.106
1921.39,-80.417
1921.88,-77.854
1922.36,-78.427
1922.85,-78.645
1923.34,-78.257
1923.83,-78.693
1924.32,-78.481
1924.80,-78.946
1925.29,-80.162
1925.78,-80.101
1926.27,-77.822
1926.76,-78.272
1927.25,-78.902
1927.73,-79.388
1928.22,-78.848
1928.71,-78.235
1929.20,-78.750
1929.69,-78.401
1930.18,-78.638
1930.66,-78.804
1931.15,-78.590
1931.64,-78.939
1932.13,-79.683
1932.62,-79.708
1933.11,-78.886
1933.59,-78.735
1934.08,-79.696
1934.57,-80.766
1935.06,-78.977
1935.55,-80.030
1936.04,-80.180
1936.52,-79.993
1937.01,-80.365
1937.50,-79.710
1937.99,-79.444
1938.48,-79.214
1938.96,-77.559
1939.45,-78.721
1939.94,-80.268
1940.43,-79.900
1940.92,-79.376
1941.41,-77.549
1941.89,-79.013
1942.38,-80.421
1942.87,-78.782
1943.36,-78.961
1943.85,-78.344
1944.34,-79.603
1944.82,-79.032
1945.31,-76.830
1945.80,-79.197
1946.29,-78.461
1946.78,-81.502
1947.27,-79.345
1947.75,-80.214
1948.24,-79.270
1948.73,-78.190
1949.22,-80.009
1949.71,-79.564
1950.20,-80.065
1950.68,-80.710
1951.17,-80.474
1951.66,-80.510
1952.15,-81.028
1952.64,-79.816
1953.12,-81.308
1953.61,-80.410
1954.10,-79.869
1954.59,-80.902
1955.08,-80.129
1955.57,-77.791
1956.05,-78.338
1956.54,-80.563
1957.03,-79.468
1957.52,-80.897
1958.01,-81.928
1958.50,-78.899
1958.98,-80.551
1959.47,-80.073
1959.96,-79.346
1960.45,-79.292
1960.94,-80.433
1961.43,-82.024
1961.91,-82.750
1962.40,-80.265
1962.89,-80.554
1963.38,-80.902
1963.87,-79.343
1964.36,-81.707
1964.84,-80.845
1965.33,-79.720
1965.82,-79.604
1966.31,-81.409
1966.80,-79.910
1967.29,-80.260
1967.77,-81.050
1968.26,-79.453
1968.75,-80.530
1969.24,-80.167
1969.73,-80.079
1970.21,-79.846
1970.70,-79.272
1971.19,-80.364
1971.68,-80.485
1972.17,-79.326
1972.66,-80.908
1973.14,-80.191
1973.63,-79.946
1974.12,-80.807
1974.61,-81.172
1975.10,-80.880
1975.59,-78.605
1976.07,-81.184
1976.56,-79.746
1977.05,-79.772
1977.54,-80.344
1978.03,-79.979
1978.52,-82.857
1979.00,-79.947
1979.49,-80.802
1979.98,-80.292
1980.47,-81.298
1980.96,-80.062
1981.45,-81.299
1981.93,-81.876
1982.42,-81.990
1982.91,-82.194
1983.40,-79.617
1983.89,-80.804
1984.38,-79.119
1984.86,-80.668
1985.35,-81.057
1985.84,-80.485
1986.33,-80.032
1986.82,-79.945
1987.30,-79.200
1987.79,-80.497
1988.28,-80.645
1988.77,-80.934
1989.26,-81.310
1989.75,-80.873
1990.23,-79.913
1990.72,-79.368
1991.21,-80.340
1991.70,-80.593
1992.19,-80.129
1992.68,-81.545
1993.16,-80.751
1993.65,-79.787
1994.14,-81.618
1994.63,-81.108
1995.12,-80.065
1995.61,-80.188
1996.09,-80.941
1996.58,-81.339
1997.07,-79.597
1997.56,-80.576
1998.05,-81.684
1998.54,-79.770
1999.02,-81.336
1999.51,-80.445
2000.00,-78.806
2000.49,-81.196
2000.98,-80.756
2001.46,-80.904
2001.95,-81.438
2002.44,-81.704
2002.93,-82.984
2003.42,-81.833
2003.91,-80.292
2004.39,-81.252
2004.88,-80.520
2005.37,-80.715
2005.86,-80.602
2006.35,-79.219
2006.84,-81.484
2007.32,-80.681
2007.81,-80.860
2008.30,-80.313
2008.79,-82.833
2009.28,-81.215
2009.77,-79.663
2010.25,-80.570
2010.74,-80.804
2011.23,-80.625
2011.72,-80.011
2012.21,-80.482
2012.70,-81.492
2013.18,-80.860
2013.67,-80.507
2014.16,-81.623
2014.65,-80.466
2015.14,-79.588
2015.62,-78.517
2016.11,-79.486
2016.60,-80.394
2017.09,-80.448
2017.58,-80.433
2018.07,-80.219
2018.55,-81.118
2019.04,-80.607
2019.53,-80.595
2020.02,-82.207
2020.51,-79.744
2021.00,-81.394
2021.48,-80.710
2021.97,-81.006
2022.46,-79.876
2022.95,-81.809
2023.44,-80.257
2023.93,-80.744
2024.41,-81.191
2024.90,-79.547
2025.39,-80.628
2025.88,-81.117
2026.37,-80.789
2026.86,-79.671
2027.34,-81.865
2027.83,-80.289
2028.32,-81.861
2028.81,-82.496
2029.30,-81.729
2029.79,-83.295
2030.27,-82.974
2030.76,-80.706
2031.25,-79.606
2031.74,-79.614
2032.23,-80.938
2032.71,-80.392
2033.20,-81.050
2033.69,-79.976
2034.18,-79.966
2034.67,-81.889
2035.16,-81.504
2035.64,-82.234
2036.13,-82.856
2036.62,-81.262
2037.11,-82.862
2037.60,-83.341
2038.09,-82.594
2038.57,-80.539
2039.06,-80.262
2039.55,-80.941
2040.04,-81.189
2040.53,-81.221
2041.02,-81.428
2041.50,-80.049
2041.99,-80.800
2042.48,-80.516
2042.97,-81.191
2043.46,-80.203
2043.95,-81.633
2044.43,-80.148
2044.92,-81.667
2045.41,-81.108
2045.90,-80.818
2046.39,-81.243
2046.88,-79.189
2047.36,-80.254
2047.85,-80.140
2048.34,-79.857
2048.83,-80.132
2049.32,-81.335
2049.80,-79.229
2050.29,-80.857
2050.78,-79.492
2051.27,-81.669
2051.76,-82.726
2052.25,-81.022
2052.73,-81.821
2053.22,-80.717
2053.71,-79.651
2054.20,-80.554
2054.69,-80.031
2055.18,-81.029
2055.66,-80.492
2056.15,-81.356
2056.64,-79.958
2057.13,-81.790
2057.62,-79.956
2058.11,-79.496
2058.59,-78.369
2059.08,-80.133
2059.57,-81.550
2060.06,-81.453
2060.55,-79.473
2061.04,-79.709
2061.52,-82.762
2062.01,-80.844
2062.50,-81.593
2062.99,-81.224
2063.48,-80.565
2063.96,-80.350
2064.45,-82.226
2064.94,-80.038
2065.43,-81.434
2065.92,-81.042
2066.41,-81.472
2066.89,-79.036
2067.38,-80.687
2067.87,-79.898
2068.36,-81.946
2068.85,-80.901
2069.34,-81.148
2069.82,-81.597
2070.31,-80.094
2070.80,-82.157
2071.29,-80.450
2071.78,-82.882
2072.27,-81.778
2072.75,-81.462
2073.24,-81.814
2073.73,-80.850
2074.22,-80.743
2074.71,-78.731
2075.20,-79.999
2075.68,-79.910
2076.17,-79.656
2076.66,-79.432
2077.15,-78.741
2077.64,-79.121
2078.12,-81.910
2078.61,-79.960
2079.10,-80.279
2079.59,-80.413
2080.08,-79.737
2080.57,-79.944
2081.05,-79.453
2081.54,-80.279
2082.03,-80.004
2082.52,-80.332
2083.01,-81.034
2083.50,-79.956
2083.98,-80.062
2084.47,-79.956
2084.96,-79.104
2085.45,-79.432
2085.94,-79.348
2086.43,-79.004
2086.91,-81.272
2087.40,-78.872
2087.89,-81.211
2088.38,-80.547
2088.87,-79.635
2089.36,-80.256
2089.84,-79.926
2090.33,-81.087
2090.82,-79.694
2091.31,-81.117
2091.80,-80.694
2092.29,-80.300
2092.77,-80.881
2093.26,-80.196
2093.75,-79.509
2094.24,-81.385
2094.73,-80.511
2095.21,-80.660
2095.70,-81.593
2096.19,-80.226
2096.68,-78.579
2097.17,-82.089
2097.66,-79.215
2098.14,-80.522
2098.63,-80.366
2099.12,-79.827
2099.61,-79.685
2100.10,-79.359
2100.59,-80.558
2101.07,-80.573
2101.56,-80.720
2102.05,-80.132
2102.54,-79.587
2103.03,-78.854
2103.52,-80.320
2104.00,-82.500
2104.49,-79.450
2104.98,-80.039
2105.47,-81.144
2105.96,-79.681
2106.45,-80.109
2106.93,-78.010
2107.42,-79.371
2107.91,-79.017
2108.40,-79.960
2108.89,-80.974
2109.38,-79.732
2109.86,-80.855
2110.35,-79.478
2110.84,-78.670
2111.33,-80.216
2111.82,-81.866
2112.30,-80.005
2112.79,-79.269
2113.28,-81.564
2113.77,-81.165
2114.26,-79.680
2114.75,-77.986
2115.23,-81.012
2115.72,-78.866
2116.21,-79.278
2116.70,-79.779
2117.19,-80.606
2117.68,-81.549
2118.16,-81.443
2118.65,-81.409
2119.14,-80.103
2119.63,-81.703
2120.12,-81.451
2120.61,-80.474
2121.09,-79.605
2121.58,-80.526
2122.07,-81.194
2122.56,-79.384
2123.05,-79.810
2123.54,-82.046
2124.02,-79.106
2124.51,-79.278
2125.00,-79.340
2125.49,-78.738
2125.98,-80.015
2126.46,-79.713
2126.95,-80.326
2127.44,-78.989
2127.93,-78.809
2128.42,-79.176
2128.91,-80.081
2129.39,-78.414
2129.88,-78.869
2130.37,-78.897
2130.86,-77.557
2131.35,-78.490
2131.84,-79.541
2132.32,-80.158
2132.81,-77.468
2133.30,-80.154
2133.79,-79.536
2134.28,-80.267
2134.77,-79.053
2135.25,-80.044
2135.74,-79.413
2136.23,-79.625
2136.72,-78.206
2137.21,-79.125
2137.70,-79.228
2138.18,-79.433
2138.67,-79.914
2139.16,-78.745
2139.65,-80.354
2140.14,-79.752
2140.62,-79.820
2141.11,-79.492
2141.60,-79.587
2142.09,-81.626
2142.58,-78.798
2143.07,-79.363
2143.55,-79.583
2144.04,-78.717
2144.53,-79.693
2145.02,-79.459
2145.51,-78.131
2146.00,-79.386
2146.48,-79.374
2146.97,-80.485
2147.46,-78.826
2147.95,-79.249
2148.44,-79.310
2148.93,-79.027
2149.41,-78.779
2149.90,-79.041
2150.39,-80.838
2150.88,-77.522
2151.37,-79.451
2151.86,-78.528
2152.34,-80.826
2152.83,-79.325
2153.32,-79.178
2153.81,-78.374
2154.30,-79.713
2154.79,-80.313
2155.27,-78.609
2155.76,-78.140
2156.25,-79.314
2156.74,-79.344
2157.23,-79.642
2157.71,-79.178
2158.20,-79.223
2158.69,-80.243
2159.18,-78.693
2159.67,-78.564
2160.16,-78.587
2160.64,-77.360
2161.13,-78.672
2161.62,-78.115
2162.11,-79.617
2162.60,-78.899
2163.09,-76.293
2163.57,-80.033
2164.06,-78.343
2164.55,-78.901
2165.04,-80.073
2165.53,-79.237
2166.02,-80.004
2166.50,-79.736
2166.99,-78.290
2167.48,-78.265
2167.97,-78.331
2168.46,-78.209
2168.95,-79.204
2169.43,-78.865
2169.92,-79.925
2170.41,-79.614
2170.90,-78.569
2171.39,-78.302
2171.88,-79.969
2172.36,-77.889
2172.85,-77.282
2173.34,-78.576
2173.83,-77.799
2174.32,-79.174
2174.80,-78.404
2175.29,-78.258
2175.78,-78.763
2176.27,-77.251
2176.76,-79.600
2177.25,-78.138
2177.73,-78.555
2178.22,-79.485
2178.71,-77.889
2179.20,-77.312
2179.69,-77.562
2180.18,-77.111
2180.66,-78.373
2181.15,-77.610
2181.64,-78.564
2182.13,-78.424
2182.62,-79.347
2183.11,-78.338
2183.59,-78.966
2184.08,-77.459
2184.57,-77.581
2185.06,-79.577
2185.55,-78.597
2186.04,-76.556
2186.52,-78.267
2187.01,-77.858
2187.50,-78.482
2187.99,-80.060
2188.48,-78.673
2188.96,-77.525
2189.45,-77.984
2189.94,-79.053
2190.43,-77.931
2190.92,-76.933
2191.41,-78.589
2191.89,-77.296
2192.38,-76.787
2192.87,-78.482
2193.36,-78.259
2193.85,-76.879
2194.34,-76.715
2194.82,-77.104
2195.31,-78.610
2195.80,-77.589
2196.29,-76.779
2196.78,-77.301
2197.27,-77.017
2197.75,-76.884
2198.24,-78.199
2198.73,-76.820
2199.22,-77.370
2199.71,-79.020
2200.20,-77.543
2200.68,-77.524
2201.17,-77.771
2201.66,-77.394
2202.15,-78.390
2202.64,-78.640
2203.12,-76.766
2203.61,-80.092
2204.10,-76.467
2204.59,-76.204
2205.08,-77.768
2205.57,-76.980
2206.05,-76.604
2206.54,-77.034
2207.03,-76.076
2207.52,-78.327
2208.01,-76.929
2208.50,-74.343
2208.98,-76.649
2209.47,-77.480
2209.96,-76.732
2210.45,-77.893
2210.94,-77.341
2211.43,-76.504
2211.91,-75.933
2212.40,-74.833
2212.89,-76.422
2213.38,-77.052
2213.87,-77.176
2214.36,-75.886
2214.84,-76.863
2215.33,-76.729
2215.82,-77.396
2216.31,-77.110
2216.80,-74.881
2217.29,-76.368
2217.77,-76.178
2218.26,-75.440
2218.75,-77.609
2219.24,-76.447
2219.73,-75.711
2220.21,-77.359
2220.70,-76.203
2221.19,-76.742
2221.68,-76.318
2222.17,-76.442
2222.66,-75.421
2223.14,-76.096
2223.63,-77.045
2224.12,-77.923
2224.61,-75.972
2225.10,-76.957
2225.59,-75.515
2226.07,-76.204
2226.56,-74.742
2227.05,-75.910
2227.54,-74.136
2228.03,-75.061
2228.52,-76.951
2229.00,-75.907
2229.49,-76.383
2229.98,-76.048
2230.47,-76.415
2230.96,-77.609
2231.45,-75.846
2231.93,-75.102
2232.42,-75.491
2232.91,-74.979
2233.40,-75.939
2233.89,-75.119
2234.38,-75.668
2234.86,-76.801
2235.35,-76.429
2235.84,-75.466
2236.33,-74.675
2236.82,-75.367
2237.30,-75.828
2237.79,-75.277
2238.28,-74.610
2238.77,-74.984
2239.26,-75.486
2239.75,-74.966
2240.23,-74.526
2240.72,-75.857
2241.21,-73.578
2241.70,-74.252
2242.19,-73.802
2242.68,-74.147
2243.16,-72.592
2243.65,-76.688
2244.14,-75.016
2244.63,-74.378
2245.12,-74.451
2245.61,-74.708
2246.09,-74.766
2246.58,-72.889
2247.07,-74.124
2247.56,-76.087
2248.05,-74.288
2248.54,-74.949
2249.02,-72.784
2249.51,-74.137
2250.00,-74.145
2250.49,-74.538
2250.98,-74.066
2251.46,-73.587
2251.95,-73.680
2252.44,-75.891
2252.93,-73.822
2253.42,-73.027
2253.91,-74.616
2254.39,-73.161
2254.88,-73.693
2255.37,-72.291
2255.86,-75.256
2256.35,-73.432
2256.84,-74.570
2257.32,-74.815
2257.81,-74.007
2258.30,-73.202
2258.79,-72.578
2259.28,-73.597
2259.77,-74.060
2260.25,-72.346
2260.74,-74.446
2261.23,-73.359
2261.72,-72.733
2262.21,-71.813
2262.70,-72.494
2263.18,-74.154
2263.67,-71.705
2264.16,-71.508
2264.65,-72.464
2265.14,-74.456
2265.62,-73.380
2266.11,-71.346
2266.60,-72.313
2267.09,-71.912
2267.58,-72.835
2268.07,-72.971
2268.55,-72.045
2269.04,-72.860
2269.53,-71.780
2270.02,-71.904
2270.51,-71.734
2271.00,-74.390
2271.48,-72.526
2271.97,-72.192
2272.46,-73.878
2272.95,-72.929
2273.44,-73.112
2273.93,-71.816
2274.41,-73.163
2274.90,-73.655
2275.39,-72.354
2275.88,-72.244
2276.37,-71.359
2276.86,-72.258
2277.34,-72.580
2277.83,-71.281
2278.32,-70.698
2278.81,-71.976
2279.30,-70.928
2279.79,-72.670
2280.27,-71.261
2280.76,-70.309
2281.25,-71.301
2281.74,-69.934
2282.23,-70.694
2282.71,-71.002
2283.20,-72.420
2283.69,-71.812
2284.18,-70.752
2284.67,-69.975
2285.16,-70.644
2285.64,-69.522
2286.13,-72.650
2286.62,-70.313
2287.11,-71.379
2287.60,-69.811
2288.09,-69.230
2288.57,-69.471
2289.06,-70.769
2289.55,-70.181
2290.04,-71.623
2290.53,-69.714
2291.02,-70.360
2291.50,-71.085
2291.99,-69.034
2292.48,-69.967
2292.97,-70.548
2293.46,-70.983
2293.95,-71.371
2294.43,-69.723
2294.92,-68.949
2295.41,-69.288
2295.90,-69.605
2296.39,-69.876
2296.88,-68.400
2297.36,-69.127
2297.85,-69.368
2298.34,-69.690
2298.83,-68.704
2299.32,-68.550
2299.80,-67.246
2300.29,-68.918
2300.78,-68.202
2301.27,-67.712
2301.76,-68.763
2302.25,-68.695
2302.73,-68.376
2303.22,-68.474
2303.71,-68.829
2304.20,-69.461
2304.69,-66.883
2305.18,-68.583
2305.66,-68.374
2306.15,-68.659
2306.64,-67.567
2307.13,-70.473
2307.62,-68.044
2308.11,-68.589
2308.59,-66.708
2309.08,-67.607
2309.57,-68.355
2310.06,-68.707
2310.55,-67.603
2311.04,-68.361
2311.52,-67.289
2312.01,-66.628
2312.50,-66.228
2312.99,-67.111
2313.48,-68.751
2313.96,-65.726
2314.45,-66.803
2314.94,-67.390
2315.43,-66.157
2315.92,-65.844
2316.41,-65.629
2316.89,-66.939
2317.38,-68.721
2317.87,-66.665
2318.36,-67.230
2318.85,-66.444
2319.34,-67.219
2319.82,-66.139
2320.31,-66.667
2320.80,-65.782
2321.29,-66.473
2321.78,-65.647
2322.27,-65.919
2322.75,-65.274
2323.24,-66.022
2323.73,-64.315
2324.22,-64.681
2324.71,-65.030
2325.20,-64.473
2325.68,-66.087
2326.17,-64.940
2326.66,-65.457
2327.15,-64.709
2327.64,-63.699
2328.12,-64.628
2328.61,-64.663
2329.10,-63.969
2329.59,-62.531
2330.08,-64.113
2330.57,-64.588
2331.05,-64.024
2331.54,-62.945
2332.03,-63.409
2332.52,-63.968
2333.01,-63.689
2333.50,-65.126
2333.98,-63.989
2334.47,-63.259
2334.96,-63.383
2335.45,-65.658
2335.94,-62.496
2336.43,-62.452
2336.91,-64.305
2337.40,-62.969
2337.89,-61.712
2338.38,-63.359
2338.87,-62.676
2339.36,-61.887
2339.84,-62.407
2340.33,-62.282
2340.82,-62.915
2341.31,-63.102
2341.80,-62.187
2342.29,-63.127
2342.77,-63.241
2343.26,-60.541
2343.75,-61.344
2344.24,-62.947
2344.73,-62.104
2345.21,-61.131
2345.70,-62.427
2346.19,-62.482
2346.68,-61.488
2347.17,-62.336
2347.66,-61.400
2348.14,-60.482
2348.63,-60.042
2349.12,-60.778
2349.61,-61.547
2350.10,-60.490
2350.59,-61.794
2351.07,-60.479
2351.56,-59.798
2352.05,-61.157
2352.54,-60.658
2353.03,-61.311
2353.52,-60.817
2354.00,-58.908
2354.49,-61.134
2354.98,-61.082
2355.47,-59.745
2355.96,-58.848
2356.45,-60.561
2356.93,-61.116
2357.42,-59.296
2357.91,-61.400
2358.40,-61.219
2358.89,-60.710
2359.38,-61.778
2359.86,-61.574
2360.35,-61.628
2360.84,-59.853
2361.33,-59.041
2361.82,-58.954
2362.30,-60.735
2362.79,-60.541
2363.28,-59.490
2363.77,-59.457
2364.26,-59.924
2364.75,-59.748
2365.23,-60.351
2365.72,-60.802
2366.21,-59.275
2366.70,-59.523
2367.19,-60.945
2367.68,-59.293
2368.16,-60.943
2368.65,-59.368
2369.14,-60.137
2369.63,-60.747
2370.12,-60.080
2370.61,-61.520
2371.09,-61.255
2371.58,-61.305
2372.07,-61.654
2372.56,-62.549
2373.05,-63.710
2373.54,-61.899
2374.02,-62.732
2374.51,-61.035
2375.00,-61.533
2375.49,-63.179
2375.98,-60.938
2376.46,-61.290
2376.95,-61.786
2377.44,-61.958
2377.93,-63.998
2378.42,-61.454
2378.91,-63.529
2379.39,-63.335
2379.88,-64.182
2380.37,-62.501
2380.86,-63.141
2381.35,-62.557
2381.84,-62.493
2382.32,-62.928
2382.81,-62.035
2383.30,-63.107
2383.79,-60.470
2384.28,-63.202
2384.77,-62.474
2385.25,-63.858
2385.74,-62.666
2386.23,-64.612
2386.72,-61.956
2387.21,-62.138
2387.70,-62.802
2388.18,-62.854
2388.67,-62.542
2389.16,-62.952
2389.65,-63.043
2390.14,-63.272
2390.62,-64.895
2391.11,-63.043
2391.60,-62.679
2392.09,-63.788
2392.58,-63.168
2393.07,-62.851
2393.55,-66.163
2394.04,-64.164
2394.53,-63.732
2395.02,-63.820
2395.51,-64.580
2396.00,-63.674
2396.48,-64.172
2396.97,-62.627
2397.46,-66.662
2397.95,-66.474
2398.44,-66.881
2398.93,-64.534
2399.41,-64.466
2399.90,-64.662
2400.39,-65.198
2400.88,-65.245
2401.37,-65.318
2401.86,-65.542
2402.34,-65.994
2402.83,-65.963
2403.32,-66.066
2403.81,-66.372
2404.30,-64.415
2404.79,-65.232
2405.27,-66.096
2405.76,-65.366
2406.25,-66.194
2406.74,-66.928
2407.23,-66.434
2407.71,-66.397
2408.20,-66.013
2408.69,-65.713
2409.18,-67.918
2409.67,-66.526
2410.16,-66.747
2410.64,-65.890
2411.13,-67.449
2411.62,-66.792
2412.11,-65.667
2412.60,-67.443
2413.09,-66.522
2413.57,-67.429
2414.06,-68.312
2414.55,-67.707
2415.04,-67.013
2415.53,-69.399
2416.02,-66.616
2416.50,-66.590
2416.99,-67.007
2417.48,-66.655
2417.97,-67.542
2418.46,-66.379
2418.95,-68.559
2419.43,-68.373
2419.92,-68.209
2420.41,-67.881
2420.90,-67.298
2421.39,-65.580
2421.88,-68.231
2422.36,-66.707
2422.85,-66.790
2423.34,-68.711
2423.83,-67.078
2424.32,-67.165
2424.80,-67.805
2425.29,-66.134
2425.78,-67.121
2426.27,-67.659
2426.76,-69.116
2427.25,-67.987
2427.73,-69.498
2428.22,-68.475
2428.71,-69.480
2429.20,-69.475
2429.69,-68.727
2430.18,-68.851
2430.66,-69.674
2431.15,-68.538
2431.64,-68.728
2432.13,-68.519
2432.62,-68.600
2433.11,-69.617
2433.59,-69.734
2434.08,-68.669
2434.57,-68.831
2435.06,-69.241
2435.55,-69.706
2436.04,-69.367
2436.52,-69.561
2437.01,-69.857
2437.50,-70.623
2437.99,-68.948
2438.48,-69.832
2438.96,-69.453
2439.45,-69.933
2439.94,-69.594
2440.43,-68.717
2440.92,-69.095
2441.41,-68.570
2441.89,-69.310
2442.38,-69.833
2442.87,-70.225
2443.36,-70.123
2443.85,-69.026
2444.34,-69.297
2444.82,-70.377
2445.31,-70.454
2445.80,-70.104
2446.29,-70.111
2446.78,-69.029
2447.27,-70.322
2447.75,-70.558
2448.24,-69.326
2448.73,-71.631
2449.22,-69.997
2449.71,-69.979
2450.20,-70.800
2450.68,-70.670
2451.17,-70.381
2451.66,-70.100
2452.15,-70.692
2452.64,-70.083
2453.12,-68.729
2453.61,-70.052
2454.10,-70.766
2454.59,-70.337
2455.08,-70.774
2455.57,-70.645
2456.05,-70.018
2456.54,-70.743
2457.03,-70.745
2457.52,-69.836
2458.01,-70.048
2458.50,-69.321
2458.98,-71.046
2459.47,-70.635
2459.96,-71.836
2460.45,-71.140
2460.94,-71.501
2461.43,-71.898
2461.91,-68.773
2462.40,-70.019
2462.89,-70.160
2463.38,-70.238
2463.87,-70.826
2464.36,-70.603
2464.84,-70.048
2465.33,-70.257
2465.82,-69.873
2466.31,-71.184
2466.80,-70.228
2467.29,-71.102
2467.77,-69.751
2468.26,-71.235
2468.75,-70.658
2469.24,-69.694
2469.73,-71.678
2470.21,-73.208
2470.70,-71.587
2471.19,-72.144
2471.68,-71.314
2472.17,-73.594
2472.66,-72.785
2473.14,-71.415
2473.63,-72.285
2474.12,-71.642
2474.61,-70.921
2475.10,-72.260
2475.59,-71.469
2476.07,-71.075
2476.56,-71.695
2477.05,-72.453
2477.54,-71.763
2478.03,-72.950
2478.52,-72.467
2479.00,-71.162
2479.49,-71.897
2479.98,-71.757
2480.47,-70.798
2480.96,-71.506
2481.45,-72.387
2481.93,-71.776
2482.42,-71.068
2482.91,-70.974
2483.40,-72.858
2483.89,-72.401
2484.38,-73.267
2484.86,-71.423
2485.35,-71.952
2485.84,-70.367
2486.33,-71.754
2486.82,-73.897
2487.30,-72.489
2487.79,-71.857
2488.28,-71.585
2488.77,-72.240
2489.26,-72.493
2489.75,-70.510
2490.23,-71.927
2490.72,-72.128
2491.21,-73.277
2491.70,-72.712
2492.19,-72.028
2492.68,-72.280
2493.16,-73.208
2493.65,-71.396
2494.14,-72.631
2494.63,-71.975
2495.12,-72.526
2495.61,-73.354
2496.09,-71.730
2496.58,-73.058
2497.07,-71.812
2497.56,-73.516
2498.05,-71.006
2498.54,-70.294
2499.02,-73.788
2499.51,-70.235
2500.00,-71.687
2500.49,-71.748
2500.98,-72.872
2501.46,-71.841
2501.95,-72.104
2502.44,-72.487
2502.93,-72.724
2503.42,-73.213
2503.91,-73.816
2504.39,-72.444
2504.88,-71.191
2505.37,-72.735
2505.86,-72.851
2506.35,-74.366
2506.84,-72.515
2507.32,-73.086
2507.81,-72.901
2508.30,-72.729
2508.79,-73.015
2509.28,-72.705
2509.77,-71.921
2510.25,-72.916
2510.74,-75.029
2511.23,-73.194
2511.72,-72.568
2512.21,-72.477
2512.70,-72.461
2513.18,-74.428
2513.67,-72.492
2514.16,-71.816
2514.65,-71.701
2515.14,-72.684
2515.62,-70.857
2516.11,-73.541
2516.60,-71.972
2517.09,-73.442
2517.58,-73.450
2518.07,-72.295
2518.55,-73.500
2519.04,-72.227
2519.53,-70.448
2520.02,-71.405
2520.51,-71.865
2521.00,-71.147
2521.48,-73.377
2521.97,-72.658
2522.46,-71.407
2522.95,-72.302
2523.44,-73.919
2523.93,-72.652
2524.41,-73.628
2524.90,-73.108
2525.39,-74.122
2525.88,-74.500
2526.37,-73.227
2526.86,-71.977
2527.34,-72.338
2527.83,-73.821
2528.32,-73.110
2528.81,-71.089
2529.30,-73.991
2529.79,-74.956
2530.27,-72.913
2530.76,-71.482
2531.25,-72.879
2531.74,-71.678
2532.23,-74.480
2532.71,-72.254
2533.20,-72.878
2533.69,-72.817
2534.18,-74.074
2534.67,-75.161
2535.16,-73.278
2535.64,-73.400
2536.13,-73.495
2536.62,-73.209
2537.11,-73.959
2537.60,-73.305
2538.09,-73.502
2538.57,-73.569
2539.06,-74.066
2539.55,-74.426
2540.04,-73.809
2540.53,-73.918
2541.02,-75.046
2541.50,-73.143
2541.99,-75.800
2542.48,-75.288
2542.97,-74.250
2543.46,-73.685
2543.95,-74.067
2544.43,-75.709
2544.92,-71.763
2545.41,-72.279
2545.90,-72.794
2546.39,-72.456
2546.88,-74.246
2547.36,-72.687
2547.85,-74.575
2548.34,-74.876
2548.83,-76.056
2549.32,-74.248
2549.80,-72.347
2550.29,-73.128
2550.78,-74.474
2551.27,-74.542
2551.76,-73.286
2552.25,-72.561
2552.73,-71.968
2553.22,-73.467
2553.71,-72.780
2554.20,-72.272
2554.69,-74.602
2555.18,-73.081
2555.66,-74.017
2556.15,-72.956
2556.64,-72.490
2557.13,-72.541
2557.62,-72.901
2558.11,-73.257
2558.59,-73.263
2559.08,-75.002
2559.57,-73.780
2560.06,-72.430
2560.55,-71.966
2561.04,-77.694
2561.52,-74.075
2562.01,-72.345
2562.50,-72.785
2562.99,-74.513
2563.48,-75.695
2563.96,-74.241
2564.45,-73.792
2564.94,-73.998
2565.43,-74.607
2565.92,-75.187
2566.41,-74.101
2566.89,-75.153
2567.38,-72.863
2567.87,-74.448
2568.36,-73.071
2568.85,-73.591
2569.34,-72.740
2569.82,-74.273
2570.31,-75.231
2570.80,-74.944
2571.29,-74.454
2571.78,-73.830
2572.27,-74.516
2572.75,-74.264
2573.24,-74.652
2573.73,-73.866
2574.22,-73.114
2574.71,-71.687
2575.20,-73.544
2575.68,-74.603
2576.17,-74.330
2576.66,-74.363
2577.15,-74.040
2577.64,-75.056
2578.12,-72.560
2578.61,-72.238
2579.10,-71.419
2579.59,-74.588
2580.08,-74.318
2580.57,-74.145
2581.05,-72.682
2581.54,-73.632
2582.03,-73.326
2582.52,-74.277
2583.01,-74.215
2583.50,-73.100
2583.98,-75.521
2584.47,-73.884
2584.96,-74.078
2585.45,-74.519
2585.94,-73.766
2586.43,-75.005
2586.91,-73.789
2587.40,-73.568
2587.89,-74.639
2588.38,-72.902
2588.87,-73.535
2589.36,-74.631
2589.84,-73.223
2590.33,-74.231
2590.82,-73.921
2591.31,-72.899
2591.80,-74.712
2592.29,-73.668
2592.77,-72.574
2593.26,-74.386
2593.75,-74.046
2594.24,-73.564
2594.73,-74.737
2595.21,-74.259
2595.70,-74.065
2596.19,-73.054
2596.68,-73.053
2597.17,-73.443
2597.66,-74.187
2598.14,-73.291
2598.63,-73.239
2599.12,-73.929
2599.61,-74.657
2600.10,-74.735
2600.59,-73.448
2601.07,-74.703
2601.56,-73.470
2602.05,-73.789
2602.54,-73.161
2603.03,-74.656
2603.52,-72.400
2604.00,-75.602
2604.49,-75.308
2604.98,-72.391
2605.47,-74.126
2605.96,-74.846
2606.45,-74.447
2606.93,-73.879
2607.42,-73.310
2607.91,-72.609
2608.40,-72.982
2608.89,-73.765
2609.38,-72.936
2609.86,-74.097
2610.35,-74.382
2610.84,-74.156
2611.33,-73.014
2611.82,-72.926
2612.30,-74.168
2612.79,-72.930
2613.28,-74.819
2613.77,-74.187
2614.26,-72.483
2614.75,-75.369
2615.23,-73.520
2615.72,-73.776
2616.21,-72.657
2616.70,-73.352
2617.19,-74.222
2617.68,-73.229
2618.16,-72.272
2618.65,-72.315
2619.14,-72.658
2619.63,-73.990
2620.12,-73.859
2620.61,-75.258
2621.09,-72.062
2621.58,-74.474
2622.07,-74.005
2622.56,-73.522
2623.05,-73.965
2623.54,-73.918
2624.02,-73.038
2624.51,-71.820
2625.00,-75.245
2625.49,-74.073
2625.98,-74.454
2626.46,-73.865
2626.95,-72.230
2627.44,-72.727
2627.93,-73.055
2628.42,-73.738
2628.91,-74.028
2629.39,-73.244
2629.88,-71.958
2630.37,-74.554
2630.86,-74.418
2631.35,-73.923
2631.84,-73.741
2632.32,-74.048
2632.81,-73.055
2633.30,-72.520
2633.79,-72.825
2634.28,-72.533
2634.77,-71.579
2635.25,-72.782
2635.74,-73.464
2636.23,-71.488
2636.72,-72.046
2637.21,-72.407
2637.70,-70.974
2638.18,-73.168
2638.67,-74.062
2639.16,-73.480
2639.65,-72.929
2640.14,-74.229
2640.62,-72.965
2641.11,-73.000
2641.60,-73.633
2642.09,-74.358
2642.58,-72.778
2643.07,-72.758
2643.55,-71.651
2644.04,-72.784
2644.53,-73.707
2645.02,-73.414
2645.51,-73.625
2646.00,-73.550
2646.48,-76.868
2646.97,-73.691
2647.46,-73.865
2647.95,-75.007
2648.44,-74.577
2648.93,-73.729
2649.41,-72.789
2649.90,-74.341
2650.39,-72.456
2650.88,-71.816
2651.37,-72.612
2651.86,-73.073
2652.34,-73.952
2652.83,-73.431
2653.32,-73.073
2653.81,-73.508
2654.30,-72.949
2654.79,-74.775
2655.27,-71.825
2655.76,-71.614
2656.25,-73.278
2656.74,-72.495
2657.23,-73.608
2657.71,-71.784
2658.20,-73.891
2658.69,-72.674
2659.18,-71.919
2659.67,-71.970
2660.16,-72.786
2660.64,-73.005
2661.13,-72.196
2661.62,-74.017
2662.11,-74.588
2662.60,-73.066
2663.09,-72.885
2663.57,-73.399
2664.06,-72.615
2664.55,-73.319
2665.04,-72.625
2665.53,-73.988
2666.02,-72.375
2666.50,-73.182
2666.99,-72.041
2667.48,-73.173
2667.97,-73.840
2668.46,-72.822
2668.95,-71.973
2669.43,-70.843
2669.92,-71.536
2670.41,-74.112
2670.90,-70.769
2671.39,-72.246
2671.88,-71.486
2672.36,-70.348
2672.85,-71.005
2673.34,-74.032
2673.83,-72.340
2674.32,-73.315
2674.80,-73.791
2675.29,-73.384
2675.78,-72.549
2676.27,-73.758
2676.76,-71.358
2677.25,-71.707
2677.73,-71.991
2678.22,-73.137
2678.71,-72.154
2679.20,-71.977
2679.69,-74.165
2680.18,-72.684
2680.66,-71.271
2681.15,-72.048
2681.64,-72.484
2682.13,-72.134
2682.62,-70.612
2683.11,-70.668
2683.59,-70.187
2684.08,-71.751
2684.57,-72.080
2685.06,-72.272
2685.55,-72.197
2686.04,-70.959
2686.52,-72.533
2687.01,-71.621
2687.50,-71.612
2687.99,-71.774
2688.48,-72.002
2688.96,-71.022
2689.45,-72.598
2689.94,-71.379
2690.43,-71.929
2690.92,-72.547
2691.41,-71.418
2691.89,-72.291
2692.38,-72.721
2692.87,-72.242
2693.36,-72.523
2693.85,-70.446
2694.34,-72.619
2694.82,-72.638
2695.31,-72.563
2695.80,-71.922
2696.29,-70.951
2696.78,-71.359
2697.27,-72.575
2697.75,-71.790
2698.24,-73.926
2698.73,-72.872
2699.22,-72.664
2699.71,-72.447
2700.20,-71.056
2700.68,-73.524
2701.17,-73.176
2701.66,-73.289
2702.15,-71.712
2702.64,-72.343
2703.12,-72.295
2703.61,-73.049
2704.10,-71.919
2704.59,-71.951
2705.08,-70.901
2705.57,-71.234
2706.05,-72.095
2706.54,-72.991
2707.03,-69.574
2707.52,-70.957
2708.01,-72.796
2708.50,-71.213
2708.98,-72.998
2709.47,-71.802
2709.96,-71.435
2710.45,-71.552
2710.94,-71.425
2711.43,-71.862
2711.91,-73.686
2712.40,-70.777
2712.89,-71.267
2713.38,-71.179
2713.87,-71.244
2714.36,-72.805
2714.84,-72.783
2715.33,-72.310
2715.82,-72.039
2716.31,-71.030
2716.80,-70.086
2717.29,-71.473
2717.77,-73.036
2718.26,-72.320
2718.75,-71.375
2719.24,-70.669
2719.73,-71.289
2720.21,-73.276
2720.70,-71.223
2721.19,-70.144
2721.68,-71.854
2722.17,-71.595
2722.66,-71.205
2723.14,-70.563
2723.63,-71.484
2724.12,-71.299
2724.61,-71.784
2725.10,-72.651
2725.59,-72.082
2726.07,-72.167
2726.56,-71.045
2727.05,-71.236
2727.54,-71.645
2728.03,-71.036
2728.52,-70.368
2729.00,-72.873
2729.49,-71.780
2729.98,-70.874
2730.47,-70.951
2730.96,-71.093
2731.45,-69.868
2731.93,-71.665
2732.42,-70.239
2732.91,-69.771
2733.40,-69.676
2733.89,-71.449
2734.38,-71.300
2734.86,-71.837
2735.35,-70.959
2735.84,-71.653
2736.33,-71.635
2736.82,-70.952
2737.30,-71.159
2737.79,-71.887
2738.28,-70.124
2738.77,-70.871
2739.26,-70.513
2739.75,-71.102
2740.23,-71.473
2740.72,-68.652
2741.21,-72.551
2741.70,-70.210
2742.19,-70.001
2742.68,-69.956
2743.16,-70.289
2743.65,-70.332
2744.14,-69.222
2744.63,-68.697
2745.12,-70.185
2745.61,-70.828
2746.09,-69.676
2746.58,-68.914
2747.07,-68.742
2747.56,-69.268
2748.05,-69.270
2748.54,-70.354
2749.02,-70.711
2749.51,-70.562
2750.00,-69.971
2750.49,-67.946
2750.98,-71.217
2751.46,-69.796
2751.95,-70.707
2752.44,-70.704
2752.93,-69.342
2753.42,-70.653
2753.91,-69.203
2754.39,-70.083
2754.88,-69.320
2755.37,-69.440
2755.86,-69.250
2756.35,-70.021
2756.84,-68.656
2757.32,-69.258
2757.81,-69.758
2758.30,-67.686
2758.79,-69.786
2759.28,-68.821
2759.77,-69.241
2760.25,-69.547
2760.74,-69.992
2761.23,-68.877
2761.72,-69.031
2762.21,-67.147
2762.70,-67.838
2763.18,-68.782
2763.67,-68.353
2764.16,-68.629
2764.65,-69.609
2765.14,-68.258
2765.62,-69.726
2766.11,-68.737
2766.60,-69.100
2767.09,-70.908
2767.58,-69.652
2768.07,-69.285
2768.55,-68.152
2769.04,-69.634
2769.53,-68.262
2770.02,-69.104
2770.51,-68.254
2771.00,-70.554
2771.48,-70.719
2771.97,-69.257
2772.46,-68.992
2772.95,-69.423
2773.44,-66.503
2773.93,-67.271
2774.41,-68.004
2774.90,-66.578
2775.39,-68.729
2775.88,-68.188
2776.37,-69.354
2776.86,-68.428
2777.34,-69.645
2777.83,-70.008
2778.32,-68.777
2778.81,-69.870
2779.30,-69.367
2779.79,-68.893
2780.27,-66.632
2780.76,-68.411
2781.25,-68.979
2781.74,-68.401
2782.23,-68.123
2782.71,-68.809
2783.20,-68.220
2783.69,-69.152
2784.18,-69.182
2784.67,-66.701
2785.16,-68.672
2785.64,-69.123
2786.13,-67.157
2786.62,-69.077
2787.11,-68.615
2787.60,-68.303
2788.09,-67.684
2788.57,-67.517
2789.06,-68.960
2789.55,-68.092
2790.04,-69.529
2790.53,-68.049
2791.02,-68.995
2791.50,-67.504
2791.99,-67.642
2792.48,-67.332
2792.97,-66.314
2793.46,-67.640
2793.95,-68.152
2794.43,-67.551
2794.92,-66.972
2795.41,-66.875
2795.90,-67.099
2796.39,-66.528
2796.88,-66.226
2797.36,-67.500
2797.85,-66.450
2798.34,-65.764
2798.83,-66.926
2799.32,-67.268
2799.80,-67.685
2800.29,-66.434
2800.78,-65.525
2801.27,-67.509
2801.76,-67.186
2802.25,-67.534
2802.73,-67.750
2803.22,-66.901
2803.71,-67.991
2804.20,-67.366
2804.69,-67.066
2805.18,-67.192
2805.66,-67.032
2806.15,-66.473
2806.64,-67.749
2807.13,-66.296
2807.62,-66.332
2808.11,-67.003
2808.59,-66.396
2809.08,-65.455
2809.57,-65.639
2810.06,-66.626
2810.55,-67.969
2811.04,-66.091
2811.52,-67.838
2812.01,-66.892
2812.50,-68.116
2812.99,-66.804
2813.48,-66.245
2813.96,-66.334
2814.45,-66.971
2814.94,-67.093
2815.43,-65.530
2815.92,-65.877
2816.41,-69.001
2816.89,-66.930
2817.38,-67.042
2817.87,-65.274
2818.36,-66.544
2818.85,-65.033
2819.34,-65.619
2819.82,-64.967
2820.31,-65.877
2820.80,-65.068
2821.29,-64.546
2821.78,-64.164
2822.27,-65.345
2822.75,-64.629
2823.24,-64.799
2823.73,-63.744
2824.22,-65.479
2824.71,-63.600
2825.20,-64.871
2825.68,-64.271
2826.17,-64.619
2826.66,-64.673
2827.15,-66.236
2827.64,-64.899
2828.12,-65.158
2828.61,-64.882
2829.10,-66.342
2829.59,-64.592
2830.08,-64.392
2830.57,-64.617
2831.05,-63.755
2831.54,-66.118
2832.03,-65.847
2832.52,-66.514
2833.01,-65.408
2833.50,-65.495
2833.98,-66.065
2834.47,-64.556
2834.96,-63.735
2835.45,-65.181
2835.94,-65.341
2836.43,-66.287
2836.91,-65.801
2837.40,-64.957
2837.89,-63.874
2838.38,-64.569
2838.87,-63.894
2839.36,-63.520
2839.84,-65.348
2840.33,-65.767
2840.82,-65.560
2841.31,-62.426
2841.80,-63.975
2842.29,-65.020
2842.77,-63.018
2843.26,-63.357
2843.75,-64.862
2844.24,-63.922
2844.73,-63.988
2845.21,-63.350
2845.70,-63.146
2846.19,-63.795
2846.68,-63.492
2847.17,-63.823
2847.66,-63.156
2848.14,-62.812
2848.63,-62.643
2849.12,-63.633
2849.61,-63.675
2850.10,-62.792
2850.59,-64.098
2851.07,-62.776
2851.56,-61.920
2852.05,-62.341
2852.54,-63.079
2853.03,-63.687
2853.52,-62.337
2854.00,-62.550
2854.49,-63.859
2854.98,-64.054
2855.47,-63.245
2855.96,-63.229
2856.45,-62.609
2856.93,-62.666
2857.42,-62.796
2857.91,-62.646
2858.40,-61.635
2858.89,-62.361
2859.38,-62.552
2859.86,-63.349
2860.35,-61.529
2860.84,-63.726
2861.33,-62.752
2861.82,-62.159
2862.30,-60.100
2862.79,-62.712
2863.28,-61.779
2863.77,-61.287
2864.26,-62.478
2864.75,-60.466
2865.23,-62.341
2865.72,-61.840
2866.21,-62.631
2866.70,-61.522
2867.19,-63.074
2867.68,-60.332
2868.16,-60.483
2868.65,-61.038
2869.14,-63.367
2869.63,-63.420
2870.12,-61.257
2870.61,-61.504
2871.09,-62.413
2871.58,-61.269
2872.07,-60.785
2872.56,-61.942
2873.05,-60.214
2873.54,-60.618
2874.02,-60.744
2874.51,-60.557
2875.00,-61.017
2875.49,-58.760
2875.98,-58.874
2876.46,-60.192
2876.95,-59.893
2877.44,-61.472
2877.93,-61.121
2878.42,-61.109
2878.91,-59.624
2879.39,-60.888
2879.88,-59.764
2880.37,-61.438
2880.86,-61.654
2881.35,-61.939
2881.84,-60.610
2882.32,-60.908
2882.81,-60.679
2883.30,-59.731
2883.79,-60.226
2884.28,-60.039
2884.77,-59.949
2885.25,-59.778
2885.74,-59.862
2886.23,-60.487
2886.72,-59.495
2887.21,-61.601
2887.70,-59.762
2888.18,-60.614
2888.67,-59.022
2889.16,-58.817
2889.65,-57.855
2890.14,-60.742
2890.62,-58.476
2891.11,-58.156
2891.60,-58.604
2892.09,-58.678
2892.58,-58.550
2893.07,-59.172
2893.55,-59.289
2894.04,-58.449
2894.53,-57.582
2895.02,-58.615
2895.51,-59.067
2896.00,-58.265
2896.48,-58.699
2896.97,-56.260
2897.46,-58.868
2897.95,-59.346
2898.44,-56.730
2898.93,-55.960
2899.41,-58.456
2899.90,-55.955
2900.39,-56.319
2900.88,-58.548
2901.37,-59.200
2901.86,-56.303
2902.34,-58.035
2902.83,-57.544
2903.32,-56.572
2903.81,-56.654
2904.30,-57.687
2904.79,-56.926
2905.27,-57.180
2905.76,-57.047
2906.25,-56.354
2906.74,-56.808
2907.23,-57.321
2907.71,-55.880
2908.20,-55.107
2908.69,-57.517
2909.18,-56.015
2909.67,-56.106
2910.16,-55.131
2910.64,-56.352
2911.13,-55.648
2911.62,-55.622
2912.11,-56.057
2912.60,-55.833
2913.09,-57.405
2913.57,-55.366
2914.06,-56.035
2914.55,-56.549
2915.04,-57.440
2915.53,-55.510
2916.02,-57.536
2916.50,-56.603
2916.99,-55.431
2917.48,-55.794
2917.97,-56.357
2918.46,-54.872
2918.95,-55.540
2919.43,-54.682
2919.92,-55.529
2920.41,-55.915
2920.90,-54.712
2921.39,-55.610
2921.88,-55.959
2922.36,-56.215
2922.85,-56.727
2923.34,-56.106
2923.83,-54.189
2924.32,-55.381
2924.80,-54.706
2925.29,-54.426
2925.78,-54.162
2926.27,-53.442
2926.76,-55.336
2927.25,-55.328
2927.73,-54.750
2928.22,-54.021
2928.71,-55.431
2929.20,-55.849
2929.69,-54.423
2930.18,-55.044
2930.66,-54.696
2931.15,-52.589
2931.64,-54.105
2932.13,-54.455
2932.62,-54.123
2933.11,-53.184
2933.59,-53.609
2934.08,-54.703
2934.57,-53.524
2935.06,-53.574
2935.55,-55.431
2936.04,-55.009
2936.52,-54.901
2937.01,-52.448
2937.50,-53.405
2937.99,-54.486
2938.48,-53.248
2938.96,-54.347
2939.45,-53.000
2939.94,-54.305
2940.43,-56.055
2940.92,-53.856
2941.41,-54.367
2941.89,-53.969
2942.38,-54.250
2942.87,-54.936
2943.36,-55.019
2943.85,-55.586
2944.34,-54.257
2944.82,-55.227
2945.31,-53.871
2945.80,-53.383
2946.29,-54.474
2946.78,-53.106
2947.27,-53.590
2947.75,-54.151
2948.24,-53.910
2948.73,-53.468
2949.22,-53.625
2949.71,-54.186
2950.20,-56.209
2950.68,-53.754
2951.17,-54.677
2951.66,-55.238
2952.15,-54.480
2952.64,-53.442
2953.12,-54.052
2953.61,-53.697
2954.10,-53.745
2954.59,-54.017
2955.08,-54.122
2955.57,-55.746
2956.05,-55.274
2956.54,-54.607
2957.03,-55.563
2957.52,-54.709
2958.01,-57.428
2958.50,-55.701
2958.98,-54.948
2959.47,-55.306
2959.96,-55.727
2960.45,-55.009
2960.94,-55.156
2961.43,-53.843
2961.91,-55.912
2962.40,-53.778
2962.89,-52.859
2963.38,-55.540
2963.87,-56.160
2964.36,-54.545
2964.84,-54.516
2965.33,-55.237
2965.82,-56.005
2966.31,-57.170
2966.80,-55.955
2967.29,-55.312
2967.77,-52.571
2968.26,-55.056
2968.75,-56.030
2969.24,-56.732
2969.73,-56.032
2970.21,-54.904
2970.70,-54.456
2971.19,-55.351
2971.68,-54.841
2972.17,-54.500
2972.66,-54.772
2973.14,-55.921
2973.63,-56.301
2974.12,-56.753
2974.61,-54.868
2975.10,-57.261
2975.59,-56.639
2976.07,-57.225
2976.56,-55.042
2977.05,-56.766
2977.54,-56.789
2978.03,-58.014
2978.52,-57.627
2979.00,-55.901
2979.49,-56.850
2979.98,-57.495
2980.47,-56.779
2980.96,-55.060
2981.45,-55.684
2981.93,-56.953
2982.42,-57.124
2982.91,-56.294
2983.40,-55.910
2983.89,-55.025
2984.38,-57.875
2984.86,-55.519
2985.35,-58.374
2985.84,-57.414
2986.33,-56.508
2986.82,-56.865
2987.30,-59.168
2987.79,-57.186
2988.28,-56.307
2988.77,-56.797
2989.26,-55.686
2989.75,-57.090
2990.23,-57.240
2990.72,-57.042
2991.21,-58.381
2991.70,-57.538
2992.19,-56.990
2992.68,-57.123
2993.16,-57.240
2993.65,-57.393
2994.14,-57.510
2994.63,-56.526
2995.12,-58.219
2995.61,-58.080
2996.09,-59.571
2996.58,-57.608
2997.07,-57.304
2997.56,-59.090
2998.05,-58.913
2998.54,-58.802
2999.02,-57.589
2999.51,-57.196
3000.00,-58.135
3000.49,-59.150
3000.98,-59.736
3001.46,-58.066
3001.95,-59.166
3002.44,-60.382
3002.93,-59.052
3003.42,-57.494
3003.91,-59.003
3004.39,-57.462
3004.88,-59.317
3005.37,-59.734
3005.86,-59.108
3006.35,-60.136
3006.84,-59.606
3007.32,-58.507
3007.81,-59.966
3008.30,-59.305
3008.79,-59.502
3009.28,-60.445
3009.77,-59.993
3010.25,-59.504
3010.74,-61.090
3011.23,-59.290
3011.72,-58.118
3012.21,-59.510
3012.70,-59.009
3013.18,-59.375
3013.67,-60.184
3014.16,-59.293
3014.65,-60.504
3015.14,-57.745
3015.62,-60.457
3016.11,-59.715
3016.60,-59.412
3017.09,-60.362
3017.58,-60.624
3018.07,-60.691
3018.55,-59.611
3019.04,-59.733
3019.53,-59.765
3020.02,-60.007
3020.51,-59.473
3021.00,-58.333
3021.48,-60.383
3021.97,-61.699
3022.46,-61.516
3022.95,-60.670
3023.44,-59.690
3023.93,-58.164
3024.41,-61.788
3024.90,-61.583
3025.39,-60.439
3025.88,-60.179
3026.37,-60.564
3026.86,-61.290
3027.34,-61.454
3027.83,-62.662
3028.32,-59.708
3028.81,-61.963
3029.30,-59.900
3029.79,-61.543
3030.27,-59.608
3030.76,-60.887
3031.25,-61.733
3031.74,-61.511
3032.23,-60.824
3032.71,-60.720
3033.20,-61.196
3033.69,-60.374
3034.18,-61.426
3034.67,-61.278
3035.16,-59.324
3035.64,-61.501
3036.13,-60.929
3036.62,-60.605
3037.11,-61.331
3037.60,-62.710
3038.09,-60.638
3038.57,-61.530
3039.06,-61.117
3039.55,-60.116
3040.04,-61.766
3040.53,-62.608
3041.02,-61.275
3041.50,-61.717
3041.99,-59.805
3042.48,-61.012
3042.97,-60.628
3043.46,-60.905
3043.95,-61.985
3044.43,-62.128
3044.92,-62.052
3045.41,-63.152
3045.90,-61.259
3046.39,-61.691
3046.88,-61.362
3047.36,-60.678
3047.85,-61.695
3048.34,-61.627
3048.83,-62.989
3049.32,-62.205
3049.80,-63.313
3050.29,-62.526
3050.78,-62.887
3051.27,-61.204
3051.76,-60.509
3052.25,-62.965
3052.73,-63.715
3053.22,-62.806
3053.71,-61.982
3054.20,-62.464
3054.69,-62.454
3055.18,-63.342
3055.66,-63.109
3056.15,-62.554
3056.64,-63.683
3057.13,-63.156
3057.62,-62.293
3058.11,-62.420
3058.59,-62.935
3059.08,-62.552
3059.57,-62.348
3060.06,-61.614
3060.55,-62.708
3061.04,-62.318
3061.52,-62.383
3062.01,-61.944
3062.50,-62.863
3062.99,-61.843
3063.48,-62.561
3063.96,-62.342
3064.45,-62.898
3064.94,-63.289
3065.43,-62.535
3065.92,-62.863
3066.41,-61.915
3066.89,-62.770
3067.38,-62.547
3067.87,-64.669
3068.36,-64.304
3068.85,-64.014
3069.34,-63.731
3069.82,-63.641
3070.31,-62.298
3070.80,-62.902
3071.29,-61.717
3071.78,-62.637
3072.27,-62.161
3072.75,-61.578
3073.24,-62.824
3073.73,-62.674
3074.22,-65.142
3074.71,-66.331
3075.20,-62.928
3075.68,-64.126
3076.17,-64.060
3076.66,-64.259
3077.15,-63.835
3077.64,-63.000
3078.12,-63.472
3078.61,-62.755
3079.10,-63.329
3079.59,-62.701
3080.08,-64.473
3080.57,-63.442
3081.05,-64.499
3081.54,-64.795
3082.03,-65.675
3082.52,-63.816
3083.01,-64.289
3083.50,-63.970
3083.98,-63.165
3084.47,-62.984
3084.96,-62.195
3085.45,-63.600
3085.94,-63.754
3086.43,-62.856
3086.91,-63.368
3087.40,-62.929
3087.89,-62.615
3088.38,-63.558
3088.87,-64.301
3089.36,-63.511
3089.84,-63.712
3090.33,-63.753
3090.82,-63.271
3091.31,-63.226
3091.80,-65.794
3092.29,-64.342
3092.77,-63.194
3093.26,-64.596
3093.75,-63.173
3094.24,-62.966
3094.73,-62.921
3095.21,-64.603
3095.70,-62.555
3096.19,-64.095
3096.68,-64.175
3097.17,-63.585
3097.66,-62.687
3098.14,-63.527
3098.63,-64.312
3099.12,-65.430
3099.61,-63.227
3100.10,-65.215
3100.59,-64.130
3101.07,-64.360
3101.56,-65.691
3102.05,-64.762
3102.54,-65.708
3103.03,-64.991
3103.52,-64.390
3104.00,-64.890
3104.49,-63.294
3104.98,-64.144
3105.47,-64.618
3105.96,-64.999
3106.45,-66.368
3106.93,-65.592
3107.42,-65.222
3107.91,-65.828
3108.40,-64.128
3108.89,-64.386
3109.38,-62.989
3109.86,-65.170
3110.35,-64.268
3110.84,-65.023
3111.33,-65.280
3111.82,-65.131
3112.30,-65.539
3112.79,-67.081
3113.28,-65.353
3113.77,-65.991
3114.26,-65.649
3114.75,-64.862
3115.23,-63.651
3115.72,-65.109
3116.21,-63.932
3116.70,-64.110
3117.19,-63.318
3117.68,-63.673
3118.16,-65.524
3118.65,-64.630
3119.14,-66.657
3119.63,-64.130
3120.12,-64.349
3120.61,-64.876
3121.09,-65.153
3121.58,-67.097
3122.07,-64.797
3122.56,-64.882
3123.05,-64.742
3123.54,-65.992
3124.02,-64.811
3124.51,-64.747
3125.00,-65.577
3125.49,-65.260
3125.98,-65.808
3126.46,-63.935
3126.95,-64.437
3127.44,-64.160
3127.93,-65.299
3128.42,-64.457
3128.91,-66.521
3129.39,-65.782
3129.88,-66.443
3130.37,-64.030
3130.86,-66.085
3131.35,-66.613
3131.84,-65.467
3132.32,-68.319
3132.81,-67.083
3133.30,-66.361
3133.79,-66.486
3134.28,-65.321
3134.77,-66.084
3135.25,-65.985
3135.74,-68.805
3136.23,-66.517
3136.72,-67.421
3137.21,-65.873
3137.70,-66.175
3138.18,-65.063
3138.67,-66.261
3139.16,-66.885
3139.65,-64.708
3140.14,-65.202
3140.62,-66.833
3141.11,-64.253
3141.60,-66.569
3142.09,-66.975
3142.58,-66.436
3143.07,-65.732
3143.55,-65.289
3144.04,-65.723
3144.53,-63.734
3145.02,-68.325
3145.51,-67.154
3146.00,-66.255
3146.48,-66.638
3146.97,-66.215
3147.46,-66.912
3147.95,-67.413
3148.44,-66.732
3148.93,-66.342
3149.41,-65.622
3149.90,-67.021
3150.39,-66.008
3150.88,-66.361
3151.37,-67.504
3151.86,-65.587
3152.34,-65.831
3152.83,-65.615
3153.32,-66.733
3153.81,-65.381
3154.30,-67.299
3154.79,-66.292
3155.27,-65.655
3155.76,-66.733
3156.25,-66.872
3156.74,-65.384
3157.23,-65.821
3157.71,-67.208
3158.20,-67.359
3158.69,-67.663
3159.18,-67.703
3159.67,-66.052
3160.16,-65.206
3160.64,-66.073
3161.13,-65.910
3161.62,-65.343
3162.11,-68.022
3162.60,-66.415
3163.09,-67.205
3163.57,-66.278
3164.06,-66.319
3164.55,-66.830
3165.04,-67.817
3165.53,-66.706
3166.02,-66.466
3166.50,-66.641
3166.99,-66.637
3167.48,-67.114
3167.97,-66.699
3168.46,-67.441
3168.95,-67.827
3169.43,-66.890
3169.92,-65.530
3170.41,-66.131
3170.90,-65.659
3171.39,-66.454
3171.88,-66.718
3172.36,-65.941
3172.85,-65.763
3173.34,-67.555
3173.83,-65.185
3174.32,-67.905
3174.80,-67.012
3175.29,-68.082
3175.78,-67.797
3176.27,-65.208
3176.76,-66.177
3177.25,-66.286
3177.73,-66.997
3178.22,-69.524
3178.71,-67.112
3179.20,-67.169
3179.69,-68.098
3180.18,-65.782
3180.66,-68.435
3181.15,-68.029
3181.64,-66.528
3182.13,-66.851
3182.62,-66.802
3183.11,-67.424
3183.59,-66.024
3184.08,-67.542
3184.57,-68.707
3185.06,-66.776
3185.55,-68.104
3186.04,-66.703
3186.52,-66.817
3187.01,-66.350
3187.50,-68.001
3187.99,-67.363
3188.48,-67.374
3188.96,-67.795
3189.45,-66.390
3189.94,-66.845
3190.43,-66.053
3190.92,-65.776
3191.41,-68.025
3191.89,-67.135
3192.38,-64.410
3192.87,-65.338
3193.36,-66.549
3193.85,-67.210
3194.34,-66.018
3194.82,-65.355
3195.31,-66.992
3195.80,-67.744
3196.29,-66.834
3196.78,-67.477
3197.27,-67.112
3197.75,-67.266
3198.24,-67.485
3198.73,-67.535
3199.22,-66.472
3199.71,-67.273
3200.20,-64.317
3200.68,-67.542
3201.17,-68.830
3201.66,-67.842
3202.15,-69.138
3202.64,-65.607
3203.12,-67.530
3203.61,-67.883
3204.10,-68.790
3204.59,-67.487
3205.08,-66.943
3205.57,-67.005
3206.05,-68.843
3206.54,-67.019
3207.03,-66.644
3207.52,-67.143
3208.01,-66.897
3208.50,-66.139
3208.98,-66.270
3209.47,-67.276
3209.96,-67.501
3210.45,-67.381
3210.94,-68.613
3211.43,-66.771
3211.91,-66.513
3212.40,-67.369
3212.89,-66.671
3213.38,-67.465
3213.87,-66.273
3214.36,-67.547
3214.84,-67.940
3215.33,-67.512
3215.82,-68.449
3216.31,-66.910
3216.80,-67.115
3217.29,-67.060
3217.77,-66.568
3218.26,-67.163
3218.75,-68.587
3219.24,-70.232
3219.73,-67.509
3220.21,-67.758
3220.70,-66.661
3221.19,-67.503
3221.68,-67.521
3222.17,-67.839
3222.66,-66.792
3223.14,-66.872
3223.63,-67.069
3224.12,-67.229
3224.61,-67.612
3225.10,-66.755
3225.59,-69.038
3226.07,-69.409
3226.56,-67.995
3227.05,-67.174
3227.54,-67.309
3228.03,-68.223
3228.52,-66.381
3229.00,-66.370
3229.49,-68.564
3229.98,-67.713
3230.47,-68.557
3230.96,-68.944
3231.45,-67.782
3231.93,-66.692
3232.42,-67.189
3232.91,-67.079
3233.40,-67.798
3233.89,-67.375
3234.38,-66.963
3234.86,-67.277
3235.35,-67.833
3235.84,-68.155
3236.33,-68.636
3236.82,-68.580
3237.30,-67.919
3237.79,-68.173
3238.28,-68.279
3238.77,-68.199
3239.26,-68.768
3239.75,-67.318
3240.23,-66.888
3240.72,-66.596
3241.21,-67.302
3241.70,-66.912
3242.19,-68.087
3242.68,-67.426
3243.16,-69.130
3243.65,-68.861
3244.14,-68.740
3244.63,-68.136
3245.12,-68.291
3245.61,-67.777
3246.09,-68.162
3246.58,-67.619
3247.07,-69.364
3247.56,-67.250
3248.05,-68.349
3248.54,-68.533
3249.02,-68.704
3249.51,-67.613
3250.00,-66.541
3250.49,-67.737
3250.98,-68.635
3251.46,-67.848
3251.95,-66.654
3252.44,-67.867
3252.93,-69.795
3253.42,-67.813
3253.91,-67.187
3254.39,-68.362
3254.88,-67.545
3255.37,-67.250
3255.86,-68.275
3256.35,-67.660
3256.84,-68.847
3257.32,-66.652
3257.81,-68.236
3258.30,-67.257
3258.79,-67.881
3259.28,-67.093
3259.77,-68.376
3260.25,-68.871
3260.74,-67.025
3261.23,-68.164
3261.72,-68.850
3262.21,-68.795
3262.70,-69.604
3263.18,-67.902
3263.67,-69.782
3264.16,-68.566
3264.65,-67.827
3265.14,-67.010
3265.62,-69.233
3266.11,-67.836
3266.60,-67.234
3267.09,-67.839
3267.58,-69.330
3268.07,-70.038
3268.55,-68.555
3269.04,-66.420
3269.53,-68.898
3270.02,-68.558
3270.51,-68.673
3271.00,-69.074
3271.48,-67.223
3271.97,-67.501
3272.46,-68.366
3272.95,-68.151
3273.44,-69.377
3273.93,-69.814
3274.41,-66.573
3274.90,-68.217
3275.39,-69.227
3275.88,-68.811
3276.37,-68.836
3276.86,-67.878
3277.34,-68.324
3277.83,-68.272
3278.32,-66.318
3278.81,-68.428
3279.30,-68.203
3279.79,-66.755
3280.27,-67.640
3280.76,-68.232
3281.25,-68.205
3281.74,-68.469
3282.23,-68.323
3282.71,-68.058
3283.20,-68.904
3283.69,-68.491
3284.18,-66.654
3284.67,-68.679
3285.16,-67.067
3285.64,-68.347
3286.13,-67.733
3286.62,-67.943
3287.11,-66.721
3287.60,-67.920
3288.09,-68.057
3288.57,-68.898
3289.06,-68.125
3289.55,-68.546
3290.04,-68.300
3290.53,-67.268
3291.02,-66.988
3291.50,-67.874
3291.99,-67.828
3292.48,-66.963
3292.97,-68.728
3293.46,-68.826
3293.95,-68.119
3294.43,-67.942
3294.92,-67.926
3295.41,-67.636
3295.90,-67.398
3296.39,-67.495
3296.88,-69.146
3297.36,-69.647
3297.85,-66.494
3298.34,-69.045
3298.83,-67.500
3299.32,-68.020
3299.80,-69.151
3300.29,-66.533
3300.78,-66.931
3301.27,-67.873
3301.76,-70.856
3302.25,-68.405
3302.73,-68.443
3303.22,-68.198
3303.71,-68.022
3304.20,-67.645
3304.69,-65.596
3305.18,-68.887
3305.66,-68.419
3306.15,-70.244
3306.64,-67.925
3307.13,-67.119
3307.62,-68.473
3308.11,-67.907
3308.59,-68.928
3309.08,-67.965
3309.57,-68.979
3310.06,-67.159
3310.55,-67.808
3311.04,-68.149
3311.52,-67.995
3312.01,-69.202
3312.50,-68.602
3312.99,-66.490
3313.48,-68.396
3313.96,-68.068
3314.45,-68.099
3314.94,-67.468
3315.43,-67.683
3315.92,-68.866
3316.41,-69.009
3316.89,-67.256
3317.38,-66.813
3317.87,-67.426
3318.36,-66.766
3318.85,-66.034
3319.34,-66.094
3319.82,-67.229
3320.31,-67.956
3320.80,-66.745
3321.29,-66.228
3321.78,-66.793
3322.27,-66.577
3322.75,-66.092
3323.24,-67.001
3323.73,-67.025
3324.22,-66.364
3324.71,-66.714
3325.20,-67.105
3325.68,-68.227
3326.17,-69.048
3326.66,-68.298
3327.15,-65.979
3327.64,-67.039
3328.12,-67.320
3328.61,-68.909
3329.10,-66.320
3329.59,-65.748
3330.08,-67.321
3330.57,-68.085
3331.05,-66.273
3331.54,-66.829
3332.03,-68.303
3332.52,-65.730
3333.01,-67.639
3333.50,-69.065
3333.98,-67.972
3334.47,-66.653
3334.96,-66.591
3335.45,-66.160
3335.94,-67.062
3336.43,-66.041
3336.91,-67.009
3337.40,-68.509
3337.89,-67.416
3338.38,-66.620
3338.87,-67.793
3339.36,-67.072
3339.84,-67.255
3340.33,-68.797
3340.82,-66.977
3341.31,-68.069
3341.80,-66.805
3342.29,-66.612
3342.77,-67.152
3343.26,-67.509
3343.75,-68.390
3344.24,-66.520
3344.73,-66.808
3345.21,-68.643
3345.70,-66.996
3346.19,-66.329
3346.68,-67.630
3347.17,-66.845
3347.66,-66.559
3348.14,-66.418
3348.63,-68.644
3349.12,-68.434
3349.61,-67.269
3350.10,-65.486
3350.59,-67.117
3351.07,-65.938
3351.56,-67.912
3352.05,-66.362
3352.54,-67.406
3353.03,-69.640
3353.52,-67.575
3354.00,-66.783
3354.49,-66.873
3354.98,-66.694
3355.47,-66.741
3355.96,-66.268
3356.45,-66.326
3356.93,-65.624
3357.42,-66.959
3357.91,-66.347
3358.40,-65.520
3358.89,-66.017
3359.38,-67.760
3359.86,-66.862
3360.35,-67.403
3360.84,-68.707
3361.33,-66.403
3361.82,-65.967
3362.30,-66.008
3362.79,-66.618
3363.28,-68.052
3363.77,-67.352
3364.26,-65.757
3364.75,-65.231
3365.23,-67.383
3365.72,-65.979
3366.21,-67.701
3366.70,-66.964
3367.19,-66.519
3367.68,-66.767
3368.16,-66.620
3368.65,-66.314
3369.14,-65.656
3369.63,-66.716
3370.12,-66.380
3370.61,-66.957
3371.09,-66.490
3371.58,-65.896
3372.07,-66.677
3372.56,-66.212
3373.05,-65.806
3373.54,-65.845
3374.02,-67.081
3374.51,-65.702
3375.00,-65.509
3375.49,-64.631
3375.98,-66.274
3376.46,-65.550
3376.95,-65.700
3377.44,-68.685
3377.93,-66.182
3378.42,-65.324
3378.91,-67.121
3379.39,-66.401
3379.88,-66.179
3380.37,-66.118
3380.86,-64.646
3381.35,-66.980
3381.84,-66.482
3382.32,-66.610
3382.81,-67.190
3383.30,-67.671
3383.79,-66.097
3384.28,-65.955
3384.77,-66.472
3385.25,-67.501
3385.74,-65.988
3386.23,-66.387
3386.72,-66.871
3387.21,-65.391
3387.70,-65.508
3388.18,-65.071
3388.67,-65.512
3389.16,-68.180
3389.65,-68.091
3390.14,-67.237
3390.62,-65.444
3391.11,-66.353
3391.60,-66.471
3392.09,-66.229
3392.58,-66.155
3393.07,-65.800
3393.55,-64.182
3394.04,-64.658
3394.53,-66.066
3395.02,-64.911
3395.51,-65.639
3396.00,-66.239
3396.48,-66.716
3396.97,-64.134
3397.46,-67.937
3397.95,-64.777
3398.44,-66.289
3398.93,-64.761
3399.41,-64.968
3399.90,-64.925
3400.39,-63.821
3400.88,-63.337
3401.37,-64.755
3401.86,-63.778
3402.34,-65.960
3402.83,-66.300
3403.32,-65.643
3403.81,-65.176
3404.30,-64.768
3404.79,-66.296
3405.27,-66.252
3405.76,-63.406
3406.25,-64.461
3406.74,-65.397
3407.23,-66.178
3407.71,-64.843
3408.20,-66.221
3408.69,-65.731
3409.18,-64.632
3409.67,-63.721
3410.16,-63.888
3410.64,-65.781
3411.13,-65.481
3411.62,-65.869
3412.11,-64.668
3412.60,-63.876
3413.09,-62.777
3413.57,-65.039
3414.06,-62.758
3414.55,-65.671
3415.04,-65.365
3415.53,-63.849
3416.02,-66.452
3416.50,-64.587
3416.99,-64.463
3417.48,-64.827
3417.97,-65.468
3418.46,-64.061
3418.95,-65.123
3419.43,-65.693
3419.92,-64.299
3420.41,-64.051
3420.90,-63.990
3421.39,-65.135
3421.88,-65.283
3422.36,-64.145
3422.85,-63.708
3423.34,-64.575
3423.83,-64.136
3424.32,-66.026
3424.80,-64.172
3425.29,-64.416
3425.78,-64.781
3426.27,-63.517
3426.76,-64.336
3427.25,-64.618
3427.73,-64.204
3428.22,-63.723
3428.71,-64.717
3429.20,-63.661
3429.69,-65.005
3430.18,-64.859
3430.66,-64.281
3431.15,-62.946
3431.64,-63.452
3432.13,-64.112
3432.62,-61.308
3433.11,-62.569
3433.59,-63.930
3434.08,-62.757
3434.57,-62.498
3435.06,-63.013
3435.55,-62.599
3436.04,-61.019
3436.52,-63.306
3437.01,-62.983
3437.50,-64.107
3437.99,-63.238
3438.48,-63.994
3438.96,-61.618
3439.45,-63.816
3439.94,-63.498
3440.43,-63.354
3440.92,-62.591
3441.41,-60.045
3441.89,-62.084
3442.38,-65.084
3442.87,-64.793
3443.36,-62.131
3443.85,-61.220
3444.34,-62.510
3444.82,-63.814
3445.31,-62.810
3445.80,-62.507
3446.29,-61.354
3446.78,-61.527
3447.27,-64.458
3447.75,-61.548
3448.24,-62.714
3448.73,-61.805
3449.22,-61.275
3449.71,-63.383
3450.20,-63.062
3450.68,-61.245
3451.17,-61.523
3451.66,-63.444
3452.15,-63.795
3452.64,-64.190
3453.12,-61.995
3453.61,-62.613
3454.10,-63.435
3454.59,-62.003
3455.08,-61.386
3455.57,-61.969
3456.05,-60.794
3456.54,-60.865
3457.03,-61.578
3457.52,-60.994
3458.01,-63.030
3458.50,-62.512
3458.98,-61.605
3459.47,-60.772
3459.96,-59.138
3460.45,-61.477
3460.94,-61.318
3461.43,-61.176
3461.91,-62.710
3462.40,-61.070
3462.89,-59.892
3463.38,-61.824
3463.87,-60.963
3464.36,-60.419
3464.84,-61.187
3465.33,-60.308
3465.82,-61.968
3466.31,-62.271
3466.80,-61.631
3467.29,-60.821
3467.77,-60.628
3468.26,-61.649
3468.75,-59.917
3469.24,-60.347
3469.73,-59.095
3470.21,-60.473
3470.70,-60.305
3471.19,-60.667
3471.68,-60.936
3472.17,-60.312
3472.66,-62.825
3473.14,-60.791
3473.63,-60.784
3474.12,-60.123
3474.61,-58.432
3475.10,-59.427
3475.59,-59.013
3476.07,-59.626
3476.56,-58.413
3477.05,-60.451
3477.54,-60.226
3478.03,-61.932
3478.52,-60.516
3479.00,-60.506
3479.49,-58.870
3479.98,-57.884
3480.47,-58.008
3480.96,-59.727
3481.45,-58.976
3481.93,-58.667
3482.42,-57.962
3482.91,-57.603
3483.40,-59.704
3483.89,-59.165
3484.38,-56.984
3484.86,-58.670
3485.35,-57.569
3485.84,-58.916
3486.33,-58.884
3486.82,-57.696
3487.30,-57.491
3487.79,-58.790
3488.28,-59.622
3488.77,-59.862
3489.26,-57.428
3489.75,-59.221
3490.23,-58.021
3490.72,-58.700
3491.21,-57.782
3491.70,-58.952
3492.19,-58.504
3492.68,-58.190
3493.16,-58.040
3493.65,-59.180
3494.14,-58.689
3494.63,-56.791
3495.12,-56.386
3495.61,-57.317
3496.09,-57.932
3496.58,-58.410
3497.07,-57.914
3497.56,-56.406
3498.05,-56.748
3498.54,-56.305
3499.02,-56.011
3499.51,-56.760
3500.00,-58.394
3500.49,-56.437
3500.98,-57.576
3501.46,-56.792
3501.95,-56.923
3502.44,-57.201
3502.93,-57.051
3503.42,-57.022
3503.91,-57.548
3504.39,-56.285
3504.88,-57.028
3505.37,-55.273
3505.86,-56.940
3506.35,-55.364
3506.84,-56.357
3507.32,-56.771
3507.81,-55.406
3508.30,-56.678
3508.79,-56.640
3509.28,-55.108
3509.77,-57.340
3510.25,-56.371
3510.74,-55.790
3511.23,-55.094
3511.72,-54.236
3512.21,-54.731
3512.70,-54.370
3513.18,-53.965
3513.67,-55.233
3514.16,-55.473
3514.65,-55.135
3515.14,-55.329
3515.62,-53.801
3516.11,-55.042
3516.60,-54.548
3517.09,-54.853
3517.58,-55.253
3518.07,-53.915
3518.55,-55.606
3519.04,-54.961
3519.53,-53.487
3520.02,-54.385
3520.51,-52.586
3521.00,-54.604
3521.48,-55.446
3521.97,-55.565
3522.46,-53.948
3522.95,-52.131
3523.44,-53.505
3523.93,-54.615
3524.41,-54.010
3524.90,-52.929
3525.39,-53.652
3525.88,-53.415
3526.37,-53.655
3526.86,-53.449
3527.34,-53.221
3527.83,-52.192
3528.32,-54.383
3528.81,-56.136
3529.30,-53.436
3529.79,-51.905
3530.27,-54.647
3530.76,-54.045
3531.25,-53.480
3531.74,-53.498
3532.23,-53.306
3532.71,-56.004
3533.20,-53.110
3533.69,-52.259
3534.18,-54.096
3534.67,-54.550
3535.16,-53.254
3535.64,-51.875
3536.13,-53.701
3536.62,-54.510
3537.11,-54.617
3537.60,-52.291
3538.09,-53.604
3538.57,-54.024
3539.06,-54.704
3539.55,-53.629
3540.04,-55.704
3540.53,-54.905
3541.02,-54.041
3541.50,-52.124
3541.99,-53.937
3542.48,-51.753
3542.97,-53.225
3543.46,-54.079
3543.95,-55.393
3544.43,-53.952
3544.92,-54.181
3545.41,-54.640
3545.90,-52.013
3546.39,-53.454
3546.88,-53.673
3547.36,-53.818
3547.85,-56.529
3548.34,-56.425
3548.83,-54.939
3549.32,-55.531
3549.80,-55.618
3550.29,-54.344
3550.78,-55.938
3551.27,-53.278
3551.76,-55.399
3552.25,-55.563
3552.73,-54.583
3553.22,-54.890
3553.71,-55.223
3554.20,-53.897
3554.69,-55.991
3555.18,-54.630
3555.66,-54.523
3556.15,-54.665
3556.64,-55.892
3557.13,-57.192
3557.62,-55.664
3558.11,-57.050
3558.59,-56.349
3559.08,-56.024
3559.57,-54.304
3560.06,-56.355
3560.55,-55.935
3561.04,-55.265
3561.52,-57.235
3562.01,-57.589
3562.50,-55.861
3562.99,-58.061
3563.48,-57.551
3563.96,-57.238
3564.45,-56.071
3564.94,-56.856
3565.43,-56.630
3565.92,-57.300
3566.41,-57.830
3566.89,-56.872
3567.38,-54.991
3567.87,-55.649
3568.36,-57.180
3568.85,-58.814
3569.34,-56.406
3569.82,-57.360
3570.31,-56.866
3570.80,-57.731
3571.29,-57.517
3571.78,-59.060
3572.27,-58.511
3572.75,-57.720
3573.24,-57.366
3573.73,-57.520
3574.22,-57.643
3574.71,-58.600
3575.20,-59.638
3575.68,-56.818
3576.17,-59.917
3576.66,-58.591
3577.15,-58.611
3577.64,-60.319
3578.12,-58.968
3578.61,-59.887
3579.10,-57.577
3579.59,-57.646
3580.08,-59.615
3580.57,-59.237
3581.05,-61.913
3581.54,-58.579
3582.03,-60.416
3582.52,-59.530
3583.01,-58.488
3583.50,-58.055
3583.98,-60.398
3584.47,-59.590
3584.96,-60.648
3585.45,-59.581
3585.94,-59.268
3586.43,-59.960
3586.91,-60.017
3587.40,-59.944
3587.89,-61.186
3588.38,-59.973
3588.87,-60.859
3589.36,-59.741
3589.84,-60.605
3590.33,-60.211
3590.82,-58.961
3591.31,-59.504
3591.80,-60.102
3592.29,-59.876
3592.77,-59.853
3593.26,-60.424
3593.75,-60.846
3594.24,-61.110
3594.73,-61.116
3595.21,-60.669
3595.70,-60.498
3596.19,-61.668
3596.68,-61.151
3597.17,-62.292
3597.66,-60.287
3598.14,-59.051
3598.63,-60.882
3599.12,-59.994
3599.61,-60.060
3600.10,-60.250
3600.59,-60.337
3601.07,-60.702
3601.56,-61.253
3602.05,-62.018
3602.54,-60.456
3603.03,-62.513
3603.52,-61.986
3604.00,-62.649
3604.49,-62.993
3604.98,-61.837
3605.47,-62.030
3605.96,-60.454
3606.45,-61.500
3606.93,-63.114
3607.42,-63.841
3607.91,-59.517
3608.40,-61.036
3608.89,-62.588
3609.38,-62.454
3609.86,-62.853
3610.35,-61.853
3610.84,-62.474
3611.33,-61.654
3611.82,-61.338
3612.30,-61.316
3612.79,-64.178
3613.28,-63.885
3613.77,-62.192
3614.26,-63.948
3614.75,-61.380
3615.23,-62.801
3615.72,-63.158
3616.21,-64.991
3616.70,-63.840
3617.19,-63.786
3617.68,-63.360
3618.16,-62.465
3618.65,-63.714
3619.14,-62.958
3619.63,-62.730
3620.12,-63.271
3620.61,-62.509
3621.09,-62.384
3621.58,-64.733
3622.07,-64.876
3622.56,-62.652
3623.05,-63.384
3623.54,-63.279
3624.02,-62.932
3624.51,-65.100
3625.00,-64.600
3625.49,-64.027
3625.98,-64.897
3626.46,-63.192
3626.95,-64.515
3627.44,-63.391
3627.93,-62.527
3628.42,-65.005
3628.91,-63.106
3629.39,-63.861
3629.88,-62.083
3630.37,-63.232
3630.86,-63.075
3631.35,-63.454
3631.84,-65.426
3632.32,-63.743
3632.81,-63.254
3633.30,-64.510
3633.79,-65.019
3634.28,-65.759
3634.77,-63.834
3635.25,-63.738
3635.74,-64.287
3636.23,-64.572
3636.72,-64.845
3637.21,-63.991
3637.70,-64.418
3638.18,-61.573
3638.67,-64.455
3639.16,-63.944
3639.65,-65.183
3640.14,-65.368
3640.62,-64.827
3641.11,-64.704
3641.60,-63.966
3642.09,-64.894
3642.58,-64.194
3643.07,-65.455
3643.55,-64.642
3644.04,-65.150
3644.53,-64.698
3645.02,-64.094
3645.51,-65.209
3646.00,-65.550
3646.48,-64.142
3646.97,-66.925
3647.46,-65.877
3647.95,-67.267
3648.44,-66.819
3648.93,-67.057
3649.41,-64.531
3649.90,-65.797
3650.39,-66.567
3650.88,-65.564
3651.37,-66.442
3651.86,-65.605
3652.34,-65.278
3652.83,-64.389
3653.32,-64.352
3653.81,-66.796
3654.30,-65.650
3654.79,-65.402
3655.27,-66.003
3655.76,-65.267
3656.25,-63.651
3656.74,-68.342
3657.23,-66.098
3657.71,-66.108
3658.20,-66.565
3658.69,-66.424
3659.18,-66.559
3659.67,-67.038
3660.16,-66.211
3660.64,-65.455
3661.13,-66.080
3661.62,-64.811
3662.11,-64.080
3662.60,-64.215
3663.09,-66.414
3663.57,-66.562
3664.06,-66.899
3664.55,-66.820
3665.04,-65.795
3665.53,-66.881
3666.02,-67.454
3666.50,-64.425
3666.99,-65.598
3667.48,-66.393
3667.97,-66.394
3668.46,-66.660
3668.95,-65.226
3669.43,-65.884
3669.92,-66.498
3670.41,-67.084
3670.90,-65.905
3671.39,-67.586
3671.88,-66.247
3672.36,-68.303
3672.85,-67.851
3673.34,-67.019
3673.83,-65.820
3674.32,-64.824
3674.80,-66.645
3675.29,-66.761
3675.78,-68.199
3676.27,-66.585
3676.76,-67.543
3677.25,-66.620
3677.73,-65.575
3678.22,-69.174
3678.71,-65.463
3679.20,-65.666
3679.69,-67.032
3680.18,-66.739
3680.66,-67.372
3681.15,-67.968
3681.64,-65.900
3682.13,-68.104
3682.62,-66.602
3683.11,-67.128
3683.59,-67.444
3684.08,-67.143
3684.57,-68.224
3685.06,-66.588
3685.55,-66.836
3686.04,-67.589
3686.52,-65.737
3687.01,-67.878
3687.50,-67.210
3687.99,-67.963
3688.48,-67.137
3688.96,-68.649
3689.45,-66.931
3689.94,-68.474
3690.43,-66.931
3690.92,-67.612
3691.41,-67.346
3691.89,-69.784
3692.38,-67.659
3692.87,-67.649
3693.36,-67.477
3693.85,-66.932
3694.34,-70.602
3694.82,-69.765
3695.31,-67.972
3695.80,-68.260
3696.29,-67.920
3696.78,-66.976
3697.27,-67.147
3697.75,-68.049
3698.24,-65.588
3698.73,-68.559
3699.22,-67.047
3699.71,-67.896
3700.20,-66.652
3700.68,-66.949
3701.17,-67.011
3701.66,-68.969
3702.15,-68.900
3702.64,-66.679
3703.12,-68.826
3703.61,-69.126
3704.10,-67.426
3704.59,-68.059
3705.08,-69.156
3705.57,-66.998
3706.05,-68.253
3706.54,-65.943
3707.03,-67.496
3707.52,-67.659
3708.01,-67.168
3708.50,-68.030
3708.98,-67.751
3709.47,-69.551
3709.96,-67.684
3710.45,-68.895
3710.94,-66.743
3711.43,-68.221
3711.91,-67.188
3712.40,-67.820
3712.89,-67.649
3713.38,-69.550
3713.87,-68.933
3714.36,-67.842
3714.84,-68.993
3715.33,-67.694
3715.82,-69.304
3716.31,-68.014
3716.80,-68.360
3717.29,-69.447
3717.77,-67.144
3718.26,-69.281
3718.75,-69.026
3719.24,-69.180
3719.73,-69.374
3720.21,-67.645
3720.70,-66.868
3721.19,-65.988
3721.68,-67.496
3722.17,-67.908
3722.66,-68.482
3723.14,-68.518
3723.63,-68.304
3724.12,-68.458
3724.61,-68.857
3725.10,-69.413
3725.59,-69.597
3726.07,-69.116
3726.56,-68.456
3727.05,-67.789
3727.54,-66.893
3728.03,-68.323
3728.52,-67.879
3729.00,-69.806
3729.49,-67.846
3729.98,-69.123
3730.47,-69.608
3730.96,-69.424
3731.45,-69.868
3731.93,-69.193
3732.42,-69.528
3732.91,-68.053
3733.40,-67.587
3733.89,-68.533
3734.38,-69.709
3734.86,-67.597
3735.35,-68.883
3735.84,-68.060
3736.33,-68.779
3736.82,-69.375
3737.30,-69.133
3737.79,-69.856
3738.28,-68.153
3738.77,-68.636
3739.26,-70.638
3739.75,-68.224
3740.23,-67.572
3740.72,-67.759
3741.21,-68.705
3741.70,-69.186
3742.19,-69.088
3742.68,-69.065
3743.16,-67.787
3743.65,-70.169
3744.14,-69.080
3744.63,-68.669
3745.12,-67.637
3745.61,-68.845
3746.09,-71.165
3746.58,-70.307
3747.07,-69.147
3747.56,-70.798
3748.05,-68.932
3748.54,-70.235
3749.02,-68.577
3749.51,-68.492
3750.00,-69.171
3750.49,-69.831
3750.98,-69.576
3751.46,-68.612
3751.95,-69.998
3752.44,-68.756
3752.93,-68.258
3753.42,-69.018
3753.91,-69.460
3754.39,-69.512
3754.88,-70.202
3755.37,-69.885
3755.86,-72.036
3756.35,-69.837
3756.84,-66.906
3757.32,-70.897
3757.81,-70.936
3758.30,-69.438
3758.79,-70.558
3759.28,-69.638
3759.77,-69.927
3760.25,-69.413
3760.74,-69.523
3761.23,-69.251
3761.72,-69.693
3762.21,-69.241
3762.70,-69.022
3763.18,-69.600
3763.67,-68.364
3764.16,-68.904
3764.65,-67.944
3765.14,-69.030
3765.62,-68.794
3766.11,-69.359
3766.60,-70.044
3767.09,-67.524
3767.58,-69.618
3768.07,-69.866
3768.55,-69.094
3769.04,-70.485
3769.53,-70.157
3770.02,-71.285
3770.51,-70.057
3771.00,-69.241
3771.48,-69.140
3771.97,-68.472
3772.46,-68.503
3772.95,-68.139
3773.44,-71.254
3773.93,-69.476
3774.41,-70.432
3774.90,-69.332
3775.39,-69.411
3775.88,-67.987
3776.37,-70.712
3776.86,-70.460
3777.34,-69.964
3777.83,-70.426
3778.32,-70.816
3778.81,-68.952
3779.30,-71.542
3779.79,-70.759
3780.27,-69.783
3780.76,-69.163
3781.25,-69.029
3781.74,-69.831
3782.23,-69.994
3782.71,-70.055
3783.20,-70.851
3783.69,-70.869
3784.18,-69.941
3784.67,-69.175
3785.16,-68.511
3785.64,-69.473
3786.13,-70.798
3786.62,-70.639
3787.11,-69.748
3787.60,-69.034
3788.09,-69.285
3788.57,-69.841
3789.06,-70.056
3789.55,-70.394
3790.04,-70.758
3790.53,-69.231
3791.02,-71.143
3791.50,-70.304
3791.99,-71.769
3792.48,-70.403
3792.97,-70.330
3793.46,-69.086
3793.95,-68.598
3794.43,-69.379
3794.92,-70.155
3795.41,-71.546
3795.90,-69.832
3796.39,-70.039
3796.88,-68.279
3797.36,-69.575
3797.85,-70.276
3798.34,-70.070
3798.83,-71.888
3799.32,-69.983
3799.80,-69.746
3800.29,-69.440
3800.78,-69.192
3801.27,-68.957
3801.76,-70.636
3802.25,-70.489
3802.73,-69.221
3803.22,-70.514
3803.71,-69.959
3804.20,-69.881
3804.69,-69.982
3805.18,-69.016
3805.66,-71.455
3806.15,-71.798
3806.64,-69.557
3807.13,-70.301
3807.62,-70.390
3808.11,-70.456
3808.59,-69.534
3809.08,-69.395
3809.57,-68.880
3810.06,-69.299
3810.55,-68.713
3811.04,-70.821
3811.52,-69.680
3812.01,-69.212
3812.50,-68.548
3812.99,-70.401
3813.48,-70.222
3813.96,-68.997
3814.45,-68.835
3814.94,-70.627
3815.43,-69.044
3815.92,-70.375
3816.41,-70.535
3816.89,-70.717
3817.38,-70.178
3817.87,-70.441
3818.36,-70.596
3818.85,-67.374
3819.34,-70.770
3819.82,-71.243
3820.31,-68.557
3820.80,-69.346
3821.29,-71.703
3821.78,-69.087
3822.27,-72.128
3822.75,-70.816
3823.24,-71.316
3823.73,-70.868
3824.22,-69.195
3824.71,-69.578
3825.20,-69.191
3825.68,-70.507
3826.17,-70.478
3826.66,-68.424
3827.15,-70.806
3827.64,-70.813
3828.12,-69.905
3828.61,-69.009
3829.10,-68.432
3829.59,-69.412
3830.08,-69.478
3830.57,-69.828
3831.05,-70.517
3831.54,-70.563
3832.03,-69.275
3832.52,-70.182
3833.01,-71.231
3833.50,-69.794
3833.98,-69.749
3834.47,-69.783
3834.96,-69.971
3835.45,-70.026
3835.94,-69.562
3836.43,-70.426
3836.91,-71.416
3837.40,-70.358
3837.89,-71.610
3838.38,-71.376
3838.87,-70.468
3839.36,-71.950
3839.84,-69.928
3840.33,-71.785
3840.82,-71.947
3841.31,-70.631
3841.80,-69.356
3842.29,-70.463
3842.77,-69.542
3843.26,-69.618
3843.75,-70.174
3844.24,-69.510
3844.73,-70.808
3845.21,-69.500
3845.70,-69.881
3846.19,-68.582
3846.68,-69.522
3847.17,-69.837
3847.66,-67.947
3848.14,-69.193
3848.63,-69.176
3849.12,-69.687
3849.61,-69.349
3850.10,-71.009
3850.59,-69.972
3851.07,-68.551
3851.56,-69.733
3852.05,-69.260
3852.54,-70.059
3853.03,-68.945
3853.52,-69.959
3854.00,-69.681
3854.49,-69.603
3854.98,-69.382
3855.47,-68.459
3855.96,-71.492
3856.45,-70.124
3856.93,-70.620
3857.42,-70.668
3857.91,-69.539
3858.40,-69.185
3858.89,-69.541
3859.38,-69.273
3859.86,-69.601
3860.35,-70.179
3860.84,-69.592
3861.33,-70.767
3861.82,-70.729
3862.30,-70.758
3862.79,-69.822
3863.28,-68.882
3863.77,-69.018
3864.26,-69.650
3864.75,-69.106
3865.23,-70.305
3865.72,-70.103
3866.21,-70.225
3866.70,-69.823
3867.19,-68.569
3867.68,-69.650
3868.16,-70.542
3868.65,-70.271
3869.14,-70.941
3869.63,-70.260
3870.12,-69.533
3870.61,-69.597
3871.09,-69.144
3871.58,-70.717
3872.07,-70.807
3872.56,-68.550
3873.05,-68.986
3873.54,-71.536
3874.02,-71.714
3874.51,-70.617
3875.00,-69.192
3875.49,-69.065
3875.98,-67.950
3876.46,-70.196
3876.95,-69.232
3877.44,-70.066
3877.93,-68.513
3878.42,-68.688
3878.91,-68.389
3879.39,-70.333
3879.88,-69.174
3880.37,-71.062
3880.86,-70.979
3881.35,-69.248
3881.84,-69.143
3882.32,-69.911
3882.81,-68.895
3883.30,-68.507
3883.79,-68.282
3884.28,-67.567
3884.77,-69.456
3885.25,-70.169
3885.74,-69.776
3886.23,-69.932
3886.72,-69.842
3887.21,-69.747
3887.70,-69.633
3888.18,-71.540
3888.67,-69.659
3889.16,-69.319
3889.65,-70.400
3890.14,-68.889
3890.62,-69.552
3891.11,-68.371
3891.60,-69.601
3892.09,-68.933
3892.58,-69.573
3893.07,-70.080
3893.55,-70.825
3894.04,-69.357
3894.53,-70.478
3895.02,-70.140
3895.51,-67.936
3896.00,-68.076
3896.48,-69.501
3896.97,-69.575
3897.46,-69.909
3897.95,-69.850
3898.44,-68.312
3898.93,-69.080
3899.41,-70.478
3899.90,-70.929
3900.39,-69.351
3900.88,-69.542
3901.37,-70.884
3901.86,-68.893
3902.34,-68.952
3902.83,-68.875
3903.32,-70.083
3903.81,-70.183
3904.30,-68.978
3904.79,-70.213
3905.27,-68.852
3905.76,-69.279
3906.25,-70.151
3906.74,-69.307
3907.23,-68.951
3907.71,-69.044
3908.20,-68.830
3908.69,-67.818
3909.18,-70.470
3909.67,-68.655
3910.16,-68.748
3910.64,-68.138
3911.13,-68.384
3911.62,-69.660
3912.11,-69.955
3912.60,-68.286
3913.09,-69.289
3913.57,-69.524
3914.06,-69.732
3914.55,-69.560
3915.04,-68.609
3915.53,-68.732
3916.02,-68.031
3916.50,-69.925
3916.99,-65.869
3917.48,-69.272
3917.97,-69.261
3918.46,-69.171
3918.95,-69.051
3919.43,-69.074
3919.92,-68.878
3920.41,-68.448
3920.90,-69.819
3921.39,-69.200
3921.88,-69.844
3922.36,-67.487
3922.85,-69.183
3923.34,-68.706
3923.83,-68.388
3924.32,-68.010
3924.80,-68.097
3925.29,-68.188
3925.78,-67.656
3926.27,-69.655
3926.76,-68.701
3927.25,-68.433
3927.73,-68.515
3928.22,-69.046
3928.71,-69.023
3929.20,-68.843
3929.69,-68.711
3930.18,-69.251
3930.66,-67.595
3931.15,-67.516
3931.64,-67.131
3932.13,-68.009
3932.62,-68.811
3933.11,-69.450
3933.59,-69.213
3934.08,-68.252
3934.57,-67.942
3935.06,-67.907
3935.55,-67.909
3936.04,-68.602
3936.52,-68.217
3937.01,-69.234
3937.50,-67.407
3937.99,-68.972
3938.48,-68.726
3938.96,-69.066
3939.45,-68.854
3939.94,-66.861
3940.43,-68.588
3940.92,-69.056
3941.41,-68.241
3941.89,-66.606
3942.38,-67.766
3942.87,-68.229
3943.36,-67.234
3943.85,-68.023
3944.34,-69.783
3944.82,-68.469
3945.31,-66.692
3945.80,-67.478
3946.29,-67.811
3946.78,-66.122
3947.27,-67.704
3947.75,-66.032
3948.24,-67.165
3948.73,-66.808
3949.22,-67.279
3949.71,-67.471
3950.20,-69.240
3950.68,-66.930
3951.17,-67.157
3951.66,-67.622
3952.15,-67.685
3952.64,-65.590
3953.12,-67.141
3953.61,-67.290
3954.10,-66.952
3954.59,-67.836
3955.08,-68.954
3955.57,-68.090
3956.05,-68.427
3956.54,-67.627
3957.03,-66.806
3957.52,-67.047
3958.01,-66.997
3958.50,-67.323
3958.98,-67.065
3959.47,-68.485
3959.96,-68.354
3960.45,-68.695
3960.94,-68.375
3961.43,-67.538
3961.91,-66.287
3962.40,-68.709
3962.89,-67.687
3963.38,-66.741
3963.87,-67.352
3964.36,-66.926
3964.84,-65.988
3965.33,-66.964
3965.82,-67.557
3966.31,-67.975
3966.80,-66.176
3967.29,-65.831
3967.77,-67.275
3968.26,-66.445
3968.75,-66.854
3969.24,-66.680
3969.73,-68.775
3970.21,-67.188
3970.70,-65.536
3971.19,-66.795
3971.68,-66.698
3972.17,-68.715
3972.66,-66.192
3973.14,-65.376
3973.63,-68.050
3974.12,-65.274
3974.61,-68.300
3975.10,-66.992
3975.59,-66.125
3976.07,-67.018
3976.56,-66.386
3977.05,-67.657
3977.54,-66.913
3978.03,-65.157
3978.52,-65.532
3979.00,-66.082
3979.49,-66.855
3979.98,-65.826
3980.47,-65.492
3980.96,-66.065
3981.45,-65.964
3981.93,-65.990
3982.42,-66.219
3982.91,-66.163
3983.40,-65.142
3983.89,-66.574
3984.38,-66.333
3984.86,-66.288
3985.35,-66.625
3985.84,-66.655
3986.33,-66.878
3986.82,-65.520
3987.30,-65.195
3987.79,-67.136
3988.28,-66.140
3988.77,-67.017
3989.26,-65.683
3989.75,-63.625
3990.23,-65.625
3990.72,-66.122
3991.21,-65.981
3991.70,-65.333
3992.19,-66.963
3992.68,-65.534
3993.16,-64.377
3993.65,-66.086
3994.14,-66.388
3994.63,-65.978
3995.12,-66.851
3995.61,-65.563
3996.09,-66.369
3996.58,-65.408
3997.07,-64.670
3997.56,-63.350
3998.05,-66.372
3998.54,-64.709
3999.02,-64.893
3999.51,-64.663
4000.00,-65.500
4000.49,-64.496
4000.98,-65.094
4001.46,-62.494
4001.95,-63.813
4002.44,-64.812
4002.93,-65.937
4003.42,-63.993
4003.91,-64.130
4004.39,-64.516
4004.88,-64.790
4005.37,-64.971
4005.86,-63.444
4006.35,-63.260
4006.84,-63.126
4007.32,-65.655
4007.81,-62.830
4008.30,-64.157
4008.79,-65.055
4009.28,-63.849
4009.77,-62.587
4010.25,-67.230
4010.74,-65.543
4011.23,-65.330
4011.72,-64.238
4012.21,-64.255
4012.70,-62.590
4013.18,-62.869
4013.67,-64.774
4014.16,-63.923
4014.65,-63.741
4015.14,-64.719
4015.62,-65.288
4016.11,-65.410
4016.60,-65.693
4017.09,-64.187
4017.58,-62.941
4018.07,-63.271
4018.55,-62.875
4019.04,-63.264
4019.53,-62.783
4020.02,-62.329
4020.51,-61.881
4021.00,-62.063
4021.48,-62.613
4021.97,-62.784
4022.46,-63.638
4022.95,-62.610
4023.44,-61.992
4023.93,-62.618
4024.41,-62.853
4024.90,-62.722
4025.39,-64.602
4025.88,-63.419
4026.37,-61.624
4026.86,-62.098
4027.34,-62.570
4027.83,-63.690
4028.32,-62.930
4028.81,-61.141
4029.30,-62.521
4029.79,-62.865
4030.27,-63.389
4030.76,-62.323
4031.25,-62.866
4031.74,-61.830
4032.23,-63.614
4032.71,-63.843
4033.20,-62.493
4033.69,-63.475
4034.18,-61.061
4034.67,-62.274
4035.16,-60.086
4035.64,-62.368
4036.13,-62.247
4036.62,-60.678
4037.11,-62.658
4037.60,-61.028
4038.09,-61.601
4038.57,-60.237
4039.06,-61.591
4039.55,-59.732
4040.04,-63.369
4040.53,-61.768
4041.02,-61.876
4041.50,-62.048
4041.99,-61.782
4042.48,-60.721
4042.97,-62.323
4043.46,-64.433
4043.95,-61.103
4044.43,-60.443
4044.92,-61.994
4045.41,-61.755
4045.90,-60.693
4046.39,-61.643
4046.88,-62.376
4047.36,-61.579
4047.85,-62.192
4048.34,-60.209
4048.83,-59.726
4049.32,-60.289
4049.80,-61.469
4050.29,-60.844
4050.78,-60.857
4051.27,-59.677
4051.76,-59.357
4052.25,-60.547
4052.73,-60.645
4053.22,-60.031
4053.71,-60.820
4054.20,-61.228
4054.69,-59.284
4055.18,-60.810
4055.66,-62.027
4056.15,-61.851
4056.64,-60.165
4057.13,-59.265
4057.62,-60.017
4058.11,-60.210
4058.59,-61.485
4059.08,-60.015
4059.57,-58.071
4060.06,-58.995
4060.55,-58.608
4061.04,-60.214
4061.52,-59.878
4062.01,-60.070
4062.50,-59.408
4062.99,-58.243
4063.48,-59.735
4063.96,-59.997
4064.45,-58.944
4064.94,-58.344
4065.43,-59.274
4065.92,-58.475
4066.41,-58.952
4066.89,-59.315
4067.38,-58.500
4067.87,-59.069
4068.36,-58.257
4068.85,-57.939
4069.34,-57.291
4069.82,-58.204
4070.31,-57.720
4070.80,-58.097
4071.29,-57.813
4071.78,-57.555
4072.27,-58.032
4072.75,-58.013
4073.24,-57.124
4073.73,-57.481
4074.22,-56.225
4074.71,-57.896
4075.20,-57.631
4075.68,-55.729
4076.17,-56.741
4076.66,-57.594
4077.15,-57.249
4077.64,-56.654
4078.12,-56.674
4078.61,-59.576
4079.10,-55.722
4079.59,-55.782
4080.08,-57.517
4080.57,-56.365
4081.05,-54.447
4081.54,-54.109
4082.03,-55.572
4082.52,-57.011
4083.01,-56.465
4083.50,-55.127
4083.98,-54.894
4084.47,-56.976
4084.96,-55.108
4085.45,-57.707
4085.94,-55.747
4086.43,-54.659
4086.91,-56.848
4087.40,-54.932
4087.89,-56.789
4088.38,-55.919
4088.87,-55.382
4089.36,-57.059
4089.84,-55.137
4090.33,-55.711
4090.82,-55.445
4091.31,-55.772
4091.80,-56.249
4092.29,-54.500
4092.77,-55.502
4093.26,-53.843
4093.75,-54.638
4094.24,-53.771
4094.73,-54.124
4095.21,-54.125
4095.70,-53.886
4096.19,-55.063
4096.68,-55.377
4097.17,-55.138
4097.66,-54.511
4098.14,-53.729
4098.63,-55.612
4099.12,-55.666
4099.61,-53.434
4100.10,-53.772
4100.59,-53.664
4101.07,-52.863
4101.56,-54.820
4102.05,-54.491
4102.54,-54.098
4103.03,-53.901
4103.52,-54.651
4104.00,-53.073
4104.49,-54.905
4104.98,-53.810
4105.47,-54.482
4105.96,-53.594
4106.45,-52.978
4106.93,-53.367
4107.42,-54.749
4107.91,-54.891
4108.40,-52.574
4108.89,-52.529
4109.38,-53.933
4109.86,-54.940
4110.35,-54.483
4110.84,-54.564
4111.33,-53.620
4111.82,-54.029
4112.30,-53.771
4112.79,-53.789
4113.28,-54.630
4113.77,-55.021
4114.26,-54.225
4114.75,-53.268
4115.23,-55.000
4115.72,-55.294
4116.21,-54.517
4116.70,-54.366
4117.19,-55.059
4117.68,-56.130
4118.16,-54.880
4118.65,-53.989
4119.14,-53.623
4119.63,-55.728
4120.12,-56.303
4120.61,-53.153
4121.09,-55.916
4121.58,-54.816
4122.07,-54.778
4122.56,-53.829
4123.05,-53.918
4123.54,-54.382
4124.02,-55.863
4124.51,-55.282
4125.00,-54.657
4125.49,-54.239
4125.98,-55.187
4126.46,-54.720
4126.95,-56.561
4127.44,-54.575
4127.93,-55.145
4128.42,-55.282
4128.91,-55.545
4129.39,-54.511
4129.88,-56.569
4130.37,-57.259
4130.86,-56.607
4131.35,-56.929
4131.84,-56.725
4132.32,-56.455
4132.81,-55.878
4133.30,-55.191
4133.79,-57.096
4134.28,-56.444
4134.77,-55.633
4135.25,-57.116
4135.74,-57.048
4136.23,-56.642
4136.72,-57.706
4137.21,-56.906
4137.70,-56.626
4138.18,-55.498
4138.67,-55.923
4139.16,-58.118
4139.65,-56.567
4140.14,-57.669
4140.62,-59.349
4141.11,-58.330
4141.60,-57.181
4142.09,-59.384
4142.58,-59.626
4143.07,-58.654
4143.55,-58.468
4144.04,-58.693
4144.53,-58.512
4145.02,-55.912
4145.51,-56.318
4146.00,-56.116
4146.48,-58.112
4146.97,-59.287
4147.46,-57.009
4147.95,-59.010
4148.44,-57.641
4148.93,-56.684
4149.41,-57.918
4149.90,-57.828
4150.39,-58.056
4150.88,-57.804
4151.37,-57.645
4151.86,-59.187
4152.34,-58.463
4152.83,-58.304
4153.32,-58.470
4153.81,-57.943
4154.30,-58.788
4154.79,-59.120
4155.27,-59.832
4155.76,-59.570
4156.25,-60.104
4156.74,-59.565
4157.23,-58.317
4157.71,-60.515
4158.20,-58.742
4158.69,-59.147
4159.18,-58.607
4159.67,-58.725
4160.16,-59.768
4160.64,-62.598
4161.13,-61.118
4161.62,-61.390
4162.11,-60.716
4162.60,-60.170
4163.09,-61.159
4163.57,-59.422
4164.06,-60.842
4164.55,-59.480
4165.04,-60.624
4165.53,-63.436
4166.02,-60.196
4166.50,-60.367
4166.99,-59.013
4167.48,-60.635
4167.97,-60.544
4168.46,-60.192
4168.95,-60.185
4169.43,-60.601
4169.92,-60.796
4170.41,-59.859
4170.90,-61.558
4171.39,-60.482
4171.88,-62.072
4172.36,-61.024
4172.85,-62.465
4173.34,-60.955
4173.83,-61.179
4174.32,-61.385
4174.80,-61.358
4175.29,-61.595
4175.78,-61.676
4176.27,-59.212
4176.76,-60.565
4177.25,-61.275
4177.73,-60.932
4178.22,-61.984
4178.71,-61.084
4179.20,-62.582
4179.69,-61.544
4180.18,-61.656
4180.66,-61.903
4181.15,-61.457
4181.64,-62.425
4182.13,-61.678
4182.62,-61.867
4183.11,-61.772
4183.59,-61.857
4184.08,-60.295
4184.57,-62.267
4185.06,-61.206
4185.55,-62.343
4186.04,-61.289
4186.52,-62.935
4187.01,-62.040
4187.50,-63.278
4187.99,-63.293
4188.48,-63.191
4188.96,-64.261
4189.45,-61.535
4189.94,-61.076
4190.43,-63.580
4190.92,-61.493
4191.41,-61.317
4191.89,-62.725
4192.38,-63.501
4192.87,-63.272
4193.36,-62.803
4193.85,-65.344
4194.34,-62.405
4194.82,-63.196
4195.31,-62.563
4195.80,-63.521
4196.29,-62.375
4196.78,-62.296
4197.27,-64.485
4197.75,-64.419
4198.24,-63.351
4198.73,-64.020
4199.22,-63.470
4199.71,-62.700
4200.20,-63.413
4200.68,-63.305
4201.17,-62.916
4201.66,-62.529
4202.15,-64.293
4202.64,-64.285
4203.12,-62.738
4203.61,-62.970
4204.10,-64.618
4204.59,-63.721
4205.08,-62.750
4205.57,-63.507
4206.05,-62.903
4206.54,-62.576
4207.03,-62.752
4207.52,-64.300
4208.01,-63.687
4208.50,-62.309
4208.98,-63.666
4209.47,-63.282
4209.96,-63.972
4210.45,-63.651
4210.94,-64.713
4211.43,-63.480
4211.91,-64.474
4212.40,-64.486
4212.89,-63.997
4213.38,-65.606
4213.87,-64.784
4214.36,-65.957
4214.84,-64.564
4215.33,-64.183
4215.82,-64.751
4216.31,-64.124
4216.80,-64.467
4217.29,-64.355
4217.77,-66.017
4218.26,-64.579
4218.75,-65.060
4219.24,-62.966
4219.73,-65.251
4220.21,-64.864
4220.70,-64.025
4221.19,-61.923
4221.68,-65.154
4222.17,-65.755
4222.66,-64.228
4223.14,-64.287
4223.63,-64.283
4224.12,-62.782
4224.61,-64.724
4225.10,-66.178
4225.59,-66.578
4226.07,-66.847
4226.56,-64.530
4227.05,-66.170
4227.54,-65.239
4228.03,-65.151
4228.52,-64.790
4229.00,-66.943
4229.49,-64.513
4229.98,-65.672
4230.47,-65.241
4230.96,-65.825
4231.45,-64.419
4231.93,-63.800
4232.42,-65.286
4232.91,-64.592
4233.40,-64.376
4233.89,-66.941
4234.38,-65.494
4234.86,-64.099
4235.35,-65.498
4235.84,-64.691
4236.33,-65.295
4236.82,-63.796
4237.30,-64.958
4237.79,-64.352
4238.28,-64.994
4238.77,-65.256
4239.26,-64.996
4239.75,-65.698
4240.23,-66.360
4240.72,-66.725
4241.21,-66.671
4241.70,-67.362
4242.19,-67.911
4242.68,-64.066
4243.16,-66.413
4243.65,-65.425
4244.14,-66.770
4244.63,-66.464
4245.12,-66.338
4245.61,-66.943
4246.09,-65.635
4246.58,-64.113
4247.07,-64.764
4247.56,-63.941
4248.05,-66.242
4248.54,-66.370
4249.02,-67.356
4249.51,-67.210
4250.00,-67.523
4250.49,-64.774
4250.98,-66.914
4251.46,-66.664
4251.95,-65.297
4252.44,-66.368
4252.93,-67.031
4253.42,-67.363
4253.91,-66.043
4254.39,-67.102
4254.88,-66.643
4255.37,-66.366
4255.86,-65.920
4256.35,-66.294
4256.84,-67.872
4257.32,-67.595
4257.81,-68.624
4258.30,-67.945
4258.79,-64.827
4259.28,-67.128
4259.77,-65.861
4260.25,-66.541
4260.74,-67.163
4261.23,-65.995
4261.72,-67.708
4262.21,-67.116
4262.70,-66.402
4263.18,-67.034
4263.67,-64.840
4264.16,-67.190
4264.65,-65.810
4265.14,-64.949
4265.62,-67.625
4266.11,-67.786
4266.60,-65.984
4267.09,-67.995
4267.58,-66.227
4268.07,-67.694
4268.55,-66.828
4269.04,-67.081
4269.53,-65.558
4270.02,-66.616
4270.51,-66.743
4271.00,-66.732
4271.48,-66.838
4271.97,-67.620
4272.46,-67.586
4272.95,-67.563
4273.44,-67.830
4273.93,-67.739
4274.41,-66.779
4274.90,-66.662
4275.39,-66.159
4275.88,-65.921
4276.37,-66.913
4276.86,-69.272
4277.34,-67.144
4277.83,-69.428
4278.32,-67.379
4278.81,-66.707
4279.30,-67.327
4279.79,-65.827
4280.27,-66.144
4280.76,-66.473
4281.25,-65.554
4281.74,-66.044
4282.23,-67.447
4282.71,-68.325
4283.20,-68.667
4283.69,-67.243
4284.18,-67.166
4284.67,-67.723
4285.16,-67.415
4285.64,-67.165
4286.13,-68.480
4286.62,-67.655
4287.11,-65.555
4287.60,-67.368
4288.09,-66.957
4288.57,-68.075
4289.06,-66.699
4289.55,-67.618
4290.04,-67.279
4290.53,-68.454
4291.02,-67.827
4291.50,-67.750
4291.99,-65.584
4292.48,-66.429
4292.97,-68.439
4293.46,-66.146
4293.95,-66.841
4294.43,-66.305
4294.92,-67.134
4295.41,-66.298
4295.90,-67.782
4296.39,-67.301
4296.88,-67.289
4297.36,-67.994
4297.85,-67.284
4298.34,-67.708
4298.83,-66.556
4299.32,-66.106
4299.80,-67.423
4300.29,-67.813
4300.78,-67.805
4301.27,-68.761
4301.76,-67.722
4302.25,-67.458
4302.73,-68.260
4303.22,-68.121
4303.71,-67.312
4304.20,-66.996
4304.69,-67.840
4305.18,-66.766
4305.66,-68.290
4306.15,-67.987
4306.64,-66.697
4307.13,-68.766
4307.62,-67.614
4308.11,-67.766
4308.59,-67.281
4309.08,-68.242
4309.57,-68.653
4310.06,-67.923
4310.55,-66.765
4311.04,-67.296
4311.52,-67.053
4312.01,-66.828
4312.50,-67.811
4312.99,-69.980
4313.48,-67.445
4313.96,-67.869
4314.45,-67.613
4314.94,-68.380
4315.43,-68.389
4315.92,-68.763
4316.41,-68.216
4316.89,-67.441
4317.38,-66.865
4317.87,-68.112
4318.36,-66.980
4318.85,-67.649
4319.34,-68.055
4319.82,-68.348
4320.31,-66.511
4320.80,-69.013
4321.29,-66.813
4321.78,-67.709
4322.27,-69.027
4322.75,-68.226
4323.24,-67.649
4323.73,-67.456
4324.22,-67.351
4324.71,-69.052
4325.20,-68.118
4325.68,-67.888
4326.17,-67.346
4326.66,-68.512
4327.15,-69.317
4327.64,-68.701
4328.12,-67.482
4328.61,-68.535
4329.10,-69.160
4329.59,-69.103
4330.08,-67.168
4330.57,-66.846
4331.05,-68.266
4331.54,-67.278
4332.03,-66.979
4332.52,-69.184
4333.01,-68.556
4333.50,-68.782
4333.98,-68.557
4334.47,-67.423
4334.96,-67.133
4335.45,-69.099
4335.94,-66.628
4336.43,-66.898
4336.91,-69.187
4337.40,-69.123
4337.89,-67.935
4338.38,-67.654
4338.87,-68.627
4339.36,-67.518
4339.84,-69.471
4340.33,-67.626
4340.82,-68.537
4341.31,-69.517
4341.80,-68.222
4342.29,-67.019
4342.77,-67.925
4343.26,-67.665
4343.75,-67.702
4344.24,-69.371
4344.73,-67.528
4345.21,-67.492
4345.70,-69.419
4346.19,-67.503
4346.68,-67.961
4347.17,-68.654
4347.66,-67.748
4348.14,-67.374
4348.63,-67.416
4349.12,-69.074
4349.61,-67.973
4350.10,-68.088
4350.59,-67.971
4351.07,-67.908
4351.56,-67.991
4352.05,-67.922
4352.54,-69.668
4353.03,-68.030
4353.52,-67.632
4354.00,-67.105
4354.49,-68.458
4354.98,-69.175
4355.47,-68.060
4355.96,-69.114
4356.45,-68.071
4356.93,-67.829
4357.42,-67.988
4357.91,-68.679
4358.40,-68.765
4358.89,-67.456
4359.38,-69.575
4359.86,-69.267
4360.35,-66.844
4360.84,-67.715
4361.33,-66.773
4361.82,-66.937
4362.30,-67.943
4362.79,-68.440
4363.28,-67.268
4363.77,-70.093
4364.26,-66.588
4364.75,-66.069
4365.23,-67.012
4365.72,-67.610
4366.21,-66.817
4366.70,-69.629
4367.19,-69.379
4367.68,-67.669
4368.16,-69.177
4368.65,-69.149
4369.14,-70.352
4369.63,-67.845
4370.12,-67.937
4370.61,-70.124
4371.09,-68.481
4371.58,-69.303
4372.07,-67.060
4372.56,-66.607
4373.05,-69.690
4373.54,-68.720
4374.02,-69.979
4374.51,-69.420
4375.00,-67.938
4375.49,-66.971
4375.98,-67.705
4376.46,-67.809
4376.95,-68.987
4377.44,-68.769
4377.93,-67.128
4378.42,-68.543
4378.91,-67.722
4379.39,-67.164
4379.88,-67.158
4380.37,-68.860
4380.86,-68.331
4381.35,-67.860
4381.84,-67.345
4382.32,-66.882
4382.81,-68.366
4383.30,-68.138
4383.79,-69.414
4384.28,-69.729
4384.77,-69.066
4385.25,-68.608
4385.74,-67.599
4386.23,-67.606
4386.72,-67.944
4387.21,-69.024
4387.70,-69.164
4388.18,-68.725
4388.67,-68.429
4389.16,-68.660
4389.65,-69.763
4390.14,-68.057
4390.62,-69.051
4391.11,-69.050
4391.60,-68.924
4392.09,-67.294
4392.58,-67.407
4393.07,-67.748
4393.55,-66.571
4394.04,-68.219
4394.53,-67.243
4395.02,-69.379
4395.51,-68.150
4396.00,-68.812
4396.48,-66.263
4396.97,-66.106
4397.46,-67.620
4397.95,-68.619
4398.44,-68.500
4398.93,-68.229
4399.41,-67.409
4399.90,-67.420
4400.39,-67.687
4400.88,-67.490
4401.37,-68.116
4401.86,-67.401
4402.34,-68.546
4402.83,-67.765
4403.32,-67.303
4403.81,-67.331
4404.30,-66.859
4404.79,-66.505
4405.27,-67.985
4405.76,-68.636
4406.25,-67.574
4406.74,-67.960
4407.23,-67.369
4407.71,-66.387
4408.20,-69.395
4408.69,-68.322
4409.18,-67.869
4409.67,-69.271
4410.16,-67.872
4410.64,-66.822
4411.13,-68.447
4411.62,-68.853
4412.11,-67.490
4412.60,-67.179
4413.09,-66.975
4413.57,-68.032
4414.06,-69.002
4414.55,-66.697
4415.04,-66.527
4415.53,-67.346
4416.02,-67.372
4416.50,-68.976
4416.99,-68.986
4417.48,-66.233
4417.97,-68.006
4418.46,-67.461
4418.95,-67.325
4419.43,-67.251
4419.92,-69.259
4420.41,-69.196
4420.90,-67.306
4421.39,-66.908
4421.88,-68.509
4422.36,-68.797
4422.85,-68.350
4423.34,-70.462
4423.83,-68.461
4424.32,-68.453
4424.80,-68.281
4425.29,-68.093
4425.78,-66.935
4426.27,-67.854
4426.76,-67.100
4427.25,-69.260
4427.73,-68.101
4428.22,-67.795
4428.71,-68.616
4429.20,-67.539
4429.69,-65.687
4430.18,-66.823
4430.66,-66.175
4431.15,-66.182
4431.64,-67.558
4432.13,-66.836
4432.62,-68.585
4433.11,-68.758
4433.59,-67.268
4434.08,-67.598
4434.57,-68.080
4435.06,-67.854
4435.55,-68.307
4436.04,-67.140
4436.52,-68.347
4437.01,-68.237
4437.50,-67.705
4437.99,-67.182
4438.48,-67.318
4438.96,-68.172
4439.45,-68.285
4439.94,-66.771
4440.43,-68.608
4440.92,-67.326
4441.41,-66.651
4441.89,-67.838
4442.38,-67.051
4442.87,-66.903
4443.36,-65.570
4443.85,-66.969
4444.34,-68.598
4444.82,-66.634
4445.31,-67.708
4445.80,-67.498
4446.29,-67.771
4446.78,-68.476
4447.27,-66.654
4447.75,-67.544
4448.24,-66.780
4448.73,-67.562
4449.22,-66.668
4449.71,-66.637
4450.20,-67.014
4450.68,-67.108
4451.17,-66.517
4451.66,-67.468
4452.15,-67.175
4452.64,-67.008
4453.12,-66.928
4453.61,-67.548
4454.10,-67.562
4454.59,-67.338
4455.08,-66.447
4455.57,-67.047
4456.05,-66.416
4456.54,-65.761
4457.03,-67.478
4457.52,-66.384
4458.01,-69.222
4458.50,-66.818
4458.98,-67.530
4459.47,-67.182
4459.96,-65.608
4460.45,-66.054
4460.94,-65.789
4461.43,-66.491
4461.91,-67.588
4462.40,-65.423
4462.89,-68.000
4463.38,-68.292
4463.87,-66.045
4464.36,-67.353
4464.84,-64.748
4465.33,-66.289
4465.82,-67.350
4466.31,-66.381
4466.80,-65.783
4467.29,-67.374
4467.77,-67.262
4468.26,-65.846
4468.75,-66.967
4469.24,-67.067
4469.73,-67.663
4470.21,-65.631
4470.70,-67.924
4471.19,-66.088
4471.68,-65.980
4472.17,-66.702
4472.66,-68.578
4473.14,-67.884
4473.63,-67.073
4474.12,-67.518
4474.61,-69.243
4475.10,-65.226
4475.59,-67.283
4476.07,-66.919
4476.56,-66.045
4477.05,-66.009
4477.54,-67.273
4478.03,-64.924
4478.52,-65.630
4479.00,-66.031
4479.49,-65.894
4479.98,-67.248
4480.47,-68.025
4480.96,-66.482
4481.45,-67.488
4481.93,-67.490
4482.42,-65.836
4482.91,-66.420
4483.40,-66.700
4483.89,-67.373
4484.38,-66.860
4484.86,-64.737
4485.35,-66.480
4485.84,-66.745
4486.33,-66.717
4486.82,-67.757
4487.30,-66.784
4487.79,-66.032
4488.28,-65.811
4488.77,-66.293
4489.26,-66.686
4489.75,-66.445
4490.23,-65.436
4490.72,-66.853
4491.21,-67.442
4491.70,-66.886
4492.19,-66.680
4492.68,-65.917
4493.16,-64.597
4493.65,-66.422
4494.14,-65.747
4494.63,-64.882
4495.12,-64.691
4495.61,-66.244
4496.09,-65.653
4496.58,-65.807
4497.07,-65.884
4497.56,-65.543
4498.05,-65.030
4498.54,-65.777
4499.02,-64.434
4499.51,-66.886
4500.00,-65.722
4500.49,-66.168
4500.98,-63.737
4501.46,-63.932
4501.95,-65.942
4502.44,-66.337
4502.93,-65.331
4503.42,-65.394
4503.91,-65.824
4504.39,-64.608
4504.88,-64.015
4505.37,-65.046
4505.86,-65.689
4506.35,-67.039
4506.84,-66.152
4507.32,-65.711
4507.81,-65.981
4508.30,-67.062
4508.79,-66.305
4509.28,-66.852
4509.77,-64.429
4510.25,-64.691
4510.74,-63.909
4511.23,-64.329
4511.72,-64.642
4512.21,-64.310
4512.70,-64.791
4513.18,-64.874
4513.67,-65.776
4514.16,-64.729
4514.65,-65.227
4515.14,-65.229
4515.62,-65.454
4516.11,-65.515
4516.60,-63.890
4517.09,-63.962
4517.58,-65.901
4518.07,-66.007
4518.55,-65.096
4519.04,-64.671
4519.53,-62.645
4520.02,-64.965
4520.51,-64.456
4521.00,-64.950
4521.48,-64.303
4521.97,-65.198
4522.46,-64.717
4522.95,-65.667
4523.44,-64.520
4523.93,-63.124
4524.41,-64.876
4524.90,-65.404
4525.39,-63.955
4525.88,-65.773
4526.37,-64.207
4526.86,-64.110
4527.34,-64.414
4527.83,-64.973
4528.32,-63.752
4528.81,-62.994
4529.30,-64.128
4529.79,-63.592
4530.27,-64.056
4530.76,-64.253
4531.25,-65.355
4531.74,-65.958
4532.23,-64.260
4532.71,-63.915
4533.20,-64.414
4533.69,-64.705
4534.18,-64.305
4534.67,-65.318
4535.16,-65.540
4535.64,-65.631
4536.13,-66.030
4536.62,-63.930
4537.11,-63.103
4537.60,-63.954
4538.09,-64.148
4538.57,-63.648
4539.06,-64.304
4539.55,-62.817
4540.04,-63.817
4540.53,-64.092
4541.02,-61.950
4541.50,-62.143
4541.99,-63.681
4542.48,-63.256
4542.97,-63.660
4543.46,-62.540
4543.95,-63.676
4544.43,-63.101
4544.92,-64.133
4545.41,-63.238
4545.90,-63.551
4546.39,-65.391
4546.88,-63.404
4547.36,-64.581
4547.85,-64.039
4548.34,-62.168
4548.83,-63.449
4549.32,-63.744
4549.80,-63.496
4550.29,-62.894
4550.78,-63.057
4551.27,-62.904
4551.76,-62.497
4552.25,-62.454
4552.73,-63.573
4553.22,-62.495
4553.71,-64.356
4554.20,-62.352
4554.69,-64.663
4555.18,-63.852
4555.66,-62.750
4556.15,-61.471
4556.64,-61.153
4557.13,-62.877
4557.62,-62.821
4558.11,-63.362
4558.59,-63.069
4559.08,-62.092
4559.57,-61.308
4560.06,-64.186
4560.55,-65.210
4561.04,-61.697
4561.52,-61.612
4562.01,-63.181
4562.50,-62.145
4562.99,-61.714
4563.48,-62.332
4563.96,-61.649
4564.45,-61.887
4564.94,-62.767
4565.43,-62.380
4565.92,-60.826
4566.41,-62.951
4566.89,-61.249
4567.38,-62.557
4567.87,-62.546
4568.36,-61.090
4568.85,-60.512
4569.34,-61.580
4569.82,-60.569
4570.31,-61.821
4570.80,-60.764
4571.29,-60.100
4571.78,-61.600
4572.27,-61.148
4572.75,-60.421
4573.24,-61.194
4573.73,-60.524
4574.22,-59.842
4574.71,-61.822
4575.20,-61.755
4575.68,-61.263
4576.17,-62.044
4576.66,-61.932
4577.15,-62.485
4577.64,-62.213
4578.12,-60.648
4578.61,-60.405
4579.10,-60.626
4579.59,-60.590
4580.08,-61.417
4580.57,-61.294
4581.05,-61.284
4581.54,-60.736
4582.03,-60.008
4582.52,-62.462
4583.01,-60.257
4583.50,-60.996
4583.98,-59.518
4584.47,-63.703
4584.96,-62.488
4585.45,-60.333
4585.94,-60.318
4586.43,-59.537
4586.91,-60.402
4587.40,-58.484
4587.89,-63.080
4588.38,-60.819
4588.87,-60.363
4589.36,-59.411
4589.84,-60.499
4590.33,-59.599
4590.82,-59.504
4591.31,-59.275
4591.80,-61.131
4592.29,-60.460
4592.77,-61.541
4593.26,-57.785
4593.75,-60.004
4594.24,-59.549
4594.73,-59.979
4595.21,-60.114
4595.70,-61.060
4596.19,-59.943
4596.68,-58.212
4597.17,-58.720
4597.66,-59.085
4598.14,-58.141
4598.63,-57.685
4599.12,-59.019
4599.61,-58.102
4600.10,-58.668
4600.59,-58.896
4601.07,-58.845
4601.56,-60.491
4602.05,-60.230
4602.54,-59.703
4603.03,-60.499
4603.52,-58.068
4604.00,-58.207
4604.49,-58.601
4604.98,-58.686
4605.47,-60.781
4605.96,-59.580
4606.45,-58.210
4606.93,-58.979
4607.42,-58.131
4607.91,-57.605
4608.40,-58.224
4608.89,-57.955
4609.38,-57.064
4609.86,-57.842
4610.35,-59.644
4610.84,-57.722
4611.33,-58.704
4611.82,-59.004
4612.30,-57.450
4612.79,-58.242
4613.28,-58.709
4613.77,-59.461
4614.26,-57.425
4614.75,-58.154
4615.23,-57.535
4615.72,-57.303
4616.21,-58.350
4616.70,-58.582
4617.19,-58.051
4617.68,-57.931
4618.16,-58.093
4618.65,-57.238
4619.14,-56.655
4619.63,-55.499
4620.12,-55.814
4620.61,-57.323
4621.09,-55.946
4621.58,-54.837
4622.07,-56.882
4622.56,-55.969
4623.05,-55.446
4623.54,-58.220
4624.02,-55.925
4624.51,-57.361
4625.00,-56.658
4625.49,-54.827
4625.98,-55.003
4626.46,-55.519
4626.95,-57.970
4627.44,-56.894
4627.93,-56.936
4628.42,-56.378
4628.91,-56.835
4629.39,-56.814
4629.88,-55.592
4630.37,-56.902
4630.86,-57.416
4631.35,-57.214
4631.84,-56.718
4632.32,-55.932
4632.81,-57.226
4633.30,-56.509
4633.79,-55.770
4634.28,-57.517
4634.77,-55.088
4635.25,-57.279
4635.74,-54.471
4636.23,-53.531
4636.72,-56.542
4637.21,-54.813
4637.70,-55.224
4638.18,-55.065
4638.67,-54.676
4639.16,-55.738
4639.65,-56.484
4640.14,-56.053
4640.62,-55.821
4641.11,-56.705
4641.60,-55.941
4642.09,-53.669
4642.58,-54.556
4643.07,-53.526
4643.55,-56.622
4644.04,-55.178
4644.53,-55.726
4645.02,-54.065
4645.51,-54.423
4646.00,-53.508
4646.48,-54.877
4646.97,-55.020
4647.46,-54.320
4647.95,-57.073
4648.44,-54.623
4648.93,-54.823
4649.41,-54.520
4649.90,-56.348
4650.39,-54.722
4650.88,-54.917
4651.37,-55.498
4651.86,-56.046
4652.34,-54.978
4652.83,-54.884
4653.32,-55.298
4653.81,-53.779
4654.30,-54.391
4654.79,-54.347
4655.27,-54.311
4655.76,-53.287
4656.25,-53.446
4656.74,-56.070
4657.23,-53.635
4657.71,-52.348
4658.20,-54.378
4658.69,-53.646
4659.18,-53.057
4659.67,-52.802
4660.16,-53.714
4660.64,-53.540
4661.13,-53.671
4661.62,-54.622
4662.11,-54.381
4662.60,-53.403
4663.09,-53.871
4663.57,-54.892
4664.06,-55.980
4664.55,-55.444
4665.04,-56.183
4665.53,-53.854
4666.02,-53.090
4666.50,-53.943
4666.99,-53.711
4667.48,-55.522
4667.97,-55.857
4668.46,-53.969
4668.95,-54.401
4669.43,-53.412
4669.92,-54.114
4670.41,-54.317
4670.90,-54.012
4671.39,-53.711
4671.88,-54.508
4672.36,-53.676
4672.85,-54.005
4673.34,-52.940
4673.83,-54.244
4674.32,-55.478
4674.80,-55.816
4675.29,-54.402
4675.78,-54.602
4676.27,-54.859
4676.76,-54.230
4677.25,-53.940
4677.73,-54.008
4678.22,-54.413
4678.71,-55.650
4679.20,-55.285
4679.69,-53.802
4680.18,-54.210
4680.66,-55.039
4681.15,-54.777
4681.64,-55.506
4682.13,-54.535
4682.62,-54.542
4683.11,-52.808
4683.59,-56.168
4684.08,-54.515
4684.57,-53.343
4685.06,-53.797
4685.55,-55.072
4686.04,-57.391
4686.52,-57.820
4687.01,-53.957
4687.50,-55.851
4687.99,-56.843
4688.48,-55.647
4688.96,-54.282
4689.45,-55.645
4689.94,-55.047
4690.43,-55.393
4690.92,-56.053
4691.41,-55.036
4691.89,-55.424
4692.38,-56.127
4692.87,-56.192
4693.36,-55.927
4693.85,-55.506
4694.34,-55.205
4694.82,-56.012
4695.31,-54.829
4695.80,-55.186
4696.29,-56.436
4696.78,-56.030
4697.27,-56.829
4697.75,-53.963
4698.24,-55.709
4698.73,-56.016
4699.22,-54.491
4699.71,-53.951
4700.20,-55.628
4700.68,-57.604
4701.17,-55.682
4701.66,-56.464
4702.15,-55.850
4702.64,-55.179
4703.12,-55.133
4703.61,-54.633
4704.10,-56.161
4704.59,-56.291
4705.08,-56.651
4705.57,-56.171
4706.05,-56.607
4706.54,-57.671
4707.03,-55.996
4707.52,-55.557
4708.01,-54.618
4708.50,-55.327
4708.98,-56.655
4709.47,-57.837
4709.96,-56.260
4710.45,-55.509
4710.94,-56.327
4711.43,-55.944
4711.91,-58.867
4712.40,-57.900
4712.89,-54.904
4713.38,-55.730
4713.87,-57.264
4714.36,-57.291
4714.84,-55.973
4715.33,-56.673
4715.82,-55.792
4716.31,-55.689
4716.80,-57.127
4717.29,-55.666
4717.77,-56.467
4718.26,-57.156
4718.75,-57.326
4719.24,-59.415
4719.73,-58.135
4720.21,-58.961
4720.70,-58.224
4721.19,-56.658
4721.68,-57.277
4722.17,-56.757
4722.66,-58.827
4723.14,-56.892
4723.63,-57.414
4724.12,-57.117
4724.61,-56.461
4725.10,-56.944
4725.59,-57.330
4726.07,-56.560
4726.56,-58.135
4727.05,-56.531
4727.54,-57.966
4728.03,-57.631
4728.52,-57.796
4729.00,-57.670
4729.49,-56.764
4729.98,-57.766
4730.47,-58.605
4730.96,-58.830
4731.45,-58.173
4731.93,-57.965
4732.42,-58.172
4732.91,-57.155
4733.40,-58.712
4733.89,-57.270
4734.38,-57.861
4734.86,-57.805
4735.35,-57.666
4735.84,-57.085
4736.33,-59.360
4736.82,-58.796
4737.30,-57.978
4737.79,-60.035
4738.28,-58.480
4738.77,-58.631
4739.26,-56.529
4739.75,-58.901
4740.23,-57.650
4740.72,-58.175
4741.21,-59.280
4741.70,-60.692
4742.19,-58.814
4742.68,-59.710
4743.16,-58.337
4743.65,-57.938
4744.14,-59.233
4744.63,-61.551
4745.12,-57.108
4745.61,-58.238
4746.09,-58.107
4746.58,-58.307
4747.07,-58.812
4747.56,-59.514
4748.05,-58.965
4748.54,-58.391
4749.02,-58.926
4749.51,-58.714
4750.00,-59.947
4750.49,-57.458
4750.98,-57.996
4751.46,-59.878
4751.95,-60.440
4752.44,-58.614
4752.93,-59.119
4753.42,-57.702
4753.91,-58.230
4754.39,-59.858
4754.88,-58.492
4755.37,-59.611
4755.86,-59.189
4756.35,-59.602
4756.84,-60.716
4757.32,-60.614
4757.81,-59.706
4758.30,-61.132
4758.79,-59.580
4759.28,-58.107
4759.77,-58.515
4760.25,-59.113
4760.74,-59.903
4761.23,-58.545
4761.72,-60.999
4762.21,-60.032
4762.70,-61.642
4763.18,-61.485
4763.67,-59.852
4764.16,-60.478
4764.65,-59.603
4765.14,-61.598
4765.62,-60.263
4766.11,-58.681
4766.60,-58.769
4767.09,-58.249
4767.58,-58.507
4768.07,-57.987
4768.55,-58.846
4769.04,-60.612
4769.53,-60.645
4770.02,-59.896
4770.51,-61.335
4771.00,-61.491
4771.48,-60.976
4771.97,-60.894
4772.46,-60.947
4772.95,-60.255
4773.44,-61.743
4773.93,-60.224
4774.41,-60.856
4774.90,-59.287
4775.39,-58.976
4775.88,-60.324
4776.37,-58.923
4776.86,-59.902
4777.34,-60.769
4777.83,-59.707
4778.32,-58.701
4778.81,-60.524
4779.30,-61.326
4779.79,-59.559
4780.27,-60.894
4780.76,-59.046
4781.25,-60.533
4781.74,-60.244
4782.23,-61.498
4782.71,-60.430
4783.20,-58.876
4783.69,-60.673
4784.18,-60.452
4784.67,-61.007
4785.16,-59.636
4785.64,-60.634
4786.13,-61.657
4786.62,-62.105
4787.11,-60.358
4787.60,-61.106
4788.09,-60.960
4788.57,-59.237
4789.06,-60.162
4789.55,-61.576
4790.04,-61.447
4790.53,-60.226
4791.02,-59.682
4791.50,-60.286
4791.99,-61.302
4792.48,-61.573
4792.97,-61.272
4793.46,-61.304
4793.95,-63.511
4794.43,-61.972
4794.92,-62.609
4795.41,-60.307
4795.90,-61.541
4796.39,-60.398
4796.88,-60.030
4797.36,-60.855
4797.85,-59.422
4798.34,-61.849
4798.83,-61.852
4799.32,-60.755
4799.80,-60.611
4800.29,-61.488
4800.78,-60.599
4801.27,-59.422
4801.76,-61.693
4802.25,-61.942
4802.73,-61.788
4803.22,-59.843
4803.71,-60.051
4804.20,-60.103
4804.69,-59.692
4805.18,-60.513
4805.66,-60.060
4806.15,-60.246
4806.64,-60.670
4807.13,-60.218
4807.62,-60.858
4808.11,-61.865
4808.59,-61.142
4809.08,-61.151
4809.57,-60.345
4810.06,-61.028
4810.55,-60.745
4811.04,-61.985
4811.52,-62.242
4812.01,-61.380
4812.50,-60.948
4812.99,-60.016
4813.48,-62.502
4813.96,-61.856
4814.45,-61.474
4814.94,-61.209
4815.43,-62.779
4815.92,-60.828
4816.41,-62.654
4816.89,-62.347
4817.38,-61.509
4817.87,-61.135
4818.36,-60.085
4818.85,-62.303
4819.34,-61.105
4819.82,-60.663
4820.31,-61.629
4820.80,-62.385
4821.29,-62.896
4821.78,-62.289
4822.27,-62.839
4822.75,-63.461
4823.24,-61.890
4823.73,-61.811
4824.22,-61.325
4824.71,-60.782
4825.20,-60.723
4825.68,-62.151
4826.17,-61.172
4826.66,-62.773
4827.15,-62.999
4827.64,-62.740
4828.12,-62.318
4828.61,-61.967
4829.10,-61.886
4829.59,-61.139
4830.08,-60.693
4830.57,-60.474
4831.05,-61.268
4831.54,-61.212
4832.03,-61.769
4832.52,-60.378
4833.01,-61.970
4833.50,-62.336
4833.98,-61.221
4834.47,-60.470
4834.96,-60.754
4835.45,-61.772
4835.94,-60.855
4836.43,-61.203
4836.91,-61.279
4837.40,-61.913
4837.89,-62.192
4838.38,-61.562
4838.87,-61.843
4839.36,-62.459
4839.84,-60.747
4840.33,-61.205
4840.82,-61.454
4841.31,-63.283
4841.80,-62.794
4842.29,-63.066
4842.77,-61.688
4843.26,-63.499
4843.75,-60.592
4844.24,-62.501
4844.73,-61.705
4845.21,-61.899
4845.70,-64.564
4846.19,-61.589
4846.68,-61.792
4847.17,-61.795
4847.66,-61.610
4848.14,-62.408
4848.63,-62.632
4849.12,-61.668
4849.61,-62.242
4850.10,-60.348
4850.59,-62.008
4851.07,-61.976
4851.56,-61.497
4852.05,-62.790
4852.54,-61.604
4853.03,-62.512
4853.52,-64.040
4854.00,-61.401
4854.49,-63.581
4854.98,-60.215
4855.47,-61.267
4855.96,-62.466
4856.45,-63.350
4856.93,-61.919
4857.42,-61.550
4857.91,-61.828
4858.40,-61.943
4858.89,-63.454
4859.38,-61.580
4859.86,-62.262
4860.35,-62.148
4860.84,-60.942
4861.33,-61.410
4861.82,-61.759
4862.30,-62.999
4862.79,-61.998
4863.28,-61.924
4863.77,-61.511
4864.26,-64.027
4864.75,-63.303
4865.23,-62.876
4865.72,-62.948
4866.21,-61.527
4866.70,-62.898
4867.19,-62.674
4867.68,-63.879
4868.16,-62.798
4868.65,-60.149
4869.14,-64.135
4869.63,-63.070
4870.12,-61.933
4870.61,-61.577
4871.09,-62.802
4871.58,-62.060
4872.07,-62.004
4872.56,-61.977
4873.05,-62.693
4873.54,-62.604
4874.02,-62.152
4874.51,-62.200
4875.00,-60.968
4875.49,-61.047
4875.98,-62.701
4876.46,-61.388
4876.95,-61.914
4877.44,-61.138
4877.93,-62.899
4878.42,-63.402
4878.91,-62.709
4879.39,-62.543
4879.88,-62.847
4880.37,-64.088
4880.86,-64.140
4881.35,-62.120
4881.84,-60.893
4882.32,-61.047
4882.81,-63.660
4883.30,-62.339
4883.79,-61.212
4884.28,-61.856
4884.77,-61.891
4885.25,-60.925
4885.74,-62.967
4886.23,-63.352
4886.72,-61.649
4887.21,-62.373
4887.70,-61.417
4888.18,-61.104
4888.67,-60.380
4889.16,-62.302
4889.65,-61.901
4890.14,-61.892
4890.62,-61.372
4891.11,-62.795
4891.60,-62.194
4892.09,-62.691
4892.58,-61.834
4893.07,-63.491
4893.55,-62.298
4894.04,-62.530
4894.53,-62.648
4895.02,-63.621
4895.51,-61.253
4896.00,-59.568
4896.48,-62.367
4896.97,-61.824
4897.46,-61.169
4897.95,-61.324
4898.44,-61.182
4898.93,-63.106
4899.41,-62.562
4899.90,-61.901
4900.39,-61.703
4900.88,-60.470
4901.37,-60.908
4901.86,-60.240
4902.34,-61.038
4902.83,-61.407
4903.32,-61.595
4903.81,-60.789
4904.30,-61.328
4904.79,-61.793
4905.27,-61.886
4905.76,-61.060
4906.25,-61.706
4906.74,-61.945
4907.23,-60.415
4907.71,-63.459
4908.20,-60.956
4908.69,-60.769
4909.18,-62.471
4909.67,-62.859
4910.16,-60.930
4910.64,-62.941
4911.13,-61.874
4911.62,-60.288
4912.11,-60.502
4912.60,-61.767
4913.09,-61.769
4913.57,-62.915
4914.06,-62.566
4914.55,-62.884
4915.04,-62.358
4915.53,-62.053
4916.02,-61.700
4916.50,-62.159
4916.99,-61.450
4917.48,-61.886
4917.97,-61.846
4918.46,-59.829
4918.95,-61.403
4919.43,-62.880
4919.92,-62.815
4920.41,-60.167
4920.90,-62.075
4921.39,-61.249
4921.88,-60.609
4922.36,-62.957
4922.85,-62.162
4923.34,-61.115
4923.83,-61.955
4924.32,-62.177
4924.80,-62.424
4925.29,-62.881
4925.78,-61.707
4926.27,-61.837
4926.76,-62.598
4927.25,-62.028
4927.73,-63.061
4928.22,-60.831
4928.71,-60.807
4929.20,-62.832
4929.69,-61.161
4930.18,-62.757
4930.66,-60.703
4931.15,-61.867
4931.64,-63.083
4932.13,-61.528
4932.62,-61.212
4933.11,-61.213
4933.59,-62.701
4934.08,-63.139
4934.57,-62.396
4935.06,-61.123
4935.55,-61.107
4936.04,-60.075
4936.52,-61.801
4937.01,-61.599
4937.50,-62.710
4937.99,-61.289
4938.48,-61.782
4938.96,-60.681
4939.45,-60.986
4939.94,-62.221
4940.43,-60.494
4940.92,-61.880
4941.41,-62.072
4941.89,-61.304
4942.38,-62.084
4942.87,-62.012
4943.36,-61.943
4943.85,-63.344
4944.34,-60.722
4944.82,-61.924
4945.31,-60.292
4945.80,-61.043
4946.29,-59.890
4946.78,-60.057
4947.27,-60.540
4947.75,-60.642
4948.24,-61.961
4948.73,-63.359
4949.22,-62.537
4949.71,-62.021
4950.20,-62.252
4950.68,-63.108
4951.17,-62.290
4951.66,-62.229
4952.15,-60.885
4952.64,-60.701
4953.12,-59.642
4953.61,-62.111
4954.10,-61.575
4954.59,-60.937
4955.08,-60.647
4955.57,-60.897
4956.05,-61.436
4956.54,-60.931
4957.03,-60.540
4957.52,-59.128
4958.01,-60.977
4958.50,-63.413
4958.98,-60.063
4959.47,-62.015
4959.96,-61.644
4960.45,-61.395
4960.94,-62.702
4961.43,-60.487
4961.91,-61.737
4962.40,-61.186
4962.89,-60.182
4963.38,-60.820
4963.87,-60.371
4964.36,-62.665
4964.84,-60.394
4965.33,-62.086
4965.82,-60.175
4966.31,-58.104
4966.80,-60.475
4967.29,-60.896
4967.77,-60.490
4968.26,-60.042
4968.75,-62.142
4969.24,-62.796
4969.73,-62.019
4970.21,-60.983
4970.70,-59.921
4971.19,-59.598
4971.68,-61.415
4972.17,-61.718
4972.66,-59.325
4973.14,-59.713
4973.63,-59.535
4974.12,-60.183
4974.61,-59.759
4975.10,-60.169
4975.59,-61.999
4976.07,-61.736
4976.56,-62.304
4977.05,-60.825
4977.54,-61.496
4978.03,-60.778
4978.52,-62.278
4979.00,-60.908
4979.49,-60.408
4979.98,-60.375
4980.47,-59.752
4980.96,-61.889
4981.45,-61.457
4981.93,-60.924
4982.42,-61.726
4982.91,-61.089
4983.40,-60.702
4983.89,-61.547
4984.38,-60.900
4984.86,-63.048
4985.35,-60.586
4985.84,-60.361
4986.33,-60.825
4986.82,-60.882
4987.30,-61.197
4987.79,-59.543
4988.28,-61.027
4988.77,-58.311
4989.26,-61.335
4989.75,-60.452
4990.23,-61.097
4990.72,-60.988
4991.21,-60.595
4991.70,-59.651
4992.19,-61.851
4992.68,-61.454
4993.16,-59.454
4993.65,-62.768
4994.14,-61.676
4994.63,-62.299
4995.12,-60.099
4995.61,-61.790
4996.09,-62.183
4996.58,-60.172
4997.07,-60.287
4997.56,-60.530
4998.05,-60.301
4998.54,-59.705
4999.02,-61.861
4999.51,-61.509
5000.00,-59.923
5000.49,-62.099
5000.98,-60.629
5001.46,-59.606
5001.95,-59.236
5002.44,-59.063
5002.93,-60.807
5003.42,-60.628
5003.91,-60.492
5004.39,-61.234
5004.88,-58.987
5005.37,-59.944
5005.86,-58.881
5006.35,-58.783
5006.84,-59.221
5007.32,-61.290
5007.81,-60.209
5008.30,-60.340
5008.79,-59.835
5009.28,-60.059
5009.77,-60.488
5010.25,-60.079
5010.74,-60.502
5011.23,-60.127
5011.72,-59.307
5012.21,-60.293
5012.70,-60.031
5013.18,-59.409
5013.67,-60.480
5014.16,-60.370
5014.65,-60.848
5015.14,-60.406
5015.62,-59.661
5016.11,-60.113
5016.60,-62.467
5017.09,-60.426
5017.58,-60.153
5018.07,-62.256
5018.55,-60.477
5019.04,-61.020
5019.53,-61.029
5020.02,-60.436
5020.51,-61.194
5021.00,-59.947
5021.48,-61.850
5021.97,-59.882
5022.46,-59.428
5022.95,-58.313
5023.44,-59.732
5023.93,-60.500
5024.41,-59.869
5024.90,-58.811
5025.39,-60.650
5025.88,-59.767
5026.37,-61.325
5026.86,-61.456
5027.34,-60.417
5027.83,-60.986
5028.32,-60.846
5028.81,-59.400
5029.30,-60.477
5029.79,-59.864
5030.27,-58.713
5030.76,-58.990
5031.25,-58.897
5031.74,-60.227
5032.23,-60.120
5032.71,-61.162
5033.20,-61.553
5033.69,-59.215
5034.18,-59.643
5034.67,-59.525
5035.16,-59.701
5035.64,-58.552
5036.13,-61.408
5036.62,-62.023
5037.11,-60.835
5037.60,-59.599
5038.09,-60.562
5038.57,-59.752
5039.06,-59.748
5039.55,-59.059
5040.04,-58.512
5040.53,-60.798
5041.02,-60.088
5041.50,-60.014
5041.99,-59.552
5042.48,-60.917
5042.97,-57.398
5043.46,-59.969
5043.95,-59.934
5044.43,-59.632
5044.92,-60.353
5045.41,-61.259
5045.90,-60.646
5046.39,-58.729
5046.88,-60.170
5047.36,-60.262
5047.85,-58.610
5048.34,-60.218
5048.83,-61.058
5049.32,-58.865
5049.80,-61.131
5050.29,-58.687
5050.78,-60.501
5051.27,-61.060
5051.76,-60.219
5052.25,-58.765
5052.73,-61.287
5053.22,-61.336
5053.71,-58.344
5054.20,-62.007
5054.69,-60.616
5055.18,-59.105
5055.66,-60.047
5056.15,-60.319
5056.64,-61.932
5057.13,-60.402
5057.62,-59.905
5058.11,-60.316
5058.59,-60.313
5059.08,-59.649
5059.57,-59.477
5060.06,-59.788
5060.55,-61.274
5061.04,-59.823
5061.52,-60.630
5062.01,-60.004
5062.50,-61.404
5062.99,-60.802
5063.48,-59.932
5063.96,-60.613
5064.45,-60.772
5064.94,-57.955
5065.43,-60.797
5065.92,-61.090
5066.41,-61.023
5066.89,-59.852
5067.38,-60.351
5067.87,-60.731
5068.36,-59.652
5068.85,-61.452
5069.34,-60.914
5069.82,-58.256
5070.31,-59.221
5070.80,-60.170
5071.29,-60.340
5071.78,-58.881
5072.27,-59.048
5072.75,-59.172
5073.24,-60.012
5073.73,-60.751
5074.22,-60.791
5074.71,-62.303
5075.20,-61.101
5075.68,-61.056
5076.17,-60.974
5076.66,-60.614
5077.15,-61.916
5077.64,-60.695
5078.12,-57.267
5078.61,-59.083
5079.10,-59.567
5079.59,-59.366
5080.08,-60.945
5080.57,-59.549
5081.05,-60.328
5081.54,-59.517
5082.03,-59.705
5082.52,-62.119
5083.01,-61.453
5083.50,-61.511
5083.98,-60.337
5084.47,-59.409
5084.96,-58.136
5085.45,-58.981
5085.94,-60.696
5086.43,-59.450
5086.91,-59.289
5087.40,-60.748
5087.89,-59.222
5088.38,-60.194
5088.87,-59.613
5089.36,-61.322
5089.84,-60.635
5090.33,-60.038
5090.82,-60.340
5091.31,-60.365
5091.80,-60.158
5092.29,-59.430
5092.77,-59.928
5093.26,-59.152
5093.75,-59.489
5094.24,-58.504
5094.73,-58.794
5095.21,-60.399
5095.70,-60.804
5096.19,-61.339
5096.68,-59.317
5097.17,-58.513
5097.66,-58.786
5098.14,-58.110
5098.63,-59.133
5099.12,-58.888
5099.61,-59.999
5100.10,-59.743
5100.59,-60.266
5101.07,-60.242
5101.56,-58.869
5102.05,-61.213
5102.54,-58.745
5103.03,-60.551
5103.52,-59.626
5104.00,-59.128
5104.49,-60.600
5104.98,-60.576
5105.47,-59.789
5105.96,-59.010
5106.45,-59.848
5106.93,-60.194
5107.42,-59.927
5107.91,-59.810
5108.40,-60.644
5108.89,-62.148
5109.38,-60.150
5109.86,-59.561
5110.35,-62.859
5110.84,-59.699
5111.33,-60.867
5111.82,-60.368
5112.30,-59.224
5112.79,-61.020
5113.28,-59.534
5113.77,-59.129
5114.26,-60.199
5114.75,-59.337
5115.23,-60.248
5115.72,-60.339
5116.21,-60.276
5116.70,-60.215
5117.19,-61.983
5117.68,-60.950
5118.16,-60.398
5118.65,-60.144
5119.14,-60.167
5119.63,-61.705
5120.12,-61.252
5120.61,-60.709
5121.09,-60.697
5121.58,-61.044
5122.07,-60.374
5122.56,-59.405
5123.05,-62.410
5123.54,-61.064
5124.02,-60.803
5124.51,-59.259
5125.00,-60.292
5125.49,-60.103
5125.98,-61.149
5126.46,-60.353
5126.95,-60.641
5127.44,-59.316
5127.93,-62.059
5128.42,-61.315
5128.91,-61.796
5129.39,-60.576
5129.88,-60.159
5130.37,-60.629
5130.86,-60.762
5131.35,-59.773
5131.84,-61.020
5132.32,-62.715
5132.81,-61.621
5133.30,-59.299
5133.79,-60.759
5134.28,-61.874
5134.77,-61.758
5135.25,-60.452
5135.74,-59.894
5136.23,-61.489
5136.72,-60.502
5137.21,-60.029
5137.70,-60.340
5138.18,-61.437
5138.67,-60.173
5139.16,-61.986
5139.65,-61.355
5140.14,-60.615
5140.62,-61.443
5141.11,-59.353
5141.60,-60.366
5142.09,-59.338
5142.58,-59.361
5143.07,-60.942
5143.55,-61.418
5144.04,-60.286
5144.53,-61.674
5145.02,-61.798
5145.51,-58.718
5146.00,-60.413
5146.48,-59.717
5146.97,-61.065
5147.46,-59.815
5147.95,-60.726
5148.44,-60.738
5148.93,-60.229
5149.41,-59.454
5149.90,-60.467
5150.39,-61.742
5150.88,-61.554
5151.37,-62.142
5151.86,-61.007
5152.34,-60.720
5152.83,-61.316
5153.32,-61.315
5153.81,-58.171
5154.30,-60.758
5154.79,-60.996
5155.27,-61.200
5155.76,-61.558
5156.25,-60.835
5156.74,-60.481
5157.23,-60.382
5157.71,-60.483
5158.20,-61.044
5158.69,-60.629
5159.18,-61.919
5159.67,-60.690
5160.16,-59.314
5160.64,-60.277
5161.13,-60.954
5161.62,-60.959
5162.11,-59.624
5162.60,-61.785
5163.09,-59.450
5163.57,-59.931
5164.06,-61.023
5164.55,-61.747
5165.04,-61.397
5165.53,-62.947
5166.02,-61.346
5166.50,-59.679
5166.99,-60.065
5167.48,-58.706
5167.97,-60.152
5168.46,-60.949
5168.95,-61.119
5169.43,-60.981
5169.92,-61.540
5170.41,-63.401
5170.90,-60.767
5171.39,-62.085
5171.88,-62.204
5172.36,-60.165
5172.85,-60.167
5173.34,-59.035
5173.83,-59.089
5174.32,-61.269
5174.80,-60.049
5175.29,-60.917
5175.78,-60.179
5176.27,-60.672
5176.76,-60.127
5177.25,-61.715
5177.73,-62.689
5178.22,-61.537
5178.71,-60.300
5179.20,-61.644
5179.69,-60.221
5180.18,-60.248
5180.66,-59.313
5181.15,-59.698
5181.64,-59.081
5182.13,-60.717
5182.62,-61.181
5183.11,-61.952
5183.59,-61.083
5184.08,-60.976
5184.57,-59.404
5185.06,-60.459
5185.55,-62.591
5186.04,-59.835
5186.52,-61.681
5187.01,-62.406
5187.50,-62.874
5187.99,-61.035
5188.48,-60.727
5188.96,-61.996
5189.45,-61.476
5189.94,-62.978
5190.43,-60.991
5190.92,-60.612
5191.41,-60.596
5191.89,-59.553
5192.38,-59.769
5192.87,-60.791
5193.36,-59.902
5193.85,-61.114
5194.34,-60.074
5194.82,-61.359
5195.31,-58.553
5195.80,-61.609
5196.29,-60.756
5196.78,-59.986
5197.27,-60.109
5197.75,-61.921
5198.24,-61.846
5198.73,-62.248
5199.22,-61.136
5199.71,-59.763
5200.20,-60.870
5200.68,-59.456
5201.17,-60.636
5201.66,-60.661
5202.15,-60.052
5202.64,-59.517
5203.12,-62.301
5203.61,-61.038
5204.10,-60.430
5204.59,-60.617
5205.08,-60.631
5205.57,-60.450
5206.05,-60.902
5206.54,-60.020
5207.03,-61.358
5207.52,-61.619
5208.01,-60.851
5208.50,-61.718
5208.98,-60.163
5209.47,-59.672
5209.96,-60.793
5210.45,-61.592
5210.94,-61.752
5211.43,-60.406
5211.91,-60.748
5212.40,-59.809
5212.89,-59.981
5213.38,-60.830
5213.87,-60.208
5214.36,-61.795
5214.84,-60.786
5215.33,-61.837
5215.82,-59.191
5216.31,-60.477
5216.80,-59.769
5217.29,-60.131
5217.77,-60.649
5218.26,-62.242
5218.75,-60.241
5219.24,-60.681
5219.73,-58.785
5220.21,-60.512
5220.70,-60.979
5221.19,-59.966
5221.68,-59.615
5222.17,-60.438
5222.66,-59.241
5223.14,-60.658
5223.63,-61.457
5224.12,-59.341
5224.61,-59.641
5225.10,-59.843
5225.59,-60.994
5226.07,-60.477
5226.56,-58.736
5227.05,-60.123
5227.54,-58.772
5228.03,-59.345
5228.52,-60.970
5229.00,-59.568
5229.49,-59.322
5229.98,-62.127
5230.47,-60.347
5230.96,-59.385
5231.45,-60.411
5231.93,-60.445
5232.42,-60.848
5232.91,-59.700
5233.40,-59.917
5233.89,-59.935
5234.38,-59.034
5234.86,-62.296
5235.35,-60.255
5235.84,-59.119
5236.33,-58.937
5236.82,-61.555
5237.30,-60.906
5237.79,-58.917
5238.28,-58.671
5238.77,-59.074
5239.26,-59.244
5239.75,-61.697
5240.23,-62.416
5240.72,-61.148
5241.21,-61.123
5241.70,-61.166
5242.19,-60.147
5242.68,-60.609
5243.16,-59.192
5243.65,-58.830
5244.14,-59.548
5244.63,-59.644
5245.12,-60.445
5245.61,-60.951
5246.09,-60.186
5246.58,-60.949
5247.07,-59.460
5247.56,-60.357
5248.05,-59.483
5248.54,-59.270
5249.02,-58.889
5249.51,-61.033
5250.00,-59.663
5250.49,-59.673
5250.98,-61.555
5251.46,-60.432
5251.95,-61.001
5252.44,-60.382
5252.93,-59.666
5253.42,-60.394
5253.91,-60.355
5254.39,-59.566
5254.88,-59.358
5255.37,-59.028
5255.86,-59.071
5256.35,-60.509
5256.84,-59.442
5257.32,-58.922
5257.81,-60.327
5258.30,-60.771
5258.79,-59.365
5259.28,-60.843
5259.77,-59.743
5260.25,-59.158
5260.74,-59.411
5261.23,-59.287
5261.72,-58.763
5262.21,-60.221
5262.70,-60.034
5263.18,-58.470
5263.67,-58.610
5264.16,-58.518
5264.65,-58.468
5265.14,-61.201
5265.62,-60.312
5266.11,-59.360
5266.60,-59.692
5267.09,-60.369
5267.58,-60.169
5268.07,-58.949
5268.55,-59.857
5269.04,-60.013
5269.53,-58.998
5270.02,-59.494
5270.51,-59.048
5271.00,-58.395
5271.48,-59.613
5271.97,-60.589
5272.46,-61.007
5272.95,-59.157
5273.44,-59.004
5273.93,-58.857
5274.41,-57.964
5274.90,-60.815
5275.39,-59.343
5275.88,-59.944
5276.37,-59.921
5276.86,-58.923
5277.34,-58.930
5277.83,-58.220
5278.32,-59.183
5278.81,-58.551
5279.30,-58.540
5279.79,-58.205
5280.27,-58.904
5280.76,-60.047
5281.25,-58.372
5281.74,-58.263
5282.23,-59.312
5282.71,-59.236
5283.20,-58.617
5283.69,-58.767
5284.18,-58.868
5284.67,-58.868
5285.16,-59.355
5285.64,-58.406
5286.13,-59.442
5286.62,-57.920
5287.11,-58.796
5287.60,-58.235
5288.09,-59.564
5288.57,-61.153
5289.06,-59.149
5289.55,-59.510
5290.04,-57.927
5290.53,-56.871
5291.02,-57.546
5291.50,-57.171
5291.99,-57.877
5292.48,-59.554
5292.97,-58.177
5293.46,-57.484
5293.95,-56.751
5294.43,-58.759
5294.92,-58.691
5295.41,-57.992
5295.90,-60.008
5296.39,-58.556
5296.88,-58.359
5297.36,-58.396
5297.85,-57.953
5298.34,-56.663
5298.83,-57.598
5299.32,-58.896
5299.80,-58.377
5300.29,-59.064
5300.78,-58.947
5301.27,-56.992
5301.76,-56.132
5302.25,-58.772
5302.73,-58.670
5303.22,-58.306
5303.71,-57.750
5304.20,-58.316
5304.69,-57.246
5305.18,-57.484
5305.66,-58.517
5306.15,-56.746
5306.64,-58.622
5307.13,-58.177
5307.62,-57.264
5308.11,-58.039
5308.59,-55.999
5309.08,-57.403
5309.57,-57.199
5310.06,-56.462
5310.55,-56.045
5311.04,-57.714
5311.52,-57.332
5312.01,-56.910
5312.50,-57.511
5312.99,-56.753
5313.48,-56.018
5313.96,-58.474
5314.45,-58.942
5314.94,-57.849
5315.43,-55.879
5315.92,-55.908
5316.41,-56.101
5316.89,-57.885
5317.38,-57.087
5317.87,-57.863
5318.36,-57.471
5318.85,-58.945
5319.34,-57.927
5319.82,-57.508
5320.31,-55.936
5320.80,-58.247
5321.29,-56.801
5321.78,-57.656
5322.27,-56.850
5322.75,-57.808
5323.24,-57.846
5323.73,-57.712
5324.22,-57.040
5324.71,-58.471
5325.20,-58.533
5325.68,-57.312
5326.17,-58.674
5326.66,-56.270
5327.15,-56.068
5327.64,-56.600
5328.12,-55.215
5328.61,-57.285
5329.10,-56.281
5329.59,-55.113
5330.08,-56.972
5330.57,-56.109
5331.05,-57.810
5331.54,-57.898
5332.03,-56.283
5332.52,-57.101
5333.01,-56.434
5333.50,-57.779
5333.98,-57.791
5334.47,-58.292
5334.96,-56.460
5335.45,-56.199
5335.94,-55.967
5336.43,-55.489
5336.91,-55.310
5337.40,-56.928
5337.89,-56.778
5338.38,-55.818
5338.87,-56.108
5339.36,-55.546
5339.84,-56.344
5340.33,-55.345
5340.82,-55.984
5341.31,-55.710
5341.80,-55.628
5342.29,-55.255
5342.77,-56.563
5343.26,-56.325
5343.75,-56.742
5344.24,-56.768
5344.73,-55.729
5345.21,-55.387
5345.70,-55.465
5346.19,-56.142
5346.68,-54.190
5347.17,-56.174
5347.66,-56.077
5348.14,-55.386
5348.63,-56.640
5349.12,-57.081
5349.61,-55.939
5350.10,-56.655
5350.59,-56.085
5351.07,-56.122
5351.56,-54.334
5352.05,-55.708
5352.54,-55.451
5353.03,-54.808
5353.52,-56.323
5354.00,-57.004
5354.49,-56.773
5354.98,-53.787
5355.47,-55.161
5355.96,-55.509
5356.45,-57.855
5356.93,-57.660
5357.42,-57.972
5357.91,-57.258
5358.40,-57.613
5358.89,-57.613
5359.38,-57.635
5359.86,-54.585
5360.35,-55.138
5360.84,-57.005
5361.33,-57.813
5361.82,-56.652
5362.30,-54.033
5362.79,-54.450
5363.28,-55.361
5363.77,-54.712
5364.26,-55.772
5364.75,-56.430
5365.23,-55.793
5365.72,-57.365
5366.21,-57.811
5366.70,-56.340
5367.19,-56.180
5367.68,-56.034
5368.16,-55.852
5368.65,-55.473
5369.14,-55.081
5369.63,-56.857
5370.12,-57.470
5370.61,-54.356
5371.09,-56.767
5371.58,-56.186
5372.07,-57.024
5372.56,-55.474
5373.05,-55.520
5373.54,-58.535
5374.02,-57.535
5374.51,-55.493
5375.00,-53.577
5375.49,-55.879
5375.98,-57.639
5376.46,-55.987
5376.95,-57.209
5377.44,-54.967
5377.93,-55.070
5378.42,-58.653
5378.91,-56.773
5379.39,-55.844
5379.88,-57.678
5380.37,-58.133
5380.86,-55.708
5381.35,-56.203
5381.84,-56.497
5382.32,-56.565
5382.81,-55.639
5383.30,-55.275
5383.79,-56.064
5384.28,-55.892
5384.77,-57.427
5385.25,-56.347
5385.74,-56.295
5386.23,-56.899
5386.72,-57.862
5387.21,-56.898
5387.70,-56.566
5388.18,-56.021
5388.67,-56.368
5389.16,-58.286
5389.65,-58.452
5390.14,-56.509
5390.62,-58.128
5391.11,-57.574
5391.60,-57.130
5392.09,-57.928
5392.58,-57.263
5393.07,-57.037
5393.55,-56.314
5394.04,-57.264
5394.53,-56.113
5395.02,-57.127
5395.51,-55.692
5396.00,-57.458
5396.48,-56.693
5396.97,-56.633
5397.46,-57.206
5397.95,-58.817
5398.44,-58.865
5398.93,-58.328
5399.41,-59.447
5399.90,-58.878
5400.39,-58.504
5400.88,-57.293
5401.37,-57.586
5401.86,-57.177
5402.34,-57.888
5402.83,-57.767
5403.32,-58.780
5403.81,-58.654
5404.30,-59.629
5404.79,-58.356
5405.27,-59.416
5405.76,-58.385
5406.25,-57.540
5406.74,-59.609
5407.23,-58.711
5407.71,-58.687
5408.20,-58.619
5408.69,-59.262
5409.18,-58.916
5409.67,-59.485
5410.16,-59.327
5410.64,-59.808
5411.13,-59.254
5411.62,-61.095
5412.11,-59.393
5412.60,-59.935
5413.09,-60.618
5413.57,-58.923
5414.06,-58.519
5414.55,-61.117
5415.04,-59.140
5415.53,-58.618
5416.02,-59.200
5416.50,-59.141
5416.99,-59.311
5417.48,-60.674
5417.97,-61.104
5418.46,-59.583
5418.95,-59.685
5419.43,-60.202
5419.92,-61.658
5420.41,-59.560
5420.90,-60.020
5421.39,-61.145
5421.88,-59.976
5422.36,-59.257
5422.85,-58.817
5423.34,-59.866
5423.83,-59.469
5424.32,-58.738
5424.80,-59.402
5425.29,-60.506
5425.78,-60.658
5426.27,-60.644
5426.76,-61.428
5427.25,-59.726
5427.73,-59.750
5428.22,-60.874
5428.71,-61.328
5429.20,-62.103
5429.69,-60.457
5430.18,-62.366
5430.66,-61.653
5431.15,-59.602
5431.64,-60.584
5432.13,-61.228
5432.62,-61.069
5433.11,-61.925
5433.59,-60.652
5434.08,-59.921
5434.57,-61.093
5435.06,-61.672
5435.55,-61.384
5436.04,-60.512
5436.52,-61.194
5437.01,-59.778
5437.50,-61.394
5437.99,-59.948
5438.48,-60.048
5438.96,-62.197
5439.45,-62.102
5439.94,-60.021
5440.43,-63.156
5440.92,-59.724
5441.41,-61.415
5441.89,-62.043
5442.38,-61.785
5442.87,-61.959
5443.36,-61.158
5443.85,-61.637
5444.34,-62.082
5444.82,-62.593
5445.31,-62.658
5445.80,-60.787
5446.29,-61.980
5446.78,-62.369
5447.27,-61.429
5447.75,-61.296
5448.24,-62.705
5448.73,-62.496
5449.22,-61.247
5449.71,-62.439
5450.20,-62.231
5450.68,-62.680
5451.17,-62.409
5451.66,-63.557
5452.15,-63.816
5452.64,-64.277
5453.12,-62.073
5453.61,-61.683
5454.10,-63.011
5454.59,-63.513
5455.08,-63.621
5455.57,-63.495
5456.05,-62.729
5456.54,-64.417
5457.03,-63.449
5457.52,-64.710
5458.01,-63.520
5458.50,-63.395
5458.98,-63.688
5459.47,-62.999
5459.96,-64.021
5460.45,-64.475
5460.94,-63.212
5461.43,-63.725
5461.91,-62.678
5462.40,-62.432
5462.89,-62.219
5463.38,-62.501
5463.87,-63.903
5464.36,-64.318
5464.84,-63.715
5465.33,-64.143
5465.82,-64.415
5466.31,-63.417
5466.80,-62.432
5467.29,-62.804
5467.77,-63.986
5468.26,-64.502
5468.75,-64.366
5469.24,-63.360
5469.73,-64.075
5470.21,-63.243
5470.70,-63.774
5471.19,-63.327
5471.68,-64.282
5472.17,-65.408
5472.66,-63.769
5473.14,-62.730
5473.63,-64.272
5474.12,-64.954
5474.61,-64.551
5475.10,-64.539
5475.59,-65.441
5476.07,-63.222
5476.56,-62.211
5477.05,-65.103
5477.54,-65.148
5478.03,-63.401
5478.52,-62.635
5479.00,-65.372
5479.49,-64.066
5479.98,-65.453
5480.47,-64.318
5480.96,-63.534
5481.45,-63.501
5481.93,-64.567
5482.42,-63.595
5482.91,-64.493
5483.40,-66.881
5483.89,-64.050
5484.38,-64.436
5484.86,-62.869
5485.35,-65.007
5485.84,-64.805
5486.33,-65.343
5486.82,-62.748
5487.30,-66.473
5487.79,-65.222
5488.28,-64.600
5488.77,-67.797
5489.26,-64.827
5489.75,-65.250
5490.23,-64.258
5490.72,-67.063
5491.21,-65.072
5491.70,-63.388
5492.19,-64.651
5492.68,-65.632
5493.16,-66.026
5493.65,-65.759
5494.14,-63.769
5494.63,-65.384
5495.12,-65.858
5495.61,-64.405
5496.09,-65.453
5496.58,-65.322
5497.07,-64.367
5497.56,-65.932
5498.05,-66.538
5498.54,-64.871
5499.02,-66.163
5499.51,-65.501
5500.00,-66.439
5500.49,-65.121
5500.98,-65.437
5501.46,-66.497
5501.95,-64.828
5502.44,-65.781
5502.93,-65.380
5503.42,-66.881
5503.91,-66.241
5504.39,-66.127
5504.88,-66.256
5505.37,-64.412
5505.86,-64.497
5506.35,-65.769
5506.84,-64.294
5507.32,-67.141
5507.81,-66.342
5508.30,-66.151
5508.79,-66.130
5509.28,-64.997
5509.77,-67.562
5510.25,-68.056
5510.74,-66.269
5511.23,-66.242
5511.72,-66.624
5512.21,-67.032
5512.70,-65.724
5513.18,-66.768
5513.67,-66.188
5514.16,-65.047
5514.65,-67.177
5515.14,-66.528
5515.62,-66.506
5516.11,-67.710
5516.60,-69.124
5517.09,-67.699
5517.58,-67.304
5518.07,-66.330
5518.55,-64.875
5519.04,-67.660
5519.53,-66.170
5520.02,-66.605
5520.51,-66.694
5521.00,-67.202
5521.48,-67.324
5521.97,-68.191
5522.46,-66.701
5522.95,-66.986
5523.44,-65.711
5523.93,-66.912
5524.41,-67.003
5524.90,-67.388
5525.39,-65.596
5525.88,-69.225
5526.37,-66.431
5526.86,-68.128
5527.34,-65.499
5527.83,-65.512
5528.32,-66.800
5528.81,-68.265
5529.30,-67.544
5529.79,-67.878
5530.27,-67.519
5530.76,-67.414
5531.25,-66.336
5531.74,-68.021
5532.23,-67.746
5532.71,-66.840
5533.20,-68.424
5533.69,-67.634
5534.18,-67.874
5534.67,-68.654
5535.16,-67.758
5535.64,-65.794
5536.13,-66.586
5536.62,-66.908
5537.11,-69.678
5537.60,-66.251
5538.09,-66.383
5538.57,-66.902
5539.06,-65.691
5539.55,-66.646
5540.04,-67.440
5540.53,-66.054
5541.02,-69.032
5541.50,-69.581
5541.99,-68.221
5542.48,-67.552
5542.97,-66.891
5543.46,-67.950
5543.95,-67.274
5544.43,-69.795
5544.92,-66.929
5545.41,-68.511
5545.90,-67.796
5546.39,-68.544
5546.88,-70.561
5547.36,-69.443
5547.85,-67.396
5548.34,-66.807
5548.83,-69.841
5549.32,-67.816
5549.80,-67.616
5550.29,-67.899
5550.78,-66.729
5551.27,-68.405
5551.76,-69.731
5552.25,-68.712
5552.73,-66.790
5553.22,-67.632
5553.71,-67.930
5554.20,-70.191
5554.69,-68.200
5555.18,-68.383
5555.66,-68.555
5556.15,-68.152
5556.64,-67.750
5557.13,-68.375
5557.62,-68.016
5558.11,-68.295
5558.59,-68.546
5559.08,-66.816
5559.57,-66.449
5560.06,-68.410
5560.55,-69.591
5561.04,-66.588
5561.52,-68.241
5562.01,-68.243
5562.50,-68.416
5562.99,-67.685
5563.48,-67.793
5563.96,-69.451
5564.45,-69.943
5564.94,-68.734
5565.43,-70.344
5565.92,-68.067
5566.41,-67.391
5566.89,-67.185
5567.38,-67.327
5567.87,-68.100
5568.36,-68.037
5568.85,-68.684
5569.34,-68.022
5569.82,-69.451
5570.31,-70.392
5570.80,-69.071
5571.29,-67.827
5571.78,-70.322
5572.27,-68.259
5572.75,-68.575
5573.24,-68.992
5573.73,-68.787
5574.22,-68.341
5574.71,-69.536
5575.20,-69.820
5575.68,-69.053
5576.17,-69.726
5576.66,-70.177
5577.15,-70.628
5577.64,-69.984
5578.12,-68.770
5578.61,-68.354
5579.10,-69.061
5579.59,-68.243
5580.08,-69.189
5580.57,-67.386
5581.05,-69.073
5581.54,-69.796
5582.03,-71.522
5582.52,-70.208
5583.01,-68.153
5583.50,-68.181
5583.98,-67.843
5584.47,-68.402
5584.96,-68.514
5585.45,-69.137
5585.94,-68.389
5586.43,-70.022
5586.91,-70.747
5587.40,-68.300
5587.89,-69.534
5588.38,-70.775
5588.87,-69.594
5589.36,-71.094
5589.84,-68.104
5590.33,-69.596
5590.82,-68.535
5591.31,-68.966
5591.80,-69.325
5592.29,-70.580
5592.77,-70.559
5593.26,-68.469
5593.75,-69.901
5594.24,-70.429
5594.73,-70.461
5595.21,-69.830
5595.70,-69.131
5596.19,-68.631
5596.68,-69.319
5597.17,-68.553
5597.66,-68.935
5598.14,-67.471
5598.63,-68.456
5599.12,-69.938
5599.61,-69.382
5600.10,-69.529
5600.59,-69.966
5601.07,-70.674
5601.56,-68.816
5602.05,-67.662
5602.54,-70.000
5603.03,-70.235
5603.52,-70.899
5604.00,-69.878
5604.49,-68.982
5604.98,-70.509
5605.47,-69.632
5605.96,-68.421
5606.45,-68.998
5606.93,-70.722
5607.42,-69.813
5607.91,-69.460
5608.40,-69.254
5608.89,-69.464
5609.38,-69.586
5609.86,-68.831
5610.35,-68.524
5610.84,-69.911
5611.33,-69.460
5611.82,-68.243
5612.30,-69.749
5612.79,-69.765
5613.28,-70.824
5613.77,-70.315
5614.26,-70.505
5614.75,-69.129
5615.23,-70.216
5615.72,-71.297
5616.21,-70.618
5616.70,-68.676
5617.19,-71.106
5617.68,-70.430
5618.16,-69.371
5618.65,-71.134
5619.14,-69.021
5619.63,-70.123
5620.12,-71.339
5620.61,-71.579
5621.09,-69.717
5621.58,-68.610
5622.07,-69.930
5622.56,-69.955
5623.05,-69.063
5623.54,-68.721
5624.02,-71.370
5624.51,-71.208
5625.00,-69.216
5625.49,-68.019
5625.98,-69.371
5626.46,-68.646
5626.95,-69.172
5627.44,-69.409
5627.93,-68.883
5628.42,-69.905
5628.91,-70.788
5629.39,-71.646
5629.88,-70.940
5630.37,-72.733
5630.86,-70.612
5631.35,-69.789
5631.84,-71.189
5632.32,-71.062
5632.81,-68.968
5633.30,-70.297
5633.79,-69.827
5634.28,-71.002
5634.77,-69.708
5635.25,-70.700
5635.74,-70.876
5636.23,-71.122
5636.72,-70.663
5637.21,-70.519
5637.70,-69.793
5638.18,-70.282
5638.67,-69.747
5639.16,-71.550
5639.65,-71.280
5640.14,-69.460
5640.62,-70.049
5641.11,-70.134
5641.60,-70.453
5642.09,-69.952
5642.58,-69.905
5643.07,-69.567
5643.55,-70.313
5644.04,-70.870
5644.53,-68.938
5645.02,-70.126
5645.51,-68.115
5646.00,-70.632
5646.48,-68.802
5646.97,-69.808
5647.46,-69.436
5647.95,-71.844
5648.44,-70.625
5648.93,-69.321
5649.41,-68.960
5649.90,-69.904
5650.39,-70.535
5650.88,-70.181
5651.37,-68.997
5651.86,-71.129
5652.34,-69.189
5652.83,-72.131
5653.32,-71.608
5653.81,-69.814
5654.30,-70.730
5654.79,-68.864
5655.27,-70.942
5655.76,-71.816
5656.25,-69.399
5656.74,-70.779
5657.23,-70.274
5657.71,-69.050
5658.20,-70.946
5658.69,-70.618
5659.18,-70.935
5659.67,-71.223
5660.16,-69.545
5660.64,-69.747
5661.13,-70.525
5661.62,-71.296
5662.11,-70.444
5662.60,-71.502
5663.09,-71.208
5663.57,-70.496
5664.06,-71.164
5664.55,-70.486
5665.04,-68.681
5665.53,-69.734
5666.02,-68.340
5666.50,-69.503
5666.99,-69.788
5667.48,-69.604
5667.97,-70.660
5668.46,-69.319
5668.95,-69.120
5669.43,-69.537
5669.92,-70.589
5670.41,-70.427
5670.90,-69.630
5671.39,-72.094
5671.88,-70.587
5672.36,-70.467
5672.85,-70.502
5673.34,-70.706
5673.83,-68.935
5674.32,-68.322
5674.80,-70.537
5675.29,-69.427
5675.78,-70.764
5676.27,-70.602
5676.76,-71.447
5677.25,-71.498
5677.73,-69.262
5678.22,-69.650
5678.71,-70.645
5679.20,-70.889
5679.69,-70.371
5680.18,-71.120
5680.66,-70.364
5681.15,-68.697
5681.64,-69.125
5682.13,-70.614
5682.62,-69.493
5683.11,-71.167
5683.59,-70.997
5684.08,-70.073
5684.57,-70.966
5685.06,-70.442
5685.55,-71.402
5686.04,-70.261
5686.52,-71.726
5687.01,-70.332
5687.50,-70.941
5687.99,-70.632
5688.48,-69.976
5688.96,-70.689
5689.45,-69.692
5689.94,-70.709
5690.43,-69.484
5690.92,-70.684
5691.41,-70.366
5691.89,-69.585
5692.38,-70.583
5692.87,-70.665
5693.36,-71.408
5693.85,-70.741
5694.34,-68.894
5694.82,-71.362
5695.31,-70.774
5695.80,-70.122
5696.29,-70.668
5696.78,-72.365
5697.27,-71.654
5697.75,-70.504
5698.24,-71.337
5698.73,-70.337
5699.22,-70.660
5699.71,-69.227
5700.20,-71.031
5700.68,-70.661
5701.17,-69.709
5701.66,-69.092
5702.15,-70.747
5702.64,-70.586
5703.12,-69.268
5703.61,-70.554
5704.10,-70.738
5704.59,-69.202
5705.08,-69.647
5705.57,-69.919
5706.05,-70.531
5706.54,-71.659
5707.03,-69.914
5707.52,-69.387
5708.01,-70.789
5708.50,-70.998
5708.98,-69.532
5709.47,-69.237
5709.96,-70.295
5710.45,-70.299
5710.94,-70.002
5711.43,-68.503
5711.91,-69.272
5712.40,-69.521
5712.89,-70.586
5713.38,-70.443
5713.87,-71.140
5714.36,-69.128
5714.84,-68.389
5715.33,-69.835
5715.82,-71.323
5716.31,-69.501
5716.80,-69.192
5717.29,-68.123
5717.77,-71.089
5718.26,-70.316
5718.75,-70.189
5719.24,-68.942
5719.73,-68.973
5720.21,-68.060
5720.70,-69.602
5721.19,-68.835
5721.68,-69.575
5722.17,-71.866
5722.66,-71.823
5723.14,-70.991
5723.63,-70.531
5724.12,-67.980
5724.61,-70.101
5725.10,-68.576
5725.59,-70.981
5726.07,-68.544
5726.56,-68.919
5727.05,-68.750
5727.54,-70.031
5728.03,-70.393
5728.52,-70.014
5729.00,-70.234
5729.49,-70.981
5729.98,-68.820
5730.47,-69.866
5730.96,-72.124
5731.45,-69.450
5731.93,-70.835
5732.42,-68.738
5732.91,-69.481
5733.40,-69.380
5733.89,-70.946
5734.38,-70.096
5734.86,-69.233
5735.35,-70.528
5735.84,-69.520
5736.33,-69.284
5736.82,-69.983
5737.30,-69.631
5737.79,-69.783
5738.28,-70.859
5738.77,-69.326
5739.26,-70.997
5739.75,-69.981
5740.23,-70.151
5740.72,-71.117
5741.21,-69.692
5741.70,-70.627
5742.19,-70.121
5742.68,-70.114
5743.16,-69.241
5743.65,-69.770
5744.14,-68.583
5744.63,-69.747
5745.12,-68.302
5745.61,-69.175
5746.09,-70.067
5746.58,-69.424
5747.07,-70.345
5747.56,-70.322
5748.05,-70.393
5748.54,-69.561
5749.02,-70.846
5749.51,-70.124
5750.00,-68.928
5750.49,-68.930
5750.98,-70.025
5751.46,-70.253
5751.95,-69.516
5752.44,-71.146
5752.93,-69.872
5753.42,-69.262
5753.91,-69.250
5754.39,-69.844
5754.88,-70.268
5755.37,-69.776
5755.86,-69.724
5756.35,-69.742
5756.84,-68.857
5757.32,-68.679
5757.81,-69.299
5758.30,-69.024
5758.79,-69.035
5759.28,-69.641
5759.77,-68.912
5760.25,-69.569
5760.74,-69.866
5761.23,-68.399
5761.72,-66.965
5762.21,-70.712
5762.70,-70.193
5763.18,-69.859
5763.67,-69.098
5764.16,-69.705
5764.65,-70.734
5765.14,-68.507
5765.62,-69.017
5766.11,-70.362
5766.60,-69.409
5767.09,-70.933
5767.58,-70.072
5768.07,-69.564
5768.55,-68.631
5769.04,-69.199
5769.53,-67.762
5770.02,-69.105
5770.51,-69.445
5771.00,-68.547
5771.48,-70.721
5771.97,-70.651
5772.46,-69.796
5772.95,-69.685
5773.44,-67.952
5773.93,-69.051
5774.41,-68.364
5774.90,-68.081
5775.39,-68.157
5775.88,-69.591
5776.37,-69.569
5776.86,-68.802
5777.34,-68.686
5777.83,-66.785
5778.32,-67.624
5778.81,-67.857
5779.30,-67.553
5779.79,-70.336
5780.27,-66.743
5780.76,-67.701
5781.25,-68.878
5781.74,-68.375
5782.23,-68.564
5782.71,-68.006
5783.20,-67.542
5783.69,-68.131
5784.18,-69.587
5784.67,-68.460
5785.16,-68.624
5785.64,-67.659
5786.13,-68.046
5786.62,-68.485
5787.11,-68.999
5787.60,-68.218
5788.09,-66.730
5788.57,-67.164
5789.06,-69.026
5789.55,-67.184
5790.04,-66.981
5790.53,-67.814
5791.02,-66.722
5791.50,-69.540
5791.99,-68.508
5792.48,-66.970
5792.97,-68.284
5793.46,-68.203
5793.95,-69.752
5794.43,-69.451
5794.92,-68.573
5795.41,-69.008
5795.90,-68.221
5796.39,-67.442
5796.88,-66.771
5797.36,-66.570
5797.85,-67.431
5798.34,-68.004
5798.83,-66.966
5799.32,-68.667
5799.80,-67.515
5800.29,-69.203
5800.78,-67.807
5801.27,-67.215
5801.76,-69.664
5802.25,-69.715
5802.73,-67.374
5803.22,-67.591
5803.71,-68.015
5804.20,-69.922
5804.69,-69.195
5805.18,-65.905
5805.66,-67.652
5806.15,-67.902
5806.64,-68.570
5807.13,-66.604
5807.62,-68.595
5808.11,-67.160
5808.59,-67.708
5809.08,-66.579
5809.57,-67.089
5810.06,-66.577
5810.55,-66.007
5811.04,-68.166
5811.52,-69.018
5812.01,-67.813
5812.50,-67.290
5812.99,-67.876
5813.48,-66.894
5813.96,-68.532
5814.45,-66.371
5814.94,-65.312
5815.43,-66.030
5815.92,-67.041
5816.41,-66.796
5816.89,-66.733
5817.38,-67.511
5817.87,-66.252
5818.36,-64.703
5818.85,-65.506
5819.34,-66.569
5819.82,-66.174
5820.31,-68.022
5820.80,-66.854
5821.29,-66.872
5821.78,-66.652
5822.27,-66.947
5822.75,-68.046
5823.24,-66.699
5823.73,-66.495
5824.22,-65.722
5824.71,-66.689
5825.20,-65.383
5825.68,-65.369
5826.17,-65.771
5826.66,-66.243
5827.15,-67.633
5827.64,-67.605
5828.12,-66.209
5828.61,-66.563
5829.10,-66.620
5829.59,-66.737
5830.08,-67.697
5830.57,-66.168
5831.05,-65.741
5831.54,-65.518
5832.03,-67.013
5832.52,-66.745
5833.01,-65.118
5833.50,-65.913
5833.98,-64.447
5834.47,-67.393
5834.96,-65.160
5835.45,-66.800
5835.94,-66.359
5836.43,-66.910
5836.91,-65.926
5837.40,-64.523
5837.89,-66.213
5838.38,-65.821
5838.87,-65.375
5839.36,-63.210
5839.84,-64.557
5840.33,-65.379
5840.82,-65.504
5841.31,-66.779
5841.80,-65.416
5842.29,-64.851
5842.77,-63.897
5843.26,-64.195
5843.75,-64.640
5844.24,-64.331
5844.73,-65.871
5845.21,-64.890
5845.70,-64.121
5846.19,-63.666
5846.68,-66.598
5847.17,-64.067
5847.66,-65.342
5848.14,-63.996
5848.63,-64.920
5849.12,-64.300
5849.61,-64.582
5850.10,-64.886
5850.59,-64.088
5851.07,-65.513
5851.56,-64.402
5852.05,-64.211
5852.54,-64.402
5853.03,-63.832
5853.52,-65.291
5854.00,-63.001
5854.49,-63.605
5854.98,-64.236
5855.47,-64.461
5855.96,-66.337
5856.45,-65.142
5856.93,-63.914
5857.42,-63.689
5857.91,-63.692
5858.40,-62.532
5858.89,-63.012
5859.38,-63.632
5859.86,-62.852
5860.35,-63.739
5860.84,-63.266
5861.33,-63.541
5861.82,-64.777
5862.30,-65.100
5862.79,-62.550
5863.28,-64.086
5863.77,-62.366
5864.26,-62.046
5864.75,-62.457
5865.23,-61.693
5865.72,-63.209
5866.21,-62.356
5866.70,-61.887
5867.19,-63.768
5867.68,-62.129
5868.16,-62.410
5868.65,-61.738
5869.14,-63.519
5869.63,-62.162
5870.12,-60.591
5870.61,-62.303
5871.09,-61.300
5871.58,-62.032
5872.07,-63.562
5872.56,-60.773
5873.05,-62.030
5873.54,-61.239
5874.02,-62.197
5874.51,-64.043
5875.00,-61.594
5875.49,-60.744
5875.98,-60.490
5876.46,-61.023
5876.95,-62.804
5877.44,-63.360
5877.93,-61.882
5878.42,-63.041
5878.91,-61.822
5879.39,-62.812
5879.88,-61.591
5880.37,-62.424
5880.86,-61.567
5881.35,-61.995
5881.84,-60.643
5882.32,-60.212
5882.81,-61.028
5883.30,-61.425
5883.79,-62.210
5884.28,-60.701
5884.77,-61.774
5885.25,-59.940
5885.74,-60.292
5886.23,-61.636
5886.72,-60.031
5887.21,-60.088
5887.70,-62.125
5888.18,-60.935
5888.67,-60.455
5889.16,-60.811
5889.65,-60.379
5890.14,-61.247
5890.62,-61.526
5891.11,-60.228
5891.60,-60.807
5892.09,-59.377
5892.58,-59.263
5893.07,-61.294
5893.55,-60.659
5894.04,-61.215
5894.53,-60.750
5895.02,-58.930
5895.51,-60.564
5896.00,-59.897
5896.48,-59.624
5896.97,-60.174
5897.46,-59.556
5897.95,-60.029
5898.44,-58.353
5898.93,-59.680
5899.41,-60.515
5899.90,-60.915
5900.39,-60.887
5900.88,-60.466
5901.37,-60.591
5901.86,-60.242
5902.34,-59.396
5902.83,-59.310
5903.32,-59.575
5903.81,-61.145
5904.30,-61.971
5904.79,-61.643
5905.27,-59.179
5905.76,-61.182
5906.25,-60.843
5906.74,-61.988
5907.23,-61.385
5907.71,-60.581
5908.20,-61.572
5908.69,-61.191
5909.18,-60.797
5909.67,-60.468
5910.16,-59.188
5910.64,-60.333
5911.13,-60.584
5911.62,-59.925
5912.11,-60.681
5912.60,-61.429
5913.09,-60.466
5913.57,-60.481
5914.06,-60.307
5914.55,-60.930
5915.04,-61.106
5915.53,-60.363
5916.02,-61.644
5916.50,-62.078
5916.99,-59.860
5917.48,-59.769
5917.97,-60.289
5918.46,-60.345
5918.95,-60.224
5919.43,-60.312
5919.92,-60.470
5920.41,-59.788
5920.90,-59.424
5921.39,-60.561
5921.88,-60.310
5922.36,-60.062
5922.85,-60.407
5923.34,-60.749
5923.83,-61.032
5924.32,-61.561
5924.80,-60.865
5925.29,-62.067
5925.78,-59.668
5926.27,-60.878
5926.76,-62.472
5927.25,-62.150
5927.73,-62.932
5928.22,-61.710
5928.71,-62.213
5929.20,-61.283
5929.69,-61.062
5930.18,-61.193
5930.66,-61.552
5931.15,-61.938
5931.64,-61.020
5932.13,-62.689
5932.62,-63.333
5933.11,-62.124
5933.59,-61.544
5934.08,-64.551
5934.57,-62.416
5935.06,-62.487
5935.55,-63.221
5936.04,-62.152
5936.52,-63.586
5937.01,-64.335
5937.50,-63.679
5937.99,-62.506
5938.48,-62.872
5938.96,-61.687
5939.45,-62.183
5939.94,-63.234
5940.43,-62.579
5940.92,-62.835
5941.41,-63.599
5941.89,-63.562
5942.38,-61.649
5942.87,-63.238
5943.36,-63.153
5943.85,-63.890
5944.34,-62.977
5944.82,-63.696
5945.31,-63.378
5945.80,-62.894
5946.29,-64.314
5946.78,-65.122
5947.27,-64.168
5947.75,-63.014
5948.24,-64.095
5948.73,-64.724
5949.22,-63.572
5949.71,-64.346
5950.20,-64.420
5950.68,-64.888
5951.17,-62.990
5951.66,-63.975
5952.15,-63.575
5952.64,-64.390
5953.12,-65.243
5953.61,-63.351
5954.10,-62.552
5954.59,-64.268
5955.08,-64.084
5955.57,-64.177
5956.05,-64.012
5956.54,-63.687
5957.03,-63.869
5957.52,-66.233
5958.01,-65.112
5958.50,-64.554
5958.98,-64.706
5959.47,-66.269
5959.96,-64.932
5960.45,-63.964
5960.94,-65.118
5961.43,-63.673
5961.91,-64.714
5962.40,-64.554
5962.89,-66.617
5963.38,-66.558
5963.87,-65.756
5964.36,-66.455
5964.84,-64.697
5965.33,-65.688
5965.82,-65.593
5966.31,-64.128
5966.80,-65.937
5967.29,-66.779
5967.77,-66.394
5968.26,-65.304
5968.75,-68.208
5969.24,-66.527
5969.73,-65.737
5970.21,-66.758
5970.70,-66.801
5971.19,-67.229
5971.68,-65.957
5972.17,-67.724
5972.66,-66.476
5973.14,-66.905
5973.63,-68.668
5974.12,-67.702
5974.61,-64.996
5975.10,-65.610
5975.59,-65.847
5976.07,-67.921
5976.56,-66.943
5977.05,-67.049
5977.54,-67.065
5978.03,-66.639
5978.52,-66.088
5979.00,-65.424
5979.49,-65.744
5979.98,-65.937
5980.47,-66.643
5980.96,-69.109
5981.45,-66.892
5981.93,-67.214
5982.42,-67.309
5982.91,-66.869
5983.40,-68.934
5983.89,-67.300
5984.38,-69.694
5984.86,-67.120
5985.35,-68.034
5985.84,-67.297
5986.33,-68.069
5986.82,-67.693
5987.30,-67.600
5987.79,-68.432
5988.28,-69.138
5988.77,-68.290
5989.26,-67.937
5989.75,-68.665
5990.23,-67.286
5990.72,-68.390
5991.21,-67.220
5991.70,-67.360
5992.19,-67.727
5992.68,-67.029
5993.16,-70.012
5993.65,-68.305
5994.14,-69.867
5994.63,-70.031
5995.12,-67.697
5995.61,-68.334
5996.09,-67.655
5996.58,-67.235
5997.07,-69.162
5997.56,-69.365
5998.05,-68.333
5998.54,-67.312
5999.02,-68.732
5999.51,-68.081
6000.00,-67.888
6000.49,-68.530
6000.98,-67.978
6001.46,-68.351
6001.95,-67.642
6002.44,-70.737
6002.93,-69.141
6003.42,-69.530
6003.91,-69.245
6004.39,-69.866
6004.88,-68.708
6005.37,-69.371
6005.86,-70.126
6006.35,-69.883
6006.84,-70.266
6007.32,-68.715
6007.81,-69.896
6008.30,-70.005
6008.79,-69.287
6009.28,-69.704
6009.77,-69.885
6010.25,-71.527
6010.74,-70.092
6011.23,-70.928
6011.72,-70.940
6012.21,-68.139
6012.70,-70.285
6013.18,-69.033
6013.67,-68.424
6014.16,-69.966
6014.65,-70.126
6015.14,-68.528
6015.62,-69.000
6016.11,-71.849
6016.60,-70.837
6017.09,-70.878
6017.58,-70.319
6018.07,-70.662
6018.55,-68.994
6019.04,-70.167
6019.53,-70.054
6020.02,-70.995
6020.51,-70.526
6021.00,-72.139
6021.48,-72.457
6021.97,-70.168
6022.46,-71.305
6022.95,-71.149
6023.44,-70.028
6023.93,-70.678
6024.41,-72.197
6024.90,-70.404
6025.39,-72.975
6025.88,-71.125
6026.37,-72.318
6026.86,-71.857
6027.34,-69.129
6027.83,-70.568
6028.32,-70.833
6028.81,-71.880
6029.30,-71.988
6029.79,-71.168
6030.27,-71.233
6030.76,-71.009
6031.25,-70.608
6031.74,-71.949
6032.23,-72.459
6032.71,-70.456
6033.20,-71.287
6033.69,-71.396
6034.18,-71.370
6034.67,-72.770
6035.16,-70.817
6035.64,-72.312
6036.13,-72.956
6036.62,-72.108
6037.11,-71.921
6037.60,-70.913
6038.09,-70.482
6038.57,-71.657
6039.06,-72.614
6039.55,-72.001
6040.04,-71.002
6040.53,-72.145
6041.02,-72.397
6041.50,-71.731
6041.99,-70.891
6042.48,-72.522
6042.97,-72.100
6043.46,-73.204
6043.95,-73.615
6044.43,-72.444
6044.92,-71.538
6045.41,-71.343
6045.90,-72.627
6046.39,-73.209
6046.88,-72.137
6047.36,-70.660
6047.85,-72.163
6048.34,-70.993
6048.83,-73.004
6049.32,-71.917
6049.80,-71.684
6050.29,-72.345
6050.78,-72.173
6051.27,-74.054
6051.76,-72.524
6052.25,-71.713
6052.73,-71.556
6053.22,-72.258
6053.71,-71.407
6054.20,-71.296
6054.69,-71.505
6055.18,-70.730
6055.66,-71.495
6056.15,-72.340
6056.64,-71.534
6057.13,-71.528
6057.62,-73.853
6058.11,-72.818
6058.59,-73.770
6059.08,-73.946
6059.57,-72.546
6060.06,-72.806
6060.55,-73.544
6061.04,-72.513
6061.52,-74.049
6062.01,-72.467
6062.50,-72.311
6062.99,-73.271
6063.48,-73.320
6063.96,-72.438
6064.45,-73.325
6064.94,-72.938
6065.43,-73.580
6065.92,-71.252
6066.41,-74.723
6066.89,-73.313
6067.38,-75.604
6067.87,-75.863
6068.36,-72.031
6068.85,-72.608
6069.34,-72.151
6069.82,-72.415
6070.31,-71.880
6070.80,-73.674
6071.29,-73.968
6071.78,-74.022
6072.27,-73.664
6072.75,-73.107
6073.24,-73.240
6073.73,-72.525
6074.22,-71.460
6074.71,-73.887
6075.20,-72.746
6075.68,-73.417
6076.17,-73.449
6076.66,-72.916
6077.15,-73.619
6077.64,-74.239
6078.12,-75.955
6078.61,-74.227
6079.10,-73.179
6079.59,-74.433
6080.08,-74.331
6080.57,-73.696
6081.05,-73.870
6081.54,-74.257
6082.03,-74.115
6082.52,-73.361
6083.01,-75.203
6083.50,-74.818
6083.98,-74.271
6084.47,-73.288
6084.96,-74.719
6085.45,-73.011
6085.94,-75.186
6086.43,-74.309
6086.91,-74.121
6087.40,-74.196
6087.89,-74.284
6088.38,-75.223
6088.87,-74.040
6089.36,-73.604
6089.84,-74.996
6090.33,-73.371
6090.82,-72.859
6091.31,-74.032
6091.80,-75.938
6092.29,-74.440
6092.77,-72.129
6093.26,-73.950
6093.75,-74.840
6094.24,-74.957
6094.73,-74.032
6095.21,-74.922
6095.70,-73.220
6096.19,-72.601
6096.68,-74.498
6097.17,-74.872
6097.66,-74.582
6098.14,-74.550
6098.63,-73.676
6099.12,-73.782
6099.61,-73.979
6100.10,-72.851
6100.59,-74.945
6101.07,-74.589
6101.56,-73.011
6102.05,-75.222
6102.54,-74.799
6103.03,-73.531
6103.52,-74.232
6104.00,-74.834
6104.49,-74.295
6104.98,-74.819
6105.47,-75.920
6105.96,-74.184
6106.45,-74.991
6106.93,-74.149
6107.42,-75.558
6107.91,-73.828
6108.40,-74.832
6108.89,-74.093
6109.38,-73.936
6109.86,-76.051
6110.35,-74.577
6110.84,-76.148
6111.33,-73.574
6111.82,-75.374
6112.30,-74.145
6112.79,-73.755
6113.28,-73.941
6113.77,-74.278
6114.26,-74.646
6114.75,-74.937
6115.23,-75.487
6115.72,-74.961
6116.21,-76.290
6116.70,-75.272
6117.19,-74.878
6117.68,-75.033
6118.16,-75.641
6118.65,-76.991
6119.14,-77.885
6119.63,-75.958
6120.12,-75.453
6120.61,-75.948
6121.09,-76.414
6121.58,-73.574
6122.07,-74.217
6122.56,-74.509
6123.05,-73.194
6123.54,-75.759
6124.02,-74.351
6124.51,-74.272
6125.00,-73.983
6125.49,-75.789
6125.98,-75.782
6126.46,-75.940
6126.95,-74.728
6127.44,-76.759
6127.93,-75.654
6128.42,-75.619
6128.91,-75.128
6129.39,-75.754
6129.88,-75.057
6130.37,-76.896
6130.86,-77.152
6131.35,-75.944
6131.84,-76.568
6132.32,-75.933
6132.81,-76.726
6133.30,-76.516
6133.79,-77.556
6134.28,-75.082
6134.77,-75.337
6135.25,-75.503
6135.74,-76.581
6136.23,-77.122
6136.72,-75.064
6137.21,-74.258
6137.70,-75.024
6138.18,-73.553
6138.67,-75.639
6139.16,-75.196
6139.65,-76.197
6140.14,-76.383
6140.62,-76.791
6141.11,-76.489
6141.60,-75.392
6142.09,-75.061
6142.58,-75.749
6143.07,-74.761
6143.55,-73.844
6144.04,-75.366
6144.53,-75.144
6145.02,-76.276
6145.51,-74.350
6146.00,-75.800
6146.48,-76.250
6146.97,-74.832
6147.46,-78.488
6147.95,-77.006
6148.44,-76.779
6148.93,-75.554
6149.41,-77.518
6149.90,-74.977
6150.39,-78.018
6150.88,-74.932
6151.37,-74.999
6151.86,-74.466
6152.34,-75.731
6152.83,-77.383
6153.32,-74.737
6153.81,-75.270
6154.30,-75.749
6154.79,-75.898
6155.27,-75.797
6155.76,-75.602
6156.25,-75.428
6156.74,-76.071
6157.23,-75.100
6157.71,-75.752
6158.20,-75.480
6158.69,-76.423
6159.18,-75.878
6159.67,-76.090
6160.16,-75.889
6160.64,-75.584
6161.13,-76.084
6161.62,-75.338
6162.11,-75.517
6162.60,-75.645
6163.09,-75.743
6163.57,-75.112
6164.06,-74.434
6164.55,-76.630
6165.04,-76.707
6165.53,-78.025
6166.02,-76.306
6166.50,-75.212
6166.99,-76.516
6167.48,-75.673
6167.97,-75.577
6168.46,-75.715
6168.95,-76.322
6169.43,-75.457
6169.92,-74.233
6170.41,-76.824
6170.90,-76.532
6171.39,-75.831
6171.88,-76.852
6172.36,-74.778
6172.85,-76.164
6173.34,-77.441
6173.83,-76.367
6174.32,-76.607
6174.80,-76.327
6175.29,-75.538
6175.78,-76.742
6176.27,-77.151
6176.76,-76.003
6177.25,-78.826
6177.73,-77.141
6178.22,-77.570
6178.71,-75.927
6179.20,-75.841
6179.69,-76.455
6180.18,-76.938
6180.66,-74.916
6181.15,-75.576
6181.64,-75.538
6182.13,-76.783
6182.62,-75.895
6183.11,-76.504
6183.59,-75.330
6184.08,-75.505
6184.57,-76.396
6185.06,-77.310
6185.55,-78.447
6186.04,-76.684
6186.52,-76.496
6187.01,-76.389
6187.50,-75.988
6187.99,-76.051
6188.48,-76.981
6188.96,-76.171
6189.45,-78.428
6189.94,-78.127
6190.43,-75.169
6190.92,-75.585
6191.41,-77.939
6191.89,-77.284
6192.38,-78.170
6192.87,-76.312
6193.36,-76.524
6193.85,-77.147
6194.34,-76.142
6194.82,-77.947
6195.31,-76.159
6195.80,-76.336
6196.29,-76.040
6196.78,-74.830
6197.27,-76.265
6197.75,-77.489
6198.24,-75.512
6198.73,-77.573
6199.22,-77.173
6199.71,-77.969
6200.20,-77.128
6200.68,-77.123
6201.17,-78.454
6201.66,-77.275
6202.15,-76.902
6202.64,-74.482
6203.12,-76.125
6203.61,-77.415
6204.10,-78.925
6204.59,-75.991
6205.08,-75.575
6205.57,-79.515
6206.05,-79.060
6206.54,-75.751
6207.03,-75.410
6207.52,-76.029
6208.01,-78.046
6208.50,-75.945
6208.98,-77.014
6209.47,-75.752
6209.96,-76.963
6210.45,-77.506
6210.94,-75.060
6211.43,-75.601
6211.91,-76.789
6212.40,-77.958
6212.89,-78.794
6213.38,-77.254
6213.87,-78.407
6214.36,-76.557
6214.84,-76.066
6215.33,-77.454
6215.82,-75.465
6216.31,-77.290
6216.80,-76.358
6217.29,-76.320
6217.77,-76.644
6218.26,-75.678
6218.75,-77.635
6219.24,-76.670
6219.73,-77.791
6220.21,-75.819
6220.70,-76.792
6221.19,-78.056
6221.68,-78.264
6222.17,-76.063
6222.66,-75.555
6223.14,-76.517
6223.63,-75.665
6224.12,-75.931
6224.61,-77.943
6225.10,-79.922
6225.59,-77.092
6226.07,-76.593
6226.56,-76.211
6227.05,-78.195
6227.54,-78.393
6228.03,-76.955
6228.52,-78.234
6229.00,-78.029
6229.49,-77.861
6229.98,-75.855
6230.47,-76.211
6230.96,-76.749
6231.45,-76.290
6231.93,-77.371
6232.42,-77.384
6232.91,-77.288
6233.40,-76.998
6233.89,-75.014
6234.38,-75.934
6234.86,-76.531
6235.35,-76.701
6235.84,-78.885
6236.33,-77.051
6236.82,-78.171
6237.30,-77.191
6237.79,-77.801
6238.28,-75.224
6238.77,-76.524
6239.26,-76.610
6239.75,-75.383
6240.23,-76.347
6240.72,-75.159
6241.21,-77.349
6241.70,-77.567
6242.19,-76.272
6242.68,-79.003
6243.16,-78.267
6243.65,-77.045
6244.14,-76.611
6244.63,-77.012
6245.12,-75.856
6245.61,-76.720
6246.09,-75.638
6246.58,-76.342
6247.07,-79.991
6247.56,-77.320
6248.05,-77.621
6248.54,-77.854
6249.02,-76.026
6249.51,-77.174
6250.00,-76.287
6250.49,-77.293
6250.98,-75.771
6251.46,-77.203
6251.95,-76.668
6252.44,-75.912
6252.93,-76.989
6253.42,-76.152
6253.91,-77.631
6254.39,-77.043
6254.88,-77.170
6255.37,-76.955
6255.86,-77.873
6256.35,-75.762
6256.84,-77.081
6257.32,-77.408
6257.81,-75.246
6258.30,-76.535
6258.79,-76.290
6259.28,-78.842
6259.77,-77.569
6260.25,-76.895
6260.74,-75.207
6261.23,-76.408
6261.72,-77.796
6262.21,-76.607
6262.70,-76.611
6263.18,-77.165
6263.67,-76.276
6264.16,-76.781
6264.65,-78.407
6265.14,-77.179
6265.62,-77.413
6266.11,-77.811
6266.60,-77.167
6267.09,-75.843
6267.58,-74.758
6268.07,-75.845
6268.55,-76.694
6269.04,-76.914
6269.53,-78.487
6270.02,-77.593
6270.51,-76.575
6271.00,-78.865
6271.48,-77.493
6271.97,-76.665
6272.46,-75.926
6272.95,-77.765
6273.44,-78.423
6273.93,-77.983
6274.41,-77.250
6274.90,-75.740
6275.39,-77.427
6275.88,-76.629
6276.37,-76.858
6276.86,-76.075
6277.34,-77.649
6277.83,-75.984
6278.32,-76.884
6278.81,-77.771
6279.30,-77.598
6279.79,-75.825
6280.27,-76.287
6280.76,-77.983
6281.25,-76.156
6281.74,-76.824
6282.23,-76.391
6282.71,-75.392
6283.20,-75.990
6283.69,-76.921
6284.18,-76.196
6284.67,-75.630
6285.16,-76.730
6285.64,-78.017
6286.13,-77.305
6286.62,-77.196
6287.11,-77.135
6287.60,-76.728
6288.09,-76.711
6288.57,-76.470
6289.06,-76.846
6289.55,-76.771
6290.04,-78.873
6290.53,-77.132
6291.02,-75.998
6291.50,-77.084
6291.99,-78.324
6292.48,-77.510
6292.97,-75.935
6293.46,-75.065
6293.95,-76.548
6294.43,-76.115
6294.92,-76.188
6295.41,-76.572
6295.90,-75.413
6296.39,-75.625
6296.88,-78.662
6297.36,-77.296
6297.85,-77.786
6298.34,-78.252
6298.83,-76.076
6299.32,-78.052
6299.80,-76.319
6300.29,-75.271
6300.78,-77.613
6301.27,-76.616
6301.76,-78.296
6302.25,-77.939
6302.73,-77.611
6303.22,-76.465
6303.71,-77.747
6304.20,-76.645
6304.69,-77.252
6305.18,-76.907
6305.66,-76.835
6306.15,-76.870
6306.64,-76.312
6307.13,-74.772
6307.62,-76.970
6308.11,-76.754
6308.59,-76.507
6309.08,-76.747
6309.57,-77.282
6310.06,-77.273
6310.55,-76.154
6311.04,-76.115
6311.52,-76.465
6312.01,-76.218
6312.50,-77.149
6312.99,-76.754
6313.48,-76.458
6313.96,-75.872
6314.45,-76.220
6314.94,-74.550
6315.43,-76.285
6315.92,-74.444
6316.41,-76.793
6316.89,-75.312
6317.38,-77.534
6317.87,-78.887
6318.36,-76.409
6318.85,-76.900
6319.34,-77.173
6319.82,-76.594
6320.31,-75.933
6320.80,-75.902
6321.29,-76.886
6321.78,-76.338
6322.27,-76.406
6322.75,-76.183
6323.24,-74.870
6323.73,-77.003
6324.22,-74.698
6324.71,-76.711
6325.20,-75.383
6325.68,-77.419
6326.17,-76.993
6326.66,-75.745
6327.15,-77.675
6327.64,-75.140
6328.12,-77.672
6328.61,-75.650
6329.10,-76.886
6329.59,-76.105
6330.08,-75.652
6330.57,-73.431
6331.05,-76.163
6331.54,-75.699
6332.03,-76.980
6332.52,-75.028
6333.01,-76.625
6333.50,-74.865
6333.98,-77.422
6334.47,-74.694
6334.96,-76.159
6335.45,-76.579
6335.94,-75.178
6336.43,-77.330
6336.91,-75.758
6337.40,-75.485
6337.89,-75.575
6338.38,-76.196
6338.87,-75.656
6339.36,-74.952
6339.84,-74.344
6340.33,-75.151
6340.82,-75.341
6341.31,-75.707
6341.80,-75.046
6342.29,-75.142
6342.77,-75.207
6343.26,-74.842
6343.75,-75.366
6344.24,-77.555
6344.73,-75.095
6345.21,-76.230
6345.70,-75.376
6346.19,-75.908
6346.68,-75.063
6347.17,-75.191
6347.66,-75.065
6348.14,-76.136
6348.63,-76.366
6349.12,-75.682
6349.61,-75.591
6350.10,-75.024
6350.59,-75.178
6351.07,-76.172
6351.56,-75.821
6352.05,-76.443
6352.54,-76.094
6353.03,-74.432
6353.52,-74.571
6354.00,-74.360
6354.49,-76.274
6354.98,-75.735
6355.47,-74.009
6355.96,-75.851
6356.45,-76.863
6356.93,-77.133
6357.42,-75.740
6357.91,-76.406
6358.40,-76.132
6358.89,-77.406
6359.38,-74.385
6359.86,-75.264
6360.35,-76.370
6360.84,-75.079
6361.33,-74.120
6361.82,-74.139
6362.30,-75.519
6362.79,-76.334
6363.28,-75.708
6363.77,-74.862
6364.26,-76.471
6364.75,-75.192
6365.23,-74.820
6365.72,-75.375
6366.21,-73.705
6366.70,-75.801
6367.19,-73.629
6367.68,-75.815
6368.16,-73.764
6368.65,-75.308
6369.14,-76.948
6369.63,-77.637
6370.12,-75.064
6370.61,-75.149
6371.09,-74.673
6371.58,-74.221
6372.07,-74.812
6372.56,-76.130
6373.05,-73.923
6373.54,-74.338
6374.02,-73.748
6374.51,-74.046
6375.00,-73.757
6375.49,-75.379
6375.98,-72.867
6376.46,-73.735
6376.95,-75.350
6377.44,-74.295
6377.93,-72.958
6378.42,-75.006
6378.91,-73.391
6379.39,-75.393
6379.88,-76.200
6380.37,-74.411
6380.86,-73.228
6381.35,-74.186
6381.84,-72.471
6382.32,-73.191
6382.81,-74.683
6383.30,-74.224
6383.79,-76.125
6384.28,-74.747
6384.77,-74.297
6385.25,-73.521
6385.74,-73.267
6386.23,-74.934
6386.72,-72.951
6387.21,-73.420
6387.70,-74.395
6388.18,-75.738
6388.67,-74.022
6389.16,-74.747
6389.65,-74.722
6390.14,-74.386
6390.62,-75.120
6391.11,-74.145
6391.60,-72.938
6392.09,-73.409
6392.58,-73.156
6393.07,-72.665
6393.55,-72.638
6394.04,-73.086
6394.53,-73.486
6395.02,-73.733
6395.51,-74.812
6396.00,-73.004
6396.48,-74.298
6396.97,-73.973
6397.46,-73.484
6397.95,-74.169
6398.44,-72.208
6398.93,-73.417
6399.41,-73.819
6399.90,-74.048
6400.39,-73.343
6400.88,-74.408
6401.37,-73.767
6401.86,-74.470
6402.34,-73.475
6402.83,-73.827
6403.32,-73.396
6403.81,-72.493
6404.30,-74.352
6404.79,-73.481
6405.27,-73.201
6405.76,-74.408
6406.25,-73.244
6406.74,-72.625
6407.23,-73.034
6407.71,-72.291
6408.20,-73.783
6408.69,-75.718
6409.18,-72.910
6409.67,-73.291
6410.16,-72.507
6410.64,-72.049
6411.13,-72.657
6411.62,-73.837
6412.11,-71.633
6412.60,-71.960
6413.09,-72.819
6413.57,-72.061
6414.06,-71.824
6414.55,-72.548
6415.04,-72.796
6415.53,-73.453
6416.02,-71.641
6416.50,-70.421
6416.99,-73.371
6417.48,-72.914
6417.97,-72.514
6418.46,-72.903
6418.95,-71.952
6419.43,-72.754
6419.92,-73.129
6420.41,-73.111
6420.90,-70.956
6421.39,-71.722
6421.88,-72.783
6422.36,-73.563
6422.85,-72.234
6423.34,-71.393
6423.83,-71.095
6424.32,-73.051
6424.80,-72.080
6425.29,-71.363
6425.78,-72.112
6426.27,-70.933
6426.76,-71.249
6427.25,-71.816
6427.73,-70.211
6428.22,-71.705
6428.71,-72.275
6429.20,-71.937
6429.69,-71.254
6430.18,-70.907
6430.66,-73.180
6431.15,-71.310
6431.64,-70.607
6432.13,-72.740
6432.62,-71.536
6433.11,-72.605
6433.59,-72.165
6434.08,-72.134
6434.57,-73.099
6435.06,-71.301
6435.55,-71.637
6436.04,-71.166
6436.52,-71.415
6437.01,-71.553
6437.50,-72.885
6437.99,-70.523
6438.48,-72.162
6438.96,-69.711
6439.45,-70.052
6439.94,-72.241
6440.43,-71.202
6440.92,-70.115
6441.41,-73.612
6441.89,-72.299
6442.38,-70.492
6442.87,-71.792
6443.36,-70.579
6443.85,-71.418
6444.34,-71.419
6444.82,-69.475
6445.31,-70.470
6445.80,-70.172
6446.29,-72.761
6446.78,-72.881
6447.27,-71.272
6447.75,-71.901
6448.24,-72.141
6448.73,-71.241
6449.22,-72.578
6449.71,-70.353
6450.20,-70.411
6450.68,-68.671
6451.17,-71.779
6451.66,-71.009
6452.15,-69.416
6452.64,-69.882
6453.12,-71.819
6453.61,-70.517
6454.10,-71.536
6454.59,-68.857
6455.08,-71.775
6455.57,-70.352
6456.05,-70.622
6456.54,-70.743
6457.03,-69.942
6457.52,-70.396
6458.01,-70.558
6458.50,-70.101
6458.98,-70.611
6459.47,-69.940
6459.96,-70.735
6460.45,-69.621
6460.94,-68.867
6461.43,-70.160
6461.91,-70.288
6462.40,-69.717
6462.89,-68.050
6463.38,-68.892
6463.87,-68.452
6464.36,-70.479
6464.84,-68.977
6465.33,-70.131
6465.82,-69.621
6466.31,-68.802
6466.80,-68.581
6467.29,-70.416
6467.77,-69.293
6468.26,-69.756
6468.75,-71.627
6469.24,-70.105
6469.73,-69.693
6470.21,-69.426
6470.70,-71.650
6471.19,-72.002
6471.68,-69.876
6472.17,-70.420
6472.66,-70.495
6473.14,-72.539
6473.63,-69.917
6474.12,-69.924
6474.61,-69.777
6475.10,-68.906
6475.59,-70.865
6476.07,-69.488
6476.56,-70.936
6477.05,-70.926
6477.54,-71.968
6478.03,-68.576
6478.52,-68.897
6479.00,-71.256
6479.49,-70.011
6479.98,-70.936
6480.47,-69.294
6480.96,-70.437
6481.45,-70.978
6481.93,-69.830
6482.42,-69.744
6482.91,-68.882
6483.40,-68.146
6483.89,-69.149
6484.38,-70.126
6484.86,-70.790
6485.35,-69.980
6485.84,-70.149
6486.33,-71.388
6486.82,-69.270
6487.30,-70.942
6487.79,-69.835
6488.28,-69.990
6488.77,-68.816
6489.26,-70.463
6489.75,-70.305
6490.23,-71.133
6490.72,-71.308
6491.21,-69.164
6491.70,-70.393
6492.19,-70.629
6492.68,-69.188
6493.16,-69.735
6493.65,-70.364
6494.14,-70.812
6494.63,-70.611
6495.12,-70.501
6495.61,-70.931
6496.09,-70.222
6496.58,-71.000
6497.07,-71.500
6497.56,-71.811
6498.05,-70.931
6498.54,-71.354
6499.02,-70.081
6499.51,-70.096
6500.00,-71.219
6500.49,-71.386
6500.98,-69.920
6501.46,-71.001
6501.95,-72.145
6502.44,-72.321
6502.93,-71.433
6503.42,-71.625
6503.91,-71.015
6504.39,-70.688
6504.88,-73.498
6505.37,-71.738
6505.86,-71.119
6506.35,-71.990
6506.84,-74.525
6507.32,-71.078
6507.81,-72.296
6508.30,-72.557
6508.79,-72.883
6509.28,-71.238
6509.77,-71.067
6510.25,-70.590
6510.74,-70.636
6511.23,-71.552
6511.72,-73.523
6512.21,-72.313
6512.70,-71.634
6513.18,-72.829
6513.67,-71.907
6514.16,-73.169
6514.65,-71.667
6515.14,-73.533
6515.62,-73.487
6516.11,-71.411
6516.60,-71.688
6517.09,-71.656
6517.58,-71.560
6518.07,-70.965
6518.55,-73.242
6519.04,-72.011
6519.53,-72.375
6520.02,-71.414
6520.51,-73.051
6521.00,-72.197
6521.48,-73.312
6521.97,-72.825
6522.46,-73.260
6522.95,-71.911
6523.44,-72.350
6523.93,-73.154
6524.41,-72.324
6524.90,-72.528
6525.39,-72.118
6525.88,-72.730
6526.37,-73.872
6526.86,-74.537
6527.34,-74.156
6527.83,-73.002
6528.32,-74.070
6528.81,-73.668
6529.30,-72.634
6529.79,-72.250
6530.27,-74.196
6530.76,-73.183
6531.25,-75.055
6531.74,-73.659
6532.23,-72.734
6532.71,-74.701
6533.20,-75.206
6533.69,-74.690
6534.18,-75.073
6534.67,-74.141
6535.16,-74.636
6535.64,-72.995
6536.13,-74.867
6536.62,-75.039
6537.11,-75.028
6537.60,-73.158
6538.09,-74.435
6538.57,-74.198
6539.06,-74.154
6539.55,-73.718
6540.04,-73.739
6540.53,-74.567
6541.02,-73.962
6541.50,-74.787
6541.99,-74.492
6542.48,-75.020
6542.97,-74.060
6543.46,-73.413
6543.95,-73.483
6544.43,-74.658
6544.92,-74.479
6545.41,-74.398
6545.90,-75.614
6546.39,-73.398
6546.88,-75.431
6547.36,-76.327
6547.85,-74.800
6548.34,-75.194
6548.83,-75.428
6549.32,-75.015
6549.80,-74.863
6550.29,-75.950
6550.78,-76.744
6551.27,-77.443
6551.76,-75.544
6552.25,-76.389
6552.73,-75.678
6553.22,-74.974
6553.71,-75.097
6554.20,-76.063
6554.69,-77.142
6555.18,-76.901
6555.66,-76.561
6556.15,-77.247
6556.64,-74.213
6557.13,-76.227
6557.62,-77.750
6558.11,-77.757
6558.59,-77.924
6559.08,-76.476
6559.57,-76.240
6560.06,-76.137
6560.55,-76.369
6561.04,-76.952
6561.52,-77.187
6562.01,-76.698
6562.50,-76.948
6562.99,-79.146
6563.48,-76.807
6563.96,-77.704
6564.45,-76.843
6564.94,-76.209
6565.43,-77.502
6565.92,-75.972
6566.41,-76.251
6566.89,-77.153
6567.38,-76.846
6567.87,-77.474
6568.36,-77.747
6568.85,-76.424
6569.34,-76.041
6569.82,-76.900
6570.31,-77.742
6570.80,-79.175
6571.29,-77.121
6571.78,-78.953
6572.27,-76.735
6572.75,-78.922
6573.24,-79.272
6573.73,-77.735
6574.22,-77.235
6574.71,-77.453
6575.20,-76.657
6575.68,-77.662
6576.17,-79.345
6576.66,-77.159
6577.15,-77.867
6577.64,-77.383
6578.12,-78.237
6578.61,-78.158
6579.10,-78.797
6579.59,-77.536
6580.08,-79.138
6580.57,-78.109
6581.05,-79.128
6581.54,-78.151
6582.03,-79.068
6582.52,-78.712
6583.01,-80.913
6583.50,-78.390
6583.98,-77.099
6584.47,-77.638
6584.96,-78.033
6585.45,-79.066
6585.94,-78.896
6586.43,-77.468
6586.91,-79.218
6587.40,-79.324
6587.89,-79.569
6588.38,-78.429
6588.87,-78.645
6589.36,-78.546
6589.84,-79.600
6590.33,-78.674
6590.82,-77.551
6591.31,-78.462
6591.80,-79.170
6592.29,-78.385
6592.77,-79.620
6593.26,-79.435
6593.75,-80.098
6594.24,-80.225
6594.73,-80.564
6595.21,-80.788
6595.70,-80.002
6596.19,-79.284
6596.68,-80.924
6597.17,-79.643
6597.66,-81.557
6598.14,-82.539
6598.63,-80.903
6599.12,-81.360
6599.61,-80.636
6600.10,-80.110
6600.59,-79.714
6601.07,-80.050
6601.56,-79.969
6602.05,-78.287
6602.54,-80.104
6603.03,-81.663
6603.52,-80.863
6604.00,-81.124
6604.49,-80.301
6604.98,-80.985
6605.47,-81.032
6605.96,-80.588
6606.45,-82.107
6606.93,-80.129
6607.42,-79.863
6607.91,-80.172
6608.40,-82.149
6608.89,-83.038
6609.38,-79.960
6609.86,-81.199
6610.35,-79.910
6610.84,-81.052
6611.33,-81.342
6611.82,-81.461
6612.30,-82.018
6612.79,-82.567
6613.28,-80.313
6613.77,-81.727
6614.26,-82.698
6614.75,-80.814
6615.23,-80.223
6615.72,-80.206
6616.21,-81.644
6616.70,-81.434
6617.19,-79.727
6617.68,-81.431
6618.16,-81.485
6618.65,-80.700
6619.14,-81.356
6619.63,-80.582
6620.12,-81.327
6620.61,-81.891
6621.09,-82.522
6621.58,-80.242
6622.07,-81.683
6622.56,-81.796
6623.05,-82.535
6623.54,-81.624
6624.02,-82.176
6624.51,-80.921
6625.00,-82.666
6625.49,-81.407
6625.98,-82.573
6626.46,-81.697
6626.95,-81.279
6627.44,-82.251
6627.93,-81.772
6628.42,-82.508
6628.91,-81.777
6629.39,-83.176
6629.88,-82.562
6630.37,-81.768
6630.86,-80.667
6631.35,-83.215
6631.84,-82.175
6632.32,-82.024
6632.81,-82.969
6633.30,-81.237
6633.79,-83.289
6634.28,-83.270
6634.77,-83.570
6635.25,-83.735
6635.74,-83.282
6636.23,-83.349
6636.72,-84.702
6637.21,-82.234
6637.70,-81.089
6638.18,-84.576
6638.67,-83.984
6639.16,-84.978
6639.65,-83.412
6640.14,-84.726
6640.62,-83.227
6641.11,-82.658
6641.60,-81.676
6642.09,-82.865
6642.58,-82.983
6643.07,-82.274
6643.55,-81.896
6644.04,-83.818
6644.53,-84.132
6645.02,-84.663
6645.51,-83.351
6646.00,-83.164
6646.48,-83.457
6646.97,-84.490
6647.46,-83.072
6647.95,-83.367
6648.44,-83.749
6648.93,-84.412
6649.41,-83.344
6649.90,-82.444
6650.39,-85.582
6650.88,-83.231
6651.37,-86.272
6651.86,-85.008
6652.34,-83.625
6652.83,-83.582
6653.32,-83.677
6653.81,-85.391
6654.30,-83.536
6654.79,-84.215
6655.27,-85.637
6655.76,-85.329
6656.25,-85.486
6656.74,-85.833
6657.23,-85.087
6657.71,-84.213
6658.20,-83.888
6658.69,-83.965
6659.18,-83.201
6659.67,-85.430
6660.16,-85.727
6660.64,-83.256
6661.13,-83.046
6661.62,-84.669
6662.11,-85.173
6662.60,-84.500
6663.09,-82.534
6663.57,-85.094
6664.06,-84.694
6664.55,-84.936
6665.04,-85.136
6665.53,-84.659
6666.02,-84.126
6666.50,-86.190
6666.99,-85.223
6667.48,-84.650
6667.97,-84.046
6668.46,-84.848
6668.95,-85.157
6669.43,-84.777
6669.92,-84.428
6670.41,-84.422
6670.90,-84.810
6671.39,-85.681
6671.88,-86.229
6672.36,-85.874
6672.85,-86.399
6673.34,-85.454
6673.83,-85.171
6674.32,-86.754
6674.80,-85.155
6675.29,-85.671
6675.78,-85.335
6676.27,-85.696
6676.76,-86.090
6677.25,-84.089
6677.73,-86.252
6678.22,-85.425
6678.71,-85.368
6679.20,-85.127
6679.69,-84.497
6680.18,-84.861
6680.66,-85.467
6681.15,-84.630
6681.64,-85.556
6682.13,-85.762
6682.62,-85.787
6683.11,-87.848
6683.59,-88.071
6684.08,-88.858
6684.57,-86.258
6685.06,-85.878
6685.55,-87.457
6686.04,-87.550
6686.52,-85.603
6687.01,-84.440
6687.50,-85.005
6687.99,-87.861
6688.48,-86.071
6688.96,-86.125
6689.45,-86.526
6689.94,-86.930
6690.43,-87.754
6690.92,-87.142
6691.41,-87.306
6691.89,-87.623
6692.38,-85.368
6692.87,-87.125
6693.36,-87.846
6693.85,-87.693
6694.34,-87.407
6694.82,-86.890
6695.31,-87.379
6695.80,-86.788
6696.29,-86.594
6696.78,-85.820
6697.27,-87.843
6697.75,-89.226
6698.24,-87.674
6698.73,-87.608
6699.22,-89.396
6699.71,-86.635
6700.20,-86.324
6700.68,-87.880
6701.17,-86.689
6701.66,-86.625
6702.15,-85.795
6702.64,-85.989
6703.12,-86.210
6703.61,-86.010
6704.10,-86.495
6704.59,-85.389
6705.08,-86.804
6705.57,-87.870
6706.05,-88.148
6706.54,-88.156
6707.03,-87.485
6707.52,-87.920
6708.01,-87.218
6708.50,-86.853
6708.98,-88.265
6709.47,-86.834
6709.96,-86.635
6710.45,-86.538
6710.94,-88.023
6711.43,-89.068
6711.91,-90.687
6712.40,-87.565
6712.89,-88.455
6713.38,-88.408
6713.87,-88.200
6714.36,-88.631
6714.84,-86.634
6715.33,-88.616
6715.82,-88.419
6716.31,-88.325
6716.80,-88.752
6717.29,-88.439
6717.77,-85.776
6718.26,-88.337
6718.75,-89.250
6719.24,-88.690
6719.73,-89.044
6720.21,-87.515
6720.70,-88.913
6721.19,-89.078
6721.68,-88.719
6722.17,-89.382
6722.66,-87.538
6723.14,-88.698
6723.63,-89.031
6724.12,-89.638
6724.61,-88.438
6725.10,-89.212
6725.59,-88.061
6726.07,-88.246
6726.56,-87.336
6727.05,-88.556
6727.54,-88.224
6728.03,-87.396
6728.52,-88.673
6729.00,-89.158
6729.49,-87.937
6729.98,-86.317
6730.47,-88.609
6730.96,-87.550
6731.45,-88.898
6731.93,-88.499
6732.42,-90.484
6732.91,-88.601
6733.40,-89.491
6733.89,-88.282
6734.38,-87.430
6734.86,-89.560
6735.35,-87.906
6735.84,-89.091
6736.33,-90.207
6736.82,-90.022
6737.30,-89.730
6737.79,-88.402
6738.28,-87.971
6738.77,-88.992
6739.26,-87.670
6739.75,-88.585
6740.23,-89.725
6740.72,-88.644
6741.21,-89.503
6741.70,-88.946
6742.19,-89.724
6742.68,-89.633
6743.16,-88.312
6743.65,-88.531
6744.14,-89.806
6744.63,-88.722
6745.12,-88.640
6745.61,-89.340
6746.09,-88.060
6746.58,-89.271
6747.07,-89.438
6747.56,-89.438
6748.05,-89.326
6748.54,-90.695
6749.02,-90.324
6749.51,-90.489
6750.00,-89.908
6750.49,-89.724
6750.98,-88.705
6751.46,-88.870
6751.95,-90.011
6752.44,-88.560
6752.93,-88.767
6753.42,-89.409
6753.91,-89.839
6754.39,-89.631
6754.88,-88.062
6755.37,-89.118
6755.86,-90.420
6756.35,-91.824
6756.84,-89.272
6757.32,-89.216
6757.81,-88.805
6758.30,-88.682
6758.79,-90.370
6759.28,-90.422
6759.77,-90.230
6760.25,-90.792
6760.74,-88.849
6761.23,-89.617
6761.72,-88.028
6762.21,-90.079
6762.70,-89.325
6763.18,-90.822
6763.67,-90.199
6764.16,-89.883
6764.65,-90.106
6765.14,-89.539
6765.62,-90.344
6766.11,-91.388
6766.60,-90.868
6767.09,-90.387
6767.58,-89.552
6768.07,-89.572
6768.55,-89.387
6769.04,-91.387
6769.53,-91.216
6770.02,-91.189
6770.51,-89.549
6771.00,-90.712
6771.48,-89.835
6771.97,-90.720
6772.46,-91.294
6772.95,-91.365
6773.44,-90.853
6773.93,-89.758
6774.41,-90.128
6774.90,-89.831
6775.39,-92.648
6775.88,-90.061
6776.37,-90.254
6776.86,-90.130
6777.34,-89.951
6777.83,-90.125
6778.32,-90.106
6778.81,-89.633
6779.30,-89.145
6779.79,-90.905
6780.27,-89.586
6780.76,-89.772
6781.25,-89.474
6781.74,-91.284
6782.23,-89.188
6782.71,-89.623
6783.20,-90.067
6783.69,-89.821
6784.18,-89.944
6784.67,-92.631
6785.16,-91.708
6785.64,-91.364
6786.13,-90.651
6786.62,-92.583
6787.11,-91.247
6787.60,-91.773
6788.09,-90.470
6788.57,-89.268
6789.06,-88.777
6789.55,-91.311
6790.04,-90.136
6790.53,-90.164
6791.02,-90.546
6791.50,-90.889
6791.99,-91.176
6792.48,-92.915
6792.97,-92.278
6793.46,-91.061
6793.95,-92.022
6794.43,-91.308
6794.92,-91.190
6795.41,-90.993
6795.90,-91.366
6796.39,-92.946
6796.88,-93.118
6797.36,-90.754
6797.85,-89.283
6798.34,-90.550
6798.83,-88.997
6799.32,-92.324
6799.80,-89.891
6800.29,-90.442
6800.78,-91.363
6801.27,-90.157
6801.76,-92.688
6802.25,-89.840
6802.73,-91.008
6803.22,-92.031
6803.71,-92.462
6804.20,-90.939
6804.69,-91.355
6805.18,-91.681
6805.66,-92.467
6806.15,-91.899
6806.64,-91.046
6807.13,-92.065
6807.62,-92.376
6808.11,-92.153
6808.59,-91.333
6809.08,-90.432
6809.57,-91.909
6810.06,-91.723
6810.55,-94.255
6811.04,-90.163
6811.52,-91.702
6812.01,-92.155
6812.50,-91.337
6812.99,-93.016
6813.48,-91.888
6813.96,-91.745
6814.45,-91.931
6814.94,-91.402
6815.43,-92.483
6815.92,-92.130
6816.41,-92.969
6816.89,-92.313
6817.38,-90.196
6817.87,-91.058
6818.36,-91.164
6818.85,-92.617
6819.34,-91.945
6819.82,-92.736
6820.31,-93.262
6820.80,-91.265
6821.29,-92.493
6821.78,-91.994
6822.27,-92.123
6822.75,-92.654
6823.24,-92.554
6823.73,-91.449
6824.22,-91.070
6824.71,-92.314
6825.20,-93.486
6825.68,-92.468
6826.17,-92.624
6826.66,-92.257
6827.15,-93.854
6827.64,-93.135
6828.12,-91.810
6828.61,-93.062
6829.10,-91.670
6829.59,-93.334
6830.08,-92.363
6830.57,-92.507
6831.05,-91.880
6831.54,-91.965
6832.03,-92.289
6832.52,-93.196
6833.01,-94.444
6833.50,-92.479
6833.98,-93.031
6834.47,-92.221
6834.96,-93.140
6835.45,-93.614
6835.94,-93.591
6836.43,-93.327
6836.91,-91.672
6837.40,-92.105
6837.89,-93.863
6838.38,-93.791
6838.87,-92.832
6839.36,-92.565
6839.84,-92.838
6840.33,-93.746
6840.82,-92.466
6841.31,-92.928
6841.80,-91.304
6842.29,-91.191
6842.77,-92.926
6843.26,-93.948
6843.75,-93.248
6844.24,-92.379
6844.73,-93.060
6845.21,-93.362
6845.70,-92.529
6846.19,-92.971
6846.68,-94.343
6847.17,-93.803
6847.66,-95.015
6848.14,-91.463
6848.63,-92.386
6849.12,-93.588
6849.61,-93.818
6850.10,-91.599
6850.59,-93.510
6851.07,-93.224
6851.56,-93.974
6852.05,-92.563
6852.54,-92.650
6853.03,-93.543
6853.52,-92.124
6854.00,-91.994
6854.49,-92.954
6854.98,-91.931
6855.47,-91.622
6855.96,-91.100
6856.45,-92.909
6856.93,-93.236
6857.42,-91.183
6857.91,-93.924
6858.40,-94.192
6858.89,-91.489
6859.38,-92.585
6859.86,-92.998
6860.35,-93.840
6860.84,-93.076
6861.33,-92.061
6861.82,-92.323
6862.30,-92.731
6862.79,-93.243
6863.28,-94.467
6863.77,-92.634
6864.26,-93.568
6864.75,-93.254
6865.23,-92.810
6865.72,-93.132
6866.21,-93.964
6866.70,-93.616
6867.19,-92.879
6867.68,-92.988
6868.16,-92.646
6868.65,-93.780
6869.14,-92.441
6869.63,-92.677
6870.12,-94.917
6870.61,-94.282
6871.09,-94.288
6871.58,-95.099
6872.07,-94.293
6872.56,-93.739
6873.05,-94.543
6873.54,-92.914
6874.02,-92.425
6874.51,-92.545
6875.00,-94.380
6875.49,-93.728
6875.98,-94.081
6876.46,-92.758
6876.95,-93.294
6877.44,-94.457
6877.93,-94.767
6878.42,-92.393
6878.91,-94.587
6879.39,-94.560
6879.88,-92.866
6880.37,-95.837
6880.86,-93.160
6881.35,-94.619
6881.84,-94.317
6882.32,-93.716
6882.81,-93.620
6883.30,-93.138
6883.79,-92.057
6884.28,-92.952
6884.77,-94.253
6885.25,-93.534
6885.74,-93.202
6886.23,-93.390
6886.72,-93.635
6887.21,-93.837
6887.70,-94.679
6888.18,-95.723
6888.67,-94.383
6889.16,-96.072
6889.65,-96.190
6890.14,-94.794
6890.62,-94.224
6891.11,-94.344
6891.60,-94.397
6892.09,-94.964
6892.58,-95.146
6893.07,-95.653
6893.55,-94.298
6894.04,-92.745
6894.53,-94.382
6895.02,-93.526
6895.51,-94.047
6896.00,-94.885
6896.48,-94.334
6896.97,-94.165
6897.46,-94.227
6897.95,-95.140
6898.44,-93.556
6898.93,-91.925
6899.41,-93.936
6899.90,-94.415
6900.39,-93.648
6900.88,-92.630
6901.37,-94.257
6901.86,-95.001
6902.34,-94.468
6902.83,-94.049
6903.32,-94.736
6903.81,-92.211
6904.30,-93.710
6904.79,-92.962
6905.27,-94.782
6905.76,-95.637
6906.25,-95.366
6906.74,-95.409
6907.23,-94.298
6907.71,-93.379
6908.20,-94.930
6908.69,-95.595
6909.18,-94.603
6909.67,-94.486
6910.16,-95.295
6910.64,-94.131
6911.13,-93.182
6911.62,-93.845
6912.11,-93.682
6912.60,-93.290
6913.09,-94.436
6913.57,-92.970
6914.06,-94.475
6914.55,-94.633
6915.04,-95.635
6915.53,-95.458
6916.02,-95.612
6916.50,-95.073
6916.99,-94.512
6917.48,-93.841
6917.97,-94.049
6918.46,-96.674
6918.95,-95.770
6919.43,-96.590
6919.92,-95.357
6920.41,-93.368
6920.90,-94.004
6921.39,-93.697
6921.88,-93.719
6922.36,-94.177
6922.85,-94.742
6923.34,-94.347
6923.83,-94.638
6924.32,-93.651
6924.80,-94.192
6925.29,-94.402
6925.78,-94.446
6926.27,-94.474
6926.76,-93.087
6927.25,-93.261
6927.73,-94.040
6928.22,-94.899
6928.71,-93.498
6929.20,-94.749
6929.69,-95.274
6930.18,-96.757
6930.66,-96.342
6931.15,-96.308
6931.64,-95.805
6932.13,-94.552
6932.62,-94.422
6933.11,-92.969
6933.59,-94.019
6934.08,-94.493
6934.57,-95.319
6935.06,-94.169
6935.55,-94.341
6936.04,-95.569
6936.52,-94.924
6937.01,-95.343
6937.50,-94.790
6937.99,-94.631
6938.48,-95.075
6938.96,-94.304
6939.45,-94.159
6939.94,-94.878
6940.43,-94.890
6940.92,-94.869
6941.41,-95.222
6941.89,-94.594
6942.38,-94.312
6942.87,-94.152
6943.36,-95.507
6943.85,-95.854
6944.34,-96.728
6944.82,-96.386
6945.31,-95.641
6945.80,-96.001
6946.29,-95.617
6946.78,-95.148
6947.27,-95.012
6947.75,-94.687
6948.24,-96.265
6948.73,-95.242
6949.22,-95.296
6949.71,-94.762
6950.20,-94.769
6950.68,-95.368
6951.17,-93.486
6951.66,-94.959
6952.15,-93.198
6952.64,-93.512
6953.12,-95.543
6953.61,-96.588
6954.10,-94.418
6954.59,-94.888
6955.08,-93.918
6955.57,-96.040
6956.05,-95.522
6956.54,-96.148
6957.03,-95.515
6957.52,-94.264
6958.01,-94.852
6958.50,-95.774
6958.98,-95.340
6959.47,-95.085
6959.96,-95.252
6960.45,-95.802
6960.94,-96.110
6961.43,-95.245
6961.91,-96.155
6962.40,-93.824
6962.89,-95.808
6963.38,-95.229
6963.87,-95.500
6964.36,-95.638
6964.84,-93.403
6965.33,-94.652
6965.82,-94.561
6966.31,-95.329
6966.80,-94.448
6967.29,-94.160
6967.77,-95.691
6968.26,-94.724
6968.75,-95.106
6969.24,-95.405
6969.73,-95.741
6970.21,-95.395
6970.70,-94.312
6971.19,-94.008
6971.68,-94.783
6972.17,-95.927
6972.66,-96.867
6973.14,-93.615
6973.63,-93.769
6974.12,-94.669
6974.61,-93.964
6975.10,-93.988
6975.59,-94.761
6976.07,-93.938
6976.56,-94.853
6977.05,-96.503
6977.54,-95.584
6978.03,-94.075
6978.52,-95.687
6979.00,-94.475
6979.49,-95.373
6979.98,-93.912
6980.47,-94.558
6980.96,-94.171
6981.45,-93.913
6981.93,-92.854
6982.42,-95.647
6982.91,-96.160
6983.40,-95.742
6983.89,-95.489
6984.38,-95.195
6984.86,-95.121
6985.35,-95.965
6985.84,-94.966
6986.33,-95.905
6986.82,-94.861
6987.30,-95.270
6987.79,-94.448
6988.28,-95.356
6988.77,-95.642
6989.26,-95.255
6989.75,-94.110
6990.23,-95.150
6990.72,-95.315
6991.21,-94.612
6991.70,-94.877
6992.19,-93.918
6992.68,-95.303
6993.16,-96.767
6993.65,-96.111
6994.14,-95.199
6994.63,-94.988
6995.12,-94.498
6995.61,-95.437
6996.09,-94.448
6996.58,-94.496
6997.07,-94.752
6997.56,-95.491
6998.05,-96.190
6998.54,-96.471
6999.02,-95.489
6999.51,-95.186
7000.00,-93.349
7000.49,-95.505
7000.98,-95.247
7001.46,-94.667
7001.95,-94.472
7002.44,-96.177
7002.93,-95.040
7003.42,-95.546
7003.91,-95.136
7004.39,-95.427
7004.88,-93.225
7005.37,-94.653
7005.86,-95.804
7006.35,-94.674
7006.84,-93.838
7007.32,-95.793
7007.81,-95.274
7008.30,-94.159
7008.79,-94.434
7009.28,-94.116
7009.77,-94.724
7010.25,-93.191
7010.74,-94.239
7011.23,-96.482
7011.72,-95.154
7012.21,-94.794
7012.70,-95.480
7013.18,-94.119
7013.67,-93.082
7014.16,-95.160
7014.65,-94.467
7015.14,-94.463
7015.62,-95.527
7016.11,-94.565
7016.60,-95.042
7017.09,-95.817
7017.58,-93.692
7018.07,-94.039
7018.55,-93.159
7019.04,-92.818
7019.53,-95.701
7020.02,-93.216
7020.51,-94.423
7021.00,-93.864
7021.48,-95.034
7021.97,-95.288
7022.46,-93.898
7022.95,-95.709
7023.44,-94.678
7023.93,-95.534
7024.41,-95.856
7024.90,-94.976
7025.39,-94.499
7025.88,-95.028
7026.37,-94.201
7026.86,-95.276
7027.34,-93.001
7027.83,-95.238
7028.32,-96.628
7028.81,-94.422
7029.30,-96.277
7029.79,-94.601
7030.27,-94.424
7030.76,-94.515
7031.25,-95.981
7031.74,-94.837
7032.23,-96.312
7032.71,-96.750
7033.20,-95.317
7033.69,-95.444
7034.18,-95.714
7034.67,-94.866
7035.16,-94.897
7035.64,-94.672
7036.13,-96.205
7036.62,-94.763
7037.11,-94.769
7037.60,-94.688
7038.09,-94.819
7038.57,-94.241
7039.06,-96.085
7039.55,-94.468
7040.04,-93.600
7040.53,-94.154
7041.02,-94.656
7041.50,-94.806
7041.99,-96.757
7042.48,-94.427
7042.97,-94.844
7043.46,-94.828
7043.95,-94.729
7044.43,-95.560
7044.92,-95.610
7045.41,-94.783
7045.90,-95.907
7046.39,-95.017
7046.88,-96.218
7047.36,-95.578
7047.85,-94.383
7048.34,-95.036
7048.83,-94.678
7049.32,-96.361
7049.80,-94.970
7050.29,-94.972
7050.78,-95.867
7051.27,-96.448
7051.76,-94.424
7052.25,-95.671
7052.73,-96.420
7053.22,-94.794
7053.71,-94.514
7054.20,-95.337
7054.69,-95.970
7055.18,-94.786
7055.66,-95.318
7056.15,-96.483
7056.64,-96.708
7057.13,-94.861
7057.62,-94.592
7058.11,-96.493
7058.59,-97.173
7059.08,-96.322
7059.57,-96.193
7060.06,-95.710
7060.55,-96.175
7061.04,-94.723
7061.52,-96.122
7062.01,-96.747
7062.50,-96.469
7062.99,-95.723
7063.48,-97.624
7063.96,-97.089
7064.45,-95.071
7064.94,-96.216
7065.43,-96.250
7065.92,-97.092
7066.41,-97.401
7066.89,-95.774
7067.38,-96.123
7067.87,-96.906
7068.36,-94.993
7068.85,-96.853
7069.34,-97.052
7069.82,-95.615
7070.31,-95.530
7070.80,-96.380
7071.29,-97.371
7071.78,-95.913
7072.27,-95.740
7072.75,-96.693
7073.24,-96.083
7073.73,-97.959
7074.22,-96.179
7074.71,-98.993
7075.20,-97.244
7075.68,-97.263
7076.17,-97.488
7076.66,-97.719
7077.15,-97.892
7077.64,-97.362
7078.12,-96.461
7078.61,-96.214
7079.10,-97.625
7079.59,-98.095
7080.08,-97.660
7080.57,-99.675
7081.05,-98.939
7081.54,-98.483
7082.03,-97.392
7082.52,-96.595
7083.01,-97.838
7083.50,-98.689
7083.98,-97.917
7084.47,-97.755
7084.96,-99.232
7085.45,-98.455
7085.94,-99.063
7086.43,-99.088
7086.91,-99.702
7087.40,-97.816
7087.89,-97.712
7088.38,-98.812
7088.87,-98.179
7089.36,-97.987
7089.84,-98.569
7090.33,-98.810
7090.82,-97.779
7091.31,-98.706
7091.80,-98.967
7092.29,-97.598
7092.77,-98.502
7093.26,-98.801
7093.75,-98.935
7094.24,-98.220
7094.73,-99.405
7095.21,-100.031
7095.70,-98.837
7096.19,-99.543
7096.68,-99.856
7097.17,-100.388
7097.66,-99.942
7098.14,-100.332
7098.63,-99.653
7099.12,-100.028
7099.61,-101.850
7100.10,-100.419
7100.59,-98.292
7101.07,-100.858
7101.56,-100.811
7102.05,-100.150
7102.54,-99.241
7103.03,-100.293
7103.52,-100.320
7104.00,-100.088
7104.49,-100.770
7104.98,-100.579
7105.47,-99.498
7105.96,-100.324
7106.45,-100.151
7106.93,-99.570
7107.42,-100.006
7107.91,-99.590
7108.40,-101.071
7108.89,-100.644
7109.38,-99.859
7109.86,-99.742
7110.35,-101.999
7110.84,-101.746
7111.33,-100.488
7111.82,-100.709
7112.30,-100.785
7112.79,-101.313
7113.28,-101.451
7113.77,-102.036
7114.26,-102.018
7114.75,-102.144
7115.23,-101.862
7115.72,-101.961
7116.21,-102.180
7116.70,-101.527
7117.19,-101.900
7117.68,-102.477
7118.16,-101.476
7118.65,-101.501
7119.14,-101.580
7119.63,-100.585
7120.12,-102.122
7120.61,-103.403
7121.09,-102.591
7121.58,-102.492
7122.07,-101.848
7122.56,-103.015
7123.05,-100.573
7123.54,-101.236
7124.02,-102.685
7124.51,-102.431
7125.00,-103.197
7125.49,-101.775
7125.98,-102.985
7126.46,-103.855
7126.95,-102.778
7127.44,-103.138
7127.93,-102.137
7128.42,-102.236
7128.91,-102.800
7129.39,-101.973
7129.88,-103.762
7130.37,-102.693
7130.86,-102.129
7131.35,-103.724
7131.84,-104.520
7132.32,-102.961
7132.81,-103.122
7133.30,-102.823
7133.79,-103.333
7134.28,-102.081
7134.77,-103.712
7135.25,-103.122
7135.74,-102.652
7136.23,-103.123
7136.72,-102.473
7137.21,-102.881
7137.70,-102.312
7138.18,-103.193
7138.67,-102.359
7139.16,-102.552
7139.65,-103.329
7140.14,-103.981
7140.62,-104.160
7141.11,-104.250
7141.60,-103.466
7142.09,-104.489
7142.58,-104.932
7143.07,-103.399
7143.55,-104.466
7144.04,-104.732
7144.53,-104.523
7145.02,-104.057
7145.51,-104.093
7146.00,-103.149
7146.48,-103.576
7146.97,-103.549
7147.46,-104.436
7147.95,-105.623
7148.44,-104.083
7148.93,-104.439
7149.41,-104.419
7149.90,-104.382
7150.39,-104.085
7150.88,-104.415
7151.37,-104.645
7151.86,-105.099
7152.34,-105.061
7152.83,-104.513
7153.32,-104.711
7153.81,-104.457
7154.30,-104.770
7154.79,-105.213
7155.27,-104.864
7155.76,-104.922
7156.25,-104.434
7156.74,-104.652
7157.23,-105.103
7157.71,-104.503
7158.20,-105.787
7158.69,-105.346
7159.18,-105.552
7159.67,-105.218
7160.16,-105.437
7160.64,-104.409
7161.13,-105.683
7161.62,-105.272
7162.11,-105.742
7162.60,-105.294
7163.09,-106.215
7163.57,-106.263
7164.06,-105.567
7164.55,-105.925
7165.04,-105.797
7165.53,-104.774
7166.02,-104.918
7166.50,-105.528
7166.99,-104.856
7167.48,-105.232
7167.97,-106.039
7168.46,-105.844
7168.95,-104.972
7169.43,-106.069
7169.92,-105.644
7170.41,-105.219
7170.90,-106.166
7171.39,-106.074
7171.88,-105.104
7172.36,-104.954
7172.85,-105.642
7173.34,-105.572
7173.83,-105.469
7174.32,-105.627
7174.80,-105.557
7175.29,-105.571
7175.78,-105.654
7176.27,-105.408
7176.76,-105.953
7177.25,-105.574
7177.73,-105.853
7178.22,-105.974
7178.71,-105.874
7179.20,-105.657
7179.69,-106.503
7180.18,-106.125
7180.66,-106.356
7181.15,-106.245
7181.64,-106.530
7182.13,-106.380
7182.62,-105.721
7183.11,-105.995
7183.59,-105.782
7184.08,-105.902
7184.57,-105.990
7185.06,-105.656
7185.55,-106.611
7186.04,-106.208
7186.52,-105.936
7187.01,-106.435
7187.50,-106.061
7187.99,-106.211
7188.48,-106.185
7188.96,-106.364
7189.45,-106.212
7189.94,-105.957
7190.43,-105.952
7190.92,-105.974
7191.41,-106.203
7191.89,-106.407
7192.38,-106.268
7192.87,-106.291
7193.36,-106.220
7193.85,-106.075
7194.34,-106.146
7194.82,-106.354
7195.31,-106.536
7195.80,-106.456
7196.29,-106.524
7196.78,-106.068
7197.27,-106.296
7197.75,-106.331
7198.24,-106.377
7198.73,-105.699
7199.22,-106.377
7199.71,-106.364
7200.20,-106.506
7200.68,-107.053
7201.17,-107.198
7201.66,-106.694
7202.15,-105.969
7202.64,-107.444
7203.12,-106.561
7203.61,-106.953
7204.10,-107.077
7204.59,-106.723
7205.08,-107.366
7205.57,-106.749
7206.05,-106.681
7206.54,-106.846
7207.03,-107.082
7207.52,-106.826
7208.01,-106.060
7208.50,-106.876
7208.98,-106.506
7209.47,-106.706
7209.96,-107.083
7210.45,-107.480
7210.94,-107.056
7211.43,-106.541
7211.91,-107.152
7212.40,-106.924
7212.89,-106.504
7213.38,-106.883
7213.87,-106.717
7214.36,-106.781
7214.84,-107.006
7215.33,-106.921
7215.82,-107.099
7216.31,-107.007
7216.80,-106.705
7217.29,-107.031
7217.77,-106.962
7218.26,-106.914
7218.75,-107.001
7219.24,-106.608
7219.73,-107.059
7220.21,-106.911
7220.70,-107.116
7221.19,-106.768
7221.68,-107.476
7222.17,-107.078
7222.66,-107.466
7223.14,-107.387
7223.63,-107.322
7224.12,-107.786
7224.61,-106.821
7225.10,-107.135
7225.59,-107.724
7226.07,-107.328
7226.56,-106.999
7227.05,-107.020
7227.54,-107.002
7228.03,-106.801
7228.52,-107.384
7229.00,-107.377
7229.49,-107.225
7229.98,-106.846
7230.47,-107.063
7230.96,-107.107
7231.45,-107.239
7231.93,-107.463
7232.42,-107.448
7232.91,-107.279
7233.40,-106.911
7233.89,-107.712
7234.38,-107.088
7234.86,-107.025
7235.35,-106.731
7235.84,-106.739
7236.33,-107.097
7236.82,-107.031
7237.30,-107.192
7237.79,-107.076
7238.28,-107.369
7238.77,-107.265
7239.26,-107.269
7239.75,-106.830
7240.23,-107.601
7240.72,-107.247
7241.21,-107.147
7241.70,-107.260
7242.19,-107.451
7242.68,-107.018
7243.16,-107.195
7243.65,-107.128
7244.14,-107.399
7244.63,-107.112
7245.12,-107.708
7245.61,-107.547
7246.09,-107.016
7246.58,-107.127
7247.07,-107.585
7247.56,-107.198
7248.05,-107.469
7248.54,-107.122
7249.02,-107.263
7249.51,-107.270
7250.00,-107.079
7250.49,-107.210
7250.98,-107.310
7251.46,-107.377
7251.95,-107.244
7252.44,-107.226
7252.93,-107.413
7253.42,-107.533
7253.91,-107.144
7254.39,-107.211
7254.88,-107.326
7255.37,-107.179
7255.86,-107.418
7256.35,-107.551
7256.84,-107.198
7257.32,-107.529
7257.81,-106.806
7258.30,-107.129
7258.79,-107.193
7259.28,-107.256
7259.77,-107.401
7260.25,-107.363
7260.74,-107.466
7261.23,-107.557
7261.72,-107.015
7262.21,-107.506
7262.70,-107.290
7263.18,-107.041
7263.67,-107.442
7264.16,-107.479
7264.65,-107.376
7265.14,-107.361
7265.62,-107.287
7266.11,-107.529
7266.60,-107.456
7267.09,-107.374
7267.58,-107.823
7268.07,-107.529
7268.55,-107.373
7269.04,-107.467
7269.53,-107.509
7270.02,-107.294
7270.51,-107.501
7271.00,-107.380
7271.48,-107.578
7271.97,-107.600
7272.46,-107.475
7272.95,-107.529
7273.44,-107.332
7273.93,-107.328
7274.41,-107.622
7274.90,-107.685
7275.39,-107.294
7275.88,-107.344
7276.37,-107.481
7276.86,-107.319
7277.34,-107.298
7277.83,-107.344
7278.32,-107.542
7278.81,-107.660
7279.30,-107.491
7279.79,-107.461
7280.27,-107.442
7280.76,-107.436
7281.25,-107.630
7281.74,-107.531
7282.23,-107.344
7282.71,-107.565
7283.20,-107.446
7283.69,-107.350
7284.18,-107.486
7284.67,-107.522
7285.16,-107.467
7285.64,-107.418
7286.13,-107.609
7286.62,-107.501
7287.11,-107.495
7287.60,-107.659
7288.09,-107.323
7288.57,-107.419
7289.06,-107.613
7289.55,-107.679
7290.04,-107.570
7290.53,-107.431
7291.02,-107.534
7291.50,-107.305
7291.99,-107.643
7292.48,-107.377
7292.97,-107.364
7293.46,-107.532
7293.95,-107.518
7294.43,-107.335
7294.92,-107.573
7295.41,-107.465
7295.90,-107.533
7296.39,-107.690
7296.88,-107.589
7297.36,-107.527
7297.85,-107.497
7298.34,-107.525
7298.83,-107.498
7299.32,-107.469
7299.80,-107.515
7300.29,-107.425
7300.78,-107.583
7301.27,-107.433
7301.76,-107.454
7302.25,-107.495
7302.73,-107.625
7303.22,-107.583
7303.71,-107.392
7304.20,-107.385
7304.69,-107.594
7305.18,-107.464
7305.66,-107.402
7306.15,-107.596
7306.64,-107.601
7307.13,-107.552
7307.62,-107.525
7308.11,-107.577
7308.59,-107.487
7309.08,-107.440
7309.57,-107.615
7310.06,-107.633
7310.55,-107.506
7311.04,-107.558
7311.52,-107.508
7312.01,-107.618
7312.50,-107.543
7312.99,-107.527
7313.48,-107.433
7313.96,-107.520
7314.45,-107.488
7314.94,-107.554
7315.43,-107.617
7315.92,-107.486
7316.41,-107.656
7316.89,-107.649
7317.38,-107.410
7317.87,-107.536
7318.36,-107.381
7318.85,-107.523
7319.34,-107.664
7319.82,-107.586
7320.31,-107.695
7320.80,-107.642
7321.29,-107.553
7321.78,-107.661
7322.27,-107.455
7322.75,-107.627
7323.24,-107.523
7323.73,-107.555
7324.22,-107.603
7324.71,-107.617
7325.20,-107.678
7325.68,-107.617
7326.17,-107.532
7326.66,-107.642
7327.15,-107.691
7327.64,-107.710
7328.12,-107.649
7328.61,-107.696
7329.10,-107.651
7329.59,-107.616
7330.08,-107.570
7330.57,-107.552
7331.05,-107.576
7331.54,-107.543
7332.03,-107.617
7332.52,-107.646
7333.01,-107.553
7333.50,-107.539
7333.98,-107.542
7334.47,-107.544
7334.96,-107.648
7335.45,-107.664
7335.94,-107.535
7336.43,-107.483
7336.91,-107.482
7337.40,-107.529
7337.89,-107.597
7338.38,-107.635
7338.87,-107.599
7339.36,-107.717
7339.84,-107.653
7340.33,-107.671
7340.82,-107.628
7341.31,-107.629
7341.80,-107.637
7342.29,-107.645
7342.77,-107.627
7343.26,-107.579
7343.75,-107.682
7344.24,-107.669
7344.73,-107.740
7345.21,-107.603
7345.70,-107.720
7346.19,-107.659
7346.68,-107.617
7347.17,-107.747
7347.66,-107.654
7348.14,-107.649
7348.63,-107.671
7349.12,-107.738
7349.61,-107.560
7350.10,-107.751
7350.59,-107.710
7351.07,-107.573
7351.56,-107.697
7352.05,-107.646
7352.54,-107.678
7353.03,-107.668
7353.52,-107.638
7354.00,-107.703
7354.49,-107.732
7354.98,-107.689
7355.47,-107.608
7355.96,-107.680
7356.45,-107.603
7356.93,-107.564
7357.42,-107.668
7357.91,-107.644
7358.40,-107.641
7358.89,-107.662
7359.38,-107.683
7359.86,-107.664
7360.35,-107.697
7360.84,-107.615
7361.33,-107.683
7361.82,-107.648
7362.30,-107.718
7362.79,-107.668
7363.28,-107.701
7363.77,-107.654
7364.26,-107.659
7364.75,-107.683
7365.23,-107.636
7365.72,-107.606
7366.21,-107.687
7366.70,-107.684
7367.19,-107.687
7367.68,-107.726
7368.16,-107.721
7368.65,-107.697
7369.14,-107.675
7369.63,-107.704
7370.12,-107.676
7370.61,-107.673
7371.09,-107.712
7371.58,-107.729
7372.07,-107.752
7372.56,-107.789
7373.05,-107.735
7373.54,-107.684
7374.02,-107.746
7374.51,-107.655
7375.00,-107.641
7375.49,-107.670
7375.98,-107.703
7376.46,-107.685
7376.95,-107.678
7377.44,-107.678
7377.93,-107.731
7378.42,-107.662
7378.91,-107.736
7379.39,-107.680
7379.88,-107.704
7380.37,-107.747
7380.86,-107.697
7381.35,-107.760
7381.84,-107.670
7382.32,-107.695
7382.81,-107.693
7383.30,-107.687
7383.79,-107.718
7384.28,-107.728
7384.77,-107.663
7385.25,-107.731
7385.74,-107.680
7386.23,-107.700
7386.72,-107.778
7387.21,-107.696
7387.70,-107.745
7388.18,-107.744
7388.67,-107.704
7389.16,-107.736
7389.65,-107.735
7390.14,-107.723
7390.62,-107.757
7391.11,-107.734
7391.60,-107.674
7392.09,-107.745
7392.58,-107.765
7393.07,-107.736
7393.55,-107.713
7394.04,-107.743
7394.53,-107.738
7395.02,-107.745
7395.51,-107.753
7396.00,-107.747
7396.48,-107.769
7396.97,-107.710
7397.46,-107.753
7397.95,-107.708
7398.44,-107.733
7398.93,-107.737
7399.41,-107.737
7399.90,-107.734
7400.39,-107.753
7400.88,-107.768
7401.37,-107.759
7401.86,-107.735
7402.34,-107.766
7402.83,-107.698
7403.32,-107.726
7403.81,-107.683
7404.30,-107.737
7404.79,-107.734
7405.27,-107.767
7405.76,-107.728
7406.25,-107.729
7406.74,-107.789
7407.23,-107.749
7407.71,-107.753
7408.20,-107.748
7408.69,-107.754
7409.18,-107.735
7409.67,-107.748
7410.16,-107.734
7410.64,-107.696
7411.13,-107.732
7411.62,-107.703
7412.11,-107.804
7412.60,-107.771
7413.09,-107.781
7413.57,-107.698
7414.06,-107.840
7414.55,-107.761
7415.04,-107.746
7415.53,-107.749
7416.02,-107.796
7416.50,-107.784
7416.99,-107.794
7417.48,-107.766
7417.97,-107.780
7418.46,-107.797
7418.95,-107.785
7419.43,-107.798
7419.92,-107.808
7420.41,-107.774
7420.90,-107.809
7421.39,-107.797
7421.88,-107.712
7422.36,-107.776
7422.85,-107.764
7423.34,-107.729
7423.83,-107.817
7424.32,-107.762
7424.80,-107.790
7425.29,-107.764
7425.78,-107.795
7426.27,-107.802
7426.76,-107.799
7427.25,-107.755
7427.73,-107.861
7428.22,-107.790
7428.71,-107.794
7429.20,-107.779
7429.69,-107.790
7430.18,-107.767
7430.66,-107.761
7431.15,-107.762
7431.64,-107.721
7432.13,-107.826
7432.62,-107.757
7433.11,-107.787
7433.59,-107.793
7434.08,-107.772
7434.57,-107.788
7435.06,-107.760
7435.55,-107.832
7436.04,-107.782
7436.52,-107.766
7437.01,-107.801
7437.50,-107.839
7437.99,-107.804
7438.48,-107.807
7438.96,-107.790
7439.45,-107.790
7439.94,-107.794
7440.43,-107.799
7440.92,-107.807
7441.41,-107.787
7441.89,-107.842
7442.38,-107.800
7442.87,-107.799
7443.36,-107.793
7443.85,-107.779
7444.34,-107.784
7444.82,-107.821
7445.31,-107.775
7445.80,-107.825
7446.29,-107.801
7446.78,-107.808
7447.27,-107.794
7447.75,-107.772
7448.24,-107.804
7448.73,-107.828
7449.22,-107.807
7449.71,-107.798
7450.20,-107.793
7450.68,-107.809
7451.17,-107.819
7451.66,-107.829
7452.15,-107.835
7452.64,-107.827
7453.12,-107.841
7453.61,-107.808
7454.10,-107.822
7454.59,-107.818
7455.08,-107.851
7455.57,-107.823
7456.05,-107.816
7456.54,-107.790
7457.03,-107.849
7457.52,-107.834
7458.01,-107.829
7458.50,-107.848
7458.98,-107.833
7459.47,-107.826
7459.96,-107.848
7460.45,-107.807
7460.94,-107.832
7461.43,-107.837
7461.91,-107.871
7462.40,-107.835
7462.89,-107.833
7463.38,-107.844
7463.87,-107.832
7464.36,-107.821
7464.84,-107.844
7465.33,-107.843
7465.82,-107.815
7466.31,-107.825
7466.80,-107.818
7467.29,-107.843
7467.77,-107.835
7468.26,-107.829
7468.75,-107.840
7469.24,-107.841
7469.73,-107.839
7470.21,-107.855
7470.70,-107.855
7471.19,-107.867
7471.68,-107.814
7472.17,-107.842
7472.66,-107.815
7473.14,-107.843
7473.63,-107.838
7474.12,-107.851
7474.61,-107.867
7475.10,-107.853
7475.59,-107.855
7476.07,-107.856
7476.56,-107.852
7477.05,-107.841
7477.54,-107.850
7478.03,-107.855
7478.52,-107.844
7479.00,-107.838
7479.49,-107.854
7479.98,-107.870
7480.47,-107.866
7480.96,-107.858
7481.45,-107.873
7481.93,-107.854
7482.42,-107.862
7482.91,-107.841
7483.40,-107.858
7483.89,-107.839
7484.38,-107.831
7484.86,-107.854
7485.35,-107.845
7485.84,-107.870
7486.33,-107.845
7486.82,-107.864
7487.30,-107.853
7487.79,-107.866
7488.28,-107.840
7488.77,-107.873
7489.26,-107.859
7489.75,-107.863
7490.23,-107.873
7490.72,-107.868
7491.21,-107.856
7491.70,-107.864
7492.19,-107.869
7492.68,-107.884
7493.16,-107.865
7493.65,-107.866
7494.14,-107.881
7494.63,-107.873
7495.12,-107.861
7495.61,-107.867
7496.09,-107.884
7496.58,-107.876
7497.07,-107.868
7497.56,-107.869
7498.05,-107.882
7498.54,-107.864
7499.02,-107.888
7499.51,-107.879
7500.00,-107.861
7500.49,-107.878
7500.98,-107.884
7501.46,-107.873
7501.95,-107.902
7502.44,-107.881
7502.93,-107.882
7503.42,-107.901
7503.91,-107.889
7504.39,-107.865
7504.88,-107.869
7505.37,-107.884
7505.86,-107.895
7506.35,-107.887
7506.84,-107.885
7507.32,-107.903
7507.81,-107.883
7508.30,-107.882
7508.79,-107.875
7509.28,-107.887
7509.77,-107.891
7510.25,-107.884
7510.74,-107.901
7511.23,-107.883
7511.72,-107.882
7512.21,-107.882
7512.70,-107.881
7513.18,-107.893
7513.67,-107.881
7514.16,-107.880
7514.65,-107.903
7515.14,-107.903
7515.62,-107.888
7516.11,-107.902
7516.60,-107.894
7517.09,-107.882
7517.58,-107.899
7518.07,-107.911
7518.55,-107.883
7519.04,-107.892
7519.53,-107.894
7520.02,-107.912
7520.51,-107.913
7521.00,-107.899
7521.48,-107.897
7521.97,-107.902
7522.46,-107.910
7522.95,-107.897
7523.44,-107.904
7523.93,-107.898
7524.41,-107.896
7524.90,-107.911
7525.39,-107.892
7525.88,-107.906
7526.37,-107.915
7526.86,-107.919
7527.34,-107.902
7527.83,-107.903
7528.32,-107.901
7528.81,-107.893
7529.30,-107.891
7529.79,-107.906
7530.27,-107.915
7530.76,-107.923
7531.25,-107.924
7531.74,-107.910
7532.23,-107.920
7532.71,-107.922
7533.20,-107.902
7533.69,-107.921
7534.18,-107.904
7534.67,-107.918
7535.16,-107.912
7535.64,-107.898
7536.13,-107.914
7536.62,-107.920
7537.11,-107.931
7537.60,-107.915
7538.09,-107.908
7538.57,-107.899
7539.06,-107.902
7539.55,-107.923
7540.04,-107.932
7540.53,-107.919
7541.02,-107.922
7541.50,-107.924
7541.99,-107.924
7542.48,-107.930
7542.97,-107.918
7543.46,-107.928
7543.95,-107.939
7544.43,-107.927
7544.92,-107.922
7545.41,-107.926
7545.90,-107.927
7546.39,-107.925
7546.88,-107.917
7547.36,-107.925
7547.85,-107.935
7548.34,-107.922
7548.83,-107.923
7549.32,-107.932
7549.80,-107.923
7550.29,-107.933
7550.78,-107.935
7551.27,-107.940
7551.76,-107.927
7552.25,-107.928
7552.73,-107.934
7553.22,-107.933
7553.71,-107.940
7554.20,-107.941
7554.69,-107.942
7555.18,-107.932
7555.66,-107.919
7556.15,-107.934
7556.64,-107.942
7557.13,-107.933
7557.62,-107.943
7558.11,-107.953
7558.59,-107.942
7559.08,-107.939
7559.57,-107.939
7560.06,-107.944
7560.55,-107.932
7561.04,-107.947
7561.52,-107.936
7562.01,-107.933
7562.50,-107.942
7562.99,-107.948
7563.48,-107.945
7563.96,-107.941
7564.45,-107.956
7564.94,-107.939
7565.43,-107.945
7565.92,-107.945
7566.41,-107.950
7566.89,-107.952
7567.38,-107.952
7567.87,-107.947
7568.36,-107.941
7568.85,-107.946
7569.34,-107.937
7569.82,-107.950
7570.31,-107.940
7570.80,-107.958
7571.29,-107.958
7571.78,-107.952
7572.27,-107.948
7572.75,-107.954
7573.24,-107.963
7573.73,-107.956
7574.22,-107.953
7574.71,-107.953
7575.20,-107.949
7575.68,-107.951
7576.17,-107.961
7576.66,-107.956
7577.15,-107.950
7577.64,-107.958
7578.12,-107.963
7578.61,-107.956
7579.10,-107.962
7579.59,-107.964
7580.08,-107.970
7580.57,-107.964
7581.05,-107.952
7581.54,-107.964
7582.03,-107.964
7582.52,-107.969
7583.01,-107.968
7583.50,-107.953
7583.98,-107.962
7584.47,-107.951
7584.96,-107.961
7585.45,-107.967
7585.94,-107.957
7586.43,-107.971
7586.91,-107.962
7587.40,-107.966
7587.89,-107.971
7588.38,-107.967
7588.87,-107.969
7589.36,-107.977
7589.84,-107.964
7590.33,-107.970
7590.82,-107.973
7591.31,-107.979
7591.80,-107.971
7592.29,-107.976
7592.77,-107.974
7593.26,-107.969
7593.75,-107.972
7594.24,-107.976
7594.73,-107.970
7595.21,-107.971
7595.70,-107.973
7596.19,-107.971
7596.68,-107.971
7597.17,-107.975
7597.66,-107.980
7598.14,-107.977
7598.63,-107.981
7599.12,-107.979
7599.61,-107.975
7600.10,-107.979
7600.59,-107.980
7601.07,-107.980
7601.56,-107.979
7602.05,-107.975
7602.54,-107.984
7603.03,-107.983
7603.52,-107.983
7604.00,-107.984
7604.49,-107.985
7604.98,-107.977
7605.47,-107.985
7605.96,-107.990
7606.45,-107.985
7606.93,-107.986
7607.42,-107.992
7607.91,-107.989
7608.40,-107.984
7608.89,-107.994
7609.38,-107.988
7609.86,-107.990
7610.35,-107.989
7610.84,-107.986
7611.33,-107.991
7611.82,-107.998
7612.30,-107.989
7612.79,-107.987
7613.28,-107.999
7613.77,-107.991
7614.26,-107.993
7614.75,-107.997
7615.23,-107.993
7615.72,-107.994
7616.21,-107.991
7616.70,-107.995
7617.19,-107.995
7617.68,-107.998
7618.16,-107.995
7618.65,-107.999
7619.14,-107.987
7619.63,-108.000
7620.12,-107.997
7620.61,-107.997
7621.09,-107.995
7621.58,-107.999
7622.07,-108.000
7622.56,-108.001
7623.05,-107.995
7623.54,-108.000
7624.02,-108.000
7624.51,-108.005
7625.00,-108.001
7625.49,-108.006
7625.98,-108.004
7626.46,-108.005
7626.95,-108.006
7627.44,-108.005
7627.93,-108.004
7628.42,-108.010
7628.91,-108.004
7629.39,-108.004
7629.88,-108.009
7630.37,-108.005
7630.86,-108.006
7631.35,-108.009
7631.84,-108.008
7632.32,-108.009
7632.81,-108.007
7633.30,-108.011
7633.79,-108.011
7634.28,-108.015
7634.77,-108.015
7635.25,-108.015
7635.74,-108.006
7636.23,-108.012
7636.72,-108.009
7637.21,-108.010
7637.70,-108.014
7638.18,-108.016
7638.67,-108.010
7639.16,-108.012
7639.65,-108.005
7640.14,-108.011
7640.62,-108.016
7641.11,-108.018
7641.60,-108.014
7642.09,-108.010
7642.58,-108.024
7643.07,-108.017
7643.55,-108.019
7644.04,-108.014
7644.53,-108.018
7645.02,-108.018
7645.51,-108.016
7646.00,-108.023
7646.48,-108.022
7646.97,-108.016
7647.46,-108.017
7647.95,-108.024
7648.44,-108.019
7648.93,-108.017
7649.41,-108.024
7649.90,-108.026
7650.39,-108.020
7650.88,-108.021
7651.37,-108.026
7651.86,-108.022
7652.34,-108.022
7652.83,-108.020
7653.32,-108.022
7653.81,-108.023
7654.30,-108.019
7654.79,-108.024
7655.27,-108.026
7655.76,-108.028
7656.25,-108.026
7656.74,-108.028
7657.23,-108.031
7657.71,-108.028
7658.20,-108.032
7658.69,-108.026
7659.18,-108.034
7659.67,-108.027
7660.16,-108.036
7660.64,-108.034
7661.13,-108.031
7661.62,-108.027
7662.11,-108.029
7662.60,-108.035
7663.09,-108.035
7663.57,-108.036
7664.06,-108.034
7664.55,-108.033
7665.04,-108.033
7665.53,-108.027
7666.02,-108.035
7666.50,-108.039
7666.99,-108.039
7667.48,-108.032
7667.97,-108.037
7668.46,-108.033
7668.95,-108.042
7669.43,-108.034
7669.92,-108.035
7670.41,-108.029
7670.90,-108.038
7671.39,-108.041
7671.88,-108.034
7672.36,-108.040
7672.85,-108.037
7673.34,-108.042
7673.83,-108.045
7674.32,-108.039
7674.80,-108.038
7675.29,-108.037
7675.78,-108.042
7676.27,-108.039
7676.76,-108.042
7677.25,-108.044
7677.73,-108.043
7678.22,-108.043
7678.71,-108.044
7679.20,-108.044
7679.69,-108.042
7680.18,-108.044
7680.66,-108.047
7681.15,-108.044
7681.64,-108.045
7682.13,-108.046
7682.62,-108.046
7683.11,-108.049
7683.59,-108.043
7684.08,-108.046
7684.57,-108.053
7685.06,-108.047
7685.55,-108.050
7686.04,-108.051
7686.52,-108.046
7687.01,-108.052
7687.50,-108.049
7687.99,-108.054
7688.48,-108.044
7688.96,-108.049
7689.45,-108.048
7689.94,-108.045
7690.43,-108.052
7690.92,-108.052
7691.41,-108.055
7691.89,-108.051
7692.38,-108.053
7692.87,-108.052
7693.36,-108.052
7693.85,-108.054
7694.34,-108.054
7694.82,-108.056
7695.31,-108.057
7695.80,-108.058
7696.29,-108.056
7696.78,-108.057
7697.27,-108.053
7697.75,-108.059
7698.24,-108.056
7698.73,-108.059
7699.22,-108.060
7699.71,-108.060
7700.20,-108.062
7700.68,-108.057
7701.17,-108.059
7701.66,-108.059
7702.15,-108.058
7702.64,-108.059
7703.12,-108.060
7703.61,-108.065
7704.10,-108.060
7704.59,-108.059
7705.08,-108.065
7705.57,-108.060
7706.05,-108.063
7706.54,-108.058
7707.03,-108.061
7707.52,-108.063
7708.01,-108.064
7708.50,-108.072
7708.98,-108.060
7709.47,-108.066
7709.96,-108.068
7710.45,-108.061
7710.94,-108.069
7711.43,-108.059
7711.91,-108.063
7712.40,-108.066
7712.89,-108.065
7713.38,-108.068
7713.87,-108.067
7714.36,-108.068
7714.84,-108.064
7715.33,-108.066
7715.82,-108.069
7716.31,-108.068
7716.80,-108.066
7717.29,-108.069
7717.77,-108.073
7718.26,-108.068
7718.75,-108.073
7719.24,-108.070
7719.73,-108.070
7720.21,-108.071
7720.70,-108.069
7721.19,-108.072
7721.68,-108.069
7722.17,-108.073
7722.66,-108.071
7723.14,-108.073
7723.63,-108.075
7724.12,-108.072
7724.61,-108.071
7725.10,-108.073
7725.59,-108.073
7726.07,-108.075
7726.56,-108.073
7727.05,-108.075
7727.54,-108.076
7728.03,-108.078
7728.52,-108.075
7729.00,-108.076
7729.49,-108.076
7729.98,-108.079
7730.47,-108.076
7730.96,-108.078
7731.45,-108.080
7731.93,-108.078
7732.42,-108.077
7732.91,-108.080
7733.40,-108.080
7733.89,-108.080
7734.38,-108.078
7734.86,-108.079
7735.35,-108.079
7735.84,-108.081
7736.33,-108.082
7736.82,-108.079
7737.30,-108.081
7737.79,-108.082
7738.28,-108.082
7738.77,-108.083
7739.26,-108.082
7739.75,-108.083
7740.23,-108.080
7740.72,-108.082
7741.21,-108.084
7741.70,-108.084
7742.19,-108.084
7742.68,-108.084
7743.16,-108.084
7743.65,-108.085
7744.14,-108.085
7744.63,-108.086
7745.12,-108.088
7745.61,-108.085
7746.09,-108.088
7746.58,-108.085
7747.07,-108.087
7747.56,-108.087
7748.05,-108.088
7748.54,-108.085
7749.02,-108.089
7749.51,-108.088
7750.00,-108.086
7750.49,-108.087
7750.98,-108.089
7751.46,-108.088
7751.95,-108.091
7752.44,-108.093
7752.93,-108.091
7753.42,-108.093
7753.91,-108.088
7754.39,-108.091
7754.88,-108.090
7755.37,-108.091
7755.86,-108.093
7756.35,-108.093
7756.84,-108.094
7757.32,-108.092
7757.81,-108.092
7758.30,-108.091
7758.79,-108.093
7759.28,-108.095
7759.77,-108.095
7760.25,-108.094
7760.74,-108.094
7761.23,-108.093
7761.72,-108.094
7762.21,-108.097
7762.70,-108.095
7763.18,-108.093
7763.67,-108.095
7764.16,-108.096
7764.65,-108.097
7765.14,-108.097
7765.62,-108.096
7766.11,-108.097
7766.60,-108.097
7767.09,-108.099
7767.58,-108.097
7768.07,-108.098
7768.55,-108.097
7769.04,-108.097
7769.53,-108.099
7770.02,-108.099
7770.51,-108.100
7771.00,-108.098
7771.48,-108.098
7771.97,-108.099
7772.46,-108.099
7772.95,-108.099
7773.44,-108.100
7773.93,-108.102
7774.41,-108.100
7774.90,-108.101
7775.39,-108.103
7775.88,-108.101
7776.37,-108.101
7776.86,-108.102
7777.34,-108.102
7777.83,-108.103
7778.32,-108.103
7778.81,-108.103
7779.30,-108.103
7779.79,-108.104
7780.27,-108.105
7780.76,-108.104
7781.25,-108.105
7781.74,-108.105
7782.23,-108.106
7782.71,-108.106
7783.20,-108.105
7783.69,-108.106
7784.18,-108.105
7784.67,-108.105
7785.16,-108.106
7785.64,-108.105
7786.13,-108.106
7786.62,-108.108
7787.11,-108.107
7787.60,-108.108
7788.09,-108.107
7788.57,-108.107
7789.06,-108.108
7789.55,-108.109
7790.04,-108.109
7790.53,-108.109
7791.02,-108.108
7791.50,-108.110
7791.99,-108.109
7792.48,-108.109
7792.97,-108.110
7793.46,-108.109
7793.95,-108.110
7794.43,-108.111
7794.92,-108.110
7795.41,-108.112
7795.90,-108.112
7796.39,-108.111
7796.88,-108.112
7797.36,-108.112
7797.85,-108.112
7798.34,-108.113
7798.83,-108.113
7799.32,-108.113
7799.80,-108.113
7800.29,-108.113
7800.78,-108.114
7801.27,-108.114
7801.76,-108.114
7802.25,-108.115
7802.73,-108.115
7803.22,-108.115
7803.71,-108.115
7804.20,-108.115
7804.69,-108.115
7805.18,-108.115
7805.66,-108.116
7806.15,-108.116
7806.64,-108.117
7807.13,-108.117
7807.62,-108.117
7808.11,-108.117
7808.59,-108.117
7809.08,-108.116
7809.57,-108.117
7810.06,-108.117
7810.55,-108.118
7811.04,-108.117
7811.52,-108.117
7812.01,-108.117
7812.50,-108.117
7812.99,-108.119
7813.48,-108.119
7813.96,-108.118
7814.45,-108.119
7814.94,-108.119
7815.43,-108.120
7815.92,-108.119
7816.41,-108.120
7816.89,-108.120
7817.38,-108.120
7817.87,-108.121
7818.36,-108.121
7818.85,-108.120
7819.34,-108.121
7819.82,-108.121
7820.31,-108.122
7820.80,-108.122
7821.29,-108.122
7821.78,-108.122
7822.27,-108.122
7822.75,-108.123
7823.24,-108.123
7823.73,-108.123
7824.22,-108.123
7824.71,-108.123
7825.20,-108.124
7825.68,-108.123
7826.17,-108.124
7826.66,-108.124
7827.15,-108.124
7827.64,-108.124
7828.12,-108.125
7828.61,-108.125
7829.10,-108.125
7829.59,-108.125
7830.08,-108.125
7830.57,-108.125
7831.05,-108.126
7831.54,-108.126
7832.03,-108.126
7832.52,-108.126
7833.01,-108.126
7833.50,-108.127
7833.98,-108.127
7834.47,-108.127
7834.96,-108.127
7835.45,-108.127
7835.94,-108.127
7836.43,-108.128
7836.91,-108.128
7837.40,-108.127
7837.89,-108.128
7838.38,-108.128
7838.87,-108.129
7839.36,-108.129
7839.84,-108.129
7840.33,-108.129
7840.82,-108.129
7841.31,-108.129
7841.80,-108.129
7842.29,-108.129
7842.77,-108.130
7843.26,-108.130
7843.75,-108.130
7844.24,-108.130
7844.73,-108.130
7845.21,-108.130
7845.70,-108.131
7846.19,-108.130
7846.68,-108.131
7847.17,-108.131
7847.66,-108.131
7848.14,-108.131
7848.63,-108.132
7849.12,-108.131
7849.61,-108.132
7850.10,-108.132
7850.59,-108.132
7851.07,-108.132
7851.56,-108.133
7852.05,-108.133
7852.54,-108.133
7853.03,-108.133
7853.52,-108.133
7854.00,-108.133
7854.49,-108.133
7854.98,-108.134
7855.47,-108.134
7855.96,-108.134
7856.45,-108.134
7856.93,-108.134
7857.42,-108.134
7857.91,-108.135
7858.40,-108.135
7858.89,-108.135
7859.38,-108.135
7859.86,-108.135
7860.35,-108.135
7860.84,-108.135
7861.33,-108.136
7861.82,-108.136
7862.30,-108.136
7862.79,-108.136
7863.28,-108.136
7863.77,-108.136
7864.26,-108.136
7864.75,-108.137
7865.23,-108.136
7865.72,-108.137
7866.21,-108.137
7866.70,-108.137
7867.19,-108.138
7867.68,-108.138
7868.16,-108.137
7868.65,-108.138
7869.14,-108.138
7869.63,-108.138
7870.12,-108.138
7870.61,-108.138
7871.09,-108.138
7871.58,-108.139
7872.07,-108.139
7872.56,-108.139
7873.05,-108.139
7873.54,-108.139
7874.02,-108.139
7874.51,-108.140
7875.00,-108.139
7875.49,-108.140
7875.98,-108.140
7876.46,-108.140
7876.95,-108.140
7877.44,-108.140
7877.93,-108.140
7878.42,-108.141
7878.91,-108.141
7879.39,-108.140
7879.88,-108.141
7880.37,-108.141
7880.86,-108.141
7881.35,-108.141
7881.84,-108.141
7882.32,-108.142
7882.81,-108.142
7883.30,-108.142
7883.79,-108.142
7884.28,-108.142
7884.77,-108.142
7885.25,-108.142
7885.74,-108.142
7886.23,-108.142
7886.72,-108.143
7887.21,-108.143
7887.70,-108.143
7888.18,-108.143
7888.67,-108.143
7889.16,-108.143
7889.65,-108.143
7890.14,-108.143
7890.62,-108.143
7891.11,-108.144
7891.60,-108.144
7892.09,-108.144
7892.58,-108.144
7893.07,-108.144
7893.55,-108.145
7894.04,-108.144
7894.53,-108.145
7895.02,-108.145
7895.51,-108.145
7896.00,-108.145
7896.48,-108.145
7896.97,-108.145
7897.46,-108.145
7897.95,-108.145
7898.44,-108.146
7898.93,-108.145
7899.41,-108.146
7899.90,-108.146
7900.39,-108.145
7900.88,-108.146
7901.37,-108.146
7901.86,-108.146
7902.34,-108.146
7902.83,-108.146
7903.32,-108.146
7903.81,-108.147
7904.30,-108.146
7904.79,-108.147
7905.27,-108.147
7905.76,-108.147
7906.25,-108.147
7906.74,-108.147
7907.23,-108.147
7907.71,-108.147
7908.20,-108.147
7908.69,-108.147
7909.18,-108.148
7909.67,-108.148
7910.16,-108.148
7910.64,-108.148
7911.13,-108.148
7911.62,-108.148
7912.11,-108.148
7912.60,-108.148
7913.09,-108.148
7913.57,-108.148
7914.06,-108.148
7914.55,-108.149
7915.04,-108.149
7915.53,-108.149
7916.02,-108.149
7916.50,-108.149
7916.99,-108.149
7917.48,-108.149
7917.97,-108.149
7918.46,-108.149
7918.95,-108.149
7919.43,-108.150
7919.92,-108.150
7920.41,-108.150
7920.90,-108.150
7921.39,-108.150
7921.88,-108.150
7922.36,-108.150
7922.85,-108.150
7923.34,-108.150
7923.83,-108.150
7924.32,-108.150
7924.80,-108.150
7925.29,-108.150
7925.78,-108.151
7926.27,-108.151
7926.76,-108.151
7927.25,-108.151
7927.73,-108.151
7928.22,-108.151
7928.71,-108.151
7929.20,-108.151
7929.69,-108.151
7930.18,-108.151
7930.66,-108.151
7931.15,-108.151
7931.64,-108.152
7932.13,-108.152
7932.62,-108.152
7933.11,-108.152
7933.59,-108.152
7934.08,-108.152
7934.57,-108.152
7935.06,-108.152
7935.55,-108.152
7936.04,-108.152
7936.52,-108.152
7937.01,-108.152
7937.50,-108.153
7937.99,-108.152
7938.48,-108.152
7938.96,-108.153
7939.45,-108.153
7939.94,-108.153
7940.43,-108.153
7940.92,-108.153
7941.41,-108.153
7941.89,-108.153
7942.38,-108.153
7942.87,-108.153
7943.36,-108.153
7943.85,-108.153
7944.34,-108.153
7944.82,-108.153
7945.31,-108.153
7945.80,-108.153
7946.29,-108.153
7946.78,-108.154
7947.27,-108.154
7947.75,-108.154
7948.24,-108.153
7948.73,-108.154
7949.22,-108.154
7949.71,-108.154
7950.20,-108.154
7950.68,-108.154
7951.17,-108.154
7951.66,-108.154
7952.15,-108.154
7952.64,-108.154
7953.12,-108.154
7953.61,-108.154
7954.10,-108.154
7954.59,-108.154
7955.08,-108.154
7955.57,-108.154
7956.05,-108.155
7956.54,-108.155
7957.03,-108.155
7957.52,-108.154
7958.01,-108.155
7958.50,-108.155
7958.98,-108.155
7959.47,-108.155
7959.96,-108.155
7960.45,-108.155
7960.94,-108.155
7961.43,-108.155
7961.91,-108.155
7962.40,-108.155
7962.89,-108.155
7963.38,-108.155
7963.87,-108.155
7964.36,-108.155
7964.84,-108.155
7965.33,-108.155
7965.82,-108.155
7966.31,-108.155
7966.80,-108.155
7967.29,-108.155
7967.77,-108.155
7968.26,-108.155
7968.75,-108.155
7969.24,-108.156
7969.73,-108.156
7970.21,-108.156
7970.70,-108.156
7971.19,-108.156
7971.68,-108.156
7972.17,-108.156
7972.66,-108.156
7973.14,-108.156
7973.63,-108.156
7974.12,-108.156
7974.61,-108.156
7975.10,-108.156
7975.59,-108.156
7976.07,-108.156
7976.56,-108.156
7977.05,-108.156
7977.54,-108.156
7978.03,-108.156
7978.52,-108.156
7979.00,-108.156
7979.49,-108.156
7979.98,-108.156
7980.47,-108.156
7980.96,-108.156
7981.45,-108.156
7981.93,-108.156
7982.42,-108.156
7982.91,-108.156
7983.40,-108.156
7983.89,-108.156
7984.38,-108.156
7984.86,-108.156
7985.35,-108.156
7985.84,-108.156
7986.33,-108.156
7986.82,-108.156
7987.30,-108.156
7987.79,-108.156
7988.28,-108.156
7988.77,-108.156
7989.26,-108.156
7989.75,-108.156
7990.23,-108.156
7990.72,-108.156
7991.21,-108.156
7991.70,-108.156
7992.19,-108.156
7992.68,-108.157
7993.16,-108.157
7993.65,-108.157
7994.14,-108.156
7994.63,-108.157
7995.12,-108.157
7995.61,-108.156
7996.09,-108.156
7996.58,-108.157
7997.07,-108.157
7997.56,-108.157
7998.05,-108.157
7998.54,-108.157
7999.02,-108.157
7999.51,-108.157
8000.00,-110.892
