Frequency (Hz),FFT Magnitude (dB)
0.00,-120.000
0.24,-102.996
0.49,-102.946
0.73,-102.741
0.98,-102.490
1.22,-102.384
1.46,-102.193
1.71,-101.452
1.95,-101.569
2.20,-102.239
2.44,-101.174
2.69,-100.437
2.93,-98.448
3.17,-100.786
3.42,-100.062
3.66,-98.061
3.91,-98.522
4.15,-99.377
4.39,-98.368
4.64,-96.751
4.88,-97.061
5.13,-95.515
5.37,-94.589
5.62,-91.214
5.86,-92.265
6.10,-92.122
6.35,-93.758
6.59,-95.551
6.84,-97.248
7.08,-96.427
7.32,-95.294
7.57,-96.606
7.81,-94.870
8.06,-95.662
8.30,-93.441
8.54,-92.798
8.79,-92.742
9.03,-91.400
9.28,-88.763
9.52,-87.861
9.77,-89.367
10.01,-88.621
10.25,-87.899
10.50,-86.217
10.74,-86.034
10.99,-86.640
11.23,-86.315
11.47,-87.191
11.72,-90.145
11.96,-88.817
12.21,-89.425
12.45,-91.090
12.70,-90.024
12.94,-81.004
13.18,-85.516
13.43,-84.236
13.67,-84.947
13.92,-82.913
14.16,-85.457
14.40,-85.713
14.65,-86.479
14.89,-84.459
15.14,-79.673
15.38,-86.511
15.62,-85.023
15.87,-75.337
16.11,-84.076
16.36,-86.153
16.60,-89.404
16.85,-88.077
17.09,-88.457
17.33,-89.956
17.58,-89.395
17.82,-87.176
18.07,-87.290
18.31,-85.651
18.55,-85.610
18.80,-83.367
19.04,-85.799
19.29,-85.612
19.53,-87.620
19.78,-83.596
20.02,-87.173
20.26,-84.923
20.51,-81.562
20.75,-85.030
21.00,-87.216
21.24,-86.539
21.48,-84.378
21.73,-88.738
21.97,-87.384
22.22,-86.449
22.46,-87.866
22.71,-86.479
22.95,-89.668
23.19,-86.244
23.44,-86.311
23.68,-83.589
23.93,-82.945
24.17,-85.273
24.41,-84.247
24.66,-86.271
24.90,-85.093
25.15,-81.626
25.39,-82.210
25.63,-84.004
25.88,-83.555
26.12,-84.352
26.37,-79.463
26.61,-74.863
26.86,-78.053
27.10,-78.573
27.34,-79.802
27.59,-78.660
27.83,-78.870
28.08,-76.219
28.32,-75.376
28.56,-67.247
28.81,-63.853
29.05,-74.014
29.30,-75.318
29.54,-63.867
29.79,-71.456
30.03,-76.556
30.27,-77.801
30.52,-75.297
30.76,-79.033
31.01,-79.424
31.25,-80.267
31.49,-80.595
31.74,-74.773
31.98,-77.666
32.23,-80.270
32.47,-74.235
32.71,-76.955
32.96,-78.220
33.20,-77.559
33.45,-74.742
33.69,-74.644
33.94,-74.404
34.18,-74.627
34.42,-70.076
34.67,-69.654
34.91,-72.361
35.16,-70.736
35.40,-75.531
35.64,-74.785
35.89,-76.871
36.13,-76.672
36.38,-76.692
36.62,-76.208
36.87,-79.589
37.11,-78.016
37.35,-82.583
37.60,-81.507
37.84,-80.839
38.09,-80.739
38.33,-79.275
38.57,-79.063
38.82,-82.864
39.06,-82.174
39.31,-79.162
39.55,-77.668
39.79,-79.035
40.04,-82.894
40.28,-80.307
40.53,-80.967
40.77,-79.758
41.02,-80.992
41.26,-81.419
41.50,-79.958
41.75,-79.403
41.99,-76.808
42.24,-80.110
42.48,-77.415
42.72,-77.473
42.97,-75.279
43.21,-76.748
43.46,-75.847
43.70,-75.891
43.95,-78.656
44.19,-78.760
44.43,-79.296
44.68,-79.882
44.92,-76.911
45.17,-75.776
45.41,-79.254
45.65,-82.804
45.90,-83.776
46.14,-84.199
46.39,-82.549
46.63,-83.584
46.88,-82.932
47.12,-81.806
47.36,-80.242
47.61,-80.542
47.85,-79.759
48.10,-80.201
48.34,-79.203
48.58,-80.410
48.83,-80.809
49.07,-77.940
49.32,-82.271
49.56,-79.516
49.80,-81.084
50.05,-81.390
50.29,-79.026
50.54,-79.196
50.78,-78.647
51.03,-77.492
51.27,-78.506
51.51,-77.078
51.76,-78.367
52.00,-77.523
52.25,-76.866
52.49,-77.833
52.73,-77.169
52.98,-78.343
53.22,-78.066
53.47,-80.036
53.71,-81.251
53.96,-78.793
54.20,-78.422
54.44,-78.069
54.69,-79.216
54.93,-80.653
55.18,-79.949
55.42,-81.875
55.66,-79.647
55.91,-82.956
56.15,-77.710
56.40,-81.212
56.64,-82.068
56.88,-81.947
57.13,-84.284
57.37,-77.030
57.62,-77.467
57.86,-74.354
58.11,-75.322
58.35,-73.202
58.59,-71.861
58.84,-76.078
59.08,-72.745
59.33,-70.698
59.57,-79.283
59.81,-82.917
60.06,-83.955
60.30,-83.115
60.55,-81.935
60.79,-82.495
61.04,-83.358
61.28,-82.785
61.52,-80.862
61.77,-82.591
62.01,-81.743
62.26,-79.508
62.50,-83.576
62.74,-82.765
62.99,-83.271
63.23,-80.508
63.48,-76.817
63.72,-70.863
63.96,-79.745
64.21,-81.238
64.45,-80.926
64.70,-82.072
64.94,-82.167
65.19,-82.756
65.43,-81.573
65.67,-82.545
65.92,-80.547
66.16,-80.706
66.41,-82.235
66.65,-77.537
66.89,-78.692
67.14,-77.850
67.38,-77.087
67.63,-78.510
67.87,-77.962
68.12,-78.289
68.36,-78.417
68.60,-75.960
68.85,-74.943
69.09,-73.376
69.34,-75.712
69.58,-77.683
69.82,-79.715
70.07,-80.426
70.31,-79.697
70.56,-81.032
70.80,-81.451
71.04,-79.509
71.29,-78.005
71.53,-78.284
71.78,-80.217
72.02,-78.279
72.27,-80.534
72.51,-81.108
72.75,-81.271
73.00,-81.453
73.24,-81.648
73.49,-79.842
73.73,-82.708
73.97,-80.935
74.22,-81.254
74.46,-81.832
74.71,-83.363
74.95,-80.991
75.20,-80.865
75.44,-81.298
75.68,-81.014
75.93,-81.405
76.17,-82.488
76.42,-82.318
76.66,-78.635
76.90,-80.542
77.15,-80.263
77.39,-80.283
77.64,-83.742
77.88,-80.234
78.12,-80.977
78.37,-79.214
78.61,-82.351
78.86,-78.221
79.10,-81.753
79.35,-79.045
79.59,-76.261
79.83,-79.181
80.08,-80.155
80.32,-79.789
80.57,-81.326
80.81,-80.470
81.05,-79.985
81.30,-78.886
81.54,-80.190
81.79,-80.976
82.03,-80.104
82.28,-82.006
82.52,-78.311
82.76,-83.080
83.01,-83.094
83.25,-81.673
83.50,-80.188
83.74,-80.264
83.98,-81.908
84.23,-83.727
84.47,-80.899
84.72,-80.859
84.96,-81.695
85.21,-82.797
85.45,-81.199
85.69,-83.650
85.94,-81.082
86.18,-80.428
86.43,-81.002
86.67,-81.512
86.91,-82.339
87.16,-80.631
87.40,-82.455
87.65,-79.922
87.89,-81.163
88.13,-82.591
88.38,-79.800
88.62,-80.435
88.87,-69.789
89.11,-79.581
89.36,-79.015
89.60,-81.462
89.84,-81.205
90.09,-78.919
90.33,-79.304
90.58,-78.740
90.82,-79.992
91.06,-78.613
91.31,-77.716
91.55,-79.210
91.80,-77.734
92.04,-79.586
92.29,-79.220
92.53,-78.023
92.77,-77.575
93.02,-76.228
93.26,-75.744
93.51,-69.779
93.75,-77.418
93.99,-81.047
94.24,-82.325
94.48,-82.280
94.73,-78.783
94.97,-80.689
95.21,-81.667
95.46,-80.645
95.70,-85.773
95.95,-83.007
96.19,-82.088
96.44,-79.021
96.68,-81.107
96.92,-79.439
97.17,-82.447
97.41,-83.428
97.66,-82.308
97.90,-80.285
98.14,-82.825
98.39,-81.490
98.63,-81.381
98.88,-82.953
99.12,-81.781
99.37,-79.514
99.61,-78.315
99.85,-81.110
100.10,-80.466
100.34,-80.144
100.59,-80.717
100.83,-79.768
101.07,-78.135
101.32,-78.062
101.56,-78.993
101.81,-79.968
102.05,-78.144
102.29,-80.076
102.54,-80.306
102.78,-80.230
103.03,-76.545
103.27,-80.039
103.52,-76.298
103.76,-76.224
104.00,-77.849
104.25,-76.282
104.49,-76.319
104.74,-78.763
104.98,-78.308
105.22,-75.955
105.47,-79.830
105.71,-78.392
105.96,-76.969
106.20,-73.103
106.45,-76.637
106.69,-79.392
106.93,-77.884
107.18,-78.521
107.42,-79.278
107.67,-76.979
107.91,-77.941
108.15,-78.179
108.40,-78.414
108.64,-78.864
108.89,-77.013
109.13,-79.555
109.38,-77.055
109.62,-76.725
109.86,-77.970
110.11,-76.776
110.35,-76.922
110.60,-76.687
110.84,-75.185
111.08,-76.028
111.33,-76.223
111.57,-76.993
111.82,-76.633
112.06,-76.530
112.30,-74.008
112.55,-75.667
112.79,-73.809
113.04,-66.768
113.28,-74.683
113.53,-73.729
113.77,-73.617
114.01,-75.622
114.26,-74.138
114.50,-76.007
114.75,-74.248
114.99,-75.702
115.23,-75.304
115.48,-74.910
115.72,-77.618
115.97,-76.636
116.21,-76.018
116.46,-75.638
116.70,-75.798
116.94,-74.406
117.19,-75.324
117.43,-74.345
117.68,-75.298
117.92,-74.648
118.16,-71.899
118.41,-69.367
118.65,-68.420
118.90,-68.643
119.14,-66.788
119.38,-64.774
119.63,-59.958
119.87,-47.108
120.12,-54.731
120.36,-62.336
120.61,-66.245
120.85,-69.755
121.09,-70.224
121.34,-71.228
121.58,-71.196
121.83,-71.957
122.07,-73.097
122.31,-63.880
122.56,-73.410
122.80,-73.600
123.05,-77.451
123.29,-77.315
123.54,-69.641
123.78,-74.648
124.02,-76.856
124.27,-78.571
124.51,-78.274
124.76,-77.562
125.00,-76.498
125.24,-79.518
125.49,-78.886
125.73,-77.356
125.98,-79.046
126.22,-77.706
126.46,-77.171
126.71,-76.657
126.95,-78.134
127.20,-77.756
127.44,-74.609
127.69,-70.602
127.93,-68.916
128.17,-74.605
128.42,-75.960
128.66,-76.995
128.91,-76.071
129.15,-77.132
129.39,-76.721
129.64,-76.282
129.88,-75.840
130.13,-75.555
130.37,-74.146
130.62,-73.339
130.86,-74.679
131.10,-74.074
131.35,-71.648
131.59,-71.627
131.84,-70.448
132.08,-70.728
132.32,-66.198
132.57,-59.630
132.81,-47.411
133.06,-62.768
133.30,-67.229
133.54,-58.690
133.79,-66.362
134.03,-71.192
134.28,-73.125
134.52,-72.868
134.77,-74.832
135.01,-75.047
135.25,-76.186
135.50,-76.824
135.74,-77.427
135.99,-76.085
136.23,-77.222
136.47,-77.082
136.72,-76.828
136.96,-78.369
137.21,-76.445
137.45,-76.468
137.70,-78.589
137.94,-77.108
138.18,-75.423
138.43,-74.675
138.67,-72.715
138.92,-76.246
139.16,-75.022
139.40,-74.792
139.65,-75.347
139.89,-76.535
140.14,-76.152
140.38,-74.107
140.62,-72.684
140.87,-73.776
141.11,-74.054
141.36,-74.656
141.60,-73.377
141.85,-74.466
142.09,-74.356
142.33,-74.387
142.58,-74.028
142.82,-75.630
143.07,-76.495
143.31,-75.939
143.55,-74.750
143.80,-73.762
144.04,-73.366
144.29,-74.166
144.53,-72.232
144.78,-75.692
145.02,-74.233
145.26,-78.231
145.51,-75.076
145.75,-74.543
146.00,-73.754
146.24,-72.954
146.48,-73.781
146.73,-73.209
146.97,-73.167
147.22,-72.976
147.46,-72.597
147.71,-72.881
147.95,-72.098
148.19,-69.902
148.44,-61.922
148.68,-70.032
148.93,-69.490
149.17,-72.365
149.41,-71.508
149.66,-70.569
149.90,-70.508
150.15,-70.253
150.39,-70.267
150.63,-72.340
150.88,-68.751
151.12,-69.374
151.37,-70.198
151.61,-69.801
151.86,-67.178
152.10,-68.035
152.34,-66.223
152.59,-69.375
152.83,-68.752
153.08,-70.667
153.32,-69.463
153.56,-72.826
153.81,-70.245
154.05,-69.832
154.30,-67.933
154.54,-68.702
154.79,-69.023
155.03,-68.729
155.27,-71.100
155.52,-72.697
155.76,-72.196
156.01,-72.217
156.25,-72.056
156.49,-71.802
156.74,-71.591
156.98,-72.067
157.23,-73.739
157.47,-72.956
157.71,-74.088
157.96,-74.039
158.20,-70.648
158.45,-74.380
158.69,-73.860
158.94,-70.345
159.18,-66.132
159.42,-61.105
159.67,-69.981
159.91,-72.157
160.16,-73.461
160.40,-72.024
160.64,-73.105
160.89,-72.489
161.13,-74.474
161.38,-73.592
161.62,-72.634
161.87,-73.943
162.11,-73.291
162.35,-73.624
162.60,-71.331
162.84,-71.973
163.09,-70.581
163.33,-74.366
163.57,-72.582
163.82,-75.287
164.06,-73.490
164.31,-71.839
164.55,-71.139
164.79,-72.046
165.04,-71.559
165.28,-72.405
165.53,-71.780
165.77,-72.661
166.02,-72.677
166.26,-72.142
166.50,-72.932
166.75,-72.910
166.99,-75.422
167.24,-72.352
167.48,-73.222
167.72,-74.345
167.97,-73.173
168.21,-72.085
168.46,-73.753
168.70,-74.021
168.95,-73.992
169.19,-73.752
169.43,-72.362
169.68,-73.429
169.92,-74.342
170.17,-74.033
170.41,-72.935
170.65,-72.805
170.90,-72.951
171.14,-75.143
171.39,-73.256
171.63,-74.430
171.88,-75.586
172.12,-77.279
172.36,-73.578
172.61,-75.994
172.85,-71.956
173.10,-69.817
173.34,-71.511
173.58,-76.374
173.83,-73.899
174.07,-77.021
174.32,-76.535
174.56,-76.382
174.80,-75.791
175.05,-78.020
175.29,-76.065
175.54,-76.729
175.78,-77.108
176.03,-78.200
176.27,-77.502
176.51,-77.775
176.76,-76.125
177.00,-75.119
177.25,-75.840
177.49,-75.659
177.73,-75.878
177.98,-74.788
178.22,-72.740
178.47,-71.773
178.71,-74.560
178.96,-74.037
179.20,-74.443
179.44,-77.308
179.69,-76.536
179.93,-74.710
180.18,-75.872
180.42,-74.910
180.66,-73.984
180.91,-78.189
181.15,-75.966
181.40,-75.157
181.64,-76.791
181.88,-78.893
182.13,-75.417
182.37,-75.842
182.62,-78.340
182.86,-75.836
183.11,-77.470
183.35,-77.613
183.59,-75.945
183.84,-76.724
184.08,-76.665
184.33,-75.918
184.57,-75.844
184.81,-76.806
185.06,-74.189
185.30,-74.844
185.55,-75.896
185.79,-75.950
186.04,-71.848
186.28,-75.485
186.52,-74.023
186.77,-70.391
187.01,-74.605
187.26,-76.388
187.50,-75.675
187.74,-74.147
187.99,-76.701
188.23,-75.429
188.48,-76.041
188.72,-77.163
188.96,-74.494
189.21,-76.061
189.45,-73.239
189.70,-74.824
189.94,-71.757
190.19,-75.420
190.43,-75.224
190.67,-74.109
190.92,-74.877
191.16,-75.576
191.41,-76.559
191.65,-73.991
191.89,-76.418
192.14,-76.548
192.38,-75.648
192.63,-78.478
192.87,-76.486
193.12,-75.476
193.36,-80.377
193.60,-77.926
193.85,-76.561
194.09,-78.855
194.34,-80.389
194.58,-79.387
194.82,-79.506
195.07,-79.683
195.31,-79.270
195.56,-79.842
195.80,-79.203
196.04,-79.130
196.29,-77.877
196.53,-78.852
196.78,-78.211
197.02,-78.933
197.27,-76.658
197.51,-76.840
197.75,-77.811
198.00,-77.042
198.24,-79.119
198.49,-78.562
198.73,-77.527
198.97,-79.375
199.22,-77.316
199.46,-76.678
199.71,-74.347
199.95,-79.621
200.20,-80.210
200.44,-79.952
200.68,-78.940
200.93,-79.938
201.17,-80.215
201.42,-79.142
201.66,-79.763
201.90,-81.177
202.15,-81.921
202.39,-82.011
202.64,-79.211
202.88,-80.813
203.12,-80.577
203.37,-78.447
203.61,-77.022
203.86,-77.270
204.10,-77.516
204.35,-77.989
204.59,-76.494
204.83,-78.248
205.08,-76.825
205.32,-80.001
205.57,-77.110
205.81,-77.565
206.05,-76.333
206.30,-76.300
206.54,-79.684
206.79,-77.648
207.03,-76.241
207.28,-79.096
207.52,-75.722
207.76,-61.191
208.01,-76.239
208.25,-79.651
208.50,-79.257
208.74,-80.127
208.98,-80.144
209.23,-78.121
209.47,-76.720
209.72,-79.967
209.96,-79.359
210.21,-77.512
210.45,-78.344
210.69,-78.643
210.94,-77.910
211.18,-78.952
211.43,-78.699
211.67,-78.671
211.91,-80.455
212.16,-79.280
212.40,-74.592
212.65,-78.270
212.89,-79.761
213.13,-77.834
213.38,-72.603
213.62,-77.039
213.87,-74.989
214.11,-78.087
214.36,-78.936
214.60,-77.484
214.84,-76.020
215.09,-76.479
215.33,-77.769
215.58,-79.276
215.82,-79.417
216.06,-80.089
216.31,-79.429
216.55,-81.655
216.80,-83.777
217.04,-81.683
217.29,-82.956
217.53,-81.558
217.77,-81.940
218.02,-79.110
218.26,-81.132
218.51,-84.669
218.75,-79.805
218.99,-81.083
219.24,-81.567
219.48,-81.490
219.73,-80.349
219.97,-80.296
220.21,-78.351
220.46,-78.436
220.70,-78.102
220.95,-77.943
221.19,-76.718
221.44,-78.533
221.68,-75.414
221.92,-77.261
222.17,-75.769
222.41,-77.681
222.66,-81.263
222.90,-80.838
223.14,-79.726
223.39,-78.926
223.63,-79.018
223.88,-76.782
224.12,-79.206
224.37,-77.885
224.61,-78.266
224.85,-78.689
225.10,-80.012
225.34,-77.915
225.59,-79.285
225.83,-78.246
226.07,-75.007
226.32,-75.988
226.56,-78.696
226.81,-80.511
227.05,-83.884
227.29,-83.301
227.54,-79.639
227.78,-80.612
228.03,-81.153
228.27,-82.300
228.52,-81.254
228.76,-81.436
229.00,-80.228
229.25,-81.445
229.49,-80.922
229.74,-84.442
229.98,-78.666
230.22,-80.342
230.47,-80.133
230.71,-81.963
230.96,-81.106
231.20,-79.457
231.45,-79.263
231.69,-80.516
231.93,-78.328
232.18,-79.402
232.42,-78.464
232.67,-78.070
232.91,-79.807
233.15,-81.460
233.40,-81.784
233.64,-78.986
233.89,-78.700
234.13,-80.572
234.38,-79.990
234.62,-81.048
234.86,-80.258
235.11,-78.654
235.35,-80.180
235.60,-78.792
235.84,-81.590
236.08,-80.850
236.33,-79.403
236.57,-79.118
236.82,-76.256
237.06,-77.937
237.30,-76.383
237.55,-73.959
237.79,-75.740
238.04,-73.785
238.28,-76.750
238.53,-73.881
238.77,-73.690
239.01,-64.715
239.26,-72.077
239.50,-70.792
239.75,-64.206
239.99,-61.600
240.23,-71.765
240.48,-74.369
240.72,-75.324
240.97,-75.769
241.21,-75.991
241.46,-74.003
241.70,-75.070
241.94,-76.991
242.19,-76.183
242.43,-77.352
242.68,-78.806
242.92,-77.850
243.16,-79.663
243.41,-79.279
243.65,-77.896
243.90,-77.125
244.14,-77.828
244.38,-82.023
244.63,-79.947
244.87,-78.202
245.12,-80.766
245.36,-79.952
245.61,-82.828
245.85,-80.122
246.09,-80.689
246.34,-81.485
246.58,-78.922
246.83,-79.614
247.07,-80.673
247.31,-77.867
247.56,-80.188
247.80,-80.425
248.05,-80.062
248.29,-82.717
248.54,-81.711
248.78,-82.333
249.02,-80.617
249.27,-77.899
249.51,-83.037
249.76,-79.226
250.00,-78.880
250.24,-79.465
250.49,-77.365
250.73,-78.705
250.98,-79.855
251.22,-80.061
251.46,-78.084
251.71,-75.355
251.95,-77.778
252.20,-76.477
252.44,-76.132
252.69,-70.804
252.93,-75.189
253.17,-77.775
253.42,-79.429
253.66,-77.758
253.91,-78.173
254.15,-80.164
254.39,-82.881
254.64,-79.762
254.88,-79.972
255.13,-77.888
255.37,-83.003
255.62,-82.381
255.86,-83.686
256.10,-81.723
256.35,-79.696
256.59,-82.985
256.84,-81.820
257.08,-81.942
257.32,-82.008
257.57,-83.016
257.81,-83.191
258.06,-83.385
258.30,-84.389
258.54,-85.065
258.79,-82.588
259.03,-82.614
259.28,-79.719
259.52,-80.566
259.77,-82.212
260.01,-85.052
260.25,-81.775
260.50,-81.701
260.74,-80.781
260.99,-82.495
261.23,-83.314
261.47,-81.094
261.72,-82.053
261.96,-82.670
262.21,-82.105
262.45,-83.511
262.70,-83.436
262.94,-84.382
263.18,-84.980
263.43,-83.331
263.67,-84.585
263.92,-83.185
264.16,-85.425
264.40,-82.542
264.65,-84.258
264.89,-83.933
265.14,-83.111
265.38,-81.382
265.62,-76.147
265.87,-84.419
266.11,-86.556
266.36,-83.530
266.60,-82.321
266.85,-83.041
267.09,-73.717
267.33,-78.134
267.58,-84.000
267.82,-85.669
268.07,-85.914
268.31,-84.867
268.55,-86.316
268.80,-83.692
269.04,-87.102
269.29,-86.310
269.53,-85.611
269.78,-83.210
270.02,-84.336
270.26,-85.487
270.51,-85.743
270.75,-83.185
271.00,-82.716
271.24,-81.492
271.48,-84.766
271.73,-85.749
271.97,-83.508
272.22,-84.260
272.46,-82.498
272.71,-82.900
272.95,-84.194
273.19,-84.580
273.44,-84.406
273.68,-82.777
273.93,-86.546
274.17,-84.135
274.41,-86.448
274.66,-85.063
274.90,-85.010
275.15,-86.736
275.39,-85.981
275.63,-85.520
275.88,-85.965
276.12,-86.676
276.37,-84.758
276.61,-84.814
276.86,-85.123
277.10,-84.643
277.34,-84.014
277.59,-85.752
277.83,-86.396
278.08,-82.892
278.32,-82.735
278.56,-84.930
278.81,-82.145
279.05,-84.777
279.30,-72.770
279.54,-83.980
279.79,-84.910
280.03,-80.937
280.27,-81.147
280.52,-82.814
280.76,-85.243
281.01,-82.481
281.25,-83.843
281.49,-85.531
281.74,-84.408
281.98,-86.643
282.23,-85.904
282.47,-85.369
282.71,-85.864
282.96,-84.307
283.20,-84.586
283.45,-85.336
283.69,-86.411
283.94,-87.592
284.18,-86.789
284.42,-85.322
284.67,-86.153
284.91,-86.317
285.16,-87.112
285.40,-86.732
285.64,-87.746
285.89,-86.319
286.13,-88.669
286.38,-89.189
286.62,-89.752
286.87,-88.970
287.11,-86.067
287.35,-85.032
287.60,-85.400
287.84,-86.890
288.09,-84.058
288.33,-84.850
288.57,-85.085
288.82,-85.508
289.06,-86.379
289.31,-85.821
289.55,-85.690
289.79,-88.479
290.04,-86.124
290.28,-85.521
290.53,-85.306
290.77,-86.020
291.02,-85.216
291.26,-85.202
291.50,-86.273
291.75,-85.775
291.99,-86.629
292.24,-84.569
292.48,-88.837
292.72,-85.376
292.97,-81.669
293.21,-85.274
293.46,-84.414
293.70,-83.829
293.95,-86.375
294.19,-86.239
294.43,-83.776
294.68,-85.235
294.92,-85.089
295.17,-86.180
295.41,-86.177
295.65,-89.216
295.90,-84.715
296.14,-85.090
296.39,-84.897
296.63,-84.155
296.88,-82.365
297.12,-83.623
297.36,-84.297
297.61,-84.193
297.85,-84.821
298.10,-85.627
298.34,-84.227
298.58,-86.770
298.83,-84.832
299.07,-82.287
299.32,-85.248
299.56,-84.377
299.80,-86.674
300.05,-84.750
300.29,-84.850
300.54,-87.605
300.78,-84.781
301.03,-85.408
301.27,-85.603
301.51,-88.339
301.76,-86.946
302.00,-87.152
302.25,-85.796
302.49,-84.315
302.73,-84.708
302.98,-84.589
303.22,-84.668
303.47,-84.391
303.71,-84.329
303.96,-84.172
304.20,-84.468
304.44,-81.757
304.69,-81.099
304.93,-82.953
305.18,-83.747
305.42,-85.858
305.66,-85.023
305.91,-84.887
306.15,-86.496
306.40,-84.790
306.64,-85.138
306.88,-86.006
307.13,-84.259
307.37,-85.530
307.62,-85.312
307.86,-85.507
308.11,-86.501
308.35,-84.230
308.59,-86.857
308.84,-86.709
309.08,-84.979
309.33,-86.037
309.57,-86.059
309.81,-85.737
310.06,-86.001
310.30,-84.685
310.55,-86.480
310.79,-86.923
311.04,-85.063
311.28,-85.425
311.52,-83.818
311.77,-85.779
312.01,-84.026
312.26,-84.853
312.50,-88.355
312.74,-87.322
312.99,-84.502
313.23,-86.635
313.48,-88.323
313.72,-86.738
313.96,-85.726
314.21,-87.941
314.45,-86.923
314.70,-87.917
314.94,-89.099
315.19,-86.497
315.43,-89.543
315.67,-86.967
315.92,-90.503
316.16,-87.072
316.41,-89.792
316.65,-85.946
316.89,-88.137
317.14,-88.043
317.38,-85.693
317.63,-85.827
317.87,-87.209
318.12,-86.461
318.36,-89.628
318.60,-87.870
318.85,-85.447
319.09,-86.062
319.34,-85.812
319.58,-87.882
319.82,-90.655
320.07,-88.148
320.31,-87.362
320.56,-88.327
320.80,-87.838
321.04,-85.696
321.29,-85.890
321.53,-88.138
321.78,-86.743
322.02,-87.187
322.27,-85.828
322.51,-87.453
322.75,-85.967
323.00,-87.217
323.24,-88.351
323.49,-88.110
323.73,-87.417
323.97,-87.523
324.22,-85.478
324.46,-85.943
324.71,-86.246
324.95,-86.070
325.20,-87.989
325.44,-87.224
325.68,-87.667
325.93,-86.092
326.17,-88.753
326.42,-87.812
326.66,-86.510
326.90,-86.126
327.15,-88.896
327.39,-89.436
327.64,-88.434
327.88,-87.093
328.12,-87.886
328.37,-89.974
328.61,-91.622
328.86,-89.228
329.10,-87.243
329.35,-88.243
329.59,-88.170
329.83,-85.729
330.08,-87.492
330.32,-85.077
330.57,-84.736
330.81,-84.842
331.05,-84.871
331.30,-85.817
331.54,-85.622
331.79,-84.918
332.03,-87.190
332.28,-87.388
332.52,-85.512
332.76,-87.338
333.01,-89.147
333.25,-89.776
333.50,-87.309
333.74,-88.048
333.98,-86.411
334.23,-87.784
334.47,-88.190
334.72,-86.708
334.96,-87.223
335.21,-86.754
335.45,-90.012
335.69,-89.065
335.94,-87.825
336.18,-88.458
336.43,-89.350
336.67,-88.071
336.91,-88.321
337.16,-86.384
337.40,-88.115
337.65,-88.870
337.89,-87.871
338.13,-88.522
338.38,-90.283
338.62,-89.309
338.87,-89.947
339.11,-88.759
339.36,-88.938
339.60,-89.080
339.84,-89.693
340.09,-86.249
340.33,-87.092
340.58,-87.529
340.82,-88.549
341.06,-89.884
341.31,-88.934
341.55,-88.031
341.80,-86.479
342.04,-87.495
342.29,-89.291
342.53,-89.095
342.77,-87.469
343.02,-88.439
343.26,-90.365
343.51,-87.314
343.75,-88.437
343.99,-88.106
344.24,-89.229
344.48,-88.022
344.73,-84.758
344.97,-86.812
345.21,-85.410
345.46,-89.072
345.70,-88.390
345.95,-88.494
346.19,-88.304
346.44,-87.728
346.68,-87.536
346.92,-90.111
347.17,-86.528
347.41,-87.551
347.66,-88.289
347.90,-88.030
348.14,-87.741
348.39,-82.078
348.63,-88.074
348.88,-84.306
349.12,-84.327
349.37,-86.667
349.61,-87.920
349.85,-85.262
350.10,-86.848
350.34,-86.346
350.59,-85.478
350.83,-88.674
351.07,-87.933
351.32,-88.747
351.56,-86.934
351.81,-89.068
352.05,-89.030
352.29,-90.186
352.54,-88.683
352.78,-87.263
353.03,-83.158
353.27,-89.196
353.52,-91.064
353.76,-88.046
354.00,-88.837
354.25,-88.721
354.49,-88.813
354.74,-89.810
354.98,-87.335
355.22,-90.070
355.47,-85.680
355.71,-88.101
355.96,-89.731
356.20,-79.483
356.45,-88.267
356.69,-86.040
356.93,-87.518
357.18,-85.977
357.42,-88.296
357.67,-88.749
357.91,-88.124
358.15,-85.147
358.40,-86.037
358.64,-86.056
358.89,-84.941
359.13,-83.552
359.38,-87.989
359.62,-87.471
359.86,-79.796
360.11,-86.413
360.35,-84.252
360.60,-82.415
360.84,-83.063
361.08,-84.695
361.33,-85.864
361.57,-87.991
361.82,-87.635
362.06,-89.289
362.30,-86.877
362.55,-86.874
362.79,-87.951
363.04,-87.030
363.28,-87.460
363.53,-87.404
363.77,-86.633
364.01,-88.689
364.26,-90.011
364.50,-88.573
364.75,-85.788
364.99,-85.266
365.23,-84.943
365.48,-85.448
365.72,-85.207
365.97,-85.691
366.21,-84.760
366.46,-86.254
366.70,-85.317
366.94,-87.342
367.19,-84.809
367.43,-88.221
367.68,-87.438
367.92,-88.472
368.16,-89.273
368.41,-86.737
368.65,-86.475
368.90,-86.753
369.14,-84.417
369.38,-86.218
369.63,-84.782
369.87,-85.967
370.12,-85.558
370.36,-86.429
370.61,-88.066
370.85,-86.308
371.09,-87.111
371.34,-84.753
371.58,-81.753
371.83,-79.486
372.07,-83.736
372.31,-86.853
372.56,-85.425
372.80,-86.980
373.05,-88.685
373.29,-86.624
373.54,-87.447
373.78,-87.484
374.02,-86.188
374.27,-88.614
374.51,-87.223
374.76,-86.568
375.00,-88.091
375.24,-87.610
375.49,-89.470
375.73,-87.229
375.98,-90.335
376.22,-86.339
376.46,-89.045
376.71,-89.135
376.95,-88.065
377.20,-89.433
377.44,-86.899
377.69,-86.918
377.93,-88.156
378.17,-89.642
378.42,-87.169
378.66,-87.406
378.91,-88.740
379.15,-86.535
379.39,-89.471
379.64,-87.334
379.88,-86.878
380.13,-88.044
380.37,-88.153
380.62,-87.984
380.86,-85.572
381.10,-87.087
381.35,-84.869
381.59,-86.644
381.84,-86.328
382.08,-85.282
382.32,-86.505
382.57,-86.425
382.81,-85.653
383.06,-86.047
383.30,-86.946
383.54,-86.425
383.79,-86.620
384.03,-89.358
384.28,-88.305
384.52,-86.031
384.77,-87.674
385.01,-88.255
385.25,-86.564
385.50,-87.921
385.74,-88.530
385.99,-88.925
386.23,-87.474
386.47,-86.097
386.72,-89.439
386.96,-89.363
387.21,-88.083
387.45,-86.909
387.70,-88.902
387.94,-88.391
388.18,-89.435
388.43,-87.398
388.67,-90.422
388.92,-88.668
389.16,-88.816
389.40,-88.311
389.65,-88.326
389.89,-89.206
390.14,-90.113
390.38,-89.129
390.62,-88.499
390.87,-88.931
391.11,-89.399
391.36,-89.545
391.60,-87.186
391.85,-86.117
392.09,-90.076
392.33,-86.604
392.58,-87.771
392.82,-86.623
393.07,-84.808
393.31,-87.490
393.55,-87.440
393.80,-83.913
394.04,-84.454
394.29,-87.583
394.53,-86.151
394.78,-87.595
395.02,-87.803
395.26,-85.978
395.51,-84.367
395.75,-85.513
396.00,-84.871
396.24,-84.131
396.48,-86.267
396.73,-85.442
396.97,-86.183
397.22,-83.128
397.46,-85.835
397.71,-83.733
397.95,-82.754
398.19,-76.064
398.44,-73.787
398.68,-80.830
398.93,-84.702
399.17,-86.362
399.41,-88.043
399.66,-86.447
399.90,-89.806
400.15,-87.764
400.39,-88.445
400.63,-86.395
400.88,-88.616
401.12,-86.827
401.37,-87.042
401.61,-87.123
401.86,-88.463
402.10,-89.288
402.34,-88.023
402.59,-88.159
402.83,-88.522
403.08,-88.823
403.32,-88.973
403.56,-90.137
403.81,-89.088
404.05,-88.590
404.30,-89.826
404.54,-91.348
404.79,-87.096
405.03,-87.350
405.27,-88.421
405.52,-88.807
405.76,-89.958
406.01,-88.758
406.25,-89.634
406.49,-88.428
406.74,-88.260
406.98,-86.645
407.23,-89.317
407.47,-88.831
407.71,-88.346
407.96,-86.834
408.20,-89.187
408.45,-88.685
408.69,-88.888
408.94,-88.123
409.18,-89.515
409.42,-87.944
409.67,-89.046
409.91,-89.001
410.16,-86.786
410.40,-87.893
410.64,-87.477
410.89,-90.638
411.13,-89.299
411.38,-89.428
411.62,-89.898
411.87,-87.046
412.11,-87.895
412.35,-88.682
412.60,-90.143
412.84,-88.614
413.09,-87.313
413.33,-87.973
413.57,-87.195
413.82,-91.421
414.06,-92.267
414.31,-87.919
414.55,-88.453
414.79,-88.678
415.04,-89.122
415.28,-87.642
415.53,-88.619
415.77,-88.945
416.02,-89.856
416.26,-88.226
416.50,-86.461
416.75,-88.588
416.99,-89.021
417.24,-88.496
417.48,-89.576
417.72,-88.833
417.97,-89.233
418.21,-89.626
418.46,-87.295
418.70,-88.465
418.95,-87.143
419.19,-88.922
419.43,-89.824
419.68,-90.190
419.92,-88.074
420.17,-87.854
420.41,-86.567
420.65,-85.183
420.90,-89.126
421.14,-87.172
421.39,-89.114
421.63,-88.740
421.88,-87.699
422.12,-88.746
422.36,-88.579
422.61,-89.351
422.85,-87.842
423.10,-87.871
423.34,-85.471
423.58,-89.534
423.83,-88.753
424.07,-87.192
424.32,-87.191
424.56,-86.998
424.80,-88.190
425.05,-86.216
425.29,-87.769
425.54,-87.345
425.78,-86.021
426.03,-84.418
426.27,-86.832
426.51,-86.871
426.76,-86.162
427.00,-86.384
427.25,-85.825
427.49,-84.499
427.73,-88.133
427.98,-89.754
428.22,-84.832
428.47,-88.877
428.71,-87.792
428.96,-89.641
429.20,-87.034
429.44,-86.744
429.69,-88.620
429.93,-87.386
430.18,-89.464
430.42,-88.521
430.66,-89.309
430.91,-87.399
431.15,-87.177
431.40,-85.877
431.64,-89.162
431.88,-89.114
432.13,-87.009
432.37,-87.128
432.62,-88.796
432.86,-90.160
433.11,-88.870
433.35,-89.449
433.59,-87.339
433.84,-87.039
434.08,-89.750
434.33,-86.582
434.57,-86.494
434.81,-90.274
435.06,-88.135
435.30,-84.904
435.55,-87.841
435.79,-86.087
436.04,-86.051
436.28,-85.865
436.52,-87.179
436.77,-84.744
437.01,-86.255
437.26,-87.624
437.50,-86.376
437.74,-88.013
437.99,-87.144
438.23,-87.768
438.48,-87.133
438.72,-85.926
438.96,-85.348
439.21,-87.125
439.45,-87.247
439.70,-85.276
439.94,-87.451
440.19,-88.674
440.43,-88.473
440.67,-86.630
440.92,-87.252
441.16,-86.528
441.41,-85.211
441.65,-86.847
441.89,-86.240
442.14,-86.356
442.38,-85.795
442.63,-87.401
442.87,-87.734
443.12,-87.577
443.36,-86.158
443.60,-86.553
443.85,-86.755
444.09,-86.356
444.34,-87.028
444.58,-88.296
444.82,-86.480
445.07,-88.183
445.31,-87.004
445.56,-87.952
445.80,-88.098
446.04,-84.472
446.29,-86.816
446.53,-86.350
446.78,-85.312
447.02,-86.889
447.27,-85.068
447.51,-87.646
447.75,-88.226
448.00,-90.500
448.24,-88.792
448.49,-86.678
448.73,-89.939
448.97,-84.874
449.22,-87.284
449.46,-85.097
449.71,-86.170
449.95,-87.353
450.20,-86.603
450.44,-93.889
450.68,-90.929
450.93,-89.403
451.17,-86.708
451.42,-89.002
451.66,-87.976
451.90,-87.583
452.15,-86.794
452.39,-87.950
452.64,-89.351
452.88,-89.506
453.12,-87.283
453.37,-85.893
453.61,-88.358
453.86,-86.288
454.10,-88.466
454.35,-84.294
454.59,-87.183
454.83,-87.119
455.08,-85.315
455.32,-85.376
455.57,-86.016
455.81,-86.312
456.05,-87.303
456.30,-85.247
456.54,-86.514
456.79,-85.092
457.03,-87.106
457.28,-86.967
457.52,-84.233
457.76,-85.524
458.01,-86.022
458.25,-88.445
458.50,-86.370
458.74,-88.151
458.98,-87.035
459.23,-86.713
459.47,-85.210
459.72,-84.982
459.96,-86.883
460.21,-86.876
460.45,-88.647
460.69,-86.751
460.94,-84.859
461.18,-85.691
461.43,-86.651
461.67,-86.490
461.91,-85.214
462.16,-86.182
462.40,-84.721
462.65,-86.715
462.89,-86.325
463.13,-87.481
463.38,-86.531
463.62,-85.766
463.87,-85.906
464.11,-85.557
464.36,-88.392
464.60,-85.921
464.84,-83.658
465.09,-85.337
465.33,-85.116
465.58,-86.177
465.82,-86.851
466.06,-87.088
466.31,-85.927
466.55,-86.551
466.80,-85.338
467.04,-88.419
467.29,-87.815
467.53,-90.245
467.77,-88.119
468.02,-86.435
468.26,-87.257
468.51,-89.475
468.75,-84.910
468.99,-89.193
469.24,-87.579
469.48,-87.051
469.73,-86.392
469.97,-87.583
470.21,-84.707
470.46,-87.903
470.70,-88.270
470.95,-86.239
471.19,-86.369
471.44,-91.295
471.68,-89.528
471.92,-87.105
472.17,-88.848
472.41,-86.514
472.66,-87.038
472.90,-88.722
473.14,-85.914
473.39,-85.751
473.63,-87.740
473.88,-85.953
474.12,-86.347
474.37,-84.671
474.61,-84.992
474.85,-83.033
475.10,-87.261
475.34,-85.823
475.59,-85.152
475.83,-83.357
476.07,-86.382
476.32,-89.127
476.56,-85.474
476.81,-85.575
477.05,-86.154
477.29,-87.860
477.54,-89.820
477.78,-87.728
478.03,-86.872
478.27,-88.154
478.52,-88.226
478.76,-87.778
479.00,-86.334
479.25,-91.514
479.49,-87.604
479.74,-87.759
479.98,-88.468
480.22,-87.856
480.47,-85.496
480.71,-86.578
480.96,-86.988
481.20,-86.958
481.45,-89.150
481.69,-87.439
481.93,-87.420
482.18,-85.938
482.42,-87.267
482.67,-88.970
482.91,-85.172
483.15,-86.365
483.40,-86.648
483.64,-86.586
483.89,-84.828
484.13,-86.624
484.38,-86.289
484.62,-84.888
484.86,-84.357
485.11,-85.975
485.35,-86.332
485.60,-85.433
485.84,-85.379
486.08,-85.667
486.33,-85.576
486.57,-86.288
486.82,-86.677
487.06,-86.892
487.30,-86.666
487.55,-84.819
487.79,-85.244
488.04,-85.065
488.28,-86.960
488.53,-89.735
488.77,-87.346
489.01,-87.662
489.26,-86.494
489.50,-85.285
489.75,-87.531
489.99,-87.397
490.23,-88.075
490.48,-84.360
490.72,-84.283
490.97,-85.049
491.21,-85.866
491.46,-84.881
491.70,-87.683
491.94,-85.683
492.19,-85.267
492.43,-86.413
492.68,-85.776
492.92,-87.528
493.16,-87.859
493.41,-85.600
493.65,-83.954
493.90,-87.812
494.14,-84.559
494.38,-86.134
494.63,-86.310
494.87,-86.443
495.12,-86.479
495.36,-85.719
495.61,-83.621
495.85,-83.144
496.09,-87.510
496.34,-84.976
496.58,-87.984
496.83,-85.968
497.07,-87.642
497.31,-89.185
497.56,-84.631
497.80,-87.470
498.05,-89.095
498.29,-87.421
498.54,-84.287
498.78,-88.773
499.02,-85.364
499.27,-89.651
499.51,-89.680
499.76,-84.673
500.00,-85.518
500.24,-86.682
500.49,-84.554
500.73,-86.972
500.98,-83.435
501.22,-85.437
501.46,-84.220
501.71,-87.201
501.95,-85.939
502.20,-86.306
502.44,-84.732
502.69,-87.138
502.93,-85.086
503.17,-84.352
503.42,-86.883
503.66,-85.598
503.91,-87.462
504.15,-85.438
504.39,-86.247
504.64,-83.320
504.88,-86.115
505.13,-88.326
505.37,-86.939
505.62,-89.526
505.86,-89.024
506.10,-88.057
506.35,-86.758
506.59,-84.905
506.84,-87.939
507.08,-85.984
507.32,-87.510
507.57,-87.668
507.81,-89.213
508.06,-86.727
508.30,-88.786
508.54,-84.664
508.79,-87.033
509.03,-85.195
509.28,-85.916
509.52,-85.550
509.77,-86.511
510.01,-84.730
510.25,-86.378
510.50,-84.681
510.74,-84.692
510.99,-84.868
511.23,-86.662
511.47,-85.325
511.72,-84.140
511.96,-83.897
512.21,-84.013
512.45,-84.539
512.70,-85.824
512.94,-85.725
513.18,-85.692
513.43,-85.191
513.67,-87.349
513.92,-84.501
514.16,-84.821
514.40,-86.925
514.65,-87.369
514.89,-86.501
515.14,-84.836
515.38,-86.961
515.62,-88.125
515.87,-85.670
516.11,-86.470
516.36,-86.555
516.60,-85.824
516.85,-89.071
517.09,-86.306
517.33,-86.057
517.58,-86.537
517.82,-85.179
518.07,-85.397
518.31,-85.670
518.55,-84.670
518.80,-84.917
519.04,-84.976
519.29,-87.342
519.53,-84.873
519.78,-86.613
520.02,-83.528
520.26,-83.796
520.51,-86.138
520.75,-83.340
521.00,-84.075
521.24,-85.726
521.48,-85.039
521.73,-84.242
521.97,-86.039
522.22,-84.166
522.46,-87.001
522.71,-87.793
522.95,-83.722
523.19,-86.346
523.44,-86.386
523.68,-87.911
523.93,-88.222
524.17,-84.828
524.41,-84.402
524.66,-84.881
524.90,-85.789
525.15,-86.021
525.39,-84.133
525.63,-81.668
525.88,-84.732
526.12,-83.597
526.37,-84.145
526.61,-83.117
526.86,-85.858
527.10,-85.418
527.34,-87.015
527.59,-85.593
527.83,-84.667
528.08,-85.125
528.32,-83.940
528.56,-84.744
528.81,-83.681
529.05,-83.069
529.30,-84.642
529.54,-83.231
529.79,-82.561
530.03,-83.628
530.27,-82.242
530.52,-78.625
530.76,-74.523
531.01,-70.431
531.25,-69.954
531.49,-74.552
531.74,-80.374
531.98,-82.232
532.23,-82.963
532.47,-83.498
532.71,-84.559
532.96,-83.235
533.20,-83.497
533.45,-86.903
533.69,-84.735
533.94,-84.474
534.18,-84.803
534.42,-83.684
534.67,-87.015
534.91,-85.873
535.16,-84.491
535.40,-83.368
535.64,-83.328
535.89,-84.639
536.13,-82.873
536.38,-83.420
536.62,-83.078
536.87,-82.632
537.11,-84.119
537.35,-84.451
537.60,-87.555
537.84,-82.945
538.09,-82.515
538.33,-83.794
538.57,-83.764
538.82,-83.093
539.06,-82.554
539.31,-84.960
539.55,-84.760
539.79,-86.138
540.04,-84.447
540.28,-80.967
540.53,-84.614
540.77,-83.452
541.02,-83.584
541.26,-83.614
541.50,-83.992
541.75,-86.025
541.99,-84.573
542.24,-81.501
542.48,-84.834
542.72,-82.716
542.97,-83.446
543.21,-80.438
543.46,-80.977
543.70,-82.455
543.95,-81.535
544.19,-83.193
544.43,-81.609
544.68,-82.792
544.92,-82.519
545.17,-83.968
545.41,-83.198
545.65,-82.483
545.90,-83.673
546.14,-80.924
546.39,-83.925
546.63,-82.666
546.88,-84.187
547.12,-81.291
547.36,-82.512
547.61,-85.327
547.85,-84.025
548.10,-86.751
548.34,-82.179
548.58,-83.062
548.83,-83.521
549.07,-83.454
549.32,-82.898
549.56,-83.904
549.80,-83.292
550.05,-85.787
550.29,-85.785
550.54,-83.574
550.78,-80.574
551.03,-81.039
551.27,-82.455
551.51,-84.125
551.76,-84.187
552.00,-86.018
552.25,-84.520
552.49,-85.867
552.73,-84.998
552.98,-81.246
553.22,-82.875
553.47,-83.246
553.71,-83.412
553.96,-83.458
554.20,-82.549
554.44,-84.974
554.69,-83.951
554.93,-81.692
555.18,-81.862
555.42,-83.169
555.66,-84.093
555.91,-85.354
556.15,-82.801
556.40,-83.135
556.64,-82.768
556.88,-80.767
557.13,-82.268
557.37,-83.364
557.62,-85.641
557.86,-81.189
558.11,-83.464
558.35,-78.996
558.59,-81.557
558.84,-84.670
559.08,-82.837
559.33,-82.954
559.57,-82.170
559.81,-83.726
560.06,-83.334
560.30,-85.039
560.55,-85.648
560.79,-82.459
561.04,-84.719
561.28,-83.311
561.52,-81.595
561.77,-85.337
562.01,-80.822
562.26,-82.144
562.50,-82.356
562.74,-81.932
562.99,-82.896
563.23,-82.748
563.48,-81.836
563.72,-84.111
563.96,-80.923
564.21,-84.151
564.45,-82.094
564.70,-82.978
564.94,-81.171
565.19,-80.675
565.43,-82.062
565.67,-81.548
565.92,-82.024
566.16,-80.668
566.41,-80.582
566.65,-81.201
566.89,-83.000
567.14,-81.750
567.38,-79.445
567.63,-80.916
567.87,-85.225
568.12,-80.778
568.36,-82.079
568.60,-80.679
568.85,-80.818
569.09,-81.432
569.34,-82.250
569.58,-80.318
569.82,-81.541
570.07,-82.243
570.31,-82.205
570.56,-81.256
570.80,-80.265
571.04,-79.140
571.29,-81.972
571.53,-80.822
571.78,-79.864
572.02,-81.338
572.27,-80.877
572.51,-80.469
572.75,-82.244
573.00,-81.984
573.24,-82.308
573.49,-80.216
573.73,-80.481
573.97,-80.390
574.22,-81.687
574.46,-82.292
574.71,-80.600
574.95,-80.992
575.20,-83.350
575.44,-83.427
575.68,-81.720
575.93,-80.618
576.17,-81.036
576.42,-80.847
576.66,-84.653
576.90,-79.055
577.15,-80.893
577.39,-80.872
577.64,-82.913
577.88,-81.609
578.12,-80.978
578.37,-80.836
578.61,-79.609
578.86,-82.003
579.10,-79.228
579.35,-78.057
579.59,-78.491
579.83,-78.995
580.08,-78.562
580.32,-72.297
580.57,-68.689
580.81,-73.389
581.05,-76.177
581.30,-78.390
581.54,-77.497
581.79,-78.193
582.03,-80.202
582.28,-79.819
582.52,-77.862
582.76,-80.553
583.01,-78.304
583.25,-78.386
583.50,-79.148
583.74,-76.865
583.98,-76.601
584.23,-77.230
584.47,-80.586
584.72,-79.716
584.96,-78.144
585.21,-79.577
585.45,-81.724
585.69,-78.258
585.94,-80.642
586.18,-80.044
586.43,-78.638
586.67,-80.656
586.91,-80.404
587.16,-79.976
587.40,-81.010
587.65,-77.231
587.89,-78.840
588.13,-78.129
588.38,-77.530
588.62,-80.474
588.87,-78.255
589.11,-78.520
589.36,-79.416
589.60,-78.753
589.84,-80.354
590.09,-79.678
590.33,-81.928
590.58,-78.542
590.82,-80.573
591.06,-79.389
591.31,-77.736
591.55,-82.722
591.80,-80.037
592.04,-79.541
592.29,-78.933
592.53,-78.587
592.77,-78.063
593.02,-79.822
593.26,-79.063
593.51,-78.322
593.75,-78.167
593.99,-79.796
594.24,-77.619
594.48,-77.733
594.73,-78.634
594.97,-78.622
595.21,-79.455
595.46,-76.546
595.70,-78.284
595.95,-80.362
596.19,-80.339
596.44,-77.860
596.68,-79.980
596.92,-78.724
597.17,-80.285
597.41,-79.174
597.66,-76.896
597.90,-76.538
598.14,-79.111
598.39,-77.786
598.63,-77.971
598.88,-77.831
599.12,-77.626
599.37,-78.134
599.61,-78.805
599.85,-78.131
600.10,-79.698
600.34,-78.902
600.59,-78.855
600.83,-78.047
601.07,-77.970
601.32,-77.765
601.56,-78.074
601.81,-79.397
602.05,-79.311
602.29,-79.287
602.54,-79.500
602.78,-78.115
603.03,-76.305
603.27,-74.241
603.52,-77.151
603.76,-76.689
604.00,-77.581
604.25,-77.958
604.49,-73.759
604.74,-77.249
604.98,-78.481
605.22,-78.765
605.47,-76.649
605.71,-75.868
605.96,-75.702
606.20,-75.348
606.45,-74.975
606.69,-76.038
606.93,-76.582
607.18,-78.439
607.42,-77.703
607.67,-76.933
607.91,-77.816
608.15,-80.798
608.40,-75.582
608.64,-76.559
608.89,-80.899
609.13,-76.940
609.38,-78.584
609.62,-76.491
609.86,-76.048
610.11,-75.709
610.35,-76.301
610.60,-74.299
610.84,-70.475
611.08,-74.839
611.33,-74.717
611.57,-76.251
611.82,-75.105
612.06,-76.181
612.30,-74.707
612.55,-76.240
612.79,-76.413
613.04,-75.550
613.28,-76.574
613.53,-75.430
613.77,-76.655
614.01,-75.463
614.26,-78.233
614.50,-75.519
614.75,-77.498
614.99,-76.835
615.23,-77.257
615.48,-75.403
615.72,-76.480
615.97,-74.396
616.21,-76.462
616.46,-76.535
616.70,-76.280
616.94,-76.676
617.19,-77.318
617.43,-78.037
617.68,-75.358
617.92,-77.124
618.16,-72.958
618.41,-75.935
618.65,-76.983
618.90,-75.274
619.14,-77.287
619.38,-76.942
619.63,-75.052
619.87,-74.705
620.12,-75.695
620.36,-75.400
620.61,-74.850
620.85,-75.999
621.09,-75.787
621.34,-74.839
621.58,-75.105
621.83,-73.447
622.07,-77.654
622.31,-74.679
622.56,-75.138
622.80,-73.295
623.05,-74.234
623.29,-73.357
623.54,-74.123
623.78,-74.381
624.02,-74.471
624.27,-73.242
624.51,-74.140
624.76,-76.910
625.00,-77.282
625.24,-75.521
625.49,-75.794
625.73,-77.419
625.98,-75.816
626.22,-73.477
626.46,-74.696
626.71,-75.774
626.95,-75.193
627.20,-74.021
627.44,-75.121
627.69,-72.997
627.93,-76.295
628.17,-76.339
628.42,-75.527
628.66,-74.106
628.91,-74.858
629.15,-73.420
629.39,-72.300
629.64,-75.586
629.88,-77.083
630.13,-73.873
630.37,-75.419
630.62,-76.022
630.86,-76.206
631.10,-73.346
631.35,-74.069
631.59,-74.339
631.84,-73.670
632.08,-74.917
632.32,-76.154
632.57,-75.647
632.81,-72.785
633.06,-72.209
633.30,-74.374
633.54,-73.557
633.79,-73.863
634.03,-73.890
634.28,-75.055
634.52,-76.934
634.77,-76.303
635.01,-75.724
635.25,-74.432
635.50,-73.001
635.74,-72.860
635.99,-71.623
636.23,-72.990
636.47,-73.985
636.72,-74.366
636.96,-73.931
637.21,-73.959
637.45,-73.851
637.70,-74.539
637.94,-73.642
638.18,-75.830
638.43,-73.460
638.67,-74.496
638.92,-72.422
639.16,-71.078
639.40,-73.373
639.65,-73.559
639.89,-74.314
640.14,-73.839
640.38,-74.819
640.62,-72.470
640.87,-73.789
641.11,-71.813
641.36,-75.124
641.60,-75.051
641.85,-75.844
642.09,-77.009
642.33,-73.039
642.58,-72.689
642.82,-71.215
643.07,-74.587
643.31,-75.166
643.55,-73.695
643.80,-72.829
644.04,-72.939
644.29,-75.432
644.53,-75.124
644.78,-73.651
645.02,-74.258
645.26,-74.101
645.51,-73.275
645.75,-74.181
646.00,-74.721
646.24,-75.748
646.48,-74.651
646.73,-74.859
646.97,-74.039
647.22,-73.197
647.46,-73.128
647.71,-74.306
647.95,-76.225
648.19,-75.671
648.44,-75.948
648.68,-74.719
648.93,-73.034
649.17,-76.042
649.41,-76.149
649.66,-73.600
649.90,-72.608
650.15,-75.247
650.39,-74.404
650.63,-75.533
650.88,-74.391
651.12,-73.392
651.37,-73.467
651.61,-74.786
651.86,-74.769
652.10,-75.526
652.34,-74.374
652.59,-75.109
652.83,-76.036
653.08,-75.756
653.32,-74.807
653.56,-75.053
653.81,-73.609
654.05,-73.308
654.30,-72.921
654.54,-74.479
654.79,-73.165
655.03,-72.822
655.27,-76.287
655.52,-76.356
655.76,-71.936
656.01,-73.756
656.25,-74.285
656.49,-74.013
656.74,-77.217
656.98,-75.421
657.23,-73.775
657.47,-80.274
657.71,-74.544
657.96,-75.921
658.20,-74.913
658.45,-76.597
658.69,-75.258
658.94,-74.350
659.18,-74.909
659.42,-75.088
659.67,-74.688
659.91,-76.451
660.16,-74.190
660.40,-76.396
660.64,-77.805
660.89,-75.444
661.13,-75.851
661.38,-75.958
661.62,-77.329
661.87,-73.686
662.11,-76.346
662.35,-73.954
662.60,-73.451
662.84,-73.054
663.09,-71.789
663.33,-69.006
663.57,-64.221
663.82,-60.930
664.06,-61.274
664.31,-63.528
664.55,-67.958
664.79,-69.387
665.04,-72.982
665.28,-74.116
665.53,-74.792
665.77,-73.996
666.02,-74.821
666.26,-76.208
666.50,-75.597
666.75,-76.385
666.99,-76.503
667.24,-76.721
667.48,-76.627
667.72,-76.825
667.97,-76.568
668.21,-76.008
668.46,-76.876
668.70,-78.482
668.95,-76.443
669.19,-78.723
669.43,-80.232
669.68,-77.595
669.92,-78.370
670.17,-77.912
670.41,-77.357
670.65,-76.718
670.90,-76.389
671.14,-78.307
671.39,-75.706
671.63,-76.816
671.88,-75.089
672.12,-78.581
672.36,-78.189
672.61,-75.819
672.85,-78.764
673.10,-76.097
673.34,-78.760
673.58,-79.146
673.83,-78.274
674.07,-76.749
674.32,-77.748
674.56,-78.825
674.80,-74.744
675.05,-76.800
675.29,-77.571
675.54,-77.444
675.78,-78.725
676.03,-78.368
676.27,-77.463
676.51,-79.737
676.76,-78.045
677.00,-77.777
677.25,-77.508
677.49,-77.023
677.73,-78.228
677.98,-77.757
678.22,-78.160
678.47,-77.757
678.71,-79.155
678.96,-78.752
679.20,-82.433
679.44,-78.135
679.69,-78.346
679.93,-77.979
680.18,-79.583
680.42,-78.819
680.66,-78.417
680.91,-80.121
681.15,-80.365
681.40,-79.619
681.64,-79.456
681.88,-78.048
682.13,-79.194
682.37,-78.273
682.62,-78.923
682.86,-77.170
683.11,-77.186
683.35,-83.307
683.59,-80.505
683.84,-76.939
684.08,-79.216
684.33,-78.158
684.57,-80.058
684.81,-80.258
685.06,-81.834
685.30,-80.247
685.55,-78.931
685.79,-79.455
686.04,-80.014
686.28,-80.666
686.52,-78.564
686.77,-78.963
687.01,-80.624
687.26,-78.509
687.50,-81.184
687.74,-78.139
687.99,-80.312
688.23,-78.539
688.48,-79.162
688.72,-77.159
688.96,-81.113
689.21,-83.981
689.45,-79.120
689.70,-81.762
689.94,-79.407
690.19,-80.718
690.43,-79.193
690.67,-78.324
690.92,-79.254
691.16,-79.805
691.41,-79.419
691.65,-80.567
691.89,-80.237
692.14,-79.775
692.38,-79.163
692.63,-81.046
692.87,-82.544
693.12,-79.606
693.36,-79.877
693.60,-79.848
693.85,-81.790
694.09,-83.025
694.34,-80.375
694.58,-80.584
694.82,-79.790
695.07,-80.355
695.31,-79.851
695.56,-79.843
695.80,-79.802
696.04,-81.579
696.29,-78.338
696.53,-79.610
696.78,-81.665
697.02,-82.263
697.27,-80.049
697.51,-79.438
697.75,-81.675
698.00,-80.383
698.24,-79.227
698.49,-80.323
698.73,-80.171
698.97,-80.424
699.22,-77.775
699.46,-81.124
699.71,-80.155
699.95,-80.483
700.20,-81.931
700.44,-81.434
700.68,-81.422
700.93,-80.067
701.17,-81.392
701.42,-81.173
701.66,-81.181
701.90,-83.060
702.15,-80.005
702.39,-79.503
702.64,-82.534
702.88,-81.647
703.12,-81.884
703.37,-83.182
703.61,-82.700
703.86,-80.669
704.10,-79.653
704.35,-83.151
704.59,-82.210
704.83,-83.246
705.08,-81.852
705.32,-81.661
705.57,-82.479
705.81,-82.395
706.05,-84.331
706.30,-82.411
706.54,-80.937
706.79,-80.111
707.03,-82.367
707.28,-81.945
707.52,-79.505
707.76,-82.764
708.01,-80.417
708.25,-81.266
708.50,-80.745
708.74,-82.012
708.98,-83.383
709.23,-86.181
709.47,-84.831
709.72,-83.253
709.96,-83.132
710.21,-81.870
710.45,-84.217
710.69,-81.849
710.94,-82.031
711.18,-78.347
711.43,-80.217
711.67,-79.924
711.91,-81.325
712.16,-81.889
712.40,-82.587
712.65,-81.750
712.89,-83.647
713.13,-79.644
713.38,-80.564
713.62,-82.842
713.87,-83.270
714.11,-80.958
714.36,-84.718
714.60,-83.650
714.84,-82.171
715.09,-81.878
715.33,-83.440
715.58,-82.641
715.82,-84.106
716.06,-80.490
716.31,-80.071
716.55,-84.311
716.80,-84.327
717.04,-82.553
717.29,-81.027
717.53,-83.709
717.77,-84.835
718.02,-82.608
718.26,-84.003
718.51,-82.814
718.75,-83.446
718.99,-84.375
719.24,-83.097
719.48,-82.331
719.73,-80.679
719.97,-79.421
720.21,-81.396
720.46,-83.130
720.70,-82.767
720.95,-85.692
721.19,-84.180
721.44,-82.648
721.68,-81.591
721.92,-81.161
722.17,-83.283
722.41,-82.866
722.66,-82.954
722.90,-83.024
723.14,-82.083
723.39,-82.724
723.63,-82.460
723.88,-83.484
724.12,-82.621
724.37,-82.926
724.61,-85.410
724.85,-84.359
725.10,-82.487
725.34,-86.182
725.59,-83.065
725.83,-81.921
726.07,-83.086
726.32,-82.409
726.56,-83.313
726.81,-82.476
727.05,-81.722
727.29,-85.948
727.54,-84.063
727.78,-83.893
728.03,-82.613
728.27,-82.506
728.52,-83.845
728.76,-83.978
729.00,-82.818
729.25,-84.183
729.49,-83.466
729.74,-82.647
729.98,-84.771
730.22,-83.228
730.47,-81.251
730.71,-80.142
730.96,-80.695
731.20,-82.414
731.45,-83.221
731.69,-83.158
731.93,-83.011
732.18,-80.587
732.42,-81.244
732.67,-84.813
732.91,-82.905
733.15,-83.439
733.40,-83.571
733.64,-83.426
733.89,-82.928
734.13,-82.243
734.38,-84.569
734.62,-85.124
734.86,-84.377
735.11,-84.781
735.35,-83.573
735.60,-84.386
735.84,-84.686
736.08,-83.303
736.33,-83.552
736.57,-83.360
736.82,-81.842
737.06,-83.212
737.30,-83.168
737.55,-81.648
737.79,-82.769
738.04,-84.206
738.28,-83.281
738.53,-85.235
738.77,-84.977
739.01,-82.975
739.26,-84.781
739.50,-84.080
739.75,-82.735
739.99,-84.872
740.23,-84.749
740.48,-83.860
740.72,-75.153
740.97,-77.436
741.21,-84.278
741.46,-82.406
741.70,-83.475
741.94,-77.972
742.19,-80.343
742.43,-84.279
742.68,-83.414
742.92,-81.722
743.16,-84.064
743.41,-83.693
743.65,-80.908
743.90,-84.623
744.14,-81.908
744.38,-82.467
744.63,-83.242
744.87,-83.876
745.12,-84.709
745.36,-82.992
745.61,-85.906
745.85,-85.599
746.09,-85.362
746.34,-84.096
746.58,-86.826
746.83,-85.198
747.07,-82.309
747.31,-83.346
747.56,-84.724
747.80,-85.159
748.05,-88.018
748.29,-85.090
748.54,-83.662
748.78,-85.496
749.02,-84.346
749.27,-85.571
749.51,-83.815
749.76,-84.367
750.00,-84.128
750.24,-85.650
750.49,-87.993
750.73,-84.271
750.98,-86.700
751.22,-86.154
751.46,-84.455
751.71,-87.235
751.95,-85.826
752.20,-85.729
752.44,-87.336
752.69,-86.858
752.93,-83.685
753.17,-86.124
753.42,-85.807
753.66,-85.297
753.91,-86.191
754.15,-85.707
754.39,-85.221
754.64,-84.806
754.88,-84.855
755.13,-86.373
755.37,-85.260
755.62,-86.039
755.86,-84.318
756.10,-86.315
756.35,-87.012
756.59,-83.955
756.84,-85.294
757.08,-84.114
757.32,-84.618
757.57,-85.523
757.81,-84.044
758.06,-83.694
758.30,-85.365
758.54,-84.129
758.79,-86.881
759.03,-87.963
759.28,-86.545
759.52,-84.333
759.77,-84.044
760.01,-86.369
760.25,-83.061
760.50,-84.818
760.74,-83.770
760.99,-86.417
761.23,-84.184
761.47,-84.111
761.72,-85.910
761.96,-84.350
762.21,-84.572
762.45,-84.717
762.70,-89.418
762.94,-87.076
763.18,-85.340
763.43,-86.621
763.67,-85.653
763.92,-85.771
764.16,-86.674
764.40,-85.682
764.65,-88.704
764.89,-86.391
765.14,-85.309
765.38,-85.429
765.62,-84.244
765.87,-86.123
766.11,-85.710
766.36,-85.326
766.60,-85.772
766.85,-87.740
767.09,-86.602
767.33,-85.396
767.58,-86.149
767.82,-85.960
768.07,-84.469
768.31,-84.123
768.55,-84.840
768.80,-86.970
769.04,-87.013
769.29,-84.461
769.53,-84.323
769.78,-85.747
770.02,-86.089
770.26,-84.276
770.51,-76.729
770.75,-86.274
771.00,-85.573
771.24,-85.297
771.48,-84.684
771.73,-86.532
771.97,-86.291
772.22,-85.218
772.46,-86.065
772.71,-86.103
772.95,-86.249
773.19,-87.709
773.44,-85.148
773.68,-88.173
773.93,-86.682
774.17,-86.680
774.41,-84.688
774.66,-86.565
774.90,-84.906
775.15,-84.917
775.39,-87.732
775.63,-86.963
775.88,-87.912
776.12,-85.989
776.37,-85.540
776.61,-85.527
776.86,-85.354
777.10,-88.624
777.34,-88.252
777.59,-85.858
777.83,-85.304
778.08,-86.334
778.32,-86.166
778.56,-86.348
778.81,-89.117
779.05,-87.256
779.30,-88.595
779.54,-87.312
779.79,-85.747
780.03,-88.069
780.27,-86.690
780.52,-84.353
780.76,-86.685
781.01,-86.393
781.25,-87.421
781.49,-88.111
781.74,-87.475
781.98,-85.098
782.23,-86.184
782.47,-88.119
782.71,-87.912
782.96,-86.495
783.20,-84.071
783.45,-85.243
783.69,-88.640
783.94,-88.750
784.18,-83.992
784.42,-86.502
784.67,-86.422
784.91,-88.460
785.16,-87.346
785.40,-88.340
785.64,-87.450
785.89,-87.885
786.13,-87.106
786.38,-85.671
786.62,-87.864
786.87,-87.573
787.11,-89.259
787.35,-87.649
787.60,-87.676
787.84,-89.180
788.09,-85.476
788.33,-88.152
788.57,-86.131
788.82,-86.105
789.06,-87.535
789.31,-87.633
789.55,-88.626
789.79,-87.726
790.04,-89.280
790.28,-87.103
790.53,-86.191
790.77,-87.292
791.02,-86.428
791.26,-88.878
791.50,-86.596
791.75,-87.217
791.99,-88.173
792.24,-89.263
792.48,-88.236
792.72,-89.242
792.97,-87.321
793.21,-87.478
793.46,-86.378
793.70,-87.902
793.95,-88.233
794.19,-88.380
794.43,-87.126
794.68,-85.247
794.92,-88.539
795.17,-87.968
795.41,-85.089
795.65,-86.611
795.90,-84.894
796.14,-80.325
796.39,-79.945
796.63,-77.611
796.88,-78.781
797.12,-82.638
797.36,-83.970
797.61,-85.118
797.85,-86.555
798.10,-88.161
798.34,-88.401
798.58,-87.550
798.83,-85.844
799.07,-84.887
799.32,-87.476
799.56,-88.543
799.80,-87.783
800.05,-87.951
800.29,-88.088
800.54,-87.369
800.78,-89.301
801.03,-88.151
801.27,-88.249
801.51,-85.982
801.76,-88.725
802.00,-86.725
802.25,-88.736
802.49,-84.590
802.73,-87.251
802.98,-87.638
803.22,-86.902
803.47,-88.441
803.71,-85.232
803.96,-84.522
804.20,-86.130
804.44,-86.219
804.69,-88.314
804.93,-85.413
805.18,-85.671
805.42,-89.010
805.66,-89.745
805.91,-86.935
806.15,-86.152
806.40,-85.376
806.64,-87.445
806.88,-87.797
807.13,-87.722
807.37,-87.970
807.62,-89.941
807.86,-87.604
808.11,-86.729
808.35,-87.693
808.59,-86.559
808.84,-87.110
809.08,-87.085
809.33,-87.275
809.57,-85.568
809.81,-85.504
810.06,-85.958
810.30,-86.190
810.55,-85.752
810.79,-86.545
811.04,-86.714
811.28,-85.547
811.52,-84.383
811.77,-86.663
812.01,-88.272
812.26,-87.057
812.50,-88.819
812.74,-88.082
812.99,-88.898
813.23,-88.056
813.48,-87.683
813.72,-88.027
813.96,-89.788
814.21,-89.760
814.45,-88.462
814.70,-86.465
814.94,-87.228
815.19,-87.575
815.43,-88.823
815.67,-87.159
815.92,-87.502
816.16,-87.074
816.41,-88.345
816.65,-88.502
816.89,-87.140
817.14,-85.721
817.38,-88.943
817.63,-85.961
817.87,-85.746
818.12,-88.180
818.36,-87.082
818.60,-87.257
818.85,-85.618
819.09,-88.884
819.34,-88.094
819.58,-89.353
819.82,-84.794
820.07,-85.367
820.31,-86.201
820.56,-87.833
820.80,-86.690
821.04,-87.319
821.29,-88.654
821.53,-88.455
821.78,-87.449
822.02,-89.713
822.27,-87.253
822.51,-88.604
822.75,-89.350
823.00,-90.337
823.24,-84.674
823.49,-87.260
823.73,-88.053
823.97,-87.656
824.22,-88.591
824.46,-88.597
824.71,-86.349
824.95,-89.444
825.20,-89.410
825.44,-88.362
825.68,-87.636
825.93,-86.827
826.17,-86.994
826.42,-86.488
826.66,-86.002
826.90,-88.243
827.15,-88.801
827.39,-89.543
827.64,-87.019
827.88,-87.136
828.12,-85.623
828.37,-87.459
828.61,-90.064
828.86,-86.672
829.10,-88.665
829.35,-89.173
829.59,-87.215
829.83,-89.673
830.08,-85.356
830.32,-85.795
830.57,-85.817
830.81,-87.710
831.05,-88.930
831.30,-86.284
831.54,-88.095
831.79,-88.628
832.03,-88.634
832.28,-87.080
832.52,-89.036
832.76,-91.985
833.01,-88.084
833.25,-90.166
833.50,-90.300
833.74,-88.107
833.98,-90.409
834.23,-89.062
834.47,-88.052
834.72,-86.675
834.96,-85.401
835.21,-87.426
835.45,-86.368
835.69,-86.805
835.94,-88.871
836.18,-90.765
836.43,-87.308
836.67,-87.331
836.91,-87.609
837.16,-89.746
837.40,-86.498
837.65,-87.039
837.89,-88.442
838.13,-89.209
838.38,-89.995
838.62,-89.498
838.87,-90.848
839.11,-89.192
839.36,-89.273
839.60,-87.272
839.84,-88.701
840.09,-88.094
840.33,-86.204
840.58,-87.035
840.82,-86.859
841.06,-87.556
841.31,-88.045
841.55,-88.431
841.80,-86.426
842.04,-89.751
842.29,-89.784
842.53,-86.598
842.77,-88.219
843.02,-87.631
843.26,-86.975
843.51,-86.822
843.75,-87.819
843.99,-87.055
844.24,-88.456
844.48,-89.849
844.73,-88.327
844.97,-87.659
845.21,-87.509
845.46,-87.704
845.70,-86.945
845.95,-91.187
846.19,-90.608
846.44,-89.507
846.68,-90.608
846.92,-93.197
847.17,-87.696
847.41,-87.959
847.66,-87.695
847.90,-89.057
848.14,-86.657
848.39,-89.057
848.63,-87.098
848.88,-87.354
849.12,-86.264
849.37,-87.944
849.61,-87.509
849.85,-87.679
850.10,-88.782
850.34,-88.597
850.59,-87.856
850.83,-89.283
851.07,-88.236
851.32,-87.787
851.56,-88.991
851.81,-90.980
852.05,-86.836
852.29,-89.064
852.54,-88.452
852.78,-90.478
853.03,-90.258
853.27,-91.206
853.52,-86.453
853.76,-89.316
854.00,-89.099
854.25,-90.709
854.49,-90.122
854.74,-88.170
854.98,-87.569
855.22,-87.107
855.47,-89.873
855.71,-89.235
855.96,-86.224
856.20,-88.327
856.45,-90.208
856.69,-91.565
856.93,-87.766
857.18,-87.350
857.42,-87.796
857.67,-89.069
857.91,-92.260
858.15,-88.360
858.40,-88.417
858.64,-87.214
858.89,-89.774
859.13,-88.245
859.38,-89.633
859.62,-90.308
859.86,-88.688
860.11,-91.540
860.35,-89.691
860.60,-88.116
860.84,-88.395
861.08,-86.797
861.33,-88.160
861.57,-90.632
861.82,-91.255
862.06,-88.659
862.30,-88.041
862.55,-88.109
862.79,-86.266
863.04,-89.376
863.28,-86.599
863.53,-86.616
863.77,-87.555
864.01,-89.137
864.26,-88.984
864.50,-89.249
864.75,-92.608
864.99,-88.280
865.23,-89.205
865.48,-87.946
865.72,-88.850
865.97,-88.815
866.21,-87.549
866.46,-89.465
866.70,-89.105
866.94,-88.393
867.19,-88.190
867.43,-90.551
867.68,-91.843
867.92,-87.599
868.16,-87.482
868.41,-88.546
868.65,-88.681
868.90,-88.113
869.14,-89.486
869.38,-90.224
869.63,-86.788
869.87,-89.429
870.12,-88.326
870.36,-89.474
870.61,-87.380
870.85,-89.393
871.09,-91.806
871.34,-89.670
871.58,-86.022
871.83,-89.416
872.07,-88.505
872.31,-87.517
872.56,-88.060
872.80,-89.318
873.05,-89.918
873.29,-89.223
873.54,-88.456
873.78,-89.512
874.02,-88.823
874.27,-90.005
874.51,-89.447
874.76,-93.146
875.00,-91.965
875.24,-89.089
875.49,-88.332
875.73,-88.904
875.98,-89.475
876.22,-88.771
876.46,-89.973
876.71,-87.859
876.95,-90.324
877.20,-89.231
877.44,-88.261
877.69,-88.667
877.93,-88.806
878.17,-88.865
878.42,-87.382
878.66,-89.131
878.91,-88.808
879.15,-89.935
879.39,-89.315
879.64,-92.209
879.88,-89.335
880.13,-90.452
880.37,-92.327
880.62,-86.837
880.86,-89.000
881.10,-88.434
881.35,-89.897
881.59,-87.520
881.84,-90.423
882.08,-89.303
882.32,-88.097
882.57,-86.340
882.81,-87.315
883.06,-88.214
883.30,-90.302
883.54,-89.251
883.79,-88.891
884.03,-88.397
884.28,-89.369
884.52,-88.513
884.77,-88.331
885.01,-86.783
885.25,-89.399
885.50,-89.995
885.74,-90.460
885.99,-88.591
886.23,-92.059
886.47,-90.305
886.72,-87.663
886.96,-91.141
887.21,-90.453
887.45,-89.655
887.70,-88.014
887.94,-89.794
888.18,-91.123
888.43,-86.712
888.67,-87.884
888.92,-88.904
889.16,-91.607
889.40,-93.274
889.65,-90.686
889.89,-90.896
890.14,-87.653
890.38,-89.429
890.62,-88.662
890.87,-90.158
891.11,-88.247
891.36,-88.356
891.60,-88.343
891.85,-89.587
892.09,-88.561
892.33,-89.862
892.58,-88.447
892.82,-89.287
893.07,-89.893
893.31,-89.414
893.55,-89.516
893.80,-89.552
894.04,-89.877
894.29,-89.002
894.53,-90.242
894.78,-89.599
895.02,-88.021
895.26,-90.462
895.51,-90.764
895.75,-87.840
896.00,-93.272
896.24,-89.525
896.48,-86.316
896.73,-87.879
896.97,-89.520
897.22,-88.088
897.46,-89.964
897.71,-90.243
897.95,-88.675
898.19,-90.948
898.44,-89.153
898.68,-89.606
898.93,-90.502
899.17,-88.202
899.41,-90.487
899.66,-86.662
899.90,-87.672
900.15,-89.267
900.39,-90.858
900.63,-88.669
900.88,-87.768
901.12,-88.815
901.37,-90.773
901.61,-88.484
901.86,-90.816
902.10,-90.051
902.34,-90.081
902.59,-90.652
902.83,-88.556
903.08,-90.762
903.32,-90.179
903.56,-89.752
903.81,-90.547
904.05,-90.118
904.30,-89.935
904.54,-89.492
904.79,-88.797
905.03,-86.922
905.27,-89.592
905.52,-90.336
905.76,-90.477
906.01,-88.796
906.25,-88.082
906.49,-89.319
906.74,-88.062
906.98,-88.782
907.23,-89.270
907.47,-86.589
907.71,-87.648
907.96,-88.087
908.20,-88.085
908.45,-89.503
908.69,-88.322
908.94,-87.776
909.18,-88.062
909.42,-86.990
909.67,-90.284
909.91,-90.378
910.16,-87.170
910.40,-88.480
910.64,-90.063
910.89,-89.198
911.13,-90.447
911.38,-90.541
911.62,-88.019
911.87,-90.246
912.11,-89.820
912.35,-89.126
912.60,-86.315
912.84,-88.563
913.09,-91.681
913.33,-89.135
913.57,-89.534
913.82,-90.394
914.06,-91.883
914.31,-90.414
914.55,-89.450
914.79,-90.186
915.04,-89.931
915.28,-93.954
915.53,-88.496
915.77,-90.419
916.02,-90.349
916.26,-88.730
916.50,-87.882
916.75,-90.620
916.99,-87.274
917.24,-89.783
917.48,-89.218
917.72,-88.166
917.97,-87.358
918.21,-87.588
918.46,-89.469
918.70,-88.797
918.95,-90.453
919.19,-88.198
919.43,-88.779
919.68,-87.367
919.92,-89.586
920.17,-89.211
920.41,-88.356
920.65,-89.841
920.90,-90.626
921.14,-88.372
921.39,-89.538
921.63,-90.457
921.88,-90.044
922.12,-88.156
922.36,-90.159
922.61,-90.210
922.85,-92.175
923.10,-88.097
923.34,-90.203
923.58,-89.291
923.83,-87.570
924.07,-90.353
924.32,-90.208
924.56,-91.109
924.80,-88.190
925.05,-91.546
925.29,-88.601
925.54,-89.090
925.78,-90.475
926.03,-87.759
926.27,-89.572
926.51,-90.381
926.76,-91.614
927.00,-88.515
927.25,-88.823
927.49,-86.401
927.73,-86.250
927.98,-88.158
928.22,-87.700
928.47,-88.121
928.71,-88.682
928.96,-87.253
929.20,-86.275
929.44,-85.220
929.69,-83.893
929.93,-85.259
930.18,-87.606
930.42,-85.989
930.66,-88.442
930.91,-88.967
931.15,-88.350
931.40,-89.447
931.64,-90.899
931.88,-89.134
932.13,-88.921
932.37,-91.063
932.62,-89.229
932.86,-92.504
933.11,-91.806
933.35,-91.112
933.59,-88.418
933.84,-89.308
934.08,-87.738
934.33,-90.811
934.57,-89.676
934.81,-88.463
935.06,-88.366
935.30,-90.615
935.55,-88.658
935.79,-90.213
936.04,-89.352
936.28,-88.049
936.52,-90.330
936.77,-89.364
937.01,-87.655
937.26,-88.658
937.50,-87.566
937.74,-86.883
937.99,-87.995
938.23,-88.233
938.48,-88.967
938.72,-88.384
938.96,-89.081
939.21,-88.794
939.45,-88.047
939.70,-88.713
939.94,-90.128
940.19,-89.306
940.43,-90.615
940.67,-88.217
940.92,-89.662
941.16,-88.416
941.41,-88.178
941.65,-89.969
941.89,-87.846
942.14,-87.724
942.38,-88.433
942.63,-88.240
942.87,-87.547
943.12,-88.671
943.36,-89.006
943.60,-85.362
943.85,-87.093
944.09,-88.224
944.34,-86.519
944.58,-87.571
944.82,-89.371
945.07,-89.296
945.31,-87.381
945.56,-87.680
945.80,-88.123
946.04,-89.196
946.29,-88.963
946.53,-89.842
946.78,-88.960
947.02,-89.130
947.27,-88.817
947.51,-88.602
947.75,-88.378
948.00,-87.736
948.24,-88.859
948.49,-86.975
948.73,-89.290
948.97,-89.665
949.22,-89.586
949.46,-88.516
949.71,-89.159
949.95,-88.690
950.20,-90.920
950.44,-90.019
950.68,-88.908
950.93,-89.731
951.17,-90.834
951.42,-89.623
951.66,-87.508
951.90,-87.859
952.15,-89.674
952.39,-92.702
952.64,-90.393
952.88,-89.191
953.12,-89.185
953.37,-88.770
953.61,-90.732
953.86,-88.067
954.10,-89.539
954.35,-88.153
954.59,-90.131
954.83,-89.461
955.08,-89.209
955.32,-89.958
955.57,-88.236
955.81,-91.279
956.05,-90.564
956.30,-90.959
956.54,-88.632
956.79,-92.158
957.03,-87.876
957.28,-88.831
957.52,-89.367
957.76,-88.246
958.01,-88.728
958.25,-89.041
958.50,-89.878
958.74,-88.851
958.98,-88.859
959.23,-87.304
959.47,-88.329
959.72,-87.966
959.96,-90.496
960.21,-88.131
960.45,-88.103
960.69,-88.244
960.94,-87.800
961.18,-90.312
961.43,-89.882
961.67,-90.471
961.91,-87.812
962.16,-86.664
962.40,-87.294
962.65,-87.774
962.89,-90.519
963.13,-89.546
963.38,-89.380
963.62,-88.969
963.87,-86.971
964.11,-86.182
964.36,-88.479
964.60,-86.039
964.84,-87.873
965.09,-88.473
965.33,-88.210
965.58,-89.895
965.82,-87.798
966.06,-89.919
966.31,-91.505
966.55,-89.361
966.80,-88.920
967.04,-89.465
967.29,-91.052
967.53,-88.416
967.77,-90.891
968.02,-89.337
968.26,-89.459
968.51,-89.474
968.75,-88.851
968.99,-89.662
969.24,-88.992
969.48,-89.587
969.73,-87.107
969.97,-89.803
970.21,-87.206
970.46,-88.420
970.70,-89.657
970.95,-89.147
971.19,-89.061
971.44,-89.736
971.68,-88.636
971.92,-88.749
972.17,-88.650
972.41,-89.398
972.66,-90.925
972.90,-91.333
973.14,-89.739
973.39,-87.433
973.63,-88.611
973.88,-87.413
974.12,-90.528
974.37,-89.531
974.61,-86.813
974.85,-86.555
975.10,-88.081
975.34,-88.797
975.59,-90.107
975.83,-90.930
976.07,-87.538
976.32,-88.945
976.56,-89.759
976.81,-88.946
977.05,-87.026
977.29,-87.607
977.54,-88.793
977.78,-88.619
978.03,-86.326
978.27,-86.028
978.52,-87.416
978.76,-88.238
979.00,-85.862
979.25,-88.561
979.49,-88.267
979.74,-87.294
979.98,-90.957
980.22,-86.448
980.47,-89.279
980.71,-87.976
980.96,-88.967
981.20,-88.329
981.45,-89.381
981.69,-89.763
981.93,-87.899
982.18,-88.722
982.42,-88.479
982.67,-90.199
982.91,-90.099
983.15,-88.735
983.40,-87.570
983.64,-89.218
983.89,-87.762
984.13,-88.009
984.38,-89.400
984.62,-90.503
984.86,-87.389
985.11,-90.246
985.35,-91.561
985.60,-86.989
985.84,-85.950
986.08,-86.754
986.33,-87.085
986.57,-87.551
986.82,-87.074
987.06,-88.293
987.30,-87.646
987.55,-86.483
987.79,-88.170
988.04,-88.304
988.28,-86.914
988.53,-86.281
988.77,-85.573
989.01,-89.530
989.26,-89.799
989.50,-87.300
989.75,-90.904
989.99,-88.856
990.23,-87.681
990.48,-86.652
990.72,-86.454
990.97,-90.164
991.21,-90.166
991.46,-89.937
991.70,-89.272
991.94,-88.382
992.19,-87.625
992.43,-87.533
992.68,-88.974
992.92,-86.771
993.16,-85.980
993.41,-89.605
993.65,-87.410
993.90,-87.420
994.14,-88.403
994.38,-86.578
994.63,-90.661
994.87,-87.975
995.12,-86.657
995.36,-87.239
995.61,-87.693
995.85,-88.401
996.09,-88.695
996.34,-86.934
996.58,-88.473
996.83,-89.125
997.07,-90.271
997.31,-87.035
997.56,-87.060
997.80,-88.163
998.05,-89.601
998.29,-88.570
998.54,-88.114
998.78,-90.332
999.02,-87.400
999.27,-88.675
999.51,-87.348
999.76,-86.981
1000.00,-87.163
1000.24,-86.789
1000.49,-87.413
1000.73,-85.194
1000.98,-86.337
1001.22,-87.981
1001.46,-86.377
1001.71,-86.913
1001.95,-87.841
1002.20,-86.931
1002.44,-87.778
1002.69,-86.200
1002.93,-85.736
1003.17,-88.900
1003.42,-88.276
1003.66,-90.053
1003.91,-90.874
1004.15,-87.867
1004.39,-87.986
1004.64,-85.496
1004.88,-87.810
1005.13,-88.207
1005.37,-88.962
1005.62,-87.341
1005.86,-88.036
1006.10,-87.670
1006.35,-91.820
1006.59,-89.310
1006.84,-90.115
1007.08,-87.885
1007.32,-87.402
1007.57,-87.823
1007.81,-86.307
1008.06,-88.912
1008.30,-88.703
1008.54,-88.254
1008.79,-88.276
1009.03,-85.601
1009.28,-87.993
1009.52,-87.257
1009.77,-88.441
1010.01,-85.805
1010.25,-88.863
1010.50,-86.233
1010.74,-87.144
1010.99,-87.612
1011.23,-89.624
1011.47,-87.752
1011.72,-87.430
1011.96,-87.766
1012.21,-90.037
1012.45,-88.563
1012.70,-86.757
1012.94,-85.110
1013.18,-87.822
1013.43,-85.382
1013.67,-88.182
1013.92,-86.545
1014.16,-88.429
1014.40,-88.014
1014.65,-88.022
1014.89,-87.988
1015.14,-86.290
1015.38,-85.433
1015.62,-88.221
1015.87,-89.119
1016.11,-87.929
1016.36,-86.562
1016.60,-87.285
1016.85,-87.472
1017.09,-88.137
1017.33,-88.241
1017.58,-85.457
1017.82,-85.872
1018.07,-86.789
1018.31,-88.509
1018.55,-87.000
1018.80,-89.966
1019.04,-89.403
1019.29,-86.346
1019.53,-84.643
1019.78,-87.450
1020.02,-87.729
1020.26,-87.419
1020.51,-88.459
1020.75,-89.507
1021.00,-87.165
1021.24,-89.087
1021.48,-88.720
1021.73,-89.020
1021.97,-90.225
1022.22,-90.138
1022.46,-87.219
1022.71,-85.316
1022.95,-88.777
1023.19,-87.474
1023.44,-87.085
1023.68,-88.773
1023.93,-90.692
1024.17,-89.247
1024.41,-88.240
1024.66,-87.216
1024.90,-86.535
1025.15,-86.095
1025.39,-87.826
1025.63,-87.051
1025.88,-87.429
1026.12,-89.429
1026.37,-90.388
1026.61,-86.204
1026.86,-89.098
1027.10,-89.942
1027.34,-87.815
1027.59,-88.025
1027.83,-89.550
1028.08,-86.035
1028.32,-89.910
1028.56,-89.226
1028.81,-87.348
1029.05,-87.622
1029.30,-88.686
1029.54,-88.245
1029.79,-87.864
1030.03,-89.030
1030.27,-86.113
1030.52,-88.964
1030.76,-86.058
1031.01,-86.311
1031.25,-85.378
1031.49,-85.134
1031.74,-86.554
1031.98,-85.685
1032.23,-87.545
1032.47,-85.181
1032.71,-84.620
1032.96,-84.993
1033.20,-88.120
1033.45,-86.947
1033.69,-87.134
1033.94,-86.501
1034.18,-87.286
1034.42,-87.038
1034.67,-86.647
1034.91,-86.463
1035.16,-85.339
1035.40,-86.343
1035.64,-86.921
1035.89,-89.232
1036.13,-88.388
1036.38,-88.255
1036.62,-86.409
1036.87,-87.082
1037.11,-89.842
1037.35,-86.698
1037.60,-88.714
1037.84,-87.862
1038.09,-87.432
1038.33,-84.692
1038.57,-86.894
1038.82,-86.796
1039.06,-87.893
1039.31,-86.181
1039.55,-88.451
1039.79,-87.260
1040.04,-86.554
1040.28,-88.415
1040.53,-86.450
1040.77,-86.104
1041.02,-87.146
1041.26,-86.685
1041.50,-86.312
1041.75,-87.506
1041.99,-86.660
1042.24,-89.248
1042.48,-86.048
1042.72,-88.005
1042.97,-84.359
1043.21,-87.523
1043.46,-86.135
1043.70,-86.500
1043.95,-85.250
1044.19,-84.666
1044.43,-85.576
1044.68,-85.450
1044.92,-87.645
1045.17,-88.109
1045.41,-85.714
1045.65,-87.690
1045.90,-86.005
1046.14,-84.334
1046.39,-84.234
1046.63,-86.078
1046.88,-84.533
1047.12,-83.701
1047.36,-82.638
1047.61,-86.664
1047.85,-90.729
1048.10,-85.922
1048.34,-85.830
1048.58,-84.882
1048.83,-88.446
1049.07,-86.703
1049.32,-83.987
1049.56,-83.371
1049.80,-84.998
1050.05,-86.266
1050.29,-87.554
1050.54,-87.922
1050.78,-90.177
1051.03,-85.682
1051.27,-89.957
1051.51,-85.315
1051.76,-86.483
1052.00,-86.130
1052.25,-86.353
1052.49,-87.024
1052.73,-87.737
1052.98,-88.958
1053.22,-88.473
1053.47,-87.185
1053.71,-86.710
1053.96,-87.947
1054.20,-85.226
1054.44,-87.859
1054.69,-86.741
1054.93,-85.995
1055.18,-87.755
1055.42,-86.413
1055.66,-86.214
1055.91,-86.526
1056.15,-85.650
1056.40,-84.887
1056.64,-85.364
1056.88,-86.966
1057.13,-84.937
1057.37,-84.986
1057.62,-85.862
1057.86,-86.322
1058.11,-85.011
1058.35,-86.538
1058.59,-85.589
1058.84,-84.740
1059.08,-86.833
1059.33,-86.442
1059.57,-86.780
1059.81,-86.681
1060.06,-87.826
1060.30,-87.568
1060.55,-85.712
1060.79,-86.394
1061.04,-83.377
1061.28,-84.372
1061.52,-84.121
1061.77,-83.493
1062.01,-86.278
1062.26,-84.649
1062.50,-84.116
1062.74,-84.287
1062.99,-86.008
1063.23,-85.115
1063.48,-83.564
1063.72,-84.597
1063.96,-85.185
1064.21,-85.765
1064.45,-86.460
1064.70,-87.681
1064.94,-84.063
1065.19,-83.418
1065.43,-84.865
1065.67,-84.878
1065.92,-87.628
1066.16,-85.929
1066.41,-86.344
1066.65,-86.014
1066.89,-84.997
1067.14,-87.109
1067.38,-84.256
1067.63,-84.526
1067.87,-87.406
1068.12,-85.510
1068.36,-86.277
1068.60,-81.692
1068.85,-84.944
1069.09,-87.159
1069.34,-82.842
1069.58,-86.326
1069.82,-84.559
1070.07,-86.836
1070.31,-84.385
1070.56,-86.165
1070.80,-85.044
1071.04,-84.943
1071.29,-86.117
1071.53,-82.068
1071.78,-84.488
1072.02,-84.886
1072.27,-84.832
1072.51,-86.501
1072.75,-83.820
1073.00,-85.089
1073.24,-86.928
1073.49,-84.076
1073.73,-85.231
1073.97,-85.300
1074.22,-85.277
1074.46,-84.035
1074.71,-84.168
1074.95,-85.758
1075.20,-83.593
1075.44,-83.967
1075.68,-83.540
1075.93,-83.682
1076.17,-84.666
1076.42,-84.969
1076.66,-88.315
1076.90,-85.558
1077.15,-83.692
1077.39,-85.353
1077.64,-84.977
1077.88,-85.217
1078.12,-84.162
1078.37,-84.283
1078.61,-84.477
1078.86,-83.489
1079.10,-83.927
1079.35,-82.612
1079.59,-83.338
1079.83,-85.775
1080.08,-86.710
1080.32,-85.495
1080.57,-86.462
1080.81,-84.770
1081.05,-87.305
1081.30,-83.206
1081.54,-84.426
1081.79,-86.279
1082.03,-83.449
1082.28,-84.226
1082.52,-84.490
1082.76,-85.346
1083.01,-82.917
1083.25,-81.824
1083.50,-85.858
1083.74,-88.233
1083.98,-86.355
1084.23,-83.141
1084.47,-85.061
1084.72,-85.807
1084.96,-85.181
1085.21,-81.486
1085.45,-85.358
1085.69,-84.076
1085.94,-82.917
1086.18,-82.996
1086.43,-83.246
1086.67,-84.544
1086.91,-85.437
1087.16,-84.367
1087.40,-86.324
1087.65,-84.853
1087.89,-85.603
1088.13,-84.049
1088.38,-83.961
1088.62,-85.522
1088.87,-84.560
1089.11,-85.504
1089.36,-83.650
1089.60,-83.366
1089.84,-83.981
1090.09,-83.759
1090.33,-85.905
1090.58,-83.576
1090.82,-82.329
1091.06,-84.102
1091.31,-82.036
1091.55,-83.140
1091.80,-84.210
1092.04,-82.829
1092.29,-82.855
1092.53,-82.137
1092.77,-82.520
1093.02,-82.804
1093.26,-82.847
1093.51,-80.754
1093.75,-81.748
1093.99,-81.983
1094.24,-83.044
1094.48,-84.882
1094.73,-85.125
1094.97,-83.814
1095.21,-80.881
1095.46,-82.206
1095.70,-82.795
1095.95,-83.284
1096.19,-85.349
1096.44,-84.183
1096.68,-83.589
1096.92,-85.007
1097.17,-81.663
1097.41,-83.920
1097.66,-80.897
1097.90,-82.660
1098.14,-81.860
1098.39,-83.206
1098.63,-83.245
1098.88,-84.891
1099.12,-83.207
1099.37,-82.019
1099.61,-83.338
1099.85,-81.692
1100.10,-83.112
1100.34,-81.403
1100.59,-81.556
1100.83,-80.517
1101.07,-85.359
1101.32,-86.221
1101.56,-81.989
1101.81,-82.045
1102.05,-82.201
1102.29,-83.201
1102.54,-82.088
1102.78,-82.465
1103.03,-81.378
1103.27,-82.093
1103.52,-81.861
1103.76,-82.128
1104.00,-84.128
1104.25,-80.307
1104.49,-81.686
1104.74,-81.366
1104.98,-82.145
1105.22,-83.786
1105.47,-82.143
1105.71,-81.298
1105.96,-82.063
1106.20,-84.047
1106.45,-81.619
1106.69,-82.310
1106.93,-84.661
1107.18,-81.547
1107.42,-83.539
1107.67,-81.851
1107.91,-82.743
1108.15,-83.006
1108.40,-81.895
1108.64,-80.032
1108.89,-83.417
1109.13,-81.233
1109.38,-81.445
1109.62,-84.020
1109.86,-81.800
1110.11,-82.359
1110.35,-82.718
1110.60,-81.785
1110.84,-81.837
1111.08,-81.352
1111.33,-81.544
1111.57,-82.142
1111.82,-81.369
1112.06,-83.162
1112.30,-79.792
1112.55,-81.131
1112.79,-81.409
1113.04,-82.294
1113.28,-83.284
1113.53,-82.520
1113.77,-85.603
1114.01,-83.108
1114.26,-83.189
1114.50,-83.953
1114.75,-84.114
1114.99,-82.908
1115.23,-84.124
1115.48,-82.803
1115.72,-83.909
1115.97,-83.839
1116.21,-85.794
1116.46,-79.386
1116.70,-81.606
1116.94,-80.391
1117.19,-81.641
1117.43,-81.830
1117.68,-81.112
1117.92,-80.672
1118.16,-83.237
1118.41,-83.270
1118.65,-82.000
1118.90,-81.874
1119.14,-83.422
1119.38,-79.991
1119.63,-82.517
1119.87,-81.560
1120.12,-79.898
1120.36,-82.441
1120.61,-82.965
1120.85,-86.097
1121.09,-82.433
1121.34,-82.252
1121.58,-81.124
1121.83,-84.323
1122.07,-82.732
1122.31,-81.962
1122.56,-81.288
1122.80,-80.811
1123.05,-81.575
1123.29,-81.424
1123.54,-81.146
1123.78,-81.786
1124.02,-82.197
1124.27,-81.377
1124.51,-79.566
1124.76,-84.759
1125.00,-82.481
1125.24,-82.079
1125.49,-81.730
1125.73,-84.710
1125.98,-80.634
1126.22,-81.650
1126.46,-80.658
1126.71,-80.731
1126.95,-80.146
1127.20,-81.064
1127.44,-79.891
1127.69,-82.145
1127.93,-77.437
1128.17,-80.449
1128.42,-80.814
1128.66,-79.350
1128.91,-81.334
1129.15,-81.141
1129.39,-80.457
1129.64,-79.393
1129.88,-81.008
1130.13,-77.924
1130.37,-73.371
1130.62,-80.210
1130.86,-81.112
1131.10,-81.793
1131.35,-81.190
1131.59,-81.048
1131.84,-82.573
1132.08,-80.702
1132.32,-81.915
1132.57,-81.344
1132.81,-82.234
1133.06,-80.957
1133.30,-80.397
1133.54,-81.099
1133.79,-82.175
1134.03,-82.498
1134.28,-80.579
1134.52,-81.499
1134.77,-81.124
1135.01,-80.138
1135.25,-82.002
1135.50,-80.608
1135.74,-80.213
1135.99,-81.518
1136.23,-80.487
1136.47,-81.800
1136.72,-78.951
1136.96,-82.470
1137.21,-81.978
1137.45,-80.808
1137.70,-79.751
1137.94,-79.608
1138.18,-80.843
1138.43,-80.134
1138.67,-81.547
1138.92,-80.198
1139.16,-80.721
1139.40,-78.610
1139.65,-81.069
1139.89,-79.096
1140.14,-82.528
1140.38,-78.836
1140.62,-80.516
1140.87,-79.814
1141.11,-81.365
1141.36,-79.659
1141.60,-79.811
1141.85,-79.619
1142.09,-81.461
1142.33,-80.778
1142.58,-77.708
1142.82,-79.128
1143.07,-81.564
1143.31,-81.418
1143.55,-82.681
1143.80,-80.086
1144.04,-79.200
1144.29,-80.814
1144.53,-80.462
1144.78,-79.516
1145.02,-79.847
1145.26,-79.905
1145.51,-80.504
1145.75,-80.491
1146.00,-79.166
1146.24,-80.000
1146.48,-79.222
1146.73,-78.191
1146.97,-78.585
1147.22,-77.175
1147.46,-78.118
1147.71,-78.213
1147.95,-76.225
1148.19,-77.723
1148.44,-77.600
1148.68,-77.585
1148.93,-76.210
1149.17,-79.352
1149.41,-78.165
1149.66,-80.345
1149.90,-79.000
1150.15,-75.935
1150.39,-76.661
1150.63,-77.142
1150.88,-76.425
1151.12,-76.834
1151.37,-79.989
1151.61,-78.109
1151.86,-77.049
1152.10,-77.377
1152.34,-76.529
1152.59,-78.343
1152.83,-78.040
1153.08,-77.078
1153.32,-77.772
1153.56,-76.465
1153.81,-79.972
1154.05,-79.107
1154.30,-78.359
1154.54,-78.726
1154.79,-76.008
1155.03,-77.970
1155.27,-77.757
1155.52,-77.117
1155.76,-78.043
1156.01,-76.462
1156.25,-78.007
1156.49,-76.719
1156.74,-77.782
1156.98,-77.604
1157.23,-77.997
1157.47,-77.358
1157.71,-75.338
1157.96,-75.710
1158.20,-76.677
1158.45,-75.509
1158.69,-77.313
1158.94,-78.301
1159.18,-77.861
1159.42,-77.067
1159.67,-76.945
1159.91,-73.906
1160.16,-75.936
1160.40,-74.982
1160.64,-78.724
1160.89,-77.209
1161.13,-77.728
1161.38,-73.816
1161.62,-77.143
1161.87,-75.823
1162.11,-78.297
1162.35,-79.068
1162.60,-74.599
1162.84,-76.404
1163.09,-76.216
1163.33,-78.561
1163.57,-77.444
1163.82,-75.244
1164.06,-78.589
1164.31,-77.267
1164.55,-80.000
1164.79,-76.414
1165.04,-78.201
1165.28,-75.957
1165.53,-75.318
1165.77,-76.932
1166.02,-80.019
1166.26,-77.790
1166.50,-77.371
1166.75,-73.760
1166.99,-76.986
1167.24,-76.842
1167.48,-78.323
1167.72,-73.597
1167.97,-75.842
1168.21,-75.724
1168.46,-74.980
1168.70,-75.341
1168.95,-75.806
1169.19,-75.837
1169.43,-75.823
1169.68,-74.688
1169.92,-77.738
1170.17,-75.184
1170.41,-76.013
1170.65,-74.532
1170.90,-73.414
1171.14,-76.666
1171.39,-73.372
1171.63,-75.699
1171.88,-76.458
1172.12,-74.737
1172.36,-73.851
1172.61,-74.976
1172.85,-73.877
1173.10,-77.785
1173.34,-75.045
1173.58,-75.028
1173.83,-75.898
1174.07,-77.166
1174.32,-75.449
1174.56,-74.387
1174.80,-75.590
1175.05,-75.250
1175.29,-75.504
1175.54,-77.064
1175.78,-73.980
1176.03,-72.290
1176.27,-74.456
1176.51,-77.884
1176.76,-75.126
1177.00,-76.275
1177.25,-76.965
1177.49,-74.526
1177.73,-74.743
1177.98,-74.751
1178.22,-72.351
1178.47,-72.639
1178.71,-73.796
1178.96,-75.089
1179.20,-74.784
1179.44,-74.394
1179.69,-73.702
1179.93,-74.192
1180.18,-72.812
1180.42,-74.064
1180.66,-75.481
1180.91,-76.752
1181.15,-73.173
1181.40,-73.589
1181.64,-73.546
1181.88,-74.557
1182.13,-74.746
1182.37,-73.607
1182.62,-74.075
1182.86,-71.427
1183.11,-72.702
1183.35,-74.454
1183.59,-72.967
1183.84,-75.581
1184.08,-73.647
1184.33,-73.327
1184.57,-70.568
1184.81,-72.433
1185.06,-73.364
1185.30,-75.279
1185.55,-69.461
1185.79,-73.052
1186.04,-74.045
1186.28,-74.439
1186.52,-72.312
1186.77,-73.312
1187.01,-71.833
1187.26,-72.934
1187.50,-71.376
1187.74,-73.915
1187.99,-71.040
1188.23,-71.892
1188.48,-72.803
1188.72,-71.602
1188.96,-71.236
1189.21,-70.439
1189.45,-72.458
1189.70,-70.933
1189.94,-71.222
1190.19,-73.229
1190.43,-73.100
1190.67,-71.977
1190.92,-72.451
1191.16,-70.951
1191.41,-73.391
1191.65,-71.374
1191.89,-72.990
1192.14,-72.686
1192.38,-71.975
1192.63,-73.986
1192.87,-69.715
1193.12,-73.104
1193.36,-74.131
1193.60,-72.156
1193.85,-72.223
1194.09,-71.363
1194.34,-70.072
1194.58,-71.695
1194.82,-72.490
1195.07,-73.359
1195.31,-73.389
1195.56,-72.987
1195.80,-72.046
1196.04,-72.325
1196.29,-69.189
1196.53,-69.810
1196.78,-72.635
1197.02,-71.815
1197.27,-72.438
1197.51,-71.243
1197.75,-70.457
1198.00,-72.742
1198.24,-73.022
1198.49,-70.879
1198.73,-72.630
1198.97,-70.373
1199.22,-72.142
1199.46,-68.233
1199.71,-72.844
1199.95,-71.213
1200.20,-70.095
1200.44,-71.642
1200.68,-71.396
1200.93,-72.520
1201.17,-69.413
1201.42,-71.099
1201.66,-71.943
1201.90,-69.115
1202.15,-73.405
1202.39,-74.357
1202.64,-71.067
1202.88,-70.621
1203.12,-70.869
1203.37,-72.521
1203.61,-73.527
1203.86,-72.730
1204.10,-72.183
1204.35,-70.605
1204.59,-74.331
1204.83,-73.115
1205.08,-72.456
1205.32,-73.786
1205.57,-72.903
1205.81,-71.213
1206.05,-69.569
1206.30,-69.711
1206.54,-67.936
1206.79,-71.249
1207.03,-71.381
1207.28,-68.925
1207.52,-72.599
1207.76,-70.235
1208.01,-71.481
1208.25,-69.475
1208.50,-71.871
1208.74,-69.789
1208.98,-72.677
1209.23,-72.284
1209.47,-70.472
1209.72,-71.605
1209.96,-71.774
1210.21,-69.435
1210.45,-73.594
1210.69,-70.644
1210.94,-70.267
1211.18,-69.984
1211.43,-74.605
1211.67,-72.755
1211.91,-70.436
1212.16,-70.541
1212.40,-70.610
1212.65,-71.364
1212.89,-68.136
1213.13,-71.104
1213.38,-70.530
1213.62,-71.807
1213.87,-72.856
1214.11,-71.771
1214.36,-71.056
1214.60,-70.822
1214.84,-72.743
1215.09,-70.752
1215.33,-70.906
1215.58,-72.073
1215.82,-72.804
1216.06,-70.831
1216.31,-70.362
1216.55,-71.754
1216.80,-70.321
1217.04,-71.837
1217.29,-72.689
1217.53,-71.305
1217.77,-72.858
1218.02,-70.948
1218.26,-69.855
1218.51,-70.541
1218.75,-72.765
1218.99,-75.063
1219.24,-73.975
1219.48,-71.556
1219.73,-72.047
1219.97,-72.692
1220.21,-69.547
1220.46,-72.929
1220.70,-73.179
1220.95,-74.399
1221.19,-72.409
1221.44,-71.039
1221.68,-72.330
1221.92,-72.473
1222.17,-72.993
1222.41,-73.597
1222.66,-71.328
1222.90,-74.049
1223.14,-72.348
1223.39,-73.108
1223.63,-72.226
1223.88,-74.696
1224.12,-73.406
1224.37,-75.062
1224.61,-72.571
1224.85,-74.307
1225.10,-73.995
1225.34,-72.377
1225.59,-73.152
1225.83,-72.568
1226.07,-71.724
1226.32,-74.301
1226.56,-75.067
1226.81,-71.040
1227.05,-74.248
1227.29,-73.577
1227.54,-74.161
1227.78,-74.586
1228.03,-72.137
1228.27,-72.352
1228.52,-73.133
1228.76,-75.155
1229.00,-75.451
1229.25,-72.986
1229.49,-72.343
1229.74,-72.223
1229.98,-74.115
1230.22,-74.557
1230.47,-74.282
1230.71,-74.472
1230.96,-73.434
1231.20,-71.752
1231.45,-73.011
1231.69,-72.244
1231.93,-70.698
1232.18,-74.935
1232.42,-78.031
1232.67,-74.200
1232.91,-74.298
1233.15,-74.108
1233.40,-73.290
1233.64,-72.905
1233.89,-73.941
1234.13,-74.372
1234.38,-72.877
1234.62,-74.427
1234.86,-73.343
1235.11,-76.290
1235.35,-74.181
1235.60,-73.704
1235.84,-72.510
1236.08,-74.398
1236.33,-74.783
1236.57,-75.574
1236.82,-75.601
1237.06,-73.302
1237.30,-74.585
1237.55,-74.812
1237.79,-75.240
1238.04,-74.645
1238.28,-74.158
1238.53,-75.423
1238.77,-77.252
1239.01,-73.620
1239.26,-76.325
1239.50,-76.730
1239.75,-75.794
1239.99,-75.138
1240.23,-73.363
1240.48,-75.187
1240.72,-76.913
1240.97,-77.433
1241.21,-72.890
1241.46,-76.502
1241.70,-75.085
1241.94,-75.761
1242.19,-73.483
1242.43,-74.348
1242.68,-76.611
1242.92,-75.502
1243.16,-75.807
1243.41,-75.643
1243.65,-73.175
1243.90,-76.719
1244.14,-75.427
1244.38,-77.683
1244.63,-78.268
1244.87,-76.302
1245.12,-74.392
1245.36,-72.616
1245.61,-75.915
1245.85,-75.478
1246.09,-75.663
1246.34,-77.148
1246.58,-74.126
1246.83,-75.932
1247.07,-77.120
1247.31,-73.555
1247.56,-77.205
1247.80,-77.712
1248.05,-79.531
1248.29,-78.976
1248.54,-77.271
1248.78,-76.342
1249.02,-75.291
1249.27,-78.458
1249.51,-76.960
1249.76,-73.768
1250.00,-77.259
1250.24,-76.394
1250.49,-77.681
1250.73,-75.000
1250.98,-76.306
1251.22,-79.382
1251.46,-79.516
1251.71,-75.711
1251.95,-77.232
1252.20,-78.237
1252.44,-75.714
1252.69,-75.991
1252.93,-78.739
1253.17,-77.895
1253.42,-77.429
1253.66,-77.842
1253.91,-78.062
1254.15,-76.609
1254.39,-75.501
1254.64,-75.035
1254.88,-76.901
1255.13,-76.489
1255.37,-77.376
1255.62,-76.495
1255.86,-76.451
1256.10,-77.042
1256.35,-75.328
1256.59,-76.403
1256.84,-75.093
1257.08,-79.580
1257.32,-76.841
1257.57,-76.943
1257.81,-79.404
1258.06,-77.251
1258.30,-80.650
1258.54,-76.591
1258.79,-75.948
1259.03,-77.850
1259.28,-77.247
1259.52,-78.439
1259.77,-78.772
1260.01,-78.647
1260.25,-76.137
1260.50,-77.832
1260.74,-80.106
1260.99,-77.523
1261.23,-77.388
1261.47,-81.080
1261.72,-77.222
1261.96,-77.214
1262.21,-78.763
1262.45,-77.903
1262.70,-79.051
1262.94,-77.875
1263.18,-80.034
1263.43,-78.123
1263.67,-82.743
1263.92,-78.039
1264.16,-77.757
1264.40,-79.497
1264.65,-77.443
1264.89,-79.156
1265.14,-80.991
1265.38,-78.412
1265.62,-78.764
1265.87,-76.335
1266.11,-78.898
1266.36,-79.301
1266.60,-80.986
1266.85,-77.800
1267.09,-79.417
1267.33,-77.856
1267.58,-78.763
1267.82,-80.632
1268.07,-79.117
1268.31,-77.191
1268.55,-79.174
1268.80,-79.427
1269.04,-78.179
1269.29,-78.197
1269.53,-79.575
1269.78,-77.593
1270.02,-80.473
1270.26,-79.314
1270.51,-81.063
1270.75,-79.660
1271.00,-78.022
1271.24,-82.977
1271.48,-78.469
1271.73,-77.875
1271.97,-77.781
1272.22,-79.577
1272.46,-78.594
1272.71,-79.030
1272.95,-78.522
1273.19,-78.818
1273.44,-81.043
1273.68,-77.765
1273.93,-80.440
1274.17,-78.314
1274.41,-81.384
1274.66,-78.269
1274.90,-78.662
1275.15,-78.344
1275.39,-78.222
1275.63,-78.638
1275.88,-79.022
1276.12,-79.726
1276.37,-80.233
1276.61,-77.795
1276.86,-77.800
1277.10,-79.816
1277.34,-80.812
1277.59,-79.493
1277.83,-78.712
1278.08,-77.068
1278.32,-77.482
1278.56,-82.314
1278.81,-79.862
1279.05,-83.526
1279.30,-81.013
1279.54,-81.861
1279.79,-79.277
1280.03,-77.612
1280.27,-81.086
1280.52,-81.061
1280.76,-79.779
1281.01,-81.389
1281.25,-80.250
1281.49,-78.360
1281.74,-79.328
1281.98,-81.677
1282.23,-77.953
1282.47,-79.855
1282.71,-81.289
1282.96,-78.891
1283.20,-78.920
1283.45,-80.410
1283.69,-79.187
1283.94,-78.847
1284.18,-78.849
1284.42,-79.484
1284.67,-79.135
1284.91,-80.303
1285.16,-79.552
1285.40,-79.070
1285.64,-77.917
1285.89,-80.411
1286.13,-79.691
1286.38,-80.261
1286.62,-79.797
1286.87,-78.273
1287.11,-81.320
1287.35,-81.589
1287.60,-80.972
1287.84,-82.749
1288.09,-80.834
1288.33,-80.487
1288.57,-80.862
1288.82,-80.487
1289.06,-80.862
1289.31,-81.070
1289.55,-79.889
1289.79,-82.464
1290.04,-79.649
1290.28,-83.403
1290.53,-79.835
1290.77,-79.199
1291.02,-78.885
1291.26,-79.952
1291.50,-82.224
1291.75,-80.223
1291.99,-82.045
1292.24,-79.587
1292.48,-79.575
1292.72,-82.567
1292.97,-81.311
1293.21,-81.403
1293.46,-82.735
1293.70,-79.761
1293.95,-81.008
1294.19,-84.208
1294.43,-82.350
1294.68,-81.419
1294.92,-81.398
1295.17,-80.432
1295.41,-80.910
1295.65,-82.368
1295.90,-80.829
1296.14,-84.188
1296.39,-80.840
1296.63,-79.971
1296.88,-81.073
1297.12,-81.934
1297.36,-81.762
1297.61,-82.501
1297.85,-81.509
1298.10,-81.651
1298.34,-82.160
1298.58,-82.949
1298.83,-83.362
1299.07,-80.967
1299.32,-83.052
1299.56,-82.175
1299.80,-82.491
1300.05,-82.823
1300.29,-81.518
1300.54,-81.225
1300.78,-80.037
1301.03,-82.503
1301.27,-80.006
1301.51,-79.025
1301.76,-80.283
1302.00,-83.123
1302.25,-82.354
1302.49,-83.221
1302.73,-79.236
1302.98,-80.740
1303.22,-82.479
1303.47,-82.949
1303.71,-82.839
1303.96,-81.883
1304.20,-82.592
1304.44,-80.060
1304.69,-80.948
1304.93,-81.473
1305.18,-80.614
1305.42,-84.210
1305.66,-81.225
1305.91,-83.796
1306.15,-84.163
1306.40,-81.987
1306.64,-82.015
1306.88,-81.663
1307.13,-81.340
1307.37,-83.000
1307.62,-82.083
1307.86,-79.134
1308.11,-80.213
1308.35,-84.251
1308.59,-80.982
1308.84,-79.674
1309.08,-82.934
1309.33,-82.454
1309.57,-84.106
1309.81,-83.645
1310.06,-81.506
1310.30,-84.916
1310.55,-82.791
1310.79,-83.840
1311.04,-80.507
1311.28,-82.777
1311.52,-82.683
1311.77,-82.949
1312.01,-84.575
1312.26,-81.920
1312.50,-81.091
1312.74,-84.201
1312.99,-83.555
1313.23,-84.013
1313.48,-84.053
1313.72,-84.504
1313.96,-82.142
1314.21,-81.817
1314.45,-82.867
1314.70,-79.885
1314.94,-81.754
1315.19,-83.671
1315.43,-82.568
1315.67,-82.670
1315.92,-82.820
1316.16,-83.971
1316.41,-83.072
1316.65,-82.192
1316.89,-83.850
1317.14,-81.525
1317.38,-83.669
1317.63,-84.773
1317.87,-86.560
1318.12,-85.401
1318.36,-85.579
1318.60,-84.323
1318.85,-83.661
1319.09,-81.466
1319.34,-83.104
1319.58,-83.083
1319.82,-82.195
1320.07,-79.788
1320.31,-81.867
1320.56,-83.221
1320.80,-83.696
1321.04,-84.322
1321.29,-83.044
1321.53,-82.503
1321.78,-83.926
1322.02,-81.490
1322.27,-81.867
1322.51,-82.454
1322.75,-81.099
1323.00,-81.992
1323.24,-82.498
1323.49,-84.438
1323.73,-81.361
1323.97,-82.706
1324.22,-84.985
1324.46,-81.851
1324.71,-82.169
1324.95,-81.674
1325.20,-80.853
1325.44,-83.831
1325.68,-83.111
1325.93,-84.338
1326.17,-86.578
1326.42,-84.040
1326.66,-83.205
1326.90,-81.579
1327.15,-82.659
1327.39,-83.431
1327.64,-80.982
1327.88,-81.757
1328.12,-83.879
1328.37,-83.994
1328.61,-84.833
1328.86,-83.527
1329.10,-80.641
1329.35,-82.536
1329.59,-83.253
1329.83,-83.442
1330.08,-84.419
1330.32,-84.118
1330.57,-82.930
1330.81,-83.902
1331.05,-84.193
1331.30,-81.875
1331.54,-83.809
1331.79,-84.512
1332.03,-84.640
1332.28,-83.350
1332.52,-81.471
1332.76,-84.042
1333.01,-82.952
1333.25,-82.226
1333.50,-80.762
1333.74,-81.773
1333.98,-82.188
1334.23,-82.169
1334.47,-81.712
1334.72,-81.532
1334.96,-82.052
1335.21,-83.974
1335.45,-83.007
1335.69,-81.156
1335.94,-83.882
1336.18,-84.667
1336.43,-82.897
1336.67,-83.845
1336.91,-83.672
1337.16,-84.046
1337.40,-82.684
1337.65,-84.993
1337.89,-85.606
1338.13,-84.515
1338.38,-82.656
1338.62,-83.647
1338.87,-84.536
1339.11,-84.442
1339.36,-85.347
1339.60,-85.645
1339.84,-84.025
1340.09,-84.228
1340.33,-83.247
1340.58,-83.881
1340.82,-84.299
1341.06,-85.326
1341.31,-85.058
1341.55,-86.102
1341.80,-84.539
1342.04,-84.745
1342.29,-84.618
1342.53,-81.662
1342.77,-83.934
1343.02,-84.864
1343.26,-84.942
1343.51,-84.542
1343.75,-85.569
1343.99,-84.000
1344.24,-84.073
1344.48,-82.856
1344.73,-83.915
1344.97,-82.823
1345.21,-85.346
1345.46,-83.915
1345.70,-83.721
1345.95,-84.631
1346.19,-85.141
1346.44,-81.627
1346.68,-80.217
1346.92,-83.151
1347.17,-83.717
1347.41,-84.365
1347.66,-85.585
1347.90,-83.033
1348.14,-83.510
1348.39,-82.988
1348.63,-83.073
1348.88,-82.403
1349.12,-84.817
1349.37,-85.437
1349.61,-84.817
1349.85,-83.761
1350.10,-84.067
1350.34,-81.909
1350.59,-83.155
1350.83,-83.735
1351.07,-84.078
1351.32,-85.488
1351.56,-84.303
1351.81,-86.838
1352.05,-82.741
1352.29,-84.840
1352.54,-85.536
1352.78,-83.276
1353.03,-86.481
1353.27,-85.305
1353.52,-85.472
1353.76,-83.545
1354.00,-83.542
1354.25,-88.217
1354.49,-84.596
1354.74,-83.328
1354.98,-84.064
1355.22,-83.141
1355.47,-83.609
1355.71,-84.056
1355.96,-84.570
1356.20,-81.631
1356.45,-84.214
1356.69,-85.754
1356.93,-84.292
1357.18,-86.903
1357.42,-83.595
1357.67,-84.441
1357.91,-86.380
1358.15,-84.528
1358.40,-82.776
1358.64,-84.315
1358.89,-85.149
1359.13,-84.262
1359.38,-84.572
1359.62,-84.401
1359.86,-85.706
1360.11,-85.348
1360.35,-84.853
1360.60,-84.676
1360.84,-85.373
1361.08,-87.338
1361.33,-85.285
1361.57,-82.863
1361.82,-82.929
1362.06,-83.348
1362.30,-84.936
1362.55,-84.985
1362.79,-84.960
1363.04,-83.197
1363.28,-84.662
1363.53,-85.506
1363.77,-83.515
1364.01,-83.811
1364.26,-86.575
1364.50,-84.143
1364.75,-83.819
1364.99,-83.848
1365.23,-85.166
1365.48,-82.581
1365.72,-84.160
1365.97,-84.397
1366.21,-85.463
1366.46,-84.286
1366.70,-85.800
1366.94,-85.134
1367.19,-84.949
1367.43,-84.078
1367.68,-85.932
1367.92,-86.324
1368.16,-85.340
1368.41,-85.314
1368.65,-84.407
1368.90,-83.110
1369.14,-84.719
1369.38,-88.128
1369.63,-84.773
1369.87,-87.251
1370.12,-83.884
1370.36,-82.532
1370.61,-83.419
1370.85,-85.877
1371.09,-85.743
1371.34,-83.585
1371.58,-85.636
1371.83,-83.104
1372.07,-84.913
1372.31,-82.607
1372.56,-84.333
1372.80,-84.980
1373.05,-84.015
1373.29,-85.483
1373.54,-83.310
1373.78,-85.002
1374.02,-85.562
1374.27,-83.051
1374.51,-84.009
1374.76,-85.095
1375.00,-83.764
1375.24,-84.284
1375.49,-85.801
1375.73,-86.361
1375.98,-84.578
1376.22,-85.378
1376.46,-84.548
1376.71,-84.353
1376.95,-85.266
1377.20,-85.300
1377.44,-84.238
1377.69,-84.891
1377.93,-86.160
1378.17,-87.732
1378.42,-85.961
1378.66,-84.973
1378.91,-86.182
1379.15,-83.399
1379.39,-85.843
1379.64,-85.489
1379.88,-86.194
1380.13,-83.584
1380.37,-86.223
1380.62,-84.409
1380.86,-85.060
1381.10,-85.607
1381.35,-85.581
1381.59,-82.245
1381.84,-85.985
1382.08,-85.001
1382.32,-84.699
1382.57,-83.469
1382.81,-84.740
1383.06,-83.353
1383.30,-83.629
1383.54,-84.505
1383.79,-87.375
1384.03,-86.616
1384.28,-85.892
1384.52,-87.438
1384.77,-85.932
1385.01,-87.823
1385.25,-84.785
1385.50,-85.511
1385.74,-87.039
1385.99,-88.387
1386.23,-86.595
1386.47,-86.150
1386.72,-83.783
1386.96,-86.810
1387.21,-84.831
1387.45,-85.923
1387.70,-83.920
1387.94,-85.132
1388.18,-85.797
1388.43,-85.433
1388.67,-87.147
1388.92,-84.776
1389.16,-84.716
1389.40,-86.813
1389.65,-87.461
1389.89,-82.836
1390.14,-85.896
1390.38,-85.144
1390.62,-84.596
1390.87,-84.436
1391.11,-82.928
1391.36,-86.199
1391.60,-86.916
1391.85,-85.010
1392.09,-83.555
1392.33,-84.059
1392.58,-86.306
1392.82,-84.739
1393.07,-86.745
1393.31,-87.690
1393.55,-85.795
1393.80,-86.925
1394.04,-87.331
1394.29,-84.759
1394.53,-83.171
1394.78,-83.830
1395.02,-84.702
1395.26,-84.885
1395.51,-86.583
1395.75,-84.787
1396.00,-85.480
1396.24,-86.104
1396.48,-86.300
1396.73,-87.400
1396.97,-84.993
1397.22,-84.844
1397.46,-86.647
1397.71,-86.870
1397.95,-86.062
1398.19,-87.446
1398.44,-85.795
1398.68,-85.068
1398.93,-87.469
1399.17,-85.255
1399.41,-87.034
1399.66,-83.827
1399.90,-84.063
1400.15,-84.776
1400.39,-84.351
1400.63,-84.983
1400.88,-83.638
1401.12,-84.121
1401.37,-86.586
1401.61,-86.568
1401.86,-86.388
1402.10,-86.563
1402.34,-88.477
1402.59,-85.724
1402.83,-86.314
1403.08,-86.234
1403.32,-87.002
1403.56,-87.695
1403.81,-84.289
1404.05,-85.857
1404.30,-86.217
1404.54,-86.339
1404.79,-84.771
1405.03,-86.288
1405.27,-85.425
1405.52,-87.302
1405.76,-84.693
1406.01,-83.652
1406.25,-84.675
1406.49,-83.487
1406.74,-87.415
1406.98,-88.725
1407.23,-88.211
1407.47,-86.429
1407.71,-85.681
1407.96,-88.517
1408.20,-89.193
1408.45,-87.895
1408.69,-84.341
1408.94,-83.914
1409.18,-84.220
1409.42,-86.249
1409.67,-85.006
1409.91,-85.760
1410.16,-87.333
1410.40,-86.009
1410.64,-85.508
1410.89,-84.715
1411.13,-83.348
1411.38,-84.938
1411.62,-85.862
1411.87,-84.517
1412.11,-85.494
1412.35,-87.781
1412.60,-83.990
1412.84,-85.568
1413.09,-87.784
1413.33,-83.452
1413.57,-87.585
1413.82,-86.073
1414.06,-84.037
1414.31,-86.204
1414.55,-87.715
1414.79,-86.606
1415.04,-87.854
1415.28,-85.652
1415.53,-87.054
1415.77,-85.170
1416.02,-86.213
1416.26,-85.734
1416.50,-85.368
1416.75,-85.979
1416.99,-84.669
1417.24,-83.924
1417.48,-86.393
1417.72,-89.037
1417.97,-86.871
1418.21,-86.840
1418.46,-85.367
1418.70,-85.568
1418.95,-84.110
1419.19,-85.182
1419.43,-84.889
1419.68,-86.930
1419.92,-86.385
1420.17,-87.190
1420.41,-85.638
1420.65,-85.110
1420.90,-83.446
1421.14,-87.482
1421.39,-86.765
1421.63,-86.357
1421.88,-84.034
1422.12,-86.012
1422.36,-85.060
1422.61,-87.532
1422.85,-85.829
1423.10,-87.377
1423.34,-86.393
1423.58,-82.453
1423.83,-83.849
1424.07,-84.928
1424.32,-86.004
1424.56,-87.108
1424.80,-84.387
1425.05,-85.683
1425.29,-86.179
1425.54,-84.787
1425.78,-87.225
1426.03,-85.590
1426.27,-85.954
1426.51,-88.157
1426.76,-86.194
1427.00,-84.519
1427.25,-86.279
1427.49,-87.215
1427.73,-86.071
1427.98,-87.487
1428.22,-86.877
1428.47,-84.964
1428.71,-86.374
1428.96,-82.817
1429.20,-85.416
1429.44,-86.548
1429.69,-86.729
1429.93,-85.978
1430.18,-86.100
1430.42,-85.615
1430.66,-84.903
1430.91,-86.562
1431.15,-85.233
1431.40,-89.034
1431.64,-87.066
1431.88,-85.926
1432.13,-84.225
1432.37,-86.849
1432.62,-87.548
1432.86,-84.755
1433.11,-84.360
1433.35,-86.101
1433.59,-85.587
1433.84,-86.559
1434.08,-85.644
1434.33,-88.270
1434.57,-86.393
1434.81,-87.360
1435.06,-86.501
1435.30,-85.642
1435.55,-86.245
1435.79,-83.184
1436.04,-85.050
1436.28,-87.600
1436.52,-88.549
1436.77,-86.039
1437.01,-85.324
1437.26,-85.496
1437.50,-86.599
1437.74,-86.364
1437.99,-88.470
1438.23,-84.743
1438.48,-86.275
1438.72,-85.323
1438.96,-86.314
1439.21,-86.354
1439.45,-85.125
1439.70,-85.546
1439.94,-86.139
1440.19,-87.711
1440.43,-86.930
1440.67,-85.494
1440.92,-86.797
1441.16,-88.313
1441.41,-87.390
1441.65,-86.558
1441.89,-85.559
1442.14,-85.279
1442.38,-86.547
1442.63,-87.169
1442.87,-87.439
1443.12,-85.700
1443.36,-85.791
1443.60,-86.224
1443.85,-84.689
1444.09,-86.533
1444.34,-86.897
1444.58,-87.186
1444.82,-85.595
1445.07,-88.120
1445.31,-87.373
1445.56,-86.312
1445.80,-86.596
1446.04,-83.718
1446.29,-85.690
1446.53,-86.664
1446.78,-88.063
1447.02,-86.084
1447.27,-86.028
1447.51,-85.963
1447.75,-86.418
1448.00,-84.163
1448.24,-85.032
1448.49,-84.770
1448.73,-84.053
1448.97,-83.696
1449.22,-86.344
1449.46,-84.797
1449.71,-86.784
1449.95,-86.970
1450.20,-84.830
1450.44,-84.059
1450.68,-85.040
1450.93,-85.995
1451.17,-88.118
1451.42,-85.640
1451.66,-86.842
1451.90,-86.084
1452.15,-86.588
1452.39,-87.152
1452.64,-84.610
1452.88,-86.409
1453.12,-84.240
1453.37,-88.719
1453.61,-88.892
1453.86,-84.422
1454.10,-86.404
1454.35,-85.045
1454.59,-86.539
1454.83,-86.459
1455.08,-87.482
1455.32,-87.039
1455.57,-84.578
1455.81,-87.472
1456.05,-86.864
1456.30,-85.758
1456.54,-85.069
1456.79,-86.036
1457.03,-87.690
1457.28,-86.976
1457.52,-87.626
1457.76,-84.710
1458.01,-86.018
1458.25,-85.201
1458.50,-85.146
1458.74,-85.550
1458.98,-85.870
1459.23,-86.520
1459.47,-87.483
1459.72,-87.261
1459.96,-84.654
1460.21,-86.859
1460.45,-86.182
1460.69,-85.313
1460.94,-87.476
1461.18,-87.751
1461.43,-87.483
1461.67,-86.742
1461.91,-87.482
1462.16,-86.714
1462.40,-85.841
1462.65,-86.652
1462.89,-86.209
1463.13,-85.952
1463.38,-86.033
1463.62,-84.835
1463.87,-86.596
1464.11,-87.112
1464.36,-88.461
1464.60,-87.550
1464.84,-85.277
1465.09,-85.065
1465.33,-86.651
1465.58,-85.919
1465.82,-84.684
1466.06,-87.808
1466.31,-84.538
1466.55,-84.495
1466.80,-86.382
1467.04,-85.409
1467.29,-85.701
1467.53,-85.541
1467.77,-87.074
1468.02,-85.932
1468.26,-89.466
1468.51,-89.214
1468.75,-85.885
1468.99,-85.872
1469.24,-85.462
1469.48,-86.273
1469.73,-86.578
1469.97,-86.333
1470.21,-86.583
1470.46,-86.128
1470.70,-84.701
1470.95,-87.560
1471.19,-85.489
1471.44,-87.064
1471.68,-88.156
1471.92,-86.662
1472.17,-88.272
1472.41,-84.860
1472.66,-88.283
1472.90,-86.810
1473.14,-87.785
1473.39,-87.006
1473.63,-85.322
1473.88,-84.582
1474.12,-89.306
1474.37,-86.035
1474.61,-86.290
1474.85,-85.259
1475.10,-87.565
1475.34,-88.205
1475.59,-88.577
1475.83,-86.900
1476.07,-86.747
1476.32,-87.222
1476.56,-88.664
1476.81,-86.004
1477.05,-85.604
1477.29,-87.449
1477.54,-85.849
1477.78,-86.038
1478.03,-85.643
1478.27,-86.229
1478.52,-86.307
1478.76,-85.209
1479.00,-86.284
1479.25,-88.738
1479.49,-86.314
1479.74,-86.765
1479.98,-87.058
1480.22,-85.981
1480.47,-86.226
1480.71,-87.631
1480.96,-84.308
1481.20,-86.314
1481.45,-86.895
1481.69,-88.545
1481.93,-87.312
1482.18,-86.435
1482.42,-85.239
1482.67,-84.915
1482.91,-85.700
1483.15,-89.115
1483.40,-84.607
1483.64,-87.376
1483.89,-86.834
1484.13,-86.775
1484.38,-84.028
1484.62,-86.339
1484.86,-85.245
1485.11,-86.342
1485.35,-87.639
1485.60,-86.577
1485.84,-87.344
1486.08,-85.769
1486.33,-84.900
1486.57,-84.467
1486.82,-86.659
1487.06,-88.618
1487.30,-86.029
1487.55,-87.062
1487.79,-88.326
1488.04,-86.486
1488.28,-85.270
1488.53,-86.547
1488.77,-88.121
1489.01,-83.692
1489.26,-86.205
1489.50,-85.398
1489.75,-88.803
1489.99,-87.402
1490.23,-86.486
1490.48,-87.955
1490.72,-85.937
1490.97,-86.794
1491.21,-86.339
1491.46,-86.340
1491.70,-86.003
1491.94,-87.732
1492.19,-85.001
1492.43,-84.256
1492.68,-85.103
1492.92,-84.578
1493.16,-87.302
1493.41,-88.350
1493.65,-85.548
1493.90,-87.400
1494.14,-87.105
1494.38,-87.715
1494.63,-86.229
1494.87,-83.688
1495.12,-88.359
1495.36,-85.618
1495.61,-86.386
1495.85,-85.121
1496.09,-83.925
1496.34,-87.752
1496.58,-88.105
1496.83,-87.051
1497.07,-86.833
1497.31,-87.402
1497.56,-85.360
1497.80,-84.585
1498.05,-86.348
1498.29,-85.282
1498.54,-85.767
1498.78,-86.386
1499.02,-85.852
1499.27,-86.689
1499.51,-86.969
1499.76,-86.741
1500.00,-85.618
1500.24,-85.676
1500.49,-85.406
1500.73,-88.645
1500.98,-86.509
1501.22,-84.941
1501.46,-85.173
1501.71,-86.059
1501.95,-86.060
1502.20,-88.071
1502.44,-86.619
1502.69,-85.057
1502.93,-86.900
1503.17,-87.535
1503.42,-88.708
1503.66,-86.909
1503.91,-85.298
1504.15,-86.670
1504.39,-84.851
1504.64,-85.990
1504.88,-84.880
1505.13,-85.784
1505.37,-83.746
1505.62,-86.219
1505.86,-85.050
1506.10,-85.472
1506.35,-84.667
1506.59,-85.467
1506.84,-85.616
1507.08,-85.480
1507.32,-87.581
1507.57,-85.259
1507.81,-86.640
1508.06,-84.142
1508.30,-86.074
1508.54,-84.148
1508.79,-84.173
1509.03,-86.667
1509.28,-86.733
1509.52,-85.255
1509.77,-85.147
1510.01,-84.924
1510.25,-85.237
1510.50,-85.166
1510.74,-85.328
1510.99,-86.010
1511.23,-87.760
1511.47,-86.576
1511.72,-88.602
1511.96,-87.940
1512.21,-88.917
1512.45,-83.406
1512.70,-86.156
1512.94,-83.318
1513.18,-86.125
1513.43,-86.248
1513.67,-88.042
1513.92,-84.257
1514.16,-86.873
1514.40,-86.611
1514.65,-84.595
1514.89,-86.727
1515.14,-85.638
1515.38,-86.699
1515.62,-85.857
1515.87,-85.129
1516.11,-85.891
1516.36,-85.528
1516.60,-84.191
1516.85,-86.183
1517.09,-85.068
1517.33,-86.416
1517.58,-85.015
1517.82,-85.714
1518.07,-84.701
1518.31,-86.411
1518.55,-83.948
1518.80,-84.390
1519.04,-86.909
1519.29,-84.669
1519.53,-86.159
1519.78,-86.238
1520.02,-85.462
1520.26,-87.278
1520.51,-84.398
1520.75,-87.502
1521.00,-85.096
1521.24,-85.087
1521.48,-86.778
1521.73,-85.264
1521.97,-87.035
1522.22,-85.325
1522.46,-85.334
1522.71,-82.664
1522.95,-85.172
1523.19,-87.539
1523.44,-86.707
1523.68,-84.173
1523.93,-85.740
1524.17,-86.208
1524.41,-87.392
1524.66,-87.263
1524.90,-85.875
1525.15,-85.648
1525.39,-85.316
1525.63,-85.408
1525.88,-85.793
1526.12,-84.100
1526.37,-85.553
1526.61,-85.886
1526.86,-86.262
1527.10,-85.438
1527.34,-85.565
1527.59,-86.195
1527.83,-84.434
1528.08,-86.320
1528.32,-84.522
1528.56,-83.456
1528.81,-83.527
1529.05,-83.547
1529.30,-84.251
1529.54,-83.426
1529.79,-88.044
1530.03,-86.960
1530.27,-87.231
1530.52,-84.458
1530.76,-84.668
1531.01,-84.667
1531.25,-83.748
1531.49,-84.558
1531.74,-83.747
1531.98,-85.957
1532.23,-84.626
1532.47,-85.874
1532.71,-84.442
1532.96,-85.447
1533.20,-88.296
1533.45,-86.827
1533.69,-86.212
1533.94,-85.134
1534.18,-83.975
1534.42,-87.303
1534.67,-85.754
1534.91,-87.955
1535.16,-86.215
1535.40,-86.064
1535.64,-86.977
1535.89,-84.160
1536.13,-86.357
1536.38,-85.845
1536.62,-85.790
1536.87,-86.488
1537.11,-85.308
1537.35,-85.645
1537.60,-87.168
1537.84,-85.926
1538.09,-88.014
1538.33,-88.147
1538.57,-84.129
1538.82,-85.182
1539.06,-87.092
1539.31,-86.777
1539.55,-83.771
1539.79,-85.502
1540.04,-83.033
1540.28,-84.080
1540.53,-86.354
1540.77,-85.206
1541.02,-83.043
1541.26,-86.498
1541.50,-85.345
1541.75,-84.968
1541.99,-85.383
1542.24,-88.391
1542.48,-86.496
1542.72,-86.770
1542.97,-85.161
1543.21,-84.551
1543.46,-84.459
1543.70,-83.439
1543.95,-83.079
1544.19,-86.284
1544.43,-86.189
1544.68,-85.746
1544.92,-87.020
1545.17,-82.915
1545.41,-85.507
1545.65,-84.882
1545.90,-84.348
1546.14,-86.357
1546.39,-86.258
1546.63,-85.938
1546.88,-86.969
1547.12,-84.947
1547.36,-86.180
1547.61,-86.198
1547.85,-84.360
1548.10,-84.835
1548.34,-85.749
1548.58,-85.794
1548.83,-87.379
1549.07,-85.912
1549.32,-84.645
1549.56,-83.747
1549.80,-86.921
1550.05,-86.910
1550.29,-85.268
1550.54,-87.131
1550.78,-85.884
1551.03,-87.641
1551.27,-86.704
1551.51,-86.530
1551.76,-86.921
1552.00,-84.935
1552.25,-85.103
1552.49,-87.993
1552.73,-87.258
1552.98,-85.321
1553.22,-84.064
1553.47,-85.473
1553.71,-86.119
1553.96,-84.540
1554.20,-85.284
1554.44,-86.645
1554.69,-84.536
1554.93,-86.628
1555.18,-84.988
1555.42,-85.165
1555.66,-84.829
1555.91,-87.141
1556.15,-86.680
1556.40,-86.754
1556.64,-86.026
1556.88,-85.089
1557.13,-86.654
1557.37,-85.922
1557.62,-84.412
1557.86,-87.297
1558.11,-87.655
1558.35,-86.693
1558.59,-84.750
1558.84,-85.790
1559.08,-82.373
1559.33,-85.456
1559.57,-85.143
1559.81,-85.675
1560.06,-86.693
1560.30,-83.621
1560.55,-84.530
1560.79,-84.397
1561.04,-87.020
1561.28,-87.000
1561.52,-85.890
1561.77,-86.546
1562.01,-84.621
1562.26,-88.411
1562.50,-83.028
1562.74,-84.287
1562.99,-85.844
1563.23,-86.840
1563.48,-85.966
1563.72,-85.758
1563.96,-84.425
1564.21,-83.879
1564.45,-84.132
1564.70,-83.222
1564.94,-85.797
1565.19,-86.242
1565.43,-84.800
1565.67,-84.387
1565.92,-85.762
1566.16,-85.278
1566.41,-84.138
1566.65,-86.128
1566.89,-86.130
1567.14,-86.478
1567.38,-86.199
1567.63,-84.754
1567.87,-85.661
1568.12,-84.047
1568.36,-84.723
1568.60,-85.019
1568.85,-85.445
1569.09,-83.707
1569.34,-83.483
1569.58,-83.408
1569.82,-84.363
1570.07,-83.739
1570.31,-85.742
1570.56,-83.631
1570.80,-81.948
1571.04,-85.746
1571.29,-85.036
1571.53,-84.444
1571.78,-84.408
1572.02,-84.598
1572.27,-84.440
1572.51,-83.303
1572.75,-85.959
1573.00,-84.877
1573.24,-84.793
1573.49,-83.545
1573.73,-85.017
1573.97,-85.924
1574.22,-89.598
1574.46,-83.275
1574.71,-83.860
1574.95,-82.897
1575.20,-83.319
1575.44,-84.284
1575.68,-84.757
1575.93,-82.014
1576.17,-83.786
1576.42,-84.820
1576.66,-86.805
1576.90,-87.318
1577.15,-85.518
1577.39,-85.861
1577.64,-83.433
1577.88,-81.499
1578.12,-82.735
1578.37,-81.631
1578.61,-84.537
1578.86,-83.905
1579.10,-83.704
1579.35,-84.771
1579.59,-83.962
1579.83,-85.353
1580.08,-83.553
1580.32,-85.084
1580.57,-82.345
1580.81,-84.017
1581.05,-82.596
1581.30,-82.345
1581.54,-84.315
1581.79,-85.721
1582.03,-86.144
1582.28,-86.174
1582.52,-83.677
1582.76,-87.213
1583.01,-84.503
1583.25,-82.082
1583.50,-82.695
1583.74,-84.426
1583.98,-83.781
1584.23,-83.058
1584.47,-81.801
1584.72,-85.281
1584.96,-85.264
1585.21,-84.486
1585.45,-84.613
1585.69,-83.491
1585.94,-87.419
1586.18,-83.878
1586.43,-82.853
1586.67,-83.825
1586.91,-84.276
1587.16,-85.902
1587.40,-83.940
1587.65,-84.157
1587.89,-84.399
1588.13,-87.206
1588.38,-85.667
1588.62,-84.611
1588.87,-84.948
1589.11,-83.848
1589.36,-83.896
1589.60,-85.288
1589.84,-83.197
1590.09,-83.038
1590.33,-84.171
1590.58,-84.232
1590.82,-84.492
1591.06,-82.437
1591.31,-85.599
1591.55,-86.781
1591.80,-84.994
1592.04,-86.544
1592.29,-86.125
1592.53,-84.138
1592.77,-83.128
1593.02,-84.043
1593.26,-80.971
1593.51,-82.977
1593.75,-83.780
1593.99,-85.128
1594.24,-85.774
1594.48,-85.472
1594.73,-82.287
1594.97,-82.311
1595.21,-84.139
1595.46,-82.430
1595.70,-85.182
1595.95,-84.953
1596.19,-82.987
1596.44,-82.483
1596.68,-83.323
1596.92,-82.360
1597.17,-82.958
1597.41,-81.316
1597.66,-83.314
1597.90,-83.145
1598.14,-85.659
1598.39,-84.087
1598.63,-84.510
1598.88,-83.745
1599.12,-84.168
1599.37,-84.154
1599.61,-82.510
1599.85,-81.454
1600.10,-85.538
1600.34,-85.224
1600.59,-82.861
1600.83,-85.700
1601.07,-81.763
1601.32,-81.558
1601.56,-82.231
1601.81,-82.525
1602.05,-83.913
1602.29,-83.931
1602.54,-85.166
1602.78,-82.706
1603.03,-84.547
1603.27,-86.371
1603.52,-82.999
1603.76,-84.131
1604.00,-81.873
1604.25,-83.789
1604.49,-86.061
1604.74,-80.706
1604.98,-82.493
1605.22,-82.834
1605.47,-81.449
1605.71,-82.790
1605.96,-85.001
1606.20,-83.373
1606.45,-84.919
1606.69,-82.735
1606.93,-83.008
1607.18,-83.723
1607.42,-86.671
1607.67,-84.702
1607.91,-85.319
1608.15,-83.529
1608.40,-81.975
1608.64,-83.202
1608.89,-83.209
1609.13,-82.471
1609.38,-81.901
1609.62,-84.018
1609.86,-85.583
1610.11,-83.154
1610.35,-83.373
1610.60,-84.281
1610.84,-83.650
1611.08,-82.450
1611.33,-83.284
1611.57,-80.415
1611.82,-82.072
1612.06,-82.781
1612.30,-82.896
1612.55,-85.325
1612.79,-82.294
1613.04,-82.127
1613.28,-83.359
1613.53,-83.126
1613.77,-84.092
1614.01,-83.683
1614.26,-83.884
1614.50,-83.093
1614.75,-83.041
1614.99,-83.968
1615.23,-82.960
1615.48,-84.253
1615.72,-85.194
1615.97,-82.293
1616.21,-83.633
1616.46,-85.685
1616.70,-85.450
1616.94,-83.160
1617.19,-82.444
1617.43,-82.797
1617.68,-83.205
1617.92,-82.479
1618.16,-83.806
1618.41,-82.369
1618.65,-82.277
1618.90,-82.464
1619.14,-83.352
1619.38,-82.692
1619.63,-83.561
1619.87,-82.688
1620.12,-81.327
1620.36,-81.128
1620.61,-82.820
1620.85,-82.364
1621.09,-83.788
1621.34,-84.318
1621.58,-82.474
1621.83,-82.009
1622.07,-82.149
1622.31,-83.887
1622.56,-84.056
1622.80,-82.566
1623.05,-80.300
1623.29,-83.464
1623.54,-85.085
1623.78,-85.954
1624.02,-83.849
1624.27,-84.904
1624.51,-81.636
1624.76,-83.259
1625.00,-82.940
1625.24,-83.635
1625.49,-84.913
1625.73,-84.345
1625.98,-81.490
1626.22,-82.999
1626.46,-82.684
1626.71,-80.440
1626.95,-81.265
1627.20,-84.660
1627.44,-79.454
1627.69,-83.319
1627.93,-81.066
1628.17,-85.340
1628.42,-83.716
1628.66,-81.648
1628.91,-81.211
1629.15,-85.698
1629.39,-84.809
1629.64,-84.526
1629.88,-82.601
1630.13,-82.119
1630.37,-81.098
1630.62,-81.541
1630.86,-81.458
1631.10,-80.951
1631.35,-82.972
1631.59,-82.090
1631.84,-81.156
1632.08,-81.489
1632.32,-82.335
1632.57,-82.320
1632.81,-82.030
1633.06,-82.066
1633.30,-83.537
1633.54,-81.439
1633.79,-81.052
1634.03,-84.859
1634.28,-84.675
1634.52,-84.363
1634.77,-81.884
1635.01,-82.812
1635.25,-87.082
1635.50,-84.372
1635.74,-81.421
1635.99,-81.058
1636.23,-83.175
1636.47,-83.263
1636.72,-82.408
1636.96,-85.003
1637.21,-81.414
1637.45,-81.229
1637.70,-84.954
1637.94,-80.921
1638.18,-81.440
1638.43,-82.180
1638.67,-80.508
1638.92,-81.149
1639.16,-80.417
1639.40,-81.059
1639.65,-82.786
1639.89,-80.572
1640.14,-81.477
1640.38,-82.040
1640.62,-83.825
1640.87,-81.710
1641.11,-81.527
1641.36,-83.092
1641.60,-81.359
1641.85,-83.242
1642.09,-83.044
1642.33,-80.773
1642.58,-82.415
1642.82,-85.056
1643.07,-81.877
1643.31,-83.089
1643.55,-80.540
1643.80,-79.055
1644.04,-80.594
1644.29,-78.447
1644.53,-82.661
1644.78,-80.516
1645.02,-81.814
1645.26,-80.526
1645.51,-79.669
1645.75,-80.911
1646.00,-81.061
1646.24,-82.573
1646.48,-79.532
1646.73,-81.869
1646.97,-80.497
1647.22,-83.520
1647.46,-82.112
1647.71,-79.209
1647.95,-79.239
1648.19,-79.921
1648.44,-80.689
1648.68,-80.287
1648.93,-80.253
1649.17,-80.860
1649.41,-81.754
1649.66,-80.773
1649.90,-80.022
1650.15,-81.771
1650.39,-80.240
1650.63,-83.040
1650.88,-82.109
1651.12,-82.410
1651.37,-81.370
1651.61,-79.952
1651.86,-80.982
1652.10,-81.797
1652.34,-82.000
1652.59,-81.797
1652.83,-83.145
1653.08,-80.329
1653.32,-81.211
1653.56,-80.979
1653.81,-81.000
1654.05,-81.608
1654.30,-83.522
1654.54,-80.840
1654.79,-78.491
1655.03,-79.054
1655.27,-80.405
1655.52,-83.289
1655.76,-79.881
1656.01,-83.379
1656.25,-81.928
1656.49,-83.318
1656.74,-81.381
1656.98,-81.265
1657.23,-79.794
1657.47,-82.882
1657.71,-79.398
1657.96,-81.653
1658.20,-80.643
1658.45,-79.039
1658.69,-80.729
1658.94,-81.753
1659.18,-80.366
1659.42,-80.943
1659.67,-81.238
1659.91,-82.119
1660.16,-81.155
1660.40,-80.588
1660.64,-80.018
1660.89,-79.838
1661.13,-81.212
1661.38,-79.077
1661.62,-80.468
1661.87,-82.808
1662.11,-80.633
1662.35,-80.209
1662.60,-80.038
1662.84,-79.371
1663.09,-80.527
1663.33,-81.252
1663.57,-80.973
1663.82,-80.491
1664.06,-79.369
1664.31,-79.591
1664.55,-77.999
1664.79,-79.039
1665.04,-80.324
1665.28,-80.660
1665.53,-80.649
1665.77,-79.292
1666.02,-77.946
1666.26,-79.842
1666.50,-79.067
1666.75,-81.688
1666.99,-80.703
1667.24,-80.920
1667.48,-80.201
1667.72,-80.050
1667.97,-80.658
1668.21,-80.477
1668.46,-79.385
1668.70,-77.071
1668.95,-78.906
1669.19,-79.099
1669.43,-80.066
1669.68,-79.908
1669.92,-79.774
1670.17,-81.719
1670.41,-80.175
1670.65,-78.576
1670.90,-80.547
1671.14,-77.891
1671.39,-79.618
1671.63,-79.197
1671.88,-77.404
1672.12,-80.544
1672.36,-78.441
1672.61,-77.385
1672.85,-80.833
1673.10,-80.883
1673.34,-78.040
1673.58,-78.253
1673.83,-80.932
1674.07,-81.694
1674.32,-81.462
1674.56,-78.489
1674.80,-80.940
1675.05,-79.612
1675.29,-81.180
1675.54,-80.279
1675.78,-78.482
1676.03,-77.287
1676.27,-77.768
1676.51,-78.054
1676.76,-80.051
1677.00,-80.144
1677.25,-78.522
1677.49,-78.778
1677.73,-78.351
1677.98,-79.181
1678.22,-78.995
1678.47,-78.646
1678.71,-79.536
1678.96,-77.387
1679.20,-79.838
1679.44,-81.098
1679.69,-81.244
1679.93,-78.641
1680.18,-81.459
1680.42,-78.651
1680.66,-78.606
1680.91,-78.781
1681.15,-78.681
1681.40,-77.945
1681.64,-78.129
1681.88,-79.184
1682.13,-76.438
1682.37,-79.420
1682.62,-80.187
1682.86,-79.207
1683.11,-79.908
1683.35,-79.092
1683.59,-79.139
1683.84,-78.236
1684.08,-78.055
1684.33,-77.822
1684.57,-79.000
1684.81,-79.666
1685.06,-78.992
1685.30,-78.558
1685.55,-79.085
1685.79,-77.582
1686.04,-79.634
1686.28,-77.924
1686.52,-77.628
1686.77,-77.881
1687.01,-76.654
1687.26,-78.507
1687.50,-82.182
1687.74,-79.669
1687.99,-81.921
1688.23,-80.130
1688.48,-81.011
1688.72,-78.944
1688.96,-79.828
1689.21,-79.611
1689.45,-78.414
1689.70,-78.408
1689.94,-80.331
1690.19,-77.868
1690.43,-79.540
1690.67,-78.419
1690.92,-78.587
1691.16,-80.640
1691.41,-81.475
1691.65,-77.193
1691.89,-78.835
1692.14,-78.312
1692.38,-78.795
1692.63,-79.547
1692.87,-77.515
1693.12,-79.404
1693.36,-80.190
1693.60,-78.483
1693.85,-77.648
1694.09,-75.955
1694.34,-76.893
1694.58,-79.025
1694.82,-80.474
1695.07,-76.704
1695.31,-75.681
1695.56,-77.130
1695.80,-75.617
1696.04,-76.395
1696.29,-78.591
1696.53,-78.526
1696.78,-76.058
1697.02,-81.113
1697.27,-77.939
1697.51,-76.467
1697.75,-77.478
1698.00,-76.314
1698.24,-77.232
1698.49,-76.942
1698.73,-80.353
1698.97,-76.990
1699.22,-79.182
1699.46,-77.382
1699.71,-77.933
1699.95,-76.365
1700.20,-77.667
1700.44,-77.617
1700.68,-78.248
1700.93,-74.679
1701.17,-77.124
1701.42,-77.454
1701.66,-77.769
1701.90,-79.246
1702.15,-77.602
1702.39,-75.965
1702.64,-76.995
1702.88,-76.806
1703.12,-77.576
1703.37,-78.136
1703.61,-77.051
1703.86,-77.082
1704.10,-77.421
1704.35,-79.654
1704.59,-77.468
1704.83,-74.256
1705.08,-74.323
1705.32,-74.446
1705.57,-77.131
1705.81,-76.374
1706.05,-77.367
1706.30,-78.524
1706.54,-77.476
1706.79,-78.363
1707.03,-76.107
1707.28,-76.937
1707.52,-77.315
1707.76,-77.242
1708.01,-75.775
1708.25,-76.720
1708.50,-76.765
1708.74,-75.131
1708.98,-76.345
1709.23,-76.024
1709.47,-75.338
1709.72,-76.700
1709.96,-76.090
1710.21,-78.106
1710.45,-79.108
1710.69,-76.216
1710.94,-76.830
1711.18,-78.853
1711.43,-75.798
1711.67,-76.285
1711.91,-74.818
1712.16,-75.840
1712.40,-76.040
1712.65,-76.853
1712.89,-74.787
1713.13,-77.501
1713.38,-76.940
1713.62,-75.190
1713.87,-75.739
1714.11,-76.156
1714.36,-74.002
1714.60,-75.020
1714.84,-74.840
1715.09,-77.085
1715.33,-74.807
1715.58,-76.645
1715.82,-72.685
1716.06,-76.168
1716.31,-75.104
1716.55,-72.787
1716.80,-75.695
1717.04,-77.473
1717.29,-75.275
1717.53,-75.611
1717.77,-76.009
1718.02,-75.523
1718.26,-74.746
1718.51,-74.864
1718.75,-75.931
1718.99,-74.276
1719.24,-75.926
1719.48,-77.009
1719.73,-73.917
1719.97,-77.329
1720.21,-75.118
1720.46,-73.827
1720.70,-72.945
1720.95,-74.313
1721.19,-76.024
1721.44,-74.121
1721.68,-75.386
1721.92,-74.087
1722.17,-76.031
1722.41,-78.540
1722.66,-75.929
1722.90,-75.850
1723.14,-74.105
1723.39,-76.024
1723.63,-76.501
1723.88,-75.249
1724.12,-77.229
1724.37,-75.197
1724.61,-73.362
1724.85,-77.268
1725.10,-74.926
1725.34,-75.874
1725.59,-72.665
1725.83,-73.478
1726.07,-74.052
1726.32,-74.125
1726.56,-73.711
1726.81,-74.930
1727.05,-75.272
1727.29,-74.516
1727.54,-73.760
1727.78,-72.382
1728.03,-75.128
1728.27,-73.952
1728.52,-76.468
1728.76,-74.123
1729.00,-73.722
1729.25,-72.835
1729.49,-74.395
1729.74,-74.550
1729.98,-76.354
1730.22,-75.374
1730.47,-74.669
1730.71,-74.101
1730.96,-74.775
1731.20,-73.730
1731.45,-72.705
1731.69,-74.832
1731.93,-75.202
1732.18,-75.400
1732.42,-73.424
1732.67,-74.906
1732.91,-75.248
1733.15,-72.648
1733.40,-74.836
1733.64,-75.406
1733.89,-73.965
1734.13,-75.203
1734.38,-70.978
1734.62,-71.680
1734.86,-74.148
1735.11,-73.436
1735.35,-74.429
1735.60,-72.398
1735.84,-71.008
1736.08,-73.928
1736.33,-73.511
1736.57,-73.890
1736.82,-73.332
1737.06,-72.322
1737.30,-70.272
1737.55,-73.178
1737.79,-72.417
1738.04,-73.891
1738.28,-75.377
1738.53,-73.097
1738.77,-71.875
1739.01,-74.258
1739.26,-72.771
1739.50,-70.574
1739.75,-72.078
1739.99,-72.513
1740.23,-71.178
1740.48,-71.234
1740.72,-74.286
1740.97,-75.292
1741.21,-72.957
1741.46,-71.471
1741.70,-71.693
1741.94,-71.393
1742.19,-73.127
1742.43,-72.900
1742.68,-74.219
1742.92,-73.030
1743.16,-73.130
1743.41,-72.157
1743.65,-73.769
1743.90,-73.263
1744.14,-71.140
1744.38,-70.259
1744.63,-70.636
1744.87,-72.348
1745.12,-71.916
1745.36,-72.746
1745.61,-71.392
1745.85,-70.319
1746.09,-71.826
1746.34,-70.876
1746.58,-70.893
1746.83,-71.366
1747.07,-73.186
1747.31,-70.707
1747.56,-70.984
1747.80,-71.722
1748.05,-71.346
1748.29,-73.225
1748.54,-71.290
1748.78,-72.433
1749.02,-68.556
1749.27,-71.428
1749.51,-68.686
1749.76,-71.375
1750.00,-70.941
1750.24,-72.364
1750.49,-70.314
1750.73,-70.709
1750.98,-69.705
1751.22,-69.997
1751.46,-70.188
1751.71,-68.485
1751.95,-71.602
1752.20,-70.256
1752.44,-70.937
1752.69,-70.480
1752.93,-68.113
1753.17,-69.026
1753.42,-70.968
1753.66,-71.847
1753.91,-68.089
1754.15,-67.586
1754.39,-69.361
1754.64,-68.230
1754.88,-69.021
1755.13,-71.254
1755.37,-70.934
1755.62,-71.187
1755.86,-69.376
1756.10,-68.140
1756.35,-68.382
1756.59,-68.678
1756.84,-71.882
1757.08,-69.452
1757.32,-68.844
1757.57,-68.474
1757.81,-69.811
1758.06,-68.767
1758.30,-69.751
1758.54,-68.734
1758.79,-69.234
1759.03,-69.858
1759.28,-67.624
1759.52,-70.993
1759.77,-68.714
1760.01,-70.197
1760.25,-70.286
1760.50,-68.053
1760.74,-69.801
1760.99,-70.280
1761.23,-69.524
1761.47,-67.980
1761.72,-67.938
1761.96,-68.515
1762.21,-69.059
1762.45,-68.381
1762.70,-67.160
1762.94,-68.069
1763.18,-67.679
1763.43,-68.644
1763.67,-65.421
1763.92,-67.799
1764.16,-67.288
1764.40,-68.244
1764.65,-69.359
1764.89,-68.963
1765.14,-67.415
1765.38,-67.390
1765.62,-69.495
1765.87,-67.758
1766.11,-67.586
1766.36,-65.973
1766.60,-67.809
1766.85,-67.354
1767.09,-67.953
1767.33,-68.509
1767.58,-67.919
1767.82,-66.284
1768.07,-69.568
1768.31,-66.099
1768.55,-68.049
1768.80,-69.705
1769.04,-68.108
1769.29,-68.341
1769.53,-69.248
1769.78,-66.312
1770.02,-66.677
1770.26,-65.797
1770.51,-63.329
1770.75,-67.985
1771.00,-66.509
1771.24,-68.446
1771.48,-68.309
1771.73,-66.242
1771.97,-65.475
1772.22,-67.513
1772.46,-68.442
1772.71,-67.475
1772.95,-67.867
1773.19,-66.242
1773.44,-66.566
1773.68,-65.529
1773.93,-65.353
1774.17,-65.624
1774.41,-66.360
1774.66,-65.447
1774.90,-64.811
1775.15,-65.624
1775.39,-65.676
1775.63,-65.884
1775.88,-66.058
1776.12,-66.361
1776.37,-65.329
1776.61,-65.871
1776.86,-68.574
1777.10,-67.243
1777.34,-66.551
1777.59,-66.363
1777.83,-68.433
1778.08,-65.804
1778.32,-65.317
1778.56,-69.162
1778.81,-67.517
1779.05,-67.507
1779.30,-65.620
1779.54,-67.384
1779.79,-63.801
1780.03,-66.413
1780.27,-65.406
1780.52,-63.696
1780.76,-67.275
1781.01,-66.085
1781.25,-66.974
1781.49,-65.035
1781.74,-67.384
1781.98,-66.677
1782.23,-65.943
1782.47,-64.585
1782.71,-65.467
1782.96,-67.182
1783.20,-66.352
1783.45,-68.579
1783.69,-64.219
1783.94,-67.564
1784.18,-67.017
1784.42,-65.638
1784.67,-63.897
1784.91,-65.768
1785.16,-63.555
1785.40,-65.546
1785.64,-64.829
1785.89,-65.930
1786.13,-66.097
1786.38,-63.495
1786.62,-64.920
1786.87,-64.818
1787.11,-65.583
1787.35,-63.646
1787.60,-67.167
1787.84,-64.344
1788.09,-64.466
1788.33,-66.134
1788.57,-67.258
1788.82,-66.282
1789.06,-65.062
1789.31,-64.606
1789.55,-66.363
1789.79,-66.673
1790.04,-67.891
1790.28,-66.752
1790.53,-65.721
1790.77,-65.361
1791.02,-66.264
1791.26,-66.105
1791.50,-69.230
1791.75,-67.476
1791.99,-67.274
1792.24,-66.651
1792.48,-68.886
1792.72,-66.079
1792.97,-67.970
1793.21,-65.687
1793.46,-68.128
1793.70,-68.524
1793.95,-65.064
1794.19,-66.020
1794.43,-65.323
1794.68,-68.688
1794.92,-68.375
1795.17,-65.146
1795.41,-63.915
1795.65,-67.569
1795.90,-67.284
1796.14,-64.486
1796.39,-68.159
1796.63,-67.606
1796.88,-69.319
1797.12,-66.540
1797.36,-66.559
1797.61,-66.932
1797.85,-68.894
1798.10,-68.699
1798.34,-68.741
1798.58,-68.350
1798.83,-65.212
1799.07,-68.362
1799.32,-67.212
1799.56,-67.607
1799.80,-66.659
1800.05,-67.257
1800.29,-68.311
1800.54,-67.692
1800.78,-68.888
1801.03,-66.425
1801.27,-69.022
1801.51,-69.649
1801.76,-67.944
1802.00,-69.655
1802.25,-68.410
1802.49,-67.383
1802.73,-67.865
1802.98,-66.446
1803.22,-67.397
1803.47,-68.401
1803.71,-68.797
1803.96,-68.940
1804.20,-69.420
1804.44,-66.818
1804.69,-68.333
1804.93,-67.334
1805.18,-65.940
1805.42,-68.735
1805.66,-69.712
1805.91,-68.083
1806.15,-68.148
1806.40,-68.153
1806.64,-68.447
1806.88,-68.544
1807.13,-67.080
1807.37,-69.658
1807.62,-69.435
1807.86,-68.987
1808.11,-71.259
1808.35,-71.984
1808.59,-71.177
1808.84,-69.339
1809.08,-67.299
1809.33,-70.082
1809.57,-71.109
1809.81,-67.284
1810.06,-66.938
1810.30,-70.318
1810.55,-68.432
1810.79,-70.227
1811.04,-67.237
1811.28,-68.521
1811.52,-69.473
1811.77,-68.605
1812.01,-67.270
1812.26,-69.805
1812.50,-70.144
1812.74,-70.677
1812.99,-68.233
1813.23,-70.748
1813.48,-69.672
1813.72,-69.872
1813.96,-69.622
1814.21,-66.990
1814.45,-71.226
1814.70,-69.650
1814.94,-73.143
1815.19,-72.837
1815.43,-71.481
1815.67,-69.818
1815.92,-69.848
1816.16,-70.938
1816.41,-71.748
1816.65,-71.446
1816.89,-69.274
1817.14,-71.578
1817.38,-74.268
1817.63,-69.329
1817.87,-70.814
1818.12,-72.346
1818.36,-68.805
1818.60,-66.932
1818.85,-70.204
1819.09,-72.306
1819.34,-70.143
1819.58,-70.130
1819.82,-70.953
1820.07,-71.308
1820.31,-68.571
1820.56,-70.834
1820.80,-70.847
1821.04,-71.150
1821.29,-72.006
1821.53,-70.044
1821.78,-70.172
1822.02,-70.059
1822.27,-70.416
1822.51,-73.276
1822.75,-72.724
1823.00,-75.774
1823.24,-73.596
1823.49,-69.957
1823.73,-73.544
1823.97,-70.917
1824.22,-70.076
1824.46,-70.869
1824.71,-72.108
1824.95,-70.389
1825.20,-73.377
1825.44,-73.430
1825.68,-72.518
1825.93,-70.582
1826.17,-71.752
1826.42,-73.708
1826.66,-72.579
1826.90,-72.967
1827.15,-70.583
1827.39,-71.223
1827.64,-70.160
1827.88,-71.559
1828.12,-70.882
1828.37,-70.430
1828.61,-72.093
1828.86,-72.625
1829.10,-72.702
1829.35,-72.343
1829.59,-72.354
1829.83,-69.730
1830.08,-70.100
1830.32,-71.751
1830.57,-70.294
1830.81,-73.994
1831.05,-71.652
1831.30,-72.734
1831.54,-74.465
1831.79,-75.372
1832.03,-72.920
1832.28,-73.151
1832.52,-73.206
1832.76,-72.681
1833.01,-73.498
1833.25,-73.728
1833.50,-73.978
1833.74,-74.747
1833.98,-74.363
1834.23,-73.182
1834.47,-73.357
1834.72,-73.492
1834.96,-75.348
1835.21,-74.230
1835.45,-71.805
1835.69,-72.064
1835.94,-73.923
1836.18,-74.973
1836.43,-71.563
1836.67,-72.388
1836.91,-75.341
1837.16,-74.973
1837.40,-74.114
1837.65,-72.292
1837.89,-74.293
1838.13,-73.450
1838.38,-71.104
1838.62,-72.297
1838.87,-74.459
1839.11,-72.886
1839.36,-73.412
1839.60,-73.451
1839.84,-74.196
1840.09,-75.925
1840.33,-74.395
1840.58,-74.337
1840.82,-74.004
1841.06,-75.700
1841.31,-74.914
1841.55,-72.951
1841.80,-75.608
1842.04,-75.239
1842.29,-73.926
1842.53,-71.943
1842.77,-74.854
1843.02,-74.929
1843.26,-73.569
1843.51,-75.322
1843.75,-74.074
1843.99,-74.421
1844.24,-71.452
1844.48,-74.129
1844.73,-73.152
1844.97,-72.890
1845.21,-75.335
1845.46,-76.130
1845.70,-75.252
1845.95,-72.797
1846.19,-71.808
1846.44,-72.602
1846.68,-75.752
1846.92,-73.633
1847.17,-72.940
1847.41,-73.542
1847.66,-73.550
1847.90,-72.610
1848.14,-75.221
1848.39,-77.659
1848.63,-74.282
1848.88,-74.916
1849.12,-73.829
1849.37,-75.293
1849.61,-76.722
1849.85,-77.502
1850.10,-75.829
1850.34,-75.704
1850.59,-74.909
1850.83,-75.575
1851.07,-76.604
1851.32,-79.168
1851.56,-74.468
1851.81,-74.484
1852.05,-74.753
1852.29,-72.839
1852.54,-75.380
1852.78,-76.423
1853.03,-75.779
1853.27,-75.080
1853.52,-77.968
1853.76,-75.144
1854.00,-75.707
1854.25,-76.990
1854.49,-77.161
1854.74,-75.577
1854.98,-75.084
1855.22,-74.708
1855.47,-74.448
1855.71,-73.816
1855.96,-73.306
1856.20,-73.282
1856.45,-76.385
1856.69,-76.832
1856.93,-76.294
1857.18,-74.439
1857.42,-73.918
1857.67,-74.253
1857.91,-73.377
1858.15,-76.837
1858.40,-76.330
1858.64,-74.799
1858.89,-76.029
1859.13,-75.472
1859.38,-77.543
1859.62,-75.672
1859.86,-75.229
1860.11,-75.978
1860.35,-76.492
1860.60,-76.900
1860.84,-73.338
1861.08,-76.057
1861.33,-76.919
1861.57,-77.539
1861.82,-74.803
1862.06,-74.767
1862.30,-77.250
1862.55,-78.876
1862.79,-78.632
1863.04,-75.703
1863.28,-74.286
1863.53,-74.100
1863.77,-75.252
1864.01,-75.903
1864.26,-75.940
1864.50,-75.485
1864.75,-77.681
1864.99,-75.760
1865.23,-77.333
1865.48,-75.785
1865.72,-76.009
1865.97,-75.475
1866.21,-74.927
1866.46,-76.017
1866.70,-76.406
1866.94,-76.478
1867.19,-77.622
1867.43,-76.591
1867.68,-75.199
1867.92,-75.659
1868.16,-75.651
1868.41,-77.754
1868.65,-77.502
1868.90,-76.504
1869.14,-75.574
1869.38,-79.199
1869.63,-76.664
1869.87,-75.281
1870.12,-76.186
1870.36,-75.997
1870.61,-75.484
1870.85,-75.753
1871.09,-79.207
1871.34,-77.331
1871.58,-74.117
1871.83,-76.484
1872.07,-76.276
1872.31,-77.404
1872.56,-76.501
1872.80,-77.594
1873.05,-77.842
1873.29,-78.475
1873.54,-79.858
1873.78,-77.150
1874.02,-76.650
1874.27,-76.405
1874.51,-76.702
1874.76,-76.545
1875.00,-77.162
1875.24,-75.620
1875.49,-74.929
1875.73,-77.429
1875.98,-74.632
1876.22,-76.463
1876.46,-77.171
1876.71,-76.633
1876.95,-76.271
1877.20,-77.210
1877.44,-76.950
1877.69,-79.035
1877.93,-78.152
1878.17,-77.156
1878.42,-78.124
1878.66,-76.764
1878.91,-76.665
1879.15,-78.314
1879.39,-76.302
1879.64,-77.706
1879.88,-78.138
1880.13,-77.649
1880.37,-78.743
1880.62,-80.130
1880.86,-78.203
1881.10,-79.789
1881.35,-77.959
1881.59,-77.516
1881.84,-79.275
1882.08,-79.120
1882.32,-79.254
1882.57,-76.703
1882.81,-77.316
1883.06,-76.456
1883.30,-79.649
1883.54,-77.300
1883.79,-78.319
1884.03,-78.692
1884.28,-76.466
1884.52,-78.440
1884.77,-80.288
1885.01,-76.566
1885.25,-76.727
1885.50,-78.693
1885.74,-79.870
1885.99,-76.618
1886.23,-77.420
1886.47,-75.352
1886.72,-76.817
1886.96,-75.760
1887.21,-78.128
1887.45,-79.332
1887.70,-79.121
1887.94,-81.113
1888.18,-77.590
1888.43,-78.376
1888.67,-77.742
1888.92,-79.447
1889.16,-76.906
1889.40,-78.640
1889.65,-77.631
1889.89,-78.429
1890.14,-78.981
1890.38,-78.305
1890.62,-77.516
1890.87,-77.394
1891.11,-76.397
1891.36,-77.578
1891.60,-75.699
1891.85,-76.419
1892.09,-77.593
1892.33,-78.224
1892.58,-78.824
1892.82,-79.161
1893.07,-78.010
1893.31,-76.558
1893.55,-77.962
1893.80,-78.938
1894.04,-75.708
1894.29,-80.241
1894.53,-78.232
1894.78,-77.876
1895.02,-81.268
1895.26,-76.781
1895.51,-79.726
1895.75,-79.534
1896.00,-77.956
1896.24,-77.699
1896.48,-75.195
1896.73,-78.461
1896.97,-77.507
1897.22,-78.172
1897.46,-80.854
1897.71,-76.661
1897.95,-76.885
1898.19,-79.627
1898.44,-78.851
1898.68,-80.353
1898.93,-79.714
1899.17,-77.594
1899.41,-78.640
1899.66,-75.492
1899.90,-80.065
1900.15,-78.197
1900.39,-78.711
1900.63,-81.182
1900.88,-76.790
1901.12,-77.721
1901.37,-77.120
1901.61,-79.497
1901.86,-79.575
1902.10,-75.646
1902.34,-76.491
1902.59,-76.370
1902.83,-76.803
1903.08,-77.868
1903.32,-82.238
1903.56,-77.206
1903.81,-81.456
1904.05,-78.145
1904.30,-78.206
1904.54,-80.142
1904.79,-79.910
1905.03,-79.444
1905.27,-78.567
1905.52,-77.898
1905.76,-78.215
1906.01,-76.479
1906.25,-77.412
1906.49,-76.738
1906.74,-76.933
1906.98,-78.056
1907.23,-80.872
1907.47,-78.914
1907.71,-75.485
1907.96,-79.334
1908.20,-77.405
1908.45,-77.126
1908.69,-78.111
1908.94,-78.235
1909.18,-78.090
1909.42,-80.106
1909.67,-80.041
1909.91,-80.848
1910.16,-76.058
1910.40,-76.916
1910.64,-80.664
1910.89,-77.692
1911.13,-77.126
1911.38,-76.084
1911.62,-79.115
1911.87,-77.186
1912.11,-77.836
1912.35,-76.691
1912.60,-79.486
1912.84,-81.294
1913.09,-77.950
1913.33,-78.151
1913.57,-76.602
1913.82,-78.741
1914.06,-77.364
1914.31,-78.330
1914.55,-78.237
1914.79,-78.276
1915.04,-77.835
1915.28,-79.318
1915.53,-77.364
1915.77,-78.737
1916.02,-79.010
1916.26,-77.232
1916.50,-77.709
1916.75,-76.589
1916.99,-81.536
1917.24,-78.531
1917.48,-79.844
1917.72,-76.088
1917.97,-77.403
1918.21,-76.139
1918.46,-80.616
1918.70,-77.596
1918.95,-77.281
1919.19,-79.216
1919.43,-78.307
1919.68,-80.853
1919.92,-80.147
1920.17,-80.096
1920.41,-79.957
1920.65,-81.698
1920.90,-77.136
1921.14,-79.021
1921.39,-79.131
1921.63,-80.867
1921.88,-80.123
1922.12,-81.147
1922.36,-80.563
1922.61,-78.346
1922.85,-78.828
1923.10,-79.313
1923.34,-79.760
1923.58,-82.255
1923.83,-79.394
1924.07,-80.199
1924.32,-80.696
1924.56,-81.435
1924.80,-82.250
1925.05,-80.206
1925.29,-81.476
1925.54,-82.025
1925.78,-81.944
1926.03,-80.223
1926.27,-80.341
1926.51,-79.545
1926.76,-77.386
1927.00,-78.709
1927.25,-79.716
1927.49,-79.708
1927.73,-79.320
1927.98,-80.704
1928.22,-78.607
1928.47,-80.738
1928.71,-77.607
1928.96,-79.727
1929.20,-79.825
1929.44,-79.742
1929.69,-79.679
1929.93,-80.552
1930.18,-80.346
1930.42,-80.567
1930.66,-79.043
1930.91,-78.724
1931.15,-80.691
1931.40,-78.959
1931.64,-79.130
1931.88,-79.233
1932.13,-78.350
1932.37,-78.251
1932.62,-78.157
1932.86,-80.358
1933.11,-81.921
1933.35,-78.997
1933.59,-79.870
1933.84,-79.314
1934.08,-78.351
1934.33,-76.929
1934.57,-80.786
1934.81,-79.263
1935.06,-78.245
1935.30,-78.958
1935.55,-78.682
1935.79,-78.866
1936.04,-79.070
1936.28,-76.810
1936.52,-78.180
1936.77,-78.760
1937.01,-78.530
1937.26,-80.380
1937.50,-81.032
1937.74,-79.349
1937.99,-77.512
1938.23,-79.776
1938.48,-79.834
1938.72,-80.300
1938.96,-81.945
1939.21,-79.688
1939.45,-77.345
1939.70,-78.927
1939.94,-78.967
1940.19,-82.544
1940.43,-80.331
1940.67,-78.585
1940.92,-82.491
1941.16,-81.813
1941.41,-78.193
1941.65,-80.811
1941.89,-81.657
1942.14,-81.776
1942.38,-79.504
1942.63,-78.738
1942.87,-78.729
1943.12,-80.630
1943.36,-79.275
1943.60,-79.995
1943.85,-79.221
1944.09,-78.370
1944.34,-82.475
1944.58,-81.361
1944.82,-81.401
1945.07,-82.100
1945.31,-80.806
1945.56,-79.036
1945.80,-80.341
1946.04,-80.192
1946.29,-81.777
1946.53,-78.873
1946.78,-79.829
1947.02,-81.298
1947.27,-80.081
1947.51,-79.759
1947.75,-77.791
1948.00,-80.428
1948.24,-78.439
1948.49,-80.409
1948.73,-80.758
1948.97,-82.257
1949.22,-79.917
1949.46,-79.400
1949.71,-82.744
1949.95,-79.556
1950.20,-81.945
1950.44,-81.412
1950.68,-81.024
1950.93,-78.711
1951.17,-79.930
1951.42,-80.896
1951.66,-79.306
1951.90,-78.334
1952.15,-79.484
1952.39,-78.854
1952.64,-79.641
1952.88,-79.542
1953.12,-79.858
1953.37,-82.856
1953.61,-80.362
1953.86,-82.427
1954.10,-78.529
1954.35,-80.472
1954.59,-80.703
1954.83,-80.148
1955.08,-79.980
1955.32,-80.954
1955.57,-79.390
1955.81,-79.835
1956.05,-80.376
1956.30,-77.718
1956.54,-80.037
1956.79,-82.917
1957.03,-82.038
1957.28,-80.914
1957.52,-79.770
1957.76,-79.486
1958.01,-78.782
1958.25,-79.015
1958.50,-81.301
1958.74,-81.311
1958.98,-80.284
1959.23,-80.628
1959.47,-79.493
1959.72,-80.099
1959.96,-84.576
1960.21,-82.027
1960.45,-82.055
1960.69,-81.749
1960.94,-82.039
1961.18,-80.738
1961.43,-80.458
1961.67,-81.426
1961.91,-81.300
1962.16,-82.917
1962.40,-81.810
1962.65,-79.467
1962.89,-79.918
1963.13,-79.123
1963.38,-80.714
1963.62,-78.837
1963.87,-81.983
1964.11,-79.332
1964.36,-80.109
1964.60,-79.884
1964.84,-80.512
1965.09,-80.685
1965.33,-81.398
1965.58,-81.630
1965.82,-80.593
1966.06,-82.582
1966.31,-81.695
1966.55,-80.103
1966.80,-79.998
1967.04,-78.490
1967.29,-79.089
1967.53,-81.350
1967.77,-80.341
1968.02,-80.996
1968.26,-79.723
1968.51,-77.582
1968.75,-80.514
1968.99,-80.682
1969.24,-80.337
1969.48,-80.597
1969.73,-80.909
1969.97,-80.685
1970.21,-79.841
1970.46,-79.726
1970.70,-80.317
1970.95,-80.052
1971.19,-78.719
1971.44,-79.628
1971.68,-79.090
1971.92,-79.209
1972.17,-81.973
1972.41,-80.177
1972.66,-81.626
1972.90,-81.153
1973.14,-83.135
1973.39,-82.677
1973.63,-84.931
1973.88,-80.557
1974.12,-81.830
1974.37,-81.887
1974.61,-80.627
1974.85,-79.651
1975.10,-78.938
1975.34,-78.624
1975.59,-82.279
1975.83,-80.524
1976.07,-80.887
1976.32,-80.412
1976.56,-77.558
1976.81,-79.732
1977.05,-78.519
1977.29,-80.786
1977.54,-82.722
1977.78,-82.836
1978.03,-80.247
1978.27,-79.182
1978.52,-80.575
1978.76,-81.931
1979.00,-84.024
1979.25,-84.040
1979.49,-82.069
1979.74,-81.301
1979.98,-83.801
1980.22,-80.353
1980.47,-80.633
1980.71,-79.841
1980.96,-81.108
1981.20,-79.467
1981.45,-80.507
1981.69,-80.994
1981.93,-79.621
1982.18,-78.271
1982.42,-80.360
1982.67,-81.866
1982.91,-83.481
1983.15,-81.892
1983.40,-81.403
1983.64,-81.534
1983.89,-80.962
1984.13,-82.253
1984.38,-83.718
1984.62,-84.442
1984.86,-82.045
1985.11,-82.121
1985.35,-81.714
1985.60,-81.212
1985.84,-82.216
1986.08,-79.685
1986.33,-80.807
1986.57,-82.505
1986.82,-80.155
1987.06,-80.374
1987.30,-80.695
1987.55,-79.072
1987.79,-82.148
1988.04,-81.388
1988.28,-80.225
1988.53,-80.044
1988.77,-82.168
1989.01,-80.771
1989.26,-81.229
1989.50,-82.920
1989.75,-80.898
1989.99,-81.773
1990.23,-80.917
1990.48,-79.256
1990.72,-82.016
1990.97,-80.021
1991.21,-80.142
1991.46,-81.420
1991.70,-81.450
1991.94,-80.716
1992.19,-79.726
1992.43,-81.703
1992.68,-81.656
1992.92,-80.314
1993.16,-83.123
1993.41,-82.685
1993.65,-79.591
1993.90,-77.937
1994.14,-81.280
1994.38,-80.013
1994.63,-81.487
1994.87,-80.653
1995.12,-82.332
1995.36,-80.186
1995.61,-85.098
1995.85,-82.737
1996.09,-82.267
1996.34,-82.982
1996.58,-81.239
1996.83,-81.787
1997.07,-80.232
1997.31,-78.442
1997.56,-81.407
1997.80,-83.348
1998.05,-83.986
1998.29,-81.743
1998.54,-79.794
1998.78,-80.656
1999.02,-83.987
1999.27,-80.644
1999.51,-80.217
1999.76,-79.084
2000.00,-79.241
2000.24,-80.271
2000.49,-80.823
2000.73,-84.123
2000.98,-79.913
2001.22,-81.682
2001.46,-81.787
2001.71,-81.983
2001.95,-80.558
2002.20,-81.464
2002.44,-82.375
2002.69,-79.821
2002.93,-78.984
2003.17,-81.571
2003.42,-80.188
2003.66,-79.296
2003.91,-78.372
2004.15,-79.073
2004.39,-82.538
2004.64,-81.625
2004.88,-81.708
2005.13,-81.349
2005.37,-80.590
2005.62,-83.499
2005.86,-80.265
2006.10,-82.087
2006.35,-80.714
2006.59,-84.788
2006.84,-80.158
2007.08,-79.855
2007.32,-81.859
2007.57,-78.333
2007.81,-80.528
2008.06,-82.377
2008.30,-83.364
2008.54,-83.910
2008.79,-84.592
2009.03,-82.982
2009.28,-80.411
2009.52,-79.868
2009.77,-82.100
2010.01,-81.787
2010.25,-82.460
2010.50,-80.710
2010.74,-80.604
2010.99,-81.875
2011.23,-79.160
2011.47,-81.367
2011.72,-81.997
2011.96,-81.039
2012.21,-78.977
2012.45,-80.941
2012.70,-82.375
2012.94,-81.170
2013.18,-82.037
2013.43,-81.422
2013.67,-82.462
2013.92,-80.817
2014.16,-81.636
2014.40,-81.770
2014.65,-79.837
2014.89,-80.367
2015.14,-82.024
2015.38,-80.158
2015.62,-82.640
2015.87,-79.508
2016.11,-81.278
2016.36,-82.436
2016.60,-82.284
2016.85,-82.648
2017.09,-82.118
2017.33,-82.528
2017.58,-81.756
2017.82,-81.117
2018.07,-80.717
2018.31,-79.586
2018.55,-80.114
2018.80,-81.023
2019.04,-80.477
2019.29,-81.221
2019.53,-82.010
2019.78,-80.610
2020.02,-79.674
2020.26,-80.177
2020.51,-80.878
2020.75,-80.779
2021.00,-82.048
2021.24,-80.856
2021.48,-81.252
2021.73,-80.384
2021.97,-82.123
2022.22,-81.172
2022.46,-80.031
2022.71,-80.187
2022.95,-77.446
2023.19,-80.594
2023.44,-80.665
2023.68,-79.900
2023.93,-82.479
2024.17,-80.411
2024.41,-81.959
2024.66,-81.314
2024.90,-80.057
2025.15,-81.214
2025.39,-80.272
2025.63,-81.735
2025.88,-82.281
2026.12,-79.809
2026.37,-79.589
2026.61,-80.902
2026.86,-81.931
2027.10,-80.955
2027.34,-79.611
2027.59,-80.266
2027.83,-79.443
2028.08,-81.509
2028.32,-81.344
2028.56,-81.990
2028.81,-80.783
2029.05,-81.277
2029.30,-79.093
2029.54,-79.703
2029.79,-81.085
2030.03,-83.961
2030.27,-82.847
2030.52,-81.730
2030.76,-79.724
2031.01,-81.079
2031.25,-81.209
2031.49,-78.938
2031.74,-80.623
2031.98,-82.079
2032.23,-83.309
2032.47,-82.448
2032.71,-81.875
2032.96,-80.252
2033.20,-81.464
2033.45,-83.353
2033.69,-81.525
2033.94,-83.603
2034.18,-80.840
2034.42,-80.009
2034.67,-81.733
2034.91,-80.216
2035.16,-80.443
2035.40,-81.883
2035.64,-80.561
2035.89,-79.154
2036.13,-80.764
2036.38,-81.273
2036.62,-82.312
2036.87,-83.251
2037.11,-82.806
2037.35,-80.130
2037.60,-79.834
2037.84,-81.099
2038.09,-80.788
2038.33,-81.380
2038.57,-81.828
2038.82,-79.972
2039.06,-81.080
2039.31,-80.996
2039.55,-80.843
2039.79,-82.369
2040.04,-82.285
2040.28,-82.522
2040.53,-81.417
2040.77,-80.904
2041.02,-83.325
2041.26,-83.088
2041.50,-82.235
2041.75,-80.200
2041.99,-79.067
2042.24,-83.284
2042.48,-79.912
2042.72,-81.759
2042.97,-83.508
2043.21,-80.121
2043.46,-81.734
2043.70,-82.615
2043.95,-80.797
2044.19,-78.623
2044.43,-80.457
2044.68,-83.983
2044.92,-82.411
2045.17,-83.282
2045.41,-81.444
2045.65,-80.487
2045.90,-81.116
2046.14,-82.781
2046.39,-79.133
2046.63,-79.475
2046.88,-82.331
2047.12,-79.169
2047.36,-79.806
2047.61,-81.052
2047.85,-81.092
2048.10,-81.621
2048.34,-78.928
2048.58,-82.277
2048.83,-83.358
2049.07,-82.465
2049.32,-81.731
2049.56,-81.115
2049.80,-83.924
2050.05,-83.452
2050.29,-79.434
2050.54,-79.418
2050.78,-81.922
2051.03,-81.405
2051.27,-81.353
2051.51,-79.884
2051.76,-81.205
2052.00,-81.391
2052.25,-80.555
2052.49,-80.124
2052.73,-81.248
2052.98,-80.558
2053.22,-81.216
2053.47,-83.379
2053.71,-79.482
2053.96,-78.470
2054.20,-82.569
2054.44,-81.447
2054.69,-82.062
2054.93,-83.076
2055.18,-82.896
2055.42,-79.785
2055.66,-80.066
2055.91,-80.596
2056.15,-84.080
2056.40,-80.804
2056.64,-82.335
2056.88,-82.324
2057.13,-82.825
2057.37,-81.809
2057.62,-81.146
2057.86,-81.880
2058.11,-83.057
2058.35,-79.357
2058.59,-82.130
2058.84,-81.225
2059.08,-81.820
2059.33,-80.313
2059.57,-81.443
2059.81,-79.519
2060.06,-82.112
2060.30,-80.772
2060.55,-79.285
2060.79,-82.467
2061.04,-80.885
2061.28,-81.232
2061.52,-82.573
2061.77,-79.260
2062.01,-79.118
2062.26,-82.231
2062.50,-80.787
2062.74,-80.901
2062.99,-78.388
2063.23,-79.723
2063.48,-81.523
2063.72,-79.808
2063.96,-79.374
2064.21,-80.513
2064.45,-81.310
2064.70,-80.034
2064.94,-78.801
2065.19,-79.406
2065.43,-81.949
2065.67,-79.910
2065.92,-82.389
2066.16,-80.719
2066.41,-80.228
2066.65,-82.018
2066.89,-81.215
2067.14,-80.682
2067.38,-82.227
2067.63,-83.659
2067.87,-81.514
2068.12,-82.597
2068.36,-79.495
2068.60,-78.952
2068.85,-84.195
2069.09,-80.737
2069.34,-81.830
2069.58,-82.009
2069.82,-79.589
2070.07,-80.643
2070.31,-79.610
2070.56,-80.776
2070.80,-81.304
2071.04,-81.518
2071.29,-80.334
2071.53,-80.396
2071.78,-79.492
2072.02,-81.785
2072.27,-81.471
2072.51,-81.217
2072.75,-81.223
2073.00,-80.547
2073.24,-79.079
2073.49,-79.881
2073.73,-77.511
2073.97,-82.304
2074.22,-79.450
2074.46,-81.180
2074.71,-81.397
2074.95,-80.201
2075.20,-83.211
2075.44,-82.210
2075.68,-80.915
2075.93,-84.344
2076.17,-82.151
2076.42,-81.833
2076.66,-79.660
2076.90,-77.827
2077.15,-82.392
2077.39,-79.603
2077.64,-80.656
2077.88,-79.421
2078.12,-79.850
2078.37,-80.419
2078.61,-80.418
2078.86,-79.964
2079.10,-78.771
2079.35,-80.397
2079.59,-80.211
2079.83,-79.767
2080.08,-79.938
2080.32,-81.672
2080.57,-81.040
2080.81,-80.156
2081.05,-80.682
2081.30,-81.248
2081.54,-82.358
2081.79,-81.655
2082.03,-79.815
2082.28,-80.597
2082.52,-81.278
2082.76,-83.173
2083.01,-79.032
2083.25,-81.581
2083.50,-79.742
2083.74,-80.866
2083.98,-78.340
2084.23,-80.126
2084.47,-80.450
2084.72,-80.665
2084.96,-80.430
2085.21,-82.119
2085.45,-80.143
2085.69,-79.008
2085.94,-80.398
2086.18,-80.603
2086.43,-79.632
2086.67,-82.109
2086.91,-84.440
2087.16,-81.116
2087.40,-80.429
2087.65,-79.765
2087.89,-78.760
2088.13,-81.841
2088.38,-81.929
2088.62,-79.345
2088.87,-80.586
2089.11,-81.490
2089.36,-79.726
2089.60,-83.098
2089.84,-81.751
2090.09,-82.045
2090.33,-82.390
2090.58,-81.871
2090.82,-81.724
2091.06,-81.023
2091.31,-79.438
2091.55,-81.143
2091.80,-82.885
2092.04,-80.647
2092.29,-81.160
2092.53,-78.863
2092.77,-79.330
2093.02,-79.915
2093.26,-79.131
2093.51,-81.084
2093.75,-81.921
2093.99,-80.681
2094.24,-81.432
2094.48,-80.014
2094.73,-83.408
2094.97,-82.295
2095.21,-80.828
2095.46,-81.585
2095.70,-80.212
2095.95,-78.410
2096.19,-80.257
2096.44,-79.792
2096.68,-82.783
2096.92,-81.579
2097.17,-81.819
2097.41,-79.600
2097.66,-80.788
2097.90,-79.148
2098.14,-81.461
2098.39,-82.033
2098.63,-82.046
2098.88,-84.807
2099.12,-82.590
2099.37,-78.715
2099.61,-79.151
2099.85,-80.842
2100.10,-81.931
2100.34,-81.219
2100.59,-80.998
2100.83,-78.903
2101.07,-78.628
2101.32,-80.550
2101.56,-82.813
2101.81,-81.252
2102.05,-81.785
2102.29,-80.268
2102.54,-83.502
2102.78,-81.430
2103.03,-80.435
2103.27,-77.894
2103.52,-78.995
2103.76,-80.404
2104.00,-79.868
2104.25,-80.281
2104.49,-79.336
2104.74,-80.344
2104.98,-78.770
2105.22,-82.368
2105.47,-79.915
2105.71,-81.022
2105.96,-80.836
2106.20,-80.160
2106.45,-80.532
2106.69,-81.922
2106.93,-83.488
2107.18,-78.820
2107.42,-78.878
2107.67,-80.689
2107.91,-77.930
2108.15,-76.896
2108.40,-79.950
2108.64,-80.625
2108.89,-79.537
2109.13,-80.468
2109.38,-79.812
2109.62,-81.837
2109.86,-80.329
2110.11,-80.159
2110.35,-79.334
2110.60,-79.741
2110.84,-83.562
2111.08,-78.591
2111.33,-82.086
2111.57,-78.698
2111.82,-80.443
2112.06,-80.937
2112.30,-79.379
2112.55,-79.818
2112.79,-80.768
2113.04,-80.516
2113.28,-80.582
2113.53,-79.020
2113.77,-82.671
2114.01,-81.841
2114.26,-83.557
2114.50,-78.295
2114.75,-80.451
2114.99,-80.647
2115.23,-78.865
2115.48,-81.565
2115.72,-79.439
2115.97,-76.295
2116.21,-80.697
2116.46,-80.050
2116.70,-83.230
2116.94,-79.152
2117.19,-80.646
2117.43,-81.235
2117.68,-80.843
2117.92,-80.876
2118.16,-81.710
2118.41,-82.754
2118.65,-80.469
2118.90,-80.228
2119.14,-80.530
2119.38,-79.697
2119.63,-80.771
2119.87,-79.878
2120.12,-77.698
2120.36,-80.220
2120.61,-82.416
2120.85,-79.338
2121.09,-80.359
2121.34,-79.711
2121.58,-80.153
2121.83,-77.936
2122.07,-80.852
2122.31,-80.110
2122.56,-79.591
2122.80,-77.201
2123.05,-80.416
2123.29,-79.109
2123.54,-79.165
2123.78,-83.861
2124.02,-79.023
2124.27,-81.760
2124.51,-80.761
2124.76,-80.561
2125.00,-80.966
2125.24,-79.216
2125.49,-79.615
2125.73,-80.249
2125.98,-79.983
2126.22,-80.728
2126.46,-77.996
2126.71,-78.764
2126.95,-78.974
2127.20,-79.934
2127.44,-79.862
2127.69,-78.459
2127.93,-77.844
2128.17,-77.944
2128.42,-77.061
2128.66,-78.615
2128.91,-80.632
2129.15,-79.284
2129.39,-79.592
2129.64,-78.815
2129.88,-79.716
2130.13,-80.992
2130.37,-79.744
2130.62,-80.464
2130.86,-80.643
2131.10,-82.186
2131.35,-79.387
2131.59,-81.930
2131.84,-80.120
2132.08,-81.283
2132.32,-80.148
2132.57,-82.493
2132.81,-81.014
2133.06,-79.876
2133.30,-78.526
2133.54,-79.648
2133.79,-81.427
2134.03,-80.387
2134.28,-82.365
2134.52,-82.409
2134.77,-81.233
2135.01,-80.766
2135.25,-82.150
2135.50,-81.384
2135.74,-80.013
2135.99,-79.806
2136.23,-80.201
2136.47,-82.233
2136.72,-78.775
2136.96,-79.415
2137.21,-78.926
2137.45,-77.081
2137.70,-80.417
2137.94,-79.933
2138.18,-77.827
2138.43,-80.286
2138.67,-78.461
2138.92,-79.293
2139.16,-77.950
2139.40,-78.838
2139.65,-76.886
2139.89,-80.277
2140.14,-79.334
2140.38,-80.801
2140.62,-81.406
2140.87,-82.058
2141.11,-81.438
2141.36,-82.328
2141.60,-80.491
2141.85,-79.209
2142.09,-80.786
2142.33,-80.156
2142.58,-79.716
2142.82,-79.076
2143.07,-79.464
2143.31,-80.092
2143.55,-80.118
2143.80,-82.047
2144.04,-79.215
2144.29,-81.033
2144.53,-77.728
2144.78,-79.787
2145.02,-78.991
2145.26,-76.738
2145.51,-81.665
2145.75,-79.377
2146.00,-80.327
2146.24,-79.290
2146.48,-79.618
2146.73,-79.962
2146.97,-80.120
2147.22,-80.285
2147.46,-81.366
2147.71,-81.144
2147.95,-79.240
2148.19,-79.074
2148.44,-77.975
2148.68,-80.847
2148.93,-78.135
2149.17,-82.429
2149.41,-77.618
2149.66,-78.683
2149.90,-78.519
2150.15,-79.865
2150.39,-77.398
2150.63,-80.352
2150.88,-81.640
2151.12,-80.372
2151.37,-80.889
2151.61,-81.667
2151.86,-78.603
2152.10,-80.720
2152.34,-79.938
2152.59,-79.577
2152.83,-80.393
2153.08,-80.389
2153.32,-79.620
2153.56,-78.576
2153.81,-80.760
2154.05,-81.972
2154.30,-78.339
2154.54,-79.406
2154.79,-77.093
2155.03,-79.877
2155.27,-78.407
2155.52,-78.690
2155.76,-81.498
2156.01,-80.281
2156.25,-81.254
2156.49,-79.700
2156.74,-79.822
2156.98,-80.289
2157.23,-77.535
2157.47,-80.347
2157.71,-79.466
2157.96,-80.878
2158.20,-80.064
2158.45,-79.798
2158.69,-79.221
2158.94,-78.576
2159.18,-79.687
2159.42,-78.187
2159.67,-79.620
2159.91,-77.738
2160.16,-78.849
2160.40,-79.611
2160.64,-79.129
2160.89,-79.155
2161.13,-78.502
2161.38,-78.217
2161.62,-77.068
2161.87,-78.734
2162.11,-76.454
2162.35,-78.233
2162.60,-79.090
2162.84,-80.055
2163.09,-80.917
2163.33,-78.790
2163.57,-79.179
2163.82,-80.613
2164.06,-80.098
2164.31,-80.188
2164.55,-79.302
2164.79,-79.475
2165.04,-78.433
2165.28,-78.589
2165.53,-79.170
2165.77,-81.276
2166.02,-80.024
2166.26,-79.448
2166.50,-82.494
2166.75,-79.086
2166.99,-79.230
2167.24,-77.004
2167.48,-81.205
2167.72,-79.668
2167.97,-77.738
2168.21,-77.768
2168.46,-78.199
2168.70,-78.208
2168.95,-77.824
2169.19,-80.811
2169.43,-79.587
2169.68,-77.409
2169.92,-81.683
2170.17,-80.358
2170.41,-77.726
2170.65,-75.665
2170.90,-77.624
2171.14,-77.077
2171.39,-78.101
2171.63,-75.847
2171.88,-81.497
2172.12,-79.245
2172.36,-78.193
2172.61,-79.377
2172.85,-75.960
2173.10,-81.122
2173.34,-76.717
2173.58,-79.873
2173.83,-79.941
2174.07,-79.644
2174.32,-78.691
2174.56,-76.986
2174.80,-78.754
2175.05,-78.085
2175.29,-80.298
2175.54,-78.078
2175.78,-78.383
2176.03,-77.406
2176.27,-78.869
2176.51,-81.545
2176.76,-77.777
2177.00,-77.396
2177.25,-76.718
2177.49,-78.281
2177.73,-77.976
2177.98,-76.954
2178.22,-79.490
2178.47,-77.056
2178.71,-79.478
2178.96,-77.353
2179.20,-81.505
2179.44,-78.465
2179.69,-79.726
2179.93,-80.513
2180.18,-78.302
2180.42,-81.021
2180.66,-80.401
2180.91,-80.708
2181.15,-77.407
2181.40,-74.789
2181.64,-78.473
2181.88,-80.018
2182.13,-78.023
2182.37,-78.979
2182.62,-79.976
2182.86,-77.956
2183.11,-79.409
2183.35,-78.356
2183.59,-79.613
2183.84,-79.822
2184.08,-77.260
2184.33,-78.947
2184.57,-76.572
2184.81,-77.433
2185.06,-77.308
2185.30,-78.637
2185.55,-77.939
2185.79,-77.534
2186.04,-78.328
2186.28,-79.519
2186.52,-80.726
2186.77,-78.186
2187.01,-79.731
2187.26,-77.996
2187.50,-80.289
2187.74,-81.164
2187.99,-75.631
2188.23,-76.130
2188.48,-80.715
2188.72,-78.532
2188.96,-79.398
2189.21,-77.119
2189.45,-77.929
2189.70,-76.006
2189.94,-80.277
2190.19,-78.668
2190.43,-78.695
2190.67,-76.071
2190.92,-81.076
2191.16,-79.300
2191.41,-76.916
2191.65,-76.439
2191.89,-79.276
2192.14,-78.883
2192.38,-78.121
2192.63,-75.091
2192.87,-76.693
2193.12,-76.395
2193.36,-78.066
2193.60,-75.718
2193.85,-77.117
2194.09,-78.065
2194.34,-79.316
2194.58,-79.297
2194.82,-78.223
2195.07,-79.624
2195.31,-77.076
2195.56,-76.894
2195.80,-79.253
2196.04,-77.252
2196.29,-77.204
2196.53,-77.954
2196.78,-79.091
2197.02,-75.519
2197.27,-78.597
2197.51,-78.418
2197.75,-78.487
2198.00,-77.078
2198.24,-79.490
2198.49,-76.902
2198.73,-78.900
2198.97,-76.956
2199.22,-77.709
2199.46,-78.580
2199.71,-78.690
2199.95,-76.483
2200.20,-76.807
2200.44,-78.624
2200.68,-78.540
2200.93,-77.378
2201.17,-78.307
2201.42,-78.258
2201.66,-77.659
2201.90,-77.577
2202.15,-76.329
2202.39,-77.081
2202.64,-76.621
2202.88,-76.935
2203.12,-79.011
2203.37,-76.783
2203.61,-78.640
2203.86,-78.305
2204.10,-76.792
2204.35,-79.327
2204.59,-78.024
2204.83,-78.930
2205.08,-76.980
2205.32,-77.210
2205.57,-78.231
2205.81,-75.214
2206.05,-77.082
2206.30,-78.491
2206.54,-76.562
2206.79,-77.923
2207.03,-79.798
2207.28,-76.176
2207.52,-79.087
2207.76,-75.443
2208.01,-77.973
2208.25,-77.727
2208.50,-75.734
2208.74,-75.730
2208.98,-78.047
2209.23,-75.912
2209.47,-77.735
2209.72,-79.135
2209.96,-78.240
2210.21,-77.301
2210.45,-77.619
2210.69,-79.256
2210.94,-76.460
2211.18,-77.460
2211.43,-78.527
2211.67,-76.383
2211.91,-75.952
2212.16,-75.144
2212.40,-75.508
2212.65,-79.784
2212.89,-81.798
2213.13,-78.307
2213.38,-77.854
2213.62,-78.425
2213.87,-77.591
2214.11,-77.814
2214.36,-77.944
2214.60,-81.039
2214.84,-77.925
2215.09,-76.841
2215.33,-76.450
2215.58,-77.467
2215.82,-78.078
2216.06,-77.125
2216.31,-76.920
2216.55,-75.747
2216.80,-75.004
2217.04,-77.753
2217.29,-78.316
2217.53,-76.299
2217.77,-76.233
2218.02,-75.414
2218.26,-77.894
2218.51,-77.024
2218.75,-79.466
2218.99,-76.990
2219.24,-79.650
2219.48,-76.703
2219.73,-76.000
2219.97,-75.730
2220.21,-77.912
2220.46,-77.104
2220.70,-75.915
2220.95,-74.339
2221.19,-76.141
2221.44,-76.986
2221.68,-76.243
2221.92,-78.303
2222.17,-77.141
2222.41,-76.614
2222.66,-76.341
2222.90,-77.749
2223.14,-73.855
2223.39,-74.897
2223.63,-75.704
2223.88,-77.475
2224.12,-77.282
2224.37,-76.143
2224.61,-73.162
2224.85,-76.007
2225.10,-75.491
2225.34,-75.021
2225.59,-76.913
2225.83,-77.716
2226.07,-75.160
2226.32,-75.265
2226.56,-77.607
2226.81,-76.252
2227.05,-75.885
2227.29,-74.639
2227.54,-76.232
2227.78,-75.175
2228.03,-75.164
2228.27,-76.516
2228.52,-76.106
2228.76,-77.287
2229.00,-76.913
2229.25,-73.218
2229.49,-73.939
2229.74,-76.940
2229.98,-74.168
2230.22,-76.520
2230.47,-77.099
2230.71,-76.804
2230.96,-76.148
2231.20,-75.537
2231.45,-74.796
2231.69,-76.811
2231.93,-75.986
2232.18,-75.914
2232.42,-74.117
2232.67,-77.577
2232.91,-77.998
2233.15,-75.885
2233.40,-75.150
2233.64,-75.926
2233.89,-76.530
2234.13,-75.299
2234.38,-74.820
2234.62,-75.301
2234.86,-74.241
2235.11,-76.300
2235.35,-74.816
2235.60,-75.528
2235.84,-76.989
2236.08,-77.667
2236.33,-77.764
2236.57,-75.218
2236.82,-74.171
2237.06,-77.466
2237.30,-77.692
2237.55,-75.112
2237.79,-75.952
2238.04,-73.713
2238.28,-74.516
2238.53,-74.975
2238.77,-73.126
2239.01,-74.052
2239.26,-75.298
2239.50,-75.626
2239.75,-74.494
2239.99,-75.160
2240.23,-72.608
2240.48,-75.933
2240.72,-74.144
2240.97,-73.858
2241.21,-72.303
2241.46,-74.104
2241.70,-77.885
2241.94,-74.151
2242.19,-75.042
2242.43,-72.461
2242.68,-77.693
2242.92,-76.306
2243.16,-75.487
2243.41,-75.018
2243.65,-75.894
2243.90,-74.027
2244.14,-75.266
2244.38,-75.432
2244.63,-76.604
2244.87,-74.247
2245.12,-75.681
2245.36,-74.258
2245.61,-75.891
2245.85,-76.568
2246.09,-74.159
2246.34,-75.308
2246.58,-75.137
2246.83,-74.639
2247.07,-75.855
2247.31,-76.759
2247.56,-76.120
2247.80,-74.315
2248.05,-75.674
2248.29,-73.544
2248.54,-74.053
2248.78,-75.663
2249.02,-72.899
2249.27,-72.608
2249.51,-74.234
2249.76,-74.389
2250.00,-74.985
2250.24,-73.465
2250.49,-73.847
2250.73,-75.313
2250.98,-75.364
2251.22,-71.949
2251.46,-73.727
2251.71,-74.187
2251.95,-75.637
2252.20,-72.963
2252.44,-74.281
2252.69,-73.677
2252.93,-76.095
2253.17,-75.978
2253.42,-76.683
2253.66,-72.781
2253.91,-73.753
2254.15,-75.527
2254.39,-73.097
2254.64,-73.925
2254.88,-74.505
2255.13,-72.744
2255.37,-73.864
2255.62,-75.716
2255.86,-74.310
2256.10,-74.736
2256.35,-73.762
2256.59,-72.882
2256.84,-73.949
2257.08,-72.234
2257.32,-73.855
2257.57,-76.891
2257.81,-74.260
2258.06,-75.138
2258.30,-76.160
2258.54,-72.161
2258.79,-75.005
2259.03,-74.490
2259.28,-74.664
2259.52,-75.292
2259.77,-75.055
2260.01,-75.388
2260.25,-72.121
2260.50,-73.244
2260.74,-75.010
2260.99,-74.721
2261.23,-73.642
2261.47,-72.924
2261.72,-73.095
2261.96,-73.530
2262.21,-76.623
2262.45,-76.009
2262.70,-73.829
2262.94,-73.288
2263.18,-72.565
2263.43,-73.177
2263.67,-75.207
2263.92,-71.415
2264.16,-71.299
2264.40,-71.710
2264.65,-75.137
2264.89,-75.079
2265.14,-72.283
2265.38,-73.707
2265.62,-72.068
2265.87,-73.697
2266.11,-71.905
2266.36,-71.135
2266.60,-72.452
2266.85,-72.434
2267.09,-74.850
2267.33,-73.498
2267.58,-72.993
2267.82,-73.286
2268.07,-73.802
2268.31,-74.070
2268.55,-72.762
2268.80,-74.469
2269.04,-71.779
2269.29,-71.774
2269.53,-70.833
2269.78,-72.239
2270.02,-70.803
2270.26,-69.527
2270.51,-71.077
2270.75,-73.455
2271.00,-73.267
2271.24,-71.762
2271.48,-72.631
2271.73,-72.687
2271.97,-74.537
2272.22,-72.275
2272.46,-73.077
2272.71,-73.533
2272.95,-70.354
2273.19,-73.983
2273.44,-70.910
2273.68,-72.075
2273.93,-72.708
2274.17,-71.780
2274.41,-73.847
2274.66,-73.552
2274.90,-73.908
2275.15,-72.901
2275.39,-72.756
2275.63,-71.202
2275.88,-68.544
2276.12,-73.057
2276.37,-71.909
2276.61,-73.421
2276.86,-73.303
2277.10,-71.331
2277.34,-72.168
2277.59,-71.659
2277.83,-72.044
2278.08,-70.827
2278.32,-73.162
2278.56,-70.121
2278.81,-73.873
2279.05,-71.709
2279.30,-73.141
2279.54,-72.277
2279.79,-75.119
2280.03,-71.957
2280.27,-72.662
2280.52,-70.761
2280.76,-72.151
2281.01,-74.310
2281.25,-73.096
2281.49,-72.109
2281.74,-71.849
2281.98,-70.866
2282.23,-70.528
2282.47,-70.634
2282.71,-72.113
2282.96,-71.145
2283.20,-72.299
2283.45,-71.221
2283.69,-71.564
2283.94,-70.074
2284.18,-74.725
2284.42,-72.662
2284.67,-72.866
2284.91,-72.762
2285.16,-70.465
2285.40,-73.720
2285.64,-70.955
2285.89,-70.673
2286.13,-71.224
2286.38,-71.172
2286.62,-70.024
2286.87,-70.626
2287.11,-69.764
2287.35,-72.429
2287.60,-70.599
2287.84,-72.392
2288.09,-71.987
2288.33,-71.691
2288.57,-72.899
2288.82,-74.017
2289.06,-71.829
2289.31,-68.835
2289.55,-72.090
2289.79,-70.549
2290.04,-71.382
2290.28,-71.453
2290.53,-69.845
2290.77,-69.895
2291.02,-70.376
2291.26,-72.804
2291.50,-71.795
2291.75,-72.464
2291.99,-70.837
2292.24,-70.579
2292.48,-69.295
2292.72,-69.482
2292.97,-69.229
2293.21,-70.810
2293.46,-68.742
2293.70,-70.099
2293.95,-70.175
2294.19,-66.583
2294.43,-69.405
2294.68,-70.624
2294.92,-71.612
2295.17,-70.759
2295.41,-69.736
2295.65,-70.059
2295.90,-69.908
2296.14,-70.901
2296.39,-68.709
2296.63,-68.771
2296.88,-69.317
2297.12,-69.598
2297.36,-69.545
2297.61,-69.916
2297.85,-71.992
2298.10,-69.912
2298.34,-69.809
2298.58,-69.467
2298.83,-67.890
2299.07,-69.606
2299.32,-70.025
2299.56,-70.196
2299.80,-71.148
2300.05,-69.437
2300.29,-70.685
2300.54,-69.362
2300.78,-68.001
2301.03,-68.171
2301.27,-69.394
2301.51,-72.421
2301.76,-68.997
2302.00,-69.427
2302.25,-69.295
2302.49,-72.965
2302.73,-70.478
2302.98,-67.636
2303.22,-71.422
2303.47,-70.952
2303.71,-67.994
2303.96,-69.385
2304.20,-69.210
2304.44,-67.292
2304.69,-68.483
2304.93,-69.989
2305.18,-68.944
2305.42,-69.681
2305.66,-69.717
2305.91,-69.441
2306.15,-71.235
2306.40,-69.095
2306.64,-69.076
2306.88,-66.758
2307.13,-67.808
2307.37,-67.883
2307.62,-70.206
2307.86,-67.237
2308.11,-68.886
2308.35,-70.688
2308.59,-66.886
2308.84,-68.934
2309.08,-69.006
2309.33,-68.685
2309.57,-72.241
2309.81,-69.458
2310.06,-66.847
2310.30,-68.606
2310.55,-68.762
2310.79,-67.153
2311.04,-69.537
2311.28,-67.168
2311.52,-67.196
2311.77,-65.780
2312.01,-65.864
2312.26,-67.954
2312.50,-66.627
2312.74,-67.707
2312.99,-67.631
2313.23,-67.996
2313.48,-69.152
2313.72,-68.234
2313.96,-66.997
2314.21,-67.469
2314.45,-65.885
2314.70,-68.618
2314.94,-70.326
2315.19,-66.837
2315.43,-67.422
2315.67,-67.274
2315.92,-66.623
2316.16,-67.463
2316.41,-69.184
2316.65,-66.412
2316.89,-66.419
2317.14,-66.089
2317.38,-67.176
2317.63,-64.884
2317.87,-66.131
2318.12,-67.539
2318.36,-65.943
2318.60,-65.628
2318.85,-65.319
2319.09,-67.088
2319.34,-66.798
2319.58,-66.747
2319.82,-66.944
2320.07,-68.695
2320.31,-65.109
2320.56,-67.409
2320.80,-65.495
2321.04,-68.779
2321.29,-68.317
2321.53,-68.148
2321.78,-65.021
2322.02,-66.589
2322.27,-65.907
2322.51,-66.439
2322.75,-69.223
2323.00,-68.774
2323.24,-67.651
2323.49,-67.949
2323.73,-69.151
2323.97,-66.906
2324.22,-66.548
2324.46,-66.517
2324.71,-66.667
2324.95,-65.256
2325.20,-64.810
2325.44,-65.683
2325.68,-65.480
2325.93,-66.856
2326.17,-65.873
2326.42,-64.468
2326.66,-64.188
2326.90,-66.806
2327.15,-63.242
2327.39,-64.772
2327.64,-66.186
2327.88,-67.659
2328.12,-64.349
2328.37,-65.460
2328.61,-63.337
2328.86,-64.322
2329.10,-65.186
2329.35,-64.048
2329.59,-64.790
2329.83,-65.425
2330.08,-67.793
2330.32,-65.554
2330.57,-66.609
2330.81,-64.449
2331.05,-63.627
2331.30,-64.078
2331.54,-63.907
2331.79,-64.709
2332.03,-63.893
2332.28,-62.167
2332.52,-63.142
2332.76,-62.009
2333.01,-66.254
2333.25,-64.583
2333.50,-65.338
2333.74,-62.968
2333.98,-63.555
2334.23,-63.402
2334.47,-64.221
2334.72,-62.427
2334.96,-64.710
2335.21,-63.357
2335.45,-63.265
2335.69,-64.154
2335.94,-64.320
2336.18,-62.913
2336.43,-65.314
2336.67,-62.832
2336.91,-65.619
2337.16,-63.006
2337.40,-63.413
2337.65,-64.691
2337.89,-65.625
2338.13,-64.428
2338.38,-66.886
2338.62,-62.942
2338.87,-61.409
2339.11,-62.580
2339.36,-61.908
2339.60,-63.353
2339.84,-64.633
2340.09,-65.301
2340.33,-64.142
2340.58,-60.512
2340.82,-59.445
2341.06,-62.291
2341.31,-62.017
2341.55,-61.731
2341.80,-62.857
2342.04,-60.830
2342.29,-61.225
2342.53,-63.810
2342.77,-62.297
2343.02,-62.475
2343.26,-62.372
2343.51,-64.619
2343.75,-62.635
2343.99,-62.959
2344.24,-61.353
2344.48,-63.253
2344.73,-62.186
2344.97,-62.984
2345.21,-64.918
2345.46,-59.914
2345.70,-61.280
2345.95,-64.164
2346.19,-61.186
2346.44,-63.160
2346.68,-63.501
2346.92,-61.096
2347.17,-63.007
2347.41,-60.624
2347.66,-60.917
2347.90,-61.448
2348.14,-63.756
2348.39,-62.687
2348.63,-59.807
2348.88,-61.672
2349.12,-60.976
2349.37,-62.102
2349.61,-63.153
2349.85,-63.915
2350.10,-65.259
2350.34,-62.238
2350.59,-61.818
2350.83,-59.956
2351.07,-64.759
2351.32,-62.784
2351.56,-64.683
2351.81,-61.821
2352.05,-61.480
2352.29,-61.928
2352.54,-63.013
2352.78,-61.875
2353.03,-62.099
2353.27,-58.662
2353.52,-59.594
2353.76,-61.383
2354.00,-60.646
2354.25,-61.664
2354.49,-59.880
2354.74,-62.367
2354.98,-61.122
2355.22,-60.929
2355.47,-61.440
2355.71,-62.236
2355.96,-59.861
2356.20,-59.394
2356.45,-58.964
2356.69,-60.261
2356.93,-61.532
2357.18,-61.097
2357.42,-61.290
2357.67,-58.796
2357.91,-61.309
2358.15,-63.273
2358.40,-60.082
2358.64,-59.769
2358.89,-59.522
2359.13,-60.092
2359.38,-58.963
2359.62,-59.704
2359.86,-60.365
2360.11,-60.192
2360.35,-59.315
2360.60,-61.693
2360.84,-61.415
2361.08,-62.114
2361.33,-61.240
2361.57,-61.044
2361.82,-62.170
2362.06,-60.748
2362.30,-59.161
2362.55,-58.011
2362.79,-60.851
2363.04,-60.572
2363.28,-63.052
2363.53,-63.884
2363.77,-61.837
2364.01,-60.304
2364.26,-60.178
2364.50,-60.901
2364.75,-59.346
2364.99,-58.034
2365.23,-61.578
2365.48,-61.014
2365.72,-60.375
2365.97,-60.538
2366.21,-60.474
2366.46,-59.028
2366.70,-58.607
2366.94,-58.638
2367.19,-60.185
2367.43,-59.844
2367.68,-62.428
2367.92,-62.030
2368.16,-62.223
2368.41,-61.049
2368.65,-62.152
2368.90,-58.801
2369.14,-59.570
2369.38,-57.286
2369.63,-58.346
2369.87,-61.327
2370.12,-60.628
2370.36,-61.187
2370.61,-58.836
2370.85,-60.891
2371.09,-60.503
2371.34,-59.916
2371.58,-60.245
2371.83,-60.249
2372.07,-60.886
2372.31,-63.447
2372.56,-58.308
2372.80,-62.606
2373.05,-60.359
2373.29,-62.717
2373.54,-63.700
2373.78,-61.380
2374.02,-64.813
2374.27,-60.284
2374.51,-59.929
2374.76,-61.704
2375.00,-60.485
2375.24,-62.472
2375.49,-62.209
2375.73,-59.800
2375.98,-56.691
2376.22,-60.993
2376.46,-60.511
2376.71,-60.802
2376.95,-61.726
2377.20,-60.088
2377.44,-60.609
2377.69,-62.761
2377.93,-61.874
2378.17,-60.803
2378.42,-61.109
2378.66,-58.881
2378.91,-61.331
2379.15,-62.753
2379.39,-63.973
2379.64,-64.449
2379.88,-63.560
2380.13,-62.494
2380.37,-62.421
2380.62,-63.722
2380.86,-63.235
2381.10,-62.196
2381.35,-60.574
2381.59,-60.980
2381.84,-61.995
2382.08,-61.882
2382.32,-64.845
2382.57,-63.437
2382.81,-63.021
2383.06,-61.990
2383.30,-63.835
2383.54,-63.063
2383.79,-63.442
2384.03,-65.449
2384.28,-64.808
2384.52,-62.651
2384.77,-62.439
2385.01,-63.005
2385.25,-63.655
2385.50,-62.918
2385.74,-65.472
2385.99,-62.599
2386.23,-63.343
2386.47,-63.337
2386.72,-62.655
2386.96,-63.635
2387.21,-65.037
2387.45,-61.253
2387.70,-61.310
2387.94,-64.575
2388.18,-64.092
2388.43,-63.721
2388.67,-64.159
2388.92,-62.210
2389.16,-61.200
2389.40,-63.714
2389.65,-62.214
2389.89,-63.388
2390.14,-63.260
2390.38,-65.415
2390.62,-63.111
2390.87,-62.705
2391.11,-63.266
2391.36,-63.881
2391.60,-64.937
2391.85,-61.673
2392.09,-62.603
2392.33,-64.335
2392.58,-64.870
2392.82,-62.024
2393.07,-64.245
2393.31,-64.918
2393.55,-65.669
2393.80,-64.452
2394.04,-64.460
2394.29,-65.442
2394.53,-63.267
2394.78,-64.695
2395.02,-62.804
2395.26,-65.835
2395.51,-64.241
2395.75,-64.453
2396.00,-67.383
2396.24,-62.363
2396.48,-66.360
2396.73,-65.374
2396.97,-62.986
2397.22,-64.010
2397.46,-64.005
2397.71,-63.285
2397.95,-64.654
2398.19,-65.793
2398.44,-64.164
2398.68,-66.170
2398.93,-65.053
2399.17,-65.600
2399.41,-66.180
2399.66,-65.106
2399.90,-65.120
2400.15,-64.632
2400.39,-63.358
2400.63,-65.596
2400.88,-65.409
2401.12,-66.000
2401.37,-66.282
2401.61,-66.079
2401.86,-63.683
2402.10,-66.692
2402.34,-65.216
2402.59,-62.397
2402.83,-64.828
2403.08,-65.348
2403.32,-67.118
2403.56,-66.475
2403.81,-66.030
2404.05,-67.199
2404.30,-66.938
2404.54,-63.559
2404.79,-65.809
2405.03,-66.033
2405.27,-64.680
2405.52,-63.159
2405.76,-66.891
2406.01,-66.468
2406.25,-66.800
2406.49,-65.235
2406.74,-65.674
2406.98,-65.455
2407.23,-67.069
2407.47,-63.724
2407.71,-66.164
2407.96,-67.738
2408.20,-65.641
2408.45,-66.664
2408.69,-64.259
2408.94,-65.128
2409.18,-66.168
2409.42,-63.850
2409.67,-65.173
2409.91,-64.801
2410.16,-65.834
2410.40,-65.228
2410.64,-66.063
2410.89,-65.326
2411.13,-66.256
2411.38,-67.375
2411.62,-68.770
2411.87,-66.161
2412.11,-66.098
2412.35,-65.022
2412.60,-67.076
2412.84,-69.091
2413.09,-66.184
2413.33,-65.807
2413.57,-67.862
2413.82,-68.761
2414.06,-64.705
2414.31,-66.511
2414.55,-68.673
2414.79,-68.346
2415.04,-65.320
2415.28,-66.742
2415.53,-67.641
2415.77,-71.348
2416.02,-69.018
2416.26,-67.213
2416.50,-68.464
2416.75,-65.840
2416.99,-67.690
2417.24,-69.716
2417.48,-69.402
2417.72,-67.090
2417.97,-67.969
2418.21,-67.232
2418.46,-66.288
2418.70,-66.626
2418.95,-65.914
2419.19,-69.523
2419.43,-68.264
2419.68,-66.115
2419.92,-67.709
2420.17,-67.071
2420.41,-65.763
2420.65,-66.604
2420.90,-69.272
2421.14,-65.086
2421.39,-68.271
2421.63,-66.678
2421.88,-70.326
2422.12,-66.055
2422.36,-67.117
2422.61,-68.040
2422.85,-67.326
2423.10,-68.332
2423.34,-67.068
2423.58,-67.206
2423.83,-67.044
2424.07,-68.811
2424.32,-65.353
2424.56,-68.532
2424.80,-69.011
2425.05,-68.296
2425.29,-67.655
2425.54,-69.701
2425.78,-67.408
2426.03,-69.400
2426.27,-69.229
2426.51,-68.795
2426.76,-70.718
2427.00,-68.447
2427.25,-67.901
2427.49,-68.367
2427.73,-67.518
2427.98,-69.353
2428.22,-68.489
2428.47,-67.399
2428.71,-66.798
2428.96,-69.158
2429.20,-68.680
2429.44,-67.505
2429.69,-66.077
2429.93,-68.328
2430.18,-69.140
2430.42,-66.930
2430.66,-67.830
2430.91,-70.326
2431.15,-69.423
2431.40,-69.131
2431.64,-69.145
2431.88,-70.623
2432.13,-68.308
2432.37,-68.782
2432.62,-69.793
2432.86,-68.006
2433.11,-69.533
2433.35,-69.306
2433.59,-70.395
2433.84,-69.408
2434.08,-70.441
2434.33,-70.965
2434.57,-69.462
2434.81,-69.013
2435.06,-68.341
2435.30,-67.874
2435.55,-67.018
2435.79,-67.099
2436.04,-68.274
2436.28,-69.547
2436.52,-68.191
2436.77,-68.295
2437.01,-68.142
2437.26,-69.304
2437.50,-68.981
2437.74,-67.638
2437.99,-68.704
2438.23,-67.276
2438.48,-70.223
2438.72,-67.569
2438.96,-70.344
2439.21,-67.669
2439.45,-69.314
2439.70,-69.634
2439.94,-69.314
2440.19,-68.830
2440.43,-68.979
2440.67,-66.946
2440.92,-68.832
2441.16,-69.756
2441.41,-68.060
2441.65,-68.884
2441.89,-69.152
2442.14,-69.895
2442.38,-71.908
2442.63,-71.169
2442.87,-68.813
2443.12,-70.508
2443.36,-69.396
2443.60,-68.635
2443.85,-72.390
2444.09,-71.021
2444.34,-69.817
2444.58,-69.497
2444.82,-68.876
2445.07,-69.899
2445.31,-71.328
2445.56,-72.547
2445.80,-69.840
2446.04,-70.584
2446.29,-70.972
2446.53,-70.811
2446.78,-69.339
2447.02,-70.407
2447.27,-70.592
2447.51,-67.632
2447.75,-67.565
2448.00,-69.284
2448.24,-70.145
2448.49,-70.531
2448.73,-70.417
2448.97,-71.592
2449.22,-71.651
2449.46,-69.667
2449.71,-70.730
2449.95,-71.774
2450.20,-69.503
2450.44,-70.526
2450.68,-68.500
2450.93,-69.041
2451.17,-70.924
2451.42,-71.825
2451.66,-70.573
2451.90,-69.497
2452.15,-68.842
2452.39,-68.440
2452.64,-71.436
2452.88,-73.765
2453.12,-70.013
2453.37,-71.565
2453.61,-69.023
2453.86,-68.969
2454.10,-69.973
2454.35,-71.321
2454.59,-70.942
2454.83,-69.446
2455.08,-72.306
2455.32,-73.517
2455.57,-70.661
2455.81,-69.741
2456.05,-69.564
2456.30,-70.305
2456.54,-68.209
2456.79,-67.655
2457.03,-69.587
2457.28,-67.905
2457.52,-68.425
2457.76,-68.237
2458.01,-70.678
2458.25,-70.679
2458.50,-71.575
2458.74,-68.453
2458.98,-69.920
2459.23,-72.998
2459.47,-70.340
2459.72,-70.853
2459.96,-69.952
2460.21,-71.590
2460.45,-71.862
2460.69,-72.784
2460.94,-71.918
2461.18,-72.143
2461.43,-71.185
2461.67,-71.041
2461.91,-71.639
2462.16,-69.861
2462.40,-68.830
2462.65,-68.927
2462.89,-69.488
2463.13,-70.886
2463.38,-70.571
2463.62,-71.887
2463.87,-69.967
2464.11,-71.636
2464.36,-72.305
2464.60,-71.845
2464.84,-71.376
2465.09,-70.315
2465.33,-70.851
2465.58,-71.775
2465.82,-72.033
2466.06,-71.922
2466.31,-70.588
2466.55,-71.271
2466.80,-71.363
2467.04,-72.690
2467.29,-73.294
2467.53,-71.816
2467.77,-70.833
2468.02,-69.003
2468.26,-76.528
2468.51,-73.784
2468.75,-71.594
2468.99,-72.385
2469.24,-72.635
2469.48,-70.828
2469.73,-69.435
2469.97,-70.741
2470.21,-69.788
2470.46,-70.706
2470.70,-72.768
2470.95,-70.324
2471.19,-71.774
2471.44,-69.106
2471.68,-70.075
2471.92,-70.689
2472.17,-70.655
2472.41,-69.456
2472.66,-69.677
2472.90,-69.771
2473.14,-70.907
2473.39,-71.136
2473.63,-70.687
2473.88,-71.176
2474.12,-71.993
2474.37,-72.250
2474.61,-70.491
2474.85,-71.713
2475.10,-71.584
2475.34,-71.481
2475.59,-70.197
2475.83,-71.679
2476.07,-73.303
2476.32,-71.570
2476.56,-70.499
2476.81,-69.565
2477.05,-70.042
2477.29,-71.499
2477.54,-71.123
2477.78,-70.535
2478.03,-70.711
2478.27,-71.739
2478.52,-70.175
2478.76,-71.181
2479.00,-71.316
2479.25,-71.217
2479.49,-71.419
2479.74,-73.141
2479.98,-72.884
2480.22,-72.804
2480.47,-72.516
2480.71,-72.721
2480.96,-76.765
2481.20,-72.024
2481.45,-71.449
2481.69,-70.370
2481.93,-70.933
2482.18,-73.856
2482.42,-74.204
2482.67,-73.329
2482.91,-75.395
2483.15,-75.437
2483.40,-71.912
2483.64,-70.494
2483.89,-71.953
2484.13,-71.748
2484.38,-71.588
2484.62,-71.637
2484.86,-72.763
2485.11,-72.158
2485.35,-71.609
2485.60,-71.904
2485.84,-71.231
2486.08,-73.778
2486.33,-74.237
2486.57,-72.784
2486.82,-75.810
2487.06,-75.142
2487.30,-71.423
2487.55,-71.432
2487.79,-74.370
2488.04,-74.430
2488.28,-72.765
2488.53,-72.930
2488.77,-71.880
2489.01,-71.329
2489.26,-71.679
2489.50,-71.531
2489.75,-74.002
2489.99,-71.497
2490.23,-73.128
2490.48,-70.302
2490.72,-71.735
2490.97,-70.762
2491.21,-74.737
2491.46,-74.898
2491.70,-74.106
2491.94,-71.636
2492.19,-72.301
2492.43,-72.791
2492.68,-71.599
2492.92,-72.472
2493.16,-72.584
2493.41,-72.737
2493.65,-71.958
2493.90,-75.433
2494.14,-72.479
2494.38,-71.791
2494.63,-72.865
2494.87,-71.616
2495.12,-73.358
2495.36,-72.731
2495.61,-72.241
2495.85,-72.249
2496.09,-72.517
2496.34,-73.498
2496.58,-71.604
2496.83,-74.357
2497.07,-71.686
2497.31,-73.594
2497.56,-75.053
2497.80,-70.777
2498.05,-72.226
2498.29,-71.123
2498.54,-71.292
2498.78,-71.075
2499.02,-73.038
2499.27,-72.287
2499.51,-74.770
2499.76,-74.389
2500.00,-74.625
2500.24,-73.033
2500.49,-74.422
2500.73,-73.301
2500.98,-73.204
2501.22,-72.768
2501.46,-71.440
2501.71,-70.662
2501.95,-74.561
2502.20,-72.581
2502.44,-74.010
2502.69,-73.093
2502.93,-70.333
2503.17,-71.660
2503.42,-72.616
2503.66,-73.550
2503.91,-73.685
2504.15,-72.622
2504.39,-77.000
2504.64,-73.097
2504.88,-71.519
2505.13,-71.281
2505.37,-72.063
2505.62,-70.402
2505.86,-73.215
2506.10,-72.215
2506.35,-74.194
2506.59,-70.969
2506.84,-73.840
2507.08,-71.023
2507.32,-70.894
2507.57,-75.078
2507.81,-73.011
2508.06,-71.424
2508.30,-72.651
2508.54,-74.123
2508.79,-74.788
2509.03,-69.715
2509.28,-72.341
2509.52,-71.834
2509.77,-73.583
2510.01,-72.743
2510.25,-73.805
2510.50,-75.378
2510.74,-72.324
2510.99,-73.533
2511.23,-73.582
2511.47,-72.456
2511.72,-72.721
2511.96,-72.684
2512.21,-73.672
2512.45,-72.160
2512.70,-72.715
2512.94,-73.659
2513.18,-75.375
2513.43,-73.593
2513.67,-72.175
2513.92,-71.282
2514.16,-72.824
2514.40,-73.071
2514.65,-70.291
2514.89,-73.805
2515.14,-72.119
2515.38,-74.631
2515.62,-74.557
2515.87,-75.562
2516.11,-73.549
2516.36,-73.603
2516.60,-74.269
2516.85,-72.416
2517.09,-74.583
2517.33,-74.491
2517.58,-73.534
2517.82,-72.952
2518.07,-73.324
2518.31,-72.908
2518.55,-73.157
2518.80,-73.536
2519.04,-72.135
2519.29,-73.392
2519.53,-72.223
2519.78,-74.120
2520.02,-75.307
2520.26,-73.514
2520.51,-73.122
2520.75,-73.925
2521.00,-73.724
2521.24,-75.667
2521.48,-73.243
2521.73,-71.798
2521.97,-71.911
2522.22,-72.016
2522.46,-75.662
2522.71,-74.606
2522.95,-73.701
2523.19,-72.820
2523.44,-73.092
2523.68,-72.583
2523.93,-72.486
2524.17,-72.430
2524.41,-72.604
2524.66,-73.381
2524.90,-72.362
2525.15,-74.625
2525.39,-75.256
2525.63,-75.450
2525.88,-74.853
2526.12,-75.783
2526.37,-73.412
2526.61,-72.946
2526.86,-75.563
2527.10,-73.401
2527.34,-72.700
2527.59,-73.026
2527.83,-72.819
2528.08,-74.916
2528.32,-73.016
2528.56,-72.641
2528.81,-73.650
2529.05,-71.882
2529.30,-71.712
2529.54,-72.789
2529.79,-72.434
2530.03,-74.044
2530.27,-74.165
2530.52,-77.079
2530.76,-72.287
2531.01,-75.304
2531.25,-74.997
2531.49,-72.931
2531.74,-72.278
2531.98,-74.804
2532.23,-73.582
2532.47,-73.500
2532.71,-72.638
2532.96,-73.922
2533.20,-73.309
2533.45,-72.073
2533.69,-72.846
2533.94,-72.152
2534.18,-73.641
2534.42,-73.404
2534.67,-72.924
2534.91,-74.233
2535.16,-73.976
2535.40,-75.578
2535.64,-75.735
2535.89,-72.592
2536.13,-73.610
2536.38,-72.679
2536.62,-70.189
2536.87,-73.216
2537.11,-72.537
2537.35,-74.348
2537.60,-74.275
2537.84,-75.029
2538.09,-72.826
2538.33,-73.850
2538.57,-74.301
2538.82,-71.720
2539.06,-70.415
2539.31,-71.582
2539.55,-71.673
2539.79,-73.396
2540.04,-74.761
2540.28,-76.551
2540.53,-73.971
2540.77,-74.040
2541.02,-72.123
2541.26,-71.660
2541.50,-71.782
2541.75,-74.181
2541.99,-74.399
2542.24,-74.728
2542.48,-74.068
2542.72,-74.064
2542.97,-74.100
2543.21,-74.696
2543.46,-75.042
2543.70,-73.652
2543.95,-72.936
2544.19,-73.574
2544.43,-75.915
2544.68,-73.026
2544.92,-75.080
2545.17,-74.417
2545.41,-73.969
2545.65,-75.133
2545.90,-74.620
2546.14,-73.368
2546.39,-74.561
2546.63,-74.017
2546.88,-71.623
2547.12,-72.852
2547.36,-73.940
2547.61,-72.938
2547.85,-75.090
2548.10,-74.395
2548.34,-73.519
2548.58,-73.847
2548.83,-72.706
2549.07,-74.920
2549.32,-74.983
2549.56,-73.238
2549.80,-72.846
2550.05,-72.484
2550.29,-73.640
2550.54,-72.720
2550.78,-75.007
2551.03,-74.940
2551.27,-75.502
2551.51,-73.562
2551.76,-73.210
2552.00,-75.218
2552.25,-73.783
2552.49,-72.008
2552.73,-73.986
2552.98,-71.718
2553.22,-72.858
2553.47,-74.981
2553.71,-76.453
2553.96,-73.151
2554.20,-72.390
2554.44,-73.620
2554.69,-72.925
2554.93,-72.994
2555.18,-73.047
2555.42,-72.343
2555.66,-72.139
2555.91,-74.308
2556.15,-74.870
2556.40,-73.025
2556.64,-73.482
2556.88,-73.434
2557.13,-75.360
2557.37,-74.548
2557.62,-74.031
2557.86,-72.624
2558.11,-72.715
2558.35,-75.417
2558.59,-75.753
2558.84,-74.011
2559.08,-72.602
2559.33,-72.539
2559.57,-73.687
2559.81,-75.196
2560.06,-74.744
2560.30,-75.031
2560.55,-74.501
2560.79,-74.259
2561.04,-72.640
2561.28,-73.731
2561.52,-74.813
2561.77,-74.559
2562.01,-73.837
2562.26,-77.184
2562.50,-73.794
2562.74,-72.993
2562.99,-72.585
2563.23,-75.475
2563.48,-74.087
2563.72,-75.504
2563.96,-75.283
2564.21,-73.028
2564.45,-73.738
2564.70,-73.964
2564.94,-73.246
2565.19,-73.865
2565.43,-72.450
2565.67,-71.831
2565.92,-75.608
2566.16,-75.818
2566.41,-75.129
2566.65,-73.844
2566.89,-73.239
2567.14,-72.771
2567.38,-75.686
2567.63,-75.281
2567.87,-73.298
2568.12,-72.821
2568.36,-72.828
2568.60,-73.882
2568.85,-75.012
2569.09,-72.334
2569.34,-72.488
2569.58,-72.447
2569.82,-72.322
2570.07,-77.172
2570.31,-73.397
2570.56,-73.005
2570.80,-74.132
2571.04,-72.611
2571.29,-74.844
2571.53,-74.937
2571.78,-70.891
2572.02,-76.874
2572.27,-74.384
2572.51,-73.465
2572.75,-76.542
2573.00,-71.750
2573.24,-74.428
2573.49,-72.951
2573.73,-73.702
2573.97,-75.196
2574.22,-73.172
2574.46,-76.243
2574.71,-75.434
2574.95,-72.909
2575.20,-73.261
2575.44,-76.073
2575.68,-74.982
2575.93,-73.155
2576.17,-72.777
2576.42,-72.367
2576.66,-73.399
2576.90,-74.274
2577.15,-75.986
2577.39,-74.078
2577.64,-75.006
2577.88,-72.697
2578.12,-70.764
2578.37,-73.545
2578.61,-70.960
2578.86,-75.019
2579.10,-75.155
2579.35,-75.412
2579.59,-74.744
2579.83,-74.331
2580.08,-75.007
2580.32,-73.151
2580.57,-74.464
2580.81,-72.510
2581.05,-72.539
2581.30,-74.268
2581.54,-74.400
2581.79,-75.628
2582.03,-74.624
2582.28,-73.473
2582.52,-71.450
2582.76,-74.275
2583.01,-74.870
2583.25,-74.797
2583.50,-73.658
2583.74,-74.010
2583.98,-72.732
2584.23,-73.441
2584.47,-75.208
2584.72,-74.711
2584.96,-73.188
2585.21,-73.581
2585.45,-73.596
2585.69,-74.144
2585.94,-71.266
2586.18,-72.330
2586.43,-75.696
2586.67,-73.304
2586.91,-74.677
2587.16,-72.935
2587.40,-75.129
2587.65,-75.038
2587.89,-75.964
2588.13,-72.221
2588.38,-73.813
2588.62,-74.793
2588.87,-74.257
2589.11,-72.437
2589.36,-74.499
2589.60,-72.583
2589.84,-73.322
2590.09,-73.170
2590.33,-76.449
2590.58,-76.253
2590.82,-74.535
2591.06,-73.065
2591.31,-75.213
2591.55,-73.384
2591.80,-75.190
2592.04,-72.761
2592.29,-73.387
2592.53,-73.516
2592.77,-74.564
2593.02,-74.154
2593.26,-75.524
2593.51,-72.411
2593.75,-72.999
2593.99,-72.104
2594.24,-75.304
2594.48,-73.999
2594.73,-75.691
2594.97,-73.958
2595.21,-73.393
2595.46,-75.064
2595.70,-73.034
2595.95,-73.752
2596.19,-75.333
2596.44,-74.519
2596.68,-75.635
2596.92,-79.701
2597.17,-75.299
2597.41,-73.333
2597.66,-75.174
2597.90,-76.118
2598.14,-73.176
2598.39,-74.391
2598.63,-74.613
2598.88,-72.739
2599.12,-73.965
2599.37,-76.241
2599.61,-72.354
2599.85,-73.408
2600.10,-73.806
2600.34,-73.293
2600.59,-75.684
2600.83,-72.189
2601.07,-73.107
2601.32,-73.549
2601.56,-73.105
2601.81,-76.428
2602.05,-72.939
2602.29,-74.733
2602.54,-74.284
2602.78,-74.887
2603.03,-73.328
2603.27,-73.343
2603.52,-73.311
2603.76,-74.502
2604.00,-72.605
2604.25,-75.092
2604.49,-75.049
2604.74,-73.790
2604.98,-77.051
2605.22,-73.828
2605.47,-73.589
2605.71,-75.551
2605.96,-74.007
2606.20,-73.932
2606.45,-72.790
2606.69,-74.626
2606.93,-72.944
2607.18,-73.639
2607.42,-73.145
2607.67,-72.766
2607.91,-74.146
2608.15,-73.896
2608.40,-74.540
2608.64,-74.093
2608.89,-75.114
2609.13,-74.951
2609.38,-72.658
2609.62,-72.945
2609.86,-75.454
2610.11,-74.101
2610.35,-72.491
2610.60,-73.474
2610.84,-74.064
2611.08,-76.302
2611.33,-72.309
2611.57,-72.955
2611.82,-73.601
2612.06,-73.457
2612.30,-75.418
2612.55,-71.313
2612.79,-74.929
2613.04,-75.174
2613.28,-72.786
2613.53,-73.885
2613.77,-72.573
2614.01,-71.017
2614.26,-74.100
2614.50,-73.872
2614.75,-73.790
2614.99,-71.591
2615.23,-72.066
2615.48,-73.979
2615.72,-74.305
2615.97,-72.645
2616.21,-71.491
2616.46,-73.462
2616.70,-75.127
2616.94,-74.717
2617.19,-74.587
2617.43,-74.536
2617.68,-75.442
2617.92,-73.867
2618.16,-76.697
2618.41,-75.170
2618.65,-75.135
2618.90,-73.135
2619.14,-73.404
2619.38,-73.149
2619.63,-73.629
2619.87,-74.353
2620.12,-73.576
2620.36,-75.599
2620.61,-74.421
2620.85,-75.688
2621.09,-73.610
2621.34,-72.507
2621.58,-72.585
2621.83,-72.842
2622.07,-73.492
2622.31,-73.847
2622.56,-71.435
2622.80,-72.777
2623.05,-73.696
2623.29,-74.119
2623.54,-73.324
2623.78,-72.761
2624.02,-74.700
2624.27,-74.825
2624.51,-73.843
2624.76,-73.289
2625.00,-71.192
2625.24,-72.827
2625.49,-72.769
2625.73,-73.611
2625.98,-74.025
2626.22,-73.427
2626.46,-73.982
2626.71,-72.774
2626.95,-74.151
2627.20,-70.288
2627.44,-72.647
2627.69,-73.084
2627.93,-75.204
2628.17,-73.277
2628.42,-72.256
2628.66,-73.519
2628.91,-76.373
2629.15,-75.005
2629.39,-72.458
2629.64,-73.747
2629.88,-75.400
2630.13,-73.236
2630.37,-72.312
2630.62,-72.513
2630.86,-74.241
2631.10,-72.359
2631.35,-75.136
2631.59,-74.091
2631.84,-76.464
2632.08,-75.889
2632.32,-75.704
2632.57,-77.803
2632.81,-72.109
2633.06,-72.607
2633.30,-73.650
2633.54,-73.160
2633.79,-71.317
2634.03,-73.052
2634.28,-72.827
2634.52,-72.383
2634.77,-73.110
2635.01,-74.796
2635.25,-74.565
2635.50,-74.445
2635.74,-74.164
2635.99,-73.793
2636.23,-73.746
2636.47,-74.536
2636.72,-74.265
2636.96,-71.805
2637.21,-72.392
2637.45,-72.990
2637.70,-73.695
2637.94,-76.561
2638.18,-75.047
2638.43,-76.604
2638.67,-73.532
2638.92,-72.690
2639.16,-72.940
2639.40,-74.811
2639.65,-76.341
2639.89,-71.883
2640.14,-74.693
2640.38,-72.748
2640.62,-72.204
2640.87,-71.309
2641.11,-71.704
2641.36,-72.653
2641.60,-72.829
2641.85,-74.916
2642.09,-75.517
2642.33,-72.022
2642.58,-72.230
2642.82,-72.937
2643.07,-73.156
2643.31,-71.862
2643.55,-72.579
2643.80,-72.834
2644.04,-72.964
2644.29,-74.248
2644.53,-74.834
2644.78,-73.208
2645.02,-74.085
2645.26,-74.167
2645.51,-73.879
2645.75,-70.892
2646.00,-74.186
2646.24,-75.205
2646.48,-74.173
2646.73,-72.970
2646.97,-74.519
2647.22,-77.300
2647.46,-76.179
2647.71,-73.842
2647.95,-73.742
2648.19,-73.014
2648.44,-75.557
2648.68,-73.982
2648.93,-70.705
2649.17,-73.411
2649.41,-74.365
2649.66,-73.546
2649.90,-74.297
2650.15,-74.868
2650.39,-73.517
2650.63,-74.155
2650.88,-73.047
2651.12,-73.686
2651.37,-75.603
2651.61,-74.398
2651.86,-74.815
2652.10,-73.756
2652.34,-74.734
2652.59,-75.113
2652.83,-72.505
2653.08,-74.141
2653.32,-72.529
2653.56,-75.051
2653.81,-74.373
2654.05,-74.476
2654.30,-75.445
2654.54,-72.721
2654.79,-72.533
2655.03,-72.249
2655.27,-73.525
2655.52,-72.741
2655.76,-72.346
2656.01,-69.974
2656.25,-74.006
2656.49,-74.548
2656.74,-75.072
2656.98,-75.909
2657.23,-74.338
2657.47,-74.185
2657.71,-73.725
2657.96,-74.192
2658.20,-74.213
2658.45,-73.579
2658.69,-72.897
2658.94,-72.811
2659.18,-73.084
2659.42,-73.541
2659.67,-73.561
2659.91,-73.873
2660.16,-73.932
2660.40,-72.257
2660.64,-75.775
2660.89,-75.751
2661.13,-73.699
2661.38,-73.346
2661.62,-74.421
2661.87,-73.701
2662.11,-73.047
2662.35,-71.515
2662.60,-71.355
2662.84,-71.243
2663.09,-71.112
2663.33,-75.747
2663.57,-72.244
2663.82,-72.087
2664.06,-72.231
2664.31,-72.240
2664.55,-71.313
2664.79,-70.493
2665.04,-73.394
2665.28,-75.496
2665.53,-72.089
2665.77,-71.592
2666.02,-74.199
2666.26,-74.789
2666.50,-72.752
2666.75,-75.222
2666.99,-71.766
2667.24,-72.202
2667.48,-70.770
2667.72,-70.423
2667.97,-72.077
2668.21,-72.305
2668.46,-73.284
2668.70,-72.086
2668.95,-70.847
2669.19,-72.614
2669.43,-70.145
2669.68,-72.395
2669.92,-73.363
2670.17,-69.903
2670.41,-72.852
2670.65,-73.057
2670.90,-74.026
2671.14,-73.961
2671.39,-72.614
2671.63,-72.924
2671.88,-72.970
2672.12,-74.123
2672.36,-70.890
2672.61,-72.149
2672.85,-72.023
2673.10,-73.007
2673.34,-74.381
2673.58,-74.014
2673.83,-73.782
2674.07,-73.631
2674.32,-71.236
2674.56,-71.870
2674.80,-74.214
2675.05,-70.756
2675.29,-71.929
2675.54,-72.598
2675.78,-75.087
2676.03,-72.661
2676.27,-70.778
2676.51,-73.639
2676.76,-73.456
2677.00,-75.103
2677.25,-75.322
2677.49,-73.367
2677.73,-72.477
2677.98,-71.811
2678.22,-74.251
2678.47,-71.615
2678.71,-73.355
2678.96,-70.499
2679.20,-71.647
2679.44,-73.495
2679.69,-73.678
2679.93,-73.765
2680.18,-73.556
2680.42,-72.204
2680.66,-69.732
2680.91,-73.277
2681.15,-75.086
2681.40,-73.884
2681.64,-73.072
2681.88,-73.104
2682.13,-73.294
2682.37,-71.491
2682.62,-71.543
2682.86,-72.149
2683.11,-73.146
2683.35,-72.976
2683.59,-72.742
2683.84,-72.946
2684.08,-72.184
2684.33,-72.867
2684.57,-73.655
2684.81,-71.115
2685.06,-76.551
2685.30,-75.140
2685.55,-75.039
2685.79,-71.055
2686.04,-73.129
2686.28,-72.857
2686.52,-72.663
2686.77,-73.283
2687.01,-72.686
2687.26,-74.490
2687.50,-71.043
2687.74,-73.239
2687.99,-72.138
2688.23,-72.815
2688.48,-72.093
2688.72,-73.734
2688.96,-74.459
2689.21,-74.916
2689.45,-74.480
2689.70,-72.697
2689.94,-73.957
2690.19,-73.316
2690.43,-72.704
2690.67,-71.759
2690.92,-75.247
2691.16,-72.732
2691.41,-73.608
2691.65,-69.659
2691.89,-71.514
2692.14,-72.161
2692.38,-73.549
2692.63,-71.377
2692.87,-73.115
2693.12,-74.539
2693.36,-73.709
2693.60,-73.255
2693.85,-76.223
2694.09,-71.403
2694.34,-73.987
2694.58,-74.391
2694.82,-69.917
2695.07,-71.449
2695.31,-72.335
2695.56,-71.876
2695.80,-72.486
2696.04,-73.256
2696.29,-72.046
2696.53,-71.920
2696.78,-73.254
2697.02,-72.140
2697.27,-73.499
2697.51,-75.270
2697.75,-73.257
2698.00,-70.060
2698.24,-72.788
2698.49,-73.744
2698.73,-74.905
2698.97,-73.319
2699.22,-71.131
2699.46,-71.946
2699.71,-72.218
2699.95,-72.492
2700.20,-71.507
2700.44,-71.348
2700.68,-71.199
2700.93,-72.183
2701.17,-73.021
2701.42,-73.675
2701.66,-72.444
2701.90,-71.641
2702.15,-71.912
2702.39,-70.291
2702.64,-72.391
2702.88,-72.538
2703.12,-71.704
2703.37,-71.031
2703.61,-72.976
2703.86,-72.721
2704.10,-72.808
2704.35,-71.690
2704.59,-71.451
2704.83,-69.892
2705.08,-71.054
2705.32,-71.400
2705.57,-70.265
2705.81,-72.043
2706.05,-71.852
2706.30,-69.942
2706.54,-71.431
2706.79,-70.197
2707.03,-70.847
2707.28,-71.295
2707.52,-71.938
2707.76,-71.802
2708.01,-72.212
2708.25,-72.546
2708.50,-70.800
2708.74,-71.719
2708.98,-71.416
2709.23,-69.752
2709.47,-70.327
2709.72,-69.337
2709.96,-71.621
2710.21,-71.805
2710.45,-72.145
2710.69,-71.495
2710.94,-72.463
2711.18,-74.691
2711.43,-73.595
2711.67,-74.723
2711.91,-73.166
2712.16,-73.138
2712.40,-71.247
2712.65,-74.027
2712.89,-72.097
2713.13,-70.783
2713.38,-73.194
2713.62,-71.684
2713.87,-72.273
2714.11,-71.964
2714.36,-72.423
2714.60,-70.404
2714.84,-70.225
2715.09,-72.438
2715.33,-71.072
2715.58,-72.817
2715.82,-71.703
2716.06,-71.333
2716.31,-72.701
2716.55,-73.470
2716.80,-71.495
2717.04,-71.206
2717.29,-71.025
2717.53,-70.265
2717.77,-69.754
2718.02,-72.953
2718.26,-71.490
2718.51,-71.844
2718.75,-70.407
2718.99,-69.160
2719.24,-70.734
2719.48,-69.743
2719.73,-70.906
2719.97,-75.764
2720.21,-76.006
2720.46,-71.419
2720.70,-72.040
2720.95,-71.434
2721.19,-69.727
2721.44,-71.172
2721.68,-73.095
2721.92,-71.694
2722.17,-71.805
2722.41,-71.680
2722.66,-70.300
2722.90,-70.250
2723.14,-69.541
2723.39,-72.313
2723.63,-71.764
2723.88,-69.136
2724.12,-69.527
2724.37,-72.932
2724.61,-69.783
2724.85,-71.885
2725.10,-72.267
2725.34,-71.663
2725.59,-72.126
2725.83,-71.304
2726.07,-71.311
2726.32,-73.254
2726.56,-70.220
2726.81,-70.137
2727.05,-71.358
2727.29,-72.754
2727.54,-71.926
2727.78,-69.466
2728.03,-70.786
2728.27,-71.548
2728.52,-73.533
2728.76,-70.785
2729.00,-72.645
2729.25,-70.802
2729.49,-72.881
2729.74,-72.105
2729.98,-71.331
2730.22,-72.291
2730.47,-70.691
2730.71,-69.392
2730.96,-73.148
2731.20,-70.601
2731.45,-71.013
2731.69,-70.292
2731.93,-72.985
2732.18,-71.381
2732.42,-72.651
2732.67,-70.660
2732.91,-73.712
2733.15,-71.202
2733.40,-69.089
2733.64,-69.822
2733.89,-69.088
2734.13,-71.356
2734.38,-69.160
2734.62,-70.598
2734.86,-70.199
2735.11,-72.600
2735.35,-70.810
2735.60,-69.935
2735.84,-72.701
2736.08,-72.349
2736.33,-70.486
2736.57,-71.660
2736.82,-71.450
2737.06,-72.537
2737.30,-70.899
2737.55,-72.002
2737.79,-71.835
2738.04,-70.449
2738.28,-69.048
2738.53,-70.456
2738.77,-71.643
2739.01,-69.499
2739.26,-70.682
2739.50,-74.356
2739.75,-71.738
2739.99,-72.947
2740.23,-69.551
2740.48,-70.268
2740.72,-73.798
2740.97,-73.089
2741.21,-70.846
2741.46,-70.997
2741.70,-71.619
2741.94,-71.041
2742.19,-71.108
2742.43,-70.433
2742.68,-71.532
2742.92,-67.745
2743.16,-67.629
2743.41,-71.452
2743.65,-70.497
2743.90,-70.438
2744.14,-70.446
2744.38,-73.129
2744.63,-70.402
2744.87,-72.132
2745.12,-73.530
2745.36,-73.347
2745.61,-69.824
2745.85,-71.840
2746.09,-70.617
2746.34,-70.263
2746.58,-71.300
2746.83,-71.476
2747.07,-70.769
2747.31,-69.110
2747.56,-68.848
2747.80,-71.278
2748.05,-68.970
2748.29,-69.428
2748.54,-69.818
2748.78,-71.586
2749.02,-71.676
2749.27,-71.513
2749.51,-70.351
2749.76,-69.656
2750.00,-68.772
2750.24,-69.432
2750.49,-70.351
2750.73,-71.219
2750.98,-70.227
2751.22,-71.112
2751.46,-67.763
2751.71,-67.698
2751.95,-71.743
2752.20,-70.616
2752.44,-72.189
2752.69,-67.943
2752.93,-71.542
2753.17,-69.183
2753.42,-70.723
2753.66,-72.866
2753.91,-70.703
2754.15,-71.546
2754.39,-69.487
2754.64,-68.919
2754.88,-68.714
2755.13,-71.366
2755.37,-69.978
2755.62,-70.643
2755.86,-69.044
2756.10,-70.838
2756.35,-70.280
2756.59,-67.979
2756.84,-70.296
2757.08,-69.255
2757.32,-69.015
2757.57,-68.700
2757.81,-72.122
2758.06,-70.062
2758.30,-69.071
2758.54,-69.272
2758.79,-68.282
2759.03,-69.689
2759.28,-69.250
2759.52,-72.418
2759.77,-68.250
2760.01,-70.558
2760.25,-68.050
2760.50,-69.070
2760.74,-70.975
2760.99,-69.890
2761.23,-70.590
2761.47,-70.928
2761.72,-71.251
2761.96,-72.973
2762.21,-70.841
2762.45,-69.125
2762.70,-71.850
2762.94,-68.546
2763.18,-70.350
2763.43,-68.579
2763.67,-70.489
2763.92,-68.064
2764.16,-70.398
2764.40,-67.622
2764.65,-69.992
2764.89,-68.105
2765.14,-70.055
2765.38,-70.031
2765.62,-68.407
2765.87,-68.370
2766.11,-71.359
2766.36,-70.122
2766.60,-69.691
2766.85,-70.814
2767.09,-69.372
2767.33,-70.113
2767.58,-69.342
2767.82,-67.309
2768.07,-69.241
2768.31,-69.491
2768.55,-73.167
2768.80,-69.501
2769.04,-69.351
2769.29,-72.998
2769.53,-74.178
2769.78,-70.675
2770.02,-72.365
2770.26,-69.557
2770.51,-69.376
2770.75,-70.189
2771.00,-70.298
2771.24,-67.305
2771.48,-69.343
2771.73,-70.570
2771.97,-70.212
2772.22,-69.805
2772.46,-67.791
2772.71,-69.313
2772.95,-70.545
2773.19,-69.938
2773.44,-68.293
2773.68,-69.500
2773.93,-69.537
2774.17,-69.301
2774.41,-68.905
2774.66,-68.847
2774.90,-68.426
2775.15,-70.679
2775.39,-68.792
2775.63,-71.169
2775.88,-68.608
2776.12,-69.788
2776.37,-68.936
2776.61,-68.653
2776.86,-67.893
2777.10,-70.617
2777.34,-70.930
2777.59,-69.993
2777.83,-71.280
2778.08,-69.247
2778.32,-69.647
2778.56,-71.225
2778.81,-68.696
2779.05,-70.649
2779.30,-68.515
2779.54,-67.926
2779.79,-70.574
2780.03,-67.672
2780.27,-69.055
2780.52,-69.855
2780.76,-69.689
2781.01,-69.434
2781.25,-68.371
2781.49,-67.359
2781.74,-66.982
2781.98,-67.036
2782.23,-69.517
2782.47,-68.168
2782.71,-69.209
2782.96,-68.847
2783.20,-67.477
2783.45,-68.061
2783.69,-66.848
2783.94,-67.357
2784.18,-68.534
2784.42,-69.913
2784.67,-67.350
2784.91,-66.669
2785.16,-66.387
2785.40,-69.415
2785.64,-68.251
2785.89,-67.892
2786.13,-69.918
2786.38,-68.728
2786.62,-69.095
2786.87,-65.196
2787.11,-68.359
2787.35,-68.955
2787.60,-69.989
2787.84,-66.946
2788.09,-70.463
2788.33,-70.971
2788.57,-68.337
2788.82,-67.836
2789.06,-65.415
2789.31,-66.902
2789.55,-68.401
2789.79,-69.815
2790.04,-70.286
2790.28,-69.305
2790.53,-65.702
2790.77,-69.292
2791.02,-69.227
2791.26,-71.965
2791.50,-67.171
2791.75,-65.457
2791.99,-65.038
2792.24,-67.156
2792.48,-67.689
2792.72,-69.072
2792.97,-69.754
2793.21,-67.971
2793.46,-68.183
2793.70,-66.615
2793.95,-67.997
2794.19,-67.115
2794.43,-69.114
2794.68,-69.271
2794.92,-69.372
2795.17,-68.782
2795.41,-68.742
2795.65,-68.742
2795.90,-67.528
2796.14,-66.493
2796.39,-69.266
2796.63,-68.995
2796.88,-68.685
2797.12,-67.619
2797.36,-70.063
2797.61,-68.721
2797.85,-66.403
2798.10,-67.510
2798.34,-65.641
2798.58,-65.691
2798.83,-68.184
2799.07,-67.339
2799.32,-65.962
2799.56,-67.909
2799.80,-67.680
2800.05,-68.330
2800.29,-68.099
2800.54,-66.972
2800.78,-65.132
2801.03,-66.996
2801.27,-67.570
2801.51,-66.463
2801.76,-71.110
2802.00,-69.096
2802.25,-68.064
2802.49,-69.463
2802.73,-66.106
2802.98,-64.504
2803.22,-66.558
2803.47,-66.956
2803.71,-69.273
2803.96,-68.592
2804.20,-68.511
2804.44,-67.717
2804.69,-66.020
2804.93,-67.150
2805.18,-67.318
2805.42,-68.352
2805.66,-66.437
2805.91,-65.270
2806.15,-66.930
2806.40,-67.565
2806.64,-67.282
2806.88,-65.531
2807.13,-68.865
2807.37,-68.323
2807.62,-69.468
2807.86,-66.712
2808.11,-67.663
2808.35,-69.338
2808.59,-68.885
2808.84,-68.579
2809.08,-67.019
2809.33,-70.978
2809.57,-66.264
2809.81,-66.250
2810.06,-68.219
2810.30,-66.918
2810.55,-66.673
2810.79,-67.160
2811.04,-66.637
2811.28,-65.267
2811.52,-67.047
2811.77,-66.816
2812.01,-65.545
2812.26,-66.419
2812.50,-67.613
2812.74,-69.263
2812.99,-64.129
2813.23,-67.331
2813.48,-68.352
2813.72,-68.244
2813.96,-67.115
2814.21,-66.874
2814.45,-67.248
2814.70,-68.551
2814.94,-67.138
2815.19,-67.557
2815.43,-65.849
2815.67,-68.557
2815.92,-66.729
2816.16,-64.644
2816.41,-65.186
2816.65,-68.030
2816.89,-68.687
2817.14,-66.326
2817.38,-64.928
2817.63,-67.861
2817.87,-65.301
2818.12,-67.910
2818.36,-65.338
2818.60,-66.994
2818.85,-66.281
2819.09,-66.363
2819.34,-63.807
2819.58,-68.279
2819.82,-65.816
2820.07,-67.275
2820.31,-66.884
2820.56,-65.339
2820.80,-66.130
2821.04,-66.948
2821.29,-66.108
2821.53,-66.782
2821.78,-64.219
2822.02,-66.731
2822.27,-63.742
2822.51,-66.081
2822.75,-65.379
2823.00,-64.405
2823.24,-64.305
2823.49,-66.256
2823.73,-67.157
2823.97,-66.427
2824.22,-64.031
2824.46,-64.143
2824.71,-62.265
2824.95,-64.539
2825.20,-65.645
2825.44,-65.257
2825.68,-65.018
2825.93,-65.247
2826.17,-65.819
2826.42,-63.888
2826.66,-66.748
2826.90,-66.623
2827.15,-66.676
2827.39,-66.818
2827.64,-65.319
2827.88,-63.302
2828.12,-66.345
2828.37,-64.960
2828.61,-65.233
2828.86,-64.599
2829.10,-64.955
2829.35,-65.151
2829.59,-63.443
2829.83,-65.323
2830.08,-66.550
2830.32,-65.548
2830.57,-67.115
2830.81,-65.406
2831.05,-66.536
2831.30,-65.804
2831.54,-64.280
2831.79,-65.142
2832.03,-67.344
2832.28,-64.857
2832.52,-64.076
2832.76,-64.949
2833.01,-66.259
2833.25,-65.147
2833.50,-66.820
2833.74,-64.145
2833.98,-65.648
2834.23,-66.123
2834.47,-63.717
2834.72,-65.302
2834.96,-64.078
2835.21,-63.419
2835.45,-63.035
2835.69,-63.264
2835.94,-64.761
2836.18,-64.634
2836.43,-64.801
2836.67,-64.661
2836.91,-66.403
2837.16,-67.557
2837.40,-64.576
2837.65,-66.315
2837.89,-65.008
2838.13,-64.651
2838.38,-65.613
2838.62,-64.536
2838.87,-64.632
2839.11,-64.496
2839.36,-64.661
2839.60,-63.124
2839.84,-64.395
2840.09,-64.691
2840.33,-66.459
2840.58,-66.308
2840.82,-64.689
2841.06,-65.169
2841.31,-66.542
2841.55,-63.864
2841.80,-65.993
2842.04,-65.219
2842.29,-65.805
2842.53,-63.841
2842.77,-66.195
2843.02,-65.478
2843.26,-65.837
2843.51,-63.366
2843.75,-63.357
2843.99,-64.019
2844.24,-66.765
2844.48,-63.491
2844.73,-64.920
2844.97,-63.473
2845.21,-63.447
2845.46,-65.007
2845.70,-66.238
2845.95,-65.901
2846.19,-65.140
2846.44,-64.434
2846.68,-64.596
2846.92,-64.552
2847.17,-62.111
2847.41,-63.384
2847.66,-63.084
2847.90,-64.372
2848.14,-64.308
2848.39,-64.728
2848.63,-64.473
2848.88,-65.795
2849.12,-65.008
2849.37,-63.998
2849.61,-63.081
2849.85,-65.086
2850.10,-64.667
2850.34,-65.265
2850.59,-62.652
2850.83,-61.812
2851.07,-64.425
2851.32,-64.554
2851.56,-61.848
2851.81,-62.459
2852.05,-64.734
2852.29,-63.976
2852.54,-64.381
2852.78,-66.687
2853.03,-63.179
2853.27,-62.518
2853.52,-63.329
2853.76,-62.624
2854.00,-64.124
2854.25,-66.652
2854.49,-64.286
2854.74,-64.684
2854.98,-64.560
2855.22,-63.706
2855.47,-63.322
2855.71,-62.178
2855.96,-62.274
2856.20,-61.836
2856.45,-62.457
2856.69,-61.977
2856.93,-61.179
2857.18,-62.448
2857.42,-63.599
2857.67,-62.653
2857.91,-61.879
2858.15,-65.716
2858.40,-62.790
2858.64,-63.425
2858.89,-65.478
2859.13,-63.497
2859.38,-63.586
2859.62,-62.594
2859.86,-62.601
2860.11,-62.734
2860.35,-64.965
2860.60,-63.327
2860.84,-64.193
2861.08,-62.313
2861.33,-63.279
2861.57,-64.052
2861.82,-62.590
2862.06,-60.979
2862.30,-61.353
2862.55,-62.931
2862.79,-61.782
2863.04,-61.690
2863.28,-66.219
2863.53,-62.477
2863.77,-60.354
2864.01,-60.629
2864.26,-60.903
2864.50,-63.650
2864.75,-64.557
2864.99,-66.372
2865.23,-62.382
2865.48,-61.857
2865.72,-64.509
2865.97,-60.421
2866.21,-61.513
2866.46,-60.912
2866.70,-59.515
2866.94,-63.080
2867.19,-61.329
2867.43,-63.359
2867.68,-63.320
2867.92,-62.775
2868.16,-65.611
2868.41,-60.854
2868.65,-62.238
2868.90,-62.123
2869.14,-63.756
2869.38,-59.682
2869.63,-62.676
2869.87,-64.556
2870.12,-62.416
2870.36,-61.215
2870.61,-60.222
2870.85,-60.970
2871.09,-59.524
2871.34,-61.666
2871.58,-62.249
2871.83,-59.599
2872.07,-62.821
2872.31,-60.928
2872.56,-63.035
2872.80,-64.388
2873.05,-60.480
2873.29,-61.408
2873.54,-59.927
2873.78,-59.426
2874.02,-59.508
2874.27,-59.679
2874.51,-60.839
2874.76,-61.583
2875.00,-60.879
2875.24,-63.240
2875.49,-62.884
2875.73,-60.966
2875.98,-60.965
2876.22,-60.636
2876.46,-62.065
2876.71,-60.277
2876.95,-63.431
2877.20,-61.090
2877.44,-59.437
2877.69,-59.549
2877.93,-59.475
2878.17,-61.259
2878.42,-58.171
2878.66,-64.174
2878.91,-61.469
2879.15,-62.079
2879.39,-59.218
2879.64,-61.676
2879.88,-60.195
2880.13,-59.439
2880.37,-60.606
2880.62,-59.757
2880.86,-61.581
2881.10,-59.202
2881.35,-58.982
2881.59,-60.045
2881.84,-62.403
2882.08,-61.358
2882.32,-60.880
2882.57,-60.141
2882.81,-60.137
2883.06,-59.839
2883.30,-62.330
2883.54,-61.831
2883.79,-60.626
2884.03,-60.055
2884.28,-59.713
2884.52,-61.515
2884.77,-60.581
2885.01,-60.157
2885.25,-61.070
2885.50,-60.461
2885.74,-62.032
2885.99,-59.701
2886.23,-61.386
2886.47,-61.503
2886.72,-61.398
2886.96,-58.697
2887.21,-60.143
2887.45,-60.984
2887.70,-62.081
2887.94,-61.669
2888.18,-61.886
2888.43,-61.015
2888.67,-60.471
2888.92,-60.418
2889.16,-59.472
2889.40,-61.100
2889.65,-60.233
2889.89,-59.495
2890.14,-60.715
2890.38,-59.687
2890.62,-61.143
2890.87,-57.420
2891.11,-59.527
2891.36,-59.210
2891.60,-62.717
2891.85,-60.060
2892.09,-61.990
2892.33,-61.477
2892.58,-59.274
2892.82,-59.034
2893.07,-58.805
2893.31,-57.460
2893.55,-56.667
2893.80,-59.824
2894.04,-58.007
2894.29,-59.316
2894.53,-57.900
2894.78,-58.147
2895.02,-57.423
2895.26,-56.968
2895.51,-56.736
2895.75,-60.341
2896.00,-59.876
2896.24,-56.777
2896.48,-57.460
2896.73,-57.639
2896.97,-58.757
2897.22,-61.009
2897.46,-59.312
2897.71,-58.661
2897.95,-57.609
2898.19,-60.281
2898.44,-55.474
2898.68,-57.773
2898.93,-59.230
2899.17,-57.452
2899.41,-59.948
2899.66,-60.363
2899.90,-59.291
2900.15,-61.216
2900.39,-60.185
2900.63,-55.839
2900.88,-58.027
2901.12,-56.315
2901.37,-57.375
2901.61,-57.507
2901.86,-57.957
2902.10,-57.225
2902.34,-60.109
2902.59,-57.449
2902.83,-60.143
2903.08,-57.420
2903.32,-58.019
2903.56,-58.260
2903.81,-59.765
2904.05,-57.333
2904.30,-56.670
2904.54,-60.299
2904.79,-59.451
2905.03,-58.410
2905.27,-59.034
2905.52,-57.269
2905.76,-57.051
2906.01,-58.200
2906.25,-59.140
2906.49,-56.967
2906.74,-60.020
2906.98,-57.025
2907.23,-57.197
2907.47,-56.229
2907.71,-57.484
2907.96,-57.420
2908.20,-56.565
2908.45,-56.109
2908.69,-57.916
2908.94,-55.417
2909.18,-57.147
2909.42,-57.498
2909.67,-57.223
2909.91,-56.810
2910.16,-55.226
2910.40,-58.460
2910.64,-58.735
2910.89,-58.609
2911.13,-57.517
2911.38,-58.581
2911.62,-56.403
2911.87,-57.159
2912.11,-57.375
2912.35,-55.457
2912.60,-57.824
2912.84,-57.989
2913.09,-54.616
2913.33,-55.659
2913.57,-55.855
2913.82,-55.302
2914.06,-57.612
2914.31,-58.197
2914.55,-59.008
2914.79,-58.955
2915.04,-57.434
2915.28,-59.664
2915.53,-56.742
2915.77,-56.654
2916.02,-54.464
2916.26,-56.815
2916.50,-55.604
2916.75,-56.161
2916.99,-53.756
2917.24,-56.286
2917.48,-57.064
2917.72,-55.532
2917.97,-53.050
2918.21,-56.150
2918.46,-55.383
2918.70,-56.796
2918.95,-57.350
2919.19,-56.836
2919.43,-55.420
2919.68,-55.896
2919.92,-58.345
2920.17,-57.636
2920.41,-57.066
2920.65,-57.660
2920.90,-54.846
2921.14,-53.868
2921.39,-57.947
2921.63,-55.794
2921.88,-55.686
2922.12,-55.443
2922.36,-56.148
2922.61,-56.326
2922.85,-58.366
2923.10,-57.075
2923.34,-54.957
2923.58,-57.138
2923.83,-55.436
2924.07,-57.287
2924.32,-56.158
2924.56,-56.217
2924.80,-54.950
2925.05,-55.240
2925.29,-55.819
2925.54,-56.068
2925.78,-55.645
2926.03,-52.036
2926.27,-55.633
2926.51,-57.349
2926.76,-56.848
2927.00,-55.752
2927.25,-54.592
2927.49,-52.667
2927.73,-55.062
2927.98,-55.499
2928.22,-54.753
2928.47,-55.172
2928.71,-55.463
2928.96,-57.621
2929.20,-56.057
2929.44,-54.303
2929.69,-53.785
2929.93,-54.079
2930.18,-55.123
2930.42,-52.969
2930.66,-54.631
2930.91,-54.098
2931.15,-53.228
2931.40,-54.754
2931.64,-53.543
2931.88,-54.277
2932.13,-53.961
2932.37,-51.847
2932.62,-52.123
2932.86,-54.717
2933.11,-56.236
2933.35,-53.866
2933.59,-53.504
2933.84,-56.870
2934.08,-57.144
2934.33,-54.224
2934.57,-56.049
2934.81,-56.279
2935.06,-56.472
2935.30,-55.331
2935.55,-54.787
2935.79,-53.851
2936.04,-56.575
2936.28,-54.898
2936.52,-55.339
2936.77,-54.137
2937.01,-55.240
2937.26,-55.073
2937.50,-53.829
2937.74,-53.282
2937.99,-55.222
2938.23,-53.828
2938.48,-54.925
2938.72,-57.239
2938.96,-56.022
2939.21,-54.872
2939.45,-53.886
2939.70,-54.046
2939.94,-53.545
2940.19,-53.577
2940.43,-52.951
2940.67,-55.262
2940.92,-55.999
2941.16,-55.650
2941.41,-53.092
2941.65,-54.232
2941.89,-55.145
2942.14,-56.247
2942.38,-54.831
2942.63,-54.718
2942.87,-52.803
2943.12,-53.345
2943.36,-53.259
2943.60,-56.774
2943.85,-53.097
2944.09,-53.813
2944.34,-54.406
2944.58,-52.547
2944.82,-53.979
2945.07,-51.757
2945.31,-51.512
2945.56,-53.923
2945.80,-52.486
2946.04,-51.447
2946.29,-53.215
2946.53,-52.059
2946.78,-52.280
2947.02,-53.826
2947.27,-53.039
2947.51,-55.022
2947.75,-55.411
2948.00,-52.579
2948.24,-54.469
2948.49,-54.560
2948.73,-52.158
2948.97,-51.942
2949.22,-55.101
2949.46,-54.329
2949.71,-54.891
2949.95,-55.205
2950.20,-54.807
2950.44,-55.746
2950.68,-53.872
2950.93,-52.990
2951.17,-55.887
2951.42,-54.790
2951.66,-55.075
2951.90,-54.666
2952.15,-53.932
2952.39,-55.257
2952.64,-55.686
2952.88,-55.227
2953.12,-53.438
2953.37,-52.679
2953.61,-53.990
2953.86,-56.854
2954.10,-56.874
2954.35,-55.051
2954.59,-55.341
2954.83,-53.633
2955.08,-56.515
2955.32,-53.630
2955.57,-53.394
2955.81,-53.882
2956.05,-54.863
2956.30,-54.230
2956.54,-54.434
2956.79,-54.717
2957.03,-53.616
2957.28,-55.629
2957.52,-57.104
2957.76,-55.905
2958.01,-55.567
2958.25,-56.060
2958.50,-55.086
2958.74,-53.690
2958.98,-53.429
2959.23,-53.952
2959.47,-57.000
2959.72,-55.901
2959.96,-55.950
2960.21,-54.224
2960.45,-53.323
2960.69,-54.385
2960.94,-55.224
2961.18,-54.514
2961.43,-55.937
2961.67,-54.324
2961.91,-54.011
2962.16,-56.194
2962.40,-54.732
2962.65,-53.908
2962.89,-54.170
2963.13,-57.891
2963.38,-56.230
2963.62,-54.159
2963.87,-54.825
2964.11,-54.074
2964.36,-53.634
2964.60,-54.603
2964.84,-54.520
2965.09,-53.546
2965.33,-55.637
2965.58,-53.944
2965.82,-56.198
2966.06,-57.803
2966.31,-54.464
2966.55,-56.318
2966.80,-55.489
2967.04,-55.615
2967.29,-56.371
2967.53,-54.022
2967.77,-56.471
2968.02,-54.783
2968.26,-54.974
2968.51,-53.269
2968.75,-55.373
2968.99,-55.794
2969.24,-55.834
2969.48,-54.696
2969.73,-56.140
2969.97,-56.569
2970.21,-52.992
2970.46,-54.663
2970.70,-57.717
2970.95,-55.513
2971.19,-58.463
2971.44,-53.958
2971.68,-55.062
2971.92,-54.608
2972.17,-54.751
2972.41,-55.349
2972.66,-56.410
2972.90,-57.256
2973.14,-55.713
2973.39,-58.452
2973.63,-55.495
2973.88,-55.136
2974.12,-54.163
2974.37,-56.373
2974.61,-55.782
2974.85,-53.288
2975.10,-55.562
2975.34,-55.113
2975.59,-56.619
2975.83,-55.378
2976.07,-55.631
2976.32,-55.169
2976.56,-57.137
2976.81,-53.802
2977.05,-56.783
2977.29,-57.378
2977.54,-57.757
2977.78,-56.368
2978.03,-56.467
2978.27,-55.787
2978.52,-54.513
2978.76,-55.646
2979.00,-56.106
2979.25,-56.149
2979.49,-54.705
2979.74,-55.342
2979.98,-56.649
2980.22,-56.078
2980.47,-55.530
2980.71,-57.668
2980.96,-55.833
2981.20,-57.744
2981.45,-58.037
2981.69,-57.976
2981.93,-56.927
2982.18,-56.986
2982.42,-57.249
2982.67,-56.194
2982.91,-58.311
2983.15,-60.260
2983.40,-56.112
2983.64,-58.542
2983.89,-55.564
2984.13,-56.778
2984.38,-56.579
2984.62,-58.764
2984.86,-57.485
2985.11,-58.385
2985.35,-54.448
2985.60,-55.936
2985.84,-56.951
2986.08,-57.058
2986.33,-57.095
2986.57,-61.061
2986.82,-57.575
2987.06,-57.155
2987.30,-56.324
2987.55,-56.871
2987.79,-57.581
2988.04,-57.083
2988.28,-56.851
2988.53,-60.528
2988.77,-58.435
2989.01,-57.230
2989.26,-58.699
2989.50,-58.188
2989.75,-59.650
2989.99,-59.450
2990.23,-57.292
2990.48,-56.906
2990.72,-54.862
2990.97,-56.393
2991.21,-56.015
2991.46,-56.657
2991.70,-56.644
2991.94,-56.993
2992.19,-59.191
2992.43,-59.438
2992.68,-58.639
2992.92,-58.101
2993.16,-59.882
2993.41,-53.657
2993.65,-59.995
2993.90,-57.200
2994.14,-59.298
2994.38,-59.878
2994.63,-58.068
2994.87,-55.741
2995.12,-57.431
2995.36,-58.135
2995.61,-57.333
2995.85,-56.727
2996.09,-57.175
2996.34,-56.098
2996.58,-59.319
2996.83,-59.777
2997.07,-58.103
2997.31,-59.252
2997.56,-56.518
2997.80,-58.803
2998.05,-59.145
2998.29,-58.568
2998.54,-57.605
2998.78,-58.550
2999.02,-57.888
2999.27,-57.063
2999.51,-59.756
2999.76,-57.032
3000.00,-58.051
3000.24,-59.783
3000.49,-61.575
3000.73,-57.730
3000.98,-57.890
3001.22,-59.283
3001.46,-60.255
3001.71,-56.549
3001.95,-59.001
3002.20,-56.983
3002.44,-60.175
3002.69,-59.751
3002.93,-59.524
3003.17,-58.808
3003.42,-59.735
3003.66,-57.221
3003.91,-57.657
3004.15,-58.808
3004.39,-60.078
3004.64,-59.676
3004.88,-58.766
3005.13,-56.827
3005.37,-59.650
3005.62,-57.629
3005.86,-57.967
3006.10,-56.328
3006.35,-56.674
3006.59,-59.521
3006.84,-58.755
3007.08,-58.383
3007.32,-59.713
3007.57,-61.534
3007.81,-58.077
3008.06,-58.237
3008.30,-58.738
3008.54,-59.150
3008.79,-58.314
3009.03,-58.183
3009.28,-59.568
3009.52,-58.656
3009.77,-60.481
3010.01,-60.344
3010.25,-59.295
3010.50,-60.069
3010.74,-58.336
3010.99,-56.989
3011.23,-60.656
3011.47,-60.238
3011.72,-56.399
3011.96,-57.264
3012.21,-58.909
3012.45,-61.195
3012.70,-58.421
3012.94,-59.414
3013.18,-61.137
3013.43,-59.712
3013.67,-59.943
3013.92,-62.921
3014.16,-61.630
3014.40,-59.423
3014.65,-58.294
3014.89,-61.534
3015.14,-61.560
3015.38,-60.909
3015.62,-60.821
3015.87,-62.787
3016.11,-60.642
3016.36,-60.490
3016.60,-60.861
3016.85,-59.393
3017.09,-61.584
3017.33,-60.954
3017.58,-60.251
3017.82,-58.383
3018.07,-60.850
3018.31,-61.523
3018.55,-58.989
3018.80,-58.623
3019.04,-58.456
3019.29,-60.162
3019.53,-59.790
3019.78,-58.987
3020.02,-60.979
3020.26,-59.916
3020.51,-62.080
3020.75,-59.574
3021.00,-60.209
3021.24,-61.406
3021.48,-60.074
3021.73,-61.002
3021.97,-58.791
3022.22,-59.777
3022.46,-58.703
3022.71,-62.876
3022.95,-58.337
3023.19,-60.976
3023.44,-59.321
3023.68,-59.595
3023.93,-59.697
3024.17,-58.846
3024.41,-60.543
3024.66,-60.130
3024.90,-62.321
3025.15,-63.166
3025.39,-59.750
3025.63,-63.279
3025.88,-61.853
3026.12,-62.505
3026.37,-60.223
3026.61,-62.343
3026.86,-58.024
3027.10,-59.830
3027.34,-60.147
3027.59,-61.915
3027.83,-62.956
3028.08,-60.477
3028.32,-60.651
3028.56,-59.091
3028.81,-61.288
3029.05,-59.829
3029.30,-60.158
3029.54,-61.893
3029.79,-58.805
3030.03,-61.209
3030.27,-60.524
3030.52,-62.808
3030.76,-59.925
3031.01,-62.876
3031.25,-63.017
3031.49,-61.158
3031.74,-60.503
3031.98,-62.159
3032.23,-62.018
3032.47,-62.809
3032.71,-63.129
3032.96,-62.228
3033.20,-60.376
3033.45,-60.700
3033.69,-62.532
3033.94,-60.090
3034.18,-59.974
3034.42,-61.802
3034.67,-60.027
3034.91,-62.961
3035.16,-61.058
3035.40,-60.596
3035.64,-60.406
3035.89,-62.103
3036.13,-60.639
3036.38,-61.284
3036.62,-62.501
3036.87,-63.458
3037.11,-61.743
3037.35,-62.854
3037.60,-62.672
3037.84,-62.274
3038.09,-61.952
3038.33,-62.064
3038.57,-64.376
3038.82,-61.386
3039.06,-62.623
3039.31,-60.401
3039.55,-60.678
3039.79,-61.032
3040.04,-59.723
3040.28,-62.894
3040.53,-61.079
3040.77,-60.849
3041.02,-60.226
3041.26,-62.473
3041.50,-62.572
3041.75,-61.977
3041.99,-59.780
3042.24,-59.931
3042.48,-61.447
3042.72,-63.936
3042.97,-63.359
3043.21,-62.375
3043.46,-63.019
3043.70,-62.748
3043.95,-60.989
3044.19,-62.171
3044.43,-60.279
3044.68,-59.464
3044.92,-60.687
3045.17,-60.594
3045.41,-63.346
3045.65,-61.377
3045.90,-61.842
3046.14,-61.925
3046.39,-62.420
3046.63,-60.629
3046.88,-60.041
3047.12,-63.477
3047.36,-61.267
3047.61,-62.131
3047.85,-61.468
3048.10,-58.466
3048.34,-60.857
3048.58,-61.246
3048.83,-62.559
3049.07,-62.575
3049.32,-64.122
3049.56,-62.378
3049.80,-60.989
3050.05,-62.058
3050.29,-63.768
3050.54,-63.611
3050.78,-61.960
3051.03,-60.747
3051.27,-63.797
3051.51,-63.156
3051.76,-61.618
3052.00,-60.650
3052.25,-61.765
3052.49,-63.971
3052.73,-62.286
3052.98,-62.236
3053.22,-62.655
3053.47,-61.059
3053.71,-64.310
3053.96,-63.869
3054.20,-66.226
3054.44,-62.478
3054.69,-63.931
3054.93,-61.283
3055.18,-65.856
3055.42,-63.317
3055.66,-64.973
3055.91,-63.973
3056.15,-63.792
3056.40,-62.063
3056.64,-63.381
3056.88,-65.589
3057.13,-62.614
3057.37,-64.607
3057.62,-64.173
3057.86,-62.886
3058.11,-63.000
3058.35,-65.210
3058.59,-64.113
3058.84,-61.915
3059.08,-63.346
3059.33,-61.396
3059.57,-63.004
3059.81,-65.227
3060.06,-63.511
3060.30,-65.083
3060.55,-62.343
3060.79,-61.222
3061.04,-64.449
3061.28,-63.443
3061.52,-63.281
3061.77,-62.846
3062.01,-65.021
3062.26,-65.274
3062.50,-64.238
3062.74,-65.443
3062.99,-62.948
3063.23,-63.757
3063.48,-61.763
3063.72,-62.343
3063.96,-63.749
3064.21,-62.239
3064.45,-62.035
3064.70,-64.465
3064.94,-62.211
3065.19,-62.893
3065.43,-63.585
3065.67,-67.833
3065.92,-64.771
3066.16,-65.809
3066.41,-64.462
3066.65,-61.344
3066.89,-63.220
3067.14,-64.176
3067.38,-64.003
3067.63,-63.266
3067.87,-64.091
3068.12,-65.201
3068.36,-62.419
3068.60,-62.958
3068.85,-64.918
3069.09,-63.046
3069.34,-65.495
3069.58,-63.424
3069.82,-65.065
3070.07,-65.866
3070.31,-65.193
3070.56,-65.415
3070.80,-63.905
3071.04,-65.617
3071.29,-63.963
3071.53,-64.162
3071.78,-65.992
3072.02,-63.939
3072.27,-65.498
3072.51,-65.952
3072.75,-65.896
3073.00,-65.498
3073.24,-66.145
3073.49,-64.290
3073.73,-66.638
3073.97,-64.121
3074.22,-64.833
3074.46,-65.377
3074.71,-65.033
3074.95,-63.678
3075.20,-64.648
3075.44,-63.983
3075.68,-62.182
3075.93,-63.010
3076.17,-62.590
3076.42,-62.374
3076.66,-62.895
3076.90,-64.167
3077.15,-63.029
3077.39,-61.507
3077.64,-66.179
3077.88,-64.474
3078.12,-63.605
3078.37,-64.157
3078.61,-61.296
3078.86,-65.791
3079.10,-64.205
3079.35,-64.737
3079.59,-65.552
3079.83,-63.618
3080.08,-63.514
3080.32,-62.785
3080.57,-61.990
3080.81,-64.762
3081.05,-64.217
3081.30,-63.863
3081.54,-62.100
3081.79,-63.296
3082.03,-64.223
3082.28,-64.694
3082.52,-65.320
3082.76,-63.225
3083.01,-63.497
3083.25,-62.153
3083.50,-63.749
3083.74,-63.759
3083.98,-64.043
3084.23,-64.748
3084.47,-64.870
3084.72,-65.430
3084.96,-66.157
3085.21,-64.536
3085.45,-63.380
3085.69,-63.991
3085.94,-64.985
3086.18,-64.167
3086.43,-64.244
3086.67,-65.956
3086.91,-63.538
3087.16,-64.226
3087.40,-65.364
3087.65,-65.252
3087.89,-63.933
3088.13,-64.632
3088.38,-66.075
3088.62,-67.453
3088.87,-64.702
3089.11,-63.844
3089.36,-66.670
3089.60,-67.289
3089.84,-66.067
3090.09,-65.164
3090.33,-64.794
3090.58,-63.812
3090.82,-68.827
3091.06,-65.777
3091.31,-65.766
3091.55,-64.690
3091.80,-65.980
3092.04,-66.017
3092.29,-63.414
3092.53,-66.310
3092.77,-63.202
3093.02,-64.489
3093.26,-68.508
3093.51,-65.156
3093.75,-62.637
3093.99,-62.315
3094.24,-63.950
3094.48,-64.123
3094.73,-65.759
3094.97,-66.799
3095.21,-66.145
3095.46,-66.901
3095.70,-67.269
3095.95,-64.342
3096.19,-65.202
3096.44,-64.654
3096.68,-67.670
3096.92,-64.692
3097.17,-67.319
3097.41,-66.000
3097.66,-67.151
3097.90,-66.658
3098.14,-65.506
3098.39,-65.826
3098.63,-64.824
3098.88,-67.644
3099.12,-64.870
3099.37,-64.488
3099.61,-63.917
3099.85,-64.517
3100.10,-66.417
3100.34,-63.201
3100.59,-64.006
3100.83,-65.601
3101.07,-66.493
3101.32,-64.795
3101.56,-66.963
3101.81,-67.599
3102.05,-64.076
3102.29,-63.603
3102.54,-64.743
3102.78,-68.543
3103.03,-65.739
3103.27,-63.544
3103.52,-66.247
3103.76,-67.143
3104.00,-67.043
3104.25,-68.044
3104.49,-66.138
3104.74,-65.771
3104.98,-67.498
3105.22,-65.830
3105.47,-67.410
3105.71,-66.567
3105.96,-65.327
3106.20,-65.505
3106.45,-63.742
3106.69,-66.511
3106.93,-66.051
3107.18,-66.081
3107.42,-65.408
3107.67,-66.640
3107.91,-65.719
3108.15,-65.483
3108.40,-66.034
3108.64,-65.418
3108.89,-65.189
3109.13,-67.357
3109.38,-67.610
3109.62,-69.016
3109.86,-65.678
3110.11,-66.013
3110.35,-66.156
3110.60,-64.669
3110.84,-65.141
3111.08,-66.126
3111.33,-67.495
3111.57,-66.201
3111.82,-65.118
3112.06,-67.440
3112.30,-65.193
3112.55,-68.345
3112.79,-66.408
3113.04,-64.059
3113.28,-66.432
3113.53,-67.050
3113.77,-66.488
3114.01,-66.722
3114.26,-64.841
3114.50,-66.353
3114.75,-67.018
3114.99,-66.635
3115.23,-66.744
3115.48,-67.006
3115.72,-65.920
3115.97,-66.500
3116.21,-66.521
3116.46,-65.541
3116.70,-65.589
3116.94,-64.773
3117.19,-67.543
3117.43,-68.230
3117.68,-68.231
3117.92,-68.521
3118.16,-65.510
3118.41,-66.685
3118.65,-68.300
3118.90,-67.846
3119.14,-66.040
3119.38,-68.452
3119.63,-67.209
3119.87,-64.895
3120.12,-67.849
3120.36,-65.506
3120.61,-65.786
3120.85,-67.752
3121.09,-67.013
3121.34,-65.222
3121.58,-64.103
3121.83,-65.005
3122.07,-64.179
3122.31,-66.192
3122.56,-65.202
3122.80,-66.490
3123.05,-64.794
3123.29,-65.426
3123.54,-66.172
3123.78,-65.046
3124.02,-65.978
3124.27,-66.166
3124.51,-65.858
3124.76,-64.802
3125.00,-66.510
3125.24,-65.838
3125.49,-64.185
3125.73,-66.539
3125.98,-68.314
3126.22,-68.060
3126.46,-67.559
3126.71,-67.621
3126.95,-67.837
3127.20,-64.891
3127.44,-69.200
3127.69,-68.471
3127.93,-65.377
3128.17,-68.832
3128.42,-67.963
3128.66,-66.111
3128.91,-68.925
3129.15,-68.750
3129.39,-69.291
3129.64,-67.492
3129.88,-70.308
3130.13,-67.041
3130.37,-68.402
3130.62,-67.912
3130.86,-69.043
3131.10,-70.546
3131.35,-68.112
3131.59,-66.819
3131.84,-67.044
3132.08,-67.219
3132.32,-66.686
3132.57,-68.212
3132.81,-68.046
3133.06,-64.213
3133.30,-66.653
3133.54,-69.068
3133.79,-68.885
3134.03,-66.290
3134.28,-67.413
3134.52,-66.780
3134.77,-66.741
3135.01,-66.036
3135.25,-66.387
3135.50,-66.602
3135.74,-65.082
3135.99,-65.357
3136.23,-68.426
3136.47,-68.130
3136.72,-66.476
3136.96,-63.970
3137.21,-66.969
3137.45,-68.221
3137.70,-67.991
3137.94,-67.990
3138.18,-65.229
3138.43,-68.494
3138.67,-66.758
3138.92,-69.700
3139.16,-67.375
3139.40,-67.915
3139.65,-66.767
3139.89,-65.876
3140.14,-71.038
3140.38,-68.318
3140.62,-66.391
3140.87,-66.974
3141.11,-66.358
3141.36,-66.907
3141.60,-67.611
3141.85,-67.211
3142.09,-65.407
3142.33,-66.673
3142.58,-69.292
3142.82,-67.018
3143.07,-68.856
3143.31,-67.410
3143.55,-67.069
3143.80,-67.834
3144.04,-65.438
3144.29,-67.283
3144.53,-68.012
3144.78,-69.177
3145.02,-66.556
3145.26,-66.835
3145.51,-66.336
3145.75,-68.982
3146.00,-67.877
3146.24,-69.564
3146.48,-70.946
3146.73,-67.835
3146.97,-68.301
3147.22,-68.613
3147.46,-68.832
3147.71,-67.744
3147.95,-67.478
3148.19,-67.087
3148.44,-67.622
3148.68,-68.559
3148.93,-68.564
3149.17,-69.200
3149.41,-69.292
3149.66,-65.491
3149.90,-66.974
3150.15,-67.097
3150.39,-69.118
3150.63,-69.319
3150.88,-66.012
3151.12,-68.403
3151.37,-66.562
3151.61,-68.455
3151.86,-67.781
3152.10,-67.678
3152.34,-66.830
3152.59,-68.123
3152.83,-66.894
3153.08,-68.098
3153.32,-68.379
3153.56,-67.094
3153.81,-68.291
3154.05,-65.524
3154.30,-66.044
3154.54,-65.393
3154.79,-67.398
3155.03,-66.549
3155.27,-66.121
3155.52,-67.735
3155.76,-69.318
3156.01,-69.615
3156.25,-67.657
3156.49,-67.128
3156.74,-67.990
3156.98,-67.493
3157.23,-67.534
3157.47,-66.139
3157.71,-67.384
3157.96,-67.742
3158.20,-66.183
3158.45,-68.058
3158.69,-67.035
3158.94,-69.631
3159.18,-67.244
3159.42,-68.340
3159.67,-68.784
3159.91,-71.396
3160.16,-69.464
3160.40,-68.694
3160.64,-69.586
3160.89,-69.789
3161.13,-69.728
3161.38,-69.431
3161.62,-66.051
3161.87,-69.880
3162.11,-69.931
3162.35,-68.878
3162.60,-68.718
3162.84,-70.362
3163.09,-69.007
3163.33,-68.187
3163.57,-66.745
3163.82,-66.126
3164.06,-68.803
3164.31,-67.860
3164.55,-68.969
3164.79,-70.785
3165.04,-70.026
3165.28,-71.605
3165.53,-71.345
3165.77,-68.846
3166.02,-67.549
3166.26,-67.662
3166.50,-68.392
3166.75,-68.854
3166.99,-69.800
3167.24,-69.760
3167.48,-68.905
3167.72,-69.370
3167.97,-69.907
3168.21,-69.474
3168.46,-69.637
3168.70,-68.545
3168.95,-69.141
3169.19,-68.702
3169.43,-70.641
3169.68,-67.816
3169.92,-69.425
3170.17,-69.426
3170.41,-69.108
3170.65,-70.871
3170.90,-68.383
3171.14,-67.413
3171.39,-67.474
3171.63,-66.986
3171.88,-68.820
3172.12,-67.475
3172.36,-67.033
3172.61,-68.883
3172.85,-69.233
3173.10,-68.354
3173.34,-65.903
3173.58,-67.778
3173.83,-68.934
3174.07,-70.306
3174.32,-66.213
3174.56,-69.271
3174.80,-66.954
3175.05,-69.073
3175.29,-68.762
3175.54,-67.166
3175.78,-67.752
3176.03,-70.116
3176.27,-68.041
3176.51,-69.022
3176.76,-67.206
3177.00,-67.467
3177.25,-68.092
3177.49,-68.679
3177.73,-68.432
3177.98,-68.744
3178.22,-70.097
3178.47,-68.581
3178.71,-69.197
3178.96,-70.263
3179.20,-66.758
3179.44,-66.998
3179.69,-66.554
3179.93,-68.868
3180.18,-70.448
3180.42,-67.933
3180.66,-69.362
3180.91,-71.412
3181.15,-70.537
3181.40,-71.790
3181.64,-70.793
3181.88,-70.578
3182.13,-68.670
3182.37,-70.334
3182.62,-70.165
3182.86,-69.382
3183.11,-68.553
3183.35,-71.851
3183.59,-67.943
3183.84,-70.969
3184.08,-67.431
3184.33,-68.582
3184.57,-68.394
3184.81,-70.045
3185.06,-69.178
3185.30,-69.232
3185.55,-71.589
3185.79,-71.319
3186.04,-69.243
3186.28,-68.274
3186.52,-68.932
3186.77,-67.502
3187.01,-69.799
3187.26,-69.949
3187.50,-66.581
3187.74,-71.602
3187.99,-67.893
3188.23,-67.745
3188.48,-71.937
3188.72,-70.757
3188.96,-69.372
3189.21,-68.775
3189.45,-69.079
3189.70,-70.015
3189.94,-68.450
3190.19,-68.524
3190.43,-69.153
3190.67,-72.768
3190.92,-70.816
3191.16,-71.298
3191.41,-69.621
3191.65,-67.309
3191.89,-73.304
3192.14,-71.086
3192.38,-69.318
3192.63,-70.252
3192.87,-70.947
3193.12,-69.732
3193.36,-70.420
3193.60,-69.306
3193.85,-69.011
3194.09,-73.087
3194.34,-68.741
3194.58,-69.969
3194.82,-69.926
3195.07,-69.488
3195.31,-70.055
3195.56,-70.768
3195.80,-69.532
3196.04,-68.715
3196.29,-68.084
3196.53,-70.459
3196.78,-70.323
3197.02,-71.889
3197.27,-68.695
3197.51,-72.826
3197.75,-68.509
3198.00,-70.329
3198.24,-71.750
3198.49,-69.920
3198.73,-68.515
3198.97,-70.931
3199.22,-71.533
3199.46,-69.239
3199.71,-70.438
3199.95,-73.799
3200.20,-70.860
3200.44,-70.719
3200.68,-68.152
3200.93,-70.633
3201.17,-70.366
3201.42,-68.156
3201.66,-71.973
3201.90,-71.632
3202.15,-69.629
3202.39,-69.232
3202.64,-71.448
3202.88,-71.288
3203.12,-70.383
3203.37,-73.665
3203.61,-68.922
3203.86,-69.560
3204.10,-68.560
3204.35,-69.652
3204.59,-72.544
3204.83,-70.274
3205.08,-72.709
3205.32,-70.388
3205.57,-68.919
3205.81,-69.432
3206.05,-71.161
3206.30,-68.405
3206.54,-70.006
3206.79,-71.993
3207.03,-71.117
3207.28,-69.118
3207.52,-69.033
3207.76,-70.496
3208.01,-73.263
3208.25,-71.497
3208.50,-70.605
3208.74,-69.514
3208.98,-70.642
3209.23,-72.627
3209.47,-70.268
3209.72,-72.214
3209.96,-72.315
3210.21,-70.204
3210.45,-71.549
3210.69,-69.871
3210.94,-70.031
3211.18,-70.465
3211.43,-70.244
3211.67,-68.974
3211.91,-70.333
3212.16,-70.159
3212.40,-69.356
3212.65,-71.731
3212.89,-69.392
3213.13,-68.799
3213.38,-70.470
3213.62,-71.244
3213.87,-69.692
3214.11,-69.755
3214.36,-70.632
3214.60,-71.775
3214.84,-72.558
3215.09,-70.792
3215.33,-69.133
3215.58,-70.784
3215.82,-72.405
3216.06,-70.893
3216.31,-71.664
3216.55,-70.463
3216.80,-70.322
3217.04,-69.356
3217.29,-73.281
3217.53,-72.302
3217.77,-71.053
3218.02,-69.347
3218.26,-71.551
3218.51,-73.626
3218.75,-70.004
3218.99,-70.793
3219.24,-70.308
3219.48,-73.766
3219.73,-70.988
3219.97,-70.373
3220.21,-69.789
3220.46,-71.307
3220.70,-71.997
3220.95,-70.641
3221.19,-71.852
3221.44,-69.940
3221.68,-71.192
3221.92,-70.306
3222.17,-70.412
3222.41,-70.753
3222.66,-68.604
3222.90,-70.073
3223.14,-71.539
3223.39,-71.930
3223.63,-70.867
3223.88,-70.215
3224.12,-71.542
3224.37,-71.734
3224.61,-73.070
3224.85,-72.496
3225.10,-70.378
3225.34,-69.145
3225.59,-71.711
3225.83,-70.424
3226.07,-69.466
3226.32,-72.223
3226.56,-72.735
3226.81,-70.807
3227.05,-70.950
3227.29,-70.231
3227.54,-72.340
3227.78,-69.715
3228.03,-71.894
3228.27,-73.032
3228.52,-71.601
3228.76,-69.226
3229.00,-71.534
3229.25,-70.442
3229.49,-68.388
3229.74,-70.238
3229.98,-71.997
3230.22,-69.809
3230.47,-69.772
3230.71,-72.389
3230.96,-71.798
3231.20,-73.617
3231.45,-71.532
3231.69,-70.214
3231.93,-71.698
3232.18,-71.847
3232.42,-71.423
3232.67,-72.974
3232.91,-71.092
3233.15,-71.556
3233.40,-72.720
3233.64,-72.379
3233.89,-72.329
3234.13,-72.588
3234.38,-71.052
3234.62,-72.285
3234.86,-71.860
3235.11,-69.735
3235.35,-68.819
3235.60,-71.864
3235.84,-69.178
3236.08,-70.237
3236.33,-73.113
3236.57,-70.939
3236.82,-69.021
3237.06,-70.267
3237.30,-70.984
3237.55,-70.700
3237.79,-73.136
3238.04,-71.166
3238.28,-73.354
3238.53,-69.834
3238.77,-70.586
3239.01,-71.241
3239.26,-68.856
3239.50,-73.288
3239.75,-72.021
3239.99,-70.839
3240.23,-70.053
3240.48,-72.579
3240.72,-71.318
3240.97,-70.916
3241.21,-69.869
3241.46,-68.968
3241.70,-69.517
3241.94,-69.000
3242.19,-73.066
3242.43,-73.279
3242.68,-71.550
3242.92,-70.205
3243.16,-70.631
3243.41,-72.043
3243.65,-73.025
3243.90,-71.273
3244.14,-69.815
3244.38,-71.283
3244.63,-71.353
3244.87,-71.923
3245.12,-71.917
3245.36,-71.770
3245.61,-72.491
3245.85,-69.635
3246.09,-71.803
3246.34,-71.358
3246.58,-70.004
3246.83,-70.743
3247.07,-70.670
3247.31,-69.863
3247.56,-71.927
3247.80,-73.723
3248.05,-72.597
3248.29,-71.545
3248.54,-72.862
3248.78,-72.648
3249.02,-73.795
3249.27,-72.637
3249.51,-72.681
3249.76,-71.029
3250.00,-69.088
3250.24,-70.889
3250.49,-74.401
3250.73,-72.656
3250.98,-72.153
3251.22,-71.462
3251.46,-71.257
3251.71,-70.761
3251.95,-72.099
3252.20,-71.526
3252.44,-72.149
3252.69,-72.249
3252.93,-72.606
3253.17,-72.448
3253.42,-71.757
3253.66,-71.216
3253.91,-70.518
3254.15,-71.826
3254.39,-74.514
3254.64,-72.261
3254.88,-72.867
3255.13,-72.594
3255.37,-73.386
3255.62,-72.756
3255.86,-71.581
3256.10,-71.919
3256.35,-72.926
3256.59,-71.727
3256.84,-72.520
3257.08,-73.179
3257.32,-71.935
3257.57,-73.242
3257.81,-75.361
3258.06,-71.080
3258.30,-73.836
3258.54,-74.063
3258.79,-72.800
3259.03,-72.908
3259.28,-73.641
3259.52,-75.479
3259.77,-70.518
3260.01,-70.108
3260.25,-70.215
3260.50,-71.799
3260.74,-71.956
3260.99,-71.940
3261.23,-72.567
3261.47,-71.746
3261.72,-72.792
3261.96,-69.643
3262.21,-72.977
3262.45,-71.758
3262.70,-73.796
3262.94,-72.353
3263.18,-71.959
3263.43,-70.392
3263.67,-71.008
3263.92,-71.836
3264.16,-72.219
3264.40,-71.655
3264.65,-73.214
3264.89,-72.099
3265.14,-71.530
3265.38,-73.477
3265.62,-72.330
3265.87,-71.858
3266.11,-71.680
3266.36,-73.384
3266.60,-72.743
3266.85,-73.076
3267.09,-71.165
3267.33,-72.561
3267.58,-72.420
3267.82,-71.598
3268.07,-72.100
3268.31,-74.245
3268.55,-70.319
3268.80,-75.569
3269.04,-74.001
3269.29,-73.574
3269.53,-73.853
3269.78,-72.687
3270.02,-72.979
3270.26,-74.445
3270.51,-73.127
3270.75,-71.043
3271.00,-70.876
3271.24,-72.449
3271.48,-72.458
3271.73,-73.650
3271.97,-73.800
3272.22,-73.725
3272.46,-72.865
3272.71,-72.106
3272.95,-71.717
3273.19,-70.944
3273.44,-71.873
3273.68,-70.590
3273.93,-71.157
3274.17,-72.663
3274.41,-72.164
3274.66,-72.555
3274.90,-71.393
3275.15,-72.984
3275.39,-73.967
3275.63,-72.942
3275.88,-73.829
3276.12,-71.523
3276.37,-71.462
3276.61,-72.830
3276.86,-69.800
3277.10,-71.500
3277.34,-73.715
3277.59,-73.640
3277.83,-73.373
3278.08,-72.425
3278.32,-71.841
3278.56,-74.343
3278.81,-73.656
3279.05,-71.759
3279.30,-74.634
3279.54,-74.105
3279.79,-73.325
3280.03,-74.912
3280.27,-74.102
3280.52,-71.058
3280.76,-71.288
3281.01,-74.342
3281.25,-72.705
3281.49,-74.096
3281.74,-74.445
3281.98,-73.710
3282.23,-76.797
3282.47,-74.217
3282.71,-73.560
3282.96,-73.909
3283.20,-71.587
3283.45,-74.740
3283.69,-74.486
3283.94,-73.209
3284.18,-73.331
3284.42,-71.718
3284.67,-76.058
3284.91,-72.800
3285.16,-71.872
3285.40,-76.032
3285.64,-74.703
3285.89,-75.301
3286.13,-75.285
3286.38,-73.528
3286.62,-73.995
3286.87,-73.222
3287.11,-72.955
3287.35,-73.300
3287.60,-74.026
3287.84,-73.791
3288.09,-73.266
3288.33,-75.081
3288.57,-73.949
3288.82,-72.438
3289.06,-75.751
3289.31,-73.813
3289.55,-70.435
3289.79,-73.161
3290.04,-74.720
3290.28,-73.737
3290.53,-70.134
3290.77,-74.251
3291.02,-72.703
3291.26,-72.026
3291.50,-73.263
3291.75,-71.601
3291.99,-72.881
3292.24,-73.280
3292.48,-76.001
3292.72,-72.806
3292.97,-74.780
3293.21,-73.415
3293.46,-74.220
3293.70,-74.142
3293.95,-72.966
3294.19,-75.436
3294.43,-76.303
3294.68,-74.083
3294.92,-73.178
3295.17,-74.659
3295.41,-73.904
3295.65,-75.045
3295.90,-76.278
3296.14,-73.312
3296.39,-74.146
3296.63,-73.791
3296.88,-74.704
3297.12,-72.820
3297.36,-73.506
3297.61,-74.722
3297.85,-75.007
3298.10,-74.317
3298.34,-74.088
3298.58,-72.946
3298.83,-75.691
3299.07,-75.717
3299.32,-74.018
3299.56,-72.535
3299.80,-71.904
3300.05,-75.120
3300.29,-75.007
3300.54,-72.312
3300.78,-73.934
3301.03,-72.369
3301.27,-75.295
3301.51,-75.492
3301.76,-74.868
3302.00,-73.022
3302.25,-73.064
3302.49,-76.381
3302.73,-72.608
3302.98,-75.720
3303.22,-74.126
3303.47,-74.212
3303.71,-72.885
3303.96,-72.796
3304.20,-75.864
3304.44,-73.580
3304.69,-75.139
3304.93,-75.055
3305.18,-73.963
3305.42,-72.783
3305.66,-74.131
3305.91,-71.412
3306.15,-73.567
3306.40,-75.203
3306.64,-75.182
3306.88,-74.713
3307.13,-74.100
3307.37,-71.390
3307.62,-73.716
3307.86,-74.002
3308.11,-72.942
3308.35,-73.123
3308.59,-74.563
3308.84,-73.446
3309.08,-73.716
3309.33,-74.760
3309.57,-74.689
3309.81,-75.230
3310.06,-76.270
3310.30,-74.830
3310.55,-75.449
3310.79,-77.196
3311.04,-74.542
3311.28,-75.078
3311.52,-71.859
3311.77,-72.877
3312.01,-73.056
3312.26,-75.355
3312.50,-71.644
3312.74,-74.219
3312.99,-74.654
3313.23,-73.999
3313.48,-74.210
3313.72,-73.633
3313.96,-75.889
3314.21,-74.891
3314.45,-74.195
3314.70,-74.892
3314.94,-74.160
3315.19,-72.374
3315.43,-74.942
3315.67,-74.826
3315.92,-76.076
3316.16,-74.422
3316.41,-72.721
3316.65,-77.005
3316.89,-76.467
3317.14,-74.354
3317.38,-76.026
3317.63,-76.983
3317.87,-74.413
3318.12,-75.105
3318.36,-74.922
3318.60,-75.104
3318.85,-74.118
3319.09,-74.391
3319.34,-75.474
3319.58,-74.201
3319.82,-76.048
3320.07,-75.294
3320.31,-73.841
3320.56,-74.898
3320.80,-73.553
3321.04,-76.662
3321.29,-77.010
3321.53,-77.076
3321.78,-76.360
3322.02,-74.522
3322.27,-74.960
3322.51,-72.286
3322.75,-74.633
3323.00,-78.117
3323.24,-74.352
3323.49,-74.902
3323.73,-73.646
3323.97,-72.685
3324.22,-76.568
3324.46,-73.837
3324.71,-75.012
3324.95,-74.370
3325.20,-73.339
3325.44,-74.083
3325.68,-75.900
3325.93,-76.101
3326.17,-74.374
3326.42,-73.091
3326.66,-77.837
3326.90,-73.253
3327.15,-75.709
3327.39,-74.168
3327.64,-73.784
3327.88,-76.601
3328.12,-72.994
3328.37,-75.628
3328.61,-74.058
3328.86,-73.605
3329.10,-76.110
3329.35,-75.449
3329.59,-73.357
3329.83,-72.010
3330.08,-76.424
3330.32,-76.645
3330.57,-76.455
3330.81,-73.005
3331.05,-76.502
3331.30,-75.845
3331.54,-78.174
3331.79,-74.227
3332.03,-74.655
3332.28,-74.290
3332.52,-77.940
3332.76,-78.651
3333.01,-77.278
3333.25,-76.096
3333.50,-74.647
3333.74,-76.219
3333.98,-76.640
3334.23,-74.979
3334.47,-76.022
3334.72,-74.076
3334.96,-76.812
3335.21,-73.690
3335.45,-73.018
3335.69,-74.211
3335.94,-75.757
3336.18,-77.458
3336.43,-76.319
3336.67,-74.195
3336.91,-73.595
3337.16,-73.575
3337.40,-73.961
3337.65,-74.709
3337.89,-75.180
3338.13,-74.236
3338.38,-74.925
3338.62,-74.452
3338.87,-75.787
3339.11,-78.595
3339.36,-75.434
3339.60,-75.568
3339.84,-75.458
3340.09,-76.384
3340.33,-75.676
3340.58,-73.516
3340.82,-75.659
3341.06,-76.633
3341.31,-75.301
3341.55,-74.562
3341.80,-74.174
3342.04,-76.590
3342.29,-74.308
3342.53,-74.997
3342.77,-74.741
3343.02,-73.594
3343.26,-77.243
3343.51,-73.842
3343.75,-77.106
3343.99,-76.010
3344.24,-77.273
3344.48,-74.866
3344.73,-77.386
3344.97,-77.589
3345.21,-76.539
3345.46,-75.095
3345.70,-76.560
3345.95,-78.308
3346.19,-76.164
3346.44,-75.933
3346.68,-75.595
3346.92,-75.474
3347.17,-75.984
3347.41,-74.940
3347.66,-74.928
3347.90,-75.486
3348.14,-77.117
3348.39,-73.358
3348.63,-74.925
3348.88,-77.692
3349.12,-77.470
3349.37,-77.522
3349.61,-75.838
3349.85,-77.386
3350.10,-75.253
3350.34,-76.618
3350.59,-76.303
3350.83,-76.310
3351.07,-76.466
3351.32,-75.678
3351.56,-76.945
3351.81,-74.467
3352.05,-76.594
3352.29,-77.907
3352.54,-76.109
3352.78,-77.867
3353.03,-75.858
3353.27,-75.276
3353.52,-77.627
3353.76,-74.907
3354.00,-77.545
3354.25,-76.179
3354.49,-78.207
3354.74,-77.052
3354.98,-77.171
3355.22,-76.275
3355.47,-76.469
3355.71,-76.733
3355.96,-75.654
3356.20,-77.461
3356.45,-76.515
3356.69,-74.961
3356.93,-76.982
3357.18,-79.025
3357.42,-78.111
3357.67,-80.080
3357.91,-76.903
3358.15,-78.275
3358.40,-76.593
3358.64,-76.500
3358.89,-77.389
3359.13,-73.776
3359.38,-75.401
3359.62,-76.577
3359.86,-76.490
3360.11,-76.045
3360.35,-74.921
3360.60,-76.110
3360.84,-75.239
3361.08,-77.554
3361.33,-74.638
3361.57,-76.810
3361.82,-78.881
3362.06,-81.266
3362.30,-74.600
3362.55,-78.451
3362.79,-77.402
3363.04,-77.894
3363.28,-74.457
3363.53,-77.374
3363.77,-78.837
3364.01,-74.248
3364.26,-77.944
3364.50,-78.369
3364.75,-76.419
3364.99,-77.174
3365.23,-78.070
3365.48,-76.178
3365.72,-77.065
3365.97,-76.642
3366.21,-76.543
3366.46,-77.429
3366.70,-76.490
3366.94,-75.303
3367.19,-78.449
3367.43,-74.874
3367.68,-74.294
3367.92,-77.664
3368.16,-75.878
3368.41,-74.177
3368.65,-75.410
3368.90,-76.136
3369.14,-74.582
3369.38,-76.873
3369.63,-77.123
3369.87,-75.819
3370.12,-76.470
3370.36,-75.859
3370.61,-77.660
3370.85,-75.354
3371.09,-76.790
3371.34,-77.443
3371.58,-76.967
3371.83,-75.501
3372.07,-75.115
3372.31,-76.323
3372.56,-78.805
3372.80,-78.203
3373.05,-75.838
3373.29,-76.859
3373.54,-79.064
3373.78,-78.497
3374.02,-77.802
3374.27,-77.638
3374.51,-77.744
3374.76,-77.847
3375.00,-76.673
3375.24,-76.562
3375.49,-75.831
3375.73,-76.578
3375.98,-77.966
3376.22,-76.197
3376.46,-78.820
3376.71,-76.230
3376.95,-76.756
3377.20,-75.941
3377.44,-77.750
3377.69,-78.336
3377.93,-77.929
3378.17,-74.559
3378.42,-78.077
3378.66,-76.950
3378.91,-78.575
3379.15,-76.601
3379.39,-75.799
3379.64,-77.227
3379.88,-77.339
3380.13,-75.362
3380.37,-74.123
3380.62,-74.642
3380.86,-76.526
3381.10,-75.632
3381.35,-75.089
3381.59,-76.481
3381.84,-79.877
3382.08,-76.604
3382.32,-76.704
3382.57,-77.270
3382.81,-76.967
3383.06,-75.294
3383.30,-78.895
3383.54,-78.185
3383.79,-77.575
3384.03,-79.144
3384.28,-76.654
3384.52,-77.415
3384.77,-77.473
3385.01,-75.437
3385.25,-78.700
3385.50,-79.342
3385.74,-75.180
3385.99,-76.290
3386.23,-76.597
3386.47,-79.069
3386.72,-79.116
3386.96,-78.153
3387.21,-76.626
3387.45,-76.312
3387.70,-79.393
3387.94,-78.352
3388.18,-77.930
3388.43,-79.402
3388.67,-78.741
3388.92,-77.688
3389.16,-78.096
3389.40,-76.248
3389.65,-74.149
3389.89,-76.015
3390.14,-77.555
3390.38,-78.452
3390.62,-78.870
3390.87,-78.104
3391.11,-76.820
3391.36,-77.638
3391.60,-78.236
3391.85,-77.027
3392.09,-77.204
3392.33,-75.418
3392.58,-76.793
3392.82,-78.301
3393.07,-76.568
3393.31,-78.624
3393.55,-80.292
3393.80,-80.024
3394.04,-78.490
3394.29,-76.317
3394.53,-77.003
3394.78,-77.813
3395.02,-78.885
3395.26,-78.772
3395.51,-80.950
3395.75,-76.959
3396.00,-80.013
3396.24,-78.062
3396.48,-77.360
3396.73,-78.833
3396.97,-77.342
3397.22,-77.505
3397.46,-76.847
3397.71,-79.069
3397.95,-78.608
3398.19,-78.158
3398.44,-76.595
3398.68,-78.679
3398.93,-77.024
3399.17,-74.454
3399.41,-80.694
3399.66,-78.931
3399.90,-75.720
3400.15,-77.330
3400.39,-76.455
3400.63,-75.531
3400.88,-76.605
3401.12,-79.216
3401.37,-80.385
3401.61,-76.835
3401.86,-76.969
3402.10,-76.845
3402.34,-76.753
3402.59,-78.993
3402.83,-78.797
3403.08,-77.484
3403.32,-79.521
3403.56,-77.329
3403.81,-78.159
3404.05,-78.840
3404.30,-76.858
3404.54,-78.648
3404.79,-77.711
3405.03,-79.446
3405.27,-78.395
3405.52,-76.183
3405.76,-76.707
3406.01,-78.646
3406.25,-78.371
3406.49,-76.940
3406.74,-80.393
3406.98,-80.528
3407.23,-77.771
3407.47,-78.540
3407.71,-79.064
3407.96,-77.296
3408.20,-78.798
3408.45,-79.716
3408.69,-76.746
3408.94,-77.623
3409.18,-79.125
3409.42,-78.343
3409.67,-77.187
3409.91,-78.528
3410.16,-77.697
3410.40,-78.142
3410.64,-77.795
3410.89,-77.408
3411.13,-79.320
3411.38,-76.023
3411.62,-77.717
3411.87,-78.645
3412.11,-76.988
3412.35,-79.697
3412.60,-79.011
3412.84,-78.820
3413.09,-79.909
3413.33,-77.179
3413.57,-76.061
3413.82,-78.221
3414.06,-76.826
3414.31,-77.132
3414.55,-78.830
3414.79,-78.573
3415.04,-77.502
3415.28,-78.070
3415.53,-78.199
3415.77,-78.558
3416.02,-77.457
3416.26,-77.006
3416.50,-78.861
3416.75,-78.379
3416.99,-79.164
3417.24,-77.695
3417.48,-79.944
3417.72,-79.994
3417.97,-77.867
3418.21,-78.590
3418.46,-79.268
3418.70,-79.774
3418.95,-78.427
3419.19,-77.177
3419.43,-80.018
3419.68,-79.808
3419.92,-78.686
3420.17,-78.291
3420.41,-77.061
3420.65,-78.342
3420.90,-78.971
3421.14,-79.383
3421.39,-79.350
3421.63,-79.868
3421.88,-78.972
3422.12,-80.020
3422.36,-80.297
3422.61,-80.480
3422.85,-80.921
3423.10,-78.847
3423.34,-80.733
3423.58,-81.101
3423.83,-79.900
3424.07,-79.588
3424.32,-78.577
3424.56,-77.615
3424.80,-78.098
3425.05,-77.721
3425.29,-79.920
3425.54,-78.617
3425.78,-79.850
3426.03,-78.742
3426.27,-79.761
3426.51,-77.835
3426.76,-77.311
3427.00,-79.015
3427.25,-78.145
3427.49,-78.445
3427.73,-78.701
3427.98,-77.844
3428.22,-78.056
3428.47,-78.610
3428.71,-78.179
3428.96,-80.259
3429.20,-78.922
3429.44,-79.439
3429.69,-77.871
3429.93,-77.887
3430.18,-79.745
3430.42,-80.721
3430.66,-78.523
3430.91,-78.274
3431.15,-77.843
3431.40,-78.777
3431.64,-79.467
3431.88,-78.168
3432.13,-79.190
3432.37,-77.199
3432.62,-78.980
3432.86,-77.750
3433.11,-76.899
3433.35,-79.091
3433.59,-79.220
3433.84,-77.329
3434.08,-78.525
3434.33,-79.694
3434.57,-78.127
3434.81,-78.628
3435.06,-77.809
3435.30,-78.482
3435.55,-78.790
3435.79,-79.519
3436.04,-78.505
3436.28,-76.455
3436.52,-76.828
3436.77,-78.226
3437.01,-80.880
3437.26,-77.096
3437.50,-76.348
3437.74,-78.625
3437.99,-78.977
3438.23,-76.853
3438.48,-79.547
3438.72,-78.582
3438.96,-78.882
3439.21,-78.591
3439.45,-78.949
3439.70,-78.169
3439.94,-78.998
3440.19,-78.339
3440.43,-77.584
3440.67,-78.048
3440.92,-77.918
3441.16,-78.136
3441.41,-77.591
3441.65,-76.722
3441.89,-79.985
3442.14,-80.846
3442.38,-77.779
3442.63,-78.897
3442.87,-79.923
3443.12,-80.670
3443.36,-82.188
3443.60,-79.448
3443.85,-81.298
3444.09,-79.590
3444.34,-78.621
3444.58,-77.336
3444.82,-77.857
3445.07,-77.988
3445.31,-77.521
3445.56,-80.461
3445.80,-80.883
3446.04,-80.368
3446.29,-80.867
3446.53,-78.873
3446.78,-77.680
3447.02,-79.473
3447.27,-80.001
3447.51,-77.785
3447.75,-76.238
3448.00,-79.526
3448.24,-78.013
3448.49,-79.208
3448.73,-79.309
3448.97,-78.350
3449.22,-79.743
3449.46,-79.680
3449.71,-81.163
3449.95,-78.268
3450.20,-77.311
3450.44,-79.112
3450.68,-77.952
3450.93,-76.271
3451.17,-77.760
3451.42,-77.848
3451.66,-79.799
3451.90,-79.641
3452.15,-78.280
3452.39,-79.057
3452.64,-80.631
3452.88,-79.097
3453.12,-79.377
3453.37,-81.135
3453.61,-79.926
3453.86,-80.091
3454.10,-80.402
3454.35,-78.325
3454.59,-79.862
3454.83,-78.556
3455.08,-78.836
3455.32,-82.781
3455.57,-79.953
3455.81,-77.846
3456.05,-79.876
3456.30,-76.566
3456.54,-77.632
3456.79,-79.183
3457.03,-78.755
3457.28,-79.223
3457.52,-79.773
3457.76,-81.443
3458.01,-79.065
3458.25,-80.666
3458.50,-79.742
3458.74,-80.959
3458.98,-80.334
3459.23,-79.575
3459.47,-80.349
3459.72,-80.651
3459.96,-79.045
3460.21,-78.602
3460.45,-81.410
3460.69,-82.520
3460.94,-80.783
3461.18,-79.871
3461.43,-80.605
3461.67,-79.418
3461.91,-79.603
3462.16,-79.649
3462.40,-77.286
3462.65,-77.816
3462.89,-80.367
3463.13,-80.783
3463.38,-81.020
3463.62,-77.154
3463.87,-79.231
3464.11,-79.464
3464.36,-78.725
3464.60,-78.940
3464.84,-78.723
3465.09,-78.584
3465.33,-78.932
3465.58,-81.003
3465.82,-81.178
3466.06,-78.778
3466.31,-79.222
3466.55,-80.063
3466.80,-77.319
3467.04,-81.194
3467.29,-79.715
3467.53,-78.843
3467.77,-79.286
3468.02,-82.906
3468.26,-77.842
3468.51,-80.641
3468.75,-79.746
3468.99,-78.973
3469.24,-80.604
3469.48,-81.179
3469.73,-78.176
3469.97,-81.733
3470.21,-75.972
3470.46,-78.253
3470.70,-81.519
3470.95,-80.005
3471.19,-79.622
3471.44,-79.958
3471.68,-79.614
3471.92,-77.779
3472.17,-78.527
3472.41,-78.933
3472.66,-79.758
3472.90,-79.992
3473.14,-78.486
3473.39,-81.280
3473.63,-80.458
3473.88,-80.628
3474.12,-79.936
3474.37,-79.292
3474.61,-77.973
3474.85,-81.853
3475.10,-81.524
3475.34,-81.644
3475.59,-81.056
3475.83,-78.836
3476.07,-80.206
3476.32,-80.775
3476.56,-80.489
3476.81,-79.888
3477.05,-78.105
3477.29,-79.697
3477.54,-79.101
3477.78,-80.400
3478.03,-79.187
3478.27,-78.820
3478.52,-82.092
3478.76,-80.437
3479.00,-83.597
3479.25,-81.266
3479.49,-80.441
3479.74,-81.701
3479.98,-82.214
3480.22,-77.926
3480.47,-78.917
3480.71,-78.129
3480.96,-79.749
3481.20,-78.023
3481.45,-81.018
3481.69,-79.894
3481.93,-78.881
3482.18,-80.575
3482.42,-80.422
3482.67,-79.454
3482.91,-79.254
3483.15,-81.598
3483.40,-77.360
3483.64,-81.940
3483.89,-77.590
3484.13,-79.515
3484.38,-79.605
3484.62,-78.567
3484.86,-78.905
3485.11,-78.729
3485.35,-80.976
3485.60,-79.035
3485.84,-82.496
3486.08,-80.558
3486.33,-80.652
3486.57,-78.968
3486.82,-79.686
3487.06,-79.791
3487.30,-80.521
3487.55,-79.751
3487.79,-79.021
3488.04,-78.740
3488.28,-77.866
3488.53,-78.614
3488.77,-78.321
3489.01,-77.963
3489.26,-78.400
3489.50,-78.772
3489.75,-81.945
3489.99,-78.377
3490.23,-80.149
3490.48,-79.812
3490.72,-78.303
3490.97,-80.954
3491.21,-81.920
3491.46,-78.013
3491.70,-80.468
3491.94,-77.889
3492.19,-78.609
3492.43,-78.726
3492.68,-80.479
3492.92,-79.077
3493.16,-79.275
3493.41,-78.303
3493.65,-78.799
3493.90,-79.553
3494.14,-79.639
3494.38,-80.701
3494.63,-76.849
3494.87,-80.689
3495.12,-80.291
3495.36,-77.802
3495.61,-82.167
3495.85,-79.859
3496.09,-79.209
3496.34,-81.588
3496.58,-82.715
3496.83,-81.262
3497.07,-80.325
3497.31,-81.705
3497.56,-81.080
3497.80,-79.200
3498.05,-79.369
3498.29,-80.216
3498.54,-79.142
3498.78,-78.369
3499.02,-81.146
3499.27,-79.242
3499.51,-77.436
3499.76,-80.156
3500.00,-78.346
3500.24,-79.441
3500.49,-78.846
3500.73,-79.215
3500.98,-78.351
3501.22,-77.924
3501.46,-81.074
3501.71,-80.749
3501.95,-77.088
3502.20,-77.901
3502.44,-79.184
3502.69,-78.189
3502.93,-80.320
3503.17,-81.368
3503.42,-80.100
3503.66,-80.387
3503.91,-80.840
3504.15,-80.511
3504.39,-79.217
3504.64,-78.061
3504.88,-78.694
3505.13,-80.451
3505.37,-79.355
3505.62,-79.008
3505.86,-78.458
3506.10,-79.276
3506.35,-80.121
3506.59,-75.777
3506.84,-81.129
3507.08,-78.147
3507.32,-81.177
3507.57,-80.289
3507.81,-82.158
3508.06,-80.482
3508.30,-78.556
3508.54,-81.099
3508.79,-80.267
3509.03,-79.204
3509.28,-80.359
3509.52,-78.452
3509.77,-79.700
3510.01,-82.660
3510.25,-80.908
3510.50,-80.160
3510.74,-79.693
3510.99,-80.459
3511.23,-80.326
3511.47,-78.493
3511.72,-78.653
3511.96,-78.924
3512.21,-78.449
3512.45,-78.916
3512.70,-79.324
3512.94,-79.910
3513.18,-80.777
3513.43,-81.435
3513.67,-78.955
3513.92,-76.424
3514.16,-79.921
3514.40,-80.722
3514.65,-77.804
3514.89,-78.561
3515.14,-79.128
3515.38,-78.481
3515.62,-77.093
3515.87,-80.710
3516.11,-79.398
3516.36,-78.341
3516.60,-77.748
3516.85,-78.562
3517.09,-77.202
3517.33,-79.054
3517.58,-81.738
3517.82,-78.374
3518.07,-78.166
3518.31,-80.389
3518.55,-80.037
3518.80,-80.286
3519.04,-79.025
3519.29,-77.833
3519.53,-81.520
3519.78,-79.342
3520.02,-78.110
3520.26,-82.411
3520.51,-80.451
3520.75,-80.339
3521.00,-78.604
3521.24,-79.776
3521.48,-78.547
3521.73,-78.140
3521.97,-79.721
3522.22,-77.100
3522.46,-78.559
3522.71,-82.287
3522.95,-81.664
3523.19,-77.787
3523.44,-81.793
3523.68,-81.795
3523.93,-80.804
3524.17,-78.882
3524.41,-79.460
3524.66,-81.146
3524.90,-82.144
3525.15,-79.739
3525.39,-79.349
3525.63,-77.692
3525.88,-78.605
3526.12,-77.725
3526.37,-79.725
3526.61,-80.459
3526.86,-80.441
3527.10,-80.135
3527.34,-78.011
3527.59,-79.702
3527.83,-81.067
3528.08,-79.697
3528.32,-77.654
3528.56,-81.655
3528.81,-80.175
3529.05,-78.735
3529.30,-80.759
3529.54,-77.838
3529.79,-80.265
3530.03,-81.576
3530.27,-79.207
3530.52,-80.072
3530.76,-80.520
3531.01,-79.005
3531.25,-79.415
3531.49,-77.054
3531.74,-78.744
3531.98,-79.734
3532.23,-81.634
3532.47,-80.600
3532.71,-79.175
3532.96,-80.601
3533.20,-79.291
3533.45,-78.982
3533.69,-79.471
3533.94,-78.635
3534.18,-79.478
3534.42,-80.461
3534.67,-79.002
3534.91,-81.109
3535.16,-78.368
3535.40,-81.307
3535.64,-80.347
3535.89,-79.737
3536.13,-79.216
3536.38,-80.542
3536.62,-79.548
3536.87,-79.195
3537.11,-79.259
3537.35,-79.534
3537.60,-79.830
3537.84,-79.097
3538.09,-78.783
3538.33,-80.159
3538.57,-81.824
3538.82,-79.177
3539.06,-78.810
3539.31,-79.444
3539.55,-79.197
3539.79,-81.079
3540.04,-79.283
3540.28,-81.461
3540.53,-80.299
3540.77,-79.316
3541.02,-81.774
3541.26,-82.815
3541.50,-80.816
3541.75,-81.039
3541.99,-81.438
3542.24,-83.631
3542.48,-81.195
3542.72,-81.460
3542.97,-81.979
3543.21,-80.302
3543.46,-81.324
3543.70,-79.169
3543.95,-80.001
3544.19,-80.953
3544.43,-80.219
3544.68,-80.796
3544.92,-81.692
3545.17,-82.139
3545.41,-85.365
3545.65,-82.069
3545.90,-80.675
3546.14,-82.522
3546.39,-84.694
3546.63,-83.179
3546.88,-81.313
3547.12,-82.560
3547.36,-81.177
3547.61,-83.514
3547.85,-82.335
3548.10,-81.298
3548.34,-82.898
3548.58,-83.666
3548.83,-83.709
3549.07,-82.509
3549.32,-83.879
3549.56,-82.124
3549.80,-81.878
3550.05,-82.154
3550.29,-82.141
3550.54,-80.835
3550.78,-83.490
3551.03,-81.893
3551.27,-83.009
3551.51,-83.107
3551.76,-83.384
3552.00,-83.370
3552.25,-80.804
3552.49,-82.930
3552.73,-81.773
3552.98,-82.459
3553.22,-84.151
3553.47,-82.579
3553.71,-82.206
3553.96,-81.315
3554.20,-83.626
3554.44,-86.211
3554.69,-84.414
3554.93,-81.614
3555.18,-83.548
3555.42,-83.846
3555.66,-83.333
3555.91,-84.861
3556.15,-83.625
3556.40,-83.325
3556.64,-85.442
3556.88,-85.006
3557.13,-83.599
3557.37,-83.067
3557.62,-86.153
3557.86,-86.587
3558.11,-85.785
3558.35,-85.222
3558.59,-84.301
3558.84,-85.476
3559.08,-86.847
3559.33,-86.154
3559.57,-85.758
3559.81,-83.339
3560.06,-87.646
3560.30,-83.690
3560.55,-85.582
3560.79,-86.496
3561.04,-82.895
3561.28,-85.511
3561.52,-85.681
3561.77,-84.160
3562.01,-84.559
3562.26,-86.545
3562.50,-86.335
3562.74,-85.330
3562.99,-86.896
3563.23,-86.592
3563.48,-85.555
3563.72,-87.450
3563.96,-87.483
3564.21,-89.089
3564.45,-88.783
3564.70,-88.887
3564.94,-86.026
3565.19,-84.539
3565.43,-87.222
3565.67,-85.959
3565.92,-86.391
3566.16,-87.490
3566.41,-85.475
3566.65,-87.501
3566.89,-86.782
3567.14,-86.367
3567.38,-85.874
3567.63,-88.314
3567.87,-87.086
3568.12,-88.200
3568.36,-86.423
3568.60,-88.624
3568.85,-88.356
3569.09,-90.008
3569.34,-88.361
3569.58,-87.894
3569.82,-87.984
3570.07,-87.128
3570.31,-87.987
3570.56,-87.954
3570.80,-88.973
3571.04,-88.672
3571.29,-88.510
3571.53,-88.038
3571.78,-89.897
3572.02,-91.151
3572.27,-87.681
3572.51,-87.808
3572.75,-90.391
3573.00,-90.531
3573.24,-91.116
3573.49,-93.194
3573.73,-90.008
3573.97,-90.519
3574.22,-89.834
3574.46,-91.473
3574.71,-88.277
3574.95,-90.289
3575.20,-87.776
3575.44,-87.678
3575.68,-89.872
3575.93,-91.931
3576.17,-90.422
3576.42,-91.317
3576.66,-89.555
3576.90,-90.899
3577.15,-90.814
3577.39,-91.192
3577.64,-90.321
3577.88,-89.972
3578.12,-89.796
3578.37,-89.531
3578.61,-91.721
3578.86,-92.585
3579.10,-91.018
3579.35,-93.583
3579.59,-88.608
3579.83,-92.446
3580.08,-91.928
3580.32,-88.892
3580.57,-91.138
3580.81,-91.784
3581.05,-93.568
3581.30,-91.454
3581.54,-93.062
3581.79,-93.001
3582.03,-91.090
3582.28,-93.955
3582.52,-92.414
3582.76,-91.232
3583.01,-93.396
3583.25,-91.896
3583.50,-92.405
3583.74,-90.795
3583.98,-91.594
3584.23,-94.179
3584.47,-93.763
3584.72,-93.703
3584.96,-92.293
3585.21,-94.429
3585.45,-91.702
3585.69,-95.632
3585.94,-92.915
3586.18,-92.804
3586.43,-92.353
3586.67,-93.018
3586.91,-93.807
3587.16,-94.318
3587.40,-94.228
3587.65,-95.269
3587.89,-93.750
3588.13,-91.244
3588.38,-93.741
3588.62,-94.617
3588.87,-95.132
3589.11,-93.297
3589.36,-94.903
3589.60,-92.573
3589.84,-95.098
3590.09,-93.245
3590.33,-94.421
3590.58,-93.093
3590.82,-93.618
3591.06,-96.256
3591.31,-95.887
3591.55,-94.007
3591.80,-92.421
3592.04,-93.539
3592.29,-93.470
3592.53,-93.951
3592.77,-95.903
3593.02,-94.162
3593.26,-93.156
3593.51,-95.793
3593.75,-96.004
3593.99,-94.288
3594.24,-95.174
3594.48,-94.710
3594.73,-95.398
3594.97,-95.691
3595.21,-97.695
3595.46,-96.771
3595.70,-95.461
3595.95,-94.904
3596.19,-95.894
3596.44,-95.688
3596.68,-95.190
3596.92,-94.695
3597.17,-95.039
3597.41,-94.865
3597.66,-97.447
3597.90,-95.830
3598.14,-95.640
3598.39,-98.103
3598.63,-96.960
3598.88,-95.730
3599.12,-97.009
3599.37,-96.810
3599.61,-96.195
3599.85,-96.680
3600.10,-96.546
3600.34,-96.456
3600.59,-96.983
3600.83,-98.250
3601.07,-97.583
3601.32,-96.517
3601.56,-96.446
3601.81,-98.096
3602.05,-99.299
3602.29,-97.320
3602.54,-96.621
3602.78,-96.855
3603.03,-95.757
3603.27,-97.291
3603.52,-97.865
3603.76,-96.548
3604.00,-94.953
3604.25,-98.253
3604.49,-97.173
3604.74,-97.761
3604.98,-98.595
3605.22,-97.788
3605.47,-98.380
3605.71,-98.145
3605.96,-100.519
3606.20,-97.758
3606.45,-96.132
3606.69,-98.267
3606.93,-101.180
3607.18,-96.680
3607.42,-98.297
3607.67,-99.125
3607.91,-98.684
3608.15,-98.652
3608.40,-98.477
3608.64,-98.949
3608.89,-97.698
3609.13,-98.851
3609.38,-99.691
3609.62,-98.074
3609.86,-98.895
3610.11,-102.063
3610.35,-99.481
3610.60,-99.318
3610.84,-98.988
3611.08,-99.756
3611.33,-100.354
3611.57,-99.761
3611.82,-100.244
3612.06,-100.496
3612.30,-99.861
3612.55,-101.934
3612.79,-101.138
3613.04,-99.281
3613.28,-100.778
3613.53,-102.590
3613.77,-101.582
3614.01,-100.092
3614.26,-99.035
3614.50,-99.844
3614.75,-99.194
3614.99,-101.360
3615.23,-99.340
3615.48,-98.826
3615.72,-101.020
3615.97,-100.388
3616.21,-100.005
3616.46,-102.862
3616.70,-100.059
3616.94,-101.028
3617.19,-103.062
3617.43,-102.885
3617.68,-102.712
3617.92,-102.272
3618.16,-98.979
3618.41,-100.816
3618.65,-101.701
3618.90,-100.555
3619.14,-100.400
3619.38,-102.457
3619.63,-102.468
3619.87,-101.159
3620.12,-101.166
3620.36,-102.119
3620.61,-99.834
3620.85,-101.130
3621.09,-101.248
3621.34,-101.181
3621.58,-100.477
3621.83,-101.638
3622.07,-102.440
3622.31,-102.634
3622.56,-101.349
3622.80,-103.314
3623.05,-104.213
3623.29,-104.179
3623.54,-101.091
3623.78,-101.326
3624.02,-101.737
3624.27,-102.472
3624.51,-101.473
3624.76,-103.015
3625.00,-103.125
3625.24,-101.860
3625.49,-103.462
3625.73,-104.666
3625.98,-103.480
3626.22,-102.817
3626.46,-103.786
3626.71,-101.503
3626.95,-102.868
3627.20,-102.977
3627.44,-104.690
3627.69,-102.950
3627.93,-102.891
3628.17,-102.688
3628.42,-104.567
3628.66,-103.743
3628.91,-100.994
3629.15,-102.768
3629.39,-104.276
3629.64,-101.543
3629.88,-100.611
3630.13,-102.219
3630.37,-102.716
3630.62,-102.140
3630.86,-104.528
3631.10,-104.623
3631.35,-102.345
3631.59,-106.229
3631.84,-104.050
3632.08,-102.751
3632.32,-106.268
3632.57,-103.697
3632.81,-105.961
3633.06,-103.841
3633.30,-104.231
3633.54,-104.837
3633.79,-103.741
3634.03,-104.051
3634.28,-104.994
3634.52,-105.725
3634.77,-104.794
3635.01,-105.674
3635.25,-105.330
3635.50,-104.230
3635.74,-105.571
3635.99,-105.113
3636.23,-105.676
3636.47,-105.636
3636.72,-106.613
3636.96,-105.791
3637.21,-104.330
3637.45,-104.757
3637.70,-105.636
3637.94,-105.439
3638.18,-104.762
3638.43,-105.939
3638.67,-104.108
3638.92,-105.575
3639.16,-105.803
3639.40,-105.029
3639.65,-105.747
3639.89,-105.210
3640.14,-104.494
3640.38,-105.470
3640.62,-105.339
3640.87,-105.728
3641.11,-106.939
3641.36,-105.419
3641.60,-105.841
3641.85,-106.347
3642.09,-105.114
3642.33,-105.686
3642.58,-106.350
3642.82,-105.631
3643.07,-105.309
3643.31,-106.755
3643.55,-105.519
3643.80,-105.892
3644.04,-106.602
3644.29,-106.902
3644.53,-106.815
3644.78,-106.148
3645.02,-107.275
3645.26,-106.755
3645.51,-105.136
3645.75,-106.149
3646.00,-107.142
3646.24,-104.786
3646.48,-105.854
3646.73,-106.342
3646.97,-108.019
3647.22,-107.446
3647.46,-106.963
3647.71,-105.747
3647.95,-105.216
3648.19,-106.669
3648.44,-106.982
3648.68,-107.333
3648.93,-107.527
3649.17,-106.249
3649.41,-107.855
3649.66,-106.271
3649.90,-107.594
3650.15,-107.031
3650.39,-106.371
3650.63,-107.947
3650.88,-106.249
3651.12,-107.442
3651.37,-105.947
3651.61,-107.811
3651.86,-107.703
3652.10,-106.654
3652.34,-107.666
3652.59,-106.639
3652.83,-108.140
3653.08,-106.554
3653.32,-107.697
3653.56,-106.777
3653.81,-107.919
3654.05,-107.215
3654.30,-107.010
3654.54,-107.950
3654.79,-107.302
3655.03,-107.864
3655.27,-107.302
3655.52,-107.603
3655.76,-108.220
3656.01,-108.175
3656.25,-107.077
3656.49,-105.879
3656.74,-107.783
3656.98,-106.849
3657.23,-106.672
3657.47,-107.344
3657.71,-106.296
3657.96,-107.390
3658.20,-106.900
3658.45,-108.105
3658.69,-107.558
3658.94,-107.867
3659.18,-107.591
3659.42,-106.722
3659.67,-106.845
3659.91,-108.358
3660.16,-108.652
3660.40,-107.098
3660.64,-108.085
3660.89,-107.935
3661.13,-108.789
3661.38,-107.681
3661.62,-108.393
3661.87,-108.658
3662.11,-109.439
3662.35,-107.649
3662.60,-107.556
3662.84,-108.473
3663.09,-107.978
3663.33,-108.326
3663.57,-107.803
3663.82,-108.561
3664.06,-107.882
3664.31,-107.214
3664.55,-108.132
3664.79,-107.614
3665.04,-108.757
3665.28,-108.092
3665.53,-107.979
3665.77,-108.636
3666.02,-108.508
3666.26,-108.643
3666.50,-109.055
3666.75,-108.500
3666.99,-107.756
3667.24,-108.658
3667.48,-109.010
3667.72,-108.390
3667.97,-109.143
3668.21,-109.257
3668.46,-108.945
3668.70,-107.941
3668.95,-108.469
3669.19,-107.803
3669.43,-108.333
3669.68,-108.576
3669.92,-108.638
3670.17,-108.881
3670.41,-108.683
3670.65,-108.997
3670.90,-109.239
3671.14,-108.937
3671.39,-108.792
3671.63,-108.718
3671.88,-108.354
3672.12,-108.182
3672.36,-108.217
3672.61,-107.976
3672.85,-108.745
3673.10,-108.409
3673.34,-108.728
3673.58,-108.656
3673.83,-109.740
3674.07,-108.220
3674.32,-109.239
3674.56,-108.888
3674.80,-108.738
3675.05,-108.079
3675.29,-108.811
3675.54,-108.191
3675.78,-109.160
3676.03,-108.975
3676.27,-108.977
3676.51,-108.990
3676.76,-109.249
3677.00,-108.597
3677.25,-108.557
3677.49,-109.948
3677.73,-108.662
3677.98,-109.279
3678.22,-109.748
3678.47,-108.670
3678.71,-108.525
3678.96,-108.983
3679.20,-108.662
3679.44,-109.170
3679.69,-109.071
3679.93,-109.445
3680.18,-108.962
3680.42,-109.405
3680.66,-109.487
3680.91,-109.592
3681.15,-109.106
3681.40,-108.726
3681.64,-108.920
3681.88,-109.548
3682.13,-109.281
3682.37,-108.687
3682.62,-109.560
3682.86,-108.715
3683.11,-108.605
3683.35,-108.839
3683.59,-108.864
3683.84,-109.125
3684.08,-109.591
3684.33,-109.041
3684.57,-108.906
3684.81,-109.511
3685.06,-109.318
3685.30,-109.533
3685.55,-109.387
3685.79,-109.176
3686.04,-109.562
3686.28,-109.436
3686.52,-109.224
3686.77,-108.724
3687.01,-108.659
3687.26,-109.097
3687.50,-109.889
3687.74,-108.862
3687.99,-109.498
3688.23,-109.470
3688.48,-109.122
3688.72,-109.444
3688.96,-109.411
3689.21,-109.442
3689.45,-108.902
3689.70,-109.506
3689.94,-109.417
3690.19,-110.269
3690.43,-109.364
3690.67,-109.415
3690.92,-109.179
3691.16,-109.388
3691.41,-109.527
3691.65,-109.084
3691.89,-109.408
3692.14,-109.390
3692.38,-109.548
3692.63,-109.563
3692.87,-109.410
3693.12,-109.776
3693.36,-109.064
3693.60,-109.500
3693.85,-109.439
3694.09,-110.050
3694.34,-109.468
3694.58,-109.552
3694.82,-109.592
3695.07,-109.471
3695.31,-109.562
3695.56,-109.777
3695.80,-109.812
3696.04,-109.530
3696.29,-109.714
3696.53,-109.318
3696.78,-109.551
3697.02,-109.241
3697.27,-109.553
3697.51,-109.333
3697.75,-109.627
3698.00,-109.512
3698.24,-109.527
3698.49,-109.250
3698.73,-109.585
3698.97,-109.428
3699.22,-109.718
3699.46,-109.823
3699.71,-109.452
3699.95,-109.715
3700.20,-109.895
3700.44,-109.477
3700.68,-109.877
3700.93,-109.647
3701.17,-109.538
3701.42,-109.675
3701.66,-109.719
3701.90,-109.646
3702.15,-109.353
3702.39,-109.476
3702.64,-109.510
3702.88,-109.630
3703.12,-109.335
3703.37,-109.744
3703.61,-109.809
3703.86,-109.356
3704.10,-109.407
3704.35,-109.646
3704.59,-109.423
3704.83,-109.699
3705.08,-109.664
3705.32,-109.665
3705.57,-109.739
3705.81,-109.507
3706.05,-110.131
3706.30,-109.450
3706.54,-109.802
3706.79,-109.541
3707.03,-109.473
3707.28,-109.854
3707.52,-109.488
3707.76,-110.122
3708.01,-109.773
3708.25,-109.644
3708.50,-109.875
3708.74,-110.021
3708.98,-109.719
3709.23,-109.768
3709.47,-109.580
3709.72,-109.787
3709.96,-109.770
3710.21,-109.995
3710.45,-109.542
3710.69,-109.774
3710.94,-109.741
3711.18,-109.848
3711.43,-109.772
3711.67,-109.783
3711.91,-109.854
3712.16,-109.583
3712.40,-109.741
3712.65,-110.109
3712.89,-109.726
3713.13,-109.881
3713.38,-109.717
3713.62,-110.002
3713.87,-109.764
3714.11,-109.827
3714.36,-109.990
3714.60,-110.013
3714.84,-109.726
3715.09,-109.862
3715.33,-110.036
3715.58,-109.802
3715.82,-109.948
3716.06,-109.744
3716.31,-109.641
3716.55,-110.019
3716.80,-109.772
3717.04,-109.680
3717.29,-110.020
3717.53,-109.704
3717.77,-110.187
3718.02,-109.946
3718.26,-110.017
3718.51,-110.002
3718.75,-110.015
3718.99,-109.962
3719.24,-109.927
3719.48,-109.990
3719.73,-109.850
3719.97,-109.850
3720.21,-109.729
3720.46,-109.907
3720.70,-109.913
3720.95,-109.930
3721.19,-109.934
3721.44,-109.941
3721.68,-109.819
3721.92,-109.871
3722.17,-109.881
3722.41,-109.947
3722.66,-109.841
3722.90,-109.918
3723.14,-109.731
3723.39,-110.020
3723.63,-109.865
3723.88,-110.137
3724.12,-109.977
3724.37,-109.988
3724.61,-109.783
3724.85,-109.860
3725.10,-109.865
3725.34,-109.980
3725.59,-109.976
3725.83,-109.981
3726.07,-110.010
3726.32,-110.027
3726.56,-109.913
3726.81,-110.074
3727.05,-109.923
3727.29,-109.832
3727.54,-109.909
3727.78,-109.975
3728.03,-110.082
3728.27,-109.963
3728.52,-109.798
3728.76,-109.831
3729.00,-109.678
3729.25,-109.894
3729.49,-110.138
3729.74,-110.001
3729.98,-109.973
3730.22,-110.054
3730.47,-110.095
3730.71,-109.776
3730.96,-109.840
3731.20,-109.893
3731.45,-110.059
3731.69,-110.126
3731.93,-110.048
3732.18,-109.862
3732.42,-110.017
3732.67,-110.038
3732.91,-109.994
3733.15,-109.970
3733.40,-110.121
3733.64,-110.143
3733.89,-110.072
3734.13,-109.887
3734.38,-109.951
3734.62,-109.922
3734.86,-109.978
3735.11,-110.106
3735.35,-109.993
3735.60,-109.949
3735.84,-110.148
3736.08,-110.098
3736.33,-110.050
3736.57,-110.083
3736.82,-110.070
3737.06,-110.086
3737.30,-110.092
3737.55,-110.069
3737.79,-110.037
3738.04,-110.108
3738.28,-110.075
3738.53,-110.072
3738.77,-109.987
3739.01,-110.113
3739.26,-109.935
3739.50,-109.965
3739.75,-110.076
3739.99,-110.092
3740.23,-110.089
3740.48,-110.049
3740.72,-110.043
3740.97,-110.100
3741.21,-110.136
3741.46,-110.127
3741.70,-110.069
3741.94,-109.984
3742.19,-110.100
3742.43,-110.101
3742.68,-110.097
3742.92,-110.153
3743.16,-110.131
3743.41,-110.037
3743.65,-110.116
3743.90,-110.038
3744.14,-110.102
3744.38,-110.112
3744.63,-110.152
3744.87,-110.020
3745.12,-110.168
3745.36,-110.080
3745.61,-110.114
3745.85,-110.018
3746.09,-110.292
3746.34,-110.156
3746.58,-110.165
3746.83,-110.075
3747.07,-110.101
3747.31,-110.103
3747.56,-110.199
3747.80,-110.009
3748.05,-110.209
3748.29,-110.214
3748.54,-110.157
3748.78,-110.124
3749.02,-110.139
3749.27,-110.095
3749.51,-110.143
3749.76,-110.112
3750.00,-110.186
3750.24,-110.162
3750.49,-110.163
3750.73,-110.090
3750.98,-110.041
3751.22,-110.104
3751.46,-110.184
3751.71,-110.170
3751.95,-110.213
3752.20,-110.105
3752.44,-110.137
3752.69,-110.254
3752.93,-110.153
3753.17,-110.081
3753.42,-110.091
3753.66,-110.167
3753.91,-110.194
3754.15,-110.162
3754.39,-110.191
3754.64,-110.172
3754.88,-110.178
3755.13,-110.200
3755.37,-110.150
3755.62,-110.114
3755.86,-110.149
3756.10,-110.161
3756.35,-110.124
3756.59,-110.193
3756.84,-110.175
3757.08,-110.118
3757.32,-110.191
3757.57,-110.209
3757.81,-110.143
3758.06,-110.098
3758.30,-110.199
3758.54,-110.180
3758.79,-110.221
3759.03,-110.207
3759.28,-110.180
3759.52,-110.188
3759.77,-110.185
3760.01,-110.203
3760.25,-110.191
3760.50,-110.207
3760.74,-110.272
3760.99,-110.262
3761.23,-110.198
3761.47,-110.208
3761.72,-110.259
3761.96,-110.202
3762.21,-110.171
3762.45,-110.160
3762.70,-110.257
3762.94,-110.190
3763.18,-110.242
3763.43,-110.243
3763.67,-110.215
3763.92,-110.279
3764.16,-110.216
3764.40,-110.262
3764.65,-110.240
3764.89,-110.193
3765.14,-110.208
3765.38,-110.252
3765.62,-110.205
3765.87,-110.231
3766.11,-110.245
3766.36,-110.251
3766.60,-110.200
3766.85,-110.258
3767.09,-110.255
3767.33,-110.204
3767.58,-110.254
3767.82,-110.284
3768.07,-110.207
3768.31,-110.229
3768.55,-110.266
3768.80,-110.226
3769.04,-110.248
3769.29,-110.241
3769.53,-110.278
3769.78,-110.288
3770.02,-110.244
3770.26,-110.245
3770.51,-110.264
3770.75,-110.298
3771.00,-110.298
3771.24,-110.211
3771.48,-110.269
3771.73,-110.265
3771.97,-110.243
3772.22,-110.289
3772.46,-110.298
3772.71,-110.260
3772.95,-110.253
3773.19,-110.246
3773.44,-110.295
3773.68,-110.267
3773.93,-110.284
3774.17,-110.292
3774.41,-110.263
3774.66,-110.331
3774.90,-110.312
3775.15,-110.272
3775.39,-110.296
3775.63,-110.272
3775.88,-110.276
3776.12,-110.278
3776.37,-110.272
3776.61,-110.319
3776.86,-110.242
3777.10,-110.289
3777.34,-110.265
3777.59,-110.249
3777.83,-110.314
3778.08,-110.328
3778.32,-110.268
3778.56,-110.273
3778.81,-110.249
3779.05,-110.303
3779.30,-110.320
3779.54,-110.318
3779.79,-110.348
3780.03,-110.266
3780.27,-110.327
3780.52,-110.311
3780.76,-110.308
3781.01,-110.329
3781.25,-110.289
3781.49,-110.335
3781.74,-110.314
3781.98,-110.283
3782.23,-110.324
3782.47,-110.328
3782.71,-110.305
3782.96,-110.323
3783.20,-110.342
3783.45,-110.351
3783.69,-110.326
3783.94,-110.342
3784.18,-110.372
3784.42,-110.338
3784.67,-110.348
3784.91,-110.365
3785.16,-110.354
3785.40,-110.330
3785.64,-110.342
3785.89,-110.341
3786.13,-110.335
3786.38,-110.321
3786.62,-110.357
3786.87,-110.337
3787.11,-110.357
3787.35,-110.317
3787.60,-110.359
3787.84,-110.343
3788.09,-110.358
3788.33,-110.339
3788.57,-110.359
3788.82,-110.372
3789.06,-110.354
3789.31,-110.344
3789.55,-110.351
3789.79,-110.369
3790.04,-110.354
3790.28,-110.365
3790.53,-110.371
3790.77,-110.362
3791.02,-110.349
3791.26,-110.341
3791.50,-110.367
3791.75,-110.361
3791.99,-110.358
3792.24,-110.373
3792.48,-110.368
3792.72,-110.348
3792.97,-110.384
3793.21,-110.385
3793.46,-110.359
3793.70,-110.383
3793.95,-110.369
3794.19,-110.364
3794.43,-110.375
3794.68,-110.390
3794.92,-110.395
3795.17,-110.400
3795.41,-110.385
3795.65,-110.386
3795.90,-110.388
3796.14,-110.390
3796.39,-110.399
3796.63,-110.403
3796.88,-110.371
3797.12,-110.400
3797.36,-110.396
3797.61,-110.391
3797.85,-110.409
3798.10,-110.410
3798.34,-110.398
3798.58,-110.396
3798.83,-110.402
3799.07,-110.384
3799.32,-110.390
3799.56,-110.391
3799.80,-110.410
3800.05,-110.403
3800.29,-110.387
3800.54,-110.420
3800.78,-110.413
3801.03,-110.396
3801.27,-110.402
3801.51,-110.403
3801.76,-110.402
3802.00,-110.396
3802.25,-110.397
3802.49,-110.415
3802.73,-110.421
3802.98,-110.427
3803.22,-110.414
3803.47,-110.404
3803.71,-110.415
3803.96,-110.423
3804.20,-110.419
3804.44,-110.409
3804.69,-110.432
3804.93,-110.423
3805.18,-110.427
3805.42,-110.418
3805.66,-110.431
3805.91,-110.423
3806.15,-110.431
3806.40,-110.440
3806.64,-110.420
3806.88,-110.430
3807.13,-110.432
3807.37,-110.428
3807.62,-110.439
3807.86,-110.444
3808.11,-110.450
3808.35,-110.442
3808.59,-110.434
3808.84,-110.437
3809.08,-110.450
3809.33,-110.444
3809.57,-110.446
3809.81,-110.438
3810.06,-110.437
3810.30,-110.449
3810.55,-110.456
3810.79,-110.453
3811.04,-110.454
3811.28,-110.462
3811.52,-110.461
3811.77,-110.460
3812.01,-110.458
3812.26,-110.456
3812.50,-110.445
3812.74,-110.463
3812.99,-110.456
3813.23,-110.468
3813.48,-110.471
3813.72,-110.462
3813.96,-110.470
3814.21,-110.464
3814.45,-110.479
3814.70,-110.472
3814.94,-110.466
3815.19,-110.465
3815.43,-110.472
3815.67,-110.476
3815.92,-110.473
3816.16,-110.465
3816.41,-110.484
3816.65,-110.471
3816.89,-110.473
3817.14,-110.466
3817.38,-110.486
3817.63,-110.480
3817.87,-110.491
3818.12,-110.477
3818.36,-110.489
3818.60,-110.483
3818.85,-110.475
3819.09,-110.480
3819.34,-110.478
3819.58,-110.482
3819.82,-110.485
3820.07,-110.480
3820.31,-110.486
3820.56,-110.486
3820.80,-110.495
3821.04,-110.490
3821.29,-110.498
3821.53,-110.499
3821.78,-110.510
3822.02,-110.494
3822.27,-110.492
3822.51,-110.497
3822.75,-110.498
3823.00,-110.503
3823.24,-110.496
3823.49,-110.506
3823.73,-110.501
3823.97,-110.504
3824.22,-110.512
3824.46,-110.504
3824.71,-110.510
3824.95,-110.506
3825.20,-110.507
3825.44,-110.510
3825.68,-110.512
3825.93,-110.510
3826.17,-110.513
3826.42,-110.510
3826.66,-110.523
3826.90,-110.511
3827.15,-110.518
3827.39,-110.519
3827.64,-110.523
3827.88,-110.525
3828.12,-110.515
3828.37,-110.519
3828.61,-110.515
3828.86,-110.520
3829.10,-110.517
3829.35,-110.524
3829.59,-110.524
3829.83,-110.529
3830.08,-110.528
3830.32,-110.530
3830.57,-110.532
3830.81,-110.526
3831.05,-110.526
3831.30,-110.535
3831.54,-110.537
3831.79,-110.538
3832.03,-110.534
3832.28,-110.534
3832.52,-110.537
3832.76,-110.543
3833.01,-110.536
3833.25,-110.543
3833.50,-110.549
3833.74,-110.541
3833.98,-110.551
3834.23,-110.544
3834.47,-110.541
3834.72,-110.549
3834.96,-110.547
3835.21,-110.551
3835.45,-110.552
3835.69,-110.549
3835.94,-110.551
3836.18,-110.548
3836.43,-110.551
3836.67,-110.559
3836.91,-110.555
3837.16,-110.552
3837.40,-110.558
3837.65,-110.552
3837.89,-110.554
3838.13,-110.557
3838.38,-110.558
3838.62,-110.560
3838.87,-110.565
3839.11,-110.562
3839.36,-110.562
3839.60,-110.567
3839.84,-110.557
3840.09,-110.561
3840.33,-110.565
3840.58,-110.571
3840.82,-110.568
3841.06,-110.566
3841.31,-110.566
3841.55,-110.562
3841.80,-110.573
3842.04,-110.575
3842.29,-110.573
3842.53,-110.571
3842.77,-110.575
3843.02,-110.579
3843.26,-110.579
3843.51,-110.575
3843.75,-110.578
3843.99,-110.584
3844.24,-110.581
3844.48,-110.588
3844.73,-110.584
3844.97,-110.583
3845.21,-110.587
3845.46,-110.582
3845.70,-110.583
3845.95,-110.585
3846.19,-110.587
3846.44,-110.586
3846.68,-110.594
3846.92,-110.587
3847.17,-110.592
3847.41,-110.593
3847.66,-110.586
3847.90,-110.598
3848.14,-110.597
3848.39,-110.593
3848.63,-110.596
3848.88,-110.598
3849.12,-110.601
3849.37,-110.595
3849.61,-110.599
3849.85,-110.599
3850.10,-110.593
3850.34,-110.595
3850.59,-110.608
3850.83,-110.607
3851.07,-110.608
3851.32,-110.607
3851.56,-110.609
3851.81,-110.604
3852.05,-110.605
3852.29,-110.606
3852.54,-110.605
3852.78,-110.611
3853.03,-110.611
3853.27,-110.616
3853.52,-110.610
3853.76,-110.611
3854.00,-110.610
3854.25,-110.613
3854.49,-110.615
3854.74,-110.614
3854.98,-110.615
3855.22,-110.617
3855.47,-110.619
3855.71,-110.619
3855.96,-110.619
3856.20,-110.617
3856.45,-110.621
3856.69,-110.622
3856.93,-110.622
3857.18,-110.624
3857.42,-110.626
3857.67,-110.625
3857.91,-110.626
3858.15,-110.631
3858.40,-110.628
3858.64,-110.632
3858.89,-110.629
3859.13,-110.628
3859.38,-110.629
3859.62,-110.630
3859.86,-110.629
3860.11,-110.631
3860.35,-110.638
3860.60,-110.636
3860.84,-110.635
3861.08,-110.636
3861.33,-110.638
3861.57,-110.636
3861.82,-110.638
3862.06,-110.640
3862.30,-110.640
3862.55,-110.641
3862.79,-110.640
3863.04,-110.642
3863.28,-110.642
3863.53,-110.644
3863.77,-110.645
3864.01,-110.645
3864.26,-110.642
3864.50,-110.648
3864.75,-110.652
3864.99,-110.645
3865.23,-110.644
3865.48,-110.647
3865.72,-110.649
3865.97,-110.649
3866.21,-110.651
3866.46,-110.649
3866.70,-110.652
3866.94,-110.656
3867.19,-110.651
3867.43,-110.655
3867.68,-110.655
3867.92,-110.655
3868.16,-110.658
3868.41,-110.655
3868.65,-110.658
3868.90,-110.659
3869.14,-110.663
3869.38,-110.659
3869.63,-110.663
3869.87,-110.664
3870.12,-110.661
3870.36,-110.666
3870.61,-110.664
3870.85,-110.664
3871.09,-110.663
3871.34,-110.666
3871.58,-110.667
3871.83,-110.669
3872.07,-110.668
3872.31,-110.667
3872.56,-110.669
3872.80,-110.672
3873.05,-110.668
3873.29,-110.671
3873.54,-110.672
3873.78,-110.671
3874.02,-110.675
3874.27,-110.673
3874.51,-110.675
3874.76,-110.675
3875.00,-110.676
3875.24,-110.679
3875.49,-110.679
3875.73,-110.681
3875.98,-110.678
3876.22,-110.678
3876.46,-110.681
3876.71,-110.680
3876.95,-110.681
3877.20,-110.683
3877.44,-110.682
3877.69,-110.682
3877.93,-110.685
3878.17,-110.687
3878.42,-110.688
3878.66,-110.687
3878.91,-110.686
3879.15,-110.687
3879.39,-110.690
3879.64,-110.691
3879.88,-110.689
3880.13,-110.690
3880.37,-110.691
3880.62,-110.691
3880.86,-110.692
3881.10,-110.692
3881.35,-110.692
3881.59,-110.694
3881.84,-110.695
3882.08,-110.694
3882.32,-110.695
3882.57,-110.697
3882.81,-110.697
3883.06,-110.697
3883.30,-110.698
3883.54,-110.698
3883.79,-110.702
3884.03,-110.701
3884.28,-110.701
3884.52,-110.703
3884.77,-110.703
3885.01,-110.700
3885.25,-110.704
3885.50,-110.704
3885.74,-110.705
3885.99,-110.705
3886.23,-110.705
3886.47,-110.706
3886.72,-110.705
3886.96,-110.709
3887.21,-110.709
3887.45,-110.709
3887.70,-110.713
3887.94,-110.711
3888.18,-110.710
3888.43,-110.712
3888.67,-110.712
3888.92,-110.712
3889.16,-110.714
3889.40,-110.713
3889.65,-110.715
3889.89,-110.715
3890.14,-110.716
3890.38,-110.717
3890.62,-110.716
3890.87,-110.717
3891.11,-110.719
3891.36,-110.719
3891.60,-110.719
3891.85,-110.720
3892.09,-110.719
3892.33,-110.722
3892.58,-110.721
3892.82,-110.722
3893.07,-110.724
3893.31,-110.725
3893.55,-110.725
3893.80,-110.723
3894.04,-110.726
3894.29,-110.725
3894.53,-110.724
3894.78,-110.725
3895.02,-110.726
3895.26,-110.729
3895.51,-110.726
3895.75,-110.730
3896.00,-110.730
3896.24,-110.730
3896.48,-110.730
3896.73,-110.730
3896.97,-110.732
3897.22,-110.732
3897.46,-110.732
3897.71,-110.732
3897.95,-110.734
3898.19,-110.735
3898.44,-110.732
3898.68,-110.736
3898.93,-110.735
3899.17,-110.735
3899.41,-110.738
3899.66,-110.738
3899.90,-110.738
3900.15,-110.738
3900.39,-110.739
3900.63,-110.739
3900.88,-110.740
3901.12,-110.740
3901.37,-110.742
3901.61,-110.741
3901.86,-110.742
3902.10,-110.742
3902.34,-110.743
3902.59,-110.744
3902.83,-110.745
3903.08,-110.745
3903.32,-110.745
3903.56,-110.745
3903.81,-110.746
3904.05,-110.747
3904.30,-110.747
3904.54,-110.748
3904.79,-110.750
3905.03,-110.750
3905.27,-110.750
3905.52,-110.751
3905.76,-110.750
3906.01,-110.749
3906.25,-110.751
3906.49,-110.753
3906.74,-110.752
3906.98,-110.752
3907.23,-110.754
3907.47,-110.755
3907.71,-110.756
3907.96,-110.755
3908.20,-110.755
3908.45,-110.756
3908.69,-110.759
3908.94,-110.758
3909.18,-110.758
3909.42,-110.759
3909.67,-110.760
3909.91,-110.759
3910.16,-110.758
3910.40,-110.760
3910.64,-110.761
3910.89,-110.761
3911.13,-110.761
3911.38,-110.762
3911.62,-110.763
3911.87,-110.763
3912.11,-110.764
3912.35,-110.764
3912.60,-110.764
3912.84,-110.766
3913.09,-110.765
3913.33,-110.765
3913.57,-110.766
3913.82,-110.766
3914.06,-110.768
3914.31,-110.767
3914.55,-110.768
3914.79,-110.768
3915.04,-110.770
3915.28,-110.770
3915.53,-110.771
3915.77,-110.771
3916.02,-110.771
3916.26,-110.771
3916.50,-110.772
3916.75,-110.771
3916.99,-110.774
3917.24,-110.772
3917.48,-110.773
3917.72,-110.774
3917.97,-110.776
3918.21,-110.775
3918.46,-110.775
3918.70,-110.777
3918.95,-110.776
3919.19,-110.776
3919.43,-110.777
3919.68,-110.777
3919.92,-110.778
3920.17,-110.778
3920.41,-110.778
3920.65,-110.778
3920.90,-110.780
3921.14,-110.780
3921.39,-110.780
3921.63,-110.780
3921.88,-110.781
3922.12,-110.782
3922.36,-110.781
3922.61,-110.783
3922.85,-110.782
3923.10,-110.784
3923.34,-110.785
3923.58,-110.784
3923.83,-110.785
3924.07,-110.784
3924.32,-110.785
3924.56,-110.785
3924.80,-110.786
3925.05,-110.787
3925.29,-110.787
3925.54,-110.788
3925.78,-110.788
3926.03,-110.788
3926.27,-110.788
3926.51,-110.789
3926.76,-110.789
3927.00,-110.790
3927.25,-110.790
3927.49,-110.790
3927.73,-110.791
3927.98,-110.791
3928.22,-110.791
3928.47,-110.792
3928.71,-110.792
3928.96,-110.793
3929.20,-110.794
3929.44,-110.794
3929.69,-110.794
3929.93,-110.795
3930.18,-110.795
3930.42,-110.795
3930.66,-110.795
3930.91,-110.794
3931.15,-110.796
3931.40,-110.796
3931.64,-110.796
3931.88,-110.797
3932.13,-110.797
3932.37,-110.798
3932.62,-110.798
3932.86,-110.799
3933.11,-110.799
3933.35,-110.799
3933.59,-110.799
3933.84,-110.800
3934.08,-110.800
3934.33,-110.802
3934.57,-110.801
3934.81,-110.801
3935.06,-110.801
3935.30,-110.802
3935.55,-110.802
3935.79,-110.803
3936.04,-110.802
3936.28,-110.804
3936.52,-110.804
3936.77,-110.804
3937.01,-110.805
3937.26,-110.805
3937.50,-110.805
3937.74,-110.805
3937.99,-110.806
3938.23,-110.807
3938.48,-110.807
3938.72,-110.807
3938.96,-110.808
3939.21,-110.807
3939.45,-110.808
3939.70,-110.808
3939.94,-110.809
3940.19,-110.809
3940.43,-110.809
3940.67,-110.810
3940.92,-110.810
3941.16,-110.810
3941.41,-110.810
3941.65,-110.811
3941.89,-110.811
3942.14,-110.811
3942.38,-110.811
3942.63,-110.812
3942.87,-110.812
3943.12,-110.813
3943.36,-110.813
3943.60,-110.813
3943.85,-110.813
3944.09,-110.814
3944.34,-110.814
3944.58,-110.815
3944.82,-110.815
3945.07,-110.815
3945.31,-110.815
3945.56,-110.816
3945.80,-110.816
3946.04,-110.816
3946.29,-110.816
3946.53,-110.816
3946.78,-110.816
3947.02,-110.817
3947.27,-110.817
3947.51,-110.818
3947.75,-110.818
3948.00,-110.818
3948.24,-110.818
3948.49,-110.819
3948.73,-110.819
3948.97,-110.820
3949.22,-110.820
3949.46,-110.820
3949.71,-110.820
3949.95,-110.821
3950.20,-110.820
3950.44,-110.821
3950.68,-110.821
3950.93,-110.821
3951.17,-110.822
3951.42,-110.823
3951.66,-110.823
3951.90,-110.823
3952.15,-110.823
3952.39,-110.823
3952.64,-110.823
3952.88,-110.824
3953.12,-110.824
3953.37,-110.824
3953.61,-110.825
3953.86,-110.825
3954.10,-110.824
3954.35,-110.825
3954.59,-110.825
3954.83,-110.825
3955.08,-110.826
3955.32,-110.826
3955.57,-110.826
3955.81,-110.827
3956.05,-110.827
3956.30,-110.827
3956.54,-110.828
3956.79,-110.828
3957.03,-110.828
3957.28,-110.828
3957.52,-110.828
3957.76,-110.828
3958.01,-110.829
3958.25,-110.829
3958.50,-110.829
3958.74,-110.829
3958.98,-110.829
3959.23,-110.829
3959.47,-110.830
3959.72,-110.830
3959.96,-110.831
3960.21,-110.830
3960.45,-110.831
3960.69,-110.831
3960.94,-110.831
3961.18,-110.831
3961.43,-110.831
3961.67,-110.831
3961.91,-110.832
3962.16,-110.832
3962.40,-110.832
3962.65,-110.833
3962.89,-110.833
3963.13,-110.833
3963.38,-110.833
3963.62,-110.833
3963.87,-110.834
3964.11,-110.833
3964.36,-110.834
3964.60,-110.835
3964.84,-110.835
3965.09,-110.835
3965.33,-110.835
3965.58,-110.835
3965.82,-110.835
3966.06,-110.835
3966.31,-110.835
3966.55,-110.836
3966.80,-110.836
3967.04,-110.836
3967.29,-110.836
3967.53,-110.836
3967.77,-110.836
3968.02,-110.837
3968.26,-110.837
3968.51,-110.837
3968.75,-110.838
3968.99,-110.837
3969.24,-110.838
3969.48,-110.838
3969.73,-110.838
3969.97,-110.838
3970.21,-110.838
3970.46,-110.838
3970.70,-110.839
3970.95,-110.839
3971.19,-110.839
3971.44,-110.839
3971.68,-110.839
3971.92,-110.840
3972.17,-110.839
3972.41,-110.840
3972.66,-110.840
3972.90,-110.840
3973.14,-110.840
3973.39,-110.840
3973.63,-110.840
3973.88,-110.840
3974.12,-110.841
3974.37,-110.841
3974.61,-110.841
3974.85,-110.841
3975.10,-110.841
3975.34,-110.841
3975.59,-110.842
3975.83,-110.842
3976.07,-110.842
3976.32,-110.842
3976.56,-110.842
3976.81,-110.842
3977.05,-110.842
3977.29,-110.842
3977.54,-110.842
3977.78,-110.843
3978.03,-110.843
3978.27,-110.843
3978.52,-110.843
3978.76,-110.843
3979.00,-110.843
3979.25,-110.843
3979.49,-110.843
3979.74,-110.843
3979.98,-110.843
3980.22,-110.843
3980.47,-110.844
3980.71,-110.844
3980.96,-110.844
3981.20,-110.844
3981.45,-110.844
3981.69,-110.844
3981.93,-110.844
3982.18,-110.844
3982.42,-110.844
3982.67,-110.844
3982.91,-110.844
3983.15,-110.845
3983.40,-110.845
3983.64,-110.845
3983.89,-110.845
3984.13,-110.845
3984.38,-110.845
3984.62,-110.845
3984.86,-110.845
3985.11,-110.845
3985.35,-110.846
3985.60,-110.846
3985.84,-110.846
3986.08,-110.846
3986.33,-110.846
3986.57,-110.846
3986.82,-110.846
3987.06,-110.846
3987.30,-110.846
3987.55,-110.846
3987.79,-110.846
3988.04,-110.846
3988.28,-110.846
3988.53,-110.847
3988.77,-110.846
3989.01,-110.847
3989.26,-110.847
3989.50,-110.847
3989.75,-110.847
3989.99,-110.847
3990.23,-110.847
3990.48,-110.847
3990.72,-110.847
3990.97,-110.847
3991.21,-110.847
3991.46,-110.847
3991.70,-110.847
3991.94,-110.847
3992.19,-110.847
3992.43,-110.847
3992.68,-110.847
3992.92,-110.847
3993.16,-110.847
3993.41,-110.847
3993.65,-110.847
3993.90,-110.847
3994.14,-110.847
3994.38,-110.847
3994.63,-110.848
3994.87,-110.848
3995.12,-110.848
3995.36,-110.848
3995.61,-110.847
3995.85,-110.848
3996.09,-110.848
3996.34,-110.848
3996.58,-110.848
3996.83,-110.848
3997.07,-110.848
3997.31,-110.848
3997.56,-110.848
3997.80,-110.848
3998.05,-110.848
3998.29,-110.848
3998.54,-110.847
3998.78,-110.848
3999.02,-110.848
3999.27,-110.848
3999.51,-110.847
3999.76,-110.848
4000.00,-113.360
