Frequency (Hz),FFT Magnitude (dB)
0.00,-120.000
0.24,-102.648
0.49,-102.531
0.73,-102.526
0.98,-101.896
1.22,-101.873
1.46,-101.723
1.71,-100.884
1.95,-100.282
2.20,-98.384
2.44,-98.623
2.69,-99.086
2.93,-97.165
3.17,-98.361
3.42,-99.426
3.66,-99.046
3.91,-96.073
4.15,-97.089
4.39,-99.133
4.64,-97.890
4.88,-94.980
5.13,-91.337
5.37,-92.439
5.62,-90.088
5.86,-90.477
6.10,-94.076
6.35,-93.366
6.59,-94.039
6.84,-95.053
7.08,-95.005
7.32,-95.365
7.57,-95.086
7.81,-94.762
8.06,-94.243
8.30,-90.873
8.54,-91.038
8.79,-89.724
9.03,-92.178
9.28,-89.324
9.52,-88.152
9.77,-90.020
10.01,-86.843
10.25,-84.288
10.50,-83.540
10.74,-83.757
10.99,-87.476
11.23,-84.271
11.47,-85.361
11.72,-87.557
11.96,-85.402
12.21,-90.509
12.45,-89.740
12.70,-89.654
12.94,-81.391
13.18,-85.214
13.43,-82.858
13.67,-84.242
13.92,-85.297
14.16,-86.342
14.40,-83.939
14.65,-83.618
14.89,-81.399
15.14,-79.013
15.38,-83.371
15.62,-86.241
15.87,-74.650
16.11,-85.574
16.36,-86.738
16.60,-86.242
16.85,-86.471
17.09,-87.618
17.33,-85.345
17.58,-86.792
17.82,-86.270
18.07,-83.479
18.31,-85.550
18.55,-84.138
18.80,-84.950
19.04,-81.974
19.29,-82.793
19.53,-85.675
19.78,-84.765
20.02,-83.635
20.26,-85.901
20.51,-84.527
20.75,-85.399
21.00,-84.378
21.24,-87.199
21.48,-84.754
21.73,-86.228
21.97,-86.187
22.22,-86.082
22.46,-87.097
22.71,-85.538
22.95,-85.796
23.19,-87.473
23.44,-87.030
23.68,-86.940
23.93,-83.147
24.17,-82.681
24.41,-83.439
24.66,-81.512
24.90,-83.298
25.15,-81.851
25.39,-81.608
25.63,-82.789
25.88,-77.996
26.12,-79.384
26.37,-75.106
26.61,-78.516
26.86,-76.114
27.10,-75.248
27.34,-79.359
27.59,-78.360
27.83,-76.237
28.08,-77.500
28.32,-75.205
28.56,-67.404
28.81,-63.904
29.05,-72.931
29.30,-72.725
29.54,-62.269
29.79,-67.245
30.03,-74.972
30.27,-77.701
30.52,-79.624
30.76,-76.162
31.01,-77.858
31.25,-79.049
31.49,-77.670
31.74,-65.049
31.98,-73.109
32.23,-76.640
32.47,-73.580
32.71,-79.324
32.96,-76.587
33.20,-76.873
33.45,-77.168
33.69,-73.124
33.94,-75.216
34.18,-75.620
34.42,-71.836
34.67,-62.897
34.91,-71.146
35.16,-71.333
35.40,-73.427
35.64,-72.991
35.89,-73.581
36.13,-76.617
36.38,-74.082
36.62,-79.097
36.87,-76.769
37.11,-77.713
37.35,-79.395
37.60,-81.209
37.84,-79.788
38.09,-79.925
38.33,-82.812
38.57,-79.927
38.82,-79.492
39.06,-76.375
39.31,-76.918
39.55,-76.913
39.79,-77.927
40.04,-79.445
40.28,-80.386
40.53,-81.007
40.77,-78.517
41.02,-79.844
41.26,-80.602
41.50,-80.552
41.75,-80.618
41.99,-76.578
42.24,-75.796
42.48,-75.510
42.72,-73.385
42.97,-72.532
43.21,-69.927
43.46,-69.923
43.70,-67.970
43.95,-69.496
44.19,-73.643
44.43,-78.591
44.68,-75.314
44.92,-77.262
45.17,-75.208
45.41,-77.111
45.65,-77.984
45.90,-79.233
46.14,-80.582
46.39,-80.550
46.63,-80.549
46.88,-78.751
47.12,-78.681
47.36,-80.540
47.61,-77.587
47.85,-76.737
48.10,-79.149
48.34,-81.345
48.58,-79.221
48.83,-80.462
49.07,-80.231
49.32,-79.676
49.56,-78.775
49.80,-80.694
50.05,-79.779
50.29,-79.536
50.54,-80.004
50.78,-80.042
51.03,-78.025
51.27,-77.045
51.51,-77.533
51.76,-78.884
52.00,-76.862
52.25,-76.376
52.49,-78.846
52.73,-78.439
52.98,-77.578
53.22,-79.594
53.47,-78.715
53.71,-78.221
53.96,-78.976
54.20,-79.491
54.44,-78.604
54.69,-79.201
54.93,-80.989
55.18,-80.620
55.42,-79.999
55.66,-79.903
55.91,-78.595
56.15,-81.071
56.40,-82.338
56.64,-79.329
56.88,-79.883
57.13,-81.537
57.37,-77.287
57.62,-77.103
57.86,-74.489
58.11,-76.142
58.35,-71.743
58.59,-73.004
58.84,-77.969
59.08,-73.370
59.33,-74.094
59.57,-81.326
59.81,-82.536
60.06,-82.055
60.30,-81.970
60.55,-85.575
60.79,-82.911
61.04,-82.577
61.28,-83.399
61.52,-82.144
61.77,-82.739
62.01,-82.552
62.26,-79.944
62.50,-83.018
62.74,-83.211
62.99,-79.745
63.23,-77.659
63.48,-72.126
63.72,-74.869
63.96,-79.585
64.21,-81.806
64.45,-77.266
64.70,-79.084
64.94,-77.832
65.19,-76.047
65.43,-70.685
65.67,-74.828
65.92,-76.519
66.16,-78.090
66.41,-78.421
66.65,-79.089
66.89,-79.388
67.14,-76.254
67.38,-78.023
67.63,-77.252
67.87,-76.211
68.12,-74.610
68.36,-76.375
68.60,-75.679
68.85,-74.787
69.09,-72.575
69.34,-75.942
69.58,-76.537
69.82,-76.345
70.07,-77.072
70.31,-76.556
70.56,-79.319
70.80,-79.021
71.04,-76.978
71.29,-79.399
71.53,-78.918
71.78,-77.805
72.02,-80.467
72.27,-79.358
72.51,-80.409
72.75,-81.281
73.00,-80.638
73.24,-80.490
73.49,-83.374
73.73,-80.037
73.97,-79.966
74.22,-82.337
74.46,-80.777
74.71,-82.046
74.95,-81.172
75.20,-81.588
75.44,-80.270
75.68,-81.952
75.93,-82.896
76.17,-80.950
76.42,-79.649
76.66,-82.891
76.90,-79.584
77.15,-82.255
77.39,-83.588
77.64,-83.575
77.88,-81.483
78.12,-80.689
78.37,-81.298
78.61,-78.830
78.86,-80.012
79.10,-79.759
79.35,-79.489
79.59,-77.648
79.83,-75.924
80.08,-78.743
80.32,-79.084
80.57,-78.783
80.81,-78.096
81.05,-80.255
81.30,-79.321
81.54,-80.747
81.79,-79.290
82.03,-80.197
82.28,-81.174
82.52,-80.810
82.76,-80.694
83.01,-81.041
83.25,-80.626
83.50,-82.062
83.74,-81.198
83.98,-82.935
84.23,-78.011
84.47,-81.092
84.72,-80.649
84.96,-81.020
85.21,-78.764
85.45,-80.966
85.69,-80.740
85.94,-79.636
86.18,-80.485
86.43,-79.537
86.67,-81.917
86.91,-80.120
87.16,-81.529
87.40,-81.444
87.65,-80.553
87.89,-80.668
88.13,-79.609
88.38,-79.675
88.62,-80.911
88.87,-68.844
89.11,-83.161
89.36,-81.246
89.60,-80.211
89.84,-81.037
90.09,-79.613
90.33,-80.295
90.58,-77.811
90.82,-78.847
91.06,-78.054
91.31,-78.706
91.55,-80.678
91.80,-75.700
92.04,-77.735
92.29,-76.707
92.53,-79.778
92.77,-76.870
93.02,-78.697
93.26,-75.897
93.51,-68.776
93.75,-77.001
93.99,-78.203
94.24,-80.582
94.48,-79.008
94.73,-81.186
94.97,-79.171
95.21,-80.623
95.46,-82.101
95.70,-80.411
95.95,-79.578
96.19,-79.089
96.44,-81.874
96.68,-81.128
96.92,-79.859
97.17,-80.660
97.41,-79.060
97.66,-79.106
97.90,-79.679
98.14,-78.892
98.39,-79.247
98.63,-79.023
98.88,-75.330
99.12,-81.152
99.37,-81.177
99.61,-82.237
99.85,-81.188
100.10,-80.613
100.34,-80.455
100.59,-79.304
100.83,-79.869
101.07,-79.351
101.32,-77.739
101.56,-77.431
101.81,-78.486
102.05,-77.798
102.29,-75.868
102.54,-78.896
102.78,-78.642
103.03,-78.990
103.27,-79.364
103.52,-77.071
103.76,-77.305
104.00,-77.583
104.25,-75.319
104.49,-77.047
104.74,-77.539
104.98,-77.309
105.22,-75.304
105.47,-77.900
105.71,-79.771
105.96,-76.868
106.20,-72.259
106.45,-75.375
106.69,-77.063
106.93,-78.550
107.18,-76.983
107.42,-78.155
107.67,-77.148
107.91,-79.432
108.15,-76.337
108.40,-76.989
108.64,-78.162
108.89,-76.226
109.13,-78.706
109.38,-75.111
109.62,-75.728
109.86,-76.155
110.11,-78.103
110.35,-77.433
110.60,-77.723
110.84,-78.241
111.08,-77.764
111.33,-73.867
111.57,-76.444
111.82,-74.850
112.06,-74.477
112.30,-74.456
112.55,-76.407
112.79,-74.357
113.04,-69.000
113.28,-74.255
113.53,-72.449
113.77,-74.196
114.01,-74.767
114.26,-75.655
114.50,-74.588
114.75,-75.804
114.99,-73.077
115.23,-72.815
115.48,-77.248
115.72,-76.377
115.97,-75.865
116.21,-76.716
116.46,-77.573
116.70,-76.179
116.94,-73.884
117.19,-74.174
117.43,-76.081
117.68,-75.518
117.92,-73.442
118.16,-73.585
118.41,-70.147
118.65,-69.889
118.90,-70.838
119.14,-67.981
119.38,-65.568
119.63,-60.946
119.87,-46.931
120.12,-56.568
120.36,-63.748
120.61,-67.363
120.85,-69.639
121.09,-71.504
121.34,-71.505
121.58,-73.423
121.83,-74.093
122.07,-76.549
122.31,-63.997
122.56,-75.027
122.80,-78.100
123.05,-76.619
123.29,-76.282
123.54,-72.807
123.78,-75.263
124.02,-75.757
124.27,-77.615
124.51,-78.136
124.76,-75.975
125.00,-79.076
125.24,-78.780
125.49,-78.449
125.73,-77.567
125.98,-77.649
126.22,-77.158
126.46,-76.301
126.71,-77.688
126.95,-75.461
127.20,-78.349
127.44,-78.054
127.69,-74.681
127.93,-70.458
128.17,-75.469
128.42,-75.093
128.66,-74.626
128.91,-77.021
129.15,-75.214
129.39,-76.877
129.64,-74.763
129.88,-75.550
130.13,-74.646
130.37,-74.715
130.62,-73.514
130.86,-72.129
131.10,-72.778
131.35,-72.011
131.59,-70.703
131.84,-68.505
132.08,-69.806
132.32,-66.845
132.57,-61.481
132.81,-48.150
133.06,-57.807
133.30,-64.458
133.54,-58.058
133.79,-66.615
134.03,-70.480
134.28,-71.412
134.52,-73.783
134.77,-73.359
135.01,-75.250
135.25,-75.010
135.50,-76.855
135.74,-76.721
135.99,-74.051
136.23,-75.657
136.47,-75.005
136.72,-77.277
136.96,-76.261
137.21,-77.386
137.45,-79.288
137.70,-76.735
137.94,-78.405
138.18,-76.627
138.43,-75.545
138.67,-73.918
138.92,-72.795
139.16,-74.226
139.40,-75.004
139.65,-76.117
139.89,-75.196
140.14,-78.230
140.38,-75.631
140.62,-75.833
140.87,-74.674
141.11,-73.318
141.36,-75.533
141.60,-76.341
141.85,-76.074
142.09,-74.703
142.33,-77.350
142.58,-74.717
142.82,-74.839
143.07,-74.282
143.31,-76.128
143.55,-73.998
143.80,-74.897
144.04,-75.226
144.29,-75.264
144.53,-71.033
144.78,-74.234
145.02,-74.948
145.26,-72.022
145.51,-74.427
145.75,-71.567
146.00,-73.909
146.24,-72.742
146.48,-71.987
146.73,-72.361
146.97,-72.369
147.22,-72.387
147.46,-71.054
147.71,-72.228
147.95,-72.913
148.19,-71.219
148.44,-63.755
148.68,-70.532
148.93,-71.773
149.17,-71.935
149.41,-71.987
149.66,-69.956
149.90,-70.626
150.15,-68.683
150.39,-68.230
150.63,-69.314
150.88,-69.582
151.12,-67.938
151.37,-69.897
151.61,-71.748
151.86,-68.728
152.10,-70.497
152.34,-69.983
152.59,-70.858
152.83,-66.973
153.08,-67.080
153.32,-68.725
153.56,-69.399
153.81,-70.824
154.05,-71.408
154.30,-70.248
154.54,-70.322
154.79,-69.006
155.03,-71.100
155.27,-68.963
155.52,-72.963
155.76,-71.995
156.01,-73.528
156.25,-72.457
156.49,-73.874
156.74,-74.100
156.98,-73.878
157.23,-73.359
157.47,-72.941
157.71,-73.227
157.96,-74.350
158.20,-74.719
158.45,-75.888
158.69,-72.702
158.94,-72.584
159.18,-71.382
159.42,-59.713
159.67,-71.270
159.91,-74.261
160.16,-73.152
160.40,-71.832
160.64,-75.228
160.89,-72.258
161.13,-72.685
161.38,-74.721
161.62,-74.586
161.87,-74.747
162.11,-74.179
162.35,-75.674
162.60,-72.658
162.84,-72.174
163.09,-73.811
163.33,-74.068
163.57,-72.547
163.82,-73.636
164.06,-70.737
164.31,-70.577
164.55,-72.108
164.79,-73.049
165.04,-72.868
165.28,-75.127
165.53,-73.636
165.77,-72.936
166.02,-71.217
166.26,-72.928
166.50,-73.283
166.75,-73.463
166.99,-70.483
167.24,-72.928
167.48,-74.153
167.72,-74.236
167.97,-73.382
168.21,-72.259
168.46,-73.009
168.70,-74.144
168.95,-72.968
169.19,-73.723
169.43,-73.489
169.68,-72.770
169.92,-74.205
170.17,-73.547
170.41,-74.758
170.65,-73.780
170.90,-74.121
171.14,-73.559
171.39,-74.457
171.63,-76.340
171.88,-74.068
172.12,-74.137
172.36,-74.119
172.61,-73.565
172.85,-73.166
173.10,-70.001
173.34,-70.235
173.58,-75.452
173.83,-74.873
174.07,-77.861
174.32,-74.739
174.56,-75.316
174.80,-77.465
175.05,-76.563
175.29,-76.121
175.54,-77.334
175.78,-76.711
176.03,-78.482
176.27,-78.777
176.51,-76.215
176.76,-76.081
177.00,-77.167
177.25,-74.240
177.49,-73.793
177.73,-74.208
177.98,-76.164
178.22,-72.542
178.47,-71.863
178.71,-76.166
178.96,-75.746
179.20,-75.518
179.44,-76.384
179.69,-73.658
179.93,-74.218
180.18,-73.812
180.42,-74.409
180.66,-75.303
180.91,-75.177
181.15,-75.834
181.40,-77.629
181.64,-78.402
181.88,-75.844
182.13,-77.563
182.37,-73.242
182.62,-74.197
182.86,-73.466
183.11,-75.648
183.35,-76.329
183.59,-76.378
183.84,-76.526
184.08,-74.762
184.33,-75.218
184.57,-76.859
184.81,-74.276
185.06,-75.258
185.30,-72.327
185.55,-74.331
185.79,-76.235
186.04,-70.172
186.28,-75.092
186.52,-73.306
186.77,-71.350
187.01,-74.085
187.26,-73.237
187.50,-76.508
187.74,-76.114
187.99,-73.741
188.23,-73.396
188.48,-74.731
188.72,-72.592
188.96,-72.929
189.21,-74.609
189.45,-75.212
189.70,-74.675
189.94,-73.043
190.19,-70.916
190.43,-73.463
190.67,-75.080
190.92,-75.630
191.16,-75.775
191.41,-77.392
191.65,-72.042
191.89,-75.614
192.14,-76.635
192.38,-77.748
192.63,-75.763
192.87,-76.732
193.12,-76.385
193.36,-76.202
193.60,-79.717
193.85,-78.559
194.09,-78.245
194.34,-76.220
194.58,-78.448
194.82,-77.749
195.07,-78.031
195.31,-78.507
195.56,-77.919
195.80,-77.746
196.04,-78.291
196.29,-78.867
196.53,-75.983
196.78,-76.169
197.02,-76.628
197.27,-75.970
197.51,-75.486
197.75,-77.017
198.00,-80.038
198.24,-76.231
198.49,-77.044
198.73,-76.983
198.97,-78.495
199.22,-76.058
199.46,-77.231
199.71,-72.707
199.95,-78.592
200.20,-80.045
200.44,-79.116
200.68,-79.891
200.93,-79.824
201.17,-80.072
201.42,-79.044
201.66,-77.111
201.90,-79.364
202.15,-77.760
202.39,-77.771
202.64,-80.330
202.88,-82.935
203.12,-79.842
203.37,-79.703
203.61,-76.439
203.86,-77.370
204.10,-78.175
204.35,-76.505
204.59,-79.213
204.83,-77.388
205.08,-79.641
205.32,-77.064
205.57,-77.319
205.81,-81.090
206.05,-79.274
206.30,-81.550
206.54,-77.823
206.79,-78.100
207.03,-78.718
207.28,-76.751
207.52,-77.512
207.76,-60.944
208.01,-77.059
208.25,-78.730
208.50,-75.998
208.74,-79.302
208.98,-78.599
209.23,-78.690
209.47,-80.250
209.72,-77.961
209.96,-79.559
210.21,-78.557
210.45,-76.566
210.69,-78.021
210.94,-76.404
211.18,-79.135
211.43,-78.094
211.67,-77.372
211.91,-78.069
212.16,-77.622
212.40,-78.021
212.65,-74.304
212.89,-76.351
213.13,-74.993
213.38,-74.544
213.62,-77.569
213.87,-77.440
214.11,-79.039
214.36,-76.375
214.60,-77.239
214.84,-75.999
215.09,-78.344
215.33,-80.401
215.58,-77.618
215.82,-77.687
216.06,-79.023
216.31,-78.479
216.55,-81.605
216.80,-79.391
217.04,-78.350
217.29,-78.058
217.53,-78.657
217.77,-81.416
218.02,-80.854
218.26,-83.767
218.51,-80.677
218.75,-78.797
218.99,-78.689
219.24,-81.359
219.48,-79.656
219.73,-77.272
219.97,-78.906
220.21,-78.536
220.46,-76.105
220.70,-79.361
220.95,-78.597
221.19,-78.950
221.44,-75.375
221.68,-78.082
221.92,-76.368
222.17,-78.564
222.41,-79.389
222.66,-77.052
222.90,-76.340
223.14,-79.606
223.39,-76.116
223.63,-79.325
223.88,-78.693
224.12,-78.490
224.37,-77.605
224.61,-77.575
224.85,-80.315
225.10,-80.089
225.34,-80.128
225.59,-80.854
225.83,-78.827
226.07,-76.627
226.32,-73.302
226.56,-79.351
226.81,-80.081
227.05,-80.747
227.29,-81.474
227.54,-82.152
227.78,-82.146
228.03,-81.087
228.27,-82.736
228.52,-80.965
228.76,-77.957
229.00,-79.757
229.25,-81.722
229.49,-82.365
229.74,-81.788
229.98,-79.859
230.22,-80.186
230.47,-81.087
230.71,-79.871
230.96,-81.678
231.20,-82.725
231.45,-80.562
231.69,-77.202
231.93,-81.382
232.18,-78.700
232.42,-78.949
232.67,-80.007
232.91,-79.037
233.15,-78.457
233.40,-78.505
233.64,-80.366
233.89,-78.765
234.13,-80.829
234.38,-80.415
234.62,-81.141
234.86,-77.103
235.11,-80.232
235.35,-82.094
235.60,-78.486
235.84,-77.516
236.08,-78.092
236.33,-78.606
236.57,-78.694
236.82,-77.763
237.06,-78.724
237.30,-76.454
237.55,-75.687
237.79,-76.164
238.04,-76.662
238.28,-74.915
238.53,-74.224
238.77,-73.956
239.01,-69.549
239.26,-66.351
239.50,-70.349
239.75,-62.575
239.99,-63.032
240.23,-71.127
240.48,-74.066
240.72,-74.990
240.97,-75.590
241.21,-76.476
241.46,-77.230
241.70,-78.472
241.94,-75.017
242.19,-76.719
242.43,-76.558
242.68,-77.216
242.92,-74.225
243.16,-75.868
243.41,-75.910
243.65,-79.834
243.90,-77.733
244.14,-80.735
244.38,-78.089
244.63,-78.380
244.87,-77.315
245.12,-80.133
245.36,-80.692
245.61,-80.984
245.85,-81.999
246.09,-78.661
246.34,-81.665
246.58,-79.743
246.83,-80.183
247.07,-79.180
247.31,-77.196
247.56,-78.873
247.80,-78.561
248.05,-78.613
248.29,-82.755
248.54,-80.918
248.78,-80.183
249.02,-78.009
249.27,-81.101
249.51,-79.747
249.76,-79.744
250.00,-78.790
250.24,-77.899
250.49,-78.431
250.73,-77.097
250.98,-78.464
251.22,-77.246
251.46,-76.962
251.71,-75.323
251.95,-76.055
252.20,-75.359
252.44,-77.278
252.69,-72.311
252.93,-72.793
253.17,-77.891
253.42,-76.660
253.66,-78.140
253.91,-79.655
254.15,-77.831
254.39,-79.878
254.64,-81.105
254.88,-82.418
255.13,-80.429
255.37,-80.785
255.62,-81.081
255.86,-80.247
256.10,-81.819
256.35,-80.227
256.59,-82.344
256.84,-80.023
257.08,-80.684
257.32,-80.442
257.57,-81.578
257.81,-78.924
258.06,-83.706
258.30,-79.850
258.54,-79.989
258.79,-83.992
259.03,-81.333
259.28,-84.090
259.52,-81.929
259.77,-80.804
260.01,-83.009
260.25,-79.654
260.50,-82.307
260.74,-82.160
260.99,-82.402
261.23,-82.179
261.47,-83.616
261.72,-80.769
261.96,-81.684
262.21,-82.958
262.45,-82.457
262.70,-81.390
262.94,-83.979
263.18,-83.356
263.43,-85.168
263.67,-82.679
263.92,-82.910
264.16,-83.841
264.40,-85.954
264.65,-83.400
264.89,-84.734
265.14,-83.716
265.38,-83.865
265.62,-77.408
265.87,-78.354
266.11,-83.220
266.36,-84.270
266.60,-82.176
266.85,-84.242
267.09,-74.198
267.33,-79.679
267.58,-83.033
267.82,-83.785
268.07,-80.773
268.31,-82.908
268.55,-84.270
268.80,-84.394
269.04,-84.491
269.29,-82.790
269.53,-83.856
269.78,-83.479
270.02,-81.797
270.26,-81.205
270.51,-82.730
270.75,-81.345
271.00,-82.042
271.24,-82.786
271.48,-82.979
271.73,-82.856
271.97,-82.403
272.22,-83.023
272.46,-83.277
272.71,-87.179
272.95,-86.836
273.19,-82.542
273.44,-87.073
273.68,-84.740
273.93,-82.806
274.17,-84.407
274.41,-86.724
274.66,-84.941
274.90,-87.523
275.15,-86.428
275.39,-84.207
275.63,-83.166
275.88,-84.817
276.12,-80.803
276.37,-82.302
276.61,-82.690
276.86,-85.004
277.10,-83.350
277.34,-84.413
277.59,-85.772
277.83,-85.387
278.08,-86.828
278.32,-82.183
278.56,-85.382
278.81,-82.818
279.05,-82.492
279.30,-73.686
279.54,-78.627
279.79,-82.484
280.03,-80.811
280.27,-84.760
280.52,-83.764
280.76,-82.033
281.01,-82.685
281.25,-81.030
281.49,-80.300
281.74,-83.224
281.98,-80.605
282.23,-82.541
282.47,-82.142
282.71,-82.963
282.96,-81.609
283.20,-85.116
283.45,-82.608
283.69,-83.475
283.94,-83.164
284.18,-83.340
284.42,-84.466
284.67,-84.716
284.91,-86.066
285.16,-86.233
285.40,-84.998
285.64,-86.445
285.89,-85.393
286.13,-85.683
286.38,-84.165
286.62,-85.940
286.87,-81.950
287.11,-84.456
287.35,-84.501
287.60,-87.291
287.84,-83.202
288.09,-85.285
288.33,-84.848
288.57,-84.973
288.82,-84.625
289.06,-84.589
289.31,-85.679
289.55,-87.909
289.79,-85.525
290.04,-82.318
290.28,-84.890
290.53,-83.289
290.77,-82.731
291.02,-84.205
291.26,-83.931
291.50,-82.462
291.75,-84.290
291.99,-85.932
292.24,-81.534
292.48,-83.359
292.72,-85.012
292.97,-81.355
293.21,-84.967
293.46,-83.276
293.70,-84.769
293.95,-87.850
294.19,-85.574
294.43,-84.183
294.68,-83.215
294.92,-82.613
295.17,-86.130
295.41,-84.230
295.65,-86.195
295.90,-85.551
296.14,-83.469
296.39,-83.408
296.63,-83.381
296.88,-82.911
297.12,-83.412
297.36,-82.702
297.61,-82.964
297.85,-83.966
298.10,-82.694
298.34,-83.367
298.58,-80.878
298.83,-83.359
299.07,-83.353
299.32,-83.123
299.56,-82.138
299.80,-81.744
300.05,-81.852
300.29,-82.006
300.54,-83.050
300.78,-84.279
301.03,-85.132
301.27,-81.745
301.51,-85.232
301.76,-82.441
302.00,-84.419
302.25,-85.878
302.49,-84.363
302.73,-83.324
302.98,-83.424
303.22,-84.437
303.47,-85.790
303.71,-84.498
303.96,-82.274
304.20,-84.007
304.44,-82.726
304.69,-82.635
304.93,-87.187
305.18,-83.733
305.42,-85.514
305.66,-83.403
305.91,-84.055
306.15,-83.401
306.40,-82.987
306.64,-84.266
306.88,-86.290
307.13,-83.527
307.37,-83.645
307.62,-84.922
307.86,-83.942
308.11,-84.064
308.35,-84.209
308.59,-86.004
308.84,-85.204
309.08,-85.052
309.33,-84.136
309.57,-86.000
309.81,-84.020
310.06,-82.214
310.30,-85.686
310.55,-83.244
310.79,-82.840
311.04,-84.455
311.28,-85.064
311.52,-84.899
311.77,-85.357
312.01,-84.136
312.26,-86.392
312.50,-84.424
312.74,-84.573
312.99,-85.947
313.23,-85.685
313.48,-85.668
313.72,-84.421
313.96,-86.115
314.21,-86.344
314.45,-86.799
314.70,-86.850
314.94,-84.993
315.19,-85.829
315.43,-84.043
315.67,-84.344
315.92,-84.783
316.16,-86.546
316.41,-84.989
316.65,-85.956
316.89,-84.552
317.14,-86.945
317.38,-87.006
317.63,-85.004
317.87,-85.382
318.12,-84.996
318.36,-86.631
318.60,-87.379
318.85,-87.835
319.09,-85.690
319.34,-84.563
319.58,-86.906
319.82,-85.664
320.07,-85.754
320.31,-87.233
320.56,-87.506
320.80,-84.480
321.04,-84.781
321.29,-87.222
321.53,-85.862
321.78,-83.893
322.02,-85.028
322.27,-85.855
322.51,-86.704
322.75,-85.000
323.00,-86.313
323.24,-83.288
323.49,-84.948
323.73,-86.791
323.97,-86.090
324.22,-85.697
324.46,-85.472
324.71,-85.773
324.95,-85.394
325.20,-84.499
325.44,-85.835
325.68,-85.979
325.93,-87.232
326.17,-85.190
326.42,-84.454
326.66,-84.310
326.90,-88.415
327.15,-84.553
327.39,-84.174
327.64,-87.391
327.88,-87.838
328.12,-84.669
328.37,-87.353
328.61,-87.909
328.86,-86.646
329.10,-86.488
329.35,-84.368
329.59,-88.311
329.83,-86.586
330.08,-87.134
330.32,-86.378
330.57,-86.714
330.81,-85.148
331.05,-84.512
331.30,-83.818
331.54,-82.949
331.79,-84.888
332.03,-84.890
332.28,-86.794
332.52,-85.136
332.76,-86.732
333.01,-86.971
333.25,-85.575
333.50,-86.651
333.74,-84.014
333.98,-85.296
334.23,-81.667
334.47,-83.411
334.72,-85.064
334.96,-85.902
335.21,-87.507
335.45,-85.876
335.69,-88.160
335.94,-85.841
336.18,-87.234
336.43,-85.792
336.67,-87.798
336.91,-84.552
337.16,-86.642
337.40,-86.018
337.65,-86.007
337.89,-87.470
338.13,-86.548
338.38,-87.776
338.62,-86.115
338.87,-84.650
339.11,-85.348
339.36,-87.810
339.60,-84.976
339.84,-86.457
340.09,-85.932
340.33,-85.161
340.58,-86.311
340.82,-89.091
341.06,-87.937
341.31,-84.463
341.55,-84.359
341.80,-88.175
342.04,-86.850
342.29,-87.655
342.53,-86.480
342.77,-85.663
343.02,-87.196
343.26,-87.598
343.51,-85.938
343.75,-85.610
343.99,-87.106
344.24,-85.813
344.48,-88.147
344.73,-83.673
344.97,-87.491
345.21,-85.518
345.46,-83.848
345.70,-85.705
345.95,-84.801
346.19,-84.929
346.44,-86.051
346.68,-85.241
346.92,-85.693
347.17,-83.347
347.41,-84.484
347.66,-86.798
347.90,-85.655
348.14,-83.965
348.39,-85.541
348.63,-85.732
348.88,-84.947
349.12,-84.995
349.37,-83.954
349.61,-85.032
349.85,-88.373
350.10,-85.875
350.34,-83.975
350.59,-85.765
350.83,-86.341
351.07,-84.614
351.32,-83.691
351.56,-84.392
351.81,-88.396
352.05,-86.754
352.29,-84.197
352.54,-85.522
352.78,-85.511
353.03,-85.792
353.27,-85.617
353.52,-85.938
353.76,-87.125
354.00,-87.165
354.25,-87.365
354.49,-83.403
354.74,-86.082
354.98,-86.669
355.22,-86.114
355.47,-84.579
355.71,-86.533
355.96,-83.635
356.20,-78.539
356.45,-86.469
356.69,-84.242
356.93,-86.551
357.18,-85.077
357.42,-85.668
357.67,-86.886
357.91,-85.411
358.15,-87.734
358.40,-84.741
358.64,-88.147
358.89,-87.434
359.13,-82.154
359.38,-84.687
359.62,-83.310
359.86,-80.613
360.11,-84.956
360.35,-85.757
360.60,-86.762
360.84,-82.768
361.08,-84.740
361.33,-87.265
361.57,-86.832
361.82,-85.493
362.06,-85.951
362.30,-86.276
362.55,-85.352
362.79,-85.331
363.04,-86.175
363.28,-85.146
363.53,-86.528
363.77,-86.762
364.01,-84.254
364.26,-83.333
364.50,-84.713
364.75,-84.106
364.99,-85.223
365.23,-84.436
365.48,-82.706
365.72,-84.247
365.97,-83.249
366.21,-85.107
366.46,-85.820
366.70,-84.761
366.94,-85.742
367.19,-86.841
367.43,-85.711
367.68,-85.070
367.92,-86.252
368.16,-87.553
368.41,-84.470
368.65,-84.991
368.90,-83.803
369.14,-84.223
369.38,-85.486
369.63,-83.037
369.87,-86.498
370.12,-85.608
370.36,-85.593
370.61,-83.920
370.85,-84.363
371.09,-87.163
371.34,-85.010
371.58,-84.018
371.83,-84.995
372.07,-78.016
372.31,-86.203
372.56,-85.669
372.80,-83.846
373.05,-86.133
373.29,-84.119
373.54,-84.527
373.78,-86.887
374.02,-88.427
374.27,-89.326
374.51,-85.979
374.76,-86.911
375.00,-86.975
375.24,-85.554
375.49,-87.023
375.73,-85.821
375.98,-85.315
376.22,-86.385
376.46,-88.529
376.71,-87.335
376.95,-86.896
377.20,-85.878
377.44,-86.606
377.69,-86.724
377.93,-85.628
378.17,-86.822
378.42,-86.589
378.66,-86.089
378.91,-86.059
379.15,-84.408
379.39,-87.397
379.64,-86.988
379.88,-84.699
380.13,-84.161
380.37,-86.278
380.62,-85.295
380.86,-86.022
381.10,-84.003
381.35,-84.098
381.59,-83.912
381.84,-85.299
382.08,-85.197
382.32,-83.101
382.57,-86.485
382.81,-85.224
383.06,-86.459
383.30,-85.505
383.54,-86.706
383.79,-82.846
384.03,-85.329
384.28,-86.329
384.52,-84.509
384.77,-85.980
385.01,-82.564
385.25,-84.730
385.50,-85.751
385.74,-88.051
385.99,-86.949
386.23,-86.254
386.47,-84.832
386.72,-85.505
386.96,-84.308
387.21,-85.325
387.45,-85.390
387.70,-83.934
387.94,-84.430
388.18,-86.810
388.43,-85.966
388.67,-88.441
388.92,-84.795
389.16,-85.639
389.40,-89.386
389.65,-86.168
389.89,-86.580
390.14,-87.792
390.38,-86.612
390.62,-87.007
390.87,-87.439
391.11,-87.854
391.36,-85.116
391.60,-85.942
391.85,-85.060
392.09,-85.303
392.33,-86.614
392.58,-87.891
392.82,-87.243
393.07,-84.215
393.31,-83.980
393.55,-84.799
393.80,-83.583
394.04,-83.222
394.29,-82.463
394.53,-83.275
394.78,-84.049
395.02,-85.678
395.26,-85.611
395.51,-82.593
395.75,-83.071
396.00,-84.575
396.24,-83.531
396.48,-81.970
396.73,-84.198
396.97,-82.474
397.22,-83.608
397.46,-84.755
397.71,-81.407
397.95,-83.684
398.19,-81.225
398.44,-76.359
398.68,-73.333
398.93,-81.841
399.17,-82.506
399.41,-83.630
399.66,-85.207
399.90,-85.060
400.15,-85.660
400.39,-83.862
400.63,-85.368
400.88,-85.035
401.12,-85.170
401.37,-86.226
401.61,-87.795
401.86,-88.639
402.10,-89.151
402.34,-86.103
402.59,-88.566
402.83,-88.303
403.08,-88.092
403.32,-88.384
403.56,-85.537
403.81,-86.493
404.05,-85.760
404.30,-85.393
404.54,-85.579
404.79,-84.542
405.03,-87.883
405.27,-86.163
405.52,-85.975
405.76,-86.793
406.01,-83.361
406.25,-85.351
406.49,-87.080
406.74,-88.885
406.98,-87.045
407.23,-85.804
407.47,-85.173
407.71,-84.746
407.96,-85.907
408.20,-89.311
408.45,-87.691
408.69,-86.449
408.94,-86.876
409.18,-88.837
409.42,-85.576
409.67,-85.677
409.91,-87.182
410.16,-88.171
410.40,-86.163
410.64,-84.088
410.89,-84.074
411.13,-84.448
411.38,-86.047
411.62,-86.161
411.87,-85.819
412.11,-83.741
412.35,-84.520
412.60,-87.188
412.84,-89.814
413.09,-89.206
413.33,-87.894
413.57,-89.762
413.82,-86.526
414.06,-85.653
414.31,-87.076
414.55,-84.928
414.79,-82.706
415.04,-87.507
415.28,-85.049
415.53,-83.277
415.77,-87.223
416.02,-90.776
416.26,-87.292
416.50,-88.078
416.75,-86.059
416.99,-85.873
417.24,-88.357
417.48,-85.191
417.72,-85.396
417.97,-85.923
418.21,-82.758
418.46,-85.734
418.70,-85.854
418.95,-87.244
419.19,-87.638
419.43,-86.637
419.68,-86.193
419.92,-85.964
420.17,-85.669
420.41,-87.883
420.65,-88.014
420.90,-85.899
421.14,-87.640
421.39,-85.185
421.63,-84.193
421.88,-86.160
422.12,-85.750
422.36,-86.569
422.61,-86.497
422.85,-86.214
423.10,-87.680
423.34,-85.470
423.58,-87.031
423.83,-86.571
424.07,-86.510
424.32,-88.584
424.56,-87.401
424.80,-84.187
425.05,-84.708
425.29,-85.260
425.54,-86.582
425.78,-85.853
426.03,-87.319
426.27,-85.474
426.51,-85.150
426.76,-84.584
427.00,-84.380
427.25,-84.903
427.49,-84.203
427.73,-87.251
427.98,-86.124
428.22,-86.223
428.47,-86.062
428.71,-84.162
428.96,-84.187
429.20,-85.545
429.44,-84.137
429.69,-85.210
429.93,-84.161
430.18,-86.396
430.42,-87.541
430.66,-85.991
430.91,-86.698
431.15,-85.861
431.40,-85.696
431.64,-84.812
431.88,-84.132
432.13,-85.443
432.37,-85.476
432.62,-84.049
432.86,-85.772
433.11,-87.289
433.35,-85.149
433.59,-86.030
433.84,-84.271
434.08,-86.310
434.33,-83.296
434.57,-85.968
434.81,-83.328
435.06,-84.061
435.30,-86.234
435.55,-85.183
435.79,-83.487
436.04,-83.015
436.28,-83.219
436.52,-84.085
436.77,-85.015
437.01,-84.907
437.26,-85.330
437.50,-84.669
437.74,-86.629
437.99,-85.488
438.23,-86.425
438.48,-82.331
438.72,-83.459
438.96,-84.993
439.21,-83.826
439.45,-84.762
439.70,-84.186
439.94,-84.320
440.19,-87.179
440.43,-86.198
440.67,-85.612
440.92,-85.796
441.16,-83.565
441.41,-83.895
441.65,-85.753
441.89,-84.471
442.14,-83.513
442.38,-84.366
442.63,-80.763
442.87,-83.085
443.12,-83.846
443.36,-84.686
443.60,-84.153
443.85,-85.281
444.09,-84.495
444.34,-86.320
444.58,-85.137
444.82,-84.353
445.07,-84.173
445.31,-82.049
445.56,-83.860
445.80,-84.238
446.04,-84.753
446.29,-83.621
446.53,-82.862
446.78,-83.624
447.02,-86.514
447.27,-86.603
447.51,-84.744
447.75,-84.527
448.00,-84.867
448.24,-88.036
448.49,-86.967
448.73,-86.124
448.97,-85.991
449.22,-84.634
449.46,-85.108
449.71,-86.064
449.95,-85.026
450.20,-86.616
450.44,-84.740
450.68,-85.683
450.93,-85.292
451.17,-87.029
451.42,-87.039
451.66,-85.794
451.90,-82.109
452.15,-86.379
452.39,-83.764
452.64,-87.158
452.88,-84.281
453.12,-85.703
453.37,-86.273
453.61,-85.066
453.86,-86.806
454.10,-87.286
454.35,-83.983
454.59,-83.873
454.83,-85.097
455.08,-86.613
455.32,-83.125
455.57,-83.466
455.81,-88.417
456.05,-85.208
456.30,-82.661
456.54,-82.515
456.79,-83.598
457.03,-85.165
457.28,-83.049
457.52,-83.558
457.76,-81.537
458.01,-83.162
458.25,-83.246
458.50,-82.731
458.74,-85.321
458.98,-83.457
459.23,-82.622
459.47,-83.292
459.72,-84.374
459.96,-84.552
460.21,-82.291
460.45,-84.263
460.69,-85.652
460.94,-80.419
461.18,-84.799
461.43,-84.465
461.67,-82.566
461.91,-81.113
462.16,-81.718
462.40,-84.358
462.65,-85.406
462.89,-85.659
463.13,-84.392
463.38,-83.444
463.62,-86.213
463.87,-84.675
464.11,-85.826
464.36,-88.815
464.60,-86.886
464.84,-83.553
465.09,-87.035
465.33,-85.146
465.58,-83.554
465.82,-85.760
466.06,-84.431
466.31,-88.155
466.55,-83.606
466.80,-84.775
467.04,-84.940
467.29,-83.880
467.53,-85.604
467.77,-85.859
468.02,-84.549
468.26,-83.978
468.51,-83.232
468.75,-84.623
468.99,-83.538
469.24,-83.052
469.48,-86.312
469.73,-85.364
469.97,-86.886
470.21,-83.024
470.46,-83.966
470.70,-83.670
470.95,-83.638
471.19,-85.474
471.44,-82.867
471.68,-82.953
471.92,-81.045
472.17,-84.845
472.41,-87.038
472.66,-83.622
472.90,-82.838
473.14,-83.513
473.39,-84.240
473.63,-85.935
473.88,-83.842
474.12,-81.749
474.37,-84.986
474.61,-81.989
474.85,-79.094
475.10,-83.073
475.34,-84.326
475.59,-82.825
475.83,-85.308
476.07,-83.430
476.32,-84.298
476.56,-82.406
476.81,-84.451
477.05,-85.648
477.29,-81.704
477.54,-83.137
477.78,-84.204
478.03,-86.542
478.27,-83.781
478.52,-83.665
478.76,-86.182
479.00,-85.684
479.25,-82.587
479.49,-86.140
479.74,-84.815
479.98,-82.071
480.22,-84.539
480.47,-85.066
480.71,-85.239
480.96,-83.514
481.20,-80.963
481.45,-84.234
481.69,-84.576
481.93,-83.769
482.18,-86.603
482.42,-82.911
482.67,-84.992
482.91,-84.910
483.15,-82.682
483.40,-82.776
483.64,-81.939
483.89,-83.632
484.13,-81.405
484.38,-82.575
484.62,-81.526
484.86,-80.609
485.11,-83.943
485.35,-82.282
485.60,-83.310
485.84,-82.951
486.08,-85.806
486.33,-81.228
486.57,-81.300
486.82,-82.678
487.06,-85.151
487.30,-84.789
487.55,-80.838
487.79,-83.291
488.04,-83.515
488.28,-82.320
488.53,-83.699
488.77,-83.239
489.01,-83.795
489.26,-83.493
489.50,-83.824
489.75,-82.565
489.99,-84.712
490.23,-83.284
490.48,-85.856
490.72,-82.741
490.97,-80.540
491.21,-81.803
491.46,-83.348
491.70,-81.393
491.94,-83.618
492.19,-81.388
492.43,-82.548
492.68,-83.673
492.92,-82.558
493.16,-83.847
493.41,-80.768
493.65,-79.286
493.90,-81.614
494.14,-85.178
494.38,-81.666
494.63,-80.962
494.87,-81.160
495.12,-82.963
495.36,-81.082
495.61,-81.496
495.85,-82.693
496.09,-82.313
496.34,-83.273
496.58,-82.281
496.83,-80.978
497.07,-85.187
497.31,-84.919
497.56,-85.233
497.80,-83.619
498.05,-83.418
498.29,-80.389
498.54,-82.007
498.78,-85.588
499.02,-85.868
499.27,-82.183
499.51,-83.374
499.76,-82.940
500.00,-81.871
500.24,-81.755
500.49,-82.308
500.73,-82.360
500.98,-82.358
501.22,-82.316
501.46,-80.930
501.71,-81.660
501.95,-80.274
502.20,-82.095
502.44,-82.162
502.69,-82.942
502.93,-81.442
503.17,-81.915
503.42,-84.650
503.66,-81.917
503.91,-82.458
504.15,-80.604
504.39,-81.896
504.64,-80.312
504.88,-80.849
505.13,-84.639
505.37,-81.359
505.62,-79.603
505.86,-80.904
506.10,-82.282
506.35,-82.263
506.59,-81.996
506.84,-83.331
507.08,-83.792
507.32,-83.445
507.57,-81.867
507.81,-82.963
508.06,-80.258
508.30,-81.707
508.54,-82.755
508.79,-81.442
509.03,-79.977
509.28,-83.366
509.52,-82.302
509.77,-81.439
510.01,-84.023
510.25,-83.339
510.50,-83.472
510.74,-82.776
510.99,-82.096
511.23,-83.677
511.47,-81.461
511.72,-80.772
511.96,-81.349
512.21,-80.209
512.45,-81.096
512.70,-80.821
512.94,-79.142
513.18,-81.202
513.43,-81.025
513.67,-79.736
513.92,-82.382
514.16,-82.776
514.40,-81.577
514.65,-81.260
514.89,-81.350
515.14,-80.894
515.38,-80.918
515.62,-82.745
515.87,-81.013
516.11,-81.097
516.36,-78.572
516.60,-81.769
516.85,-81.898
517.09,-83.125
517.33,-81.298
517.58,-83.925
517.82,-83.857
518.07,-81.747
518.31,-82.924
518.55,-80.946
518.80,-83.277
519.04,-81.313
519.29,-82.218
519.53,-80.379
519.78,-80.246
520.02,-81.170
520.26,-82.304
520.51,-82.227
520.75,-79.751
521.00,-81.699
521.24,-80.033
521.48,-80.368
521.73,-80.504
521.97,-79.792
522.22,-80.575
522.46,-79.227
522.71,-80.505
522.95,-79.866
523.19,-79.387
523.44,-81.720
523.68,-80.510
523.93,-80.812
524.17,-79.513
524.41,-78.590
524.66,-81.087
524.90,-80.745
525.15,-80.467
525.39,-80.092
525.63,-79.021
525.88,-81.086
526.12,-78.369
526.37,-82.372
526.61,-79.715
526.86,-79.686
527.10,-81.799
527.34,-79.600
527.59,-80.706
527.83,-80.322
528.08,-81.815
528.32,-80.740
528.56,-79.077
528.81,-79.655
529.05,-78.967
529.30,-81.169
529.54,-80.465
529.79,-81.410
530.03,-79.625
530.27,-79.190
530.52,-79.225
530.76,-79.686
531.01,-74.090
531.25,-70.165
531.49,-64.788
531.74,-70.084
531.98,-78.744
532.23,-79.117
532.47,-80.389
532.71,-78.790
532.96,-78.700
533.20,-81.269
533.45,-78.100
533.69,-78.699
533.94,-79.043
534.18,-81.734
534.42,-82.709
534.67,-81.431
534.91,-78.378
535.16,-78.397
535.40,-80.152
535.64,-80.549
535.89,-81.953
536.13,-80.576
536.38,-77.760
536.62,-79.111
536.87,-79.777
537.11,-81.102
537.35,-81.896
537.60,-80.780
537.84,-77.657
538.09,-81.122
538.33,-78.024
538.57,-78.050
538.82,-79.498
539.06,-77.534
539.31,-78.390
539.55,-78.827
539.79,-77.517
540.04,-79.257
540.28,-79.702
540.53,-76.565
540.77,-80.063
541.02,-77.551
541.26,-77.454
541.50,-78.259
541.75,-78.851
541.99,-80.756
542.24,-78.985
542.48,-78.225
542.72,-78.730
542.97,-79.527
543.21,-78.509
543.46,-74.970
543.70,-78.782
543.95,-78.719
544.19,-77.105
544.43,-78.672
544.68,-79.254
544.92,-78.027
545.17,-78.086
545.41,-77.106
545.65,-75.483
545.90,-75.340
546.14,-78.214
546.39,-77.352
546.63,-77.323
546.88,-76.631
547.12,-77.063
547.36,-76.808
547.61,-77.198
547.85,-77.339
548.10,-79.988
548.34,-79.496
548.58,-79.756
548.83,-76.628
549.07,-77.223
549.32,-79.115
549.56,-75.992
549.80,-79.087
550.05,-78.901
550.29,-77.158
550.54,-77.467
550.78,-77.510
551.03,-77.989
551.27,-75.704
551.51,-77.415
551.76,-80.110
552.00,-79.893
552.25,-78.147
552.49,-77.487
552.73,-78.823
552.98,-78.550
553.22,-78.707
553.47,-78.557
553.71,-78.233
553.96,-77.615
554.20,-77.488
554.44,-77.197
554.69,-77.120
554.93,-77.837
555.18,-77.321
555.42,-75.943
555.66,-77.587
555.91,-77.884
556.15,-81.526
556.40,-79.991
556.64,-76.717
556.88,-76.537
557.13,-77.692
557.37,-76.345
557.62,-76.454
557.86,-77.655
558.11,-76.491
558.35,-77.746
558.59,-76.956
558.84,-77.205
559.08,-77.015
559.33,-76.184
559.57,-77.684
559.81,-78.668
560.06,-77.448
560.30,-77.918
560.55,-78.940
560.79,-77.960
561.04,-76.286
561.28,-76.337
561.52,-75.401
561.77,-72.903
562.01,-76.135
562.26,-78.082
562.50,-75.885
562.74,-78.640
562.99,-76.383
563.23,-76.665
563.48,-78.812
563.72,-75.551
563.96,-74.210
564.21,-76.674
564.45,-78.229
564.70,-76.924
564.94,-75.888
565.19,-73.171
565.43,-75.512
565.67,-75.432
565.92,-77.108
566.16,-75.504
566.41,-75.145
566.65,-75.522
566.89,-76.126
567.14,-74.491
567.38,-75.250
567.63,-74.776
567.87,-73.253
568.12,-73.028
568.36,-74.477
568.60,-75.254
568.85,-76.063
569.09,-75.877
569.34,-77.378
569.58,-75.180
569.82,-76.590
570.07,-76.118
570.31,-72.553
570.56,-74.117
570.80,-74.663
571.04,-74.899
571.29,-74.196
571.53,-75.544
571.78,-76.322
572.02,-78.383
572.27,-74.978
572.51,-74.846
572.75,-75.002
573.00,-78.256
573.24,-76.164
573.49,-75.640
573.73,-74.636
573.97,-75.102
574.22,-74.062
574.46,-75.386
574.71,-75.508
574.95,-75.636
575.20,-76.414
575.44,-73.978
575.68,-74.314
575.93,-75.682
576.17,-76.266
576.42,-76.580
576.66,-78.224
576.90,-79.812
577.15,-77.385
577.39,-74.752
577.64,-76.519
577.88,-73.996
578.12,-75.148
578.37,-73.079
578.61,-74.675
578.86,-74.911
579.10,-76.199
579.35,-74.739
579.59,-74.556
579.83,-74.553
580.08,-72.435
580.32,-74.131
580.57,-74.070
580.81,-73.931
581.05,-74.182
581.30,-73.034
581.54,-75.002
581.79,-75.500
582.03,-73.466
582.28,-74.114
582.52,-74.803
582.76,-73.169
583.01,-75.166
583.25,-74.985
583.50,-74.248
583.74,-74.547
583.98,-72.447
584.23,-72.962
584.47,-72.016
584.72,-71.263
584.96,-72.869
585.21,-74.236
585.45,-72.845
585.69,-74.978
585.94,-73.383
586.18,-74.853
586.43,-73.852
586.67,-73.042
586.91,-75.444
587.16,-72.585
587.40,-76.791
587.65,-74.581
587.89,-72.079
588.13,-71.472
588.38,-71.001
588.62,-72.237
588.87,-72.946
589.11,-74.629
589.36,-73.991
589.60,-73.405
589.84,-74.843
590.09,-74.195
590.33,-73.014
590.58,-73.621
590.82,-74.130
591.06,-73.352
591.31,-73.443
591.55,-73.192
591.80,-75.108
592.04,-72.880
592.29,-74.787
592.53,-70.689
592.77,-74.521
593.02,-72.261
593.26,-73.666
593.51,-72.293
593.75,-72.911
593.99,-73.366
594.24,-73.576
594.48,-73.968
594.73,-75.649
594.97,-74.113
595.21,-72.555
595.46,-74.039
595.70,-74.841
595.95,-72.327
596.19,-73.010
596.44,-72.701
596.68,-73.092
596.92,-74.595
597.17,-75.846
597.41,-75.539
597.66,-73.314
597.90,-74.391
598.14,-73.845
598.39,-73.903
598.63,-74.448
598.88,-72.665
599.12,-74.655
599.37,-74.731
599.61,-73.243
599.85,-73.924
600.10,-74.199
600.34,-74.572
600.59,-73.218
600.83,-72.206
601.07,-71.849
601.32,-72.267
601.56,-74.645
601.81,-74.281
602.05,-72.834
602.29,-74.363
602.54,-75.193
602.78,-77.729
603.03,-72.716
603.27,-74.479
603.52,-72.632
603.76,-74.390
604.00,-72.949
604.25,-70.585
604.49,-71.422
604.74,-71.834
604.98,-74.460
605.22,-74.178
605.47,-75.304
605.71,-71.663
605.96,-74.016
606.20,-74.811
606.45,-73.592
606.69,-74.560
606.93,-73.809
607.18,-73.594
607.42,-74.093
607.67,-72.664
607.91,-73.949
608.15,-76.217
608.40,-76.360
608.64,-75.296
608.89,-72.943
609.13,-74.100
609.38,-74.548
609.62,-73.285
609.86,-74.215
610.11,-73.692
610.35,-73.682
610.60,-72.600
610.84,-73.624
611.08,-69.939
611.33,-70.171
611.57,-71.843
611.82,-73.613
612.06,-71.805
612.30,-74.306
612.55,-73.497
612.79,-73.613
613.04,-72.562
613.28,-74.967
613.53,-74.996
613.77,-74.505
614.01,-72.698
614.26,-75.041
614.50,-76.286
614.75,-73.121
614.99,-74.879
615.23,-75.546
615.48,-76.004
615.72,-73.761
615.97,-71.870
616.21,-72.828
616.46,-73.324
616.70,-74.726
616.94,-75.267
617.19,-75.582
617.43,-72.954
617.68,-74.034
617.92,-76.104
618.16,-74.191
618.41,-73.896
618.65,-71.116
618.90,-75.537
619.14,-75.683
619.38,-76.132
619.63,-74.662
619.87,-74.340
620.12,-77.562
620.36,-72.719
620.61,-77.965
620.85,-74.149
621.09,-74.732
621.34,-75.435
621.58,-79.232
621.83,-77.331
622.07,-75.758
622.31,-76.147
622.56,-76.426
622.80,-73.924
623.05,-75.251
623.29,-75.863
623.54,-76.662
623.78,-75.873
624.02,-72.721
624.27,-76.643
624.51,-75.139
624.76,-77.277
625.00,-73.604
625.24,-76.413
625.49,-72.591
625.73,-72.788
625.98,-75.644
626.22,-75.864
626.46,-74.778
626.71,-75.271
626.95,-74.418
627.20,-76.105
627.44,-77.512
627.69,-78.301
627.93,-74.584
628.17,-74.030
628.42,-75.734
628.66,-73.977
628.91,-75.778
629.15,-75.503
629.39,-74.620
629.64,-74.793
629.88,-75.489
630.13,-76.268
630.37,-78.037
630.62,-76.261
630.86,-73.948
631.10,-78.008
631.35,-75.596
631.59,-75.500
631.84,-77.143
632.08,-77.277
632.32,-76.827
632.57,-76.703
632.81,-77.934
633.06,-75.770
633.30,-80.026
633.54,-78.833
633.79,-77.166
634.03,-76.670
634.28,-76.370
634.52,-76.918
634.77,-75.447
635.01,-76.255
635.25,-74.934
635.50,-77.508
635.74,-75.928
635.99,-75.138
636.23,-76.307
636.47,-76.194
636.72,-75.907
636.96,-77.310
637.21,-78.955
637.45,-75.336
637.70,-77.399
637.94,-76.580
638.18,-76.903
638.43,-74.966
638.67,-77.661
638.92,-77.989
639.16,-75.789
639.40,-76.335
639.65,-78.915
639.89,-79.495
640.14,-79.032
640.38,-76.822
640.62,-79.047
640.87,-78.637
641.11,-77.611
641.36,-76.846
641.60,-76.547
641.85,-77.116
642.09,-74.328
642.33,-78.497
642.58,-78.520
642.82,-79.068
643.07,-77.762
643.31,-75.758
643.55,-76.885
643.80,-79.608
644.04,-79.518
644.29,-77.437
644.53,-78.322
644.78,-79.394
645.02,-76.370
645.26,-78.942
645.51,-80.536
645.75,-78.549
646.00,-77.843
646.24,-79.375
646.48,-80.115
646.73,-78.813
646.97,-77.919
647.22,-77.916
647.46,-79.116
647.71,-77.644
647.95,-77.477
648.19,-76.338
648.44,-77.102
648.68,-78.691
648.93,-79.628
649.17,-80.015
649.41,-79.595
649.66,-77.929
649.90,-78.697
650.15,-78.642
650.39,-78.540
650.63,-78.179
650.88,-78.643
651.12,-76.621
651.37,-77.933
651.61,-77.078
651.86,-77.354
652.10,-78.988
652.34,-77.901
652.59,-76.627
652.83,-80.557
653.08,-76.720
653.32,-79.046
653.56,-79.066
653.81,-77.630
654.05,-77.786
654.30,-75.884
654.54,-78.537
654.79,-78.602
655.03,-76.733
655.27,-81.814
655.52,-79.293
655.76,-80.349
656.01,-81.007
656.25,-79.052
656.49,-78.284
656.74,-80.046
656.98,-79.301
657.23,-79.568
657.47,-80.058
657.71,-79.134
657.96,-82.186
658.20,-80.930
658.45,-81.438
658.69,-78.009
658.94,-81.767
659.18,-80.521
659.42,-77.994
659.67,-79.476
659.91,-81.208
660.16,-79.873
660.40,-79.694
660.64,-80.093
660.89,-83.320
661.13,-82.173
661.38,-80.622
661.62,-80.982
661.87,-78.387
662.11,-79.786
662.35,-79.293
662.60,-79.954
662.84,-77.861
663.09,-79.793
663.33,-78.406
663.57,-76.669
663.82,-73.023
664.06,-68.799
664.31,-64.090
664.55,-66.065
664.79,-72.801
665.04,-75.475
665.28,-75.717
665.53,-78.921
665.77,-79.448
666.02,-79.613
666.26,-80.025
666.50,-80.069
666.75,-80.558
666.99,-78.755
667.24,-80.050
667.48,-81.099
667.72,-81.398
667.97,-80.015
668.21,-81.812
668.46,-80.201
668.70,-78.608
668.95,-80.169
669.19,-81.883
669.43,-81.908
669.68,-82.143
669.92,-81.816
670.17,-81.519
670.41,-78.665
670.65,-78.718
670.90,-81.902
671.14,-80.853
671.39,-82.918
671.63,-81.113
671.88,-82.470
672.12,-80.674
672.36,-81.420
672.61,-79.549
672.85,-79.163
673.10,-80.963
673.34,-81.302
673.58,-80.525
673.83,-78.695
674.07,-80.537
674.32,-81.248
674.56,-80.850
674.80,-79.154
675.05,-80.918
675.29,-80.179
675.54,-80.919
675.78,-79.594
676.03,-79.545
676.27,-82.017
676.51,-82.641
676.76,-84.107
677.00,-78.378
677.25,-82.317
677.49,-81.101
677.73,-80.730
677.98,-80.641
678.22,-80.899
678.47,-81.768
678.71,-79.847
678.96,-80.135
679.20,-78.861
679.44,-83.238
679.69,-81.935
679.93,-79.482
680.18,-82.161
680.42,-83.560
680.66,-83.221
680.91,-82.274
681.15,-80.750
681.40,-80.066
681.64,-82.171
681.88,-81.276
682.13,-84.076
682.37,-81.673
682.62,-82.050
682.86,-81.060
683.11,-82.611
683.35,-81.604
683.59,-81.175
683.84,-81.619
684.08,-81.820
684.33,-81.438
684.57,-78.868
684.81,-80.144
685.06,-81.208
685.30,-82.759
685.55,-80.678
685.79,-80.934
686.04,-81.498
686.28,-84.278
686.52,-82.941
686.77,-80.857
687.01,-81.144
687.26,-83.526
687.50,-84.546
687.74,-85.250
687.99,-83.368
688.23,-82.787
688.48,-81.696
688.72,-81.702
688.96,-82.846
689.21,-81.988
689.45,-81.853
689.70,-82.166
689.94,-82.357
690.19,-80.586
690.43,-81.927
690.67,-81.485
690.92,-82.312
691.16,-82.818
691.41,-84.678
691.65,-82.644
691.89,-80.301
692.14,-83.038
692.38,-80.971
692.63,-82.714
692.87,-83.045
693.12,-83.368
693.36,-82.488
693.60,-81.947
693.85,-85.215
694.09,-84.620
694.34,-82.526
694.58,-81.580
694.82,-82.547
695.07,-84.424
695.31,-82.523
695.56,-84.195
695.80,-80.579
696.04,-80.076
696.29,-81.276
696.53,-82.177
696.78,-82.511
697.02,-82.970
697.27,-84.094
697.51,-84.977
697.75,-84.628
698.00,-82.215
698.24,-84.628
698.49,-84.808
698.73,-82.901
698.97,-83.954
699.22,-85.911
699.46,-83.592
699.71,-85.822
699.95,-84.015
700.20,-80.757
700.44,-82.131
700.68,-81.018
700.93,-84.620
701.17,-84.725
701.42,-84.208
701.66,-84.009
701.90,-85.795
702.15,-84.559
702.39,-83.499
702.64,-84.014
702.88,-82.177
703.12,-82.715
703.37,-84.466
703.61,-82.115
703.86,-82.377
704.10,-84.473
704.35,-81.003
704.59,-82.742
704.83,-83.117
705.08,-83.472
705.32,-83.156
705.57,-84.906
705.81,-84.391
706.05,-83.725
706.30,-83.855
706.54,-84.147
706.79,-84.594
707.03,-82.009
707.28,-82.757
707.52,-83.336
707.76,-82.998
708.01,-81.169
708.25,-83.386
708.50,-82.724
708.74,-84.624
708.98,-85.486
709.23,-87.476
709.47,-83.940
709.72,-85.062
709.96,-84.398
710.21,-82.885
710.45,-86.100
710.69,-84.166
710.94,-84.327
711.18,-82.170
711.43,-81.686
711.67,-82.788
711.91,-82.726
712.16,-83.564
712.40,-83.080
712.65,-80.907
712.89,-82.749
713.13,-84.921
713.38,-84.490
713.62,-87.440
713.87,-85.871
714.11,-84.508
714.36,-83.419
714.60,-81.890
714.84,-82.347
715.09,-83.660
715.33,-83.675
715.58,-83.099
715.82,-83.169
716.06,-83.864
716.31,-85.142
716.55,-84.002
716.80,-86.174
717.04,-83.691
717.29,-82.909
717.53,-83.933
717.77,-85.785
718.02,-83.918
718.26,-83.661
718.51,-84.055
718.75,-84.888
718.99,-83.181
719.24,-82.604
719.48,-81.553
719.73,-84.415
719.97,-82.151
720.21,-82.914
720.46,-83.904
720.70,-81.942
720.95,-83.069
721.19,-83.256
721.44,-85.298
721.68,-84.367
721.92,-85.772
722.17,-87.072
722.41,-85.422
722.66,-83.956
722.90,-85.791
723.14,-86.265
723.39,-84.954
723.63,-84.730
723.88,-86.427
724.12,-85.798
724.37,-86.941
724.61,-85.961
724.85,-87.090
725.10,-85.991
725.34,-84.087
725.59,-84.215
725.83,-85.135
726.07,-84.750
726.32,-84.796
726.56,-85.417
726.81,-84.500
727.05,-86.688
727.29,-84.426
727.54,-86.046
727.78,-85.876
728.03,-82.214
728.27,-84.137
728.52,-84.934
728.76,-82.441
729.00,-84.919
729.25,-82.787
729.49,-84.373
729.74,-83.152
729.98,-83.556
730.22,-84.223
730.47,-86.486
730.71,-87.156
730.96,-83.179
731.20,-82.656
731.45,-84.739
731.69,-84.765
731.93,-84.913
732.18,-85.598
732.42,-86.281
732.67,-84.723
732.91,-83.211
733.15,-85.714
733.40,-83.160
733.64,-84.375
733.89,-86.342
734.13,-83.265
734.38,-83.620
734.62,-86.082
734.86,-84.701
735.11,-86.025
735.35,-83.093
735.60,-82.708
735.84,-87.168
736.08,-84.443
736.33,-83.514
736.57,-85.691
736.82,-85.158
737.06,-83.655
737.30,-85.210
737.55,-86.707
737.79,-86.627
738.04,-83.261
738.28,-84.611
738.53,-82.708
738.77,-84.351
739.01,-82.488
739.26,-84.869
739.50,-86.136
739.75,-83.760
739.99,-84.997
740.23,-83.636
740.48,-82.829
740.72,-75.516
740.97,-81.155
741.21,-84.026
741.46,-84.341
741.70,-85.736
741.94,-80.897
742.19,-84.943
742.43,-84.640
742.68,-85.044
742.92,-84.843
743.16,-85.385
743.41,-85.838
743.65,-84.687
743.90,-82.597
744.14,-84.804
744.38,-82.338
744.63,-86.567
744.87,-85.270
745.12,-85.291
745.36,-85.675
745.61,-84.142
745.85,-85.827
746.09,-83.331
746.34,-84.752
746.58,-85.784
746.83,-86.021
747.07,-88.545
747.31,-87.318
747.56,-89.434
747.80,-87.643
748.05,-86.840
748.29,-85.094
748.54,-86.432
748.78,-85.305
749.02,-85.207
749.27,-87.019
749.51,-86.754
749.76,-85.426
750.00,-84.415
750.24,-86.952
750.49,-83.631
750.73,-86.751
750.98,-87.239
751.22,-83.371
751.46,-83.479
751.71,-85.018
751.95,-85.984
752.20,-86.246
752.44,-88.710
752.69,-85.118
752.93,-84.038
753.17,-86.922
753.42,-84.074
753.66,-85.290
753.91,-87.224
754.15,-84.658
754.39,-86.186
754.64,-85.227
754.88,-88.027
755.13,-84.046
755.37,-83.659
755.62,-85.514
755.86,-86.036
756.10,-84.810
756.35,-84.266
756.59,-86.948
756.84,-85.270
757.08,-83.365
757.32,-86.088
757.57,-84.595
757.81,-86.337
758.06,-83.025
758.30,-86.411
758.54,-83.249
758.79,-84.415
759.03,-85.697
759.28,-87.021
759.52,-86.339
759.77,-84.630
760.01,-86.281
760.25,-84.481
760.50,-86.712
760.74,-84.009
760.99,-85.035
761.23,-84.144
761.47,-84.444
761.72,-86.232
761.96,-88.630
762.21,-87.174
762.45,-85.716
762.70,-86.968
762.94,-86.809
763.18,-85.772
763.43,-83.926
763.67,-83.804
763.92,-87.800
764.16,-86.579
764.40,-84.313
764.65,-83.642
764.89,-84.344
765.14,-86.118
765.38,-86.461
765.62,-86.210
765.87,-86.258
766.11,-87.654
766.36,-86.534
766.60,-84.041
766.85,-86.659
767.09,-84.222
767.33,-83.774
767.58,-84.393
767.82,-86.343
768.07,-84.170
768.31,-84.396
768.55,-85.792
768.80,-86.174
769.04,-87.230
769.29,-86.963
769.53,-84.954
769.78,-87.114
770.02,-88.149
770.26,-85.678
770.51,-79.539
770.75,-85.051
771.00,-85.960
771.24,-86.095
771.48,-85.151
771.73,-84.640
771.97,-85.964
772.22,-84.207
772.46,-83.687
772.71,-86.404
772.95,-86.668
773.19,-86.507
773.44,-87.148
773.68,-86.604
773.93,-86.597
774.17,-86.190
774.41,-88.381
774.66,-85.870
774.90,-87.510
775.15,-87.112
775.39,-86.494
775.63,-84.837
775.88,-85.776
776.12,-85.807
776.37,-85.138
776.61,-85.044
776.86,-86.600
777.10,-84.530
777.34,-86.608
777.59,-84.698
777.83,-84.932
778.08,-85.573
778.32,-85.029
778.56,-86.654
778.81,-88.023
779.05,-87.714
779.30,-89.742
779.54,-84.382
779.79,-87.196
780.03,-85.726
780.27,-86.478
780.52,-84.282
780.76,-87.444
781.01,-90.156
781.25,-83.607
781.49,-86.551
781.74,-86.091
781.98,-84.828
782.23,-85.345
782.47,-85.760
782.71,-85.114
782.96,-85.684
783.20,-84.751
783.45,-87.404
783.69,-86.054
783.94,-85.664
784.18,-85.983
784.42,-85.617
784.67,-87.552
784.91,-87.335
785.16,-87.014
785.40,-85.940
785.64,-87.616
785.89,-87.494
786.13,-89.392
786.38,-85.499
786.62,-84.361
786.87,-87.026
787.11,-85.157
787.35,-85.243
787.60,-84.657
787.84,-87.836
788.09,-86.707
788.33,-86.222
788.57,-87.157
788.82,-84.561
789.06,-84.609
789.31,-84.591
789.55,-86.327
789.79,-90.629
790.04,-88.077
790.28,-87.437
790.53,-88.883
790.77,-86.294
791.02,-86.046
791.26,-86.835
791.50,-86.450
791.75,-83.870
791.99,-86.266
792.24,-85.436
792.48,-86.933
792.72,-84.000
792.97,-87.530
793.21,-88.869
793.46,-86.390
793.70,-87.497
793.95,-85.925
794.19,-88.155
794.43,-87.308
794.68,-87.907
794.92,-86.447
795.17,-86.410
795.41,-86.599
795.65,-87.538
795.90,-84.263
796.14,-85.204
796.39,-85.176
796.63,-82.889
796.88,-83.264
797.12,-80.259
797.36,-82.704
797.61,-85.724
797.85,-85.985
798.10,-85.182
798.34,-86.058
798.58,-85.627
798.83,-88.354
799.07,-88.030
799.32,-84.935
799.56,-86.750
799.80,-87.730
800.05,-85.306
800.29,-86.914
800.54,-89.072
800.78,-85.630
801.03,-87.196
801.27,-87.644
801.51,-86.682
801.76,-87.449
802.00,-91.582
802.25,-89.445
802.49,-87.758
802.73,-84.802
802.98,-86.390
803.22,-88.477
803.47,-87.014
803.71,-86.642
803.96,-88.159
804.20,-85.178
804.44,-86.571
804.69,-84.831
804.93,-86.498
805.18,-86.450
805.42,-84.820
805.66,-86.190
805.91,-86.102
806.15,-87.450
806.40,-89.532
806.64,-86.773
806.88,-86.691
807.13,-88.979
807.37,-85.741
807.62,-88.349
807.86,-88.512
808.11,-86.759
808.35,-88.489
808.59,-86.477
808.84,-87.037
809.08,-85.285
809.33,-86.134
809.57,-87.216
809.81,-86.820
810.06,-89.600
810.30,-91.173
810.55,-87.248
810.79,-87.083
811.04,-87.361
811.28,-90.260
811.52,-84.995
811.77,-86.285
812.01,-87.550
812.26,-86.726
812.50,-85.285
812.74,-86.815
812.99,-85.671
813.23,-86.187
813.48,-86.863
813.72,-87.538
813.96,-85.786
814.21,-85.945
814.45,-85.722
814.70,-88.313
814.94,-88.315
815.19,-86.248
815.43,-85.393
815.67,-86.812
815.92,-85.644
816.16,-89.770
816.41,-86.136
816.65,-85.698
816.89,-86.472
817.14,-88.561
817.38,-89.594
817.63,-90.056
817.87,-88.446
818.12,-86.475
818.36,-87.307
818.60,-86.698
818.85,-88.300
819.09,-86.364
819.34,-86.218
819.58,-88.966
819.82,-86.876
820.07,-88.450
820.31,-86.360
820.56,-85.592
820.80,-87.117
821.04,-85.537
821.29,-89.255
821.53,-88.151
821.78,-84.839
822.02,-86.371
822.27,-88.836
822.51,-86.527
822.75,-85.993
823.00,-87.229
823.24,-88.591
823.49,-85.810
823.73,-85.777
823.97,-90.360
824.22,-87.086
824.46,-85.939
824.71,-86.123
824.95,-85.232
825.20,-91.585
825.44,-87.042
825.68,-86.671
825.93,-86.308
826.17,-89.452
826.42,-87.145
826.66,-87.890
826.90,-86.730
827.15,-86.184
827.39,-88.531
827.64,-85.473
827.88,-85.154
828.12,-89.144
828.37,-84.588
828.61,-87.405
828.86,-87.100
829.10,-86.304
829.35,-84.955
829.59,-85.041
829.83,-88.225
830.08,-88.567
830.32,-87.809
830.57,-87.998
830.81,-89.052
831.05,-86.216
831.30,-87.247
831.54,-86.395
831.79,-85.200
832.03,-86.589
832.28,-87.975
832.52,-88.717
832.76,-87.882
833.01,-85.489
833.25,-85.966
833.50,-87.420
833.74,-87.537
833.98,-86.968
834.23,-87.894
834.47,-87.675
834.72,-87.597
834.96,-87.274
835.21,-87.195
835.45,-87.333
835.69,-87.713
835.94,-88.000
836.18,-86.848
836.43,-88.760
836.67,-86.146
836.91,-87.055
837.16,-88.083
837.40,-87.537
837.65,-85.605
837.89,-86.933
838.13,-86.837
838.38,-88.097
838.62,-84.924
838.87,-86.526
839.11,-84.929
839.36,-85.608
839.60,-87.013
839.84,-86.435
840.09,-88.538
840.33,-86.726
840.58,-85.776
840.82,-85.267
841.06,-86.307
841.31,-87.993
841.55,-87.897
841.80,-87.131
842.04,-90.541
842.29,-87.281
842.53,-89.253
842.77,-88.436
843.02,-87.080
843.26,-87.765
843.51,-87.504
843.75,-86.771
843.99,-86.478
844.24,-86.219
844.48,-87.403
844.73,-88.528
844.97,-89.366
845.21,-88.984
845.46,-87.270
845.70,-88.363
845.95,-87.963
846.19,-87.847
846.44,-89.148
846.68,-85.141
846.92,-87.978
847.17,-88.214
847.41,-85.554
847.66,-86.178
847.90,-88.670
848.14,-88.563
848.39,-87.664
848.63,-85.454
848.88,-87.915
849.12,-87.608
849.37,-88.122
849.61,-86.114
849.85,-85.329
850.10,-83.695
850.34,-86.107
850.59,-87.307
850.83,-86.796
851.07,-86.992
851.32,-86.235
851.56,-88.071
851.81,-87.784
852.05,-87.014
852.29,-86.876
852.54,-86.182
852.78,-87.575
853.03,-86.768
853.27,-87.819
853.52,-87.659
853.76,-88.717
854.00,-88.842
854.25,-88.417
854.49,-86.122
854.74,-87.521
854.98,-86.258
855.22,-88.324
855.47,-85.315
855.71,-84.909
855.96,-87.101
856.20,-87.947
856.45,-85.719
856.69,-87.267
856.93,-86.839
857.18,-86.325
857.42,-87.345
857.67,-87.022
857.91,-88.385
858.15,-87.166
858.40,-86.773
858.64,-87.757
858.89,-87.025
859.13,-89.838
859.38,-87.323
859.62,-88.141
859.86,-86.311
860.11,-88.842
860.35,-88.851
860.60,-86.987
860.84,-87.158
861.08,-89.077
861.33,-87.882
861.57,-89.045
861.82,-88.277
862.06,-85.574
862.30,-87.968
862.55,-88.026
862.79,-87.551
863.04,-86.115
863.28,-86.147
863.53,-84.663
863.77,-86.477
864.01,-88.164
864.26,-86.695
864.50,-86.253
864.75,-86.291
864.99,-89.774
865.23,-86.236
865.48,-86.039
865.72,-87.238
865.97,-88.039
866.21,-85.565
866.46,-85.246
866.70,-88.811
866.94,-88.512
867.19,-85.858
867.43,-87.971
867.68,-88.750
867.92,-88.859
868.16,-87.342
868.41,-88.875
868.65,-85.740
868.90,-87.831
869.14,-87.868
869.38,-86.874
869.63,-84.674
869.87,-85.504
870.12,-86.050
870.36,-88.240
870.61,-88.804
870.85,-87.502
871.09,-86.135
871.34,-86.441
871.58,-87.753
871.83,-87.682
872.07,-86.178
872.31,-88.337
872.56,-85.268
872.80,-86.177
873.05,-85.213
873.29,-86.145
873.54,-85.047
873.78,-87.354
874.02,-86.680
874.27,-85.144
874.51,-85.015
874.76,-86.608
875.00,-87.645
875.24,-88.197
875.49,-87.065
875.73,-87.291
875.98,-86.810
876.22,-87.135
876.46,-87.654
876.71,-85.858
876.95,-86.099
877.20,-85.764
877.44,-85.866
877.69,-87.471
877.93,-87.932
878.17,-85.462
878.42,-87.511
878.66,-86.325
878.91,-85.165
879.15,-88.574
879.39,-86.455
879.64,-84.755
879.88,-86.241
880.13,-85.648
880.37,-86.150
880.62,-86.740
880.86,-86.512
881.10,-88.678
881.35,-86.288
881.59,-86.210
881.84,-87.258
882.08,-87.869
882.32,-87.622
882.57,-89.287
882.81,-87.259
883.06,-85.144
883.30,-87.926
883.54,-88.029
883.79,-85.782
884.03,-85.650
884.28,-86.517
884.52,-87.905
884.77,-88.600
885.01,-86.264
885.25,-87.039
885.50,-90.628
885.74,-87.932
885.99,-89.049
886.23,-86.156
886.47,-86.954
886.72,-87.963
886.96,-87.638
887.21,-88.286
887.45,-87.343
887.70,-87.340
887.94,-87.889
888.18,-87.709
888.43,-87.112
888.67,-86.426
888.92,-86.696
889.16,-86.948
889.40,-86.605
889.65,-84.267
889.89,-85.951
890.14,-87.545
890.38,-88.450
890.62,-86.814
890.87,-85.106
891.11,-87.074
891.36,-87.432
891.60,-86.514
891.85,-87.423
892.09,-85.989
892.33,-84.464
892.58,-86.330
892.82,-88.007
893.07,-88.427
893.31,-87.766
893.55,-86.486
893.80,-88.134
894.04,-86.595
894.29,-86.830
894.53,-85.931
894.78,-84.966
895.02,-87.908
895.26,-87.518
895.51,-84.516
895.75,-86.864
896.00,-87.352
896.24,-85.677
896.48,-85.741
896.73,-87.515
896.97,-87.593
897.22,-87.123
897.46,-88.906
897.71,-86.696
897.95,-85.498
898.19,-86.705
898.44,-89.244
898.68,-86.450
898.93,-87.758
899.17,-87.795
899.41,-87.025
899.66,-87.868
899.90,-86.646
900.15,-85.994
900.39,-87.627
900.63,-86.722
900.88,-85.386
901.12,-86.424
901.37,-85.162
901.61,-87.761
901.86,-85.709
902.10,-84.257
902.34,-86.313
902.59,-85.201
902.83,-85.506
903.08,-86.074
903.32,-87.784
903.56,-87.791
903.81,-86.749
904.05,-85.991
904.30,-84.759
904.54,-87.528
904.79,-87.733
905.03,-84.707
905.27,-85.371
905.52,-87.029
905.76,-86.495
906.01,-85.280
906.25,-84.912
906.49,-85.217
906.74,-88.134
906.98,-85.839
907.23,-87.426
907.47,-84.142
907.71,-85.356
907.96,-83.805
908.20,-85.552
908.45,-85.319
908.69,-87.620
908.94,-85.646
909.18,-86.619
909.42,-85.102
909.67,-84.579
909.91,-86.958
910.16,-84.868
910.40,-87.917
910.64,-87.545
910.89,-87.400
911.13,-87.270
911.38,-89.101
911.62,-86.482
911.87,-87.206
912.11,-88.436
912.35,-87.913
912.60,-87.102
912.84,-85.482
913.09,-83.316
913.33,-87.522
913.57,-86.516
913.82,-87.008
914.06,-85.870
914.31,-86.597
914.55,-88.234
914.79,-88.195
915.04,-88.932
915.28,-85.763
915.53,-86.119
915.77,-85.855
916.02,-85.374
916.26,-84.324
916.50,-87.236
916.75,-88.555
916.99,-86.905
917.24,-84.392
917.48,-88.000
917.72,-86.092
917.97,-87.425
918.21,-85.692
918.46,-85.883
918.70,-87.255
918.95,-85.981
919.19,-87.853
919.43,-87.149
919.68,-86.788
919.92,-85.974
920.17,-85.689
920.41,-86.526
920.65,-86.420
920.90,-87.023
921.14,-84.747
921.39,-85.292
921.63,-86.613
921.88,-85.256
922.12,-85.242
922.36,-87.212
922.61,-86.582
922.85,-84.826
923.10,-82.704
923.34,-85.848
923.58,-86.630
923.83,-88.497
924.07,-87.207
924.32,-85.200
924.56,-86.104
924.80,-85.190
925.05,-87.913
925.29,-88.911
925.54,-85.633
925.78,-86.691
926.03,-84.861
926.27,-86.656
926.51,-86.201
926.76,-85.790
927.00,-88.162
927.25,-86.378
927.49,-84.547
927.73,-85.307
927.98,-85.332
928.22,-84.590
928.47,-85.319
928.71,-87.750
928.96,-84.118
929.20,-85.446
929.44,-83.398
929.69,-86.416
929.93,-82.462
930.18,-83.944
930.42,-83.359
930.66,-86.120
930.91,-85.468
931.15,-84.012
931.40,-86.270
931.64,-85.490
931.88,-85.962
932.13,-84.995
932.37,-84.521
932.62,-86.996
932.86,-87.953
933.11,-86.978
933.35,-84.631
933.59,-83.828
933.84,-85.014
934.08,-85.402
934.33,-86.587
934.57,-85.210
934.81,-89.501
935.06,-87.713
935.30,-86.210
935.55,-86.087
935.79,-83.386
936.04,-86.404
936.28,-87.551
936.52,-84.800
936.77,-85.873
937.01,-84.030
937.26,-84.596
937.50,-83.958
937.74,-86.313
937.99,-85.881
938.23,-85.678
938.48,-84.467
938.72,-84.530
938.96,-85.129
939.21,-86.695
939.45,-85.937
939.70,-84.939
939.94,-85.784
940.19,-85.349
940.43,-82.157
940.67,-84.925
940.92,-84.317
941.16,-84.333
941.41,-86.924
941.65,-85.836
941.89,-84.987
942.14,-83.538
942.38,-86.034
942.63,-84.516
942.87,-87.171
943.12,-87.126
943.36,-88.795
943.60,-87.053
943.85,-85.900
944.09,-84.871
944.34,-84.764
944.58,-86.383
944.82,-84.178
945.07,-85.122
945.31,-85.610
945.56,-84.102
945.80,-85.985
946.04,-85.331
946.29,-88.229
946.53,-85.956
946.78,-85.180
947.02,-84.520
947.27,-83.874
947.51,-85.281
947.75,-84.623
948.00,-85.160
948.24,-86.249
948.49,-85.371
948.73,-85.648
948.97,-84.194
949.22,-84.893
949.46,-84.355
949.71,-83.720
949.95,-85.763
950.20,-86.310
950.44,-85.737
950.68,-86.700
950.93,-86.990
951.17,-84.375
951.42,-85.576
951.66,-85.470
951.90,-83.654
952.15,-85.549
952.39,-86.231
952.64,-83.975
952.88,-84.622
953.12,-86.098
953.37,-83.974
953.61,-86.973
953.86,-85.606
954.10,-85.126
954.35,-85.488
954.59,-84.041
954.83,-85.382
955.08,-86.646
955.32,-89.083
955.57,-86.862
955.81,-84.330
956.05,-82.917
956.30,-84.914
956.54,-85.765
956.79,-85.532
957.03,-82.762
957.28,-85.731
957.52,-85.948
957.76,-85.343
958.01,-85.074
958.25,-85.303
958.50,-84.219
958.74,-86.714
958.98,-86.125
959.23,-88.209
959.47,-84.582
959.72,-84.077
959.96,-82.939
960.21,-84.485
960.45,-85.373
960.69,-87.303
960.94,-83.237
961.18,-84.450
961.43,-88.537
961.67,-86.025
961.91,-83.621
962.16,-84.738
962.40,-85.010
962.65,-84.805
962.89,-85.622
963.13,-84.114
963.38,-82.860
963.62,-86.485
963.87,-84.035
964.11,-85.896
964.36,-83.077
964.60,-83.832
964.84,-84.219
965.09,-85.304
965.33,-85.773
965.58,-86.569
965.82,-86.044
966.06,-83.836
966.31,-86.289
966.55,-86.078
966.80,-83.443
967.04,-84.377
967.29,-82.057
967.53,-85.495
967.77,-85.969
968.02,-84.333
968.26,-84.564
968.51,-84.812
968.75,-85.387
968.99,-84.956
969.24,-83.931
969.48,-84.651
969.73,-84.402
969.97,-85.292
970.21,-83.954
970.46,-83.438
970.70,-86.423
970.95,-84.215
971.19,-84.730
971.44,-85.861
971.68,-84.388
971.92,-82.559
972.17,-82.076
972.41,-85.973
972.66,-85.334
972.90,-85.532
973.14,-82.967
973.39,-84.225
973.63,-83.748
973.88,-86.376
974.12,-82.949
974.37,-85.224
974.61,-84.559
974.85,-80.873
975.10,-84.175
975.34,-81.793
975.59,-85.987
975.83,-82.822
976.07,-84.142
976.32,-82.435
976.56,-82.507
976.81,-84.867
977.05,-85.106
977.29,-84.192
977.54,-83.761
977.78,-85.137
978.03,-84.423
978.27,-81.366
978.52,-85.142
978.76,-86.552
979.00,-85.040
979.25,-85.359
979.49,-83.549
979.74,-83.829
979.98,-83.884
980.22,-82.514
980.47,-84.249
980.71,-83.157
980.96,-83.065
981.20,-84.909
981.45,-84.092
981.69,-83.799
981.93,-84.588
982.18,-83.607
982.42,-83.531
982.67,-84.163
982.91,-84.277
983.15,-86.829
983.40,-84.619
983.64,-83.838
983.89,-84.358
984.13,-84.802
984.38,-84.281
984.62,-85.258
984.86,-83.637
985.11,-82.569
985.35,-84.514
985.60,-83.139
985.84,-86.277
986.08,-83.414
986.33,-87.394
986.57,-82.725
986.82,-83.247
987.06,-84.843
987.30,-85.414
987.55,-83.942
987.79,-81.195
988.04,-81.237
988.28,-84.331
988.53,-83.886
988.77,-81.899
989.01,-82.553
989.26,-82.995
989.50,-81.749
989.75,-83.609
989.99,-81.910
990.23,-82.361
990.48,-84.815
990.72,-82.941
990.97,-82.764
991.21,-83.357
991.46,-82.979
991.70,-84.645
991.94,-81.220
992.19,-82.179
992.43,-83.635
992.68,-82.829
992.92,-83.531
993.16,-83.160
993.41,-82.930
993.65,-81.570
993.90,-84.658
994.14,-83.177
994.38,-82.333
994.63,-82.253
994.87,-84.366
995.12,-83.754
995.36,-84.527
995.61,-83.700
995.85,-85.765
996.09,-85.989
996.34,-85.904
996.58,-82.260
996.83,-82.997
997.07,-83.585
997.31,-82.795
997.56,-82.736
997.80,-83.347
998.05,-82.958
998.29,-85.359
998.54,-86.745
998.78,-85.750
999.02,-81.754
999.27,-81.418
999.51,-83.903
999.76,-83.313
1000.00,-83.596
1000.24,-82.056
1000.49,-82.631
1000.73,-81.822
1000.98,-81.742
1001.22,-81.445
1001.46,-82.061
1001.71,-84.337
1001.95,-86.211
1002.20,-82.205
1002.44,-81.101
1002.69,-80.621
1002.93,-81.646
1003.17,-82.143
1003.42,-84.813
1003.66,-82.107
1003.91,-79.985
1004.15,-83.685
1004.39,-81.300
1004.64,-81.617
1004.88,-82.736
1005.13,-82.439
1005.37,-84.181
1005.62,-84.385
1005.86,-86.382
1006.10,-84.755
1006.35,-81.547
1006.59,-83.519
1006.84,-81.856
1007.08,-85.049
1007.32,-84.235
1007.57,-84.296
1007.81,-81.006
1008.06,-82.949
1008.30,-82.303
1008.54,-82.672
1008.79,-83.621
1009.03,-84.710
1009.28,-80.884
1009.52,-81.672
1009.77,-80.640
1010.01,-82.557
1010.25,-80.498
1010.50,-80.672
1010.74,-80.242
1010.99,-82.788
1011.23,-83.498
1011.47,-84.222
1011.72,-85.721
1011.96,-83.088
1012.21,-82.588
1012.45,-81.800
1012.70,-85.140
1012.94,-83.338
1013.18,-82.291
1013.43,-82.190
1013.67,-81.692
1013.92,-83.919
1014.16,-80.977
1014.40,-82.129
1014.65,-80.438
1014.89,-80.466
1015.14,-79.519
1015.38,-82.821
1015.62,-81.871
1015.87,-81.862
1016.11,-81.967
1016.36,-83.567
1016.60,-81.584
1016.85,-82.017
1017.09,-81.134
1017.33,-80.984
1017.58,-80.788
1017.82,-83.313
1018.07,-80.507
1018.31,-82.529
1018.55,-80.975
1018.80,-79.921
1019.04,-83.200
1019.29,-80.750
1019.53,-81.581
1019.78,-81.463
1020.02,-82.098
1020.26,-79.521
1020.51,-82.044
1020.75,-84.273
1021.00,-81.581
1021.24,-82.976
1021.48,-82.055
1021.73,-82.678
1021.97,-82.360
1022.22,-82.365
1022.46,-84.609
1022.71,-81.480
1022.95,-78.805
1023.19,-81.547
1023.44,-79.344
1023.68,-79.785
1023.93,-80.396
1024.17,-80.332
1024.41,-80.169
1024.66,-83.673
1024.90,-81.409
1025.15,-82.599
1025.39,-82.303
1025.63,-80.919
1025.88,-81.763
1026.12,-79.976
1026.37,-82.439
1026.61,-82.095
1026.86,-81.002
1027.10,-79.109
1027.34,-79.861
1027.59,-80.076
1027.83,-83.483
1028.08,-80.576
1028.32,-81.250
1028.56,-80.286
1028.81,-81.557
1029.05,-82.041
1029.30,-85.545
1029.54,-83.594
1029.79,-80.659
1030.03,-80.411
1030.27,-79.793
1030.52,-80.942
1030.76,-81.484
1031.01,-80.501
1031.25,-79.107
1031.49,-81.861
1031.74,-84.182
1031.98,-79.091
1032.23,-80.612
1032.47,-80.772
1032.71,-82.690
1032.96,-82.242
1033.20,-79.715
1033.45,-80.946
1033.69,-82.618
1033.94,-80.716
1034.18,-80.315
1034.42,-80.442
1034.67,-80.983
1034.91,-82.642
1035.16,-81.895
1035.40,-80.720
1035.64,-82.319
1035.89,-81.027
1036.13,-80.495
1036.38,-80.318
1036.62,-79.693
1036.87,-80.458
1037.11,-80.847
1037.35,-81.084
1037.60,-81.383
1037.84,-80.341
1038.09,-81.618
1038.33,-79.702
1038.57,-79.999
1038.82,-80.707
1039.06,-80.481
1039.31,-81.677
1039.55,-83.506
1039.79,-81.944
1040.04,-81.172
1040.28,-78.366
1040.53,-80.333
1040.77,-79.873
1041.02,-81.934
1041.26,-81.736
1041.50,-80.299
1041.75,-80.944
1041.99,-81.688
1042.24,-78.366
1042.48,-79.279
1042.72,-81.807
1042.97,-79.546
1043.21,-82.276
1043.46,-81.856
1043.70,-78.775
1043.95,-80.501
1044.19,-78.677
1044.43,-80.244
1044.68,-79.454
1044.92,-79.065
1045.17,-81.394
1045.41,-79.661
1045.65,-84.157
1045.90,-80.715
1046.14,-78.425
1046.39,-80.479
1046.63,-79.485
1046.88,-80.403
1047.12,-78.517
1047.36,-80.413
1047.61,-81.212
1047.85,-79.444
1048.10,-81.497
1048.34,-78.812
1048.58,-78.529
1048.83,-78.735
1049.07,-78.107
1049.32,-80.383
1049.56,-77.403
1049.80,-77.197
1050.05,-77.768
1050.29,-78.762
1050.54,-78.952
1050.78,-78.271
1051.03,-78.190
1051.27,-77.174
1051.51,-76.511
1051.76,-75.514
1052.00,-76.246
1052.25,-79.967
1052.49,-80.464
1052.73,-79.560
1052.98,-79.649
1053.22,-81.331
1053.47,-81.921
1053.71,-80.154
1053.96,-77.231
1054.20,-80.237
1054.44,-78.065
1054.69,-77.946
1054.93,-78.161
1055.18,-78.965
1055.42,-80.331
1055.66,-78.563
1055.91,-78.615
1056.15,-77.972
1056.40,-77.437
1056.64,-75.065
1056.88,-77.160
1057.13,-77.245
1057.37,-78.250
1057.62,-76.004
1057.86,-79.708
1058.11,-77.844
1058.35,-79.500
1058.59,-78.959
1058.84,-78.319
1059.08,-77.783
1059.33,-77.088
1059.57,-75.736
1059.81,-79.575
1060.06,-80.366
1060.30,-77.455
1060.55,-80.552
1060.79,-79.428
1061.04,-77.863
1061.28,-78.993
1061.52,-77.532
1061.77,-77.925
1062.01,-77.899
1062.26,-77.291
1062.50,-77.762
1062.74,-81.430
1062.99,-81.163
1063.23,-78.399
1063.48,-78.943
1063.72,-77.328
1063.96,-76.845
1064.21,-77.761
1064.45,-80.127
1064.70,-78.535
1064.94,-77.938
1065.19,-76.477
1065.43,-77.787
1065.67,-75.861
1065.92,-77.913
1066.16,-75.568
1066.41,-79.359
1066.65,-76.582
1066.89,-76.520
1067.14,-76.301
1067.38,-78.075
1067.63,-78.885
1067.87,-77.174
1068.12,-75.177
1068.36,-75.640
1068.60,-75.208
1068.85,-75.006
1069.09,-76.979
1069.34,-76.616
1069.58,-76.285
1069.82,-76.835
1070.07,-76.857
1070.31,-78.388
1070.56,-75.958
1070.80,-76.200
1071.04,-76.121
1071.29,-78.712
1071.53,-75.835
1071.78,-76.880
1072.02,-74.960
1072.27,-76.885
1072.51,-77.213
1072.75,-77.333
1073.00,-77.031
1073.24,-76.351
1073.49,-79.449
1073.73,-78.045
1073.97,-77.922
1074.22,-77.154
1074.46,-77.329
1074.71,-78.705
1074.95,-76.139
1075.20,-76.810
1075.44,-76.033
1075.68,-74.746
1075.93,-76.800
1076.17,-73.826
1076.42,-74.467
1076.66,-73.201
1076.90,-75.851
1077.15,-77.209
1077.39,-73.356
1077.64,-73.949
1077.88,-73.204
1078.12,-74.779
1078.37,-74.450
1078.61,-74.678
1078.86,-74.706
1079.10,-73.959
1079.35,-74.423
1079.59,-73.589
1079.83,-77.484
1080.08,-74.336
1080.32,-75.249
1080.57,-77.093
1080.81,-76.266
1081.05,-73.568
1081.30,-74.391
1081.54,-79.045
1081.79,-76.529
1082.03,-75.559
1082.28,-73.054
1082.52,-75.113
1082.76,-75.814
1083.01,-74.828
1083.25,-74.640
1083.50,-75.700
1083.74,-75.200
1083.98,-72.451
1084.23,-74.219
1084.47,-73.986
1084.72,-75.859
1084.96,-73.933
1085.21,-75.386
1085.45,-74.633
1085.69,-74.689
1085.94,-73.410
1086.18,-76.012
1086.43,-73.604
1086.67,-74.063
1086.91,-72.163
1087.16,-74.983
1087.40,-73.797
1087.65,-71.531
1087.89,-75.918
1088.13,-74.357
1088.38,-74.369
1088.62,-75.935
1088.87,-72.748
1089.11,-74.538
1089.36,-75.484
1089.60,-76.323
1089.84,-73.703
1090.09,-71.031
1090.33,-73.340
1090.58,-74.269
1090.82,-73.309
1091.06,-72.773
1091.31,-74.340
1091.55,-73.305
1091.80,-73.363
1092.04,-73.959
1092.29,-72.484
1092.53,-71.945
1092.77,-73.143
1093.02,-71.723
1093.26,-71.167
1093.51,-73.178
1093.75,-72.909
1093.99,-73.556
1094.24,-73.892
1094.48,-74.407
1094.73,-74.226
1094.97,-71.371
1095.21,-74.563
1095.46,-73.955
1095.70,-72.174
1095.95,-76.470
1096.19,-73.149
1096.44,-71.083
1096.68,-72.377
1096.92,-74.246
1097.17,-73.769
1097.41,-73.978
1097.66,-73.715
1097.90,-73.444
1098.14,-73.055
1098.39,-73.259
1098.63,-71.192
1098.88,-71.476
1099.12,-72.063
1099.37,-74.608
1099.61,-72.009
1099.85,-70.527
1100.10,-72.717
1100.34,-76.002
1100.59,-73.405
1100.83,-73.266
1101.07,-74.497
1101.32,-73.326
1101.56,-74.236
1101.81,-73.122
1102.05,-72.619
1102.29,-72.708
1102.54,-73.359
1102.78,-70.566
1103.03,-72.377
1103.27,-72.707
1103.52,-72.085
1103.76,-73.744
1104.00,-72.545
1104.25,-71.435
1104.49,-72.198
1104.74,-73.240
1104.98,-70.655
1105.22,-72.085
1105.47,-72.834
1105.71,-72.481
1105.96,-72.404
1106.20,-70.134
1106.45,-70.458
1106.69,-68.784
1106.93,-70.206
1107.18,-70.159
1107.42,-70.264
1107.67,-73.022
1107.91,-73.222
1108.15,-75.687
1108.40,-72.592
1108.64,-70.356
1108.89,-72.487
1109.13,-69.794
1109.38,-72.574
1109.62,-72.626
1109.86,-72.074
1110.11,-72.730
1110.35,-72.354
1110.60,-72.390
1110.84,-72.033
1111.08,-73.397
1111.33,-72.923
1111.57,-70.132
1111.82,-70.683
1112.06,-69.648
1112.30,-72.097
1112.55,-71.589
1112.79,-72.563
1113.04,-68.583
1113.28,-71.091
1113.53,-72.008
1113.77,-69.461
1114.01,-72.140
1114.26,-72.637
1114.50,-71.031
1114.75,-73.016
1114.99,-70.434
1115.23,-70.061
1115.48,-70.253
1115.72,-71.045
1115.97,-71.763
1116.21,-73.149
1116.46,-71.575
1116.70,-70.858
1116.94,-73.083
1117.19,-71.843
1117.43,-71.120
1117.68,-69.925
1117.92,-70.287
1118.16,-72.131
1118.41,-73.224
1118.65,-71.693
1118.90,-70.735
1119.14,-70.985
1119.38,-72.818
1119.63,-69.911
1119.87,-71.160
1120.12,-72.328
1120.36,-72.273
1120.61,-70.996
1120.85,-71.074
1121.09,-70.982
1121.34,-72.482
1121.58,-70.467
1121.83,-71.455
1122.07,-73.272
1122.31,-72.029
1122.56,-71.620
1122.80,-70.817
1123.05,-71.167
1123.29,-70.949
1123.54,-72.480
1123.78,-69.702
1124.02,-68.127
1124.27,-69.874
1124.51,-72.882
1124.76,-71.203
1125.00,-73.186
1125.24,-69.578
1125.49,-73.362
1125.73,-73.188
1125.98,-70.270
1126.22,-73.154
1126.46,-73.949
1126.71,-71.238
1126.95,-69.517
1127.20,-70.692
1127.44,-72.451
1127.69,-69.293
1127.93,-68.083
1128.17,-69.443
1128.42,-69.538
1128.66,-72.052
1128.91,-69.490
1129.15,-70.790
1129.39,-69.420
1129.64,-70.803
1129.88,-71.078
1130.13,-70.595
1130.37,-66.973
1130.62,-72.436
1130.86,-72.540
1131.10,-72.736
1131.35,-71.466
1131.59,-72.127
1131.84,-70.197
1132.08,-72.894
1132.32,-75.119
1132.57,-74.102
1132.81,-70.253
1133.06,-70.933
1133.30,-71.120
1133.54,-70.119
1133.79,-70.110
1134.03,-71.161
1134.28,-71.548
1134.52,-72.209
1134.77,-72.829
1135.01,-70.797
1135.25,-69.456
1135.50,-71.368
1135.74,-71.190
1135.99,-70.549
1136.23,-72.831
1136.47,-73.896
1136.72,-69.777
1136.96,-71.264
1137.21,-70.386
1137.45,-71.715
1137.70,-72.630
1137.94,-70.940
1138.18,-69.580
1138.43,-70.391
1138.67,-71.234
1138.92,-70.106
1139.16,-71.302
1139.40,-71.760
1139.65,-70.283
1139.89,-71.486
1140.14,-73.772
1140.38,-72.984
1140.62,-70.490
1140.87,-71.515
1141.11,-69.249
1141.36,-72.572
1141.60,-72.914
1141.85,-72.246
1142.09,-72.599
1142.33,-73.481
1142.58,-73.435
1142.82,-72.729
1143.07,-72.009
1143.31,-71.205
1143.55,-71.783
1143.80,-71.773
1144.04,-73.743
1144.29,-75.627
1144.53,-73.599
1144.78,-72.570
1145.02,-70.559
1145.26,-71.669
1145.51,-73.006
1145.75,-72.211
1146.00,-71.510
1146.24,-71.841
1146.48,-73.305
1146.73,-72.691
1146.97,-74.002
1147.22,-72.253
1147.46,-73.126
1147.71,-73.133
1147.95,-73.048
1148.19,-71.491
1148.44,-73.710
1148.68,-74.492
1148.93,-72.343
1149.17,-74.256
1149.41,-71.319
1149.66,-75.090
1149.90,-74.873
1150.15,-72.220
1150.39,-71.462
1150.63,-71.515
1150.88,-71.468
1151.12,-72.978
1151.37,-73.290
1151.61,-72.649
1151.86,-71.298
1152.10,-73.342
1152.34,-73.313
1152.59,-75.138
1152.83,-74.941
1153.08,-73.828
1153.32,-74.562
1153.56,-75.313
1153.81,-75.770
1154.05,-73.688
1154.30,-73.333
1154.54,-72.798
1154.79,-71.969
1155.03,-73.581
1155.27,-73.083
1155.52,-72.077
1155.76,-73.599
1156.01,-72.179
1156.25,-74.417
1156.49,-73.263
1156.74,-72.420
1156.98,-76.710
1157.23,-76.576
1157.47,-72.220
1157.71,-72.606
1157.96,-73.186
1158.20,-74.258
1158.45,-75.469
1158.69,-73.884
1158.94,-77.463
1159.18,-77.833
1159.42,-73.906
1159.67,-72.207
1159.91,-73.425
1160.16,-72.782
1160.40,-74.782
1160.64,-74.507
1160.89,-75.119
1161.13,-75.345
1161.38,-75.118
1161.62,-77.987
1161.87,-76.778
1162.11,-73.332
1162.35,-72.625
1162.60,-74.701
1162.84,-75.181
1163.09,-76.489
1163.33,-74.662
1163.57,-76.743
1163.82,-74.585
1164.06,-73.291
1164.31,-75.651
1164.55,-77.603
1164.79,-75.189
1165.04,-74.011
1165.28,-75.598
1165.53,-75.911
1165.77,-76.357
1166.02,-74.410
1166.26,-75.217
1166.50,-74.030
1166.75,-77.640
1166.99,-74.922
1167.24,-76.576
1167.48,-75.658
1167.72,-75.753
1167.97,-73.784
1168.21,-73.981
1168.46,-75.772
1168.70,-75.268
1168.95,-75.578
1169.19,-74.681
1169.43,-74.987
1169.68,-76.388
1169.92,-73.245
1170.17,-73.902
1170.41,-75.455
1170.65,-74.445
1170.90,-76.658
1171.14,-77.294
1171.39,-76.512
1171.63,-77.199
1171.88,-75.602
1172.12,-74.914
1172.36,-75.887
1172.61,-76.923
1172.85,-79.202
1173.10,-76.364
1173.34,-76.562
1173.58,-74.041
1173.83,-73.526
1174.07,-75.984
1174.32,-75.184
1174.56,-77.136
1174.80,-75.284
1175.05,-74.616
1175.29,-74.396
1175.54,-75.002
1175.78,-80.245
1176.03,-79.230
1176.27,-74.957
1176.51,-77.738
1176.76,-75.429
1177.00,-76.333
1177.25,-75.284
1177.49,-77.931
1177.73,-79.167
1177.98,-77.984
1178.22,-77.000
1178.47,-76.057
1178.71,-76.340
1178.96,-76.898
1179.20,-76.553
1179.44,-76.304
1179.69,-77.156
1179.93,-78.660
1180.18,-75.604
1180.42,-76.672
1180.66,-78.714
1180.91,-76.531
1181.15,-76.907
1181.40,-77.273
1181.64,-78.276
1181.88,-76.113
1182.13,-78.225
1182.37,-75.141
1182.62,-76.089
1182.86,-76.541
1183.11,-74.486
1183.35,-76.481
1183.59,-75.682
1183.84,-77.864
1184.08,-77.316
1184.33,-78.991
1184.57,-77.094
1184.81,-77.043
1185.06,-76.780
1185.30,-78.344
1185.55,-79.037
1185.79,-76.308
1186.04,-76.568
1186.28,-76.635
1186.52,-78.658
1186.77,-76.523
1187.01,-77.681
1187.26,-76.282
1187.50,-77.698
1187.74,-77.073
1187.99,-78.163
1188.23,-76.994
1188.48,-78.094
1188.72,-80.349
1188.96,-79.840
1189.21,-75.741
1189.45,-78.005
1189.70,-77.758
1189.94,-76.240
1190.19,-76.838
1190.43,-78.176
1190.67,-79.395
1190.92,-77.492
1191.16,-78.306
1191.41,-77.223
1191.65,-76.655
1191.89,-80.916
1192.14,-79.698
1192.38,-77.030
1192.63,-78.035
1192.87,-77.621
1193.12,-78.402
1193.36,-77.805
1193.60,-76.785
1193.85,-77.954
1194.09,-78.127
1194.34,-77.464
1194.58,-76.570
1194.82,-78.934
1195.07,-78.129
1195.31,-78.366
1195.56,-76.784
1195.80,-81.405
1196.04,-79.445
1196.29,-77.526
1196.53,-79.477
1196.78,-80.554
1197.02,-79.040
1197.27,-78.249
1197.51,-80.657
1197.75,-79.539
1198.00,-79.432
1198.24,-76.747
1198.49,-78.880
1198.73,-79.498
1198.97,-79.155
1199.22,-77.666
1199.46,-80.848
1199.71,-78.188
1199.95,-79.460
1200.20,-80.351
1200.44,-81.293
1200.68,-77.207
1200.93,-81.645
1201.17,-77.944
1201.42,-78.481
1201.66,-79.535
1201.90,-78.882
1202.15,-81.542
1202.39,-78.593
1202.64,-79.078
1202.88,-75.484
1203.12,-78.833
1203.37,-79.839
1203.61,-78.289
1203.86,-79.598
1204.10,-77.829
1204.35,-80.455
1204.59,-77.932
1204.83,-80.998
1205.08,-80.173
1205.32,-80.341
1205.57,-80.251
1205.81,-82.932
1206.05,-81.869
1206.30,-79.339
1206.54,-79.415
1206.79,-82.835
1207.03,-77.461
1207.28,-81.192
1207.52,-78.501
1207.76,-80.397
1208.01,-77.367
1208.25,-79.674
1208.50,-77.853
1208.74,-80.260
1208.98,-81.261
1209.23,-78.928
1209.47,-78.852
1209.72,-78.827
1209.96,-79.985
1210.21,-79.634
1210.45,-78.020
1210.69,-80.511
1210.94,-79.764
1211.18,-81.375
1211.43,-80.317
1211.67,-80.144
1211.91,-81.005
1212.16,-81.739
1212.40,-81.227
1212.65,-79.310
1212.89,-80.623
1213.13,-79.759
1213.38,-82.441
1213.62,-82.480
1213.87,-81.648
1214.11,-77.885
1214.36,-77.486
1214.60,-78.550
1214.84,-78.669
1215.09,-80.171
1215.33,-79.033
1215.58,-82.344
1215.82,-79.404
1216.06,-81.659
1216.31,-79.843
1216.55,-79.849
1216.80,-78.877
1217.04,-80.165
1217.29,-80.317
1217.53,-78.610
1217.77,-81.192
1218.02,-79.779
1218.26,-80.131
1218.51,-82.178
1218.75,-80.658
1218.99,-78.668
1219.24,-78.766
1219.48,-82.238
1219.73,-80.788
1219.97,-79.137
1220.21,-79.489
1220.46,-81.342
1220.70,-80.750
1220.95,-76.974
1221.19,-80.290
1221.44,-80.049
1221.68,-81.734
1221.92,-82.533
1222.17,-82.167
1222.41,-79.354
1222.66,-82.005
1222.90,-80.440
1223.14,-79.545
1223.39,-80.841
1223.63,-82.875
1223.88,-81.129
1224.12,-79.315
1224.37,-81.472
1224.61,-81.391
1224.85,-81.095
1225.10,-79.450
1225.34,-80.066
1225.59,-80.260
1225.83,-79.796
1226.07,-79.798
1226.32,-79.135
1226.56,-80.809
1226.81,-77.752
1227.05,-81.261
1227.29,-82.485
1227.54,-79.981
1227.78,-83.640
1228.03,-79.552
1228.27,-81.569
1228.52,-83.051
1228.76,-79.898
1229.00,-80.244
1229.25,-79.956
1229.49,-80.966
1229.74,-80.092
1229.98,-81.012
1230.22,-80.636
1230.47,-79.692
1230.71,-80.735
1230.96,-79.453
1231.20,-79.579
1231.45,-80.681
1231.69,-80.921
1231.93,-79.345
1232.18,-82.499
1232.42,-83.484
1232.67,-82.757
1232.91,-80.876
1233.15,-80.448
1233.40,-80.809
1233.64,-82.731
1233.89,-81.151
1234.13,-81.809
1234.38,-81.442
1234.62,-83.152
1234.86,-79.890
1235.11,-82.883
1235.35,-79.493
1235.60,-81.668
1235.84,-79.412
1236.08,-82.458
1236.33,-82.144
1236.57,-78.746
1236.82,-83.452
1237.06,-82.945
1237.30,-80.578
1237.55,-80.224
1237.79,-79.937
1238.04,-80.752
1238.28,-81.650
1238.53,-79.244
1238.77,-78.816
1239.01,-81.813
1239.26,-79.647
1239.50,-81.707
1239.75,-82.322
1239.99,-81.504
1240.23,-79.771
1240.48,-79.243
1240.72,-81.326
1240.97,-82.807
1241.21,-82.554
1241.46,-81.499
1241.70,-81.482
1241.94,-81.852
1242.19,-79.950
1242.43,-79.452
1242.68,-81.278
1242.92,-79.746
1243.16,-81.546
1243.41,-82.999
1243.65,-83.144
1243.90,-81.033
1244.14,-78.924
1244.38,-80.819
1244.63,-80.925
1244.87,-80.397
1245.12,-81.160
1245.36,-80.873
1245.61,-81.110
1245.85,-81.306
1246.09,-82.566
1246.34,-81.868
1246.58,-80.191
1246.83,-81.131
1247.07,-81.423
1247.31,-80.473
1247.56,-82.262
1247.80,-82.502
1248.05,-81.328
1248.29,-80.911
1248.54,-83.539
1248.78,-82.273
1249.02,-80.991
1249.27,-81.408
1249.51,-81.585
1249.76,-81.450
1250.00,-85.262
1250.24,-82.666
1250.49,-82.140
1250.73,-81.380
1250.98,-80.234
1251.22,-81.755
1251.46,-83.337
1251.71,-81.469
1251.95,-84.232
1252.20,-79.892
1252.44,-80.432
1252.69,-81.050
1252.93,-81.874
1253.17,-81.236
1253.42,-83.250
1253.66,-84.314
1253.91,-81.894
1254.15,-82.074
1254.39,-82.937
1254.64,-82.176
1254.88,-80.369
1255.13,-81.101
1255.37,-82.135
1255.62,-82.781
1255.86,-81.429
1256.10,-83.949
1256.35,-81.723
1256.59,-79.785
1256.84,-79.033
1257.08,-80.726
1257.32,-80.584
1257.57,-83.079
1257.81,-79.420
1258.06,-80.545
1258.30,-81.474
1258.54,-82.868
1258.79,-82.494
1259.03,-81.661
1259.28,-80.744
1259.52,-82.069
1259.77,-83.519
1260.01,-80.220
1260.25,-80.156
1260.50,-81.842
1260.74,-80.611
1260.99,-80.240
1261.23,-81.541
1261.47,-81.153
1261.72,-83.526
1261.96,-82.432
1262.21,-83.828
1262.45,-83.700
1262.70,-83.086
1262.94,-81.958
1263.18,-84.049
1263.43,-83.659
1263.67,-81.651
1263.92,-82.235
1264.16,-83.258
1264.40,-80.654
1264.65,-83.274
1264.89,-81.190
1265.14,-81.969
1265.38,-83.710
1265.62,-81.143
1265.87,-83.500
1266.11,-84.882
1266.36,-79.840
1266.60,-83.269
1266.85,-82.195
1267.09,-82.085
1267.33,-81.259
1267.58,-84.314
1267.82,-82.820
1268.07,-84.407
1268.31,-85.371
1268.55,-84.508
1268.80,-84.815
1269.04,-83.409
1269.29,-85.178
1269.53,-84.030
1269.78,-82.468
1270.02,-84.936
1270.26,-84.797
1270.51,-82.091
1270.75,-83.698
1271.00,-84.114
1271.24,-80.847
1271.48,-82.120
1271.73,-82.000
1271.97,-81.341
1272.22,-81.855
1272.46,-85.845
1272.71,-83.433
1272.95,-85.061
1273.19,-84.442
1273.44,-82.055
1273.68,-83.811
1273.93,-84.709
1274.17,-85.190
1274.41,-84.113
1274.66,-84.441
1274.90,-84.260
1275.15,-82.076
1275.39,-83.226
1275.63,-84.890
1275.88,-82.700
1276.12,-83.292
1276.37,-83.249
1276.61,-81.737
1276.86,-82.910
1277.10,-83.402
1277.34,-82.621
1277.59,-82.121
1277.83,-83.865
1278.08,-82.381
1278.32,-85.429
1278.56,-82.382
1278.81,-81.696
1279.05,-83.047
1279.30,-83.789
1279.54,-81.870
1279.79,-81.606
1280.03,-85.214
1280.27,-85.341
1280.52,-81.830
1280.76,-83.728
1281.01,-82.439
1281.25,-84.242
1281.49,-80.456
1281.74,-82.902
1281.98,-81.530
1282.23,-83.274
1282.47,-84.586
1282.71,-83.860
1282.96,-84.143
1283.20,-82.576
1283.45,-82.598
1283.69,-83.313
1283.94,-82.664
1284.18,-82.911
1284.42,-83.804
1284.67,-84.544
1284.91,-82.893
1285.16,-82.075
1285.40,-83.211
1285.64,-84.541
1285.89,-83.902
1286.13,-85.707
1286.38,-85.756
1286.62,-85.121
1286.87,-83.660
1287.11,-83.065
1287.35,-84.507
1287.60,-83.044
1287.84,-84.113
1288.09,-83.694
1288.33,-84.397
1288.57,-83.626
1288.82,-85.616
1289.06,-83.052
1289.31,-85.276
1289.55,-84.257
1289.79,-83.959
1290.04,-83.817
1290.28,-82.302
1290.53,-80.809
1290.77,-82.625
1291.02,-82.604
1291.26,-81.440
1291.50,-85.130
1291.75,-82.918
1291.99,-84.017
1292.24,-82.347
1292.48,-83.634
1292.72,-85.489
1292.97,-82.923
1293.21,-83.294
1293.46,-84.636
1293.70,-81.695
1293.95,-84.495
1294.19,-81.953
1294.43,-82.944
1294.68,-84.437
1294.92,-85.779
1295.17,-84.243
1295.41,-83.403
1295.65,-84.092
1295.90,-82.978
1296.14,-83.343
1296.39,-84.887
1296.63,-82.800
1296.88,-84.976
1297.12,-82.809
1297.36,-81.049
1297.61,-86.054
1297.85,-85.535
1298.10,-84.469
1298.34,-85.086
1298.58,-83.726
1298.83,-84.699
1299.07,-87.671
1299.32,-87.306
1299.56,-83.919
1299.80,-83.139
1300.05,-84.134
1300.29,-85.430
1300.54,-83.966
1300.78,-82.318
1301.03,-84.022
1301.27,-83.484
1301.51,-83.454
1301.76,-84.887
1302.00,-84.730
1302.25,-84.422
1302.49,-83.274
1302.73,-86.161
1302.98,-84.560
1303.22,-87.251
1303.47,-82.331
1303.71,-83.347
1303.96,-83.619
1304.20,-84.724
1304.44,-83.149
1304.69,-83.205
1304.93,-83.771
1305.18,-83.907
1305.42,-84.563
1305.66,-82.932
1305.91,-82.596
1306.15,-84.370
1306.40,-84.630
1306.64,-82.566
1306.88,-84.354
1307.13,-83.325
1307.37,-82.234
1307.62,-85.233
1307.86,-85.855
1308.11,-84.556
1308.35,-82.687
1308.59,-82.811
1308.84,-83.101
1309.08,-85.238
1309.33,-85.281
1309.57,-83.736
1309.81,-85.581
1310.06,-84.230
1310.30,-82.839
1310.55,-83.448
1310.79,-83.524
1311.04,-84.052
1311.28,-84.594
1311.52,-82.320
1311.77,-82.630
1312.01,-86.742
1312.26,-85.696
1312.50,-83.943
1312.74,-84.874
1312.99,-82.304
1313.23,-83.662
1313.48,-81.872
1313.72,-86.431
1313.96,-84.842
1314.21,-83.732
1314.45,-83.510
1314.70,-82.619
1314.94,-83.639
1315.19,-84.361
1315.43,-83.838
1315.67,-83.908
1315.92,-86.267
1316.16,-83.843
1316.41,-83.845
1316.65,-82.285
1316.89,-82.765
1317.14,-84.435
1317.38,-84.846
1317.63,-84.263
1317.87,-84.247
1318.12,-83.906
1318.36,-83.471
1318.60,-84.522
1318.85,-85.065
1319.09,-85.697
1319.34,-84.281
1319.58,-85.464
1319.82,-83.067
1320.07,-84.606
1320.31,-82.727
1320.56,-84.534
1320.80,-86.166
1321.04,-84.614
1321.29,-85.014
1321.53,-86.098
1321.78,-83.769
1322.02,-82.589
1322.27,-83.961
1322.51,-84.529
1322.75,-80.678
1323.00,-81.122
1323.24,-84.126
1323.49,-84.212
1323.73,-82.681
1323.97,-83.664
1324.22,-83.966
1324.46,-83.267
1324.71,-82.639
1324.95,-83.203
1325.20,-86.341
1325.44,-84.539
1325.68,-83.220
1325.93,-82.167
1326.17,-82.325
1326.42,-84.477
1326.66,-82.272
1326.90,-84.227
1327.15,-82.646
1327.39,-85.282
1327.64,-85.386
1327.88,-85.213
1328.12,-84.208
1328.37,-82.836
1328.61,-83.601
1328.86,-84.434
1329.10,-83.439
1329.35,-84.458
1329.59,-85.800
1329.83,-84.990
1330.08,-85.873
1330.32,-83.604
1330.57,-85.409
1330.81,-87.043
1331.05,-84.744
1331.30,-81.119
1331.54,-82.997
1331.79,-83.210
1332.03,-85.388
1332.28,-86.602
1332.52,-83.296
1332.76,-86.976
1333.01,-83.024
1333.25,-82.846
1333.50,-85.213
1333.74,-83.984
1333.98,-85.819
1334.23,-85.411
1334.47,-85.401
1334.72,-85.693
1334.96,-80.730
1335.21,-83.072
1335.45,-85.755
1335.69,-85.693
1335.94,-84.220
1336.18,-82.991
1336.43,-86.017
1336.67,-86.185
1336.91,-85.596
1337.16,-85.139
1337.40,-81.418
1337.65,-83.977
1337.89,-83.963
1338.13,-84.589
1338.38,-84.742
1338.62,-83.707
1338.87,-82.769
1339.11,-84.295
1339.36,-88.007
1339.60,-84.666
1339.84,-83.988
1340.09,-83.146
1340.33,-83.965
1340.58,-86.712
1340.82,-85.290
1341.06,-85.058
1341.31,-81.267
1341.55,-83.036
1341.80,-82.050
1342.04,-81.386
1342.29,-85.496
1342.53,-84.666
1342.77,-82.935
1343.02,-82.416
1343.26,-82.292
1343.51,-82.123
1343.75,-85.427
1343.99,-85.956
1344.24,-82.857
1344.48,-84.837
1344.73,-84.199
1344.97,-84.305
1345.21,-85.194
1345.46,-84.216
1345.70,-80.159
1345.95,-82.156
1346.19,-86.329
1346.44,-84.012
1346.68,-84.716
1346.92,-83.646
1347.17,-84.089
1347.41,-83.327
1347.66,-82.957
1347.90,-86.094
1348.14,-83.629
1348.39,-82.995
1348.63,-84.396
1348.88,-86.096
1349.12,-86.979
1349.37,-84.899
1349.61,-84.599
1349.85,-84.313
1350.10,-82.888
1350.34,-85.054
1350.59,-85.298
1350.83,-85.277
1351.07,-81.670
1351.32,-84.114
1351.56,-84.417
1351.81,-86.075
1352.05,-83.821
1352.29,-83.810
1352.54,-83.942
1352.78,-83.489
1353.03,-83.654
1353.27,-86.945
1353.52,-86.201
1353.76,-84.582
1354.00,-83.561
1354.25,-84.789
1354.49,-84.376
1354.74,-84.526
1354.98,-85.871
1355.22,-84.108
1355.47,-83.461
1355.71,-84.148
1355.96,-86.502
1356.20,-83.861
1356.45,-84.894
1356.69,-83.810
1356.93,-84.680
1357.18,-86.315
1357.42,-85.487
1357.67,-83.730
1357.91,-84.159
1358.15,-83.771
1358.40,-84.284
1358.64,-82.680
1358.89,-85.624
1359.13,-87.293
1359.38,-84.460
1359.62,-84.262
1359.86,-86.288
1360.11,-84.535
1360.35,-84.902
1360.60,-84.574
1360.84,-84.349
1361.08,-83.792
1361.33,-84.524
1361.57,-84.734
1361.82,-86.222
1362.06,-84.911
1362.30,-86.969
1362.55,-86.021
1362.79,-83.984
1363.04,-84.814
1363.28,-84.243
1363.53,-83.704
1363.77,-84.424
1364.01,-85.636
1364.26,-83.278
1364.50,-85.073
1364.75,-86.838
1364.99,-87.650
1365.23,-82.391
1365.48,-83.847
1365.72,-84.385
1365.97,-86.430
1366.21,-81.918
1366.46,-85.178
1366.70,-83.901
1366.94,-85.455
1367.19,-83.945
1367.43,-83.688
1367.68,-84.916
1367.92,-83.311
1368.16,-83.771
1368.41,-86.398
1368.65,-83.531
1368.90,-87.802
1369.14,-84.159
1369.38,-85.758
1369.63,-85.427
1369.87,-83.018
1370.12,-84.926
1370.36,-84.288
1370.61,-85.982
1370.85,-84.072
1371.09,-85.175
1371.34,-85.544
1371.58,-84.531
1371.83,-85.656
1372.07,-83.574
1372.31,-82.957
1372.56,-84.869
1372.80,-87.275
1373.05,-83.601
1373.29,-84.433
1373.54,-84.699
1373.78,-85.734
1374.02,-83.505
1374.27,-85.445
1374.51,-85.777
1374.76,-85.251
1375.00,-82.116
1375.24,-84.121
1375.49,-84.565
1375.73,-84.492
1375.98,-85.941
1376.22,-84.664
1376.46,-85.420
1376.71,-85.899
1376.95,-88.767
1377.20,-84.605
1377.44,-85.168
1377.69,-83.682
1377.93,-83.711
1378.17,-88.640
1378.42,-85.282
1378.66,-84.763
1378.91,-83.153
1379.15,-85.696
1379.39,-84.602
1379.64,-83.622
1379.88,-85.016
1380.13,-82.299
1380.37,-83.983
1380.62,-87.079
1380.86,-84.906
1381.10,-83.057
1381.35,-82.561
1381.59,-84.703
1381.84,-85.560
1382.08,-83.763
1382.32,-84.578
1382.57,-86.396
1382.81,-83.437
1383.06,-84.801
1383.30,-82.854
1383.54,-85.240
1383.79,-85.187
1384.03,-83.956
1384.28,-83.014
1384.52,-84.528
1384.77,-84.085
1385.01,-83.037
1385.25,-86.398
1385.50,-82.512
1385.74,-84.467
1385.99,-84.547
1386.23,-84.400
1386.47,-84.605
1386.72,-84.054
1386.96,-86.808
1387.21,-84.566
1387.45,-84.311
1387.70,-83.521
1387.94,-84.933
1388.18,-87.668
1388.43,-84.880
1388.67,-83.121
1388.92,-83.497
1389.16,-83.594
1389.40,-86.121
1389.65,-83.606
1389.89,-85.351
1390.14,-83.414
1390.38,-87.438
1390.62,-83.704
1390.87,-81.792
1391.11,-85.398
1391.36,-83.230
1391.60,-84.635
1391.85,-85.333
1392.09,-85.979
1392.33,-86.022
1392.58,-84.045
1392.82,-85.693
1393.07,-82.766
1393.31,-84.426
1393.55,-84.422
1393.80,-84.267
1394.04,-83.422
1394.29,-83.958
1394.53,-85.740
1394.78,-83.709
1395.02,-83.178
1395.26,-80.961
1395.51,-84.424
1395.75,-84.752
1396.00,-84.239
1396.24,-86.544
1396.48,-88.163
1396.73,-84.680
1396.97,-85.799
1397.22,-83.961
1397.46,-84.000
1397.71,-85.698
1397.95,-82.823
1398.19,-80.476
1398.44,-83.929
1398.68,-84.585
1398.93,-84.737
1399.17,-82.540
1399.41,-85.611
1399.66,-83.215
1399.90,-84.275
1400.15,-84.140
1400.39,-82.756
1400.63,-82.484
1400.88,-82.594
1401.12,-84.177
1401.37,-82.070
1401.61,-83.955
1401.86,-82.901
1402.10,-86.291
1402.34,-86.169
1402.59,-82.349
1402.83,-81.248
1403.08,-83.646
1403.32,-83.732
1403.56,-84.791
1403.81,-84.410
1404.05,-82.796
1404.30,-85.634
1404.54,-81.926
1404.79,-84.148
1405.03,-85.270
1405.27,-83.767
1405.52,-85.073
1405.76,-82.371
1406.01,-82.029
1406.25,-84.578
1406.49,-83.876
1406.74,-85.292
1406.98,-82.582
1407.23,-82.234
1407.47,-83.596
1407.71,-82.005
1407.96,-83.785
1408.20,-82.936
1408.45,-83.764
1408.69,-84.708
1408.94,-84.929
1409.18,-83.380
1409.42,-84.868
1409.67,-86.880
1409.91,-84.096
1410.16,-82.709
1410.40,-84.641
1410.64,-82.391
1410.89,-83.623
1411.13,-82.767
1411.38,-83.175
1411.62,-83.009
1411.87,-86.509
1412.11,-84.882
1412.35,-82.869
1412.60,-83.229
1412.84,-84.162
1413.09,-83.205
1413.33,-83.301
1413.57,-86.051
1413.82,-85.191
1414.06,-83.097
1414.31,-84.152
1414.55,-83.462
1414.79,-82.737
1415.04,-83.532
1415.28,-82.102
1415.53,-83.400
1415.77,-82.052
1416.02,-81.603
1416.26,-86.386
1416.50,-83.465
1416.75,-82.302
1416.99,-83.502
1417.24,-86.389
1417.48,-85.168
1417.72,-85.701
1417.97,-83.433
1418.21,-82.552
1418.46,-87.519
1418.70,-84.596
1418.95,-84.338
1419.19,-84.237
1419.43,-84.324
1419.68,-85.178
1419.92,-83.945
1420.17,-84.242
1420.41,-83.193
1420.65,-82.927
1420.90,-82.087
1421.14,-82.231
1421.39,-82.528
1421.63,-82.463
1421.88,-84.333
1422.12,-81.724
1422.36,-85.083
1422.61,-84.230
1422.85,-83.489
1423.10,-83.103
1423.34,-85.857
1423.58,-85.373
1423.83,-85.226
1424.07,-83.765
1424.32,-86.261
1424.56,-84.189
1424.80,-83.056
1425.05,-82.368
1425.29,-82.895
1425.54,-82.648
1425.78,-84.090
1426.03,-81.903
1426.27,-84.763
1426.51,-83.277
1426.76,-85.094
1427.00,-84.783
1427.25,-84.824
1427.49,-83.237
1427.73,-82.511
1427.98,-82.970
1428.22,-83.155
1428.47,-81.871
1428.71,-83.331
1428.96,-85.666
1429.20,-85.966
1429.44,-83.785
1429.69,-83.559
1429.93,-84.675
1430.18,-82.207
1430.42,-82.539
1430.66,-82.994
1430.91,-82.867
1431.15,-85.366
1431.40,-81.914
1431.64,-84.991
1431.88,-85.056
1432.13,-84.273
1432.37,-83.952
1432.62,-82.458
1432.86,-82.665
1433.11,-85.692
1433.35,-83.493
1433.59,-82.408
1433.84,-83.033
1434.08,-82.470
1434.33,-82.828
1434.57,-85.145
1434.81,-82.235
1435.06,-84.084
1435.30,-84.326
1435.55,-88.312
1435.79,-84.552
1436.04,-82.892
1436.28,-84.372
1436.52,-82.279
1436.77,-87.097
1437.01,-83.315
1437.26,-81.790
1437.50,-80.429
1437.74,-82.886
1437.99,-82.620
1438.23,-85.815
1438.48,-84.417
1438.72,-83.801
1438.96,-80.213
1439.21,-82.193
1439.45,-81.810
1439.70,-82.101
1439.94,-84.268
1440.19,-82.370
1440.43,-82.968
1440.67,-83.191
1440.92,-83.808
1441.16,-83.037
1441.41,-83.137
1441.65,-83.214
1441.89,-85.728
1442.14,-84.933
1442.38,-82.933
1442.63,-85.579
1442.87,-86.249
1443.12,-84.309
1443.36,-84.943
1443.60,-84.175
1443.85,-84.381
1444.09,-82.487
1444.34,-83.445
1444.58,-85.160
1444.82,-83.501
1445.07,-83.386
1445.31,-84.483
1445.56,-82.667
1445.80,-83.258
1446.04,-82.559
1446.29,-82.312
1446.53,-86.359
1446.78,-82.579
1447.02,-87.171
1447.27,-83.344
1447.51,-82.884
1447.75,-85.313
1448.00,-83.852
1448.24,-83.094
1448.49,-83.656
1448.73,-83.287
1448.97,-83.333
1449.22,-82.939
1449.46,-83.967
1449.71,-84.099
1449.95,-83.269
1450.20,-84.173
1450.44,-81.531
1450.68,-84.938
1450.93,-82.201
1451.17,-82.854
1451.42,-83.379
1451.66,-82.180
1451.90,-85.313
1452.15,-83.284
1452.39,-83.070
1452.64,-84.303
1452.88,-81.729
1453.12,-83.570
1453.37,-82.597
1453.61,-83.054
1453.86,-82.656
1454.10,-82.599
1454.35,-82.242
1454.59,-84.497
1454.83,-83.951
1455.08,-82.173
1455.32,-82.111
1455.57,-83.582
1455.81,-84.599
1456.05,-82.156
1456.30,-84.140
1456.54,-83.724
1456.79,-83.454
1457.03,-83.236
1457.28,-84.305
1457.52,-83.730
1457.76,-81.912
1458.01,-83.163
1458.25,-84.580
1458.50,-85.590
1458.74,-83.257
1458.98,-81.788
1459.23,-83.773
1459.47,-82.661
1459.72,-85.062
1459.96,-84.563
1460.21,-84.523
1460.45,-84.392
1460.69,-83.558
1460.94,-81.000
1461.18,-82.379
1461.43,-80.574
1461.67,-83.352
1461.91,-81.776
1462.16,-82.547
1462.40,-82.022
1462.65,-82.731
1462.89,-81.187
1463.13,-84.298
1463.38,-83.401
1463.62,-82.164
1463.87,-82.647
1464.11,-85.885
1464.36,-82.300
1464.60,-81.948
1464.84,-81.327
1465.09,-79.938
1465.33,-81.016
1465.58,-81.174
1465.82,-82.506
1466.06,-83.938
1466.31,-83.087
1466.55,-82.722
1466.80,-85.410
1467.04,-82.905
1467.29,-82.514
1467.53,-85.466
1467.77,-82.830
1468.02,-84.561
1468.26,-83.375
1468.51,-81.178
1468.75,-83.700
1468.99,-81.794
1469.24,-82.442
1469.48,-81.174
1469.73,-81.959
1469.97,-81.501
1470.21,-81.172
1470.46,-83.170
1470.70,-82.247
1470.95,-82.113
1471.19,-81.612
1471.44,-81.519
1471.68,-81.901
1471.92,-83.298
1472.17,-81.968
1472.41,-82.690
1472.66,-81.264
1472.90,-81.971
1473.14,-82.292
1473.39,-82.905
1473.63,-84.971
1473.88,-81.922
1474.12,-83.322
1474.37,-84.878
1474.61,-82.747
1474.85,-82.224
1475.10,-84.421
1475.34,-82.193
1475.59,-81.467
1475.83,-81.793
1476.07,-85.796
1476.32,-83.274
1476.56,-83.011
1476.81,-86.852
1477.05,-82.103
1477.29,-81.778
1477.54,-80.885
1477.78,-81.783
1478.03,-82.517
1478.27,-83.290
1478.52,-82.053
1478.76,-83.545
1479.00,-83.035
1479.25,-81.965
1479.49,-82.957
1479.74,-83.083
1479.98,-80.040
1480.22,-82.553
1480.47,-82.825
1480.71,-81.961
1480.96,-84.515
1481.20,-84.397
1481.45,-85.321
1481.69,-83.264
1481.93,-80.876
1482.18,-81.179
1482.42,-81.696
1482.67,-79.896
1482.91,-80.975
1483.15,-80.365
1483.40,-80.395
1483.64,-80.040
1483.89,-80.475
1484.13,-83.306
1484.38,-81.049
1484.62,-84.339
1484.86,-81.266
1485.11,-81.657
1485.35,-81.443
1485.60,-81.080
1485.84,-81.878
1486.08,-81.123
1486.33,-82.206
1486.57,-83.833
1486.82,-84.976
1487.06,-83.236
1487.30,-83.275
1487.55,-81.494
1487.79,-82.465
1488.04,-80.497
1488.28,-81.012
1488.53,-82.481
1488.77,-80.726
1489.01,-80.456
1489.26,-82.674
1489.50,-80.482
1489.75,-81.052
1489.99,-81.424
1490.23,-80.819
1490.48,-82.523
1490.72,-82.584
1490.97,-81.268
1491.21,-80.447
1491.46,-83.134
1491.70,-84.267
1491.94,-82.097
1492.19,-82.445
1492.43,-80.832
1492.68,-85.170
1492.92,-81.973
1493.16,-81.070
1493.41,-80.498
1493.65,-81.045
1493.90,-83.782
1494.14,-80.998
1494.38,-80.441
1494.63,-81.343
1494.87,-80.596
1495.12,-81.697
1495.36,-83.114
1495.61,-82.765
1495.85,-82.368
1496.09,-82.229
1496.34,-82.687
1496.58,-81.800
1496.83,-80.504
1497.07,-82.221
1497.31,-81.812
1497.56,-82.216
1497.80,-83.828
1498.05,-81.455
1498.29,-81.780
1498.54,-80.335
1498.78,-82.586
1499.02,-83.136
1499.27,-82.043
1499.51,-81.700
1499.76,-80.689
1500.00,-82.820
1500.24,-81.634
1500.49,-80.018
1500.73,-81.486
1500.98,-79.928
1501.22,-81.478
1501.46,-82.936
1501.71,-80.549
1501.95,-81.387
1502.20,-81.361
1502.44,-80.053
1502.69,-81.557
1502.93,-82.001
1503.17,-80.943
1503.42,-80.677
1503.66,-78.370
1503.91,-85.004
1504.15,-80.999
1504.39,-79.874
1504.64,-80.512
1504.88,-80.517
1505.13,-83.179
1505.37,-85.348
1505.62,-81.663
1505.86,-84.174
1506.10,-84.682
1506.35,-83.117
1506.59,-81.276
1506.84,-81.914
1507.08,-79.612
1507.32,-82.272
1507.57,-83.046
1507.81,-83.190
1508.06,-81.528
1508.30,-80.610
1508.54,-81.624
1508.79,-79.686
1509.03,-81.882
1509.28,-79.859
1509.52,-80.523
1509.77,-79.520
1510.01,-79.979
1510.25,-81.304
1510.50,-81.412
1510.74,-80.405
1510.99,-81.244
1511.23,-78.761
1511.47,-81.013
1511.72,-80.589
1511.96,-81.954
1512.21,-81.243
1512.45,-81.536
1512.70,-80.680
1512.94,-79.780
1513.18,-79.830
1513.43,-77.726
1513.67,-79.442
1513.92,-81.033
1514.16,-81.560
1514.40,-80.499
1514.65,-80.144
1514.89,-80.397
1515.14,-81.004
1515.38,-79.162
1515.62,-81.281
1515.87,-79.994
1516.11,-80.481
1516.36,-81.024
1516.60,-83.992
1516.85,-80.932
1517.09,-79.949
1517.33,-80.988
1517.58,-82.381
1517.82,-79.985
1518.07,-84.104
1518.31,-80.802
1518.55,-80.949
1518.80,-81.364
1519.04,-78.309
1519.29,-79.316
1519.53,-79.742
1519.78,-78.848
1520.02,-82.019
1520.26,-79.318
1520.51,-79.167
1520.75,-81.333
1521.00,-82.669
1521.24,-81.920
1521.48,-79.987
1521.73,-78.821
1521.97,-78.440
1522.22,-82.319
1522.46,-80.195
1522.71,-83.310
1522.95,-78.616
1523.19,-79.008
1523.44,-79.037
1523.68,-78.274
1523.93,-83.043
1524.17,-80.003
1524.41,-77.298
1524.66,-82.504
1524.90,-80.882
1525.15,-81.821
1525.39,-82.555
1525.63,-78.733
1525.88,-81.676
1526.12,-80.216
1526.37,-78.698
1526.61,-79.517
1526.86,-82.350
1527.10,-81.289
1527.34,-82.210
1527.59,-80.973
1527.83,-82.359
1528.08,-77.961
1528.32,-79.405
1528.56,-80.037
1528.81,-78.143
1529.05,-79.415
1529.30,-79.421
1529.54,-81.713
1529.79,-79.826
1530.03,-79.701
1530.27,-79.371
1530.52,-78.112
1530.76,-77.998
1531.01,-79.440
1531.25,-80.566
1531.49,-80.541
1531.74,-80.077
1531.98,-80.362
1532.23,-80.692
1532.47,-82.726
1532.71,-81.129
1532.96,-78.601
1533.20,-79.806
1533.45,-79.599
1533.69,-82.342
1533.94,-80.266
1534.18,-80.891
1534.42,-79.897
1534.67,-79.820
1534.91,-79.402
1535.16,-79.101
1535.40,-81.567
1535.64,-79.483
1535.89,-79.999
1536.13,-81.383
1536.38,-79.555
1536.62,-78.485
1536.87,-79.216
1537.11,-80.603
1537.35,-80.732
1537.60,-76.775
1537.84,-78.743
1538.09,-79.473
1538.33,-80.791
1538.57,-81.580
1538.82,-77.980
1539.06,-79.419
1539.31,-79.100
1539.55,-79.505
1539.79,-79.487
1540.04,-81.913
1540.28,-78.979
1540.53,-80.688
1540.77,-82.149
1541.02,-77.466
1541.26,-79.225
1541.50,-78.595
1541.75,-79.993
1541.99,-79.245
1542.24,-80.900
1542.48,-79.687
1542.72,-77.604
1542.97,-79.438
1543.21,-79.038
1543.46,-77.715
1543.70,-76.928
1543.95,-79.384
1544.19,-76.459
1544.43,-78.546
1544.68,-79.968
1544.92,-78.364
1545.17,-79.772
1545.41,-77.920
1545.65,-78.670
1545.90,-80.278
1546.14,-76.629
1546.39,-79.391
1546.63,-76.456
1546.88,-78.926
1547.12,-79.552
1547.36,-79.284
1547.61,-79.329
1547.85,-77.402
1548.10,-81.142
1548.34,-77.725
1548.58,-80.576
1548.83,-79.581
1549.07,-78.489
1549.32,-79.852
1549.56,-78.589
1549.80,-78.705
1550.05,-78.179
1550.29,-79.172
1550.54,-77.669
1550.78,-79.219
1551.03,-79.033
1551.27,-79.201
1551.51,-79.149
1551.76,-81.255
1552.00,-80.321
1552.25,-78.141
1552.49,-78.191
1552.73,-78.652
1552.98,-78.747
1553.22,-77.583
1553.47,-79.689
1553.71,-78.001
1553.96,-77.321
1554.20,-77.513
1554.44,-79.921
1554.69,-78.123
1554.93,-78.122
1555.18,-79.818
1555.42,-80.097
1555.66,-77.720
1555.91,-78.263
1556.15,-78.016
1556.40,-75.543
1556.64,-78.165
1556.88,-77.202
1557.13,-78.702
1557.37,-77.310
1557.62,-79.222
1557.86,-79.460
1558.11,-79.019
1558.35,-80.467
1558.59,-80.851
1558.84,-77.470
1559.08,-77.620
1559.33,-78.076
1559.57,-78.881
1559.81,-78.009
1560.06,-78.602
1560.30,-76.275
1560.55,-77.528
1560.79,-78.003
1561.04,-78.208
1561.28,-78.737
1561.52,-79.264
1561.77,-78.788
1562.01,-76.565
1562.26,-76.477
1562.50,-77.132
1562.74,-75.343
1562.99,-77.827
1563.23,-78.923
1563.48,-78.032
1563.72,-75.694
1563.96,-76.637
1564.21,-78.200
1564.45,-78.085
1564.70,-75.876
1564.94,-76.957
1565.19,-79.713
1565.43,-78.443
1565.67,-77.085
1565.92,-75.422
1566.16,-76.074
1566.41,-77.703
1566.65,-75.775
1566.89,-75.835
1567.14,-77.558
1567.38,-76.543
1567.63,-74.569
1567.87,-77.415
1568.12,-75.085
1568.36,-77.298
1568.60,-79.557
1568.85,-78.368
1569.09,-75.121
1569.34,-75.327
1569.58,-76.849
1569.82,-77.704
1570.07,-75.624
1570.31,-78.159
1570.56,-75.549
1570.80,-75.344
1571.04,-75.316
1571.29,-76.823
1571.53,-74.920
1571.78,-80.223
1572.02,-78.871
1572.27,-78.228
1572.51,-78.966
1572.75,-77.317
1573.00,-77.423
1573.24,-77.186
1573.49,-76.341
1573.73,-77.712
1573.97,-75.701
1574.22,-76.644
1574.46,-79.602
1574.71,-78.269
1574.95,-76.441
1575.20,-76.010
1575.44,-76.444
1575.68,-76.116
1575.93,-75.818
1576.17,-76.892
1576.42,-76.580
1576.66,-75.737
1576.90,-75.221
1577.15,-76.197
1577.39,-76.381
1577.64,-75.049
1577.88,-75.216
1578.12,-74.542
1578.37,-75.455
1578.61,-77.162
1578.86,-76.911
1579.10,-76.836
1579.35,-76.332
1579.59,-75.725
1579.83,-73.680
1580.08,-76.606
1580.32,-74.871
1580.57,-77.372
1580.81,-76.015
1581.05,-76.391
1581.30,-77.067
1581.54,-76.294
1581.79,-77.994
1582.03,-76.889
1582.28,-76.176
1582.52,-75.789
1582.76,-76.286
1583.01,-76.271
1583.25,-77.637
1583.50,-75.866
1583.74,-76.330
1583.98,-77.171
1584.23,-74.501
1584.47,-75.747
1584.72,-73.514
1584.96,-74.000
1585.21,-73.567
1585.45,-73.703
1585.69,-74.997
1585.94,-75.713
1586.18,-73.100
1586.43,-73.462
1586.67,-75.691
1586.91,-74.834
1587.16,-75.730
1587.40,-75.079
1587.65,-75.494
1587.89,-75.868
1588.13,-76.057
1588.38,-75.485
1588.62,-76.671
1588.87,-75.305
1589.11,-76.638
1589.36,-75.166
1589.60,-74.819
1589.84,-74.598
1590.09,-74.085
1590.33,-73.544
1590.58,-74.667
1590.82,-72.930
1591.06,-76.462
1591.31,-76.728
1591.55,-76.901
1591.80,-73.658
1592.04,-73.402
1592.29,-74.102
1592.53,-74.743
1592.77,-75.469
1593.02,-76.140
1593.26,-76.188
1593.51,-74.028
1593.75,-74.840
1593.99,-74.435
1594.24,-74.322
1594.48,-74.296
1594.73,-74.817
1594.97,-74.677
1595.21,-72.551
1595.46,-74.314
1595.70,-74.783
1595.95,-74.590
1596.19,-74.196
1596.44,-72.878
1596.68,-74.043
1596.92,-75.710
1597.17,-75.920
1597.41,-73.589
1597.66,-74.034
1597.90,-74.740
1598.14,-73.874
1598.39,-74.966
1598.63,-72.420
1598.88,-72.264
1599.12,-72.715
1599.37,-74.725
1599.61,-75.351
1599.85,-73.277
1600.10,-73.118
1600.34,-73.067
1600.59,-72.596
1600.83,-75.099
1601.07,-75.199
1601.32,-75.685
1601.56,-73.213
1601.81,-75.462
1602.05,-74.934
1602.29,-73.583
1602.54,-72.017
1602.78,-74.671
1603.03,-73.186
1603.27,-72.250
1603.52,-72.808
1603.76,-72.321
1604.00,-72.837
1604.25,-74.286
1604.49,-71.748
1604.74,-73.442
1604.98,-76.359
1605.22,-74.657
1605.47,-73.581
1605.71,-73.757
1605.96,-75.827
1606.20,-72.447
1606.45,-72.701
1606.69,-72.914
1606.93,-73.914
1607.18,-75.448
1607.42,-73.708
1607.67,-70.494
1607.91,-71.625
1608.15,-74.879
1608.40,-72.069
1608.64,-73.416
1608.89,-71.137
1609.13,-74.148
1609.38,-70.085
1609.62,-70.681
1609.86,-71.490
1610.11,-72.381
1610.35,-76.873
1610.60,-73.571
1610.84,-70.108
1611.08,-71.714
1611.33,-71.357
1611.57,-71.752
1611.82,-72.212
1612.06,-72.507
1612.30,-71.997
1612.55,-73.359
1612.79,-71.109
1613.04,-73.737
1613.28,-73.959
1613.53,-69.883
1613.77,-71.411
1614.01,-70.695
1614.26,-71.313
1614.50,-69.347
1614.75,-72.526
1614.99,-72.862
1615.23,-71.002
1615.48,-72.207
1615.72,-69.116
1615.97,-71.256
1616.21,-70.418
1616.46,-68.572
1616.70,-74.093
1616.94,-73.309
1617.19,-69.883
1617.43,-70.807
1617.68,-71.970
1617.92,-71.101
1618.16,-71.924
1618.41,-71.442
1618.65,-69.158
1618.90,-70.497
1619.14,-71.283
1619.38,-73.181
1619.63,-71.225
1619.87,-70.458
1620.12,-69.473
1620.36,-69.182
1620.61,-69.422
1620.85,-70.065
1621.09,-70.614
1621.34,-70.098
1621.58,-71.831
1621.83,-70.335
1622.07,-70.506
1622.31,-70.507
1622.56,-69.333
1622.80,-72.256
1623.05,-71.139
1623.29,-69.566
1623.54,-70.476
1623.78,-70.393
1624.02,-72.536
1624.27,-71.533
1624.51,-70.713
1624.76,-71.222
1625.00,-68.816
1625.24,-68.625
1625.49,-70.320
1625.73,-69.735
1625.98,-70.285
1626.22,-68.656
1626.46,-69.880
1626.71,-68.863
1626.95,-70.931
1627.20,-70.087
1627.44,-69.652
1627.69,-68.721
1627.93,-67.432
1628.17,-68.736
1628.42,-68.744
1628.66,-70.907
1628.91,-72.219
1629.15,-69.079
1629.39,-69.446
1629.64,-69.258
1629.88,-69.600
1630.13,-71.489
1630.37,-71.085
1630.62,-70.362
1630.86,-68.840
1631.10,-67.626
1631.35,-68.138
1631.59,-69.624
1631.84,-71.064
1632.08,-71.090
1632.32,-68.467
1632.57,-68.420
1632.81,-70.896
1633.06,-68.971
1633.30,-67.160
1633.54,-67.710
1633.79,-70.145
1634.03,-70.244
1634.28,-69.573
1634.52,-68.134
1634.77,-68.793
1635.01,-69.450
1635.25,-70.939
1635.50,-70.694
1635.74,-68.410
1635.99,-68.149
1636.23,-66.511
1636.47,-68.255
1636.72,-69.969
1636.96,-68.554
1637.21,-68.093
1637.45,-67.313
1637.70,-68.201
1637.94,-67.018
1638.18,-65.679
1638.43,-67.104
1638.67,-66.576
1638.92,-65.270
1639.16,-67.161
1639.40,-67.744
1639.65,-67.667
1639.89,-67.767
1640.14,-68.176
1640.38,-67.893
1640.62,-67.071
1640.87,-67.496
1641.11,-64.538
1641.36,-65.947
1641.60,-68.169
1641.85,-68.019
1642.09,-68.805
1642.33,-69.525
1642.58,-66.058
1642.82,-66.340
1643.07,-66.781
1643.31,-65.407
1643.55,-68.437
1643.80,-67.540
1644.04,-68.092
1644.29,-66.513
1644.53,-68.082
1644.78,-66.597
1645.02,-64.908
1645.26,-66.116
1645.51,-65.537
1645.75,-65.101
1646.00,-68.287
1646.24,-63.819
1646.48,-67.790
1646.73,-68.641
1646.97,-66.921
1647.22,-67.112
1647.46,-64.150
1647.71,-66.743
1647.95,-65.630
1648.19,-67.807
1648.44,-65.573
1648.68,-66.219
1648.93,-65.621
1649.17,-67.269
1649.41,-66.827
1649.66,-65.648
1649.90,-65.066
1650.15,-67.031
1650.39,-67.407
1650.63,-68.868
1650.88,-66.944
1651.12,-66.310
1651.37,-65.438
1651.61,-63.925
1651.86,-66.474
1652.10,-65.460
1652.34,-66.702
1652.59,-65.095
1652.83,-68.084
1653.08,-65.733
1653.32,-65.484
1653.56,-66.455
1653.81,-67.109
1654.05,-67.195
1654.30,-65.218
1654.54,-66.196
1654.79,-65.693
1655.03,-67.531
1655.27,-65.872
1655.52,-66.260
1655.76,-63.229
1656.01,-66.170
1656.25,-66.673
1656.49,-66.631
1656.74,-65.348
1656.98,-67.268
1657.23,-66.322
1657.47,-66.696
1657.71,-67.006
1657.96,-65.041
1658.20,-66.363
1658.45,-64.489
1658.69,-65.181
1658.94,-65.070
1659.18,-63.399
1659.42,-66.426
1659.67,-67.503
1659.91,-65.645
1660.16,-64.477
1660.40,-64.656
1660.64,-64.444
1660.89,-67.153
1661.13,-64.902
1661.38,-65.678
1661.62,-66.735
1661.87,-65.921
1662.11,-64.445
1662.35,-64.842
1662.60,-64.609
1662.84,-67.647
1663.09,-66.612
1663.33,-66.563
1663.57,-65.756
1663.82,-68.323
1664.06,-65.743
1664.31,-67.452
1664.55,-68.554
1664.79,-65.595
1665.04,-65.193
1665.28,-68.594
1665.53,-70.162
1665.77,-66.654
1666.02,-67.523
1666.26,-66.972
1666.50,-68.775
1666.75,-65.123
1666.99,-65.701
1667.24,-67.330
1667.48,-66.860
1667.72,-65.056
1667.97,-67.671
1668.21,-67.300
1668.46,-66.627
1668.70,-65.600
1668.95,-66.590
1669.19,-66.627
1669.43,-68.205
1669.68,-68.281
1669.92,-64.886
1670.17,-66.473
1670.41,-68.028
1670.65,-65.760
1670.90,-66.062
1671.14,-65.122
1671.39,-65.298
1671.63,-65.534
1671.88,-66.502
1672.12,-69.388
1672.36,-66.018
1672.61,-65.348
1672.85,-66.550
1673.10,-66.847
1673.34,-67.171
1673.58,-67.936
1673.83,-64.551
1674.07,-68.047
1674.32,-65.882
1674.56,-69.008
1674.80,-69.378
1675.05,-66.899
1675.29,-65.806
1675.54,-67.872
1675.78,-64.574
1676.03,-67.207
1676.27,-68.005
1676.51,-65.917
1676.76,-65.828
1677.00,-66.491
1677.25,-68.543
1677.49,-67.121
1677.73,-67.526
1677.98,-67.419
1678.22,-68.332
1678.47,-68.026
1678.71,-68.712
1678.96,-67.941
1679.20,-69.893
1679.44,-67.446
1679.69,-69.465
1679.93,-68.779
1680.18,-67.897
1680.42,-65.759
1680.66,-67.531
1680.91,-70.546
1681.15,-69.260
1681.40,-68.995
1681.64,-65.436
1681.88,-69.365
1682.13,-68.854
1682.37,-66.050
1682.62,-67.046
1682.86,-67.768
1683.11,-69.661
1683.35,-69.657
1683.59,-69.027
1683.84,-68.101
1684.08,-68.404
1684.33,-67.516
1684.57,-70.666
1684.81,-67.748
1685.06,-68.823
1685.30,-68.007
1685.55,-70.004
1685.79,-68.616
1686.04,-70.689
1686.28,-69.252
1686.52,-69.084
1686.77,-67.720
1687.01,-69.819
1687.26,-68.872
1687.50,-71.613
1687.74,-69.351
1687.99,-68.585
1688.23,-69.961
1688.48,-69.522
1688.72,-72.016
1688.96,-71.495
1689.21,-70.783
1689.45,-69.655
1689.70,-69.577
1689.94,-68.182
1690.19,-68.795
1690.43,-69.832
1690.67,-69.741
1690.92,-70.886
1691.16,-68.374
1691.41,-69.430
1691.65,-69.279
1691.89,-68.255
1692.14,-71.309
1692.38,-69.100
1692.63,-69.522
1692.87,-69.879
1693.12,-70.329
1693.36,-69.028
1693.60,-71.649
1693.85,-70.663
1694.09,-69.897
1694.34,-71.486
1694.58,-70.542
1694.82,-69.521
1695.07,-70.053
1695.31,-68.358
1695.56,-72.344
1695.80,-71.008
1696.04,-70.854
1696.29,-70.962
1696.53,-69.781
1696.78,-71.338
1697.02,-74.075
1697.27,-72.369
1697.51,-71.550
1697.75,-70.953
1698.00,-71.914
1698.24,-71.133
1698.49,-71.356
1698.73,-69.404
1698.97,-72.096
1699.22,-71.960
1699.46,-69.384
1699.71,-71.765
1699.95,-71.229
1700.20,-72.766
1700.44,-72.493
1700.68,-71.164
1700.93,-69.940
1701.17,-70.001
1701.42,-69.457
1701.66,-70.844
1701.90,-71.741
1702.15,-72.962
1702.39,-72.316
1702.64,-70.312
1702.88,-72.060
1703.12,-71.607
1703.37,-68.517
1703.61,-71.371
1703.86,-70.323
1704.10,-69.830
1704.35,-70.656
1704.59,-69.611
1704.83,-71.564
1705.08,-71.809
1705.32,-70.590
1705.57,-72.786
1705.81,-74.209
1706.05,-69.251
1706.30,-71.076
1706.54,-72.002
1706.79,-73.249
1707.03,-71.328
1707.28,-70.549
1707.52,-70.318
1707.76,-71.299
1708.01,-71.958
1708.25,-70.870
1708.50,-72.991
1708.74,-74.471
1708.98,-74.260
1709.23,-72.810
1709.47,-69.633
1709.72,-70.436
1709.96,-72.844
1710.21,-70.317
1710.45,-70.563
1710.69,-72.533
1710.94,-71.198
1711.18,-73.365
1711.43,-71.790
1711.67,-72.926
1711.91,-72.989
1712.16,-72.830
1712.40,-70.786
1712.65,-71.943
1712.89,-74.940
1713.13,-73.834
1713.38,-72.488
1713.62,-72.441
1713.87,-70.648
1714.11,-70.605
1714.36,-73.161
1714.60,-73.173
1714.84,-71.846
1715.09,-70.454
1715.33,-73.261
1715.58,-71.311
1715.82,-74.402
1716.06,-72.717
1716.31,-74.846
1716.55,-71.883
1716.80,-74.341
1717.04,-73.722
1717.29,-73.868
1717.53,-71.419
1717.77,-74.430
1718.02,-75.437
1718.26,-76.503
1718.51,-77.103
1718.75,-74.112
1718.99,-72.634
1719.24,-75.620
1719.48,-72.783
1719.73,-74.464
1719.97,-74.996
1720.21,-74.732
1720.46,-74.634
1720.70,-76.532
1720.95,-70.969
1721.19,-72.612
1721.44,-72.447
1721.68,-72.375
1721.92,-72.901
1722.17,-74.342
1722.41,-73.133
1722.66,-74.104
1722.90,-73.382
1723.14,-74.358
1723.39,-74.255
1723.63,-76.610
1723.88,-74.414
1724.12,-73.837
1724.37,-71.867
1724.61,-74.753
1724.85,-73.450
1725.10,-71.649
1725.34,-74.791
1725.59,-73.901
1725.83,-73.871
1726.07,-75.034
1726.32,-73.509
1726.56,-73.258
1726.81,-73.363
1727.05,-74.553
1727.29,-75.151
1727.54,-73.108
1727.78,-74.288
1728.03,-73.588
1728.27,-72.736
1728.52,-73.628
1728.76,-74.038
1729.00,-71.840
1729.25,-72.753
1729.49,-73.454
1729.74,-77.056
1729.98,-74.897
1730.22,-73.329
1730.47,-73.729
1730.71,-73.835
1730.96,-73.349
1731.20,-75.329
1731.45,-73.890
1731.69,-75.622
1731.93,-74.393
1732.18,-74.867
1732.42,-72.774
1732.67,-75.194
1732.91,-75.999
1733.15,-76.096
1733.40,-73.014
1733.64,-75.065
1733.89,-72.598
1734.13,-76.556
1734.38,-74.284
1734.62,-73.582
1734.86,-74.592
1735.11,-75.468
1735.35,-75.449
1735.60,-74.490
1735.84,-71.890
1736.08,-75.210
1736.33,-73.175
1736.57,-76.464
1736.82,-77.254
1737.06,-75.630
1737.30,-73.894
1737.55,-73.062
1737.79,-76.443
1738.04,-75.260
1738.28,-74.862
1738.53,-74.033
1738.77,-75.275
1739.01,-73.599
1739.26,-75.050
1739.50,-72.028
1739.75,-76.006
1739.99,-75.003
1740.23,-73.994
1740.48,-73.226
1740.72,-73.209
1740.97,-73.008
1741.21,-73.744
1741.46,-75.828
1741.70,-76.112
1741.94,-77.146
1742.19,-76.289
1742.43,-76.633
1742.68,-73.244
1742.92,-76.282
1743.16,-77.368
1743.41,-76.513
1743.65,-76.680
1743.90,-75.570
1744.14,-77.898
1744.38,-74.996
1744.63,-73.797
1744.87,-73.702
1745.12,-76.557
1745.36,-73.908
1745.61,-76.761
1745.85,-74.943
1746.09,-74.354
1746.34,-75.426
1746.58,-75.949
1746.83,-76.930
1747.07,-75.476
1747.31,-75.703
1747.56,-76.020
1747.80,-74.491
1748.05,-74.573
1748.29,-75.002
1748.54,-76.297
1748.78,-75.907
1749.02,-77.074
1749.27,-78.672
1749.51,-77.842
1749.76,-75.767
1750.00,-77.482
1750.24,-78.513
1750.49,-78.472
1750.73,-74.608
1750.98,-75.398
1751.22,-75.287
1751.46,-77.717
1751.71,-74.369
1751.95,-74.943
1752.20,-75.422
1752.44,-75.147
1752.69,-74.847
1752.93,-74.629
1753.17,-74.970
1753.42,-76.183
1753.66,-75.216
1753.91,-74.286
1754.15,-77.261
1754.39,-76.130
1754.64,-77.195
1754.88,-77.187
1755.13,-75.694
1755.37,-73.537
1755.62,-76.529
1755.86,-76.272
1756.10,-76.371
1756.35,-74.161
1756.59,-77.708
1756.84,-75.401
1757.08,-77.011
1757.32,-74.540
1757.57,-75.037
1757.81,-76.903
1758.06,-76.461
1758.30,-76.188
1758.54,-76.901
1758.79,-76.238
1759.03,-74.381
1759.28,-75.527
1759.52,-74.910
1759.77,-76.318
1760.01,-76.274
1760.25,-77.970
1760.50,-76.694
1760.74,-76.092
1760.99,-77.220
1761.23,-75.527
1761.47,-77.902
1761.72,-76.773
1761.96,-76.650
1762.21,-76.980
1762.45,-75.486
1762.70,-75.282
1762.94,-76.174
1763.18,-77.466
1763.43,-76.144
1763.67,-77.268
1763.92,-76.042
1764.16,-75.404
1764.40,-75.655
1764.65,-77.978
1764.89,-76.177
1765.14,-77.887
1765.38,-78.789
1765.62,-76.419
1765.87,-79.213
1766.11,-78.622
1766.36,-75.118
1766.60,-76.092
1766.85,-80.079
1767.09,-79.129
1767.33,-78.201
1767.58,-75.967
1767.82,-79.102
1768.07,-77.334
1768.31,-77.851
1768.55,-77.642
1768.80,-77.139
1769.04,-77.043
1769.29,-76.730
1769.53,-75.782
1769.78,-76.580
1770.02,-76.952
1770.26,-77.756
1770.51,-77.854
1770.75,-79.095
1771.00,-77.784
1771.24,-81.313
1771.48,-78.061
1771.73,-75.097
1771.97,-76.628
1772.22,-74.691
1772.46,-75.771
1772.71,-76.457
1772.95,-75.072
1773.19,-77.322
1773.44,-77.771
1773.68,-79.206
1773.93,-77.310
1774.17,-78.109
1774.41,-76.458
1774.66,-77.502
1774.90,-77.000
1775.15,-77.317
1775.39,-77.213
1775.63,-79.255
1775.88,-77.499
1776.12,-81.341
1776.37,-79.124
1776.61,-76.793
1776.86,-78.683
1777.10,-78.036
1777.34,-78.421
1777.59,-77.832
1777.83,-77.716
1778.08,-79.881
1778.32,-77.569
1778.56,-76.909
1778.81,-76.678
1779.05,-77.621
1779.30,-77.454
1779.54,-77.201
1779.79,-78.164
1780.03,-77.505
1780.27,-77.542
1780.52,-77.411
1780.76,-76.321
1781.01,-77.895
1781.25,-77.730
1781.49,-77.827
1781.74,-80.809
1781.98,-80.974
1782.23,-80.194
1782.47,-78.432
1782.71,-78.965
1782.96,-79.177
1783.20,-78.294
1783.45,-80.746
1783.69,-77.904
1783.94,-77.151
1784.18,-77.301
1784.42,-78.959
1784.67,-76.380
1784.91,-76.800
1785.16,-78.733
1785.40,-78.809
1785.64,-78.137
1785.89,-76.878
1786.13,-76.861
1786.38,-76.148
1786.62,-78.964
1786.87,-77.770
1787.11,-80.068
1787.35,-79.415
1787.60,-77.989
1787.84,-78.156
1788.09,-78.559
1788.33,-77.325
1788.57,-76.069
1788.82,-76.967
1789.06,-76.500
1789.31,-76.524
1789.55,-78.097
1789.79,-76.547
1790.04,-77.548
1790.28,-77.765
1790.53,-77.772
1790.77,-77.261
1791.02,-77.061
1791.26,-80.650
1791.50,-78.992
1791.75,-78.992
1791.99,-77.490
1792.24,-76.643
1792.48,-76.094
1792.72,-78.449
1792.97,-79.581
1793.21,-76.685
1793.46,-80.805
1793.70,-76.917
1793.95,-79.505
1794.19,-79.175
1794.43,-76.593
1794.68,-78.247
1794.92,-79.242
1795.17,-76.829
1795.41,-81.687
1795.65,-77.304
1795.90,-77.008
1796.14,-78.249
1796.39,-78.803
1796.63,-79.651
1796.88,-78.099
1797.12,-77.672
1797.36,-77.776
1797.61,-76.715
1797.85,-77.177
1798.10,-79.350
1798.34,-78.467
1798.58,-77.749
1798.83,-78.682
1799.07,-76.926
1799.32,-78.995
1799.56,-80.870
1799.80,-76.606
1800.05,-80.308
1800.29,-78.700
1800.54,-80.324
1800.78,-79.196
1801.03,-80.043
1801.27,-80.812
1801.51,-78.449
1801.76,-78.886
1802.00,-78.590
1802.25,-76.527
1802.49,-78.915
1802.73,-76.960
1802.98,-77.858
1803.22,-78.443
1803.47,-79.458
1803.71,-79.821
1803.96,-77.683
1804.20,-76.749
1804.44,-79.081
1804.69,-78.725
1804.93,-78.733
1805.18,-80.654
1805.42,-78.938
1805.66,-79.652
1805.91,-77.441
1806.15,-77.865
1806.40,-79.798
1806.64,-77.304
1806.88,-79.299
1807.13,-79.436
1807.37,-79.316
1807.62,-78.102
1807.86,-80.445
1808.11,-80.350
1808.35,-77.002
1808.59,-77.666
1808.84,-76.985
1809.08,-77.373
1809.33,-77.859
1809.57,-80.700
1809.81,-77.168
1810.06,-76.987
1810.30,-78.126
1810.55,-78.156
1810.79,-77.606
1811.04,-78.976
1811.28,-78.759
1811.52,-77.939
1811.77,-76.537
1812.01,-77.728
1812.26,-76.530
1812.50,-77.952
1812.74,-77.917
1812.99,-77.677
1813.23,-79.664
1813.48,-77.712
1813.72,-81.301
1813.96,-79.333
1814.21,-79.961
1814.45,-80.064
1814.70,-78.246
1814.94,-78.903
1815.19,-79.232
1815.43,-80.076
1815.67,-78.737
1815.92,-79.522
1816.16,-76.881
1816.41,-79.240
1816.65,-78.217
1816.89,-79.218
1817.14,-80.400
1817.38,-80.118
1817.63,-79.758
1817.87,-77.346
1818.12,-77.769
1818.36,-79.679
1818.60,-77.341
1818.85,-77.671
1819.09,-77.735
1819.34,-77.951
1819.58,-79.569
1819.82,-80.209
1820.07,-80.842
1820.31,-78.215
1820.56,-75.898
1820.80,-79.339
1821.04,-81.894
1821.29,-79.388
1821.53,-78.375
1821.78,-79.353
1822.02,-80.034
1822.27,-80.957
1822.51,-80.705
1822.75,-78.536
1823.00,-79.600
1823.24,-78.910
1823.49,-79.994
1823.73,-78.025
1823.97,-78.061
1824.22,-81.419
1824.46,-80.053
1824.71,-78.718
1824.95,-77.573
1825.20,-78.268
1825.44,-80.299
1825.68,-79.557
1825.93,-79.905
1826.17,-79.863
1826.42,-80.772
1826.66,-81.763
1826.90,-80.213
1827.15,-77.558
1827.39,-79.394
1827.64,-78.844
1827.88,-77.702
1828.12,-76.259
1828.37,-79.296
1828.61,-77.974
1828.86,-78.010
1829.10,-76.968
1829.35,-78.652
1829.59,-80.024
1829.83,-78.717
1830.08,-77.313
1830.32,-78.677
1830.57,-79.453
1830.81,-80.665
1831.05,-79.098
1831.30,-81.835
1831.54,-81.008
1831.79,-78.873
1832.03,-78.405
1832.28,-78.025
1832.52,-78.978
1832.76,-78.751
1833.01,-77.537
1833.25,-79.324
1833.50,-80.945
1833.74,-79.273
1833.98,-79.621
1834.23,-79.763
1834.47,-79.581
1834.72,-79.926
1834.96,-79.710
1835.21,-78.143
1835.45,-79.700
1835.69,-78.633
1835.94,-78.275
1836.18,-79.390
1836.43,-80.592
1836.67,-80.089
1836.91,-77.892
1837.16,-79.271
1837.40,-79.966
1837.65,-79.739
1837.89,-78.936
1838.13,-81.387
1838.38,-80.480
1838.62,-78.266
1838.87,-80.109
1839.11,-80.915
1839.36,-80.161
1839.60,-77.465
1839.84,-79.733
1840.09,-80.849
1840.33,-77.891
1840.58,-80.442
1840.82,-81.025
1841.06,-79.504
1841.31,-78.499
1841.55,-78.202
1841.80,-80.217
1842.04,-79.389
1842.29,-76.796
1842.53,-79.468
1842.77,-82.670
1843.02,-78.374
1843.26,-76.792
1843.51,-78.583
1843.75,-78.839
1843.99,-79.550
1844.24,-79.238
1844.48,-78.614
1844.73,-80.776
1844.97,-78.008
1845.21,-78.972
1845.46,-81.028
1845.70,-79.403
1845.95,-79.625
1846.19,-78.788
1846.44,-80.909
1846.68,-80.267
1846.92,-79.262
1847.17,-81.565
1847.41,-81.386
1847.66,-79.219
1847.90,-81.189
1848.14,-78.315
1848.39,-79.154
1848.63,-78.202
1848.88,-79.044
1849.12,-80.538
1849.37,-77.265
1849.61,-77.697
1849.85,-78.770
1850.10,-80.883
1850.34,-77.709
1850.59,-82.292
1850.83,-80.068
1851.07,-81.424
1851.32,-80.168
1851.56,-79.979
1851.81,-78.260
1852.05,-78.214
1852.29,-77.699
1852.54,-77.043
1852.78,-76.631
1853.03,-78.351
1853.27,-78.789
1853.52,-80.308
1853.76,-80.310
1854.00,-81.101
1854.25,-81.485
1854.49,-80.432
1854.74,-78.461
1854.98,-79.968
1855.22,-78.251
1855.47,-80.503
1855.71,-78.943
1855.96,-81.820
1856.20,-80.036
1856.45,-78.038
1856.69,-79.765
1856.93,-79.737
1857.18,-79.724
1857.42,-78.063
1857.67,-81.898
1857.91,-80.049
1858.15,-79.322
1858.40,-82.194
1858.64,-79.999
1858.89,-77.985
1859.13,-78.730
1859.38,-81.338
1859.62,-78.563
1859.86,-82.178
1860.11,-83.117
1860.35,-80.014
1860.60,-78.854
1860.84,-79.448
1861.08,-78.505
1861.33,-78.597
1861.57,-79.147
1861.82,-82.801
1862.06,-78.786
1862.30,-82.285
1862.55,-80.866
1862.79,-79.564
1863.04,-80.632
1863.28,-78.790
1863.53,-80.207
1863.77,-78.960
1864.01,-80.905
1864.26,-79.856
1864.50,-79.590
1864.75,-80.757
1864.99,-80.990
1865.23,-80.036
1865.48,-79.314
1865.72,-78.067
1865.97,-80.039
1866.21,-81.912
1866.46,-78.800
1866.70,-79.816
1866.94,-81.008
1867.19,-78.857
1867.43,-80.580
1867.68,-79.862
1867.92,-79.502
1868.16,-80.735
1868.41,-77.879
1868.65,-78.379
1868.90,-80.127
1869.14,-80.676
1869.38,-81.292
1869.63,-79.708
1869.87,-79.201
1870.12,-78.668
1870.36,-80.117
1870.61,-81.397
1870.85,-79.733
1871.09,-80.494
1871.34,-79.615
1871.58,-77.505
1871.83,-77.770
1872.07,-79.568
1872.31,-81.690
1872.56,-79.194
1872.80,-79.429
1873.05,-79.762
1873.29,-79.210
1873.54,-82.091
1873.78,-79.193
1874.02,-79.259
1874.27,-79.174
1874.51,-80.211
1874.76,-79.603
1875.00,-76.805
1875.24,-77.194
1875.49,-77.049
1875.73,-78.700
1875.98,-80.694
1876.22,-82.799
1876.46,-79.932
1876.71,-79.634
1876.95,-79.122
1877.20,-80.191
1877.44,-79.730
1877.69,-81.068
1877.93,-78.582
1878.17,-80.792
1878.42,-78.523
1878.66,-79.995
1878.91,-79.518
1879.15,-79.070
1879.39,-78.163
1879.64,-80.164
1879.88,-81.730
1880.13,-80.288
1880.37,-81.313
1880.62,-80.167
1880.86,-79.009
1881.10,-77.700
1881.35,-79.799
1881.59,-76.346
1881.84,-81.025
1882.08,-79.824
1882.32,-81.287
1882.57,-80.954
1882.81,-79.647
1883.06,-79.256
1883.30,-81.224
1883.54,-81.315
1883.79,-76.967
1884.03,-79.071
1884.28,-80.616
1884.52,-80.640
1884.77,-79.919
1885.01,-79.853
1885.25,-80.036
1885.50,-79.101
1885.74,-81.397
1885.99,-80.038
1886.23,-78.572
1886.47,-76.615
1886.72,-79.772
1886.96,-78.083
1887.21,-80.642
1887.45,-80.799
1887.70,-79.881
1887.94,-76.677
1888.18,-78.269
1888.43,-77.647
1888.67,-79.551
1888.92,-82.775
1889.16,-79.804
1889.40,-78.236
1889.65,-76.981
1889.89,-80.915
1890.14,-80.681
1890.38,-80.847
1890.62,-80.558
1890.87,-80.428
1891.11,-77.229
1891.36,-79.579
1891.60,-78.999
1891.85,-80.880
1892.09,-81.342
1892.33,-79.851
1892.58,-80.180
1892.82,-79.045
1893.07,-79.672
1893.31,-80.035
1893.55,-78.759
1893.80,-80.255
1894.04,-79.998
1894.29,-78.353
1894.53,-81.104
1894.78,-81.235
1895.02,-80.773
1895.26,-79.636
1895.51,-80.501
1895.75,-79.060
1896.00,-78.739
1896.24,-79.514
1896.48,-79.113
1896.73,-78.767
1896.97,-79.729
1897.22,-78.206
1897.46,-79.737
1897.71,-79.065
1897.95,-78.843
1898.19,-79.885
1898.44,-81.783
1898.68,-79.633
1898.93,-80.677
1899.17,-79.785
1899.41,-81.754
1899.66,-79.739
1899.90,-80.637
1900.15,-81.346
1900.39,-80.553
1900.63,-80.199
1900.88,-81.088
1901.12,-79.709
1901.37,-79.661
1901.61,-79.944
1901.86,-82.098
1902.10,-82.097
1902.34,-80.082
1902.59,-78.940
1902.83,-79.928
1903.08,-80.985
1903.32,-79.231
1903.56,-80.647
1903.81,-81.370
1904.05,-79.301
1904.30,-78.778
1904.54,-77.246
1904.79,-80.242
1905.03,-82.661
1905.27,-81.346
1905.52,-78.951
1905.76,-79.438
1906.01,-79.482
1906.25,-81.945
1906.49,-79.859
1906.74,-79.427
1906.98,-79.979
1907.23,-80.181
1907.47,-80.274
1907.71,-80.371
1907.96,-80.282
1908.20,-79.931
1908.45,-77.895
1908.69,-81.361
1908.94,-79.999
1909.18,-80.126
1909.42,-80.538
1909.67,-81.623
1909.91,-80.805
1910.16,-79.266
1910.40,-79.381
1910.64,-80.984
1910.89,-81.099
1911.13,-82.824
1911.38,-81.515
1911.62,-82.949
1911.87,-81.678
1912.11,-79.199
1912.35,-79.523
1912.60,-77.925
1912.84,-78.190
1913.09,-81.245
1913.33,-81.440
1913.57,-79.328
1913.82,-82.191
1914.06,-80.424
1914.31,-77.467
1914.55,-79.051
1914.79,-80.528
1915.04,-76.314
1915.28,-79.733
1915.53,-79.349
1915.77,-77.115
1916.02,-80.213
1916.26,-78.526
1916.50,-78.092
1916.75,-79.340
1916.99,-80.517
1917.24,-77.512
1917.48,-79.058
1917.72,-81.466
1917.97,-82.418
1918.21,-78.814
1918.46,-78.181
1918.70,-77.742
1918.95,-77.482
1919.19,-77.017
1919.43,-78.976
1919.68,-79.649
1919.92,-79.428
1920.17,-81.875
1920.41,-79.621
1920.65,-78.188
1920.90,-80.538
1921.14,-80.468
1921.39,-82.320
1921.63,-81.714
1921.88,-80.607
1922.12,-78.116
1922.36,-81.320
1922.61,-81.204
1922.85,-78.106
1923.10,-79.831
1923.34,-81.574
1923.58,-80.788
1923.83,-81.256
1924.07,-77.755
1924.32,-78.112
1924.56,-77.082
1924.80,-79.063
1925.05,-78.868
1925.29,-78.932
1925.54,-79.350
1925.78,-78.800
1926.03,-80.698
1926.27,-83.107
1926.51,-79.492
1926.76,-79.847
1927.00,-80.804
1927.25,-80.777
1927.49,-82.367
1927.73,-80.035
1927.98,-81.120
1928.22,-78.801
1928.47,-80.070
1928.71,-80.009
1928.96,-78.245
1929.20,-79.441
1929.44,-80.604
1929.69,-77.972
1929.93,-78.087
1930.18,-80.086
1930.42,-77.869
1930.66,-80.010
1930.91,-78.301
1931.15,-80.101
1931.40,-77.324
1931.64,-81.359
1931.88,-79.194
1932.13,-78.856
1932.37,-79.824
1932.62,-78.621
1932.86,-79.532
1933.11,-78.243
1933.35,-79.471
1933.59,-79.752
1933.84,-78.288
1934.08,-78.314
1934.33,-78.859
1934.57,-77.592
1934.81,-78.029
1935.06,-80.580
1935.30,-77.348
1935.55,-80.139
1935.79,-81.051
1936.04,-80.147
1936.28,-81.247
1936.52,-79.991
1936.77,-81.449
1937.01,-79.026
1937.26,-78.777
1937.50,-79.994
1937.74,-77.452
1937.99,-78.080
1938.23,-79.307
1938.48,-77.778
1938.72,-79.396
1938.96,-78.826
1939.21,-79.825
1939.45,-77.939
1939.70,-79.650
1939.94,-81.054
1940.19,-79.572
1940.43,-81.572
1940.67,-82.386
1940.92,-80.802
1941.16,-78.616
1941.41,-78.686
1941.65,-78.169
1941.89,-80.236
1942.14,-78.294
1942.38,-78.748
1942.63,-78.970
1942.87,-77.636
1943.12,-77.774
1943.36,-78.864
1943.60,-80.361
1943.85,-79.475
1944.09,-79.132
1944.34,-78.144
1944.58,-77.030
1944.82,-77.804
1945.07,-77.940
1945.31,-82.258
1945.56,-80.929
1945.80,-81.364
1946.04,-78.292
1946.29,-81.498
1946.53,-80.694
1946.78,-79.371
1947.02,-80.898
1947.27,-80.745
1947.51,-80.495
1947.75,-81.533
1948.00,-79.930
1948.24,-78.817
1948.49,-80.128
1948.73,-80.583
1948.97,-79.332
1949.22,-80.170
1949.46,-77.656
1949.71,-76.992
1949.95,-78.213
1950.20,-78.527
1950.44,-80.758
1950.68,-81.068
1950.93,-79.565
1951.17,-81.443
1951.42,-80.725
1951.66,-76.944
1951.90,-79.346
1952.15,-78.371
1952.39,-78.340
1952.64,-78.624
1952.88,-79.048
1953.12,-78.337
1953.37,-77.638
1953.61,-79.853
1953.86,-79.039
1954.10,-78.032
1954.35,-78.576
1954.59,-79.111
1954.83,-78.632
1955.08,-80.005
1955.32,-79.603
1955.57,-78.901
1955.81,-82.192
1956.05,-80.108
1956.30,-78.962
1956.54,-80.079
1956.79,-80.559
1957.03,-80.469
1957.28,-80.754
1957.52,-81.531
1957.76,-78.982
1958.01,-77.568
1958.25,-81.113
1958.50,-79.608
1958.74,-77.505
1958.98,-76.971
1959.23,-78.919
1959.47,-77.015
1959.72,-78.578
1959.96,-78.626
1960.21,-78.972
1960.45,-79.386
1960.69,-77.864
1960.94,-79.321
1961.18,-81.007
1961.43,-80.390
1961.67,-78.536
1961.91,-80.147
1962.16,-79.619
1962.40,-79.266
1962.65,-79.104
1962.89,-80.203
1963.13,-80.154
1963.38,-78.722
1963.62,-77.704
1963.87,-78.526
1964.11,-78.332
1964.36,-78.375
1964.60,-77.918
1964.84,-80.159
1965.09,-79.493
1965.33,-79.042
1965.58,-76.397
1965.82,-76.851
1966.06,-78.926
1966.31,-78.541
1966.55,-77.478
1966.80,-78.710
1967.04,-78.413
1967.29,-78.889
1967.53,-78.962
1967.77,-78.369
1968.02,-78.049
1968.26,-79.449
1968.51,-80.147
1968.75,-79.002
1968.99,-79.816
1969.24,-78.898
1969.48,-79.823
1969.73,-78.087
1969.97,-76.684
1970.21,-78.854
1970.46,-79.531
1970.70,-78.450
1970.95,-78.236
1971.19,-75.866
1971.44,-78.008
1971.68,-77.663
1971.92,-77.158
1972.17,-77.968
1972.41,-76.851
1972.66,-80.434
1972.90,-78.559
1973.14,-76.435
1973.39,-76.311
1973.63,-80.480
1973.88,-79.575
1974.12,-80.833
1974.37,-78.850
1974.61,-77.514
1974.85,-79.657
1975.10,-77.266
1975.34,-78.813
1975.59,-80.316
1975.83,-78.515
1976.07,-79.934
1976.32,-77.172
1976.56,-76.341
1976.81,-79.031
1977.05,-77.944
1977.29,-77.375
1977.54,-77.253
1977.78,-79.177
1978.03,-78.270
1978.27,-83.225
1978.52,-79.091
1978.76,-78.263
1979.00,-78.474
1979.25,-79.940
1979.49,-78.036
1979.74,-77.361
1979.98,-76.293
1980.22,-82.023
1980.47,-79.495
1980.71,-77.446
1980.96,-79.300
1981.20,-79.475
1981.45,-79.497
1981.69,-77.423
1981.93,-77.330
1982.18,-77.623
1982.42,-78.358
1982.67,-78.455
1982.91,-79.270
1983.15,-74.543
1983.40,-78.283
1983.64,-79.932
1983.89,-78.434
1984.13,-81.971
1984.38,-80.208
1984.62,-76.435
1984.86,-77.121
1985.11,-77.627
1985.35,-81.337
1985.60,-76.518
1985.84,-77.470
1986.08,-78.361
1986.33,-80.399
1986.57,-79.215
1986.82,-79.404
1987.06,-80.242
1987.30,-79.429
1987.55,-76.524
1987.79,-78.519
1988.04,-79.329
1988.28,-79.489
1988.53,-78.343
1988.77,-77.436
1989.01,-77.612
1989.26,-76.253
1989.50,-77.246
1989.75,-77.946
1989.99,-76.277
1990.23,-77.555
1990.48,-81.182
1990.72,-78.755
1990.97,-79.687
1991.21,-79.371
1991.46,-76.327
1991.70,-79.085
1991.94,-80.456
1992.19,-77.167
1992.43,-78.233
1992.68,-78.351
1992.92,-77.591
1993.16,-75.719
1993.41,-77.110
1993.65,-79.407
1993.90,-80.682
1994.14,-76.362
1994.38,-79.269
1994.63,-78.802
1994.87,-78.984
1995.12,-78.053
1995.36,-78.542
1995.61,-75.722
1995.85,-76.096
1996.09,-78.412
1996.34,-77.208
1996.58,-76.401
1996.83,-74.630
1997.07,-78.860
1997.31,-78.763
1997.56,-76.456
1997.80,-76.899
1998.05,-75.501
1998.29,-77.243
1998.54,-78.719
1998.78,-79.403
1999.02,-77.917
1999.27,-76.858
1999.51,-77.671
1999.76,-79.836
2000.00,-78.564
2000.24,-76.631
2000.49,-76.432
2000.73,-77.918
2000.98,-75.689
2001.22,-78.548
2001.46,-79.582
2001.71,-77.814
2001.95,-75.713
2002.20,-77.653
2002.44,-77.508
2002.69,-77.723
2002.93,-77.460
2003.17,-77.257
2003.42,-78.054
2003.66,-77.072
2003.91,-77.132
2004.15,-79.224
2004.39,-77.865
2004.64,-78.189
2004.88,-75.947
2005.13,-78.411
2005.37,-79.718
2005.62,-77.038
2005.86,-77.188
2006.10,-76.699
2006.35,-77.697
2006.59,-75.617
2006.84,-80.158
2007.08,-78.717
2007.32,-77.747
2007.57,-81.157
2007.81,-81.426
2008.06,-79.165
2008.30,-78.421
2008.54,-78.204
2008.79,-76.583
2009.03,-78.299
2009.28,-78.921
2009.52,-79.245
2009.77,-78.805
2010.01,-79.917
2010.25,-81.391
2010.50,-78.079
2010.74,-79.055
2010.99,-78.580
2011.23,-75.568
2011.47,-77.254
2011.72,-80.355
2011.96,-77.029
2012.21,-77.216
2012.45,-80.385
2012.70,-78.191
2012.94,-77.471
2013.18,-77.347
2013.43,-79.402
2013.67,-79.234
2013.92,-78.051
2014.16,-79.925
2014.40,-77.030
2014.65,-78.034
2014.89,-77.077
2015.14,-78.664
2015.38,-76.901
2015.62,-77.306
2015.87,-79.788
2016.11,-76.460
2016.36,-76.915
2016.60,-77.845
2016.85,-79.578
2017.09,-78.691
2017.33,-77.339
2017.58,-74.995
2017.82,-80.111
2018.07,-75.241
2018.31,-76.436
2018.55,-75.898
2018.80,-77.608
2019.04,-76.624
2019.29,-76.285
2019.53,-76.573
2019.78,-76.367
2020.02,-78.808
2020.26,-78.133
2020.51,-78.127
2020.75,-79.353
2021.00,-78.302
2021.24,-79.243
2021.48,-77.367
2021.73,-78.818
2021.97,-78.230
2022.22,-76.391
2022.46,-74.503
2022.71,-76.966
2022.95,-79.275
2023.19,-78.651
2023.44,-81.837
2023.68,-77.854
2023.93,-77.727
2024.17,-77.420
2024.41,-76.336
2024.66,-78.088
2024.90,-78.976
2025.15,-77.344
2025.39,-77.853
2025.63,-76.988
2025.88,-78.169
2026.12,-80.399
2026.37,-79.172
2026.61,-78.807
2026.86,-77.640
2027.10,-77.867
2027.34,-78.355
2027.59,-78.557
2027.83,-76.892
2028.08,-78.843
2028.32,-79.525
2028.56,-79.322
2028.81,-75.026
2029.05,-75.645
2029.30,-76.938
2029.54,-76.330
2029.79,-77.659
2030.03,-79.355
2030.27,-77.529
2030.52,-76.322
2030.76,-79.938
2031.01,-77.024
2031.25,-78.022
2031.49,-79.260
2031.74,-78.192
2031.98,-75.466
2032.23,-75.571
2032.47,-77.996
2032.71,-77.672
2032.96,-73.961
2033.20,-78.352
2033.45,-74.513
2033.69,-79.063
2033.94,-75.717
2034.18,-77.028
2034.42,-78.416
2034.67,-77.676
2034.91,-78.011
2035.16,-78.300
2035.40,-78.112
2035.64,-78.830
2035.89,-77.706
2036.13,-77.808
2036.38,-79.922
2036.62,-76.443
2036.87,-76.477
2037.11,-77.347
2037.35,-76.684
2037.60,-78.143
2037.84,-77.828
2038.09,-77.387
2038.33,-76.846
2038.57,-76.349
2038.82,-75.756
2039.06,-78.178
2039.31,-79.291
2039.55,-75.801
2039.79,-76.585
2040.04,-78.418
2040.28,-75.689
2040.53,-77.539
2040.77,-76.393
2041.02,-75.494
2041.26,-75.197
2041.50,-78.679
2041.75,-77.924
2041.99,-75.176
2042.24,-74.137
2042.48,-75.869
2042.72,-74.132
2042.97,-74.861
2043.21,-77.155
2043.46,-74.869
2043.70,-76.139
2043.95,-78.539
2044.19,-78.008
2044.43,-76.228
2044.68,-77.663
2044.92,-75.613
2045.17,-76.296
2045.41,-79.587
2045.65,-75.906
2045.90,-75.013
2046.14,-75.534
2046.39,-76.654
2046.63,-75.068
2046.88,-75.526
2047.12,-75.768
2047.36,-74.549
2047.61,-74.150
2047.85,-74.287
2048.10,-77.324
2048.34,-76.781
2048.58,-77.198
2048.83,-76.063
2049.07,-76.989
2049.32,-75.409
2049.56,-76.417
2049.80,-75.928
2050.05,-73.892
2050.29,-76.226
2050.54,-73.517
2050.78,-74.561
2051.03,-74.356
2051.27,-76.941
2051.51,-78.463
2051.76,-76.066
2052.00,-76.994
2052.25,-76.026
2052.49,-76.105
2052.73,-78.475
2052.98,-74.839
2053.22,-74.724
2053.47,-74.807
2053.71,-75.815
2053.96,-75.812
2054.20,-76.829
2054.44,-75.178
2054.69,-77.051
2054.93,-77.714
2055.18,-75.048
2055.42,-73.613
2055.66,-72.433
2055.91,-75.646
2056.15,-74.626
2056.40,-74.765
2056.64,-76.192
2056.88,-74.122
2057.13,-77.011
2057.37,-74.429
2057.62,-76.995
2057.86,-78.662
2058.11,-75.340
2058.35,-75.575
2058.59,-74.746
2058.84,-72.706
2059.08,-73.602
2059.33,-74.283
2059.57,-73.723
2059.81,-77.995
2060.06,-73.001
2060.30,-74.195
2060.55,-75.276
2060.79,-75.768
2061.04,-75.225
2061.28,-76.885
2061.52,-74.773
2061.77,-76.007
2062.01,-76.144
2062.26,-76.155
2062.50,-74.561
2062.74,-75.680
2062.99,-75.692
2063.23,-74.523
2063.48,-74.426
2063.72,-72.477
2063.96,-73.853
2064.21,-74.430
2064.45,-75.489
2064.70,-75.726
2064.94,-75.635
2065.19,-75.972
2065.43,-76.812
2065.67,-73.730
2065.92,-73.957
2066.16,-75.489
2066.41,-77.142
2066.65,-74.941
2066.89,-75.004
2067.14,-75.665
2067.38,-75.823
2067.63,-74.869
2067.87,-77.124
2068.12,-74.559
2068.36,-75.739
2068.60,-74.771
2068.85,-74.039
2069.09,-73.606
2069.34,-75.583
2069.58,-74.660
2069.82,-77.418
2070.07,-76.555
2070.31,-73.947
2070.56,-75.495
2070.80,-74.903
2071.04,-74.092
2071.29,-74.372
2071.53,-74.125
2071.78,-76.089
2072.02,-75.664
2072.27,-74.531
2072.51,-72.920
2072.75,-74.631
2073.00,-75.767
2073.24,-73.203
2073.49,-74.089
2073.73,-73.898
2073.97,-72.304
2074.22,-77.874
2074.46,-75.404
2074.71,-74.931
2074.95,-75.779
2075.20,-76.694
2075.44,-74.556
2075.68,-74.441
2075.93,-75.195
2076.17,-76.286
2076.42,-72.527
2076.66,-75.874
2076.90,-73.734
2077.15,-74.204
2077.39,-73.391
2077.64,-74.180
2077.88,-74.114
2078.12,-75.390
2078.37,-74.510
2078.61,-75.009
2078.86,-75.784
2079.10,-71.359
2079.35,-72.744
2079.59,-71.784
2079.83,-74.663
2080.08,-73.271
2080.32,-75.909
2080.57,-72.834
2080.81,-71.432
2081.05,-73.421
2081.30,-73.477
2081.54,-73.417
2081.79,-75.358
2082.03,-73.302
2082.28,-72.854
2082.52,-73.919
2082.76,-74.904
2083.01,-77.992
2083.25,-74.700
2083.50,-77.783
2083.74,-76.397
2083.98,-76.222
2084.23,-73.897
2084.47,-73.334
2084.72,-71.546
2084.96,-72.835
2085.21,-74.587
2085.45,-74.381
2085.69,-73.833
2085.94,-74.075
2086.18,-73.287
2086.43,-74.358
2086.67,-75.387
2086.91,-72.911
2087.16,-75.110
2087.40,-74.805
2087.65,-74.090
2087.89,-73.166
2088.13,-72.505
2088.38,-72.600
2088.62,-71.874
2088.87,-75.042
2089.11,-70.587
2089.36,-73.333
2089.60,-73.605
2089.84,-71.042
2090.09,-74.744
2090.33,-72.273
2090.58,-71.752
2090.82,-73.182
2091.06,-74.414
2091.31,-75.395
2091.55,-74.787
2091.80,-73.686
2092.04,-74.599
2092.29,-74.951
2092.53,-74.732
2092.77,-72.961
2093.02,-73.058
2093.26,-72.403
2093.51,-73.123
2093.75,-74.020
2093.99,-71.381
2094.24,-71.584
2094.48,-72.811
2094.73,-73.573
2094.97,-73.349
2095.21,-71.983
2095.46,-74.103
2095.70,-73.477
2095.95,-74.410
2096.19,-74.571
2096.44,-73.978
2096.68,-74.342
2096.92,-73.131
2097.17,-70.449
2097.41,-74.664
2097.66,-74.800
2097.90,-72.229
2098.14,-76.090
2098.39,-74.386
2098.63,-71.006
2098.88,-71.585
2099.12,-73.646
2099.37,-71.739
2099.61,-72.986
2099.85,-74.670
2100.10,-73.770
2100.34,-73.065
2100.59,-70.505
2100.83,-72.399
2101.07,-71.978
2101.32,-70.028
2101.56,-72.036
2101.81,-72.842
2102.05,-72.209
2102.29,-73.114
2102.54,-70.785
2102.78,-71.292
2103.03,-71.285
2103.27,-72.814
2103.52,-74.630
2103.76,-71.796
2104.00,-71.231
2104.25,-72.372
2104.49,-73.300
2104.74,-73.234
2104.98,-71.745
2105.22,-73.295
2105.47,-72.397
2105.71,-69.823
2105.96,-69.726
2106.20,-72.073
2106.45,-70.657
2106.69,-71.932
2106.93,-74.575
2107.18,-73.632
2107.42,-72.117
2107.67,-71.327
2107.91,-74.102
2108.15,-72.012
2108.40,-71.863
2108.64,-71.665
2108.89,-69.433
2109.13,-73.686
2109.38,-72.690
2109.62,-73.230
2109.86,-71.490
2110.11,-72.377
2110.35,-72.923
2110.60,-69.940
2110.84,-71.946
2111.08,-71.830
2111.33,-71.197
2111.57,-72.008
2111.82,-73.083
2112.06,-70.846
2112.30,-72.009
2112.55,-71.285
2112.79,-71.269
2113.04,-68.858
2113.28,-69.741
2113.53,-71.620
2113.77,-70.630
2114.01,-70.502
2114.26,-71.164
2114.50,-69.557
2114.75,-71.343
2114.99,-70.075
2115.23,-70.811
2115.48,-70.317
2115.72,-70.315
2115.97,-70.405
2116.21,-71.813
2116.46,-72.598
2116.70,-73.323
2116.94,-72.089
2117.19,-70.642
2117.43,-71.385
2117.68,-71.460
2117.92,-70.487
2118.16,-70.830
2118.41,-72.266
2118.65,-72.038
2118.90,-70.817
2119.14,-70.486
2119.38,-72.699
2119.63,-72.891
2119.87,-70.771
2120.12,-73.423
2120.36,-70.388
2120.61,-69.303
2120.85,-69.408
2121.09,-70.830
2121.34,-70.449
2121.58,-71.548
2121.83,-70.928
2122.07,-71.455
2122.31,-70.530
2122.56,-71.337
2122.80,-67.932
2123.05,-68.935
2123.29,-71.008
2123.54,-69.979
2123.78,-70.254
2124.02,-71.624
2124.27,-70.256
2124.51,-70.339
2124.76,-71.411
2125.00,-71.689
2125.24,-69.328
2125.49,-69.834
2125.73,-73.558
2125.98,-70.580
2126.22,-68.526
2126.46,-72.234
2126.71,-72.283
2126.95,-69.868
2127.20,-68.604
2127.44,-68.773
2127.69,-68.298
2127.93,-69.749
2128.17,-69.571
2128.42,-68.879
2128.66,-71.582
2128.91,-71.539
2129.15,-70.151
2129.39,-71.677
2129.64,-71.558
2129.88,-69.708
2130.13,-70.683
2130.37,-70.873
2130.62,-70.887
2130.86,-70.580
2131.10,-70.848
2131.35,-70.107
2131.59,-70.931
2131.84,-70.753
2132.08,-68.810
2132.32,-70.782
2132.57,-69.168
2132.81,-68.928
2133.06,-69.700
2133.30,-70.473
2133.54,-71.718
2133.79,-70.365
2134.03,-67.969
2134.28,-69.320
2134.52,-68.052
2134.77,-71.448
2135.01,-67.096
2135.25,-70.354
2135.50,-69.348
2135.74,-68.765
2135.99,-69.564
2136.23,-69.894
2136.47,-68.781
2136.72,-68.324
2136.96,-67.203
2137.21,-69.100
2137.45,-67.918
2137.70,-69.311
2137.94,-68.169
2138.18,-67.973
2138.43,-68.240
2138.67,-70.225
2138.92,-68.762
2139.16,-68.177
2139.40,-69.910
2139.65,-67.470
2139.89,-69.143
2140.14,-66.137
2140.38,-67.122
2140.62,-69.842
2140.87,-67.590
2141.11,-67.153
2141.36,-67.952
2141.60,-67.046
2141.85,-67.437
2142.09,-67.088
2142.33,-67.004
2142.58,-68.309
2142.82,-70.154
2143.07,-69.131
2143.31,-70.139
2143.55,-68.998
2143.80,-68.075
2144.04,-67.386
2144.29,-68.927
2144.53,-66.867
2144.78,-67.893
2145.02,-68.071
2145.26,-70.610
2145.51,-67.483
2145.75,-69.627
2146.00,-66.211
2146.24,-72.010
2146.48,-68.415
2146.73,-66.351
2146.97,-68.186
2147.22,-67.354
2147.46,-68.744
2147.71,-66.471
2147.95,-66.211
2148.19,-66.432
2148.44,-65.701
2148.68,-67.590
2148.93,-66.817
2149.17,-67.559
2149.41,-67.739
2149.66,-68.571
2149.90,-66.493
2150.15,-66.282
2150.39,-65.368
2150.63,-66.450
2150.88,-64.656
2151.12,-65.875
2151.37,-68.862
2151.61,-66.876
2151.86,-68.467
2152.10,-65.418
2152.34,-66.388
2152.59,-64.918
2152.83,-66.796
2153.08,-67.428
2153.32,-67.594
2153.56,-67.606
2153.81,-66.665
2154.05,-66.988
2154.30,-65.011
2154.54,-66.113
2154.79,-64.507
2155.03,-66.871
2155.27,-67.120
2155.52,-66.699
2155.76,-66.596
2156.01,-67.769
2156.25,-65.963
2156.49,-64.655
2156.74,-65.289
2156.98,-65.577
2157.23,-64.413
2157.47,-65.437
2157.71,-68.459
2157.96,-63.831
2158.20,-65.505
2158.45,-67.282
2158.69,-66.235
2158.94,-67.597
2159.18,-66.692
2159.42,-68.482
2159.67,-67.249
2159.91,-65.051
2160.16,-66.567
2160.40,-66.300
2160.64,-65.482
2160.89,-66.854
2161.13,-66.561
2161.38,-64.801
2161.62,-67.013
2161.87,-65.706
2162.11,-63.367
2162.35,-65.521
2162.60,-64.721
2162.84,-65.777
2163.09,-64.240
2163.33,-64.524
2163.57,-63.176
2163.82,-64.717
2164.06,-65.870
2164.31,-65.968
2164.55,-66.219
2164.79,-64.740
2165.04,-65.223
2165.28,-64.209
2165.53,-63.313
2165.77,-63.475
2166.02,-64.790
2166.26,-64.589
2166.50,-63.674
2166.75,-65.362
2166.99,-62.137
2167.24,-62.752
2167.48,-64.262
2167.72,-64.448
2167.97,-66.715
2168.21,-64.090
2168.46,-64.779
2168.70,-63.974
2168.95,-61.907
2169.19,-64.915
2169.43,-62.217
2169.68,-67.127
2169.92,-65.869
2170.17,-64.843
2170.41,-63.928
2170.65,-64.844
2170.90,-62.231
2171.14,-63.748
2171.39,-63.500
2171.63,-63.228
2171.88,-65.390
2172.12,-63.723
2172.36,-66.871
2172.61,-64.494
2172.85,-64.901
2173.10,-63.052
2173.34,-62.949
2173.58,-64.616
2173.83,-65.552
2174.07,-65.818
2174.32,-63.469
2174.56,-62.463
2174.80,-62.612
2175.05,-64.596
2175.29,-64.378
2175.54,-61.431
2175.78,-62.531
2176.03,-61.598
2176.27,-60.572
2176.51,-61.304
2176.76,-62.647
2177.00,-63.405
2177.25,-63.007
2177.49,-60.628
2177.73,-60.835
2177.98,-60.685
2178.22,-60.482
2178.47,-65.289
2178.71,-62.980
2178.96,-61.533
2179.20,-61.267
2179.44,-63.786
2179.69,-62.442
2179.93,-61.015
2180.18,-63.319
2180.42,-59.938
2180.66,-62.532
2180.91,-63.568
2181.15,-61.917
2181.40,-63.805
2181.64,-63.610
2181.88,-61.224
2182.13,-63.840
2182.37,-60.173
2182.62,-61.076
2182.86,-64.559
2183.11,-64.849
2183.35,-62.093
2183.59,-62.167
2183.84,-59.672
2184.08,-58.077
2184.33,-63.832
2184.57,-60.014
2184.81,-59.446
2185.06,-60.877
2185.30,-59.307
2185.55,-60.816
2185.79,-61.080
2186.04,-61.494
2186.28,-63.272
2186.52,-59.813
2186.77,-60.086
2187.01,-62.306
2187.26,-62.484
2187.50,-64.052
2187.74,-61.568
2187.99,-61.093
2188.23,-60.833
2188.48,-61.155
2188.72,-61.285
2188.96,-60.873
2189.21,-62.114
2189.45,-58.597
2189.70,-58.247
2189.94,-60.792
2190.19,-63.245
2190.43,-60.243
2190.67,-62.172
2190.92,-62.987
2191.16,-60.190
2191.41,-61.203
2191.65,-61.233
2191.89,-59.948
2192.14,-60.200
2192.38,-60.857
2192.63,-62.147
2192.87,-63.241
2193.12,-59.941
2193.36,-62.237
2193.60,-60.249
2193.85,-60.539
2194.09,-61.423
2194.34,-60.402
2194.58,-61.550
2194.82,-60.046
2195.07,-60.971
2195.31,-61.137
2195.56,-60.334
2195.80,-60.615
2196.04,-61.374
2196.29,-58.844
2196.53,-62.057
2196.78,-60.856
2197.02,-60.219
2197.27,-59.443
2197.51,-61.901
2197.75,-60.400
2198.00,-61.226
2198.24,-60.575
2198.49,-60.137
2198.73,-63.377
2198.97,-63.024
2199.22,-61.531
2199.46,-58.083
2199.71,-61.460
2199.95,-61.699
2200.20,-60.628
2200.44,-60.962
2200.68,-59.870
2200.93,-59.296
2201.17,-59.554
2201.42,-60.642
2201.66,-60.662
2201.90,-62.855
2202.15,-62.080
2202.39,-59.820
2202.64,-62.751
2202.88,-62.626
2203.12,-61.133
2203.37,-61.920
2203.61,-62.365
2203.86,-60.225
2204.10,-59.804
2204.35,-59.914
2204.59,-60.553
2204.83,-60.333
2205.08,-61.848
2205.32,-62.931
2205.57,-63.341
2205.81,-63.106
2206.05,-61.090
2206.30,-60.201
2206.54,-59.447
2206.79,-61.066
2207.03,-61.358
2207.28,-60.909
2207.52,-61.142
2207.76,-59.013
2208.01,-60.465
2208.25,-63.371
2208.50,-59.671
2208.74,-59.739
2208.98,-60.899
2209.23,-60.785
2209.47,-60.693
2209.72,-62.111
2209.96,-62.643
2210.21,-60.876
2210.45,-62.404
2210.69,-61.409
2210.94,-61.549
2211.18,-60.010
2211.43,-62.260
2211.67,-61.893
2211.91,-61.449
2212.16,-60.582
2212.40,-60.456
2212.65,-62.077
2212.89,-59.840
2213.13,-63.029
2213.38,-63.675
2213.62,-60.725
2213.87,-61.008
2214.11,-62.223
2214.36,-64.574
2214.60,-63.033
2214.84,-60.732
2215.09,-64.124
2215.33,-64.627
2215.58,-61.982
2215.82,-62.187
2216.06,-61.082
2216.31,-62.347
2216.55,-62.004
2216.80,-64.157
2217.04,-61.870
2217.29,-63.533
2217.53,-61.193
2217.77,-63.934
2218.02,-63.182
2218.26,-64.643
2218.51,-61.358
2218.75,-61.814
2218.99,-62.120
2219.24,-62.815
2219.48,-65.008
2219.73,-64.726
2219.97,-62.077
2220.21,-61.007
2220.46,-61.792
2220.70,-63.548
2220.95,-61.427
2221.19,-61.422
2221.44,-63.569
2221.68,-62.360
2221.92,-62.782
2222.17,-65.350
2222.41,-62.882
2222.66,-64.611
2222.90,-64.014
2223.14,-61.203
2223.39,-63.534
2223.63,-63.004
2223.88,-62.787
2224.12,-65.226
2224.37,-65.932
2224.61,-63.866
2224.85,-62.863
2225.10,-63.811
2225.34,-63.987
2225.59,-63.078
2225.83,-65.071
2226.07,-66.003
2226.32,-65.533
2226.56,-64.468
2226.81,-61.773
2227.05,-64.058
2227.29,-63.077
2227.54,-68.038
2227.78,-64.860
2228.03,-63.622
2228.27,-62.822
2228.52,-63.006
2228.76,-62.974
2229.00,-63.055
2229.25,-61.532
2229.49,-63.123
2229.74,-63.781
2229.98,-62.415
2230.22,-62.053
2230.47,-64.320
2230.71,-64.998
2230.96,-65.417
2231.20,-66.067
2231.45,-64.335
2231.69,-66.891
2231.93,-65.893
2232.18,-66.971
2232.42,-64.681
2232.67,-65.083
2232.91,-64.395
2233.15,-64.712
2233.40,-63.575
2233.64,-62.475
2233.89,-63.412
2234.13,-64.915
2234.38,-66.296
2234.62,-65.599
2234.86,-64.357
2235.11,-63.967
2235.35,-65.131
2235.60,-65.417
2235.84,-63.801
2236.08,-63.836
2236.33,-65.619
2236.57,-64.980
2236.82,-68.335
2237.06,-67.029
2237.30,-65.989
2237.55,-65.743
2237.79,-64.121
2238.04,-66.937
2238.28,-66.499
2238.53,-65.844
2238.77,-66.642
2239.01,-66.052
2239.26,-65.329
2239.50,-64.642
2239.75,-66.450
2239.99,-65.255
2240.23,-66.777
2240.48,-67.309
2240.72,-68.163
2240.97,-65.075
2241.21,-65.608
2241.46,-64.614
2241.70,-66.891
2241.94,-66.771
2242.19,-67.379
2242.43,-66.421
2242.68,-67.779
2242.92,-66.536
2243.16,-66.047
2243.41,-67.086
2243.65,-67.267
2243.90,-67.117
2244.14,-64.848
2244.38,-67.727
2244.63,-64.856
2244.87,-64.339
2245.12,-65.347
2245.36,-64.914
2245.61,-68.319
2245.85,-65.568
2246.09,-66.407
2246.34,-63.775
2246.58,-66.358
2246.83,-68.097
2247.07,-67.932
2247.31,-70.020
2247.56,-66.986
2247.80,-65.808
2248.05,-66.667
2248.29,-66.121
2248.54,-66.346
2248.78,-66.407
2249.02,-66.596
2249.27,-69.031
2249.51,-68.223
2249.76,-68.470
2250.00,-67.633
2250.24,-69.507
2250.49,-65.254
2250.73,-67.982
2250.98,-67.382
2251.22,-66.494
2251.46,-66.840
2251.71,-67.454
2251.95,-65.143
2252.20,-66.259
2252.44,-67.147
2252.69,-67.157
2252.93,-66.193
2253.17,-66.631
2253.42,-67.391
2253.66,-66.225
2253.91,-69.309
2254.15,-68.850
2254.39,-68.553
2254.64,-67.348
2254.88,-63.726
2255.13,-65.715
2255.37,-68.014
2255.62,-69.688
2255.86,-68.926
2256.10,-67.167
2256.35,-68.025
2256.59,-64.923
2256.84,-66.818
2257.08,-66.613
2257.32,-65.830
2257.57,-68.124
2257.81,-66.747
2258.06,-67.007
2258.30,-67.893
2258.54,-66.524
2258.79,-65.318
2259.03,-68.345
2259.28,-68.152
2259.52,-69.078
2259.77,-66.626
2260.01,-67.544
2260.25,-66.601
2260.50,-69.354
2260.74,-67.914
2260.99,-67.579
2261.23,-67.004
2261.47,-66.365
2261.72,-67.727
2261.96,-68.110
2262.21,-68.259
2262.45,-66.144
2262.70,-68.158
2262.94,-69.751
2263.18,-66.624
2263.43,-67.865
2263.67,-68.022
2263.92,-67.823
2264.16,-68.161
2264.40,-67.341
2264.65,-68.906
2264.89,-69.340
2265.14,-69.058
2265.38,-70.631
2265.62,-68.226
2265.87,-67.097
2266.11,-67.798
2266.36,-68.395
2266.60,-69.527
2266.85,-67.783
2267.09,-68.740
2267.33,-67.613
2267.58,-68.203
2267.82,-69.510
2268.07,-68.742
2268.31,-68.048
2268.55,-68.286
2268.80,-71.559
2269.04,-70.651
2269.29,-68.415
2269.53,-67.662
2269.78,-70.204
2270.02,-67.337
2270.26,-68.764
2270.51,-69.321
2270.75,-69.559
2271.00,-69.651
2271.24,-70.658
2271.48,-68.303
2271.73,-71.302
2271.97,-68.329
2272.22,-70.967
2272.46,-69.446
2272.71,-69.996
2272.95,-70.244
2273.19,-68.355
2273.44,-70.045
2273.68,-68.849
2273.93,-68.933
2274.17,-67.945
2274.41,-68.296
2274.66,-70.955
2274.90,-70.016
2275.15,-70.595
2275.39,-70.610
2275.63,-71.302
2275.88,-70.179
2276.12,-69.085
2276.37,-68.474
2276.61,-68.010
2276.86,-68.214
2277.10,-70.928
2277.34,-71.223
2277.59,-70.706
2277.83,-69.515
2278.08,-69.962
2278.32,-68.672
2278.56,-69.730
2278.81,-70.300
2279.05,-68.828
2279.30,-70.942
2279.54,-69.450
2279.79,-71.495
2280.03,-71.709
2280.27,-72.119
2280.52,-70.741
2280.76,-70.965
2281.01,-69.226
2281.25,-71.102
2281.49,-72.820
2281.74,-69.814
2281.98,-67.929
2282.23,-70.937
2282.47,-70.762
2282.71,-70.065
2282.96,-68.634
2283.20,-68.857
2283.45,-70.155
2283.69,-72.284
2283.94,-71.227
2284.18,-68.712
2284.42,-71.536
2284.67,-69.504
2284.91,-69.532
2285.16,-71.580
2285.40,-69.451
2285.64,-71.289
2285.89,-71.331
2286.13,-69.138
2286.38,-70.340
2286.62,-70.352
2286.87,-69.237
2287.11,-69.889
2287.35,-70.077
2287.60,-69.201
2287.84,-69.632
2288.09,-72.310
2288.33,-70.833
2288.57,-68.785
2288.82,-72.692
2289.06,-70.029
2289.31,-68.444
2289.55,-70.822
2289.79,-68.458
2290.04,-67.922
2290.28,-71.136
2290.53,-70.589
2290.77,-70.533
2291.02,-69.592
2291.26,-73.616
2291.50,-70.088
2291.75,-70.632
2291.99,-71.403
2292.24,-71.177
2292.48,-70.650
2292.72,-70.005
2292.97,-72.140
2293.21,-70.118
2293.46,-68.846
2293.70,-70.264
2293.95,-70.244
2294.19,-69.157
2294.43,-70.660
2294.68,-70.276
2294.92,-71.225
2295.17,-71.901
2295.41,-72.695
2295.65,-69.715
2295.90,-70.743
2296.14,-71.967
2296.39,-72.166
2296.63,-74.725
2296.88,-74.625
2297.12,-70.352
2297.36,-71.080
2297.61,-71.135
2297.85,-71.602
2298.10,-71.485
2298.34,-70.553
2298.58,-72.303
2298.83,-71.389
2299.07,-68.028
2299.32,-71.480
2299.56,-71.028
2299.80,-71.463
2300.05,-71.575
2300.29,-72.362
2300.54,-70.632
2300.78,-71.475
2301.03,-71.768
2301.27,-71.832
2301.51,-72.511
2301.76,-70.721
2302.00,-72.527
2302.25,-68.205
2302.49,-69.763
2302.73,-69.401
2302.98,-70.932
2303.22,-70.637
2303.47,-71.099
2303.71,-70.498
2303.96,-68.995
2304.20,-70.805
2304.44,-70.484
2304.69,-72.800
2304.93,-73.116
2305.18,-71.463
2305.42,-70.971
2305.66,-72.061
2305.91,-71.378
2306.15,-71.886
2306.40,-70.168
2306.64,-69.894
2306.88,-73.214
2307.13,-72.373
2307.37,-73.630
2307.62,-71.108
2307.86,-71.614
2308.11,-72.647
2308.35,-71.775
2308.59,-70.923
2308.84,-72.478
2309.08,-69.647
2309.33,-70.324
2309.57,-70.231
2309.81,-70.317
2310.06,-71.675
2310.30,-70.952
2310.55,-69.377
2310.79,-72.344
2311.04,-71.798
2311.28,-70.392
2311.52,-70.665
2311.77,-70.142
2312.01,-71.233
2312.26,-73.737
2312.50,-71.612
2312.74,-72.171
2312.99,-71.109
2313.23,-70.165
2313.48,-73.898
2313.72,-70.257
2313.96,-72.233
2314.21,-70.647
2314.45,-72.678
2314.70,-71.868
2314.94,-71.906
2315.19,-71.458
2315.43,-71.450
2315.67,-73.367
2315.92,-71.720
2316.16,-71.779
2316.41,-74.336
2316.65,-72.350
2316.89,-72.675
2317.14,-71.510
2317.38,-70.781
2317.63,-71.515
2317.87,-70.577
2318.12,-71.503
2318.36,-71.957
2318.60,-73.976
2318.85,-74.005
2319.09,-69.841
2319.34,-73.184
2319.58,-72.365
2319.82,-71.357
2320.07,-69.004
2320.31,-69.864
2320.56,-70.968
2320.80,-71.443
2321.04,-73.522
2321.29,-69.671
2321.53,-73.931
2321.78,-71.719
2322.02,-75.838
2322.27,-73.939
2322.51,-71.881
2322.75,-71.625
2323.00,-73.144
2323.24,-72.723
2323.49,-71.928
2323.73,-72.086
2323.97,-71.600
2324.22,-71.202
2324.46,-72.967
2324.71,-70.372
2324.95,-71.560
2325.20,-72.935
2325.44,-73.677
2325.68,-73.025
2325.93,-72.457
2326.17,-71.948
2326.42,-73.492
2326.66,-75.089
2326.90,-72.102
2327.15,-72.065
2327.39,-73.145
2327.64,-74.477
2327.88,-73.697
2328.12,-73.888
2328.37,-72.685
2328.61,-71.466
2328.86,-72.476
2329.10,-73.069
2329.35,-71.604
2329.59,-75.170
2329.83,-72.143
2330.08,-73.729
2330.32,-70.857
2330.57,-74.396
2330.81,-72.675
2331.05,-72.828
2331.30,-74.005
2331.54,-72.539
2331.79,-73.871
2332.03,-73.788
2332.28,-73.937
2332.52,-74.849
2332.76,-70.919
2333.01,-73.656
2333.25,-72.676
2333.50,-72.492
2333.74,-71.185
2333.98,-71.981
2334.23,-74.045
2334.47,-72.050
2334.72,-74.594
2334.96,-71.425
2335.21,-70.443
2335.45,-73.347
2335.69,-73.800
2335.94,-72.052
2336.18,-71.179
2336.43,-70.632
2336.67,-71.793
2336.91,-73.426
2337.16,-72.047
2337.40,-73.573
2337.65,-73.981
2337.89,-72.637
2338.13,-73.513
2338.38,-71.640
2338.62,-72.674
2338.87,-72.104
2339.11,-72.600
2339.36,-72.080
2339.60,-72.079
2339.84,-73.791
2340.09,-73.913
2340.33,-70.272
2340.58,-71.114
2340.82,-71.574
2341.06,-72.607
2341.31,-71.826
2341.55,-73.468
2341.80,-73.962
2342.04,-73.140
2342.29,-71.533
2342.53,-74.161
2342.77,-72.297
2343.02,-74.815
2343.26,-72.379
2343.51,-72.744
2343.75,-70.751
2343.99,-69.862
2344.24,-73.521
2344.48,-71.959
2344.73,-72.395
2344.97,-71.843
2345.21,-72.857
2345.46,-74.106
2345.70,-72.381
2345.95,-74.746
2346.19,-74.495
2346.44,-72.859
2346.68,-73.134
2346.92,-72.676
2347.17,-73.372
2347.41,-74.722
2347.66,-72.533
2347.90,-71.924
2348.14,-74.090
2348.39,-72.173
2348.63,-73.431
2348.88,-71.064
2349.12,-72.260
2349.37,-70.501
2349.61,-71.566
2349.85,-73.475
2350.10,-74.704
2350.34,-73.507
2350.59,-72.670
2350.83,-72.053
2351.07,-73.269
2351.32,-72.637
2351.56,-71.865
2351.81,-73.419
2352.05,-71.535
2352.29,-73.149
2352.54,-74.776
2352.78,-74.310
2353.03,-72.808
2353.27,-70.043
2353.52,-73.918
2353.76,-73.052
2354.00,-72.693
2354.25,-71.345
2354.49,-70.682
2354.74,-74.017
2354.98,-74.370
2355.22,-71.660
2355.47,-73.325
2355.71,-71.112
2355.96,-72.117
2356.20,-73.106
2356.45,-73.387
2356.69,-72.953
2356.93,-71.123
2357.18,-73.639
2357.42,-71.842
2357.67,-74.505
2357.91,-72.401
2358.15,-71.389
2358.40,-71.999
2358.64,-73.083
2358.89,-75.336
2359.13,-75.860
2359.38,-71.234
2359.62,-72.278
2359.86,-71.218
2360.11,-72.427
2360.35,-71.470
2360.60,-73.896
2360.84,-72.272
2361.08,-73.379
2361.33,-72.341
2361.57,-73.353
2361.82,-73.074
2362.06,-74.110
2362.30,-76.031
2362.55,-73.214
2362.79,-72.916
2363.04,-72.755
2363.28,-70.113
2363.53,-71.795
2363.77,-73.654
2364.01,-72.079
2364.26,-74.604
2364.50,-72.690
2364.75,-72.525
2364.99,-72.202
2365.23,-73.979
2365.48,-73.357
2365.72,-72.571
2365.97,-70.873
2366.21,-72.036
2366.46,-73.024
2366.70,-76.632
2366.94,-75.489
2367.19,-74.577
2367.43,-70.874
2367.68,-74.370
2367.92,-72.848
2368.16,-73.666
2368.41,-72.836
2368.65,-73.130
2368.90,-73.930
2369.14,-73.914
2369.38,-72.816
2369.63,-75.731
2369.87,-72.978
2370.12,-73.766
2370.36,-75.112
2370.61,-73.150
2370.85,-73.154
2371.09,-69.848
2371.34,-72.072
2371.58,-73.972
2371.83,-73.407
2372.07,-73.904
2372.31,-72.678
2372.56,-73.704
2372.80,-73.143
2373.05,-74.403
2373.29,-71.629
2373.54,-74.196
2373.78,-71.481
2374.02,-74.229
2374.27,-74.600
2374.51,-73.556
2374.76,-73.326
2375.00,-72.437
2375.24,-71.709
2375.49,-72.823
2375.73,-72.646
2375.98,-75.684
2376.22,-73.608
2376.46,-72.938
2376.71,-72.641
2376.95,-74.746
2377.20,-71.958
2377.44,-73.934
2377.69,-73.132
2377.93,-73.223
2378.17,-73.096
2378.42,-74.091
2378.66,-72.997
2378.91,-73.891
2379.15,-74.421
2379.39,-73.554
2379.64,-73.490
2379.88,-72.822
2380.13,-73.519
2380.37,-72.206
2380.62,-74.261
2380.86,-74.921
2381.10,-73.677
2381.35,-76.150
2381.59,-73.902
2381.84,-71.287
2382.08,-72.721
2382.32,-75.065
2382.57,-73.827
2382.81,-74.008
2383.06,-74.640
2383.30,-73.480
2383.54,-71.291
2383.79,-73.012
2384.03,-73.135
2384.28,-74.575
2384.52,-72.114
2384.77,-71.046
2385.01,-72.684
2385.25,-72.082
2385.50,-74.194
2385.74,-73.257
2385.99,-75.550
2386.23,-76.058
2386.47,-75.791
2386.72,-73.641
2386.96,-76.273
2387.21,-74.371
2387.45,-73.985
2387.70,-75.453
2387.94,-71.420
2388.18,-71.854
2388.43,-72.661
2388.67,-74.565
2388.92,-73.958
2389.16,-70.349
2389.40,-71.821
2389.65,-74.509
2389.89,-73.668
2390.14,-73.952
2390.38,-73.673
2390.62,-73.462
2390.87,-72.690
2391.11,-73.011
2391.36,-71.325
2391.60,-71.785
2391.85,-71.698
2392.09,-75.002
2392.33,-75.359
2392.58,-74.227
2392.82,-74.548
2393.07,-74.150
2393.31,-74.710
2393.55,-73.502
2393.80,-74.915
2394.04,-77.505
2394.29,-71.934
2394.53,-75.190
2394.78,-73.793
2395.02,-72.912
2395.26,-75.587
2395.51,-74.928
2395.75,-73.979
2396.00,-71.757
2396.24,-71.942
2396.48,-73.664
2396.73,-73.211
2396.97,-75.143
2397.22,-75.609
2397.46,-73.850
2397.71,-73.551
2397.95,-74.344
2398.19,-70.995
2398.44,-71.873
2398.68,-72.602
2398.93,-73.401
2399.17,-72.622
2399.41,-73.463
2399.66,-73.132
2399.90,-71.803
2400.15,-72.721
2400.39,-73.903
2400.63,-72.667
2400.88,-75.133
2401.12,-72.916
2401.37,-76.231
2401.61,-73.994
2401.86,-76.495
2402.10,-75.341
2402.34,-73.272
2402.59,-75.168
2402.83,-73.752
2403.08,-71.773
2403.32,-73.489
2403.56,-76.464
2403.81,-74.990
2404.05,-72.134
2404.30,-74.405
2404.54,-72.164
2404.79,-70.647
2405.03,-72.586
2405.27,-71.788
2405.52,-72.770
2405.76,-71.042
2406.01,-74.028
2406.25,-73.632
2406.49,-75.880
2406.74,-75.273
2406.98,-74.747
2407.23,-73.861
2407.47,-73.878
2407.71,-71.280
2407.96,-74.083
2408.20,-76.746
2408.45,-76.077
2408.69,-74.591
2408.94,-73.059
2409.18,-74.418
2409.42,-75.258
2409.67,-74.479
2409.91,-76.153
2410.16,-73.194
2410.40,-75.668
2410.64,-73.754
2410.89,-75.054
2411.13,-72.436
2411.38,-71.549
2411.62,-73.665
2411.87,-73.373
2412.11,-76.186
2412.35,-73.137
2412.60,-72.689
2412.84,-75.907
2413.09,-74.294
2413.33,-74.171
2413.57,-73.532
2413.82,-71.187
2414.06,-73.124
2414.31,-75.462
2414.55,-75.540
2414.79,-76.421
2415.04,-72.799
2415.28,-73.453
2415.53,-71.664
2415.77,-73.090
2416.02,-74.592
2416.26,-76.848
2416.50,-74.864
2416.75,-75.032
2416.99,-71.322
2417.24,-72.441
2417.48,-72.411
2417.72,-71.720
2417.97,-71.839
2418.21,-73.127
2418.46,-74.545
2418.70,-74.942
2418.95,-72.506
2419.19,-72.493
2419.43,-73.154
2419.68,-72.532
2419.92,-75.285
2420.17,-74.454
2420.41,-70.733
2420.65,-73.220
2420.90,-75.316
2421.14,-74.370
2421.39,-71.980
2421.63,-74.447
2421.88,-76.252
2422.12,-73.919
2422.36,-70.757
2422.61,-72.676
2422.85,-76.393
2423.10,-74.093
2423.34,-74.215
2423.58,-74.689
2423.83,-74.787
2424.07,-72.770
2424.32,-72.825
2424.56,-73.843
2424.80,-73.463
2425.05,-73.551
2425.29,-73.876
2425.54,-72.293
2425.78,-72.801
2426.03,-72.655
2426.27,-72.943
2426.51,-74.614
2426.76,-73.495
2427.00,-75.406
2427.25,-73.494
2427.49,-76.054
2427.73,-76.169
2427.98,-72.631
2428.22,-75.584
2428.47,-75.102
2428.71,-75.748
2428.96,-72.641
2429.20,-73.973
2429.44,-72.751
2429.69,-74.690
2429.93,-75.138
2430.18,-74.636
2430.42,-72.986
2430.66,-73.234
2430.91,-74.687
2431.15,-70.433
2431.40,-72.950
2431.64,-72.490
2431.88,-72.334
2432.13,-75.773
2432.37,-73.640
2432.62,-73.378
2432.86,-73.962
2433.11,-73.200
2433.35,-71.584
2433.59,-73.245
2433.84,-73.136
2434.08,-74.105
2434.33,-70.996
2434.57,-75.116
2434.81,-74.667
2435.06,-73.805
2435.30,-73.503
2435.55,-72.691
2435.79,-73.925
2436.04,-72.826
2436.28,-73.287
2436.52,-73.195
2436.77,-71.989
2437.01,-73.049
2437.26,-74.978
2437.50,-74.829
2437.74,-75.691
2437.99,-74.754
2438.23,-75.366
2438.48,-72.408
2438.72,-74.284
2438.96,-73.929
2439.21,-73.263
2439.45,-73.543
2439.70,-71.557
2439.94,-74.407
2440.19,-71.876
2440.43,-74.382
2440.67,-72.378
2440.92,-72.799
2441.16,-72.932
2441.41,-73.034
2441.65,-73.028
2441.89,-76.091
2442.14,-71.137
2442.38,-71.593
2442.63,-72.619
2442.87,-75.015
2443.12,-75.846
2443.36,-73.783
2443.60,-74.138
2443.85,-74.404
2444.09,-72.177
2444.34,-73.317
2444.58,-72.412
2444.82,-72.890
2445.07,-75.205
2445.31,-71.694
2445.56,-73.356
2445.80,-73.358
2446.04,-70.341
2446.29,-74.869
2446.53,-72.883
2446.78,-72.431
2447.02,-73.551
2447.27,-72.682
2447.51,-71.981
2447.75,-74.085
2448.00,-74.375
2448.24,-72.748
2448.49,-75.692
2448.73,-74.570
2448.97,-73.699
2449.22,-72.274
2449.46,-72.614
2449.71,-74.346
2449.95,-74.116
2450.20,-75.530
2450.44,-72.654
2450.68,-75.283
2450.93,-74.473
2451.17,-72.183
2451.42,-74.434
2451.66,-72.581
2451.90,-75.137
2452.15,-71.629
2452.39,-73.809
2452.64,-73.202
2452.88,-76.025
2453.12,-73.392
2453.37,-73.039
2453.61,-72.222
2453.86,-74.261
2454.10,-72.111
2454.35,-74.618
2454.59,-72.886
2454.83,-72.482
2455.08,-71.576
2455.32,-74.341
2455.57,-75.880
2455.81,-75.067
2456.05,-75.924
2456.30,-72.235
2456.54,-71.982
2456.79,-75.835
2457.03,-75.223
2457.28,-72.749
2457.52,-75.241
2457.76,-73.495
2458.01,-73.309
2458.25,-73.242
2458.50,-72.806
2458.74,-73.665
2458.98,-72.518
2459.23,-70.941
2459.47,-73.593
2459.72,-72.787
2459.96,-76.596
2460.21,-76.503
2460.45,-73.476
2460.69,-75.716
2460.94,-73.337
2461.18,-72.616
2461.43,-73.549
2461.67,-73.643
2461.91,-72.970
2462.16,-74.479
2462.40,-75.500
2462.65,-73.386
2462.89,-72.463
2463.13,-70.186
2463.38,-75.280
2463.62,-73.451
2463.87,-72.717
2464.11,-73.301
2464.36,-72.500
2464.60,-73.688
2464.84,-72.020
2465.09,-73.981
2465.33,-72.373
2465.58,-70.576
2465.82,-72.750
2466.06,-73.015
2466.31,-75.589
2466.55,-75.949
2466.80,-71.840
2467.04,-71.951
2467.29,-72.407
2467.53,-73.478
2467.77,-69.696
2468.02,-73.573
2468.26,-72.176
2468.51,-74.111
2468.75,-73.998
2468.99,-73.024
2469.24,-72.922
2469.48,-72.000
2469.73,-73.863
2469.97,-73.531
2470.21,-73.632
2470.46,-73.975
2470.70,-72.769
2470.95,-73.311
2471.19,-74.161
2471.44,-74.245
2471.68,-74.793
2471.92,-73.880
2472.17,-71.692
2472.41,-73.814
2472.66,-72.206
2472.90,-72.061
2473.14,-69.669
2473.39,-71.964
2473.63,-73.381
2473.88,-74.404
2474.12,-72.493
2474.37,-71.953
2474.61,-71.890
2474.85,-72.625
2475.10,-72.312
2475.34,-74.404
2475.59,-73.204
2475.83,-71.059
2476.07,-74.043
2476.32,-75.035
2476.56,-73.237
2476.81,-74.746
2477.05,-73.886
2477.29,-72.946
2477.54,-72.164
2477.78,-72.503
2478.03,-73.611
2478.27,-72.573
2478.52,-74.669
2478.76,-73.346
2479.00,-70.851
2479.25,-73.037
2479.49,-72.329
2479.74,-71.451
2479.98,-74.861
2480.22,-74.105
2480.47,-73.839
2480.71,-74.073
2480.96,-71.987
2481.20,-71.400
2481.45,-73.475
2481.69,-74.933
2481.93,-73.275
2482.18,-72.513
2482.42,-71.877
2482.67,-73.372
2482.91,-70.771
2483.15,-74.599
2483.40,-73.845
2483.64,-74.010
2483.89,-71.428
2484.13,-76.161
2484.38,-72.721
2484.62,-71.021
2484.86,-71.923
2485.11,-70.716
2485.35,-72.047
2485.60,-71.037
2485.84,-73.367
2486.08,-72.374
2486.33,-72.795
2486.57,-74.975
2486.82,-74.023
2487.06,-71.957
2487.30,-73.784
2487.55,-71.860
2487.79,-75.103
2488.04,-74.857
2488.28,-73.713
2488.53,-75.342
2488.77,-72.738
2489.01,-71.772
2489.26,-72.143
2489.50,-71.800
2489.75,-72.762
2489.99,-72.015
2490.23,-70.221
2490.48,-71.241
2490.72,-74.301
2490.97,-73.749
2491.21,-72.748
2491.46,-71.483
2491.70,-74.610
2491.94,-72.926
2492.19,-72.638
2492.43,-74.107
2492.68,-72.682
2492.92,-74.742
2493.16,-72.256
2493.41,-71.895
2493.65,-73.206
2493.90,-73.339
2494.14,-72.224
2494.38,-71.398
2494.63,-72.501
2494.87,-71.666
2495.12,-71.544
2495.36,-73.618
2495.61,-75.633
2495.85,-75.734
2496.09,-76.144
2496.34,-71.802
2496.58,-72.864
2496.83,-72.450
2497.07,-72.565
2497.31,-70.512
2497.56,-72.782
2497.80,-72.884
2498.05,-71.731
2498.29,-71.252
2498.54,-72.102
2498.78,-71.705
2499.02,-69.159
2499.27,-72.258
2499.51,-71.764
2499.76,-71.717
2500.00,-70.807
2500.24,-73.075
2500.49,-71.185
2500.73,-73.316
2500.98,-71.336
2501.22,-70.949
2501.46,-72.720
2501.71,-72.911
2501.95,-71.033
2502.20,-73.984
2502.44,-74.523
2502.69,-72.973
2502.93,-71.601
2503.17,-73.741
2503.42,-72.516
2503.66,-71.476
2503.91,-72.189
2504.15,-73.066
2504.39,-71.648
2504.64,-71.503
2504.88,-72.849
2505.13,-70.840
2505.37,-72.287
2505.62,-70.371
2505.86,-71.262
2506.10,-72.678
2506.35,-72.826
2506.59,-73.905
2506.84,-72.875
2507.08,-73.073
2507.32,-71.477
2507.57,-72.368
2507.81,-73.981
2508.06,-71.731
2508.30,-70.769
2508.54,-70.899
2508.79,-72.260
2509.03,-71.422
2509.28,-71.276
2509.52,-73.196
2509.77,-73.251
2510.01,-71.332
2510.25,-72.679
2510.50,-71.324
2510.74,-69.877
2510.99,-71.928
2511.23,-71.082
2511.47,-74.903
2511.72,-70.582
2511.96,-71.408
2512.21,-71.986
2512.45,-71.644
2512.70,-69.675
2512.94,-72.333
2513.18,-72.765
2513.43,-72.041
2513.67,-71.292
2513.92,-73.677
2514.16,-71.437
2514.40,-71.389
2514.65,-70.289
2514.89,-71.465
2515.14,-71.239
2515.38,-68.488
2515.62,-70.714
2515.87,-71.321
2516.11,-71.646
2516.36,-70.182
2516.60,-69.165
2516.85,-71.897
2517.09,-73.760
2517.33,-72.659
2517.58,-73.121
2517.82,-75.016
2518.07,-71.839
2518.31,-72.940
2518.55,-73.409
2518.80,-71.978
2519.04,-73.184
2519.29,-71.077
2519.53,-70.969
2519.78,-75.078
2520.02,-70.484
2520.26,-71.219
2520.51,-73.178
2520.75,-70.579
2521.00,-71.157
2521.24,-70.961
2521.48,-72.112
2521.73,-70.432
2521.97,-72.610
2522.22,-69.417
2522.46,-72.522
2522.71,-72.416
2522.95,-71.382
2523.19,-71.198
2523.44,-71.462
2523.68,-71.205
2523.93,-70.884
2524.17,-72.247
2524.41,-73.445
2524.66,-72.431
2524.90,-71.395
2525.15,-69.951
2525.39,-71.961
2525.63,-72.898
2525.88,-73.209
2526.12,-71.720
2526.37,-71.164
2526.61,-71.597
2526.86,-68.958
2527.10,-70.536
2527.34,-70.766
2527.59,-71.322
2527.83,-71.566
2528.08,-72.867
2528.32,-71.982
2528.56,-68.775
2528.81,-69.971
2529.05,-70.423
2529.30,-71.421
2529.54,-71.393
2529.79,-73.806
2530.03,-70.728
2530.27,-70.569
2530.52,-71.822
2530.76,-70.364
2531.01,-69.854
2531.25,-72.358
2531.49,-72.644
2531.74,-71.583
2531.98,-72.316
2532.23,-72.032
2532.47,-70.830
2532.71,-72.747
2532.96,-71.103
2533.20,-70.300
2533.45,-72.127
2533.69,-71.007
2533.94,-71.058
2534.18,-69.879
2534.42,-71.085
2534.67,-71.346
2534.91,-71.783
2535.16,-69.791
2535.40,-73.521
2535.64,-70.805
2535.89,-71.562
2536.13,-70.942
2536.38,-69.679
2536.62,-71.956
2536.87,-73.689
2537.11,-72.128
2537.35,-71.424
2537.60,-71.018
2537.84,-70.045
2538.09,-69.297
2538.33,-69.160
2538.57,-68.847
2538.82,-70.567
2539.06,-69.224
2539.31,-70.942
2539.55,-74.161
2539.79,-69.839
2540.04,-70.744
2540.28,-70.625
2540.53,-70.511
2540.77,-72.048
2541.02,-71.826
2541.26,-69.989
2541.50,-72.582
2541.75,-71.409
2541.99,-70.077
2542.24,-71.249
2542.48,-71.908
2542.72,-70.726
2542.97,-72.390
2543.21,-72.157
2543.46,-71.442
2543.70,-68.473
2543.95,-69.187
2544.19,-71.109
2544.43,-71.423
2544.68,-71.429
2544.92,-69.740
2545.17,-70.233
2545.41,-70.356
2545.65,-72.495
2545.90,-71.910
2546.14,-71.634
2546.39,-69.893
2546.63,-70.021
2546.88,-70.113
2547.12,-70.363
2547.36,-73.366
2547.61,-71.955
2547.85,-73.081
2548.10,-70.945
2548.34,-69.598
2548.58,-68.394
2548.83,-68.659
2549.07,-71.797
2549.32,-70.382
2549.56,-72.728
2549.80,-71.827
2550.05,-69.819
2550.29,-70.441
2550.54,-70.972
2550.78,-71.747
2551.03,-70.574
2551.27,-69.581
2551.51,-69.360
2551.76,-72.703
2552.00,-70.284
2552.25,-69.181
2552.49,-69.508
2552.73,-70.194
2552.98,-68.207
2553.22,-71.497
2553.47,-70.204
2553.71,-68.903
2553.96,-70.501
2554.20,-69.772
2554.44,-70.083
2554.69,-70.072
2554.93,-70.327
2555.18,-70.570
2555.42,-71.714
2555.66,-70.130
2555.91,-69.872
2556.15,-71.695
2556.40,-70.202
2556.64,-68.829
2556.88,-70.653
2557.13,-70.675
2557.37,-70.086
2557.62,-71.972
2557.86,-70.810
2558.11,-69.085
2558.35,-72.436
2558.59,-68.715
2558.84,-69.548
2559.08,-69.471
2559.33,-71.616
2559.57,-70.648
2559.81,-69.274
2560.06,-71.375
2560.30,-71.144
2560.55,-69.128
2560.79,-71.452
2561.04,-71.618
2561.28,-68.986
2561.52,-70.856
2561.77,-70.972
2562.01,-70.059
2562.26,-70.022
2562.50,-71.187
2562.74,-69.008
2562.99,-70.829
2563.23,-72.898
2563.48,-71.333
2563.72,-68.498
2563.96,-70.512
2564.21,-73.612
2564.45,-69.850
2564.70,-70.688
2564.94,-69.390
2565.19,-69.967
2565.43,-71.322
2565.67,-68.624
2565.92,-68.544
2566.16,-72.601
2566.41,-71.112
2566.65,-71.576
2566.89,-69.880
2567.14,-67.672
2567.38,-69.048
2567.63,-69.745
2567.87,-68.496
2568.12,-68.882
2568.36,-69.244
2568.60,-69.111
2568.85,-67.486
2569.09,-68.744
2569.34,-69.656
2569.58,-69.298
2569.82,-69.478
2570.07,-71.208
2570.31,-70.322
2570.56,-69.262
2570.80,-69.867
2571.04,-70.720
2571.29,-67.809
2571.53,-69.183
2571.78,-71.627
2572.02,-68.568
2572.27,-69.401
2572.51,-68.792
2572.75,-68.865
2573.00,-70.212
2573.24,-69.342
2573.49,-70.406
2573.73,-72.282
2573.97,-69.866
2574.22,-69.683
2574.46,-67.680
2574.71,-69.969
2574.95,-68.988
2575.20,-68.540
2575.44,-70.513
2575.68,-69.789
2575.93,-66.853
2576.17,-68.026
2576.42,-68.806
2576.66,-71.156
2576.90,-68.469
2577.15,-67.570
2577.39,-66.985
2577.64,-67.924
2577.88,-67.968
2578.12,-69.435
2578.37,-68.610
2578.61,-69.868
2578.86,-69.544
2579.10,-69.881
2579.35,-68.411
2579.59,-71.049
2579.83,-68.745
2580.08,-68.662
2580.32,-70.884
2580.57,-67.375
2580.81,-69.082
2581.05,-67.772
2581.30,-67.790
2581.54,-66.750
2581.79,-67.491
2582.03,-68.849
2582.28,-69.549
2582.52,-67.043
2582.76,-70.646
2583.01,-70.647
2583.25,-69.944
2583.50,-68.121
2583.74,-65.915
2583.98,-66.833
2584.23,-71.659
2584.47,-69.615
2584.72,-69.483
2584.96,-68.952
2585.21,-68.969
2585.45,-69.966
2585.69,-66.375
2585.94,-68.955
2586.18,-69.745
2586.43,-69.955
2586.67,-70.640
2586.91,-68.038
2587.16,-66.247
2587.40,-68.777
2587.65,-69.498
2587.89,-69.793
2588.13,-67.495
2588.38,-70.680
2588.62,-67.621
2588.87,-66.035
2589.11,-69.272
2589.36,-68.409
2589.60,-68.653
2589.84,-67.940
2590.09,-68.170
2590.33,-69.668
2590.58,-69.804
2590.82,-67.165
2591.06,-68.275
2591.31,-67.604
2591.55,-70.806
2591.80,-70.625
2592.04,-67.494
2592.29,-67.507
2592.53,-68.889
2592.77,-68.241
2593.02,-69.886
2593.26,-67.554
2593.51,-70.749
2593.75,-67.654
2593.99,-69.114
2594.24,-69.216
2594.48,-67.100
2594.73,-68.429
2594.97,-68.643
2595.21,-68.906
2595.46,-67.783
2595.70,-69.059
2595.95,-68.041
2596.19,-66.840
2596.44,-64.867
2596.68,-66.957
2596.92,-66.535
2597.17,-68.988
2597.41,-67.281
2597.66,-67.804
2597.90,-68.657
2598.14,-65.580
2598.39,-66.628
2598.63,-68.927
2598.88,-67.113
2599.12,-67.875
2599.37,-68.079
2599.61,-69.486
2599.85,-66.778
2600.10,-68.666
2600.34,-69.917
2600.59,-66.744
2600.83,-68.710
2601.07,-67.074
2601.32,-67.431
2601.56,-68.929
2601.81,-68.108
2602.05,-69.163
2602.29,-68.044
2602.54,-68.356
2602.78,-68.056
2603.03,-68.401
2603.27,-68.420
2603.52,-66.713
2603.76,-67.927
2604.00,-67.810
2604.25,-68.966
2604.49,-66.217
2604.74,-66.038
2604.98,-67.929
2605.22,-67.095
2605.47,-67.522
2605.71,-67.534
2605.96,-68.009
2606.20,-68.070
2606.45,-68.568
2606.69,-65.590
2606.93,-65.482
2607.18,-66.353
2607.42,-68.291
2607.67,-66.122
2607.91,-66.136
2608.15,-67.296
2608.40,-66.950
2608.64,-66.657
2608.89,-63.137
2609.13,-66.916
2609.38,-68.145
2609.62,-67.741
2609.86,-67.959
2610.11,-69.119
2610.35,-65.614
2610.60,-64.300
2610.84,-71.262
2611.08,-68.542
2611.33,-66.325
2611.57,-66.768
2611.82,-66.076
2612.06,-66.275
2612.30,-69.020
2612.55,-67.688
2612.79,-69.605
2613.04,-68.187
2613.28,-65.771
2613.53,-68.526
2613.77,-65.343
2614.01,-66.494
2614.26,-67.278
2614.50,-68.235
2614.75,-70.538
2614.99,-65.780
2615.23,-66.443
2615.48,-65.319
2615.72,-65.655
2615.97,-66.571
2616.21,-64.513
2616.46,-66.609
2616.70,-66.354
2616.94,-67.793
2617.19,-66.610
2617.43,-68.160
2617.68,-68.983
2617.92,-66.481
2618.16,-64.785
2618.41,-67.277
2618.65,-66.148
2618.90,-64.893
2619.14,-67.464
2619.38,-66.199
2619.63,-66.849
2619.87,-66.672
2620.12,-67.894
2620.36,-66.475
2620.61,-65.091
2620.85,-65.790
2621.09,-65.335
2621.34,-65.715
2621.58,-66.709
2621.83,-66.858
2622.07,-66.777
2622.31,-66.982
2622.56,-64.612
2622.80,-65.463
2623.05,-65.215
2623.29,-67.909
2623.54,-63.801
2623.78,-67.417
2624.02,-66.862
2624.27,-66.344
2624.51,-67.199
2624.76,-65.680
2625.00,-66.194
2625.24,-67.539
2625.49,-66.506
2625.73,-65.523
2625.98,-67.108
2626.22,-65.296
2626.46,-65.253
2626.71,-67.344
2626.95,-65.360
2627.20,-65.002
2627.44,-64.617
2627.69,-64.071
2627.93,-66.065
2628.17,-66.369
2628.42,-67.729
2628.66,-66.712
2628.91,-64.193
2629.15,-67.810
2629.39,-65.769
2629.64,-66.535
2629.88,-64.006
2630.13,-66.355
2630.37,-63.270
2630.62,-64.611
2630.86,-66.171
2631.10,-64.557
2631.35,-68.431
2631.59,-66.083
2631.84,-66.332
2632.08,-65.249
2632.32,-65.424
2632.57,-66.295
2632.81,-64.129
2633.06,-66.889
2633.30,-63.728
2633.54,-67.102
2633.79,-67.442
2634.03,-63.678
2634.28,-68.050
2634.52,-63.623
2634.77,-64.592
2635.01,-64.339
2635.25,-66.674
2635.50,-65.640
2635.74,-64.577
2635.99,-64.960
2636.23,-65.452
2636.47,-66.077
2636.72,-61.173
2636.96,-67.322
2637.21,-63.685
2637.45,-62.199
2637.70,-65.223
2637.94,-65.734
2638.18,-65.885
2638.43,-63.520
2638.67,-65.161
2638.92,-63.337
2639.16,-62.821
2639.40,-67.353
2639.65,-66.504
2639.89,-65.114
2640.14,-66.840
2640.38,-67.245
2640.62,-67.561
2640.87,-64.592
2641.11,-64.997
2641.36,-66.305
2641.60,-63.514
2641.85,-67.745
2642.09,-65.154
2642.33,-65.611
2642.58,-65.603
2642.82,-65.975
2643.07,-65.439
2643.31,-65.156
2643.55,-65.020
2643.80,-65.094
2644.04,-64.198
2644.29,-63.602
2644.53,-66.469
2644.78,-64.228
2645.02,-65.727
2645.26,-65.305
2645.51,-64.941
2645.75,-64.565
2646.00,-64.271
2646.24,-65.682
2646.48,-64.944
2646.73,-66.403
2646.97,-62.656
2647.22,-63.767
2647.46,-62.041
2647.71,-64.163
2647.95,-63.766
2648.19,-65.309
2648.44,-63.685
2648.68,-63.245
2648.93,-66.620
2649.17,-64.201
2649.41,-65.431
2649.66,-64.908
2649.90,-63.859
2650.15,-62.341
2650.39,-64.131
2650.63,-63.378
2650.88,-63.805
2651.12,-63.769
2651.37,-63.893
2651.61,-65.178
2651.86,-62.948
2652.10,-64.506
2652.34,-61.895
2652.59,-62.794
2652.83,-63.467
2653.08,-63.304
2653.32,-62.053
2653.56,-60.522
2653.81,-64.421
2654.05,-65.700
2654.30,-63.058
2654.54,-62.972
2654.79,-62.813
2655.03,-65.359
2655.27,-63.328
2655.52,-63.121
2655.76,-64.816
2656.01,-63.504
2656.25,-65.094
2656.49,-63.613
2656.74,-64.302
2656.98,-65.280
2657.23,-60.890
2657.47,-64.477
2657.71,-62.276
2657.96,-60.892
2658.20,-61.990
2658.45,-64.461
2658.69,-63.835
2658.94,-63.355
2659.18,-63.436
2659.42,-65.274
2659.67,-63.397
2659.91,-62.048
2660.16,-62.041
2660.40,-60.150
2660.64,-62.900
2660.89,-63.630
2661.13,-66.249
2661.38,-63.804
2661.62,-65.954
2661.87,-62.263
2662.11,-62.072
2662.35,-63.084
2662.60,-61.044
2662.84,-61.626
2663.09,-61.026
2663.33,-63.701
2663.57,-63.957
2663.82,-61.539
2664.06,-63.459
2664.31,-64.272
2664.55,-63.873
2664.79,-62.734
2665.04,-63.433
2665.28,-63.246
2665.53,-63.291
2665.77,-64.261
2666.02,-63.874
2666.26,-60.178
2666.50,-64.551
2666.75,-62.660
2666.99,-64.041
2667.24,-63.698
2667.48,-63.058
2667.72,-65.528
2667.97,-61.824
2668.21,-61.620
2668.46,-61.593
2668.70,-63.341
2668.95,-62.617
2669.19,-63.556
2669.43,-64.394
2669.68,-62.022
2669.92,-59.741
2670.17,-61.918
2670.41,-59.890
2670.65,-61.711
2670.90,-62.954
2671.14,-61.895
2671.39,-59.817
2671.63,-61.072
2671.88,-63.394
2672.12,-60.187
2672.36,-57.933
2672.61,-61.466
2672.85,-62.439
2673.10,-60.997
2673.34,-60.277
2673.58,-61.930
2673.83,-61.311
2674.07,-60.971
2674.32,-61.156
2674.56,-59.904
2674.80,-59.893
2675.05,-64.029
2675.29,-59.629
2675.54,-59.990
2675.78,-60.803
2676.03,-59.446
2676.27,-60.142
2676.51,-58.830
2676.76,-61.877
2677.00,-60.209
2677.25,-62.340
2677.49,-60.859
2677.73,-60.907
2677.98,-59.364
2678.22,-61.923
2678.47,-59.287
2678.71,-61.433
2678.96,-62.495
2679.20,-62.155
2679.44,-60.440
2679.69,-61.329
2679.93,-60.109
2680.18,-61.090
2680.42,-58.772
2680.66,-59.293
2680.91,-60.594
2681.15,-60.980
2681.40,-57.734
2681.64,-62.248
2681.88,-60.015
2682.13,-59.635
2682.37,-59.234
2682.62,-60.643
2682.86,-60.835
2683.11,-61.004
2683.35,-60.923
2683.59,-60.214
2683.84,-61.059
2684.08,-59.056
2684.33,-60.486
2684.57,-59.422
2684.81,-57.829
2685.06,-61.196
2685.30,-60.334
2685.55,-58.598
2685.79,-57.773
2686.04,-58.042
2686.28,-60.247
2686.52,-60.537
2686.77,-59.912
2687.01,-59.314
2687.26,-60.743
2687.50,-59.434
2687.74,-59.046
2687.99,-61.246
2688.23,-59.397
2688.48,-62.173
2688.72,-60.235
2688.96,-60.837
2689.21,-59.563
2689.45,-58.683
2689.70,-58.772
2689.94,-57.990
2690.19,-58.893
2690.43,-60.589
2690.67,-58.413
2690.92,-60.054
2691.16,-57.897
2691.41,-57.890
2691.65,-59.713
2691.89,-58.151
2692.14,-59.408
2692.38,-59.409
2692.63,-57.903
2692.87,-59.677
2693.12,-59.552
2693.36,-58.535
2693.60,-57.522
2693.85,-60.383
2694.09,-58.024
2694.34,-60.422
2694.58,-58.728
2694.82,-59.217
2695.07,-58.914
2695.31,-59.227
2695.56,-58.288
2695.80,-57.381
2696.04,-60.161
2696.29,-62.010
2696.53,-58.321
2696.78,-58.424
2697.02,-57.321
2697.27,-57.850
2697.51,-58.099
2697.75,-57.158
2698.00,-59.738
2698.24,-60.288
2698.49,-58.393
2698.73,-59.692
2698.97,-61.912
2699.22,-61.961
2699.46,-57.425
2699.71,-57.217
2699.95,-58.576
2700.20,-57.627
2700.44,-57.289
2700.68,-59.580
2700.93,-60.448
2701.17,-58.133
2701.42,-59.575
2701.66,-60.724
2701.90,-58.656
2702.15,-57.559
2702.39,-58.075
2702.64,-60.230
2702.88,-57.509
2703.12,-56.674
2703.37,-58.359
2703.61,-57.704
2703.86,-56.782
2704.10,-57.821
2704.35,-59.270
2704.59,-58.229
2704.83,-56.593
2705.08,-58.857
2705.32,-56.952
2705.57,-55.897
2705.81,-55.478
2706.05,-54.196
2706.30,-55.207
2706.54,-56.410
2706.79,-55.010
2707.03,-56.868
2707.28,-57.773
2707.52,-55.959
2707.76,-56.402
2708.01,-58.253
2708.25,-57.015
2708.50,-57.201
2708.74,-58.682
2708.98,-55.998
2709.23,-57.548
2709.47,-56.285
2709.72,-54.285
2709.96,-57.097
2710.21,-57.870
2710.45,-58.134
2710.69,-55.305
2710.94,-59.038
2711.18,-56.158
2711.43,-57.788
2711.67,-55.186
2711.91,-59.372
2712.16,-56.011
2712.40,-54.409
2712.65,-56.717
2712.89,-59.748
2713.13,-59.079
2713.38,-57.170
2713.62,-56.681
2713.87,-55.337
2714.11,-55.002
2714.36,-54.299
2714.60,-57.188
2714.84,-56.773
2715.09,-57.338
2715.33,-53.269
2715.58,-56.812
2715.82,-55.586
2716.06,-54.582
2716.31,-56.737
2716.55,-57.482
2716.80,-55.729
2717.04,-55.872
2717.29,-55.101
2717.53,-53.353
2717.77,-56.470
2718.02,-54.264
2718.26,-56.666
2718.51,-54.228
2718.75,-57.008
2718.99,-55.468
2719.24,-54.052
2719.48,-56.618
2719.73,-55.027
2719.97,-55.103
2720.21,-55.910
2720.46,-56.466
2720.70,-56.265
2720.95,-56.593
2721.19,-55.587
2721.44,-54.605
2721.68,-55.408
2721.92,-55.138
2722.17,-53.970
2722.41,-55.739
2722.66,-56.714
2722.90,-56.537
2723.14,-54.732
2723.39,-53.650
2723.63,-53.607
2723.88,-52.899
2724.12,-54.107
2724.37,-57.807
2724.61,-54.930
2724.85,-53.648
2725.10,-53.418
2725.34,-54.455
2725.59,-55.077
2725.83,-56.402
2726.07,-56.711
2726.32,-53.588
2726.56,-54.393
2726.81,-52.919
2727.05,-54.728
2727.29,-55.560
2727.54,-55.291
2727.78,-57.116
2728.03,-55.101
2728.27,-53.829
2728.52,-56.086
2728.76,-57.031
2729.00,-58.226
2729.25,-54.912
2729.49,-55.668
2729.74,-55.959
2729.98,-56.422
2730.22,-57.681
2730.47,-57.537
2730.71,-54.437
2730.96,-54.004
2731.20,-54.413
2731.45,-56.426
2731.69,-56.543
2731.93,-56.019
2732.18,-54.981
2732.42,-55.518
2732.67,-53.245
2732.91,-54.560
2733.15,-55.101
2733.40,-53.853
2733.64,-54.022
2733.89,-55.041
2734.13,-54.315
2734.38,-56.273
2734.62,-54.016
2734.86,-54.532
2735.11,-55.568
2735.35,-53.409
2735.60,-55.301
2735.84,-54.924
2736.08,-54.118
2736.33,-54.314
2736.57,-53.952
2736.82,-55.638
2737.06,-54.573
2737.30,-57.819
2737.55,-54.226
2737.79,-53.405
2738.04,-54.728
2738.28,-53.071
2738.53,-54.165
2738.77,-56.288
2739.01,-55.270
2739.26,-55.861
2739.50,-54.209
2739.75,-55.911
2739.99,-55.291
2740.23,-54.260
2740.48,-52.527
2740.72,-55.468
2740.97,-56.055
2741.21,-54.828
2741.46,-54.324
2741.70,-53.367
2741.94,-55.529
2742.19,-56.605
2742.43,-53.524
2742.68,-54.237
2742.92,-53.011
2743.16,-54.739
2743.41,-55.481
2743.65,-55.023
2743.90,-55.463
2744.14,-59.206
2744.38,-52.020
2744.63,-55.942
2744.87,-57.011
2745.12,-54.589
2745.36,-54.806
2745.61,-53.308
2745.85,-56.509
2746.09,-55.416
2746.34,-56.279
2746.58,-57.702
2746.83,-54.417
2747.07,-54.271
2747.31,-55.004
2747.56,-54.418
2747.80,-55.874
2748.05,-54.575
2748.29,-54.298
2748.54,-56.540
2748.78,-52.311
2749.02,-55.898
2749.27,-57.845
2749.51,-55.949
2749.76,-53.975
2750.00,-56.049
2750.24,-57.431
2750.49,-60.357
2750.73,-56.212
2750.98,-53.874
2751.22,-53.865
2751.46,-56.062
2751.71,-55.248
2751.95,-54.285
2752.20,-57.170
2752.44,-57.335
2752.69,-54.251
2752.93,-57.086
2753.17,-56.435
2753.42,-55.191
2753.66,-52.668
2753.91,-56.873
2754.15,-55.734
2754.39,-53.922
2754.64,-55.762
2754.88,-56.181
2755.13,-55.594
2755.37,-55.845
2755.62,-54.490
2755.86,-54.989
2756.10,-57.304
2756.35,-53.741
2756.59,-54.763
2756.84,-58.313
2757.08,-57.271
2757.32,-55.775
2757.57,-56.558
2757.81,-57.659
2758.06,-54.150
2758.30,-56.314
2758.54,-55.751
2758.79,-57.679
2759.03,-56.264
2759.28,-55.910
2759.52,-58.360
2759.77,-56.170
2760.01,-58.814
2760.25,-56.829
2760.50,-54.696
2760.74,-57.135
2760.99,-54.037
2761.23,-54.922
2761.47,-55.489
2761.72,-56.798
2761.96,-56.863
2762.21,-58.970
2762.45,-56.438
2762.70,-57.201
2762.94,-57.181
2763.18,-54.848
2763.43,-57.491
2763.67,-56.797
2763.92,-57.576
2764.16,-56.185
2764.40,-57.185
2764.65,-55.414
2764.89,-55.048
2765.14,-54.586
2765.38,-55.931
2765.62,-57.948
2765.87,-58.114
2766.11,-55.749
2766.36,-56.881
2766.60,-57.792
2766.85,-57.801
2767.09,-55.045
2767.33,-57.090
2767.58,-54.408
2767.82,-58.148
2768.07,-57.098
2768.31,-57.820
2768.55,-58.617
2768.80,-55.060
2769.04,-55.832
2769.29,-58.107
2769.53,-55.337
2769.78,-55.586
2770.02,-55.369
2770.26,-55.491
2770.51,-58.676
2770.75,-58.108
2771.00,-57.054
2771.24,-55.643
2771.48,-58.251
2771.73,-57.292
2771.97,-57.374
2772.22,-59.823
2772.46,-56.386
2772.71,-57.452
2772.95,-57.565
2773.19,-59.410
2773.44,-59.358
2773.68,-57.508
2773.93,-55.054
2774.17,-59.152
2774.41,-59.061
2774.66,-57.308
2774.90,-56.516
2775.15,-58.022
2775.39,-59.079
2775.63,-57.935
2775.88,-59.624
2776.12,-57.822
2776.37,-59.470
2776.61,-59.509
2776.86,-56.916
2777.10,-59.225
2777.34,-58.217
2777.59,-56.777
2777.83,-57.128
2778.08,-57.789
2778.32,-59.952
2778.56,-56.935
2778.81,-58.338
2779.05,-57.605
2779.30,-59.195
2779.54,-58.812
2779.79,-59.186
2780.03,-61.707
2780.27,-60.273
2780.52,-58.909
2780.76,-61.116
2781.01,-58.860
2781.25,-58.642
2781.49,-61.043
2781.74,-57.217
2781.98,-58.587
2782.23,-59.355
2782.47,-60.615
2782.71,-56.250
2782.96,-56.950
2783.20,-58.590
2783.45,-58.517
2783.69,-56.895
2783.94,-58.834
2784.18,-58.769
2784.42,-58.601
2784.67,-60.520
2784.91,-62.003
2785.16,-58.377
2785.40,-58.230
2785.64,-59.169
2785.89,-58.560
2786.13,-58.923
2786.38,-57.741
2786.62,-58.966
2786.87,-59.142
2787.11,-57.987
2787.35,-58.447
2787.60,-57.938
2787.84,-59.118
2788.09,-56.722
2788.33,-58.952
2788.57,-56.355
2788.82,-57.293
2789.06,-58.547
2789.31,-59.960
2789.55,-58.461
2789.79,-59.399
2790.04,-58.280
2790.28,-59.542
2790.53,-59.532
2790.77,-61.220
2791.02,-60.047
2791.26,-58.061
2791.50,-59.507
2791.75,-58.753
2791.99,-58.555
2792.24,-57.506
2792.48,-57.851
2792.72,-57.123
2792.97,-57.358
2793.21,-56.077
2793.46,-59.139
2793.70,-58.248
2793.95,-57.632
2794.19,-61.587
2794.43,-63.503
2794.68,-59.933
2794.92,-60.733
2795.17,-60.442
2795.41,-58.730
2795.65,-58.177
2795.90,-59.726
2796.14,-59.184
2796.39,-59.698
2796.63,-59.134
2796.88,-60.627
2797.12,-61.196
2797.36,-59.686
2797.61,-59.790
2797.85,-60.863
2798.10,-59.178
2798.34,-58.446
2798.58,-61.978
2798.83,-61.519
2799.07,-61.701
2799.32,-58.157
2799.56,-58.037
2799.80,-59.876
2800.05,-60.471
2800.29,-59.673
2800.54,-61.457
2800.78,-59.309
2801.03,-60.811
2801.27,-58.173
2801.51,-60.497
2801.76,-60.633
2802.00,-59.062
2802.25,-58.015
2802.49,-60.767
2802.73,-59.374
2802.98,-58.319
2803.22,-62.136
2803.47,-60.478
2803.71,-57.373
2803.96,-59.397
2804.20,-59.533
2804.44,-56.964
2804.69,-56.876
2804.93,-57.511
2805.18,-59.714
2805.42,-58.202
2805.66,-61.931
2805.91,-60.343
2806.15,-60.356
2806.40,-59.518
2806.64,-58.594
2806.88,-58.901
2807.13,-59.808
2807.37,-59.219
2807.62,-59.663
2807.86,-62.608
2808.11,-61.516
2808.35,-60.792
2808.59,-60.278
2808.84,-59.228
2809.08,-59.609
2809.33,-61.730
2809.57,-59.553
2809.81,-61.998
2810.06,-60.839
2810.30,-59.363
2810.55,-57.864
2810.79,-59.571
2811.04,-62.336
2811.28,-60.404
2811.52,-63.023
2811.77,-63.988
2812.01,-62.485
2812.26,-60.703
2812.50,-63.285
2812.74,-61.673
2812.99,-60.764
2813.23,-59.134
2813.48,-60.185
2813.72,-62.502
2813.96,-61.699
2814.21,-62.576
2814.45,-63.520
2814.70,-61.260
2814.94,-60.640
2815.19,-59.934
2815.43,-59.672
2815.67,-60.355
2815.92,-58.662
2816.16,-59.601
2816.41,-62.272
2816.65,-60.403
2816.89,-59.281
2817.14,-59.388
2817.38,-59.834
2817.63,-59.485
2817.87,-59.919
2818.12,-59.522
2818.36,-60.245
2818.60,-63.515
2818.85,-64.009
2819.09,-62.340
2819.34,-59.005
2819.58,-61.423
2819.82,-60.944
2820.07,-61.477
2820.31,-60.879
2820.56,-62.430
2820.80,-59.470
2821.04,-58.619
2821.29,-60.684
2821.53,-58.881
2821.78,-60.441
2822.02,-61.647
2822.27,-60.978
2822.51,-61.621
2822.75,-60.085
2823.00,-60.752
2823.24,-61.163
2823.49,-63.033
2823.73,-60.313
2823.97,-62.992
2824.22,-60.713
2824.46,-60.533
2824.71,-57.317
2824.95,-61.760
2825.20,-62.181
2825.44,-62.644
2825.68,-60.743
2825.93,-61.102
2826.17,-62.259
2826.42,-61.809
2826.66,-61.901
2826.90,-62.127
2827.15,-61.221
2827.39,-60.506
2827.64,-62.278
2827.88,-62.440
2828.12,-60.643
2828.37,-60.936
2828.61,-61.284
2828.86,-59.766
2829.10,-62.402
2829.35,-61.190
2829.59,-63.444
2829.83,-63.734
2830.08,-63.578
2830.32,-60.493
2830.57,-60.100
2830.81,-63.329
2831.05,-63.014
2831.30,-63.459
2831.54,-59.577
2831.79,-60.489
2832.03,-58.825
2832.28,-61.966
2832.52,-62.161
2832.76,-60.716
2833.01,-61.317
2833.25,-63.874
2833.50,-64.208
2833.74,-64.431
2833.98,-60.389
2834.23,-62.454
2834.47,-59.042
2834.72,-60.201
2834.96,-62.993
2835.21,-61.057
2835.45,-59.149
2835.69,-58.991
2835.94,-61.719
2836.18,-60.048
2836.43,-61.367
2836.67,-59.447
2836.91,-62.840
2837.16,-61.700
2837.40,-61.671
2837.65,-60.327
2837.89,-62.101
2838.13,-60.702
2838.38,-62.262
2838.62,-60.329
2838.87,-61.307
2839.11,-62.081
2839.36,-61.006
2839.60,-62.713
2839.84,-61.075
2840.09,-61.598
2840.33,-62.560
2840.58,-62.208
2840.82,-59.154
2841.06,-62.582
2841.31,-63.998
2841.55,-59.878
2841.80,-61.564
2842.04,-61.907
2842.29,-59.943
2842.53,-62.569
2842.77,-61.545
2843.02,-61.567
2843.26,-61.709
2843.51,-62.467
2843.75,-63.402
2843.99,-63.650
2844.24,-63.020
2844.48,-61.314
2844.73,-62.415
2844.97,-63.347
2845.21,-63.300
2845.46,-62.373
2845.70,-62.791
2845.95,-61.974
2846.19,-59.490
2846.44,-62.480
2846.68,-62.920
2846.92,-62.026
2847.17,-62.780
2847.41,-60.374
2847.66,-61.480
2847.90,-60.985
2848.14,-61.603
2848.39,-62.685
2848.63,-63.863
2848.88,-62.227
2849.12,-61.070
2849.37,-59.872
2849.61,-63.819
2849.85,-64.562
2850.10,-61.724
2850.34,-62.451
2850.59,-65.526
2850.83,-63.129
2851.07,-62.632
2851.32,-63.327
2851.56,-62.546
2851.81,-62.433
2852.05,-62.843
2852.29,-64.455
2852.54,-61.789
2852.78,-61.889
2853.03,-59.739
2853.27,-61.985
2853.52,-59.414
2853.76,-63.201
2854.00,-64.946
2854.25,-61.436
2854.49,-61.102
2854.74,-63.549
2854.98,-62.090
2855.22,-62.084
2855.47,-63.358
2855.71,-62.563
2855.96,-62.763
2856.20,-64.943
2856.45,-65.876
2856.69,-65.188
2856.93,-63.162
2857.18,-62.120
2857.42,-64.484
2857.67,-61.927
2857.91,-61.774
2858.15,-61.435
2858.40,-61.855
2858.64,-62.081
2858.89,-63.320
2859.13,-62.427
2859.38,-63.369
2859.62,-63.566
2859.86,-61.995
2860.11,-64.507
2860.35,-65.220
2860.60,-62.898
2860.84,-66.084
2861.08,-62.494
2861.33,-62.827
2861.57,-61.216
2861.82,-62.409
2862.06,-61.035
2862.30,-60.025
2862.55,-62.177
2862.79,-63.956
2863.04,-62.141
2863.28,-62.067
2863.53,-63.755
2863.77,-60.989
2864.01,-63.555
2864.26,-62.233
2864.50,-62.430
2864.75,-61.958
2864.99,-62.804
2865.23,-61.684
2865.48,-61.460
2865.72,-64.688
2865.97,-62.791
2866.21,-67.049
2866.46,-63.998
2866.70,-64.744
2866.94,-62.686
2867.19,-62.464
2867.43,-62.148
2867.68,-63.019
2867.92,-61.645
2868.16,-61.908
2868.41,-64.758
2868.65,-62.335
2868.90,-63.282
2869.14,-61.798
2869.38,-62.057
2869.63,-63.171
2869.87,-63.081
2870.12,-62.786
2870.36,-64.005
2870.61,-61.811
2870.85,-62.666
2871.09,-62.867
2871.34,-63.327
2871.58,-64.143
2871.83,-62.451
2872.07,-62.370
2872.31,-63.908
2872.56,-64.438
2872.80,-61.809
2873.05,-61.304
2873.29,-63.764
2873.54,-62.965
2873.78,-61.809
2874.02,-62.983
2874.27,-65.533
2874.51,-65.062
2874.76,-63.059
2875.00,-63.699
2875.24,-63.901
2875.49,-62.357
2875.73,-61.524
2875.98,-63.848
2876.22,-63.134
2876.46,-63.093
2876.71,-62.477
2876.95,-64.342
2877.20,-62.748
2877.44,-62.110
2877.69,-64.557
2877.93,-66.345
2878.17,-65.474
2878.42,-65.091
2878.66,-63.720
2878.91,-66.007
2879.15,-65.564
2879.39,-64.792
2879.64,-65.335
2879.88,-63.802
2880.13,-64.568
2880.37,-62.692
2880.62,-63.111
2880.86,-62.894
2881.10,-62.991
2881.35,-63.146
2881.59,-64.369
2881.84,-63.307
2882.08,-60.427
2882.32,-62.714
2882.57,-62.327
2882.81,-64.335
2883.06,-64.840
2883.30,-63.992
2883.54,-64.151
2883.79,-63.754
2884.03,-64.492
2884.28,-63.611
2884.52,-65.482
2884.77,-66.685
2885.01,-61.700
2885.25,-65.542
2885.50,-64.667
2885.74,-60.999
2885.99,-62.804
2886.23,-60.065
2886.47,-61.392
2886.72,-61.478
2886.96,-61.481
2887.21,-63.787
2887.45,-63.794
2887.70,-63.549
2887.94,-66.008
2888.18,-64.170
2888.43,-62.458
2888.67,-62.548
2888.92,-65.472
2889.16,-64.296
2889.40,-63.619
2889.65,-62.894
2889.89,-67.433
2890.14,-67.743
2890.38,-67.523
2890.62,-66.252
2890.87,-64.957
2891.11,-62.852
2891.36,-63.378
2891.60,-64.434
2891.85,-64.808
2892.09,-60.889
2892.33,-61.235
2892.58,-64.654
2892.82,-65.320
2893.07,-64.805
2893.31,-65.132
2893.55,-64.856
2893.80,-63.663
2894.04,-67.290
2894.29,-65.218
2894.53,-66.010
2894.78,-62.724
2895.02,-64.236
2895.26,-62.230
2895.51,-64.428
2895.75,-63.981
2896.00,-65.999
2896.24,-61.374
2896.48,-62.825
2896.73,-62.984
2896.97,-63.236
2897.22,-62.629
2897.46,-64.119
2897.71,-63.486
2897.95,-65.901
2898.19,-64.400
2898.44,-65.197
2898.68,-64.207
2898.93,-64.631
2899.17,-64.582
2899.41,-65.454
2899.66,-61.906
2899.90,-64.679
2900.15,-66.095
2900.39,-63.486
2900.63,-64.592
2900.88,-63.570
2901.12,-65.096
2901.37,-66.051
2901.61,-61.175
2901.86,-64.435
2902.10,-63.122
2902.34,-65.167
2902.59,-63.321
2902.83,-61.347
2903.08,-63.398
2903.32,-65.502
2903.56,-66.543
2903.81,-62.455
2904.05,-64.459
2904.30,-65.410
2904.54,-64.335
2904.79,-62.506
2905.03,-64.028
2905.27,-65.783
2905.52,-67.095
2905.76,-67.091
2906.01,-64.585
2906.25,-63.802
2906.49,-64.800
2906.74,-62.930
2906.98,-61.254
2907.23,-65.011
2907.47,-62.672
2907.71,-61.764
2907.96,-61.598
2908.20,-65.986
2908.45,-64.681
2908.69,-65.579
2908.94,-67.528
2909.18,-67.939
2909.42,-65.944
2909.67,-66.055
2909.91,-61.906
2910.16,-65.823
2910.40,-66.039
2910.64,-63.850
2910.89,-64.064
2911.13,-64.285
2911.38,-63.875
2911.62,-64.021
2911.87,-65.055
2912.11,-64.148
2912.35,-64.785
2912.60,-63.091
2912.84,-63.943
2913.09,-63.686
2913.33,-65.336
2913.57,-67.851
2913.82,-63.967
2914.06,-63.941
2914.31,-64.914
2914.55,-64.448
2914.79,-65.701
2915.04,-64.203
2915.28,-62.856
2915.53,-63.345
2915.77,-63.833
2916.02,-65.209
2916.26,-64.770
2916.50,-64.041
2916.75,-62.662
2916.99,-66.612
2917.24,-64.975
2917.48,-63.825
2917.72,-63.423
2917.97,-64.174
2918.21,-66.688
2918.46,-63.801
2918.70,-65.189
2918.95,-64.780
2919.19,-63.661
2919.43,-63.179
2919.68,-63.996
2919.92,-64.799
2920.17,-67.001
2920.41,-64.402
2920.65,-65.639
2920.90,-63.234
2921.14,-63.905
2921.39,-64.777
2921.63,-61.467
2921.88,-63.544
2922.12,-63.475
2922.36,-64.989
2922.61,-66.488
2922.85,-65.242
2923.10,-64.214
2923.34,-64.677
2923.58,-65.673
2923.83,-63.100
2924.07,-64.768
2924.32,-64.262
2924.56,-65.166
2924.80,-65.277
2925.05,-62.469
2925.29,-65.333
2925.54,-62.941
2925.78,-62.717
2926.03,-66.490
2926.27,-65.706
2926.51,-66.183
2926.76,-66.864
2927.00,-65.547
2927.25,-65.284
2927.49,-64.081
2927.73,-65.345
2927.98,-65.855
2928.22,-63.839
2928.47,-64.920
2928.71,-63.847
2928.96,-64.372
2929.20,-66.873
2929.44,-66.787
2929.69,-66.948
2929.93,-63.473
2930.18,-64.861
2930.42,-64.662
2930.66,-63.782
2930.91,-65.398
2931.15,-65.737
2931.40,-65.708
2931.64,-67.837
2931.88,-63.512
2932.13,-64.728
2932.37,-62.652
2932.62,-63.053
2932.86,-61.628
2933.11,-62.113
2933.35,-64.379
2933.59,-65.896
2933.84,-64.609
2934.08,-65.813
2934.33,-63.258
2934.57,-64.735
2934.81,-63.077
2935.06,-63.088
2935.30,-63.345
2935.55,-65.357
2935.79,-65.321
2936.04,-64.128
2936.28,-66.049
2936.52,-65.355
2936.77,-64.411
2937.01,-62.542
2937.26,-65.647
2937.50,-65.785
2937.74,-64.287
2937.99,-63.937
2938.23,-65.159
2938.48,-67.686
2938.72,-63.692
2938.96,-65.024
2939.21,-66.600
2939.45,-65.346
2939.70,-63.927
2939.94,-64.488
2940.19,-66.387
2940.43,-66.971
2940.67,-66.255
2940.92,-65.384
2941.16,-62.828
2941.41,-64.597
2941.65,-66.061
2941.89,-66.564
2942.14,-65.181
2942.38,-65.051
2942.63,-66.136
2942.87,-64.756
2943.12,-64.485
2943.36,-63.605
2943.60,-65.686
2943.85,-64.403
2944.09,-65.119
2944.34,-64.227
2944.58,-64.169
2944.82,-65.394
2945.07,-65.693
2945.31,-65.897
2945.56,-63.917
2945.80,-63.791
2946.04,-64.807
2946.29,-64.656
2946.53,-64.734
2946.78,-66.726
2947.02,-62.263
2947.27,-64.593
2947.51,-64.322
2947.75,-64.298
2948.00,-65.191
2948.24,-65.949
2948.49,-63.798
2948.73,-66.482
2948.97,-66.944
2949.22,-64.496
2949.46,-65.392
2949.71,-66.381
2949.95,-64.274
2950.20,-64.974
2950.44,-63.980
2950.68,-64.578
2950.93,-65.437
2951.17,-66.190
2951.42,-65.373
2951.66,-64.442
2951.90,-63.838
2952.15,-66.175
2952.39,-64.975
2952.64,-64.433
2952.88,-64.960
2953.12,-64.520
2953.37,-66.363
2953.61,-66.249
2953.86,-65.591
2954.10,-65.943
2954.35,-63.850
2954.59,-67.138
2954.83,-65.373
2955.08,-66.004
2955.32,-66.573
2955.57,-63.946
2955.81,-65.872
2956.05,-64.986
2956.30,-64.516
2956.54,-64.278
2956.79,-63.137
2957.03,-66.044
2957.28,-65.509
2957.52,-63.605
2957.76,-65.277
2958.01,-65.246
2958.25,-61.711
2958.50,-67.152
2958.74,-64.023
2958.98,-66.487
2959.23,-61.971
2959.47,-65.438
2959.72,-64.499
2959.96,-67.013
2960.21,-65.591
2960.45,-62.925
2960.69,-65.452
2960.94,-65.296
2961.18,-64.259
2961.43,-63.615
2961.67,-64.148
2961.91,-64.141
2962.16,-65.274
2962.40,-63.888
2962.65,-64.997
2962.89,-65.398
2963.13,-64.910
2963.38,-65.826
2963.62,-68.067
2963.87,-67.406
2964.11,-66.870
2964.36,-64.391
2964.60,-64.946
2964.84,-63.532
2965.09,-62.205
2965.33,-65.393
2965.58,-63.001
2965.82,-66.452
2966.06,-63.367
2966.31,-64.130
2966.55,-65.856
2966.80,-66.424
2967.04,-65.069
2967.29,-65.610
2967.53,-64.239
2967.77,-61.480
2968.02,-64.891
2968.26,-67.246
2968.51,-66.504
2968.75,-67.060
2968.99,-64.339
2969.24,-65.922
2969.48,-67.001
2969.73,-67.360
2969.97,-65.723
2970.21,-65.299
2970.46,-64.142
2970.70,-65.511
2970.95,-63.620
2971.19,-65.915
2971.44,-66.003
2971.68,-64.806
2971.92,-67.494
2972.17,-68.924
2972.41,-67.692
2972.66,-64.586
2972.90,-63.421
2973.14,-65.354
2973.39,-63.417
2973.63,-64.891
2973.88,-64.964
2974.12,-64.523
2974.37,-65.502
2974.61,-62.919
2974.85,-68.435
2975.10,-67.383
2975.34,-65.161
2975.59,-64.303
2975.83,-66.806
2976.07,-64.866
2976.32,-67.140
2976.56,-64.723
2976.81,-65.702
2977.05,-65.335
2977.29,-65.250
2977.54,-65.875
2977.78,-66.027
2978.03,-66.886
2978.27,-67.486
2978.52,-66.794
2978.76,-65.642
2979.00,-64.955
2979.25,-66.232
2979.49,-63.669
2979.74,-65.788
2979.98,-64.460
2980.22,-65.475
2980.47,-65.349
2980.71,-65.715
2980.96,-67.215
2981.20,-67.874
2981.45,-70.456
2981.69,-66.402
2981.93,-65.949
2982.18,-67.272
2982.42,-65.108
2982.67,-65.553
2982.91,-64.642
2983.15,-65.367
2983.40,-64.350
2983.64,-63.365
2983.89,-65.211
2984.13,-63.265
2984.38,-66.850
2984.62,-64.762
2984.86,-64.319
2985.11,-67.293
2985.35,-66.352
2985.60,-67.044
2985.84,-66.594
2986.08,-62.887
2986.33,-66.866
2986.57,-64.339
2986.82,-62.040
2987.06,-63.888
2987.30,-62.844
2987.55,-65.474
2987.79,-66.936
2988.04,-66.336
2988.28,-67.510
2988.53,-65.708
2988.77,-65.105
2989.01,-67.610
2989.26,-66.391
2989.50,-62.872
2989.75,-65.750
2989.99,-67.760
2990.23,-68.915
2990.48,-68.290
2990.72,-63.755
2990.97,-65.940
2991.21,-64.837
2991.46,-61.478
2991.70,-65.480
2991.94,-65.654
2992.19,-64.038
2992.43,-62.139
2992.68,-65.740
2992.92,-65.150
2993.16,-64.682
2993.41,-63.456
2993.65,-66.160
2993.90,-66.081
2994.14,-66.503
2994.38,-65.045
2994.63,-66.611
2994.87,-64.789
2995.12,-65.794
2995.36,-64.584
2995.61,-64.794
2995.85,-66.736
2996.09,-64.183
2996.34,-65.768
2996.58,-67.017
2996.83,-63.517
2997.07,-65.151
2997.31,-67.365
2997.56,-66.231
2997.80,-64.633
2998.05,-65.631
2998.29,-66.233
2998.54,-65.239
2998.78,-64.008
2999.02,-65.359
2999.27,-63.741
2999.51,-67.707
2999.76,-66.215
3000.00,-67.164
3000.24,-65.756
3000.49,-66.338
3000.73,-62.979
3000.98,-64.110
3001.22,-63.588
3001.46,-64.638
3001.71,-65.371
3001.95,-68.455
3002.20,-65.354
3002.44,-64.285
3002.69,-62.019
3002.93,-64.763
3003.17,-65.705
3003.42,-63.748
3003.66,-64.633
3003.91,-63.904
3004.15,-65.137
3004.39,-65.542
3004.64,-66.101
3004.88,-63.229
3005.13,-66.830
3005.37,-64.743
3005.62,-66.821
3005.86,-65.878
3006.10,-66.598
3006.35,-67.492
3006.59,-66.532
3006.84,-66.438
3007.08,-65.375
3007.32,-64.488
3007.57,-67.605
3007.81,-66.159
3008.06,-65.515
3008.30,-67.139
3008.54,-66.600
3008.79,-63.452
3009.03,-68.411
3009.28,-65.582
3009.52,-67.285
3009.77,-64.292
3010.01,-65.934
3010.25,-65.480
3010.50,-65.244
3010.74,-65.862
3010.99,-65.828
3011.23,-66.380
3011.47,-66.605
3011.72,-68.551
3011.96,-64.855
3012.21,-66.254
3012.45,-65.635
3012.70,-64.076
3012.94,-63.807
3013.18,-64.862
3013.43,-64.145
3013.67,-64.960
3013.92,-67.986
3014.16,-63.544
3014.40,-65.106
3014.65,-63.809
3014.89,-66.273
3015.14,-66.912
3015.38,-63.884
3015.62,-64.868
3015.87,-64.715
3016.11,-65.774
3016.36,-64.466
3016.60,-63.740
3016.85,-63.804
3017.09,-67.131
3017.33,-65.738
3017.58,-68.325
3017.82,-66.047
3018.07,-66.302
3018.31,-65.666
3018.55,-67.109
3018.80,-65.290
3019.04,-66.654
3019.29,-63.912
3019.53,-64.816
3019.78,-66.365
3020.02,-66.887
3020.26,-67.561
3020.51,-65.744
3020.75,-63.986
3021.00,-65.271
3021.24,-66.554
3021.48,-66.239
3021.73,-65.918
3021.97,-68.422
3022.22,-67.471
3022.46,-63.146
3022.71,-64.972
3022.95,-66.991
3023.19,-65.296
3023.44,-67.157
3023.68,-65.068
3023.93,-65.696
3024.17,-64.117
3024.41,-67.986
3024.66,-67.463
3024.90,-63.381
3025.15,-65.241
3025.39,-64.402
3025.63,-66.597
3025.88,-67.483
3026.12,-70.947
3026.37,-70.347
3026.61,-66.595
3026.86,-65.084
3027.10,-65.730
3027.34,-66.051
3027.59,-64.787
3027.83,-65.623
3028.08,-64.814
3028.32,-64.959
3028.56,-65.376
3028.81,-64.285
3029.05,-64.548
3029.30,-66.392
3029.54,-65.263
3029.79,-63.952
3030.03,-63.402
3030.27,-63.356
3030.52,-64.016
3030.76,-66.293
3031.01,-67.421
3031.25,-65.695
3031.49,-69.734
3031.74,-67.922
3031.98,-65.978
3032.23,-64.685
3032.47,-66.827
3032.71,-64.857
3032.96,-63.720
3033.20,-66.414
3033.45,-65.859
3033.69,-65.231
3033.94,-66.076
3034.18,-64.272
3034.42,-64.875
3034.67,-65.152
3034.91,-62.121
3035.16,-63.253
3035.40,-65.188
3035.64,-64.430
3035.89,-64.764
3036.13,-66.368
3036.38,-67.229
3036.62,-67.457
3036.87,-66.103
3037.11,-68.562
3037.35,-66.134
3037.60,-64.000
3037.84,-67.124
3038.09,-64.037
3038.33,-64.447
3038.57,-66.209
3038.82,-65.228
3039.06,-67.325
3039.31,-66.760
3039.55,-65.850
3039.79,-65.403
3040.04,-66.874
3040.28,-66.434
3040.53,-65.812
3040.77,-65.392
3041.02,-65.844
3041.26,-63.787
3041.50,-64.830
3041.75,-64.642
3041.99,-65.004
3042.24,-64.233
3042.48,-65.561
3042.72,-66.019
3042.97,-64.877
3043.21,-64.982
3043.46,-67.904
3043.70,-66.237
3043.95,-65.059
3044.19,-66.324
3044.43,-64.435
3044.68,-65.836
3044.92,-67.583
3045.17,-66.318
3045.41,-64.570
3045.65,-63.857
3045.90,-65.114
3046.14,-66.139
3046.39,-65.473
3046.63,-64.591
3046.88,-66.090
3047.12,-67.687
3047.36,-64.946
3047.61,-63.508
3047.85,-64.137
3048.10,-65.235
3048.34,-65.376
3048.58,-66.403
3048.83,-66.771
3049.07,-65.452
3049.32,-67.656
3049.56,-66.159
3049.80,-64.329
3050.05,-62.454
3050.29,-68.413
3050.54,-64.767
3050.78,-67.670
3051.03,-65.668
3051.27,-64.084
3051.51,-63.974
3051.76,-64.943
3052.00,-67.980
3052.25,-63.959
3052.49,-66.947
3052.73,-65.983
3052.98,-65.841
3053.22,-65.427
3053.47,-67.666
3053.71,-66.943
3053.96,-67.135
3054.20,-63.981
3054.44,-65.134
3054.69,-66.727
3054.93,-65.893
3055.18,-65.522
3055.42,-63.646
3055.66,-62.081
3055.91,-65.296
3056.15,-66.602
3056.40,-63.147
3056.64,-63.962
3056.88,-66.663
3057.13,-65.440
3057.37,-65.347
3057.62,-65.255
3057.86,-63.678
3058.11,-65.458
3058.35,-65.993
3058.59,-67.267
3058.84,-67.534
3059.08,-64.337
3059.33,-63.438
3059.57,-65.681
3059.81,-65.215
3060.06,-66.878
3060.30,-66.139
3060.55,-66.057
3060.79,-65.539
3061.04,-64.638
3061.28,-65.954
3061.52,-67.023
3061.77,-65.658
3062.01,-65.335
3062.26,-65.681
3062.50,-65.055
3062.74,-65.313
3062.99,-64.252
3063.23,-63.921
3063.48,-67.101
3063.72,-65.584
3063.96,-67.556
3064.21,-66.747
3064.45,-64.265
3064.70,-64.561
3064.94,-65.640
3065.19,-66.540
3065.43,-65.639
3065.67,-67.577
3065.92,-67.259
3066.16,-66.204
3066.41,-67.068
3066.65,-66.442
3066.89,-66.139
3067.14,-63.440
3067.38,-68.567
3067.63,-66.366
3067.87,-65.162
3068.12,-69.212
3068.36,-64.207
3068.60,-65.270
3068.85,-66.512
3069.09,-66.308
3069.34,-64.403
3069.58,-66.538
3069.82,-64.723
3070.07,-66.910
3070.31,-63.907
3070.56,-64.322
3070.80,-63.432
3071.04,-66.815
3071.29,-65.927
3071.53,-64.440
3071.78,-65.896
3072.02,-65.836
3072.27,-65.549
3072.51,-64.359
3072.75,-65.638
3073.00,-66.179
3073.24,-64.527
3073.49,-65.942
3073.73,-65.672
3073.97,-67.358
3074.22,-67.098
3074.46,-65.343
3074.71,-66.744
3074.95,-65.290
3075.20,-65.699
3075.44,-62.949
3075.68,-63.355
3075.93,-68.287
3076.17,-66.738
3076.42,-65.043
3076.66,-64.861
3076.90,-64.474
3077.15,-65.386
3077.39,-64.684
3077.64,-65.380
3077.88,-65.821
3078.12,-66.728
3078.37,-64.438
3078.61,-67.408
3078.86,-65.236
3079.10,-67.220
3079.35,-66.452
3079.59,-63.735
3079.83,-66.455
3080.08,-63.885
3080.32,-64.890
3080.57,-66.558
3080.81,-64.749
3081.05,-65.083
3081.30,-66.868
3081.54,-66.343
3081.79,-65.044
3082.03,-63.251
3082.28,-67.091
3082.52,-64.199
3082.76,-64.912
3083.01,-67.723
3083.25,-66.944
3083.50,-66.027
3083.74,-64.913
3083.98,-62.406
3084.23,-63.908
3084.47,-64.801
3084.72,-66.411
3084.96,-63.624
3085.21,-64.683
3085.45,-65.276
3085.69,-65.587
3085.94,-64.237
3086.18,-65.370
3086.43,-65.017
3086.67,-61.655
3086.91,-66.477
3087.16,-63.284
3087.40,-64.011
3087.65,-67.357
3087.89,-66.431
3088.13,-66.507
3088.38,-65.439
3088.62,-66.431
3088.87,-65.193
3089.11,-64.796
3089.36,-64.565
3089.60,-64.545
3089.84,-63.029
3090.09,-66.014
3090.33,-67.471
3090.58,-66.234
3090.82,-65.858
3091.06,-64.616
3091.31,-66.064
3091.55,-64.671
3091.80,-64.115
3092.04,-64.431
3092.29,-65.599
3092.53,-65.003
3092.77,-66.026
3093.02,-67.632
3093.26,-65.986
3093.51,-65.055
3093.75,-63.581
3093.99,-64.946
3094.24,-65.592
3094.48,-67.711
3094.73,-65.798
3094.97,-65.108
3095.21,-65.537
3095.46,-68.412
3095.70,-65.077
3095.95,-66.154
3096.19,-65.253
3096.44,-66.496
3096.68,-69.712
3096.92,-65.669
3097.17,-66.174
3097.41,-63.971
3097.66,-64.535
3097.90,-62.542
3098.14,-66.528
3098.39,-66.386
3098.63,-63.979
3098.88,-64.449
3099.12,-66.069
3099.37,-65.514
3099.61,-62.902
3099.85,-64.390
3100.10,-64.997
3100.34,-65.327
3100.59,-65.709
3100.83,-64.900
3101.07,-67.681
3101.32,-63.360
3101.56,-63.279
3101.81,-65.939
3102.05,-63.347
3102.29,-65.514
3102.54,-64.715
3102.78,-62.509
3103.03,-65.198
3103.27,-64.365
3103.52,-65.341
3103.76,-65.132
3104.00,-66.456
3104.25,-65.239
3104.49,-65.377
3104.74,-67.623
3104.98,-64.963
3105.22,-64.618
3105.47,-61.540
3105.71,-64.894
3105.96,-65.936
3106.20,-68.663
3106.45,-67.710
3106.69,-68.487
3106.93,-66.701
3107.18,-65.780
3107.42,-66.437
3107.67,-65.465
3107.91,-66.108
3108.15,-64.750
3108.40,-64.238
3108.64,-66.674
3108.89,-65.828
3109.13,-63.152
3109.38,-66.011
3109.62,-65.184
3109.86,-64.760
3110.11,-66.383
3110.35,-65.096
3110.60,-64.205
3110.84,-64.596
3111.08,-64.091
3111.33,-63.750
3111.57,-64.244
3111.82,-64.254
3112.06,-65.066
3112.30,-64.641
3112.55,-66.117
3112.79,-68.364
3113.04,-66.059
3113.28,-67.123
3113.53,-64.787
3113.77,-64.967
3114.01,-63.495
3114.26,-65.790
3114.50,-64.475
3114.75,-64.865
3114.99,-66.262
3115.23,-64.232
3115.48,-66.254
3115.72,-66.753
3115.97,-64.024
3116.21,-64.923
3116.46,-66.391
3116.70,-64.896
3116.94,-65.623
3117.19,-63.539
3117.43,-65.154
3117.68,-63.846
3117.92,-64.927
3118.16,-67.185
3118.41,-65.724
3118.65,-65.732
3118.90,-65.365
3119.14,-64.024
3119.38,-66.453
3119.63,-64.234
3119.87,-66.385
3120.12,-65.654
3120.36,-64.466
3120.61,-65.279
3120.85,-65.310
3121.09,-65.091
3121.34,-67.054
3121.58,-64.106
3121.83,-63.534
3122.07,-65.788
3122.31,-65.595
3122.56,-65.459
3122.80,-62.743
3123.05,-64.601
3123.29,-65.065
3123.54,-67.005
3123.78,-65.772
3124.02,-66.620
3124.27,-64.284
3124.51,-65.668
3124.76,-65.712
3125.00,-65.271
3125.24,-65.403
3125.49,-65.696
3125.73,-66.040
3125.98,-65.723
3126.22,-66.676
3126.46,-65.197
3126.71,-65.779
3126.95,-64.776
3127.20,-65.753
3127.44,-66.885
3127.69,-66.269
3127.93,-62.187
3128.17,-65.796
3128.42,-64.498
3128.66,-66.273
3128.91,-67.352
3129.15,-67.268
3129.39,-64.127
3129.64,-68.135
3129.88,-68.155
3130.13,-65.727
3130.37,-64.614
3130.62,-64.184
3130.86,-64.728
3131.10,-66.759
3131.35,-63.733
3131.59,-63.083
3131.84,-65.232
3132.08,-65.578
3132.32,-64.804
3132.57,-62.617
3132.81,-62.408
3133.06,-64.260
3133.30,-67.017
3133.54,-63.909
3133.79,-65.174
3134.03,-63.860
3134.28,-63.453
3134.52,-66.665
3134.77,-67.428
3135.01,-63.813
3135.25,-64.855
3135.50,-64.641
3135.74,-63.759
3135.99,-66.100
3136.23,-65.252
3136.47,-64.036
3136.72,-66.311
3136.96,-64.294
3137.21,-65.360
3137.45,-64.077
3137.70,-65.181
3137.94,-65.046
3138.18,-66.491
3138.43,-64.829
3138.67,-65.896
3138.92,-68.263
3139.16,-64.302
3139.40,-63.698
3139.65,-65.549
3139.89,-66.821
3140.14,-64.032
3140.38,-65.112
3140.62,-66.505
3140.87,-67.429
3141.11,-66.113
3141.36,-65.073
3141.60,-67.662
3141.85,-65.535
3142.09,-67.162
3142.33,-64.054
3142.58,-65.146
3142.82,-66.066
3143.07,-63.471
3143.31,-62.805
3143.55,-66.254
3143.80,-63.886
3144.04,-66.027
3144.29,-64.856
3144.53,-63.414
3144.78,-66.135
3145.02,-64.689
3145.26,-65.922
3145.51,-63.749
3145.75,-65.774
3146.00,-65.044
3146.24,-65.760
3146.48,-63.618
3146.73,-63.242
3146.97,-63.422
3147.22,-64.873
3147.46,-65.352
3147.71,-65.945
3147.95,-65.263
3148.19,-66.376
3148.44,-66.760
3148.68,-64.711
3148.93,-64.390
3149.17,-65.832
3149.41,-64.130
3149.66,-63.724
3149.90,-65.249
3150.15,-66.286
3150.39,-65.887
3150.63,-65.881
3150.88,-63.699
3151.12,-63.874
3151.37,-63.331
3151.61,-63.692
3151.86,-63.231
3152.10,-64.805
3152.34,-67.413
3152.59,-64.963
3152.83,-64.793
3153.08,-63.694
3153.32,-65.099
3153.56,-66.240
3153.81,-64.310
3154.05,-63.984
3154.30,-64.004
3154.54,-64.684
3154.79,-64.097
3155.03,-63.132
3155.27,-64.731
3155.52,-64.138
3155.76,-62.745
3156.01,-63.995
3156.25,-63.329
3156.49,-61.513
3156.74,-65.046
3156.98,-64.717
3157.23,-63.884
3157.47,-64.485
3157.71,-66.559
3157.96,-64.893
3158.20,-63.659
3158.45,-65.699
3158.69,-67.261
3158.94,-65.588
3159.18,-62.968
3159.42,-63.749
3159.67,-66.674
3159.91,-66.557
3160.16,-66.193
3160.40,-62.625
3160.64,-65.230
3160.89,-63.701
3161.13,-63.447
3161.38,-65.207
3161.62,-65.041
3161.87,-65.060
3162.11,-65.478
3162.35,-64.033
3162.60,-64.656
3162.84,-65.726
3163.09,-64.413
3163.33,-66.785
3163.57,-63.016
3163.82,-63.533
3164.06,-64.513
3164.31,-65.261
3164.55,-64.697
3164.79,-67.014
3165.04,-67.904
3165.28,-63.773
3165.53,-65.372
3165.77,-66.472
3166.02,-64.643
3166.26,-64.319
3166.50,-65.899
3166.75,-64.780
3166.99,-63.045
3167.24,-65.298
3167.48,-61.992
3167.72,-64.409
3167.97,-66.092
3168.21,-63.637
3168.46,-64.780
3168.70,-63.714
3168.95,-64.018
3169.19,-62.852
3169.43,-60.819
3169.68,-64.318
3169.92,-67.054
3170.17,-62.288
3170.41,-65.372
3170.65,-60.997
3170.90,-65.010
3171.14,-65.261
3171.39,-66.780
3171.63,-63.198
3171.88,-64.096
3172.12,-65.749
3172.36,-64.202
3172.61,-64.058
3172.85,-63.401
3173.10,-63.190
3173.34,-65.460
3173.58,-64.913
3173.83,-65.780
3174.07,-66.155
3174.32,-63.498
3174.56,-62.432
3174.80,-63.664
3175.05,-69.330
3175.29,-65.033
3175.54,-63.511
3175.78,-65.576
3176.03,-61.546
3176.27,-64.202
3176.51,-63.425
3176.76,-66.513
3177.00,-63.817
3177.25,-63.167
3177.49,-63.943
3177.73,-64.184
3177.98,-64.450
3178.22,-66.074
3178.47,-65.915
3178.71,-63.959
3178.96,-62.396
3179.20,-62.411
3179.44,-61.801
3179.69,-63.144
3179.93,-66.084
3180.18,-62.771
3180.42,-62.328
3180.66,-63.887
3180.91,-63.623
3181.15,-64.574
3181.40,-64.466
3181.64,-64.803
3181.88,-63.631
3182.13,-64.291
3182.37,-63.283
3182.62,-62.547
3182.86,-63.460
3183.11,-63.357
3183.35,-66.397
3183.59,-65.424
3183.84,-65.532
3184.08,-62.772
3184.33,-62.743
3184.57,-62.828
3184.81,-65.310
3185.06,-64.106
3185.30,-64.304
3185.55,-63.330
3185.79,-65.826
3186.04,-65.382
3186.28,-62.692
3186.52,-64.808
3186.77,-64.804
3187.01,-63.509
3187.26,-63.370
3187.50,-63.210
3187.74,-64.359
3187.99,-64.022
3188.23,-63.873
3188.48,-63.646
3188.72,-61.949
3188.96,-61.789
3189.21,-62.732
3189.45,-63.481
3189.70,-62.157
3189.94,-63.761
3190.19,-65.257
3190.43,-65.134
3190.67,-66.084
3190.92,-63.801
3191.16,-64.207
3191.41,-63.467
3191.65,-64.289
3191.89,-62.998
3192.14,-63.808
3192.38,-62.396
3192.63,-62.283
3192.87,-64.376
3193.12,-62.897
3193.36,-63.003
3193.60,-64.426
3193.85,-61.632
3194.09,-63.190
3194.34,-63.884
3194.58,-64.357
3194.82,-60.459
3195.07,-62.671
3195.31,-63.122
3195.56,-60.789
3195.80,-61.734
3196.04,-62.937
3196.29,-63.756
3196.53,-61.958
3196.78,-62.083
3197.02,-63.782
3197.27,-64.074
3197.51,-63.024
3197.75,-63.967
3198.00,-63.589
3198.24,-65.008
3198.49,-61.759
3198.73,-62.870
3198.97,-62.680
3199.22,-63.672
3199.46,-63.272
3199.71,-61.213
3199.95,-60.755
3200.20,-61.596
3200.44,-62.866
3200.68,-62.015
3200.93,-60.468
3201.17,-64.623
3201.42,-63.050
3201.66,-63.259
3201.90,-64.414
3202.15,-63.929
3202.39,-61.369
3202.64,-61.296
3202.88,-63.591
3203.12,-63.517
3203.37,-61.990
3203.61,-62.985
3203.86,-63.066
3204.10,-63.296
3204.35,-61.834
3204.59,-64.961
3204.83,-61.211
3205.08,-63.160
3205.32,-61.606
3205.57,-64.227
3205.81,-64.308
3206.05,-62.833
3206.30,-63.244
3206.54,-65.872
3206.79,-61.714
3207.03,-61.822
3207.28,-62.776
3207.52,-62.392
3207.76,-63.148
3208.01,-63.059
3208.25,-66.010
3208.50,-63.909
3208.74,-61.874
3208.98,-62.429
3209.23,-63.403
3209.47,-62.902
3209.72,-64.363
3209.96,-62.009
3210.21,-62.619
3210.45,-63.162
3210.69,-61.734
3210.94,-62.859
3211.18,-63.156
3211.43,-61.661
3211.67,-62.993
3211.91,-65.156
3212.16,-61.731
3212.40,-61.540
3212.65,-61.184
3212.89,-62.767
3213.13,-62.178
3213.38,-60.978
3213.62,-63.645
3213.87,-63.769
3214.11,-64.588
3214.36,-61.339
3214.60,-60.307
3214.84,-61.785
3215.09,-60.582
3215.33,-65.356
3215.58,-63.321
3215.82,-63.390
3216.06,-63.392
3216.31,-63.241
3216.55,-61.640
3216.80,-62.006
3217.04,-62.485
3217.29,-61.681
3217.53,-63.427
3217.77,-65.239
3218.02,-64.645
3218.26,-63.735
3218.51,-64.624
3218.75,-63.283
3218.99,-62.475
3219.24,-61.323
3219.48,-60.955
3219.73,-62.774
3219.97,-64.459
3220.21,-62.248
3220.46,-63.718
3220.70,-61.869
3220.95,-62.831
3221.19,-63.800
3221.44,-65.745
3221.68,-62.626
3221.92,-63.429
3222.17,-62.502
3222.41,-64.042
3222.66,-62.886
3222.90,-63.988
3223.14,-61.641
3223.39,-62.778
3223.63,-66.243
3223.88,-63.111
3224.12,-62.105
3224.37,-60.342
3224.61,-60.548
3224.85,-62.424
3225.10,-62.931
3225.34,-59.178
3225.59,-61.515
3225.83,-61.627
3226.07,-63.771
3226.32,-62.648
3226.56,-61.964
3226.81,-60.201
3227.05,-59.907
3227.29,-61.996
3227.54,-63.193
3227.78,-62.138
3228.03,-62.579
3228.27,-65.399
3228.52,-63.882
3228.76,-61.457
3229.00,-63.336
3229.25,-62.304
3229.49,-61.484
3229.74,-62.241
3229.98,-61.895
3230.22,-61.244
3230.47,-60.243
3230.71,-60.673
3230.96,-62.605
3231.20,-60.515
3231.45,-61.418
3231.69,-60.499
3231.93,-61.058
3232.18,-61.532
3232.42,-61.647
3232.67,-61.700
3232.91,-61.534
3233.15,-61.964
3233.40,-62.878
3233.64,-60.212
3233.89,-62.147
3234.13,-63.055
3234.38,-59.520
3234.62,-60.815
3234.86,-63.398
3235.11,-60.743
3235.35,-60.931
3235.60,-61.504
3235.84,-62.562
3236.08,-61.212
3236.33,-61.259
3236.57,-61.499
3236.82,-60.735
3237.06,-59.919
3237.30,-60.906
3237.55,-60.449
3237.79,-59.874
3238.04,-60.444
3238.28,-60.079
3238.53,-61.766
3238.77,-61.177
3239.01,-60.179
3239.26,-58.914
3239.50,-60.826
3239.75,-61.345
3239.99,-60.936
3240.23,-61.114
3240.48,-59.693
3240.72,-60.120
3240.97,-59.064
3241.21,-61.392
3241.46,-59.841
3241.70,-60.937
3241.94,-61.397
3242.19,-61.092
3242.43,-59.397
3242.68,-62.502
3242.92,-60.102
3243.16,-56.791
3243.41,-58.581
3243.65,-59.983
3243.90,-60.653
3244.14,-60.197
3244.38,-62.478
3244.63,-58.758
3244.87,-60.321
3245.12,-60.439
3245.36,-60.804
3245.61,-62.324
3245.85,-60.776
3246.09,-56.173
3246.34,-58.111
3246.58,-59.889
3246.83,-58.607
3247.07,-60.777
3247.31,-59.976
3247.56,-58.485
3247.80,-58.489
3248.05,-58.318
3248.29,-60.643
3248.54,-60.505
3248.78,-61.085
3249.02,-59.925
3249.27,-58.887
3249.51,-62.590
3249.76,-60.503
3250.00,-61.233
3250.24,-60.342
3250.49,-59.035
3250.73,-60.423
3250.98,-59.760
3251.22,-62.214
3251.46,-62.194
3251.71,-61.746
3251.95,-61.828
3252.20,-62.889
3252.44,-60.117
3252.69,-59.917
3252.93,-62.286
3253.17,-60.200
3253.42,-59.642
3253.66,-57.857
3253.91,-59.344
3254.15,-61.567
3254.39,-62.309
3254.64,-60.425
3254.88,-58.065
3255.13,-60.068
3255.37,-60.405
3255.62,-60.784
3255.86,-60.267
3256.10,-59.993
3256.35,-58.903
3256.59,-60.371
3256.84,-58.984
3257.08,-59.422
3257.32,-60.171
3257.57,-59.504
3257.81,-60.014
3258.06,-60.020
3258.30,-58.722
3258.54,-60.253
3258.79,-58.603
3259.03,-58.333
3259.28,-61.060
3259.52,-58.992
3259.77,-59.830
3260.01,-59.354
3260.25,-61.050
3260.50,-59.205
3260.74,-58.805
3260.99,-59.812
3261.23,-59.601
3261.47,-58.890
3261.72,-58.442
3261.96,-57.009
3262.21,-58.076
3262.45,-59.674
3262.70,-57.679
3262.94,-59.328
3263.18,-58.645
3263.43,-57.522
3263.67,-60.411
3263.92,-62.696
3264.16,-60.833
3264.40,-60.339
3264.65,-61.109
3264.89,-60.514
3265.14,-62.127
3265.38,-59.072
3265.62,-58.974
3265.87,-56.602
3266.11,-57.404
3266.36,-58.396
3266.60,-59.015
3266.85,-60.412
3267.09,-57.410
3267.33,-56.571
3267.58,-60.668
3267.82,-59.282
3268.07,-56.920
3268.31,-58.278
3268.55,-57.395
3268.80,-59.664
3269.04,-58.594
3269.29,-59.748
3269.53,-59.558
3269.78,-60.470
3270.02,-56.868
3270.26,-58.852
3270.51,-60.128
3270.75,-57.941
3271.00,-61.401
3271.24,-60.793
3271.48,-61.114
3271.73,-57.095
3271.97,-58.579
3272.22,-55.495
3272.46,-60.494
3272.71,-60.750
3272.95,-58.543
3273.19,-58.589
3273.44,-56.192
3273.68,-60.002
3273.93,-60.446
3274.17,-59.737
3274.41,-58.166
3274.66,-57.390
3274.90,-57.642
3275.15,-57.477
3275.39,-58.738
3275.63,-56.197
3275.88,-59.515
3276.12,-58.998
3276.37,-58.069
3276.61,-57.770
3276.86,-58.129
3277.10,-59.120
3277.34,-60.323
3277.59,-57.958
3277.83,-58.339
3278.08,-62.134
3278.32,-57.125
3278.56,-59.135
3278.81,-58.704
3279.05,-56.427
3279.30,-57.407
3279.54,-57.235
3279.79,-60.504
3280.03,-58.629
3280.27,-59.182
3280.52,-58.076
3280.76,-56.281
3281.01,-57.487
3281.25,-57.885
3281.49,-57.710
3281.74,-56.744
3281.98,-57.711
3282.23,-58.199
3282.47,-58.322
3282.71,-60.313
3282.96,-60.559
3283.20,-60.318
3283.45,-56.313
3283.69,-56.704
3283.94,-57.865
3284.18,-56.875
3284.42,-58.256
3284.67,-57.030
3284.91,-58.001
3285.16,-58.205
3285.40,-60.030
3285.64,-59.842
3285.89,-57.937
3286.13,-58.998
3286.38,-59.439
3286.62,-59.393
3286.87,-58.318
3287.11,-57.078
3287.35,-57.705
3287.60,-59.699
3287.84,-58.649
3288.09,-60.721
3288.33,-56.818
3288.57,-58.407
3288.82,-57.349
3289.06,-58.763
3289.31,-58.727
3289.55,-57.901
3289.79,-57.838
3290.04,-59.069
3290.28,-61.194
3290.53,-57.301
3290.77,-58.919
3291.02,-58.038
3291.26,-57.744
3291.50,-57.207
3291.75,-58.120
3291.99,-57.869
3292.24,-58.042
3292.48,-57.662
3292.72,-57.460
3292.97,-55.616
3293.21,-58.910
3293.46,-58.451
3293.70,-57.930
3293.95,-58.730
3294.19,-59.433
3294.43,-60.341
3294.68,-60.264
3294.92,-58.984
3295.17,-57.600
3295.41,-57.414
3295.65,-59.879
3295.90,-59.476
3296.14,-58.351
3296.39,-59.888
3296.63,-59.631
3296.88,-58.097
3297.12,-59.151
3297.36,-59.668
3297.61,-60.181
3297.85,-59.994
3298.10,-58.926
3298.34,-59.557
3298.58,-57.287
3298.83,-58.940
3299.07,-61.487
3299.32,-59.823
3299.56,-59.881
3299.80,-61.623
3300.05,-61.478
3300.29,-58.484
3300.54,-59.404
3300.78,-59.221
3301.03,-59.433
3301.27,-57.681
3301.51,-60.681
3301.76,-59.591
3302.00,-57.742
3302.25,-57.182
3302.49,-57.454
3302.73,-59.579
3302.98,-58.336
3303.22,-57.863
3303.47,-61.118
3303.71,-58.137
3303.96,-60.788
3304.20,-61.433
3304.44,-59.899
3304.69,-60.482
3304.93,-62.147
3305.18,-59.510
3305.42,-60.463
3305.66,-60.055
3305.91,-58.741
3306.15,-59.948
3306.40,-59.650
3306.64,-61.081
3306.88,-60.326
3307.13,-60.608
3307.37,-59.618
3307.62,-60.885
3307.86,-59.850
3308.11,-59.765
3308.35,-60.077
3308.59,-59.407
3308.84,-58.329
3309.08,-58.752
3309.33,-60.130
3309.57,-60.203
3309.81,-62.142
3310.06,-61.014
3310.30,-60.033
3310.55,-62.062
3310.79,-58.488
3311.04,-58.772
3311.28,-59.920
3311.52,-59.641
3311.77,-62.176
3312.01,-58.806
3312.26,-61.448
3312.50,-61.595
3312.74,-61.209
3312.99,-60.562
3313.23,-59.516
3313.48,-59.810
3313.72,-63.210
3313.96,-57.908
3314.21,-60.056
3314.45,-58.852
3314.70,-59.887
3314.94,-62.001
3315.19,-59.605
3315.43,-59.634
3315.67,-61.288
3315.92,-61.973
3316.16,-61.849
3316.41,-60.817
3316.65,-64.019
3316.89,-61.200
3317.14,-62.260
3317.38,-62.338
3317.63,-61.868
3317.87,-63.049
3318.12,-61.686
3318.36,-63.903
3318.60,-61.280
3318.85,-61.800
3319.09,-61.722
3319.34,-59.884
3319.58,-61.141
3319.82,-62.096
3320.07,-60.197
3320.31,-62.601
3320.56,-61.813
3320.80,-63.863
3321.04,-64.272
3321.29,-63.489
3321.53,-62.794
3321.78,-61.870
3322.02,-62.938
3322.27,-61.461
3322.51,-63.062
3322.75,-61.779
3323.00,-60.830
3323.24,-60.987
3323.49,-61.017
3323.73,-63.137
3323.97,-62.536
3324.22,-61.838
3324.46,-61.867
3324.71,-62.777
3324.95,-64.653
3325.20,-61.863
3325.44,-62.723
3325.68,-63.928
3325.93,-59.752
3326.17,-64.401
3326.42,-64.315
3326.66,-64.826
3326.90,-64.348
3327.15,-64.182
3327.39,-63.489
3327.64,-62.729
3327.88,-62.703
3328.12,-64.339
3328.37,-61.955
3328.61,-64.403
3328.86,-63.077
3329.10,-62.943
3329.35,-62.340
3329.59,-62.519
3329.83,-62.592
3330.08,-63.804
3330.32,-64.881
3330.57,-63.369
3330.81,-62.679
3331.05,-65.701
3331.30,-66.562
3331.54,-64.036
3331.79,-62.201
3332.03,-64.154
3332.28,-63.239
3332.52,-65.073
3332.76,-63.404
3333.01,-61.061
3333.25,-61.747
3333.50,-63.964
3333.74,-62.124
3333.98,-64.370
3334.23,-65.930
3334.47,-66.535
3334.72,-66.909
3334.96,-64.484
3335.21,-64.169
3335.45,-65.143
3335.69,-63.896
3335.94,-63.363
3336.18,-62.901
3336.43,-63.905
3336.67,-66.310
3336.91,-64.882
3337.16,-65.418
3337.40,-66.088
3337.65,-66.167
3337.89,-66.015
3338.13,-65.237
3338.38,-65.678
3338.62,-66.856
3338.87,-63.962
3339.11,-65.006
3339.36,-65.942
3339.60,-65.313
3339.84,-65.628
3340.09,-66.428
3340.33,-64.202
3340.58,-67.314
3340.82,-65.843
3341.06,-63.311
3341.31,-65.408
3341.55,-64.746
3341.80,-66.686
3342.04,-65.444
3342.29,-64.524
3342.53,-64.517
3342.77,-64.921
3343.02,-66.269
3343.26,-66.747
3343.51,-65.811
3343.75,-64.486
3343.99,-63.970
3344.24,-63.809
3344.48,-65.861
3344.73,-66.219
3344.97,-68.934
3345.21,-67.545
3345.46,-65.902
3345.70,-67.343
3345.95,-70.340
3346.19,-68.140
3346.44,-66.061
3346.68,-67.625
3346.92,-69.012
3347.17,-67.282
3347.41,-68.222
3347.66,-66.937
3347.90,-66.529
3348.14,-67.641
3348.39,-66.422
3348.63,-67.713
3348.88,-68.977
3349.12,-68.899
3349.37,-65.085
3349.61,-68.320
3349.85,-67.687
3350.10,-67.942
3350.34,-66.467
3350.59,-66.692
3350.83,-66.188
3351.07,-67.753
3351.32,-70.441
3351.56,-68.498
3351.81,-67.945
3352.05,-70.803
3352.29,-66.920
3352.54,-65.876
3352.78,-69.978
3353.03,-66.342
3353.27,-68.526
3353.52,-67.714
3353.76,-64.181
3354.00,-67.501
3354.25,-68.820
3354.49,-68.902
3354.74,-70.418
3354.98,-69.396
3355.22,-67.958
3355.47,-70.098
3355.71,-65.247
3355.96,-66.967
3356.20,-68.019
3356.45,-68.296
3356.69,-69.334
3356.93,-69.190
3357.18,-70.201
3357.42,-68.963
3357.67,-68.491
3357.91,-69.458
3358.15,-68.661
3358.40,-69.054
3358.64,-68.081
3358.89,-67.617
3359.13,-68.890
3359.38,-71.681
3359.62,-66.826
3359.86,-68.744
3360.11,-69.300
3360.35,-67.238
3360.60,-68.890
3360.84,-70.192
3361.08,-70.057
3361.33,-70.258
3361.57,-69.510
3361.82,-71.129
3362.06,-70.580
3362.30,-68.693
3362.55,-71.008
3362.79,-68.943
3363.04,-69.878
3363.28,-69.407
3363.53,-71.338
3363.77,-71.967
3364.01,-69.800
3364.26,-68.018
3364.50,-71.688
3364.75,-68.853
3364.99,-69.186
3365.23,-70.646
3365.48,-70.495
3365.72,-68.891
3365.97,-69.320
3366.21,-70.867
3366.46,-69.418
3366.70,-68.402
3366.94,-70.995
3367.19,-71.807
3367.43,-70.619
3367.68,-71.530
3367.92,-71.457
3368.16,-71.190
3368.41,-73.673
3368.65,-70.021
3368.90,-68.745
3369.14,-70.247
3369.38,-70.634
3369.63,-70.639
3369.87,-71.509
3370.12,-69.588
3370.36,-69.990
3370.61,-69.120
3370.85,-69.706
3371.09,-71.077
3371.34,-69.515
3371.58,-69.487
3371.83,-69.760
3372.07,-70.842
3372.31,-74.001
3372.56,-70.723
3372.80,-69.361
3373.05,-70.687
3373.29,-72.916
3373.54,-74.680
3373.78,-70.952
3374.02,-71.436
3374.27,-71.515
3374.51,-69.953
3374.76,-70.670
3375.00,-72.476
3375.24,-70.866
3375.49,-73.174
3375.73,-71.346
3375.98,-69.946
3376.22,-70.461
3376.46,-75.399
3376.71,-71.570
3376.95,-71.453
3377.20,-69.602
3377.44,-72.139
3377.69,-71.641
3377.93,-71.508
3378.17,-74.094
3378.42,-71.691
3378.66,-71.255
3378.91,-70.891
3379.15,-70.459
3379.39,-72.267
3379.64,-71.067
3379.88,-70.587
3380.13,-70.558
3380.37,-71.596
3380.62,-72.581
3380.86,-71.008
3381.10,-71.930
3381.35,-73.073
3381.59,-71.768
3381.84,-72.687
3382.08,-73.052
3382.32,-72.192
3382.57,-73.002
3382.81,-71.761
3383.06,-73.998
3383.30,-72.807
3383.54,-72.856
3383.79,-75.727
3384.03,-74.492
3384.28,-71.353
3384.52,-73.374
3384.77,-71.978
3385.01,-73.538
3385.25,-73.473
3385.50,-74.846
3385.74,-74.598
3385.99,-72.749
3386.23,-71.921
3386.47,-72.504
3386.72,-73.024
3386.96,-72.854
3387.21,-74.368
3387.45,-74.305
3387.70,-72.126
3387.94,-74.404
3388.18,-72.937
3388.43,-70.688
3388.67,-74.270
3388.92,-74.428
3389.16,-72.488
3389.40,-72.820
3389.65,-76.445
3389.89,-74.351
3390.14,-73.231
3390.38,-72.608
3390.62,-72.590
3390.87,-73.164
3391.11,-72.031
3391.36,-74.741
3391.60,-74.307
3391.85,-77.070
3392.09,-73.396
3392.33,-74.391
3392.58,-72.846
3392.82,-74.112
3393.07,-73.923
3393.31,-72.501
3393.55,-74.342
3393.80,-77.875
3394.04,-70.170
3394.29,-75.209
3394.53,-72.799
3394.78,-74.495
3395.02,-74.589
3395.26,-72.063
3395.51,-74.254
3395.75,-74.838
3396.00,-74.566
3396.24,-73.422
3396.48,-72.978
3396.73,-76.801
3396.97,-75.464
3397.22,-75.477
3397.46,-74.964
3397.71,-76.616
3397.95,-74.531
3398.19,-74.499
3398.44,-76.116
3398.68,-72.524
3398.93,-73.423
3399.17,-76.235
3399.41,-75.890
3399.66,-74.420
3399.90,-76.056
3400.15,-75.160
3400.39,-75.155
3400.63,-72.526
3400.88,-74.754
3401.12,-78.007
3401.37,-73.749
3401.61,-73.999
3401.86,-74.885
3402.10,-76.139
3402.34,-77.201
3402.59,-74.498
3402.83,-75.948
3403.08,-74.903
3403.32,-76.758
3403.56,-76.883
3403.81,-75.601
3404.05,-75.693
3404.30,-77.936
3404.54,-75.343
3404.79,-76.583
3405.03,-76.199
3405.27,-77.251
3405.52,-75.899
3405.76,-77.484
3406.01,-74.978
3406.25,-76.198
3406.49,-76.460
3406.74,-78.493
3406.98,-77.381
3407.23,-78.258
3407.47,-73.301
3407.71,-76.350
3407.96,-77.396
3408.20,-76.689
3408.45,-75.517
3408.69,-76.143
3408.94,-74.158
3409.18,-77.254
3409.42,-75.770
3409.67,-76.402
3409.91,-77.493
3410.16,-75.431
3410.40,-75.822
3410.64,-74.686
3410.89,-74.057
3411.13,-77.782
3411.38,-76.359
3411.62,-77.090
3411.87,-76.676
3412.11,-77.519
3412.35,-79.727
3412.60,-76.877
3412.84,-76.331
3413.09,-76.596
3413.33,-78.131
3413.57,-75.754
3413.82,-78.933
3414.06,-76.325
3414.31,-77.118
3414.55,-76.967
3414.79,-80.273
3415.04,-77.991
3415.28,-74.787
3415.53,-77.277
3415.77,-77.265
3416.02,-76.244
3416.26,-78.023
3416.50,-78.241
3416.75,-77.768
3416.99,-77.963
3417.24,-77.455
3417.48,-78.156
3417.72,-77.684
3417.97,-80.831
3418.21,-77.475
3418.46,-76.196
3418.70,-78.709
3418.95,-77.551
3419.19,-77.811
3419.43,-77.549
3419.68,-75.852
3419.92,-80.186
3420.17,-78.665
3420.41,-77.753
3420.65,-78.079
3420.90,-77.328
3421.14,-77.544
3421.39,-79.641
3421.63,-78.899
3421.88,-78.575
3422.12,-76.312
3422.36,-76.970
3422.61,-77.793
3422.85,-76.352
3423.10,-78.087
3423.34,-78.160
3423.58,-75.930
3423.83,-80.420
3424.07,-77.633
3424.32,-80.062
3424.56,-77.033
3424.80,-78.721
3425.05,-79.488
3425.29,-77.542
3425.54,-77.386
3425.78,-77.789
3426.03,-78.765
3426.27,-79.981
3426.51,-79.767
3426.76,-79.493
3427.00,-78.953
3427.25,-80.515
3427.49,-78.071
3427.73,-75.301
3427.98,-79.360
3428.22,-79.417
3428.47,-77.515
3428.71,-78.983
3428.96,-81.591
3429.20,-78.586
3429.44,-79.128
3429.69,-78.403
3429.93,-79.733
3430.18,-77.730
3430.42,-79.470
3430.66,-79.997
3430.91,-80.134
3431.15,-80.196
3431.40,-81.967
3431.64,-80.300
3431.88,-81.766
3432.13,-80.086
3432.37,-79.728
3432.62,-79.490
3432.86,-80.474
3433.11,-80.793
3433.35,-81.226
3433.59,-79.937
3433.84,-80.603
3434.08,-80.251
3434.33,-81.137
3434.57,-78.740
3434.81,-81.671
3435.06,-79.970
3435.30,-78.631
3435.55,-78.750
3435.79,-82.944
3436.04,-80.927
3436.28,-82.523
3436.52,-82.739
3436.77,-79.591
3437.01,-78.880
3437.26,-81.368
3437.50,-81.150
3437.74,-82.416
3437.99,-80.718
3438.23,-79.075
3438.48,-77.830
3438.72,-79.275
3438.96,-80.758
3439.21,-79.790
3439.45,-80.756
3439.70,-82.116
3439.94,-79.696
3440.19,-84.064
3440.43,-81.829
3440.67,-80.580
3440.92,-79.397
3441.16,-80.954
3441.41,-81.406
3441.65,-79.846
3441.89,-82.612
3442.14,-80.587
3442.38,-82.885
3442.63,-80.925
3442.87,-82.105
3443.12,-82.037
3443.36,-80.707
3443.60,-80.593
3443.85,-82.107
3444.09,-83.663
3444.34,-81.830
3444.58,-80.797
3444.82,-81.546
3445.07,-80.034
3445.31,-80.793
3445.56,-84.176
3445.80,-79.947
3446.04,-82.164
3446.29,-84.548
3446.53,-81.652
3446.78,-79.880
3447.02,-82.099
3447.27,-80.563
3447.51,-82.281
3447.75,-81.849
3448.00,-81.078
3448.24,-82.037
3448.49,-82.072
3448.73,-82.685
3448.97,-82.609
3449.22,-81.214
3449.46,-82.711
3449.71,-80.260
3449.95,-81.041
3450.20,-79.128
3450.44,-84.635
3450.68,-84.421
3450.93,-80.097
3451.17,-84.385
3451.42,-81.660
3451.66,-81.181
3451.90,-83.421
3452.15,-82.203
3452.39,-83.161
3452.64,-82.287
3452.88,-85.273
3453.12,-84.384
3453.37,-80.951
3453.61,-80.922
3453.86,-80.735
3454.10,-84.018
3454.35,-84.073
3454.59,-82.343
3454.83,-82.802
3455.08,-85.104
3455.32,-84.750
3455.57,-82.155
3455.81,-82.169
3456.05,-82.199
3456.30,-81.198
3456.54,-84.395
3456.79,-81.377
3457.03,-81.463
3457.28,-83.645
3457.52,-80.062
3457.76,-84.162
3458.01,-83.342
3458.25,-83.403
3458.50,-85.551
3458.74,-82.899
3458.98,-83.365
3459.23,-82.577
3459.47,-83.427
3459.72,-85.128
3459.96,-83.084
3460.21,-82.202
3460.45,-82.195
3460.69,-80.081
3460.94,-82.252
3461.18,-83.142
3461.43,-82.537
3461.67,-83.451
3461.91,-82.669
3462.16,-84.755
3462.40,-82.461
3462.65,-80.942
3462.89,-82.554
3463.13,-86.539
3463.38,-83.981
3463.62,-86.008
3463.87,-84.899
3464.11,-86.458
3464.36,-83.761
3464.60,-83.955
3464.84,-84.654
3465.09,-81.218
3465.33,-83.139
3465.58,-83.117
3465.82,-84.956
3466.06,-84.507
3466.31,-84.819
3466.55,-83.361
3466.80,-84.158
3467.04,-87.336
3467.29,-85.511
3467.53,-85.340
3467.77,-83.086
3468.02,-84.625
3468.26,-83.341
3468.51,-86.619
3468.75,-87.618
3468.99,-86.334
3469.24,-85.488
3469.48,-85.527
3469.73,-85.568
3469.97,-85.640
3470.21,-85.168
3470.46,-84.105
3470.70,-85.858
3470.95,-83.212
3471.19,-86.106
3471.44,-87.219
3471.68,-86.591
3471.92,-86.034
3472.17,-85.315
3472.41,-83.094
3472.66,-86.869
3472.90,-86.695
3473.14,-85.084
3473.39,-87.277
3473.63,-87.155
3473.88,-85.728
3474.12,-85.036
3474.37,-84.835
3474.61,-85.800
3474.85,-85.305
3475.10,-84.415
3475.34,-84.463
3475.59,-84.944
3475.83,-87.907
3476.07,-85.996
3476.32,-88.127
3476.56,-85.796
3476.81,-85.183
3477.05,-86.402
3477.29,-84.403
3477.54,-83.962
3477.78,-85.557
3478.03,-86.309
3478.27,-88.970
3478.52,-86.616
3478.76,-83.993
3479.00,-88.118
3479.25,-86.000
3479.49,-83.065
3479.74,-84.237
3479.98,-85.013
3480.22,-84.588
3480.47,-84.362
3480.71,-84.528
3480.96,-85.950
3481.20,-85.236
3481.45,-85.674
3481.69,-86.490
3481.93,-83.659
3482.18,-86.099
3482.42,-84.974
3482.67,-86.210
3482.91,-86.385
3483.15,-85.852
3483.40,-87.134
3483.64,-88.147
3483.89,-87.093
3484.13,-85.910
3484.38,-88.605
3484.62,-87.785
3484.86,-87.809
3485.11,-85.720
3485.35,-84.304
3485.60,-86.780
3485.84,-86.453
3486.08,-89.529
3486.33,-86.824
3486.57,-85.929
3486.82,-88.868
3487.06,-89.150
3487.30,-87.134
3487.55,-86.038
3487.79,-87.345
3488.04,-86.427
3488.28,-88.527
3488.53,-88.407
3488.77,-87.148
3489.01,-86.484
3489.26,-86.225
3489.50,-86.306
3489.75,-87.901
3489.99,-85.715
3490.23,-85.620
3490.48,-87.536
3490.72,-86.810
3490.97,-89.248
3491.21,-87.601
3491.46,-86.256
3491.70,-86.910
3491.94,-86.584
3492.19,-86.187
3492.43,-86.146
3492.68,-87.953
3492.92,-89.714
3493.16,-87.261
3493.41,-85.307
3493.65,-89.030
3493.90,-88.173
3494.14,-88.900
3494.38,-88.558
3494.63,-88.891
3494.87,-86.663
3495.12,-90.819
3495.36,-90.470
3495.61,-87.550
3495.85,-87.824
3496.09,-87.282
3496.34,-87.198
3496.58,-89.603
3496.83,-88.401
3497.07,-88.236
3497.31,-88.277
3497.56,-89.510
3497.80,-89.531
3498.05,-89.865
3498.29,-88.548
3498.54,-88.368
3498.78,-88.045
3499.02,-86.024
3499.27,-87.325
3499.51,-90.120
3499.76,-89.887
3500.00,-89.143
3500.24,-88.182
3500.49,-87.928
3500.73,-88.917
3500.98,-87.840
3501.22,-87.996
3501.46,-88.992
3501.71,-90.836
3501.95,-88.262
3502.20,-89.492
3502.44,-89.624
3502.69,-88.490
3502.93,-89.347
3503.17,-92.128
3503.42,-88.288
3503.66,-89.865
3503.91,-88.306
3504.15,-90.273
3504.39,-91.438
3504.64,-88.905
3504.88,-88.763
3505.13,-89.189
3505.37,-87.271
3505.62,-89.202
3505.86,-88.701
3506.10,-88.458
3506.35,-88.467
3506.59,-90.497
3506.84,-92.493
3507.08,-90.145
3507.32,-88.406
3507.57,-90.882
3507.81,-89.684
3508.06,-87.364
3508.30,-88.507
3508.54,-89.785
3508.79,-89.757
3509.03,-94.927
3509.28,-90.958
3509.52,-89.744
3509.77,-90.153
3510.01,-89.799
3510.25,-89.665
3510.50,-91.168
3510.74,-89.664
3510.99,-90.759
3511.23,-90.397
3511.47,-92.286
3511.72,-91.046
3511.96,-90.895
3512.21,-93.312
3512.45,-89.944
3512.70,-88.955
3512.94,-87.364
3513.18,-92.907
3513.43,-90.699
3513.67,-90.817
3513.92,-89.829
3514.16,-90.918
3514.40,-90.079
3514.65,-90.956
3514.89,-91.109
3515.14,-90.300
3515.38,-90.007
3515.62,-89.519
3515.87,-90.209
3516.11,-92.514
3516.36,-90.595
3516.60,-90.742
3516.85,-90.739
3517.09,-93.321
3517.33,-91.718
3517.58,-90.969
3517.82,-91.086
3518.07,-91.262
3518.31,-91.995
3518.55,-93.247
3518.80,-91.043
3519.04,-90.893
3519.29,-92.414
3519.53,-93.680
3519.78,-91.880
3520.02,-93.824
3520.26,-89.819
3520.51,-92.134
3520.75,-92.120
3521.00,-91.478
3521.24,-91.922
3521.48,-92.264
3521.73,-90.225
3521.97,-91.587
3522.22,-92.127
3522.46,-91.389
3522.71,-91.713
3522.95,-93.845
3523.19,-93.092
3523.44,-91.215
3523.68,-92.832
3523.93,-90.999
3524.17,-91.376
3524.41,-91.912
3524.66,-91.281
3524.90,-92.279
3525.15,-91.731
3525.39,-90.467
3525.63,-92.751
3525.88,-92.655
3526.12,-94.004
3526.37,-93.166
3526.61,-91.078
3526.86,-91.016
3527.10,-91.933
3527.34,-93.009
3527.59,-92.020
3527.83,-90.954
3528.08,-94.480
3528.32,-91.101
3528.56,-93.329
3528.81,-91.969
3529.05,-93.646
3529.30,-91.425
3529.54,-93.582
3529.79,-91.499
3530.03,-92.589
3530.27,-91.819
3530.52,-91.599
3530.76,-94.984
3531.01,-92.377
3531.25,-95.378
3531.49,-94.571
3531.74,-95.977
3531.98,-95.561
3532.23,-93.963
3532.47,-94.631
3532.71,-92.152
3532.96,-93.439
3533.20,-93.263
3533.45,-93.283
3533.69,-92.888
3533.94,-91.635
3534.18,-95.811
3534.42,-92.010
3534.67,-92.953
3534.91,-92.610
3535.16,-93.779
3535.40,-93.719
3535.64,-93.650
3535.89,-92.636
3536.13,-93.010
3536.38,-91.413
3536.62,-91.444
3536.87,-92.201
3537.11,-92.880
3537.35,-92.772
3537.60,-92.413
3537.84,-92.644
3538.09,-94.009
3538.33,-95.192
3538.57,-94.432
3538.82,-94.342
3539.06,-94.241
3539.31,-91.768
3539.55,-93.852
3539.79,-95.015
3540.04,-95.003
3540.28,-93.876
3540.53,-93.642
3540.77,-93.864
3541.02,-95.112
3541.26,-94.613
3541.50,-93.058
3541.75,-96.469
3541.99,-94.123
3542.24,-95.393
3542.48,-93.837
3542.72,-94.900
3542.97,-94.447
3543.21,-93.909
3543.46,-92.818
3543.70,-93.633
3543.95,-97.012
3544.19,-94.274
3544.43,-98.227
3544.68,-95.240
3544.92,-95.018
3545.17,-95.654
3545.41,-94.117
3545.65,-94.159
3545.90,-92.651
3546.14,-94.199
3546.39,-94.502
3546.63,-93.128
3546.88,-93.941
3547.12,-94.354
3547.36,-94.221
3547.61,-93.734
3547.85,-95.128
3548.10,-95.679
3548.34,-93.956
3548.58,-97.536
3548.83,-95.499
3549.07,-93.471
3549.32,-94.622
3549.56,-94.356
3549.80,-94.657
3550.05,-94.258
3550.29,-95.067
3550.54,-94.105
3550.78,-95.054
3551.03,-96.397
3551.27,-95.304
3551.51,-95.013
3551.76,-94.236
3552.00,-92.573
3552.25,-95.538
3552.49,-97.580
3552.73,-96.040
3552.98,-96.142
3553.22,-94.077
3553.47,-96.194
3553.71,-97.723
3553.96,-96.846
3554.20,-98.319
3554.44,-94.645
3554.69,-94.755
3554.93,-96.385
3555.18,-96.713
3555.42,-95.732
3555.66,-97.306
3555.91,-94.943
3556.15,-95.986
3556.40,-97.029
3556.64,-96.046
3556.88,-96.523
3557.13,-94.894
3557.37,-98.517
3557.62,-93.613
3557.86,-93.813
3558.11,-94.218
3558.35,-96.497
3558.59,-96.829
3558.84,-96.424
3559.08,-95.492
3559.33,-95.152
3559.57,-95.914
3559.81,-96.076
3560.06,-96.281
3560.30,-98.194
3560.55,-98.472
3560.79,-96.606
3561.04,-98.834
3561.28,-98.088
3561.52,-97.856
3561.77,-96.994
3562.01,-95.564
3562.26,-97.022
3562.50,-97.354
3562.74,-96.610
3562.99,-97.755
3563.23,-96.997
3563.48,-94.102
3563.72,-95.431
3563.96,-96.793
3564.21,-97.143
3564.45,-95.410
3564.70,-96.519
3564.94,-97.526
3565.19,-96.577
3565.43,-98.855
3565.67,-99.337
3565.92,-97.343
3566.16,-96.556
3566.41,-96.731
3566.65,-95.761
3566.89,-97.900
3567.14,-95.922
3567.38,-97.684
3567.63,-96.090
3567.87,-97.184
3568.12,-98.283
3568.36,-98.625
3568.60,-97.720
3568.85,-97.055
3569.09,-98.864
3569.34,-98.410
3569.58,-99.226
3569.82,-100.057
3570.07,-97.493
3570.31,-98.762
3570.56,-96.303
3570.80,-96.716
3571.04,-96.516
3571.29,-97.582
3571.53,-98.316
3571.78,-97.318
3572.02,-98.015
3572.27,-98.458
3572.51,-98.166
3572.75,-99.792
3573.00,-99.931
3573.24,-100.196
3573.49,-98.620
3573.73,-98.376
3573.97,-96.353
3574.22,-98.440
3574.46,-98.147
3574.71,-99.816
3574.95,-98.902
3575.20,-100.225
3575.44,-97.993
3575.68,-98.691
3575.93,-98.068
3576.17,-98.296
3576.42,-98.196
3576.66,-98.234
3576.90,-98.812
3577.15,-99.679
3577.39,-99.894
3577.64,-99.644
3577.88,-98.096
3578.12,-99.833
3578.37,-97.704
3578.61,-99.047
3578.86,-99.509
3579.10,-98.857
3579.35,-100.453
3579.59,-98.425
3579.83,-99.168
3580.08,-99.079
3580.32,-98.315
3580.57,-99.130
3580.81,-98.863
3581.05,-100.909
3581.30,-98.956
3581.54,-99.766
3581.79,-99.821
3582.03,-99.230
3582.28,-98.773
3582.52,-99.306
3582.76,-99.299
3583.01,-98.048
3583.25,-97.941
3583.50,-99.764
3583.74,-99.311
3583.98,-99.940
3584.23,-100.341
3584.47,-100.947
3584.72,-99.497
3584.96,-100.067
3585.21,-98.264
3585.45,-101.719
3585.69,-101.883
3585.94,-100.957
3586.18,-99.720
3586.43,-98.649
3586.67,-99.317
3586.91,-99.625
3587.16,-99.466
3587.40,-99.775
3587.65,-101.254
3587.89,-99.577
3588.13,-100.351
3588.38,-100.938
3588.62,-100.285
3588.87,-100.947
3589.11,-99.264
3589.36,-100.536
3589.60,-99.866
3589.84,-100.514
3590.09,-100.977
3590.33,-101.286
3590.58,-99.338
3590.82,-99.536
3591.06,-100.828
3591.31,-100.939
3591.55,-100.593
3591.80,-98.824
3592.04,-100.019
3592.29,-100.303
3592.53,-101.597
3592.77,-102.054
3593.02,-99.154
3593.26,-100.589
3593.51,-101.781
3593.75,-101.751
3593.99,-102.164
3594.24,-99.825
3594.48,-99.928
3594.73,-100.651
3594.97,-102.540
3595.21,-101.806
3595.46,-100.406
3595.70,-100.212
3595.95,-101.349
3596.19,-102.083
3596.44,-98.567
3596.68,-101.235
3596.92,-100.221
3597.17,-99.479
3597.41,-101.812
3597.66,-102.456
3597.90,-101.550
3598.14,-102.426
3598.39,-100.312
3598.63,-100.151
3598.88,-100.799
3599.12,-99.183
3599.37,-100.418
3599.61,-100.085
3599.85,-101.871
3600.10,-100.194
3600.34,-100.746
3600.59,-101.087
3600.83,-100.428
3601.07,-102.905
3601.32,-100.250
3601.56,-100.303
3601.81,-101.174
3602.05,-102.889
3602.29,-101.397
3602.54,-101.932
3602.78,-102.126
3603.03,-101.221
3603.27,-101.463
3603.52,-102.435
3603.76,-101.902
3604.00,-102.711
3604.25,-102.068
3604.49,-102.024
3604.74,-100.848
3604.98,-101.447
3605.22,-101.217
3605.47,-100.960
3605.71,-103.697
3605.96,-102.666
3606.20,-101.024
3606.45,-101.677
3606.69,-102.284
3606.93,-101.801
3607.18,-102.209
3607.42,-100.592
3607.67,-101.263
3607.91,-101.876
3608.15,-102.485
3608.40,-102.226
3608.64,-103.005
3608.89,-101.964
3609.13,-101.809
3609.38,-103.241
3609.62,-101.239
3609.86,-101.033
3610.11,-101.439
3610.35,-101.208
3610.60,-101.949
3610.84,-101.207
3611.08,-101.666
3611.33,-101.993
3611.57,-101.877
3611.82,-101.189
3612.06,-102.289
3612.30,-100.693
3612.55,-102.795
3612.79,-101.903
3613.04,-101.872
3613.28,-102.504
3613.53,-102.819
3613.77,-101.105
3614.01,-103.574
3614.26,-103.177
3614.50,-100.568
3614.75,-102.508
3614.99,-102.113
3615.23,-102.772
3615.48,-102.369
3615.72,-101.801
3615.97,-100.656
3616.21,-103.618
3616.46,-103.617
3616.70,-101.163
3616.94,-102.233
3617.19,-103.149
3617.43,-102.796
3617.68,-102.721
3617.92,-101.624
3618.16,-102.695
3618.41,-102.121
3618.65,-101.920
3618.90,-103.532
3619.14,-103.759
3619.38,-102.222
3619.63,-103.630
3619.87,-103.366
3620.12,-102.579
3620.36,-104.812
3620.61,-103.128
3620.85,-102.048
3621.09,-102.172
3621.34,-101.528
3621.58,-102.255
3621.83,-102.539
3622.07,-102.947
3622.31,-103.924
3622.56,-103.874
3622.80,-103.238
3623.05,-103.191
3623.29,-103.661
3623.54,-103.038
3623.78,-103.312
3624.02,-102.173
3624.27,-102.588
3624.51,-104.167
3624.76,-103.803
3625.00,-103.331
3625.24,-102.700
3625.49,-103.029
3625.73,-103.221
3625.98,-101.973
3626.22,-104.408
3626.46,-103.311
3626.71,-104.561
3626.95,-104.036
3627.20,-103.428
3627.44,-103.853
3627.69,-103.772
3627.93,-103.406
3628.17,-103.159
3628.42,-102.353
3628.66,-103.143
3628.91,-104.179
3629.15,-102.969
3629.39,-102.955
3629.64,-103.980
3629.88,-103.736
3630.13,-103.685
3630.37,-103.544
3630.62,-104.181
3630.86,-103.370
3631.10,-103.379
3631.35,-102.948
3631.59,-103.280
3631.84,-102.918
3632.08,-103.853
3632.32,-103.747
3632.57,-104.527
3632.81,-104.575
3633.06,-104.077
3633.30,-103.679
3633.54,-102.914
3633.79,-102.850
3634.03,-103.697
3634.28,-103.709
3634.52,-103.505
3634.77,-103.244
3635.01,-102.531
3635.25,-104.400
3635.50,-103.508
3635.74,-104.166
3635.99,-103.514
3636.23,-104.307
3636.47,-104.285
3636.72,-103.710
3636.96,-103.826
3637.21,-104.072
3637.45,-103.709
3637.70,-103.576
3637.94,-103.472
3638.18,-104.156
3638.43,-105.355
3638.67,-104.793
3638.92,-104.411
3639.16,-103.955
3639.40,-103.292
3639.65,-103.028
3639.89,-103.715
3640.14,-104.071
3640.38,-103.840
3640.62,-103.837
3640.87,-104.627
3641.11,-104.754
3641.36,-104.670
3641.60,-105.047
3641.85,-104.186
3642.09,-104.623
3642.33,-103.248
3642.58,-103.242
3642.82,-103.530
3643.07,-104.569
3643.31,-104.051
3643.55,-103.917
3643.80,-104.033
3644.04,-105.029
3644.29,-104.116
3644.53,-103.800
3644.78,-103.844
3645.02,-103.432
3645.26,-105.408
3645.51,-103.659
3645.75,-104.146
3646.00,-104.563
3646.24,-104.980
3646.48,-104.902
3646.73,-105.198
3646.97,-103.356
3647.22,-104.473
3647.46,-104.497
3647.71,-104.112
3647.95,-103.834
3648.19,-104.454
3648.44,-104.550
3648.68,-104.673
3648.93,-104.540
3649.17,-104.879
3649.41,-104.111
3649.66,-104.529
3649.90,-103.635
3650.15,-104.271
3650.39,-104.425
3650.63,-103.800
3650.88,-104.010
3651.12,-105.242
3651.37,-106.111
3651.61,-104.592
3651.86,-105.079
3652.10,-104.973
3652.34,-104.795
3652.59,-104.668
3652.83,-104.478
3653.08,-103.949
3653.32,-104.946
3653.56,-105.535
3653.81,-104.341
3654.05,-105.520
3654.30,-104.522
3654.54,-104.923
3654.79,-105.104
3655.03,-105.779
3655.27,-105.594
3655.52,-104.728
3655.76,-104.153
3656.01,-103.794
3656.25,-104.962
3656.49,-104.673
3656.74,-105.250
3656.98,-104.760
3657.23,-105.239
3657.47,-104.800
3657.71,-105.509
3657.96,-104.353
3658.20,-104.663
3658.45,-105.058
3658.69,-104.633
3658.94,-105.588
3659.18,-104.382
3659.42,-104.937
3659.67,-105.087
3659.91,-105.199
3660.16,-105.156
3660.40,-104.963
3660.64,-106.320
3660.89,-104.052
3661.13,-104.599
3661.38,-105.585
3661.62,-104.718
3661.87,-104.721
3662.11,-105.054
3662.35,-105.698
3662.60,-105.395
3662.84,-104.932
3663.09,-104.916
3663.33,-104.762
3663.57,-105.031
3663.82,-104.473
3664.06,-105.047
3664.31,-104.749
3664.55,-104.020
3664.79,-105.277
3665.04,-105.135
3665.28,-105.145
3665.53,-105.064
3665.77,-105.012
3666.02,-104.923
3666.26,-105.177
3666.50,-105.213
3666.75,-105.463
3666.99,-105.858
3667.24,-105.991
3667.48,-104.766
3667.72,-105.142
3667.97,-105.275
3668.21,-105.055
3668.46,-105.683
3668.70,-104.918
3668.95,-105.612
3669.19,-105.284
3669.43,-105.478
3669.68,-105.587
3669.92,-104.524
3670.17,-105.368
3670.41,-104.782
3670.65,-105.294
3670.90,-105.333
3671.14,-105.126
3671.39,-105.472
3671.63,-105.224
3671.88,-105.737
3672.12,-105.301
3672.36,-105.208
3672.61,-105.640
3672.85,-105.567
3673.10,-105.537
3673.34,-105.435
3673.58,-105.075
3673.83,-104.953
3674.07,-105.710
3674.32,-105.616
3674.56,-105.137
3674.80,-105.110
3675.05,-105.101
3675.29,-105.355
3675.54,-105.365
3675.78,-105.164
3676.03,-104.991
3676.27,-105.915
3676.51,-105.730
3676.76,-105.079
3677.00,-105.450
3677.25,-106.173
3677.49,-105.192
3677.73,-105.830
3677.98,-105.378
3678.22,-105.563
3678.47,-104.968
3678.71,-105.365
3678.96,-105.709
3679.20,-105.357
3679.44,-105.189
3679.69,-104.790
3679.93,-105.312
3680.18,-105.154
3680.42,-105.416
3680.66,-105.511
3680.91,-105.414
3681.15,-105.368
3681.40,-105.132
3681.64,-105.148
3681.88,-105.607
3682.13,-105.386
3682.37,-106.076
3682.62,-105.447
3682.86,-105.117
3683.11,-105.136
3683.35,-106.416
3683.59,-106.094
3683.84,-105.527
3684.08,-105.740
3684.33,-105.442
3684.57,-105.538
3684.81,-105.654
3685.06,-105.867
3685.30,-105.898
3685.55,-105.436
3685.79,-105.510
3686.04,-106.931
3686.28,-105.302
3686.52,-105.568
3686.77,-105.706
3687.01,-106.156
3687.26,-105.623
3687.50,-105.840
3687.74,-105.993
3687.99,-105.456
3688.23,-105.089
3688.48,-105.515
3688.72,-105.920
3688.96,-105.621
3689.21,-105.320
3689.45,-105.787
3689.70,-105.592
3689.94,-105.940
3690.19,-105.524
3690.43,-105.411
3690.67,-105.461
3690.92,-105.217
3691.16,-106.355
3691.41,-105.757
3691.65,-105.065
3691.89,-106.119
3692.14,-105.366
3692.38,-105.524
3692.63,-105.742
3692.87,-105.572
3693.12,-105.603
3693.36,-105.310
3693.60,-105.765
3693.85,-105.468
3694.09,-105.963
3694.34,-105.613
3694.58,-105.578
3694.82,-105.772
3695.07,-105.678
3695.31,-106.158
3695.56,-105.962
3695.80,-106.081
3696.04,-105.473
3696.29,-105.464
3696.53,-105.942
3696.78,-105.280
3697.02,-105.778
3697.27,-105.646
3697.51,-105.847
3697.75,-105.736
3698.00,-105.816
3698.24,-105.870
3698.49,-106.261
3698.73,-106.307
3698.97,-105.715
3699.22,-106.084
3699.46,-105.858
3699.71,-106.015
3699.95,-105.895
3700.20,-105.785
3700.44,-106.073
3700.68,-105.987
3700.93,-105.685
3701.17,-105.701
3701.42,-105.790
3701.66,-106.356
3701.90,-105.582
3702.15,-106.100
3702.39,-105.573
3702.64,-106.015
3702.88,-105.458
3703.12,-106.133
3703.37,-105.942
3703.61,-106.121
3703.86,-105.669
3704.10,-105.954
3704.35,-105.723
3704.59,-106.115
3704.83,-106.236
3705.08,-105.945
3705.32,-105.832
3705.57,-105.789
3705.81,-105.730
3706.05,-105.971
3706.30,-105.815
3706.54,-106.103
3706.79,-105.628
3707.03,-105.968
3707.28,-106.141
3707.52,-106.069
3707.76,-106.262
3708.01,-105.771
3708.25,-106.157
3708.50,-106.027
3708.74,-105.815
3708.98,-106.207
3709.23,-106.086
3709.47,-105.911
3709.72,-106.093
3709.96,-105.700
3710.21,-105.930
3710.45,-105.583
3710.69,-106.321
3710.94,-106.238
3711.18,-105.623
3711.43,-105.801
3711.67,-106.626
3711.91,-106.381
3712.16,-106.171
3712.40,-106.298
3712.65,-106.169
3712.89,-106.070
3713.13,-106.051
3713.38,-106.381
3713.62,-106.048
3713.87,-106.144
3714.11,-106.133
3714.36,-106.170
3714.60,-106.230
3714.84,-106.227
3715.09,-106.024
3715.33,-105.922
3715.58,-106.080
3715.82,-106.126
3716.06,-106.380
3716.31,-105.953
3716.55,-105.985
3716.80,-106.066
3717.04,-105.952
3717.29,-106.224
3717.53,-105.865
3717.77,-105.974
3718.02,-106.013
3718.26,-106.413
3718.51,-106.035
3718.75,-105.976
3718.99,-106.164
3719.24,-106.520
3719.48,-106.112
3719.73,-106.006
3719.97,-106.080
3720.21,-106.078
3720.46,-106.031
3720.70,-105.881
3720.95,-106.087
3721.19,-106.162
3721.44,-106.243
3721.68,-106.269
3721.92,-106.266
3722.17,-106.311
3722.41,-105.977
3722.66,-106.215
3722.90,-106.448
3723.14,-106.042
3723.39,-105.993
3723.63,-106.174
3723.88,-105.986
3724.12,-106.317
3724.37,-106.191
3724.61,-106.346
3724.85,-106.246
3725.10,-106.517
3725.34,-106.286
3725.59,-106.194
3725.83,-106.207
3726.07,-106.184
3726.32,-106.003
3726.56,-106.063
3726.81,-106.211
3727.05,-106.132
3727.29,-105.964
3727.54,-106.219
3727.78,-106.214
3728.03,-106.424
3728.27,-106.190
3728.52,-106.251
3728.76,-106.240
3729.00,-106.462
3729.25,-106.243
3729.49,-106.028
3729.74,-106.324
3729.98,-106.021
3730.22,-106.311
3730.47,-106.497
3730.71,-106.149
3730.96,-106.336
3731.20,-106.173
3731.45,-106.071
3731.69,-106.262
3731.93,-105.943
3732.18,-106.296
3732.42,-106.499
3732.67,-105.973
3732.91,-106.140
3733.15,-106.378
3733.40,-106.232
3733.64,-106.459
3733.89,-106.448
3734.13,-106.312
3734.38,-106.518
3734.62,-106.458
3734.86,-106.423
3735.11,-106.363
3735.35,-106.322
3735.60,-106.534
3735.84,-106.119
3736.08,-106.373
3736.33,-106.230
3736.57,-106.352
3736.82,-106.239
3737.06,-106.421
3737.30,-106.302
3737.55,-106.403
3737.79,-106.408
3738.04,-106.225
3738.28,-106.340
3738.53,-106.285
3738.77,-106.206
3739.01,-106.358
3739.26,-106.319
3739.50,-106.400
3739.75,-106.237
3739.99,-106.313
3740.23,-106.215
3740.48,-106.318
3740.72,-106.217
3740.97,-106.333
3741.21,-106.419
3741.46,-106.399
3741.70,-106.184
3741.94,-106.289
3742.19,-106.381
3742.43,-106.239
3742.68,-106.526
3742.92,-106.271
3743.16,-106.333
3743.41,-106.416
3743.65,-106.402
3743.90,-106.281
3744.14,-106.481
3744.38,-106.320
3744.63,-106.306
3744.87,-106.437
3745.12,-106.287
3745.36,-106.570
3745.61,-106.373
3745.85,-106.346
3746.09,-106.469
3746.34,-106.403
3746.58,-106.472
3746.83,-106.278
3747.07,-106.315
3747.31,-106.380
3747.56,-106.474
3747.80,-106.311
3748.05,-106.447
3748.29,-106.403
3748.54,-106.425
3748.78,-106.385
3749.02,-106.347
3749.27,-106.488
3749.51,-106.250
3749.76,-106.486
3750.00,-106.434
3750.24,-106.369
3750.49,-106.387
3750.73,-106.385
3750.98,-106.368
3751.22,-106.433
3751.46,-106.412
3751.71,-106.370
3751.95,-106.514
3752.20,-106.411
3752.44,-106.308
3752.69,-106.439
3752.93,-106.561
3753.17,-106.515
3753.42,-106.465
3753.66,-106.487
3753.91,-106.608
3754.15,-106.503
3754.39,-106.250
3754.64,-106.549
3754.88,-106.533
3755.13,-106.526
3755.37,-106.299
3755.62,-106.388
3755.86,-106.488
3756.10,-106.377
3756.35,-106.463
3756.59,-106.465
3756.84,-106.369
3757.08,-106.523
3757.32,-106.413
3757.57,-106.465
3757.81,-106.561
3758.06,-106.536
3758.30,-106.532
3758.54,-106.445
3758.79,-106.415
3759.03,-106.464
3759.28,-106.384
3759.52,-106.608
3759.77,-106.609
3760.01,-106.595
3760.25,-106.510
3760.50,-106.500
3760.74,-106.489
3760.99,-106.383
3761.23,-106.601
3761.47,-106.510
3761.72,-106.514
3761.96,-106.547
3762.21,-106.443
3762.45,-106.580
3762.70,-106.629
3762.94,-106.544
3763.18,-106.555
3763.43,-106.532
3763.67,-106.528
3763.92,-106.607
3764.16,-106.446
3764.40,-106.598
3764.65,-106.464
3764.89,-106.467
3765.14,-106.586
3765.38,-106.574
3765.62,-106.534
3765.87,-106.462
3766.11,-106.563
3766.36,-106.567
3766.60,-106.490
3766.85,-106.557
3767.09,-106.622
3767.33,-106.574
3767.58,-106.484
3767.82,-106.532
3768.07,-106.627
3768.31,-106.706
3768.55,-106.522
3768.80,-106.606
3769.04,-106.438
3769.29,-106.607
3769.53,-106.568
3769.78,-106.621
3770.02,-106.557
3770.26,-106.611
3770.51,-106.561
3770.75,-106.475
3771.00,-106.531
3771.24,-106.590
3771.48,-106.614
3771.73,-106.505
3771.97,-106.599
3772.22,-106.575
3772.46,-106.673
3772.71,-106.671
3772.95,-106.516
3773.19,-106.599
3773.44,-106.631
3773.68,-106.571
3773.93,-106.684
3774.17,-106.518
3774.41,-106.652
3774.66,-106.641
3774.90,-106.620
3775.15,-106.581
3775.39,-106.582
3775.63,-106.568
3775.88,-106.546
3776.12,-106.623
3776.37,-106.648
3776.61,-106.613
3776.86,-106.595
3777.10,-106.709
3777.34,-106.577
3777.59,-106.580
3777.83,-106.634
3778.08,-106.556
3778.32,-106.735
3778.56,-106.575
3778.81,-106.691
3779.05,-106.641
3779.30,-106.688
3779.54,-106.611
3779.79,-106.685
3780.03,-106.624
3780.27,-106.607
3780.52,-106.607
3780.76,-106.564
3781.01,-106.696
3781.25,-106.657
3781.49,-106.665
3781.74,-106.616
3781.98,-106.678
3782.23,-106.643
3782.47,-106.670
3782.71,-106.611
3782.96,-106.677
3783.20,-106.687
3783.45,-106.704
3783.69,-106.693
3783.94,-106.565
3784.18,-106.701
3784.42,-106.719
3784.67,-106.684
3784.91,-106.642
3785.16,-106.661
3785.40,-106.677
3785.64,-106.632
3785.89,-106.684
3786.13,-106.609
3786.38,-106.635
3786.62,-106.569
3786.87,-106.750
3787.11,-106.693
3787.35,-106.640
3787.60,-106.717
3787.84,-106.689
3788.09,-106.681
3788.33,-106.650
3788.57,-106.652
3788.82,-106.720
3789.06,-106.680
3789.31,-106.693
3789.55,-106.708
3789.79,-106.750
3790.04,-106.762
3790.28,-106.618
3790.53,-106.742
3790.77,-106.724
3791.02,-106.811
3791.26,-106.725
3791.50,-106.744
3791.75,-106.697
3791.99,-106.745
3792.24,-106.758
3792.48,-106.753
3792.72,-106.745
3792.97,-106.737
3793.21,-106.780
3793.46,-106.719
3793.70,-106.710
3793.95,-106.724
3794.19,-106.726
3794.43,-106.688
3794.68,-106.762
3794.92,-106.728
3795.17,-106.736
3795.41,-106.751
3795.65,-106.678
3795.90,-106.687
3796.14,-106.738
3796.39,-106.757
3796.63,-106.823
3796.88,-106.766
3797.12,-106.799
3797.36,-106.825
3797.61,-106.770
3797.85,-106.702
3798.10,-106.756
3798.34,-106.754
3798.58,-106.754
3798.83,-106.788
3799.07,-106.726
3799.32,-106.717
3799.56,-106.788
3799.80,-106.754
3800.05,-106.753
3800.29,-106.823
3800.54,-106.744
3800.78,-106.731
3801.03,-106.743
3801.27,-106.734
3801.51,-106.746
3801.76,-106.767
3802.00,-106.784
3802.25,-106.729
3802.49,-106.811
3802.73,-106.782
3802.98,-106.816
3803.22,-106.854
3803.47,-106.728
3803.71,-106.775
3803.96,-106.783
3804.20,-106.753
3804.44,-106.789
3804.69,-106.840
3804.93,-106.804
3805.18,-106.734
3805.42,-106.822
3805.66,-106.778
3805.91,-106.843
3806.15,-106.835
3806.40,-106.753
3806.64,-106.817
3806.88,-106.812
3807.13,-106.810
3807.37,-106.818
3807.62,-106.794
3807.86,-106.804
3808.11,-106.962
3808.35,-106.802
3808.59,-106.799
3808.84,-106.812
3809.08,-106.787
3809.33,-106.842
3809.57,-106.880
3809.81,-106.836
3810.06,-106.850
3810.30,-106.876
3810.55,-106.859
3810.79,-106.879
3811.04,-106.793
3811.28,-106.787
3811.52,-106.851
3811.77,-106.850
3812.01,-106.824
3812.26,-106.830
3812.50,-106.814
3812.74,-106.800
3812.99,-106.872
3813.23,-106.857
3813.48,-106.861
3813.72,-106.834
3813.96,-106.805
3814.21,-106.840
3814.45,-106.827
3814.70,-106.846
3814.94,-106.828
3815.19,-106.887
3815.43,-106.864
3815.67,-106.867
3815.92,-106.876
3816.16,-106.837
3816.41,-106.877
3816.65,-106.814
3816.89,-106.824
3817.14,-106.861
3817.38,-106.880
3817.63,-106.841
3817.87,-106.857
3818.12,-106.868
3818.36,-106.860
3818.60,-106.889
3818.85,-106.860
3819.09,-106.848
3819.34,-106.846
3819.58,-106.852
3819.82,-106.902
3820.07,-106.906
3820.31,-106.865
3820.56,-106.881
3820.80,-106.885
3821.04,-106.869
3821.29,-106.884
3821.53,-106.914
3821.78,-106.886
3822.02,-106.876
3822.27,-106.880
3822.51,-106.876
3822.75,-106.863
3823.00,-106.858
3823.24,-106.902
3823.49,-106.890
3823.73,-106.882
3823.97,-106.891
3824.22,-106.908
3824.46,-106.926
3824.71,-106.889
3824.95,-106.925
3825.20,-106.889
3825.44,-106.916
3825.68,-106.913
3825.93,-106.913
3826.17,-106.877
3826.42,-106.889
3826.66,-106.900
3826.90,-106.915
3827.15,-106.914
3827.39,-106.938
3827.64,-106.885
3827.88,-106.911
3828.12,-106.913
3828.37,-106.900
3828.61,-106.906
3828.86,-106.936
3829.10,-106.932
3829.35,-106.928
3829.59,-106.933
3829.83,-106.904
3830.08,-106.906
3830.32,-106.902
3830.57,-106.918
3830.81,-106.935
3831.05,-106.918
3831.30,-106.937
3831.54,-106.955
3831.79,-106.921
3832.03,-106.933
3832.28,-106.937
3832.52,-106.948
3832.76,-106.924
3833.01,-106.948
3833.25,-106.946
3833.50,-106.952
3833.74,-106.917
3833.98,-106.939
3834.23,-106.926
3834.47,-106.912
3834.72,-106.967
3834.96,-106.971
3835.21,-106.942
3835.45,-106.930
3835.69,-106.959
3835.94,-106.962
3836.18,-106.945
3836.43,-106.975
3836.67,-106.969
3836.91,-106.969
3837.16,-106.938
3837.40,-106.979
3837.65,-106.957
3837.89,-106.961
3838.13,-106.950
3838.38,-106.974
3838.62,-106.993
3838.87,-106.958
3839.11,-106.974
3839.36,-106.967
3839.60,-106.960
3839.84,-106.984
3840.09,-106.982
3840.33,-106.964
3840.58,-106.970
3840.82,-106.972
3841.06,-106.981
3841.31,-106.961
3841.55,-106.968
3841.80,-106.959
3842.04,-106.984
3842.29,-106.976
3842.53,-106.976
3842.77,-106.970
3843.02,-106.971
3843.26,-107.014
3843.51,-106.987
3843.75,-106.975
3843.99,-106.979
3844.24,-106.977
3844.48,-106.974
3844.73,-106.982
3844.97,-106.977
3845.21,-106.996
3845.46,-106.989
3845.70,-106.974
3845.95,-107.002
3846.19,-107.002
3846.44,-106.996
3846.68,-106.987
3846.92,-107.000
3847.17,-106.988
3847.41,-106.989
3847.66,-107.001
3847.90,-106.992
3848.14,-107.010
3848.39,-106.987
3848.63,-107.002
3848.88,-106.998
3849.12,-107.014
3849.37,-107.006
3849.61,-107.012
3849.85,-107.017
3850.10,-107.021
3850.34,-107.011
3850.59,-107.020
3850.83,-107.009
3851.07,-106.995
3851.32,-107.041
3851.56,-107.015
3851.81,-107.009
3852.05,-107.023
3852.29,-107.020
3852.54,-107.024
3852.78,-107.023
3853.03,-107.029
3853.27,-107.020
3853.52,-107.024
3853.76,-107.027
3854.00,-107.031
3854.25,-107.030
3854.49,-107.037
3854.74,-107.034
3854.98,-107.028
3855.22,-107.034
3855.47,-107.038
3855.71,-107.040
3855.96,-107.044
3856.20,-107.036
3856.45,-107.037
3856.69,-107.035
3856.93,-107.035
3857.18,-107.041
3857.42,-107.044
3857.67,-107.053
3857.91,-107.046
3858.15,-107.042
3858.40,-107.039
3858.64,-107.050
3858.89,-107.049
3859.13,-107.047
3859.38,-107.045
3859.62,-107.053
3859.86,-107.048
3860.11,-107.052
3860.35,-107.056
3860.60,-107.059
3860.84,-107.055
3861.08,-107.048
3861.33,-107.049
3861.57,-107.061
3861.82,-107.053
3862.06,-107.057
3862.30,-107.055
3862.55,-107.062
3862.79,-107.060
3863.04,-107.056
3863.28,-107.063
3863.53,-107.060
3863.77,-107.060
3864.01,-107.071
3864.26,-107.068
3864.50,-107.070
3864.75,-107.076
3864.99,-107.072
3865.23,-107.069
3865.48,-107.064
3865.72,-107.075
3865.97,-107.072
3866.21,-107.072
3866.46,-107.073
3866.70,-107.076
3866.94,-107.074
3867.19,-107.080
3867.43,-107.077
3867.68,-107.082
3867.92,-107.080
3868.16,-107.078
3868.41,-107.080
3868.65,-107.082
3868.90,-107.084
3869.14,-107.080
3869.38,-107.082
3869.63,-107.089
3869.87,-107.092
3870.12,-107.084
3870.36,-107.085
3870.61,-107.091
3870.85,-107.086
3871.09,-107.089
3871.34,-107.093
3871.58,-107.092
3871.83,-107.091
3872.07,-107.095
3872.31,-107.091
3872.56,-107.095
3872.80,-107.095
3873.05,-107.098
3873.29,-107.096
3873.54,-107.097
3873.78,-107.103
3874.02,-107.097
3874.27,-107.097
3874.51,-107.105
3874.76,-107.104
3875.00,-107.103
3875.24,-107.106
3875.49,-107.105
3875.73,-107.102
3875.98,-107.103
3876.22,-107.107
3876.46,-107.109
3876.71,-107.108
3876.95,-107.108
3877.20,-107.110
3877.44,-107.108
3877.69,-107.112
3877.93,-107.113
3878.17,-107.113
3878.42,-107.114
3878.66,-107.116
3878.91,-107.116
3879.15,-107.114
3879.39,-107.117
3879.64,-107.118
3879.88,-107.117
3880.13,-107.122
3880.37,-107.121
3880.62,-107.122
3880.86,-107.122
3881.10,-107.123
3881.35,-107.122
3881.59,-107.126
3881.84,-107.129
3882.08,-107.124
3882.32,-107.127
3882.57,-107.126
3882.81,-107.131
3883.06,-107.132
3883.30,-107.131
3883.54,-107.129
3883.79,-107.133
3884.03,-107.132
3884.28,-107.132
3884.52,-107.135
3884.77,-107.135
3885.01,-107.135
3885.25,-107.133
3885.50,-107.137
3885.74,-107.135
3885.99,-107.137
3886.23,-107.144
3886.47,-107.139
3886.72,-107.141
3886.96,-107.141
3887.21,-107.141
3887.45,-107.143
3887.70,-107.143
3887.94,-107.144
3888.18,-107.148
3888.43,-107.144
3888.67,-107.147
3888.92,-107.149
3889.16,-107.149
3889.40,-107.147
3889.65,-107.148
3889.89,-107.149
3890.14,-107.150
3890.38,-107.151
3890.62,-107.151
3890.87,-107.153
3891.11,-107.154
3891.36,-107.152
3891.60,-107.154
3891.85,-107.155
3892.09,-107.157
3892.33,-107.156
3892.58,-107.158
3892.82,-107.159
3893.07,-107.159
3893.31,-107.160
3893.55,-107.160
3893.80,-107.160
3894.04,-107.161
3894.29,-107.164
3894.53,-107.166
3894.78,-107.164
3895.02,-107.167
3895.26,-107.166
3895.51,-107.167
3895.75,-107.167
3896.00,-107.168
3896.24,-107.169
3896.48,-107.168
3896.73,-107.167
3896.97,-107.171
3897.22,-107.172
3897.46,-107.171
3897.71,-107.172
3897.95,-107.173
3898.19,-107.174
3898.44,-107.176
3898.68,-107.174
3898.93,-107.176
3899.17,-107.175
3899.41,-107.178
3899.66,-107.177
3899.90,-107.177
3900.15,-107.178
3900.39,-107.180
3900.63,-107.180
3900.88,-107.178
3901.12,-107.181
3901.37,-107.183
3901.61,-107.183
3901.86,-107.183
3902.10,-107.183
3902.34,-107.183
3902.59,-107.184
3902.83,-107.186
3903.08,-107.186
3903.32,-107.186
3903.56,-107.188
3903.81,-107.189
3904.05,-107.190
3904.30,-107.189
3904.54,-107.191
3904.79,-107.192
3905.03,-107.190
3905.27,-107.191
3905.52,-107.193
3905.76,-107.192
3906.01,-107.194
3906.25,-107.195
3906.49,-107.195
3906.74,-107.195
3906.98,-107.195
3907.23,-107.196
3907.47,-107.197
3907.71,-107.198
3907.96,-107.198
3908.20,-107.198
3908.45,-107.200
3908.69,-107.200
3908.94,-107.199
3909.18,-107.201
3909.42,-107.203
3909.67,-107.201
3909.91,-107.202
3910.16,-107.204
3910.40,-107.203
3910.64,-107.204
3910.89,-107.206
3911.13,-107.204
3911.38,-107.205
3911.62,-107.207
3911.87,-107.208
3912.11,-107.209
3912.35,-107.210
3912.60,-107.209
3912.84,-107.209
3913.09,-107.210
3913.33,-107.211
3913.57,-107.211
3913.82,-107.213
3914.06,-107.212
3914.31,-107.213
3914.55,-107.213
3914.79,-107.214
3915.04,-107.215
3915.28,-107.215
3915.53,-107.217
3915.77,-107.216
3916.02,-107.217
3916.26,-107.218
3916.50,-107.220
3916.75,-107.218
3916.99,-107.219
3917.24,-107.220
3917.48,-107.222
3917.72,-107.221
3917.97,-107.221
3918.21,-107.223
3918.46,-107.221
3918.70,-107.222
3918.95,-107.224
3919.19,-107.223
3919.43,-107.224
3919.68,-107.224
3919.92,-107.224
3920.17,-107.226
3920.41,-107.226
3920.65,-107.228
3920.90,-107.227
3921.14,-107.227
3921.39,-107.229
3921.63,-107.228
3921.88,-107.229
3922.12,-107.230
3922.36,-107.230
3922.61,-107.230
3922.85,-107.230
3923.10,-107.231
3923.34,-107.231
3923.58,-107.233
3923.83,-107.234
3924.07,-107.233
3924.32,-107.234
3924.56,-107.234
3924.80,-107.234
3925.05,-107.236
3925.29,-107.237
3925.54,-107.236
3925.78,-107.236
3926.03,-107.237
3926.27,-107.238
3926.51,-107.238
3926.76,-107.239
3927.00,-107.238
3927.25,-107.240
3927.49,-107.240
3927.73,-107.240
3927.98,-107.242
3928.22,-107.242
3928.47,-107.242
3928.71,-107.242
3928.96,-107.243
3929.20,-107.244
3929.44,-107.243
3929.69,-107.244
3929.93,-107.245
3930.18,-107.245
3930.42,-107.246
3930.66,-107.246
3930.91,-107.246
3931.15,-107.247
3931.40,-107.247
3931.64,-107.248
3931.88,-107.248
3932.13,-107.249
3932.37,-107.249
3932.62,-107.249
3932.86,-107.250
3933.11,-107.251
3933.35,-107.251
3933.59,-107.251
3933.84,-107.252
3934.08,-107.252
3934.33,-107.253
3934.57,-107.253
3934.81,-107.253
3935.06,-107.255
3935.30,-107.254
3935.55,-107.254
3935.79,-107.255
3936.04,-107.255
3936.28,-107.256
3936.52,-107.256
3936.77,-107.257
3937.01,-107.257
3937.26,-107.258
3937.50,-107.258
3937.74,-107.259
3937.99,-107.258
3938.23,-107.258
3938.48,-107.259
3938.72,-107.259
3938.96,-107.260
3939.21,-107.261
3939.45,-107.261
3939.70,-107.261
3939.94,-107.262
3940.19,-107.262
3940.43,-107.263
3940.67,-107.263
3940.92,-107.263
3941.16,-107.264
3941.41,-107.264
3941.65,-107.265
3941.89,-107.264
3942.14,-107.265
3942.38,-107.265
3942.63,-107.266
3942.87,-107.266
3943.12,-107.266
3943.36,-107.267
3943.60,-107.267
3943.85,-107.267
3944.09,-107.268
3944.34,-107.269
3944.58,-107.269
3944.82,-107.269
3945.07,-107.269
3945.31,-107.270
3945.56,-107.270
3945.80,-107.270
3946.04,-107.271
3946.29,-107.271
3946.53,-107.271
3946.78,-107.272
3947.02,-107.272
3947.27,-107.272
3947.51,-107.273
3947.75,-107.273
3948.00,-107.273
3948.24,-107.274
3948.49,-107.274
3948.73,-107.274
3948.97,-107.275
3949.22,-107.275
3949.46,-107.276
3949.71,-107.276
3949.95,-107.276
3950.20,-107.276
3950.44,-107.277
3950.68,-107.277
3950.93,-107.277
3951.17,-107.277
3951.42,-107.278
3951.66,-107.279
3951.90,-107.278
3952.15,-107.279
3952.39,-107.279
3952.64,-107.279
3952.88,-107.280
3953.12,-107.280
3953.37,-107.280
3953.61,-107.281
3953.86,-107.281
3954.10,-107.281
3954.35,-107.282
3954.59,-107.282
3954.83,-107.282
3955.08,-107.283
3955.32,-107.283
3955.57,-107.283
3955.81,-107.283
3956.05,-107.283
3956.30,-107.284
3956.54,-107.284
3956.79,-107.284
3957.03,-107.285
3957.28,-107.285
3957.52,-107.285
3957.76,-107.285
3958.01,-107.285
3958.25,-107.286
3958.50,-107.286
3958.74,-107.286
3958.98,-107.287
3959.23,-107.287
3959.47,-107.287
3959.72,-107.287
3959.96,-107.287
3960.21,-107.288
3960.45,-107.288
3960.69,-107.289
3960.94,-107.289
3961.18,-107.289
3961.43,-107.289
3961.67,-107.289
3961.91,-107.290
3962.16,-107.289
3962.40,-107.290
3962.65,-107.291
3962.89,-107.291
3963.13,-107.291
3963.38,-107.291
3963.62,-107.291
3963.87,-107.292
3964.11,-107.292
3964.36,-107.292
3964.60,-107.293
3964.84,-107.292
3965.09,-107.293
3965.33,-107.293
3965.58,-107.293
3965.82,-107.293
3966.06,-107.293
3966.31,-107.294
3966.55,-107.294
3966.80,-107.294
3967.04,-107.294
3967.29,-107.294
3967.53,-107.295
3967.77,-107.295
3968.02,-107.295
3968.26,-107.295
3968.51,-107.296
3968.75,-107.296
3968.99,-107.296
3969.24,-107.296
3969.48,-107.296
3969.73,-107.296
3969.97,-107.297
3970.21,-107.297
3970.46,-107.297
3970.70,-107.297
3970.95,-107.297
3971.19,-107.298
3971.44,-107.298
3971.68,-107.298
3971.92,-107.298
3972.17,-107.298
3972.41,-107.298
3972.66,-107.299
3972.90,-107.299
3973.14,-107.299
3973.39,-107.299
3973.63,-107.300
3973.88,-107.299
3974.12,-107.300
3974.37,-107.300
3974.61,-107.300
3974.85,-107.300
3975.10,-107.300
3975.34,-107.300
3975.59,-107.301
3975.83,-107.301
3976.07,-107.301
3976.32,-107.301
3976.56,-107.301
3976.81,-107.301
3977.05,-107.302
3977.29,-107.302
3977.54,-107.302
3977.78,-107.302
3978.03,-107.302
3978.27,-107.302
3978.52,-107.302
3978.76,-107.303
3979.00,-107.303
3979.25,-107.303
3979.49,-107.303
3979.74,-107.303
3979.98,-107.303
3980.22,-107.303
3980.47,-107.304
3980.71,-107.304
3980.96,-107.304
3981.20,-107.304
3981.45,-107.304
3981.69,-107.304
3981.93,-107.304
3982.18,-107.304
3982.42,-107.304
3982.67,-107.305
3982.91,-107.305
3983.15,-107.305
3983.40,-107.305
3983.64,-107.305
3983.89,-107.305
3984.13,-107.305
3984.38,-107.305
3984.62,-107.305
3984.86,-107.305
3985.11,-107.305
3985.35,-107.306
3985.60,-107.306
3985.84,-107.306
3986.08,-107.306
3986.33,-107.306
3986.57,-107.306
3986.82,-107.306
3987.06,-107.306
3987.30,-107.306
3987.55,-107.306
3987.79,-107.306
3988.04,-107.307
3988.28,-107.307
3988.53,-107.307
3988.77,-107.307
3989.01,-107.307
3989.26,-107.307
3989.50,-107.307
3989.75,-107.307
3989.99,-107.307
3990.23,-107.307
3990.48,-107.307
3990.72,-107.307
3990.97,-107.307
3991.21,-107.307
3991.46,-107.307
3991.70,-107.308
3991.94,-107.308
3992.19,-107.308
3992.43,-107.308
3992.68,-107.308
3992.92,-107.308
3993.16,-107.308
3993.41,-107.308
3993.65,-107.308
3993.90,-107.308
3994.14,-107.308
3994.38,-107.308
3994.63,-107.308
3994.87,-107.308
3995.12,-107.308
3995.36,-107.308
3995.61,-107.308
3995.85,-107.308
3996.09,-107.308
3996.34,-107.308
3996.58,-107.308
3996.83,-107.308
3997.07,-107.308
3997.31,-107.308
3997.56,-107.308
3997.80,-107.308
3998.05,-107.308
3998.29,-107.309
3998.54,-107.308
3998.78,-107.309
3999.02,-107.309
3999.27,-107.308
3999.51,-107.308
3999.76,-107.308
4000.00,-110.091
