Frequency (Hz),FFT Magnitude (dB)
0.00,-120.000
0.67,-93.182
1.35,-93.189
2.02,-92.336
2.69,-92.077
3.36,-92.075
4.04,-89.950
4.71,-90.027
5.38,-85.687
6.06,-85.975
6.73,-87.162
7.40,-87.484
8.07,-87.910
8.75,-85.258
9.42,-83.643
10.09,-81.412
10.77,-80.874
11.44,-82.488
12.11,-82.108
12.79,-81.252
13.46,-79.515
14.13,-79.093
14.80,-76.399
15.48,-76.776
16.15,-74.790
16.82,-81.390
17.50,-80.407
18.17,-79.665
18.84,-78.244
19.51,-79.063
20.19,-80.135
20.86,-79.788
21.53,-81.484
22.21,-82.272
22.88,-81.504
23.55,-80.439
24.22,-79.169
24.90,-77.311
25.57,-77.019
26.24,-74.530
26.92,-74.630
27.59,-72.610
28.26,-69.310
28.94,-63.646
29.61,-65.985
30.28,-72.446
30.95,-71.092
31.63,-63.787
32.30,-69.717
32.97,-71.795
33.65,-68.453
34.32,-66.174
34.99,-64.060
35.66,-70.286
36.34,-71.529
37.01,-72.588
37.68,-74.079
38.36,-74.308
39.03,-74.237
39.70,-73.622
40.37,-75.404
41.05,-75.219
41.72,-74.217
42.39,-73.047
43.07,-69.394
43.74,-68.997
44.41,-71.128
45.09,-70.870
45.76,-73.751
46.43,-74.639
47.10,-74.174
47.78,-72.547
48.45,-73.194
49.12,-73.923
49.80,-72.934
50.47,-75.170
51.14,-73.518
51.81,-74.892
52.49,-72.330
53.16,-74.143
53.83,-74.119
54.51,-73.965
55.18,-74.446
55.85,-73.587
56.52,-73.896
57.20,-74.011
57.87,-70.371
58.54,-68.300
59.22,-69.236
59.89,-76.168
60.56,-76.448
61.24,-77.614
61.91,-76.879
62.58,-75.746
63.25,-72.330
63.93,-71.242
64.60,-73.812
65.27,-75.309
65.95,-75.419
66.62,-73.906
67.29,-73.906
67.96,-72.515
68.64,-72.646
69.31,-72.176
69.98,-73.575
70.66,-75.179
71.33,-76.182
72.00,-74.355
72.67,-75.049
73.35,-75.806
74.02,-77.789
74.69,-77.435
75.37,-75.553
76.04,-76.964
76.71,-76.204
77.38,-77.115
78.06,-77.678
78.73,-76.929
79.40,-75.154
80.08,-75.065
80.75,-73.756
81.42,-75.008
82.10,-74.571
82.77,-76.295
83.44,-79.387
84.11,-76.182
84.79,-76.570
85.46,-77.419
86.13,-75.490
86.81,-76.490
87.48,-75.417
88.15,-75.862
88.82,-69.980
89.50,-75.171
90.17,-74.599
90.84,-74.595
91.52,-74.551
92.19,-75.009
92.86,-74.062
93.53,-68.758
94.21,-74.458
94.88,-75.593
95.55,-76.146
96.23,-76.037
96.90,-75.559
97.57,-76.089
98.25,-75.287
98.92,-74.991
99.59,-77.273
100.26,-76.302
100.94,-76.200
101.61,-75.812
102.28,-73.797
102.96,-74.287
103.63,-73.985
104.30,-72.279
104.97,-72.418
105.65,-72.587
106.32,-70.757
106.99,-72.438
107.67,-72.686
108.34,-73.220
109.01,-73.036
109.68,-72.479
110.36,-71.791
111.03,-71.178
111.70,-71.799
112.38,-69.676
113.05,-66.500
113.72,-70.345
114.40,-70.653
115.07,-70.730
115.74,-70.512
116.41,-68.984
117.09,-69.103
117.76,-67.016
118.43,-63.931
119.11,-59.670
119.78,-47.552
120.45,-54.714
121.12,-62.115
121.80,-65.305
122.47,-63.880
123.14,-67.815
123.82,-70.266
124.49,-71.674
125.16,-73.680
125.83,-71.653
126.51,-71.487
127.18,-72.522
127.85,-65.619
128.53,-69.961
129.20,-69.301
129.87,-67.916
130.55,-66.285
131.22,-64.351
131.89,-60.223
132.56,-49.471
133.24,-52.516
133.91,-58.246
134.58,-64.122
135.26,-66.825
135.93,-69.080
136.60,-70.025
137.27,-71.087
137.95,-70.484
138.62,-70.177
139.29,-70.468
139.97,-70.023
140.64,-70.545
141.31,-69.740
141.98,-69.813
142.66,-71.203
143.33,-70.698
144.00,-72.400
144.68,-70.710
145.35,-70.359
146.02,-69.636
146.69,-67.529
147.37,-67.108
148.04,-65.352
148.71,-63.231
149.39,-66.846
150.06,-65.163
150.73,-65.371
151.41,-64.463
152.08,-65.611
152.75,-66.638
153.42,-64.979
154.10,-66.051
154.77,-66.251
155.44,-68.282
156.12,-69.224
156.79,-67.838
157.46,-68.922
158.13,-68.415
158.81,-68.698
159.48,-59.210
160.15,-68.970
160.83,-68.684
161.50,-69.079
162.17,-70.589
162.84,-69.891
163.52,-69.159
164.19,-68.796
164.86,-69.059
165.54,-68.599
166.21,-69.004
166.88,-68.712
167.56,-69.314
168.23,-70.366
168.90,-68.617
169.57,-69.959
170.25,-69.590
170.92,-69.407
171.59,-70.352
172.27,-70.689
172.94,-67.743
173.61,-71.069
174.28,-71.459
174.96,-73.680
175.63,-74.043
176.30,-75.145
176.98,-72.492
177.65,-71.099
178.32,-71.275
178.99,-71.228
179.67,-70.366
180.34,-70.690
181.01,-71.562
181.69,-73.025
182.36,-74.269
183.03,-73.179
183.71,-72.794
184.38,-71.617
185.05,-70.770
185.72,-70.335
186.40,-71.743
187.07,-69.711
187.74,-70.148
188.42,-71.417
189.09,-71.167
189.76,-70.348
190.43,-71.717
191.11,-71.021
191.78,-71.774
192.45,-72.001
193.13,-74.400
193.80,-74.600
194.47,-74.456
195.14,-74.538
195.82,-75.132
196.49,-73.455
197.16,-73.780
197.84,-74.952
198.51,-75.229
199.18,-74.761
199.86,-71.495
200.53,-76.066
201.20,-76.476
201.87,-75.922
202.55,-74.991
203.22,-75.601
203.89,-74.867
204.57,-74.072
205.24,-72.999
205.91,-73.880
206.58,-74.444
207.26,-72.579
207.93,-61.876
208.60,-74.202
209.28,-74.687
209.95,-75.010
210.62,-75.364
211.29,-74.972
211.97,-73.745
212.64,-74.415
213.31,-71.361
213.99,-75.318
214.66,-73.681
215.33,-74.580
216.00,-74.783
216.68,-76.275
217.35,-78.146
218.02,-77.934
218.70,-77.615
219.37,-77.032
220.04,-75.344
220.72,-75.761
221.39,-74.839
222.06,-74.249
222.73,-75.146
223.41,-75.470
224.08,-75.337
224.75,-74.807
225.43,-76.152
226.10,-73.015
226.77,-75.777
227.44,-77.678
228.12,-77.603
228.79,-76.774
229.46,-77.546
230.14,-75.766
230.81,-76.299
231.48,-74.074
232.15,-74.241
232.83,-74.951
233.50,-74.482
234.17,-76.317
234.85,-76.239
235.52,-76.289
236.19,-74.722
236.87,-73.040
237.54,-73.289
238.21,-70.902
238.88,-63.585
239.56,-63.863
240.23,-61.555
240.90,-69.439
241.58,-71.036
242.25,-73.281
242.92,-73.471
243.59,-73.667
244.27,-75.017
244.94,-75.923
245.61,-76.880
246.29,-77.653
246.96,-79.670
247.63,-77.619
248.30,-76.975
248.98,-76.575
249.65,-76.171
250.32,-75.547
251.00,-74.036
251.67,-73.212
252.34,-72.981
253.02,-70.063
253.69,-73.867
254.36,-75.438
255.03,-76.972
255.71,-77.004
256.38,-77.568
257.05,-77.081
257.73,-77.398
258.40,-78.131
259.07,-77.839
259.74,-80.283
260.42,-78.653
261.09,-79.052
261.76,-77.604
262.44,-78.647
263.11,-79.886
263.78,-80.593
264.45,-80.544
265.13,-79.764
265.80,-74.705
266.47,-80.825
267.15,-71.343
267.82,-80.793
268.49,-79.298
269.17,-80.443
269.84,-81.571
270.51,-80.531
271.18,-79.750
271.86,-79.417
272.53,-80.423
273.20,-81.758
273.88,-82.333
274.55,-81.671
275.22,-81.681
275.89,-81.255
276.57,-82.956
277.24,-82.296
277.91,-81.894
278.59,-78.935
279.26,-72.151
279.93,-78.839
280.60,-79.608
281.28,-81.516
281.95,-79.821
282.62,-81.780
283.30,-81.127
283.97,-83.479
284.64,-83.997
285.31,-82.231
285.99,-83.308
286.66,-81.976
287.33,-83.905
288.01,-83.131
288.68,-83.748
289.35,-82.412
290.03,-83.068
290.70,-82.008
291.37,-82.496
292.04,-81.589
292.72,-81.972
293.39,-80.420
294.06,-81.179
294.74,-81.374
295.41,-82.583
296.08,-80.506
296.75,-79.985
297.43,-82.705
298.10,-82.922
298.77,-82.513
299.45,-82.147
300.12,-82.062
300.79,-82.465
301.46,-80.738
302.14,-81.439
302.81,-81.946
303.48,-80.887
304.16,-81.575
304.83,-79.999
305.50,-80.744
306.18,-81.758
306.85,-81.396
307.52,-82.318
308.19,-82.551
308.87,-82.879
309.54,-82.251
310.21,-80.156
310.89,-81.689
311.56,-79.995
312.23,-82.801
312.90,-81.644
313.58,-84.709
314.25,-84.039
314.92,-84.691
315.60,-84.403
316.27,-84.249
316.94,-83.686
317.61,-83.042
318.29,-83.386
318.96,-83.651
319.63,-84.261
320.31,-84.427
320.98,-85.164
321.65,-83.237
322.33,-83.975
323.00,-84.894
323.67,-85.158
324.34,-84.567
325.02,-85.144
325.69,-84.489
326.36,-84.501
327.04,-84.127
327.71,-84.978
328.38,-85.119
329.05,-86.134
329.73,-83.546
330.40,-83.980
331.07,-82.875
331.75,-81.539
332.42,-82.811
333.09,-84.784
333.76,-85.090
334.44,-86.179
335.11,-85.960
335.78,-85.482
336.46,-87.038
337.13,-86.357
337.80,-84.828
338.48,-85.864
339.15,-85.908
339.82,-86.537
340.49,-86.962
341.17,-87.273
341.84,-87.187
342.51,-85.597
343.19,-85.009
343.86,-86.945
344.53,-86.806
345.20,-84.897
345.88,-85.574
346.55,-84.349
347.22,-85.357
347.90,-83.694
348.57,-83.595
349.24,-83.274
349.91,-84.507
350.59,-84.515
351.26,-84.729
351.93,-85.656
352.61,-85.139
353.28,-84.811
353.95,-85.051
354.62,-85.418
355.30,-84.153
355.97,-80.465
356.64,-80.985
357.32,-84.743
357.99,-83.330
358.66,-83.226
359.34,-82.621
360.01,-78.325
360.68,-80.443
361.35,-82.502
362.03,-84.330
362.70,-85.855
363.37,-85.129
364.05,-84.007
364.72,-83.648
365.39,-82.062
366.06,-81.429
366.74,-81.997
367.41,-82.557
368.08,-82.765
368.76,-81.856
369.43,-82.729
370.10,-82.615
370.77,-81.701
371.45,-80.794
372.12,-79.082
372.79,-81.262
373.47,-82.744
374.14,-82.965
374.81,-83.197
375.49,-85.139
376.16,-84.716
376.83,-84.907
377.50,-85.778
378.18,-86.243
378.85,-85.304
379.52,-84.269
380.20,-83.575
380.87,-83.646
381.54,-83.614
382.21,-82.339
382.89,-83.442
383.56,-82.412
384.23,-84.019
384.91,-84.370
385.58,-84.512
386.25,-85.820
386.92,-86.470
387.60,-86.441
388.27,-84.011
388.94,-85.687
389.62,-85.970
390.29,-87.228
390.96,-85.413
391.64,-84.968
392.31,-84.335
392.98,-83.140
393.65,-82.259
394.33,-82.304
395.00,-82.257
395.67,-82.278
396.35,-81.931
397.02,-81.185
397.69,-80.826
398.36,-71.400
399.04,-78.541
399.71,-82.613
400.38,-84.353
401.06,-83.904
401.73,-85.058
402.40,-85.691
403.07,-86.197
403.75,-86.035
404.42,-86.179
405.09,-85.398
405.77,-86.567
406.44,-87.156
407.11,-86.865
407.79,-86.704
408.46,-87.097
409.13,-86.350
409.80,-86.267
410.48,-85.749
411.15,-86.304
411.82,-85.859
412.50,-86.696
413.17,-86.469
413.84,-87.423
414.51,-84.623
415.19,-85.253
415.86,-84.918
416.53,-86.859
417.21,-86.658
417.88,-86.074
418.55,-86.814
419.22,-85.334
419.90,-82.832
420.57,-85.378
421.24,-84.567
421.92,-86.201
422.59,-85.693
423.26,-85.256
423.93,-83.767
424.61,-86.068
425.28,-83.432
425.95,-82.827
426.63,-83.364
427.30,-82.440
427.97,-82.515
428.65,-83.647
429.32,-84.495
429.99,-84.045
430.66,-85.229
431.34,-87.024
432.01,-87.211
432.68,-85.365
433.36,-84.378
434.03,-84.560
434.70,-83.185
435.37,-81.843
436.05,-82.653
436.72,-83.701
437.39,-82.602
438.07,-81.462
438.74,-82.137
439.41,-81.782
440.08,-82.765
440.76,-83.450
441.43,-83.177
442.10,-82.532
442.78,-83.097
443.45,-83.782
444.12,-83.072
444.80,-82.650
445.47,-83.028
446.14,-82.875
446.81,-83.177
447.49,-83.519
448.16,-85.560
448.83,-84.947
449.51,-85.100
450.18,-84.980
450.85,-84.971
451.52,-85.189
452.20,-85.148
452.87,-84.822
453.54,-83.190
454.22,-82.527
454.89,-82.669
455.56,-83.408
456.23,-81.971
456.91,-81.788
457.58,-83.386
458.25,-82.444
458.93,-83.715
459.60,-83.235
460.27,-82.343
460.95,-84.380
461.62,-81.818
462.29,-82.946
462.96,-84.149
463.64,-82.970
464.31,-83.018
464.98,-83.968
465.66,-82.457
466.33,-81.755
467.00,-82.524
467.67,-82.712
468.35,-83.810
469.02,-84.063
469.69,-82.649
470.37,-82.007
471.04,-82.086
471.71,-82.002
472.38,-83.673
473.06,-82.516
473.73,-83.098
474.40,-82.393
475.08,-79.095
475.75,-82.922
476.42,-82.592
477.10,-84.178
477.77,-82.654
478.44,-84.261
479.11,-84.592
479.79,-85.037
480.46,-83.065
481.13,-85.340
481.81,-84.699
482.48,-82.372
483.15,-82.635
483.82,-82.509
484.50,-81.883
485.17,-81.226
485.84,-83.055
486.52,-81.925
487.19,-80.779
487.86,-81.795
488.53,-82.981
489.21,-83.720
489.88,-82.951
490.55,-83.028
491.23,-83.612
491.90,-83.299
492.57,-82.312
493.24,-81.988
493.92,-81.136
494.59,-82.666
495.26,-82.267
495.94,-81.666
496.61,-82.181
497.28,-81.819
497.96,-81.544
498.63,-82.129
499.30,-80.786
499.97,-81.795
500.65,-80.976
501.32,-80.035
501.99,-82.136
502.67,-80.093
503.34,-82.015
504.01,-82.705
504.68,-81.050
505.36,-82.554
506.03,-82.845
506.70,-82.828
507.38,-80.947
508.05,-82.127
508.72,-80.419
509.39,-79.276
510.07,-81.296
510.74,-80.096
511.41,-82.153
512.09,-80.687
512.76,-81.061
513.43,-80.671
514.11,-80.451
514.78,-80.358
515.45,-81.269
516.12,-82.527
516.80,-81.506
517.47,-82.514
518.14,-81.311
518.82,-81.305
519.49,-80.640
520.16,-79.995
520.83,-79.411
521.51,-81.394
522.18,-80.637
522.85,-80.539
523.53,-80.588
524.20,-80.715
524.87,-80.584
525.54,-80.674
526.22,-79.844
526.89,-79.147
527.56,-79.890
528.24,-79.341
528.91,-79.619
529.58,-77.030
530.26,-75.724
530.93,-66.353
531.60,-65.041
532.27,-75.173
532.95,-79.026
533.62,-79.448
534.29,-78.568
534.97,-78.911
535.64,-79.143
536.31,-78.756
536.98,-77.258
537.66,-78.307
538.33,-76.893
539.00,-77.401
539.68,-78.385
540.35,-78.862
541.02,-77.103
541.69,-78.600
542.37,-77.387
543.04,-77.048
543.71,-76.557
544.39,-75.480
545.06,-76.017
545.73,-76.284
546.41,-77.376
547.08,-77.651
547.75,-77.906
548.42,-78.136
549.10,-78.034
549.77,-77.617
550.44,-77.214
551.12,-78.382
551.79,-77.044
552.46,-78.282
553.13,-78.001
553.81,-77.465
554.48,-77.105
555.15,-77.204
555.83,-75.656
556.50,-74.803
557.17,-75.487
557.84,-75.792
558.52,-77.257
559.19,-75.702
559.86,-76.095
560.54,-76.540
561.21,-76.251
561.88,-75.159
562.55,-76.829
563.23,-75.672
563.90,-75.284
564.57,-75.808
565.25,-75.787
565.92,-73.950
566.59,-75.997
567.27,-74.702
567.94,-75.148
568.61,-76.534
569.28,-76.393
569.96,-75.590
570.63,-75.451
571.30,-74.477
571.98,-75.232
572.65,-74.679
573.32,-74.861
573.99,-74.945
574.67,-76.769
575.34,-74.378
576.01,-74.309
576.69,-74.346
577.36,-73.015
578.03,-74.460
578.70,-72.903
579.38,-73.707
580.05,-72.711
580.72,-73.844
581.40,-73.108
582.07,-73.949
582.74,-72.258
583.42,-71.975
584.09,-70.376
584.76,-71.265
585.43,-72.721
586.11,-73.761
586.78,-74.556
587.45,-72.617
588.13,-71.253
588.80,-74.112
589.47,-73.640
590.14,-74.080
590.82,-73.797
591.49,-73.844
592.16,-73.461
592.84,-71.008
593.51,-72.676
594.18,-72.293
594.85,-72.566
595.53,-73.717
596.20,-73.487
596.87,-71.905
597.55,-73.210
598.22,-73.702
598.89,-73.580
599.57,-74.087
600.24,-73.951
600.91,-74.933
601.58,-73.953
602.26,-74.060
602.93,-72.753
603.60,-73.227
604.28,-70.770
604.95,-73.395
605.62,-74.323
606.29,-72.009
606.97,-72.402
607.64,-75.371
608.31,-73.298
608.99,-74.576
609.66,-73.535
610.33,-73.447
611.00,-67.862
611.68,-72.180
612.35,-73.460
613.02,-74.632
613.70,-75.050
614.37,-76.021
615.04,-75.261
615.72,-74.878
616.39,-75.947
617.06,-74.739
617.73,-74.927
618.41,-74.605
619.08,-76.907
619.75,-74.662
620.43,-75.085
621.10,-75.588
621.77,-75.123
622.44,-75.751
623.12,-74.851
623.79,-74.593
624.46,-75.253
625.14,-75.148
625.81,-74.125
626.48,-74.256
627.15,-74.915
627.83,-75.993
628.50,-75.785
629.17,-75.308
629.85,-76.802
630.52,-75.972
631.19,-75.797
631.86,-76.148
632.54,-75.905
633.21,-76.704
633.88,-77.903
634.56,-77.983
635.23,-75.717
635.90,-75.729
636.58,-75.746
637.25,-74.244
637.92,-75.321
638.59,-76.639
639.27,-77.201
639.94,-77.921
640.61,-76.026
641.29,-78.327
641.96,-76.890
642.63,-76.811
643.30,-77.548
643.98,-75.981
644.65,-76.716
645.32,-78.057
646.00,-78.377
646.67,-78.511
647.34,-77.777
648.01,-77.458
648.69,-78.292
649.36,-78.515
650.03,-78.489
650.71,-77.845
651.38,-78.347
652.05,-76.422
652.73,-77.977
653.40,-77.717
654.07,-78.975
654.74,-77.492
655.42,-78.291
656.09,-78.913
656.76,-79.148
657.44,-79.416
658.11,-80.165
658.78,-78.374
659.45,-79.867
660.13,-78.769
660.80,-77.304
661.47,-78.631
662.15,-77.672
662.82,-75.794
663.49,-71.095
664.16,-62.700
664.84,-69.703
665.51,-76.134
666.18,-78.470
666.86,-79.077
667.53,-79.571
668.20,-80.737
668.88,-80.553
669.55,-78.705
670.22,-80.487
670.89,-81.458
671.57,-80.211
672.24,-81.165
672.91,-80.753
673.59,-81.789
674.26,-81.454
674.93,-80.870
675.60,-81.681
676.28,-81.475
676.95,-82.328
677.62,-81.498
678.30,-81.625
678.97,-81.361
679.64,-81.812
680.31,-83.004
680.99,-81.395
681.66,-80.988
682.33,-81.174
683.01,-80.916
683.68,-82.112
684.35,-82.573
685.03,-82.056
685.70,-82.431
686.37,-82.986
687.04,-83.105
687.72,-83.408
688.39,-82.298
689.06,-81.998
689.74,-81.610
690.41,-83.478
691.08,-81.943
691.75,-82.411
692.43,-82.086
693.10,-80.654
693.77,-83.665
694.45,-84.073
695.12,-83.040
695.79,-84.520
696.46,-83.809
697.14,-84.553
697.81,-85.013
698.48,-82.515
699.16,-81.874
699.83,-84.168
700.50,-84.145
701.17,-83.194
701.85,-82.883
702.52,-82.355
703.19,-83.781
703.87,-82.453
704.54,-83.062
705.21,-83.337
705.89,-83.662
706.56,-84.170
707.23,-84.505
707.90,-83.320
708.58,-84.905
709.25,-84.538
709.92,-81.840
710.60,-82.594
711.27,-82.537
711.94,-83.772
712.61,-84.304
713.29,-83.952
713.96,-84.255
714.63,-82.134
715.31,-83.457
715.98,-83.974
716.65,-83.166
717.32,-84.478
718.00,-84.061
718.67,-84.840
719.34,-83.237
720.02,-82.191
720.69,-83.849
721.36,-83.177
722.04,-83.779
722.71,-83.416
723.38,-85.259
724.05,-84.500
724.73,-85.304
725.40,-84.556
726.07,-84.374
726.75,-84.224
727.42,-83.619
728.09,-83.584
728.76,-83.717
729.44,-83.750
730.11,-84.446
730.78,-81.113
731.46,-83.235
732.13,-84.601
732.80,-84.997
733.47,-82.553
734.15,-84.998
734.82,-82.755
735.49,-83.324
736.17,-82.817
736.84,-84.512
737.51,-85.844
738.19,-83.589
738.86,-85.249
739.53,-84.537
740.20,-85.188
740.88,-78.014
741.55,-82.233
742.22,-82.462
742.90,-84.558
743.57,-83.905
744.24,-83.763
744.91,-85.168
745.59,-85.280
746.26,-84.838
746.93,-84.917
747.61,-85.801
748.28,-86.897
748.95,-86.339
749.62,-85.233
750.30,-86.725
750.97,-84.710
751.64,-86.248
752.32,-85.397
752.99,-85.910
753.66,-84.328
754.34,-84.976
755.01,-85.505
755.68,-86.463
756.35,-86.847
757.03,-85.909
757.70,-84.700
758.37,-85.622
759.05,-84.364
759.72,-86.062
760.39,-85.254
761.06,-85.017
761.74,-84.665
762.41,-86.949
763.08,-85.801
763.76,-86.853
764.43,-84.076
765.10,-86.140
765.77,-86.154
766.45,-86.596
767.12,-85.046
767.79,-84.863
768.47,-86.541
769.14,-87.031
769.81,-85.560
770.48,-79.865
771.16,-79.748
771.83,-85.463
772.50,-86.643
773.18,-86.718
773.85,-86.087
774.52,-86.907
775.20,-86.567
775.87,-86.308
776.54,-86.990
777.21,-87.210
777.89,-87.040
778.56,-88.068
779.23,-85.517
779.91,-85.594
780.58,-85.353
781.25,-86.352
781.92,-86.906
782.60,-85.828
783.27,-85.503
783.94,-86.872
784.62,-85.828
785.29,-87.947
785.96,-87.131
786.63,-86.295
787.31,-86.823
787.98,-86.676
788.65,-86.123
789.33,-85.867
790.00,-86.479
790.67,-86.193
791.35,-86.370
792.02,-86.516
792.69,-87.542
793.36,-87.967
794.04,-86.653
794.71,-87.347
795.38,-86.330
796.06,-84.380
796.73,-77.817
797.40,-81.257
798.07,-87.221
798.75,-87.160
799.42,-88.083
800.09,-87.427
800.77,-85.840
801.44,-86.298
802.11,-86.174
802.78,-86.962
803.46,-87.927
804.13,-85.113
804.80,-85.692
805.48,-85.751
806.15,-86.328
806.82,-86.398
807.50,-87.943
808.17,-86.300
808.84,-87.883
809.51,-87.864
810.19,-86.341
810.86,-86.603
811.53,-87.685
812.21,-87.421
812.88,-87.909
813.55,-87.240
814.22,-87.605
814.90,-86.313
815.57,-88.093
816.24,-87.253
816.92,-87.064
817.59,-87.384
818.26,-86.764
818.93,-86.982
819.61,-87.081
820.28,-86.370
820.95,-86.079
821.63,-86.967
822.30,-86.648
822.97,-88.068
823.65,-85.548
824.32,-86.394
824.99,-88.257
825.66,-87.218
826.34,-86.392
827.01,-87.341
827.68,-86.187
828.36,-87.199
829.03,-86.440
829.70,-88.577
830.37,-86.941
831.05,-87.855
831.72,-86.541
832.39,-86.792
833.07,-87.577
833.74,-87.512
834.41,-88.461
835.08,-87.293
835.76,-87.021
836.43,-87.475
837.10,-86.642
837.78,-88.446
838.45,-88.160
839.12,-86.131
839.79,-86.339
840.47,-86.951
841.14,-85.374
841.81,-87.161
842.49,-86.396
843.16,-87.166
843.83,-87.795
844.51,-87.787
845.18,-86.234
845.85,-87.510
846.52,-86.940
847.20,-87.325
847.87,-87.589
848.54,-87.525
849.22,-86.202
849.89,-87.401
850.56,-87.297
851.23,-86.134
851.91,-88.171
852.58,-87.548
853.25,-88.946
853.93,-87.200
854.60,-86.867
855.27,-88.290
855.94,-86.022
856.62,-87.965
857.29,-87.664
857.96,-87.917
858.64,-87.088
859.31,-88.556
859.98,-87.018
860.66,-87.001
861.33,-87.513
862.00,-87.823
862.67,-88.599
863.35,-89.607
864.02,-87.129
864.69,-86.761
865.37,-86.776
866.04,-87.469
866.71,-85.838
867.38,-87.078
868.06,-86.546
868.73,-87.720
869.40,-88.508
870.08,-88.319
870.75,-87.964
871.42,-87.371
872.09,-87.769
872.77,-88.116
873.44,-88.336
874.11,-87.180
874.79,-88.291
875.46,-89.639
876.13,-87.827
876.81,-87.450
877.48,-86.899
878.15,-86.471
878.82,-87.407
879.50,-86.726
880.17,-87.009
880.84,-88.424
881.52,-87.623
882.19,-86.998
882.86,-87.382
883.53,-86.046
884.21,-88.376
884.88,-88.404
885.55,-88.412
886.23,-87.503
886.90,-87.661
887.57,-87.679
888.24,-87.593
888.92,-87.798
889.59,-87.660
890.26,-86.573
890.94,-86.361
891.61,-86.839
892.28,-86.565
892.96,-86.644
893.63,-86.708
894.30,-86.779
894.97,-86.618
895.65,-86.907
896.32,-86.052
896.99,-86.646
897.67,-87.167
898.34,-87.896
899.01,-85.367
899.68,-86.891
900.36,-87.562
901.03,-87.066
901.70,-87.152
902.38,-86.378
903.05,-86.833
903.72,-86.614
904.39,-86.377
905.07,-87.525
905.74,-86.992
906.41,-85.742
907.09,-86.356
907.76,-86.408
908.43,-86.460
909.10,-87.769
909.78,-86.883
910.45,-87.612
911.12,-87.950
911.80,-87.697
912.47,-87.870
913.14,-87.403
913.82,-86.282
914.49,-87.037
915.16,-88.425
915.83,-87.089
916.51,-87.367
917.18,-86.718
917.85,-87.185
918.53,-88.104
919.20,-86.595
919.87,-87.594
920.54,-87.512
921.22,-86.237
921.89,-86.706
922.56,-86.767
923.24,-86.482
923.91,-85.435
924.58,-87.775
925.25,-87.158
925.93,-85.700
926.60,-88.299
927.27,-86.060
927.95,-85.335
928.62,-84.782
929.29,-83.301
929.97,-83.744
930.64,-86.083
931.31,-86.103
931.98,-86.450
932.66,-86.275
933.33,-87.021
934.00,-86.794
934.68,-85.280
935.35,-86.104
936.02,-87.279
936.69,-85.096
937.37,-86.719
938.04,-86.093
938.71,-86.769
939.39,-85.848
940.06,-87.376
940.73,-85.967
941.40,-86.624
942.08,-85.808
942.75,-84.523
943.42,-86.600
944.10,-84.892
944.77,-85.550
945.44,-85.004
946.12,-86.480
946.79,-87.190
947.46,-86.006
948.13,-86.103
948.81,-86.140
949.48,-86.982
950.15,-85.319
950.83,-86.302
951.50,-86.072
952.17,-85.572
952.84,-85.474
953.52,-85.549
954.19,-85.391
954.86,-85.883
955.54,-86.179
956.21,-85.416
956.88,-84.117
957.55,-85.431
958.23,-85.551
958.90,-86.730
959.57,-87.049
960.25,-85.646
960.92,-86.700
961.59,-86.064
962.27,-86.058
962.94,-85.453
963.61,-85.483
964.28,-84.400
964.96,-83.746
965.63,-87.082
966.30,-86.906
966.98,-85.025
967.65,-85.228
968.32,-85.782
968.99,-85.873
969.67,-85.796
970.34,-84.704
971.01,-85.442
971.69,-84.957
972.36,-85.355
973.03,-83.877
973.70,-86.002
974.38,-85.773
975.05,-85.401
975.72,-83.668
976.40,-84.769
977.07,-83.873
977.74,-84.755
978.41,-84.839
979.09,-85.050
979.76,-84.921
980.43,-84.799
981.11,-85.078
981.78,-83.433
982.45,-84.715
983.13,-84.322
983.80,-85.043
984.47,-84.814
985.14,-84.534
985.82,-84.644
986.49,-85.345
987.16,-83.835
987.84,-84.226
988.51,-83.762
989.18,-84.131
989.85,-84.523
990.53,-83.783
991.20,-83.415
991.87,-85.520
992.55,-83.681
993.22,-84.732
993.89,-85.123
994.56,-82.253
995.24,-82.839
995.91,-83.567
996.58,-85.355
997.26,-83.852
997.93,-85.075
998.60,-84.208
999.28,-84.158
999.95,-83.481
1000.62,-84.557
1001.29,-84.140
1001.97,-84.529
1002.64,-82.890
1003.31,-84.205
1003.99,-83.018
1004.66,-82.242
1005.33,-83.888
1006.00,-84.539
1006.68,-84.696
1007.35,-83.884
1008.02,-83.438
1008.70,-83.433
1009.37,-82.581
1010.04,-83.106
1010.71,-80.016
1011.39,-82.284
1012.06,-82.939
1012.73,-82.215
1013.41,-82.206
1014.08,-82.378
1014.75,-81.301
1015.43,-82.561
1016.10,-83.658
1016.77,-81.793
1017.44,-83.727
1018.12,-81.635
1018.79,-83.521
1019.46,-82.512
1020.14,-81.938
1020.81,-82.432
1021.48,-82.100
1022.15,-80.607
1022.83,-81.179
1023.50,-81.609
1024.17,-81.329
1024.85,-81.327
1025.52,-82.218
1026.19,-81.253
1026.86,-80.674
1027.54,-82.300
1028.21,-82.405
1028.88,-81.882
1029.56,-82.180
1030.23,-80.905
1030.90,-80.353
1031.58,-79.918
1032.25,-82.395
1032.92,-82.564
1033.59,-81.936
1034.27,-80.827
1034.94,-80.184
1035.61,-80.398
1036.29,-81.843
1036.96,-80.708
1037.63,-80.986
1038.30,-80.012
1038.98,-80.598
1039.65,-82.114
1040.32,-80.875
1041.00,-80.151
1041.67,-80.163
1042.34,-79.998
1043.01,-81.618
1043.69,-81.274
1044.36,-81.466
1045.03,-80.053
1045.71,-78.996
1046.38,-79.859
1047.05,-81.004
1047.72,-80.885
1048.40,-81.024
1049.07,-78.974
1049.74,-79.730
1050.42,-78.966
1051.09,-79.483
1051.76,-79.741
1052.44,-80.471
1053.11,-79.866
1053.78,-79.112
1054.45,-80.296
1055.13,-79.151
1055.80,-79.734
1056.47,-79.436
1057.15,-78.689
1057.82,-79.767
1058.49,-80.064
1059.16,-80.402
1059.84,-78.457
1060.51,-79.162
1061.18,-79.962
1061.86,-77.891
1062.53,-78.159
1063.20,-78.220
1063.87,-78.806
1064.55,-79.703
1065.22,-79.126
1065.89,-77.310
1066.57,-77.549
1067.24,-77.381
1067.91,-77.914
1068.59,-76.396
1069.26,-77.460
1069.93,-78.244
1070.60,-77.969
1071.28,-76.490
1071.95,-77.841
1072.62,-77.686
1073.30,-75.621
1073.97,-75.355
1074.64,-76.214
1075.31,-76.773
1075.99,-76.667
1076.66,-75.925
1077.33,-76.628
1078.01,-76.380
1078.68,-77.279
1079.35,-76.955
1080.02,-76.517
1080.70,-76.417
1081.37,-77.199
1082.04,-75.946
1082.72,-75.452
1083.39,-77.182
1084.06,-76.558
1084.74,-76.185
1085.41,-76.047
1086.08,-75.148
1086.75,-73.551
1087.43,-75.311
1088.10,-75.271
1088.77,-73.931
1089.45,-74.744
1090.12,-74.816
1090.79,-74.321
1091.46,-74.251
1092.14,-73.208
1092.81,-73.742
1093.48,-74.807
1094.16,-73.537
1094.83,-74.216
1095.50,-73.014
1096.17,-74.562
1096.85,-74.544
1097.52,-73.870
1098.19,-72.180
1098.87,-72.040
1099.54,-71.567
1100.21,-73.867
1100.89,-72.049
1101.56,-72.524
1102.23,-72.827
1102.90,-73.078
1103.58,-72.322
1104.25,-73.341
1104.92,-74.227
1105.60,-74.687
1106.27,-72.621
1106.94,-72.785
1107.61,-71.456
1108.29,-71.542
1108.96,-71.422
1109.63,-72.404
1110.31,-70.883
1110.98,-73.303
1111.65,-71.824
1112.32,-72.488
1113.00,-72.903
1113.67,-72.805
1114.34,-72.472
1115.02,-71.740
1115.69,-71.357
1116.36,-72.640
1117.03,-72.879
1117.71,-71.973
1118.38,-71.325
1119.05,-71.654
1119.73,-71.995
1120.40,-71.547
1121.07,-71.134
1121.75,-71.670
1122.42,-72.594
1123.09,-70.752
1123.76,-71.801
1124.44,-72.831
1125.11,-71.186
1125.78,-71.691
1126.46,-71.220
1127.13,-71.019
1127.80,-69.685
1128.47,-68.199
1129.15,-72.248
1129.82,-70.528
1130.49,-67.356
1131.17,-67.580
1131.84,-71.132
1132.51,-70.465
1133.18,-71.646
1133.86,-72.466
1134.53,-72.538
1135.20,-70.912
1135.88,-70.833
1136.55,-71.459
1137.22,-72.297
1137.90,-71.815
1138.57,-70.956
1139.24,-71.057
1139.91,-71.409
1140.59,-72.137
1141.26,-71.106
1141.93,-71.387
1142.61,-73.001
1143.28,-72.674
1143.95,-74.455
1144.62,-74.117
1145.30,-72.939
1145.97,-72.510
1146.64,-72.360
1147.32,-72.246
1147.99,-73.751
1148.66,-72.645
1149.33,-73.500
1150.01,-73.673
1150.68,-73.468
1151.35,-73.189
1152.03,-74.830
1152.70,-73.905
1153.37,-73.973
1154.05,-74.197
1154.72,-72.547
1155.39,-73.692
1156.06,-75.589
1156.74,-75.914
1157.41,-74.513
1158.08,-74.173
1158.76,-74.692
1159.43,-75.248
1160.10,-74.962
1160.77,-75.720
1161.45,-75.311
1162.12,-75.260
1162.79,-75.538
1163.47,-75.693
1164.14,-76.225
1164.81,-75.393
1165.48,-74.960
1166.16,-76.856
1166.83,-76.595
1167.50,-76.461
1168.18,-74.560
1168.85,-74.143
1169.52,-75.741
1170.20,-76.573
1170.87,-75.813
1171.54,-77.012
1172.21,-75.702
1172.89,-76.885
1173.56,-77.039
1174.23,-77.001
1174.91,-76.574
1175.58,-76.904
1176.25,-77.123
1176.92,-76.177
1177.60,-77.596
1178.27,-77.601
1178.94,-77.373
1179.62,-78.073
1180.29,-76.591
1180.96,-77.631
1181.63,-77.557
1182.31,-78.555
1182.98,-78.100
1183.65,-79.964
1184.33,-78.133
1185.00,-77.939
1185.67,-77.975
1186.34,-77.995
1187.02,-78.017
1187.69,-77.985
1188.36,-77.491
1189.04,-77.311
1189.71,-78.199
1190.38,-78.781
1191.06,-76.786
1191.73,-78.013
1192.40,-77.407
1193.07,-79.898
1193.75,-80.301
1194.42,-78.107
1195.09,-78.480
1195.77,-77.932
1196.44,-79.226
1197.11,-78.633
1197.78,-79.683
1198.46,-79.304
1199.13,-79.937
1199.80,-79.984
1200.48,-79.027
1201.15,-79.446
1201.82,-79.177
1202.49,-80.949
1203.17,-79.715
1203.84,-80.711
1204.51,-79.229
1205.19,-79.564
1205.86,-80.843
1206.53,-80.597
1207.21,-80.338
1207.88,-80.366
1208.55,-80.723
1209.22,-80.996
1209.90,-80.975
1210.57,-81.195
1211.24,-80.694
1211.92,-80.034
1212.59,-79.705
1213.26,-80.778
1213.93,-79.576
1214.61,-82.052
1215.28,-81.366
1215.95,-80.518
1216.63,-79.642
1217.30,-80.293
1217.97,-80.994
1218.64,-82.148
1219.32,-81.721
1219.99,-81.245
1220.66,-81.730
1221.34,-80.575
1222.01,-81.237
1222.68,-80.140
1223.36,-81.757
1224.03,-81.120
1224.70,-80.361
1225.37,-79.844
1226.05,-80.414
1226.72,-81.670
1227.39,-82.335
1228.07,-80.516
1228.74,-80.717
1229.41,-81.393
1230.08,-81.455
1230.76,-81.760
1231.43,-81.401
1232.10,-81.726
1232.78,-82.136
1233.45,-81.390
1234.12,-81.581
1234.79,-81.734
1235.47,-81.417
1236.14,-82.453
1236.81,-82.182
1237.49,-82.491
1238.16,-82.065
1238.83,-81.748
1239.51,-81.398
1240.18,-81.911
1240.85,-82.076
1241.52,-82.428
1242.20,-82.694
1242.87,-82.572
1243.54,-82.089
1244.22,-81.504
1244.89,-81.238
1245.56,-82.601
1246.23,-82.686
1246.91,-80.428
1247.58,-80.655
1248.25,-81.248
1248.93,-81.739
1249.60,-84.316
1250.27,-84.119
1250.94,-82.297
1251.62,-82.009
1252.29,-83.125
1252.96,-84.232
1253.64,-82.740
1254.31,-82.353
1254.98,-81.692
1255.65,-82.783
1256.33,-83.204
1257.00,-82.578
1257.67,-82.834
1258.35,-82.905
1259.02,-83.524
1259.69,-83.697
1260.37,-83.852
1261.04,-82.277
1261.71,-82.313
1262.38,-84.327
1263.06,-82.834
1263.73,-83.601
1264.40,-83.619
1265.08,-82.449
1265.75,-82.680
1266.42,-83.624
1267.09,-84.191
1267.77,-83.500
1268.44,-82.419
1269.11,-83.074
1269.79,-84.306
1270.46,-83.057
1271.13,-82.618
1271.80,-82.997
1272.48,-83.088
1273.15,-83.643
1273.82,-83.337
1274.50,-83.633
1275.17,-84.057
1275.84,-83.433
1276.52,-82.236
1277.19,-83.701
1277.86,-83.760
1278.53,-84.820
1279.21,-83.498
1279.88,-82.902
1280.55,-82.589
1281.23,-83.583
1281.90,-84.106
1282.57,-83.688
1283.24,-83.714
1283.92,-85.062
1284.59,-84.530
1285.26,-83.969
1285.94,-83.279
1286.61,-83.763
1287.28,-83.708
1287.95,-85.738
1288.63,-82.699
1289.30,-83.467
1289.97,-83.931
1290.65,-84.980
1291.32,-84.563
1291.99,-84.969
1292.67,-83.954
1293.34,-84.403
1294.01,-84.884
1294.68,-84.019
1295.36,-83.755
1296.03,-83.617
1296.70,-85.327
1297.38,-84.044
1298.05,-84.398
1298.72,-85.591
1299.39,-83.880
1300.07,-84.151
1300.74,-84.134
1301.41,-84.910
1302.09,-84.228
1302.76,-83.301
1303.43,-84.027
1304.10,-84.419
1304.78,-86.224
1305.45,-84.232
1306.12,-86.395
1306.80,-84.836
1307.47,-83.727
1308.14,-84.004
1308.82,-83.569
1309.49,-84.647
1310.16,-85.815
1310.83,-85.876
1311.51,-84.474
1312.18,-85.331
1312.85,-84.952
1313.53,-83.768
1314.20,-83.820
1314.87,-83.207
1315.54,-84.026
1316.22,-85.331
1316.89,-84.312
1317.56,-85.123
1318.24,-84.619
1318.91,-84.269
1319.58,-83.869
1320.25,-85.793
1320.93,-84.890
1321.60,-85.670
1322.27,-84.876
1322.95,-85.558
1323.62,-84.611
1324.29,-84.382
1324.96,-84.117
1325.64,-83.809
1326.31,-83.859
1326.98,-84.918
1327.66,-85.096
1328.33,-83.792
1329.00,-85.085
1329.68,-84.710
1330.35,-84.671
1331.02,-82.666
1331.69,-84.655
1332.37,-85.659
1333.04,-86.182
1333.71,-85.798
1334.39,-84.401
1335.06,-83.786
1335.73,-85.480
1336.40,-84.108
1337.08,-84.313
1337.75,-84.774
1338.42,-83.154
1339.10,-84.394
1339.77,-84.375
1340.44,-85.741
1341.11,-85.101
1341.79,-84.925
1342.46,-84.789
1343.13,-83.829
1343.81,-84.866
1344.48,-85.338
1345.15,-85.969
1345.83,-84.892
1346.50,-86.180
1347.17,-84.189
1347.84,-85.203
1348.52,-84.942
1349.19,-85.425
1349.86,-85.325
1350.54,-84.622
1351.21,-85.420
1351.88,-85.454
1352.55,-85.850
1353.23,-85.831
1353.90,-85.934
1354.57,-85.033
1355.25,-85.140
1355.92,-86.932
1356.59,-84.604
1357.26,-85.293
1357.94,-86.574
1358.61,-84.552
1359.28,-85.356
1359.96,-85.417
1360.63,-84.639
1361.30,-84.942
1361.98,-86.888
1362.65,-85.589
1363.32,-85.313
1363.99,-84.654
1364.67,-86.977
1365.34,-84.522
1366.01,-85.612
1366.69,-85.994
1367.36,-84.381
1368.03,-84.060
1368.70,-84.462
1369.38,-84.968
1370.05,-85.890
1370.72,-83.963
1371.40,-84.294
1372.07,-84.883
1372.74,-84.726
1373.41,-85.935
1374.09,-83.892
1374.76,-83.075
1375.43,-84.692
1376.11,-84.708
1376.78,-83.937
1377.45,-84.016
1378.12,-85.323
1378.80,-85.826
1379.47,-85.606
1380.14,-85.754
1380.82,-85.810
1381.49,-84.659
1382.16,-84.313
1382.84,-85.247
1383.51,-84.274
1384.18,-84.294
1384.85,-84.817
1385.53,-84.112
1386.20,-85.934
1386.87,-86.438
1387.55,-85.356
1388.22,-84.482
1388.89,-85.450
1389.56,-83.946
1390.24,-86.790
1390.91,-85.282
1391.58,-83.497
1392.26,-84.158
1392.93,-83.327
1393.60,-84.185
1394.27,-84.111
1394.95,-83.511
1395.62,-84.937
1396.29,-85.144
1396.97,-84.315
1397.64,-83.923
1398.31,-84.635
1398.99,-85.606
1399.66,-84.971
1400.33,-85.409
1401.00,-84.075
1401.68,-85.597
1402.35,-85.993
1403.02,-85.636
1403.70,-83.730
1404.37,-85.836
1405.04,-86.246
1405.71,-85.745
1406.39,-85.569
1407.06,-85.015
1407.73,-85.719
1408.41,-84.573
1409.08,-84.072
1409.75,-85.218
1410.42,-86.140
1411.10,-85.748
1411.77,-85.880
1412.44,-85.454
1413.12,-85.231
1413.79,-85.058
1414.46,-84.973
1415.14,-83.925
1415.81,-86.256
1416.48,-86.080
1417.15,-85.171
1417.83,-84.931
1418.50,-84.295
1419.17,-83.732
1419.85,-85.359
1420.52,-83.933
1421.19,-84.732
1421.86,-86.117
1422.54,-83.564
1423.21,-84.451
1423.88,-85.423
1424.56,-84.076
1425.23,-84.667
1425.90,-84.659
1426.57,-84.794
1427.25,-84.478
1427.92,-84.867
1428.59,-84.909
1429.27,-83.759
1429.94,-83.068
1430.61,-84.014
1431.29,-84.871
1431.96,-85.511
1432.63,-84.812
1433.30,-82.944
1433.98,-83.889
1434.65,-83.377
1435.32,-84.604
1436.00,-85.638
1436.67,-84.295
1437.34,-84.645
1438.01,-84.060
1438.69,-84.980
1439.36,-83.969
1440.03,-85.440
1440.71,-84.869
1441.38,-83.607
1442.05,-84.205
1442.72,-83.957
1443.40,-84.617
1444.07,-84.600
1444.74,-83.431
1445.42,-84.308
1446.09,-82.077
1446.76,-83.462
1447.43,-84.217
1448.11,-83.685
1448.78,-82.697
1449.45,-83.790
1450.13,-84.590
1450.80,-83.660
1451.47,-85.868
1452.15,-85.484
1452.82,-82.326
1453.49,-84.075
1454.16,-84.411
1454.84,-84.193
1455.51,-84.366
1456.18,-83.940
1456.86,-83.831
1457.53,-82.352
1458.20,-83.957
1458.87,-84.333
1459.55,-83.419
1460.22,-80.769
1460.89,-83.541
1461.57,-83.171
1462.24,-83.328
1462.91,-83.995
1463.58,-85.065
1464.26,-85.393
1464.93,-84.512
1465.60,-84.169
1466.28,-83.961
1466.95,-84.225
1467.62,-83.727
1468.30,-84.552
1468.97,-84.295
1469.64,-83.076
1470.31,-83.187
1470.99,-83.305
1471.66,-84.046
1472.33,-83.888
1473.01,-83.830
1473.68,-83.086
1474.35,-82.163
1475.02,-83.017
1475.70,-83.838
1476.37,-82.457
1477.04,-83.270
1477.72,-83.685
1478.39,-82.614
1479.06,-82.627
1479.73,-83.035
1480.41,-82.703
1481.08,-83.474
1481.75,-81.733
1482.43,-82.978
1483.10,-81.640
1483.77,-83.869
1484.45,-82.157
1485.12,-83.156
1485.79,-83.997
1486.46,-82.003
1487.14,-81.223
1487.81,-82.257
1488.48,-83.995
1489.16,-83.166
1489.83,-81.632
1490.50,-82.795
1491.17,-83.771
1491.85,-82.144
1492.52,-82.691
1493.19,-82.421
1493.87,-84.306
1494.54,-82.868
1495.21,-80.834
1495.88,-81.873
1496.56,-83.291
1497.23,-84.278
1497.90,-82.674
1498.58,-81.397
1499.25,-81.507
1499.92,-81.600
1500.60,-83.394
1501.27,-81.897
1501.94,-82.179
1502.61,-81.672
1503.29,-83.130
1503.96,-82.160
1504.63,-81.527
1505.31,-83.105
1505.98,-82.240
1506.65,-82.472
1507.32,-82.411
1508.00,-81.429
1508.67,-82.465
1509.34,-83.064
1510.02,-80.777
1510.69,-80.340
1511.36,-81.610
1512.03,-80.997
1512.71,-81.726
1513.38,-82.755
1514.05,-82.579
1514.73,-81.915
1515.40,-82.174
1516.07,-81.261
1516.74,-81.293
1517.42,-82.398
1518.09,-83.567
1518.76,-81.029
1519.44,-81.762
1520.11,-80.265
1520.78,-80.988
1521.46,-81.163
1522.13,-79.658
1522.80,-81.270
1523.47,-81.078
1524.15,-80.403
1524.82,-82.107
1525.49,-82.484
1526.17,-82.303
1526.84,-80.937
1527.51,-79.719
1528.18,-79.464
1528.86,-82.389
1529.53,-81.448
1530.20,-81.386
1530.88,-80.417
1531.55,-81.564
1532.22,-81.783
1532.89,-79.605
1533.57,-80.195
1534.24,-80.791
1534.91,-79.074
1535.59,-80.116
1536.26,-80.269
1536.93,-80.419
1537.61,-79.615
1538.28,-79.682
1538.95,-81.010
1539.62,-80.664
1540.30,-80.611
1540.97,-81.206
1541.64,-80.578
1542.32,-80.282
1542.99,-80.724
1543.66,-80.522
1544.33,-81.096
1545.01,-81.362
1545.68,-79.632
1546.35,-80.261
1547.03,-79.588
1547.70,-79.116
1548.37,-80.337
1549.04,-79.164
1549.72,-80.264
1550.39,-79.282
1551.06,-79.514
1551.74,-79.429
1552.41,-78.201
1553.08,-79.448
1553.76,-78.897
1554.43,-80.627
1555.10,-80.166
1555.77,-77.881
1556.45,-79.768
1557.12,-79.522
1557.79,-79.597
1558.47,-79.562
1559.14,-78.077
1559.81,-77.689
1560.48,-78.571
1561.16,-77.565
1561.83,-79.371
1562.50,-77.545
1563.18,-77.068
1563.85,-78.268
1564.52,-78.012
1565.19,-78.395
1565.87,-77.168
1566.54,-78.500
1567.21,-78.214
1567.89,-77.770
1568.56,-78.321
1569.23,-78.485
1569.91,-76.151
1570.58,-77.044
1571.25,-78.697
1571.92,-77.290
1572.60,-78.045
1573.27,-77.103
1573.94,-76.283
1574.62,-78.411
1575.29,-78.556
1575.96,-77.891
1576.63,-76.652
1577.31,-76.201
1577.98,-76.343
1578.65,-74.225
1579.33,-76.118
1580.00,-76.256
1580.67,-75.748
1581.34,-77.727
1582.02,-77.082
1582.69,-75.677
1583.36,-76.442
1584.04,-76.793
1584.71,-76.831
1585.38,-77.885
1586.05,-76.683
1586.73,-77.345
1587.40,-77.545
1588.07,-74.397
1588.75,-76.135
1589.42,-75.660
1590.09,-75.062
1590.77,-76.336
1591.44,-77.347
1592.11,-74.955
1592.78,-75.419
1593.46,-75.991
1594.13,-75.899
1594.80,-75.701
1595.48,-75.516
1596.15,-74.756
1596.82,-74.083
1597.49,-74.861
1598.17,-74.162
1598.84,-75.433
1599.51,-74.586
1600.19,-73.999
1600.86,-74.956
1601.53,-75.270
1602.20,-75.331
1602.88,-74.777
1603.55,-73.854
1604.22,-74.337
1604.90,-74.341
1605.57,-75.042
1606.24,-73.648
1606.92,-75.087
1607.59,-73.138
1608.26,-75.603
1608.93,-73.508
1609.61,-73.769
1610.28,-73.832
1610.95,-72.111
1611.63,-73.065
1612.30,-74.261
1612.97,-72.578
1613.64,-72.886
1614.32,-70.880
1614.99,-72.806
1615.66,-72.371
1616.34,-72.639
1617.01,-71.202
1617.68,-73.928
1618.35,-74.031
1619.03,-72.907
1619.70,-72.239
1620.37,-71.345
1621.05,-71.758
1621.72,-73.183
1622.39,-72.061
1623.07,-71.530
1623.74,-70.962
1624.41,-70.295
1625.08,-71.924
1625.76,-71.571
1626.43,-70.217
1627.10,-70.757
1627.78,-70.887
1628.45,-70.871
1629.12,-70.981
1629.79,-69.029
1630.47,-70.025
1631.14,-69.299
1631.81,-69.469
1632.49,-67.962
1633.16,-68.768
1633.83,-70.104
1634.50,-70.008
1635.18,-68.753
1635.85,-68.553
1636.52,-70.327
1637.20,-70.017
1637.87,-68.524
1638.54,-68.621
1639.22,-69.169
1639.89,-68.067
1640.56,-68.885
1641.23,-68.566
1641.91,-67.792
1642.58,-67.482
1643.25,-69.241
1643.93,-66.843
1644.60,-68.741
1645.27,-67.036
1645.94,-67.546
1646.62,-66.451
1647.29,-66.564
1647.96,-65.928
1648.64,-67.678
1649.31,-66.620
1649.98,-67.442
1650.65,-68.336
1651.33,-66.778
1652.00,-66.964
1652.67,-66.141
1653.35,-66.911
1654.02,-67.373
1654.69,-67.239
1655.36,-66.975
1656.04,-66.194
1656.71,-66.484
1657.38,-67.950
1658.06,-67.015
1658.73,-67.692
1659.40,-66.018
1660.08,-67.548
1660.75,-67.145
1661.42,-67.266
1662.09,-66.483
1662.77,-66.192
1663.44,-66.157
1664.11,-65.069
1664.79,-67.509
1665.46,-67.256
1666.13,-66.535
1666.80,-66.087
1667.48,-67.809
1668.15,-67.132
1668.82,-68.832
1669.50,-67.104
1670.17,-65.245
1670.84,-66.916
1671.51,-66.420
1672.19,-66.397
1672.86,-65.901
1673.53,-66.728
1674.21,-67.646
1674.88,-67.893
1675.55,-66.881
1676.23,-67.550
1676.90,-67.819
1677.57,-68.499
1678.24,-67.785
1678.92,-68.856
1679.59,-69.002
1680.26,-68.372
1680.94,-70.018
1681.61,-69.740
1682.28,-69.642
1682.95,-69.249
1683.63,-67.646
1684.30,-69.613
1684.97,-70.020
1685.65,-70.783
1686.32,-69.598
1686.99,-70.331
1687.66,-71.766
1688.34,-70.664
1689.01,-70.353
1689.68,-70.503
1690.36,-70.020
1691.03,-70.287
1691.70,-69.997
1692.38,-70.491
1693.05,-71.189
1693.72,-72.246
1694.39,-71.464
1695.07,-70.230
1695.74,-71.169
1696.41,-71.179
1697.09,-71.415
1697.76,-72.118
1698.43,-72.153
1699.10,-71.048
1699.78,-70.692
1700.45,-70.822
1701.12,-71.659
1701.80,-71.820
1702.47,-70.584
1703.14,-71.806
1703.81,-71.465
1704.49,-72.012
1705.16,-72.978
1705.83,-71.835
1706.51,-72.865
1707.18,-71.754
1707.85,-71.858
1708.53,-72.727
1709.20,-72.977
1709.87,-73.864
1710.54,-71.458
1711.22,-73.010
1711.89,-73.495
1712.56,-71.922
1713.24,-73.485
1713.91,-74.212
1714.58,-73.409
1715.25,-74.394
1715.93,-74.667
1716.60,-74.778
1717.27,-74.424
1717.95,-74.130
1718.62,-75.289
1719.29,-76.020
1719.96,-74.018
1720.64,-72.608
1721.31,-74.061
1721.98,-73.492
1722.66,-73.962
1723.33,-74.994
1724.00,-74.194
1724.67,-73.109
1725.35,-74.476
1726.02,-74.241
1726.69,-75.605
1727.37,-72.971
1728.04,-75.273
1728.71,-74.798
1729.39,-76.105
1730.06,-75.525
1730.73,-75.390
1731.40,-75.528
1732.08,-74.140
1732.75,-74.528
1733.42,-75.578
1734.10,-75.028
1734.77,-73.816
1735.44,-74.848
1736.11,-74.951
1736.79,-75.140
1737.46,-76.125
1738.13,-74.991
1738.81,-76.788
1739.48,-76.915
1740.15,-75.526
1740.82,-75.742
1741.50,-75.210
1742.17,-77.565
1742.84,-75.642
1743.52,-75.937
1744.19,-78.321
1744.86,-77.244
1745.54,-75.937
1746.21,-77.127
1746.88,-76.622
1747.55,-75.651
1748.23,-76.370
1748.90,-76.077
1749.57,-75.792
1750.25,-76.064
1750.92,-76.936
1751.59,-76.014
1752.26,-75.400
1752.94,-75.410
1753.61,-77.627
1754.28,-75.223
1754.96,-77.753
1755.63,-75.975
1756.30,-77.495
1756.97,-77.938
1757.65,-77.675
1758.32,-77.854
1758.99,-76.418
1759.67,-77.002
1760.34,-78.087
1761.01,-78.337
1761.69,-76.432
1762.36,-76.451
1763.03,-77.007
1763.70,-78.053
1764.38,-77.105
1765.05,-78.411
1765.72,-78.647
1766.40,-79.233
1767.07,-77.344
1767.74,-78.673
1768.41,-78.261
1769.09,-77.390
1769.76,-79.394
1770.43,-78.463
1771.11,-78.141
1771.78,-77.091
1772.45,-77.767
1773.12,-78.676
1773.80,-77.747
1774.47,-77.748
1775.14,-78.532
1775.82,-76.640
1776.49,-77.242
1777.16,-78.604
1777.84,-79.270
1778.51,-77.761
1779.18,-77.371
1779.85,-78.594
1780.53,-77.632
1781.20,-77.166
1781.87,-78.111
1782.55,-77.995
1783.22,-77.034
1783.89,-77.507
1784.56,-78.834
1785.24,-77.477
1785.91,-78.514
1786.58,-77.524
1787.26,-78.329
1787.93,-78.354
1788.60,-79.374
1789.27,-79.476
1789.95,-78.997
1790.62,-79.075
1791.29,-78.680
1791.97,-77.860
1792.64,-79.369
1793.31,-78.057
1793.98,-79.219
1794.66,-78.496
1795.33,-77.861
1796.00,-79.039
1796.68,-78.977
1797.35,-78.633
1798.02,-79.548
1798.70,-80.854
1799.37,-81.157
1800.04,-79.955
1800.71,-77.767
1801.39,-79.957
1802.06,-79.705
1802.73,-79.088
1803.41,-77.524
1804.08,-78.425
1804.75,-79.000
1805.42,-78.979
1806.10,-79.671
1806.77,-79.359
1807.44,-79.191
1808.12,-79.859
1808.79,-79.292
1809.46,-78.453
1810.13,-78.712
1810.81,-78.249
1811.48,-78.839
1812.15,-80.127
1812.83,-79.611
1813.50,-80.495
1814.17,-80.323
1814.85,-80.156
1815.52,-80.038
1816.19,-80.988
1816.86,-80.377
1817.54,-79.832
1818.21,-79.770
1818.88,-80.078
1819.56,-79.767
1820.23,-79.137
1820.90,-81.789
1821.57,-80.698
1822.25,-79.334
1822.92,-81.118
1823.59,-80.697
1824.27,-80.283
1824.94,-79.391
1825.61,-78.762
1826.28,-80.617
1826.96,-80.759
1827.63,-81.481
1828.30,-81.168
1828.98,-80.456
1829.65,-79.812
1830.32,-79.807
1831.00,-80.025
1831.67,-79.469
1832.34,-80.718
1833.01,-80.384
1833.69,-79.182
1834.36,-79.788
1835.03,-80.141
1835.71,-79.757
1836.38,-80.301
1837.05,-81.393
1837.72,-81.519
1838.40,-80.604
1839.07,-80.045
1839.74,-78.711
1840.42,-80.661
1841.09,-81.300
1841.76,-80.356
1842.43,-79.848
1843.11,-79.766
1843.78,-80.302
1844.45,-78.876
1845.13,-79.356
1845.80,-80.938
1846.47,-79.866
1847.15,-79.632
1847.82,-80.296
1848.49,-79.602
1849.16,-80.828
1849.84,-79.442
1850.51,-80.102
1851.18,-79.990
1851.86,-79.811
1852.53,-81.471
1853.20,-80.492
1853.87,-80.475
1854.55,-80.481
1855.22,-81.394
1855.89,-80.362
1856.57,-80.077
1857.24,-79.743
1857.91,-80.784
1858.58,-80.492
1859.26,-79.781
1859.93,-80.989
1860.60,-80.301
1861.28,-80.091
1861.95,-81.934
1862.62,-81.180
1863.29,-81.246
1863.97,-80.485
1864.64,-80.555
1865.31,-80.315
1865.99,-80.739
1866.66,-79.919
1867.33,-79.737
1868.01,-80.125
1868.68,-79.686
1869.35,-81.570
1870.02,-80.729
1870.70,-79.538
1871.37,-79.976
1872.04,-79.672
1872.72,-80.072
1873.39,-79.429
1874.06,-80.941
1874.73,-80.240
1875.41,-81.538
1876.08,-80.212
1876.75,-80.995
1877.43,-81.345
1878.10,-81.287
1878.77,-79.860
1879.44,-81.166
1880.12,-81.349
1880.79,-81.414
1881.46,-80.670
1882.14,-81.201
1882.81,-79.921
1883.48,-79.815
1884.16,-82.551
1884.83,-81.629
1885.50,-82.798
1886.17,-81.505
1886.85,-80.769
1887.52,-81.452
1888.19,-80.818
1888.87,-81.707
1889.54,-81.045
1890.21,-81.348
1890.88,-78.797
1891.56,-79.918
1892.23,-81.635
1892.90,-80.046
1893.58,-81.506
1894.25,-81.032
1894.92,-78.551
1895.59,-80.188
1896.27,-79.912
1896.94,-80.688
1897.61,-80.437
1898.29,-80.247
1898.96,-80.743
1899.63,-79.873
1900.31,-81.568
1900.98,-80.315
1901.65,-80.884
1902.32,-81.154
1903.00,-81.114
1903.67,-79.654
1904.34,-80.131
1905.02,-80.388
1905.69,-79.892
1906.36,-79.114
1907.03,-79.813
1907.71,-80.304
1908.38,-79.949
1909.05,-80.561
1909.73,-80.622
1910.40,-80.759
1911.07,-79.937
1911.74,-81.637
1912.42,-82.465
1913.09,-80.656
1913.76,-80.236
1914.44,-80.113
1915.11,-80.843
1915.78,-79.799
1916.46,-80.155
1917.13,-82.562
1917.80,-81.201
1918.47,-80.937
1919.15,-79.816
1919.82,-81.097
1920.49,-79.900
1921.17,-81.244
1921.84,-79.293
1922.51,-79.864
1923.18,-79.509
1923.86,-79.552
1924.53,-79.779
1925.20,-80.690
1925.88,-79.303
1926.55,-82.295
1927.22,-81.111
1927.89,-79.230
1928.57,-80.275
1929.24,-79.772
1929.91,-80.212
1930.59,-81.286
1931.26,-80.700
1931.93,-81.095
1932.60,-81.745
1933.28,-80.972
1933.95,-80.779
1934.62,-80.441
1935.30,-80.201
1935.97,-80.148
1936.64,-79.538
1937.32,-80.855
1937.99,-80.816
1938.66,-80.581
1939.33,-80.128
1940.01,-81.718
1940.68,-79.181
1941.35,-80.725
1942.03,-80.000
1942.70,-80.566
1943.37,-80.063
1944.04,-80.145
1944.72,-79.675
1945.39,-80.061
1946.06,-79.754
1946.74,-78.648
1947.41,-79.673
1948.08,-80.281
1948.75,-80.304
1949.43,-79.809
1950.10,-79.147
1950.77,-80.402
1951.45,-79.083
1952.12,-79.638
1952.79,-80.295
1953.47,-79.861
1954.14,-80.521
1954.81,-80.507
1955.48,-80.623
1956.16,-78.977
1956.83,-80.938
1957.50,-80.297
1958.18,-81.080
1958.85,-79.077
1959.52,-79.483
1960.19,-80.448
1960.87,-79.643
1961.54,-80.749
1962.21,-79.984
1962.89,-81.112
1963.56,-79.324
1964.23,-80.633
1964.90,-79.283
1965.58,-79.635
1966.25,-79.412
1966.92,-79.165
1967.60,-80.040
1968.27,-79.459
1968.94,-78.868
1969.62,-79.788
1970.29,-79.239
1970.96,-80.256
1971.63,-80.577
1972.31,-78.849
1972.98,-80.800
1973.65,-79.434
1974.33,-78.569
1975.00,-79.315
1975.67,-81.503
1976.34,-79.627
1977.02,-79.909
1977.69,-78.250
1978.36,-78.775
1979.04,-81.359
1979.71,-78.696
1980.38,-78.798
1981.05,-79.788
1981.73,-79.879
1982.40,-77.859
1983.07,-79.413
1983.75,-80.086
1984.42,-79.391
1985.09,-79.105
1985.77,-79.357
1986.44,-78.265
1987.11,-79.948
1987.78,-79.162
1988.46,-79.294
1989.13,-78.861
1989.80,-79.705
1990.48,-78.483
1991.15,-78.175
1991.82,-80.600
1992.49,-77.777
1993.17,-79.837
1993.84,-78.662
1994.51,-78.844
1995.19,-79.775
1995.86,-79.984
1996.53,-79.680
1997.20,-79.624
1997.88,-78.784
1998.55,-79.575
1999.22,-78.984
1999.90,-78.679
2000.57,-77.870
2001.24,-78.103
2001.91,-78.057
2002.59,-77.135
2003.26,-79.503
2003.93,-78.651
2004.61,-78.696
2005.28,-79.399
2005.95,-78.889
2006.63,-79.011
2007.30,-79.051
2007.97,-79.230
2008.64,-77.321
2009.32,-79.159
2009.99,-79.061
2010.66,-79.991
2011.34,-79.644
2012.01,-78.385
2012.68,-78.847
2013.35,-79.838
2014.03,-78.398
2014.70,-77.704
2015.37,-77.620
2016.05,-78.016
2016.72,-78.742
2017.39,-78.224
2018.06,-78.919
2018.74,-78.795
2019.41,-79.417
2020.08,-80.038
2020.76,-78.687
2021.43,-77.947
2022.10,-78.617
2022.78,-78.151
2023.45,-77.940
2024.12,-76.688
2024.79,-78.134
2025.47,-77.703
2026.14,-77.135
2026.81,-78.613
2027.49,-78.582
2028.16,-78.062
2028.83,-78.303
2029.50,-77.844
2030.18,-77.176
2030.85,-77.751
2031.52,-77.399
2032.20,-77.495
2032.87,-77.464
2033.54,-78.720
2034.21,-79.316
2034.89,-79.203
2035.56,-78.893
2036.23,-78.593
2036.91,-78.126
2037.58,-76.549
2038.25,-76.769
2038.93,-77.685
2039.60,-78.170
2040.27,-77.125
2040.94,-79.131
2041.62,-78.259
2042.29,-77.242
2042.96,-77.915
2043.64,-76.568
2044.31,-77.807
2044.98,-77.524
2045.65,-78.345
2046.33,-77.408
2047.00,-78.174
2047.67,-75.693
2048.35,-78.084
2049.02,-77.549
2049.69,-77.731
2050.36,-76.905
2051.04,-77.567
2051.71,-75.717
2052.38,-76.627
2053.06,-77.442
2053.73,-76.253
2054.40,-77.772
2055.08,-76.878
2055.75,-75.838
2056.42,-77.678
2057.09,-77.460
2057.77,-75.424
2058.44,-76.206
2059.11,-77.751
2059.79,-77.204
2060.46,-76.018
2061.13,-77.774
2061.80,-78.679
2062.48,-76.879
2063.15,-76.728
2063.82,-76.851
2064.50,-77.369
2065.17,-74.628
2065.84,-74.568
2066.51,-73.619
2067.19,-74.932
2067.86,-76.123
2068.53,-77.137
2069.21,-75.982
2069.88,-76.820
2070.55,-75.492
2071.22,-75.301
2071.90,-74.576
2072.57,-75.938
2073.24,-75.442
2073.92,-75.508
2074.59,-74.829
2075.26,-75.357
2075.94,-75.320
2076.61,-75.634
2077.28,-75.517
2077.95,-75.533
2078.63,-75.088
2079.30,-77.056
2079.97,-73.690
2080.65,-76.281
2081.32,-75.641
2081.99,-74.760
2082.66,-74.822
2083.34,-75.055
2084.01,-74.402
2084.68,-73.697
2085.36,-74.302
2086.03,-74.734
2086.70,-73.954
2087.37,-74.658
2088.05,-74.584
2088.72,-75.678
2089.39,-75.243
2090.07,-74.579
2090.74,-72.416
2091.41,-72.847
2092.09,-73.010
2092.76,-73.305
2093.43,-75.237
2094.10,-74.528
2094.78,-73.516
2095.45,-73.362
2096.12,-74.199
2096.80,-73.640
2097.47,-73.865
2098.14,-74.921
2098.81,-74.397
2099.49,-73.527
2100.16,-72.410
2100.83,-72.997
2101.51,-73.813
2102.18,-74.214
2102.85,-73.131
2103.52,-73.359
2104.20,-74.624
2104.87,-73.024
2105.54,-74.496
2106.22,-74.097
2106.89,-72.193
2107.56,-71.995
2108.24,-72.110
2108.91,-73.391
2109.58,-73.994
2110.25,-73.096
2110.93,-72.022
2111.60,-72.003
2112.27,-72.325
2112.95,-72.615
2113.62,-71.625
2114.29,-72.694
2114.96,-73.140
2115.64,-73.097
2116.31,-72.786
2116.98,-72.122
2117.66,-71.595
2118.33,-70.663
2119.00,-71.007
2119.67,-72.679
2120.35,-71.767
2121.02,-72.267
2121.69,-72.693
2122.37,-71.057
2123.04,-71.127
2123.71,-72.509
2124.39,-71.313
2125.06,-70.680
2125.73,-69.994
2126.40,-71.635
2127.08,-71.137
2127.75,-70.519
2128.42,-69.608
2129.10,-69.219
2129.77,-69.708
2130.44,-70.226
2131.11,-71.091
2131.79,-70.595
2132.46,-70.746
2133.13,-71.355
2133.81,-71.093
2134.48,-69.625
2135.15,-71.786
2135.82,-71.023
2136.50,-69.832
2137.17,-69.634
2137.84,-69.888
2138.52,-69.750
2139.19,-69.834
2139.86,-69.484
2140.53,-70.197
2141.21,-68.212
2141.88,-69.376
2142.55,-70.018
2143.23,-70.458
2143.90,-68.855
2144.57,-67.977
2145.25,-67.800
2145.92,-67.572
2146.59,-67.793
2147.26,-67.977
2147.94,-68.249
2148.61,-67.085
2149.28,-69.775
2149.96,-67.738
2150.63,-69.300
2151.30,-68.912
2151.97,-68.573
2152.65,-69.023
2153.32,-68.070
2153.99,-67.382
2154.67,-68.708
2155.34,-69.088
2156.01,-67.200
2156.68,-66.340
2157.36,-67.284
2158.03,-67.769
2158.70,-65.800
2159.38,-66.075
2160.05,-65.054
2160.72,-65.261
2161.40,-66.652
2162.07,-65.606
2162.74,-65.113
2163.41,-63.998
2164.09,-65.670
2164.76,-65.102
2165.43,-66.734
2166.11,-65.152
2166.78,-65.134
2167.45,-65.266
2168.12,-64.751
2168.80,-65.655
2169.47,-63.899
2170.14,-63.754
2170.82,-64.127
2171.49,-64.853
2172.16,-64.177
2172.83,-63.968
2173.51,-64.415
2174.18,-63.719
2174.85,-64.276
2175.53,-63.902
2176.20,-63.901
2176.87,-63.304
2177.55,-63.965
2178.22,-64.803
2178.89,-63.853
2179.56,-64.611
2180.24,-63.935
2180.91,-64.149
2181.58,-63.530
2182.26,-63.427
2182.93,-65.127
2183.60,-62.536
2184.27,-61.383
2184.95,-62.423
2185.62,-61.768
2186.29,-61.749
2186.97,-61.591
2187.64,-62.058
2188.31,-61.349
2188.98,-60.712
2189.66,-63.533
2190.33,-62.283
2191.00,-61.347
2191.68,-60.315
2192.35,-60.704
2193.02,-62.087
2193.70,-62.537
2194.37,-61.943
2195.04,-60.843
2195.71,-59.579
2196.39,-60.431
2197.06,-60.404
2197.73,-60.664
2198.41,-61.906
2199.08,-59.690
2199.75,-61.651
2200.42,-60.700
2201.10,-60.784
2201.77,-61.981
2202.44,-61.042
2203.12,-61.793
2203.79,-61.528
2204.46,-61.286
2205.13,-63.443
2205.81,-61.000
2206.48,-61.887
2207.15,-61.410
2207.83,-62.387
2208.50,-62.118
2209.17,-62.354
2209.84,-62.499
2210.52,-62.828
2211.19,-61.387
2211.86,-62.991
2212.54,-63.897
2213.21,-62.674
2213.88,-63.337
2214.56,-63.325
2215.23,-62.960
2215.90,-61.433
2216.57,-63.429
2217.25,-61.681
2217.92,-62.793
2218.59,-63.380
2219.27,-64.305
2219.94,-63.851
2220.61,-64.736
2221.28,-63.668
2221.96,-62.815
2222.63,-63.765
2223.30,-63.044
2223.98,-64.135
2224.65,-64.185
2225.32,-64.222
2225.99,-66.131
2226.67,-65.020
2227.34,-63.756
2228.01,-65.788
2228.69,-64.612
2229.36,-64.908
2230.03,-65.098
2230.71,-66.203
2231.38,-65.192
2232.05,-64.673
2232.72,-65.216
2233.40,-66.578
2234.07,-65.800
2234.74,-65.430
2235.42,-65.833
2236.09,-65.192
2236.76,-64.936
2237.43,-63.945
2238.11,-65.341
2238.78,-66.159
2239.45,-66.786
2240.13,-66.111
2240.80,-65.468
2241.47,-66.370
2242.14,-66.638
2242.82,-66.589
2243.49,-65.969
2244.16,-66.810
2244.84,-67.935
2245.51,-67.066
2246.18,-66.201
2246.86,-66.021
2247.53,-66.788
2248.20,-67.350
2248.87,-67.951
2249.55,-66.765
2250.22,-66.282
2250.89,-66.327
2251.57,-68.391
2252.24,-67.839
2252.91,-66.451
2253.58,-69.159
2254.26,-68.796
2254.93,-67.616
2255.60,-68.271
2256.28,-67.503
2256.95,-69.448
2257.62,-69.333
2258.29,-69.429
2258.97,-69.202
2259.64,-68.888
2260.31,-68.835
2260.99,-67.450
2261.66,-69.743
2262.33,-67.569
2263.01,-69.214
2263.68,-68.361
2264.35,-68.646
2265.02,-69.984
2265.70,-69.776
2266.37,-68.893
2267.04,-69.243
2267.72,-69.529
2268.39,-69.567
2269.06,-70.993
2269.73,-69.261
2270.41,-69.807
2271.08,-70.964
2271.75,-70.554
2272.43,-69.297
2273.10,-69.955
2273.77,-71.014
2274.44,-68.620
2275.12,-69.117
2275.79,-70.670
2276.46,-70.204
2277.14,-70.511
2277.81,-71.001
2278.48,-69.032
2279.15,-69.909
2279.83,-70.244
2280.50,-70.698
2281.17,-69.951
2281.85,-71.533
2282.52,-70.625
2283.19,-70.746
2283.87,-70.637
2284.54,-70.916
2285.21,-71.106
2285.88,-70.266
2286.56,-70.334
2287.23,-69.953
2287.90,-69.694
2288.58,-72.727
2289.25,-70.753
2289.92,-71.674
2290.59,-71.488
2291.27,-70.725
2291.94,-70.603
2292.61,-71.338
2293.29,-71.255
2293.96,-71.506
2294.63,-71.978
2295.30,-73.231
2295.98,-71.913
2296.65,-71.059
2297.32,-71.703
2298.00,-71.548
2298.67,-71.157
2299.34,-71.060
2300.02,-70.808
2300.69,-72.120
2301.36,-71.636
2302.03,-71.806
2302.71,-69.903
2303.38,-69.901
2304.05,-71.416
2304.73,-72.241
2305.40,-73.126
2306.07,-71.325
2306.74,-70.858
2307.42,-72.613
2308.09,-72.875
2308.76,-72.418
2309.44,-73.124
2310.11,-74.687
2310.78,-72.214
2311.45,-72.287
2312.13,-72.495
2312.80,-72.705
2313.47,-72.047
2314.15,-72.427
2314.82,-73.316
2315.49,-72.504
2316.17,-72.347
2316.84,-71.822
2317.51,-72.778
2318.18,-73.348
2318.86,-72.924
2319.53,-71.670
2320.20,-71.498
2320.88,-72.495
2321.55,-71.495
2322.22,-73.226
2322.89,-73.607
2323.57,-73.538
2324.24,-71.184
2324.91,-71.164
2325.59,-71.340
2326.26,-71.233
2326.93,-72.529
2327.60,-73.211
2328.28,-72.563
2328.95,-74.242
2329.62,-73.866
2330.30,-72.506
2330.97,-74.003
2331.64,-72.862
2332.32,-72.214
2332.99,-73.458
2333.66,-72.584
2334.33,-73.317
2335.01,-72.771
2335.68,-72.445
2336.35,-73.396
2337.03,-72.648
2337.70,-73.087
2338.37,-73.791
2339.04,-72.432
2339.72,-73.427
2340.39,-73.881
2341.06,-73.181
2341.74,-72.736
2342.41,-73.315
2343.08,-73.155
2343.75,-73.466
2344.43,-74.247
2345.10,-72.793
2345.77,-72.457
2346.45,-72.104
2347.12,-74.116
2347.79,-73.507
2348.46,-72.497
2349.14,-73.385
2349.81,-70.956
2350.48,-72.090
2351.16,-73.612
2351.83,-74.192
2352.50,-72.768
2353.18,-71.848
2353.85,-72.935
2354.52,-74.111
2355.19,-74.335
2355.87,-73.273
2356.54,-74.775
2357.21,-74.510
2357.89,-73.920
2358.56,-73.939
2359.23,-73.622
2359.90,-74.174
2360.58,-73.774
2361.25,-73.668
2361.92,-73.345
2362.60,-73.512
2363.27,-74.916
2363.94,-74.518
2364.61,-74.047
2365.29,-74.763
2365.96,-74.205
2366.63,-74.362
2367.31,-73.393
2367.98,-73.784
2368.65,-73.579
2369.33,-74.398
2370.00,-74.150
2370.67,-75.194
2371.34,-75.105
2372.02,-74.026
2372.69,-73.857
2373.36,-73.981
2374.04,-74.734
2374.71,-74.486
2375.38,-74.894
2376.05,-72.659
2376.73,-74.509
2377.40,-74.634
2378.07,-75.768
2378.75,-74.208
2379.42,-73.579
2380.09,-74.125
2380.76,-74.402
2381.44,-72.799
2382.11,-73.408
2382.78,-73.551
2383.46,-73.539
2384.13,-74.014
2384.80,-74.927
2385.48,-73.290
2386.15,-74.506
2386.82,-73.469
2387.49,-73.947
2388.17,-73.935
2388.84,-74.790
2389.51,-75.118
2390.19,-73.620
2390.86,-73.958
2391.53,-73.884
2392.20,-73.111
2392.88,-73.241
2393.55,-73.437
2394.22,-72.725
2394.90,-73.792
2395.57,-73.498
2396.24,-75.236
2396.91,-73.829
2397.59,-72.907
2398.26,-73.854
2398.93,-74.290
2399.61,-74.446
2400.28,-74.986
2400.95,-73.323
2401.63,-74.065
2402.30,-73.560
2402.97,-74.219
2403.64,-73.887
2404.32,-75.536
2404.99,-75.918
2405.66,-73.944
2406.34,-75.368
2407.01,-75.108
2407.68,-74.495
2408.35,-75.214
2409.03,-74.893
2409.70,-75.176
2410.37,-75.622
2411.05,-72.393
2411.72,-73.255
2412.39,-72.548
2413.06,-73.151
2413.74,-72.907
2414.41,-74.717
2415.08,-75.138
2415.76,-75.236
2416.43,-75.380
2417.10,-74.247
2417.77,-74.692
2418.45,-75.469
2419.12,-73.150
2419.79,-73.438
2420.47,-73.587
2421.14,-75.206
2421.81,-75.004
2422.49,-74.618
2423.16,-75.796
2423.83,-75.742
2424.50,-73.484
2425.18,-73.642
2425.85,-74.006
2426.52,-73.945
2427.20,-73.721
2427.87,-75.658
2428.54,-74.600
2429.21,-72.777
2429.89,-73.996
2430.56,-74.273
2431.23,-74.730
2431.91,-74.177
2432.58,-73.985
2433.25,-73.285
2433.92,-73.138
2434.60,-75.372
2435.27,-75.616
2435.94,-76.058
2436.62,-75.274
2437.29,-74.128
2437.96,-73.789
2438.64,-73.000
2439.31,-74.089
2439.98,-74.760
2440.65,-74.738
2441.33,-74.743
2442.00,-74.257
2442.67,-73.859
2443.35,-74.304
2444.02,-73.581
2444.69,-74.171
2445.36,-73.921
2446.04,-72.995
2446.71,-74.098
2447.38,-75.264
2448.06,-74.578
2448.73,-74.950
2449.40,-74.440
2450.07,-73.682
2450.75,-75.966
2451.42,-74.490
2452.09,-74.718
2452.77,-74.911
2453.44,-74.338
2454.11,-72.998
2454.79,-75.574
2455.46,-73.853
2456.13,-73.171
2456.80,-73.528
2457.48,-73.338
2458.15,-73.816
2458.82,-73.296
2459.50,-73.589
2460.17,-74.780
2460.84,-73.277
2461.51,-73.850
2462.19,-73.655
2462.86,-74.687
2463.53,-73.414
2464.21,-73.376
2464.88,-74.030
2465.55,-73.628
2466.22,-74.408
2466.90,-74.014
2467.57,-74.896
2468.24,-73.483
2468.92,-72.090
2469.59,-73.932
2470.26,-73.213
2470.94,-74.633
2471.61,-73.652
2472.28,-74.528
2472.95,-73.110
2473.63,-72.033
2474.30,-72.942
2474.97,-73.829
2475.65,-73.008
2476.32,-73.069
2476.99,-74.246
2477.66,-74.442
2478.34,-73.221
2479.01,-72.558
2479.68,-73.478
2480.36,-73.337
2481.03,-72.769
2481.70,-74.055
2482.37,-74.326
2483.05,-74.159
2483.72,-73.877
2484.39,-74.657
2485.07,-73.516
2485.74,-74.128
2486.41,-73.311
2487.08,-73.188
2487.76,-73.062
2488.43,-73.867
2489.10,-75.706
2489.78,-74.353
2490.45,-73.768
2491.12,-72.849
2491.80,-72.621
2492.47,-73.516
2493.14,-72.804
2493.81,-72.014
2494.49,-71.881
2495.16,-71.822
2495.83,-73.884
2496.51,-73.134
2497.18,-73.935
2497.85,-73.013
2498.52,-71.840
2499.20,-73.550
2499.87,-72.544
2500.54,-72.691
2501.22,-74.025
2501.89,-72.181
2502.56,-70.740
2503.23,-73.866
2503.91,-73.868
2504.58,-72.147
2505.25,-72.271
2505.93,-73.804
2506.60,-73.852
2507.27,-73.407
2507.95,-72.514
2508.62,-74.405
2509.29,-73.494
2509.96,-73.158
2510.64,-71.362
2511.31,-72.889
2511.98,-73.565
2512.66,-71.924
2513.33,-72.533
2514.00,-72.926
2514.67,-73.264
2515.35,-72.269
2516.02,-72.452
2516.69,-73.911
2517.37,-72.026
2518.04,-71.973
2518.71,-71.914
2519.38,-71.908
2520.06,-71.920
2520.73,-72.435
2521.40,-73.078
2522.08,-72.940
2522.75,-72.816
2523.42,-72.059
2524.10,-72.582
2524.77,-72.548
2525.44,-73.077
2526.11,-72.076
2526.79,-72.697
2527.46,-70.493
2528.13,-71.442
2528.81,-72.394
2529.48,-72.906
2530.15,-72.118
2530.82,-72.026
2531.50,-71.235
2532.17,-71.330
2532.84,-71.425
2533.52,-73.345
2534.19,-71.803
2534.86,-72.467
2535.53,-73.049
2536.21,-73.211
2536.88,-72.041
2537.55,-71.298
2538.23,-71.545
2538.90,-72.251
2539.57,-70.156
2540.25,-72.439
2540.92,-73.423
2541.59,-73.091
2542.26,-72.753
2542.94,-71.470
2543.61,-70.973
2544.28,-72.273
2544.96,-72.202
2545.63,-72.284
2546.30,-71.760
2546.97,-71.315
2547.65,-72.558
2548.32,-71.924
2548.99,-72.934
2549.67,-73.006
2550.34,-72.874
2551.01,-70.510
2551.68,-72.572
2552.36,-71.792
2553.03,-70.094
2553.70,-71.984
2554.38,-73.374
2555.05,-71.385
2555.72,-72.300
2556.39,-70.160
2557.07,-70.158
2557.74,-71.063
2558.41,-71.206
2559.09,-71.735
2559.76,-71.789
2560.43,-71.208
2561.11,-71.337
2561.78,-70.096
2562.45,-70.504
2563.12,-70.338
2563.80,-70.013
2564.47,-70.571
2565.14,-70.848
2565.82,-70.457
2566.49,-70.818
2567.16,-69.861
2567.83,-69.920
2568.51,-70.755
2569.18,-70.727
2569.85,-71.542
2570.53,-70.912
2571.20,-71.097
2571.87,-70.427
2572.54,-70.325
2573.22,-69.616
2573.89,-70.061
2574.56,-68.822
2575.24,-71.053
2575.91,-69.685
2576.58,-69.905
2577.26,-70.260
2577.93,-70.593
2578.60,-69.964
2579.27,-69.893
2579.95,-70.761
2580.62,-71.136
2581.29,-70.948
2581.97,-69.110
2582.64,-69.232
2583.31,-69.714
2583.98,-69.553
2584.66,-70.864
2585.33,-68.538
2586.00,-70.258
2586.68,-69.702
2587.35,-70.127
2588.02,-69.536
2588.69,-71.283
2589.37,-70.397
2590.04,-69.894
2590.71,-69.937
2591.39,-70.632
2592.06,-68.250
2592.73,-69.123
2593.41,-70.458
2594.08,-70.089
2594.75,-70.008
2595.42,-68.933
2596.10,-70.400
2596.77,-69.883
2597.44,-70.944
2598.12,-69.196
2598.79,-70.667
2599.46,-69.207
2600.13,-68.999
2600.81,-67.833
2601.48,-67.608
2602.15,-68.532
2602.83,-69.473
2603.50,-67.943
2604.17,-69.542
2604.84,-68.158
2605.52,-67.894
2606.19,-67.568
2606.86,-67.837
2607.54,-67.908
2608.21,-68.270
2608.88,-67.515
2609.56,-67.595
2610.23,-68.609
2610.90,-68.457
2611.57,-67.115
2612.25,-67.244
2612.92,-68.313
2613.59,-68.662
2614.27,-67.227
2614.94,-66.798
2615.61,-68.607
2616.28,-67.816
2616.96,-69.398
2617.63,-66.962
2618.30,-66.793
2618.98,-68.176
2619.65,-66.612
2620.32,-67.382
2620.99,-66.733
2621.67,-67.670
2622.34,-66.346
2623.01,-66.632
2623.69,-66.313
2624.36,-67.277
2625.03,-68.535
2625.70,-66.456
2626.38,-66.715
2627.05,-66.579
2627.72,-66.037
2628.40,-67.265
2629.07,-66.416
2629.74,-66.459
2630.42,-64.580
2631.09,-65.484
2631.76,-67.221
2632.43,-67.247
2633.11,-65.893
2633.78,-67.231
2634.45,-67.065
2635.13,-65.689
2635.80,-65.592
2636.47,-67.401
2637.14,-66.805
2637.82,-66.347
2638.49,-66.501
2639.16,-65.812
2639.84,-66.304
2640.51,-65.674
2641.18,-65.503
2641.85,-65.179
2642.53,-63.836
2643.20,-65.341
2643.87,-66.249
2644.55,-67.086
2645.22,-65.632
2645.89,-65.599
2646.57,-64.515
2647.24,-66.697
2647.91,-64.859
2648.58,-64.570
2649.26,-64.986
2649.93,-65.594
2650.60,-64.215
2651.28,-65.309
2651.95,-64.578
2652.62,-64.792
2653.29,-64.486
2653.97,-64.823
2654.64,-65.559
2655.31,-64.841
2655.99,-64.460
2656.66,-62.584
2657.33,-62.840
2658.00,-65.310
2658.68,-62.830
2659.35,-63.365
2660.02,-64.716
2660.70,-65.195
2661.37,-64.430
2662.04,-62.939
2662.72,-64.567
2663.39,-64.109
2664.06,-63.297
2664.73,-64.654
2665.41,-64.491
2666.08,-63.264
2666.75,-63.433
2667.43,-63.001
2668.10,-63.037
2668.77,-62.285
2669.44,-61.156
2670.12,-62.628
2670.79,-62.657
2671.46,-61.771
2672.14,-61.354
2672.81,-61.521
2673.48,-62.420
2674.15,-61.025
2674.83,-62.344
2675.50,-61.372
2676.17,-63.592
2676.85,-61.707
2677.52,-61.579
2678.19,-60.959
2678.87,-61.025
2679.54,-60.754
2680.21,-60.571
2680.88,-60.668
2681.56,-59.949
2682.23,-61.513
2682.90,-61.534
2683.58,-61.655
2684.25,-61.341
2684.92,-61.995
2685.59,-61.209
2686.27,-59.498
2686.94,-61.292
2687.61,-60.569
2688.29,-59.435
2688.96,-59.719
2689.63,-59.536
2690.30,-60.272
2690.98,-60.220
2691.65,-59.088
2692.32,-60.380
2693.00,-59.579
2693.67,-59.087
2694.34,-59.802
2695.01,-59.945
2695.69,-58.814
2696.36,-59.836
2697.03,-58.671
2697.71,-59.183
2698.38,-58.697
2699.05,-58.143
2699.73,-58.568
2700.40,-58.953
2701.07,-58.041
2701.74,-59.374
2702.42,-58.299
2703.09,-58.202
2703.76,-58.663
2704.44,-59.328
2705.11,-59.619
2705.78,-58.378
2706.45,-57.308
2707.13,-59.206
2707.80,-57.491
2708.47,-58.245
2709.15,-58.660
2709.82,-58.343
2710.49,-57.423
2711.16,-56.841
2711.84,-58.043
2712.51,-58.749
2713.18,-57.866
2713.86,-57.306
2714.53,-56.731
2715.20,-57.193
2715.88,-56.280
2716.55,-56.441
2717.22,-56.372
2717.89,-58.135
2718.57,-56.426
2719.24,-56.333
2719.91,-55.177
2720.59,-56.245
2721.26,-57.825
2721.93,-57.072
2722.60,-56.501
2723.28,-56.585
2723.95,-54.547
2724.62,-54.382
2725.30,-56.316
2725.97,-55.254
2726.64,-54.774
2727.31,-54.491
2727.99,-54.768
2728.66,-55.519
2729.33,-55.203
2730.01,-54.408
2730.68,-54.897
2731.35,-55.307
2732.03,-57.279
2732.70,-57.053
2733.37,-56.819
2734.04,-56.682
2734.72,-56.247
2735.39,-55.902
2736.06,-55.975
2736.74,-55.482
2737.41,-54.744
2738.08,-54.306
2738.75,-54.564
2739.43,-55.231
2740.10,-55.527
2740.77,-56.185
2741.45,-55.976
2742.12,-55.264
2742.79,-54.743
2743.46,-55.642
2744.14,-55.645
2744.81,-56.378
2745.48,-56.014
2746.16,-54.586
2746.83,-55.373
2747.50,-55.368
2748.18,-54.918
2748.85,-54.354
2749.52,-56.417
2750.19,-56.034
2750.87,-56.128
2751.54,-56.511
2752.21,-55.140
2752.89,-57.560
2753.56,-55.819
2754.23,-54.866
2754.90,-55.280
2755.58,-56.884
2756.25,-55.631
2756.92,-56.021
2757.60,-55.979
2758.27,-56.196
2758.94,-55.969
2759.61,-56.559
2760.29,-58.212
2760.96,-57.430
2761.63,-56.715
2762.31,-55.900
2762.98,-55.980
2763.65,-55.490
2764.32,-55.906
2765.00,-58.798
2765.67,-58.105
2766.34,-58.846
2767.02,-58.119
2767.69,-57.125
2768.36,-56.553
2769.04,-58.060
2769.71,-57.047
2770.38,-57.211
2771.05,-58.721
2771.73,-57.329
2772.40,-59.493
2773.07,-57.724
2773.75,-58.466
2774.42,-57.438
2775.09,-58.042
2775.76,-57.637
2776.44,-57.768
2777.11,-59.318
2777.78,-57.432
2778.46,-58.341
2779.13,-57.625
2779.80,-57.158
2780.47,-59.014
2781.15,-58.333
2781.82,-59.253
2782.49,-58.937
2783.17,-58.585
2783.84,-58.777
2784.51,-59.345
2785.19,-59.495
2785.86,-59.002
2786.53,-59.748
2787.20,-60.399
2787.88,-59.779
2788.55,-60.685
2789.22,-59.094
2789.90,-59.360
2790.57,-58.500
2791.24,-60.271
2791.91,-60.523
2792.59,-58.512
2793.26,-58.914
2793.93,-58.950
2794.61,-59.677
2795.28,-60.149
2795.95,-59.631
2796.62,-59.756
2797.30,-58.145
2797.97,-59.170
2798.64,-60.023
2799.32,-60.152
2799.99,-58.682
2800.66,-61.059
2801.34,-60.846
2802.01,-59.755
2802.68,-61.607
2803.35,-61.950
2804.03,-58.745
2804.70,-61.135
2805.37,-60.508
2806.05,-60.470
2806.72,-60.343
2807.39,-60.576
2808.06,-61.671
2808.74,-60.813
2809.41,-60.566
2810.08,-60.334
2810.76,-60.856
2811.43,-59.853
2812.10,-60.867
2812.77,-60.843
2813.45,-60.267
2814.12,-60.721
2814.79,-60.378
2815.47,-61.905
2816.14,-62.319
2816.81,-62.208
2817.49,-60.827
2818.16,-62.029
2818.83,-62.337
2819.50,-61.261
2820.18,-61.587
2820.85,-60.708
2821.52,-62.569
2822.20,-61.743
2822.87,-61.308
2823.54,-61.171
2824.21,-61.445
2824.89,-61.663
2825.56,-61.608
2826.23,-61.625
2826.91,-62.506
2827.58,-63.488
2828.25,-63.012
2828.92,-62.897
2829.60,-63.094
2830.27,-64.502
2830.94,-62.361
2831.62,-62.098
2832.29,-63.746
2832.96,-62.689
2833.63,-63.371
2834.31,-61.874
2834.98,-63.189
2835.65,-63.902
2836.33,-63.586
2837.00,-62.525
2837.67,-63.352
2838.35,-62.853
2839.02,-62.948
2839.69,-63.392
2840.36,-63.409
2841.04,-63.211
2841.71,-62.802
2842.38,-64.159
2843.06,-62.422
2843.73,-64.100
2844.40,-63.948
2845.07,-62.579
2845.75,-63.090
2846.42,-62.923
2847.09,-61.483
2847.77,-63.713
2848.44,-61.351
2849.11,-62.907
2849.78,-61.661
2850.46,-63.978
2851.13,-62.176
2851.80,-62.473
2852.48,-63.001
2853.15,-63.327
2853.82,-63.391
2854.50,-64.800
2855.17,-63.035
2855.84,-65.175
2856.51,-62.629
2857.19,-64.338
2857.86,-63.375
2858.53,-64.883
2859.21,-64.127
2859.88,-61.426
2860.55,-63.618
2861.22,-62.535
2861.90,-64.040
2862.57,-63.639
2863.24,-63.914
2863.92,-65.055
2864.59,-65.839
2865.26,-64.544
2865.93,-63.309
2866.61,-64.237
2867.28,-63.587
2867.95,-65.169
2868.63,-64.148
2869.30,-64.550
2869.97,-63.154
2870.65,-62.529
2871.32,-63.026
2871.99,-63.698
2872.66,-63.691
2873.34,-62.888
2874.01,-62.739
2874.68,-64.729
2875.36,-63.876
2876.03,-64.120
2876.70,-63.267
2877.37,-64.017
2878.05,-65.378
2878.72,-64.137
2879.39,-64.196
2880.07,-63.850
2880.74,-63.666
2881.41,-65.418
2882.08,-65.029
2882.76,-63.504
2883.43,-63.095
2884.10,-64.114
2884.78,-64.530
2885.45,-63.438
2886.12,-65.124
2886.80,-65.429
2887.47,-64.392
2888.14,-63.895
2888.81,-63.890
2889.49,-64.815
2890.16,-64.763
2890.83,-64.086
2891.51,-64.355
2892.18,-64.736
2892.85,-64.131
2893.52,-64.432
2894.20,-65.380
2894.87,-65.850
2895.54,-64.430
2896.22,-63.403
2896.89,-64.523
2897.56,-65.541
2898.23,-67.484
2898.91,-64.626
2899.58,-63.657
2900.25,-65.403
2900.93,-65.295
2901.60,-65.783
2902.27,-63.208
2902.94,-64.404
2903.62,-64.971
2904.29,-65.460
2904.96,-66.457
2905.64,-65.318
2906.31,-65.118
2906.98,-65.081
2907.66,-66.396
2908.33,-64.100
2909.00,-65.967
2909.67,-65.499
2910.35,-65.595
2911.02,-66.383
2911.69,-64.323
2912.37,-63.548
2913.04,-65.815
2913.71,-65.827
2914.38,-64.931
2915.06,-63.737
2915.73,-64.324
2916.40,-66.781
2917.08,-66.332
2917.75,-65.244
2918.42,-65.579
2919.09,-65.002
2919.77,-64.100
2920.44,-65.516
2921.11,-65.657
2921.79,-64.397
2922.46,-64.905
2923.13,-64.374
2923.81,-65.712
2924.48,-66.431
2925.15,-63.657
2925.82,-65.283
2926.50,-65.381
2927.17,-65.476
2927.84,-65.787
2928.52,-64.100
2929.19,-65.049
2929.86,-65.936
2930.53,-66.105
2931.21,-65.828
2931.88,-64.876
2932.55,-64.202
2933.23,-65.908
2933.90,-65.943
2934.57,-66.601
2935.24,-66.392
2935.92,-66.017
2936.59,-64.931
2937.26,-64.731
2937.94,-64.111
2938.61,-65.230
2939.28,-65.942
2939.96,-64.793
2940.63,-63.273
2941.30,-64.325
2941.97,-65.727
2942.65,-66.338
2943.32,-64.716
2943.99,-65.515
2944.67,-65.159
2945.34,-64.362
2946.01,-64.411
2946.68,-65.264
2947.36,-66.114
2948.03,-65.785
2948.70,-65.091
2949.38,-65.589
2950.05,-64.333
2950.72,-65.141
2951.39,-65.355
2952.07,-65.990
2952.74,-67.390
2953.41,-66.923
2954.09,-66.142
2954.76,-65.542
2955.43,-65.707
2956.11,-65.228
2956.78,-64.960
2957.45,-66.016
2958.12,-66.837
2958.80,-65.424
2959.47,-66.227
2960.14,-66.345
2960.82,-65.163
2961.49,-65.304
2962.16,-66.336
2962.83,-65.661
2963.51,-67.511
2964.18,-65.693
2964.85,-66.094
2965.53,-65.995
2966.20,-66.046
2966.87,-65.829
2967.54,-67.027
2968.22,-65.551
2968.89,-66.564
2969.56,-64.042
2970.24,-66.432
2970.91,-66.836
2971.58,-66.030
2972.25,-66.784
2972.93,-65.347
2973.60,-65.634
2974.27,-66.643
2974.95,-66.104
2975.62,-65.907
2976.29,-65.288
2976.97,-65.709
2977.64,-66.636
2978.31,-67.085
2978.98,-66.258
2979.66,-64.493
2980.33,-65.527
2981.00,-65.514
2981.68,-65.458
2982.35,-65.539
2983.02,-66.011
2983.69,-65.691
2984.37,-65.985
2985.04,-66.845
2985.71,-66.845
2986.39,-64.835
2987.06,-65.745
2987.73,-65.287
2988.40,-64.258
2989.08,-65.534
2989.75,-66.641
2990.42,-65.526
2991.10,-65.889
2991.77,-64.962
2992.44,-65.452
2993.12,-65.132
2993.79,-65.913
2994.46,-65.305
2995.13,-66.492
2995.81,-65.265
2996.48,-65.374
2997.15,-65.602
2997.83,-65.135
2998.50,-65.824
2999.17,-66.104
2999.84,-65.680
3000.52,-66.305
3001.19,-65.892
3001.86,-65.105
3002.54,-66.393
3003.21,-66.899
3003.88,-66.559
3004.55,-66.649
3005.23,-67.592
3005.90,-66.505
3006.57,-65.778
3007.25,-67.380
3007.92,-67.280
3008.59,-67.370
3009.27,-67.363
3009.94,-66.672
3010.61,-66.523
3011.28,-65.838
3011.96,-65.816
3012.63,-65.862
3013.30,-66.960
3013.98,-67.372
3014.65,-65.869
3015.32,-67.718
3015.99,-66.324
3016.67,-66.102
3017.34,-65.100
3018.01,-65.879
3018.69,-65.138
3019.36,-65.631
3020.03,-66.995
3020.70,-66.730
3021.38,-66.237
3022.05,-65.838
3022.72,-65.575
3023.40,-65.839
3024.07,-65.337
3024.74,-65.785
3025.42,-65.116
3026.09,-67.199
3026.76,-65.705
3027.43,-66.282
3028.11,-65.069
3028.78,-65.318
3029.45,-65.129
3030.13,-65.746
3030.80,-66.831
3031.47,-66.352
3032.14,-65.621
3032.82,-66.322
3033.49,-65.710
3034.16,-66.635
3034.84,-65.025
3035.51,-65.819
3036.18,-65.053
3036.85,-65.062
3037.53,-65.948
3038.20,-66.028
3038.87,-64.911
3039.55,-66.269
3040.22,-66.605
3040.89,-66.876
3041.56,-67.432
3042.24,-66.065
3042.91,-65.286
3043.58,-67.472
3044.26,-65.955
3044.93,-65.989
3045.60,-66.231
3046.28,-67.523
3046.95,-66.306
3047.62,-66.502
3048.29,-65.544
3048.97,-67.001
3049.64,-66.491
3050.31,-64.613
3050.99,-66.593
3051.66,-65.671
3052.33,-65.481
3053.00,-67.282
3053.68,-65.108
3054.35,-65.542
3055.02,-65.369
3055.70,-65.509
3056.37,-65.167
3057.04,-66.389
3057.71,-65.403
3058.39,-65.728
3059.06,-66.273
3059.73,-64.999
3060.41,-65.073
3061.08,-65.460
3061.75,-66.217
3062.43,-64.304
3063.10,-68.047
3063.77,-65.833
3064.44,-64.556
3065.12,-66.250
3065.79,-64.417
3066.46,-65.108
3067.14,-65.724
3067.81,-65.471
3068.48,-66.440
3069.15,-66.704
3069.83,-65.545
3070.50,-67.056
3071.17,-66.088
3071.85,-66.843
3072.52,-64.916
3073.19,-65.780
3073.86,-65.155
3074.54,-66.312
3075.21,-66.087
3075.88,-65.801
3076.56,-66.346
3077.23,-65.061
3077.90,-64.936
3078.58,-65.985
3079.25,-65.879
3079.92,-66.052
3080.59,-66.208
3081.27,-65.113
3081.94,-65.815
3082.61,-64.466
3083.29,-66.730
3083.96,-67.452
3084.63,-67.046
3085.30,-67.112
3085.98,-65.444
3086.65,-64.458
3087.32,-64.800
3088.00,-65.980
3088.67,-65.251
3089.34,-65.530
3090.01,-67.927
3090.69,-66.668
3091.36,-64.881
3092.03,-66.897
3092.71,-66.129
3093.38,-66.316
3094.05,-64.086
3094.73,-63.624
3095.40,-65.627
3096.07,-64.802
3096.74,-66.625
3097.42,-66.208
3098.09,-64.917
3098.76,-65.220
3099.44,-65.043
3100.11,-65.035
3100.78,-65.112
3101.45,-65.903
3102.13,-64.954
3102.80,-65.795
3103.47,-66.205
3104.15,-65.436
3104.82,-66.306
3105.49,-65.882
3106.16,-65.416
3106.84,-63.193
3107.51,-65.116
3108.18,-65.088
3108.86,-64.040
3109.53,-64.304
3110.20,-65.848
3110.87,-64.747
3111.55,-64.195
3112.22,-64.995
3112.89,-65.863
3113.57,-64.358
3114.24,-63.215
3114.91,-64.210
3115.59,-65.164
3116.26,-64.864
3116.93,-64.887
3117.60,-65.252
3118.28,-65.373
3118.95,-64.881
3119.62,-64.872
3120.30,-64.046
3120.97,-63.929
3121.64,-65.386
3122.31,-64.546
3122.99,-65.378
3123.66,-65.428
3124.33,-65.020
3125.01,-65.058
3125.68,-65.665
3126.35,-65.580
3127.02,-63.417
3127.70,-63.363
3128.37,-65.442
3129.04,-65.318
3129.72,-65.569
3130.39,-65.391
3131.06,-64.926
3131.74,-64.666
3132.41,-64.514
3133.08,-63.895
3133.75,-63.402
3134.43,-65.251
3135.10,-64.153
3135.77,-65.314
3136.45,-64.622
3137.12,-63.771
3137.79,-64.325
3138.46,-64.123
3139.14,-63.426
3139.81,-64.453
3140.48,-63.664
3141.16,-65.240
3141.83,-64.221
3142.50,-64.543
3143.17,-63.073
3143.85,-64.182
3144.52,-64.690
3145.19,-63.194
3145.87,-65.468
3146.54,-65.894
3147.21,-63.724
3147.89,-63.644
3148.56,-64.680
3149.23,-64.415
3149.90,-64.009
3150.58,-63.801
3151.25,-63.883
3151.92,-64.115
3152.60,-63.512
3153.27,-65.131
3153.94,-62.753
3154.61,-62.773
3155.29,-64.870
3155.96,-63.960
3156.63,-63.136
3157.31,-63.436
3157.98,-64.856
3158.65,-63.836
3159.32,-63.762
3160.00,-63.111
3160.67,-63.694
3161.34,-64.167
3162.02,-63.293
3162.69,-62.923
3163.36,-63.528
3164.04,-64.012
3164.71,-62.998
3165.38,-64.665
3166.05,-64.157
3166.73,-63.517
3167.40,-64.095
3168.07,-63.937
3168.75,-63.877
3169.42,-62.879
3170.09,-62.215
3170.76,-62.494
3171.44,-63.945
3172.11,-62.344
3172.78,-62.719
3173.46,-62.780
3174.13,-64.331
3174.80,-63.044
3175.47,-63.048
3176.15,-60.916
3176.82,-62.490
3177.49,-63.596
3178.17,-61.817
3178.84,-62.108
3179.51,-62.173
3180.18,-63.029
3180.86,-63.382
3181.53,-64.607
3182.20,-64.289
3182.88,-62.917
3183.55,-62.424
3184.22,-62.874
3184.90,-62.532
3185.57,-62.137
3186.24,-62.823
3186.91,-62.499
3187.59,-63.429
3188.26,-62.346
3188.93,-62.591
3189.61,-62.051
3190.28,-62.060
3190.95,-62.100
3191.62,-62.529
3192.30,-63.141
3192.97,-63.988
3193.64,-62.876
3194.32,-62.536
3194.99,-61.249
3195.66,-62.142
3196.33,-61.652
3197.01,-61.681
3197.68,-62.314
3198.35,-62.675
3199.03,-61.540
3199.70,-61.989
3200.37,-61.386
3201.05,-61.001
3201.72,-60.572
3202.39,-61.939
3203.06,-61.589
3203.74,-60.828
3204.41,-61.797
3205.08,-61.861
3205.76,-62.687
3206.43,-62.354
3207.10,-60.885
3207.77,-60.446
3208.45,-59.600
3209.12,-60.722
3209.79,-60.498
3210.47,-60.593
3211.14,-61.673
3211.81,-60.428
3212.48,-60.485
3213.16,-59.968
3213.83,-62.272
3214.50,-60.850
3215.18,-61.648
3215.85,-59.511
3216.52,-59.134
3217.20,-61.151
3217.87,-60.118
3218.54,-59.546
3219.21,-61.087
3219.89,-60.699
3220.56,-59.995
3221.23,-60.829
3221.91,-60.218
3222.58,-59.017
3223.25,-61.040
3223.92,-61.169
3224.60,-59.391
3225.27,-59.745
3225.94,-59.101
3226.62,-58.410
3227.29,-60.642
3227.96,-60.449
3228.63,-59.578
3229.31,-60.907
3229.98,-59.271
3230.65,-58.957
3231.33,-58.919
3232.00,-59.153
3232.67,-59.097
3233.35,-58.115
3234.02,-57.521
3234.69,-58.961
3235.36,-60.105
3236.04,-59.270
3236.71,-60.094
3237.38,-60.300
3238.06,-59.168
3238.73,-57.073
3239.40,-58.673
3240.07,-57.373
3240.75,-57.208
3241.42,-57.146
3242.09,-57.538
3242.77,-57.899
3243.44,-56.727
3244.11,-58.077
3244.78,-57.731
3245.46,-56.794
3246.13,-57.619
3246.80,-57.226
3247.48,-57.960
3248.15,-58.004
3248.82,-57.291
3249.49,-57.139
3250.17,-57.837
3250.84,-56.645
3251.51,-57.706
3252.19,-56.420
3252.86,-57.212
3253.53,-56.713
3254.21,-56.384
3254.88,-56.379
3255.55,-56.358
3256.22,-58.202
3256.90,-58.089
3257.57,-57.195
3258.24,-56.239
3258.92,-56.178
3259.59,-56.671
3260.26,-56.153
3260.93,-54.916
3261.61,-57.295
3262.28,-55.265
3262.95,-56.331
3263.63,-57.002
3264.30,-55.558
3264.97,-55.294
3265.64,-54.465
3266.32,-55.776
3266.99,-55.150
3267.66,-55.367
3268.34,-56.467
3269.01,-55.845
3269.68,-56.969
3270.36,-54.340
3271.03,-54.797
3271.70,-55.173
3272.37,-55.291
3273.05,-55.350
3273.72,-53.842
3274.39,-54.044
3275.07,-54.046
3275.74,-54.670
3276.41,-53.836
3277.08,-55.606
3277.76,-54.826
3278.43,-55.317
3279.10,-54.287
3279.78,-54.060
3280.45,-52.808
3281.12,-54.612
3281.79,-53.187
3282.47,-54.437
3283.14,-54.258
3283.81,-53.561
3284.49,-53.438
3285.16,-53.643
3285.83,-53.109
3286.51,-52.610
3287.18,-53.098
3287.85,-53.247
3288.52,-52.032
3289.20,-52.998
3289.87,-53.198
3290.54,-53.176
3291.22,-52.434
3291.89,-52.103
3292.56,-53.479
3293.23,-52.112
3293.91,-53.590
3294.58,-53.091
3295.25,-53.078
3295.93,-53.226
3296.60,-53.107
3297.27,-52.951
3297.94,-53.347
3298.62,-52.989
3299.29,-53.548
3299.96,-53.361
3300.64,-53.373
3301.31,-54.288
3301.98,-53.878
3302.66,-53.305
3303.33,-53.436
3304.00,-54.429
3304.67,-53.381
3305.35,-54.040
3306.02,-54.801
3306.69,-54.431
3307.37,-53.854
3308.04,-55.170
3308.71,-54.868
3309.38,-54.335
3310.06,-53.911
3310.73,-54.687
3311.40,-53.866
3312.08,-53.715
3312.75,-54.851
3313.42,-54.562
3314.09,-55.672
3314.77,-53.848
3315.44,-55.558
3316.11,-53.477
3316.79,-54.636
3317.46,-54.976
3318.13,-55.381
3318.80,-55.396
3319.48,-55.353
3320.15,-54.278
3320.82,-56.082
3321.50,-57.299
3322.17,-57.685
3322.84,-55.169
3323.52,-55.518
3324.19,-55.524
3324.86,-55.755
3325.53,-55.303
3326.21,-55.765
3326.88,-55.942
3327.55,-57.261
3328.23,-56.744
3328.90,-58.028
3329.57,-56.255
3330.24,-56.126
3330.92,-57.081
3331.59,-56.847
3332.26,-56.301
3332.94,-56.632
3333.61,-57.080
3334.28,-57.869
3334.95,-58.070
3335.63,-56.656
3336.30,-57.925
3336.97,-58.240
3337.65,-57.612
3338.32,-58.205
3338.99,-58.303
3339.67,-58.561
3340.34,-58.265
3341.01,-58.003
3341.68,-58.597
3342.36,-57.769
3343.03,-58.387
3343.70,-58.201
3344.38,-59.023
3345.05,-57.648
3345.72,-59.384
3346.39,-59.461
3347.07,-60.460
3347.74,-59.674
3348.41,-59.642
3349.09,-58.374
3349.76,-58.326
3350.43,-58.830
3351.10,-59.684
3351.78,-59.388
3352.45,-58.813
3353.12,-58.086
3353.80,-60.336
3354.47,-60.505
3355.14,-61.309
3355.82,-59.536
3356.49,-59.507
3357.16,-61.143
3357.83,-60.734
3358.51,-59.136
3359.18,-60.308
3359.85,-60.349
3360.53,-59.886
3361.20,-61.143
3361.87,-61.621
3362.54,-60.234
3363.22,-61.919
3363.89,-59.932
3364.56,-60.456
3365.24,-60.884
3365.91,-59.254
3366.58,-61.214
3367.25,-60.289
3367.93,-61.657
3368.60,-61.551
3369.27,-60.853
3369.95,-60.683
3370.62,-60.926
3371.29,-60.742
3371.97,-60.284
3372.64,-61.649
3373.31,-61.040
3373.98,-62.681
3374.66,-61.956
3375.33,-61.240
3376.00,-62.393
3376.68,-62.444
3377.35,-62.234
3378.02,-61.461
3378.69,-63.181
3379.37,-62.379
3380.04,-61.055
3380.71,-62.311
3381.39,-61.702
3382.06,-62.980
3382.73,-62.424
3383.40,-62.795
3384.08,-62.273
3384.75,-62.653
3385.42,-61.522
3386.10,-62.021
3386.77,-61.061
3387.44,-62.893
3388.11,-61.915
3388.79,-62.555
3389.46,-62.955
3390.13,-61.933
3390.81,-62.830
3391.48,-64.533
3392.15,-63.067
3392.83,-63.975
3393.50,-64.232
3394.17,-61.683
3394.84,-63.543
3395.52,-63.825
3396.19,-62.849
3396.86,-62.316
3397.54,-63.904
3398.21,-62.820
3398.88,-63.841
3399.55,-63.938
3400.23,-64.809
3400.90,-65.216
3401.57,-63.307
3402.25,-64.028
3402.92,-63.463
3403.59,-63.720
3404.26,-64.458
3404.94,-63.207
3405.61,-63.870
3406.28,-63.214
3406.96,-64.967
3407.63,-64.217
3408.30,-63.634
3408.98,-63.697
3409.65,-63.748
3410.32,-63.769
3410.99,-65.674
3411.67,-63.287
3412.34,-63.464
3413.01,-63.191
3413.69,-65.373
3414.36,-64.561
3415.03,-65.562
3415.70,-65.744
3416.38,-64.893
3417.05,-65.180
3417.72,-64.498
3418.40,-65.044
3419.07,-65.609
3419.74,-65.970
3420.41,-65.259
3421.09,-64.875
3421.76,-63.972
3422.43,-63.954
3423.11,-64.757
3423.78,-64.888
3424.45,-64.051
3425.13,-64.508
3425.80,-65.312
3426.47,-65.331
3427.14,-65.790
3427.82,-65.679
3428.49,-65.803
3429.16,-65.690
3429.84,-65.721
3430.51,-66.755
3431.18,-64.062
3431.85,-65.734
3432.53,-64.154
3433.20,-66.477
3433.87,-66.338
3434.55,-65.016
3435.22,-66.284
3435.89,-66.849
3436.56,-65.422
3437.24,-65.086
3437.91,-65.305
3438.58,-64.837
3439.26,-65.036
3439.93,-66.708
3440.60,-64.528
3441.28,-65.976
3441.95,-66.730
3442.62,-65.695
3443.29,-65.509
3443.97,-66.220
3444.64,-64.359
3445.31,-65.444
3445.99,-66.270
3446.66,-65.375
3447.33,-64.602
3448.00,-65.245
3448.68,-64.808
3449.35,-65.120
3450.02,-65.482
3450.70,-66.274
3451.37,-65.054
3452.04,-65.544
3452.71,-67.504
3453.39,-66.810
3454.06,-67.346
3454.73,-65.545
3455.41,-66.483
3456.08,-67.972
3456.75,-65.283
3457.42,-66.755
3458.10,-67.642
3458.77,-67.439
3459.44,-66.836
3460.12,-66.895
3460.79,-66.724
3461.46,-65.834
3462.14,-65.976
3462.81,-66.295
3463.48,-66.820
3464.15,-66.866
3464.83,-66.617
3465.50,-67.715
3466.17,-66.848
3466.85,-66.437
3467.52,-67.367
3468.19,-68.056
3468.86,-66.035
3469.54,-66.638
3470.21,-66.200
3470.88,-67.261
3471.56,-66.562
3472.23,-66.514
3472.90,-65.797
3473.57,-67.550
3474.25,-68.544
3474.92,-67.940
3475.59,-66.373
3476.27,-67.707
3476.94,-69.298
3477.61,-68.877
3478.29,-67.388
3478.96,-67.815
3479.63,-65.862
3480.30,-66.454
3480.98,-67.671
3481.65,-68.171
3482.32,-67.182
3483.00,-66.272
3483.67,-67.687
3484.34,-66.186
3485.01,-67.772
3485.69,-67.944
3486.36,-67.386
3487.03,-66.503
3487.71,-66.992
3488.38,-68.047
3489.05,-67.154
3489.72,-68.704
3490.40,-68.747
3491.07,-68.663
3491.74,-67.187
3492.42,-67.603
3493.09,-67.680
3493.76,-66.782
3494.44,-67.132
3495.11,-66.526
3495.78,-66.900
3496.45,-68.252
3497.13,-67.425
3497.80,-67.951
3498.47,-67.427
3499.15,-67.940
3499.82,-67.224
3500.49,-67.615
3501.16,-67.437
3501.84,-67.690
3502.51,-68.731
3503.18,-67.150
3503.86,-68.037
3504.53,-68.083
3505.20,-67.944
3505.87,-67.226
3506.55,-67.480
3507.22,-67.372
3507.89,-67.471
3508.57,-68.898
3509.24,-67.910
3509.91,-67.776
3510.59,-66.874
3511.26,-67.444
3511.93,-68.626
3512.60,-67.073
3513.28,-67.107
3513.95,-68.057
3514.62,-68.174
3515.30,-67.570
3515.97,-68.647
3516.64,-66.925
3517.31,-67.680
3517.99,-68.090
3518.66,-67.476
3519.33,-68.334
3520.01,-68.647
3520.68,-69.374
3521.35,-68.889
3522.02,-67.685
3522.70,-69.749
3523.37,-67.014
3524.04,-67.664
3524.72,-67.506
3525.39,-69.170
3526.06,-68.434
3526.73,-67.944
3527.41,-69.200
3528.08,-68.718
3528.75,-68.615
3529.43,-71.121
3530.10,-68.963
3530.77,-67.779
3531.45,-67.540
3532.12,-68.118
3532.79,-69.077
3533.46,-68.485
3534.14,-67.874
3534.81,-69.033
3535.48,-68.234
3536.16,-68.643
3536.83,-68.329
3537.50,-68.936
3538.17,-69.897
3538.85,-70.004
3539.52,-69.714
3540.19,-69.863
3540.87,-69.722
3541.54,-68.883
3542.21,-68.321
3542.88,-67.878
3543.56,-65.753
3544.23,-67.767
3544.90,-69.063
3545.58,-68.315
3546.25,-69.923
3546.92,-68.500
3547.60,-68.156
3548.27,-69.068
3548.94,-68.199
3549.61,-69.191
3550.29,-67.550
3550.96,-68.970
3551.63,-68.778
3552.31,-68.494
3552.98,-68.579
3553.65,-69.003
3554.32,-68.699
3555.00,-69.441
3555.67,-68.968
3556.34,-66.622
3557.02,-67.867
3557.69,-68.567
3558.36,-67.548
3559.03,-69.725
3559.71,-68.316
3560.38,-68.874
3561.05,-68.803
3561.73,-68.183
3562.40,-69.855
3563.07,-69.291
3563.75,-68.416
3564.42,-68.227
3565.09,-68.929
3565.76,-68.881
3566.44,-68.837
3567.11,-68.337
3567.78,-68.682
3568.46,-69.076
3569.13,-67.265
3569.80,-67.212
3570.47,-68.681
3571.15,-69.282
3571.82,-68.861
3572.49,-70.485
3573.17,-69.757
3573.84,-70.795
3574.51,-68.638
3575.18,-69.362
3575.86,-66.562
3576.53,-68.638
3577.20,-67.534
3577.88,-67.048
3578.55,-68.328
3579.22,-69.169
3579.90,-68.888
3580.57,-69.263
3581.24,-68.182
3581.91,-68.436
3582.59,-68.150
3583.26,-69.107
3583.93,-69.278
3584.61,-69.377
3585.28,-67.750
3585.95,-68.766
3586.62,-67.494
3587.30,-68.656
3587.97,-68.196
3588.64,-69.114
3589.32,-68.851
3589.99,-69.452
3590.66,-67.604
3591.33,-68.587
3592.01,-68.130
3592.68,-68.845
3593.35,-69.062
3594.03,-70.452
3594.70,-69.728
3595.37,-68.630
3596.04,-68.836
3596.72,-68.257
3597.39,-67.628
3598.06,-69.312
3598.74,-68.671
3599.41,-69.066
3600.08,-67.350
3600.76,-68.300
3601.43,-67.952
3602.10,-68.099
3602.77,-67.596
3603.45,-67.232
3604.12,-68.712
3604.79,-69.463
3605.47,-68.529
3606.14,-68.700
3606.81,-67.558
3607.48,-67.395
3608.16,-67.560
3608.83,-68.114
3609.50,-67.028
3610.18,-69.019
3610.85,-68.695
3611.52,-68.817
3612.19,-67.859
3612.87,-68.003
3613.54,-67.740
3614.21,-69.192
3614.89,-68.484
3615.56,-69.101
3616.23,-67.150
3616.91,-67.774
3617.58,-66.674
3618.25,-68.375
3618.92,-67.912
3619.60,-67.970
3620.27,-67.541
3620.94,-67.474
3621.62,-66.728
3622.29,-67.716
3622.96,-68.284
3623.63,-68.314
3624.31,-68.026
3624.98,-68.358
3625.65,-68.377
3626.33,-69.258
3627.00,-67.412
3627.67,-67.588
3628.34,-69.286
3629.02,-67.688
3629.69,-67.638
3630.36,-68.095
3631.04,-69.390
3631.71,-67.635
3632.38,-67.119
3633.06,-67.677
3633.73,-67.560
3634.40,-68.191
3635.07,-67.379
3635.75,-67.597
3636.42,-67.335
3637.09,-67.632
3637.77,-66.883
3638.44,-68.069
3639.11,-67.336
3639.78,-67.707
3640.46,-67.317
3641.13,-67.136
3641.80,-66.413
3642.48,-67.672
3643.15,-66.601
3643.82,-67.066
3644.49,-67.724
3645.17,-68.571
3645.84,-67.122
3646.51,-68.120
3647.19,-68.105
3647.86,-67.723
3648.53,-67.793
3649.21,-67.689
3649.88,-67.431
3650.55,-68.568
3651.22,-66.947
3651.90,-67.227
3652.57,-67.364
3653.24,-66.987
3653.92,-66.886
3654.59,-65.911
3655.26,-65.963
3655.93,-67.372
3656.61,-66.376
3657.28,-66.561
3657.95,-67.029
3658.63,-66.053
3659.30,-66.912
3659.97,-66.488
3660.64,-66.834
3661.32,-67.394
3661.99,-66.505
3662.66,-66.752
3663.34,-65.759
3664.01,-67.283
3664.68,-67.202
3665.35,-65.752
3666.03,-66.155
3666.70,-65.321
3667.37,-67.796
3668.05,-67.930
3668.72,-68.178
3669.39,-67.271
3670.07,-68.941
3670.74,-66.946
3671.41,-65.521
3672.08,-66.806
3672.76,-66.959
3673.43,-66.245
3674.10,-66.956
3674.78,-66.554
3675.45,-66.049
3676.12,-67.151
3676.79,-67.590
3677.47,-67.086
3678.14,-67.468
3678.81,-66.432
3679.49,-66.029
3680.16,-65.297
3680.83,-65.188
3681.50,-65.656
3682.18,-66.557
3682.85,-67.170
3683.52,-65.744
3684.20,-68.093
3684.87,-66.784
3685.54,-68.254
3686.22,-66.667
3686.89,-66.276
3687.56,-66.041
3688.23,-67.507
3688.91,-65.452
3689.58,-66.517
3690.25,-65.940
3690.93,-67.085
3691.60,-64.994
3692.27,-64.675
3692.94,-66.243
3693.62,-67.669
3694.29,-65.353
3694.96,-65.145
3695.64,-66.217
3696.31,-66.189
3696.98,-66.238
3697.65,-65.822
3698.33,-65.654
3699.00,-66.050
3699.67,-65.428
3700.35,-64.958
3701.02,-65.227
3701.69,-64.663
3702.37,-65.186
3703.04,-65.840
3703.71,-65.072
3704.38,-65.433
3705.06,-65.189
3705.73,-63.973
3706.40,-64.657
3707.08,-65.207
3707.75,-63.879
3708.42,-65.211
3709.09,-66.323
3709.77,-65.967
3710.44,-64.978
3711.11,-64.941
3711.79,-64.663
3712.46,-65.783
3713.13,-65.844
3713.80,-65.219
3714.48,-65.425
3715.15,-64.686
3715.82,-64.295
3716.50,-65.512
3717.17,-64.411
3717.84,-65.092
3718.52,-64.534
3719.19,-65.202
3719.86,-64.258
3720.53,-63.362
3721.21,-63.535
3721.88,-64.239
3722.55,-64.543
3723.23,-63.989
3723.90,-62.587
3724.57,-63.032
3725.24,-64.437
3725.92,-63.992
3726.59,-64.706
3727.26,-64.215
3727.94,-64.415
3728.61,-63.017
3729.28,-63.877
3729.95,-63.741
3730.63,-65.287
3731.30,-63.183
3731.97,-62.877
3732.65,-63.065
3733.32,-61.982
3733.99,-65.771
3734.66,-64.366
3735.34,-63.622
3736.01,-63.155
3736.68,-63.368
3737.36,-65.698
3738.03,-65.066
3738.70,-64.033
3739.38,-63.338
3740.05,-64.308
3740.72,-64.515
3741.39,-62.614
3742.07,-62.798
3742.74,-62.388
3743.41,-62.908
3744.09,-63.433
3744.76,-62.224
3745.43,-64.408
3746.10,-61.361
3746.78,-60.936
3747.45,-63.344
3748.12,-64.282
3748.80,-64.087
3749.47,-61.828
3750.14,-61.806
3750.81,-62.272
3751.49,-62.223
3752.16,-62.294
3752.83,-62.063
3753.51,-64.005
3754.18,-60.841
3754.85,-61.510
3755.53,-61.826
3756.20,-61.541
3756.87,-61.005
3757.54,-60.804
3758.22,-61.244
3758.89,-60.827
3759.56,-62.031
3760.24,-61.462
3760.91,-60.547
3761.58,-60.946
3762.25,-61.021
3762.93,-61.386
3763.60,-61.757
3764.27,-61.242
3764.95,-59.683
3765.62,-61.207
3766.29,-60.997
3766.96,-59.124
3767.64,-60.718
3768.31,-58.933
3768.98,-60.770
3769.66,-60.980
3770.33,-61.044
3771.00,-61.983
3771.68,-60.029
3772.35,-61.134
3773.02,-59.406
3773.69,-61.627
3774.37,-60.879
3775.04,-61.446
3775.71,-61.228
3776.39,-60.690
3777.06,-59.544
3777.73,-59.453
3778.40,-59.749
3779.08,-60.378
3779.75,-59.608
3780.42,-59.380
3781.10,-59.609
3781.77,-59.429
3782.44,-59.416
3783.11,-58.560
3783.79,-59.278
3784.46,-59.964
3785.13,-59.153
3785.81,-59.677
3786.48,-58.503
3787.15,-58.467
3787.83,-58.560
3788.50,-59.003
3789.17,-58.081
3789.84,-57.977
3790.52,-57.759
3791.19,-58.331
3791.86,-58.669
3792.54,-57.521
3793.21,-56.907
3793.88,-58.086
3794.55,-57.427
3795.23,-57.857
3795.90,-57.205
3796.57,-56.023
3797.25,-55.013
3797.92,-55.947
3798.59,-55.144
3799.26,-56.437
3799.94,-56.642
3800.61,-57.192
3801.28,-55.977
3801.96,-56.447
3802.63,-56.383
3803.30,-56.582
3803.97,-54.526
3804.65,-56.661
3805.32,-56.452
3805.99,-55.396
3806.67,-55.878
3807.34,-55.444
3808.01,-56.663
3808.69,-55.129
3809.36,-56.243
3810.03,-55.593
3810.70,-56.879
3811.38,-55.761
3812.05,-55.463
3812.72,-54.246
3813.40,-54.498
3814.07,-55.301
3814.74,-55.083
3815.41,-55.330
3816.09,-55.174
3816.76,-55.153
3817.43,-55.011
3818.11,-56.040
3818.78,-54.372
3819.45,-54.771
3820.12,-53.896
3820.80,-53.880
3821.47,-54.268
3822.14,-54.914
3822.82,-54.358
3823.49,-53.190
3824.16,-54.086
3824.84,-53.712
3825.51,-53.256
3826.18,-53.374
3826.85,-53.292
3827.53,-53.096
3828.20,-53.079
3828.87,-53.198
3829.55,-54.683
3830.22,-53.313
3830.89,-53.678
3831.56,-53.716
3832.24,-54.204
3832.91,-55.812
3833.58,-55.141
3834.26,-53.806
3834.93,-53.032
3835.60,-54.706
3836.27,-54.990
3836.95,-54.692
3837.62,-54.734
3838.29,-55.089
3838.97,-53.196
3839.64,-53.845
3840.31,-54.755
3840.99,-55.048
3841.66,-55.486
3842.33,-56.161
3843.00,-54.843
3843.68,-54.547
3844.35,-54.981
3845.02,-54.236
3845.70,-55.400
3846.37,-55.227
3847.04,-56.008
3847.71,-54.700
3848.39,-55.838
3849.06,-56.236
3849.73,-54.996
3850.41,-54.966
3851.08,-55.925
3851.75,-55.398
3852.42,-56.197
3853.10,-55.087
3853.77,-55.214
3854.44,-56.896
3855.12,-57.204
3855.79,-56.586
3856.46,-55.984
3857.14,-55.742
3857.81,-56.797
3858.48,-58.673
3859.15,-57.299
3859.83,-57.135
3860.50,-56.687
3861.17,-57.631
3861.85,-56.343
3862.52,-56.463
3863.19,-56.640
3863.86,-55.959
3864.54,-56.931
3865.21,-57.189
3865.88,-57.899
3866.56,-56.461
3867.23,-56.615
3867.90,-56.729
3868.57,-57.428
3869.25,-58.457
3869.92,-58.896
3870.59,-59.035
3871.27,-57.820
3871.94,-57.717
3872.61,-58.156
3873.28,-57.903
3873.96,-57.860
3874.63,-58.630
3875.30,-58.554
3875.98,-58.315
3876.65,-58.366
3877.32,-59.032
3878.00,-58.622
3878.67,-58.747
3879.34,-58.906
3880.01,-59.342
3880.69,-59.939
3881.36,-60.017
3882.03,-57.767
3882.71,-59.352
3883.38,-58.913
3884.05,-59.756
3884.72,-58.957
3885.40,-59.652
3886.07,-59.695
3886.74,-59.068
3887.42,-59.936
3888.09,-59.936
3888.76,-60.307
3889.43,-59.666
3890.11,-60.422
3890.78,-59.809
3891.45,-59.328
3892.13,-60.661
3892.80,-60.354
3893.47,-61.040
3894.15,-61.178
3894.82,-60.200
3895.49,-60.625
3896.16,-61.548
3896.84,-61.726
3897.51,-60.757
3898.18,-60.573
3898.86,-61.820
3899.53,-61.229
3900.20,-61.856
3900.87,-59.977
3901.55,-61.867
3902.22,-62.830
3902.89,-62.417
3903.57,-61.994
3904.24,-61.685
3904.91,-61.871
3905.58,-61.821
3906.26,-63.077
3906.93,-63.206
3907.60,-62.466
3908.28,-61.862
3908.95,-61.694
3909.62,-62.260
3910.30,-64.192
3910.97,-62.199
3911.64,-61.299
3912.31,-61.444
3912.99,-61.739
3913.66,-62.519
3914.33,-62.417
3915.01,-62.743
3915.68,-62.396
3916.35,-61.929
3917.02,-62.793
3917.70,-63.055
3918.37,-63.197
3919.04,-64.908
3919.72,-63.074
3920.39,-64.562
3921.06,-64.397
3921.73,-64.411
3922.41,-63.441
3923.08,-63.052
3923.75,-62.801
3924.43,-63.750
3925.10,-63.234
3925.77,-63.447
3926.45,-63.717
3927.12,-63.076
3927.79,-63.813
3928.46,-63.370
3929.14,-62.971
3929.81,-64.432
3930.48,-63.920
3931.16,-63.132
3931.83,-64.564
3932.50,-65.077
3933.17,-63.395
3933.85,-64.290
3934.52,-62.515
3935.19,-63.757
3935.87,-64.136
3936.54,-64.252
3937.21,-63.455
3937.88,-65.215
3938.56,-65.456
3939.23,-65.448
3939.90,-65.139
3940.58,-64.810
3941.25,-65.172
3941.92,-65.037
3942.59,-64.225
3943.27,-64.248
3943.94,-63.803
3944.61,-64.715
3945.29,-64.513
3945.96,-64.020
3946.63,-64.411
3947.31,-64.562
3947.98,-64.809
3948.65,-64.829
3949.32,-64.386
3950.00,-64.986
3950.67,-65.513
3951.34,-64.694
3952.02,-65.363
3952.69,-65.159
3953.36,-64.053
3954.03,-65.685
3954.71,-64.081
3955.38,-65.090
3956.05,-64.787
3956.73,-65.015
3957.40,-64.965
3958.07,-63.999
3958.74,-64.342
3959.42,-65.226
3960.09,-65.267
3960.76,-65.220
3961.44,-65.385
3962.11,-64.866
3962.78,-65.136
3963.46,-66.464
3964.13,-66.263
3964.80,-65.387
3965.47,-65.990
3966.15,-65.403
3966.82,-64.980
3967.49,-64.821
3968.17,-65.652
3968.84,-65.127
3969.51,-65.503
3970.18,-65.719
3970.86,-64.757
3971.53,-65.266
3972.20,-66.359
3972.88,-66.556
3973.55,-66.218
3974.22,-66.719
3974.89,-67.277
3975.57,-65.691
3976.24,-65.631
3976.91,-66.130
3977.59,-66.333
3978.26,-66.112
3978.93,-66.227
3979.61,-65.407
3980.28,-65.103
3980.95,-66.684
3981.62,-65.507
3982.30,-65.719
3982.97,-68.122
3983.64,-65.897
3984.32,-65.508
3984.99,-67.377
3985.66,-67.406
3986.33,-66.442
3987.01,-66.540
3987.68,-66.769
3988.35,-66.414
3989.03,-67.343
3989.70,-67.499
3990.37,-66.347
3991.04,-65.914
3991.72,-67.864
3992.39,-65.927
3993.06,-65.355
3993.74,-66.203
3994.41,-65.364
3995.08,-65.496
3995.76,-65.680
3996.43,-66.510
3997.10,-68.227
3997.77,-66.879
3998.45,-66.971
3999.12,-67.248
3999.79,-66.872
4000.47,-66.052
4001.14,-67.460
4001.81,-67.167
4002.48,-67.179
4003.16,-67.443
4003.83,-65.895
4004.50,-66.308
4005.18,-68.167
4005.85,-67.210
4006.52,-65.648
4007.19,-65.786
4007.87,-66.629
4008.54,-67.231
4009.21,-67.338
4009.89,-65.478
4010.56,-66.594
4011.23,-69.362
4011.90,-67.989
4012.58,-66.067
4013.25,-66.368
4013.92,-66.666
4014.60,-66.446
4015.27,-66.599
4015.94,-66.440
4016.62,-66.887
4017.29,-68.075
4017.96,-67.492
4018.63,-66.989
4019.31,-66.030
4019.98,-66.479
4020.65,-66.182
4021.33,-65.860
4022.00,-66.345
4022.67,-67.877
4023.34,-66.188
4024.02,-66.913
4024.69,-67.740
4025.36,-67.794
4026.04,-67.614
4026.71,-68.336
4027.38,-67.966
4028.05,-67.991
4028.73,-67.908
4029.40,-67.631
4030.07,-67.103
4030.75,-67.525
4031.42,-67.932
4032.09,-67.676
4032.77,-68.346
4033.44,-68.520
4034.11,-67.514
4034.78,-67.797
4035.46,-66.825
4036.13,-68.671
4036.80,-68.040
4037.48,-66.890
4038.15,-67.104
4038.82,-66.769
4039.49,-67.906
4040.17,-66.674
4040.84,-68.166
4041.51,-66.723
4042.19,-66.402
4042.86,-65.701
4043.53,-67.201
4044.20,-67.846
4044.88,-68.170
4045.55,-67.895
4046.22,-66.984
4046.90,-69.102
4047.57,-67.824
4048.24,-67.263
4048.92,-68.120
4049.59,-67.068
4050.26,-68.274
4050.93,-68.720
4051.61,-69.556
4052.28,-67.290
4052.95,-67.544
4053.63,-68.800
4054.30,-67.797
4054.97,-66.200
4055.64,-68.299
4056.32,-67.598
4056.99,-67.742
4057.66,-67.256
4058.34,-68.040
4059.01,-67.702
4059.68,-67.308
4060.35,-66.838
4061.03,-67.436
4061.70,-67.869
4062.37,-66.808
4063.05,-66.812
4063.72,-68.315
4064.39,-67.863
4065.07,-66.889
4065.74,-68.065
4066.41,-68.210
4067.08,-68.466
4067.76,-69.301
4068.43,-68.567
4069.10,-68.225
4069.78,-67.952
4070.45,-66.875
4071.12,-67.005
4071.79,-67.871
4072.47,-68.334
4073.14,-67.853
4073.81,-66.798
4074.49,-66.818
4075.16,-67.434
4075.83,-67.693
4076.50,-67.250
4077.18,-67.088
4077.85,-66.503
4078.52,-68.073
4079.20,-67.071
4079.87,-67.983
4080.54,-67.358
4081.21,-66.703
4081.89,-68.169
4082.56,-68.444
4083.23,-67.745
4083.91,-67.311
4084.58,-66.456
4085.25,-68.184
4085.93,-67.603
4086.60,-67.779
4087.27,-67.336
4087.94,-68.631
4088.62,-66.145
4089.29,-68.453
4089.96,-67.984
4090.64,-67.409
4091.31,-69.248
4091.98,-67.864
4092.65,-67.307
4093.33,-67.544
4094.00,-67.137
4094.67,-68.184
4095.35,-67.421
4096.02,-68.625
4096.69,-67.509
4097.36,-68.301
4098.04,-66.978
4098.71,-67.540
4099.38,-67.453
4100.06,-67.611
4100.73,-68.008
4101.40,-66.918
4102.08,-67.055
4102.75,-67.841
4103.42,-68.697
4104.09,-67.504
4104.77,-67.959
4105.44,-67.383
4106.11,-68.247
4106.79,-66.544
4107.46,-68.297
4108.13,-68.880
4108.80,-67.981
4109.48,-67.587
4110.15,-67.337
4110.82,-67.176
4111.50,-68.028
4112.17,-68.139
4112.84,-68.468
4113.51,-67.245
4114.19,-67.516
4114.86,-68.232
4115.53,-66.561
4116.21,-67.841
4116.88,-66.480
4117.55,-67.669
4118.23,-66.930
4118.90,-67.898
4119.57,-67.799
4120.24,-66.498
4120.92,-66.693
4121.59,-69.157
4122.26,-66.972
4122.94,-67.546
4123.61,-67.273
4124.28,-67.498
4124.95,-67.265
4125.63,-68.115
4126.30,-66.973
4126.97,-67.849
4127.65,-67.295
4128.32,-69.325
4128.99,-67.033
4129.66,-67.223
4130.34,-66.765
4131.01,-68.100
4131.68,-67.203
4132.36,-66.902
4133.03,-66.660
4133.70,-67.456
4134.38,-67.464
4135.05,-68.697
4135.72,-67.548
4136.39,-66.285
4137.07,-66.979
4137.74,-67.199
4138.41,-66.517
4139.09,-65.455
4139.76,-65.252
4140.43,-65.418
4141.10,-67.769
4141.78,-67.153
4142.45,-67.114
4143.12,-66.586
4143.80,-66.293
4144.47,-66.894
4145.14,-67.535
4145.81,-66.834
4146.49,-66.043
4147.16,-67.440
4147.83,-67.774
4148.51,-66.443
4149.18,-67.739
4149.85,-66.642
4150.52,-67.164
4151.20,-66.475
4151.87,-66.372
4152.54,-66.673
4153.22,-66.147
4153.89,-66.233
4154.56,-66.390
4155.24,-67.512
4155.91,-66.830
4156.58,-65.994
4157.25,-65.401
4157.93,-66.173
4158.60,-66.903
4159.27,-67.274
4159.95,-65.379
4160.62,-65.896
4161.29,-66.852
4161.96,-65.872
4162.64,-65.839
4163.31,-65.906
4163.98,-66.967
4164.66,-67.287
4165.33,-66.434
4166.00,-66.747
4166.67,-66.947
4167.35,-66.008
4168.02,-67.223
4168.69,-66.525
4169.37,-66.525
4170.04,-67.062
4170.71,-66.285
4171.39,-65.948
4172.06,-65.357
4172.73,-66.694
4173.40,-66.177
4174.08,-65.863
4174.75,-65.646
4175.42,-65.151
4176.10,-65.634
4176.77,-65.999
4177.44,-65.746
4178.11,-65.222
4178.79,-65.084
4179.46,-66.790
4180.13,-66.443
4180.81,-66.505
4181.48,-66.626
4182.15,-66.372
4182.82,-65.252
4183.50,-66.227
4184.17,-65.838
4184.84,-66.573
4185.52,-65.892
4186.19,-66.839
4186.86,-65.992
4187.54,-66.157
4188.21,-66.118
4188.88,-65.459
4189.55,-65.355
4190.23,-67.441
4190.90,-66.228
4191.57,-65.912
4192.25,-66.916
4192.92,-66.332
4193.59,-66.477
4194.26,-65.838
4194.94,-65.787
4195.61,-65.660
4196.28,-65.736
4196.96,-66.247
4197.63,-66.022
4198.30,-65.042
4198.97,-64.157
4199.65,-65.222
4200.32,-65.761
4200.99,-66.373
4201.67,-65.866
4202.34,-64.030
4203.01,-63.290
4203.68,-64.223
4204.36,-64.337
4205.03,-65.678
4205.70,-65.624
4206.38,-65.257
4207.05,-64.910
4207.72,-64.345
4208.40,-62.779
4209.07,-64.668
4209.74,-64.642
4210.41,-63.841
4211.09,-65.994
4211.76,-66.446
4212.43,-64.422
4213.11,-66.074
4213.78,-65.551
4214.45,-65.744
4215.12,-65.998
4215.80,-65.550
4216.47,-62.674
4217.14,-63.772
4217.82,-64.355
4218.49,-64.251
4219.16,-64.472
4219.83,-64.452
4220.51,-65.105
4221.18,-65.320
4221.85,-64.482
4222.53,-62.945
4223.20,-64.609
4223.87,-63.905
4224.55,-64.566
4225.22,-63.449
4225.89,-64.494
4226.56,-64.219
4227.24,-64.672
4227.91,-64.704
4228.58,-63.290
4229.26,-64.601
4229.93,-63.564
4230.60,-63.475
4231.27,-63.839
4231.95,-62.987
4232.62,-62.476
4233.29,-63.308
4233.97,-65.214
4234.64,-64.901
4235.31,-62.276
4235.98,-63.657
4236.66,-62.419
4237.33,-63.913
4238.00,-63.405
4238.68,-61.775
4239.35,-64.787
4240.02,-64.381
4240.70,-64.293
4241.37,-63.136
4242.04,-62.318
4242.71,-62.029
4243.39,-61.773
4244.06,-63.767
4244.73,-62.603
4245.41,-62.561
4246.08,-62.708
4246.75,-61.765
4247.42,-61.588
4248.10,-63.101
4248.77,-61.951
4249.44,-61.963
4250.12,-62.447
4250.79,-62.537
4251.46,-61.735
4252.13,-63.098
4252.81,-61.648
4253.48,-61.534
4254.15,-62.014
4254.83,-62.810
4255.50,-62.050
4256.17,-62.294
4256.85,-62.261
4257.52,-63.359
4258.19,-62.579
4258.86,-62.117
4259.54,-61.695
4260.21,-61.041
4260.88,-61.267
4261.56,-62.116
4262.23,-61.323
4262.90,-59.843
4263.57,-61.689
4264.25,-60.621
4264.92,-61.189
4265.59,-60.802
4266.27,-61.518
4266.94,-62.364
4267.61,-62.173
4268.28,-60.632
4268.96,-62.902
4269.63,-61.481
4270.30,-61.285
4270.98,-60.727
4271.65,-61.816
4272.32,-60.746
4272.99,-61.403
4273.67,-62.013
4274.34,-61.770
4275.01,-61.466
4275.69,-62.247
4276.36,-60.601
4277.03,-62.245
4277.71,-59.743
4278.38,-61.036
4279.05,-60.209
4279.72,-59.938
4280.40,-60.614
4281.07,-61.280
4281.74,-58.845
4282.42,-61.258
4283.09,-59.831
4283.76,-60.650
4284.43,-58.918
4285.11,-60.337
4285.78,-60.328
4286.45,-59.009
4287.13,-60.408
4287.80,-60.158
4288.47,-59.064
4289.14,-61.468
4289.82,-59.846
4290.49,-60.337
4291.16,-60.608
4291.84,-61.181
4292.51,-59.311
4293.18,-59.300
4293.86,-57.784
4294.53,-59.955
4295.20,-58.870
4295.87,-58.441
4296.55,-57.482
4297.22,-59.443
4297.89,-59.560
4298.57,-57.629
4299.24,-59.568
4299.91,-58.670
4300.58,-57.502
4301.26,-57.968
4301.93,-58.194
4302.60,-57.470
4303.28,-58.412
4303.95,-57.131
4304.62,-58.370
4305.29,-58.727
4305.97,-57.855
4306.64,-57.729
4307.31,-57.412
4307.99,-58.119
4308.66,-56.710
4309.33,-57.429
4310.01,-58.017
4310.68,-57.960
4311.35,-57.394
4312.02,-57.522
4312.70,-56.979
4313.37,-58.161
4314.04,-56.987
4314.72,-57.653
4315.39,-57.313
4316.06,-56.329
4316.73,-56.899
4317.41,-56.410
4318.08,-57.817
4318.75,-55.560
4319.43,-57.589
4320.10,-55.353
4320.77,-57.298
4321.44,-55.946
4322.12,-55.771
4322.79,-57.197
4323.46,-55.991
4324.14,-53.558
4324.81,-55.669
4325.48,-55.920
4326.16,-54.970
4326.83,-55.665
4327.50,-55.129
4328.17,-55.466
4328.85,-55.380
4329.52,-55.196
4330.19,-54.029
4330.87,-54.238
4331.54,-53.843
4332.21,-54.031
4332.88,-54.878
4333.56,-55.506
4334.23,-53.849
4334.90,-54.333
4335.58,-52.930
4336.25,-54.370
4336.92,-53.996
4337.59,-54.440
4338.27,-55.070
4338.94,-54.098
4339.61,-53.289
4340.29,-54.153
4340.96,-54.242
4341.63,-55.378
4342.30,-56.198
4342.98,-54.202
4343.65,-54.376
4344.32,-54.562
4345.00,-54.001
4345.67,-53.327
4346.34,-54.182
4347.02,-54.257
4347.69,-53.716
4348.36,-53.821
4349.03,-53.698
4349.71,-54.897
4350.38,-54.379
4351.05,-53.081
4351.73,-54.377
4352.40,-54.425
4353.07,-53.858
4353.74,-53.601
4354.42,-54.486
4355.09,-53.677
4355.76,-53.798
4356.44,-54.358
4357.11,-53.972
4357.78,-52.570
4358.45,-55.416
4359.13,-52.905
4359.80,-53.078
4360.47,-53.664
4361.15,-53.940
4361.82,-53.319
4362.49,-52.662
4363.17,-54.300
4363.84,-52.814
4364.51,-54.742
4365.18,-54.194
4365.86,-54.652
4366.53,-53.647
4367.20,-53.702
4367.88,-55.640
4368.55,-55.238
4369.22,-55.321
4369.89,-54.410
4370.57,-54.300
4371.24,-53.771
4371.91,-53.877
4372.59,-53.702
4373.26,-53.516
4373.93,-52.770
4374.60,-53.598
4375.28,-54.935
4375.95,-55.002
4376.62,-54.302
4377.30,-54.470
4377.97,-54.103
4378.64,-54.684
4379.32,-54.456
4379.99,-54.880
4380.66,-54.668
4381.33,-55.098
4382.01,-56.016
4382.68,-53.823
4383.35,-56.192
4384.03,-55.824
4384.70,-53.963
4385.37,-55.640
4386.04,-55.465
4386.72,-55.809
4387.39,-55.267
4388.06,-55.404
4388.74,-56.633
4389.41,-55.374
4390.08,-54.048
4390.75,-55.227
4391.43,-56.107
4392.10,-55.481
4392.77,-56.945
4393.45,-54.973
4394.12,-55.528
4394.79,-56.414
4395.47,-56.033
4396.14,-56.497
4396.81,-56.219
4397.48,-55.303
4398.16,-57.195
4398.83,-55.027
4399.50,-55.598
4400.18,-57.362
4400.85,-56.724
4401.52,-56.819
4402.19,-57.191
4402.87,-56.859
4403.54,-56.658
4404.21,-57.325
4404.89,-56.691
4405.56,-58.582
4406.23,-57.383
4406.90,-57.177
4407.58,-56.948
4408.25,-55.579
4408.92,-55.873
4409.60,-57.176
4410.27,-57.306
4410.94,-55.976
4411.61,-59.176
4412.29,-57.863
4412.96,-58.080
4413.63,-57.491
4414.31,-56.948
4414.98,-57.178
4415.65,-58.069
4416.33,-58.906
4417.00,-59.316
4417.67,-58.855
4418.34,-58.514
4419.02,-57.306
4419.69,-59.156
4420.36,-58.342
4421.04,-59.848
4421.71,-57.147
4422.38,-58.724
4423.05,-57.857
4423.73,-58.076
4424.40,-60.206
4425.07,-57.672
4425.75,-57.647
4426.42,-58.999
4427.09,-58.320
4427.76,-59.784
4428.44,-59.624
4429.11,-58.101
4429.78,-58.736
4430.46,-59.917
4431.13,-59.285
4431.80,-59.648
4432.48,-59.911
4433.15,-59.070
4433.82,-57.915
4434.49,-59.160
4435.17,-58.227
4435.84,-58.927
4436.51,-57.106
4437.19,-58.822
4437.86,-60.492
4438.53,-58.567
4439.20,-59.515
4439.88,-59.285
4440.55,-59.576
4441.22,-60.608
4441.90,-59.766
4442.57,-59.527
4443.24,-60.064
4443.91,-60.428
4444.59,-60.146
4445.26,-60.075
4445.93,-60.830
4446.61,-58.938
4447.28,-59.991
4447.95,-60.324
4448.63,-60.168
4449.30,-60.378
4449.97,-60.254
4450.64,-59.769
4451.32,-60.436
4451.99,-60.323
4452.66,-60.078
4453.34,-61.104
4454.01,-59.829
4454.68,-61.100
4455.35,-60.873
4456.03,-60.228
4456.70,-61.265
4457.37,-58.606
4458.05,-59.891
4458.72,-60.368
4459.39,-60.557
4460.06,-62.064
4460.74,-61.949
4461.41,-60.471
4462.08,-60.129
4462.76,-61.495
4463.43,-62.853
4464.10,-61.760
4464.78,-60.832
4465.45,-61.896
4466.12,-58.764
4466.79,-61.739
4467.47,-60.653
4468.14,-61.886
4468.81,-62.162
4469.49,-61.986
4470.16,-61.713
4470.83,-60.720
4471.50,-60.610
4472.18,-61.335
4472.85,-60.544
4473.52,-60.751
4474.20,-60.441
4474.87,-61.655
4475.54,-60.788
4476.21,-61.333
4476.89,-60.953
4477.56,-61.888
4478.23,-61.991
4478.91,-61.273
4479.58,-61.008
4480.25,-62.045
4480.92,-62.779
4481.60,-63.144
4482.27,-61.091
4482.94,-62.153
4483.62,-61.390
4484.29,-62.441
4484.96,-62.100
4485.64,-61.345
4486.31,-61.870
4486.98,-60.506
4487.65,-61.865
4488.33,-61.653
4489.00,-60.477
4489.67,-60.396
4490.35,-61.597
4491.02,-61.121
4491.69,-61.604
4492.36,-62.161
4493.04,-62.105
4493.71,-61.159
4494.38,-62.710
4495.06,-60.785
4495.73,-61.494
4496.40,-62.551
4497.07,-60.464
4497.75,-61.204
4498.42,-61.426
4499.09,-61.562
4499.77,-62.418
4500.44,-61.400
4501.11,-62.623
4501.79,-61.939
4502.46,-64.699
4503.13,-61.562
4503.80,-62.337
4504.48,-62.295
4505.15,-62.322
4505.82,-62.280
4506.50,-62.586
4507.17,-61.957
4507.84,-62.979
4508.51,-62.182
4509.19,-62.300
4509.86,-61.176
4510.53,-62.607
4511.21,-62.694
4511.88,-62.544
4512.55,-62.916
4513.22,-62.534
4513.90,-62.843
4514.57,-62.219
4515.24,-61.879
4515.92,-62.441
4516.59,-62.382
4517.26,-62.584
4517.94,-63.833
4518.61,-62.982
4519.28,-64.051
4519.95,-63.489
4520.63,-63.680
4521.30,-62.944
4521.97,-62.251
4522.65,-61.300
4523.32,-62.949
4523.99,-62.745
4524.66,-62.989
4525.34,-63.592
4526.01,-62.069
4526.68,-62.378
4527.36,-61.423
4528.03,-61.911
4528.70,-62.805
4529.37,-62.401
4530.05,-62.590
4530.72,-61.900
4531.39,-63.151
4532.07,-63.874
4532.74,-62.530
4533.41,-63.043
4534.09,-63.525
4534.76,-62.315
4535.43,-62.574
4536.10,-62.374
4536.78,-61.077
4537.45,-63.496
4538.12,-62.654
4538.80,-64.280
4539.47,-61.259
4540.14,-62.974
4540.81,-62.319
4541.49,-62.805
4542.16,-62.759
4542.83,-64.426
4543.51,-63.025
4544.18,-63.221
4544.85,-62.611
4545.52,-63.347
4546.20,-63.304
4546.87,-63.537
4547.54,-62.375
4548.22,-62.604
4548.89,-63.183
4549.56,-62.299
4550.23,-63.298
4550.91,-62.614
4551.58,-63.323
4552.25,-64.696
4552.93,-63.269
4553.60,-63.040
4554.27,-63.517
4554.95,-62.161
4555.62,-61.547
4556.29,-63.080
4556.96,-63.707
4557.64,-63.125
4558.31,-62.476
4558.98,-62.499
4559.66,-63.465
4560.33,-62.220
4561.00,-65.012
4561.67,-63.453
4562.35,-61.844
4563.02,-63.334
4563.69,-64.117
4564.37,-63.070
4565.04,-62.522
4565.71,-62.591
4566.38,-62.652
4567.06,-63.551
4567.73,-62.379
4568.40,-63.095
4569.08,-64.007
4569.75,-62.523
4570.42,-63.392
4571.10,-62.944
4571.77,-62.616
4572.44,-61.914
4573.11,-63.082
4573.79,-64.049
4574.46,-61.128
4575.13,-63.645
4575.81,-64.799
4576.48,-62.658
4577.15,-62.467
4577.82,-63.454
4578.50,-62.243
4579.17,-63.685
4579.84,-63.133
4580.52,-62.306
4581.19,-64.189
4581.86,-64.393
4582.53,-63.335
4583.21,-63.569
4583.88,-62.075
4584.55,-63.540
4585.23,-62.969
4585.90,-62.991
4586.57,-62.676
4587.25,-63.089
4587.92,-63.551
4588.59,-63.344
4589.26,-64.100
4589.94,-64.184
4590.61,-64.520
4591.28,-63.149
4591.96,-64.996
4592.63,-63.494
4593.30,-63.848
4593.97,-63.068
4594.65,-62.149
4595.32,-62.761
4595.99,-62.904
4596.67,-63.715
4597.34,-63.343
4598.01,-64.271
4598.68,-63.216
4599.36,-62.026
4600.03,-62.971
4600.70,-63.810
4601.38,-64.311
4602.05,-62.360
4602.72,-61.858
4603.40,-64.515
4604.07,-62.548
4604.74,-63.448
4605.41,-64.612
4606.09,-62.884
4606.76,-63.088
4607.43,-64.221
4608.11,-62.411
4608.78,-63.256
4609.45,-62.701
4610.12,-62.389
4610.80,-62.055
4611.47,-61.946
4612.14,-63.544
4612.82,-62.609
4613.49,-61.660
4614.16,-62.760
4614.83,-62.684
4615.51,-62.073
4616.18,-62.493
4616.85,-62.599
4617.53,-62.361
4618.20,-62.696
4618.87,-62.865
4619.54,-63.771
4620.22,-63.341
4620.89,-62.435
4621.56,-62.142
4622.24,-62.679
4622.91,-64.190
4623.58,-63.548
4624.26,-62.046
4624.93,-62.696
4625.60,-61.745
4626.27,-62.952
4626.95,-62.374
4627.62,-62.546
4628.29,-63.402
4628.97,-62.798
4629.64,-62.003
4630.31,-62.837
4630.98,-62.847
4631.66,-63.651
4632.33,-62.895
4633.00,-62.395
4633.68,-62.077
4634.35,-60.583
4635.02,-62.989
4635.69,-61.346
4636.37,-61.753
4637.04,-63.294
4637.71,-62.007
4638.39,-62.576
4639.06,-61.912
4639.73,-62.048
4640.41,-61.429
4641.08,-62.272
4641.75,-62.154
4642.42,-62.051
4643.10,-63.450
4643.77,-62.096
4644.44,-62.650
4645.12,-62.258
4645.79,-61.300
4646.46,-63.331
4647.13,-61.778
4647.81,-62.133
4648.48,-62.753
4649.15,-62.865
4649.83,-62.244
4650.50,-60.856
4651.17,-60.984
4651.84,-63.141
4652.52,-61.062
4653.19,-62.730
4653.86,-60.184
4654.54,-61.541
4655.21,-62.647
4655.88,-64.059
4656.56,-62.011
4657.23,-63.375
4657.90,-61.573
4658.57,-62.947
4659.25,-61.957
4659.92,-60.638
4660.59,-61.939
4661.27,-61.951
4661.94,-62.928
4662.61,-62.357
4663.28,-61.929
4663.96,-61.113
4664.63,-61.685
4665.30,-61.857
4665.98,-61.103
4666.65,-62.232
4667.32,-61.537
4667.99,-62.661
4668.67,-62.753
4669.34,-60.266
4670.01,-61.162
4670.69,-60.188
4671.36,-61.407
4672.03,-61.186
4672.71,-60.944
4673.38,-61.543
4674.05,-61.477
4674.72,-61.209
4675.40,-62.801
4676.07,-60.732
4676.74,-59.595
4677.42,-62.069
4678.09,-60.758
4678.76,-60.225
4679.43,-60.551
4680.11,-59.535
4680.78,-61.685
4681.45,-60.887
4682.13,-61.546
4682.80,-61.577
4683.47,-62.542
4684.14,-61.314
4684.82,-60.640
4685.49,-61.501
4686.16,-60.816
4686.84,-59.271
4687.51,-59.652
4688.18,-61.500
4688.85,-62.058
4689.53,-59.588
4690.20,-61.829
4690.87,-61.097
4691.55,-60.751
4692.22,-62.279
4692.89,-60.089
4693.57,-60.193
4694.24,-60.000
4694.91,-61.004
4695.58,-60.870
4696.26,-60.745
4696.93,-60.210
4697.60,-58.654
4698.28,-60.884
4698.95,-59.614
4699.62,-61.505
4700.29,-59.418
4700.97,-61.037
4701.64,-60.271
4702.31,-60.235
4702.99,-60.597
4703.66,-60.180
4704.33,-59.340
4705.00,-59.476
4705.68,-62.411
4706.35,-60.339
4707.02,-61.506
4707.70,-59.361
4708.37,-60.588
4709.04,-61.147
4709.72,-59.578
4710.39,-59.873
4711.06,-60.534
4711.73,-59.387
4712.41,-58.865
4713.08,-59.648
4713.75,-59.904
4714.43,-58.989
4715.10,-58.833
4715.77,-58.630
4716.44,-60.427
4717.12,-60.173
4717.79,-59.486
4718.46,-60.381
4719.14,-62.010
4719.81,-59.678
4720.48,-58.768
4721.15,-59.395
4721.83,-59.232
4722.50,-58.790
4723.17,-59.421
4723.85,-59.250
4724.52,-60.162
4725.19,-58.869
4725.87,-59.774
4726.54,-59.438
4727.21,-59.810
4727.88,-58.862
4728.56,-60.265
4729.23,-59.641
4729.90,-59.760
4730.58,-58.661
4731.25,-60.538
4731.92,-60.502
4732.59,-60.083
4733.27,-59.376
4733.94,-59.722
4734.61,-60.050
4735.29,-58.065
4735.96,-58.601
4736.63,-59.010
4737.30,-60.078
4737.98,-59.344
4738.65,-59.570
4739.32,-58.836
4740.00,-58.619
4740.67,-58.355
4741.34,-58.351
4742.02,-58.151
4742.69,-58.487
4743.36,-58.921
4744.03,-59.622
4744.71,-58.436
4745.38,-58.403
4746.05,-59.195
4746.73,-58.889
4747.40,-58.153
4748.07,-58.865
4748.74,-58.994
4749.42,-59.286
4750.09,-60.233
4750.76,-57.958
4751.44,-59.491
4752.11,-58.315
4752.78,-57.457
4753.45,-57.854
4754.13,-58.396
4754.80,-59.505
4755.47,-57.320
4756.15,-59.212
4756.82,-57.987
4757.49,-58.160
4758.16,-57.496
4758.84,-59.956
4759.51,-58.506
4760.18,-58.022
4760.86,-58.231
4761.53,-59.495
4762.20,-58.017
4762.88,-57.658
4763.55,-57.790
4764.22,-58.691
4764.89,-58.342
4765.57,-57.815
4766.24,-59.178
4766.91,-58.639
4767.59,-57.031
4768.26,-57.304
4768.93,-58.991
4769.60,-58.567
4770.28,-57.191
4770.95,-59.159
4771.62,-58.549
4772.30,-58.310
4772.97,-57.563
4773.64,-57.632
4774.31,-57.014
4774.99,-58.020
4775.66,-57.395
4776.33,-58.701
4777.01,-57.740
4777.68,-58.208
4778.35,-58.804
4779.03,-57.871
4779.70,-57.294
4780.37,-57.166
4781.04,-58.009
4781.72,-57.963
4782.39,-57.646
4783.06,-57.229
4783.74,-57.166
4784.41,-56.702
4785.08,-58.089
4785.75,-57.633
4786.43,-57.517
4787.10,-56.843
4787.77,-57.989
4788.45,-57.381
4789.12,-58.245
4789.79,-56.957
4790.46,-57.366
4791.14,-58.581
4791.81,-57.660
4792.48,-57.711
4793.16,-56.811
4793.83,-58.021
4794.50,-57.924
4795.18,-58.551
4795.85,-57.127
4796.52,-56.452
4797.19,-57.493
4797.87,-58.010
4798.54,-57.118
4799.21,-58.383
4799.89,-59.012
4800.56,-57.046
4801.23,-57.129
4801.90,-57.852
4802.58,-57.460
4803.25,-56.229
4803.92,-57.428
4804.60,-57.172
4805.27,-57.373
4805.94,-58.052
4806.61,-57.223
4807.29,-57.646
4807.96,-57.296
4808.63,-57.940
4809.31,-56.917
4809.98,-57.415
4810.65,-56.766
4811.33,-58.278
4812.00,-57.207
4812.67,-56.931
4813.34,-57.647
4814.02,-58.290
4814.69,-56.654
4815.36,-57.945
4816.04,-57.384
4816.71,-57.794
4817.38,-58.238
4818.05,-57.744
4818.73,-58.002
4819.40,-56.891
4820.07,-56.237
4820.75,-56.184
4821.42,-56.907
4822.09,-56.692
4822.76,-58.063
4823.44,-57.349
4824.11,-57.074
4824.78,-57.055
4825.46,-57.632
4826.13,-58.563
4826.80,-56.007
4827.47,-56.920
4828.15,-57.043
4828.82,-56.491
4829.49,-57.453
4830.17,-56.749
4830.84,-56.372
4831.51,-57.925
4832.19,-58.725
4832.86,-57.637
4833.53,-57.979
4834.20,-57.759
4834.88,-57.326
4835.55,-56.865
4836.22,-57.972
4836.90,-57.570
4837.57,-57.818
4838.24,-57.501
4838.91,-57.330
4839.59,-55.946
4840.26,-57.208
4840.93,-57.578
4841.61,-55.158
4842.28,-56.481
4842.95,-58.083
4843.62,-56.340
4844.30,-56.276
4844.97,-56.908
4845.64,-57.161
4846.32,-57.169
4846.99,-56.462
4847.66,-56.777
4848.34,-57.638
4849.01,-58.045
4849.68,-57.400
4850.35,-57.472
4851.03,-57.796
4851.70,-58.421
4852.37,-58.173
4853.05,-56.180
4853.72,-57.950
4854.39,-56.006
4855.06,-57.063
4855.74,-57.152
4856.41,-56.660
4857.08,-56.292
4857.76,-58.328
4858.43,-57.678
4859.10,-58.281
4859.77,-57.302
4860.45,-56.747
4861.12,-57.472
4861.79,-57.599
4862.47,-58.891
4863.14,-56.986
4863.81,-56.834
4864.49,-56.853
4865.16,-57.181
4865.83,-55.997
4866.50,-56.569
4867.18,-55.253
4867.85,-56.876
4868.52,-56.109
4869.20,-56.539
4869.87,-57.174
4870.54,-55.332
4871.21,-57.415
4871.89,-56.143
4872.56,-56.119
4873.23,-56.653
4873.91,-57.333
4874.58,-57.582
4875.25,-56.769
4875.92,-57.381
4876.60,-57.038
4877.27,-56.343
4877.94,-58.111
4878.62,-57.739
4879.29,-56.588
4879.96,-56.083
4880.64,-57.387
4881.31,-57.009
4881.98,-55.996
4882.65,-55.331
4883.33,-57.288
4884.00,-56.811
4884.67,-56.603
4885.35,-58.252
4886.02,-56.982
4886.69,-57.742
4887.36,-56.541
4888.04,-55.807
4888.71,-56.595
4889.38,-56.592
4890.06,-57.110
4890.73,-57.826
4891.40,-56.998
4892.07,-56.854
4892.75,-58.087
4893.42,-56.585
4894.09,-57.107
4894.77,-55.497
4895.44,-55.869
4896.11,-56.737
4896.78,-57.410
4897.46,-55.567
4898.13,-56.995
4898.80,-58.398
4899.48,-56.850
4900.15,-56.292
4900.82,-56.465
4901.50,-58.118
4902.17,-55.443
4902.84,-57.388
4903.51,-56.798
4904.19,-55.419
4904.86,-55.792
4905.53,-56.140
4906.21,-57.185
4906.88,-58.756
4907.55,-55.786
4908.22,-57.392
4908.90,-57.770
4909.57,-58.342
4910.24,-56.512
4910.92,-57.031
4911.59,-55.780
4912.26,-55.782
4912.93,-54.960
4913.61,-57.625
4914.28,-57.574
4914.95,-56.545
4915.63,-57.479
4916.30,-56.892
4916.97,-57.981
4917.65,-57.453
4918.32,-56.836
4918.99,-55.777
4919.66,-57.171
4920.34,-55.710
4921.01,-56.833
4921.68,-55.328
4922.36,-56.254
4923.03,-55.634
4923.70,-55.396
4924.37,-55.991
4925.05,-55.944
4925.72,-57.666
4926.39,-55.811
4927.07,-56.537
4927.74,-56.780
4928.41,-56.446
4929.08,-56.329
4929.76,-56.250
4930.43,-56.401
4931.10,-56.279
4931.78,-56.237
4932.45,-55.559
4933.12,-55.389
4933.80,-56.327
4934.47,-56.006
4935.14,-56.319
4935.81,-58.114
4936.49,-55.943
4937.16,-56.522
4937.83,-56.407
4938.51,-58.073
4939.18,-56.121
4939.85,-56.510
4940.52,-56.357
4941.20,-56.533
4941.87,-56.945
4942.54,-55.654
4943.22,-57.246
4943.89,-57.950
4944.56,-56.685
4945.23,-57.550
4945.91,-55.613
4946.58,-56.474
4947.25,-54.993
4947.93,-56.437
4948.60,-57.291
4949.27,-56.226
4949.95,-57.161
4950.62,-56.178
4951.29,-56.040
4951.96,-55.950
4952.64,-57.547
4953.31,-57.627
4953.98,-54.339
4954.66,-54.459
4955.33,-56.965
4956.00,-56.284
4956.67,-55.543
4957.35,-56.625
4958.02,-55.395
4958.69,-55.531
4959.37,-55.863
4960.04,-55.888
4960.71,-57.154
4961.38,-56.546
4962.06,-56.183
4962.73,-55.402
4963.40,-55.437
4964.08,-56.277
4964.75,-56.068
4965.42,-55.198
4966.09,-55.551
4966.77,-55.631
4967.44,-55.911
4968.11,-55.530
4968.79,-55.042
4969.46,-56.312
4970.13,-56.453
4970.81,-56.396
4971.48,-55.775
4972.15,-55.519
4972.82,-56.104
4973.50,-56.856
4974.17,-55.175
4974.84,-55.858
4975.52,-56.191
4976.19,-56.203
4976.86,-56.582
4977.53,-56.083
4978.21,-56.008
4978.88,-56.816
4979.55,-55.655
4980.23,-57.030
4980.90,-55.801
4981.57,-55.055
4982.24,-55.642
4982.92,-56.516
4983.59,-55.748
4984.26,-56.006
4984.94,-56.125
4985.61,-56.945
4986.28,-56.968
4986.96,-57.304
4987.63,-57.089
4988.30,-56.009
4988.97,-55.714
4989.65,-56.368
4990.32,-56.182
4990.99,-56.267
4991.67,-56.915
4992.34,-56.699
4993.01,-54.658
4993.68,-55.446
4994.36,-54.942
4995.03,-56.611
4995.70,-55.122
4996.38,-56.104
4997.05,-55.917
4997.72,-55.623
4998.39,-56.399
4999.07,-56.841
4999.74,-55.362
5000.41,-55.986
5001.09,-55.628
5001.76,-54.953
5002.43,-56.256
5003.11,-56.516
5003.78,-56.731
5004.45,-58.000
5005.12,-56.310
5005.80,-56.440
5006.47,-56.320
5007.14,-55.627
5007.82,-55.299
5008.49,-55.047
5009.16,-56.811
5009.83,-56.236
5010.51,-54.602
5011.18,-54.623
5011.85,-56.857
5012.53,-57.070
5013.20,-57.233
5013.87,-56.900
5014.54,-56.987
5015.22,-56.558
5015.89,-56.369
5016.56,-56.713
5017.24,-54.641
5017.91,-55.876
5018.58,-57.005
5019.26,-56.001
5019.93,-55.941
5020.60,-56.833
5021.27,-56.089
5021.95,-58.555
5022.62,-56.807
5023.29,-55.865
5023.97,-54.176
5024.64,-56.042
5025.31,-54.710
5025.98,-56.968
5026.66,-56.697
5027.33,-56.610
5028.00,-56.316
5028.68,-56.200
5029.35,-56.025
5030.02,-55.088
5030.69,-56.402
5031.37,-57.416
5032.04,-56.927
5032.71,-57.032
5033.39,-56.172
5034.06,-56.150
5034.73,-54.866
5035.40,-57.062
5036.08,-57.705
5036.75,-56.727
5037.42,-56.376
5038.10,-56.675
5038.77,-56.854
5039.44,-56.708
5040.12,-56.717
5040.79,-56.714
5041.46,-57.089
5042.13,-57.209
5042.81,-58.214
5043.48,-56.369
5044.15,-57.193
5044.83,-57.887
5045.50,-56.983
5046.17,-57.086
5046.84,-57.276
5047.52,-57.752
5048.19,-56.625
5048.86,-55.727
5049.54,-57.056
5050.21,-57.790
5050.88,-57.745
5051.55,-55.703
5052.23,-57.821
5052.90,-57.032
5053.57,-57.635
5054.25,-57.107
5054.92,-58.624
5055.59,-57.407
5056.27,-56.668
5056.94,-57.467
5057.61,-58.333
5058.28,-57.571
5058.96,-57.868
5059.63,-57.977
5060.30,-57.561
5060.98,-58.675
5061.65,-58.686
5062.32,-59.613
5062.99,-58.523
5063.67,-57.594
5064.34,-58.745
5065.01,-58.411
5065.69,-58.782
5066.36,-59.337
5067.03,-58.962
5067.70,-58.029
5068.38,-56.961
5069.05,-57.545
5069.72,-58.873
5070.40,-59.385
5071.07,-59.451
5071.74,-58.376
5072.42,-58.270
5073.09,-58.078
5073.76,-58.546
5074.43,-59.567
5075.11,-58.033
5075.78,-59.390
5076.45,-57.531
5077.13,-57.684
5077.80,-57.179
5078.47,-58.350
5079.14,-58.898
5079.82,-58.210
5080.49,-58.143
5081.16,-57.425
5081.84,-58.702
5082.51,-59.420
5083.18,-58.183
5083.85,-59.078
5084.53,-60.072
5085.20,-59.564
5085.87,-58.229
5086.55,-60.240
5087.22,-59.427
5087.89,-59.320
5088.57,-60.078
5089.24,-58.929
5089.91,-59.372
5090.58,-60.059
5091.26,-60.616
5091.93,-60.373
5092.60,-60.047
5093.28,-59.804
5093.95,-59.420
5094.62,-58.934
5095.29,-61.230
5095.97,-59.082
5096.64,-58.888
5097.31,-60.531
5097.99,-60.391
5098.66,-60.997
5099.33,-60.143
5100.00,-60.692
5100.68,-59.692
5101.35,-60.400
5102.02,-59.577
5102.70,-60.297
5103.37,-61.120
5104.04,-60.040
5104.71,-61.525
5105.39,-60.389
5106.06,-61.419
5106.73,-59.841
5107.41,-59.347
5108.08,-60.528
5108.75,-60.809
5109.43,-60.775
5110.10,-60.529
5110.77,-59.974
5111.44,-61.478
5112.12,-62.351
5112.79,-61.731
5113.46,-60.540
5114.14,-60.464
5114.81,-61.353
5115.48,-60.960
5116.15,-61.728
5116.83,-60.233
5117.50,-60.692
5118.17,-61.101
5118.85,-60.863
5119.52,-62.162
5120.19,-62.255
5120.86,-63.003
5121.54,-62.555
5122.21,-60.680
5122.88,-61.660
5123.56,-61.917
5124.23,-61.162
5124.90,-61.961
5125.58,-62.413
5126.25,-61.639
5126.92,-63.388
5127.59,-61.840
5128.27,-61.532
5128.94,-63.131
5129.61,-61.812
5130.29,-61.244
5130.96,-62.037
5131.63,-61.729
5132.30,-62.532
5132.98,-61.421
5133.65,-61.172
5134.32,-61.496
5135.00,-61.569
5135.67,-62.348
5136.34,-62.680
5137.01,-62.857
5137.69,-62.752
5138.36,-62.481
5139.03,-62.839
5139.71,-63.171
5140.38,-61.710
5141.05,-61.574
5141.73,-62.157
5142.40,-63.750
5143.07,-63.541
5143.74,-62.935
5144.42,-62.160
5145.09,-64.450
5145.76,-62.794
5146.44,-62.851
5147.11,-62.228
5147.78,-61.630
5148.45,-61.644
5149.13,-62.515
5149.80,-62.678
5150.47,-62.587
5151.15,-63.891
5151.82,-63.639
5152.49,-63.436
5153.16,-62.121
5153.84,-63.112
5154.51,-63.022
5155.18,-62.995
5155.86,-62.640
5156.53,-64.535
5157.20,-63.340
5157.88,-64.577
5158.55,-63.941
5159.22,-64.011
5159.89,-63.755
5160.57,-64.385
5161.24,-64.968
5161.91,-63.815
5162.59,-63.444
5163.26,-63.339
5163.93,-62.004
5164.60,-62.887
5165.28,-63.168
5165.95,-63.943
5166.62,-64.808
5167.30,-64.908
5167.97,-64.440
5168.64,-62.190
5169.31,-63.700
5169.99,-63.021
5170.66,-62.732
5171.33,-63.943
5172.01,-63.580
5172.68,-64.004
5173.35,-63.611
5174.02,-63.659
5174.70,-63.617
5175.37,-63.984
5176.04,-62.981
5176.72,-64.688
5177.39,-64.094
5178.06,-62.458
5178.74,-64.482
5179.41,-65.478
5180.08,-65.126
5180.75,-64.670
5181.43,-63.840
5182.10,-64.794
5182.77,-63.011
5183.45,-64.476
5184.12,-64.455
5184.79,-64.605
5185.46,-65.058
5186.14,-64.299
5186.81,-65.212
5187.48,-63.693
5188.16,-64.134
5188.83,-66.023
5189.50,-65.179
5190.17,-64.668
5190.85,-65.302
5191.52,-65.428
5192.19,-65.738
5192.87,-65.864
5193.54,-65.722
5194.21,-64.567
5194.89,-65.080
5195.56,-64.438
5196.23,-64.863
5196.90,-65.143
5197.58,-64.518
5198.25,-65.068
5198.92,-63.846
5199.60,-64.806
5200.27,-64.804
5200.94,-65.347
5201.61,-66.580
5202.29,-65.558
5202.96,-66.221
5203.63,-65.149
5204.31,-65.382
5204.98,-64.951
5205.65,-64.916
5206.32,-64.950
5207.00,-65.713
5207.67,-65.260
5208.34,-65.459
5209.02,-64.633
5209.69,-65.357
5210.36,-65.586
5211.04,-66.030
5211.71,-64.042
5212.38,-65.638
5213.05,-63.768
5213.73,-64.505
5214.40,-64.885
5215.07,-65.205
5215.75,-65.186
5216.42,-64.813
5217.09,-66.198
5217.76,-65.987
5218.44,-65.452
5219.11,-67.226
5219.78,-65.787
5220.46,-65.855
5221.13,-65.363
5221.80,-66.007
5222.47,-66.607
5223.15,-66.062
5223.82,-64.797
5224.49,-66.766
5225.17,-66.311
5225.84,-64.453
5226.51,-65.433
5227.19,-65.165
5227.86,-67.367
5228.53,-64.915
5229.20,-66.049
5229.88,-66.030
5230.55,-66.357
5231.22,-65.559
5231.90,-65.718
5232.57,-67.236
5233.24,-66.449
5233.91,-66.601
5234.59,-64.813
5235.26,-66.215
5235.93,-66.265
5236.61,-66.261
5237.28,-64.282
5237.95,-66.217
5238.62,-65.983
5239.30,-66.969
5239.97,-66.129
5240.64,-65.661
5241.32,-65.872
5241.99,-66.371
5242.66,-66.838
5243.33,-66.233
5244.01,-66.730
5244.68,-66.192
5245.35,-67.393
5246.03,-66.994
5246.70,-67.403
5247.37,-66.838
5248.05,-66.387
5248.72,-65.249
5249.39,-65.810
5250.06,-66.524
5250.74,-66.314
5251.41,-65.963
5252.08,-65.860
5252.76,-65.823
5253.43,-66.165
5254.10,-65.872
5254.77,-66.866
5255.45,-67.547
5256.12,-68.294
5256.79,-67.378
5257.47,-67.144
5258.14,-66.496
5258.81,-65.693
5259.48,-66.255
5260.16,-66.252
5260.83,-66.031
5261.50,-66.731
5262.18,-66.838
5262.85,-66.437
5263.52,-66.212
5264.20,-67.595
5264.87,-67.011
5265.54,-67.022
5266.21,-68.828
5266.89,-66.762
5267.56,-67.613
5268.23,-67.432
5268.91,-66.956
5269.58,-67.254
5270.25,-65.741
5270.92,-66.713
5271.60,-65.889
5272.27,-66.792
5272.94,-65.985
5273.62,-67.131
5274.29,-66.583
5274.96,-65.782
5275.63,-66.121
5276.31,-67.613
5276.98,-65.687
5277.65,-66.349
5278.33,-66.221
5279.00,-67.190
5279.67,-66.857
5280.35,-65.377
5281.02,-66.134
5281.69,-66.457
5282.36,-65.702
5283.04,-66.524
5283.71,-67.186
5284.38,-66.387
5285.06,-67.320
5285.73,-67.400
5286.40,-66.925
5287.07,-67.313
5287.75,-65.998
5288.42,-66.833
5289.09,-66.863
5289.77,-66.846
5290.44,-65.356
5291.11,-67.359
5291.78,-66.498
5292.46,-68.410
5293.13,-67.182
5293.80,-65.660
5294.48,-68.735
5295.15,-66.684
5295.82,-67.655
5296.50,-66.580
5297.17,-65.274
5297.84,-66.903
5298.51,-66.543
5299.19,-67.150
5299.86,-67.392
5300.53,-67.716
5301.21,-67.105
5301.88,-67.490
5302.55,-66.373
5303.22,-65.576
5303.90,-66.324
5304.57,-65.897
5305.24,-67.990
5305.92,-66.182
5306.59,-68.304
5307.26,-67.214
5307.93,-66.662
5308.61,-66.790
5309.28,-66.273
5309.95,-67.290
5310.63,-65.133
5311.30,-67.022
5311.97,-67.468
5312.64,-66.559
5313.32,-66.094
5313.99,-66.064
5314.66,-66.631
5315.34,-67.979
5316.01,-66.045
5316.68,-66.133
5317.36,-66.641
5318.03,-65.566
5318.70,-67.881
5319.37,-67.109
5320.05,-66.910
5320.72,-66.388
5321.39,-66.093
5322.07,-65.724
5322.74,-67.031
5323.41,-68.312
5324.08,-65.530
5324.76,-66.383
5325.43,-65.103
5326.10,-66.442
5326.78,-66.070
5327.45,-66.704
5328.12,-67.276
5328.79,-65.733
5329.47,-67.085
5330.14,-67.277
5330.81,-66.691
5331.49,-66.482
5332.16,-66.629
5332.83,-66.020
5333.51,-66.005
5334.18,-65.291
5334.85,-66.107
5335.52,-65.888
5336.20,-66.699
5336.87,-65.241
5337.54,-66.203
5338.22,-66.367
5338.89,-65.809
5339.56,-64.861
5340.23,-65.731
5340.91,-66.562
5341.58,-65.420
5342.25,-65.025
5342.93,-66.076
5343.60,-65.664
5344.27,-66.335
5344.94,-64.552
5345.62,-65.896
5346.29,-66.734
5346.96,-66.062
5347.64,-65.484
5348.31,-65.416
5348.98,-66.218
5349.66,-64.716
5350.33,-65.395
5351.00,-65.781
5351.67,-63.975
5352.35,-66.079
5353.02,-65.759
5353.69,-65.701
5354.37,-65.099
5355.04,-66.208
5355.71,-65.826
5356.38,-66.163
5357.06,-66.227
5357.73,-66.240
5358.40,-65.620
5359.08,-66.924
5359.75,-65.882
5360.42,-66.077
5361.09,-65.329
5361.77,-64.953
5362.44,-66.416
5363.11,-65.261
5363.79,-64.206
5364.46,-65.785
5365.13,-64.836
5365.81,-65.631
5366.48,-66.168
5367.15,-65.530
5367.82,-64.530
5368.50,-66.208
5369.17,-66.793
5369.84,-66.251
5370.52,-66.241
5371.19,-65.766
5371.86,-65.109
5372.53,-64.889
5373.21,-66.495
5373.88,-65.901
5374.55,-65.697
5375.23,-64.394
5375.90,-65.752
5376.57,-65.509
5377.24,-64.861
5377.92,-64.677
5378.59,-66.636
5379.26,-65.511
5379.94,-65.282
5380.61,-65.403
5381.28,-64.840
5381.95,-65.105
5382.63,-65.879
5383.30,-64.939
5383.97,-64.681
5384.65,-65.554
5385.32,-65.044
5385.99,-64.789
5386.67,-65.082
5387.34,-64.635
5388.01,-64.844
5388.68,-66.348
5389.36,-64.409
5390.03,-64.610
5390.70,-65.286
5391.38,-65.557
5392.05,-63.875
5392.72,-65.839
5393.39,-63.857
5394.07,-65.149
5394.74,-65.278
5395.41,-65.464
5396.09,-64.931
5396.76,-62.904
5397.43,-65.903
5398.10,-64.418
5398.78,-65.039
5399.45,-65.990
5400.12,-64.500
5400.80,-63.852
5401.47,-64.631
5402.14,-63.205
5402.82,-64.780
5403.49,-63.524
5404.16,-63.211
5404.83,-63.649
5405.51,-63.898
5406.18,-65.405
5406.85,-62.900
5407.53,-63.429
5408.20,-63.304
5408.87,-63.649
5409.54,-64.087
5410.22,-64.105
5410.89,-63.740
5411.56,-63.287
5412.24,-63.161
5412.91,-63.361
5413.58,-62.119
5414.25,-62.218
5414.93,-64.597
5415.60,-63.766
5416.27,-63.341
5416.95,-64.140
5417.62,-63.361
5418.29,-64.480
5418.97,-64.023
5419.64,-62.537
5420.31,-63.442
5420.98,-63.581
5421.66,-63.429
5422.33,-63.438
5423.00,-62.786
5423.68,-62.672
5424.35,-61.485
5425.02,-63.412
5425.69,-63.039
5426.37,-61.930
5427.04,-62.898
5427.71,-63.203
5428.39,-61.524
5429.06,-62.497
5429.73,-61.855
5430.40,-62.115
5431.08,-63.790
5431.75,-62.601
5432.42,-62.925
5433.10,-62.736
5433.77,-61.593
5434.44,-63.235
5435.12,-62.331
5435.79,-61.918
5436.46,-63.585
5437.13,-62.030
5437.81,-63.328
5438.48,-64.267
5439.15,-63.655
5439.83,-62.942
5440.50,-61.474
5441.17,-59.959
5441.84,-61.963
5442.52,-61.062
5443.19,-61.400
5443.86,-62.113
5444.54,-62.280
5445.21,-61.363
5445.88,-62.138
5446.55,-61.477
5447.23,-61.665
5447.90,-61.966
5448.57,-61.889
5449.25,-61.189
5449.92,-61.827
5450.59,-62.886
5451.26,-61.893
5451.94,-61.903
5452.61,-61.668
5453.28,-61.533
5453.96,-61.943
5454.63,-60.470
5455.30,-61.453
5455.98,-61.078
5456.65,-60.265
5457.32,-60.659
5457.99,-60.161
5458.67,-62.358
5459.34,-63.091
5460.01,-61.636
5460.69,-60.370
5461.36,-60.315
5462.03,-59.955
5462.70,-59.588
5463.38,-60.587
5464.05,-60.262
5464.72,-60.332
5465.40,-60.374
5466.07,-59.775
5466.74,-60.178
5467.41,-59.931
5468.09,-59.422
5468.76,-59.233
5469.43,-60.222
5470.11,-57.619
5470.78,-59.086
5471.45,-58.835
5472.13,-59.689
5472.80,-59.705
5473.47,-58.228
5474.14,-58.315
5474.82,-58.143
5475.49,-57.957
5476.16,-59.520
5476.84,-59.132
5477.51,-58.144
5478.18,-58.828
5478.85,-58.858
5479.53,-59.480
5480.20,-61.384
5480.87,-58.925
5481.55,-59.637
5482.22,-59.131
5482.89,-57.781
5483.56,-58.881
5484.24,-58.272
5484.91,-59.435
5485.58,-59.107
5486.26,-59.184
5486.93,-59.187
5487.60,-57.519
5488.28,-57.389
5488.95,-58.292
5489.62,-56.788
5490.29,-57.487
5490.97,-58.118
5491.64,-58.194
5492.31,-58.392
5492.99,-57.750
5493.66,-58.137
5494.33,-58.350
5495.00,-58.995
5495.68,-58.367
5496.35,-58.125
5497.02,-57.278
5497.70,-58.285
5498.37,-58.348
5499.04,-58.269
5499.71,-57.922
5500.39,-57.724
5501.06,-56.919
5501.73,-57.999
5502.41,-58.690
5503.08,-58.996
5503.75,-58.169
5504.43,-58.346
5505.10,-58.704
5505.77,-56.850
5506.44,-57.868
5507.12,-58.369
5507.79,-57.389
5508.46,-58.570
5509.14,-58.759
5509.81,-57.884
5510.48,-57.618
5511.15,-57.253
5511.83,-58.264
5512.50,-58.830
5513.17,-57.575
5513.85,-58.219
5514.52,-59.302
5515.19,-58.686
5515.86,-57.830
5516.54,-58.782
5517.21,-58.557
5517.88,-59.258
5518.56,-59.816
5519.23,-57.883
5519.90,-58.753
5520.57,-58.605
5521.25,-59.273
5521.92,-59.125
5522.59,-58.970
5523.27,-58.939
5523.94,-58.475
5524.61,-59.070
5525.29,-60.013
5525.96,-59.362
5526.63,-58.152
5527.30,-59.610
5527.98,-58.815
5528.65,-58.085
5529.32,-59.483
5530.00,-59.889
5530.67,-58.775
5531.34,-59.643
5532.01,-58.721
5532.69,-60.279
5533.36,-60.111
5534.03,-59.419
5534.71,-60.556
5535.38,-60.972
5536.05,-62.246
5536.72,-62.084
5537.40,-60.506
5538.07,-60.937
5538.74,-59.790
5539.42,-60.431
5540.09,-60.087
5540.76,-59.415
5541.44,-59.918
5542.11,-61.011
5542.78,-59.851
5543.45,-60.276
5544.13,-61.470
5544.80,-62.205
5545.47,-62.179
5546.15,-61.935
5546.82,-61.394
5547.49,-60.037
5548.16,-62.039
5548.84,-61.309
5549.51,-62.171
5550.18,-61.347
5550.86,-62.606
5551.53,-61.633
5552.20,-61.685
5552.87,-61.439
5553.55,-62.291
5554.22,-61.992
5554.89,-62.868
5555.57,-62.093
5556.24,-62.348
5556.91,-61.346
5557.59,-61.728
5558.26,-61.460
5558.93,-64.135
5559.60,-63.725
5560.28,-63.020
5560.95,-62.428
5561.62,-62.883
5562.30,-62.561
5562.97,-63.469
5563.64,-62.739
5564.31,-62.595
5564.99,-62.125
5565.66,-62.378
5566.33,-64.602
5567.01,-65.094
5567.68,-63.766
5568.35,-63.019
5569.02,-62.478
5569.70,-63.382
5570.37,-64.614
5571.04,-64.291
5571.72,-65.192
5572.39,-65.407
5573.06,-64.388
5573.74,-65.477
5574.41,-64.503
5575.08,-63.905
5575.75,-64.736
5576.43,-64.864
5577.10,-63.851
5577.77,-63.980
5578.45,-64.904
5579.12,-65.582
5579.79,-64.461
5580.46,-63.371
5581.14,-64.245
5581.81,-65.422
5582.48,-64.774
5583.16,-65.212
5583.83,-63.347
5584.50,-66.205
5585.17,-64.615
5585.85,-65.856
5586.52,-65.975
5587.19,-66.756
5587.87,-65.039
5588.54,-64.151
5589.21,-65.505
5589.88,-64.688
5590.56,-65.786
5591.23,-67.134
5591.90,-67.286
5592.58,-65.262
5593.25,-64.817
5593.92,-64.716
5594.60,-64.316
5595.27,-65.640
5595.94,-66.611
5596.61,-66.103
5597.29,-67.073
5597.96,-65.410
5598.63,-67.192
5599.31,-67.084
5599.98,-66.510
5600.65,-64.347
5601.32,-67.572
5602.00,-67.613
5602.67,-66.957
5603.34,-65.424
5604.02,-66.706
5604.69,-65.438
5605.36,-65.142
5606.03,-65.934
5606.71,-68.375
5607.38,-67.246
5608.05,-67.938
5608.73,-67.171
5609.40,-67.535
5610.07,-67.339
5610.75,-66.642
5611.42,-68.212
5612.09,-67.286
5612.76,-67.386
5613.44,-68.199
5614.11,-68.562
5614.78,-66.717
5615.46,-68.055
5616.13,-67.794
5616.80,-68.000
5617.47,-67.690
5618.15,-67.949
5618.82,-67.404
5619.49,-66.408
5620.17,-66.626
5620.84,-67.997
5621.51,-67.453
5622.18,-66.348
5622.86,-67.246
5623.53,-67.954
5624.20,-69.407
5624.88,-68.958
5625.55,-69.692
5626.22,-68.430
5626.90,-67.519
5627.57,-66.886
5628.24,-67.168
5628.91,-68.536
5629.59,-67.579
5630.26,-68.453
5630.93,-68.447
5631.61,-67.351
5632.28,-67.510
5632.95,-68.147
5633.62,-67.703
5634.30,-69.253
5634.97,-68.630
5635.64,-67.884
5636.32,-68.800
5636.99,-68.782
5637.66,-68.207
5638.33,-69.357
5639.01,-69.199
5639.68,-68.952
5640.35,-70.095
5641.03,-70.105
5641.70,-70.226
5642.37,-70.084
5643.05,-69.711
5643.72,-70.129
5644.39,-68.046
5645.06,-69.201
5645.74,-66.955
5646.41,-69.296
5647.08,-69.221
5647.76,-68.736
5648.43,-69.575
5649.10,-69.830
5649.77,-69.604
5650.45,-69.334
5651.12,-70.014
5651.79,-68.728
5652.47,-68.444
5653.14,-70.219
5653.81,-70.807
5654.48,-70.357
5655.16,-68.882
5655.83,-67.141
5656.50,-69.995
5657.18,-69.302
5657.85,-71.139
5658.52,-70.046
5659.19,-70.565
5659.87,-69.741
5660.54,-68.930
5661.21,-70.671
5661.89,-72.103
5662.56,-69.740
5663.23,-70.144
5663.91,-71.415
5664.58,-71.350
5665.25,-70.852
5665.92,-71.488
5666.60,-71.000
5667.27,-71.120
5667.94,-70.442
5668.62,-69.652
5669.29,-69.793
5669.96,-71.100
5670.63,-71.447
5671.31,-72.125
5671.98,-71.546
5672.65,-71.120
5673.33,-72.881
5674.00,-70.953
5674.67,-70.680
5675.34,-70.225
5676.02,-70.838
5676.69,-70.401
5677.36,-70.486
5678.04,-70.747
5678.71,-69.707
5679.38,-71.507
5680.06,-69.420
5680.73,-70.420
5681.40,-69.524
5682.07,-71.322
5682.75,-71.749
5683.42,-71.144
5684.09,-71.963
5684.77,-69.896
5685.44,-70.112
5686.11,-69.517
5686.78,-70.940
5687.46,-70.658
5688.13,-71.199
5688.80,-71.873
5689.48,-69.783
5690.15,-70.912
5690.82,-70.025
5691.49,-71.007
5692.17,-70.252
5692.84,-70.563
5693.51,-71.408
5694.19,-71.524
5694.86,-70.489
5695.53,-72.177
5696.21,-72.085
5696.88,-70.615
5697.55,-71.619
5698.22,-71.739
5698.90,-71.003
5699.57,-70.926
5700.24,-71.972
5700.92,-72.703
5701.59,-71.471
5702.26,-70.780
5702.93,-71.809
5703.61,-72.686
5704.28,-71.104
5704.95,-71.877
5705.63,-72.582
5706.30,-73.168
5706.97,-71.253
5707.64,-70.845
5708.32,-71.103
5708.99,-70.711
5709.66,-70.461
5710.34,-70.686
5711.01,-71.700
5711.68,-71.124
5712.36,-72.164
5713.03,-71.030
5713.70,-70.768
5714.37,-72.090
5715.05,-71.603
5715.72,-71.611
5716.39,-71.244
5717.07,-71.516
5717.74,-73.015
5718.41,-72.433
5719.08,-72.259
5719.76,-71.989
5720.43,-71.571
5721.10,-71.127
5721.78,-70.694
5722.45,-72.809
5723.12,-72.233
5723.79,-71.498
5724.47,-72.128
5725.14,-71.651
5725.81,-70.781
5726.49,-71.708
5727.16,-72.386
5727.83,-72.153
5728.50,-71.492
5729.18,-70.812
5729.85,-71.055
5730.52,-72.377
5731.20,-73.140
5731.87,-71.030
5732.54,-73.072
5733.22,-73.237
5733.89,-72.014
5734.56,-73.262
5735.23,-73.929
5735.91,-73.087
5736.58,-72.485
5737.25,-71.738
5737.93,-73.772
5738.60,-71.576
5739.27,-71.838
5739.94,-72.105
5740.62,-73.524
5741.29,-73.871
5741.96,-71.628
5742.64,-72.115
5743.31,-72.876
5743.98,-71.690
5744.65,-71.496
5745.33,-72.460
5746.00,-71.793
5746.67,-72.546
5747.35,-72.211
5748.02,-71.892
5748.69,-72.044
5749.37,-71.870
5750.04,-71.903
5750.71,-70.945
5751.38,-72.042
5752.06,-71.986
5752.73,-73.851
5753.40,-72.668
5754.08,-72.837
5754.75,-73.612
5755.42,-71.875
5756.09,-71.680
5756.77,-72.631
5757.44,-74.015
5758.11,-73.726
5758.79,-72.519
5759.46,-73.367
5760.13,-72.704
5760.80,-71.719
5761.48,-72.968
5762.15,-72.721
5762.82,-71.735
5763.50,-71.881
5764.17,-72.761
5764.84,-72.657
5765.52,-72.371
5766.19,-71.442
5766.86,-74.236
5767.53,-73.863
5768.21,-72.948
5768.88,-73.228
5769.55,-72.809
5770.23,-72.615
5770.90,-72.985
5771.57,-72.732
5772.24,-71.574
5772.92,-71.632
5773.59,-73.468
5774.26,-73.603
5774.94,-72.608
5775.61,-72.068
5776.28,-72.699
5776.95,-73.946
5777.63,-72.277
5778.30,-72.975
5778.97,-74.046
5779.65,-74.013
5780.32,-74.362
5780.99,-71.969
5781.67,-72.680
5782.34,-73.818
5783.01,-73.388
5783.68,-72.412
5784.36,-72.779
5785.03,-72.692
5785.70,-72.315
5786.38,-73.898
5787.05,-73.394
5787.72,-73.247
5788.39,-72.843
5789.07,-75.234
5789.74,-74.269
5790.41,-74.693
5791.09,-72.609
5791.76,-73.463
5792.43,-72.909
5793.10,-74.267
5793.78,-73.365
5794.45,-73.707
5795.12,-71.824
5795.80,-72.313
5796.47,-72.646
5797.14,-73.285
5797.81,-74.091
5798.49,-72.077
5799.16,-71.500
5799.83,-72.533
5800.51,-73.955
5801.18,-73.429
5801.85,-72.267
5802.53,-73.270
5803.20,-71.891
5803.87,-73.107
5804.54,-72.551
5805.22,-72.681
5805.89,-73.546
5806.56,-72.680
5807.24,-73.761
5807.91,-72.704
5808.58,-73.203
5809.25,-71.984
5809.93,-72.783
5810.60,-73.240
5811.27,-72.264
5811.95,-72.105
5812.62,-72.219
5813.29,-71.965
5813.96,-72.983
5814.64,-73.235
5815.31,-72.636
5815.98,-72.647
5816.66,-72.592
5817.33,-74.190
5818.00,-73.475
5818.68,-72.199
5819.35,-71.922
5820.02,-71.895
5820.69,-72.040
5821.37,-72.748
5822.04,-72.998
5822.71,-72.921
5823.39,-73.093
5824.06,-73.982
5824.73,-73.421
5825.40,-72.110
5826.08,-72.169
5826.75,-73.819
5827.42,-73.589
5828.10,-74.891
5828.77,-72.478
5829.44,-71.910
5830.11,-72.159
5830.79,-73.000
5831.46,-73.106
5832.13,-73.150
5832.81,-72.804
5833.48,-73.492
5834.15,-73.419
5834.83,-72.373
5835.50,-72.100
5836.17,-71.738
5836.84,-72.704
5837.52,-72.600
5838.19,-73.447
5838.86,-71.896
5839.54,-73.408
5840.21,-73.410
5840.88,-71.823
5841.55,-72.929
5842.23,-71.690
5842.90,-73.448
5843.57,-74.252
5844.25,-71.406
5844.92,-72.689
5845.59,-71.389
5846.26,-73.103
5846.94,-72.380
5847.61,-72.470
5848.28,-72.457
5848.96,-73.279
5849.63,-73.362
5850.30,-71.675
5850.98,-72.737
5851.65,-73.379
5852.32,-73.454
5852.99,-73.259
5853.67,-72.113
5854.34,-72.242
5855.01,-72.409
5855.69,-72.186
5856.36,-73.804
5857.03,-72.570
5857.70,-72.621
5858.38,-72.289
5859.05,-71.990
5859.72,-71.353
5860.40,-71.763
5861.07,-71.759
5861.74,-72.037
5862.41,-72.289
5863.09,-72.183
5863.76,-72.392
5864.43,-72.567
5865.11,-72.218
5865.78,-71.747
5866.45,-73.598
5867.12,-72.698
5867.80,-72.253
5868.47,-72.432
5869.14,-73.136
5869.82,-72.095
5870.49,-71.618
5871.16,-71.071
5871.84,-70.660
5872.51,-70.686
5873.18,-71.220
5873.85,-72.669
5874.53,-71.288
5875.20,-70.849
5875.87,-71.985
5876.55,-73.170
5877.22,-71.876
5877.89,-70.625
5878.56,-71.723
5879.24,-73.519
5879.91,-71.724
5880.58,-72.310
5881.26,-72.604
5881.93,-72.534
5882.60,-70.203
5883.27,-71.800
5883.95,-72.782
5884.62,-72.683
5885.29,-72.830
5885.97,-71.996
5886.64,-72.306
5887.31,-71.854
5887.99,-71.402
5888.66,-71.911
5889.33,-72.434
5890.00,-71.366
5890.68,-72.551
5891.35,-70.294
5892.02,-71.886
5892.70,-70.717
5893.37,-72.429
5894.04,-71.229
5894.71,-71.409
5895.39,-71.518
5896.06,-71.283
5896.73,-70.937
5897.41,-70.843
5898.08,-71.537
5898.75,-71.127
5899.42,-72.106
5900.10,-71.991
5900.77,-71.563
5901.44,-71.018
5902.12,-70.953
5902.79,-72.375
5903.46,-72.008
5904.14,-70.986
5904.81,-71.349
5905.48,-71.869
5906.15,-70.134
5906.83,-69.980
5907.50,-71.262
5908.17,-71.678
5908.85,-70.313
5909.52,-70.694
5910.19,-69.837
5910.86,-71.300
5911.54,-71.003
5912.21,-70.850
5912.88,-68.913
5913.56,-70.262
5914.23,-70.055
5914.90,-70.501
5915.57,-71.423
5916.25,-71.822
5916.92,-69.343
5917.59,-71.517
5918.27,-70.583
5918.94,-72.758
5919.61,-71.283
5920.29,-69.835
5920.96,-70.052
5921.63,-70.813
5922.30,-71.520
5922.98,-71.158
5923.65,-70.014
5924.32,-70.011
5925.00,-70.494
5925.67,-70.285
5926.34,-71.200
5927.01,-71.756
5927.69,-71.397
5928.36,-71.072
5929.03,-70.240
5929.71,-70.220
5930.38,-71.264
5931.05,-69.718
5931.72,-69.945
5932.40,-70.680
5933.07,-70.913
5933.74,-71.265
5934.42,-72.302
5935.09,-71.360
5935.76,-70.348
5936.43,-68.299
5937.11,-70.436
5937.78,-69.235
5938.45,-68.436
5939.13,-69.894
5939.80,-69.137
5940.47,-70.450
5941.15,-68.414
5941.82,-68.819
5942.49,-68.392
5943.16,-69.985
5943.84,-68.131
5944.51,-69.545
5945.18,-67.988
5945.86,-67.809
5946.53,-69.862
5947.20,-67.926
5947.87,-70.626
5948.55,-69.674
5949.22,-69.241
5949.89,-67.872
5950.57,-68.786
5951.24,-68.473
5951.91,-69.366
5952.58,-68.456
5953.26,-68.222
5953.93,-69.098
5954.60,-68.431
5955.28,-68.980
5955.95,-67.912
5956.62,-67.882
5957.30,-67.698
5957.97,-67.862
5958.64,-69.073
5959.31,-68.972
5959.99,-68.152
5960.66,-68.386
5961.33,-68.289
5962.01,-69.104
5962.68,-69.462
5963.35,-68.031
5964.02,-68.089
5964.70,-68.306
5965.37,-67.259
5966.04,-67.784
5966.72,-67.065
5967.39,-67.546
5968.06,-67.568
5968.73,-68.109
5969.41,-68.091
5970.08,-68.193
5970.75,-69.564
5971.43,-67.360
5972.10,-67.287
5972.77,-66.997
5973.45,-68.354
5974.12,-66.772
5974.79,-68.168
5975.46,-67.873
5976.14,-67.136
5976.81,-68.429
5977.48,-67.027
5978.16,-68.109
5978.83,-67.931
5979.50,-67.720
5980.17,-66.823
5980.85,-66.447
5981.52,-68.044
5982.19,-66.172
5982.87,-65.483
5983.54,-65.494
5984.21,-66.144
5984.88,-66.377
5985.56,-65.034
5986.23,-65.401
5986.90,-66.728
5987.58,-65.750
5988.25,-64.920
5988.92,-66.215
5989.60,-65.205
5990.27,-65.431
5990.94,-66.671
5991.61,-65.028
5992.29,-64.939
5992.96,-65.015
5993.63,-64.872
5994.31,-64.790
5994.98,-64.716
5995.65,-65.567
5996.32,-65.740
5997.00,-65.252
5997.67,-66.519
5998.34,-64.405
5999.02,-65.979
5999.69,-66.457
6000.36,-64.576
6001.03,-65.727
6001.71,-65.130
6002.38,-66.238
6003.05,-64.767
6003.73,-65.297
6004.40,-64.639
6005.07,-64.726
6005.74,-64.367
6006.42,-64.947
6007.09,-65.527
6007.76,-64.537
6008.44,-65.709
6009.11,-66.160
6009.78,-66.001
6010.46,-64.393
6011.13,-63.801
6011.80,-65.265
6012.47,-65.460
6013.15,-62.283
6013.82,-64.207
6014.49,-62.510
6015.17,-65.059
6015.84,-63.782
6016.51,-63.153
6017.18,-65.268
6017.86,-64.173
6018.53,-63.739
6019.20,-63.948
6019.88,-63.309
6020.55,-64.448
6021.22,-63.384
6021.89,-63.831
6022.57,-63.976
6023.24,-63.197
6023.91,-64.096
6024.59,-65.263
6025.26,-64.240
6025.93,-64.836
6026.61,-64.396
6027.28,-64.437
6027.95,-63.928
6028.62,-66.073
6029.30,-63.836
6029.97,-63.728
6030.64,-62.373
6031.32,-62.791
6031.99,-63.135
6032.66,-64.425
6033.33,-63.368
6034.01,-62.540
6034.68,-63.367
6035.35,-64.536
6036.03,-63.798
6036.70,-64.303
6037.37,-63.774
6038.04,-64.165
6038.72,-63.021
6039.39,-63.611
6040.06,-64.219
6040.74,-63.663
6041.41,-65.159
6042.08,-64.863
6042.76,-64.208
6043.43,-63.817
6044.10,-64.282
6044.77,-64.435
6045.45,-64.271
6046.12,-62.904
6046.79,-61.932
6047.47,-63.389
6048.14,-64.129
6048.81,-63.633
6049.48,-63.162
6050.16,-63.378
6050.83,-64.613
6051.50,-64.552
6052.18,-64.653
6052.85,-64.488
6053.52,-64.973
6054.19,-64.967
6054.87,-63.884
6055.54,-64.081
6056.21,-65.621
6056.89,-65.097
6057.56,-65.214
6058.23,-64.607
6058.91,-63.344
6059.58,-64.140
6060.25,-64.506
6060.92,-66.171
6061.60,-66.596
6062.27,-65.349
6062.94,-65.528
6063.62,-65.558
6064.29,-66.024
6064.96,-65.215
6065.63,-65.443
6066.31,-65.050
6066.98,-65.094
6067.65,-66.869
6068.33,-66.133
6069.00,-68.065
6069.67,-65.412
6070.34,-65.209
6071.02,-65.341
6071.69,-65.238
6072.36,-66.038
6073.04,-65.927
6073.71,-65.820
6074.38,-66.983
6075.05,-66.667
6075.73,-66.931
6076.40,-66.822
6077.07,-66.735
6077.75,-66.342
6078.42,-66.730
6079.09,-66.899
6079.77,-65.881
6080.44,-67.501
6081.11,-66.430
6081.78,-65.862
6082.46,-67.790
6083.13,-66.919
6083.80,-67.335
6084.48,-67.086
6085.15,-66.869
6085.82,-68.066
6086.49,-66.173
6087.17,-66.637
6087.84,-66.921
6088.51,-66.954
6089.19,-66.980
6089.86,-67.007
6090.53,-67.284
6091.20,-68.090
6091.88,-67.641
6092.55,-67.653
6093.22,-68.178
6093.90,-67.521
6094.57,-68.556
6095.24,-68.949
6095.92,-68.221
6096.59,-68.491
6097.26,-67.987
6097.93,-67.750
6098.61,-67.178
6099.28,-69.300
6099.95,-68.212
6100.63,-69.029
6101.30,-68.079
6101.97,-67.467
6102.64,-69.629
6103.32,-68.375
6103.99,-68.701
6104.66,-69.067
6105.34,-68.815
6106.01,-68.566
6106.68,-69.242
6107.35,-69.342
6108.03,-69.584
6108.70,-69.536
6109.37,-69.113
6110.05,-69.570
6110.72,-67.878
6111.39,-69.793
6112.07,-68.504
6112.74,-69.128
6113.41,-69.089
6114.08,-70.176
6114.76,-70.170
6115.43,-69.704
6116.10,-69.194
6116.78,-69.924
6117.45,-71.525
6118.12,-71.848
6118.79,-70.601
6119.47,-69.833
6120.14,-69.990
6120.81,-70.074
6121.49,-69.270
6122.16,-69.541
6122.83,-70.248
6123.50,-69.564
6124.18,-70.745
6124.85,-70.199
6125.52,-70.401
6126.20,-70.799
6126.87,-70.922
6127.54,-72.023
6128.22,-71.237
6128.89,-71.742
6129.56,-71.080
6130.23,-70.129
6130.91,-71.016
6131.58,-70.104
6132.25,-70.179
6132.93,-71.369
6133.60,-72.391
6134.27,-70.660
6134.94,-71.281
6135.62,-70.238
6136.29,-72.633
6136.96,-71.629
6137.64,-72.666
6138.31,-72.098
6138.98,-72.520
6139.65,-70.137
6140.33,-70.720
6141.00,-71.848
6141.67,-71.804
6142.35,-71.007
6143.02,-72.626
6143.69,-71.892
6144.36,-72.340
6145.04,-71.521
6145.71,-71.508
6146.38,-71.838
6147.06,-71.729
6147.73,-71.875
6148.40,-73.450
6149.08,-72.358
6149.75,-72.160
6150.42,-73.218
6151.09,-72.036
6151.77,-73.062
6152.44,-72.986
6153.11,-72.129
6153.79,-71.447
6154.46,-71.804
6155.13,-71.866
6155.80,-73.249
6156.48,-72.981
6157.15,-72.335
6157.82,-72.627
6158.50,-71.869
6159.17,-74.536
6159.84,-72.381
6160.51,-74.214
6161.19,-72.131
6161.86,-72.228
6162.53,-73.586
6163.21,-73.248
6163.88,-71.524
6164.55,-72.470
6165.23,-73.580
6165.90,-72.687
6166.57,-72.773
6167.24,-71.497
6167.92,-72.995
6168.59,-73.041
6169.26,-72.457
6169.94,-74.448
6170.61,-73.791
6171.28,-73.804
6171.95,-74.257
6172.63,-73.460
6173.30,-72.915
6173.97,-72.775
6174.65,-72.784
6175.32,-73.786
6175.99,-73.778
6176.66,-73.751
6177.34,-73.545
6178.01,-73.373
6178.68,-74.406
6179.36,-74.639
6180.03,-73.315
6180.70,-73.690
6181.38,-74.026
6182.05,-73.930
6182.72,-75.057
6183.39,-73.771
6184.07,-73.445
6184.74,-75.884
6185.41,-75.712
6186.09,-74.098
6186.76,-75.052
6187.43,-73.428
6188.10,-74.186
6188.78,-73.633
6189.45,-73.434
6190.12,-74.703
6190.80,-75.047
6191.47,-75.411
6192.14,-75.548
6192.81,-73.893
6193.49,-74.654
6194.16,-74.460
6194.83,-75.225
6195.51,-74.549
6196.18,-74.662
6196.85,-75.957
6197.53,-75.466
6198.20,-74.011
6198.87,-74.882
6199.54,-74.048
6200.22,-73.764
6200.89,-72.876
6201.56,-74.002
6202.24,-74.458
6202.91,-75.556
6203.58,-74.496
6204.25,-74.103
6204.93,-74.982
6205.60,-74.997
6206.27,-74.304
6206.95,-75.155
6207.62,-73.278
6208.29,-75.047
6208.96,-74.635
6209.64,-75.431
6210.31,-74.528
6210.98,-74.620
6211.66,-74.388
6212.33,-74.806
6213.00,-75.747
6213.67,-74.263
6214.35,-74.842
6215.02,-74.656
6215.69,-74.652
6216.37,-74.866
6217.04,-74.627
6217.71,-76.307
6218.39,-74.993
6219.06,-74.710
6219.73,-74.692
6220.40,-74.920
6221.08,-74.752
6221.75,-75.202
6222.42,-75.762
6223.10,-75.145
6223.77,-74.818
6224.44,-74.603
6225.11,-74.359
6225.79,-75.500
6226.46,-74.546
6227.13,-75.444
6227.81,-75.757
6228.48,-75.005
6229.15,-74.755
6229.82,-75.511
6230.50,-75.155
6231.17,-76.240
6231.84,-74.800
6232.52,-74.628
6233.19,-74.489
6233.86,-75.897
6234.54,-75.650
6235.21,-75.645
6235.88,-77.340
6236.55,-76.775
6237.23,-74.896
6237.90,-75.460
6238.57,-75.222
6239.25,-75.428
6239.92,-73.882
6240.59,-74.745
6241.26,-75.436
6241.94,-75.696
6242.61,-76.177
6243.28,-74.484
6243.96,-76.117
6244.63,-75.375
6245.30,-75.326
6245.97,-74.629
6246.65,-74.850
6247.32,-76.414
6247.99,-76.513
6248.67,-75.612
6249.34,-76.801
6250.01,-75.600
6250.69,-77.055
6251.36,-74.423
6252.03,-76.643
6252.70,-76.718
6253.38,-77.635
6254.05,-76.414
6254.72,-75.782
6255.40,-76.651
6256.07,-76.791
6256.74,-76.316
6257.41,-76.084
6258.09,-76.990
6258.76,-75.506
6259.43,-76.880
6260.11,-76.912
6260.78,-75.572
6261.45,-75.557
6262.12,-76.375
6262.80,-77.853
6263.47,-77.064
6264.14,-76.326
6264.82,-77.354
6265.49,-76.851
6266.16,-75.359
6266.84,-76.978
6267.51,-76.293
6268.18,-76.098
6268.85,-75.286
6269.53,-76.044
6270.20,-76.488
6270.87,-76.329
6271.55,-75.774
6272.22,-77.602
6272.89,-76.380
6273.56,-75.871
6274.24,-76.005
6274.91,-77.063
6275.58,-76.748
6276.26,-77.410
6276.93,-76.570
6277.60,-76.927
6278.27,-76.213
6278.95,-76.824
6279.62,-77.103
6280.29,-76.908
6280.97,-76.862
6281.64,-76.811
6282.31,-75.546
6282.98,-78.296
6283.66,-77.616
6284.33,-75.048
6285.00,-77.438
6285.68,-76.586
6286.35,-76.744
6287.02,-77.025
6287.70,-77.766
6288.37,-76.220
6289.04,-76.547
6289.71,-75.675
6290.39,-76.132
6291.06,-76.658
6291.73,-77.184
6292.41,-76.088
6293.08,-76.587
6293.75,-75.994
6294.42,-75.437
6295.10,-75.617
6295.77,-76.081
6296.44,-76.587
6297.12,-76.766
6297.79,-76.007
6298.46,-77.377
6299.13,-76.960
6299.81,-76.283
6300.48,-75.856
6301.15,-77.634
6301.83,-76.942
6302.50,-77.723
6303.17,-76.495
6303.85,-76.009
6304.52,-76.760
6305.19,-76.704
6305.86,-77.169
6306.54,-76.371
6307.21,-77.339
6307.88,-76.773
6308.56,-75.964
6309.23,-75.430
6309.90,-76.463
6310.57,-75.715
6311.25,-76.815
6311.92,-77.756
6312.59,-76.079
6313.27,-76.345
6313.94,-76.449
6314.61,-76.713
6315.28,-76.372
6315.96,-77.046
6316.63,-76.727
6317.30,-76.079
6317.98,-76.204
6318.65,-76.735
6319.32,-77.194
6320.00,-77.356
6320.67,-77.352
6321.34,-76.746
6322.01,-76.951
6322.69,-77.288
6323.36,-76.204
6324.03,-76.789
6324.71,-78.277
6325.38,-78.320
6326.05,-76.449
6326.72,-75.316
6327.40,-75.995
6328.07,-76.602
6328.74,-76.222
6329.42,-77.950
6330.09,-76.680
6330.76,-77.550
6331.43,-76.440
6332.11,-75.654
6332.78,-77.602
6333.45,-76.205
6334.13,-77.278
6334.80,-76.333
6335.47,-75.958
6336.15,-77.977
6336.82,-77.191
6337.49,-77.387
6338.16,-76.503
6338.84,-76.150
6339.51,-75.084
6340.18,-74.736
6340.86,-76.579
6341.53,-76.368
6342.20,-75.957
6342.87,-75.703
6343.55,-76.800
6344.22,-76.063
6344.89,-77.433
6345.57,-77.447
6346.24,-76.815
6346.91,-75.707
6347.58,-76.032
6348.26,-76.675
6348.93,-76.908
6349.60,-76.538
6350.28,-75.628
6350.95,-76.189
6351.62,-75.129
6352.29,-76.474
6352.97,-76.192
6353.64,-77.572
6354.31,-76.614
6354.99,-77.502
6355.66,-76.673
6356.33,-77.010
6357.01,-76.921
6357.68,-77.185
6358.35,-77.200
6359.02,-76.960
6359.70,-76.968
6360.37,-76.592
6361.04,-76.621
6361.72,-78.104
6362.39,-76.835
6363.06,-75.854
6363.73,-77.473
6364.41,-77.784
6365.08,-76.679
6365.75,-75.905
6366.43,-75.364
6367.10,-75.941
6367.77,-76.482
6368.44,-77.410
6369.12,-77.074
6369.79,-76.034
6370.46,-77.064
6371.14,-76.480
6371.81,-76.217
6372.48,-76.188
6373.16,-78.056
6373.83,-77.518
6374.50,-77.108
6375.17,-75.721
6375.85,-75.841
6376.52,-75.561
6377.19,-77.564
6377.87,-75.344
6378.54,-75.989
6379.21,-77.097
6379.88,-75.870
6380.56,-75.985
6381.23,-75.436
6381.90,-76.269
6382.58,-76.823
6383.25,-76.595
6383.92,-76.360
6384.59,-76.645
6385.27,-75.434
6385.94,-76.743
6386.61,-75.865
6387.29,-75.841
6387.96,-76.438
6388.63,-78.221
6389.31,-77.669
6389.98,-76.265
6390.65,-75.563
6391.32,-75.219
6392.00,-79.222
6392.67,-76.940
6393.34,-76.426
6394.02,-76.242
6394.69,-76.560
6395.36,-74.750
6396.03,-76.209
6396.71,-76.402
6397.38,-77.893
6398.05,-77.076
6398.73,-76.303
6399.40,-75.106
6400.07,-76.034
6400.74,-74.889
6401.42,-75.254
6402.09,-75.221
6402.76,-76.222
6403.44,-75.295
6404.11,-75.356
6404.78,-76.393
6405.46,-73.961
6406.13,-76.610
6406.80,-77.950
6407.47,-76.412
6408.15,-75.580
6408.82,-76.537
6409.49,-77.726
6410.17,-75.777
6410.84,-75.298
6411.51,-74.946
6412.18,-76.014
6412.86,-76.440
6413.53,-75.219
6414.20,-76.674
6414.88,-75.567
6415.55,-76.274
6416.22,-75.826
6416.89,-74.434
6417.57,-76.399
6418.24,-76.605
6418.91,-75.442
6419.59,-75.833
6420.26,-75.216
6420.93,-75.349
6421.60,-74.684
6422.28,-75.089
6422.95,-76.132
6423.62,-75.414
6424.30,-74.134
6424.97,-75.405
6425.64,-76.116
6426.32,-76.168
6426.99,-76.360
6427.66,-75.526
6428.33,-75.644
6429.01,-74.948
6429.68,-75.864
6430.35,-75.452
6431.03,-74.837
6431.70,-75.118
6432.37,-75.644
6433.04,-75.675
6433.72,-74.952
6434.39,-75.820
6435.06,-73.942
6435.74,-75.567
6436.41,-74.936
6437.08,-74.966
6437.75,-75.267
6438.43,-76.773
6439.10,-75.365
6439.77,-75.004
6440.45,-75.478
6441.12,-74.124
6441.79,-74.756
6442.47,-75.714
6443.14,-74.680
6443.81,-75.697
6444.48,-75.021
6445.16,-74.862
6445.83,-74.757
6446.50,-74.970
6447.18,-76.286
6447.85,-76.253
6448.52,-74.505
6449.19,-74.406
6449.87,-74.612
6450.54,-75.971
6451.21,-74.722
6451.89,-75.358
6452.56,-74.906
6453.23,-75.051
6453.90,-73.773
6454.58,-73.382
6455.25,-74.576
6455.92,-73.158
6456.60,-72.909
6457.27,-75.061
6457.94,-74.584
6458.62,-74.040
6459.29,-74.521
6459.96,-73.975
6460.63,-73.705
6461.31,-75.069
6461.98,-74.890
6462.65,-73.946
6463.33,-74.333
6464.00,-74.376
6464.67,-73.891
6465.34,-74.381
6466.02,-73.354
6466.69,-73.709
6467.36,-74.834
6468.04,-73.581
6468.71,-73.277
6469.38,-72.228
6470.05,-73.464
6470.73,-74.901
6471.40,-75.038
6472.07,-74.510
6472.75,-72.907
6473.42,-74.104
6474.09,-74.004
6474.77,-74.644
6475.44,-74.363
6476.11,-73.926
6476.78,-72.814
6477.46,-73.452
6478.13,-73.801
6478.80,-73.823
6479.48,-74.481
6480.15,-71.933
6480.82,-73.335
6481.49,-73.329
6482.17,-73.171
6482.84,-74.383
6483.51,-74.004
6484.19,-74.041
6484.86,-71.933
6485.53,-73.537
6486.20,-73.399
6486.88,-73.227
6487.55,-72.035
6488.22,-72.598
6488.90,-72.378
6489.57,-72.534
6490.24,-73.617
6490.91,-72.018
6491.59,-71.644
6492.26,-72.003
6492.93,-70.618
6493.61,-71.298
6494.28,-71.504
6494.95,-70.830
6495.63,-70.892
6496.30,-73.329
6496.97,-71.652
6497.64,-72.567
6498.32,-72.625
6498.99,-72.555
6499.66,-72.489
6500.34,-71.891
6501.01,-71.386
6501.68,-71.193
6502.35,-72.127
6503.03,-73.472
6503.70,-72.872
6504.37,-72.490
6505.05,-72.539
6505.72,-71.561
6506.39,-73.174
6507.06,-72.371
6507.74,-73.441
6508.41,-72.973
6509.08,-71.344
6509.76,-71.937
6510.43,-72.555
6511.10,-70.087
6511.78,-71.122
6512.45,-71.560
6513.12,-70.244
6513.79,-70.184
6514.47,-70.896
6515.14,-71.589
6515.81,-71.554
6516.49,-70.922
6517.16,-69.821
6517.83,-70.116
6518.50,-69.735
6519.18,-70.727
6519.85,-70.791
6520.52,-70.174
6521.20,-70.880
6521.87,-70.246
6522.54,-69.037
6523.21,-70.014
6523.89,-70.564
6524.56,-70.827
6525.23,-70.421
6525.91,-69.901
6526.58,-70.314
6527.25,-70.213
6527.93,-70.528
6528.60,-69.578
6529.27,-70.419
6529.94,-70.455
6530.62,-71.592
6531.29,-69.978
6531.96,-71.325
6532.64,-69.553
6533.31,-69.710
6533.98,-70.322
6534.65,-70.520
6535.33,-70.174
6536.00,-69.649
6536.67,-69.996
6537.35,-69.788
6538.02,-69.817
6538.69,-69.871
6539.36,-70.155
6540.04,-70.429
6540.71,-69.885
6541.38,-69.406
6542.06,-68.211
6542.73,-70.030
6543.40,-68.916
6544.08,-68.758
6544.75,-69.186
6545.42,-70.051
6546.09,-69.453
6546.77,-69.761
6547.44,-68.011
6548.11,-70.618
6548.79,-69.864
6549.46,-68.998
6550.13,-70.373
6550.80,-67.396
6551.48,-68.778
6552.15,-69.778
6552.82,-70.380
6553.50,-69.910
6554.17,-67.998
6554.84,-67.659
6555.51,-68.524
6556.19,-69.234
6556.86,-69.379
6557.53,-69.554
6558.21,-67.641
6558.88,-69.503
6559.55,-68.588
6560.22,-67.965
6560.90,-68.195
6561.57,-68.689
6562.24,-67.950
6562.92,-67.713
6563.59,-67.770
6564.26,-68.047
6564.94,-67.706
6565.61,-68.167
6566.28,-68.537
6566.95,-69.133
6567.63,-68.709
6568.30,-68.591
6568.97,-69.060
6569.65,-67.249
6570.32,-67.447
6570.99,-68.595
6571.66,-66.957
6572.34,-67.985
6573.01,-67.725
6573.68,-69.123
6574.36,-68.643
6575.03,-68.591
6575.70,-68.241
6576.37,-67.372
6577.05,-68.889
6577.72,-67.388
6578.39,-68.026
6579.07,-67.694
6579.74,-68.806
6580.41,-68.245
6581.09,-69.400
6581.76,-68.047
6582.43,-68.952
6583.10,-70.279
6583.78,-67.377
6584.45,-68.092
6585.12,-69.251
6585.80,-67.613
6586.47,-68.205
6587.14,-67.670
6587.81,-68.724
6588.49,-68.329
6589.16,-67.049
6589.83,-70.325
6590.51,-67.855
6591.18,-67.681
6591.85,-69.609
6592.52,-68.684
6593.20,-66.733
6593.87,-67.346
6594.54,-67.044
6595.22,-67.973
6595.89,-68.434
6596.56,-67.852
6597.24,-69.107
6597.91,-68.912
6598.58,-69.464
6599.25,-69.476
6599.93,-69.041
6600.60,-67.250
6601.27,-69.147
6601.95,-69.377
6602.62,-68.999
6603.29,-68.386
6603.96,-68.615
6604.64,-69.547
6605.31,-69.398
6605.98,-68.495
6606.66,-69.448
6607.33,-70.156
6608.00,-68.385
6608.67,-70.187
6609.35,-68.886
6610.02,-70.550
6610.69,-70.466
6611.37,-69.729
6612.04,-69.293
6612.71,-69.221
6613.39,-69.742
6614.06,-69.345
6614.73,-69.245
6615.40,-69.370
6616.08,-70.312
6616.75,-69.178
6617.42,-71.434
6618.10,-70.620
6618.77,-70.284
6619.44,-69.641
6620.11,-70.020
6620.79,-68.515
6621.46,-71.528
6622.13,-70.719
6622.81,-70.764
6623.48,-70.734
6624.15,-71.052
6624.82,-69.686
6625.50,-70.645
6626.17,-69.780
6626.84,-71.236
6627.52,-70.940
6628.19,-70.425
6628.86,-70.695
6629.53,-69.919
6630.21,-70.995
6630.88,-70.161
6631.55,-71.982
6632.23,-71.374
6632.90,-71.375
6633.57,-70.850
6634.25,-72.816
6634.92,-70.712
6635.59,-71.122
6636.26,-71.710
6636.94,-69.298
6637.61,-70.120
6638.28,-71.333
6638.96,-71.253
6639.63,-71.297
6640.30,-72.292
6640.97,-72.781
6641.65,-71.769
6642.32,-72.110
6642.99,-70.814
6643.67,-72.534
6644.34,-70.937
6645.01,-71.284
6645.68,-72.594
6646.36,-71.855
6647.03,-72.626
6647.70,-71.479
6648.38,-71.539
6649.05,-71.383
6649.72,-70.434
6650.40,-71.301
6651.07,-71.907
6651.74,-71.419
6652.41,-71.496
6653.09,-70.958
6653.76,-72.428
6654.43,-71.805
6655.11,-71.697
6655.78,-72.934
6656.45,-72.119
6657.12,-71.884
6657.80,-73.445
6658.47,-73.685
6659.14,-73.383
6659.82,-74.174
6660.49,-72.823
6661.16,-72.866
6661.83,-72.523
6662.51,-72.168
6663.18,-73.436
6663.85,-73.506
6664.53,-72.053
6665.20,-74.099
6665.87,-72.817
6666.55,-72.811
6667.22,-72.738
6667.89,-72.276
6668.56,-74.122
6669.24,-72.636
6669.91,-73.051
6670.58,-73.653
6671.26,-73.964
6671.93,-74.565
6672.60,-74.362
6673.27,-74.543
6673.95,-73.620
6674.62,-73.300
6675.29,-73.518
6675.97,-73.286
6676.64,-74.305
6677.31,-73.943
6677.98,-74.373
6678.66,-74.757
6679.33,-73.972
6680.00,-74.451
6680.68,-74.066
6681.35,-73.656
6682.02,-75.104
6682.70,-73.422
6683.37,-74.734
6684.04,-73.915
6684.71,-74.796
6685.39,-74.912
6686.06,-74.764
6686.73,-73.428
6687.41,-74.934
6688.08,-75.509
6688.75,-73.064
6689.42,-74.241
6690.10,-75.227
6690.77,-74.790
6691.44,-74.810
6692.12,-74.796
6692.79,-74.890
6693.46,-76.413
6694.13,-75.302
6694.81,-74.526
6695.48,-74.212
6696.15,-73.834
6696.83,-73.718
6697.50,-75.309
6698.17,-75.601
6698.84,-74.848
6699.52,-75.224
6700.19,-75.294
6700.86,-75.051
6701.54,-77.251
6702.21,-75.476
6702.88,-75.926
6703.56,-75.497
6704.23,-73.632
6704.90,-77.228
6705.57,-74.576
6706.25,-75.871
6706.92,-74.974
6707.59,-75.718
6708.27,-76.481
6708.94,-75.820
6709.61,-76.548
6710.28,-75.851
6710.96,-76.483
6711.63,-75.874
6712.30,-76.211
6712.98,-75.557
6713.65,-75.266
6714.32,-75.480
6714.99,-76.944
6715.67,-76.989
6716.34,-75.527
6717.01,-76.766
6717.69,-76.981
6718.36,-76.327
6719.03,-76.222
6719.71,-75.734
6720.38,-76.878
6721.05,-75.350
6721.72,-76.371
6722.40,-76.607
6723.07,-76.012
6723.74,-76.160
6724.42,-75.857
6725.09,-75.021
6725.76,-75.632
6726.43,-77.366
6727.11,-77.202
6727.78,-76.462
6728.45,-78.282
6729.13,-78.120
6729.80,-76.609
6730.47,-77.039
6731.14,-76.216
6731.82,-79.101
6732.49,-76.108
6733.16,-76.837
6733.84,-76.751
6734.51,-75.890
6735.18,-75.750
6735.86,-78.247
6736.53,-78.072
6737.20,-76.739
6737.87,-75.597
6738.55,-76.260
6739.22,-76.747
6739.89,-76.171
6740.57,-75.826
6741.24,-77.577
6741.91,-77.010
6742.58,-77.457
6743.26,-77.561
6743.93,-78.110
6744.60,-76.902
6745.28,-77.982
6745.95,-78.235
6746.62,-77.603
6747.29,-77.420
6747.97,-78.366
6748.64,-78.403
6749.31,-77.751
6749.99,-76.654
6750.66,-76.947
6751.33,-76.685
6752.01,-76.790
6752.68,-77.398
6753.35,-77.235
6754.02,-77.364
6754.70,-77.272
6755.37,-76.683
6756.04,-77.144
6756.72,-77.895
6757.39,-77.335
6758.06,-78.488
6758.73,-77.219
6759.41,-80.034
6760.08,-76.843
6760.75,-76.441
6761.43,-76.456
6762.10,-76.132
6762.77,-76.384
6763.44,-76.615
6764.12,-77.214
6764.79,-77.552
6765.46,-77.672
6766.14,-77.636
6766.81,-77.629
6767.48,-77.611
6768.15,-77.445
6768.83,-76.896
6769.50,-76.742
6770.17,-78.319
6770.85,-77.818
6771.52,-77.651
6772.19,-79.245
6772.87,-76.428
6773.54,-78.421
6774.21,-77.502
6774.88,-77.675
6775.56,-78.859
6776.23,-78.547
6776.90,-78.248
6777.58,-79.127
6778.25,-77.736
6778.92,-78.054
6779.59,-77.259
6780.27,-79.532
6780.94,-78.183
6781.61,-78.824
6782.29,-79.393
6782.96,-78.489
6783.63,-79.280
6784.30,-78.782
6784.98,-77.603
6785.65,-77.727
6786.32,-79.155
6787.00,-78.157
6787.67,-77.737
6788.34,-77.867
6789.02,-77.823
6789.69,-77.038
6790.36,-78.914
6791.03,-76.682
6791.71,-76.980
6792.38,-78.387
6793.05,-77.706
6793.73,-76.694
6794.40,-79.146
6795.07,-78.252
6795.74,-77.430
6796.42,-78.137
6797.09,-78.212
6797.76,-78.892
6798.44,-79.403
6799.11,-77.044
6799.78,-78.839
6800.45,-77.101
6801.13,-78.467
6801.80,-78.745
6802.47,-78.041
6803.15,-78.357
6803.82,-78.602
6804.49,-76.814
6805.17,-76.244
6805.84,-78.138
6806.51,-79.825
6807.18,-79.551
6807.86,-78.774
6808.53,-78.731
6809.20,-77.968
6809.88,-80.019
6810.55,-79.864
6811.22,-77.466
6811.89,-79.102
6812.57,-78.176
6813.24,-78.682
6813.91,-77.842
6814.59,-78.873
6815.26,-79.134
6815.93,-78.056
6816.60,-79.177
6817.28,-77.789
6817.95,-77.408
6818.62,-78.832
6819.30,-77.860
6819.97,-78.836
6820.64,-79.593
6821.32,-77.771
6821.99,-79.075
6822.66,-78.416
6823.33,-78.047
6824.01,-79.145
6824.68,-77.611
6825.35,-78.883
6826.03,-78.253
6826.70,-78.717
6827.37,-79.127
6828.04,-80.145
6828.72,-79.770
6829.39,-79.632
6830.06,-77.799
6830.74,-77.752
6831.41,-79.107
6832.08,-78.876
6832.75,-77.164
6833.43,-78.923
6834.10,-77.979
6834.77,-76.393
6835.45,-78.253
6836.12,-77.982
6836.79,-77.691
6837.46,-78.677
6838.14,-78.288
6838.81,-77.064
6839.48,-78.367
6840.16,-79.725
6840.83,-79.626
6841.50,-78.500
6842.18,-79.693
6842.85,-78.309
6843.52,-78.539
6844.19,-78.457
6844.87,-77.704
6845.54,-77.947
6846.21,-77.328
6846.89,-77.442
6847.56,-77.803
6848.23,-78.181
6848.90,-79.088
6849.58,-79.182
6850.25,-79.149
6850.92,-78.453
6851.60,-80.133
6852.27,-78.115
6852.94,-79.135
6853.61,-79.492
6854.29,-77.869
6854.96,-79.711
6855.63,-79.270
6856.31,-79.217
6856.98,-78.550
6857.65,-78.952
6858.33,-77.941
6859.00,-78.927
6859.67,-78.759
6860.34,-77.385
6861.02,-78.184
6861.69,-78.143
6862.36,-78.140
6863.04,-79.731
6863.71,-79.179
6864.38,-79.772
6865.05,-78.518
6865.73,-81.183
6866.40,-80.576
6867.07,-79.716
6867.75,-78.474
6868.42,-80.200
6869.09,-80.445
6869.76,-79.459
6870.44,-79.171
6871.11,-79.733
6871.78,-79.410
6872.46,-78.212
6873.13,-78.620
6873.80,-78.474
6874.48,-79.292
6875.15,-80.398
6875.82,-80.332
6876.49,-77.973
6877.17,-78.487
6877.84,-79.559
6878.51,-78.644
6879.19,-79.019
6879.86,-77.735
6880.53,-78.916
6881.20,-77.743
6881.88,-78.824
6882.55,-77.242
6883.22,-80.863
6883.90,-78.624
6884.57,-80.241
6885.24,-80.513
6885.91,-78.770
6886.59,-80.045
6887.26,-79.044
6887.93,-78.068
6888.61,-77.467
6889.28,-79.039
6889.95,-79.146
6890.62,-79.889
6891.30,-78.528
6891.97,-78.097
6892.64,-78.635
6893.32,-79.099
6893.99,-78.110
6894.66,-79.374
6895.34,-79.263
6896.01,-77.178
6896.68,-77.944
6897.35,-78.481
6898.03,-78.716
6898.70,-79.074
6899.37,-77.734
6900.05,-76.836
6900.72,-78.152
6901.39,-77.567
6902.06,-77.218
6902.74,-78.808
6903.41,-79.603
6904.08,-79.892
6904.76,-78.571
6905.43,-78.437
6906.10,-77.308
6906.77,-76.126
6907.45,-77.551
6908.12,-79.333
6908.79,-79.510
6909.47,-78.329
6910.14,-79.225
6910.81,-78.737
6911.49,-78.509
6912.16,-77.910
6912.83,-78.400
6913.50,-78.192
6914.18,-77.641
6914.85,-78.352
6915.52,-77.680
6916.20,-78.916
6916.87,-78.919
6917.54,-79.067
6918.21,-78.220
6918.89,-79.504
6919.56,-77.588
6920.23,-77.757
6920.91,-77.353
6921.58,-78.004
6922.25,-76.975
6922.92,-79.769
6923.60,-79.470
6924.27,-78.797
6924.94,-76.794
6925.62,-77.814
6926.29,-77.778
6926.96,-78.072
6927.64,-78.667
6928.31,-78.333
6928.98,-78.200
6929.65,-78.411
6930.33,-78.431
6931.00,-78.433
6931.67,-77.758
6932.35,-77.601
6933.02,-78.111
6933.69,-78.394
6934.36,-76.774
6935.04,-77.596
6935.71,-76.801
6936.38,-78.147
6937.06,-78.576
6937.73,-77.330
6938.40,-77.351
6939.07,-78.069
6939.75,-77.425
6940.42,-77.463
6941.09,-78.517
6941.77,-77.232
6942.44,-77.863
6943.11,-78.031
6943.79,-79.121
6944.46,-78.824
6945.13,-77.738
6945.80,-78.034
6946.48,-77.469
6947.15,-77.262
6947.82,-77.360
6948.50,-78.567
6949.17,-77.507
6949.84,-75.175
6950.51,-76.449
6951.19,-77.520
6951.86,-77.315
6952.53,-76.652
6953.21,-77.302
6953.88,-77.044
6954.55,-78.120
6955.22,-77.907
6955.90,-76.174
6956.57,-78.276
6957.24,-77.660
6957.92,-75.672
6958.59,-78.387
6959.26,-76.577
6959.93,-78.790
6960.61,-77.469
6961.28,-76.722
6961.95,-76.794
6962.63,-77.045
6963.30,-77.260
6963.97,-76.563
6964.65,-77.162
6965.32,-78.479
6965.99,-76.424
6966.66,-77.477
6967.34,-76.909
6968.01,-76.258
6968.68,-79.225
6969.36,-76.861
6970.03,-77.184
6970.70,-75.582
6971.37,-75.848
6972.05,-76.197
6972.72,-77.845
6973.39,-78.081
6974.07,-77.872
6974.74,-79.198
6975.41,-77.108
6976.08,-76.752
6976.76,-76.837
6977.43,-77.498
6978.10,-77.671
6978.78,-76.707
6979.45,-76.150
6980.12,-76.327
6980.80,-76.925
6981.47,-76.242
6982.14,-74.987
6982.81,-75.699
6983.49,-77.670
6984.16,-76.759
6984.83,-76.913
6985.51,-76.539
6986.18,-75.618
6986.85,-74.306
6987.52,-76.333
6988.20,-76.433
6988.87,-75.787
6989.54,-76.326
6990.22,-75.947
6990.89,-76.357
6991.56,-75.316
6992.23,-75.642
6992.91,-75.206
6993.58,-76.650
6994.25,-76.329
6994.93,-76.063
6995.60,-76.900
6996.27,-77.486
6996.95,-77.195
6997.62,-76.887
6998.29,-75.888
6998.96,-76.885
6999.64,-76.930
7000.31,-76.007
7000.98,-76.296
7001.66,-76.029
7002.33,-77.178
7003.00,-76.869
7003.67,-75.730
7004.35,-76.840
7005.02,-76.043
7005.69,-75.923
7006.37,-76.357
7007.04,-77.181
7007.71,-75.631
7008.38,-74.477
7009.06,-75.140
7009.73,-75.909
7010.40,-76.265
7011.08,-76.247
7011.75,-75.050
7012.42,-74.570
7013.10,-74.891
7013.77,-75.410
7014.44,-76.661
7015.11,-75.494
7015.79,-75.516
7016.46,-75.467
7017.13,-76.782
7017.81,-76.150
7018.48,-76.879
7019.15,-77.174
7019.82,-75.252
7020.50,-76.582
7021.17,-74.873
7021.84,-74.710
7022.52,-76.340
7023.19,-76.852
7023.86,-77.121
7024.53,-75.331
7025.21,-76.042
7025.88,-76.302
7026.55,-73.884
7027.23,-75.244
7027.90,-74.584
7028.57,-75.890
7029.24,-76.407
7029.92,-75.155
7030.59,-74.992
7031.26,-75.319
7031.94,-75.475
7032.61,-75.586
7033.28,-75.238
7033.96,-73.553
7034.63,-74.338
7035.30,-73.842
7035.97,-72.704
7036.65,-73.472
7037.32,-72.550
7037.99,-73.793
7038.67,-73.828
7039.34,-75.061
7040.01,-74.595
7040.68,-75.538
7041.36,-74.320
7042.03,-73.672
7042.70,-73.246
7043.38,-74.235
7044.05,-74.484
7044.72,-74.041
7045.39,-71.476
7046.07,-73.746
7046.74,-74.218
7047.41,-74.836
7048.09,-73.684
7048.76,-74.219
7049.43,-74.534
7050.11,-75.629
7050.78,-73.679
7051.45,-74.539
7052.12,-74.626
7052.80,-72.659
7053.47,-73.485
7054.14,-74.094
7054.82,-73.755
7055.49,-72.699
7056.16,-71.759
7056.83,-73.164
7057.51,-72.832
7058.18,-73.177
7058.85,-73.366
7059.53,-73.174
7060.20,-72.587
7060.87,-72.792
7061.54,-73.927
7062.22,-73.702
7062.89,-72.456
7063.56,-73.188
7064.24,-73.015
7064.91,-73.195
7065.58,-73.906
7066.26,-74.107
7066.93,-73.383
7067.60,-72.471
7068.27,-72.199
7068.95,-73.553
7069.62,-72.904
7070.29,-73.388
7070.97,-73.731
7071.64,-73.618
7072.31,-73.086
7072.98,-72.670
7073.66,-73.124
7074.33,-73.112
7075.00,-73.762
7075.68,-72.332
7076.35,-72.486
7077.02,-70.535
7077.69,-73.133
7078.37,-73.384
7079.04,-72.559
7079.71,-71.575
7080.39,-72.343
7081.06,-72.307
7081.73,-71.161
7082.41,-71.102
7083.08,-71.998
7083.75,-71.003
7084.42,-72.610
7085.10,-71.650
7085.77,-72.131
7086.44,-72.016
7087.12,-71.459
7087.79,-71.952
7088.46,-71.571
7089.13,-71.641
7089.81,-72.804
7090.48,-72.551
7091.15,-71.415
7091.83,-72.475
7092.50,-71.494
7093.17,-72.082
7093.84,-71.645
7094.52,-71.018
7095.19,-71.562
7095.86,-70.347
7096.54,-70.971
7097.21,-71.320
7097.88,-71.792
7098.55,-71.320
7099.23,-69.796
7099.90,-69.449
7100.57,-70.447
7101.25,-70.119
7101.92,-70.066
7102.59,-72.210
7103.27,-71.101
7103.94,-72.875
7104.61,-72.414
7105.28,-72.004
7105.96,-72.382
7106.63,-71.379
7107.30,-70.777
7107.98,-70.650
7108.65,-71.180
7109.32,-70.635
7109.99,-70.986
7110.67,-69.923
7111.34,-70.994
7112.01,-73.080
7112.69,-70.559
7113.36,-71.268
7114.03,-71.787
7114.70,-70.625
7115.38,-70.054
7116.05,-70.727
7116.72,-69.626
7117.40,-69.775
7118.07,-70.611
7118.74,-70.259
7119.42,-70.502
7120.09,-71.639
7120.76,-69.953
7121.43,-70.826
7122.11,-70.480
7122.78,-71.071
7123.45,-68.984
7124.13,-70.513
7124.80,-69.552
7125.47,-71.235
7126.14,-70.741
7126.82,-70.658
7127.49,-70.816
7128.16,-70.711
7128.84,-69.985
7129.51,-70.329
7130.18,-69.606
7130.85,-70.155
7131.53,-70.691
7132.20,-71.324
7132.87,-70.562
7133.55,-70.462
7134.22,-70.352
7134.89,-70.483
7135.57,-70.981
7136.24,-69.948
7136.91,-71.300
7137.58,-70.862
7138.26,-69.782
7138.93,-69.868
7139.60,-70.381
7140.28,-71.087
7140.95,-71.351
7141.62,-72.111
7142.29,-71.824
7142.97,-69.647
7143.64,-69.712
7144.31,-71.590
7144.99,-70.792
7145.66,-70.364
7146.33,-70.593
7147.00,-70.895
7147.68,-70.353
7148.35,-70.656
7149.02,-70.996
7149.70,-70.098
7150.37,-69.940
7151.04,-72.215
7151.72,-72.179
7152.39,-70.751
7153.06,-71.183
7153.73,-70.740
7154.41,-69.771
7155.08,-70.144
7155.75,-70.021
7156.43,-70.479
7157.10,-71.510
7157.77,-71.505
7158.44,-71.966
7159.12,-71.425
7159.79,-70.625
7160.46,-71.605
7161.14,-71.407
7161.81,-69.444
7162.48,-71.467
7163.15,-71.082
7163.83,-69.862
7164.50,-70.565
7165.17,-71.148
7165.85,-71.512
7166.52,-70.792
7167.19,-71.130
7167.86,-71.166
7168.54,-72.173
7169.21,-71.925
7169.88,-71.381
7170.56,-72.211
7171.23,-71.248
7171.90,-72.066
7172.58,-72.704
7173.25,-71.537
7173.92,-71.332
7174.59,-71.807
7175.27,-72.133
7175.94,-71.436
7176.61,-72.339
7177.29,-71.747
7177.96,-72.140
7178.63,-72.125
7179.30,-72.146
7179.98,-72.824
7180.65,-72.662
7181.32,-72.245
7182.00,-71.710
7182.67,-71.731
7183.34,-71.719
7184.01,-72.932
7184.69,-73.007
7185.36,-72.681
7186.03,-73.037
7186.71,-73.240
7187.38,-71.668
7188.05,-72.174
7188.73,-72.279
7189.40,-71.757
7190.07,-74.496
7190.74,-72.361
7191.42,-70.712
7192.09,-71.590
7192.76,-71.867
7193.44,-71.622
7194.11,-73.113
7194.78,-73.388
7195.45,-73.196
7196.13,-72.824
7196.80,-73.246
7197.47,-73.842
7198.15,-74.614
7198.82,-74.259
7199.49,-72.679
7200.16,-73.960
7200.84,-73.330
7201.51,-72.111
7202.18,-72.637
7202.86,-72.789
7203.53,-75.070
7204.20,-73.646
7204.88,-73.337
7205.55,-73.543
7206.22,-73.290
7206.89,-73.322
7207.57,-74.178
7208.24,-73.795
7208.91,-74.163
7209.59,-72.800
7210.26,-74.248
7210.93,-73.888
7211.60,-72.659
7212.28,-73.830
7212.95,-74.651
7213.62,-74.020
7214.30,-73.946
7214.97,-74.620
7215.64,-76.146
7216.31,-75.436
7216.99,-73.284
7217.66,-73.695
7218.33,-74.612
7219.01,-73.726
7219.68,-74.079
7220.35,-75.085
7221.03,-75.195
7221.70,-73.583
7222.37,-75.224
7223.04,-75.179
7223.72,-74.641
7224.39,-75.329
7225.06,-76.266
7225.74,-74.024
7226.41,-74.732
7227.08,-74.582
7227.75,-75.011
7228.43,-75.096
7229.10,-74.735
7229.77,-76.127
7230.45,-74.608
7231.12,-74.797
7231.79,-75.134
7232.46,-75.311
7233.14,-76.266
7233.81,-75.778
7234.48,-75.470
7235.16,-74.807
7235.83,-75.207
7236.50,-75.544
7237.17,-74.608
7237.85,-76.257
7238.52,-75.438
7239.19,-74.495
7239.87,-76.003
7240.54,-75.030
7241.21,-74.351
7241.89,-75.820
7242.56,-75.058
7243.23,-75.701
7243.90,-74.706
7244.58,-76.099
7245.25,-76.353
7245.92,-75.876
7246.60,-76.300
7247.27,-74.748
7247.94,-76.122
7248.61,-75.875
7249.29,-75.916
7249.96,-76.553
7250.63,-75.454
7251.31,-75.819
7251.98,-76.421
7252.65,-76.076
7253.32,-74.702
7254.00,-76.448
7254.67,-77.845
7255.34,-76.605
7256.02,-75.668
7256.69,-75.372
7257.36,-76.534
7258.04,-76.680
7258.71,-75.904
7259.38,-76.598
7260.05,-75.218
7260.73,-75.133
7261.40,-75.841
7262.07,-76.368
7262.75,-75.461
7263.42,-76.236
7264.09,-76.578
7264.76,-75.882
7265.44,-76.537
7266.11,-74.954
7266.78,-74.597
7267.46,-75.823
7268.13,-76.095
7268.80,-76.231
7269.47,-76.981
7270.15,-75.990
7270.82,-76.337
7271.49,-76.461
7272.17,-76.792
7272.84,-76.131
7273.51,-75.785
7274.19,-77.179
7274.86,-77.112
7275.53,-77.161
7276.20,-76.730
7276.88,-77.998
7277.55,-76.554
7278.22,-76.989
7278.90,-75.922
7279.57,-76.943
7280.24,-78.247
7280.91,-77.977
7281.59,-78.241
7282.26,-76.855
7282.93,-77.328
7283.61,-76.552
7284.28,-77.393
7284.95,-77.725
7285.62,-78.575
7286.30,-78.442
7286.97,-77.153
7287.64,-76.849
7288.32,-76.237
7288.99,-77.393
7289.66,-76.997
7290.34,-77.660
7291.01,-76.633
7291.68,-78.881
7292.35,-77.382
7293.03,-77.114
7293.70,-76.281
7294.37,-78.514
7295.05,-78.374
7295.72,-76.866
7296.39,-77.197
7297.06,-77.608
7297.74,-77.254
7298.41,-76.546
7299.08,-77.930
7299.76,-78.414
7300.43,-77.835
7301.10,-77.248
7301.77,-77.918
7302.45,-77.611
7303.12,-76.262
7303.79,-77.653
7304.47,-77.469
7305.14,-79.166
7305.81,-77.971
7306.48,-77.386
7307.16,-77.879
7307.83,-77.168
7308.50,-78.370
7309.18,-78.593
7309.85,-78.115
7310.52,-77.709
7311.20,-77.848
7311.87,-78.775
7312.54,-78.917
7313.21,-77.301
7313.89,-77.219
7314.56,-77.152
7315.23,-77.568
7315.91,-77.372
7316.58,-79.036
7317.25,-78.165
7317.92,-79.221
7318.60,-77.783
7319.27,-78.478
7319.94,-77.001
7320.62,-78.904
7321.29,-78.141
7321.96,-76.670
7322.63,-77.494
7323.31,-78.023
7323.98,-78.764
7324.65,-78.484
7325.33,-78.977
7326.00,-78.207
7326.67,-78.075
7327.35,-79.024
7328.02,-78.500
7328.69,-78.057
7329.36,-78.187
7330.04,-78.165
7330.71,-77.980
7331.38,-78.597
7332.06,-77.556
7332.73,-77.433
7333.40,-78.284
7334.07,-78.925
7334.75,-77.451
7335.42,-77.056
7336.09,-77.862
7336.77,-78.138
7337.44,-78.558
7338.11,-77.996
7338.78,-79.488
7339.46,-79.477
7340.13,-79.285
7340.80,-79.296
7341.48,-77.967
7342.15,-78.562
7342.82,-79.108
7343.50,-78.789
7344.17,-77.802
7344.84,-77.973
7345.51,-79.161
7346.19,-79.818
7346.86,-79.639
7347.53,-78.108
7348.21,-77.298
7348.88,-77.869
7349.55,-78.276
7350.22,-78.149
7350.90,-78.043
7351.57,-79.291
7352.24,-77.875
7352.92,-79.475
7353.59,-80.312
7354.26,-78.581
7354.93,-77.969
7355.61,-78.799
7356.28,-79.387
7356.95,-79.807
7357.63,-79.520
7358.30,-78.806
7358.97,-78.888
7359.65,-79.020
7360.32,-78.372
7360.99,-78.474
7361.66,-79.521
7362.34,-79.802
7363.01,-79.493
7363.68,-79.487
7364.36,-78.764
7365.03,-78.183
7365.70,-77.142
7366.37,-79.093
7367.05,-78.730
7367.72,-80.194
7368.39,-79.191
7369.07,-80.383
7369.74,-78.746
7370.41,-78.018
7371.08,-78.632
7371.76,-79.142
7372.43,-78.616
7373.10,-79.597
7373.78,-79.768
7374.45,-79.183
7375.12,-77.442
7375.79,-78.408
7376.47,-79.814
7377.14,-80.169
7377.81,-79.544
7378.49,-78.873
7379.16,-78.077
7379.83,-78.351
7380.51,-79.074
7381.18,-80.191
7381.85,-79.601
7382.52,-78.142
7383.20,-79.061
7383.87,-78.448
7384.54,-77.534
7385.22,-78.875
7385.89,-79.743
7386.56,-79.406
7387.23,-79.342
7387.91,-80.082
7388.58,-79.179
7389.25,-79.332
7389.93,-79.082
7390.60,-81.067
7391.27,-77.828
7391.94,-78.493
7392.62,-79.717
7393.29,-80.745
7393.96,-78.968
7394.64,-78.312
7395.31,-78.273
7395.98,-77.977
7396.66,-79.288
7397.33,-79.878
7398.00,-79.619
7398.67,-79.330
7399.35,-78.621
7400.02,-79.781
7400.69,-79.113
7401.37,-80.225
7402.04,-78.556
7402.71,-78.451
7403.38,-79.958
7404.06,-79.014
7404.73,-78.595
7405.40,-79.320
7406.08,-79.275
7406.75,-79.476
7407.42,-79.141
7408.09,-80.069
7408.77,-79.799
7409.44,-79.019
7410.11,-79.546
7410.79,-78.652
7411.46,-80.013
7412.13,-79.367
7412.81,-79.626
7413.48,-78.466
7414.15,-78.108
7414.82,-78.339
7415.50,-78.628
7416.17,-79.546
7416.84,-79.299
7417.52,-79.587
7418.19,-78.728
7418.86,-77.812
7419.53,-78.910
7420.21,-79.288
7420.88,-78.252
7421.55,-79.531
7422.23,-79.185
7422.90,-79.518
7423.57,-79.862
7424.24,-79.421
7424.92,-80.030
7425.59,-78.558
7426.26,-79.090
7426.94,-79.432
7427.61,-78.869
7428.28,-80.242
7428.96,-79.087
7429.63,-78.558
7430.30,-78.444
7430.97,-79.622
7431.65,-79.369
7432.32,-78.502
7432.99,-79.705
7433.67,-79.640
7434.34,-79.730
7435.01,-78.822
7435.68,-79.834
7436.36,-78.775
7437.03,-79.715
7437.70,-80.871
7438.38,-80.322
7439.05,-79.575
7439.72,-78.929
7440.39,-78.607
7441.07,-80.703
7441.74,-79.273
7442.41,-78.813
7443.09,-79.865
7443.76,-79.790
7444.43,-78.498
7445.10,-78.471
7445.78,-79.085
7446.45,-81.049
7447.12,-81.464
7447.80,-80.950
7448.47,-80.448
7449.14,-78.504
7449.82,-80.875
7450.49,-80.888
7451.16,-78.061
7451.83,-77.719
7452.51,-78.753
7453.18,-79.494
7453.85,-78.685
7454.53,-80.182
7455.20,-78.878
7455.87,-79.478
7456.54,-80.185
7457.22,-79.508
7457.89,-79.978
7458.56,-79.964
7459.24,-78.996
7459.91,-79.438
7460.58,-79.311
7461.25,-77.278
7461.93,-78.756
7462.60,-78.491
7463.27,-79.681
7463.95,-81.078
7464.62,-79.757
7465.29,-78.672
7465.97,-79.645
7466.64,-78.953
7467.31,-78.521
7467.98,-80.275
7468.66,-80.626
7469.33,-79.443
7470.00,-78.439
7470.68,-77.917
7471.35,-78.366
7472.02,-78.378
7472.69,-79.803
7473.37,-78.389
7474.04,-78.350
7474.71,-79.340
7475.39,-77.593
7476.06,-77.971
7476.73,-78.726
7477.40,-78.681
7478.08,-78.296
7478.75,-79.840
7479.42,-77.899
7480.10,-78.397
7480.77,-78.809
7481.44,-80.671
7482.12,-79.338
7482.79,-78.302
7483.46,-78.484
7484.13,-77.458
7484.81,-78.830
7485.48,-78.225
7486.15,-78.020
7486.83,-79.156
7487.50,-78.215
7488.17,-78.805
7488.84,-78.167
7489.52,-78.621
7490.19,-78.719
7490.86,-77.954
7491.54,-77.141
7492.21,-78.908
7492.88,-78.277
7493.55,-79.089
7494.23,-78.359
7494.90,-77.292
7495.57,-78.136
7496.25,-77.252
7496.92,-77.021
7497.59,-78.603
7498.27,-78.952
7498.94,-78.082
7499.61,-78.395
7500.28,-78.092
7500.96,-78.034
7501.63,-78.724
7502.30,-77.740
7502.98,-78.904
7503.65,-78.307
7504.32,-77.702
7504.99,-77.748
7505.67,-77.392
7506.34,-77.319
7507.01,-78.560
7507.69,-77.939
7508.36,-76.150
7509.03,-78.505
7509.70,-77.543
7510.38,-78.628
7511.05,-77.523
7511.72,-77.787
7512.40,-78.252
7513.07,-79.030
7513.74,-79.459
7514.41,-77.681
7515.09,-77.446
7515.76,-78.625
7516.43,-77.246
7517.11,-76.320
7517.78,-76.400
7518.45,-78.372
7519.13,-76.668
7519.80,-77.642
7520.47,-77.951
7521.14,-77.790
7521.82,-76.718
7522.49,-75.961
7523.16,-76.791
7523.84,-78.753
7524.51,-77.986
7525.18,-78.853
7525.85,-77.195
7526.53,-76.437
7527.20,-76.887
7527.87,-77.002
7528.55,-77.629
7529.22,-76.883
7529.89,-76.903
7530.56,-76.969
7531.24,-77.743
7531.91,-77.824
7532.58,-78.016
7533.26,-77.947
7533.93,-76.268
7534.60,-78.013
7535.28,-78.080
7535.95,-77.549
7536.62,-77.307
7537.29,-76.042
7537.97,-77.506
7538.64,-77.517
7539.31,-76.850
7539.99,-75.446
7540.66,-76.414
7541.33,-75.673
7542.00,-75.263
7542.68,-76.168
7543.35,-77.466
7544.02,-77.348
7544.70,-76.574
7545.37,-76.663
7546.04,-76.506
7546.71,-76.733
7547.39,-76.648
7548.06,-76.142
7548.73,-76.723
7549.41,-75.116
7550.08,-76.927
7550.75,-76.099
7551.43,-75.607
7552.10,-74.963
7552.77,-75.752
7553.44,-76.616
7554.12,-75.392
7554.79,-76.420
7555.46,-75.933
7556.14,-76.385
7556.81,-76.707
7557.48,-76.889
7558.15,-76.818
7558.83,-76.266
7559.50,-77.443
7560.17,-76.272
7560.85,-76.403
7561.52,-74.926
7562.19,-76.697
7562.86,-76.428
7563.54,-75.715
7564.21,-77.123
7564.88,-75.931
7565.56,-75.790
7566.23,-75.118
7566.90,-74.718
7567.58,-75.605
7568.25,-75.219
7568.92,-75.608
7569.59,-75.581
7570.27,-75.418
7570.94,-75.394
7571.61,-77.122
7572.29,-77.401
7572.96,-76.271
7573.63,-75.645
7574.30,-75.897
7574.98,-74.480
7575.65,-75.744
7576.32,-76.172
7577.00,-74.988
7577.67,-75.412
7578.34,-75.563
7579.01,-73.525
7579.69,-74.069
7580.36,-75.309
7581.03,-76.535
7581.71,-74.167
7582.38,-75.094
7583.05,-74.736
7583.72,-76.119
7584.40,-76.767
7585.07,-76.215
7585.74,-75.388
7586.42,-76.638
7587.09,-76.672
7587.76,-76.079
7588.44,-76.015
7589.11,-75.869
7589.78,-75.875
7590.45,-75.766
7591.13,-74.450
7591.80,-74.528
7592.47,-74.411
7593.15,-73.832
7593.82,-75.489
7594.49,-74.663
7595.16,-75.705
7595.84,-74.983
7596.51,-73.247
7597.18,-74.580
7597.86,-75.321
7598.53,-73.725
7599.20,-73.724
7599.87,-74.863
7600.55,-74.768
7601.22,-74.047
7601.89,-73.167
7602.57,-73.879
7603.24,-73.714
7603.91,-74.944
7604.59,-73.842
7605.26,-74.699
7605.93,-73.673
7606.60,-73.595
7607.28,-74.039
7607.95,-73.912
7608.62,-73.525
7609.30,-74.664
7609.97,-74.508
7610.64,-72.845
7611.31,-72.590
7611.99,-74.797
7612.66,-72.953
7613.33,-74.591
7614.01,-74.747
7614.68,-72.237
7615.35,-72.915
7616.02,-73.167
7616.70,-72.128
7617.37,-73.189
7618.04,-72.078
7618.72,-72.670
7619.39,-73.976
7620.06,-72.516
7620.74,-72.556
7621.41,-72.734
7622.08,-72.640
7622.75,-71.491
7623.43,-73.939
7624.10,-73.721
7624.77,-72.397
7625.45,-72.475
7626.12,-73.204
7626.79,-73.411
7627.46,-72.900
7628.14,-72.800
7628.81,-71.698
7629.48,-72.764
7630.16,-71.508
7630.83,-71.381
7631.50,-70.905
7632.17,-72.537
7632.85,-73.978
7633.52,-72.893
7634.19,-72.530
7634.87,-72.666
7635.54,-70.246
7636.21,-72.398
7636.89,-73.334
7637.56,-71.955
7638.23,-71.843
7638.90,-71.440
7639.58,-71.484
7640.25,-71.643
7640.92,-70.853
7641.60,-71.351
7642.27,-71.956
7642.94,-73.100
7643.61,-71.959
7644.29,-72.123
7644.96,-71.996
7645.63,-71.074
7646.31,-71.479
7646.98,-70.000
7647.65,-72.242
7648.32,-71.816
7649.00,-72.211
7649.67,-72.487
7650.34,-70.415
7651.02,-70.540
7651.69,-70.787
7652.36,-70.561
7653.03,-70.701
7653.71,-70.075
7654.38,-71.184
7655.05,-71.146
7655.73,-73.236
7656.40,-71.107
7657.07,-71.893
7657.75,-71.924
7658.42,-71.241
7659.09,-71.897
7659.76,-71.242
7660.44,-71.617
7661.11,-72.323
7661.78,-70.478
7662.46,-69.975
7663.13,-71.317
7663.80,-69.844
7664.47,-72.543
7665.15,-70.339
7665.82,-70.745
7666.49,-70.740
7667.17,-70.153
7667.84,-69.050
7668.51,-71.023
7669.18,-71.281
7669.86,-70.802
7670.53,-72.537
7671.20,-71.894
7671.88,-70.470
7672.55,-69.901
7673.22,-70.214
7673.90,-70.652
7674.57,-69.374
7675.24,-69.893
7675.91,-70.232
7676.59,-70.925
7677.26,-71.197
7677.93,-71.239
7678.61,-71.056
7679.28,-71.590
7679.95,-70.867
7680.62,-69.401
7681.30,-69.679
7681.97,-68.357
7682.64,-70.253
7683.32,-70.000
7683.99,-69.768
7684.66,-69.092
7685.33,-70.275
7686.01,-72.475
7686.68,-70.101
7687.35,-70.832
7688.03,-71.352
7688.70,-68.999
7689.37,-69.716
7690.05,-69.876
7690.72,-70.416
7691.39,-69.325
7692.06,-69.758
7692.74,-68.566
7693.41,-70.537
7694.08,-69.598
7694.76,-69.861
7695.43,-69.044
7696.10,-70.058
7696.77,-71.951
7697.45,-72.254
7698.12,-70.934
7698.79,-71.116
7699.47,-70.977
7700.14,-72.340
7700.81,-70.532
7701.48,-69.300
7702.16,-71.165
7702.83,-70.487
7703.50,-69.691
7704.18,-70.327
7704.85,-68.945
7705.52,-68.609
7706.20,-71.565
7706.87,-72.137
7707.54,-72.486
7708.21,-70.442
7708.89,-70.781
7709.56,-71.689
7710.23,-71.392
7710.91,-71.182
7711.58,-69.992
7712.25,-70.132
7712.92,-71.397
7713.60,-70.569
7714.27,-70.604
7714.94,-70.861
7715.62,-70.471
7716.29,-71.857
7716.96,-70.654
7717.63,-71.665
7718.31,-70.979
7718.98,-70.899
7719.65,-70.224
7720.33,-71.473
7721.00,-71.584
7721.67,-70.903
7722.34,-71.386
7723.02,-71.012
7723.69,-69.957
7724.36,-70.672
7725.04,-71.886
7725.71,-71.507
7726.38,-71.555
7727.06,-71.762
7727.73,-71.671
7728.40,-72.420
7729.07,-72.335
7729.75,-73.764
7730.42,-70.942
7731.09,-70.184
7731.77,-71.746
7732.44,-72.101
7733.11,-71.907
7733.78,-71.983
7734.46,-72.294
7735.13,-71.625
7735.80,-72.643
7736.48,-72.381
7737.15,-70.595
7737.82,-71.132
7738.49,-70.516
7739.17,-72.704
7739.84,-72.656
7740.51,-74.122
7741.19,-72.483
7741.86,-72.507
7742.53,-72.027
7743.21,-71.891
7743.88,-72.206
7744.55,-72.181
7745.22,-71.973
7745.90,-72.116
7746.57,-71.348
7747.24,-72.329
7747.92,-72.389
7748.59,-71.821
7749.26,-72.425
7749.93,-72.962
7750.61,-72.070
7751.28,-71.921
7751.95,-73.021
7752.63,-72.012
7753.30,-73.200
7753.97,-71.087
7754.64,-72.899
7755.32,-72.703
7755.99,-74.556
7756.66,-73.453
7757.34,-72.920
7758.01,-73.384
7758.68,-71.963
7759.36,-73.491
7760.03,-74.011
7760.70,-73.348
7761.37,-72.350
7762.05,-72.061
7762.72,-73.361
7763.39,-72.816
7764.07,-72.887
7764.74,-72.729
7765.41,-74.734
7766.08,-73.435
7766.76,-73.078
7767.43,-73.352
7768.10,-73.215
7768.78,-73.158
7769.45,-73.832
7770.12,-73.783
7770.79,-72.964
7771.47,-72.402
7772.14,-72.988
7772.81,-73.595
7773.49,-74.449
7774.16,-73.757
7774.83,-75.303
7775.51,-72.019
7776.18,-73.228
7776.85,-72.905
7777.52,-73.556
7778.20,-75.057
7778.87,-73.426
7779.54,-74.079
7780.22,-75.053
7780.89,-75.049
7781.56,-73.926
7782.23,-75.111
7782.91,-74.578
7783.58,-73.460
7784.25,-75.288
7784.93,-74.651
7785.60,-75.290
7786.27,-74.922
7786.94,-74.131
7787.62,-74.656
7788.29,-74.254
7788.96,-73.097
7789.64,-74.774
7790.31,-74.096
7790.98,-74.921
7791.65,-74.549
7792.33,-75.853
7793.00,-74.025
7793.67,-75.738
7794.35,-75.922
7795.02,-73.731
7795.69,-74.797
7796.37,-74.460
7797.04,-73.707
7797.71,-73.901
7798.38,-74.173
7799.06,-73.535
7799.73,-75.141
7800.40,-73.816
7801.08,-76.877
7801.75,-76.363
7802.42,-77.181
7803.09,-75.265
7803.77,-76.305
7804.44,-73.819
7805.11,-75.564
7805.79,-75.259
7806.46,-74.461
7807.13,-76.012
7807.80,-75.249
7808.48,-76.195
7809.15,-76.675
7809.82,-75.067
7810.50,-76.627
7811.17,-75.993
7811.84,-75.643
7812.52,-75.810
7813.19,-75.588
7813.86,-76.029
7814.53,-74.567
7815.21,-75.834
7815.88,-76.018
7816.55,-76.386
7817.23,-76.614
7817.90,-76.489
7818.57,-75.699
7819.24,-77.476
7819.92,-77.427
7820.59,-76.694
7821.26,-76.819
7821.94,-76.063
7822.61,-76.295
7823.28,-77.109
7823.95,-77.090
7824.63,-76.470
7825.30,-76.368
7825.97,-75.432
7826.65,-75.830
7827.32,-76.940
7827.99,-77.814
7828.67,-75.619
7829.34,-76.197
7830.01,-77.266
7830.68,-76.784
7831.36,-77.922
7832.03,-76.253
7832.70,-76.397
7833.38,-75.676
7834.05,-75.520
7834.72,-74.898
7835.39,-77.144
7836.07,-77.034
7836.74,-76.834
7837.41,-76.882
7838.09,-76.525
7838.76,-75.098
7839.43,-76.373
7840.10,-76.597
7840.78,-76.911
7841.45,-77.441
7842.12,-77.042
7842.80,-77.529
7843.47,-77.749
7844.14,-76.670
7844.82,-76.904
7845.49,-77.417
7846.16,-78.611
7846.83,-76.956
7847.51,-76.502
7848.18,-76.037
7848.85,-77.987
7849.53,-78.121
7850.20,-77.910
7850.87,-76.302
7851.54,-76.628
7852.22,-75.020
7852.89,-77.641
7853.56,-78.322
7854.24,-78.008
7854.91,-77.637
7855.58,-78.968
7856.25,-77.069
7856.93,-77.391
7857.60,-78.537
7858.27,-77.760
7858.95,-78.308
7859.62,-76.121
7860.29,-77.396
7860.96,-76.923
7861.64,-75.947
7862.31,-76.734
7862.98,-77.790
7863.66,-77.800
7864.33,-77.459
7865.00,-77.834
7865.68,-75.888
7866.35,-77.181
7867.02,-75.933
7867.69,-75.809
7868.37,-76.904
7869.04,-75.961
7869.71,-75.038
7870.39,-76.625
7871.06,-78.014
7871.73,-77.245
7872.40,-78.027
7873.08,-76.620
7873.75,-76.928
7874.42,-78.320
7875.10,-77.173
7875.77,-78.276
7876.44,-76.993
7877.11,-76.441
7877.79,-77.353
7878.46,-77.622
7879.13,-77.492
7879.81,-76.868
7880.48,-77.193
7881.15,-77.006
7881.83,-77.421
7882.50,-77.465
7883.17,-76.981
7883.84,-78.241
7884.52,-77.880
7885.19,-77.874
7885.86,-77.751
7886.54,-77.249
7887.21,-77.928
7887.88,-78.664
7888.55,-78.697
7889.23,-77.319
7889.90,-76.958
7890.57,-77.788
7891.25,-78.369
7891.92,-77.403
7892.59,-78.919
7893.26,-78.389
7893.94,-77.165
7894.61,-76.637
7895.28,-77.495
7895.96,-76.462
7896.63,-79.231
7897.30,-78.629
7897.98,-78.083
7898.65,-77.876
7899.32,-77.202
7899.99,-78.919
7900.67,-77.532
7901.34,-77.400
7902.01,-77.854
7902.69,-77.716
7903.36,-78.588
7904.03,-78.293
7904.70,-78.512
7905.38,-76.334
7906.05,-77.967
7906.72,-78.236
7907.40,-78.631
7908.07,-77.668
7908.74,-79.047
7909.41,-76.985
7910.09,-78.002
7910.76,-78.807
7911.43,-77.251
7912.11,-76.484
7912.78,-77.531
7913.45,-78.202
7914.13,-79.093
7914.80,-78.062
7915.47,-78.375
7916.14,-79.061
7916.82,-78.262
7917.49,-77.597
7918.16,-79.524
7918.84,-78.250
7919.51,-78.355
7920.18,-77.371
7920.85,-76.810
7921.53,-78.091
7922.20,-79.367
7922.87,-79.409
7923.55,-77.708
7924.22,-78.216
7924.89,-77.488
7925.56,-77.861
7926.24,-77.548
7926.91,-79.678
7927.58,-78.214
7928.26,-77.639
7928.93,-78.125
7929.60,-78.266
7930.27,-77.088
7930.95,-78.175
7931.62,-76.897
7932.29,-77.718
7932.97,-79.273
7933.64,-78.657
7934.31,-79.478
7934.99,-77.869
7935.66,-79.175
7936.33,-78.050
7937.00,-77.268
7937.68,-78.470
7938.35,-78.076
7939.02,-77.557
7939.70,-78.594
7940.37,-78.936
7941.04,-79.941
7941.71,-79.381
7942.39,-79.993
7943.06,-78.583
7943.73,-78.065
7944.41,-78.135
7945.08,-78.352
7945.75,-78.743
7946.42,-79.667
7947.10,-78.950
7947.77,-80.435
7948.44,-79.029
7949.12,-78.458
7949.79,-77.748
7950.46,-78.729
7951.14,-78.961
7951.81,-77.679
7952.48,-79.063
7953.15,-79.074
7953.83,-77.982
7954.50,-78.773
7955.17,-78.342
7955.85,-77.071
7956.52,-77.892
7957.19,-79.063
7957.86,-78.585
7958.54,-77.187
7959.21,-77.673
7959.88,-78.255
7960.56,-77.631
7961.23,-79.408
7961.90,-78.423
7962.57,-77.853
7963.25,-77.999
7963.92,-78.381
7964.59,-77.927
7965.27,-78.215
7965.94,-79.058
7966.61,-77.621
7967.29,-77.705
7967.96,-78.781
7968.63,-78.563
7969.30,-77.322
7969.98,-77.753
7970.65,-76.657
7971.32,-78.339
7972.00,-77.909
7972.67,-76.836
7973.34,-77.892
7974.01,-78.121
7974.69,-77.352
7975.36,-78.545
7976.03,-78.971
7976.71,-78.575
7977.38,-78.996
7978.05,-78.014
7978.72,-78.233
7979.40,-77.995
7980.07,-78.452
7980.74,-79.002
7981.42,-79.621
7982.09,-78.493
7982.76,-76.979
7983.44,-77.947
7984.11,-77.789
7984.78,-76.839
7985.45,-78.879
7986.13,-77.143
7986.80,-77.810
7987.47,-77.823
7988.15,-78.204
7988.82,-77.256
7989.49,-78.656
7990.16,-78.217
7990.84,-80.004
7991.51,-78.867
7992.18,-78.863
7992.86,-78.786
7993.53,-77.414
7994.20,-78.995
7994.87,-76.944
7995.55,-78.386
7996.22,-78.585
7996.89,-78.325
7997.57,-79.030
7998.24,-80.166
7998.91,-79.092
7999.58,-77.920
8000.26,-78.603
8000.93,-78.196
8001.60,-78.222
8002.28,-77.983
8002.95,-78.016
8003.62,-77.973
8004.30,-78.888
8004.97,-78.111
8005.64,-78.313
8006.31,-77.605
8006.99,-78.390
8007.66,-79.789
8008.33,-79.702
8009.01,-78.328
8009.68,-77.497
8010.35,-78.084
8011.02,-77.245
8011.70,-78.948
8012.37,-77.097
8013.04,-78.125
8013.72,-78.470
8014.39,-77.616
8015.06,-78.436
8015.73,-77.834
8016.41,-76.912
8017.08,-77.725
8017.75,-77.669
8018.43,-78.083
8019.10,-77.016
8019.77,-77.663
8020.45,-78.456
8021.12,-78.533
8021.79,-76.204
8022.46,-76.013
8023.14,-76.885
8023.81,-78.510
8024.48,-77.088
8025.16,-76.594
8025.83,-76.264
8026.50,-77.952
8027.17,-77.932
8027.85,-77.540
8028.52,-78.515
8029.19,-77.933
8029.87,-77.209
8030.54,-76.792
8031.21,-76.833
8031.88,-76.945
8032.56,-76.965
8033.23,-77.259
8033.90,-77.010
8034.58,-77.371
8035.25,-77.084
8035.92,-77.888
8036.60,-76.317
8037.27,-78.220
8037.94,-78.862
8038.61,-76.726
8039.29,-78.386
8039.96,-77.541
8040.63,-76.644
8041.31,-78.524
8041.98,-78.183
8042.65,-77.087
8043.32,-78.492
8044.00,-77.620
8044.67,-77.785
8045.34,-75.832
8046.02,-77.656
8046.69,-78.055
8047.36,-77.369
8048.03,-75.999
8048.71,-75.824
8049.38,-76.683
8050.05,-76.956
8050.73,-76.746
8051.40,-76.637
8052.07,-76.752
8052.75,-78.178
8053.42,-77.366
8054.09,-77.174
8054.76,-76.169
8055.44,-76.818
8056.11,-75.869
8056.78,-76.168
8057.46,-76.350
8058.13,-77.093
8058.80,-78.559
8059.47,-76.851
8060.15,-77.755
8060.82,-76.792
8061.49,-75.999
8062.17,-76.393
8062.84,-75.542
8063.51,-77.150
8064.18,-76.423
8064.86,-76.843
8065.53,-77.796
8066.20,-77.538
8066.88,-76.779
8067.55,-77.184
8068.22,-77.390
8068.89,-76.359
8069.57,-75.826
8070.24,-75.849
8070.91,-75.398
8071.59,-75.747
8072.26,-76.961
8072.93,-75.964
8073.61,-76.129
8074.28,-76.411
8074.95,-75.135
8075.62,-76.620
8076.30,-74.511
8076.97,-76.623
8077.64,-76.967
8078.32,-78.302
8078.99,-76.288
8079.66,-75.976
8080.33,-76.146
8081.01,-76.610
8081.68,-75.029
8082.35,-76.221
8083.03,-76.107
8083.70,-77.041
8084.37,-76.646
8085.04,-76.282
8085.72,-76.257
8086.39,-77.949
8087.06,-77.020
8087.74,-76.035
8088.41,-75.439
8089.08,-75.999
8089.76,-76.293
8090.43,-75.533
8091.10,-75.238
8091.77,-75.703
8092.45,-74.786
8093.12,-75.009
8093.79,-75.413
8094.47,-76.068
8095.14,-75.583
8095.81,-74.380
8096.48,-75.450
8097.16,-75.991
8097.83,-75.235
8098.50,-73.637
8099.18,-74.759
8099.85,-75.094
8100.52,-75.765
8101.19,-74.495
8101.87,-74.964
8102.54,-75.961
8103.21,-76.239
8103.89,-74.206
8104.56,-74.257
8105.23,-74.993
8105.91,-74.717
8106.58,-73.571
8107.25,-73.342
8107.92,-74.673
8108.60,-75.436
8109.27,-74.504
8109.94,-74.461
8110.62,-74.749
8111.29,-74.264
8111.96,-75.999
8112.63,-74.862
8113.31,-73.508
8113.98,-73.412
8114.65,-74.955
8115.33,-74.389
8116.00,-74.450
8116.67,-74.181
8117.34,-74.107
8118.02,-73.966
8118.69,-74.289
8119.36,-73.589
8120.04,-74.421
8120.71,-74.367
8121.38,-75.102
8122.06,-74.627
8122.73,-74.368
8123.40,-74.951
8124.07,-76.803
8124.75,-75.951
8125.42,-73.653
8126.09,-74.642
8126.77,-74.213
8127.44,-75.188
8128.11,-74.920
8128.78,-73.652
8129.46,-73.093
8130.13,-74.096
8130.80,-73.064
8131.48,-73.436
8132.15,-74.445
8132.82,-74.697
8133.49,-73.772
8134.17,-73.700
8134.84,-74.064
8135.51,-73.989
8136.19,-72.653
8136.86,-74.399
8137.53,-73.748
8138.20,-74.323
8138.88,-73.339
8139.55,-73.017
8140.22,-73.017
8140.90,-73.973
8141.57,-72.451
8142.24,-73.249
8142.92,-73.525
8143.59,-72.264
8144.26,-74.379
8144.93,-74.258
8145.61,-72.171
8146.28,-73.709
8146.95,-73.037
8147.63,-74.207
8148.30,-72.184
8148.97,-72.901
8149.64,-73.269
8150.32,-72.399
8150.99,-71.865
8151.66,-71.591
8152.34,-73.196
8153.01,-71.439
8153.68,-71.942
8154.35,-71.716
8155.03,-71.493
8155.70,-72.932
8156.37,-71.588
8157.05,-70.969
8157.72,-71.631
8158.39,-71.964
8159.07,-73.615
8159.74,-72.672
8160.41,-70.201
8161.08,-71.257
8161.76,-72.256
8162.43,-71.791
8163.10,-71.215
8163.78,-71.679
8164.45,-71.879
8165.12,-71.634
8165.79,-72.204
8166.47,-72.447
8167.14,-70.652
8167.81,-70.967
8168.49,-71.210
8169.16,-72.645
8169.83,-69.234
8170.50,-71.489
8171.18,-71.633
8171.85,-72.653
8172.52,-72.133
8173.20,-72.749
8173.87,-71.198
8174.54,-71.042
8175.22,-71.142
8175.89,-71.520
8176.56,-70.797
8177.23,-70.847
8177.91,-70.094
8178.58,-70.579
8179.25,-70.573
8179.93,-71.311
8180.60,-72.055
8181.27,-71.213
8181.94,-70.088
8182.62,-71.391
8183.29,-70.707
8183.96,-70.973
8184.64,-70.810
8185.31,-70.001
8185.98,-69.605
8186.65,-70.537
8187.33,-68.339
8188.00,-69.986
8188.67,-71.101
8189.35,-70.421
8190.02,-71.000
8190.69,-72.408
8191.37,-70.518
8192.04,-71.113
8192.71,-70.372
8193.38,-69.523
8194.06,-70.751
8194.73,-70.113
8195.40,-68.972
8196.08,-71.630
8196.75,-71.150
8197.42,-72.123
8198.09,-70.836
8198.77,-70.020
8199.44,-71.026
8200.11,-70.782
8200.79,-69.374
8201.46,-69.605
8202.13,-69.572
8202.80,-69.366
8203.48,-69.988
8204.15,-70.432
8204.82,-68.871
8205.50,-69.596
8206.17,-69.813
8206.84,-70.663
8207.51,-70.046
8208.19,-70.824
8208.86,-69.938
8209.53,-70.128
8210.21,-68.710
8210.88,-69.195
8211.55,-69.092
8212.23,-68.953
8212.90,-69.783
8213.57,-68.407
8214.24,-69.643
8214.92,-67.976
8215.59,-68.393
8216.26,-69.763
8216.94,-70.060
8217.61,-68.979
8218.28,-71.022
8218.95,-69.208
8219.63,-68.239
8220.30,-68.206
8220.97,-69.357
8221.65,-68.979
8222.32,-68.489
8222.99,-68.070
8223.66,-68.668
8224.34,-70.530
8225.01,-69.947
8225.68,-68.686
8226.36,-70.026
8227.03,-70.160
8227.70,-68.312
8228.38,-68.435
8229.05,-68.299
8229.72,-69.908
8230.39,-68.441
8231.07,-68.613
8231.74,-68.379
8232.41,-69.674
8233.09,-68.237
8233.76,-69.779
8234.43,-69.144
8235.10,-68.599
8235.78,-69.003
8236.45,-67.936
8237.12,-69.573
8237.80,-70.135
8238.47,-70.476
8239.14,-70.853
8239.81,-68.508
8240.49,-69.600
8241.16,-70.259
8241.83,-70.198
8242.51,-68.972
8243.18,-68.306
8243.85,-68.924
8244.53,-69.040
8245.20,-67.993
8245.87,-69.062
8246.54,-69.734
8247.22,-67.937
8247.89,-69.281
8248.56,-68.931
8249.24,-69.164
8249.91,-68.937
8250.58,-70.772
8251.25,-70.228
8251.93,-69.268
8252.60,-69.172
8253.27,-69.679
8253.95,-70.929
8254.62,-68.933
8255.29,-68.786
8255.96,-69.426
8256.64,-69.120
8257.31,-69.294
8257.98,-70.210
8258.66,-71.255
8259.33,-70.638
8260.00,-70.682
8260.68,-70.815
8261.35,-70.567
8262.02,-69.550
8262.69,-70.274
8263.37,-69.399
8264.04,-70.333
8264.71,-68.827
8265.39,-70.231
8266.06,-71.516
8266.73,-71.713
8267.40,-71.149
8268.08,-71.528
8268.75,-70.332
8269.42,-70.186
8270.10,-71.298
8270.77,-70.006
8271.44,-69.971
8272.11,-69.838
8272.79,-70.419
8273.46,-69.836
8274.13,-69.239
8274.81,-72.546
8275.48,-70.648
8276.15,-71.629
8276.82,-70.944
8277.50,-70.258
8278.17,-71.683
8278.84,-71.684
8279.52,-72.503
8280.19,-71.030
8280.86,-69.852
8281.54,-71.972
8282.21,-71.280
8282.88,-71.400
8283.55,-70.775
8284.23,-71.707
8284.90,-69.893
8285.57,-71.556
8286.25,-71.520
8286.92,-72.726
8287.59,-71.748
8288.26,-71.225
8288.94,-72.511
8289.61,-70.557
8290.28,-71.687
8290.96,-71.381
8291.63,-71.015
8292.30,-70.506
8292.97,-72.145
8293.65,-71.569
8294.32,-70.478
8294.99,-72.288
8295.67,-70.262
8296.34,-72.482
8297.01,-71.780
8297.69,-70.333
8298.36,-72.185
8299.03,-70.923
8299.70,-71.943
8300.38,-71.912
8301.05,-72.178
8301.72,-72.742
8302.40,-71.266
8303.07,-72.378
8303.74,-73.637
8304.41,-72.151
8305.09,-72.323
8305.76,-71.926
8306.43,-73.835
8307.11,-72.224
8307.78,-73.289
8308.45,-72.427
8309.12,-71.430
8309.80,-72.498
8310.47,-72.964
8311.14,-73.359
8311.82,-72.472
8312.49,-71.752
8313.16,-72.616
8313.84,-71.235
8314.51,-72.272
8315.18,-72.335
8315.85,-72.726
8316.53,-74.924
8317.20,-73.081
8317.87,-73.643
8318.55,-72.267
8319.22,-72.852
8319.89,-72.573
8320.56,-73.776
8321.24,-73.631
8321.91,-73.101
8322.58,-72.693
8323.26,-73.509
8323.93,-72.466
8324.60,-75.048
8325.27,-72.058
8325.95,-72.983
8326.62,-73.368
8327.29,-73.376
8327.97,-73.302
8328.64,-74.257
8329.31,-75.263
8329.99,-73.620
8330.66,-74.819
8331.33,-73.942
8332.00,-74.204
8332.68,-73.554
8333.35,-72.984
8334.02,-74.155
8334.70,-74.151
8335.37,-74.032
8336.04,-72.507
8336.71,-73.355
8337.39,-73.466
8338.06,-73.753
8338.73,-74.577
8339.41,-75.563
8340.08,-74.760
8340.75,-73.386
8341.42,-74.368
8342.10,-73.815
8342.77,-72.742
8343.44,-74.107
8344.12,-74.577
8344.79,-74.916
8345.46,-74.843
8346.13,-73.625
8346.81,-73.731
8347.48,-73.987
8348.15,-74.191
8348.83,-74.292
8349.50,-75.293
8350.17,-74.548
8350.85,-75.063
8351.52,-74.778
8352.19,-74.770
8352.86,-75.734
8353.54,-74.488
8354.21,-75.532
8354.88,-75.035
8355.56,-74.797
8356.23,-75.425
8356.90,-75.693
8357.57,-75.495
8358.25,-74.137
8358.92,-74.064
8359.59,-74.115
8360.27,-74.163
8360.94,-74.637
8361.61,-74.638
8362.28,-74.680
8362.96,-76.202
8363.63,-74.235
8364.30,-74.411
8364.98,-74.733
8365.65,-75.324
8366.32,-74.340
8367.00,-75.575
8367.67,-75.277
8368.34,-74.858
8369.01,-75.961
8369.69,-74.855
8370.36,-77.097
8371.03,-75.623
8371.71,-74.889
8372.38,-74.987
8373.05,-75.198
8373.72,-75.691
8374.40,-75.074
8375.07,-75.146
8375.74,-76.146
8376.42,-76.438
8377.09,-77.585
8377.76,-75.804
8378.43,-76.168
8379.11,-73.801
8379.78,-76.054
8380.45,-75.125
8381.13,-75.658
8381.80,-76.252
8382.47,-76.623
8383.15,-76.137
8383.82,-76.509
8384.49,-76.636
8385.16,-75.673
8385.84,-75.754
8386.51,-75.753
8387.18,-76.326
8387.86,-75.941
8388.53,-75.986
8389.20,-75.949
8389.87,-74.873
8390.55,-75.395
8391.22,-75.836
8391.89,-76.240
8392.57,-76.119
8393.24,-76.586
8393.91,-75.710
8394.58,-73.927
8395.26,-75.829
8395.93,-75.226
8396.60,-76.145
8397.28,-76.963
8397.95,-75.831
8398.62,-75.105
8399.30,-76.091
8399.97,-76.973
8400.64,-77.223
8401.31,-76.859
8401.99,-75.984
8402.66,-76.858
8403.33,-77.450
8404.01,-77.117
8404.68,-77.355
8405.35,-75.282
8406.02,-77.205
8406.70,-76.208
8407.37,-76.123
8408.04,-76.568
8408.72,-75.733
8409.39,-75.922
8410.06,-74.633
8410.73,-75.582
8411.41,-78.013
8412.08,-78.029
8412.75,-76.683
8413.43,-78.933
8414.10,-76.530
8414.77,-74.940
8415.44,-76.587
8416.12,-76.416
8416.79,-77.407
8417.46,-77.118
8418.14,-76.476
8418.81,-76.754
8419.48,-77.140
8420.16,-75.954
8420.83,-74.867
8421.50,-76.147
8422.17,-75.354
8422.85,-76.467
8423.52,-76.406
8424.19,-75.760
8424.87,-77.268
8425.54,-76.535
8426.21,-76.445
8426.88,-77.190
8427.56,-75.791
8428.23,-77.064
8428.90,-76.424
8429.58,-75.869
8430.25,-75.451
8430.92,-77.720
8431.59,-77.217
8432.27,-76.322
8432.94,-75.581
8433.61,-77.647
8434.29,-76.301
8434.96,-75.732
8435.63,-77.416
8436.31,-76.897
8436.98,-77.753
8437.65,-77.129
8438.32,-77.060
8439.00,-77.088
8439.67,-76.387
8440.34,-76.588
8441.02,-76.816
8441.69,-75.727
8442.36,-75.711
8443.03,-76.538
8443.71,-75.801
8444.38,-76.486
8445.05,-77.398
8445.73,-75.998
8446.40,-76.241
8447.07,-76.962
8447.74,-77.649
8448.42,-77.487
8449.09,-76.632
8449.76,-77.693
8450.44,-78.114
8451.11,-77.419
8451.78,-77.242
8452.46,-78.685
8453.13,-76.913
8453.80,-77.081
8454.47,-76.119
8455.15,-77.226
8455.82,-77.135
8456.49,-76.649
8457.17,-76.678
8457.84,-77.230
8458.51,-76.346
8459.18,-77.730
8459.86,-77.453
8460.53,-77.423
8461.20,-77.060
8461.88,-76.840
8462.55,-77.377
8463.22,-77.763
8463.89,-77.950
8464.57,-78.628
8465.24,-77.991
8465.91,-77.717
8466.59,-79.276
8467.26,-76.410
8467.93,-77.474
8468.61,-77.132
8469.28,-77.174
8469.95,-77.147
8470.62,-77.753
8471.30,-77.378
8471.97,-77.353
8472.64,-76.280
8473.32,-76.989
8473.99,-76.023
8474.66,-76.509
8475.33,-75.935
8476.01,-77.161
8476.68,-76.653
8477.35,-77.940
8478.03,-78.906
8478.70,-76.775
8479.37,-75.210
8480.04,-77.039
8480.72,-76.663
8481.39,-77.084
8482.06,-77.717
8482.74,-76.600
8483.41,-76.389
8484.08,-75.987
8484.75,-76.526
8485.43,-77.632
8486.10,-76.574
8486.77,-77.156
8487.45,-77.039
8488.12,-78.241
8488.79,-77.643
8489.47,-77.259
8490.14,-76.652
8490.81,-76.586
8491.48,-77.181
8492.16,-77.517
8492.83,-76.764
8493.50,-77.066
8494.18,-76.504
8494.85,-76.804
8495.52,-77.495
8496.19,-75.247
8496.87,-76.153
8497.54,-76.476
8498.21,-76.313
8498.89,-76.999
8499.56,-77.384
8500.23,-76.083
8500.90,-75.205
8501.58,-76.811
8502.25,-78.056
8502.92,-77.513
8503.60,-77.996
8504.27,-77.240
8504.94,-76.796
8505.62,-76.539
8506.29,-76.180
8506.96,-75.955
8507.63,-78.583
8508.31,-77.926
8508.98,-76.181
8509.65,-76.386
8510.33,-75.932
8511.00,-77.466
8511.67,-77.703
8512.34,-77.579
8513.02,-75.911
8513.69,-75.643
8514.36,-75.040
8515.04,-76.023
8515.71,-76.574
8516.38,-76.353
8517.05,-76.467
8517.73,-77.632
8518.40,-76.385
8519.07,-76.598
8519.75,-76.961
8520.42,-75.759
8521.09,-78.136
8521.77,-75.794
8522.44,-77.567
8523.11,-77.349
8523.78,-76.803
8524.46,-77.392
8525.13,-76.842
8525.80,-76.851
8526.48,-77.345
8527.15,-77.299
8527.82,-77.760
8528.49,-78.086
8529.17,-77.175
8529.84,-78.247
8530.51,-74.793
8531.19,-76.979
8531.86,-77.199
8532.53,-78.731
8533.20,-76.234
8533.88,-76.412
8534.55,-76.480
8535.22,-76.630
8535.90,-76.263
8536.57,-76.293
8537.24,-76.491
8537.92,-79.490
8538.59,-75.664
8539.26,-76.450
8539.93,-76.560
8540.61,-77.858
8541.28,-77.216
8541.95,-77.137
8542.63,-74.472
8543.30,-77.608
8543.97,-75.675
8544.64,-76.787
8545.32,-76.930
8545.99,-76.620
8546.66,-75.863
8547.34,-75.811
8548.01,-76.891
8548.68,-75.602
8549.35,-75.923
8550.03,-76.052
8550.70,-73.934
8551.37,-74.923
8552.05,-75.686
8552.72,-77.384
8553.39,-77.569
8554.06,-76.802
8554.74,-75.902
8555.41,-77.268
8556.08,-76.460
8556.76,-76.070
8557.43,-74.974
8558.10,-76.664
8558.78,-76.305
8559.45,-75.757
8560.12,-76.350
8560.79,-75.109
8561.47,-75.623
8562.14,-76.231
8562.81,-76.038
8563.49,-75.779
8564.16,-76.790
8564.83,-76.040
8565.50,-76.099
8566.18,-75.932
8566.85,-77.558
8567.52,-75.133
8568.20,-75.528
8568.87,-75.856
8569.54,-76.143
8570.21,-75.586
8570.89,-75.182
8571.56,-75.485
8572.23,-75.685
8572.91,-76.954
8573.58,-75.917
8574.25,-76.229
8574.93,-73.723
8575.60,-75.436
8576.27,-76.138
8576.94,-76.609
8577.62,-75.360
8578.29,-75.592
8578.96,-75.744
8579.64,-75.134
8580.31,-75.662
8580.98,-75.013
8581.65,-75.655
8582.33,-75.658
8583.00,-76.106
8583.67,-75.255
8584.35,-74.827
8585.02,-74.948
8585.69,-74.603
8586.36,-74.342
8587.04,-73.957
8587.71,-76.477
8588.38,-75.108
8589.06,-77.052
8589.73,-75.740
8590.40,-75.426
8591.08,-74.798
8591.75,-74.425
8592.42,-75.900
8593.09,-75.490
8593.77,-74.526
8594.44,-74.150
8595.11,-76.527
8595.79,-74.983
8596.46,-74.946
8597.13,-75.110
8597.80,-74.390
8598.48,-75.254
8599.15,-76.148
8599.82,-75.844
8600.50,-75.101
8601.17,-74.497
8601.84,-74.529
8602.51,-75.264
8603.19,-75.461
8603.86,-75.355
8604.53,-74.136
8605.21,-75.516
8605.88,-74.901
8606.55,-74.310
8607.23,-74.056
8607.90,-74.234
8608.57,-75.615
8609.24,-73.947
8609.92,-75.119
8610.59,-75.609
8611.26,-74.550
8611.94,-75.897
8612.61,-74.110
8613.28,-73.886
8613.95,-75.297
8614.63,-74.448
8615.30,-74.940
8615.97,-74.604
8616.65,-74.527
8617.32,-74.457
8617.99,-74.543
8618.66,-74.801
8619.34,-75.231
8620.01,-75.069
8620.68,-74.805
8621.36,-74.644
8622.03,-74.349
8622.70,-74.375
8623.37,-75.503
8624.05,-74.589
8624.72,-74.957
8625.39,-74.528
8626.07,-74.313
8626.74,-74.605
8627.41,-73.175
8628.09,-74.190
8628.76,-74.504
8629.43,-73.895
8630.10,-74.122
8630.78,-74.977
8631.45,-73.659
8632.12,-76.476
8632.80,-73.863
8633.47,-73.671
8634.14,-73.271
8634.81,-73.987
8635.49,-74.101
8636.16,-74.925
8636.83,-73.418
8637.51,-73.512
8638.18,-74.478
8638.85,-74.478
8639.52,-73.803
8640.20,-72.928
8640.87,-74.823
8641.54,-75.400
8642.22,-73.936
8642.89,-73.330
8643.56,-74.968
8644.24,-73.632
8644.91,-73.497
8645.58,-73.603
8646.25,-73.809
8646.93,-72.774
8647.60,-72.974
8648.27,-73.860
8648.95,-72.860
8649.62,-73.365
8650.29,-73.920
8650.96,-72.629
8651.64,-73.315
8652.31,-72.162
8652.98,-71.603
8653.66,-71.999
8654.33,-74.956
8655.00,-72.847
8655.67,-73.117
8656.35,-73.336
8657.02,-73.536
8657.69,-73.236
8658.37,-73.639
8659.04,-72.593
8659.71,-72.671
8660.39,-73.051
8661.06,-71.927
8661.73,-71.781
8662.40,-71.755
8663.08,-71.124
8663.75,-72.278
8664.42,-71.524
8665.10,-72.056
8665.77,-71.960
8666.44,-72.337
8667.11,-72.442
8667.79,-71.870
8668.46,-73.473
8669.13,-71.590
8669.81,-71.632
8670.48,-72.108
8671.15,-71.577
8671.82,-72.415
8672.50,-70.786
8673.17,-72.389
8673.84,-71.528
8674.52,-71.736
8675.19,-72.022
8675.86,-72.275
8676.54,-72.064
8677.21,-71.880
8677.88,-70.897
8678.55,-72.594
8679.23,-72.469
8679.90,-72.469
8680.57,-72.884
8681.25,-71.660
8681.92,-71.435
8682.59,-72.589
8683.26,-72.144
8683.94,-71.555
8684.61,-71.190
8685.28,-71.895
8685.96,-70.743
8686.63,-70.035
8687.30,-70.978
8687.97,-71.210
8688.65,-71.125
8689.32,-72.138
8689.99,-71.144
8690.67,-70.424
8691.34,-70.429
8692.01,-71.924
8692.68,-72.335
8693.36,-71.307
8694.03,-71.606
8694.70,-72.520
8695.38,-70.167
8696.05,-72.048
8696.72,-71.507
8697.40,-69.393
8698.07,-70.436
8698.74,-69.392
8699.41,-70.856
8700.09,-72.387
8700.76,-70.834
8701.43,-70.531
8702.11,-71.184
8702.78,-70.094
8703.45,-70.771
8704.12,-71.726
8704.80,-71.156
8705.47,-69.201
8706.14,-70.682
8706.82,-71.741
8707.49,-72.378
8708.16,-71.315
8708.83,-72.508
8709.51,-70.605
8710.18,-70.117
8710.85,-69.797
8711.53,-69.192
8712.20,-69.389
8712.87,-69.991
8713.55,-68.767
8714.22,-70.772
8714.89,-70.678
8715.56,-71.476
8716.24,-70.332
8716.91,-69.424
8717.58,-69.759
8718.26,-69.613
8718.93,-69.898
8719.60,-70.504
8720.27,-70.861
8720.95,-70.882
8721.62,-70.403
8722.29,-70.991
8722.97,-69.773
8723.64,-69.825
8724.31,-69.771
8724.98,-69.260
8725.66,-69.325
8726.33,-69.028
8727.00,-69.171
8727.68,-69.844
8728.35,-68.645
8729.02,-68.607
8729.70,-70.338
8730.37,-68.533
8731.04,-69.560
8731.71,-69.063
8732.39,-68.371
8733.06,-69.535
8733.73,-68.098
8734.41,-67.781
8735.08,-68.679
8735.75,-68.401
8736.42,-70.007
8737.10,-68.538
8737.77,-70.247
8738.44,-70.172
8739.12,-68.911
8739.79,-69.864
8740.46,-69.498
8741.13,-69.809
8741.81,-69.424
8742.48,-68.877
8743.15,-67.257
8743.83,-69.040
8744.50,-68.312
8745.17,-69.217
8745.85,-69.447
8746.52,-70.516
8747.19,-70.363
8747.86,-70.648
8748.54,-70.013
8749.21,-69.493
8749.88,-67.251
8750.56,-69.175
8751.23,-68.881
8751.90,-70.559
8752.57,-67.866
8753.25,-69.131
8753.92,-69.790
8754.59,-70.427
8755.27,-69.389
8755.94,-69.849
8756.61,-68.912
8757.28,-69.239
8757.96,-69.066
8758.63,-68.673
8759.30,-69.036
8759.98,-70.670
8760.65,-70.557
8761.32,-68.579
8761.99,-68.269
8762.67,-69.501
8763.34,-68.952
8764.01,-69.149
8764.69,-70.316
8765.36,-69.333
8766.03,-69.575
8766.71,-69.153
8767.38,-69.639
8768.05,-68.546
8768.72,-70.133
8769.40,-69.818
8770.07,-70.853
8770.74,-70.268
8771.42,-70.130
8772.09,-70.463
8772.76,-70.419
8773.43,-70.121
8774.11,-70.384
8774.78,-70.551
8775.45,-69.952
8776.13,-68.973
8776.80,-69.417
8777.47,-70.077
8778.14,-70.312
8778.82,-69.956
8779.49,-70.971
8780.16,-70.815
8780.84,-70.210
8781.51,-70.707
8782.18,-70.470
8782.86,-71.270
8783.53,-71.203
8784.20,-70.760
8784.87,-72.324
8785.55,-69.590
8786.22,-70.335
8786.89,-70.765
8787.57,-70.011
8788.24,-71.928
8788.91,-68.918
8789.58,-70.209
8790.26,-70.965
8790.93,-71.504
8791.60,-70.898
8792.28,-72.133
8792.95,-71.016
8793.62,-71.922
8794.29,-70.209
8794.97,-70.320
8795.64,-72.206
8796.31,-70.193
8796.99,-72.131
8797.66,-71.329
8798.33,-71.167
8799.01,-71.987
8799.68,-70.327
8800.35,-71.220
8801.02,-70.537
8801.70,-70.952
8802.37,-71.312
8803.04,-72.461
8803.72,-72.450
8804.39,-70.935
8805.06,-71.676
8805.73,-70.950
8806.41,-71.700
8807.08,-71.764
8807.75,-71.668
8808.43,-71.568
8809.10,-71.583
8809.77,-70.982
8810.44,-70.732
8811.12,-71.758
8811.79,-72.180
8812.46,-72.203
8813.14,-72.642
8813.81,-71.548
8814.48,-74.267
8815.16,-71.387
8815.83,-71.038
8816.50,-71.727
8817.17,-72.821
8817.85,-71.824
8818.52,-71.834
8819.19,-72.233
8819.87,-71.825
8820.54,-70.989
8821.21,-71.415
8821.88,-72.588
8822.56,-71.785
8823.23,-73.375
8823.90,-72.772
8824.58,-73.273
8825.25,-71.842
8825.92,-71.963
8826.59,-72.087
8827.27,-72.911
8827.94,-71.932
8828.61,-73.397
8829.29,-72.214
8829.96,-72.237
8830.63,-72.397
8831.30,-72.017
8831.98,-73.421
8832.65,-71.931
8833.32,-73.098
8834.00,-74.588
8834.67,-72.515
8835.34,-72.616
8836.02,-74.314
8836.69,-72.396
8837.36,-73.059
8838.03,-72.383
8838.71,-74.388
8839.38,-74.032
8840.05,-72.600
8840.73,-74.869
8841.40,-74.450
8842.07,-72.957
8842.74,-73.087
8843.42,-73.077
8844.09,-73.976
8844.76,-75.939
8845.44,-74.374
8846.11,-73.744
8846.78,-72.828
8847.45,-72.919
8848.13,-75.161
8848.80,-73.175
8849.47,-73.392
8850.15,-73.611
8850.82,-72.711
8851.49,-75.138
8852.17,-74.860
8852.84,-74.221
8853.51,-75.204
8854.18,-75.709
8854.86,-75.408
8855.53,-75.194
8856.20,-74.320
8856.88,-73.542
8857.55,-74.178
8858.22,-74.758
8858.89,-73.932
8859.57,-74.306
8860.24,-73.863
8860.91,-74.956
8861.59,-75.115
8862.26,-73.990
8862.93,-73.955
8863.60,-75.186
8864.28,-73.875
8864.95,-74.493
8865.62,-74.950
8866.30,-74.908
8866.97,-75.385
8867.64,-74.977
8868.32,-75.043
8868.99,-74.187
8869.66,-74.289
8870.33,-74.268
8871.01,-73.656
8871.68,-73.629
8872.35,-75.451
8873.03,-75.062
8873.70,-75.466
8874.37,-74.485
8875.04,-75.812
8875.72,-75.650
8876.39,-75.021
8877.06,-74.554
8877.74,-74.145
8878.41,-74.796
8879.08,-75.178
8879.75,-75.109
8880.43,-73.904
8881.10,-73.675
8881.77,-73.030
8882.45,-75.026
8883.12,-75.946
8883.79,-76.616
8884.47,-75.136
8885.14,-74.474
8885.81,-75.622
8886.48,-76.036
8887.16,-77.260
8887.83,-77.163
8888.50,-75.808
8889.18,-76.342
8889.85,-77.253
8890.52,-76.587
8891.19,-77.465
8891.87,-76.407
8892.54,-76.766
8893.21,-76.216
8893.89,-77.554
8894.56,-76.004
8895.23,-76.113
8895.90,-74.995
8896.58,-77.109
8897.25,-77.868
8897.92,-76.030
8898.60,-75.318
8899.27,-75.767
8899.94,-75.079
8900.61,-74.809
8901.29,-75.483
8901.96,-76.123
8902.63,-75.167
8903.31,-75.972
8903.98,-77.247
8904.65,-74.562
8905.33,-76.513
8906.00,-75.274
8906.67,-74.519
8907.34,-75.690
8908.02,-76.339
8908.69,-75.588
8909.36,-75.820
8910.04,-76.765
8910.71,-76.236
8911.38,-75.269
8912.05,-75.513
8912.73,-76.914
8913.40,-76.595
8914.07,-75.945
8914.75,-76.174
8915.42,-76.589
8916.09,-76.799
8916.76,-76.808
8917.44,-74.812
8918.11,-74.317
8918.78,-76.537
8919.46,-75.538
8920.13,-75.765
8920.80,-77.959
8921.48,-76.864
8922.15,-77.008
8922.82,-76.245
8923.49,-76.104
8924.17,-76.879
8924.84,-75.249
8925.51,-76.341
8926.19,-75.942
8926.86,-77.122
8927.53,-76.067
8928.20,-75.082
8928.88,-76.772
8929.55,-75.904
8930.22,-75.964
8930.90,-76.643
8931.57,-75.925
8932.24,-75.684
8932.91,-76.261
8933.59,-77.175
8934.26,-77.351
8934.93,-76.995
8935.61,-77.310
8936.28,-76.699
8936.95,-77.462
8937.63,-77.744
8938.30,-77.588
8938.97,-78.085
8939.64,-77.494
8940.32,-77.567
8940.99,-78.937
8941.66,-76.888
8942.34,-77.121
8943.01,-75.742
8943.68,-76.218
8944.35,-77.422
8945.03,-76.508
8945.70,-77.109
8946.37,-77.296
8947.05,-77.301
8947.72,-77.405
8948.39,-76.905
8949.06,-78.247
8949.74,-78.091
8950.41,-77.148
8951.08,-75.255
8951.76,-77.351
8952.43,-76.859
8953.10,-76.798
8953.78,-77.763
8954.45,-77.986
8955.12,-78.340
8955.79,-77.977
8956.47,-77.187
8957.14,-78.084
8957.81,-78.807
8958.49,-77.149
8959.16,-76.092
8959.83,-76.416
8960.50,-77.334
8961.18,-75.822
8961.85,-76.638
8962.52,-76.769
8963.20,-76.450
8963.87,-77.600
8964.54,-76.859
8965.21,-76.470
8965.89,-76.883
8966.56,-76.942
8967.23,-78.401
8967.91,-77.527
8968.58,-77.664
8969.25,-78.526
8969.92,-77.501
8970.60,-77.021
8971.27,-78.339
8971.94,-76.961
8972.62,-77.483
8973.29,-78.594
8973.96,-77.276
8974.64,-78.174
8975.31,-78.470
8975.98,-75.955
8976.65,-77.141
8977.33,-77.657
8978.00,-77.352
8978.67,-77.459
8979.35,-77.490
8980.02,-77.530
8980.69,-76.508
8981.36,-78.073
8982.04,-77.427
8982.71,-75.834
8983.38,-77.787
8984.06,-78.432
8984.73,-77.668
8985.40,-78.286
8986.07,-78.247
8986.75,-77.512
8987.42,-76.195
8988.09,-77.523
8988.77,-76.953
8989.44,-77.787
8990.11,-76.616
8990.79,-76.583
8991.46,-76.558
8992.13,-78.431
8992.80,-77.171
8993.48,-76.309
8994.15,-76.449
8994.82,-77.528
8995.50,-79.491
8996.17,-78.073
8996.84,-77.662
8997.51,-78.044
8998.19,-76.774
8998.86,-77.597
8999.53,-77.572
9000.21,-77.773
9000.88,-78.928
9001.55,-78.530
9002.22,-76.332
9002.90,-77.672
9003.57,-77.465
9004.24,-77.567
9004.92,-78.112
9005.59,-79.047
9006.26,-78.175
9006.94,-78.714
9007.61,-77.276
9008.28,-79.564
9008.95,-77.590
9009.63,-77.258
9010.30,-77.691
9010.97,-76.456
9011.65,-77.704
9012.32,-79.258
9012.99,-77.385
9013.66,-76.805
9014.34,-77.411
9015.01,-78.038
9015.68,-78.807
9016.36,-75.939
9017.03,-78.513
9017.70,-78.687
9018.37,-77.420
9019.05,-77.614
9019.72,-75.214
9020.39,-77.413
9021.07,-77.563
9021.74,-77.617
9022.41,-77.999
9023.09,-77.481
9023.76,-78.402
9024.43,-78.050
9025.10,-78.352
9025.78,-77.819
9026.45,-76.877
9027.12,-78.439
9027.80,-78.449
9028.47,-77.298
9029.14,-78.416
9029.81,-79.112
9030.49,-77.923
9031.16,-78.462
9031.83,-80.306
9032.51,-78.817
9033.18,-76.734
9033.85,-79.019
9034.52,-78.381
9035.20,-78.337
9035.87,-77.821
9036.54,-77.501
9037.22,-76.913
9037.89,-77.747
9038.56,-77.838
9039.23,-78.487
9039.91,-78.358
9040.58,-78.243
9041.25,-76.658
9041.93,-77.412
9042.60,-76.520
9043.27,-76.821
9043.95,-77.496
9044.62,-77.777
9045.29,-77.385
9045.96,-78.562
9046.64,-76.895
9047.31,-76.692
9047.98,-79.564
9048.66,-78.321
9049.33,-78.004
9050.00,-77.106
9050.67,-78.233
9051.35,-77.585
9052.02,-78.198
9052.69,-79.509
9053.37,-79.184
9054.04,-78.617
9054.71,-78.355
9055.38,-78.997
9056.06,-78.281
9056.73,-78.248
9057.40,-77.259
9058.08,-77.428
9058.75,-78.684
9059.42,-77.317
9060.10,-78.368
9060.77,-78.514
9061.44,-79.007
9062.11,-78.053
9062.79,-77.535
9063.46,-77.460
9064.13,-79.160
9064.81,-77.211
9065.48,-78.462
9066.15,-77.847
9066.82,-78.760
9067.50,-78.535
9068.17,-78.064
9068.84,-79.329
9069.52,-78.266
9070.19,-77.018
9070.86,-78.059
9071.53,-78.851
9072.21,-78.530
9072.88,-77.269
9073.55,-77.691
9074.23,-77.174
9074.90,-78.438
9075.57,-79.154
9076.25,-78.463
9076.92,-80.489
9077.59,-79.043
9078.26,-77.639
9078.94,-76.668
9079.61,-79.064
9080.28,-77.718
9080.96,-77.710
9081.63,-78.236
9082.30,-78.719
9082.97,-77.353
9083.65,-76.708
9084.32,-76.616
9084.99,-78.622
9085.67,-77.343
9086.34,-77.180
9087.01,-77.662
9087.68,-76.913
9088.36,-77.294
9089.03,-77.357
9089.70,-76.867
9090.38,-77.656
9091.05,-77.385
9091.72,-78.177
9092.40,-77.989
9093.07,-77.521
9093.74,-77.610
9094.41,-77.403
9095.09,-78.968
9095.76,-77.749
9096.43,-76.412
9097.11,-77.938
9097.78,-77.500
9098.45,-78.567
9099.12,-77.371
9099.80,-76.931
9100.47,-76.176
9101.14,-77.761
9101.82,-78.950
9102.49,-77.491
9103.16,-77.461
9103.83,-77.368
9104.51,-77.365
9105.18,-77.287
9105.85,-76.715
9106.53,-77.008
9107.20,-79.006
9107.87,-77.047
9108.54,-78.973
9109.22,-76.807
9109.89,-76.784
9110.56,-77.559
9111.24,-76.825
9111.91,-76.953
9112.58,-77.095
9113.26,-77.239
9113.93,-77.315
9114.60,-78.889
9115.27,-77.583
9115.95,-76.433
9116.62,-77.639
9117.29,-77.937
9117.97,-76.540
9118.64,-77.990
9119.31,-76.813
9119.98,-76.678
9120.66,-77.901
9121.33,-77.597
9122.00,-79.186
9122.68,-77.220
9123.35,-77.431
9124.02,-77.061
9124.69,-77.432
9125.37,-77.964
9126.04,-77.673
9126.71,-77.958
9127.39,-76.687
9128.06,-77.897
9128.73,-76.429
9129.41,-76.958
9130.08,-77.941
9130.75,-77.303
9131.42,-77.443
9132.10,-78.152
9132.77,-78.145
9133.44,-77.770
9134.12,-77.345
9134.79,-77.438
9135.46,-78.098
9136.13,-77.284
9136.81,-77.305
9137.48,-76.896
9138.15,-77.025
9138.83,-76.695
9139.50,-77.489
9140.17,-76.029
9140.84,-76.555
9141.52,-77.033
9142.19,-77.675
9142.86,-77.791
9143.54,-77.298
9144.21,-78.037
9144.88,-76.567
9145.56,-77.710
9146.23,-78.396
9146.90,-75.770
9147.57,-78.137
9148.25,-77.078
9148.92,-76.799
9149.59,-76.923
9150.27,-76.707
9150.94,-76.801
9151.61,-78.161
9152.28,-77.202
9152.96,-77.928
9153.63,-78.184
9154.30,-78.055
9154.98,-77.344
9155.65,-77.466
9156.32,-76.794
9156.99,-76.445
9157.67,-76.216
9158.34,-77.556
9159.01,-78.477
9159.69,-77.567
9160.36,-76.515
9161.03,-76.608
9161.71,-77.611
9162.38,-76.904
9163.05,-76.999
9163.72,-77.244
9164.40,-77.811
9165.07,-78.236
9165.74,-78.634
9166.42,-76.574
9167.09,-78.641
9167.76,-77.544
9168.43,-77.818
9169.11,-77.565
9169.78,-76.716
9170.45,-75.856
9171.13,-76.990
9171.80,-78.404
9172.47,-77.117
9173.14,-77.308
9173.82,-77.299
9174.49,-77.143
9175.16,-78.078
9175.84,-77.991
9176.51,-76.812
9177.18,-76.295
9177.85,-77.324
9178.53,-77.088
9179.20,-76.282
9179.87,-76.714
9180.55,-77.030
9181.22,-75.668
9181.89,-76.681
9182.57,-74.868
9183.24,-76.635
9183.91,-77.433
9184.58,-79.012
9185.26,-77.085
9185.93,-78.175
9186.60,-78.362
9187.28,-76.770
9187.95,-76.972
9188.62,-77.092
9189.29,-76.197
9189.97,-77.522
9190.64,-77.946
9191.31,-77.571
9191.99,-77.064
9192.66,-76.811
9193.33,-76.655
9194.00,-76.666
9194.68,-76.856
9195.35,-77.397
9196.02,-76.930
9196.70,-76.268
9197.37,-76.360
9198.04,-77.880
9198.72,-77.560
9199.39,-78.548
9200.06,-77.057
9200.73,-77.242
9201.41,-77.415
9202.08,-77.032
9202.75,-75.377
9203.43,-76.794
9204.10,-76.930
9204.77,-77.743
9205.44,-77.354
9206.12,-78.377
9206.79,-76.769
9207.46,-77.858
9208.14,-77.534
9208.81,-77.649
9209.48,-76.997
9210.15,-77.022
9210.83,-76.872
9211.50,-76.951
9212.17,-77.278
9212.85,-76.571
9213.52,-76.507
9214.19,-76.859
9214.87,-77.358
9215.54,-77.078
9216.21,-76.888
9216.88,-78.047
9217.56,-77.214
9218.23,-77.290
9218.90,-78.431
9219.58,-77.917
9220.25,-77.799
9220.92,-77.181
9221.59,-77.253
9222.27,-77.401
9222.94,-78.919
9223.61,-77.910
9224.29,-78.731
9224.96,-77.438
9225.63,-77.525
9226.30,-78.522
9226.98,-78.977
9227.65,-79.145
9228.32,-77.784
9229.00,-77.075
9229.67,-79.212
9230.34,-78.463
9231.02,-77.936
9231.69,-76.821
9232.36,-78.254
9233.03,-76.998
9233.71,-77.632
9234.38,-77.016
9235.05,-76.946
9235.73,-77.537
9236.40,-79.118
9237.07,-76.780
9237.74,-77.026
9238.42,-76.886
9239.09,-77.552
9239.76,-78.136
9240.44,-78.323
9241.11,-76.752
9241.78,-77.907
9242.45,-78.582
9243.13,-77.819
9243.80,-77.528
9244.47,-76.905
9245.15,-77.401
9245.82,-77.247
9246.49,-76.900
9247.16,-78.242
9247.84,-78.658
9248.51,-79.775
9249.18,-78.273
9249.86,-77.432
9250.53,-78.089
9251.20,-78.513
9251.88,-77.996
9252.55,-78.315
9253.22,-77.541
9253.89,-78.430
9254.57,-78.871
9255.24,-79.037
9255.91,-78.617
9256.59,-78.992
9257.26,-78.907
9257.93,-78.610
9258.60,-78.196
9259.28,-78.381
9259.95,-78.536
9260.62,-78.683
9261.30,-78.303
9261.97,-78.764
9262.64,-78.512
9263.31,-77.986
9263.99,-79.220
9264.66,-78.021
9265.33,-77.076
9266.01,-77.657
9266.68,-78.473
9267.35,-78.448
9268.03,-77.670
9268.70,-78.689
9269.37,-79.041
9270.04,-78.209
9270.72,-79.590
9271.39,-78.408
9272.06,-79.568
9272.74,-78.956
9273.41,-78.209
9274.08,-78.437
9274.75,-78.379
9275.43,-80.761
9276.10,-80.188
9276.77,-80.098
9277.45,-78.156
9278.12,-77.454
9278.79,-77.650
9279.46,-77.895
9280.14,-77.947
9280.81,-78.684
9281.48,-79.200
9282.16,-79.507
9282.83,-80.611
9283.50,-79.497
9284.18,-77.987
9284.85,-78.263
9285.52,-79.225
9286.19,-80.051
9286.87,-79.254
9287.54,-81.850
9288.21,-80.064
9288.89,-79.932
9289.56,-80.408
9290.23,-79.850
9290.90,-78.597
9291.58,-79.388
9292.25,-78.744
9292.92,-79.628
9293.60,-81.170
9294.27,-79.636
9294.94,-78.705
9295.61,-78.870
9296.29,-79.951
9296.96,-78.740
9297.63,-79.255
9298.31,-79.435
9298.98,-78.780
9299.65,-79.642
9300.33,-80.074
9301.00,-79.346
9301.67,-80.180
9302.34,-79.912
9303.02,-78.735
9303.69,-79.756
9304.36,-79.776
9305.04,-79.336
9305.71,-79.746
9306.38,-81.391
9307.05,-80.257
9307.73,-80.340
9308.40,-80.351
9309.07,-80.801
9309.75,-79.259
9310.42,-78.714
9311.09,-80.817
9311.76,-81.241
9312.44,-82.688
9313.11,-80.833
9313.78,-81.316
9314.46,-80.874
9315.13,-81.770
9315.80,-80.556
9316.47,-79.966
9317.15,-80.319
9317.82,-81.302
9318.49,-80.621
9319.17,-80.579
9319.84,-81.018
9320.51,-81.328
9321.19,-81.968
9321.86,-80.987
9322.53,-81.660
9323.20,-82.093
9323.88,-81.564
9324.55,-80.753
9325.22,-81.041
9325.90,-81.923
9326.57,-81.236
9327.24,-80.049
9327.91,-80.918
9328.59,-81.084
9329.26,-81.172
9329.93,-80.964
9330.61,-80.782
9331.28,-80.864
9331.95,-80.500
9332.62,-81.620
9333.30,-81.672
9333.97,-80.421
9334.64,-80.469
9335.32,-82.415
9335.99,-81.556
9336.66,-81.954
9337.34,-80.482
9338.01,-80.859
9338.68,-81.070
9339.35,-81.413
9340.03,-81.786
9340.70,-81.596
9341.37,-82.281
9342.05,-81.190
9342.72,-81.838
9343.39,-82.022
9344.06,-82.237
9344.74,-80.875
9345.41,-81.782
9346.08,-81.950
9346.76,-81.829
9347.43,-82.818
9348.10,-83.855
9348.77,-82.461
9349.45,-81.867
9350.12,-81.594
9350.79,-82.550
9351.47,-83.269
9352.14,-81.453
9352.81,-81.583
9353.49,-81.197
9354.16,-81.560
9354.83,-82.285
9355.50,-83.542
9356.18,-82.311
9356.85,-81.627
9357.52,-82.607
9358.20,-81.500
9358.87,-82.086
9359.54,-80.794
9360.21,-81.017
9360.89,-82.573
9361.56,-80.503
9362.23,-82.351
9362.91,-81.729
9363.58,-82.847
9364.25,-81.230
9364.92,-82.369
9365.60,-82.258
9366.27,-81.836
9366.94,-84.443
9367.62,-82.496
9368.29,-83.100
9368.96,-82.387
9369.64,-82.457
9370.31,-83.039
9370.98,-82.754
9371.65,-83.016
9372.33,-83.474
9373.00,-83.160
9373.67,-83.205
9374.35,-82.693
9375.02,-83.849
9375.69,-82.921
9376.36,-82.544
9377.04,-81.976
9377.71,-83.165
9378.38,-83.301
9379.06,-83.192
9379.73,-83.406
9380.40,-83.487
9381.07,-83.041
9381.75,-83.454
9382.42,-84.412
9383.09,-84.370
9383.77,-84.496
9384.44,-82.491
9385.11,-83.258
9385.78,-83.053
9386.46,-82.853
9387.13,-82.974
9387.80,-84.165
9388.48,-83.510
9389.15,-84.227
9389.82,-83.732
9390.50,-82.782
9391.17,-83.897
9391.84,-83.730
9392.51,-84.153
9393.19,-85.559
9393.86,-83.299
9394.53,-83.523
9395.21,-84.852
9395.88,-83.604
9396.55,-83.411
9397.22,-84.351
9397.90,-84.688
9398.57,-83.573
9399.24,-84.198
9399.92,-84.384
9400.59,-84.143
9401.26,-84.623
9401.93,-84.100
9402.61,-83.780
9403.28,-84.796
9403.95,-85.037
9404.63,-83.872
9405.30,-84.190
9405.97,-85.102
9406.65,-84.836
9407.32,-85.086
9407.99,-85.149
9408.66,-84.017
9409.34,-84.855
9410.01,-83.521
9410.68,-83.663
9411.36,-83.516
9412.03,-83.722
9412.70,-82.937
9413.37,-84.177
9414.05,-85.107
9414.72,-84.785
9415.39,-84.525
9416.07,-84.336
9416.74,-84.866
9417.41,-84.641
9418.08,-83.332
9418.76,-84.780
9419.43,-83.951
9420.10,-84.560
9420.78,-84.407
9421.45,-84.588
9422.12,-84.455
9422.80,-85.131
9423.47,-84.942
9424.14,-84.118
9424.81,-84.073
9425.49,-84.756
9426.16,-84.030
9426.83,-85.464
9427.51,-85.615
9428.18,-83.933
9428.85,-84.586
9429.52,-85.083
9430.20,-84.338
9430.87,-85.958
9431.54,-85.919
9432.22,-85.124
9432.89,-85.842
9433.56,-85.221
9434.23,-83.693
9434.91,-84.826
9435.58,-84.530
9436.25,-85.399
9436.93,-85.189
9437.60,-85.062
9438.27,-84.596
9438.95,-85.718
9439.62,-83.840
9440.29,-85.346
9440.96,-84.159
9441.64,-85.369
9442.31,-85.114
9442.98,-85.406
9443.66,-86.195
9444.33,-85.357
9445.00,-85.966
9445.67,-85.976
9446.35,-85.591
9447.02,-85.024
9447.69,-86.579
9448.37,-85.919
9449.04,-84.956
9449.71,-85.762
9450.38,-85.537
9451.06,-84.962
9451.73,-85.668
9452.40,-86.732
9453.08,-86.712
9453.75,-85.793
9454.42,-86.454
9455.09,-85.179
9455.77,-85.555
9456.44,-86.521
9457.11,-86.156
9457.79,-87.069
9458.46,-85.222
9459.13,-84.789
9459.81,-84.735
9460.48,-87.867
9461.15,-85.817
9461.82,-87.583
9462.50,-85.994
9463.17,-86.101
9463.84,-85.653
9464.52,-84.928
9465.19,-85.837
9465.86,-87.100
9466.53,-86.696
9467.21,-85.081
9467.88,-87.760
9468.55,-85.937
9469.23,-85.087
9469.90,-86.557
9470.57,-85.797
9471.24,-86.002
9471.92,-85.463
9472.59,-86.171
9473.26,-85.034
9473.94,-86.212
9474.61,-85.936
9475.28,-87.736
9475.96,-85.520
9476.63,-86.051
9477.30,-85.046
9477.97,-87.502
9478.65,-87.648
9479.32,-86.773
9479.99,-88.270
9480.67,-87.145
9481.34,-86.839
9482.01,-85.562
9482.68,-85.855
9483.36,-86.686
9484.03,-85.396
9484.70,-88.482
9485.38,-86.242
9486.05,-87.536
9486.72,-86.963
9487.39,-85.584
9488.07,-86.296
9488.74,-87.232
9489.41,-86.994
9490.09,-87.060
9490.76,-87.477
9491.43,-86.931
9492.11,-87.421
9492.78,-87.481
9493.45,-86.868
9494.12,-86.747
9494.80,-87.202
9495.47,-87.211
9496.14,-87.766
9496.82,-88.123
9497.49,-86.508
9498.16,-86.778
9498.83,-87.034
9499.51,-85.967
9500.18,-86.907
9500.85,-86.495
9501.53,-87.087
9502.20,-87.918
9502.87,-88.606
9503.54,-86.230
9504.22,-88.649
9504.89,-88.549
9505.56,-87.551
9506.24,-87.668
9506.91,-87.976
9507.58,-87.154
9508.26,-86.765
9508.93,-87.482
9509.60,-87.740
9510.27,-88.859
9510.95,-88.606
9511.62,-87.165
9512.29,-87.844
9512.97,-88.186
9513.64,-88.021
9514.31,-87.370
9514.98,-87.368
9515.66,-87.973
9516.33,-88.005
9517.00,-86.814
9517.68,-87.931
9518.35,-86.865
9519.02,-88.658
9519.69,-88.207
9520.37,-88.781
9521.04,-89.116
9521.71,-90.038
9522.39,-88.236
9523.06,-89.086
9523.73,-87.017
9524.40,-87.359
9525.08,-86.625
9525.75,-86.694
9526.42,-89.441
9527.10,-88.920
9527.77,-87.927
9528.44,-87.577
9529.12,-88.890
9529.79,-88.302
9530.46,-88.190
9531.13,-87.764
9531.81,-88.275
9532.48,-87.879
9533.15,-88.744
9533.83,-90.352
9534.50,-89.825
9535.17,-90.198
9535.84,-89.005
9536.52,-88.647
9537.19,-89.631
9537.86,-89.027
9538.54,-88.248
9539.21,-89.454
9539.88,-89.546
9540.55,-90.312
9541.23,-90.358
9541.90,-90.064
9542.57,-88.964
9543.25,-89.223
9543.92,-89.546
9544.59,-88.842
9545.27,-89.229
9545.94,-89.635
9546.61,-88.880
9547.28,-89.433
9547.96,-89.015
9548.63,-90.700
9549.30,-88.619
9549.98,-87.992
9550.65,-89.634
9551.32,-89.882
9551.99,-89.679
9552.67,-89.242
9553.34,-89.216
9554.01,-90.581
9554.69,-90.389
9555.36,-89.495
9556.03,-90.076
9556.70,-88.577
9557.38,-89.463
9558.05,-88.965
9558.72,-88.120
9559.40,-88.690
9560.07,-90.209
9560.74,-90.388
9561.42,-90.684
9562.09,-90.448
9562.76,-89.523
9563.43,-89.792
9564.11,-88.702
9564.78,-89.216
9565.45,-90.282
9566.13,-91.234
9566.80,-90.271
9567.47,-89.881
9568.14,-90.929
9568.82,-90.991
9569.49,-90.512
9570.16,-89.863
9570.84,-90.542
9571.51,-89.700
9572.18,-89.539
9572.85,-89.677
9573.53,-90.237
9574.20,-90.769
9574.87,-90.298
9575.55,-90.757
9576.22,-89.545
9576.89,-90.895
9577.57,-91.381
9578.24,-91.524
9578.91,-90.692
9579.58,-90.868
9580.26,-90.943
9580.93,-90.718
9581.60,-90.272
9582.28,-91.533
9582.95,-89.886
9583.62,-91.562
9584.29,-90.767
9584.97,-90.494
9585.64,-89.240
9586.31,-89.737
9586.99,-90.343
9587.66,-90.992
9588.33,-90.260
9589.00,-91.236
9589.68,-90.535
9590.35,-90.884
9591.02,-91.112
9591.70,-90.301
9592.37,-90.955
9593.04,-91.144
9593.71,-89.013
9594.39,-91.283
9595.06,-92.378
9595.73,-92.196
9596.41,-91.762
9597.08,-91.387
9597.75,-91.213
9598.43,-91.031
9599.10,-93.112
9599.77,-90.486
9600.44,-92.300
9601.12,-89.859
9601.79,-92.602
9602.46,-91.928
9603.14,-91.808
9603.81,-92.309
9604.48,-92.398
9605.15,-91.213
9605.83,-90.098
9606.50,-91.863
9607.17,-90.538
9607.85,-90.040
9608.52,-91.334
9609.19,-91.913
9609.86,-92.139
9610.54,-93.043
9611.21,-91.724
9611.88,-92.378
9612.56,-93.101
9613.23,-92.566
9613.90,-92.378
9614.58,-92.819
9615.25,-91.114
9615.92,-93.745
9616.59,-92.453
9617.27,-92.256
9617.94,-93.856
9618.61,-92.636
9619.29,-92.150
9619.96,-92.752
9620.63,-93.191
9621.30,-92.503
9621.98,-92.708
9622.65,-93.153
9623.32,-94.190
9624.00,-92.479
9624.67,-92.411
9625.34,-94.035
9626.01,-93.426
9626.69,-92.321
9627.36,-93.369
9628.03,-91.684
9628.71,-91.644
9629.38,-93.062
9630.05,-93.343
9630.73,-92.406
9631.40,-93.229
9632.07,-92.596
9632.74,-91.108
9633.42,-93.088
9634.09,-93.153
9634.76,-92.280
9635.44,-93.619
9636.11,-92.868
9636.78,-93.197
9637.45,-93.831
9638.13,-93.299
9638.80,-93.987
9639.47,-93.093
9640.15,-93.055
9640.82,-94.316
9641.49,-94.825
9642.16,-95.040
9642.84,-94.538
9643.51,-94.200
9644.18,-94.124
9644.86,-95.597
9645.53,-94.606
9646.20,-93.974
9646.88,-93.547
9647.55,-93.662
9648.22,-93.215
9648.89,-94.570
9649.57,-95.161
9650.24,-94.218
9650.91,-92.625
9651.59,-93.609
9652.26,-94.020
9652.93,-94.302
9653.60,-93.529
9654.28,-95.301
9654.95,-94.137
9655.62,-94.349
9656.30,-95.786
9656.97,-96.020
9657.64,-96.038
9658.31,-95.112
9658.99,-95.402
9659.66,-95.020
9660.33,-94.619
9661.01,-94.738
9661.68,-94.597
9662.35,-94.530
9663.02,-94.845
9663.70,-95.578
9664.37,-94.967
9665.04,-94.600
9665.72,-94.733
9666.39,-94.579
9667.06,-94.278
9667.74,-94.554
9668.41,-96.053
9669.08,-95.341
9669.75,-96.374
9670.43,-96.073
9671.10,-95.457
9671.77,-92.902
9672.45,-94.949
9673.12,-96.396
9673.79,-96.867
9674.46,-97.541
9675.14,-97.491
9675.81,-94.427
9676.48,-94.548
9677.16,-95.878
9677.83,-96.218
9678.50,-95.962
9679.17,-95.818
9679.85,-96.171
9680.52,-97.274
9681.19,-95.610
9681.87,-95.694
9682.54,-95.751
9683.21,-95.740
9683.89,-96.707
9684.56,-96.164
9685.23,-96.234
9685.90,-96.183
9686.58,-95.900
9687.25,-96.061
9687.92,-97.407
9688.60,-96.613
9689.27,-95.517
9689.94,-95.731
9690.61,-95.834
9691.29,-97.450
9691.96,-97.573
9692.63,-96.292
9693.31,-96.088
9693.98,-96.870
9694.65,-97.062
9695.32,-96.527
9696.00,-96.382
9696.67,-96.879
9697.34,-95.053
9698.02,-97.228
9698.69,-97.454
9699.36,-96.131
9700.04,-96.274
9700.71,-97.929
9701.38,-98.214
9702.05,-99.060
9702.73,-97.416
9703.40,-97.101
9704.07,-97.305
9704.75,-97.365
9705.42,-96.573
9706.09,-97.334
9706.76,-96.300
9707.44,-98.540
9708.11,-98.189
9708.78,-98.436
9709.46,-96.767
9710.13,-96.991
9710.80,-97.983
9711.47,-97.603
9712.15,-97.083
9712.82,-98.328
9713.49,-97.067
9714.17,-98.376
9714.84,-97.316
9715.51,-97.688
9716.18,-98.560
9716.86,-97.995
9717.53,-98.173
9718.20,-99.536
9718.88,-99.442
9719.55,-99.140
9720.22,-99.458
9720.90,-98.879
9721.57,-99.823
9722.24,-98.868
9722.91,-98.101
9723.59,-99.547
9724.26,-99.656
9724.93,-97.961
9725.61,-98.940
9726.28,-98.248
9726.95,-98.484
9727.62,-97.893
9728.30,-99.282
9728.97,-99.206
9729.64,-99.109
9730.32,-98.844
9730.99,-98.485
9731.66,-98.461
9732.33,-99.203
9733.01,-98.571
9733.68,-100.689
9734.35,-100.552
9735.03,-99.643
9735.70,-99.970
9736.37,-99.487
9737.05,-99.089
9737.72,-98.846
9738.39,-99.627
9739.06,-100.725
9739.74,-99.594
9740.41,-98.961
9741.08,-99.769
9741.76,-99.495
9742.43,-100.632
9743.10,-98.495
9743.77,-99.662
9744.45,-98.804
9745.12,-98.957
9745.79,-100.484
9746.47,-100.784
9747.14,-100.179
9747.81,-100.128
9748.48,-99.853
9749.16,-100.400
9749.83,-99.949
9750.50,-100.962
9751.18,-99.344
9751.85,-100.963
9752.52,-100.884
9753.20,-100.259
9753.87,-99.984
9754.54,-100.859
9755.21,-100.866
9755.89,-99.994
9756.56,-100.074
9757.23,-100.938
9757.91,-100.338
9758.58,-100.741
9759.25,-99.563
9759.92,-101.260
9760.60,-101.087
9761.27,-100.239
9761.94,-100.005
9762.62,-101.069
9763.29,-101.074
9763.96,-101.214
9764.63,-100.764
9765.31,-100.408
9765.98,-100.950
9766.65,-101.266
9767.33,-100.715
9768.00,-100.504
9768.67,-99.491
9769.35,-102.360
9770.02,-102.705
9770.69,-102.759
9771.36,-101.170
9772.04,-101.003
9772.71,-101.149
9773.38,-101.256
9774.06,-101.953
9774.73,-101.440
9775.40,-101.510
9776.07,-101.068
9776.75,-101.112
9777.42,-102.326
9778.09,-101.985
9778.77,-102.553
9779.44,-101.694
9780.11,-102.218
9780.78,-102.569
9781.46,-102.217
9782.13,-103.299
9782.80,-101.227
9783.48,-101.542
9784.15,-101.418
9784.82,-101.650
9785.49,-101.864
9786.17,-101.371
9786.84,-101.187
9787.51,-102.477
9788.19,-102.968
9788.86,-102.173
9789.53,-102.661
9790.21,-101.871
9790.88,-101.873
9791.55,-102.108
9792.22,-101.902
9792.90,-101.981
9793.57,-101.213
9794.24,-103.165
9794.92,-101.928
9795.59,-101.791
9796.26,-103.195
9796.93,-103.853
9797.61,-103.237
9798.28,-102.914
9798.95,-103.158
9799.63,-101.979
9800.30,-103.287
9800.97,-102.264
9801.64,-101.130
9802.32,-102.896
9802.99,-101.540
9803.66,-102.294
9804.34,-103.329
9805.01,-102.322
9805.68,-103.247
9806.36,-102.864
9807.03,-102.807
9807.70,-104.314
9808.37,-103.232
9809.05,-102.757
9809.72,-101.642
9810.39,-102.255
9811.07,-101.585
9811.74,-102.625
9812.41,-103.467
9813.08,-104.149
9813.76,-103.342
9814.43,-103.317
9815.10,-102.633
9815.78,-103.917
9816.45,-104.115
9817.12,-103.434
9817.79,-103.283
9818.47,-102.706
9819.14,-103.555
9819.81,-103.111
9820.49,-103.826
9821.16,-103.176
9821.83,-104.265
9822.51,-103.844
9823.18,-104.166
9823.85,-103.741
9824.52,-102.789
9825.20,-103.220
9825.87,-103.769
9826.54,-102.855
9827.22,-103.338
9827.89,-103.494
9828.56,-104.522
9829.23,-103.602
9829.91,-103.361
9830.58,-103.141
9831.25,-103.932
9831.93,-102.514
9832.60,-103.634
9833.27,-103.640
9833.94,-103.596
9834.62,-104.270
9835.29,-103.265
9835.96,-103.612
9836.64,-104.266
9837.31,-104.979
9837.98,-104.031
9838.66,-104.087
9839.33,-104.103
9840.00,-103.984
9840.67,-104.337
9841.35,-103.530
9842.02,-103.135
9842.69,-103.853
9843.37,-104.399
9844.04,-104.303
9844.71,-104.697
9845.38,-104.665
9846.06,-103.997
9846.73,-103.652
9847.40,-103.745
9848.08,-105.525
9848.75,-104.403
9849.42,-104.992
9850.09,-105.053
9850.77,-105.439
9851.44,-105.261
9852.11,-104.729
9852.79,-105.087
9853.46,-105.197
9854.13,-104.932
9854.80,-105.859
9855.48,-104.886
9856.15,-104.593
9856.82,-103.949
9857.50,-104.374
9858.17,-105.188
9858.84,-104.789
9859.52,-106.125
9860.19,-104.875
9860.86,-104.851
9861.53,-104.087
9862.21,-103.826
9862.88,-104.656
9863.55,-104.025
9864.23,-104.445
9864.90,-104.785
9865.57,-104.542
9866.24,-104.374
9866.92,-104.661
9867.59,-104.409
9868.26,-104.889
9868.94,-104.166
9869.61,-104.564
9870.28,-104.565
9870.95,-105.601
9871.63,-104.047
9872.30,-105.450
9872.97,-104.039
9873.65,-104.591
9874.32,-105.979
9874.99,-104.953
9875.67,-104.796
9876.34,-103.363
9877.01,-105.115
9877.68,-104.842
9878.36,-105.007
9879.03,-105.744
9879.70,-104.714
9880.38,-106.138
9881.05,-105.709
9881.72,-105.333
9882.39,-104.842
9883.07,-105.511
9883.74,-104.508
9884.41,-106.309
9885.09,-105.016
9885.76,-104.853
9886.43,-106.601
9887.10,-105.058
9887.78,-104.699
9888.45,-105.468
9889.12,-104.804
9889.80,-105.878
9890.47,-106.465
9891.14,-105.465
9891.82,-106.090
9892.49,-103.830
9893.16,-106.618
9893.83,-106.150
9894.51,-105.071
9895.18,-106.365
9895.85,-105.826
9896.53,-105.833
9897.20,-105.877
9897.87,-106.953
9898.54,-106.312
9899.22,-106.387
9899.89,-105.681
9900.56,-105.601
9901.24,-106.256
9901.91,-105.666
9902.58,-105.197
9903.25,-106.126
9903.93,-104.930
9904.60,-106.564
9905.27,-106.506
9905.95,-106.203
9906.62,-105.870
9907.29,-106.220
9907.97,-105.305
9908.64,-106.283
9909.31,-105.792
9909.98,-105.573
9910.66,-106.762
9911.33,-106.413
9912.00,-107.498
9912.68,-105.432
9913.35,-105.581
9914.02,-106.392
9914.69,-107.473
9915.37,-106.099
9916.04,-107.099
9916.71,-105.959
9917.39,-105.798
9918.06,-105.656
9918.73,-106.907
9919.40,-106.269
9920.08,-106.197
9920.75,-107.298
9921.42,-107.156
9922.10,-106.591
9922.77,-107.840
9923.44,-105.975
9924.11,-106.117
9924.79,-106.221
9925.46,-106.588
9926.13,-106.679
9926.81,-106.377
9927.48,-107.776
9928.15,-107.267
9928.83,-106.867
9929.50,-107.885
9930.17,-106.777
9930.84,-106.762
9931.52,-106.978
9932.19,-106.826
9932.86,-107.034
9933.54,-106.430
9934.21,-107.247
9934.88,-107.390
9935.55,-106.519
9936.23,-106.465
9936.90,-106.846
9937.57,-106.136
9938.25,-106.493
9938.92,-106.284
9939.59,-106.686
9940.26,-106.641
9940.94,-106.845
9941.61,-106.758
9942.28,-107.179
9942.96,-107.516
9943.63,-107.482
9944.30,-108.259
9944.98,-106.768
9945.65,-106.890
9946.32,-107.387
9946.99,-107.212
9947.67,-107.122
9948.34,-107.260
9949.01,-107.547
9949.69,-107.172
9950.36,-106.376
9951.03,-106.568
9951.70,-106.873
9952.38,-107.315
9953.05,-106.963
9953.72,-107.117
9954.40,-107.339
9955.07,-107.674
9955.74,-107.739
9956.41,-107.040
9957.09,-107.456
9957.76,-107.598
9958.43,-107.395
9959.11,-106.643
9959.78,-107.746
9960.45,-107.995
9961.13,-106.825
9961.80,-107.128
9962.47,-107.700
9963.14,-107.634
9963.82,-108.526
9964.49,-108.658
9965.16,-107.564
9965.84,-107.628
9966.51,-106.752
9967.18,-107.912
9967.85,-107.197
9968.53,-106.771
9969.20,-107.706
9969.87,-107.721
9970.55,-107.390
9971.22,-108.177
9971.89,-108.495
9972.56,-108.265
9973.24,-108.880
9973.91,-108.333
9974.58,-108.249
9975.26,-108.431
9975.93,-107.531
9976.60,-107.714
9977.28,-108.413
9977.95,-107.456
9978.62,-107.521
9979.29,-107.958
9979.97,-109.218
9980.64,-108.475
9981.31,-107.139
9981.99,-108.114
9982.66,-107.718
9983.33,-109.096
9984.00,-108.556
9984.68,-108.074
9985.35,-107.844
9986.02,-108.430
9986.70,-108.749
9987.37,-108.126
9988.04,-107.947
9988.71,-108.906
9989.39,-107.882
9990.06,-108.194
9990.73,-107.990
9991.41,-109.039
9992.08,-108.915
9992.75,-108.534
9993.42,-108.759
9994.10,-108.265
9994.77,-108.419
9995.44,-108.436
9996.12,-108.178
9996.79,-108.525
9997.46,-108.782
9998.14,-108.806
9998.81,-108.787
9999.48,-109.209
10000.15,-108.625
10000.83,-108.927
10001.50,-108.846
10002.17,-108.928
10002.85,-108.369
10003.52,-108.159
10004.19,-108.551
10004.86,-108.900
10005.54,-109.134
10006.21,-108.750
10006.88,-109.677
10007.56,-109.481
10008.23,-108.674
10008.90,-109.904
10009.57,-109.314
10010.25,-109.581
10010.92,-109.391
10011.59,-108.980
10012.27,-109.616
10012.94,-108.712
10013.61,-109.377
10014.29,-109.263
10014.96,-108.991
10015.63,-108.740
10016.30,-109.228
10016.98,-108.932
10017.65,-108.790
10018.32,-109.637
10019.00,-109.494
10019.67,-109.905
10020.34,-109.391
10021.01,-108.833
10021.69,-108.821
10022.36,-109.385
10023.03,-109.681
10023.71,-108.998
10024.38,-109.264
10025.05,-109.268
10025.72,-109.244
10026.40,-109.014
10027.07,-109.845
10027.74,-109.483
10028.42,-109.414
10029.09,-109.338
10029.76,-110.380
10030.44,-109.071
10031.11,-109.591
10031.78,-109.897
10032.45,-109.386
10033.13,-109.800
10033.80,-110.266
10034.47,-109.584
10035.15,-109.454
10035.82,-109.939
10036.49,-109.619
10037.16,-109.475
10037.84,-110.133
10038.51,-109.677
10039.18,-109.198
10039.86,-109.623
10040.53,-109.522
10041.20,-109.741
10041.87,-109.844
10042.55,-109.901
10043.22,-109.759
10043.89,-110.136
10044.57,-109.933
10045.24,-109.722
10045.91,-109.880
10046.59,-109.661
10047.26,-109.748
10047.93,-109.889
10048.60,-110.342
10049.28,-109.725
10049.95,-109.452
10050.62,-109.969
10051.30,-109.986
10051.97,-109.651
10052.64,-109.934
10053.31,-110.157
10053.99,-110.066
10054.66,-110.158
10055.33,-110.316
10056.01,-110.198
10056.68,-110.174
10057.35,-109.987
10058.02,-110.126
10058.70,-110.621
10059.37,-109.953
10060.04,-110.002
10060.72,-110.067
10061.39,-110.597
10062.06,-110.344
10062.73,-109.926
10063.41,-110.366
10064.08,-109.955
10064.75,-110.059
10065.43,-110.150
10066.10,-110.375
10066.77,-110.332
10067.45,-110.357
10068.12,-110.150
10068.79,-110.797
10069.46,-110.144
10070.14,-110.318
10070.81,-110.549
10071.48,-110.509
10072.16,-110.746
10072.83,-110.470
10073.50,-110.679
10074.17,-110.442
10074.85,-110.514
10075.52,-110.256
10076.19,-110.605
10076.87,-110.357
10077.54,-110.635
10078.21,-109.886
10078.88,-110.507
10079.56,-110.658
10080.23,-110.453
10080.90,-110.989
10081.58,-110.547
10082.25,-110.482
10082.92,-110.304
10083.60,-110.347
10084.27,-110.815
10084.94,-110.590
10085.61,-110.682
10086.29,-110.730
10086.96,-110.580
10087.63,-110.412
10088.31,-110.752
10088.98,-110.287
10089.65,-110.593
10090.32,-110.163
10091.00,-110.543
10091.67,-110.448
10092.34,-110.506
10093.02,-110.993
10093.69,-110.934
10094.36,-110.826
10095.03,-110.773
10095.71,-110.545
10096.38,-110.958
10097.05,-110.846
10097.73,-110.559
10098.40,-110.694
10099.07,-110.466
10099.75,-110.916
10100.42,-110.618
10101.09,-110.665
10101.76,-110.559
10102.44,-110.591
10103.11,-110.267
10103.78,-110.964
10104.46,-110.623
10105.13,-110.627
10105.80,-110.916
10106.47,-110.861
10107.15,-110.532
10107.82,-110.601
10108.49,-110.979
10109.17,-110.874
10109.84,-110.865
10110.51,-110.733
10111.18,-110.876
10111.86,-111.103
10112.53,-110.864
10113.20,-110.864
10113.88,-110.620
10114.55,-110.590
10115.22,-110.869
10115.90,-110.828
10116.57,-110.669
10117.24,-110.698
10117.91,-110.597
10118.59,-110.679
10119.26,-110.880
10119.93,-110.788
10120.61,-110.601
10121.28,-110.722
10121.95,-110.815
10122.62,-111.091
10123.30,-110.905
10123.97,-110.926
10124.64,-110.713
10125.32,-110.854
10125.99,-111.003
10126.66,-110.848
10127.33,-110.944
10128.01,-110.866
10128.68,-111.016
10129.35,-111.238
10130.03,-111.048
10130.70,-110.990
10131.37,-111.099
10132.04,-111.074
10132.72,-110.793
10133.39,-111.019
10134.06,-110.918
10134.74,-110.878
10135.41,-110.989
10136.08,-110.961
10136.76,-111.002
10137.43,-111.020
10138.10,-111.041
10138.77,-110.838
10139.45,-110.894
10140.12,-110.975
10140.79,-110.886
10141.47,-110.933
10142.14,-111.043
10142.81,-111.102
10143.48,-110.864
10144.16,-110.939
10144.83,-111.005
10145.50,-111.030
10146.18,-111.133
10146.85,-110.936
10147.52,-111.080
10148.19,-111.079
10148.87,-110.964
10149.54,-110.971
10150.21,-111.115
10150.89,-111.031
10151.56,-110.963
10152.23,-110.969
10152.91,-111.059
10153.58,-111.082
10154.25,-111.008
10154.92,-110.968
10155.60,-111.059
10156.27,-110.937
10156.94,-111.063
10157.62,-110.917
10158.29,-111.057
10158.96,-110.903
10159.63,-111.021
10160.31,-111.043
10160.98,-110.996
10161.65,-110.995
10162.33,-111.007
10163.00,-110.984
10163.67,-111.007
10164.34,-111.144
10165.02,-111.063
10165.69,-110.835
10166.36,-110.974
10167.04,-111.081
10167.71,-111.022
10168.38,-111.030
10169.06,-111.068
10169.73,-111.127
10170.40,-110.943
10171.07,-111.030
10171.75,-110.969
10172.42,-111.007
10173.09,-111.095
10173.77,-110.978
10174.44,-110.999
10175.11,-111.174
10175.78,-111.075
10176.46,-111.005
10177.13,-110.960
10177.80,-110.986
10178.48,-111.114
10179.15,-111.084
10179.82,-110.958
10180.49,-111.115
10181.17,-111.071
10181.84,-111.008
10182.51,-111.034
10183.19,-111.022
10183.86,-111.097
10184.53,-111.109
10185.21,-111.124
10185.88,-111.021
10186.55,-111.138
10187.22,-111.084
10187.90,-111.094
10188.57,-111.018
10189.24,-111.130
10189.92,-111.103
10190.59,-111.064
10191.26,-111.074
10191.93,-111.060
10192.61,-111.146
10193.28,-111.094
10193.95,-111.110
10194.63,-111.109
10195.30,-111.047
10195.97,-111.038
10196.64,-111.040
10197.32,-111.132
10197.99,-111.024
10198.66,-110.999
10199.34,-111.132
10200.01,-111.167
10200.68,-111.026
10201.35,-111.050
10202.03,-111.145
10202.70,-111.124
10203.37,-111.043
10204.05,-111.038
10204.72,-111.209
10205.39,-111.127
10206.07,-110.988
10206.74,-111.047
10207.41,-111.102
10208.08,-111.087
10208.76,-111.109
10209.43,-111.046
10210.10,-111.137
10210.78,-111.166
10211.45,-111.145
10212.12,-111.097
10212.79,-111.095
10213.47,-111.097
10214.14,-111.162
10214.81,-111.170
10215.49,-111.122
10216.16,-111.129
10216.83,-111.155
10217.50,-111.119
10218.18,-111.105
10218.85,-111.110
10219.52,-111.079
10220.20,-111.117
10220.87,-111.065
10221.54,-111.120
10222.22,-111.161
10222.89,-111.079
10223.56,-111.206
10224.23,-111.115
10224.91,-111.161
10225.58,-111.103
10226.25,-111.083
10226.93,-111.131
10227.60,-111.101
10228.27,-111.112
10228.94,-111.110
10229.62,-111.172
10230.29,-111.158
10230.96,-111.177
10231.64,-111.120
10232.31,-111.150
10232.98,-111.118
10233.65,-111.146
10234.33,-111.138
10235.00,-111.159
10235.67,-111.101
10236.35,-111.156
10237.02,-111.137
10237.69,-111.097
10238.37,-111.145
10239.04,-111.135
10239.71,-111.189
10240.38,-111.126
10241.06,-111.098
10241.73,-111.121
10242.40,-111.168
10243.08,-111.151
10243.75,-111.169
10244.42,-111.113
10245.09,-111.164
10245.77,-111.149
10246.44,-111.122
10247.11,-111.127
10247.79,-111.181
10248.46,-111.162
10249.13,-111.127
10249.80,-111.154
10250.48,-111.160
10251.15,-111.152
10251.82,-111.182
10252.50,-111.204
10253.17,-111.199
10253.84,-111.139
10254.52,-111.130
10255.19,-111.143
10255.86,-111.146
10256.53,-111.174
10257.21,-111.202
10257.88,-111.233
10258.55,-111.170
10259.23,-111.175
10259.90,-111.135
10260.57,-111.169
10261.24,-111.157
10261.92,-111.181
10262.59,-111.163
10263.26,-111.163
10263.94,-111.179
10264.61,-111.164
10265.28,-111.181
10265.95,-111.183
10266.63,-111.176
10267.30,-111.113
10267.97,-111.180
10268.65,-111.124
10269.32,-111.182
10269.99,-111.167
10270.66,-111.169
10271.34,-111.173
10272.01,-111.153
10272.68,-111.149
10273.36,-111.169
10274.03,-111.187
10274.70,-111.224
10275.38,-111.165
10276.05,-111.181
10276.72,-111.192
10277.39,-111.185
10278.07,-111.172
10278.74,-111.165
10279.41,-111.171
10280.09,-111.190
10280.76,-111.190
10281.43,-111.160
10282.10,-111.184
10282.78,-111.147
10283.45,-111.168
10284.12,-111.202
10284.80,-111.218
10285.47,-111.186
10286.14,-111.177
10286.81,-111.184
10287.49,-111.157
10288.16,-111.204
10288.83,-111.175
10289.51,-111.200
10290.18,-111.167
10290.85,-111.186
10291.53,-111.206
10292.20,-111.189
10292.87,-111.198
10293.54,-111.227
10294.22,-111.169
10294.89,-111.190
10295.56,-111.161
10296.24,-111.151
10296.91,-111.211
10297.58,-111.225
10298.25,-111.204
10298.93,-111.203
10299.60,-111.166
10300.27,-111.166
10300.95,-111.202
10301.62,-111.196
10302.29,-111.217
10302.96,-111.211
10303.64,-111.175
10304.31,-111.223
10304.98,-111.183
10305.66,-111.196
10306.33,-111.224
10307.00,-111.218
10307.68,-111.187
10308.35,-111.169
10309.02,-111.189
10309.69,-111.183
10310.37,-111.212
10311.04,-111.168
10311.71,-111.177
10312.39,-111.215
10313.06,-111.165
10313.73,-111.207
10314.40,-111.204
10315.08,-111.209
10315.75,-111.200
10316.42,-111.207
10317.10,-111.184
10317.77,-111.209
10318.44,-111.227
10319.11,-111.195
10319.79,-111.202
10320.46,-111.152
10321.13,-111.185
10321.81,-111.204
10322.48,-111.208
10323.15,-111.209
10323.83,-111.222
10324.50,-111.219
10325.17,-111.232
10325.84,-111.232
10326.52,-111.230
10327.19,-111.210
10327.86,-111.206
10328.54,-111.207
10329.21,-111.182
10329.88,-111.194
10330.55,-111.212
10331.23,-111.219
10331.90,-111.197
10332.57,-111.249
10333.25,-111.216
10333.92,-111.168
10334.59,-111.243
10335.26,-111.220
10335.94,-111.228
10336.61,-111.208
10337.28,-111.228
10337.96,-111.224
10338.63,-111.231
10339.30,-111.213
10339.97,-111.202
10340.65,-111.224
10341.32,-111.208
10341.99,-111.199
10342.67,-111.232
10343.34,-111.219
10344.01,-111.243
10344.69,-111.220
10345.36,-111.223
10346.03,-111.224
10346.70,-111.238
10347.38,-111.194
10348.05,-111.219
10348.72,-111.211
10349.40,-111.223
10350.07,-111.245
10350.74,-111.233
10351.41,-111.211
10352.09,-111.237
10352.76,-111.228
10353.43,-111.250
10354.11,-111.235
10354.78,-111.232
10355.45,-111.219
10356.12,-111.241
10356.80,-111.202
10357.47,-111.203
10358.14,-111.209
10358.82,-111.235
10359.49,-111.225
10360.16,-111.227
10360.84,-111.232
10361.51,-111.252
10362.18,-111.208
10362.85,-111.211
10363.53,-111.237
10364.20,-111.252
10364.87,-111.266
10365.55,-111.228
10366.22,-111.234
10366.89,-111.271
10367.56,-111.237
10368.24,-111.255
10368.91,-111.204
10369.58,-111.238
10370.26,-111.249
10370.93,-111.226
10371.60,-111.252
10372.27,-111.236
10372.95,-111.235
10373.62,-111.232
10374.29,-111.228
10374.97,-111.232
10375.64,-111.236
10376.31,-111.250
10376.99,-111.237
10377.66,-111.227
10378.33,-111.252
10379.00,-111.252
10379.68,-111.245
10380.35,-111.243
10381.02,-111.223
10381.70,-111.253
10382.37,-111.260
10383.04,-111.245
10383.71,-111.248
10384.39,-111.262
10385.06,-111.225
10385.73,-111.263
10386.41,-111.226
10387.08,-111.247
10387.75,-111.265
10388.42,-111.227
10389.10,-111.250
10389.77,-111.250
10390.44,-111.257
10391.12,-111.240
10391.79,-111.226
10392.46,-111.237
10393.14,-111.249
10393.81,-111.257
10394.48,-111.250
10395.15,-111.237
10395.83,-111.243
10396.50,-111.249
10397.17,-111.242
10397.85,-111.276
10398.52,-111.269
10399.19,-111.250
10399.86,-111.256
10400.54,-111.247
10401.21,-111.247
10401.88,-111.234
10402.56,-111.261
10403.23,-111.256
10403.90,-111.236
10404.57,-111.266
10405.25,-111.245
10405.92,-111.258
10406.59,-111.244
10407.27,-111.254
10407.94,-111.267
10408.61,-111.274
10409.28,-111.274
10409.96,-111.256
10410.63,-111.241
10411.30,-111.253
10411.98,-111.257
10412.65,-111.248
10413.32,-111.269
10414.00,-111.261
10414.67,-111.272
10415.34,-111.225
10416.01,-111.253
10416.69,-111.263
10417.36,-111.249
10418.03,-111.267
10418.71,-111.263
10419.38,-111.253
10420.05,-111.269
10420.72,-111.239
10421.40,-111.256
10422.07,-111.246
10422.74,-111.263
10423.42,-111.266
10424.09,-111.287
10424.76,-111.278
10425.43,-111.282
10426.11,-111.270
10426.78,-111.269
10427.45,-111.282
10428.13,-111.252
10428.80,-111.266
10429.47,-111.268
10430.15,-111.277
10430.82,-111.274
10431.49,-111.295
10432.16,-111.255
10432.84,-111.285
10433.51,-111.279
10434.18,-111.271
10434.86,-111.260
10435.53,-111.270
10436.20,-111.250
10436.87,-111.276
10437.55,-111.251
10438.22,-111.269
10438.89,-111.276
10439.57,-111.272
10440.24,-111.274
10440.91,-111.272
10441.58,-111.279
10442.26,-111.259
10442.93,-111.287
10443.60,-111.286
10444.28,-111.273
10444.95,-111.280
10445.62,-111.286
10446.30,-111.285
10446.97,-111.254
10447.64,-111.276
10448.31,-111.273
10448.99,-111.277
10449.66,-111.268
10450.33,-111.285
10451.01,-111.270
10451.68,-111.276
10452.35,-111.266
10453.02,-111.267
10453.70,-111.288
10454.37,-111.278
10455.04,-111.280
10455.72,-111.272
10456.39,-111.288
10457.06,-111.278
10457.73,-111.292
10458.41,-111.279
10459.08,-111.289
10459.75,-111.291
10460.43,-111.293
10461.10,-111.279
10461.77,-111.280
10462.45,-111.280
10463.12,-111.289
10463.79,-111.293
10464.46,-111.279
10465.14,-111.286
10465.81,-111.280
10466.48,-111.290
10467.16,-111.289
10467.83,-111.288
10468.50,-111.294
10469.17,-111.294
10469.85,-111.288
10470.52,-111.282
10471.19,-111.290
10471.87,-111.294
10472.54,-111.281
10473.21,-111.286
10473.88,-111.300
10474.56,-111.282
10475.23,-111.288
10475.90,-111.286
10476.58,-111.290
10477.25,-111.295
10477.92,-111.290
10478.59,-111.289
10479.27,-111.294
10479.94,-111.284
10480.61,-111.290
10481.29,-111.297
10481.96,-111.281
10482.63,-111.293
10483.31,-111.300
10483.98,-111.288
10484.65,-111.294
10485.32,-111.303
10486.00,-111.285
10486.67,-111.296
10487.34,-111.299
10488.02,-111.298
10488.69,-111.291
10489.36,-111.297
10490.03,-111.306
10490.71,-111.301
10491.38,-111.296
10492.05,-111.295
10492.73,-111.307
10493.40,-111.297
10494.07,-111.303
10494.74,-111.304
10495.42,-111.307
10496.09,-111.294
10496.76,-111.305
10497.44,-111.310
10498.11,-111.299
10498.78,-111.299
10499.46,-111.299
10500.13,-111.291
10500.80,-111.304
10501.47,-111.301
10502.15,-111.295
10502.82,-111.302
10503.49,-111.303
10504.17,-111.296
10504.84,-111.302
10505.51,-111.296
10506.18,-111.303
10506.86,-111.299
10507.53,-111.303
10508.20,-111.303
10508.88,-111.296
10509.55,-111.313
10510.22,-111.309
10510.89,-111.302
10511.57,-111.314
10512.24,-111.304
10512.91,-111.314
10513.59,-111.306
10514.26,-111.307
10514.93,-111.307
10515.61,-111.307
10516.28,-111.309
10516.95,-111.307
10517.62,-111.308
10518.30,-111.310
10518.97,-111.309
10519.64,-111.306
10520.32,-111.304
10520.99,-111.306
10521.66,-111.308
10522.33,-111.308
10523.01,-111.309
10523.68,-111.318
10524.35,-111.312
10525.03,-111.314
10525.70,-111.311
10526.37,-111.315
10527.04,-111.315
10527.72,-111.314
10528.39,-111.315
10529.06,-111.305
10529.74,-111.316
10530.41,-111.312
10531.08,-111.319
10531.76,-111.312
10532.43,-111.311
10533.10,-111.313
10533.77,-111.318
10534.45,-111.312
10535.12,-111.313
10535.79,-111.317
10536.47,-111.315
10537.14,-111.321
10537.81,-111.318
10538.48,-111.318
10539.16,-111.316
10539.83,-111.314
10540.50,-111.316
10541.18,-111.317
10541.85,-111.311
10542.52,-111.321
10543.19,-111.318
10543.87,-111.319
10544.54,-111.315
10545.21,-111.318
10545.89,-111.317
10546.56,-111.314
10547.23,-111.319
10547.90,-111.327
10548.58,-111.319
10549.25,-111.325
10549.92,-111.314
10550.60,-111.332
10551.27,-111.322
10551.94,-111.319
10552.62,-111.327
10553.29,-111.323
10553.96,-111.326
10554.63,-111.322
10555.31,-111.321
10555.98,-111.317
10556.65,-111.323
10557.33,-111.321
10558.00,-111.321
10558.67,-111.336
10559.34,-111.322
10560.02,-111.325
10560.69,-111.327
10561.36,-111.322
10562.04,-111.323
10562.71,-111.330
10563.38,-111.324
10564.05,-111.327
10564.73,-111.326
10565.40,-111.327
10566.07,-111.330
10566.75,-111.323
10567.42,-111.325
10568.09,-111.325
10568.77,-111.326
10569.44,-111.332
10570.11,-111.324
10570.78,-111.330
10571.46,-111.330
10572.13,-111.326
10572.80,-111.336
10573.48,-111.323
10574.15,-111.331
10574.82,-111.325
10575.49,-111.330
10576.17,-111.334
10576.84,-111.329
10577.51,-111.329
10578.19,-111.332
10578.86,-111.327
10579.53,-111.333
10580.20,-111.329
10580.88,-111.336
10581.55,-111.332
10582.22,-111.332
10582.90,-111.334
10583.57,-111.334
10584.24,-111.332
10584.92,-111.328
10585.59,-111.333
10586.26,-111.332
10586.93,-111.338
10587.61,-111.331
10588.28,-111.328
10588.95,-111.332
10589.63,-111.334
10590.30,-111.333
10590.97,-111.335
10591.64,-111.336
10592.32,-111.339
10592.99,-111.339
10593.66,-111.336
10594.34,-111.333
10595.01,-111.333
10595.68,-111.336
10596.35,-111.338
10597.03,-111.335
10597.70,-111.339
10598.37,-111.338
10599.05,-111.337
10599.72,-111.339
10600.39,-111.338
10601.07,-111.338
10601.74,-111.339
10602.41,-111.340
10603.08,-111.341
10603.76,-111.339
10604.43,-111.340
10605.10,-111.341
10605.78,-111.341
10606.45,-111.338
10607.12,-111.338
10607.79,-111.338
10608.47,-111.339
10609.14,-111.338
10609.81,-111.341
10610.49,-111.340
10611.16,-111.340
10611.83,-111.342
10612.50,-111.341
10613.18,-111.340
10613.85,-111.343
10614.52,-111.341
10615.20,-111.342
10615.87,-111.343
10616.54,-111.341
10617.21,-111.345
10617.89,-111.348
10618.56,-111.345
10619.23,-111.343
10619.91,-111.342
10620.58,-111.343
10621.25,-111.345
10621.93,-111.349
10622.60,-111.343
10623.27,-111.346
10623.94,-111.346
10624.62,-111.344
10625.29,-111.344
10625.96,-111.348
10626.64,-111.346
10627.31,-111.347
10627.98,-111.347
10628.65,-111.345
10629.33,-111.344
10630.00,-111.347
10630.67,-111.348
10631.35,-111.349
10632.02,-111.347
10632.69,-111.349
10633.36,-111.346
10634.04,-111.348
10634.71,-111.349
10635.38,-111.352
10636.06,-111.348
10636.73,-111.350
10637.40,-111.350
10638.08,-111.350
10638.75,-111.350
10639.42,-111.349
10640.09,-111.352
10640.77,-111.349
10641.44,-111.349
10642.11,-111.352
10642.79,-111.351
10643.46,-111.351
10644.13,-111.351
10644.80,-111.354
10645.48,-111.350
10646.15,-111.353
10646.82,-111.351
10647.50,-111.353
10648.17,-111.352
10648.84,-111.354
10649.51,-111.352
10650.19,-111.353
10650.86,-111.355
10651.53,-111.353
10652.21,-111.354
10652.88,-111.354
10653.55,-111.355
10654.23,-111.355
10654.90,-111.353
10655.57,-111.356
10656.24,-111.354
10656.92,-111.352
10657.59,-111.354
10658.26,-111.354
10658.94,-111.356
10659.61,-111.358
10660.28,-111.356
10660.95,-111.355
10661.63,-111.356
10662.30,-111.355
10662.97,-111.355
10663.65,-111.354
10664.32,-111.356
10664.99,-111.356
10665.66,-111.355
10666.34,-111.357
10667.01,-111.358
10667.68,-111.355
10668.36,-111.358
10669.03,-111.355
10669.70,-111.357
10670.38,-111.357
10671.05,-111.358
10671.72,-111.357
10672.39,-111.359
10673.07,-111.358
10673.74,-111.360
10674.41,-111.359
10675.09,-111.361
10675.76,-111.359
10676.43,-111.361
10677.10,-111.360
10677.78,-111.359
10678.45,-111.362
10679.12,-111.361
10679.80,-111.361
10680.47,-111.361
10681.14,-111.361
10681.81,-111.361
10682.49,-111.362
10683.16,-111.360
10683.83,-111.365
10684.51,-111.361
10685.18,-111.362
10685.85,-111.362
10686.52,-111.362
10687.20,-111.363
10687.87,-111.363
10688.54,-111.361
10689.22,-111.365
10689.89,-111.363
10690.56,-111.363
10691.24,-111.365
10691.91,-111.363
10692.58,-111.365
10693.25,-111.363
10693.93,-111.365
10694.60,-111.363
10695.27,-111.365
10695.95,-111.365
10696.62,-111.365
10697.29,-111.366
10697.96,-111.364
10698.64,-111.367
10699.31,-111.366
10699.98,-111.365
10700.66,-111.364
10701.33,-111.367
10702.00,-111.366
10702.67,-111.364
10703.35,-111.366
10704.02,-111.368
10704.69,-111.365
10705.37,-111.366
10706.04,-111.367
10706.71,-111.368
10707.39,-111.367
10708.06,-111.368
10708.73,-111.367
10709.40,-111.367
10710.08,-111.369
10710.75,-111.368
10711.42,-111.367
10712.10,-111.368
10712.77,-111.369
10713.44,-111.367
10714.11,-111.368
10714.79,-111.370
10715.46,-111.369
10716.13,-111.371
10716.81,-111.368
10717.48,-111.370
10718.15,-111.370
10718.82,-111.369
10719.50,-111.369
10720.17,-111.370
10720.84,-111.370
10721.52,-111.372
10722.19,-111.371
10722.86,-111.369
10723.54,-111.371
10724.21,-111.371
10724.88,-111.371
10725.55,-111.372
10726.23,-111.372
10726.90,-111.372
10727.57,-111.371
10728.25,-111.371
10728.92,-111.372
10729.59,-111.371
10730.26,-111.373
10730.94,-111.373
10731.61,-111.373
10732.28,-111.373
10732.96,-111.373
10733.63,-111.373
10734.30,-111.373
10734.97,-111.374
10735.65,-111.374
10736.32,-111.374
10736.99,-111.373
10737.67,-111.372
10738.34,-111.374
10739.01,-111.374
10739.69,-111.374
10740.36,-111.374
10741.03,-111.376
10741.70,-111.376
10742.38,-111.375
10743.05,-111.374
10743.72,-111.376
10744.40,-111.376
10745.07,-111.377
10745.74,-111.375
10746.41,-111.376
10747.09,-111.377
10747.76,-111.376
10748.43,-111.377
10749.11,-111.377
10749.78,-111.377
10750.45,-111.377
10751.12,-111.377
10751.80,-111.378
10752.47,-111.377
10753.14,-111.377
10753.82,-111.378
10754.49,-111.377
10755.16,-111.376
10755.83,-111.378
10756.51,-111.377
10757.18,-111.377
10757.85,-111.378
10758.53,-111.378
10759.20,-111.378
10759.87,-111.377
10760.55,-111.380
10761.22,-111.379
10761.89,-111.378
10762.56,-111.378
10763.24,-111.379
10763.91,-111.380
10764.58,-111.378
10765.26,-111.380
10765.93,-111.380
10766.60,-111.380
10767.27,-111.380
10767.95,-111.380
10768.62,-111.380
10769.29,-111.380
10769.97,-111.380
10770.64,-111.381
10771.31,-111.381
10771.98,-111.381
10772.66,-111.382
10773.33,-111.382
10774.00,-111.380
10774.68,-111.381
10775.35,-111.381
10776.02,-111.381
10776.70,-111.382
10777.37,-111.382
10778.04,-111.382
10778.71,-111.382
10779.39,-111.383
10780.06,-111.382
10780.73,-111.383
10781.41,-111.383
10782.08,-111.382
10782.75,-111.382
10783.42,-111.383
10784.10,-111.383
10784.77,-111.384
10785.44,-111.383
10786.12,-111.382
10786.79,-111.383
10787.46,-111.384
10788.13,-111.383
10788.81,-111.383
10789.48,-111.384
10790.15,-111.384
10790.83,-111.384
10791.50,-111.384
10792.17,-111.384
10792.85,-111.384
10793.52,-111.385
10794.19,-111.384
10794.86,-111.385
10795.54,-111.385
10796.21,-111.385
10796.88,-111.385
10797.56,-111.385
10798.23,-111.386
10798.90,-111.385
10799.57,-111.384
10800.25,-111.385
10800.92,-111.385
10801.59,-111.386
10802.27,-111.386
10802.94,-111.386
10803.61,-111.386
10804.28,-111.386
10804.96,-111.387
10805.63,-111.386
10806.30,-111.386
10806.98,-111.386
10807.65,-111.387
10808.32,-111.387
10809.00,-111.387
10809.67,-111.387
10810.34,-111.387
10811.01,-111.388
10811.69,-111.387
10812.36,-111.388
10813.03,-111.387
10813.71,-111.387
10814.38,-111.388
10815.05,-111.388
10815.72,-111.388
10816.40,-111.388
10817.07,-111.388
10817.74,-111.388
10818.42,-111.388
10819.09,-111.388
10819.76,-111.389
10820.43,-111.389
10821.11,-111.389
10821.78,-111.389
10822.45,-111.389
10823.13,-111.390
10823.80,-111.389
10824.47,-111.389
10825.14,-111.390
10825.82,-111.390
10826.49,-111.390
10827.16,-111.390
10827.84,-111.390
10828.51,-111.390
10829.18,-111.390
10829.86,-111.390
10830.53,-111.390
10831.20,-111.390
10831.87,-111.390
10832.55,-111.390
10833.22,-111.390
10833.89,-111.391
10834.57,-111.391
10835.24,-111.391
10835.91,-111.391
10836.58,-111.391
10837.26,-111.391
10837.93,-111.391
10838.60,-111.391
10839.28,-111.392
10839.95,-111.391
10840.62,-111.392
10841.29,-111.391
10841.97,-111.392
10842.64,-111.391
10843.31,-111.391
10843.99,-111.391
10844.66,-111.392
10845.33,-111.392
10846.01,-111.392
10846.68,-111.392
10847.35,-111.392
10848.02,-111.392
10848.70,-111.392
10849.37,-111.393
10850.04,-111.393
10850.72,-111.393
10851.39,-111.393
10852.06,-111.393
10852.73,-111.393
10853.41,-111.393
10854.08,-111.393
10854.75,-111.393
10855.43,-111.393
10856.10,-111.393
10856.77,-111.393
10857.44,-111.394
10858.12,-111.394
10858.79,-111.394
10859.46,-111.394
10860.14,-111.394
10860.81,-111.394
10861.48,-111.394
10862.16,-111.394
10862.83,-111.395
10863.50,-111.394
10864.17,-111.394
10864.85,-111.394
10865.52,-111.395
10866.19,-111.394
10866.87,-111.395
10867.54,-111.395
10868.21,-111.395
10868.88,-111.395
10869.56,-111.395
10870.23,-111.395
10870.90,-111.396
10871.58,-111.395
10872.25,-111.396
10872.92,-111.395
10873.59,-111.395
10874.27,-111.395
10874.94,-111.396
10875.61,-111.396
10876.29,-111.396
10876.96,-111.396
10877.63,-111.396
10878.31,-111.396
10878.98,-111.396
10879.65,-111.396
10880.32,-111.397
10881.00,-111.396
10881.67,-111.396
10882.34,-111.396
10883.02,-111.397
10883.69,-111.396
10884.36,-111.397
10885.03,-111.396
10885.71,-111.397
10886.38,-111.397
10887.05,-111.397
10887.73,-111.397
10888.40,-111.397
10889.07,-111.397
10889.74,-111.397
10890.42,-111.397
10891.09,-111.397
10891.76,-111.397
10892.44,-111.398
10893.11,-111.397
10893.78,-111.397
10894.45,-111.397
10895.13,-111.398
10895.80,-111.398
10896.47,-111.397
10897.15,-111.398
10897.82,-111.398
10898.49,-111.398
10899.17,-111.398
10899.84,-111.398
10900.51,-111.398
10901.18,-111.398
10901.86,-111.398
10902.53,-111.398
10903.20,-111.398
10903.88,-111.398
10904.55,-111.398
10905.22,-111.399
10905.89,-111.399
10906.57,-111.398
10907.24,-111.399
10907.91,-111.399
10908.59,-111.399
10909.26,-111.399
10909.93,-111.399
10910.60,-111.399
10911.28,-111.399
10911.95,-111.399
10912.62,-111.399
10913.30,-111.399
10913.97,-111.399
10914.64,-111.399
10915.32,-111.399
10915.99,-111.399
10916.66,-111.399
10917.33,-111.400
10918.01,-111.399
10918.68,-111.399
10919.35,-111.399
10920.03,-111.400
10920.70,-111.399
10921.37,-111.400
10922.04,-111.400
10922.72,-111.400
10923.39,-111.400
10924.06,-111.400
10924.74,-111.400
10925.41,-111.400
10926.08,-111.400
10926.75,-111.401
10927.43,-111.400
10928.10,-111.400
10928.77,-111.401
10929.45,-111.400
10930.12,-111.400
10930.79,-111.400
10931.47,-111.401
10932.14,-111.400
10932.81,-111.400
10933.48,-111.401
10934.16,-111.401
10934.83,-111.400
10935.50,-111.401
10936.18,-111.401
10936.85,-111.401
10937.52,-111.401
10938.19,-111.401
10938.87,-111.401
10939.54,-111.401
10940.21,-111.401
10940.89,-111.401
10941.56,-111.401
10942.23,-111.401
10942.90,-111.401
10943.58,-111.401
10944.25,-111.401
10944.92,-111.401
10945.60,-111.401
10946.27,-111.401
10946.94,-111.402
10947.62,-111.402
10948.29,-111.402
10948.96,-111.401
10949.63,-111.402
10950.31,-111.402
10950.98,-111.402
10951.65,-111.402
10952.33,-111.402
10953.00,-111.402
10953.67,-111.402
10954.34,-111.402
10955.02,-111.402
10955.69,-111.402
10956.36,-111.402
10957.04,-111.402
10957.71,-111.402
10958.38,-111.402
10959.05,-111.402
10959.73,-111.402
10960.40,-111.402
10961.07,-111.402
10961.75,-111.402
10962.42,-111.402
10963.09,-111.402
10963.76,-111.402
10964.44,-111.402
10965.11,-111.402
10965.78,-111.402
10966.46,-111.402
10967.13,-111.402
10967.80,-111.402
10968.48,-111.402
10969.15,-111.403
10969.82,-111.402
10970.49,-111.403
10971.17,-111.403
10971.84,-111.402
10972.51,-111.403
10973.19,-111.403
10973.86,-111.403
10974.53,-111.403
10975.20,-111.403
10975.88,-111.403
10976.55,-111.403
10977.22,-111.403
10977.90,-111.403
10978.57,-111.403
10979.24,-111.403
10979.91,-111.403
10980.59,-111.403
10981.26,-111.403
10981.93,-111.403
10982.61,-111.403
10983.28,-111.403
10983.95,-111.403
10984.63,-111.403
10985.30,-111.403
10985.97,-111.403
10986.64,-111.403
10987.32,-111.403
10987.99,-111.403
10988.66,-111.403
10989.34,-111.403
10990.01,-111.403
10990.68,-111.403
10991.35,-111.403
10992.03,-111.403
10992.70,-111.403
10993.37,-111.403
10994.05,-111.403
10994.72,-111.403
10995.39,-111.403
10996.06,-111.403
10996.74,-111.403
10997.41,-111.403
10998.08,-111.403
10998.76,-111.403
10999.43,-111.404
11000.10,-111.403
11000.78,-111.403
11001.45,-111.403
11002.12,-111.403
11002.79,-111.403
11003.47,-111.403
11004.14,-111.403
11004.81,-111.403
11005.49,-111.404
11006.16,-111.404
11006.83,-111.403
11007.50,-111.403
11008.18,-111.404
11008.85,-111.404
11009.52,-111.403
11010.20,-111.403
11010.87,-111.403
11011.54,-111.403
11012.21,-111.404
11012.89,-111.404
11013.56,-111.403
11014.23,-111.403
11014.91,-111.403
11015.58,-111.404
11016.25,-111.404
11016.93,-111.403
11017.60,-111.403
11018.27,-111.404
11018.94,-111.403
11019.62,-111.403
11020.29,-111.404
11020.96,-111.404
11021.64,-111.404
11022.31,-111.404
11022.98,-111.403
11023.65,-111.404
11024.33,-111.404
11025.00,-113.852
