Frequency (Hz),FFT Magnitude (dB)
0.00,-120.000
0.49,-95.627
0.98,-95.452
1.46,-95.227
1.95,-94.328
2.44,-94.111
2.93,-93.278
3.42,-92.303
3.91,-93.455
4.39,-92.825
4.88,-90.240
5.37,-87.486
5.86,-88.355
6.35,-89.684
6.84,-90.446
7.32,-89.852
7.81,-89.597
8.30,-89.319
8.79,-87.360
9.28,-86.413
9.77,-83.542
10.25,-82.005
10.74,-81.051
11.23,-81.845
11.72,-82.040
12.21,-84.465
12.70,-82.906
13.18,-79.178
13.67,-80.486
14.16,-80.449
14.65,-80.263
15.14,-78.093
15.62,-78.253
16.11,-76.921
16.60,-82.960
17.09,-83.678
17.58,-83.522
18.07,-82.212
18.55,-79.885
19.04,-81.436
19.53,-80.764
20.02,-80.100
20.51,-78.344
21.00,-83.924
21.48,-82.930
21.97,-82.233
22.46,-81.958
22.95,-83.472
23.44,-80.621
23.93,-79.647
24.41,-78.750
24.90,-77.065
25.39,-77.290
25.88,-77.178
26.37,-72.424
26.86,-74.855
27.34,-74.006
27.83,-74.465
28.32,-70.484
28.81,-61.214
29.30,-68.931
29.79,-63.767
30.27,-72.534
30.76,-75.068
31.25,-75.384
31.74,-71.499
32.23,-73.983
32.71,-74.223
33.20,-71.694
33.69,-72.842
34.18,-71.390
34.67,-61.670
35.16,-69.697
35.64,-71.806
36.13,-71.522
36.62,-74.904
37.11,-75.982
37.60,-74.933
38.09,-76.874
38.57,-76.135
39.06,-75.491
39.55,-73.773
40.04,-76.197
40.53,-78.455
41.02,-77.145
41.50,-76.602
41.99,-73.712
42.48,-72.478
42.97,-73.064
43.46,-73.329
43.95,-70.564
44.43,-73.293
44.92,-72.979
45.41,-74.828
45.90,-78.081
46.39,-77.875
46.88,-77.518
47.36,-76.361
47.85,-73.312
48.34,-76.700
48.83,-76.624
49.32,-74.502
49.80,-75.871
50.29,-76.503
50.78,-75.700
51.27,-75.723
51.76,-77.015
52.25,-76.230
52.73,-75.036
53.22,-76.749
53.71,-76.884
54.20,-75.550
54.69,-76.034
55.18,-76.016
55.66,-77.618
56.15,-76.923
56.64,-77.613
57.13,-77.174
57.62,-74.446
58.11,-71.342
58.59,-69.401
59.08,-71.135
59.57,-71.496
60.06,-77.673
60.55,-78.018
61.04,-80.118
61.52,-80.161
62.01,-77.214
62.50,-79.416
62.99,-78.317
63.48,-70.271
63.96,-74.857
64.45,-76.677
64.94,-78.692
65.43,-77.346
65.92,-77.148
66.41,-77.110
66.89,-75.643
67.38,-76.951
67.87,-74.399
68.36,-73.940
68.85,-71.639
69.34,-70.408
69.82,-75.921
70.31,-73.467
70.80,-76.246
71.29,-76.761
71.78,-77.141
72.27,-75.649
72.75,-76.431
73.24,-77.770
73.73,-75.838
74.22,-78.589
74.71,-78.415
75.20,-78.831
75.68,-80.831
76.17,-79.090
76.66,-81.586
77.15,-78.764
77.64,-79.662
78.12,-77.587
78.61,-77.427
79.10,-77.209
79.59,-74.092
80.08,-74.813
80.57,-75.915
81.05,-76.823
81.54,-76.853
82.03,-78.231
82.52,-77.179
83.01,-77.841
83.50,-76.484
83.98,-78.181
84.47,-79.126
84.96,-76.630
85.45,-78.384
85.94,-76.847
86.43,-78.457
86.91,-76.454
87.40,-77.389
87.89,-77.589
88.38,-77.290
88.87,-70.207
89.36,-75.967
89.84,-76.968
90.33,-76.379
90.82,-76.260
91.31,-76.707
91.80,-75.857
92.29,-75.216
92.77,-76.595
93.26,-71.952
93.75,-68.889
94.24,-77.050
94.73,-79.273
95.21,-79.170
95.70,-78.838
96.19,-79.265
96.68,-78.468
97.17,-76.731
97.66,-77.906
98.14,-78.701
98.63,-77.878
99.12,-78.272
99.61,-78.721
100.10,-77.319
100.59,-77.907
101.07,-75.622
101.56,-75.313
102.05,-75.657
102.54,-76.092
103.03,-73.972
103.52,-74.371
104.00,-76.899
104.49,-74.479
104.98,-75.484
105.47,-75.873
105.96,-73.873
106.45,-71.568
106.93,-74.109
107.42,-74.254
107.91,-74.893
108.40,-74.842
108.89,-74.552
109.38,-74.282
109.86,-74.300
110.35,-74.686
110.84,-73.456
111.33,-73.113
111.82,-71.991
112.30,-70.546
112.79,-70.435
113.28,-67.675
113.77,-69.904
114.26,-69.281
114.75,-71.337
115.23,-71.128
115.72,-72.325
116.21,-71.979
116.70,-71.657
117.19,-70.131
117.68,-69.747
118.16,-67.588
118.65,-63.877
119.14,-61.596
119.63,-54.150
120.12,-47.847
120.61,-59.897
121.09,-64.414
121.58,-67.126
122.07,-66.181
122.56,-68.823
123.05,-71.219
123.54,-68.084
124.02,-74.059
124.51,-73.706
125.00,-73.598
125.49,-73.736
125.98,-75.764
126.46,-74.091
126.95,-70.391
127.44,-74.227
127.93,-64.884
128.42,-73.318
128.91,-72.731
129.39,-72.696
129.88,-72.222
130.37,-71.283
130.86,-70.078
131.35,-70.618
131.84,-67.861
132.32,-64.719
132.81,-47.393
133.30,-60.660
133.79,-58.422
134.28,-68.304
134.77,-69.221
135.25,-72.008
135.74,-74.985
136.23,-75.361
136.72,-72.904
137.21,-74.034
137.70,-75.476
138.18,-73.679
138.67,-73.108
139.16,-73.513
139.65,-72.440
140.14,-70.903
140.62,-71.574
141.11,-72.272
141.60,-70.684
142.09,-72.189
142.58,-72.283
143.07,-74.041
143.55,-73.834
144.04,-73.247
144.53,-70.807
145.02,-71.217
145.51,-73.248
146.00,-70.070
146.48,-71.501
146.97,-71.956
147.46,-68.490
147.95,-67.827
148.44,-61.291
148.93,-69.043
149.41,-66.650
149.90,-67.653
150.39,-65.524
150.88,-66.834
151.37,-66.461
151.86,-66.521
152.34,-64.566
152.83,-66.268
153.32,-66.878
153.81,-67.822
154.30,-66.395
154.79,-67.427
155.27,-66.817
155.76,-69.008
156.25,-69.657
156.74,-71.402
157.23,-70.094
157.71,-70.211
158.20,-71.254
158.69,-67.972
159.18,-63.302
159.67,-62.886
160.16,-68.497
160.64,-71.014
161.13,-71.675
161.62,-69.609
162.11,-69.364
162.60,-68.879
163.09,-69.555
163.57,-68.925
164.06,-69.712
164.55,-71.392
165.04,-69.789
165.53,-68.246
166.02,-69.764
166.50,-70.567
166.99,-68.171
167.48,-70.190
167.97,-68.938
168.46,-70.562
168.95,-71.885
169.43,-70.840
169.92,-71.466
170.41,-70.356
170.90,-72.146
171.39,-71.991
171.88,-71.556
172.36,-71.500
172.85,-71.044
173.34,-68.499
173.83,-72.208
174.32,-74.364
174.80,-74.615
175.29,-74.246
175.78,-75.581
176.27,-76.359
176.76,-74.452
177.25,-72.505
177.73,-71.594
178.22,-72.342
178.71,-73.353
179.20,-72.105
179.69,-73.286
180.18,-72.842
180.66,-72.615
181.15,-72.705
181.64,-73.807
182.13,-73.351
182.62,-74.361
183.11,-74.420
183.59,-74.401
184.08,-74.517
184.57,-74.832
185.06,-72.941
185.55,-71.028
186.04,-71.261
186.52,-73.388
187.01,-73.201
187.50,-72.554
187.99,-73.173
188.48,-70.897
188.96,-70.781
189.45,-70.748
189.94,-71.292
190.43,-71.287
190.92,-71.248
191.41,-71.487
191.89,-73.820
192.38,-72.281
192.87,-73.651
193.36,-76.114
193.85,-76.075
194.34,-75.738
194.82,-75.652
195.31,-75.924
195.80,-76.886
196.29,-75.357
196.78,-74.762
197.27,-74.281
197.75,-76.212
198.24,-76.801
198.73,-76.049
199.22,-75.994
199.71,-73.256
200.20,-78.355
200.68,-77.637
201.17,-78.145
201.66,-76.509
202.15,-77.171
202.64,-75.917
203.12,-75.688
203.61,-75.355
204.10,-76.020
204.59,-75.082
205.08,-73.269
205.57,-73.205
206.05,-75.233
206.54,-74.315
207.03,-72.551
207.52,-66.657
208.01,-63.793
208.50,-72.012
208.98,-74.243
209.47,-75.669
209.96,-76.156
210.45,-75.417
210.94,-73.753
211.43,-76.015
211.91,-76.771
212.40,-76.025
212.89,-75.944
213.38,-71.652
213.87,-74.764
214.36,-74.661
214.84,-74.993
215.33,-74.915
215.82,-75.699
216.31,-77.848
216.80,-76.828
217.29,-77.750
217.77,-80.283
218.26,-79.406
218.75,-79.317
219.24,-78.578
219.73,-78.843
220.21,-78.612
220.70,-77.635
221.19,-74.441
221.68,-73.755
222.17,-75.777
222.66,-77.187
223.14,-74.928
223.63,-76.274
224.12,-78.862
224.61,-77.434
225.10,-76.865
225.59,-76.936
226.07,-74.582
226.56,-76.052
227.05,-76.439
227.54,-80.659
228.03,-78.949
228.52,-79.246
229.00,-79.380
229.49,-79.121
229.98,-78.556
230.47,-78.054
230.96,-78.496
231.45,-75.778
231.93,-73.653
232.42,-76.354
232.91,-77.031
233.40,-75.942
233.89,-77.795
234.38,-78.768
234.86,-77.936
235.35,-76.308
235.84,-76.731
236.33,-76.635
236.82,-72.721
237.30,-74.670
237.79,-72.964
238.28,-71.867
238.77,-69.467
239.26,-65.241
239.75,-61.202
240.23,-66.069
240.72,-71.702
241.21,-73.936
241.70,-74.423
242.19,-74.272
242.68,-73.664
243.16,-74.525
243.65,-75.565
244.14,-76.117
244.63,-75.765
245.12,-77.939
245.61,-77.995
246.09,-78.949
246.58,-78.811
247.07,-78.727
247.56,-78.769
248.05,-78.600
248.54,-77.593
249.02,-77.876
249.51,-76.849
250.00,-75.347
250.49,-75.506
250.98,-74.310
251.46,-72.714
251.95,-72.141
252.44,-73.341
252.93,-70.350
253.42,-74.472
253.91,-75.198
254.39,-76.268
254.88,-77.260
255.37,-77.595
255.86,-78.372
256.35,-78.550
256.84,-78.318
257.32,-79.452
257.81,-80.644
258.30,-79.742
258.79,-80.785
259.28,-79.531
259.77,-80.498
260.25,-81.567
260.74,-81.228
261.23,-79.259
261.72,-81.583
262.21,-82.609
262.70,-81.587
263.18,-79.663
263.67,-81.422
264.16,-80.519
264.65,-82.902
265.14,-82.340
265.62,-74.890
266.11,-80.431
266.60,-80.145
267.09,-73.155
267.58,-78.850
268.07,-81.811
268.55,-81.652
269.04,-81.917
269.53,-81.956
270.02,-82.390
270.51,-80.068
271.00,-80.506
271.48,-80.826
271.97,-81.456
272.46,-81.710
272.95,-81.506
273.44,-81.535
273.93,-83.114
274.41,-84.886
274.90,-84.219
275.39,-84.985
275.88,-84.595
276.37,-82.980
276.86,-82.938
277.34,-82.506
277.83,-83.679
278.32,-80.752
278.81,-79.351
279.30,-71.290
279.79,-79.441
280.27,-80.311
280.76,-81.834
281.25,-80.430
281.74,-81.145
282.23,-80.536
282.71,-81.450
283.20,-83.247
283.69,-83.529
284.18,-84.340
284.67,-83.732
285.16,-84.547
285.64,-82.870
286.13,-83.329
286.62,-84.667
287.11,-83.431
287.60,-84.166
288.09,-83.239
288.57,-83.463
289.06,-82.981
289.55,-83.196
290.04,-83.113
290.53,-83.874
291.02,-83.416
291.50,-83.853
291.99,-83.515
292.48,-81.564
292.97,-82.042
293.46,-82.434
293.95,-83.609
294.43,-82.102
294.92,-82.524
295.41,-81.818
295.90,-80.441
296.39,-82.227
296.88,-80.061
297.36,-82.274
297.85,-83.748
298.34,-82.805
298.83,-82.336
299.32,-84.026
299.80,-83.464
300.29,-81.879
300.78,-83.536
301.27,-82.556
301.76,-82.240
302.25,-82.366
302.73,-83.247
303.22,-83.395
303.71,-82.256
304.20,-81.908
304.69,-81.906
305.18,-82.685
305.66,-82.015
306.15,-82.005
306.64,-81.740
307.13,-83.196
307.62,-82.687
308.11,-82.370
308.59,-84.193
309.08,-82.249
309.57,-82.765
310.06,-83.117
310.55,-83.942
311.04,-84.085
311.52,-82.713
312.01,-81.504
312.50,-83.296
312.99,-83.755
313.48,-84.052
313.96,-84.767
314.45,-85.836
314.94,-86.612
315.43,-86.208
315.92,-84.897
316.41,-87.128
316.89,-85.613
317.38,-86.022
317.87,-86.344
318.36,-85.547
318.85,-83.812
319.34,-85.579
319.82,-86.011
320.31,-85.352
320.80,-85.597
321.29,-84.936
321.78,-85.408
322.27,-84.029
322.75,-82.632
323.24,-85.670
323.73,-84.793
324.22,-85.555
324.71,-86.116
325.20,-85.601
325.68,-87.973
326.17,-85.278
326.66,-84.816
327.15,-84.170
327.64,-84.830
328.12,-85.414
328.61,-86.127
329.10,-84.921
329.59,-84.193
330.08,-83.957
330.57,-84.074
331.05,-83.534
331.54,-82.150
332.03,-83.063
332.52,-84.017
333.01,-83.842
333.50,-86.253
333.98,-85.591
334.47,-85.712
334.96,-85.081
335.45,-84.547
335.94,-86.014
336.43,-85.875
336.91,-85.927
337.40,-84.339
337.89,-85.487
338.38,-86.382
338.87,-86.199
339.36,-86.158
339.84,-87.599
340.33,-87.798
340.82,-87.085
341.31,-85.353
341.80,-86.556
342.29,-88.670
342.77,-86.783
343.26,-86.635
343.75,-85.801
344.24,-85.789
344.73,-85.628
345.21,-85.646
345.70,-85.695
346.19,-83.584
346.68,-84.752
347.17,-83.816
347.66,-82.335
348.14,-80.509
348.63,-83.066
349.12,-84.269
349.61,-84.733
350.10,-84.450
350.59,-84.378
351.07,-84.808
351.56,-84.571
352.05,-85.052
352.54,-85.546
353.03,-85.957
353.52,-84.460
354.00,-85.039
354.49,-84.054
354.98,-84.355
355.47,-84.644
355.96,-81.666
356.45,-79.574
356.93,-84.748
357.42,-85.672
357.91,-85.306
358.40,-84.315
358.89,-81.581
359.38,-83.182
359.86,-78.618
360.35,-83.394
360.84,-79.241
361.33,-84.098
361.82,-85.334
362.30,-85.009
362.79,-84.272
363.28,-86.037
363.77,-85.255
364.26,-83.407
364.75,-83.466
365.23,-83.657
365.72,-82.583
366.21,-81.165
366.70,-82.960
367.19,-83.813
367.68,-83.365
368.16,-84.559
368.65,-82.212
369.14,-83.320
369.63,-83.674
370.12,-84.735
370.61,-83.296
371.09,-83.615
371.58,-82.944
372.07,-79.395
372.56,-82.009
373.05,-83.929
373.54,-83.821
374.02,-85.797
374.51,-84.820
375.00,-86.124
375.49,-84.414
375.98,-84.643
376.46,-85.016
376.95,-85.536
377.44,-84.729
377.93,-85.469
378.42,-86.631
378.91,-84.022
379.39,-86.452
379.88,-84.216
380.37,-84.974
380.86,-83.485
381.35,-82.470
381.84,-84.576
382.32,-85.164
382.81,-85.091
383.30,-83.836
383.79,-84.819
384.28,-84.524
384.77,-84.319
385.25,-83.920
385.74,-83.985
386.23,-84.938
386.72,-84.640
387.21,-85.689
387.70,-85.757
388.18,-88.013
388.67,-86.586
389.16,-85.054
389.65,-86.372
390.14,-85.580
390.62,-86.098
391.11,-85.973
391.60,-86.034
392.09,-86.951
392.58,-84.863
393.07,-84.055
393.55,-83.815
394.04,-82.838
394.53,-82.387
395.02,-83.734
395.51,-81.797
396.00,-83.239
396.48,-80.476
396.97,-83.613
397.46,-82.951
397.95,-81.213
398.44,-72.826
398.93,-77.812
399.41,-82.619
399.90,-83.470
400.39,-86.514
400.88,-84.903
401.37,-85.572
401.86,-84.632
402.34,-86.713
402.83,-84.508
403.32,-87.169
403.81,-86.687
404.30,-86.258
404.79,-85.966
405.27,-86.579
405.76,-87.846
406.25,-86.674
406.74,-86.827
407.23,-85.979
407.71,-85.686
408.20,-85.113
408.69,-87.319
409.18,-86.577
409.67,-86.496
410.16,-87.652
410.64,-86.654
411.13,-86.233
411.62,-87.269
412.11,-87.593
412.60,-86.535
413.09,-86.498
413.57,-86.831
414.06,-88.271
414.55,-87.726
415.04,-87.431
415.53,-85.804
416.02,-86.332
416.50,-86.326
416.99,-86.835
417.48,-85.586
417.97,-85.063
418.46,-85.025
418.95,-84.462
419.43,-84.840
419.92,-83.847
420.41,-85.134
420.90,-85.182
421.39,-87.471
421.88,-85.756
422.36,-87.236
422.85,-86.821
423.34,-86.009
423.83,-85.091
424.32,-85.805
424.80,-84.535
425.29,-82.733
425.78,-85.791
426.27,-84.824
426.76,-85.351
427.25,-84.321
427.73,-84.568
428.22,-84.856
428.71,-86.353
429.20,-86.260
429.69,-85.807
430.18,-84.255
430.66,-85.408
431.15,-86.592
431.64,-85.657
432.13,-85.393
432.62,-85.904
433.11,-86.318
433.59,-87.395
434.08,-83.960
434.57,-82.471
435.06,-84.717
435.55,-82.399
436.04,-83.224
436.52,-82.567
437.01,-82.994
437.50,-83.575
437.99,-83.075
438.48,-83.139
438.96,-81.880
439.45,-84.515
439.94,-84.541
440.43,-83.213
440.92,-84.463
441.41,-82.947
441.89,-82.965
442.38,-83.452
442.87,-82.881
443.36,-87.610
443.85,-84.197
444.34,-83.657
444.82,-84.438
445.31,-83.530
445.80,-83.640
446.29,-82.207
446.78,-84.412
447.27,-84.797
447.75,-84.498
448.24,-86.175
448.73,-84.836
449.22,-84.490
449.71,-84.860
450.20,-85.452
450.68,-86.376
451.17,-84.870
451.66,-84.597
452.15,-85.360
452.64,-84.983
453.12,-85.123
453.61,-84.488
454.10,-84.943
454.59,-83.097
455.08,-82.183
455.57,-82.768
456.05,-82.291
456.54,-83.293
457.03,-81.657
457.52,-83.826
458.01,-83.235
458.50,-83.096
458.98,-83.089
459.47,-81.831
459.96,-81.781
460.45,-83.667
460.94,-82.425
461.43,-83.353
461.91,-84.939
462.40,-82.137
462.89,-82.603
463.38,-83.691
463.87,-83.731
464.36,-81.894
464.84,-80.966
465.33,-83.025
465.82,-82.205
466.31,-83.284
466.80,-85.178
467.29,-83.950
467.77,-83.749
468.26,-84.046
468.75,-83.001
469.24,-84.221
469.73,-85.009
470.21,-85.161
470.70,-82.143
471.19,-81.911
471.68,-83.637
472.17,-82.625
472.66,-83.736
473.14,-84.604
473.63,-84.225
474.12,-81.682
474.61,-82.810
475.10,-78.617
475.59,-83.779
476.07,-84.888
476.56,-83.069
477.05,-83.720
477.54,-83.307
478.03,-83.288
478.52,-82.873
479.00,-83.778
479.49,-83.844
479.98,-83.904
480.47,-82.589
480.96,-83.394
481.45,-83.688
481.93,-82.494
482.42,-83.280
482.91,-82.809
483.40,-84.775
483.89,-82.434
484.38,-81.854
484.86,-82.958
485.35,-81.720
485.84,-82.960
486.33,-83.067
486.82,-83.525
487.30,-82.229
487.79,-81.989
488.28,-83.322
488.77,-83.752
489.26,-83.822
489.75,-83.062
490.23,-83.668
490.72,-82.436
491.21,-83.511
491.70,-81.927
492.19,-83.741
492.68,-84.124
493.16,-80.992
493.65,-83.394
494.14,-83.254
494.63,-83.560
495.12,-83.137
495.61,-80.702
496.09,-80.765
496.58,-81.957
497.07,-81.471
497.56,-82.891
498.05,-82.109
498.54,-83.591
499.02,-83.266
499.51,-82.298
500.00,-82.898
500.49,-82.816
500.98,-84.574
501.46,-82.601
501.95,-82.268
502.44,-81.214
502.93,-80.560
503.42,-81.150
503.91,-81.787
504.39,-83.091
504.88,-81.675
505.37,-83.607
505.86,-83.429
506.35,-81.654
506.84,-83.535
507.32,-83.193
507.81,-82.084
508.30,-81.973
508.79,-82.209
509.28,-81.199
509.77,-81.127
510.25,-81.222
510.74,-80.168
511.23,-79.575
511.72,-79.843
512.21,-79.630
512.70,-82.174
513.18,-80.524
513.67,-81.730
514.16,-80.235
514.65,-82.506
515.14,-82.547
515.62,-79.459
516.11,-80.311
516.60,-81.717
517.09,-82.072
517.58,-81.111
518.07,-81.405
518.55,-81.425
519.04,-80.804
519.53,-79.532
520.02,-78.641
520.51,-80.284
521.00,-80.145
521.48,-79.815
521.97,-81.345
522.46,-80.603
522.95,-79.874
523.44,-81.191
523.93,-78.719
524.41,-79.668
524.90,-79.100
525.39,-80.788
525.88,-80.217
526.37,-79.775
526.86,-80.554
527.34,-80.867
527.83,-80.353
528.32,-80.036
528.81,-79.684
529.30,-78.260
529.79,-78.461
530.27,-77.829
530.76,-74.136
531.25,-64.524
531.74,-68.055
532.23,-75.988
532.71,-78.866
533.20,-81.363
533.69,-80.958
534.18,-78.969
534.67,-80.486
535.16,-79.799
535.64,-79.488
536.13,-78.836
536.62,-77.913
537.11,-78.321
537.60,-76.446
538.09,-77.134
538.57,-77.367
539.06,-79.441
539.55,-78.469
540.04,-79.253
540.53,-79.734
541.02,-78.852
541.50,-78.888
541.99,-77.653
542.48,-78.007
542.97,-79.292
543.46,-77.806
543.95,-77.229
544.43,-77.080
544.92,-77.623
545.41,-77.445
545.90,-76.909
546.39,-77.515
546.88,-78.786
547.36,-77.784
547.85,-78.711
548.34,-77.591
548.83,-80.478
549.32,-78.637
549.80,-76.221
550.29,-78.052
550.78,-75.622
551.27,-78.657
551.76,-78.259
552.25,-77.357
552.73,-76.167
553.22,-77.255
553.71,-78.132
554.20,-77.119
554.69,-76.807
555.18,-77.064
555.66,-78.688
556.15,-78.301
556.64,-76.379
557.13,-76.727
557.62,-76.728
558.11,-76.560
558.59,-76.861
559.08,-76.855
559.57,-76.959
560.06,-76.976
560.55,-77.078
561.04,-77.290
561.52,-75.867
562.01,-76.505
562.50,-78.802
562.99,-76.830
563.48,-76.498
563.96,-75.144
564.45,-75.466
564.94,-76.867
565.43,-74.664
565.92,-74.600
566.41,-76.667
566.89,-72.845
567.38,-74.549
567.87,-75.738
568.36,-75.137
568.85,-74.937
569.34,-75.724
569.82,-74.753
570.31,-75.218
570.80,-75.359
571.29,-74.762
571.78,-74.630
572.27,-74.336
572.75,-74.717
573.24,-73.296
573.73,-74.380
574.22,-73.654
574.71,-75.238
575.20,-73.099
575.68,-73.534
576.17,-74.967
576.66,-73.470
577.15,-73.542
577.64,-74.830
578.12,-73.913
578.61,-73.735
579.10,-70.993
579.59,-68.154
580.08,-59.258
580.57,-63.060
581.05,-66.550
581.54,-69.663
582.03,-70.760
582.52,-72.426
583.01,-74.055
583.50,-74.522
583.98,-73.879
584.47,-70.079
584.96,-71.725
585.45,-72.671
585.94,-73.731
586.43,-73.437
586.91,-72.151
587.40,-70.459
587.89,-73.743
588.38,-73.810
588.87,-74.514
589.36,-73.414
589.84,-73.691
590.33,-75.183
590.82,-74.228
591.31,-75.289
591.80,-73.831
592.29,-71.981
592.77,-70.848
593.26,-73.133
593.75,-73.001
594.24,-72.571
594.73,-73.669
595.21,-73.403
595.70,-73.871
596.19,-74.766
596.68,-72.948
597.17,-75.749
597.66,-72.580
598.14,-72.744
598.63,-75.159
599.12,-75.469
599.61,-72.918
600.10,-75.248
600.59,-74.435
601.07,-74.188
601.56,-73.013
602.05,-75.444
602.54,-74.486
603.03,-75.486
603.52,-72.750
604.00,-73.056
604.49,-72.329
604.98,-72.044
605.47,-73.120
605.96,-74.559
606.45,-74.839
606.93,-72.883
607.42,-74.917
607.91,-73.532
608.40,-75.402
608.89,-76.152
609.38,-76.062
609.86,-75.665
610.35,-72.790
610.84,-68.775
611.33,-69.739
611.82,-73.441
612.30,-75.125
612.79,-74.531
613.28,-72.723
613.77,-74.625
614.26,-75.519
614.75,-74.885
615.23,-74.361
615.72,-73.903
616.21,-75.062
616.70,-75.352
617.19,-75.734
617.68,-76.126
618.16,-74.877
618.65,-74.832
619.14,-74.780
619.63,-75.858
620.12,-75.895
620.61,-75.530
621.09,-76.129
621.58,-75.367
622.07,-75.785
622.56,-76.774
623.05,-76.023
623.54,-75.984
624.02,-77.088
624.51,-75.934
625.00,-76.631
625.49,-76.223
625.98,-77.060
626.46,-75.510
626.95,-74.571
627.44,-75.235
627.93,-75.368
628.42,-74.882
628.91,-74.249
629.39,-76.244
629.88,-75.542
630.37,-76.804
630.86,-77.155
631.35,-75.884
631.84,-76.965
632.32,-78.253
632.81,-76.711
633.30,-78.158
633.79,-76.793
634.28,-79.280
634.77,-78.381
635.25,-78.697
635.74,-77.103
636.23,-77.133
636.72,-75.203
637.21,-75.028
637.70,-75.388
638.18,-75.092
638.67,-76.087
639.16,-77.112
639.65,-77.146
640.14,-79.371
640.62,-77.333
641.11,-77.248
641.60,-76.534
642.09,-76.854
642.58,-77.210
643.07,-77.789
643.55,-77.272
644.04,-77.333
644.53,-77.262
645.02,-76.441
645.51,-77.848
646.00,-79.124
646.48,-79.818
646.97,-79.193
647.46,-78.443
647.95,-76.166
648.44,-76.468
648.93,-78.138
649.41,-76.827
649.90,-78.852
650.39,-77.701
650.88,-78.171
651.37,-76.814
651.86,-74.958
652.34,-79.500
652.83,-77.605
653.32,-78.263
653.81,-79.290
654.30,-78.260
654.79,-77.788
655.27,-78.508
655.76,-79.871
656.25,-80.944
656.74,-78.374
657.23,-81.042
657.71,-80.439
658.20,-80.120
658.69,-81.025
659.18,-79.988
659.67,-79.868
660.16,-79.896
660.64,-80.927
661.13,-81.046
661.62,-79.699
662.11,-81.141
662.60,-78.713
663.09,-76.399
663.57,-73.476
664.06,-63.718
664.55,-66.040
665.04,-72.385
665.53,-77.373
666.02,-77.740
666.50,-80.060
666.99,-79.890
667.48,-80.550
667.97,-81.255
668.46,-80.634
668.95,-80.185
669.43,-80.828
669.92,-79.700
670.41,-80.378
670.90,-82.795
671.39,-80.167
671.88,-80.027
672.36,-80.772
672.85,-80.005
673.34,-80.664
673.83,-80.867
674.32,-80.991
674.80,-80.195
675.29,-80.524
675.78,-81.030
676.27,-82.687
676.76,-83.305
677.25,-82.584
677.73,-83.172
678.22,-81.921
678.71,-79.984
679.20,-81.684
679.69,-83.512
680.18,-81.722
680.66,-82.139
681.15,-81.891
681.64,-79.567
682.13,-83.778
682.62,-82.415
683.11,-81.298
683.59,-82.934
684.08,-82.964
684.57,-81.152
685.06,-82.759
685.55,-83.750
686.04,-83.062
686.52,-84.088
687.01,-82.303
687.50,-83.212
687.99,-82.231
688.48,-82.482
688.96,-83.470
689.45,-81.331
689.94,-82.360
690.43,-82.045
690.92,-81.523
691.41,-81.934
691.89,-82.689
692.38,-83.007
692.87,-83.422
693.36,-84.513
693.85,-83.598
694.34,-83.326
694.82,-81.584
695.31,-82.818
695.80,-80.855
696.29,-78.529
696.78,-81.822
697.27,-82.256
697.75,-82.318
698.24,-82.570
698.73,-81.458
699.22,-83.268
699.71,-82.489
700.20,-83.609
700.68,-83.791
701.17,-82.422
701.66,-84.604
702.15,-83.300
702.64,-83.408
703.12,-83.314
703.61,-83.588
704.10,-83.839
704.59,-83.799
705.08,-84.578
705.57,-83.360
706.05,-83.947
706.54,-85.301
707.03,-82.750
707.52,-84.252
708.01,-84.489
708.50,-83.303
708.98,-83.152
709.47,-84.136
709.96,-83.796
710.45,-83.605
710.94,-83.014
711.43,-82.627
711.91,-84.918
712.40,-82.344
712.89,-84.032
713.38,-83.666
713.87,-83.902
714.36,-83.303
714.84,-82.740
715.33,-82.597
715.82,-81.980
716.31,-84.873
716.80,-85.749
717.29,-84.593
717.77,-84.495
718.26,-85.590
718.75,-84.452
719.24,-85.316
719.73,-82.423
720.21,-86.957
720.70,-84.191
721.19,-84.797
721.68,-84.861
722.17,-84.572
722.66,-83.345
723.14,-85.263
723.63,-86.490
724.12,-86.566
724.61,-84.543
725.10,-84.323
725.59,-84.099
726.07,-84.866
726.56,-83.956
727.05,-84.557
727.54,-85.910
728.03,-84.942
728.52,-84.241
729.00,-84.096
729.49,-84.000
729.98,-85.109
730.47,-84.247
730.96,-84.075
731.45,-84.436
731.93,-84.508
732.42,-83.745
732.91,-83.147
733.40,-83.278
733.89,-84.731
734.38,-84.127
734.86,-83.807
735.35,-84.463
735.84,-83.837
736.33,-85.045
736.82,-86.185
737.30,-85.448
737.79,-85.840
738.28,-84.486
738.77,-84.885
739.26,-84.225
739.75,-85.717
740.23,-83.783
740.72,-78.883
741.21,-79.834
741.70,-83.998
742.19,-79.853
742.68,-84.546
743.16,-84.740
743.65,-84.694
744.14,-83.899
744.63,-86.154
745.12,-85.923
745.61,-85.021
746.09,-86.287
746.58,-84.581
747.07,-86.141
747.56,-85.939
748.05,-84.962
748.54,-85.303
749.02,-84.426
749.51,-86.445
750.00,-85.297
750.49,-85.699
750.98,-84.825
751.46,-84.994
751.95,-86.169
752.44,-86.398
752.93,-85.952
753.42,-86.215
753.91,-86.569
754.39,-87.178
754.88,-87.423
755.37,-84.821
755.86,-86.667
756.35,-87.144
756.84,-85.889
757.32,-85.113
757.81,-84.494
758.30,-84.410
758.79,-85.605
759.28,-85.635
759.77,-85.672
760.25,-83.815
760.74,-84.054
761.23,-85.246
761.72,-84.827
762.21,-84.570
762.70,-84.792
763.18,-85.611
763.67,-85.845
764.16,-85.496
764.65,-85.278
765.14,-87.540
765.62,-84.414
766.11,-86.767
766.60,-86.832
767.09,-86.347
767.58,-86.466
768.07,-86.333
768.55,-85.723
769.04,-87.171
769.53,-86.286
770.02,-86.248
770.51,-78.359
771.00,-82.896
771.48,-85.416
771.97,-86.406
772.46,-85.818
772.95,-85.971
773.44,-87.427
773.93,-87.261
774.41,-87.140
774.90,-87.138
775.39,-87.055
775.88,-86.064
776.37,-86.399
776.86,-84.693
777.34,-85.891
777.83,-87.404
778.32,-86.281
778.81,-85.885
779.30,-88.889
779.79,-86.944
780.27,-85.768
780.76,-86.224
781.25,-88.551
781.74,-86.919
782.23,-86.122
782.71,-86.176
783.20,-88.085
783.69,-87.479
784.18,-86.193
784.67,-85.765
785.16,-86.955
785.64,-87.656
786.13,-86.238
786.62,-88.187
787.11,-85.173
787.60,-86.470
788.09,-85.924
788.57,-85.981
789.06,-87.051
789.55,-86.687
790.04,-86.360
790.53,-87.854
791.02,-86.873
791.50,-87.673
791.99,-87.132
792.48,-86.161
792.97,-86.425
793.46,-87.357
793.95,-87.140
794.43,-86.927
794.92,-85.965
795.41,-86.713
795.90,-85.908
796.39,-83.244
796.88,-79.151
797.36,-81.611
797.85,-85.089
798.34,-86.092
798.83,-85.487
799.32,-87.317
799.80,-86.340
800.29,-85.848
800.78,-86.122
801.27,-87.085
801.76,-85.695
802.25,-86.080
802.73,-86.486
803.22,-87.374
803.71,-86.252
804.20,-85.605
804.69,-88.100
805.18,-87.360
805.66,-87.865
806.15,-89.633
806.64,-87.512
807.13,-89.582
807.62,-88.096
808.11,-88.179
808.59,-87.986
809.08,-88.016
809.57,-86.180
810.06,-86.462
810.55,-88.416
811.04,-86.602
811.52,-88.990
812.01,-88.151
812.50,-87.957
812.99,-85.716
813.48,-85.979
813.96,-86.534
814.45,-87.070
814.94,-87.807
815.43,-86.597
815.92,-86.250
816.41,-86.771
816.89,-87.472
817.38,-87.388
817.87,-87.519
818.36,-87.476
818.85,-86.615
819.34,-87.894
819.82,-88.137
820.31,-86.758
820.80,-87.354
821.29,-86.840
821.78,-85.643
822.27,-89.757
822.75,-86.062
823.24,-87.125
823.73,-86.453
824.22,-87.212
824.71,-87.821
825.20,-88.324
825.68,-86.834
826.17,-87.806
826.66,-87.324
827.15,-86.692
827.64,-87.565
828.12,-87.173
828.61,-86.344
829.10,-89.919
829.59,-87.280
830.08,-87.153
830.57,-87.730
831.05,-87.132
831.54,-86.313
832.03,-88.833
832.52,-87.976
833.01,-87.304
833.50,-88.594
833.98,-88.862
834.47,-86.613
834.96,-88.486
835.45,-86.991
835.94,-86.116
836.43,-86.697
836.91,-88.502
837.40,-87.930
837.89,-87.172
838.38,-86.718
838.87,-87.868
839.36,-88.312
839.84,-84.706
840.33,-86.293
840.82,-87.720
841.31,-88.393
841.80,-88.286
842.29,-86.954
842.77,-88.258
843.26,-88.842
843.75,-88.899
844.24,-87.393
844.73,-89.296
845.21,-88.092
845.70,-87.388
846.19,-85.580
846.68,-87.659
847.17,-88.145
847.66,-88.761
848.14,-88.632
848.63,-88.343
849.12,-89.281
849.61,-87.193
850.10,-87.571
850.59,-87.021
851.07,-86.552
851.56,-86.940
852.05,-86.030
852.54,-88.127
853.03,-87.429
853.52,-86.965
854.00,-88.173
854.49,-85.739
854.98,-88.609
855.47,-87.127
855.96,-87.166
856.45,-87.919
856.93,-86.691
857.42,-87.439
857.91,-86.551
858.40,-86.442
858.89,-86.739
859.38,-86.646
859.86,-87.419
860.35,-88.401
860.84,-87.502
861.33,-87.633
861.82,-87.031
862.30,-88.514
862.79,-87.322
863.28,-85.618
863.77,-87.917
864.26,-88.107
864.75,-87.593
865.23,-87.495
865.72,-86.691
866.21,-85.855
866.70,-87.068
867.19,-86.276
867.68,-88.312
868.16,-88.101
868.65,-87.454
869.14,-87.824
869.63,-88.133
870.12,-88.162
870.61,-85.654
871.09,-88.014
871.58,-86.949
872.07,-86.567
872.56,-87.234
873.05,-86.833
873.54,-88.379
874.02,-86.511
874.51,-87.733
875.00,-88.183
875.49,-89.973
875.98,-88.200
876.46,-87.944
876.95,-87.116
877.44,-88.032
877.93,-87.344
878.42,-88.489
878.91,-86.205
879.39,-88.080
879.88,-86.431
880.37,-86.027
880.86,-88.272
881.35,-87.949
881.84,-87.743
882.32,-87.256
882.81,-88.639
883.30,-87.725
883.79,-87.128
884.28,-86.640
884.77,-87.866
885.25,-88.073
885.74,-87.865
886.23,-87.607
886.72,-87.168
887.21,-88.144
887.70,-87.553
888.18,-86.482
888.67,-87.552
889.16,-87.038
889.65,-86.788
890.14,-87.868
890.62,-87.488
891.11,-85.986
891.60,-89.418
892.09,-87.106
892.58,-86.568
893.07,-87.437
893.55,-88.049
894.04,-87.177
894.53,-86.583
895.02,-87.963
895.51,-88.837
896.00,-87.975
896.48,-87.207
896.97,-87.573
897.46,-87.623
897.95,-85.369
898.44,-87.188
898.93,-87.408
899.41,-87.205
899.90,-89.202
900.39,-89.156
900.88,-88.150
901.37,-87.138
901.86,-87.218
902.34,-87.578
902.83,-86.980
903.32,-86.393
903.81,-87.222
904.30,-88.445
904.79,-86.347
905.27,-85.874
905.76,-87.523
906.25,-88.899
906.74,-87.060
907.23,-86.628
907.71,-87.099
908.20,-88.429
908.69,-86.656
909.18,-87.328
909.67,-86.692
910.16,-87.246
910.64,-86.435
911.13,-87.335
911.62,-87.269
912.11,-86.277
912.60,-87.424
913.09,-87.850
913.57,-87.369
914.06,-87.260
914.55,-87.164
915.04,-86.578
915.53,-86.920
916.02,-87.244
916.50,-86.602
916.99,-84.891
917.48,-86.484
917.97,-85.147
918.46,-86.282
918.95,-87.708
919.43,-87.237
919.92,-86.286
920.41,-87.909
920.90,-87.288
921.39,-86.784
921.88,-85.855
922.36,-86.456
922.85,-88.513
923.34,-86.979
923.83,-86.520
924.32,-86.986
924.80,-85.727
925.29,-86.828
925.78,-86.345
926.27,-87.632
926.76,-86.806
927.25,-86.262
927.73,-85.376
928.22,-85.382
928.71,-84.194
929.20,-85.871
929.69,-81.728
930.18,-83.872
930.66,-84.439
931.15,-85.949
931.64,-86.029
932.13,-86.753
932.62,-86.276
933.11,-87.513
933.59,-86.475
934.08,-85.815
934.57,-86.120
935.06,-87.804
935.55,-85.408
936.04,-85.397
936.52,-85.789
937.01,-86.315
937.50,-86.147
937.99,-86.363
938.48,-86.808
938.96,-87.679
939.45,-86.218
939.94,-86.482
940.43,-87.209
940.92,-85.908
941.41,-86.698
941.89,-86.149
942.38,-86.722
942.87,-86.577
943.36,-84.766
943.85,-85.060
944.34,-86.422
944.82,-86.959
945.31,-87.080
945.80,-84.390
946.29,-85.151
946.78,-84.132
947.27,-84.421
947.75,-86.643
948.24,-87.607
948.73,-86.642
949.22,-84.364
949.71,-83.158
950.20,-83.585
950.68,-85.138
951.17,-86.320
951.66,-86.658
952.15,-85.593
952.64,-84.567
953.12,-84.332
953.61,-84.750
954.10,-86.043
954.59,-84.495
955.08,-87.275
955.57,-86.009
956.05,-85.193
956.54,-86.634
957.03,-85.477
957.52,-86.112
958.01,-84.172
958.50,-84.909
958.98,-85.712
959.47,-85.177
959.96,-85.130
960.45,-85.875
960.94,-86.853
961.43,-85.139
961.91,-86.360
962.40,-86.581
962.89,-84.622
963.38,-85.100
963.87,-85.192
964.36,-86.310
964.84,-85.906
965.33,-85.469
965.82,-85.928
966.31,-85.982
966.80,-85.981
967.29,-86.389
967.77,-85.422
968.26,-85.745
968.75,-84.518
969.24,-84.189
969.73,-84.525
970.21,-85.927
970.70,-86.025
971.19,-85.058
971.68,-84.301
972.17,-86.362
972.66,-86.454
973.14,-84.508
973.63,-85.189
974.12,-85.817
974.61,-84.262
975.10,-85.523
975.59,-85.249
976.07,-83.831
976.56,-83.853
977.05,-84.167
977.54,-83.263
978.03,-86.782
978.52,-85.453
979.00,-84.836
979.49,-85.667
979.98,-84.815
980.47,-85.105
980.96,-86.044
981.45,-85.540
981.93,-85.166
982.42,-85.568
982.91,-85.214
983.40,-85.080
983.89,-83.307
984.38,-85.313
984.86,-85.531
985.35,-85.708
985.84,-85.547
986.33,-83.915
986.82,-85.721
987.30,-85.151
987.79,-86.165
988.28,-84.482
988.77,-83.441
989.26,-82.569
989.75,-83.198
990.23,-82.007
990.72,-82.986
991.21,-83.626
991.70,-82.977
992.19,-83.676
992.68,-83.411
993.16,-83.776
993.65,-84.537
994.14,-84.275
994.63,-84.912
995.12,-84.958
995.61,-83.940
996.09,-84.864
996.58,-83.721
997.07,-85.511
997.56,-85.318
998.05,-84.893
998.54,-85.236
999.02,-84.795
999.51,-82.803
1000.00,-84.866
1000.49,-83.613
1000.98,-84.328
1001.46,-85.101
1001.95,-84.403
1002.44,-85.629
1002.93,-83.771
1003.42,-84.539
1003.91,-83.389
1004.39,-83.901
1004.88,-83.973
1005.37,-83.828
1005.86,-83.514
1006.35,-84.320
1006.84,-82.264
1007.32,-82.642
1007.81,-82.753
1008.30,-82.224
1008.79,-83.330
1009.28,-82.973
1009.77,-82.784
1010.25,-82.451
1010.74,-81.558
1011.23,-83.493
1011.72,-82.386
1012.21,-83.245
1012.70,-83.627
1013.18,-83.065
1013.67,-81.849
1014.16,-82.128
1014.65,-82.046
1015.14,-82.436
1015.62,-82.389
1016.11,-82.383
1016.60,-82.279
1017.09,-82.587
1017.58,-84.730
1018.07,-83.070
1018.55,-81.519
1019.04,-82.411
1019.53,-83.116
1020.02,-83.187
1020.51,-83.787
1021.00,-83.666
1021.48,-82.259
1021.97,-83.060
1022.46,-82.986
1022.95,-80.657
1023.44,-82.587
1023.93,-81.671
1024.41,-83.299
1024.90,-82.718
1025.39,-82.395
1025.88,-81.985
1026.37,-81.950
1026.86,-81.898
1027.34,-81.927
1027.83,-82.636
1028.32,-81.429
1028.81,-81.234
1029.30,-81.554
1029.79,-81.836
1030.27,-80.917
1030.76,-81.552
1031.25,-82.752
1031.74,-81.683
1032.23,-81.697
1032.71,-80.907
1033.20,-82.312
1033.69,-81.977
1034.18,-81.908
1034.67,-80.448
1035.16,-82.029
1035.64,-82.519
1036.13,-82.085
1036.62,-81.094
1037.11,-81.718
1037.60,-82.422
1038.09,-81.605
1038.57,-80.802
1039.06,-79.528
1039.55,-82.334
1040.04,-81.061
1040.53,-81.094
1041.02,-80.904
1041.50,-80.799
1041.99,-80.525
1042.48,-78.219
1042.97,-80.220
1043.46,-81.038
1043.95,-81.194
1044.43,-81.136
1044.92,-79.702
1045.41,-80.603
1045.90,-81.832
1046.39,-78.685
1046.88,-79.817
1047.36,-79.612
1047.85,-79.025
1048.34,-79.221
1048.83,-79.511
1049.32,-79.261
1049.80,-80.043
1050.29,-80.100
1050.78,-79.285
1051.27,-80.627
1051.76,-79.970
1052.25,-79.951
1052.73,-79.879
1053.22,-81.230
1053.71,-79.163
1054.20,-81.215
1054.69,-80.595
1055.18,-79.697
1055.66,-78.178
1056.15,-79.305
1056.64,-80.372
1057.13,-79.737
1057.62,-79.668
1058.11,-77.769
1058.59,-79.544
1059.08,-77.858
1059.57,-78.277
1060.06,-77.776
1060.55,-77.908
1061.04,-79.326
1061.52,-77.779
1062.01,-79.363
1062.50,-79.146
1062.99,-78.785
1063.48,-78.065
1063.96,-78.980
1064.45,-79.574
1064.94,-79.124
1065.43,-78.702
1065.92,-77.602
1066.41,-76.576
1066.89,-77.919
1067.38,-79.861
1067.87,-78.899
1068.36,-78.797
1068.85,-75.961
1069.34,-78.404
1069.82,-77.388
1070.31,-76.235
1070.80,-76.943
1071.29,-75.665
1071.78,-78.433
1072.27,-76.984
1072.75,-77.167
1073.24,-77.804
1073.73,-77.188
1074.22,-76.489
1074.71,-77.167
1075.20,-77.263
1075.68,-78.556
1076.17,-78.859
1076.66,-76.003
1077.15,-77.584
1077.64,-78.699
1078.12,-76.247
1078.61,-76.931
1079.10,-76.068
1079.59,-75.966
1080.08,-76.099
1080.57,-74.275
1081.05,-75.255
1081.54,-75.835
1082.03,-74.261
1082.52,-75.656
1083.01,-75.067
1083.50,-75.732
1083.98,-77.013
1084.47,-74.972
1084.96,-73.839
1085.45,-74.424
1085.94,-73.402
1086.43,-74.191
1086.91,-75.828
1087.40,-73.709
1087.89,-74.885
1088.38,-75.075
1088.87,-74.526
1089.36,-74.039
1089.84,-74.820
1090.33,-73.903
1090.82,-73.019
1091.31,-73.232
1091.80,-73.500
1092.29,-72.952
1092.77,-73.913
1093.26,-73.109
1093.75,-74.554
1094.24,-75.361
1094.73,-73.549
1095.21,-73.197
1095.70,-72.943
1096.19,-70.613
1096.68,-72.019
1097.17,-71.508
1097.66,-73.293
1098.14,-73.002
1098.63,-72.890
1099.12,-73.849
1099.61,-73.161
1100.10,-71.976
1100.59,-72.862
1101.07,-73.501
1101.56,-72.172
1102.05,-72.194
1102.54,-73.363
1103.03,-73.223
1103.52,-72.026
1104.00,-73.794
1104.49,-71.970
1104.98,-72.583
1105.47,-73.906
1105.96,-74.806
1106.45,-72.380
1106.93,-71.580
1107.42,-73.587
1107.91,-72.697
1108.40,-71.772
1108.89,-73.159
1109.38,-71.080
1109.86,-73.154
1110.35,-72.181
1110.84,-73.459
1111.33,-73.201
1111.82,-71.341
1112.30,-71.865
1112.79,-71.892
1113.28,-72.181
1113.77,-73.364
1114.26,-70.886
1114.75,-72.407
1115.23,-73.875
1115.72,-72.221
1116.21,-71.164
1116.70,-72.429
1117.19,-71.288
1117.68,-72.609
1118.16,-72.626
1118.65,-72.513
1119.14,-70.351
1119.63,-70.616
1120.12,-71.137
1120.61,-71.109
1121.09,-69.542
1121.58,-72.949
1122.07,-74.069
1122.56,-72.843
1123.05,-71.533
1123.54,-71.340
1124.02,-72.061
1124.51,-71.757
1125.00,-70.983
1125.49,-72.807
1125.98,-71.182
1126.46,-69.867
1126.95,-73.733
1127.44,-71.054
1127.93,-68.927
1128.42,-69.541
1128.91,-72.556
1129.39,-70.478
1129.88,-72.398
1130.37,-67.088
1130.86,-69.457
1131.35,-70.966
1131.84,-71.768
1132.32,-72.474
1132.81,-72.912
1133.30,-70.820
1133.79,-71.248
1134.28,-71.577
1134.77,-72.487
1135.25,-71.506
1135.74,-73.965
1136.23,-72.556
1136.72,-71.860
1137.21,-72.549
1137.70,-71.186
1138.18,-71.943
1138.67,-73.480
1139.16,-73.241
1139.65,-72.965
1140.14,-73.045
1140.62,-73.766
1141.11,-71.264
1141.60,-70.666
1142.09,-72.575
1142.58,-74.760
1143.07,-73.765
1143.55,-74.332
1144.04,-72.340
1144.53,-72.653
1145.02,-72.560
1145.51,-71.186
1146.00,-74.055
1146.48,-74.450
1146.97,-71.771
1147.46,-70.192
1147.95,-73.046
1148.44,-72.521
1148.93,-74.893
1149.41,-73.230
1149.90,-73.758
1150.39,-74.236
1150.88,-74.361
1151.37,-74.323
1151.86,-74.195
1152.34,-75.122
1152.83,-76.019
1153.32,-73.834
1153.81,-72.882
1154.30,-73.421
1154.79,-73.552
1155.27,-75.669
1155.76,-74.036
1156.25,-73.335
1156.74,-75.044
1157.23,-76.565
1157.71,-74.661
1158.20,-73.983
1158.69,-73.939
1159.18,-74.805
1159.67,-74.414
1160.16,-74.831
1160.64,-76.049
1161.13,-74.681
1161.62,-74.885
1162.11,-74.457
1162.60,-74.062
1163.09,-75.575
1163.57,-76.677
1164.06,-76.195
1164.55,-75.773
1165.04,-74.859
1165.53,-76.856
1166.02,-74.628
1166.50,-77.028
1166.99,-76.538
1167.48,-77.465
1167.97,-76.150
1168.46,-77.623
1168.95,-75.520
1169.43,-76.430
1169.92,-76.485
1170.41,-76.964
1170.90,-77.387
1171.39,-75.199
1171.88,-75.606
1172.36,-77.433
1172.85,-76.206
1173.34,-78.519
1173.83,-76.271
1174.32,-77.009
1174.80,-77.866
1175.29,-77.326
1175.78,-75.580
1176.27,-77.476
1176.76,-77.133
1177.25,-78.524
1177.73,-78.154
1178.22,-76.659
1178.71,-78.124
1179.20,-75.695
1179.69,-78.080
1180.18,-77.621
1180.66,-79.498
1181.15,-77.831
1181.64,-77.384
1182.13,-76.556
1182.62,-76.703
1183.11,-78.762
1183.59,-77.482
1184.08,-77.976
1184.57,-78.475
1185.06,-78.433
1185.55,-77.855
1186.04,-79.410
1186.52,-79.353
1187.01,-78.004
1187.50,-75.986
1187.99,-78.269
1188.48,-78.435
1188.96,-79.897
1189.45,-77.510
1189.94,-77.460
1190.43,-78.035
1190.92,-78.124
1191.41,-81.023
1191.89,-80.867
1192.38,-77.883
1192.87,-80.333
1193.36,-80.120
1193.85,-80.300
1194.34,-79.826
1194.82,-79.524
1195.31,-78.057
1195.80,-78.403
1196.29,-78.387
1196.78,-79.136
1197.27,-78.459
1197.75,-77.780
1198.24,-79.538
1198.73,-78.541
1199.22,-78.372
1199.71,-78.937
1200.20,-80.322
1200.68,-79.686
1201.17,-78.773
1201.66,-79.339
1202.15,-79.980
1202.64,-77.832
1203.12,-79.549
1203.61,-81.117
1204.10,-80.356
1204.59,-79.174
1205.08,-78.836
1205.57,-80.166
1206.05,-80.190
1206.54,-80.159
1207.03,-78.683
1207.52,-80.785
1208.01,-79.905
1208.50,-79.706
1208.98,-81.527
1209.47,-81.388
1209.96,-80.489
1210.45,-80.198
1210.94,-81.051
1211.43,-80.024
1211.91,-79.124
1212.40,-81.145
1212.89,-80.813
1213.38,-82.744
1213.87,-81.309
1214.36,-80.167
1214.84,-80.124
1215.33,-79.720
1215.82,-81.790
1216.31,-81.744
1216.80,-80.944
1217.29,-81.729
1217.77,-81.757
1218.26,-80.222
1218.75,-80.977
1219.24,-80.169
1219.73,-80.881
1220.21,-82.114
1220.70,-79.601
1221.19,-80.074
1221.68,-81.882
1222.17,-82.113
1222.66,-81.747
1223.14,-80.313
1223.63,-79.775
1224.12,-82.036
1224.61,-80.924
1225.10,-81.208
1225.59,-82.157
1226.07,-82.267
1226.56,-81.406
1227.05,-82.450
1227.54,-81.567
1228.03,-82.018
1228.52,-82.455
1229.00,-81.419
1229.49,-82.690
1229.98,-81.860
1230.47,-81.472
1230.96,-83.176
1231.45,-82.190
1231.93,-81.529
1232.42,-81.109
1232.91,-82.297
1233.40,-82.606
1233.89,-80.710
1234.38,-81.695
1234.86,-83.375
1235.35,-81.055
1235.84,-81.479
1236.33,-82.680
1236.82,-82.955
1237.30,-82.007
1237.79,-82.439
1238.28,-82.482
1238.77,-83.661
1239.26,-83.427
1239.75,-82.301
1240.23,-83.505
1240.72,-82.970
1241.21,-83.291
1241.70,-83.371
1242.19,-80.810
1242.68,-81.193
1243.16,-82.565
1243.65,-81.506
1244.14,-81.543
1244.63,-81.670
1245.12,-81.707
1245.61,-81.289
1246.09,-81.105
1246.58,-79.912
1247.07,-80.143
1247.56,-81.441
1248.05,-81.455
1248.54,-82.160
1249.02,-83.114
1249.51,-82.400
1250.00,-82.900
1250.49,-82.610
1250.98,-81.445
1251.46,-80.924
1251.95,-82.801
1252.44,-82.402
1252.93,-83.439
1253.42,-84.648
1253.91,-84.979
1254.39,-82.532
1254.88,-82.593
1255.37,-81.808
1255.86,-83.215
1256.35,-82.851
1256.84,-82.687
1257.32,-83.639
1257.81,-83.711
1258.30,-81.898
1258.79,-81.704
1259.28,-84.013
1259.77,-84.406
1260.25,-84.663
1260.74,-83.095
1261.23,-84.372
1261.72,-84.362
1262.21,-83.779
1262.70,-81.803
1263.18,-84.011
1263.67,-83.086
1264.16,-82.327
1264.65,-83.630
1265.14,-82.559
1265.62,-82.976
1266.11,-81.897
1266.60,-82.807
1267.09,-84.055
1267.58,-84.581
1268.07,-83.884
1268.55,-84.981
1269.04,-83.517
1269.53,-81.831
1270.02,-84.390
1270.51,-83.126
1271.00,-83.597
1271.48,-84.093
1271.97,-84.298
1272.46,-82.758
1272.95,-83.505
1273.44,-83.846
1273.93,-84.376
1274.41,-83.975
1274.90,-84.272
1275.39,-83.198
1275.88,-83.941
1276.37,-84.554
1276.86,-83.072
1277.34,-84.033
1277.83,-84.696
1278.32,-85.078
1278.81,-83.934
1279.30,-82.319
1279.79,-84.669
1280.27,-84.569
1280.76,-85.394
1281.25,-85.288
1281.74,-84.754
1282.23,-84.207
1282.71,-83.611
1283.20,-82.539
1283.69,-84.024
1284.18,-84.856
1284.67,-83.403
1285.16,-84.225
1285.64,-83.335
1286.13,-83.049
1286.62,-83.807
1287.11,-83.971
1287.60,-82.628
1288.09,-83.885
1288.57,-82.675
1289.06,-85.071
1289.55,-85.350
1290.04,-85.529
1290.53,-86.117
1291.02,-83.191
1291.50,-83.386
1291.99,-83.556
1292.48,-83.403
1292.97,-84.092
1293.46,-83.628
1293.95,-84.590
1294.43,-85.086
1294.92,-84.310
1295.41,-83.788
1295.90,-83.885
1296.39,-85.231
1296.88,-85.283
1297.36,-85.256
1297.85,-86.299
1298.34,-85.466
1298.83,-84.869
1299.32,-83.628
1299.80,-84.894
1300.29,-84.830
1300.78,-83.841
1301.27,-84.963
1301.76,-83.037
1302.25,-84.751
1302.73,-86.656
1303.22,-82.952
1303.71,-84.873
1304.20,-84.623
1304.69,-83.576
1305.18,-84.773
1305.66,-84.505
1306.15,-84.442
1306.64,-84.395
1307.13,-83.924
1307.62,-84.238
1308.11,-85.169
1308.59,-84.011
1309.08,-84.815
1309.57,-84.198
1310.06,-83.873
1310.55,-84.149
1311.04,-85.352
1311.52,-83.649
1312.01,-83.292
1312.50,-82.866
1312.99,-84.390
1313.48,-83.942
1313.96,-84.540
1314.45,-84.622
1314.94,-83.844
1315.43,-85.521
1315.92,-84.098
1316.41,-84.139
1316.89,-86.020
1317.38,-85.711
1317.87,-85.485
1318.36,-85.305
1318.85,-84.163
1319.34,-84.460
1319.82,-84.809
1320.31,-85.808
1320.80,-87.110
1321.29,-84.891
1321.78,-84.194
1322.27,-84.677
1322.75,-85.587
1323.24,-84.917
1323.73,-84.441
1324.22,-84.565
1324.71,-82.848
1325.20,-83.902
1325.68,-85.595
1326.17,-84.335
1326.66,-83.994
1327.15,-84.527
1327.64,-84.286
1328.12,-85.600
1328.61,-84.114
1329.10,-86.458
1329.59,-84.887
1330.08,-83.802
1330.57,-82.651
1331.05,-83.775
1331.54,-85.121
1332.03,-84.552
1332.52,-83.745
1333.01,-85.750
1333.50,-85.338
1333.98,-84.815
1334.47,-84.305
1334.96,-85.327
1335.45,-84.998
1335.94,-86.305
1336.43,-84.521
1336.91,-85.250
1337.40,-85.261
1337.89,-85.784
1338.38,-84.218
1338.87,-83.488
1339.36,-83.827
1339.84,-83.275
1340.33,-85.134
1340.82,-86.863
1341.31,-84.692
1341.80,-85.030
1342.29,-84.289
1342.77,-84.332
1343.26,-83.533
1343.75,-84.939
1344.24,-85.687
1344.73,-85.269
1345.21,-84.094
1345.70,-86.178
1346.19,-86.365
1346.68,-85.246
1347.17,-85.452
1347.66,-84.786
1348.14,-83.993
1348.63,-84.461
1349.12,-84.279
1349.61,-85.227
1350.10,-85.638
1350.59,-85.959
1351.07,-85.820
1351.56,-83.889
1352.05,-85.608
1352.54,-84.585
1353.03,-86.802
1353.52,-84.038
1354.00,-85.324
1354.49,-85.197
1354.98,-84.532
1355.47,-85.366
1355.96,-85.783
1356.45,-84.625
1356.93,-84.697
1357.42,-84.689
1357.91,-85.116
1358.40,-85.123
1358.89,-84.163
1359.38,-84.423
1359.86,-84.304
1360.35,-83.868
1360.84,-84.650
1361.33,-84.810
1361.82,-85.455
1362.30,-85.444
1362.79,-84.129
1363.28,-85.286
1363.77,-86.585
1364.26,-85.577
1364.75,-85.272
1365.23,-85.020
1365.72,-85.609
1366.21,-83.595
1366.70,-84.865
1367.19,-86.982
1367.68,-84.550
1368.16,-85.871
1368.65,-85.560
1369.14,-86.107
1369.63,-84.340
1370.12,-84.130
1370.61,-84.669
1371.09,-85.933
1371.58,-84.972
1372.07,-84.706
1372.56,-85.718
1373.05,-86.473
1373.54,-84.091
1374.02,-84.243
1374.51,-85.218
1375.00,-85.584
1375.49,-86.235
1375.98,-85.932
1376.46,-85.751
1376.95,-85.039
1377.44,-84.149
1377.93,-85.342
1378.42,-85.853
1378.91,-86.308
1379.39,-84.487
1379.88,-84.577
1380.37,-85.338
1380.86,-85.743
1381.35,-84.607
1381.84,-84.798
1382.32,-84.045
1382.81,-85.962
1383.30,-84.801
1383.79,-83.943
1384.28,-85.018
1384.77,-84.522
1385.25,-85.920
1385.74,-86.371
1386.23,-84.461
1386.72,-85.426
1387.21,-83.709
1387.70,-85.488
1388.18,-87.161
1388.67,-84.376
1389.16,-84.981
1389.65,-84.946
1390.14,-84.368
1390.62,-84.785
1391.11,-84.882
1391.60,-84.193
1392.09,-83.426
1392.58,-84.650
1393.07,-84.026
1393.55,-83.826
1394.04,-83.386
1394.53,-84.960
1395.02,-84.455
1395.51,-85.202
1396.00,-84.638
1396.48,-85.371
1396.97,-85.577
1397.46,-84.658
1397.95,-83.374
1398.44,-85.550
1398.93,-85.909
1399.41,-85.554
1399.90,-84.666
1400.39,-83.904
1400.88,-84.089
1401.37,-84.705
1401.86,-83.992
1402.34,-83.873
1402.83,-85.343
1403.32,-85.669
1403.81,-86.859
1404.30,-85.277
1404.79,-84.346
1405.27,-85.513
1405.76,-84.495
1406.25,-85.551
1406.74,-85.594
1407.23,-84.679
1407.71,-83.688
1408.20,-84.549
1408.69,-84.675
1409.18,-84.118
1409.67,-84.076
1410.16,-85.651
1410.64,-84.490
1411.13,-86.215
1411.62,-85.356
1412.11,-84.785
1412.60,-84.456
1413.09,-84.471
1413.57,-85.137
1414.06,-85.057
1414.55,-83.061
1415.04,-84.053
1415.53,-84.298
1416.02,-83.250
1416.50,-84.262
1416.99,-86.242
1417.48,-85.523
1417.97,-82.580
1418.46,-83.936
1418.95,-84.532
1419.43,-84.394
1419.92,-84.244
1420.41,-85.248
1420.90,-83.692
1421.39,-84.963
1421.88,-85.089
1422.36,-82.632
1422.85,-84.109
1423.34,-84.413
1423.83,-85.365
1424.32,-85.068
1424.80,-83.873
1425.29,-84.195
1425.78,-84.965
1426.27,-85.153
1426.76,-83.492
1427.25,-85.154
1427.73,-84.277
1428.22,-84.544
1428.71,-84.860
1429.20,-84.869
1429.69,-83.203
1430.18,-85.381
1430.66,-83.723
1431.15,-84.280
1431.64,-83.729
1432.13,-84.174
1432.62,-84.977
1433.11,-84.740
1433.59,-83.811
1434.08,-85.882
1434.57,-85.421
1435.06,-83.953
1435.55,-84.122
1436.04,-83.952
1436.52,-83.753
1437.01,-86.179
1437.50,-84.425
1437.99,-85.156
1438.48,-86.276
1438.96,-84.958
1439.45,-85.762
1439.94,-84.052
1440.43,-84.077
1440.92,-85.407
1441.41,-85.510
1441.89,-84.182
1442.38,-85.187
1442.87,-84.798
1443.36,-84.061
1443.85,-84.565
1444.34,-83.027
1444.82,-82.837
1445.31,-84.102
1445.80,-83.418
1446.29,-85.065
1446.78,-84.617
1447.27,-85.452
1447.75,-85.049
1448.24,-85.137
1448.73,-85.358
1449.22,-85.037
1449.71,-85.795
1450.20,-83.153
1450.68,-83.064
1451.17,-84.035
1451.66,-85.933
1452.15,-83.136
1452.64,-84.901
1453.12,-83.796
1453.61,-83.154
1454.10,-83.381
1454.59,-83.962
1455.08,-83.035
1455.57,-82.533
1456.05,-83.717
1456.54,-83.241
1457.03,-84.416
1457.52,-84.883
1458.01,-84.162
1458.50,-84.266
1458.98,-84.727
1459.47,-84.224
1459.96,-83.639
1460.45,-84.004
1460.94,-83.106
1461.43,-83.569
1461.91,-83.113
1462.40,-85.026
1462.89,-83.738
1463.38,-84.796
1463.87,-85.203
1464.36,-83.447
1464.84,-83.028
1465.33,-84.785
1465.82,-85.052
1466.31,-84.169
1466.80,-83.156
1467.29,-81.458
1467.77,-83.712
1468.26,-83.808
1468.75,-82.779
1469.24,-83.709
1469.73,-83.737
1470.21,-83.175
1470.70,-83.249
1471.19,-83.780
1471.68,-84.827
1472.17,-83.703
1472.66,-83.817
1473.14,-84.888
1473.63,-83.983
1474.12,-83.846
1474.61,-83.708
1475.10,-82.570
1475.59,-83.157
1476.07,-84.349
1476.56,-83.518
1477.05,-81.331
1477.54,-81.783
1478.03,-83.148
1478.52,-83.731
1479.00,-82.542
1479.49,-83.174
1479.98,-83.048
1480.47,-82.855
1480.96,-83.085
1481.45,-83.167
1481.93,-83.592
1482.42,-83.617
1482.91,-82.375
1483.40,-84.096
1483.89,-81.884
1484.38,-81.084
1484.86,-85.023
1485.35,-83.620
1485.84,-82.208
1486.33,-82.046
1486.82,-81.714
1487.30,-82.883
1487.79,-82.111
1488.28,-82.725
1488.77,-82.655
1489.26,-84.056
1489.75,-84.422
1490.23,-82.300
1490.72,-82.504
1491.21,-82.306
1491.70,-81.390
1492.19,-81.960
1492.68,-82.829
1493.16,-83.021
1493.65,-82.030
1494.14,-83.985
1494.63,-83.173
1495.12,-83.307
1495.61,-82.963
1496.09,-82.777
1496.58,-82.820
1497.07,-83.226
1497.56,-82.025
1498.05,-82.041
1498.54,-81.931
1499.02,-83.627
1499.51,-82.773
1500.00,-82.183
1500.49,-81.423
1500.98,-84.010
1501.46,-82.112
1501.95,-83.254
1502.44,-81.894
1502.93,-80.469
1503.42,-80.433
1503.91,-80.910
1504.39,-83.156
1504.88,-81.626
1505.37,-80.628
1505.86,-82.162
1506.35,-82.227
1506.84,-82.687
1507.32,-81.463
1507.81,-80.772
1508.30,-81.516
1508.79,-82.094
1509.28,-81.110
1509.77,-81.404
1510.25,-80.393
1510.74,-80.197
1511.23,-81.337
1511.72,-81.480
1512.21,-82.686
1512.70,-80.388
1513.18,-81.196
1513.67,-81.491
1514.16,-83.944
1514.65,-79.627
1515.14,-82.767
1515.62,-80.730
1516.11,-80.089
1516.60,-80.678
1517.09,-82.343
1517.58,-80.262
1518.07,-80.825
1518.55,-80.173
1519.04,-81.388
1519.53,-82.125
1520.02,-82.807
1520.51,-80.047
1521.00,-80.583
1521.48,-80.034
1521.97,-80.289
1522.46,-81.441
1522.95,-80.502
1523.44,-81.864
1523.93,-81.350
1524.41,-81.092
1524.90,-80.772
1525.39,-80.082
1525.88,-82.603
1526.37,-81.708
1526.86,-80.476
1527.34,-80.936
1527.83,-80.500
1528.32,-80.447
1528.81,-81.169
1529.30,-81.161
1529.79,-80.386
1530.27,-81.687
1530.76,-81.547
1531.25,-80.984
1531.74,-79.016
1532.23,-80.243
1532.71,-82.352
1533.20,-80.696
1533.69,-81.348
1534.18,-80.018
1534.67,-81.895
1535.16,-81.120
1535.64,-80.021
1536.13,-79.548
1536.62,-79.727
1537.11,-79.767
1537.60,-80.372
1538.09,-80.116
1538.57,-79.867
1539.06,-78.649
1539.55,-81.733
1540.04,-79.399
1540.53,-78.970
1541.02,-81.194
1541.50,-79.178
1541.99,-80.849
1542.48,-81.761
1542.97,-80.308
1543.46,-78.970
1543.95,-79.724
1544.43,-79.155
1544.92,-80.673
1545.41,-80.391
1545.90,-79.179
1546.39,-81.040
1546.88,-79.626
1547.36,-79.652
1547.85,-79.404
1548.34,-77.945
1548.83,-78.694
1549.32,-78.863
1549.80,-79.313
1550.29,-80.106
1550.78,-80.175
1551.27,-78.948
1551.76,-78.559
1552.25,-80.015
1552.73,-78.820
1553.22,-79.067
1553.71,-79.249
1554.20,-79.741
1554.69,-79.042
1555.18,-78.384
1555.66,-78.692
1556.15,-77.835
1556.64,-77.526
1557.13,-77.955
1557.62,-80.046
1558.11,-79.481
1558.59,-79.729
1559.08,-81.063
1559.57,-79.802
1560.06,-79.911
1560.55,-79.732
1561.04,-78.552
1561.52,-79.013
1562.01,-79.167
1562.50,-78.914
1562.99,-78.849
1563.48,-77.144
1563.96,-78.068
1564.45,-77.692
1564.94,-78.402
1565.43,-79.843
1565.92,-77.201
1566.41,-78.723
1566.89,-77.765
1567.38,-78.524
1567.87,-77.230
1568.36,-78.798
1568.85,-77.941
1569.34,-78.083
1569.82,-77.425
1570.31,-77.385
1570.80,-77.815
1571.29,-78.847
1571.78,-77.808
1572.27,-76.867
1572.75,-78.238
1573.24,-77.590
1573.73,-78.013
1574.22,-77.879
1574.71,-76.171
1575.20,-76.158
1575.68,-77.721
1576.17,-76.828
1576.66,-78.136
1577.15,-77.797
1577.64,-75.897
1578.12,-77.101
1578.61,-75.945
1579.10,-76.062
1579.59,-78.820
1580.08,-76.511
1580.57,-76.465
1581.05,-76.489
1581.54,-77.361
1582.03,-77.161
1582.52,-77.587
1583.01,-76.677
1583.50,-77.052
1583.98,-76.043
1584.47,-78.365
1584.96,-77.467
1585.45,-76.599
1585.94,-76.656
1586.43,-76.511
1586.91,-76.263
1587.40,-76.287
1587.89,-75.957
1588.38,-76.188
1588.87,-77.104
1589.36,-76.250
1589.84,-75.561
1590.33,-76.237
1590.82,-75.898
1591.31,-74.914
1591.80,-76.645
1592.29,-76.173
1592.77,-74.535
1593.26,-75.538
1593.75,-74.365
1594.24,-75.169
1594.73,-74.631
1595.21,-75.250
1595.70,-75.588
1596.19,-74.073
1596.68,-74.757
1597.17,-73.844
1597.66,-74.016
1598.14,-74.478
1598.63,-73.957
1599.12,-74.965
1599.61,-73.783
1600.10,-74.642
1600.59,-74.068
1601.07,-72.790
1601.56,-73.406
1602.05,-72.652
1602.54,-73.092
1603.03,-74.799
1603.52,-74.634
1604.00,-73.905
1604.49,-72.906
1604.98,-72.809
1605.47,-73.593
1605.96,-73.328
1606.45,-72.677
1606.93,-73.769
1607.42,-74.024
1607.91,-73.087
1608.40,-74.183
1608.89,-74.343
1609.38,-72.456
1609.86,-72.804
1610.35,-71.241
1610.84,-72.696
1611.33,-72.727
1611.82,-72.970
1612.30,-73.368
1612.79,-72.211
1613.28,-72.317
1613.77,-73.336
1614.26,-72.740
1614.75,-71.339
1615.23,-72.458
1615.72,-72.725
1616.21,-72.342
1616.70,-71.722
1617.19,-70.873
1617.68,-71.663
1618.16,-70.446
1618.65,-71.879
1619.14,-72.883
1619.63,-72.684
1620.12,-72.806
1620.61,-70.579
1621.09,-71.038
1621.58,-72.599
1622.07,-70.684
1622.56,-70.685
1623.05,-71.148
1623.54,-69.153
1624.02,-69.795
1624.51,-71.971
1625.00,-69.498
1625.49,-70.678
1625.98,-71.413
1626.46,-71.885
1626.95,-70.394
1627.44,-70.479
1627.93,-68.096
1628.42,-69.260
1628.91,-70.891
1629.39,-70.885
1629.88,-70.366
1630.37,-69.571
1630.86,-70.029
1631.35,-69.470
1631.84,-69.079
1632.32,-68.728
1632.81,-70.478
1633.30,-69.716
1633.79,-69.172
1634.28,-69.546
1634.77,-69.655
1635.25,-68.881
1635.74,-67.631
1636.23,-67.866
1636.72,-68.970
1637.21,-68.181
1637.70,-69.231
1638.18,-69.004
1638.67,-68.909
1639.16,-68.164
1639.65,-67.946
1640.14,-67.472
1640.62,-67.081
1641.11,-68.186
1641.60,-67.791
1642.09,-68.275
1642.58,-69.054
1643.07,-67.997
1643.55,-66.203
1644.04,-67.544
1644.53,-67.831
1645.02,-67.098
1645.51,-68.676
1646.00,-67.134
1646.48,-67.721
1646.97,-68.971
1647.46,-66.453
1647.95,-66.683
1648.44,-66.239
1648.93,-67.048
1649.41,-68.313
1649.90,-67.792
1650.39,-67.536
1650.88,-66.397
1651.37,-66.932
1651.86,-67.254
1652.34,-67.357
1652.83,-67.118
1653.32,-70.783
1653.81,-69.655
1654.30,-65.891
1654.79,-66.511
1655.27,-66.734
1655.76,-65.725
1656.25,-67.032
1656.74,-66.684
1657.23,-66.671
1657.71,-66.227
1658.20,-67.122
1658.69,-66.538
1659.18,-66.102
1659.67,-66.901
1660.16,-67.471
1660.64,-66.488
1661.13,-67.040
1661.62,-65.758
1662.11,-66.592
1662.60,-67.593
1663.09,-66.335
1663.57,-68.157
1664.06,-68.157
1664.55,-66.234
1665.04,-67.098
1665.53,-68.152
1666.02,-68.591
1666.50,-67.981
1666.99,-65.753
1667.48,-67.739
1667.97,-67.877
1668.46,-66.778
1668.95,-67.294
1669.43,-67.541
1669.92,-66.317
1670.41,-67.410
1670.90,-67.736
1671.39,-67.687
1671.88,-67.788
1672.36,-68.337
1672.85,-66.997
1673.34,-68.132
1673.83,-68.456
1674.32,-67.802
1674.80,-69.763
1675.29,-66.512
1675.78,-68.735
1676.27,-69.505
1676.76,-69.528
1677.25,-67.627
1677.73,-67.248
1678.22,-68.946
1678.71,-70.251
1679.20,-67.709
1679.69,-68.476
1680.18,-67.877
1680.66,-68.901
1681.15,-70.530
1681.64,-70.230
1682.13,-69.382
1682.62,-68.536
1683.11,-70.109
1683.59,-68.757
1684.08,-68.264
1684.57,-70.274
1685.06,-69.305
1685.55,-69.769
1686.04,-68.954
1686.52,-70.827
1687.01,-71.320
1687.50,-70.226
1687.99,-70.926
1688.48,-70.674
1688.96,-71.106
1689.45,-70.600
1689.94,-71.004
1690.43,-70.569
1690.92,-69.259
1691.41,-71.050
1691.89,-71.002
1692.38,-70.627
1692.87,-71.122
1693.36,-70.988
1693.85,-70.422
1694.34,-71.707
1694.82,-71.812
1695.31,-70.925
1695.80,-71.963
1696.29,-70.995
1696.78,-71.646
1697.27,-71.336
1697.75,-72.673
1698.24,-72.268
1698.73,-71.549
1699.22,-72.920
1699.71,-73.282
1700.20,-71.966
1700.68,-72.112
1701.17,-72.457
1701.66,-73.485
1702.15,-71.015
1702.64,-69.900
1703.12,-71.674
1703.61,-72.190
1704.10,-72.863
1704.59,-71.139
1705.08,-71.733
1705.57,-72.687
1706.05,-71.948
1706.54,-71.673
1707.03,-71.774
1707.52,-72.157
1708.01,-72.454
1708.50,-71.536
1708.98,-73.487
1709.47,-72.791
1709.96,-73.355
1710.45,-73.928
1710.94,-73.944
1711.43,-72.221
1711.91,-73.106
1712.40,-71.827
1712.89,-74.092
1713.38,-72.732
1713.87,-72.658
1714.36,-74.662
1714.84,-75.305
1715.33,-72.652
1715.82,-72.291
1716.31,-72.883
1716.80,-73.045
1717.29,-72.373
1717.77,-74.330
1718.26,-74.333
1718.75,-74.292
1719.24,-73.884
1719.73,-72.909
1720.21,-76.010
1720.70,-75.878
1721.19,-73.214
1721.68,-74.172
1722.17,-74.036
1722.66,-73.902
1723.14,-75.716
1723.63,-74.916
1724.12,-73.292
1724.61,-74.191
1725.10,-74.640
1725.59,-74.279
1726.07,-74.195
1726.56,-73.991
1727.05,-74.317
1727.54,-74.447
1728.03,-73.290
1728.52,-74.514
1729.00,-75.488
1729.49,-75.628
1729.98,-75.349
1730.47,-74.913
1730.96,-74.630
1731.45,-76.138
1731.93,-74.789
1732.42,-75.699
1732.91,-75.211
1733.40,-75.609
1733.89,-74.287
1734.38,-73.398
1734.86,-74.753
1735.35,-75.506
1735.84,-75.846
1736.33,-74.670
1736.82,-75.157
1737.30,-75.742
1737.79,-76.660
1738.28,-75.880
1738.77,-73.981
1739.26,-76.830
1739.75,-74.454
1740.23,-74.269
1740.72,-75.893
1741.21,-75.152
1741.70,-75.644
1742.19,-74.964
1742.68,-75.418
1743.16,-74.025
1743.65,-76.013
1744.14,-76.549
1744.63,-77.148
1745.12,-78.734
1745.61,-76.793
1746.09,-75.578
1746.58,-75.695
1747.07,-76.430
1747.56,-75.251
1748.05,-74.188
1748.54,-75.132
1749.02,-76.936
1749.51,-75.524
1750.00,-75.792
1750.49,-76.937
1750.98,-76.441
1751.46,-75.342
1751.95,-75.333
1752.44,-76.487
1752.93,-76.588
1753.42,-76.097
1753.91,-75.641
1754.39,-76.149
1754.88,-77.668
1755.37,-76.049
1755.86,-75.425
1756.35,-76.947
1756.84,-75.288
1757.32,-77.361
1757.81,-77.168
1758.30,-75.760
1758.79,-75.728
1759.28,-77.796
1759.77,-77.574
1760.25,-77.037
1760.74,-76.944
1761.23,-76.597
1761.72,-76.835
1762.21,-77.539
1762.70,-77.556
1763.18,-77.609
1763.67,-76.532
1764.16,-77.127
1764.65,-77.552
1765.14,-76.906
1765.62,-76.999
1766.11,-76.199
1766.60,-77.750
1767.09,-76.621
1767.58,-78.026
1768.07,-77.416
1768.55,-77.448
1769.04,-77.519
1769.53,-78.605
1770.02,-76.741
1770.51,-77.208
1771.00,-78.090
1771.48,-77.833
1771.97,-76.465
1772.46,-77.970
1772.95,-77.090
1773.44,-78.524
1773.93,-77.148
1774.41,-77.057
1774.90,-77.709
1775.39,-77.560
1775.88,-77.676
1776.37,-77.444
1776.86,-77.082
1777.34,-78.349
1777.83,-78.986
1778.32,-77.306
1778.81,-79.185
1779.30,-78.231
1779.79,-77.660
1780.27,-78.435
1780.76,-76.355
1781.25,-77.909
1781.74,-78.224
1782.23,-78.189
1782.71,-77.902
1783.20,-78.747
1783.69,-80.669
1784.18,-79.000
1784.67,-76.337
1785.16,-78.137
1785.64,-80.219
1786.13,-79.636
1786.62,-78.780
1787.11,-78.374
1787.60,-78.226
1788.09,-78.686
1788.57,-77.800
1789.06,-79.964
1789.55,-79.804
1790.04,-79.643
1790.53,-78.656
1791.02,-79.115
1791.50,-78.264
1791.99,-79.255
1792.48,-76.550
1792.97,-77.516
1793.46,-79.097
1793.95,-79.909
1794.43,-77.730
1794.92,-78.989
1795.41,-79.044
1795.90,-78.079
1796.39,-78.556
1796.88,-80.838
1797.36,-77.735
1797.85,-79.306
1798.34,-79.774
1798.83,-78.577
1799.32,-77.209
1799.80,-79.440
1800.29,-78.145
1800.78,-79.046
1801.27,-78.711
1801.76,-79.362
1802.25,-78.695
1802.73,-79.162
1803.22,-78.377
1803.71,-80.020
1804.20,-79.934
1804.69,-78.575
1805.18,-78.647
1805.66,-78.544
1806.15,-78.753
1806.64,-79.044
1807.13,-78.431
1807.62,-78.794
1808.11,-79.521
1808.59,-79.394
1809.08,-80.940
1809.57,-76.564
1810.06,-79.986
1810.55,-80.264
1811.04,-80.281
1811.52,-79.562
1812.01,-79.072
1812.50,-78.579
1812.99,-77.283
1813.48,-78.317
1813.96,-77.777
1814.45,-79.348
1814.94,-79.416
1815.43,-79.568
1815.92,-79.638
1816.41,-79.089
1816.89,-80.002
1817.38,-79.718
1817.87,-80.240
1818.36,-79.521
1818.85,-80.741
1819.34,-77.620
1819.82,-80.631
1820.31,-79.850
1820.80,-78.314
1821.29,-80.170
1821.78,-79.482
1822.27,-80.174
1822.75,-80.854
1823.24,-80.035
1823.73,-78.636
1824.22,-79.599
1824.71,-79.971
1825.20,-79.837
1825.68,-80.206
1826.17,-80.185
1826.66,-80.486
1827.15,-82.253
1827.64,-80.951
1828.12,-80.019
1828.61,-79.534
1829.10,-78.723
1829.59,-78.885
1830.08,-80.411
1830.57,-79.097
1831.05,-81.470
1831.54,-79.378
1832.03,-79.630
1832.52,-78.527
1833.01,-78.034
1833.50,-80.444
1833.98,-79.339
1834.47,-79.966
1834.96,-80.324
1835.45,-79.082
1835.94,-80.709
1836.43,-80.670
1836.91,-79.876
1837.40,-80.520
1837.89,-79.513
1838.38,-79.799
1838.87,-80.305
1839.36,-79.906
1839.84,-79.132
1840.33,-79.383
1840.82,-79.638
1841.31,-80.024
1841.80,-79.775
1842.29,-79.047
1842.77,-80.468
1843.26,-79.579
1843.75,-80.566
1844.24,-79.980
1844.73,-82.037
1845.21,-79.385
1845.70,-79.604
1846.19,-80.670
1846.68,-81.064
1847.17,-79.687
1847.66,-79.409
1848.14,-80.837
1848.63,-79.980
1849.12,-79.544
1849.61,-81.378
1850.10,-79.240
1850.59,-79.663
1851.07,-81.974
1851.56,-79.592
1852.05,-78.547
1852.54,-79.128
1853.03,-78.484
1853.52,-80.571
1854.00,-80.282
1854.49,-80.614
1854.98,-79.125
1855.47,-80.803
1855.96,-79.601
1856.45,-78.439
1856.93,-79.111
1857.42,-81.557
1857.91,-80.484
1858.40,-81.677
1858.89,-79.778
1859.38,-80.055
1859.86,-81.169
1860.35,-81.080
1860.84,-81.124
1861.33,-80.096
1861.82,-79.105
1862.30,-80.345
1862.79,-81.029
1863.28,-79.811
1863.77,-80.462
1864.26,-79.915
1864.75,-79.822
1865.23,-80.924
1865.72,-81.213
1866.21,-79.724
1866.70,-81.977
1867.19,-81.046
1867.68,-82.207
1868.16,-81.216
1868.65,-80.845
1869.14,-80.434
1869.63,-79.658
1870.12,-80.414
1870.61,-80.934
1871.09,-81.124
1871.58,-80.379
1872.07,-79.258
1872.56,-81.227
1873.05,-80.874
1873.54,-80.032
1874.02,-81.707
1874.51,-80.726
1875.00,-81.161
1875.49,-82.025
1875.98,-78.875
1876.46,-80.418
1876.95,-79.715
1877.44,-81.232
1877.93,-81.709
1878.42,-81.597
1878.91,-80.725
1879.39,-82.532
1879.88,-78.975
1880.37,-79.520
1880.86,-80.290
1881.35,-81.140
1881.84,-78.423
1882.32,-77.831
1882.81,-79.481
1883.30,-79.634
1883.79,-80.104
1884.28,-81.021
1884.77,-80.175
1885.25,-80.930
1885.74,-79.990
1886.23,-82.045
1886.72,-80.244
1887.21,-79.782
1887.70,-79.187
1888.18,-80.158
1888.67,-80.781
1889.16,-80.846
1889.65,-80.690
1890.14,-81.547
1890.62,-82.681
1891.11,-82.441
1891.60,-80.049
1892.09,-79.055
1892.58,-80.372
1893.07,-80.882
1893.55,-80.381
1894.04,-79.315
1894.53,-79.601
1895.02,-80.255
1895.51,-81.213
1896.00,-80.293
1896.48,-79.742
1896.97,-80.918
1897.46,-78.757
1897.95,-79.641
1898.44,-80.544
1898.93,-81.307
1899.41,-82.242
1899.90,-80.849
1900.39,-80.607
1900.88,-78.751
1901.37,-79.729
1901.86,-79.758
1902.34,-80.866
1902.83,-81.322
1903.32,-79.988
1903.81,-79.902
1904.30,-80.734
1904.79,-81.164
1905.27,-79.056
1905.76,-79.079
1906.25,-80.296
1906.74,-81.584
1907.23,-80.450
1907.71,-78.524
1908.20,-79.513
1908.69,-79.318
1909.18,-80.707
1909.67,-79.924
1910.16,-78.621
1910.64,-80.828
1911.13,-79.241
1911.62,-80.947
1912.11,-82.143
1912.60,-80.144
1913.09,-80.562
1913.57,-80.875
1914.06,-79.508
1914.55,-80.970
1915.04,-79.511
1915.53,-81.090
1916.02,-79.873
1916.50,-79.903
1916.99,-79.872
1917.48,-79.247
1917.97,-79.611
1918.46,-80.225
1918.95,-80.990
1919.43,-80.411
1919.92,-80.185
1920.41,-79.531
1920.90,-79.479
1921.39,-79.201
1921.88,-79.433
1922.36,-80.371
1922.85,-80.046
1923.34,-78.987
1923.83,-80.472
1924.32,-81.348
1924.80,-81.536
1925.29,-79.874
1925.78,-80.086
1926.27,-80.522
1926.76,-79.618
1927.25,-80.096
1927.73,-83.214
1928.22,-80.313
1928.71,-81.436
1929.20,-79.880
1929.69,-80.670
1930.18,-80.964
1930.66,-79.509
1931.15,-80.636
1931.64,-80.118
1932.13,-80.246
1932.62,-80.088
1933.11,-80.468
1933.59,-78.859
1934.08,-81.117
1934.57,-80.181
1935.06,-80.219
1935.55,-80.340
1936.04,-80.032
1936.52,-80.265
1937.01,-79.925
1937.50,-79.054
1937.99,-80.105
1938.48,-79.971
1938.96,-79.023
1939.45,-80.456
1939.94,-79.999
1940.43,-81.152
1940.92,-80.984
1941.41,-81.125
1941.89,-82.370
1942.38,-79.456
1942.87,-79.664
1943.36,-78.664
1943.85,-79.785
1944.34,-79.416
1944.82,-80.993
1945.31,-79.667
1945.80,-80.332
1946.29,-79.213
1946.78,-79.607
1947.27,-79.509
1947.75,-80.702
1948.24,-78.409
1948.73,-79.055
1949.22,-79.534
1949.71,-79.362
1950.20,-81.486
1950.68,-79.861
1951.17,-80.336
1951.66,-79.124
1952.15,-79.762
1952.64,-79.609
1953.12,-78.879
1953.61,-80.866
1954.10,-78.918
1954.59,-79.122
1955.08,-81.932
1955.57,-79.823
1956.05,-79.695
1956.54,-80.124
1957.03,-80.062
1957.52,-78.727
1958.01,-79.921
1958.50,-81.456
1958.98,-78.407
1959.47,-79.605
1959.96,-80.334
1960.45,-80.308
1960.94,-80.253
1961.43,-80.891
1961.91,-79.998
1962.40,-78.504
1962.89,-80.376
1963.38,-79.630
1963.87,-80.840
1964.36,-81.120
1964.84,-80.068
1965.33,-80.573
1965.82,-79.029
1966.31,-80.728
1966.80,-80.376
1967.29,-79.945
1967.77,-79.251
1968.26,-80.043
1968.75,-78.882
1969.24,-78.091
1969.73,-80.502
1970.21,-78.145
1970.70,-78.640
1971.19,-80.060
1971.68,-78.432
1972.17,-79.008
1972.66,-79.545
1973.14,-80.437
1973.63,-82.466
1974.12,-79.684
1974.61,-80.111
1975.10,-80.161
1975.59,-78.523
1976.07,-80.218
1976.56,-78.565
1977.05,-78.564
1977.54,-79.043
1978.03,-79.346
1978.52,-78.775
1979.00,-79.872
1979.49,-80.455
1979.98,-78.533
1980.47,-78.589
1980.96,-79.977
1981.45,-77.469
1981.93,-80.020
1982.42,-79.946
1982.91,-81.003
1983.40,-79.445
1983.89,-77.197
1984.38,-78.387
1984.86,-77.176
1985.35,-77.614
1985.84,-80.571
1986.33,-78.891
1986.82,-80.765
1987.30,-78.207
1987.79,-79.066
1988.28,-79.911
1988.77,-78.989
1989.26,-80.015
1989.75,-77.057
1990.23,-79.731
1990.72,-78.984
1991.21,-76.707
1991.70,-79.159
1992.19,-80.611
1992.68,-79.244
1993.16,-79.594
1993.65,-77.692
1994.14,-79.997
1994.63,-77.358
1995.12,-78.041
1995.61,-79.419
1996.09,-78.780
1996.58,-78.143
1997.07,-79.409
1997.56,-80.213
1998.05,-77.579
1998.54,-79.585
1999.02,-79.244
1999.51,-78.842
2000.00,-77.079
2000.49,-79.916
2000.98,-78.474
2001.46,-78.437
2001.95,-80.424
2002.44,-79.241
2002.93,-80.068
2003.42,-79.160
2003.91,-79.159
2004.39,-79.064
2004.88,-79.852
2005.37,-78.919
2005.86,-78.489
2006.35,-77.757
2006.84,-77.792
2007.32,-77.865
2007.81,-77.632
2008.30,-78.741
2008.79,-77.397
2009.28,-77.945
2009.77,-78.127
2010.25,-77.894
2010.74,-79.067
2011.23,-76.751
2011.72,-78.327
2012.21,-76.519
2012.70,-79.554
2013.18,-78.914
2013.67,-79.743
2014.16,-79.276
2014.65,-78.632
2015.14,-78.726
2015.62,-78.974
2016.11,-77.985
2016.60,-79.683
2017.09,-78.815
2017.58,-76.797
2018.07,-77.916
2018.55,-78.533
2019.04,-79.066
2019.53,-78.166
2020.02,-77.084
2020.51,-76.754
2021.00,-79.215
2021.48,-78.168
2021.97,-79.391
2022.46,-80.487
2022.95,-80.241
2023.44,-80.051
2023.93,-78.198
2024.41,-77.178
2024.90,-77.269
2025.39,-77.429
2025.88,-78.790
2026.37,-78.754
2026.86,-77.662
2027.34,-77.631
2027.83,-77.500
2028.32,-80.166
2028.81,-76.542
2029.30,-77.490
2029.79,-78.149
2030.27,-77.532
2030.76,-77.539
2031.25,-77.462
2031.74,-78.347
2032.23,-78.993
2032.71,-77.072
2033.20,-77.737
2033.69,-78.592
2034.18,-77.710
2034.67,-76.851
2035.16,-77.794
2035.64,-77.447
2036.13,-77.145
2036.62,-77.320
2037.11,-77.849
2037.60,-77.280
2038.09,-78.063
2038.57,-78.629
2039.06,-77.855
2039.55,-76.740
2040.04,-78.935
2040.53,-78.050
2041.02,-79.487
2041.50,-78.919
2041.99,-78.249
2042.48,-76.449
2042.97,-77.192
2043.46,-78.523
2043.95,-77.335
2044.43,-77.246
2044.92,-79.111
2045.41,-77.476
2045.90,-77.299
2046.39,-77.025
2046.88,-76.165
2047.36,-76.977
2047.85,-77.122
2048.34,-75.846
2048.83,-75.821
2049.32,-76.418
2049.80,-75.818
2050.29,-76.322
2050.78,-76.053
2051.27,-75.549
2051.76,-76.817
2052.25,-76.458
2052.73,-74.615
2053.22,-76.409
2053.71,-75.149
2054.20,-76.502
2054.69,-76.883
2055.18,-76.740
2055.66,-74.718
2056.15,-76.734
2056.64,-75.611
2057.13,-74.049
2057.62,-75.447
2058.11,-76.840
2058.59,-76.655
2059.08,-77.457
2059.57,-74.751
2060.06,-77.503
2060.55,-76.601
2061.04,-74.322
2061.52,-75.252
2062.01,-76.198
2062.50,-75.907
2062.99,-74.727
2063.48,-75.957
2063.96,-77.295
2064.45,-75.345
2064.94,-75.091
2065.43,-76.237
2065.92,-75.355
2066.41,-75.940
2066.89,-75.778
2067.38,-75.929
2067.87,-76.245
2068.36,-75.549
2068.85,-74.974
2069.34,-77.663
2069.82,-75.286
2070.31,-74.643
2070.80,-77.545
2071.29,-76.752
2071.78,-74.105
2072.27,-74.649
2072.75,-76.919
2073.24,-74.437
2073.73,-75.834
2074.22,-73.829
2074.71,-73.845
2075.20,-73.295
2075.68,-75.161
2076.17,-74.085
2076.66,-74.406
2077.15,-74.964
2077.64,-75.044
2078.12,-75.467
2078.61,-76.059
2079.10,-75.003
2079.59,-75.573
2080.08,-74.891
2080.57,-74.288
2081.05,-74.990
2081.54,-75.829
2082.03,-74.777
2082.52,-74.032
2083.01,-75.574
2083.50,-75.495
2083.98,-76.015
2084.47,-76.708
2084.96,-74.398
2085.45,-74.218
2085.94,-75.990
2086.43,-74.845
2086.91,-74.384
2087.40,-73.346
2087.89,-74.821
2088.38,-74.934
2088.87,-75.172
2089.36,-74.661
2089.84,-74.596
2090.33,-73.816
2090.82,-74.561
2091.31,-75.179
2091.80,-74.521
2092.29,-73.541
2092.77,-74.429
2093.26,-73.687
2093.75,-73.763
2094.24,-74.073
2094.73,-73.520
2095.21,-73.257
2095.70,-72.738
2096.19,-72.779
2096.68,-73.081
2097.17,-75.193
2097.66,-74.684
2098.14,-74.072
2098.63,-72.836
2099.12,-71.937
2099.61,-70.881
2100.10,-74.938
2100.59,-74.442
2101.07,-74.259
2101.56,-73.824
2102.05,-74.621
2102.54,-74.824
2103.03,-73.213
2103.52,-72.933
2104.00,-72.627
2104.49,-71.815
2104.98,-72.416
2105.47,-72.607
2105.96,-73.254
2106.45,-73.872
2106.93,-73.887
2107.42,-73.699
2107.91,-75.059
2108.40,-72.643
2108.89,-73.154
2109.38,-73.280
2109.86,-72.209
2110.35,-72.513
2110.84,-70.150
2111.33,-70.272
2111.82,-70.550
2112.30,-71.342
2112.79,-71.865
2113.28,-73.366
2113.77,-73.127
2114.26,-72.203
2114.75,-72.675
2115.23,-73.722
2115.72,-72.047
2116.21,-71.349
2116.70,-72.466
2117.19,-72.385
2117.68,-71.435
2118.16,-71.329
2118.65,-72.957
2119.14,-75.173
2119.63,-71.637
2120.12,-72.334
2120.61,-71.472
2121.09,-70.386
2121.58,-73.964
2122.07,-70.074
2122.56,-71.899
2123.05,-72.026
2123.54,-71.617
2124.02,-70.627
2124.51,-69.668
2125.00,-70.996
2125.49,-70.667
2125.98,-69.974
2126.46,-69.892
2126.95,-70.509
2127.44,-70.475
2127.93,-69.362
2128.42,-70.883
2128.91,-69.347
2129.39,-70.482
2129.88,-71.165
2130.37,-71.140
2130.86,-69.577
2131.35,-70.260
2131.84,-70.836
2132.32,-70.310
2132.81,-69.255
2133.30,-69.549
2133.79,-70.318
2134.28,-70.588
2134.77,-72.287
2135.25,-68.502
2135.74,-70.615
2136.23,-69.673
2136.72,-70.796
2137.21,-69.876
2137.70,-69.418
2138.18,-68.681
2138.67,-68.415
2139.16,-69.438
2139.65,-68.569
2140.14,-70.504
2140.62,-67.878
2141.11,-69.098
2141.60,-69.508
2142.09,-68.809
2142.58,-68.994
2143.07,-68.752
2143.55,-68.662
2144.04,-68.510
2144.53,-70.070
2145.02,-68.734
2145.51,-69.156
2146.00,-69.772
2146.48,-68.440
2146.97,-68.319
2147.46,-70.104
2147.95,-67.555
2148.44,-68.442
2148.93,-70.239
2149.41,-68.881
2149.90,-68.659
2150.39,-68.959
2150.88,-68.372
2151.37,-66.651
2151.86,-68.227
2152.34,-67.663
2152.83,-66.847
2153.32,-67.931
2153.81,-68.801
2154.30,-67.410
2154.79,-66.855
2155.27,-66.464
2155.76,-66.573
2156.25,-66.501
2156.74,-66.450
2157.23,-67.065
2157.71,-67.207
2158.20,-67.545
2158.69,-67.005
2159.18,-66.335
2159.67,-67.002
2160.16,-67.132
2160.64,-67.780
2161.13,-66.727
2161.62,-66.130
2162.11,-66.287
2162.60,-66.917
2163.09,-64.618
2163.57,-65.636
2164.06,-65.570
2164.55,-66.477
2165.04,-66.380
2165.53,-65.694
2166.02,-64.704
2166.50,-64.914
2166.99,-65.908
2167.48,-64.449
2167.97,-66.128
2168.46,-63.504
2168.95,-64.206
2169.43,-65.074
2169.92,-65.634
2170.41,-64.791
2170.90,-62.935
2171.39,-63.612
2171.88,-64.113
2172.36,-63.930
2172.85,-63.312
2173.34,-62.548
2173.83,-64.076
2174.32,-66.839
2174.80,-64.572
2175.29,-62.999
2175.78,-65.653
2176.27,-66.077
2176.76,-63.193
2177.25,-62.925
2177.73,-63.835
2178.22,-64.680
2178.71,-65.464
2179.20,-62.538
2179.69,-64.473
2180.18,-62.591
2180.66,-63.881
2181.15,-63.540
2181.64,-63.726
2182.13,-63.351
2182.62,-62.198
2183.11,-63.291
2183.59,-62.121
2184.08,-61.952
2184.57,-61.567
2185.06,-61.185
2185.55,-62.523
2186.04,-62.396
2186.52,-62.581
2187.01,-61.898
2187.50,-62.629
2187.99,-61.952
2188.48,-61.860
2188.96,-62.316
2189.45,-61.734
2189.94,-61.659
2190.43,-62.349
2190.92,-62.094
2191.41,-61.475
2191.89,-61.711
2192.38,-60.509
2192.87,-61.388
2193.36,-61.138
2193.85,-62.445
2194.34,-61.837
2194.82,-63.019
2195.31,-61.719
2195.80,-60.211
2196.29,-61.210
2196.78,-61.363
2197.27,-62.002
2197.75,-62.517
2198.24,-61.504
2198.73,-62.893
2199.22,-60.925
2199.71,-60.987
2200.20,-61.294
2200.68,-59.847
2201.17,-63.497
2201.66,-62.254
2202.15,-62.497
2202.64,-61.144
2203.12,-61.788
2203.61,-60.731
2204.10,-61.024
2204.59,-60.567
2205.08,-61.508
2205.57,-61.918
2206.05,-61.040
2206.54,-60.194
2207.03,-60.847
2207.52,-61.567
2208.01,-62.260
2208.50,-62.615
2208.98,-63.232
2209.47,-60.999
2209.96,-61.970
2210.45,-62.727
2210.94,-62.995
2211.43,-63.681
2211.91,-61.870
2212.40,-63.174
2212.89,-61.980
2213.38,-61.143
2213.87,-63.005
2214.36,-63.486
2214.84,-63.431
2215.33,-63.694
2215.82,-63.458
2216.31,-63.431
2216.80,-64.486
2217.29,-62.322
2217.77,-62.897
2218.26,-62.790
2218.75,-62.089
2219.24,-62.728
2219.73,-64.714
2220.21,-63.059
2220.70,-62.823
2221.19,-63.115
2221.68,-63.537
2222.17,-61.313
2222.66,-63.730
2223.14,-65.228
2223.63,-64.366
2224.12,-63.408
2224.61,-63.243
2225.10,-64.275
2225.59,-64.124
2226.07,-64.508
2226.56,-64.665
2227.05,-64.513
2227.54,-65.154
2228.03,-65.181
2228.52,-65.393
2229.00,-66.527
2229.49,-65.079
2229.98,-64.732
2230.47,-64.266
2230.96,-64.317
2231.45,-65.694
2231.93,-62.878
2232.42,-65.601
2232.91,-65.776
2233.40,-63.237
2233.89,-63.502
2234.38,-65.312
2234.86,-65.859
2235.35,-65.024
2235.84,-65.187
2236.33,-65.866
2236.82,-65.130
2237.30,-64.343
2237.79,-65.316
2238.28,-64.368
2238.77,-64.658
2239.26,-66.850
2239.75,-67.928
2240.23,-67.101
2240.72,-67.870
2241.21,-67.371
2241.70,-65.590
2242.19,-67.612
2242.68,-67.922
2243.16,-68.234
2243.65,-66.523
2244.14,-68.875
2244.63,-66.412
2245.12,-67.493
2245.61,-67.336
2246.09,-68.824
2246.58,-66.610
2247.07,-68.526
2247.56,-67.532
2248.05,-67.242
2248.54,-67.282
2249.02,-68.692
2249.51,-65.074
2250.00,-67.674
2250.49,-67.450
2250.98,-68.865
2251.46,-68.115
2251.95,-66.848
2252.44,-68.702
2252.93,-67.159
2253.42,-68.891
2253.91,-70.473
2254.39,-68.870
2254.88,-69.411
2255.37,-68.823
2255.86,-68.578
2256.35,-68.022
2256.84,-68.893
2257.32,-68.385
2257.81,-67.018
2258.30,-69.110
2258.79,-67.598
2259.28,-68.529
2259.77,-69.165
2260.25,-68.717
2260.74,-68.693
2261.23,-69.352
2261.72,-68.962
2262.21,-67.192
2262.70,-67.989
2263.18,-69.856
2263.67,-70.532
2264.16,-70.384
2264.65,-69.862
2265.14,-69.107
2265.62,-69.333
2266.11,-69.021
2266.60,-67.646
2267.09,-68.075
2267.58,-69.546
2268.07,-68.746
2268.55,-67.119
2269.04,-70.466
2269.53,-68.735
2270.02,-69.813
2270.51,-68.898
2271.00,-69.373
2271.48,-70.954
2271.97,-70.450
2272.46,-69.432
2272.95,-69.172
2273.44,-70.659
2273.93,-69.439
2274.41,-68.653
2274.90,-71.432
2275.39,-71.905
2275.88,-70.612
2276.37,-70.544
2276.86,-69.908
2277.34,-70.509
2277.83,-71.257
2278.32,-70.877
2278.81,-69.959
2279.30,-69.834
2279.79,-70.053
2280.27,-71.019
2280.76,-70.820
2281.25,-70.982
2281.74,-70.491
2282.23,-69.814
2282.71,-70.047
2283.20,-70.547
2283.69,-69.888
2284.18,-69.551
2284.67,-69.461
2285.16,-70.353
2285.64,-71.740
2286.13,-71.939
2286.62,-71.050
2287.11,-69.490
2287.60,-68.974
2288.09,-70.055
2288.57,-71.647
2289.06,-69.837
2289.55,-70.745
2290.04,-69.805
2290.53,-71.571
2291.02,-71.509
2291.50,-71.175
2291.99,-71.176
2292.48,-69.430
2292.97,-71.190
2293.46,-68.968
2293.95,-70.157
2294.43,-68.796
2294.92,-70.388
2295.41,-72.273
2295.90,-70.971
2296.39,-71.904
2296.88,-71.635
2297.36,-69.904
2297.85,-71.564
2298.34,-72.066
2298.83,-71.954
2299.32,-71.608
2299.80,-70.727
2300.29,-72.160
2300.78,-70.538
2301.27,-70.887
2301.76,-70.414
2302.25,-70.750
2302.73,-69.869
2303.22,-69.943
2303.71,-73.387
2304.20,-69.936
2304.69,-71.015
2305.18,-71.718
2305.66,-72.761
2306.15,-71.238
2306.64,-70.123
2307.13,-71.037
2307.62,-71.899
2308.11,-72.145
2308.59,-72.122
2309.08,-71.041
2309.57,-72.248
2310.06,-72.005
2310.55,-72.842
2311.04,-73.136
2311.52,-73.380
2312.01,-72.153
2312.50,-71.499
2312.99,-73.981
2313.48,-73.276
2313.96,-72.353
2314.45,-73.080
2314.94,-72.827
2315.43,-72.534
2315.92,-71.852
2316.41,-71.993
2316.89,-73.384
2317.38,-73.031
2317.87,-72.045
2318.36,-73.530
2318.85,-72.700
2319.34,-73.169
2319.82,-73.365
2320.31,-73.792
2320.80,-71.782
2321.29,-73.116
2321.78,-73.206
2322.27,-72.732
2322.75,-72.665
2323.24,-71.507
2323.73,-72.120
2324.22,-72.559
2324.71,-72.435
2325.20,-72.465
2325.68,-71.778
2326.17,-72.751
2326.66,-72.495
2327.15,-71.469
2327.64,-74.016
2328.12,-74.600
2328.61,-72.944
2329.10,-74.202
2329.59,-72.633
2330.08,-72.903
2330.57,-73.560
2331.05,-74.717
2331.54,-73.139
2332.03,-72.469
2332.52,-73.545
2333.01,-72.054
2333.50,-71.561
2333.98,-72.511
2334.47,-73.781
2334.96,-72.990
2335.45,-72.868
2335.94,-72.822
2336.43,-73.063
2336.91,-72.410
2337.40,-73.122
2337.89,-75.340
2338.38,-72.331
2338.87,-74.230
2339.36,-73.690
2339.84,-72.762
2340.33,-72.943
2340.82,-74.323
2341.31,-73.117
2341.80,-74.093
2342.29,-75.698
2342.77,-73.277
2343.26,-74.052
2343.75,-74.474
2344.24,-73.887
2344.73,-74.010
2345.21,-74.083
2345.70,-74.426
2346.19,-72.888
2346.68,-72.942
2347.17,-74.083
2347.66,-74.221
2348.14,-74.479
2348.63,-72.410
2349.12,-73.099
2349.61,-74.212
2350.10,-73.087
2350.59,-73.921
2351.07,-74.053
2351.56,-73.415
2352.05,-72.009
2352.54,-73.277
2353.03,-74.157
2353.52,-72.389
2354.00,-73.364
2354.49,-71.906
2354.98,-72.596
2355.47,-73.845
2355.96,-73.973
2356.45,-75.233
2356.93,-75.250
2357.42,-72.347
2357.91,-73.843
2358.40,-73.516
2358.89,-73.950
2359.38,-73.789
2359.86,-72.134
2360.35,-72.954
2360.84,-75.786
2361.33,-73.947
2361.82,-72.408
2362.30,-73.689
2362.79,-72.678
2363.28,-74.078
2363.77,-73.532
2364.26,-73.451
2364.75,-72.339
2365.23,-74.025
2365.72,-73.863
2366.21,-74.017
2366.70,-71.932
2367.19,-74.479
2367.68,-74.002
2368.16,-73.373
2368.65,-74.803
2369.14,-74.982
2369.63,-74.794
2370.12,-74.540
2370.61,-72.867
2371.09,-75.095
2371.58,-73.409
2372.07,-74.637
2372.56,-73.757
2373.05,-73.251
2373.54,-75.870
2374.02,-75.345
2374.51,-74.263
2375.00,-73.063
2375.49,-72.949
2375.98,-73.755
2376.46,-74.755
2376.95,-74.526
2377.44,-73.629
2377.93,-74.084
2378.42,-73.692
2378.91,-74.262
2379.39,-74.991
2379.88,-73.441
2380.37,-74.096
2380.86,-73.528
2381.35,-74.702
2381.84,-75.557
2382.32,-73.836
2382.81,-74.839
2383.30,-75.777
2383.79,-74.417
2384.28,-73.920
2384.77,-74.267
2385.25,-73.352
2385.74,-74.321
2386.23,-74.593
2386.72,-72.755
2387.21,-72.982
2387.70,-73.784
2388.18,-73.343
2388.67,-73.047
2389.16,-73.042
2389.65,-72.969
2390.14,-73.836
2390.62,-73.511
2391.11,-73.192
2391.60,-75.703
2392.09,-74.431
2392.58,-72.847
2393.07,-73.324
2393.55,-72.744
2394.04,-74.429
2394.53,-74.703
2395.02,-76.625
2395.51,-73.406
2396.00,-74.487
2396.48,-73.714
2396.97,-72.628
2397.46,-72.826
2397.95,-72.815
2398.44,-72.533
2398.93,-74.818
2399.41,-75.023
2399.90,-76.016
2400.39,-75.146
2400.88,-75.489
2401.37,-75.077
2401.86,-74.343
2402.34,-73.265
2402.83,-72.739
2403.32,-75.075
2403.81,-74.127
2404.30,-74.762
2404.79,-73.923
2405.27,-73.761
2405.76,-74.893
2406.25,-74.936
2406.74,-74.674
2407.23,-74.723
2407.71,-72.374
2408.20,-74.094
2408.69,-75.933
2409.18,-76.586
2409.67,-75.716
2410.16,-74.360
2410.64,-73.841
2411.13,-73.997
2411.62,-73.795
2412.11,-73.343
2412.60,-73.142
2413.09,-74.864
2413.57,-75.905
2414.06,-75.270
2414.55,-74.362
2415.04,-74.783
2415.53,-74.443
2416.02,-74.669
2416.50,-72.833
2416.99,-74.099
2417.48,-75.328
2417.97,-75.493
2418.46,-73.747
2418.95,-74.949
2419.43,-74.582
2419.92,-76.072
2420.41,-74.439
2420.90,-75.245
2421.39,-74.658
2421.88,-73.411
2422.36,-75.842
2422.85,-75.772
2423.34,-72.804
2423.83,-73.528
2424.32,-72.861
2424.80,-73.288
2425.29,-73.620
2425.78,-74.383
2426.27,-75.002
2426.76,-73.903
2427.25,-73.058
2427.73,-76.479
2428.22,-74.178
2428.71,-73.764
2429.20,-74.399
2429.69,-75.923
2430.18,-73.694
2430.66,-73.207
2431.15,-74.563
2431.64,-73.020
2432.13,-73.424
2432.62,-74.081
2433.11,-74.755
2433.59,-74.097
2434.08,-73.729
2434.57,-74.638
2435.06,-73.065
2435.55,-74.927
2436.04,-72.998
2436.52,-74.683
2437.01,-75.349
2437.50,-73.316
2437.99,-73.662
2438.48,-75.259
2438.96,-74.332
2439.45,-74.170
2439.94,-72.983
2440.43,-72.523
2440.92,-73.638
2441.41,-73.117
2441.89,-74.052
2442.38,-73.577
2442.87,-73.358
2443.36,-74.388
2443.85,-72.730
2444.34,-74.302
2444.82,-75.874
2445.31,-73.696
2445.80,-73.790
2446.29,-74.977
2446.78,-73.824
2447.27,-74.855
2447.75,-75.511
2448.24,-74.012
2448.73,-74.310
2449.22,-73.920
2449.71,-74.526
2450.20,-73.847
2450.68,-74.112
2451.17,-72.608
2451.66,-74.189
2452.15,-73.998
2452.64,-72.441
2453.12,-72.250
2453.61,-73.196
2454.10,-73.334
2454.59,-71.875
2455.08,-72.765
2455.57,-73.844
2456.05,-75.746
2456.54,-74.120
2457.03,-75.711
2457.52,-74.969
2458.01,-73.362
2458.50,-75.443
2458.98,-73.949
2459.47,-75.032
2459.96,-74.000
2460.45,-73.103
2460.94,-74.778
2461.43,-73.703
2461.91,-74.432
2462.40,-73.573
2462.89,-74.348
2463.38,-75.380
2463.87,-73.623
2464.36,-76.639
2464.84,-74.252
2465.33,-74.777
2465.82,-73.682
2466.31,-75.553
2466.80,-74.712
2467.29,-74.326
2467.77,-73.465
2468.26,-72.981
2468.75,-74.848
2469.24,-73.294
2469.73,-74.453
2470.21,-73.619
2470.70,-74.297
2471.19,-73.638
2471.68,-74.851
2472.17,-75.641
2472.66,-73.857
2473.14,-73.310
2473.63,-74.932
2474.12,-72.916
2474.61,-73.519
2475.10,-73.689
2475.59,-73.684
2476.07,-73.737
2476.56,-73.425
2477.05,-75.612
2477.54,-74.591
2478.03,-74.712
2478.52,-74.331
2479.00,-74.181
2479.49,-73.568
2479.98,-73.913
2480.47,-74.185
2480.96,-73.144
2481.45,-73.024
2481.93,-73.534
2482.42,-73.830
2482.91,-72.673
2483.40,-74.190
2483.89,-71.827
2484.38,-73.485
2484.86,-72.217
2485.35,-72.195
2485.84,-72.650
2486.33,-71.781
2486.82,-73.695
2487.30,-73.762
2487.79,-75.087
2488.28,-74.289
2488.77,-73.892
2489.26,-73.142
2489.75,-74.038
2490.23,-72.867
2490.72,-73.603
2491.21,-72.673
2491.70,-73.977
2492.19,-74.305
2492.68,-73.380
2493.16,-73.629
2493.65,-73.057
2494.14,-73.437
2494.63,-74.457
2495.12,-74.324
2495.61,-73.451
2496.09,-72.176
2496.58,-73.099
2497.07,-72.450
2497.56,-73.861
2498.05,-73.300
2498.54,-73.302
2499.02,-72.512
2499.51,-71.269
2500.00,-72.547
2500.49,-73.942
2500.98,-73.279
2501.46,-71.514
2501.95,-72.642
2502.44,-73.602
2502.93,-72.580
2503.42,-72.950
2503.91,-73.311
2504.39,-73.898
2504.88,-73.256
2505.37,-72.587
2505.86,-74.014
2506.35,-72.815
2506.84,-72.842
2507.32,-73.429
2507.81,-71.730
2508.30,-72.725
2508.79,-71.942
2509.28,-72.080
2509.77,-72.251
2510.25,-71.815
2510.74,-70.768
2511.23,-72.243
2511.72,-70.585
2512.21,-73.074
2512.70,-71.699
2513.18,-73.580
2513.67,-73.183
2514.16,-73.158
2514.65,-71.856
2515.14,-71.955
2515.62,-72.168
2516.11,-72.867
2516.60,-72.367
2517.09,-73.177
2517.58,-72.917
2518.07,-72.833
2518.55,-72.558
2519.04,-72.350
2519.53,-71.597
2520.02,-72.382
2520.51,-72.186
2521.00,-72.308
2521.48,-74.018
2521.97,-72.024
2522.46,-72.612
2522.95,-71.853
2523.44,-70.630
2523.93,-72.272
2524.41,-72.316
2524.90,-72.839
2525.39,-71.204
2525.88,-71.679
2526.37,-71.591
2526.86,-71.703
2527.34,-70.288
2527.83,-72.493
2528.32,-71.921
2528.81,-71.463
2529.30,-72.211
2529.79,-75.159
2530.27,-72.294
2530.76,-72.095
2531.25,-71.300
2531.74,-71.157
2532.23,-71.698
2532.71,-69.928
2533.20,-73.261
2533.69,-71.808
2534.18,-72.477
2534.67,-72.030
2535.16,-71.912
2535.64,-70.891
2536.13,-69.947
2536.62,-74.386
2537.11,-71.733
2537.60,-71.515
2538.09,-72.390
2538.57,-71.292
2539.06,-72.120
2539.55,-72.618
2540.04,-70.794
2540.53,-71.974
2541.02,-70.757
2541.50,-72.095
2541.99,-72.270
2542.48,-70.881
2542.97,-72.392
2543.46,-71.242
2543.95,-69.823
2544.43,-71.208
2544.92,-71.536
2545.41,-71.455
2545.90,-74.637
2546.39,-72.665
2546.88,-71.394
2547.36,-71.613
2547.85,-72.706
2548.34,-72.257
2548.83,-71.429
2549.32,-72.573
2549.80,-70.983
2550.29,-71.056
2550.78,-69.476
2551.27,-71.556
2551.76,-71.447
2552.25,-71.790
2552.73,-71.992
2553.22,-71.466
2553.71,-70.082
2554.20,-72.425
2554.69,-71.971
2555.18,-71.089
2555.66,-71.950
2556.15,-70.819
2556.64,-71.102
2557.13,-70.526
2557.62,-71.293
2558.11,-71.042
2558.59,-71.795
2559.08,-70.499
2559.57,-71.735
2560.06,-71.609
2560.55,-69.912
2561.04,-70.137
2561.52,-68.670
2562.01,-72.004
2562.50,-71.615
2562.99,-69.306
2563.48,-69.378
2563.96,-72.644
2564.45,-69.708
2564.94,-70.858
2565.43,-71.172
2565.92,-70.383
2566.41,-70.494
2566.89,-72.069
2567.38,-71.815
2567.87,-70.659
2568.36,-70.702
2568.85,-69.518
2569.34,-69.973
2569.82,-69.708
2570.31,-69.713
2570.80,-69.359
2571.29,-69.990
2571.78,-70.866
2572.27,-71.485
2572.75,-70.680
2573.24,-68.984
2573.73,-69.884
2574.22,-69.295
2574.71,-69.489
2575.20,-70.008
2575.68,-70.611
2576.17,-69.666
2576.66,-71.079
2577.15,-69.150
2577.64,-69.158
2578.12,-68.463
2578.61,-69.534
2579.10,-69.182
2579.59,-68.816
2580.08,-68.356
2580.57,-70.461
2581.05,-69.635
2581.54,-69.815
2582.03,-70.232
2582.52,-69.239
2583.01,-69.347
2583.50,-67.847
2583.98,-68.998
2584.47,-69.143
2584.96,-70.428
2585.45,-69.279
2585.94,-69.090
2586.43,-69.319
2586.91,-69.817
2587.40,-69.470
2587.89,-69.063
2588.38,-68.090
2588.87,-70.596
2589.36,-70.243
2589.84,-70.718
2590.33,-69.442
2590.82,-67.885
2591.31,-67.819
2591.80,-69.682
2592.29,-70.343
2592.77,-68.015
2593.26,-67.310
2593.75,-70.473
2594.24,-67.630
2594.73,-70.591
2595.21,-68.853
2595.70,-71.012
2596.19,-70.055
2596.68,-69.587
2597.17,-68.385
2597.66,-68.238
2598.14,-69.651
2598.63,-68.323
2599.12,-68.060
2599.61,-69.566
2600.10,-67.295
2600.59,-69.309
2601.07,-69.243
2601.56,-67.270
2602.05,-68.607
2602.54,-67.833
2603.03,-68.918
2603.52,-69.482
2604.00,-68.761
2604.49,-68.348
2604.98,-69.261
2605.47,-67.687
2605.96,-67.891
2606.45,-68.862
2606.93,-68.629
2607.42,-67.003
2607.91,-68.630
2608.40,-66.269
2608.89,-67.591
2609.38,-67.325
2609.86,-68.615
2610.35,-68.533
2610.84,-68.120
2611.33,-69.802
2611.82,-67.274
2612.30,-68.144
2612.79,-67.407
2613.28,-68.085
2613.77,-68.325
2614.26,-67.911
2614.75,-66.080
2615.23,-68.196
2615.72,-66.376
2616.21,-68.003
2616.70,-69.074
2617.19,-69.510
2617.68,-65.415
2618.16,-68.044
2618.65,-67.564
2619.14,-65.737
2619.63,-67.662
2620.12,-67.281
2620.61,-66.280
2621.09,-66.187
2621.58,-67.349
2622.07,-67.764
2622.56,-68.751
2623.05,-68.391
2623.54,-66.270
2624.02,-67.062
2624.51,-64.920
2625.00,-67.699
2625.49,-65.346
2625.98,-66.385
2626.46,-67.430
2626.95,-67.634
2627.44,-65.675
2627.93,-66.563
2628.42,-66.419
2628.91,-65.309
2629.39,-67.002
2629.88,-64.961
2630.37,-66.558
2630.86,-66.095
2631.35,-65.980
2631.84,-65.949
2632.32,-64.795
2632.81,-67.607
2633.30,-66.664
2633.79,-68.012
2634.28,-66.911
2634.77,-66.236
2635.25,-65.688
2635.74,-67.146
2636.23,-63.523
2636.72,-65.951
2637.21,-67.325
2637.70,-66.279
2638.18,-64.807
2638.67,-64.688
2639.16,-65.455
2639.65,-65.035
2640.14,-64.712
2640.62,-64.472
2641.11,-65.692
2641.60,-67.069
2642.09,-65.265
2642.58,-64.345
2643.07,-64.308
2643.55,-64.618
2644.04,-66.062
2644.53,-66.429
2645.02,-64.620
2645.51,-64.884
2646.00,-64.161
2646.48,-63.319
2646.97,-65.144
2647.46,-65.562
2647.95,-65.206
2648.44,-66.291
2648.93,-66.768
2649.41,-64.234
2649.90,-65.206
2650.39,-65.663
2650.88,-65.101
2651.37,-63.755
2651.86,-63.719
2652.34,-64.329
2652.83,-66.681
2653.32,-63.903
2653.81,-64.600
2654.30,-64.797
2654.79,-65.467
2655.27,-63.673
2655.76,-65.410
2656.25,-64.418
2656.74,-65.491
2657.23,-64.589
2657.71,-65.387
2658.20,-63.862
2658.69,-63.243
2659.18,-63.616
2659.67,-62.677
2660.16,-62.433
2660.64,-61.751
2661.13,-63.315
2661.62,-64.757
2662.11,-63.667
2662.60,-62.685
2663.09,-64.264
2663.57,-65.013
2664.06,-62.840
2664.55,-63.429
2665.04,-61.945
2665.53,-61.365
2666.02,-62.431
2666.50,-63.713
2666.99,-62.953
2667.48,-62.919
2667.97,-61.574
2668.46,-62.557
2668.95,-62.597
2669.43,-63.818
2669.92,-63.435
2670.41,-63.108
2670.90,-63.482
2671.39,-61.826
2671.88,-63.721
2672.36,-63.028
2672.85,-61.839
2673.34,-61.500
2673.83,-63.238
2674.32,-62.991
2674.80,-61.102
2675.29,-61.891
2675.78,-64.263
2676.27,-61.875
2676.76,-62.183
2677.25,-61.620
2677.73,-61.489
2678.22,-63.425
2678.71,-61.373
2679.20,-62.710
2679.69,-62.922
2680.18,-62.136
2680.66,-60.559
2681.15,-60.489
2681.64,-59.605
2682.13,-59.537
2682.62,-62.575
2683.11,-60.923
2683.59,-63.344
2684.08,-61.124
2684.57,-61.197
2685.06,-60.821
2685.55,-60.211
2686.04,-61.725
2686.52,-62.179
2687.01,-60.272
2687.50,-60.770
2687.99,-59.735
2688.48,-60.269
2688.96,-60.095
2689.45,-60.310
2689.94,-60.028
2690.43,-61.488
2690.92,-58.884
2691.41,-59.925
2691.89,-59.893
2692.38,-59.375
2692.87,-59.013
2693.36,-60.163
2693.85,-58.488
2694.34,-59.595
2694.82,-60.003
2695.31,-59.050
2695.80,-59.298
2696.29,-57.826
2696.78,-57.713
2697.27,-58.212
2697.75,-58.019
2698.24,-57.633
2698.73,-58.005
2699.22,-58.395
2699.71,-57.619
2700.20,-58.439
2700.68,-56.763
2701.17,-58.267
2701.66,-58.668
2702.15,-58.983
2702.64,-58.179
2703.12,-57.515
2703.61,-59.564
2704.10,-57.177
2704.59,-56.776
2705.08,-59.476
2705.57,-59.369
2706.05,-56.924
2706.54,-56.325
2707.03,-58.442
2707.52,-58.037
2708.01,-57.803
2708.50,-58.215
2708.98,-56.718
2709.47,-56.690
2709.96,-57.991
2710.45,-57.113
2710.94,-59.355
2711.43,-56.940
2711.91,-56.170
2712.40,-57.115
2712.89,-56.800
2713.38,-56.673
2713.87,-57.583
2714.36,-56.788
2714.84,-57.376
2715.33,-56.754
2715.82,-59.368
2716.31,-57.064
2716.80,-55.775
2717.29,-57.244
2717.77,-58.247
2718.26,-55.382
2718.75,-56.869
2719.24,-55.518
2719.73,-57.815
2720.21,-59.399
2720.70,-55.756
2721.19,-55.478
2721.68,-54.348
2722.17,-56.754
2722.66,-58.263
2723.14,-55.506
2723.63,-56.323
2724.12,-56.368
2724.61,-54.288
2725.10,-56.197
2725.59,-56.113
2726.07,-57.046
2726.56,-56.294
2727.05,-54.680
2727.54,-56.635
2728.03,-54.014
2728.52,-55.760
2729.00,-54.971
2729.49,-56.500
2729.98,-55.563
2730.47,-54.722
2730.96,-56.645
2731.45,-54.847
2731.93,-54.944
2732.42,-55.857
2732.91,-54.936
2733.40,-55.358
2733.89,-54.238
2734.38,-56.768
2734.86,-54.914
2735.35,-55.926
2735.84,-54.684
2736.33,-54.691
2736.82,-55.940
2737.30,-54.361
2737.79,-54.604
2738.28,-54.221
2738.77,-55.282
2739.26,-55.992
2739.75,-53.917
2740.23,-56.141
2740.72,-57.086
2741.21,-57.119
2741.70,-56.248
2742.19,-55.518
2742.68,-55.709
2743.16,-55.896
2743.65,-55.948
2744.14,-56.304
2744.63,-54.787
2745.12,-57.595
2745.61,-56.679
2746.09,-56.219
2746.58,-55.103
2747.07,-55.096
2747.56,-55.939
2748.05,-55.305
2748.54,-56.974
2749.02,-57.235
2749.51,-55.511
2750.00,-56.592
2750.49,-56.437
2750.98,-56.783
2751.46,-56.617
2751.95,-55.927
2752.44,-56.182
2752.93,-56.686
2753.42,-56.504
2753.91,-56.191
2754.39,-56.535
2754.88,-54.005
2755.37,-55.569
2755.86,-56.171
2756.35,-56.068
2756.84,-56.345
2757.32,-56.242
2757.81,-55.722
2758.30,-56.979
2758.79,-56.543
2759.28,-58.001
2759.77,-56.279
2760.25,-57.334
2760.74,-56.878
2761.23,-56.020
2761.72,-56.502
2762.21,-56.325
2762.70,-56.843
2763.18,-56.145
2763.67,-56.615
2764.16,-57.865
2764.65,-57.299
2765.14,-58.122
2765.62,-56.626
2766.11,-56.225
2766.60,-58.240
2767.09,-58.607
2767.58,-57.014
2768.07,-57.662
2768.55,-59.124
2769.04,-57.650
2769.53,-55.414
2770.02,-57.631
2770.51,-58.418
2771.00,-57.931
2771.48,-56.752
2771.97,-55.808
2772.46,-57.506
2772.95,-58.355
2773.44,-58.033
2773.93,-57.130
2774.41,-56.885
2774.90,-56.967
2775.39,-56.982
2775.88,-58.259
2776.37,-59.579
2776.86,-58.686
2777.34,-58.765
2777.83,-56.644
2778.32,-58.154
2778.81,-59.042
2779.30,-57.722
2779.79,-57.214
2780.27,-57.829
2780.76,-58.501
2781.25,-57.417
2781.74,-59.449
2782.23,-59.394
2782.71,-59.403
2783.20,-59.725
2783.69,-59.925
2784.18,-58.146
2784.67,-57.738
2785.16,-57.476
2785.64,-58.726
2786.13,-58.699
2786.62,-59.605
2787.11,-57.723
2787.60,-59.408
2788.09,-58.927
2788.57,-60.222
2789.06,-60.449
2789.55,-59.723
2790.04,-60.666
2790.53,-60.462
2791.02,-59.694
2791.50,-61.457
2791.99,-61.656
2792.48,-59.267
2792.97,-59.796
2793.46,-59.583
2793.95,-59.335
2794.43,-58.586
2794.92,-58.402
2795.41,-59.868
2795.90,-59.286
2796.39,-59.005
2796.88,-59.035
2797.36,-58.433
2797.85,-58.285
2798.34,-58.753
2798.83,-58.797
2799.32,-58.989
2799.80,-60.023
2800.29,-59.820
2800.78,-59.362
2801.27,-61.829
2801.76,-60.160
2802.25,-61.197
2802.73,-60.708
2803.22,-59.279
2803.71,-60.180
2804.20,-61.116
2804.69,-58.721
2805.18,-61.266
2805.66,-60.014
2806.15,-62.378
2806.64,-62.068
2807.13,-60.450
2807.62,-60.543
2808.11,-60.137
2808.59,-60.500
2809.08,-60.120
2809.57,-60.358
2810.06,-60.540
2810.55,-61.792
2811.04,-59.533
2811.52,-60.942
2812.01,-62.006
2812.50,-61.807
2812.99,-61.687
2813.48,-62.003
2813.96,-61.709
2814.45,-60.271
2814.94,-61.689
2815.43,-63.291
2815.92,-61.508
2816.41,-61.391
2816.89,-61.443
2817.38,-62.881
2817.87,-62.325
2818.36,-60.348
2818.85,-61.569
2819.34,-61.129
2819.82,-62.234
2820.31,-60.940
2820.80,-62.202
2821.29,-62.130
2821.78,-60.555
2822.27,-59.509
2822.75,-60.533
2823.24,-61.496
2823.73,-61.867
2824.22,-61.725
2824.71,-61.396
2825.20,-60.418
2825.68,-62.654
2826.17,-62.286
2826.66,-63.177
2827.15,-61.409
2827.64,-61.437
2828.12,-61.109
2828.61,-61.179
2829.10,-62.446
2829.59,-62.137
2830.08,-62.603
2830.57,-61.476
2831.05,-61.770
2831.54,-61.486
2832.03,-62.850
2832.52,-63.379
2833.01,-63.998
2833.50,-62.751
2833.98,-63.470
2834.47,-63.148
2834.96,-63.939
2835.45,-62.719
2835.94,-60.526
2836.43,-61.728
2836.91,-61.664
2837.40,-63.498
2837.89,-63.524
2838.38,-62.431
2838.87,-62.519
2839.36,-62.223
2839.84,-62.164
2840.33,-63.178
2840.82,-63.288
2841.31,-62.923
2841.80,-62.833
2842.29,-63.925
2842.77,-63.322
2843.26,-62.050
2843.75,-62.458
2844.24,-63.254
2844.73,-62.957
2845.21,-64.708
2845.70,-63.682
2846.19,-62.914
2846.68,-62.916
2847.17,-63.187
2847.66,-63.103
2848.14,-64.141
2848.63,-62.130
2849.12,-63.725
2849.61,-61.699
2850.10,-62.014
2850.59,-62.055
2851.07,-61.637
2851.56,-63.031
2852.05,-62.497
2852.54,-63.310
2853.03,-63.805
2853.52,-63.185
2854.00,-63.645
2854.49,-63.212
2854.98,-63.322
2855.47,-62.532
2855.96,-63.060
2856.45,-64.808
2856.93,-62.881
2857.42,-63.736
2857.91,-62.434
2858.40,-64.552
2858.89,-64.206
2859.38,-63.138
2859.86,-62.733
2860.35,-63.728
2860.84,-64.310
2861.33,-62.963
2861.82,-65.467
2862.30,-65.223
2862.79,-65.179
2863.28,-64.707
2863.77,-63.655
2864.26,-63.406
2864.75,-62.621
2865.23,-65.052
2865.72,-64.330
2866.21,-65.074
2866.70,-62.330
2867.19,-64.754
2867.68,-63.670
2868.16,-63.521
2868.65,-63.971
2869.14,-62.901
2869.63,-62.938
2870.12,-63.993
2870.61,-62.774
2871.09,-64.084
2871.58,-64.057
2872.07,-65.747
2872.56,-65.050
2873.05,-63.549
2873.54,-65.299
2874.02,-63.368
2874.51,-65.887
2875.00,-65.220
2875.49,-63.799
2875.98,-63.390
2876.46,-64.526
2876.95,-64.814
2877.44,-64.222
2877.93,-63.351
2878.42,-64.768
2878.91,-65.483
2879.39,-65.010
2879.88,-63.701
2880.37,-63.250
2880.86,-64.088
2881.35,-63.600
2881.84,-63.344
2882.32,-63.543
2882.81,-64.032
2883.30,-64.353
2883.79,-65.022
2884.28,-63.447
2884.77,-65.228
2885.25,-64.001
2885.74,-64.063
2886.23,-63.696
2886.72,-63.207
2887.21,-64.110
2887.70,-65.194
2888.18,-64.917
2888.67,-63.876
2889.16,-64.401
2889.65,-63.080
2890.14,-64.795
2890.62,-63.157
2891.11,-66.297
2891.60,-67.172
2892.09,-66.179
2892.58,-66.842
2893.07,-64.516
2893.55,-63.588
2894.04,-65.324
2894.53,-64.036
2895.02,-65.752
2895.51,-66.419
2896.00,-65.656
2896.48,-64.976
2896.97,-62.256
2897.46,-63.999
2897.95,-65.284
2898.44,-64.865
2898.93,-66.361
2899.41,-66.228
2899.90,-66.207
2900.39,-65.435
2900.88,-62.754
2901.37,-64.600
2901.86,-64.586
2902.34,-64.540
2902.83,-65.405
2903.32,-64.245
2903.81,-63.582
2904.30,-64.855
2904.79,-63.885
2905.27,-65.336
2905.76,-64.322
2906.25,-64.916
2906.74,-65.228
2907.23,-65.258
2907.71,-66.907
2908.20,-64.525
2908.69,-64.323
2909.18,-64.023
2909.67,-64.666
2910.16,-64.344
2910.64,-64.841
2911.13,-65.676
2911.62,-64.884
2912.11,-66.211
2912.60,-65.695
2913.09,-65.556
2913.57,-65.510
2914.06,-64.429
2914.55,-64.784
2915.04,-63.955
2915.53,-65.366
2916.02,-64.504
2916.50,-65.049
2916.99,-63.666
2917.48,-64.949
2917.97,-66.838
2918.46,-65.208
2918.95,-65.376
2919.43,-65.454
2919.92,-66.362
2920.41,-64.673
2920.90,-64.688
2921.39,-63.412
2921.88,-64.862
2922.36,-64.495
2922.85,-69.053
2923.34,-65.508
2923.83,-65.099
2924.32,-64.938
2924.80,-65.526
2925.29,-65.942
2925.78,-64.663
2926.27,-65.403
2926.76,-66.982
2927.25,-65.648
2927.73,-64.689
2928.22,-65.798
2928.71,-64.456
2929.20,-65.427
2929.69,-64.598
2930.18,-64.851
2930.66,-64.959
2931.15,-63.973
2931.64,-65.257
2932.13,-65.632
2932.62,-66.619
2933.11,-65.934
2933.59,-65.106
2934.08,-65.946
2934.57,-66.502
2935.06,-65.354
2935.55,-64.707
2936.04,-65.847
2936.52,-66.008
2937.01,-65.808
2937.50,-66.425
2937.99,-65.498
2938.48,-64.820
2938.96,-65.383
2939.45,-65.382
2939.94,-63.170
2940.43,-63.948
2940.92,-66.271
2941.41,-66.109
2941.89,-66.138
2942.38,-65.874
2942.87,-64.253
2943.36,-65.433
2943.85,-65.886
2944.34,-66.300
2944.82,-65.999
2945.31,-65.868
2945.80,-65.510
2946.29,-66.198
2946.78,-65.838
2947.27,-65.152
2947.75,-64.236
2948.24,-63.978
2948.73,-66.305
2949.22,-67.228
2949.71,-65.419
2950.20,-64.953
2950.68,-65.884
2951.17,-64.715
2951.66,-64.055
2952.15,-65.372
2952.64,-66.233
2953.12,-64.331
2953.61,-67.491
2954.10,-66.349
2954.59,-65.789
2955.08,-67.003
2955.57,-65.005
2956.05,-66.852
2956.54,-65.749
2957.03,-66.832
2957.52,-67.212
2958.01,-66.994
2958.50,-65.273
2958.98,-66.014
2959.47,-66.407
2959.96,-65.112
2960.45,-66.044
2960.94,-65.684
2961.43,-65.158
2961.91,-65.502
2962.40,-65.781
2962.89,-66.723
2963.38,-64.631
2963.87,-65.214
2964.36,-66.035
2964.84,-65.729
2965.33,-65.355
2965.82,-66.408
2966.31,-66.069
2966.80,-64.739
2967.29,-66.290
2967.77,-66.778
2968.26,-65.794
2968.75,-65.044
2969.24,-63.857
2969.73,-65.690
2970.21,-63.765
2970.70,-66.247
2971.19,-64.152
2971.68,-66.711
2972.17,-64.957
2972.66,-66.046
2973.14,-65.027
2973.63,-65.232
2974.12,-67.833
2974.61,-65.309
2975.10,-65.088
2975.59,-65.539
2976.07,-64.837
2976.56,-64.347
2977.05,-65.518
2977.54,-64.747
2978.03,-65.979
2978.52,-65.812
2979.00,-66.159
2979.49,-67.159
2979.98,-64.901
2980.47,-66.601
2980.96,-64.098
2981.45,-65.983
2981.93,-64.638
2982.42,-65.158
2982.91,-65.679
2983.40,-64.590
2983.89,-65.879
2984.38,-65.939
2984.86,-64.582
2985.35,-64.763
2985.84,-65.204
2986.33,-65.691
2986.82,-67.818
2987.30,-65.773
2987.79,-65.509
2988.28,-65.082
2988.77,-66.640
2989.26,-65.895
2989.75,-65.250
2990.23,-65.177
2990.72,-65.946
2991.21,-66.429
2991.70,-64.594
2992.19,-66.285
2992.68,-65.236
2993.16,-66.400
2993.65,-65.693
2994.14,-65.746
2994.63,-64.011
2995.12,-65.152
2995.61,-64.657
2996.09,-65.666
2996.58,-66.737
2997.07,-64.657
2997.56,-66.712
2998.05,-65.202
2998.54,-65.250
2999.02,-63.849
2999.51,-67.388
3000.00,-65.784
3000.49,-64.717
3000.98,-65.830
3001.46,-65.153
3001.95,-65.655
3002.44,-65.505
3002.93,-66.392
3003.42,-66.464
3003.91,-66.634
3004.39,-67.700
3004.88,-66.424
3005.37,-67.380
3005.86,-65.112
3006.35,-66.312
3006.84,-65.801
3007.32,-66.284
3007.81,-65.871
3008.30,-64.559
3008.79,-65.428
3009.28,-66.897
3009.77,-64.743
3010.25,-65.801
3010.74,-66.208
3011.23,-66.305
3011.72,-66.414
3012.21,-66.139
3012.70,-66.133
3013.18,-67.716
3013.67,-65.045
3014.16,-66.190
3014.65,-65.672
3015.14,-66.301
3015.62,-65.611
3016.11,-65.603
3016.60,-65.317
3017.09,-65.975
3017.58,-65.439
3018.07,-64.581
3018.55,-67.036
3019.04,-65.216
3019.53,-66.673
3020.02,-65.997
3020.51,-66.455
3021.00,-65.558
3021.48,-66.896
3021.97,-66.717
3022.46,-66.655
3022.95,-64.979
3023.44,-65.567
3023.93,-66.244
3024.41,-65.354
3024.90,-66.729
3025.39,-65.530
3025.88,-64.209
3026.37,-64.213
3026.86,-65.717
3027.34,-65.950
3027.83,-67.751
3028.32,-67.083
3028.81,-66.246
3029.30,-65.242
3029.79,-65.916
3030.27,-64.965
3030.76,-65.316
3031.25,-65.863
3031.74,-66.828
3032.23,-66.358
3032.71,-65.789
3033.20,-66.850
3033.69,-66.958
3034.18,-66.987
3034.67,-66.741
3035.16,-66.098
3035.64,-66.472
3036.13,-63.475
3036.62,-65.187
3037.11,-66.320
3037.60,-65.450
3038.09,-66.582
3038.57,-65.075
3039.06,-66.618
3039.55,-66.664
3040.04,-65.284
3040.53,-66.009
3041.02,-66.256
3041.50,-66.327
3041.99,-65.435
3042.48,-64.844
3042.97,-65.415
3043.46,-66.078
3043.95,-65.630
3044.43,-65.113
3044.92,-65.674
3045.41,-67.155
3045.90,-67.126
3046.39,-65.486
3046.88,-66.129
3047.36,-65.884
3047.85,-66.204
3048.34,-66.610
3048.83,-66.323
3049.32,-66.273
3049.80,-66.856
3050.29,-66.451
3050.78,-65.446
3051.27,-64.401
3051.76,-65.280
3052.25,-65.722
3052.73,-68.014
3053.22,-66.247
3053.71,-65.003
3054.20,-64.501
3054.69,-66.166
3055.18,-66.656
3055.66,-64.700
3056.15,-65.373
3056.64,-67.913
3057.13,-65.692
3057.62,-65.461
3058.11,-66.227
3058.59,-64.804
3059.08,-65.860
3059.57,-66.377
3060.06,-68.220
3060.55,-66.919
3061.04,-65.931
3061.52,-65.973
3062.01,-65.580
3062.50,-66.383
3062.99,-65.029
3063.48,-65.188
3063.96,-66.165
3064.45,-65.375
3064.94,-65.130
3065.43,-66.189
3065.92,-65.645
3066.41,-64.818
3066.89,-66.224
3067.38,-65.550
3067.87,-65.377
3068.36,-66.457
3068.85,-68.045
3069.34,-63.666
3069.82,-66.073
3070.31,-65.899
3070.80,-64.995
3071.29,-66.707
3071.78,-66.123
3072.27,-65.949
3072.75,-66.928
3073.24,-65.579
3073.73,-64.392
3074.22,-66.698
3074.71,-64.548
3075.20,-65.564
3075.68,-65.550
3076.17,-65.942
3076.66,-65.987
3077.15,-66.070
3077.64,-66.300
3078.12,-65.068
3078.61,-65.599
3079.10,-64.882
3079.59,-66.300
3080.08,-66.437
3080.57,-67.727
3081.05,-65.417
3081.54,-66.247
3082.03,-66.524
3082.52,-66.608
3083.01,-65.189
3083.50,-67.015
3083.98,-64.645
3084.47,-66.414
3084.96,-65.236
3085.45,-66.442
3085.94,-65.337
3086.43,-66.145
3086.91,-65.075
3087.40,-66.342
3087.89,-65.856
3088.38,-64.479
3088.87,-65.640
3089.36,-65.144
3089.84,-66.144
3090.33,-64.964
3090.82,-65.649
3091.31,-65.737
3091.80,-65.497
3092.29,-66.487
3092.77,-66.091
3093.26,-65.540
3093.75,-64.767
3094.24,-65.532
3094.73,-66.038
3095.21,-66.090
3095.70,-64.644
3096.19,-64.938
3096.68,-64.552
3097.17,-65.125
3097.66,-66.247
3098.14,-65.228
3098.63,-66.073
3099.12,-65.245
3099.61,-65.273
3100.10,-66.249
3100.59,-64.580
3101.07,-64.776
3101.56,-65.635
3102.05,-64.799
3102.54,-65.691
3103.03,-66.233
3103.52,-66.072
3104.00,-64.328
3104.49,-65.815
3104.98,-64.780
3105.47,-64.014
3105.96,-64.640
3106.45,-65.916
3106.93,-64.792
3107.42,-66.147
3107.91,-64.888
3108.40,-63.868
3108.89,-64.448
3109.38,-65.245
3109.86,-64.447
3110.35,-64.624
3110.84,-64.331
3111.33,-64.501
3111.82,-65.566
3112.30,-64.601
3112.79,-63.297
3113.28,-65.282
3113.77,-64.680
3114.26,-64.607
3114.75,-64.055
3115.23,-65.011
3115.72,-66.332
3116.21,-66.499
3116.70,-65.899
3117.19,-63.929
3117.68,-65.506
3118.16,-66.319
3118.65,-64.715
3119.14,-66.216
3119.63,-65.828
3120.12,-65.757
3120.61,-65.976
3121.09,-64.916
3121.58,-63.933
3122.07,-64.538
3122.56,-64.366
3123.05,-62.779
3123.54,-63.775
3124.02,-63.937
3124.51,-64.489
3125.00,-66.689
3125.49,-66.395
3125.98,-64.892
3126.46,-65.126
3126.95,-64.422
3127.44,-64.176
3127.93,-62.584
3128.42,-64.557
3128.91,-64.564
3129.39,-65.530
3129.88,-63.180
3130.37,-65.966
3130.86,-62.887
3131.35,-62.854
3131.84,-63.132
3132.32,-64.851
3132.81,-66.062
3133.30,-63.251
3133.79,-66.838
3134.28,-64.811
3134.77,-66.152
3135.25,-64.414
3135.74,-64.987
3136.23,-62.765
3136.72,-64.820
3137.21,-65.382
3137.70,-64.554
3138.18,-63.241
3138.67,-65.425
3139.16,-64.557
3139.65,-64.465
3140.14,-64.335
3140.62,-65.087
3141.11,-63.872
3141.60,-65.101
3142.09,-63.313
3142.58,-62.368
3143.07,-63.033
3143.55,-65.244
3144.04,-63.791
3144.53,-63.755
3145.02,-63.355
3145.51,-63.958
3146.00,-62.801
3146.48,-64.463
3146.97,-65.427
3147.46,-64.178
3147.95,-66.969
3148.44,-65.416
3148.93,-64.211
3149.41,-64.229
3149.90,-64.134
3150.39,-64.701
3150.88,-63.991
3151.37,-64.234
3151.86,-63.845
3152.34,-64.066
3152.83,-66.045
3153.32,-64.647
3153.81,-61.947
3154.30,-64.612
3154.79,-64.766
3155.27,-63.756
3155.76,-64.169
3156.25,-63.067
3156.74,-64.675
3157.23,-62.736
3157.71,-64.813
3158.20,-63.009
3158.69,-62.956
3159.18,-63.360
3159.67,-62.930
3160.16,-64.035
3160.64,-64.082
3161.13,-65.250
3161.62,-63.626
3162.11,-62.406
3162.60,-63.023
3163.09,-63.964
3163.57,-64.069
3164.06,-63.113
3164.55,-63.728
3165.04,-63.977
3165.53,-61.737
3166.02,-63.025
3166.50,-64.067
3166.99,-62.277
3167.48,-63.557
3167.97,-64.279
3168.46,-63.270
3168.95,-62.844
3169.43,-62.495
3169.92,-62.412
3170.41,-61.986
3170.90,-62.321
3171.39,-63.860
3171.88,-62.918
3172.36,-62.868
3172.85,-61.925
3173.34,-62.207
3173.83,-63.840
3174.32,-62.665
3174.80,-64.792
3175.29,-62.413
3175.78,-62.700
3176.27,-62.467
3176.76,-61.922
3177.25,-63.840
3177.73,-66.044
3178.22,-65.644
3178.71,-63.158
3179.20,-61.657
3179.69,-63.019
3180.18,-62.237
3180.66,-62.395
3181.15,-62.716
3181.64,-62.477
3182.13,-62.523
3182.62,-62.582
3183.11,-62.785
3183.59,-62.590
3184.08,-63.785
3184.57,-62.083
3185.06,-61.028
3185.55,-61.632
3186.04,-62.091
3186.52,-62.936
3187.01,-63.425
3187.50,-62.021
3187.99,-63.071
3188.48,-62.938
3188.96,-62.971
3189.45,-63.350
3189.94,-61.908
3190.43,-63.733
3190.92,-60.829
3191.41,-61.889
3191.89,-63.389
3192.38,-60.784
3192.87,-60.982
3193.36,-62.010
3193.85,-62.088
3194.34,-62.166
3194.82,-62.521
3195.31,-62.927
3195.80,-61.270
3196.29,-60.500
3196.78,-62.203
3197.27,-61.522
3197.75,-62.235
3198.24,-61.950
3198.73,-61.105
3199.22,-60.802
3199.71,-63.149
3200.20,-62.627
3200.68,-61.934
3201.17,-61.513
3201.66,-61.187
3202.15,-60.930
3202.64,-61.132
3203.12,-61.852
3203.61,-62.625
3204.10,-61.869
3204.59,-61.751
3205.08,-61.104
3205.57,-61.327
3206.05,-59.895
3206.54,-59.806
3207.03,-60.411
3207.52,-58.758
3208.01,-60.460
3208.50,-60.862
3208.98,-61.152
3209.47,-61.153
3209.96,-61.641
3210.45,-61.917
3210.94,-61.766
3211.43,-61.933
3211.91,-60.086
3212.40,-59.225
3212.89,-59.809
3213.38,-61.070
3213.87,-58.996
3214.36,-60.693
3214.84,-61.904
3215.33,-60.653
3215.82,-59.563
3216.31,-59.576
3216.80,-59.827
3217.29,-61.814
3217.77,-60.010
3218.26,-60.030
3218.75,-60.121
3219.24,-59.277
3219.73,-58.575
3220.21,-60.981
3220.70,-59.383
3221.19,-59.356
3221.68,-60.857
3222.17,-59.555
3222.66,-59.127
3223.14,-60.191
3223.63,-59.439
3224.12,-60.516
3224.61,-61.294
3225.10,-59.584
3225.59,-60.219
3226.07,-58.903
3226.56,-59.017
3227.05,-58.932
3227.54,-57.996
3228.03,-60.648
3228.52,-57.932
3229.00,-58.869
3229.49,-60.357
3229.98,-59.673
3230.47,-58.625
3230.96,-59.566
3231.45,-58.654
3231.93,-58.329
3232.42,-59.494
3232.91,-59.447
3233.40,-59.658
3233.89,-58.167
3234.38,-57.923
3234.86,-60.609
3235.35,-60.167
3235.84,-58.744
3236.33,-58.038
3236.82,-58.207
3237.30,-57.945
3237.79,-58.932
3238.28,-58.976
3238.77,-58.198
3239.26,-58.795
3239.75,-57.547
3240.23,-59.119
3240.72,-59.031
3241.21,-59.276
3241.70,-57.285
3242.19,-57.817
3242.68,-58.328
3243.16,-57.199
3243.65,-57.803
3244.14,-58.112
3244.63,-57.990
3245.12,-56.590
3245.61,-57.998
3246.09,-58.858
3246.58,-55.639
3247.07,-55.165
3247.56,-55.303
3248.05,-57.246
3248.54,-55.875
3249.02,-57.228
3249.51,-55.750
3250.00,-57.665
3250.49,-58.645
3250.98,-56.669
3251.46,-56.887
3251.95,-57.697
3252.44,-55.991
3252.93,-56.425
3253.42,-55.135
3253.91,-56.262
3254.39,-56.398
3254.88,-56.863
3255.37,-56.055
3255.86,-57.258
3256.35,-54.186
3256.84,-56.562
3257.32,-55.061
3257.81,-57.085
3258.30,-57.394
3258.79,-56.142
3259.28,-55.895
3259.77,-54.925
3260.25,-54.972
3260.74,-55.503
3261.23,-55.578
3261.72,-55.315
3262.21,-55.655
3262.70,-57.786
3263.18,-54.071
3263.67,-55.847
3264.16,-55.440
3264.65,-54.899
3265.14,-57.373
3265.62,-56.991
3266.11,-56.272
3266.60,-54.703
3267.09,-54.423
3267.58,-55.509
3268.07,-53.958
3268.55,-55.109
3269.04,-55.633
3269.53,-53.832
3270.02,-54.248
3270.51,-54.501
3271.00,-55.752
3271.48,-54.616
3271.97,-54.574
3272.46,-55.143
3272.95,-53.786
3273.44,-53.067
3273.93,-53.509
3274.41,-56.361
3274.90,-53.981
3275.39,-54.253
3275.88,-53.203
3276.37,-55.159
3276.86,-53.762
3277.34,-52.808
3277.83,-53.496
3278.32,-53.945
3278.81,-54.543
3279.30,-54.627
3279.79,-53.901
3280.27,-52.553
3280.76,-53.303
3281.25,-53.148
3281.74,-52.579
3282.23,-55.620
3282.71,-54.292
3283.20,-53.228
3283.69,-53.824
3284.18,-53.387
3284.67,-52.622
3285.16,-52.524
3285.64,-54.696
3286.13,-53.056
3286.62,-53.776
3287.11,-52.036
3287.60,-54.243
3288.09,-54.034
3288.57,-54.509
3289.06,-54.004
3289.55,-52.745
3290.04,-52.224
3290.53,-53.526
3291.02,-52.359
3291.50,-53.216
3291.99,-53.334
3292.48,-51.920
3292.97,-54.334
3293.46,-51.922
3293.95,-53.369
3294.43,-52.102
3294.92,-52.924
3295.41,-53.399
3295.90,-54.563
3296.39,-52.255
3296.88,-52.028
3297.36,-53.884
3297.85,-52.615
3298.34,-54.218
3298.83,-53.871
3299.32,-53.527
3299.80,-52.013
3300.29,-51.743
3300.78,-54.887
3301.27,-54.068
3301.76,-51.935
3302.25,-53.995
3302.73,-53.279
3303.22,-55.304
3303.71,-54.253
3304.20,-51.657
3304.69,-53.116
3305.18,-54.325
3305.66,-54.079
3306.15,-55.078
3306.64,-53.381
3307.13,-55.181
3307.62,-55.029
3308.11,-54.131
3308.59,-52.486
3309.08,-53.413
3309.57,-55.706
3310.06,-53.127
3310.55,-54.324
3311.04,-54.966
3311.52,-55.134
3312.01,-54.889
3312.50,-55.362
3312.99,-54.542
3313.48,-54.770
3313.96,-54.524
3314.45,-54.324
3314.94,-54.844
3315.43,-55.450
3315.92,-52.996
3316.41,-55.356
3316.89,-55.139
3317.38,-56.500
3317.87,-54.103
3318.36,-55.041
3318.85,-53.697
3319.34,-55.774
3319.82,-54.507
3320.31,-54.822
3320.80,-54.715
3321.29,-55.068
3321.78,-54.679
3322.27,-54.474
3322.75,-54.005
3323.24,-56.530
3323.73,-56.155
3324.22,-54.292
3324.71,-55.747
3325.20,-57.208
3325.68,-56.026
3326.17,-56.599
3326.66,-56.183
3327.15,-56.153
3327.64,-57.340
3328.12,-57.291
3328.61,-55.209
3329.10,-57.329
3329.59,-55.930
3330.08,-55.994
3330.57,-55.056
3331.05,-55.457
3331.54,-56.249
3332.03,-56.589
3332.52,-57.402
3333.01,-58.928
3333.50,-56.806
3333.98,-57.195
3334.47,-55.644
3334.96,-57.630
3335.45,-57.324
3335.94,-56.752
3336.43,-56.129
3336.91,-57.653
3337.40,-59.582
3337.89,-56.502
3338.38,-55.684
3338.87,-58.138
3339.36,-58.556
3339.84,-59.173
3340.33,-58.800
3340.82,-58.521
3341.31,-59.460
3341.80,-57.490
3342.29,-59.000
3342.77,-58.639
3343.26,-59.770
3343.75,-58.756
3344.24,-57.854
3344.73,-60.404
3345.21,-59.293
3345.70,-58.540
3346.19,-58.132
3346.68,-59.101
3347.17,-60.193
3347.66,-59.913
3348.14,-59.019
3348.63,-58.737
3349.12,-57.410
3349.61,-59.692
3350.10,-60.622
3350.59,-58.681
3351.07,-59.369
3351.56,-59.067
3352.05,-57.878
3352.54,-61.172
3353.03,-58.678
3353.52,-59.427
3354.00,-58.977
3354.49,-59.065
3354.98,-59.232
3355.47,-61.892
3355.96,-60.402
3356.45,-60.660
3356.93,-59.989
3357.42,-59.188
3357.91,-59.734
3358.40,-60.642
3358.89,-61.590
3359.38,-58.757
3359.86,-60.719
3360.35,-60.804
3360.84,-61.094
3361.33,-59.660
3361.82,-59.636
3362.30,-62.603
3362.79,-61.276
3363.28,-60.590
3363.77,-60.859
3364.26,-60.459
3364.75,-59.403
3365.23,-60.154
3365.72,-60.661
3366.21,-60.010
3366.70,-62.258
3367.19,-60.814
3367.68,-60.852
3368.16,-61.493
3368.65,-61.300
3369.14,-60.270
3369.63,-60.347
3370.12,-61.870
3370.61,-61.720
3371.09,-62.141
3371.58,-61.166
3372.07,-61.826
3372.56,-60.749
3373.05,-62.384
3373.54,-62.401
3374.02,-61.619
3374.51,-61.907
3375.00,-62.621
3375.49,-62.585
3375.98,-61.963
3376.46,-63.185
3376.95,-62.669
3377.44,-61.821
3377.93,-63.980
3378.42,-61.913
3378.91,-61.762
3379.39,-62.591
3379.88,-61.585
3380.37,-63.108
3380.86,-60.705
3381.35,-62.876
3381.84,-61.135
3382.32,-60.516
3382.81,-62.385
3383.30,-61.237
3383.79,-61.970
3384.28,-62.105
3384.77,-62.101
3385.25,-61.828
3385.74,-64.100
3386.23,-64.492
3386.72,-62.957
3387.21,-62.754
3387.70,-64.443
3388.18,-63.499
3388.67,-62.086
3389.16,-62.751
3389.65,-64.524
3390.14,-64.153
3390.62,-63.509
3391.11,-63.555
3391.60,-62.573
3392.09,-63.040
3392.58,-63.657
3393.07,-63.921
3393.55,-62.346
3394.04,-63.266
3394.53,-62.095
3395.02,-63.254
3395.51,-63.574
3396.00,-62.408
3396.48,-62.899
3396.97,-63.030
3397.46,-62.033
3397.95,-63.165
3398.44,-64.637
3398.93,-63.652
3399.41,-62.990
3399.90,-62.299
3400.39,-62.831
3400.88,-63.794
3401.37,-63.409
3401.86,-64.119
3402.34,-64.105
3402.83,-65.080
3403.32,-63.370
3403.81,-63.047
3404.30,-62.870
3404.79,-63.530
3405.27,-64.335
3405.76,-63.766
3406.25,-65.768
3406.74,-63.978
3407.23,-64.971
3407.71,-63.850
3408.20,-64.619
3408.69,-64.381
3409.18,-63.083
3409.67,-64.264
3410.16,-64.975
3410.64,-65.087
3411.13,-64.909
3411.62,-65.012
3412.11,-63.536
3412.60,-62.022
3413.09,-62.865
3413.57,-64.559
3414.06,-63.283
3414.55,-64.693
3415.04,-63.427
3415.53,-65.954
3416.02,-65.260
3416.50,-64.426
3416.99,-65.061
3417.48,-64.703
3417.97,-65.339
3418.46,-65.538
3418.95,-66.414
3419.43,-65.260
3419.92,-64.289
3420.41,-65.179
3420.90,-64.954
3421.39,-63.237
3421.88,-65.315
3422.36,-63.531
3422.85,-65.971
3423.34,-64.578
3423.83,-65.505
3424.32,-64.419
3424.80,-65.065
3425.29,-65.031
3425.78,-64.930
3426.27,-66.145
3426.76,-65.223
3427.25,-65.537
3427.73,-66.140
3428.22,-64.992
3428.71,-64.442
3429.20,-65.305
3429.69,-66.672
3430.18,-65.461
3430.66,-63.981
3431.15,-66.066
3431.64,-65.069
3432.13,-64.547
3432.62,-66.125
3433.11,-66.388
3433.59,-66.090
3434.08,-65.613
3434.57,-66.296
3435.06,-65.547
3435.55,-64.750
3436.04,-66.284
3436.52,-65.392
3437.01,-65.561
3437.50,-65.413
3437.99,-67.780
3438.48,-67.977
3438.96,-68.797
3439.45,-66.500
3439.94,-66.184
3440.43,-65.060
3440.92,-65.165
3441.41,-64.142
3441.89,-63.892
3442.38,-66.101
3442.87,-66.158
3443.36,-65.900
3443.85,-65.901
3444.34,-66.776
3444.82,-65.912
3445.31,-66.322
3445.80,-65.763
3446.29,-66.111
3446.78,-65.242
3447.27,-65.303
3447.75,-67.071
3448.24,-65.434
3448.73,-65.791
3449.22,-65.412
3449.71,-66.372
3450.20,-65.743
3450.68,-66.928
3451.17,-66.248
3451.66,-65.495
3452.15,-64.909
3452.64,-66.050
3453.12,-66.574
3453.61,-65.868
3454.10,-66.039
3454.59,-65.626
3455.08,-65.951
3455.57,-66.540
3456.05,-65.226
3456.54,-66.343
3457.03,-65.806
3457.52,-65.122
3458.01,-66.914
3458.50,-67.188
3458.98,-67.222
3459.47,-67.082
3459.96,-66.588
3460.45,-67.188
3460.94,-66.591
3461.43,-66.549
3461.91,-67.423
3462.40,-67.572
3462.89,-66.434
3463.38,-67.767
3463.87,-65.120
3464.36,-67.579
3464.84,-66.422
3465.33,-66.338
3465.82,-65.941
3466.31,-65.367
3466.80,-66.688
3467.29,-67.010
3467.77,-67.775
3468.26,-67.814
3468.75,-67.652
3469.24,-68.557
3469.73,-69.207
3470.21,-68.934
3470.70,-67.625
3471.19,-66.784
3471.68,-66.583
3472.17,-65.496
3472.66,-66.217
3473.14,-66.368
3473.63,-66.116
3474.12,-69.220
3474.61,-70.474
3475.10,-67.181
3475.59,-67.270
3476.07,-67.617
3476.56,-66.955
3477.05,-68.626
3477.54,-66.039
3478.03,-67.081
3478.52,-67.481
3479.00,-66.283
3479.49,-67.679
3479.98,-66.754
3480.47,-68.008
3480.96,-68.201
3481.45,-67.194
3481.93,-65.091
3482.42,-67.836
3482.91,-67.950
3483.40,-69.379
3483.89,-68.853
3484.38,-69.048
3484.86,-66.574
3485.35,-68.479
3485.84,-67.521
3486.33,-66.826
3486.82,-65.907
3487.30,-66.640
3487.79,-66.564
3488.28,-67.517
3488.77,-67.093
3489.26,-66.435
3489.75,-66.355
3490.23,-66.640
3490.72,-67.114
3491.21,-66.778
3491.70,-67.449
3492.19,-65.621
3492.68,-68.560
3493.16,-70.120
3493.65,-68.162
3494.14,-68.443
3494.63,-68.635
3495.12,-68.720
3495.61,-67.161
3496.09,-68.594
3496.58,-66.925
3497.07,-68.112
3497.56,-68.055
3498.05,-67.564
3498.54,-67.068
3499.02,-66.982
3499.51,-67.379
3500.00,-66.979
3500.49,-67.609
3500.98,-66.966
3501.46,-67.099
3501.95,-67.576
3502.44,-68.375
3502.93,-69.770
3503.42,-69.687
3503.91,-66.917
3504.39,-67.528
3504.88,-67.497
3505.37,-67.548
3505.86,-69.414
3506.35,-67.567
3506.84,-67.520
3507.32,-66.933
3507.81,-69.255
3508.30,-68.962
3508.79,-68.426
3509.28,-67.330
3509.77,-68.120
3510.25,-69.264
3510.74,-66.798
3511.23,-68.234
3511.72,-67.639
3512.21,-68.083
3512.70,-67.465
3513.18,-67.859
3513.67,-68.238
3514.16,-69.359
3514.65,-68.051
3515.14,-67.792
3515.62,-69.928
3516.11,-67.907
3516.60,-66.507
3517.09,-69.480
3517.58,-69.512
3518.07,-66.675
3518.55,-67.132
3519.04,-66.761
3519.53,-68.314
3520.02,-68.606
3520.51,-66.790
3521.00,-69.016
3521.48,-68.475
3521.97,-69.090
3522.46,-67.481
3522.95,-68.999
3523.44,-67.103
3523.93,-67.892
3524.41,-68.136
3524.90,-69.071
3525.39,-67.985
3525.88,-69.525
3526.37,-68.777
3526.86,-70.375
3527.34,-69.642
3527.83,-69.075
3528.32,-67.245
3528.81,-68.307
3529.30,-68.659
3529.79,-67.248
3530.27,-67.765
3530.76,-69.986
3531.25,-69.279
3531.74,-67.844
3532.23,-67.799
3532.71,-68.650
3533.20,-69.350
3533.69,-70.648
3534.18,-67.843
3534.67,-69.047
3535.16,-69.032
3535.64,-67.228
3536.13,-67.717
3536.62,-68.506
3537.11,-68.416
3537.60,-67.297
3538.09,-67.909
3538.57,-69.149
3539.06,-67.220
3539.55,-68.604
3540.04,-67.895
3540.53,-68.274
3541.02,-67.871
3541.50,-68.353
3541.99,-68.102
3542.48,-68.311
3542.97,-69.626
3543.46,-69.576
3543.95,-69.034
3544.43,-68.682
3544.92,-67.867
3545.41,-70.287
3545.90,-69.458
3546.39,-68.528
3546.88,-69.037
3547.36,-67.579
3547.85,-67.195
3548.34,-66.557
3548.83,-68.202
3549.32,-67.942
3549.80,-68.724
3550.29,-68.346
3550.78,-68.768
3551.27,-66.304
3551.76,-68.135
3552.25,-68.338
3552.73,-69.020
3553.22,-67.746
3553.71,-67.481
3554.20,-68.875
3554.69,-67.528
3555.18,-68.577
3555.66,-68.671
3556.15,-67.771
3556.64,-69.936
3557.13,-69.262
3557.62,-68.819
3558.11,-69.192
3558.59,-67.880
3559.08,-67.804
3559.57,-67.274
3560.06,-69.183
3560.55,-68.934
3561.04,-68.019
3561.52,-67.929
3562.01,-69.434
3562.50,-67.454
3562.99,-68.315
3563.48,-69.071
3563.96,-67.957
3564.45,-68.085
3564.94,-69.557
3565.43,-68.813
3565.92,-69.157
3566.41,-68.876
3566.89,-69.483
3567.38,-68.062
3567.87,-70.133
3568.36,-68.142
3568.85,-68.520
3569.34,-67.865
3569.82,-68.239
3570.31,-67.247
3570.80,-68.196
3571.29,-68.437
3571.78,-68.573
3572.27,-68.230
3572.75,-67.172
3573.24,-68.202
3573.73,-68.647
3574.22,-67.698
3574.71,-68.644
3575.20,-68.224
3575.68,-68.042
3576.17,-70.288
3576.66,-68.676
3577.15,-70.262
3577.64,-69.798
3578.12,-69.187
3578.61,-69.844
3579.10,-68.384
3579.59,-67.896
3580.08,-66.828
3580.57,-68.426
3581.05,-69.339
3581.54,-67.617
3582.03,-68.007
3582.52,-69.465
3583.01,-69.080
3583.50,-68.091
3583.98,-68.007
3584.47,-69.602
3584.96,-69.179
3585.45,-69.054
3585.94,-68.570
3586.43,-69.000
3586.91,-67.236
3587.40,-67.701
3587.89,-69.603
3588.38,-71.143
3588.87,-66.773
3589.36,-69.281
3589.84,-69.374
3590.33,-70.600
3590.82,-69.336
3591.31,-70.727
3591.80,-70.463
3592.29,-68.312
3592.77,-69.984
3593.26,-68.130
3593.75,-67.921
3594.24,-68.837
3594.73,-69.104
3595.21,-68.127
3595.70,-68.090
3596.19,-69.044
3596.68,-68.650
3597.17,-67.518
3597.66,-68.627
3598.14,-66.098
3598.63,-69.076
3599.12,-69.245
3599.61,-67.488
3600.10,-68.169
3600.59,-68.905
3601.07,-69.511
3601.56,-69.326
3602.05,-68.369
3602.54,-69.189
3603.03,-68.099
3603.52,-67.005
3604.00,-67.462
3604.49,-66.969
3604.98,-70.154
3605.47,-70.358
3605.96,-69.329
3606.45,-67.196
3606.93,-66.143
3607.42,-68.250
3607.91,-68.607
3608.40,-68.722
3608.89,-66.808
3609.38,-68.322
3609.86,-67.348
3610.35,-68.665
3610.84,-70.651
3611.33,-68.566
3611.82,-66.537
3612.30,-68.148
3612.79,-67.425
3613.28,-69.511
3613.77,-67.997
3614.26,-69.887
3614.75,-69.635
3615.23,-68.355
3615.72,-68.207
3616.21,-69.073
3616.70,-68.724
3617.19,-69.055
3617.68,-66.564
3618.16,-67.538
3618.65,-68.230
3619.14,-67.892
3619.63,-68.230
3620.12,-67.697
3620.61,-67.417
3621.09,-68.342
3621.58,-68.160
3622.07,-67.362
3622.56,-66.758
3623.05,-68.062
3623.54,-68.304
3624.02,-69.115
3624.51,-68.682
3625.00,-68.936
3625.49,-68.956
3625.98,-68.646
3626.46,-67.329
3626.95,-67.775
3627.44,-69.288
3627.93,-68.199
3628.42,-68.350
3628.91,-66.621
3629.39,-68.043
3629.88,-67.112
3630.37,-67.762
3630.86,-67.531
3631.35,-68.113
3631.84,-69.126
3632.32,-69.194
3632.81,-67.230
3633.30,-68.431
3633.79,-67.125
3634.28,-69.165
3634.77,-68.324
3635.25,-68.602
3635.74,-67.363
3636.23,-68.017
3636.72,-68.191
3637.21,-68.774
3637.70,-69.155
3638.18,-68.042
3638.67,-65.749
3639.16,-67.185
3639.65,-67.956
3640.14,-68.985
3640.62,-68.067
3641.11,-68.170
3641.60,-66.671
3642.09,-68.055
3642.58,-68.790
3643.07,-66.447
3643.55,-69.414
3644.04,-67.551
3644.53,-66.195
3645.02,-67.781
3645.51,-64.963
3646.00,-67.869
3646.48,-67.211
3646.97,-68.582
3647.46,-67.451
3647.95,-67.879
3648.44,-66.980
3648.93,-67.716
3649.41,-67.171
3649.90,-68.196
3650.39,-67.197
3650.88,-66.339
3651.37,-67.851
3651.86,-67.921
3652.34,-68.724
3652.83,-66.902
3653.32,-67.466
3653.81,-66.924
3654.30,-67.218
3654.79,-67.403
3655.27,-67.456
3655.76,-67.898
3656.25,-68.117
3656.74,-67.418
3657.23,-67.882
3657.71,-69.191
3658.20,-67.699
3658.69,-66.310
3659.18,-67.627
3659.67,-66.477
3660.16,-67.475
3660.64,-66.977
3661.13,-67.904
3661.62,-67.009
3662.11,-68.629
3662.60,-67.504
3663.09,-66.577
3663.57,-67.262
3664.06,-66.630
3664.55,-69.086
3665.04,-67.440
3665.53,-67.566
3666.02,-65.811
3666.50,-67.028
3666.99,-67.414
3667.48,-67.464
3667.97,-67.361
3668.46,-65.091
3668.95,-66.147
3669.43,-67.216
3669.92,-67.162
3670.41,-66.610
3670.90,-65.816
3671.39,-65.943
3671.88,-64.730
3672.36,-66.628
3672.85,-64.757
3673.34,-64.835
3673.83,-66.437
3674.32,-67.191
3674.80,-67.757
3675.29,-67.797
3675.78,-67.612
3676.27,-68.844
3676.76,-67.338
3677.25,-67.531
3677.73,-67.083
3678.22,-64.916
3678.71,-66.480
3679.20,-66.325
3679.69,-65.781
3680.18,-67.123
3680.66,-67.638
3681.15,-67.198
3681.64,-67.379
3682.13,-67.199
3682.62,-65.357
3683.11,-64.746
3683.59,-66.293
3684.08,-65.657
3684.57,-66.297
3685.06,-66.762
3685.55,-66.658
3686.04,-66.967
3686.52,-66.285
3687.01,-66.296
3687.50,-64.940
3687.99,-65.735
3688.48,-64.762
3688.96,-66.944
3689.45,-65.282
3689.94,-64.441
3690.43,-65.147
3690.92,-65.745
3691.41,-64.920
3691.89,-66.398
3692.38,-65.907
3692.87,-64.983
3693.36,-66.043
3693.85,-64.778
3694.34,-65.544
3694.82,-65.175
3695.31,-66.161
3695.80,-65.266
3696.29,-64.484
3696.78,-66.962
3697.27,-65.787
3697.75,-66.539
3698.24,-65.312
3698.73,-66.239
3699.22,-64.842
3699.71,-65.394
3700.20,-63.975
3700.68,-64.646
3701.17,-64.746
3701.66,-64.895
3702.15,-66.320
3702.64,-65.451
3703.12,-65.380
3703.61,-65.186
3704.10,-64.892
3704.59,-64.225
3705.08,-64.755
3705.57,-66.886
3706.05,-65.527
3706.54,-64.368
3707.03,-64.520
3707.52,-65.301
3708.01,-64.252
3708.50,-67.120
3708.98,-65.179
3709.47,-66.476
3709.96,-64.673
3710.45,-66.020
3710.94,-65.232
3711.43,-65.806
3711.91,-64.622
3712.40,-64.438
3712.89,-64.812
3713.38,-63.141
3713.87,-63.471
3714.36,-65.696
3714.84,-64.738
3715.33,-64.919
3715.82,-65.592
3716.31,-63.676
3716.80,-64.170
3717.29,-63.745
3717.77,-63.598
3718.26,-64.957
3718.75,-64.691
3719.24,-64.146
3719.73,-63.244
3720.21,-63.511
3720.70,-62.727
3721.19,-63.330
3721.68,-65.991
3722.17,-64.644
3722.66,-64.233
3723.14,-62.521
3723.63,-62.145
3724.12,-63.927
3724.61,-64.270
3725.10,-63.108
3725.59,-62.822
3726.07,-64.355
3726.56,-66.793
3727.05,-64.574
3727.54,-62.211
3728.03,-62.394
3728.52,-63.210
3729.00,-64.022
3729.49,-64.512
3729.98,-63.269
3730.47,-63.285
3730.96,-62.319
3731.45,-63.640
3731.93,-62.650
3732.42,-64.006
3732.91,-63.862
3733.40,-62.904
3733.89,-62.232
3734.38,-63.319
3734.86,-64.172
3735.35,-62.467
3735.84,-63.707
3736.33,-63.440
3736.82,-63.303
3737.30,-62.516
3737.79,-62.638
3738.28,-62.303
3738.77,-61.832
3739.26,-62.724
3739.75,-61.694
3740.23,-63.371
3740.72,-63.146
3741.21,-61.951
3741.70,-61.480
3742.19,-62.850
3742.68,-61.928
3743.16,-62.470
3743.65,-63.694
3744.14,-62.418
3744.63,-61.949
3745.12,-61.820
3745.61,-62.765
3746.09,-62.548
3746.58,-62.641
3747.07,-63.496
3747.56,-61.876
3748.05,-62.432
3748.54,-61.351
3749.02,-61.197
3749.51,-61.934
3750.00,-63.197
3750.49,-63.168
3750.98,-61.396
3751.46,-63.341
3751.95,-61.087
3752.44,-62.068
3752.93,-60.852
3753.42,-62.044
3753.91,-62.578
3754.39,-61.040
3754.88,-62.129
3755.37,-60.041
3755.86,-61.828
3756.35,-63.493
3756.84,-61.352
3757.32,-61.261
3757.81,-60.932
3758.30,-59.601
3758.79,-60.839
3759.28,-61.434
3759.77,-62.587
3760.25,-60.877
3760.74,-62.207
3761.23,-59.364
3761.72,-61.308
3762.21,-60.760
3762.70,-63.399
3763.18,-62.389
3763.67,-61.288
3764.16,-61.179
3764.65,-60.442
3765.14,-60.131
3765.62,-61.534
3766.11,-61.184
3766.60,-61.028
3767.09,-60.538
3767.58,-60.091
3768.07,-60.629
3768.55,-62.152
3769.04,-58.887
3769.53,-61.915
3770.02,-61.163
3770.51,-60.922
3771.00,-59.997
3771.48,-60.260
3771.97,-60.116
3772.46,-58.823
3772.95,-59.458
3773.44,-60.794
3773.93,-59.481
3774.41,-59.118
3774.90,-58.415
3775.39,-58.969
3775.88,-59.489
3776.37,-60.004
3776.86,-61.019
3777.34,-58.898
3777.83,-58.943
3778.32,-59.631
3778.81,-58.366
3779.30,-58.137
3779.79,-59.785
3780.27,-60.796
3780.76,-59.068
3781.25,-59.022
3781.74,-58.298
3782.23,-58.610
3782.71,-59.504
3783.20,-59.334
3783.69,-59.570
3784.18,-59.542
3784.67,-57.971
3785.16,-58.825
3785.64,-60.088
3786.13,-58.883
3786.62,-58.376
3787.11,-57.566
3787.60,-55.873
3788.09,-58.697
3788.57,-58.591
3789.06,-56.924
3789.55,-59.593
3790.04,-57.223
3790.53,-56.421
3791.02,-58.025
3791.50,-57.244
3791.99,-55.791
3792.48,-57.166
3792.97,-56.681
3793.46,-56.241
3793.95,-58.123
3794.43,-57.940
3794.92,-56.592
3795.41,-57.462
3795.90,-58.425
3796.39,-57.178
3796.88,-55.427
3797.36,-56.865
3797.85,-57.553
3798.34,-55.657
3798.83,-55.930
3799.32,-56.058
3799.80,-56.728
3800.29,-56.349
3800.78,-57.297
3801.27,-54.336
3801.76,-57.073
3802.25,-56.905
3802.73,-56.226
3803.22,-55.672
3803.71,-54.273
3804.20,-56.310
3804.69,-57.072
3805.18,-57.148
3805.66,-55.351
3806.15,-56.872
3806.64,-57.326
3807.13,-56.072
3807.62,-56.318
3808.11,-55.895
3808.59,-54.542
3809.08,-54.242
3809.57,-54.759
3810.06,-53.967
3810.55,-55.442
3811.04,-55.079
3811.52,-54.164
3812.01,-55.583
3812.50,-55.059
3812.99,-54.374
3813.48,-55.014
3813.96,-54.769
3814.45,-54.513
3814.94,-55.127
3815.43,-54.831
3815.92,-54.521
3816.41,-53.858
3816.89,-54.529
3817.38,-54.991
3817.87,-54.199
3818.36,-53.293
3818.85,-55.184
3819.34,-53.608
3819.82,-51.734
3820.31,-53.458
3820.80,-54.537
3821.29,-53.702
3821.78,-56.223
3822.27,-55.046
3822.75,-54.801
3823.24,-54.213
3823.73,-54.098
3824.22,-54.429
3824.71,-54.531
3825.20,-53.707
3825.68,-55.597
3826.17,-54.928
3826.66,-52.837
3827.15,-53.356
3827.64,-54.467
3828.12,-52.646
3828.61,-55.134
3829.10,-53.595
3829.59,-54.866
3830.08,-56.064
3830.57,-53.619
3831.05,-55.059
3831.54,-53.630
3832.03,-54.477
3832.52,-54.139
3833.01,-55.201
3833.50,-54.499
3833.98,-55.652
3834.47,-54.261
3834.96,-53.115
3835.45,-52.673
3835.94,-54.031
3836.43,-55.617
3836.91,-55.674
3837.40,-55.925
3837.89,-56.599
3838.38,-53.538
3838.87,-53.796
3839.36,-52.469
3839.84,-54.208
3840.33,-54.039
3840.82,-53.906
3841.31,-55.302
3841.80,-54.293
3842.29,-55.833
3842.77,-54.861
3843.26,-57.705
3843.75,-56.335
3844.24,-57.387
3844.73,-55.240
3845.21,-54.286
3845.70,-53.419
3846.19,-53.079
3846.68,-55.347
3847.17,-54.852
3847.66,-55.034
3848.14,-55.407
3848.63,-56.518
3849.12,-54.818
3849.61,-53.530
3850.10,-55.238
3850.59,-56.276
3851.07,-55.669
3851.56,-55.843
3852.05,-56.917
3852.54,-56.061
3853.03,-56.928
3853.52,-55.893
3854.00,-57.638
3854.49,-56.250
3854.98,-56.577
3855.47,-55.661
3855.96,-57.105
3856.45,-58.752
3856.93,-57.060
3857.42,-55.341
3857.91,-57.056
3858.40,-56.551
3858.89,-57.653
3859.38,-56.293
3859.86,-56.512
3860.35,-56.513
3860.84,-57.068
3861.33,-57.672
3861.82,-57.508
3862.30,-58.748
3862.79,-56.448
3863.28,-56.141
3863.77,-58.184
3864.26,-58.137
3864.75,-59.142
3865.23,-57.804
3865.72,-59.032
3866.21,-57.425
3866.70,-57.123
3867.19,-58.829
3867.68,-56.301
3868.16,-58.609
3868.65,-58.031
3869.14,-57.988
3869.63,-56.742
3870.12,-56.984
3870.61,-58.914
3871.09,-58.610
3871.58,-58.740
3872.07,-56.979
3872.56,-59.016
3873.05,-59.029
3873.54,-58.774
3874.02,-59.014
3874.51,-59.403
3875.00,-59.102
3875.49,-58.339
3875.98,-58.918
3876.46,-59.159
3876.95,-59.514
3877.44,-57.965
3877.93,-58.459
3878.42,-58.023
3878.91,-59.292
3879.39,-59.929
3879.88,-59.229
3880.37,-58.711
3880.86,-58.568
3881.35,-60.423
3881.84,-59.022
3882.32,-59.390
3882.81,-59.833
3883.30,-59.647
3883.79,-59.749
3884.28,-59.692
3884.77,-60.571
3885.25,-57.619
3885.74,-60.021
3886.23,-59.455
3886.72,-60.347
3887.21,-59.258
3887.70,-59.785
3888.18,-60.800
3888.67,-60.361
3889.16,-61.919
3889.65,-59.453
3890.14,-61.508
3890.62,-61.063
3891.11,-59.335
3891.60,-59.772
3892.09,-60.719
3892.58,-60.621
3893.07,-59.751
3893.55,-61.058
3894.04,-62.533
3894.53,-59.934
3895.02,-61.075
3895.51,-62.044
3896.00,-62.965
3896.48,-64.514
3896.97,-61.872
3897.46,-61.508
3897.95,-61.883
3898.44,-61.122
3898.93,-60.987
3899.41,-62.732
3899.90,-61.816
3900.39,-61.496
3900.88,-62.476
3901.37,-61.954
3901.86,-61.135
3902.34,-63.247
3902.83,-62.039
3903.32,-63.484
3903.81,-61.445
3904.30,-60.880
3904.79,-61.578
3905.27,-60.965
3905.76,-61.603
3906.25,-61.017
3906.74,-61.945
3907.23,-62.452
3907.71,-61.945
3908.20,-63.924
3908.69,-61.566
3909.18,-61.939
3909.67,-61.074
3910.16,-63.135
3910.64,-61.681
3911.13,-61.611
3911.62,-62.461
3912.11,-60.655
3912.60,-62.370
3913.09,-64.382
3913.57,-63.285
3914.06,-64.146
3914.55,-61.754
3915.04,-60.615
3915.53,-62.548
3916.02,-63.307
3916.50,-62.447
3916.99,-62.687
3917.48,-64.453
3917.97,-61.706
3918.46,-62.766
3918.95,-62.063
3919.43,-61.975
3919.92,-62.296
3920.41,-62.810
3920.90,-64.697
3921.39,-63.302
3921.88,-63.571
3922.36,-62.689
3922.85,-63.507
3923.34,-63.017
3923.83,-63.971
3924.32,-62.610
3924.80,-61.260
3925.29,-63.829
3925.78,-65.074
3926.27,-64.767
3926.76,-61.869
3927.25,-63.942
3927.73,-63.330
3928.22,-64.290
3928.71,-62.731
3929.20,-63.911
3929.69,-62.926
3930.18,-63.594
3930.66,-63.877
3931.15,-63.745
3931.64,-63.462
3932.13,-63.312
3932.62,-65.029
3933.11,-65.358
3933.59,-63.490
3934.08,-64.834
3934.57,-62.812
3935.06,-63.606
3935.55,-64.260
3936.04,-63.030
3936.52,-64.962
3937.01,-64.379
3937.50,-63.860
3937.99,-64.128
3938.48,-65.793
3938.96,-65.124
3939.45,-65.271
3939.94,-66.157
3940.43,-63.781
3940.92,-63.696
3941.41,-66.325
3941.89,-64.677
3942.38,-63.787
3942.87,-64.863
3943.36,-65.048
3943.85,-64.151
3944.34,-64.270
3944.82,-63.537
3945.31,-64.792
3945.80,-63.872
3946.29,-64.656
3946.78,-65.082
3947.27,-62.975
3947.75,-62.176
3948.24,-63.019
3948.73,-65.517
3949.22,-64.696
3949.71,-64.680
3950.20,-65.687
3950.68,-64.710
3951.17,-63.478
3951.66,-65.960
3952.15,-64.686
3952.64,-65.480
3953.12,-64.745
3953.61,-64.995
3954.10,-64.770
3954.59,-64.167
3955.08,-64.340
3955.57,-64.485
3956.05,-66.146
3956.54,-65.848
3957.03,-64.924
3957.52,-65.246
3958.01,-66.613
3958.50,-65.474
3958.98,-64.900
3959.47,-64.153
3959.96,-66.265
3960.45,-65.227
3960.94,-65.194
3961.43,-65.083
3961.91,-65.228
3962.40,-63.759
3962.89,-65.853
3963.38,-64.509
3963.87,-66.479
3964.36,-65.666
3964.84,-63.880
3965.33,-66.145
3965.82,-65.447
3966.31,-65.994
3966.80,-65.706
3967.29,-65.955
3967.77,-64.602
3968.26,-65.678
3968.75,-66.780
3969.24,-66.648
3969.73,-66.414
3970.21,-65.580
3970.70,-67.160
3971.19,-67.009
3971.68,-64.437
3972.17,-65.480
3972.66,-65.195
3973.14,-66.157
3973.63,-65.555
3974.12,-66.151
3974.61,-63.770
3975.10,-66.299
3975.59,-65.869
3976.07,-65.349
3976.56,-66.068
3977.05,-66.577
3977.54,-64.570
3978.03,-65.150
3978.52,-65.717
3979.00,-66.469
3979.49,-65.951
3979.98,-64.800
3980.47,-66.269
3980.96,-67.086
3981.45,-66.057
3981.93,-65.257
3982.42,-66.655
3982.91,-69.167
3983.40,-66.769
3983.89,-66.661
3984.38,-65.072
3984.86,-65.065
3985.35,-65.691
3985.84,-65.431
3986.33,-66.321
3986.82,-66.794
3987.30,-65.312
3987.79,-65.713
3988.28,-65.763
3988.77,-66.402
3989.26,-66.570
3989.75,-66.192
3990.23,-66.138
3990.72,-66.281
3991.21,-67.820
3991.70,-66.114
3992.19,-66.916
3992.68,-68.548
3993.16,-68.079
3993.65,-65.662
3994.14,-68.009
3994.63,-66.821
3995.12,-66.514
3995.61,-67.676
3996.09,-65.812
3996.58,-65.795
3997.07,-65.416
3997.56,-65.210
3998.05,-65.474
3998.54,-65.995
3999.02,-66.048
3999.51,-67.772
4000.00,-67.553
4000.49,-67.762
4000.98,-66.378
4001.46,-66.102
4001.95,-67.275
4002.44,-66.963
4002.93,-68.066
4003.42,-66.649
4003.91,-68.009
4004.39,-67.508
4004.88,-66.573
4005.37,-66.811
4005.86,-66.103
4006.35,-66.891
4006.84,-66.444
4007.32,-67.595
4007.81,-66.499
4008.30,-65.273
4008.79,-67.770
4009.28,-67.522
4009.77,-65.427
4010.25,-67.421
4010.74,-67.934
4011.23,-67.380
4011.72,-67.512
4012.21,-67.663
4012.70,-67.372
4013.18,-67.897
4013.67,-67.657
4014.16,-66.196
4014.65,-66.117
4015.14,-67.539
4015.62,-66.656
4016.11,-66.569
4016.60,-67.342
4017.09,-66.848
4017.58,-68.197
4018.07,-66.941
4018.55,-65.552
4019.04,-66.637
4019.53,-68.546
4020.02,-66.965
4020.51,-68.256
4021.00,-67.021
4021.48,-67.881
4021.97,-67.265
4022.46,-65.664
4022.95,-68.987
4023.44,-67.593
4023.93,-68.096
4024.41,-66.581
4024.90,-67.288
4025.39,-67.494
4025.88,-67.294
4026.37,-67.222
4026.86,-65.917
4027.34,-65.591
4027.83,-66.285
4028.32,-66.909
4028.81,-67.335
4029.30,-67.087
4029.79,-66.751
4030.27,-66.836
4030.76,-65.633
4031.25,-70.127
4031.74,-67.730
4032.23,-68.083
4032.71,-66.546
4033.20,-66.403
4033.69,-67.339
4034.18,-66.875
4034.67,-66.915
4035.16,-67.183
4035.64,-65.946
4036.13,-67.941
4036.62,-66.273
4037.11,-68.059
4037.60,-67.565
4038.09,-67.396
4038.57,-68.957
4039.06,-66.240
4039.55,-68.930
4040.04,-68.083
4040.53,-67.604
4041.02,-67.783
4041.50,-68.828
4041.99,-67.699
4042.48,-67.381
4042.97,-65.770
4043.46,-67.850
4043.95,-68.833
4044.43,-68.316
4044.92,-68.031
4045.41,-67.163
4045.90,-66.648
4046.39,-66.640
4046.88,-68.494
4047.36,-67.253
4047.85,-67.729
4048.34,-67.188
4048.83,-67.775
4049.32,-67.358
4049.80,-65.794
4050.29,-68.794
4050.78,-67.726
4051.27,-68.769
4051.76,-65.760
4052.25,-66.865
4052.73,-67.439
4053.22,-68.257
4053.71,-67.954
4054.20,-68.625
4054.69,-68.406
4055.18,-68.325
4055.66,-66.797
4056.15,-68.591
4056.64,-68.157
4057.13,-66.432
4057.62,-67.220
4058.11,-68.306
4058.59,-66.536
4059.08,-67.885
4059.57,-67.512
4060.06,-67.295
4060.55,-68.043
4061.04,-65.927
4061.52,-68.382
4062.01,-67.405
4062.50,-67.528
4062.99,-67.720
4063.48,-67.680
4063.96,-68.295
4064.45,-66.292
4064.94,-68.728
4065.43,-67.170
4065.92,-68.009
4066.41,-69.740
4066.89,-67.717
4067.38,-68.431
4067.87,-67.228
4068.36,-67.826
4068.85,-67.505
4069.34,-65.613
4069.82,-66.642
4070.31,-67.413
4070.80,-66.095
4071.29,-67.426
4071.78,-67.122
4072.27,-68.114
4072.75,-67.111
4073.24,-65.821
4073.73,-67.933
4074.22,-66.605
4074.71,-67.627
4075.20,-67.575
4075.68,-66.667
4076.17,-66.533
4076.66,-67.415
4077.15,-67.794
4077.64,-65.602
4078.12,-68.146
4078.61,-68.839
4079.10,-69.140
4079.59,-67.686
4080.08,-68.073
4080.57,-69.635
4081.05,-68.195
4081.54,-67.784
4082.03,-69.607
4082.52,-68.402
4083.01,-66.733
4083.50,-69.173
4083.98,-68.031
4084.47,-69.251
4084.96,-69.758
4085.45,-65.443
4085.94,-66.964
4086.43,-66.286
4086.91,-68.701
4087.40,-67.636
4087.89,-65.353
4088.38,-65.614
4088.87,-67.683
4089.36,-66.592
4089.84,-67.326
4090.33,-70.364
4090.82,-69.305
4091.31,-66.994
4091.80,-67.126
4092.29,-67.086
4092.77,-67.970
4093.26,-68.114
4093.75,-67.558
4094.24,-67.715
4094.73,-66.691
4095.21,-67.389
4095.70,-67.708
4096.19,-67.897
4096.68,-67.175
4097.17,-69.173
4097.66,-69.322
4098.14,-67.311
4098.63,-68.090
4099.12,-67.606
4099.61,-67.872
4100.10,-67.409
4100.59,-66.162
4101.07,-67.728
4101.56,-69.749
4102.05,-67.483
4102.54,-67.265
4103.03,-67.802
4103.52,-66.762
4104.00,-68.219
4104.49,-67.410
4104.98,-67.012
4105.47,-67.582
4105.96,-67.567
4106.45,-68.874
4106.93,-67.768
4107.42,-67.124
4107.91,-68.538
4108.40,-66.826
4108.89,-67.113
4109.38,-66.632
4109.86,-68.214
4110.35,-67.572
4110.84,-65.640
4111.33,-65.712
4111.82,-67.995
4112.30,-68.628
4112.79,-68.170
4113.28,-67.056
4113.77,-67.569
4114.26,-67.572
4114.75,-68.658
4115.23,-67.889
4115.72,-67.179
4116.21,-68.874
4116.70,-69.985
4117.19,-68.568
4117.68,-68.557
4118.16,-67.362
4118.65,-66.283
4119.14,-66.067
4119.63,-68.267
4120.12,-66.008
4120.61,-66.814
4121.09,-68.585
4121.58,-66.609
4122.07,-68.790
4122.56,-65.956
4123.05,-66.897
4123.54,-66.780
4124.02,-66.815
4124.51,-67.335
4125.00,-67.715
4125.49,-66.226
4125.98,-67.414
4126.46,-66.530
4126.95,-66.875
4127.44,-66.814
4127.93,-67.211
4128.42,-68.889
4128.91,-70.183
4129.39,-68.121
4129.88,-66.832
4130.37,-65.951
4130.86,-67.161
4131.35,-67.859
4131.84,-67.349
4132.32,-65.854
4132.81,-65.090
4133.30,-67.665
4133.79,-67.685
4134.28,-67.707
4134.77,-66.431
4135.25,-67.052
4135.74,-67.680
4136.23,-66.327
4136.72,-67.213
4137.21,-66.710
4137.70,-67.070
4138.18,-65.386
4138.67,-66.717
4139.16,-66.170
4139.65,-67.969
4140.14,-65.666
4140.62,-67.080
4141.11,-69.191
4141.60,-68.124
4142.09,-68.161
4142.58,-66.360
4143.07,-66.259
4143.55,-66.683
4144.04,-67.399
4144.53,-66.696
4145.02,-66.874
4145.51,-67.679
4146.00,-66.845
4146.48,-67.741
4146.97,-65.333
4147.46,-66.842
4147.95,-66.091
4148.44,-67.621
4148.93,-66.430
4149.41,-67.826
4149.90,-68.465
4150.39,-66.139
4150.88,-66.798
4151.37,-66.521
4151.86,-66.878
4152.34,-66.232
4152.83,-66.799
4153.32,-66.884
4153.81,-66.818
4154.30,-65.859
4154.79,-66.208
4155.27,-65.513
4155.76,-66.656
4156.25,-66.892
4156.74,-65.771
4157.23,-66.520
4157.71,-66.170
4158.20,-65.268
4158.69,-65.088
4159.18,-65.791
4159.67,-67.055
4160.16,-64.424
4160.64,-67.053
4161.13,-67.795
4161.62,-67.042
4162.11,-66.171
4162.60,-67.245
4163.09,-67.736
4163.57,-68.143
4164.06,-68.773
4164.55,-65.647
4165.04,-67.579
4165.53,-66.287
4166.02,-66.932
4166.50,-65.771
4166.99,-66.503
4167.48,-67.308
4167.97,-66.476
4168.46,-67.481
4168.95,-66.598
4169.43,-65.027
4169.92,-66.503
4170.41,-65.954
4170.90,-65.574
4171.39,-65.312
4171.88,-66.211
4172.36,-65.809
4172.85,-65.647
4173.34,-65.970
4173.83,-66.962
4174.32,-66.665
4174.80,-66.325
4175.29,-66.192
4175.78,-66.684
4176.27,-64.735
4176.76,-67.447
4177.25,-66.130
4177.73,-66.009
4178.22,-66.198
4178.71,-66.546
4179.20,-65.895
4179.69,-68.924
4180.18,-65.545
4180.66,-64.475
4181.15,-64.342
4181.64,-64.866
4182.13,-64.161
4182.62,-65.993
4183.11,-65.119
4183.59,-64.965
4184.08,-65.618
4184.57,-64.803
4185.06,-66.324
4185.55,-64.999
4186.04,-66.950
4186.52,-66.516
4187.01,-66.631
4187.50,-65.295
4187.99,-65.218
4188.48,-65.181
4188.96,-65.957
4189.45,-65.185
4189.94,-64.071
4190.43,-63.904
4190.92,-66.417
4191.41,-65.855
4191.89,-65.979
4192.38,-65.562
4192.87,-65.710
4193.36,-65.410
4193.85,-65.790
4194.34,-65.944
4194.82,-67.294
4195.31,-65.437
4195.80,-65.856
4196.29,-65.567
4196.78,-65.485
4197.27,-65.617
4197.75,-66.154
4198.24,-65.645
4198.73,-67.711
4199.22,-66.584
4199.71,-65.582
4200.20,-63.601
4200.68,-64.608
4201.17,-65.938
4201.66,-65.593
4202.15,-66.861
4202.64,-63.711
4203.12,-65.276
4203.61,-67.191
4204.10,-65.202
4204.59,-64.575
4205.08,-66.486
4205.57,-63.353
4206.05,-64.048
4206.54,-63.874
4207.03,-66.217
4207.52,-66.540
4208.01,-66.135
4208.50,-66.077
4208.98,-64.748
4209.47,-65.219
4209.96,-66.542
4210.45,-64.663
4210.94,-64.037
4211.43,-64.688
4211.91,-65.603
4212.40,-64.787
4212.89,-63.941
4213.38,-64.772
4213.87,-64.202
4214.36,-66.238
4214.84,-65.313
4215.33,-64.305
4215.82,-64.541
4216.31,-63.805
4216.80,-62.472
4217.29,-64.092
4217.77,-64.899
4218.26,-64.237
4218.75,-65.298
4219.24,-64.100
4219.73,-65.550
4220.21,-65.411
4220.70,-63.193
4221.19,-63.928
4221.68,-62.069
4222.17,-64.605
4222.66,-64.195
4223.14,-64.240
4223.63,-63.494
4224.12,-64.782
4224.61,-63.465
4225.10,-62.747
4225.59,-63.863
4226.07,-63.517
4226.56,-63.342
4227.05,-62.488
4227.54,-64.791
4228.03,-66.043
4228.52,-63.517
4229.00,-64.013
4229.49,-65.264
4229.98,-64.900
4230.47,-63.288
4230.96,-63.492
4231.45,-63.565
4231.93,-64.704
4232.42,-64.011
4232.91,-62.593
4233.40,-63.712
4233.89,-65.113
4234.38,-63.215
4234.86,-62.460
4235.35,-63.586
4235.84,-63.779
4236.33,-63.780
4236.82,-62.747
4237.30,-63.806
4237.79,-63.114
4238.28,-62.464
4238.77,-63.796
4239.26,-64.809
4239.75,-62.631
4240.23,-62.552
4240.72,-63.771
4241.21,-61.937
4241.70,-63.828
4242.19,-63.452
4242.68,-63.565
4243.16,-62.568
4243.65,-61.979
4244.14,-62.971
4244.63,-63.415
4245.12,-61.984
4245.61,-62.725
4246.09,-64.001
4246.58,-63.816
4247.07,-64.014
4247.56,-62.015
4248.05,-63.323
4248.54,-63.294
4249.02,-63.301
4249.51,-61.962
4250.00,-62.783
4250.49,-63.579
4250.98,-62.019
4251.46,-61.424
4251.95,-62.844
4252.44,-62.561
4252.93,-61.764
4253.42,-64.274
4253.91,-63.641
4254.39,-62.467
4254.88,-62.880
4255.37,-61.788
4255.86,-62.760
4256.35,-61.905
4256.84,-62.576
4257.32,-63.600
4257.81,-61.572
4258.30,-61.405
4258.79,-60.333
4259.28,-61.634
4259.77,-64.230
4260.25,-62.462
4260.74,-63.284
4261.23,-62.268
4261.72,-62.310
4262.21,-62.361
4262.70,-61.236
4263.18,-62.089
4263.67,-59.846
4264.16,-60.624
4264.65,-61.682
4265.14,-60.769
4265.62,-60.364
4266.11,-59.145
4266.60,-60.606
4267.09,-62.557
4267.58,-61.542
4268.07,-61.648
4268.55,-61.646
4269.04,-63.015
4269.53,-63.155
4270.02,-61.012
4270.51,-63.092
4271.00,-59.385
4271.48,-59.520
4271.97,-60.923
4272.46,-62.962
4272.95,-61.353
4273.44,-60.905
4273.93,-62.270
4274.41,-62.086
4274.90,-60.929
4275.39,-62.404
4275.88,-60.306
4276.37,-60.726
4276.86,-61.671
4277.34,-60.096
4277.83,-59.547
4278.32,-60.220
4278.81,-60.247
4279.30,-61.628
4279.79,-61.158
4280.27,-59.601
4280.76,-60.038
4281.25,-59.883
4281.74,-60.576
4282.23,-61.265
4282.71,-61.096
4283.20,-59.601
4283.69,-61.434
4284.18,-59.246
4284.67,-59.440
4285.16,-60.633
4285.64,-58.126
4286.13,-59.289
4286.62,-60.549
4287.11,-59.346
4287.60,-59.685
4288.09,-59.720
4288.57,-59.676
4289.06,-60.893
4289.55,-59.213
4290.04,-59.319
4290.53,-59.567
4291.02,-57.605
4291.50,-57.936
4291.99,-57.764
4292.48,-59.189
4292.97,-59.383
4293.46,-60.935
4293.95,-57.362
4294.43,-57.247
4294.92,-58.705
4295.41,-59.340
4295.90,-60.885
4296.39,-58.998
4296.88,-59.031
4297.36,-59.744
4297.85,-58.491
4298.34,-58.510
4298.83,-59.763
4299.32,-58.429
4299.80,-56.988
4300.29,-57.760
4300.78,-59.102
4301.27,-58.635
4301.76,-56.915
4302.25,-58.577
4302.73,-59.100
4303.22,-58.356
4303.71,-57.545
4304.20,-58.525
4304.69,-57.968
4305.18,-57.570
4305.66,-59.002
4306.15,-57.142
4306.64,-57.270
4307.13,-57.371
4307.62,-58.761
4308.11,-57.559
4308.59,-57.008
4309.08,-58.976
4309.57,-58.081
4310.06,-57.341
4310.55,-57.058
4311.04,-57.461
4311.52,-56.788
4312.01,-55.911
4312.50,-56.363
4312.99,-57.869
4313.48,-56.750
4313.96,-57.425
4314.45,-57.913
4314.94,-55.735
4315.43,-56.714
4315.92,-55.809
4316.41,-55.722
4316.89,-56.371
4317.38,-55.009
4317.87,-54.979
4318.36,-57.000
4318.85,-56.414
4319.34,-54.700
4319.82,-57.456
4320.31,-56.066
4320.80,-56.534
4321.29,-57.509
4321.78,-55.963
4322.27,-56.920
4322.75,-55.196
4323.24,-54.698
4323.73,-56.308
4324.22,-55.834
4324.71,-55.315
4325.20,-55.688
4325.68,-55.691
4326.17,-55.372
4326.66,-53.926
4327.15,-56.336
4327.64,-55.277
4328.12,-56.262
4328.61,-54.906
4329.10,-56.263
4329.59,-53.895
4330.08,-54.053
4330.57,-52.248
4331.05,-54.258
4331.54,-55.574
4332.03,-56.280
4332.52,-53.624
4333.01,-54.449
4333.50,-55.234
4333.98,-54.563
4334.47,-54.389
4334.96,-55.230
4335.45,-55.530
4335.94,-54.648
4336.43,-55.354
4336.91,-54.266
4337.40,-54.423
4337.89,-55.397
4338.38,-54.887
4338.87,-55.409
4339.36,-54.062
4339.84,-55.011
4340.33,-54.772
4340.82,-54.987
4341.31,-54.251
4341.80,-53.261
4342.29,-54.787
4342.77,-54.912
4343.26,-55.105
4343.75,-54.362
4344.24,-55.140
4344.73,-52.576
4345.21,-54.162
4345.70,-53.083
4346.19,-53.898
4346.68,-54.008
4347.17,-54.628
4347.66,-54.683
4348.14,-53.858
4348.63,-53.041
4349.12,-54.603
4349.61,-53.231
4350.10,-54.050
4350.59,-54.475
4351.07,-55.271
4351.56,-54.684
4352.05,-53.952
4352.54,-54.932
4353.03,-54.127
4353.52,-54.756
4354.00,-53.750
4354.49,-54.097
4354.98,-53.228
4355.47,-52.490
4355.96,-53.964
4356.45,-55.796
4356.93,-52.574
4357.42,-51.278
4357.91,-52.242
4358.40,-54.762
4358.89,-53.133
4359.38,-54.237
4359.86,-53.034
4360.35,-53.093
4360.84,-54.569
4361.33,-53.006
4361.82,-53.637
4362.30,-53.837
4362.79,-51.701
4363.28,-52.602
4363.77,-52.097
4364.26,-52.194
4364.75,-54.091
4365.23,-52.850
4365.72,-54.394
4366.21,-53.527
4366.70,-54.213
4367.19,-54.449
4367.68,-53.608
4368.16,-54.710
4368.65,-54.160
4369.14,-54.915
4369.63,-54.793
4370.12,-55.294
4370.61,-55.027
4371.09,-53.639
4371.58,-53.743
4372.07,-55.189
4372.56,-55.027
4373.05,-54.491
4373.54,-53.950
4374.02,-55.106
4374.51,-54.716
4375.00,-53.981
4375.49,-54.640
4375.98,-55.370
4376.46,-55.474
4376.95,-53.755
4377.44,-54.824
4377.93,-54.679
4378.42,-57.125
4378.91,-55.859
4379.39,-55.784
4379.88,-54.034
4380.37,-56.453
4380.86,-54.544
4381.35,-56.716
4381.84,-55.059
4382.32,-56.888
4382.81,-56.298
4383.30,-55.254
4383.79,-56.715
4384.28,-56.542
4384.77,-54.407
4385.25,-56.320
4385.74,-54.939
4386.23,-55.050
4386.72,-55.028
4387.21,-55.888
4387.70,-54.859
4388.18,-55.705
4388.67,-54.698
4389.16,-55.561
4389.65,-56.528
4390.14,-56.006
4390.62,-56.238
4391.11,-55.517
4391.60,-56.960
4392.09,-57.712
4392.58,-56.110
4393.07,-56.331
4393.55,-55.370
4394.04,-55.915
4394.53,-55.380
4395.02,-54.273
4395.51,-57.643
4396.00,-55.403
4396.48,-54.872
4396.97,-56.782
4397.46,-55.458
4397.95,-56.587
4398.44,-56.860
4398.93,-57.032
4399.41,-56.726
4399.90,-58.088
4400.39,-59.218
4400.88,-57.456
4401.37,-58.847
4401.86,-58.832
4402.34,-58.474
4402.83,-56.824
4403.32,-57.425
4403.81,-57.264
4404.30,-57.761
4404.79,-56.326
4405.27,-56.108
4405.76,-56.057
4406.25,-57.357
4406.74,-56.281
4407.23,-57.519
4407.71,-58.086
4408.20,-57.729
4408.69,-57.405
4409.18,-56.867
4409.67,-56.610
4410.16,-56.795
4410.64,-57.567
4411.13,-57.355
4411.62,-58.664
4412.11,-58.369
4412.60,-58.500
4413.09,-58.153
4413.57,-58.484
4414.06,-57.490
4414.55,-58.285
4415.04,-59.329
4415.53,-58.542
4416.02,-58.834
4416.50,-57.407
4416.99,-57.382
4417.48,-55.902
4417.97,-58.204
4418.46,-58.711
4418.95,-57.885
4419.43,-59.618
4419.92,-58.718
4420.41,-57.766
4420.90,-58.895
4421.39,-58.215
4421.88,-57.420
4422.36,-58.583
4422.85,-58.350
4423.34,-58.786
4423.83,-57.942
4424.32,-58.096
4424.80,-58.477
4425.29,-58.319
4425.78,-59.249
4426.27,-57.122
4426.76,-59.247
4427.25,-60.494
4427.73,-60.741
4428.22,-59.567
4428.71,-60.368
4429.20,-59.276
4429.69,-59.883
4430.18,-58.957
4430.66,-58.326
4431.15,-59.426
4431.64,-60.342
4432.13,-59.143
4432.62,-59.737
4433.11,-57.982
4433.59,-58.349
4434.08,-58.631
4434.57,-58.969
4435.06,-59.631
4435.55,-59.636
4436.04,-60.726
4436.52,-58.907
4437.01,-60.979
4437.50,-60.169
4437.99,-58.881
4438.48,-58.377
4438.96,-58.801
4439.45,-57.228
4439.94,-58.932
4440.43,-60.151
4440.92,-58.952
4441.41,-59.213
4441.89,-58.250
4442.38,-60.062
4442.87,-58.375
4443.36,-60.207
4443.85,-61.471
4444.34,-61.345
4444.82,-62.052
4445.31,-58.646
4445.80,-59.618
4446.29,-59.361
4446.78,-61.459
4447.27,-59.912
4447.75,-60.398
4448.24,-61.599
4448.73,-60.069
4449.22,-60.682
4449.71,-60.575
4450.20,-59.947
4450.68,-62.336
4451.17,-59.968
4451.66,-59.430
4452.15,-60.872
4452.64,-58.336
4453.12,-60.660
4453.61,-59.276
4454.10,-60.135
4454.59,-59.706
4455.08,-59.683
4455.57,-58.988
4456.05,-60.023
4456.54,-61.132
4457.03,-59.774
4457.52,-61.797
4458.01,-61.417
4458.50,-60.889
4458.98,-58.886
4459.47,-60.528
4459.96,-61.145
4460.45,-60.417
4460.94,-61.246
4461.43,-60.546
4461.91,-60.428
4462.40,-59.938
4462.89,-61.319
4463.38,-61.438
4463.87,-63.053
4464.36,-61.271
4464.84,-60.250
4465.33,-60.687
4465.82,-60.982
4466.31,-60.789
4466.80,-61.932
4467.29,-60.914
4467.77,-61.365
4468.26,-61.474
4468.75,-61.686
4469.24,-61.587
4469.73,-60.350
4470.21,-61.669
4470.70,-61.682
4471.19,-61.111
4471.68,-60.062
4472.17,-62.814
4472.66,-61.461
4473.14,-61.734
4473.63,-63.464
4474.12,-60.334
4474.61,-60.805
4475.10,-61.772
4475.59,-60.792
4476.07,-61.625
4476.56,-60.627
4477.05,-61.894
4477.54,-63.328
4478.03,-61.691
4478.52,-61.228
4479.00,-61.162
4479.49,-60.649
4479.98,-60.739
4480.47,-62.711
4480.96,-61.884
4481.45,-60.461
4481.93,-62.330
4482.42,-60.963
4482.91,-61.906
4483.40,-62.674
4483.89,-61.232
4484.38,-61.034
4484.86,-62.475
4485.35,-60.755
4485.84,-61.080
4486.33,-63.125
4486.82,-61.071
4487.30,-62.113
4487.79,-61.724
4488.28,-63.977
4488.77,-62.563
4489.26,-60.759
4489.75,-60.942
4490.23,-61.279
4490.72,-61.074
4491.21,-62.513
4491.70,-63.483
4492.19,-62.083
4492.68,-63.138
4493.16,-61.104
4493.65,-62.464
4494.14,-62.623
4494.63,-61.851
4495.12,-63.754
4495.61,-64.648
4496.09,-62.472
4496.58,-62.527
4497.07,-62.380
4497.56,-63.058
4498.05,-62.039
4498.54,-62.332
4499.02,-62.408
4499.51,-61.687
4500.00,-62.564
4500.49,-62.460
4500.98,-64.425
4501.46,-62.586
4501.95,-62.815
4502.44,-63.164
4502.93,-62.720
4503.42,-62.856
4503.91,-62.709
4504.39,-61.754
4504.88,-62.219
4505.37,-62.122
4505.86,-63.482
4506.35,-62.442
4506.84,-63.361
4507.32,-64.114
4507.81,-63.865
4508.30,-63.243
4508.79,-60.728
4509.28,-60.963
4509.77,-61.592
4510.25,-63.019
4510.74,-63.638
4511.23,-61.010
4511.72,-63.599
4512.21,-63.185
4512.70,-62.406
4513.18,-63.261
4513.67,-63.246
4514.16,-62.119
4514.65,-61.684
4515.14,-62.107
4515.62,-61.407
4516.11,-62.536
4516.60,-61.951
4517.09,-64.467
4517.58,-63.290
4518.07,-62.436
4518.55,-63.980
4519.04,-62.423
4519.53,-63.398
4520.02,-63.679
4520.51,-63.603
4521.00,-63.228
4521.48,-63.364
4521.97,-61.853
4522.46,-62.716
4522.95,-62.518
4523.44,-62.887
4523.93,-62.387
4524.41,-62.732
4524.90,-63.208
4525.39,-62.515
4525.88,-61.148
4526.37,-63.957
4526.86,-63.032
4527.34,-62.336
4527.83,-61.330
4528.32,-62.409
4528.81,-63.304
4529.30,-62.433
4529.79,-62.847
4530.27,-60.617
4530.76,-62.564
4531.25,-62.777
4531.74,-62.772
4532.23,-63.180
4532.71,-62.999
4533.20,-63.019
4533.69,-62.792
4534.18,-62.220
4534.67,-62.548
4535.16,-62.104
4535.64,-60.593
4536.13,-61.580
4536.62,-63.803
4537.11,-63.404
4537.60,-63.479
4538.09,-61.714
4538.57,-63.654
4539.06,-62.273
4539.55,-62.823
4540.04,-63.570
4540.53,-63.499
4541.02,-63.882
4541.50,-63.057
4541.99,-63.049
4542.48,-63.098
4542.97,-62.928
4543.46,-64.158
4543.95,-64.097
4544.43,-63.260
4544.92,-64.424
4545.41,-63.523
4545.90,-62.512
4546.39,-62.691
4546.88,-63.307
4547.36,-62.585
4547.85,-61.688
4548.34,-63.057
4548.83,-61.474
4549.32,-61.984
4549.80,-62.330
4550.29,-64.170
4550.78,-63.207
4551.27,-63.922
4551.76,-62.825
4552.25,-63.941
4552.73,-61.846
4553.22,-62.041
4553.71,-65.727
4554.20,-62.390
4554.69,-62.840
4555.18,-63.056
4555.66,-63.462
4556.15,-62.563
4556.64,-63.928
4557.13,-62.878
4557.62,-63.278
4558.11,-62.360
4558.59,-62.396
4559.08,-64.723
4559.57,-63.670
4560.06,-62.226
4560.55,-63.260
4561.04,-62.245
4561.52,-62.156
4562.01,-62.913
4562.50,-62.804
4562.99,-62.323
4563.48,-61.531
4563.96,-62.428
4564.45,-62.850
4564.94,-61.959
4565.43,-62.204
4565.92,-62.223
4566.41,-63.922
4566.89,-64.035
4567.38,-64.019
4567.87,-63.208
4568.36,-63.592
4568.85,-63.838
4569.34,-63.324
4569.82,-63.290
4570.31,-63.618
4570.80,-64.492
4571.29,-63.561
4571.78,-64.292
4572.27,-61.979
4572.75,-62.399
4573.24,-63.581
4573.73,-63.039
4574.22,-65.122
4574.71,-64.123
4575.20,-63.112
4575.68,-64.080
4576.17,-62.126
4576.66,-64.119
4577.15,-61.431
4577.64,-61.054
4578.12,-63.332
4578.61,-62.979
4579.10,-62.663
4579.59,-63.482
4580.08,-63.268
4580.57,-63.312
4581.05,-63.844
4581.54,-61.090
4582.03,-63.102
4582.52,-62.125
4583.01,-61.977
4583.50,-64.323
4583.98,-63.183
4584.47,-64.059
4584.96,-61.738
4585.45,-63.406
4585.94,-64.581
4586.43,-61.758
4586.91,-61.746
4587.40,-60.657
4587.89,-63.094
4588.38,-62.506
4588.87,-62.872
4589.36,-63.999
4589.84,-61.959
4590.33,-62.951
4590.82,-61.439
4591.31,-62.123
4591.80,-61.988
4592.29,-62.123
4592.77,-63.287
4593.26,-62.552
4593.75,-63.087
4594.24,-62.572
4594.73,-62.743
4595.21,-62.402
4595.70,-63.152
4596.19,-61.908
4596.68,-64.592
4597.17,-64.288
4597.66,-64.641
4598.14,-62.156
4598.63,-63.809
4599.12,-62.192
4599.61,-62.400
4600.10,-64.241
4600.59,-61.994
4601.07,-62.939
4601.56,-62.714
4602.05,-62.260
4602.54,-62.421
4603.03,-61.166
4603.52,-62.098
4604.00,-62.023
4604.49,-63.107
4604.98,-64.589
4605.47,-65.432
4605.96,-63.692
4606.45,-62.578
4606.93,-61.363
4607.42,-63.080
4607.91,-64.061
4608.40,-63.233
4608.89,-62.985
4609.38,-62.350
4609.86,-62.065
4610.35,-62.628
4610.84,-63.021
4611.33,-63.162
4611.82,-61.939
4612.30,-62.669
4612.79,-62.769
4613.28,-62.481
4613.77,-63.854
4614.26,-63.041
4614.75,-62.775
4615.23,-61.885
4615.72,-62.014
4616.21,-61.626
4616.70,-62.735
4617.19,-62.661
4617.68,-62.224
4618.16,-60.840
4618.65,-63.076
4619.14,-61.762
4619.63,-61.753
4620.12,-62.702
4620.61,-61.069
4621.09,-62.470
4621.58,-62.078
4622.07,-60.359
4622.56,-61.489
4623.05,-61.381
4623.54,-62.128
4624.02,-62.938
4624.51,-63.297
4625.00,-62.428
4625.49,-63.531
4625.98,-63.177
4626.46,-62.947
4626.95,-62.610
4627.44,-62.384
4627.93,-61.770
4628.42,-62.887
4628.91,-63.639
4629.39,-62.830
4629.88,-62.405
4630.37,-63.203
4630.86,-62.645
4631.35,-61.475
4631.84,-63.174
4632.32,-60.837
4632.81,-60.943
4633.30,-61.771
4633.79,-62.214
4634.28,-62.067
4634.77,-61.784
4635.25,-62.333
4635.74,-63.059
4636.23,-62.512
4636.72,-61.643
4637.21,-62.658
4637.70,-61.381
4638.18,-60.894
4638.67,-60.853
4639.16,-62.061
4639.65,-63.128
4640.14,-61.522
4640.62,-62.244
4641.11,-62.920
4641.60,-63.097
4642.09,-61.641
4642.58,-59.882
4643.07,-61.963
4643.55,-62.193
4644.04,-62.174
4644.53,-61.351
4645.02,-62.776
4645.51,-62.934
4646.00,-62.113
4646.48,-61.454
4646.97,-63.527
4647.46,-63.379
4647.95,-63.330
4648.44,-62.304
4648.93,-61.326
4649.41,-62.140
4649.90,-60.539
4650.39,-61.777
4650.88,-63.011
4651.37,-62.360
4651.86,-60.348
4652.34,-60.517
4652.83,-62.520
4653.32,-61.955
4653.81,-61.787
4654.30,-61.654
4654.79,-61.755
4655.27,-61.980
4655.76,-60.821
4656.25,-61.094
4656.74,-61.466
4657.23,-62.115
4657.71,-62.058
4658.20,-61.211
4658.69,-61.183
4659.18,-61.524
4659.67,-62.160
4660.16,-62.625
4660.64,-61.434
4661.13,-62.383
4661.62,-61.239
4662.11,-60.723
4662.60,-61.253
4663.09,-59.971
4663.57,-62.647
4664.06,-63.096
4664.55,-62.082
4665.04,-60.494
4665.53,-61.158
4666.02,-61.412
4666.50,-61.598
4666.99,-60.798
4667.48,-61.985
4667.97,-60.280
4668.46,-60.903
4668.95,-60.530
4669.43,-61.834
4669.92,-61.370
4670.41,-59.989
4670.90,-62.724
4671.39,-61.168
4671.88,-62.068
4672.36,-61.032
4672.85,-61.045
4673.34,-61.262
4673.83,-60.782
4674.32,-60.134
4674.80,-61.452
4675.29,-61.107
4675.78,-60.095
4676.27,-61.471
4676.76,-63.569
4677.25,-63.998
4677.73,-61.314
4678.22,-62.959
4678.71,-61.061
4679.20,-61.535
4679.69,-61.993
4680.18,-61.516
4680.66,-61.261
4681.15,-60.779
4681.64,-60.827
4682.13,-61.794
4682.62,-59.669
4683.11,-61.723
4683.59,-60.732
4684.08,-60.892
4684.57,-59.501
4685.06,-60.860
4685.55,-61.726
4686.04,-62.306
4686.52,-60.826
4687.01,-61.006
4687.50,-60.727
4687.99,-61.785
4688.48,-60.859
4688.96,-62.037
4689.45,-60.643
4689.94,-60.536
4690.43,-59.950
4690.92,-60.420
4691.41,-60.616
4691.89,-58.639
4692.38,-61.191
4692.87,-60.049
4693.36,-58.987
4693.85,-60.829
4694.34,-61.480
4694.82,-61.503
4695.31,-59.517
4695.80,-60.949
4696.29,-62.044
4696.78,-60.806
4697.27,-62.555
4697.75,-61.216
4698.24,-60.854
4698.73,-60.314
4699.22,-60.316
4699.71,-61.673
4700.20,-60.754
4700.68,-60.421
4701.17,-61.750
4701.66,-61.241
4702.15,-59.217
4702.64,-61.590
4703.12,-62.648
4703.61,-59.623
4704.10,-61.579
4704.59,-61.025
4705.08,-60.861
4705.57,-60.622
4706.05,-60.568
4706.54,-60.386
4707.03,-60.288
4707.52,-60.146
4708.01,-61.482
4708.50,-61.134
4708.98,-60.187
4709.47,-61.017
4709.96,-62.189
4710.45,-60.846
4710.94,-60.669
4711.43,-59.530
4711.91,-58.516
4712.40,-60.860
4712.89,-58.930
4713.38,-61.011
4713.87,-59.525
4714.36,-61.004
4714.84,-60.261
4715.33,-61.168
4715.82,-58.868
4716.31,-59.909
4716.80,-60.468
4717.29,-60.645
4717.77,-58.508
4718.26,-60.213
4718.75,-58.826
4719.24,-58.980
4719.73,-59.686
4720.21,-58.833
4720.70,-59.735
4721.19,-61.234
4721.68,-60.145
4722.17,-60.553
4722.66,-59.384
4723.14,-59.000
4723.63,-59.555
4724.12,-59.630
4724.61,-59.674
4725.10,-59.293
4725.59,-59.368
4726.07,-58.470
4726.56,-59.474
4727.05,-60.006
4727.54,-61.288
4728.03,-60.703
4728.52,-59.108
4729.00,-59.113
4729.49,-58.602
4729.98,-59.736
4730.47,-59.332
4730.96,-58.884
4731.45,-61.359
4731.93,-60.056
4732.42,-59.423
4732.91,-58.452
4733.40,-59.819
4733.89,-60.249
4734.38,-61.343
4734.86,-58.526
4735.35,-59.334
4735.84,-60.632
4736.33,-58.687
4736.82,-57.935
4737.30,-59.456
4737.79,-57.991
4738.28,-58.349
4738.77,-59.071
4739.26,-57.820
4739.75,-58.202
4740.23,-58.297
4740.72,-60.864
4741.21,-59.273
4741.70,-60.053
4742.19,-60.427
4742.68,-59.111
4743.16,-58.799
4743.65,-59.527
4744.14,-59.909
4744.63,-59.369
4745.12,-61.158
4745.61,-58.930
4746.09,-61.129
4746.58,-59.421
4747.07,-61.734
4747.56,-59.169
4748.05,-58.916
4748.54,-59.883
4749.02,-58.181
4749.51,-58.970
4750.00,-59.788
4750.49,-59.989
4750.98,-60.203
4751.46,-58.068
4751.95,-60.049
4752.44,-58.481
4752.93,-58.480
4753.42,-60.099
4753.91,-60.243
4754.39,-57.821
4754.88,-57.703
4755.37,-57.760
4755.86,-56.572
4756.35,-57.652
4756.84,-58.926
4757.32,-58.987
4757.81,-58.423
4758.30,-58.171
4758.79,-58.896
4759.28,-59.030
4759.77,-57.124
4760.25,-59.118
4760.74,-58.790
4761.23,-59.075
4761.72,-58.983
4762.21,-57.915
4762.70,-57.588
4763.18,-59.423
4763.67,-57.175
4764.16,-59.517
4764.65,-59.010
4765.14,-57.929
4765.62,-58.230
4766.11,-59.151
4766.60,-60.768
4767.09,-58.179
4767.58,-59.719
4768.07,-59.075
4768.55,-59.353
4769.04,-58.465
4769.53,-57.983
4770.02,-58.380
4770.51,-59.105
4771.00,-58.192
4771.48,-58.389
4771.97,-57.320
4772.46,-56.997
4772.95,-58.205
4773.44,-57.046
4773.93,-58.331
4774.41,-60.203
4774.90,-58.720
4775.39,-57.895
4775.88,-58.836
4776.37,-59.303
4776.86,-58.956
4777.34,-58.541
4777.83,-59.431
4778.32,-58.375
4778.81,-57.999
4779.30,-57.139
4779.79,-56.196
4780.27,-59.760
4780.76,-59.808
4781.25,-58.091
4781.74,-58.671
4782.23,-58.044
4782.71,-57.902
4783.20,-57.139
4783.69,-57.319
4784.18,-59.927
4784.67,-56.804
4785.16,-56.934
4785.64,-57.049
4786.13,-56.923
4786.62,-56.470
4787.11,-58.530
4787.60,-58.419
4788.09,-57.570
4788.57,-58.272
4789.06,-57.486
4789.55,-56.989
4790.04,-57.981
4790.53,-56.983
4791.02,-58.876
4791.50,-58.499
4791.99,-58.089
4792.48,-58.498
4792.97,-56.817
4793.46,-59.298
4793.95,-58.056
4794.43,-57.585
4794.92,-58.258
4795.41,-57.767
4795.90,-56.519
4796.39,-57.920
4796.88,-55.968
4797.36,-56.801
4797.85,-57.126
4798.34,-56.448
4798.83,-58.435
4799.32,-58.000
4799.80,-58.151
4800.29,-57.867
4800.78,-56.015
4801.27,-58.646
4801.76,-57.807
4802.25,-56.736
4802.73,-59.354
4803.22,-58.216
4803.71,-56.445
4804.20,-56.360
4804.69,-54.474
4805.18,-56.533
4805.66,-57.602
4806.15,-58.782
4806.64,-57.894
4807.13,-57.358
4807.62,-57.207
4808.11,-58.581
4808.59,-57.247
4809.08,-57.062
4809.57,-56.962
4810.06,-58.163
4810.55,-56.641
4811.04,-56.434
4811.52,-57.088
4812.01,-57.371
4812.50,-56.402
4812.99,-56.615
4813.48,-56.823
4813.96,-58.494
4814.45,-58.285
4814.94,-57.122
4815.43,-57.458
4815.92,-58.445
4816.41,-58.341
4816.89,-57.208
4817.38,-57.516
4817.87,-59.319
4818.36,-56.080
4818.85,-57.492
4819.34,-59.483
4819.82,-56.373
4820.31,-57.277
4820.80,-57.463
4821.29,-57.566
4821.78,-56.777
4822.27,-56.852
4822.75,-57.093
4823.24,-57.704
4823.73,-57.087
4824.22,-56.678
4824.71,-55.804
4825.20,-57.643
4825.68,-56.728
4826.17,-58.788
4826.66,-57.091
4827.15,-57.954
4827.64,-58.395
4828.12,-57.288
4828.61,-56.978
4829.10,-58.818
4829.59,-58.029
4830.08,-57.178
4830.57,-57.563
4831.05,-58.802
4831.54,-57.316
4832.03,-58.282
4832.52,-57.122
4833.01,-55.845
4833.50,-56.514
4833.98,-58.679
4834.47,-56.452
4834.96,-56.697
4835.45,-56.234
4835.94,-57.571
4836.43,-55.476
4836.91,-53.861
4837.40,-56.491
4837.89,-56.710
4838.38,-57.527
4838.87,-58.412
4839.36,-57.878
4839.84,-57.238
4840.33,-56.381
4840.82,-56.973
4841.31,-58.146
4841.80,-58.091
4842.29,-57.376
4842.77,-56.947
4843.26,-57.621
4843.75,-59.837
4844.24,-57.293
4844.73,-56.348
4845.21,-58.013
4845.70,-56.995
4846.19,-59.028
4846.68,-57.628
4847.17,-55.568
4847.66,-55.284
4848.14,-57.812
4848.63,-57.435
4849.12,-58.024
4849.61,-55.853
4850.10,-57.777
4850.59,-56.571
4851.07,-55.827
4851.56,-56.634
4852.05,-56.938
4852.54,-56.084
4853.03,-56.434
4853.52,-58.256
4854.00,-55.965
4854.49,-56.092
4854.98,-57.546
4855.47,-56.736
4855.96,-58.363
4856.45,-56.360
4856.93,-58.208
4857.42,-58.570
4857.91,-57.741
4858.40,-59.036
4858.89,-56.262
4859.38,-57.914
4859.86,-59.224
4860.35,-58.717
4860.84,-58.011
4861.33,-56.624
4861.82,-56.981
4862.30,-57.496
4862.79,-57.594
4863.28,-57.757
4863.77,-57.328
4864.26,-57.454
4864.75,-58.208
4865.23,-58.096
4865.72,-57.176
4866.21,-56.137
4866.70,-55.838
4867.19,-55.026
4867.68,-56.740
4868.16,-56.945
4868.65,-55.976
4869.14,-55.907
4869.63,-56.780
4870.12,-56.559
4870.61,-57.227
4871.09,-56.910
4871.58,-57.147
4872.07,-57.116
4872.56,-56.220
4873.05,-57.470
4873.54,-56.363
4874.02,-55.371
4874.51,-55.960
4875.00,-56.072
4875.49,-57.124
4875.98,-56.892
4876.46,-55.948
4876.95,-56.665
4877.44,-57.337
4877.93,-57.520
4878.42,-57.313
4878.91,-56.011
4879.39,-57.934
4879.88,-56.536
4880.37,-56.296
4880.86,-57.068
4881.35,-57.486
4881.84,-56.442
4882.32,-58.055
4882.81,-56.428
4883.30,-56.853
4883.79,-55.755
4884.28,-56.571
4884.77,-56.024
4885.25,-56.763
4885.74,-56.696
4886.23,-56.113
4886.72,-57.778
4887.21,-59.493
4887.70,-57.779
4888.18,-58.105
4888.67,-56.201
4889.16,-57.301
4889.65,-56.094
4890.14,-57.756
4890.62,-55.243
4891.11,-57.866
4891.60,-57.387
4892.09,-56.145
4892.58,-55.261
4893.07,-55.768
4893.55,-57.466
4894.04,-56.604
4894.53,-57.789
4895.02,-56.382
4895.51,-57.615
4896.00,-56.594
4896.48,-57.094
4896.97,-56.698
4897.46,-56.110
4897.95,-56.953
4898.44,-57.365
4898.93,-55.453
4899.41,-56.186
4899.90,-56.069
4900.39,-55.462
4900.88,-56.646
4901.37,-56.233
4901.86,-57.741
4902.34,-56.928
4902.83,-56.800
4903.32,-56.265
4903.81,-56.431
4904.30,-57.785
4904.79,-58.514
4905.27,-56.456
4905.76,-57.331
4906.25,-55.404
4906.74,-56.424
4907.23,-56.108
4907.71,-56.764
4908.20,-56.469
4908.69,-57.368
4909.18,-57.257
4909.67,-56.466
4910.16,-57.170
4910.64,-56.542
4911.13,-56.389
4911.62,-55.863
4912.11,-55.704
4912.60,-55.735
4913.09,-56.382
4913.57,-56.716
4914.06,-57.495
4914.55,-58.454
4915.04,-55.513
4915.53,-56.918
4916.02,-55.753
4916.50,-58.802
4916.99,-56.686
4917.48,-57.951
4917.97,-56.233
4918.46,-57.277
4918.95,-55.904
4919.43,-54.963
4919.92,-56.436
4920.41,-55.600
4920.90,-57.016
4921.39,-56.805
4921.88,-57.031
4922.36,-54.632
4922.85,-54.904
4923.34,-56.874
4923.83,-58.140
4924.32,-56.141
4924.80,-56.563
4925.29,-56.085
4925.78,-56.559
4926.27,-56.025
4926.76,-54.391
4927.25,-57.427
4927.73,-55.303
4928.22,-55.236
4928.71,-57.053
4929.20,-57.411
4929.69,-55.558
4930.18,-55.239
4930.66,-56.909
4931.15,-56.428
4931.64,-55.747
4932.13,-56.322
4932.62,-55.456
4933.11,-54.084
4933.59,-56.979
4934.08,-56.885
4934.57,-57.198
4935.06,-57.330
4935.55,-55.664
4936.04,-56.787
4936.52,-56.207
4937.01,-55.871
4937.50,-56.870
4937.99,-57.550
4938.48,-57.793
4938.96,-56.633
4939.45,-56.789
4939.94,-55.997
4940.43,-56.054
4940.92,-56.701
4941.41,-57.686
4941.89,-58.052
4942.38,-57.413
4942.87,-55.447
4943.36,-55.090
4943.85,-55.075
4944.34,-55.374
4944.82,-56.618
4945.31,-56.631
4945.80,-57.355
4946.29,-56.786
4946.78,-57.720
4947.27,-54.630
4947.75,-56.103
4948.24,-56.890
4948.73,-56.258
4949.22,-55.072
4949.71,-55.384
4950.20,-55.384
4950.68,-55.058
4951.17,-57.171
4951.66,-55.305
4952.15,-55.428
4952.64,-55.711
4953.12,-56.317
4953.61,-57.490
4954.10,-57.010
4954.59,-56.043
4955.08,-55.328
4955.57,-55.928
4956.05,-55.643
4956.54,-55.145
4957.03,-54.170
4957.52,-54.616
4958.01,-55.996
4958.50,-56.100
4958.98,-55.691
4959.47,-55.480
4959.96,-55.570
4960.45,-54.980
4960.94,-55.015
4961.43,-56.239
4961.91,-54.790
4962.40,-56.543
4962.89,-55.840
4963.38,-55.992
4963.87,-56.086
4964.36,-56.386
4964.84,-55.353
4965.33,-55.075
4965.82,-55.826
4966.31,-54.802
4966.80,-56.637
4967.29,-57.889
4967.77,-55.510
4968.26,-55.050
4968.75,-55.144
4969.24,-55.896
4969.73,-55.250
4970.21,-55.209
4970.70,-55.300
4971.19,-56.715
4971.68,-54.117
4972.17,-56.709
4972.66,-56.615
4973.14,-55.366
4973.63,-55.196
4974.12,-55.408
4974.61,-55.075
4975.10,-56.497
4975.59,-55.715
4976.07,-56.023
4976.56,-57.309
4977.05,-55.150
4977.54,-55.677
4978.03,-55.655
4978.52,-55.223
4979.00,-55.565
4979.49,-55.739
4979.98,-55.477
4980.47,-54.699
4980.96,-54.374
4981.45,-56.173
4981.93,-56.012
4982.42,-54.460
4982.91,-54.164
4983.40,-54.622
4983.89,-54.515
4984.38,-56.806
4984.86,-55.042
4985.35,-55.530
4985.84,-56.324
4986.33,-55.754
4986.82,-56.168
4987.30,-54.858
4987.79,-55.206
4988.28,-55.788
4988.77,-55.631
4989.26,-55.201
4989.75,-55.294
4990.23,-55.522
4990.72,-56.033
4991.21,-54.560
4991.70,-55.697
4992.19,-55.774
4992.68,-56.517
4993.16,-56.485
4993.65,-55.094
4994.14,-57.691
4994.63,-56.409
4995.12,-56.140
4995.61,-56.799
4996.09,-54.988
4996.58,-55.314
4997.07,-54.453
4997.56,-55.396
4998.05,-55.077
4998.54,-56.876
4999.02,-57.217
4999.51,-54.531
5000.00,-55.811
5000.49,-54.451
5000.98,-53.609
5001.46,-56.289
5001.95,-54.996
5002.44,-54.961
5002.93,-57.681
5003.42,-58.018
5003.91,-54.629
5004.39,-56.159
5004.88,-55.680
5005.37,-54.997
5005.86,-54.985
5006.35,-56.518
5006.84,-56.633
5007.32,-56.102
5007.81,-55.578
5008.30,-57.416
5008.79,-56.468
5009.28,-54.566
5009.77,-56.014
5010.25,-54.950
5010.74,-56.590
5011.23,-56.888
5011.72,-57.127
5012.21,-56.455
5012.70,-55.059
5013.18,-55.718
5013.67,-56.219
5014.16,-57.611
5014.65,-56.162
5015.14,-56.699
5015.62,-55.002
5016.11,-55.723
5016.60,-53.808
5017.09,-54.970
5017.58,-55.156
5018.07,-56.291
5018.55,-55.876
5019.04,-57.018
5019.53,-58.337
5020.02,-56.753
5020.51,-57.198
5021.00,-56.235
5021.48,-56.629
5021.97,-57.145
5022.46,-57.266
5022.95,-57.966
5023.44,-56.594
5023.93,-56.132
5024.41,-56.798
5024.90,-56.789
5025.39,-57.225
5025.88,-55.039
5026.37,-56.264
5026.86,-56.873
5027.34,-57.229
5027.83,-55.377
5028.32,-57.408
5028.81,-58.450
5029.30,-56.517
5029.79,-56.446
5030.27,-56.778
5030.76,-58.117
5031.25,-56.119
5031.74,-57.786
5032.23,-56.008
5032.71,-56.472
5033.20,-55.767
5033.69,-55.653
5034.18,-55.481
5034.67,-57.517
5035.16,-55.962
5035.64,-57.300
5036.13,-56.374
5036.62,-57.086
5037.11,-56.973
5037.60,-57.381
5038.09,-55.802
5038.57,-56.826
5039.06,-56.709
5039.55,-57.164
5040.04,-55.466
5040.53,-56.402
5041.02,-56.984
5041.50,-56.656
5041.99,-55.423
5042.48,-56.441
5042.97,-55.778
5043.46,-56.703
5043.95,-55.066
5044.43,-57.902
5044.92,-55.962
5045.41,-59.614
5045.90,-57.415
5046.39,-56.976
5046.88,-57.594
5047.36,-56.207
5047.85,-57.695
5048.34,-56.902
5048.83,-59.371
5049.32,-57.028
5049.80,-57.163
5050.29,-57.060
5050.78,-56.991
5051.27,-56.538
5051.76,-56.918
5052.25,-58.865
5052.73,-57.200
5053.22,-58.295
5053.71,-58.506
5054.20,-57.028
5054.69,-57.527
5055.18,-57.987
5055.66,-58.294
5056.15,-59.007
5056.64,-57.868
5057.13,-58.088
5057.62,-58.133
5058.11,-58.463
5058.59,-59.063
5059.08,-57.617
5059.57,-58.886
5060.06,-57.616
5060.55,-57.102
5061.04,-57.085
5061.52,-57.926
5062.01,-57.209
5062.50,-59.263
5062.99,-58.632
5063.48,-56.392
5063.96,-59.729
5064.45,-59.695
5064.94,-59.609
5065.43,-56.960
5065.92,-59.238
5066.41,-58.446
5066.89,-57.392
5067.38,-57.359
5067.87,-59.691
5068.36,-58.917
5068.85,-58.446
5069.34,-59.151
5069.82,-59.005
5070.31,-59.509
5070.80,-58.696
5071.29,-57.834
5071.78,-58.034
5072.27,-59.311
5072.75,-59.182
5073.24,-58.572
5073.73,-59.111
5074.22,-58.161
5074.71,-58.623
5075.20,-59.184
5075.68,-60.461
5076.17,-59.264
5076.66,-58.499
5077.15,-59.139
5077.64,-58.561
5078.12,-60.606
5078.61,-59.021
5079.10,-57.829
5079.59,-58.545
5080.08,-58.479
5080.57,-60.282
5081.05,-59.084
5081.54,-59.352
5082.03,-59.046
5082.52,-58.315
5083.01,-58.921
5083.50,-59.262
5083.98,-59.229
5084.47,-62.247
5084.96,-60.578
5085.45,-58.745
5085.94,-59.213
5086.43,-60.357
5086.91,-58.167
5087.40,-60.605
5087.89,-60.320
5088.38,-58.411
5088.87,-59.736
5089.36,-60.304
5089.84,-60.291
5090.33,-60.659
5090.82,-59.943
5091.31,-59.702
5091.80,-59.470
5092.29,-58.890
5092.77,-60.009
5093.26,-59.001
5093.75,-58.599
5094.24,-58.448
5094.73,-61.294
5095.21,-60.176
5095.70,-60.098
5096.19,-60.196
5096.68,-59.857
5097.17,-60.850
5097.66,-60.698
5098.14,-59.755
5098.63,-62.233
5099.12,-60.022
5099.61,-61.603
5100.10,-61.542
5100.59,-58.871
5101.07,-59.984
5101.56,-60.908
5102.05,-60.752
5102.54,-59.874
5103.03,-62.179
5103.52,-61.055
5104.00,-61.381
5104.49,-59.698
5104.98,-58.611
5105.47,-60.364
5105.96,-60.491
5106.45,-60.925
5106.93,-62.520
5107.42,-60.107
5107.91,-60.606
5108.40,-61.673
5108.89,-60.638
5109.38,-62.477
5109.86,-61.589
5110.35,-60.357
5110.84,-60.168
5111.33,-59.845
5111.82,-60.026
5112.30,-59.477
5112.79,-61.398
5113.28,-61.502
5113.77,-59.436
5114.26,-59.278
5114.75,-60.225
5115.23,-62.734
5115.72,-59.801
5116.21,-61.375
5116.70,-61.520
5117.19,-60.908
5117.68,-62.159
5118.16,-59.818
5118.65,-63.567
5119.14,-62.375
5119.63,-63.060
5120.12,-61.775
5120.61,-62.955
5121.09,-61.766
5121.58,-61.237
5122.07,-62.082
5122.56,-60.608
5123.05,-60.775
5123.54,-59.994
5124.02,-62.969
5124.51,-63.334
5125.00,-63.723
5125.49,-63.506
5125.98,-62.153
5126.46,-63.724
5126.95,-61.905
5127.44,-63.729
5127.93,-62.196
5128.42,-61.138
5128.91,-62.017
5129.39,-61.316
5129.88,-62.068
5130.37,-63.309
5130.86,-62.187
5131.35,-62.272
5131.84,-63.612
5132.32,-63.263
5132.81,-64.070
5133.30,-65.222
5133.79,-61.460
5134.28,-61.925
5134.77,-61.655
5135.25,-61.325
5135.74,-63.781
5136.23,-62.712
5136.72,-61.877
5137.21,-61.295
5137.70,-61.397
5138.18,-61.253
5138.67,-62.357
5139.16,-63.064
5139.65,-62.589
5140.14,-62.099
5140.62,-61.944
5141.11,-62.388
5141.60,-62.014
5142.09,-63.502
5142.58,-62.388
5143.07,-61.095
5143.55,-61.927
5144.04,-61.157
5144.53,-62.540
5145.02,-61.736
5145.51,-63.747
5146.00,-63.027
5146.48,-63.165
5146.97,-62.973
5147.46,-62.257
5147.95,-62.768
5148.44,-64.344
5148.93,-63.033
5149.41,-63.197
5149.90,-63.045
5150.39,-64.464
5150.88,-65.153
5151.37,-63.250
5151.86,-62.494
5152.34,-62.334
5152.83,-62.778
5153.32,-63.021
5153.81,-61.934
5154.30,-61.990
5154.79,-63.552
5155.27,-63.174
5155.76,-62.977
5156.25,-62.801
5156.74,-63.358
5157.23,-62.830
5157.71,-63.736
5158.20,-63.162
5158.69,-62.898
5159.18,-63.563
5159.67,-64.479
5160.16,-64.636
5160.64,-65.229
5161.13,-66.507
5161.62,-64.191
5162.11,-62.896
5162.60,-63.505
5163.09,-64.043
5163.57,-63.139
5164.06,-63.832
5164.55,-64.289
5165.04,-63.794
5165.53,-63.714
5166.02,-63.344
5166.50,-64.960
5166.99,-62.903
5167.48,-64.692
5167.97,-63.149
5168.46,-63.776
5168.95,-64.848
5169.43,-62.906
5169.92,-62.555
5170.41,-63.004
5170.90,-63.275
5171.39,-65.196
5171.88,-65.717
5172.36,-63.501
5172.85,-64.950
5173.34,-64.505
5173.83,-65.222
5174.32,-64.188
5174.80,-64.632
5175.29,-65.819
5175.78,-63.717
5176.27,-65.530
5176.76,-64.331
5177.25,-63.744
5177.73,-63.328
5178.22,-64.252
5178.71,-64.426
5179.20,-64.049
5179.69,-64.914
5180.18,-64.223
5180.66,-65.368
5181.15,-65.490
5181.64,-64.969
5182.13,-64.707
5182.62,-63.076
5183.11,-62.424
5183.59,-64.555
5184.08,-65.613
5184.57,-66.546
5185.06,-67.107
5185.55,-64.915
5186.04,-64.050
5186.52,-67.199
5187.01,-64.862
5187.50,-63.846
5187.99,-65.827
5188.48,-65.495
5188.96,-63.444
5189.45,-63.836
5189.94,-65.471
5190.43,-64.804
5190.92,-64.934
5191.41,-64.977
5191.89,-65.094
5192.38,-64.960
5192.87,-62.990
5193.36,-65.227
5193.85,-64.892
5194.34,-63.248
5194.82,-64.969
5195.31,-64.728
5195.80,-63.816
5196.29,-64.444
5196.78,-64.261
5197.27,-64.262
5197.75,-66.663
5198.24,-65.331
5198.73,-64.176
5199.22,-63.471
5199.71,-65.343
5200.20,-65.553
5200.68,-67.551
5201.17,-66.090
5201.66,-66.367
5202.15,-65.710
5202.64,-64.879
5203.12,-65.199
5203.61,-64.383
5204.10,-65.004
5204.59,-65.881
5205.08,-66.835
5205.57,-66.950
5206.05,-64.252
5206.54,-64.811
5207.03,-63.458
5207.52,-64.324
5208.01,-64.149
5208.50,-63.852
5208.98,-66.824
5209.47,-65.131
5209.96,-64.168
5210.45,-65.067
5210.94,-64.753
5211.43,-65.795
5211.91,-65.941
5212.40,-64.582
5212.89,-64.896
5213.38,-64.632
5213.87,-63.617
5214.36,-66.245
5214.84,-64.178
5215.33,-66.064
5215.82,-64.213
5216.31,-65.408
5216.80,-64.864
5217.29,-66.024
5217.77,-66.478
5218.26,-66.415
5218.75,-64.794
5219.24,-65.696
5219.73,-67.264
5220.21,-66.551
5220.70,-65.928
5221.19,-63.540
5221.68,-64.516
5222.17,-64.948
5222.66,-65.076
5223.14,-65.345
5223.63,-66.374
5224.12,-65.355
5224.61,-66.397
5225.10,-65.245
5225.59,-66.611
5226.07,-66.892
5226.56,-67.641
5227.05,-64.203
5227.54,-65.659
5228.03,-65.302
5228.52,-65.478
5229.00,-67.534
5229.49,-66.441
5229.98,-65.022
5230.47,-66.472
5230.96,-66.711
5231.45,-65.716
5231.93,-65.960
5232.42,-64.826
5232.91,-65.910
5233.40,-65.043
5233.89,-66.527
5234.38,-64.628
5234.86,-66.795
5235.35,-66.137
5235.84,-64.927
5236.33,-65.749
5236.82,-65.368
5237.30,-65.305
5237.79,-67.050
5238.28,-64.651
5238.77,-65.572
5239.26,-66.717
5239.75,-65.034
5240.23,-65.278
5240.72,-65.099
5241.21,-66.753
5241.70,-65.260
5242.19,-66.793
5242.68,-66.223
5243.16,-66.658
5243.65,-65.576
5244.14,-66.418
5244.63,-65.097
5245.12,-65.677
5245.61,-65.762
5246.09,-65.759
5246.58,-64.892
5247.07,-66.512
5247.56,-66.442
5248.05,-66.234
5248.54,-66.956
5249.02,-66.935
5249.51,-66.608
5250.00,-65.238
5250.49,-67.430
5250.98,-65.621
5251.46,-66.075
5251.95,-66.311
5252.44,-64.532
5252.93,-65.169
5253.42,-66.987
5253.91,-67.128
5254.39,-66.987
5254.88,-66.717
5255.37,-67.492
5255.86,-66.152
5256.35,-67.349
5256.84,-65.923
5257.32,-65.487
5257.81,-67.031
5258.30,-65.123
5258.79,-65.064
5259.28,-67.792
5259.77,-65.967
5260.25,-66.364
5260.74,-66.393
5261.23,-67.724
5261.72,-66.111
5262.21,-67.052
5262.70,-66.492
5263.18,-65.818
5263.67,-65.583
5264.16,-65.817
5264.65,-66.559
5265.14,-66.787
5265.62,-67.462
5266.11,-67.441
5266.60,-67.769
5267.09,-66.293
5267.58,-66.547
5268.07,-65.479
5268.55,-66.892
5269.04,-66.836
5269.53,-65.423
5270.02,-64.878
5270.51,-65.928
5271.00,-66.832
5271.48,-66.955
5271.97,-67.000
5272.46,-66.825
5272.95,-67.417
5273.44,-65.343
5273.93,-66.199
5274.41,-66.922
5274.90,-66.205
5275.39,-65.516
5275.88,-65.187
5276.37,-66.184
5276.86,-68.098
5277.34,-65.674
5277.83,-66.037
5278.32,-67.037
5278.81,-66.170
5279.30,-65.767
5279.79,-66.415
5280.27,-65.766
5280.76,-65.979
5281.25,-66.777
5281.74,-67.007
5282.23,-67.599
5282.71,-66.492
5283.20,-65.866
5283.69,-66.846
5284.18,-66.563
5284.67,-66.271
5285.16,-66.960
5285.64,-65.121
5286.13,-66.549
5286.62,-66.584
5287.11,-66.169
5287.60,-65.789
5288.09,-65.719
5288.57,-65.979
5289.06,-67.191
5289.55,-67.613
5290.04,-66.336
5290.53,-67.112
5291.02,-66.359
5291.50,-64.844
5291.99,-66.456
5292.48,-66.749
5292.97,-68.237
5293.46,-66.642
5293.95,-67.018
5294.43,-65.392
5294.92,-65.076
5295.41,-64.934
5295.90,-67.312
5296.39,-66.160
5296.88,-67.587
5297.36,-66.118
5297.85,-66.590
5298.34,-66.893
5298.83,-64.827
5299.32,-65.487
5299.80,-66.621
5300.29,-64.700
5300.78,-66.012
5301.27,-66.304
5301.76,-67.064
5302.25,-66.232
5302.73,-65.433
5303.22,-65.456
5303.71,-66.828
5304.20,-66.347
5304.69,-66.243
5305.18,-66.954
5305.66,-66.969
5306.15,-67.539
5306.64,-66.552
5307.13,-67.866
5307.62,-67.393
5308.11,-66.002
5308.59,-66.759
5309.08,-68.331
5309.57,-68.144
5310.06,-67.586
5310.55,-66.080
5311.04,-66.566
5311.52,-68.403
5312.01,-67.897
5312.50,-65.514
5312.99,-65.185
5313.48,-66.038
5313.96,-66.316
5314.45,-65.581
5314.94,-67.422
5315.43,-67.263
5315.92,-67.307
5316.41,-67.624
5316.89,-66.861
5317.38,-66.579
5317.87,-66.646
5318.36,-65.606
5318.85,-67.467
5319.34,-66.105
5319.82,-67.139
5320.31,-66.918
5320.80,-66.830
5321.29,-66.307
5321.78,-65.825
5322.27,-65.154
5322.75,-66.168
5323.24,-65.197
5323.73,-65.776
5324.22,-65.644
5324.71,-65.203
5325.20,-66.059
5325.68,-66.318
5326.17,-67.047
5326.66,-65.889
5327.15,-66.494
5327.64,-65.745
5328.12,-65.046
5328.61,-65.820
5329.10,-67.579
5329.59,-67.260
5330.08,-66.946
5330.57,-65.613
5331.05,-66.481
5331.54,-67.094
5332.03,-66.728
5332.52,-67.211
5333.01,-66.145
5333.50,-65.909
5333.98,-67.021
5334.47,-66.847
5334.96,-66.636
5335.45,-66.536
5335.94,-65.877
5336.43,-66.283
5336.91,-66.763
5337.40,-66.520
5337.89,-67.374
5338.38,-66.806
5338.87,-66.692
5339.36,-66.453
5339.84,-64.765
5340.33,-67.211
5340.82,-67.222
5341.31,-65.842
5341.80,-65.920
5342.29,-66.767
5342.77,-67.161
5343.26,-63.973
5343.75,-65.764
5344.24,-65.995
5344.73,-65.163
5345.21,-65.089
5345.70,-65.224
5346.19,-65.153
5346.68,-66.166
5347.17,-66.122
5347.66,-67.136
5348.14,-67.205
5348.63,-66.342
5349.12,-65.095
5349.61,-65.566
5350.10,-66.500
5350.59,-64.849
5351.07,-67.121
5351.56,-66.338
5352.05,-65.257
5352.54,-66.395
5353.03,-66.623
5353.52,-66.547
5354.00,-64.280
5354.49,-64.746
5354.98,-66.707
5355.47,-65.838
5355.96,-64.860
5356.45,-67.306
5356.93,-66.990
5357.42,-66.900
5357.91,-67.156
5358.40,-67.056
5358.89,-64.852
5359.38,-65.478
5359.86,-65.849
5360.35,-65.037
5360.84,-67.010
5361.33,-65.549
5361.82,-65.829
5362.30,-66.610
5362.79,-65.596
5363.28,-65.244
5363.77,-65.930
5364.26,-64.944
5364.75,-65.988
5365.23,-65.399
5365.72,-63.962
5366.21,-64.953
5366.70,-65.302
5367.19,-66.264
5367.68,-65.046
5368.16,-64.795
5368.65,-65.702
5369.14,-66.113
5369.63,-65.309
5370.12,-65.476
5370.61,-66.524
5371.09,-65.501
5371.58,-65.106
5372.07,-64.752
5372.56,-65.011
5373.05,-66.700
5373.54,-66.740
5374.02,-65.931
5374.51,-66.615
5375.00,-64.762
5375.49,-65.894
5375.98,-65.398
5376.46,-65.113
5376.95,-66.582
5377.44,-64.112
5377.93,-65.372
5378.42,-65.217
5378.91,-65.855
5379.39,-66.458
5379.88,-66.722
5380.37,-64.200
5380.86,-64.820
5381.35,-64.165
5381.84,-64.477
5382.32,-65.524
5382.81,-68.272
5383.30,-66.334
5383.79,-64.226
5384.28,-64.694
5384.77,-64.209
5385.25,-63.682
5385.74,-64.607
5386.23,-63.808
5386.72,-64.015
5387.21,-65.663
5387.70,-66.164
5388.18,-65.916
5388.67,-63.519
5389.16,-63.610
5389.65,-63.807
5390.14,-67.098
5390.62,-65.853
5391.11,-64.376
5391.60,-65.586
5392.09,-64.193
5392.58,-64.714
5393.07,-64.485
5393.55,-65.052
5394.04,-64.053
5394.53,-64.089
5395.02,-66.502
5395.51,-63.331
5396.00,-64.473
5396.48,-64.332
5396.97,-63.415
5397.46,-63.572
5397.95,-64.102
5398.44,-65.155
5398.93,-64.743
5399.41,-63.205
5399.90,-64.340
5400.39,-64.168
5400.88,-62.603
5401.37,-63.561
5401.86,-63.515
5402.34,-63.522
5402.83,-65.824
5403.32,-64.125
5403.81,-65.225
5404.30,-64.766
5404.79,-62.438
5405.27,-64.898
5405.76,-64.380
5406.25,-63.328
5406.74,-65.200
5407.23,-64.289
5407.71,-64.813
5408.20,-64.191
5408.69,-64.193
5409.18,-63.705
5409.67,-63.690
5410.16,-64.561
5410.64,-63.332
5411.13,-63.781
5411.62,-62.750
5412.11,-62.714
5412.60,-63.631
5413.09,-63.634
5413.57,-63.074
5414.06,-62.559
5414.55,-63.751
5415.04,-62.683
5415.53,-61.543
5416.02,-65.385
5416.50,-65.595
5416.99,-63.568
5417.48,-63.095
5417.97,-62.742
5418.46,-63.365
5418.95,-62.794
5419.43,-64.093
5419.92,-63.086
5420.41,-62.738
5420.90,-62.780
5421.39,-62.699
5421.88,-64.990
5422.36,-63.270
5422.85,-64.957
5423.34,-63.670
5423.83,-62.240
5424.32,-61.839
5424.80,-63.435
5425.29,-62.729
5425.78,-63.066
5426.27,-63.302
5426.76,-63.230
5427.25,-62.869
5427.73,-62.993
5428.22,-63.023
5428.71,-63.827
5429.20,-63.634
5429.69,-62.410
5430.18,-61.646
5430.66,-63.652
5431.15,-63.764
5431.64,-62.496
5432.13,-61.823
5432.62,-62.584
5433.11,-64.140
5433.59,-63.501
5434.08,-62.478
5434.57,-61.673
5435.06,-63.116
5435.55,-63.441
5436.04,-62.023
5436.52,-63.391
5437.01,-63.264
5437.50,-61.694
5437.99,-62.794
5438.48,-61.297
5438.96,-63.105
5439.45,-61.933
5439.94,-60.992
5440.43,-64.029
5440.92,-61.972
5441.41,-61.374
5441.89,-61.980
5442.38,-61.615
5442.87,-62.599
5443.36,-62.155
5443.85,-61.359
5444.34,-61.900
5444.82,-61.321
5445.31,-61.043
5445.80,-61.563
5446.29,-61.749
5446.78,-61.180
5447.27,-63.207
5447.75,-59.709
5448.24,-60.714
5448.73,-59.989
5449.22,-61.176
5449.71,-62.060
5450.20,-60.999
5450.68,-60.495
5451.17,-61.011
5451.66,-63.605
5452.15,-63.416
5452.64,-63.609
5453.12,-61.263
5453.61,-61.636
5454.10,-60.524
5454.59,-60.407
5455.08,-60.051
5455.57,-62.339
5456.05,-61.821
5456.54,-60.622
5457.03,-61.509
5457.52,-62.069
5458.01,-61.791
5458.50,-61.078
5458.98,-62.088
5459.47,-59.522
5459.96,-58.677
5460.45,-58.672
5460.94,-59.194
5461.43,-61.564
5461.91,-61.028
5462.40,-59.324
5462.89,-61.334
5463.38,-61.103
5463.87,-60.698
5464.36,-60.607
5464.84,-59.640
5465.33,-59.553
5465.82,-60.020
5466.31,-59.678
5466.80,-59.571
5467.29,-60.175
5467.77,-60.342
5468.26,-61.163
5468.75,-58.392
5469.24,-60.891
5469.73,-60.164
5470.21,-60.136
5470.70,-58.736
5471.19,-60.313
5471.68,-59.640
5472.17,-59.338
5472.66,-58.506
5473.14,-59.422
5473.63,-58.995
5474.12,-57.834
5474.61,-59.782
5475.10,-59.367
5475.59,-60.314
5476.07,-60.561
5476.56,-59.086
5477.05,-58.860
5477.54,-58.717
5478.03,-58.582
5478.52,-59.280
5479.00,-59.922
5479.49,-58.485
5479.98,-59.016
5480.47,-58.067
5480.96,-58.274
5481.45,-58.313
5481.93,-57.724
5482.42,-59.556
5482.91,-57.970
5483.40,-58.142
5483.89,-58.530
5484.38,-59.758
5484.86,-58.516
5485.35,-58.103
5485.84,-57.485
5486.33,-58.945
5486.82,-57.923
5487.30,-58.332
5487.79,-58.823
5488.28,-58.301
5488.77,-59.484
5489.26,-58.956
5489.75,-59.731
5490.23,-58.927
5490.72,-57.695
5491.21,-58.829
5491.70,-56.869
5492.19,-57.570
5492.68,-57.214
5493.16,-58.229
5493.65,-58.882
5494.14,-58.955
5494.63,-58.741
5495.12,-58.708
5495.61,-57.002
5496.09,-58.545
5496.58,-59.318
5497.07,-59.873
5497.56,-57.711
5498.05,-57.980
5498.54,-58.061
5499.02,-57.422
5499.51,-56.819
5500.00,-58.520
5500.49,-57.354
5500.98,-57.037
5501.46,-58.250
5501.95,-58.719
5502.44,-58.468
5502.93,-59.052
5503.42,-59.788
5503.91,-59.964
5504.39,-58.008
5504.88,-58.336
5505.37,-57.345
5505.86,-58.488
5506.35,-57.578
5506.84,-59.236
5507.32,-58.615
5507.81,-57.534
5508.30,-58.440
5508.79,-58.722
5509.28,-59.948
5509.77,-58.492
5510.25,-57.389
5510.74,-58.453
5511.23,-57.935
5511.72,-57.553
5512.21,-58.509
5512.70,-58.577
5513.18,-59.092
5513.67,-57.861
5514.16,-58.398
5514.65,-58.249
5515.14,-57.836
5515.62,-58.369
5516.11,-59.019
5516.60,-57.262
5517.09,-57.706
5517.58,-58.184
5518.07,-57.862
5518.55,-57.422
5519.04,-57.854
5519.53,-58.969
5520.02,-60.744
5520.51,-59.907
5521.00,-59.456
5521.48,-58.495
5521.97,-60.521
5522.46,-59.740
5522.95,-58.415
5523.44,-59.294
5523.93,-58.915
5524.41,-59.877
5524.90,-58.715
5525.39,-58.519
5525.88,-59.017
5526.37,-58.765
5526.86,-60.631
5527.34,-58.393
5527.83,-59.176
5528.32,-60.132
5528.81,-59.883
5529.30,-59.623
5529.79,-60.129
5530.27,-60.692
5530.76,-61.219
5531.25,-60.238
5531.74,-60.855
5532.23,-61.097
5532.71,-60.544
5533.20,-59.587
5533.69,-60.879
5534.18,-59.652
5534.67,-60.212
5535.16,-62.139
5535.64,-60.426
5536.13,-60.552
5536.62,-58.874
5537.11,-58.874
5537.60,-60.089
5538.09,-61.664
5538.57,-61.429
5539.06,-61.930
5539.55,-60.226
5540.04,-60.193
5540.53,-59.856
5541.02,-61.484
5541.50,-61.039
5541.99,-61.239
5542.48,-60.464
5542.97,-61.380
5543.46,-61.647
5543.95,-61.456
5544.43,-60.603
5544.92,-59.230
5545.41,-62.108
5545.90,-60.920
5546.39,-60.568
5546.88,-62.503
5547.36,-62.237
5547.85,-63.610
5548.34,-62.977
5548.83,-61.613
5549.32,-60.299
5549.80,-60.540
5550.29,-61.141
5550.78,-62.171
5551.27,-61.493
5551.76,-61.620
5552.25,-62.013
5552.73,-60.924
5553.22,-61.654
5553.71,-62.786
5554.20,-62.130
5554.69,-61.912
5555.18,-62.496
5555.66,-61.530
5556.15,-62.676
5556.64,-63.783
5557.13,-64.041
5557.62,-61.505
5558.11,-62.245
5558.59,-63.253
5559.08,-62.098
5559.57,-62.116
5560.06,-63.416
5560.55,-63.057
5561.04,-61.666
5561.52,-62.611
5562.01,-62.344
5562.50,-63.022
5562.99,-62.780
5563.48,-64.037
5563.96,-64.947
5564.45,-63.623
5564.94,-62.472
5565.43,-62.434
5565.92,-63.323
5566.41,-63.768
5566.89,-64.294
5567.38,-62.257
5567.87,-64.749
5568.36,-63.432
5568.85,-63.717
5569.34,-65.061
5569.82,-64.258
5570.31,-63.311
5570.80,-63.888
5571.29,-64.077
5571.78,-64.609
5572.27,-64.876
5572.75,-66.437
5573.24,-63.920
5573.73,-63.911
5574.22,-63.918
5574.71,-63.183
5575.20,-64.449
5575.68,-65.426
5576.17,-64.732
5576.66,-65.085
5577.15,-64.365
5577.64,-64.888
5578.12,-64.580
5578.61,-64.959
5579.10,-65.883
5579.59,-66.140
5580.08,-63.738
5580.57,-66.434
5581.05,-64.705
5581.54,-66.806
5582.03,-66.380
5582.52,-64.765
5583.01,-66.228
5583.50,-65.033
5583.98,-65.057
5584.47,-65.227
5584.96,-64.919
5585.45,-63.123
5585.94,-64.452
5586.43,-65.995
5586.91,-65.605
5587.40,-67.643
5587.89,-66.240
5588.38,-65.563
5588.87,-63.964
5589.36,-65.130
5589.84,-66.722
5590.33,-66.623
5590.82,-67.097
5591.31,-64.833
5591.80,-65.627
5592.29,-66.740
5592.77,-65.145
5593.26,-64.778
5593.75,-65.718
5594.24,-65.806
5594.73,-64.962
5595.21,-66.510
5595.70,-66.788
5596.19,-64.812
5596.68,-66.452
5597.17,-67.903
5597.66,-65.852
5598.14,-65.672
5598.63,-65.615
5599.12,-67.036
5599.61,-66.718
5600.10,-64.995
5600.59,-66.397
5601.07,-66.862
5601.56,-64.601
5602.05,-65.196
5602.54,-64.745
5603.03,-65.627
5603.52,-67.169
5604.00,-66.240
5604.49,-68.400
5604.98,-66.040
5605.47,-66.189
5605.96,-66.803
5606.45,-66.996
5606.93,-67.762
5607.42,-65.369
5607.91,-68.041
5608.40,-67.101
5608.89,-66.304
5609.38,-67.137
5609.86,-66.550
5610.35,-65.716
5610.84,-67.033
5611.33,-66.264
5611.82,-68.922
5612.30,-67.580
5612.79,-68.050
5613.28,-68.042
5613.77,-67.162
5614.26,-68.304
5614.75,-66.021
5615.23,-67.712
5615.72,-66.640
5616.21,-67.526
5616.70,-67.093
5617.19,-67.116
5617.68,-67.424
5618.16,-67.148
5618.65,-69.080
5619.14,-69.075
5619.63,-68.273
5620.12,-70.415
5620.61,-69.245
5621.09,-68.105
5621.58,-68.508
5622.07,-68.375
5622.56,-67.368
5623.05,-66.678
5623.54,-69.025
5624.02,-69.027
5624.51,-67.667
5625.00,-67.697
5625.49,-67.845
5625.98,-68.106
5626.46,-70.161
5626.95,-68.048
5627.44,-68.970
5627.93,-69.092
5628.42,-67.612
5628.91,-68.902
5629.39,-68.278
5629.88,-70.354
5630.37,-69.990
5630.86,-68.982
5631.35,-69.508
5631.84,-69.889
5632.32,-68.184
5632.81,-69.042
5633.30,-67.805
5633.79,-69.062
5634.28,-70.693
5634.77,-69.005
5635.25,-68.406
5635.74,-67.260
5636.23,-68.453
5636.72,-69.089
5637.21,-68.427
5637.70,-68.163
5638.18,-69.181
5638.67,-67.929
5639.16,-67.120
5639.65,-68.727
5640.14,-67.617
5640.62,-68.206
5641.11,-69.990
5641.60,-70.912
5642.09,-68.183
5642.58,-69.379
5643.07,-69.235
5643.55,-69.585
5644.04,-69.446
5644.53,-68.528
5645.02,-67.410
5645.51,-69.960
5646.00,-68.621
5646.48,-67.315
5646.97,-68.865
5647.46,-69.731
5647.95,-68.070
5648.44,-68.880
5648.93,-69.192
5649.41,-68.233
5649.90,-71.736
5650.39,-69.190
5650.88,-70.198
5651.37,-68.757
5651.86,-69.793
5652.34,-69.712
5652.83,-68.668
5653.32,-69.494
5653.81,-69.445
5654.30,-70.136
5654.79,-69.682
5655.27,-71.885
5655.76,-71.598
5656.25,-68.753
5656.74,-69.572
5657.23,-70.118
5657.71,-70.121
5658.20,-68.476
5658.69,-68.982
5659.18,-70.369
5659.67,-69.090
5660.16,-69.638
5660.64,-68.680
5661.13,-69.020
5661.62,-69.491
5662.11,-70.757
5662.60,-69.118
5663.09,-69.881
5663.57,-70.815
5664.06,-72.309
5664.55,-70.237
5665.04,-69.921
5665.53,-72.322
5666.02,-71.357
5666.50,-70.829
5666.99,-71.966
5667.48,-69.774
5667.97,-69.651
5668.46,-70.406
5668.95,-70.793
5669.43,-70.231
5669.92,-70.514
5670.41,-69.360
5670.90,-70.167
5671.39,-70.413
5671.88,-71.542
5672.36,-68.830
5672.85,-71.209
5673.34,-70.730
5673.83,-70.325
5674.32,-69.786
5674.80,-71.636
5675.29,-72.109
5675.78,-70.700
5676.27,-71.096
5676.76,-72.010
5677.25,-71.436
5677.73,-71.261
5678.22,-72.119
5678.71,-70.935
5679.20,-70.272
5679.69,-72.820
5680.18,-69.577
5680.66,-71.110
5681.15,-70.901
5681.64,-70.479
5682.13,-69.868
5682.62,-71.329
5683.11,-69.448
5683.59,-71.484
5684.08,-71.889
5684.57,-71.761
5685.06,-71.596
5685.55,-72.011
5686.04,-71.820
5686.52,-70.497
5687.01,-71.354
5687.50,-69.830
5687.99,-70.402
5688.48,-69.937
5688.96,-72.412
5689.45,-70.183
5689.94,-72.251
5690.43,-71.024
5690.92,-71.353
5691.41,-70.871
5691.89,-70.960
5692.38,-71.245
5692.87,-69.939
5693.36,-72.429
5693.85,-72.122
5694.34,-73.299
5694.82,-71.809
5695.31,-71.909
5695.80,-70.602
5696.29,-71.819
5696.78,-71.074
5697.27,-71.003
5697.75,-71.699
5698.24,-70.993
5698.73,-71.886
5699.22,-70.101
5699.71,-73.180
5700.20,-71.346
5700.68,-71.549
5701.17,-74.400
5701.66,-70.992
5702.15,-72.176
5702.64,-73.050
5703.12,-71.138
5703.61,-71.423
5704.10,-70.858
5704.59,-70.606
5705.08,-71.833
5705.57,-70.853
5706.05,-72.185
5706.54,-71.861
5707.03,-71.012
5707.52,-71.927
5708.01,-72.499
5708.50,-71.295
5708.98,-72.233
5709.47,-69.878
5709.96,-70.476
5710.45,-70.570
5710.94,-70.901
5711.43,-71.260
5711.91,-71.125
5712.40,-73.051
5712.89,-72.439
5713.38,-72.955
5713.87,-71.735
5714.36,-71.194
5714.84,-71.906
5715.33,-71.855
5715.82,-71.447
5716.31,-72.326
5716.80,-72.547
5717.29,-72.065
5717.77,-72.517
5718.26,-71.877
5718.75,-72.318
5719.24,-71.520
5719.73,-72.797
5720.21,-72.016
5720.70,-73.810
5721.19,-71.724
5721.68,-73.304
5722.17,-72.656
5722.66,-72.985
5723.14,-71.738
5723.63,-73.451
5724.12,-72.583
5724.61,-71.873
5725.10,-71.874
5725.59,-73.394
5726.07,-71.064
5726.56,-71.723
5727.05,-71.753
5727.54,-71.072
5728.03,-71.285
5728.52,-70.823
5729.00,-71.969
5729.49,-72.655
5729.98,-72.516
5730.47,-72.257
5730.96,-70.691
5731.45,-72.992
5731.93,-73.860
5732.42,-72.430
5732.91,-72.277
5733.40,-72.024
5733.89,-72.188
5734.38,-71.615
5734.86,-72.696
5735.35,-72.009
5735.84,-73.017
5736.33,-72.303
5736.82,-72.214
5737.30,-73.854
5737.79,-71.936
5738.28,-71.896
5738.77,-74.249
5739.26,-72.805
5739.75,-73.034
5740.23,-72.028
5740.72,-73.222
5741.21,-73.356
5741.70,-72.092
5742.19,-72.196
5742.68,-73.103
5743.16,-72.832
5743.65,-74.086
5744.14,-71.883
5744.63,-73.934
5745.12,-74.596
5745.61,-72.569
5746.09,-71.191
5746.58,-73.253
5747.07,-73.879
5747.56,-72.731
5748.05,-73.684
5748.54,-73.874
5749.02,-71.058
5749.51,-73.171
5750.00,-71.201
5750.49,-72.018
5750.98,-73.425
5751.46,-73.423
5751.95,-70.987
5752.44,-71.967
5752.93,-72.944
5753.42,-73.306
5753.91,-74.004
5754.39,-72.635
5754.88,-71.838
5755.37,-73.346
5755.86,-73.850
5756.35,-73.571
5756.84,-72.308
5757.32,-72.518
5757.81,-73.502
5758.30,-73.654
5758.79,-72.767
5759.28,-74.620
5759.77,-71.930
5760.25,-71.798
5760.74,-72.524
5761.23,-72.703
5761.72,-72.644
5762.21,-73.815
5762.70,-71.831
5763.18,-71.701
5763.67,-72.957
5764.16,-71.785
5764.65,-71.565
5765.14,-72.531
5765.62,-72.311
5766.11,-72.130
5766.60,-73.045
5767.09,-71.320
5767.58,-73.496
5768.07,-71.390
5768.55,-73.444
5769.04,-73.257
5769.53,-72.005
5770.02,-72.230
5770.51,-72.176
5771.00,-71.751
5771.48,-71.596
5771.97,-73.654
5772.46,-73.593
5772.95,-72.686
5773.44,-73.306
5773.93,-71.114
5774.41,-72.841
5774.90,-71.925
5775.39,-73.201
5775.88,-73.379
5776.37,-72.970
5776.86,-71.897
5777.34,-71.803
5777.83,-71.708
5778.32,-71.545
5778.81,-72.503
5779.30,-74.552
5779.79,-73.624
5780.27,-73.972
5780.76,-73.799
5781.25,-72.445
5781.74,-72.100
5782.23,-71.242
5782.71,-72.944
5783.20,-71.893
5783.69,-73.624
5784.18,-72.407
5784.67,-72.783
5785.16,-70.930
5785.64,-73.037
5786.13,-73.303
5786.62,-73.901
5787.11,-73.667
5787.60,-74.823
5788.09,-72.168
5788.57,-72.802
5789.06,-71.418
5789.55,-72.823
5790.04,-72.859
5790.53,-71.859
5791.02,-73.740
5791.50,-73.927
5791.99,-73.958
5792.48,-72.686
5792.97,-73.216
5793.46,-72.989
5793.95,-73.094
5794.43,-71.706
5794.92,-72.041
5795.41,-73.597
5795.90,-72.528
5796.39,-73.009
5796.88,-72.635
5797.36,-72.956
5797.85,-73.089
5798.34,-73.242
5798.83,-73.863
5799.32,-74.454
5799.80,-73.522
5800.29,-73.929
5800.78,-72.062
5801.27,-73.551
5801.76,-73.072
5802.25,-72.382
5802.73,-73.730
5803.22,-73.090
5803.71,-73.723
5804.20,-73.695
5804.69,-71.254
5805.18,-73.159
5805.66,-73.839
5806.15,-72.459
5806.64,-71.429
5807.13,-72.211
5807.62,-73.144
5808.11,-72.321
5808.59,-73.886
5809.08,-71.207
5809.57,-73.752
5810.06,-74.920
5810.55,-73.421
5811.04,-72.587
5811.52,-72.919
5812.01,-71.739
5812.50,-72.797
5812.99,-74.328
5813.48,-72.389
5813.96,-74.054
5814.45,-75.269
5814.94,-72.638
5815.43,-71.314
5815.92,-71.886
5816.41,-72.453
5816.89,-73.458
5817.38,-71.261
5817.87,-74.352
5818.36,-72.722
5818.85,-72.538
5819.34,-72.540
5819.82,-72.727
5820.31,-73.460
5820.80,-74.925
5821.29,-73.386
5821.78,-73.090
5822.27,-73.032
5822.75,-73.054
5823.24,-73.177
5823.73,-71.651
5824.22,-72.626
5824.71,-73.006
5825.20,-72.814
5825.68,-71.891
5826.17,-72.855
5826.66,-73.127
5827.15,-70.533
5827.64,-72.210
5828.12,-74.065
5828.61,-73.628
5829.10,-74.413
5829.59,-72.977
5830.08,-72.729
5830.57,-73.961
5831.05,-74.284
5831.54,-74.914
5832.03,-72.764
5832.52,-72.899
5833.01,-70.703
5833.50,-73.899
5833.98,-74.030
5834.47,-71.410
5834.96,-71.609
5835.45,-73.126
5835.94,-71.901
5836.43,-71.266
5836.91,-73.466
5837.40,-72.143
5837.89,-72.603
5838.38,-72.249
5838.87,-72.711
5839.36,-73.210
5839.84,-72.148
5840.33,-72.749
5840.82,-71.063
5841.31,-72.836
5841.80,-72.738
5842.29,-73.550
5842.77,-73.112
5843.26,-73.543
5843.75,-72.492
5844.24,-73.128
5844.73,-71.630
5845.21,-72.956
5845.70,-72.879
5846.19,-74.194
5846.68,-73.418
5847.17,-73.184
5847.66,-72.884
5848.14,-73.244
5848.63,-72.466
5849.12,-71.855
5849.61,-72.510
5850.10,-72.742
5850.59,-72.306
5851.07,-71.877
5851.56,-74.245
5852.05,-73.172
5852.54,-72.073
5853.03,-72.614
5853.52,-72.388
5854.00,-71.132
5854.49,-72.440
5854.98,-73.106
5855.47,-72.275
5855.96,-72.206
5856.45,-72.484
5856.93,-72.936
5857.42,-72.716
5857.91,-72.684
5858.40,-71.493
5858.89,-72.340
5859.38,-71.426
5859.86,-72.514
5860.35,-71.872
5860.84,-73.122
5861.33,-73.262
5861.82,-71.825
5862.30,-71.288
5862.79,-72.729
5863.28,-73.290
5863.77,-73.100
5864.26,-72.950
5864.75,-73.526
5865.23,-71.112
5865.72,-72.651
5866.21,-72.461
5866.70,-72.123
5867.19,-73.088
5867.68,-71.819
5868.16,-73.183
5868.65,-72.035
5869.14,-72.627
5869.63,-71.183
5870.12,-72.169
5870.61,-73.661
5871.09,-71.780
5871.58,-72.669
5872.07,-73.242
5872.56,-71.397
5873.05,-72.789
5873.54,-73.165
5874.02,-70.480
5874.51,-71.632
5875.00,-71.261
5875.49,-72.427
5875.98,-73.208
5876.46,-73.232
5876.95,-72.318
5877.44,-71.943
5877.93,-73.253
5878.42,-71.911
5878.91,-73.101
5879.39,-72.495
5879.88,-72.284
5880.37,-72.688
5880.86,-70.822
5881.35,-71.935
5881.84,-72.640
5882.32,-71.842
5882.81,-71.806
5883.30,-70.859
5883.79,-72.024
5884.28,-72.320
5884.77,-71.973
5885.25,-73.239
5885.74,-71.098
5886.23,-70.595
5886.72,-70.766
5887.21,-72.366
5887.70,-70.862
5888.18,-70.712
5888.67,-71.849
5889.16,-70.889
5889.65,-71.418
5890.14,-72.106
5890.62,-70.269
5891.11,-71.751
5891.60,-71.354
5892.09,-71.546
5892.58,-70.085
5893.07,-71.230
5893.55,-70.553
5894.04,-69.601
5894.53,-71.639
5895.02,-71.423
5895.51,-71.280
5896.00,-72.168
5896.48,-70.986
5896.97,-72.710
5897.46,-70.816
5897.95,-70.679
5898.44,-72.359
5898.93,-70.888
5899.41,-71.511
5899.90,-72.430
5900.39,-71.987
5900.88,-69.954
5901.37,-70.812
5901.86,-71.580
5902.34,-70.703
5902.83,-72.866
5903.32,-71.921
5903.81,-70.847
5904.30,-71.436
5904.79,-70.325
5905.27,-71.713
5905.76,-70.706
5906.25,-69.998
5906.74,-70.617
5907.23,-71.033
5907.71,-71.196
5908.20,-70.925
5908.69,-71.193
5909.18,-72.202
5909.67,-69.679
5910.16,-72.589
5910.64,-72.479
5911.13,-71.514
5911.62,-69.327
5912.11,-69.165
5912.60,-71.068
5913.09,-71.101
5913.57,-71.067
5914.06,-71.111
5914.55,-70.665
5915.04,-71.103
5915.53,-70.346
5916.02,-70.512
5916.50,-71.414
5916.99,-72.065
5917.48,-72.773
5917.97,-71.462
5918.46,-69.628
5918.95,-70.499
5919.43,-70.916
5919.92,-69.756
5920.41,-70.685
5920.90,-70.153
5921.39,-70.934
5921.88,-71.324
5922.36,-71.194
5922.85,-71.446
5923.34,-71.579
5923.83,-72.350
5924.32,-72.099
5924.80,-71.729
5925.29,-70.252
5925.78,-70.562
5926.27,-70.352
5926.76,-68.516
5927.25,-70.217
5927.73,-67.707
5928.22,-70.345
5928.71,-70.916
5929.20,-70.633
5929.69,-70.845
5930.18,-69.731
5930.66,-68.620
5931.15,-70.756
5931.64,-69.009
5932.13,-69.611
5932.62,-69.338
5933.11,-69.784
5933.59,-69.332
5934.08,-69.128
5934.57,-67.586
5935.06,-70.551
5935.55,-69.290
5936.04,-68.342
5936.52,-69.039
5937.01,-69.924
5937.50,-69.795
5937.99,-69.730
5938.48,-69.793
5938.96,-69.374
5939.45,-69.035
5939.94,-69.452
5940.43,-70.446
5940.92,-68.648
5941.41,-69.529
5941.89,-67.974
5942.38,-68.438
5942.87,-69.531
5943.36,-68.561
5943.85,-70.731
5944.34,-68.758
5944.82,-68.189
5945.31,-67.896
5945.80,-68.913
5946.29,-70.337
5946.78,-67.268
5947.27,-68.748
5947.75,-69.676
5948.24,-69.779
5948.73,-68.850
5949.22,-67.673
5949.71,-69.108
5950.20,-68.742
5950.68,-69.091
5951.17,-69.082
5951.66,-69.707
5952.15,-68.808
5952.64,-69.038
5953.12,-69.686
5953.61,-69.514
5954.10,-69.205
5954.59,-71.082
5955.08,-68.521
5955.57,-68.835
5956.05,-68.430
5956.54,-69.777
5957.03,-69.048
5957.52,-67.716
5958.01,-68.300
5958.50,-67.088
5958.98,-67.879
5959.47,-69.891
5959.96,-67.622
5960.45,-68.506
5960.94,-67.852
5961.43,-68.210
5961.91,-68.807
5962.40,-68.573
5962.89,-66.374
5963.38,-67.584
5963.87,-68.130
5964.36,-67.048
5964.84,-67.246
5965.33,-67.199
5965.82,-66.954
5966.31,-66.790
5966.80,-67.132
5967.29,-66.630
5967.77,-68.821
5968.26,-67.346
5968.75,-69.188
5969.24,-65.535
5969.73,-67.148
5970.21,-67.841
5970.70,-67.013
5971.19,-66.826
5971.68,-68.815
5972.17,-67.121
5972.66,-68.123
5973.14,-67.692
5973.63,-67.048
5974.12,-66.267
5974.61,-68.965
5975.10,-67.540
5975.59,-67.246
5976.07,-66.518
5976.56,-65.143
5977.05,-66.007
5977.54,-66.632
5978.03,-67.680
5978.52,-65.078
5979.00,-66.941
5979.49,-66.951
5979.98,-65.819
5980.47,-66.020
5980.96,-66.481
5981.45,-66.470
5981.93,-66.066
5982.42,-67.377
5982.91,-67.201
5983.40,-66.286
5983.89,-67.017
5984.38,-68.487
5984.86,-66.166
5985.35,-64.710
5985.84,-66.920
5986.33,-67.791
5986.82,-65.740
5987.30,-65.765
5987.79,-64.742
5988.28,-65.816
5988.77,-64.737
5989.26,-65.381
5989.75,-66.331
5990.23,-67.967
5990.72,-65.579
5991.21,-64.988
5991.70,-66.009
5992.19,-67.487
5992.68,-65.475
5993.16,-64.909
5993.65,-65.486
5994.14,-65.223
5994.63,-66.867
5995.12,-65.967
5995.61,-65.055
5996.09,-62.949
5996.58,-66.253
5997.07,-65.905
5997.56,-65.839
5998.05,-66.268
5998.54,-65.958
5999.02,-65.155
5999.51,-64.937
6000.00,-65.275
6000.49,-65.512
6000.98,-65.131
6001.46,-65.667
6001.95,-66.851
6002.44,-65.991
6002.93,-64.661
6003.42,-65.328
6003.91,-64.424
6004.39,-65.572
6004.88,-65.167
6005.37,-64.614
6005.86,-65.439
6006.35,-64.657
6006.84,-62.423
6007.32,-62.793
6007.81,-63.250
6008.30,-63.885
6008.79,-64.679
6009.28,-65.338
6009.77,-62.532
6010.25,-63.862
6010.74,-63.192
6011.23,-65.258
6011.72,-63.474
6012.21,-66.054
6012.70,-63.947
6013.18,-63.209
6013.67,-65.284
6014.16,-65.626
6014.65,-64.804
6015.14,-64.386
6015.62,-64.351
6016.11,-65.431
6016.60,-65.089
6017.09,-63.300
6017.58,-63.943
6018.07,-64.482
6018.55,-63.677
6019.04,-63.780
6019.53,-64.053
6020.02,-65.069
6020.51,-63.482
6021.00,-64.307
6021.48,-66.098
6021.97,-65.615
6022.46,-65.471
6022.95,-64.470
6023.44,-63.830
6023.93,-63.554
6024.41,-65.608
6024.90,-63.778
6025.39,-63.228
6025.88,-63.740
6026.37,-62.683
6026.86,-64.540
6027.34,-63.439
6027.83,-64.693
6028.32,-63.287
6028.81,-64.910
6029.30,-64.817
6029.79,-66.272
6030.27,-64.676
6030.76,-62.510
6031.25,-63.822
6031.74,-64.332
6032.23,-64.402
6032.71,-63.257
6033.20,-63.535
6033.69,-63.973
6034.18,-63.710
6034.67,-64.347
6035.16,-64.956
6035.64,-64.753
6036.13,-63.857
6036.62,-64.074
6037.11,-61.888
6037.60,-63.551
6038.09,-63.522
6038.57,-65.170
6039.06,-64.751
6039.55,-65.693
6040.04,-63.458
6040.53,-63.454
6041.02,-64.414
6041.50,-62.763
6041.99,-64.683
6042.48,-63.662
6042.97,-63.455
6043.46,-64.303
6043.95,-65.159
6044.43,-64.913
6044.92,-63.967
6045.41,-64.818
6045.90,-65.150
6046.39,-64.569
6046.88,-62.643
6047.36,-63.903
6047.85,-64.660
6048.34,-64.354
6048.83,-65.822
6049.32,-65.905
6049.80,-64.001
6050.29,-63.367
6050.78,-62.562
6051.27,-63.445
6051.76,-64.817
6052.25,-65.041
6052.73,-64.695
6053.22,-65.239
6053.71,-65.355
6054.20,-63.789
6054.69,-65.254
6055.18,-64.032
6055.66,-64.464
6056.15,-63.296
6056.64,-64.383
6057.13,-65.051
6057.62,-65.052
6058.11,-65.460
6058.59,-66.593
6059.08,-65.733
6059.57,-66.166
6060.06,-66.334
6060.55,-64.975
6061.04,-66.602
6061.52,-66.483
6062.01,-65.192
6062.50,-64.733
6062.99,-65.765
6063.48,-65.820
6063.96,-63.846
6064.45,-65.391
6064.94,-66.894
6065.43,-67.046
6065.92,-66.921
6066.41,-66.423
6066.89,-65.925
6067.38,-65.818
6067.87,-65.152
6068.36,-65.828
6068.85,-66.011
6069.34,-66.275
6069.82,-65.443
6070.31,-68.503
6070.80,-65.766
6071.29,-66.896
6071.78,-66.045
6072.27,-65.742
6072.75,-64.875
6073.24,-66.421
6073.73,-67.315
6074.22,-65.962
6074.71,-67.027
6075.20,-66.158
6075.68,-66.147
6076.17,-65.590
6076.66,-67.035
6077.15,-65.730
6077.64,-67.206
6078.12,-69.015
6078.61,-67.952
6079.10,-67.925
6079.59,-67.674
6080.08,-66.557
6080.57,-67.708
6081.05,-67.459
6081.54,-68.021
6082.03,-66.660
6082.52,-67.050
6083.01,-67.352
6083.50,-67.301
6083.98,-66.238
6084.47,-67.830
6084.96,-66.585
6085.45,-67.996
6085.94,-67.162
6086.43,-67.507
6086.91,-66.365
6087.40,-66.415
6087.89,-68.934
6088.38,-67.028
6088.87,-67.811
6089.36,-67.270
6089.84,-69.481
6090.33,-68.769
6090.82,-68.753
6091.31,-68.114
6091.80,-68.173
6092.29,-67.646
6092.77,-67.434
6093.26,-68.208
6093.75,-67.007
6094.24,-68.585
6094.73,-67.285
6095.21,-68.464
6095.70,-68.332
6096.19,-67.712
6096.68,-68.579
6097.17,-69.090
6097.66,-70.078
6098.14,-67.847
6098.63,-68.398
6099.12,-67.637
6099.61,-68.314
6100.10,-70.673
6100.59,-67.248
6101.07,-67.614
6101.56,-68.047
6102.05,-68.480
6102.54,-68.627
6103.03,-70.237
6103.52,-67.782
6104.00,-69.755
6104.49,-69.623
6104.98,-70.919
6105.47,-70.310
6105.96,-68.168
6106.45,-68.541
6106.93,-70.240
6107.42,-70.264
6107.91,-69.838
6108.40,-69.269
6108.89,-69.612
6109.38,-69.318
6109.86,-70.618
6110.35,-70.478
6110.84,-70.288
6111.33,-70.073
6111.82,-70.457
6112.30,-69.766
6112.79,-71.222
6113.28,-69.702
6113.77,-69.901
6114.26,-69.141
6114.75,-69.415
6115.23,-70.324
6115.72,-70.703
6116.21,-69.513
6116.70,-69.493
6117.19,-70.049
6117.68,-71.319
6118.16,-69.892
6118.65,-69.293
6119.14,-70.270
6119.63,-70.669
6120.12,-70.386
6120.61,-70.319
6121.09,-71.883
6121.58,-72.504
6122.07,-71.306
6122.56,-72.958
6123.05,-73.878
6123.54,-71.482
6124.02,-70.500
6124.51,-70.842
6125.00,-70.607
6125.49,-70.121
6125.98,-72.177
6126.46,-72.197
6126.95,-73.109
6127.44,-71.807
6127.93,-71.108
6128.42,-71.186
6128.91,-69.992
6129.39,-71.041
6129.88,-71.229
6130.37,-71.450
6130.86,-71.786
6131.35,-71.695
6131.84,-72.873
6132.32,-69.820
6132.81,-71.595
6133.30,-69.756
6133.79,-70.786
6134.28,-69.820
6134.77,-71.336
6135.25,-71.833
6135.74,-70.963
6136.23,-72.092
6136.72,-71.757
6137.21,-73.109
6137.70,-71.371
6138.18,-72.760
6138.67,-71.629
6139.16,-70.734
6139.65,-72.441
6140.14,-72.285
6140.62,-73.176
6141.11,-71.301
6141.60,-72.962
6142.09,-73.469
6142.58,-73.408
6143.07,-72.476
6143.55,-72.312
6144.04,-72.447
6144.53,-72.122
6145.02,-71.837
6145.51,-73.357
6146.00,-71.895
6146.48,-73.226
6146.97,-72.533
6147.46,-73.533
6147.95,-72.759
6148.44,-71.749
6148.93,-72.661
6149.41,-72.497
6149.90,-73.194
6150.39,-72.312
6150.88,-73.913
6151.37,-73.117
6151.86,-71.739
6152.34,-72.752
6152.83,-73.584
6153.32,-73.573
6153.81,-73.721
6154.30,-72.335
6154.79,-74.962
6155.27,-73.994
6155.76,-73.289
6156.25,-73.318
6156.74,-72.947
6157.23,-74.431
6157.71,-74.393
6158.20,-74.188
6158.69,-73.247
6159.18,-71.390
6159.67,-72.678
6160.16,-72.583
6160.64,-73.769
6161.13,-73.507
6161.62,-73.058
6162.11,-71.556
6162.60,-72.118
6163.09,-71.914
6163.57,-72.346
6164.06,-72.739
6164.55,-74.403
6165.04,-74.299
6165.53,-74.240
6166.02,-73.688
6166.50,-73.479
6166.99,-74.018
6167.48,-73.578
6167.97,-72.953
6168.46,-73.308
6168.95,-73.534
6169.43,-75.415
6169.92,-74.107
6170.41,-74.986
6170.90,-74.024
6171.39,-76.457
6171.88,-73.919
6172.36,-73.461
6172.85,-73.306
6173.34,-73.477
6173.83,-73.783
6174.32,-74.734
6174.80,-74.838
6175.29,-73.689
6175.78,-74.437
6176.27,-74.130
6176.76,-75.613
6177.25,-74.602
6177.73,-74.363
6178.22,-75.746
6178.71,-74.134
6179.20,-74.195
6179.69,-74.243
6180.18,-73.882
6180.66,-73.967
6181.15,-73.744
6181.64,-73.510
6182.13,-73.453
6182.62,-73.992
6183.11,-74.224
6183.59,-74.003
6184.08,-75.794
6184.57,-75.011
6185.06,-74.952
6185.55,-74.576
6186.04,-74.384
6186.52,-75.144
6187.01,-73.241
6187.50,-75.664
6187.99,-74.698
6188.48,-72.902
6188.96,-74.357
6189.45,-74.702
6189.94,-75.574
6190.43,-74.863
6190.92,-74.891
6191.41,-74.763
6191.89,-75.123
6192.38,-75.195
6192.87,-76.665
6193.36,-75.227
6193.85,-76.612
6194.34,-74.725
6194.82,-73.759
6195.31,-76.046
6195.80,-76.134
6196.29,-75.451
6196.78,-75.395
6197.27,-73.770
6197.75,-74.961
6198.24,-73.794
6198.73,-73.621
6199.22,-73.860
6199.71,-75.027
6200.20,-74.621
6200.68,-74.372
6201.17,-75.057
6201.66,-73.648
6202.15,-75.683
6202.64,-77.032
6203.12,-76.520
6203.61,-76.097
6204.10,-75.969
6204.59,-76.901
6205.08,-75.293
6205.57,-75.471
6206.05,-75.917
6206.54,-76.089
6207.03,-75.916
6207.52,-73.820
6208.01,-74.760
6208.50,-76.593
6208.98,-74.554
6209.47,-76.713
6209.96,-74.243
6210.45,-75.876
6210.94,-76.204
6211.43,-75.536
6211.91,-75.256
6212.40,-76.194
6212.89,-76.337
6213.38,-76.337
6213.87,-75.749
6214.36,-76.147
6214.84,-76.212
6215.33,-77.012
6215.82,-76.963
6216.31,-76.664
6216.80,-75.833
6217.29,-76.100
6217.77,-74.761
6218.26,-76.334
6218.75,-74.982
6219.24,-75.887
6219.73,-78.697
6220.21,-77.403
6220.70,-76.072
6221.19,-75.773
6221.68,-77.960
6222.17,-75.640
6222.66,-75.604
6223.14,-77.090
6223.63,-75.828
6224.12,-76.247
6224.61,-77.047
6225.10,-77.007
6225.59,-74.989
6226.07,-77.727
6226.56,-75.493
6227.05,-74.792
6227.54,-76.132
6228.03,-78.269
6228.52,-76.168
6229.00,-77.572
6229.49,-77.981
6229.98,-76.871
6230.47,-74.827
6230.96,-75.713
6231.45,-75.754
6231.93,-76.424
6232.42,-77.168
6232.91,-76.401
6233.40,-77.543
6233.89,-76.980
6234.38,-77.358
6234.86,-77.486
6235.35,-76.356
6235.84,-78.101
6236.33,-77.044
6236.82,-76.171
6237.30,-77.198
6237.79,-77.161
6238.28,-75.834
6238.77,-76.340
6239.26,-75.286
6239.75,-75.553
6240.23,-75.923
6240.72,-74.976
6241.21,-75.186
6241.70,-75.313
6242.19,-78.074
6242.68,-76.648
6243.16,-76.334
6243.65,-77.365
6244.14,-76.209
6244.63,-75.114
6245.12,-76.089
6245.61,-76.452
6246.09,-78.099
6246.58,-78.688
6247.07,-76.031
6247.56,-76.617
6248.05,-77.330
6248.54,-77.322
6249.02,-77.025
6249.51,-75.402
6250.00,-77.572
6250.49,-76.952
6250.98,-77.454
6251.46,-78.013
6251.95,-76.864
6252.44,-76.835
6252.93,-76.009
6253.42,-76.443
6253.91,-78.025
6254.39,-75.875
6254.88,-77.947
6255.37,-76.842
6255.86,-78.461
6256.35,-78.118
6256.84,-78.365
6257.32,-77.185
6257.81,-78.039
6258.30,-78.695
6258.79,-78.485
6259.28,-76.992
6259.77,-78.251
6260.25,-76.437
6260.74,-76.644
6261.23,-76.523
6261.72,-77.536
6262.21,-77.251
6262.70,-77.398
6263.18,-78.695
6263.67,-78.259
6264.16,-78.278
6264.65,-75.507
6265.14,-76.669
6265.62,-77.091
6266.11,-77.202
6266.60,-76.902
6267.09,-77.035
6267.58,-78.507
6268.07,-77.758
6268.55,-77.279
6269.04,-78.134
6269.53,-77.646
6270.02,-76.939
6270.51,-77.140
6271.00,-79.645
6271.48,-77.333
6271.97,-78.449
6272.46,-77.654
6272.95,-77.081
6273.44,-77.869
6273.93,-77.163
6274.41,-77.360
6274.90,-77.809
6275.39,-77.728
6275.88,-75.857
6276.37,-77.145
6276.86,-76.302
6277.34,-77.322
6277.83,-78.547
6278.32,-76.988
6278.81,-77.106
6279.30,-78.363
6279.79,-79.886
6280.27,-79.527
6280.76,-79.158
6281.25,-77.102
6281.74,-76.747
6282.23,-76.392
6282.71,-80.065
6283.20,-79.526
6283.69,-79.951
6284.18,-76.881
6284.67,-76.541
6285.16,-77.979
6285.64,-77.206
6286.13,-77.552
6286.62,-76.662
6287.11,-77.934
6287.60,-77.262
6288.09,-77.021
6288.57,-76.813
6289.06,-77.659
6289.55,-77.301
6290.04,-77.323
6290.53,-78.499
6291.02,-79.105
6291.50,-78.549
6291.99,-77.031
6292.48,-79.594
6292.97,-79.620
6293.46,-77.992
6293.95,-77.035
6294.43,-78.390
6294.92,-80.553
6295.41,-77.450
6295.90,-77.347
6296.39,-78.573
6296.88,-78.371
6297.36,-77.630
6297.85,-77.804
6298.34,-75.249
6298.83,-80.325
6299.32,-78.088
6299.80,-77.578
6300.29,-78.892
6300.78,-78.933
6301.27,-77.392
6301.76,-78.872
6302.25,-79.312
6302.73,-77.863
6303.22,-77.018
6303.71,-77.939
6304.20,-78.887
6304.69,-80.204
6305.18,-78.549
6305.66,-78.466
6306.15,-76.461
6306.64,-76.870
6307.13,-77.919
6307.62,-77.644
6308.11,-77.372
6308.59,-78.133
6309.08,-77.352
6309.57,-79.481
6310.06,-78.864
6310.55,-77.386
6311.04,-77.112
6311.52,-77.861
6312.01,-77.033
6312.50,-78.519
6312.99,-79.541
6313.48,-77.595
6313.96,-76.646
6314.45,-78.782
6314.94,-78.014
6315.43,-78.848
6315.92,-79.223
6316.41,-77.518
6316.89,-76.993
6317.38,-77.376
6317.87,-77.565
6318.36,-79.005
6318.85,-78.833
6319.34,-76.656
6319.82,-75.888
6320.31,-77.582
6320.80,-76.536
6321.29,-78.747
6321.78,-78.690
6322.27,-78.269
6322.75,-79.993
6323.24,-78.581
6323.73,-77.273
6324.22,-76.433
6324.71,-78.714
6325.20,-78.392
6325.68,-76.357
6326.17,-76.752
6326.66,-78.377
6327.15,-78.262
6327.64,-78.060
6328.12,-77.680
6328.61,-79.013
6329.10,-78.909
6329.59,-79.022
6330.08,-78.567
6330.57,-76.223
6331.05,-77.773
6331.54,-78.155
6332.03,-77.894
6332.52,-77.702
6333.01,-78.114
6333.50,-78.689
6333.98,-77.254
6334.47,-77.523
6334.96,-78.533
6335.45,-79.621
6335.94,-78.994
6336.43,-80.001
6336.91,-78.351
6337.40,-78.167
6337.89,-78.431
6338.38,-78.496
6338.87,-78.488
6339.36,-79.747
6339.84,-78.702
6340.33,-78.916
6340.82,-76.925
6341.31,-80.519
6341.80,-79.797
6342.29,-80.102
6342.77,-77.648
6343.26,-79.608
6343.75,-77.865
6344.24,-78.643
6344.73,-77.807
6345.21,-77.369
6345.70,-78.434
6346.19,-78.709
6346.68,-78.873
6347.17,-77.788
6347.66,-77.054
6348.14,-78.201
6348.63,-77.387
6349.12,-77.546
6349.61,-78.558
6350.10,-78.034
6350.59,-78.891
6351.07,-78.219
6351.56,-76.995
6352.05,-76.875
6352.54,-77.008
6353.03,-78.834
6353.52,-79.008
6354.00,-77.547
6354.49,-78.311
6354.98,-77.654
6355.47,-78.146
6355.96,-77.657
6356.45,-77.997
6356.93,-78.312
6357.42,-79.089
6357.91,-78.345
6358.40,-78.307
6358.89,-78.080
6359.38,-78.152
6359.86,-79.535
6360.35,-79.192
6360.84,-78.885
6361.33,-79.715
6361.82,-79.026
6362.30,-77.824
6362.79,-77.792
6363.28,-79.550
6363.77,-78.453
6364.26,-76.034
6364.75,-78.727
6365.23,-78.280
6365.72,-79.189
6366.21,-78.612
6366.70,-79.284
6367.19,-79.286
6367.68,-78.201
6368.16,-77.659
6368.65,-79.304
6369.14,-79.810
6369.63,-78.039
6370.12,-79.107
6370.61,-78.412
6371.09,-77.351
6371.58,-78.604
6372.07,-78.028
6372.56,-79.061
6373.05,-78.142
6373.54,-77.000
6374.02,-78.025
6374.51,-78.000
6375.00,-76.982
6375.49,-79.435
6375.98,-76.482
6376.46,-78.446
6376.95,-78.555
6377.44,-78.498
6377.93,-79.013
6378.42,-78.001
6378.91,-79.098
6379.39,-78.092
6379.88,-78.104
6380.37,-78.814
6380.86,-78.527
6381.35,-77.572
6381.84,-77.811
6382.32,-79.682
6382.81,-78.839
6383.30,-79.861
6383.79,-79.212
6384.28,-78.146
6384.77,-78.188
6385.25,-78.981
6385.74,-79.198
6386.23,-79.353
6386.72,-78.829
6387.21,-77.801
6387.70,-77.842
6388.18,-78.437
6388.67,-78.322
6389.16,-77.392
6389.65,-77.148
6390.14,-77.458
6390.62,-78.213
6391.11,-78.667
6391.60,-77.453
6392.09,-78.303
6392.58,-77.678
6393.07,-79.366
6393.55,-77.503
6394.04,-77.894
6394.53,-79.654
6395.02,-77.305
6395.51,-78.053
6396.00,-78.912
6396.48,-78.736
6396.97,-79.772
6397.46,-77.349
6397.95,-79.178
6398.44,-78.312
6398.93,-78.066
6399.41,-77.904
6399.90,-78.252
6400.39,-78.032
6400.88,-79.052
6401.37,-78.573
6401.86,-79.909
6402.34,-79.127
6402.83,-79.599
6403.32,-78.303
6403.81,-78.616
6404.30,-78.202
6404.79,-78.537
6405.27,-78.739
6405.76,-79.486
6406.25,-77.685
6406.74,-79.972
6407.23,-77.488
6407.71,-78.977
6408.20,-78.673
6408.69,-79.189
6409.18,-80.484
6409.67,-78.923
6410.16,-78.717
6410.64,-76.998
6411.13,-78.988
6411.62,-78.602
6412.11,-78.247
6412.60,-77.842
6413.09,-78.487
6413.57,-78.023
6414.06,-78.374
6414.55,-78.557
6415.04,-79.170
6415.53,-77.976
6416.02,-79.001
6416.50,-77.832
6416.99,-80.426
6417.48,-76.607
6417.97,-76.308
6418.46,-77.014
6418.95,-77.076
6419.43,-77.316
6419.92,-78.257
6420.41,-79.306
6420.90,-80.640
6421.39,-78.799
6421.88,-78.570
6422.36,-78.762
6422.85,-77.746
6423.34,-77.051
6423.83,-78.444
6424.32,-76.773
6424.80,-77.931
6425.29,-77.177
6425.78,-76.969
6426.27,-77.856
6426.76,-77.688
6427.25,-78.792
6427.73,-78.125
6428.22,-78.535
6428.71,-76.748
6429.20,-78.191
6429.69,-76.726
6430.18,-75.484
6430.66,-78.239
6431.15,-77.102
6431.64,-76.015
6432.13,-77.451
6432.62,-78.200
6433.11,-78.549
6433.59,-77.946
6434.08,-76.590
6434.57,-77.224
6435.06,-76.692
6435.55,-76.812
6436.04,-76.431
6436.52,-76.974
6437.01,-78.186
6437.50,-77.084
6437.99,-78.557
6438.48,-78.736
6438.96,-77.178
6439.45,-77.386
6439.94,-76.366
6440.43,-76.101
6440.92,-76.941
6441.41,-77.435
6441.89,-77.713
6442.38,-77.023
6442.87,-77.870
6443.36,-77.443
6443.85,-76.105
6444.34,-77.762
6444.82,-76.748
6445.31,-75.586
6445.80,-77.174
6446.29,-76.192
6446.78,-76.845
6447.27,-76.474
6447.75,-77.679
6448.24,-78.049
6448.73,-77.425
6449.22,-78.318
6449.71,-79.427
6450.20,-76.631
6450.68,-77.612
6451.17,-76.763
6451.66,-77.240
6452.15,-77.141
6452.64,-75.721
6453.12,-76.259
6453.61,-76.651
6454.10,-78.515
6454.59,-77.565
6455.08,-77.593
6455.57,-75.273
6456.05,-77.320
6456.54,-76.621
6457.03,-76.778
6457.52,-76.787
6458.01,-76.430
6458.50,-76.329
6458.98,-75.063
6459.47,-75.301
6459.96,-76.190
6460.45,-77.058
6460.94,-76.239
6461.43,-76.093
6461.91,-77.297
6462.40,-77.416
6462.89,-76.507
6463.38,-75.942
6463.87,-77.021
6464.36,-76.369
6464.84,-75.966
6465.33,-78.031
6465.82,-78.572
6466.31,-77.069
6466.80,-75.803
6467.29,-77.340
6467.77,-78.295
6468.26,-76.419
6468.75,-77.412
6469.24,-76.920
6469.73,-77.288
6470.21,-77.400
6470.70,-76.018
6471.19,-76.109
6471.68,-75.923
6472.17,-77.399
6472.66,-75.196
6473.14,-76.196
6473.63,-77.152
6474.12,-78.601
6474.61,-75.329
6475.10,-76.506
6475.59,-76.631
6476.07,-76.572
6476.56,-76.813
6477.05,-76.886
6477.54,-75.641
6478.03,-76.842
6478.52,-77.054
6479.00,-75.891
6479.49,-75.313
6479.98,-76.419
6480.47,-76.603
6480.96,-74.912
6481.45,-77.057
6481.93,-76.207
6482.42,-76.190
6482.91,-75.389
6483.40,-77.611
6483.89,-75.679
6484.38,-77.090
6484.86,-76.088
6485.35,-76.717
6485.84,-76.861
6486.33,-75.097
6486.82,-75.454
6487.30,-76.228
6487.79,-76.086
6488.28,-76.015
6488.77,-76.453
6489.26,-77.901
6489.75,-75.823
6490.23,-74.777
6490.72,-74.910
6491.21,-76.256
6491.70,-75.122
6492.19,-77.105
6492.68,-74.538
6493.16,-73.450
6493.65,-76.737
6494.14,-76.303
6494.63,-75.535
6495.12,-76.072
6495.61,-76.177
6496.09,-76.942
6496.58,-76.579
6497.07,-75.537
6497.56,-75.274
6498.05,-75.407
6498.54,-75.315
6499.02,-75.227
6499.51,-74.427
6500.00,-74.440
6500.49,-75.675
6500.98,-74.368
6501.46,-74.539
6501.95,-74.681
6502.44,-75.434
6502.93,-74.481
6503.42,-74.925
6503.91,-74.960
6504.39,-75.679
6504.88,-76.134
6505.37,-75.484
6505.86,-76.280
6506.35,-74.278
6506.84,-73.403
6507.32,-75.341
6507.81,-75.330
6508.30,-74.313
6508.79,-76.029
6509.28,-77.110
6509.77,-77.200
6510.25,-75.047
6510.74,-77.708
6511.23,-75.849
6511.72,-74.210
6512.21,-75.149
6512.70,-73.281
6513.18,-74.218
6513.67,-75.273
6514.16,-74.687
6514.65,-74.555
6515.14,-73.031
6515.62,-74.490
6516.11,-74.099
6516.60,-75.857
6517.09,-75.838
6517.58,-75.564
6518.07,-75.387
6518.55,-75.251
6519.04,-73.115
6519.53,-75.475
6520.02,-75.210
6520.51,-74.414
6521.00,-73.055
6521.48,-73.596
6521.97,-74.609
6522.46,-73.958
6522.95,-73.560
6523.44,-74.791
6523.93,-75.723
6524.41,-73.715
6524.90,-74.012
6525.39,-73.049
6525.88,-74.279
6526.37,-73.862
6526.86,-74.708
6527.34,-73.075
6527.83,-74.605
6528.32,-72.996
6528.81,-74.021
6529.30,-74.716
6529.79,-73.992
6530.27,-73.756
6530.76,-75.135
6531.25,-73.566
6531.74,-73.085
6532.23,-74.487
6532.71,-76.156
6533.20,-73.874
6533.69,-73.587
6534.18,-73.589
6534.67,-72.948
6535.16,-73.537
6535.64,-73.405
6536.13,-73.794
6536.62,-73.962
6537.11,-73.566
6537.60,-73.162
6538.09,-73.069
6538.57,-72.978
6539.06,-75.010
6539.55,-74.409
6540.04,-73.918
6540.53,-73.338
6541.02,-73.304
6541.50,-71.846
6541.99,-73.239
6542.48,-74.686
6542.97,-74.025
6543.46,-72.751
6543.95,-73.228
6544.43,-75.719
6544.92,-74.316
6545.41,-72.698
6545.90,-72.583
6546.39,-73.641
6546.88,-73.879
6547.36,-74.426
6547.85,-74.841
6548.34,-74.398
6548.83,-72.412
6549.32,-73.518
6549.80,-73.988
6550.29,-73.552
6550.78,-73.615
6551.27,-74.324
6551.76,-74.108
6552.25,-72.519
6552.73,-73.621
6553.22,-73.269
6553.71,-73.297
6554.20,-73.624
6554.69,-73.572
6555.18,-72.645
6555.66,-72.814
6556.15,-72.910
6556.64,-72.676
6557.13,-71.767
6557.62,-72.615
6558.11,-73.843
6558.59,-74.443
6559.08,-74.163
6559.57,-73.358
6560.06,-72.240
6560.55,-72.836
6561.04,-71.611
6561.52,-73.128
6562.01,-73.483
6562.50,-72.131
6562.99,-74.407
6563.48,-73.674
6563.96,-73.117
6564.45,-72.220
6564.94,-73.033
6565.43,-72.150
6565.92,-74.359
6566.41,-73.977
6566.89,-73.238
6567.38,-72.989
6567.87,-73.996
6568.36,-73.824
6568.85,-73.589
6569.34,-72.266
6569.82,-72.798
6570.31,-72.723
6570.80,-73.085
6571.29,-74.032
6571.78,-73.824
6572.27,-72.877
6572.75,-75.088
6573.24,-72.278
6573.73,-74.709
6574.22,-74.073
6574.71,-74.032
6575.20,-72.947
6575.68,-72.950
6576.17,-74.459
6576.66,-73.519
6577.15,-74.514
6577.64,-73.675
6578.12,-72.261
6578.61,-74.692
6579.10,-72.837
6579.59,-75.439
6580.08,-74.448
6580.57,-73.119
6581.05,-74.348
6581.54,-74.738
6582.03,-72.043
6582.52,-72.624
6583.01,-73.152
6583.50,-73.443
6583.98,-73.376
6584.47,-74.751
6584.96,-72.609
6585.45,-72.826
6585.94,-74.949
6586.43,-74.842
6586.91,-74.468
6587.40,-75.227
6587.89,-74.573
6588.38,-74.462
6588.87,-72.043
6589.36,-73.721
6589.84,-73.927
6590.33,-74.847
6590.82,-74.915
6591.31,-74.235
6591.80,-72.950
6592.29,-74.835
6592.77,-76.349
6593.26,-75.311
6593.75,-75.836
6594.24,-75.642
6594.73,-74.497
6595.21,-76.467
6595.70,-73.943
6596.19,-74.224
6596.68,-73.152
6597.17,-73.834
6597.66,-75.116
6598.14,-74.387
6598.63,-75.955
6599.12,-74.860
6599.61,-75.206
6600.10,-73.821
6600.59,-74.959
6601.07,-74.034
6601.56,-73.823
6602.05,-73.740
6602.54,-74.373
6603.03,-75.072
6603.52,-75.409
6604.00,-75.206
6604.49,-73.742
6604.98,-75.822
6605.47,-74.509
6605.96,-75.319
6606.45,-75.240
6606.93,-75.589
6607.42,-75.398
6607.91,-74.886
6608.40,-75.209
6608.89,-77.062
6609.38,-75.357
6609.86,-75.140
6610.35,-75.633
6610.84,-76.834
6611.33,-75.672
6611.82,-74.965
6612.30,-75.916
6612.79,-76.095
6613.28,-74.305
6613.77,-73.670
6614.26,-73.761
6614.75,-77.761
6615.23,-74.280
6615.72,-75.553
6616.21,-76.717
6616.70,-75.863
6617.19,-75.982
6617.68,-77.288
6618.16,-77.364
6618.65,-75.544
6619.14,-77.532
6619.63,-76.722
6620.12,-76.368
6620.61,-75.810
6621.09,-76.631
6621.58,-77.969
6622.07,-76.913
6622.56,-76.420
6623.05,-77.224
6623.54,-76.540
6624.02,-76.869
6624.51,-78.443
6625.00,-76.180
6625.49,-75.729
6625.98,-78.329
6626.46,-78.136
6626.95,-77.238
6627.44,-77.122
6627.93,-78.295
6628.42,-78.343
6628.91,-78.772
6629.39,-78.923
6629.88,-77.155
6630.37,-77.445
6630.86,-78.152
6631.35,-77.904
6631.84,-78.511
6632.32,-77.912
6632.81,-78.630
6633.30,-77.842
6633.79,-76.282
6634.28,-77.771
6634.77,-76.951
6635.25,-77.366
6635.74,-77.166
6636.23,-78.977
6636.72,-78.896
6637.21,-77.132
6637.70,-78.808
6638.18,-76.956
6638.67,-77.932
6639.16,-77.455
6639.65,-79.664
6640.14,-77.868
6640.62,-77.790
6641.11,-78.849
6641.60,-77.710
6642.09,-78.772
6642.58,-78.685
6643.07,-77.843
6643.55,-79.584
6644.04,-78.068
6644.53,-77.239
6645.02,-78.584
6645.51,-77.759
6646.00,-79.533
6646.48,-78.733
6646.97,-78.269
6647.46,-78.904
6647.95,-79.290
6648.44,-79.662
6648.93,-79.716
6649.41,-77.749
6649.90,-79.111
6650.39,-80.903
6650.88,-80.864
6651.37,-80.037
6651.86,-78.771
6652.34,-79.325
6652.83,-81.075
6653.32,-79.197
6653.81,-78.183
6654.30,-78.557
6654.79,-78.668
6655.27,-80.108
6655.76,-79.582
6656.25,-80.104
6656.74,-79.618
6657.23,-79.563
6657.71,-80.910
6658.20,-79.587
6658.69,-80.663
6659.18,-81.512
6659.67,-81.930
6660.16,-78.918
6660.64,-80.884
6661.13,-79.613
6661.62,-79.684
6662.11,-79.520
6662.60,-80.370
6663.09,-78.990
6663.57,-80.902
6664.06,-80.854
6664.55,-81.603
6665.04,-81.406
6665.53,-81.131
6666.02,-81.094
6666.50,-80.413
6666.99,-81.344
6667.48,-79.947
6667.97,-81.114
6668.46,-80.948
6668.95,-81.650
6669.43,-82.846
6669.92,-81.448
6670.41,-80.200
6670.90,-80.318
6671.39,-81.004
6671.88,-82.041
6672.36,-79.742
6672.85,-80.956
6673.34,-80.561
6673.83,-80.806
6674.32,-80.312
6674.80,-81.848
6675.29,-82.611
6675.78,-83.460
6676.27,-82.188
6676.76,-82.715
6677.25,-82.901
6677.73,-82.379
6678.22,-81.962
6678.71,-81.816
6679.20,-84.151
6679.69,-82.227
6680.18,-82.399
6680.66,-82.794
6681.15,-80.816
6681.64,-81.071
6682.13,-80.428
6682.62,-82.415
6683.11,-82.583
6683.59,-82.293
6684.08,-83.104
6684.57,-81.297
6685.06,-82.384
6685.55,-83.377
6686.04,-83.200
6686.52,-83.043
6687.01,-82.704
6687.50,-82.336
6687.99,-82.641
6688.48,-82.739
6688.96,-82.911
6689.45,-82.088
6689.94,-84.473
6690.43,-82.578
6690.92,-83.083
6691.41,-82.912
6691.89,-83.399
6692.38,-81.212
6692.87,-82.431
6693.36,-82.820
6693.85,-82.591
6694.34,-82.983
6694.82,-82.403
6695.31,-83.168
6695.80,-82.505
6696.29,-83.736
6696.78,-83.759
6697.27,-83.927
6697.75,-83.824
6698.24,-84.124
6698.73,-83.305
6699.22,-82.369
6699.71,-83.984
6700.20,-82.925
6700.68,-83.735
6701.17,-83.710
6701.66,-81.335
6702.15,-83.204
6702.64,-82.955
6703.12,-85.292
6703.61,-83.535
6704.10,-83.732
6704.59,-83.381
6705.08,-83.835
6705.57,-83.189
6706.05,-84.480
6706.54,-83.501
6707.03,-84.427
6707.52,-82.683
6708.01,-84.258
6708.50,-82.106
6708.98,-85.650
6709.47,-82.376
6709.96,-84.313
6710.45,-83.400
6710.94,-83.772
6711.43,-84.988
6711.91,-84.838
6712.40,-84.985
6712.89,-84.407
6713.38,-85.062
6713.87,-85.095
6714.36,-85.690
6714.84,-85.335
6715.33,-85.326
6715.82,-85.132
6716.31,-83.943
6716.80,-85.350
6717.29,-86.379
6717.77,-85.779
6718.26,-85.265
6718.75,-84.341
6719.24,-83.505
6719.73,-84.853
6720.21,-85.090
6720.70,-85.007
6721.19,-86.613
6721.68,-84.049
6722.17,-84.462
6722.66,-84.754
6723.14,-86.078
6723.63,-85.875
6724.12,-85.533
6724.61,-85.214
6725.10,-86.886
6725.59,-86.249
6726.07,-85.279
6726.56,-85.214
6727.05,-86.026
6727.54,-85.386
6728.03,-86.084
6728.52,-86.527
6729.00,-85.593
6729.49,-86.019
6729.98,-84.605
6730.47,-86.642
6730.96,-85.522
6731.45,-85.326
6731.93,-84.759
6732.42,-86.106
6732.91,-86.985
6733.40,-85.371
6733.89,-84.579
6734.38,-85.717
6734.86,-86.115
6735.35,-87.896
6735.84,-85.822
6736.33,-85.831
6736.82,-84.877
6737.30,-85.472
6737.79,-86.082
6738.28,-85.333
6738.77,-85.566
6739.26,-86.477
6739.75,-84.993
6740.23,-87.030
6740.72,-87.996
6741.21,-86.892
6741.70,-86.532
6742.19,-87.232
6742.68,-86.547
6743.16,-86.063
6743.65,-86.897
6744.14,-86.832
6744.63,-87.636
6745.12,-86.782
6745.61,-87.360
6746.09,-86.542
6746.58,-86.093
6747.07,-86.553
6747.56,-86.889
6748.05,-87.263
6748.54,-86.736
6749.02,-86.962
6749.51,-85.731
6750.00,-86.245
6750.49,-87.846
6750.98,-87.038
6751.46,-87.776
6751.95,-87.374
6752.44,-87.235
6752.93,-86.181
6753.42,-86.535
6753.91,-88.360
6754.39,-87.979
6754.88,-86.698
6755.37,-88.517
6755.86,-89.069
6756.35,-87.658
6756.84,-88.872
6757.32,-87.517
6757.81,-86.456
6758.30,-86.072
6758.79,-85.697
6759.28,-88.436
6759.77,-87.728
6760.25,-88.361
6760.74,-88.300
6761.23,-86.921
6761.72,-87.733
6762.21,-89.056
6762.70,-87.725
6763.18,-88.703
6763.67,-87.863
6764.16,-89.207
6764.65,-87.555
6765.14,-89.532
6765.62,-87.508
6766.11,-88.449
6766.60,-89.450
6767.09,-87.523
6767.58,-89.007
6768.07,-90.303
6768.55,-89.985
6769.04,-88.006
6769.53,-86.650
6770.02,-86.840
6770.51,-88.487
6771.00,-87.448
6771.48,-87.469
6771.97,-86.464
6772.46,-88.324
6772.95,-87.024
6773.44,-88.092
6773.93,-88.850
6774.41,-86.258
6774.90,-88.806
6775.39,-88.905
6775.88,-88.971
6776.37,-89.228
6776.86,-89.736
6777.34,-89.716
6777.83,-90.865
6778.32,-90.373
6778.81,-90.753
6779.30,-89.959
6779.79,-89.380
6780.27,-89.731
6780.76,-89.156
6781.25,-87.984
6781.74,-88.722
6782.23,-89.353
6782.71,-87.162
6783.20,-87.966
6783.69,-87.853
6784.18,-88.454
6784.67,-87.718
6785.16,-88.838
6785.64,-89.997
6786.13,-89.496
6786.62,-89.766
6787.11,-88.531
6787.60,-89.243
6788.09,-88.886
6788.57,-90.608
6789.06,-88.955
6789.55,-88.934
6790.04,-89.369
6790.53,-89.987
6791.02,-89.251
6791.50,-87.807
6791.99,-87.721
6792.48,-88.235
6792.97,-89.552
6793.46,-89.743
6793.95,-89.929
6794.43,-91.662
6794.92,-88.313
6795.41,-91.727
6795.90,-90.365
6796.39,-90.230
6796.88,-90.439
6797.36,-89.490
6797.85,-90.699
6798.34,-91.525
6798.83,-88.825
6799.32,-89.891
6799.80,-89.999
6800.29,-89.676
6800.78,-90.557
6801.27,-91.043
6801.76,-89.873
6802.25,-90.365
6802.73,-90.338
6803.22,-91.040
6803.71,-91.161
6804.20,-90.819
6804.69,-90.754
6805.18,-90.453
6805.66,-90.332
6806.15,-88.560
6806.64,-89.538
6807.13,-89.692
6807.62,-92.476
6808.11,-91.235
6808.59,-91.387
6809.08,-90.096
6809.57,-90.426
6810.06,-90.790
6810.55,-91.240
6811.04,-90.126
6811.52,-90.443
6812.01,-92.034
6812.50,-91.408
6812.99,-92.765
6813.48,-92.196
6813.96,-88.956
6814.45,-89.960
6814.94,-91.336
6815.43,-92.935
6815.92,-90.968
6816.41,-89.286
6816.89,-90.083
6817.38,-90.431
6817.87,-91.411
6818.36,-90.156
6818.85,-91.260
6819.34,-91.033
6819.82,-92.321
6820.31,-91.698
6820.80,-91.164
6821.29,-90.916
6821.78,-90.701
6822.27,-91.358
6822.75,-91.416
6823.24,-92.351
6823.73,-90.202
6824.22,-92.148
6824.71,-91.807
6825.20,-91.261
6825.68,-91.835
6826.17,-91.082
6826.66,-90.311
6827.15,-90.003
6827.64,-90.141
6828.12,-90.922
6828.61,-92.422
6829.10,-90.760
6829.59,-92.301
6830.08,-91.240
6830.57,-91.301
6831.05,-91.203
6831.54,-92.982
6832.03,-91.646
6832.52,-91.831
6833.01,-91.436
6833.50,-91.794
6833.98,-91.929
6834.47,-91.550
6834.96,-90.095
6835.45,-90.727
6835.94,-92.669
6836.43,-92.962
6836.91,-94.410
6837.40,-91.655
6837.89,-92.621
6838.38,-91.584
6838.87,-91.528
6839.36,-91.666
6839.84,-91.690
6840.33,-93.633
6840.82,-92.460
6841.31,-93.814
6841.80,-91.990
6842.29,-93.693
6842.77,-91.810
6843.26,-92.429
6843.75,-91.385
6844.24,-93.396
6844.73,-91.612
6845.21,-91.697
6845.70,-93.154
6846.19,-93.297
6846.68,-92.343
6847.17,-92.221
6847.66,-93.214
6848.14,-91.367
6848.63,-92.537
6849.12,-91.850
6849.61,-92.308
6850.10,-93.005
6850.59,-91.156
6851.07,-91.631
6851.56,-90.943
6852.05,-93.122
6852.54,-92.790
6853.03,-92.416
6853.52,-93.635
6854.00,-92.017
6854.49,-92.304
6854.98,-91.567
6855.47,-91.392
6855.96,-91.770
6856.45,-93.134
6856.93,-93.550
6857.42,-93.985
6857.91,-93.805
6858.40,-94.078
6858.89,-93.278
6859.38,-93.362
6859.86,-94.256
6860.35,-93.748
6860.84,-93.232
6861.33,-92.698
6861.82,-92.630
6862.30,-93.829
6862.79,-93.431
6863.28,-93.209
6863.77,-93.976
6864.26,-93.252
6864.75,-93.457
6865.23,-92.786
6865.72,-93.026
6866.21,-94.349
6866.70,-92.249
6867.19,-92.548
6867.68,-92.810
6868.16,-91.428
6868.65,-94.419
6869.14,-93.545
6869.63,-93.636
6870.12,-93.730
6870.61,-94.051
6871.09,-93.997
6871.58,-93.266
6872.07,-93.929
6872.56,-93.929
6873.05,-92.236
6873.54,-94.935
6874.02,-93.753
6874.51,-94.053
6875.00,-92.740
6875.49,-92.859
6875.98,-94.055
6876.46,-93.704
6876.95,-93.575
6877.44,-94.299
6877.93,-92.773
6878.42,-94.042
6878.91,-93.482
6879.39,-92.483
6879.88,-94.561
6880.37,-92.809
6880.86,-93.002
6881.35,-94.510
6881.84,-95.732
6882.32,-95.195
6882.81,-93.743
6883.30,-93.319
6883.79,-94.400
6884.28,-93.337
6884.77,-94.870
6885.25,-93.746
6885.74,-94.151
6886.23,-94.906
6886.72,-93.171
6887.21,-94.271
6887.70,-94.861
6888.18,-93.548
6888.67,-93.022
6889.16,-94.080
6889.65,-94.744
6890.14,-93.893
6890.62,-93.708
6891.11,-94.983
6891.60,-96.109
6892.09,-95.283
6892.58,-92.900
6893.07,-93.183
6893.55,-93.827
6894.04,-94.823
6894.53,-93.376
6895.02,-95.088
6895.51,-93.729
6896.00,-93.337
6896.48,-94.943
6896.97,-92.432
6897.46,-94.283
6897.95,-94.460
6898.44,-93.690
6898.93,-94.336
6899.41,-94.413
6899.90,-93.484
6900.39,-95.755
6900.88,-94.366
6901.37,-94.991
6901.86,-94.419
6902.34,-94.854
6902.83,-94.248
6903.32,-94.394
6903.81,-93.737
6904.30,-94.646
6904.79,-95.799
6905.27,-94.074
6905.76,-93.417
6906.25,-93.718
6906.74,-95.460
6907.23,-94.241
6907.71,-94.507
6908.20,-95.130
6908.69,-95.593
6909.18,-95.154
6909.67,-95.845
6910.16,-96.160
6910.64,-93.911
6911.13,-93.856
6911.62,-95.325
6912.11,-95.609
6912.60,-95.467
6913.09,-96.223
6913.57,-96.294
6914.06,-94.848
6914.55,-96.705
6915.04,-95.628
6915.53,-94.609
6916.02,-95.319
6916.50,-94.378
6916.99,-96.594
6917.48,-95.009
6917.97,-94.061
6918.46,-96.027
6918.95,-95.527
6919.43,-95.172
6919.92,-94.905
6920.41,-94.683
6920.90,-96.451
6921.39,-95.594
6921.88,-95.844
6922.36,-95.795
6922.85,-95.902
6923.34,-94.913
6923.83,-95.100
6924.32,-95.239
6924.80,-94.900
6925.29,-95.215
6925.78,-95.368
6926.27,-94.330
6926.76,-95.855
6927.25,-96.839
6927.73,-96.252
6928.22,-94.639
6928.71,-95.963
6929.20,-96.265
6929.69,-94.297
6930.18,-95.685
6930.66,-96.550
6931.15,-95.639
6931.64,-95.127
6932.13,-96.698
6932.62,-95.861
6933.11,-94.250
6933.59,-95.873
6934.08,-94.550
6934.57,-96.443
6935.06,-94.094
6935.55,-94.523
6936.04,-96.618
6936.52,-96.881
6937.01,-94.720
6937.50,-95.115
6937.99,-95.419
6938.48,-95.048
6938.96,-95.214
6939.45,-95.421
6939.94,-96.073
6940.43,-96.266
6940.92,-96.059
6941.41,-95.348
6941.89,-96.153
6942.38,-97.432
6942.87,-96.486
6943.36,-96.041
6943.85,-97.394
6944.34,-97.207
6944.82,-97.362
6945.31,-95.850
6945.80,-97.438
6946.29,-97.542
6946.78,-96.906
6947.27,-95.510
6947.75,-96.652
6948.24,-96.395
6948.73,-96.117
6949.22,-95.785
6949.71,-95.310
6950.20,-94.919
6950.68,-96.333
6951.17,-97.415
6951.66,-96.662
6952.15,-96.060
6952.64,-96.836
6953.12,-96.518
6953.61,-94.479
6954.10,-96.893
6954.59,-95.930
6955.08,-96.156
6955.57,-95.847
6956.05,-96.696
6956.54,-97.537
6957.03,-95.953
6957.52,-96.535
6958.01,-95.093
6958.50,-96.395
6958.98,-95.559
6959.47,-96.909
6959.96,-95.524
6960.45,-96.879
6960.94,-95.571
6961.43,-96.125
6961.91,-95.411
6962.40,-96.398
6962.89,-96.853
6963.38,-97.614
6963.87,-95.655
6964.36,-96.413
6964.84,-96.252
6965.33,-97.095
6965.82,-95.423
6966.31,-96.527
6966.80,-97.091
6967.29,-97.622
6967.77,-98.120
6968.26,-97.681
6968.75,-95.762
6969.24,-95.720
6969.73,-96.963
6970.21,-96.532
6970.70,-96.290
6971.19,-96.371
6971.68,-95.680
6972.17,-96.083
6972.66,-97.759
6973.14,-95.529
6973.63,-96.267
6974.12,-97.903
6974.61,-96.344
6975.10,-95.066
6975.59,-96.223
6976.07,-97.599
6976.56,-97.486
6977.05,-96.656
6977.54,-97.033
6978.03,-97.109
6978.52,-97.782
6979.00,-97.051
6979.49,-96.730
6979.98,-97.174
6980.47,-96.803
6980.96,-96.213
6981.45,-95.781
6981.93,-97.404
6982.42,-96.769
6982.91,-96.660
6983.40,-95.999
6983.89,-95.271
6984.38,-95.888
6984.86,-97.751
6985.35,-96.436
6985.84,-96.101
6986.33,-97.573
6986.82,-96.499
6987.30,-97.607
6987.79,-98.584
6988.28,-98.288
6988.77,-95.612
6989.26,-98.811
6989.75,-97.568
6990.23,-97.255
6990.72,-98.410
6991.21,-97.307
6991.70,-95.750
6992.19,-97.961
6992.68,-97.390
6993.16,-96.259
6993.65,-97.567
6994.14,-96.162
6994.63,-98.493
6995.12,-96.876
6995.61,-97.705
6996.09,-96.933
6996.58,-97.099
6997.07,-96.213
6997.56,-95.807
6998.05,-96.211
6998.54,-96.600
6999.02,-95.918
6999.51,-96.373
7000.00,-97.779
7000.49,-96.608
7000.98,-97.134
7001.46,-97.847
7001.95,-97.463
7002.44,-97.784
7002.93,-98.535
7003.42,-96.394
7003.91,-97.565
7004.39,-96.892
7004.88,-97.398
7005.37,-97.488
7005.86,-98.911
7006.35,-97.473
7006.84,-95.796
7007.32,-98.023
7007.81,-99.112
7008.30,-96.672
7008.79,-99.360
7009.28,-98.617
7009.77,-98.605
7010.25,-97.136
7010.74,-97.737
7011.23,-97.115
7011.72,-96.010
7012.21,-97.222
7012.70,-97.577
7013.18,-98.320
7013.67,-96.303
7014.16,-96.838
7014.65,-97.080
7015.14,-97.292
7015.62,-97.997
7016.11,-97.622
7016.60,-98.065
7017.09,-96.506
7017.58,-97.307
7018.07,-96.604
7018.55,-97.702
7019.04,-98.384
7019.53,-98.507
7020.02,-98.154
7020.51,-97.306
7021.00,-95.702
7021.48,-96.776
7021.97,-98.283
7022.46,-96.518
7022.95,-96.961
7023.44,-98.513
7023.93,-97.921
7024.41,-97.892
7024.90,-98.904
7025.39,-97.431
7025.88,-97.508
7026.37,-97.521
7026.86,-97.728
7027.34,-98.356
7027.83,-99.771
7028.32,-98.106
7028.81,-97.819
7029.30,-97.089
7029.79,-98.510
7030.27,-98.892
7030.76,-99.434
7031.25,-98.349
7031.74,-96.793
7032.23,-99.076
7032.71,-97.046
7033.20,-98.669
7033.69,-98.162
7034.18,-97.630
7034.67,-97.845
7035.16,-97.646
7035.64,-98.040
7036.13,-97.075
7036.62,-97.324
7037.11,-97.892
7037.60,-97.204
7038.09,-99.005
7038.57,-99.280
7039.06,-98.652
7039.55,-97.951
7040.04,-96.901
7040.53,-96.404
7041.02,-97.379
7041.50,-97.859
7041.99,-96.805
7042.48,-98.517
7042.97,-97.962
7043.46,-97.770
7043.95,-98.687
7044.43,-96.061
7044.92,-98.091
7045.41,-98.419
7045.90,-97.573
7046.39,-96.882
7046.88,-97.405
7047.36,-97.296
7047.85,-98.750
7048.34,-97.939
7048.83,-97.315
7049.32,-98.995
7049.80,-97.703
7050.29,-97.234
7050.78,-99.284
7051.27,-98.101
7051.76,-96.917
7052.25,-98.987
7052.73,-97.753
7053.22,-97.860
7053.71,-99.011
7054.20,-99.209
7054.69,-97.747
7055.18,-98.149
7055.66,-97.780
7056.15,-97.693
7056.64,-98.126
7057.13,-98.109
7057.62,-96.870
7058.11,-96.784
7058.59,-98.202
7059.08,-97.638
7059.57,-99.106
7060.06,-99.880
7060.55,-98.050
7061.04,-97.747
7061.52,-97.835
7062.01,-98.498
7062.50,-98.328
7062.99,-98.974
7063.48,-97.532
7063.96,-100.733
7064.45,-98.128
7064.94,-97.259
7065.43,-98.249
7065.92,-98.044
7066.41,-97.322
7066.89,-98.120
7067.38,-98.196
7067.87,-98.125
7068.36,-98.447
7068.85,-98.313
7069.34,-97.759
7069.82,-98.544
7070.31,-97.385
7070.80,-98.037
7071.29,-98.088
7071.78,-97.414
7072.27,-97.861
7072.75,-98.538
7073.24,-97.253
7073.73,-98.389
7074.22,-97.793
7074.71,-98.324
7075.20,-97.171
7075.68,-97.980
7076.17,-98.827
7076.66,-98.811
7077.15,-99.498
7077.64,-98.627
7078.12,-98.391
7078.61,-97.443
7079.10,-99.176
7079.59,-99.339
7080.08,-98.243
7080.57,-96.872
7081.05,-98.145
7081.54,-99.198
7082.03,-98.486
7082.52,-96.153
7083.01,-99.368
7083.50,-97.568
7083.98,-98.942
7084.47,-98.745
7084.96,-98.573
7085.45,-99.198
7085.94,-97.929
7086.43,-100.023
7086.91,-96.890
7087.40,-97.753
7087.89,-98.368
7088.38,-99.583
7088.87,-99.630
7089.36,-97.878
7089.84,-97.319
7090.33,-97.663
7090.82,-97.308
7091.31,-98.716
7091.80,-99.716
7092.29,-99.051
7092.77,-98.042
7093.26,-100.342
7093.75,-97.548
7094.24,-98.792
7094.73,-98.541
7095.21,-97.940
7095.70,-98.053
7096.19,-99.018
7096.68,-98.819
7097.17,-98.332
7097.66,-99.511
7098.14,-98.592
7098.63,-99.012
7099.12,-98.841
7099.61,-97.861
7100.10,-98.779
7100.59,-98.319
7101.07,-98.580
7101.56,-97.065
7102.05,-98.561
7102.54,-98.582
7103.03,-99.148
7103.52,-99.061
7104.00,-98.867
7104.49,-99.942
7104.98,-99.208
7105.47,-100.351
7105.96,-99.493
7106.45,-98.324
7106.93,-98.684
7107.42,-98.611
7107.91,-98.850
7108.40,-100.041
7108.89,-98.585
7109.38,-98.253
7109.86,-99.812
7110.35,-98.899
7110.84,-100.104
7111.33,-98.516
7111.82,-99.423
7112.30,-98.293
7112.79,-98.602
7113.28,-98.993
7113.77,-98.829
7114.26,-100.117
7114.75,-99.210
7115.23,-99.116
7115.72,-98.281
7116.21,-100.338
7116.70,-100.521
7117.19,-100.218
7117.68,-99.307
7118.16,-100.455
7118.65,-99.309
7119.14,-100.062
7119.63,-99.486
7120.12,-99.642
7120.61,-101.053
7121.09,-99.997
7121.58,-98.929
7122.07,-98.444
7122.56,-99.121
7123.05,-97.674
7123.54,-99.864
7124.02,-100.159
7124.51,-99.317
7125.00,-98.872
7125.49,-99.108
7125.98,-100.255
7126.46,-99.532
7126.95,-99.279
7127.44,-99.807
7127.93,-100.202
7128.42,-99.415
7128.91,-99.628
7129.39,-99.845
7129.88,-100.000
7130.37,-99.213
7130.86,-100.840
7131.35,-99.862
7131.84,-99.420
7132.32,-101.026
7132.81,-101.116
7133.30,-101.046
7133.79,-101.349
7134.28,-101.138
7134.77,-100.779
7135.25,-101.756
7135.74,-101.016
7136.23,-100.366
7136.72,-100.929
7137.21,-101.464
7137.70,-100.867
7138.18,-100.185
7138.67,-99.650
7139.16,-98.695
7139.65,-101.161
7140.14,-100.367
7140.62,-101.024
7141.11,-99.845
7141.60,-99.191
7142.09,-102.026
7142.58,-101.066
7143.07,-100.825
7143.55,-100.380
7144.04,-101.046
7144.53,-101.744
7145.02,-100.449
7145.51,-100.476
7146.00,-101.439
7146.48,-101.566
7146.97,-100.667
7147.46,-101.876
7147.95,-102.632
7148.44,-101.740
7148.93,-102.511
7149.41,-100.725
7149.90,-100.463
7150.39,-101.165
7150.88,-100.030
7151.37,-101.202
7151.86,-101.440
7152.34,-101.993
7152.83,-102.500
7153.32,-101.662
7153.81,-101.985
7154.30,-101.354
7154.79,-101.950
7155.27,-101.553
7155.76,-101.652
7156.25,-102.339
7156.74,-102.429
7157.23,-102.555
7157.71,-102.715
7158.20,-101.743
7158.69,-102.235
7159.18,-101.858
7159.67,-101.596
7160.16,-102.300
7160.64,-101.821
7161.13,-101.379
7161.62,-101.558
7162.11,-102.813
7162.60,-102.722
7163.09,-103.551
7163.57,-102.926
7164.06,-103.401
7164.55,-103.533
7165.04,-103.098
7165.53,-103.402
7166.02,-103.414
7166.50,-102.176
7166.99,-101.662
7167.48,-101.625
7167.97,-103.457
7168.46,-102.530
7168.95,-103.847
7169.43,-103.874
7169.92,-102.692
7170.41,-102.645
7170.90,-103.080
7171.39,-102.981
7171.88,-103.432
7172.36,-103.396
7172.85,-103.441
7173.34,-103.281
7173.83,-101.490
7174.32,-102.676
7174.80,-102.438
7175.29,-103.882
7175.78,-103.997
7176.27,-103.546
7176.76,-104.388
7177.25,-104.883
7177.73,-103.381
7178.22,-103.974
7178.71,-102.956
7179.20,-103.050
7179.69,-103.638
7180.18,-104.319
7180.66,-104.131
7181.15,-103.571
7181.64,-103.552
7182.13,-103.276
7182.62,-103.381
7183.11,-103.402
7183.59,-104.513
7184.08,-103.963
7184.57,-104.467
7185.06,-103.334
7185.55,-104.057
7186.04,-103.885
7186.52,-105.358
7187.01,-105.378
7187.50,-104.459
7187.99,-104.266
7188.48,-103.785
7188.96,-104.000
7189.45,-104.168
7189.94,-103.750
7190.43,-104.022
7190.92,-103.563
7191.41,-104.344
7191.89,-103.893
7192.38,-104.603
7192.87,-103.935
7193.36,-103.980
7193.85,-104.374
7194.34,-104.821
7194.82,-104.072
7195.31,-103.684
7195.80,-103.651
7196.29,-104.749
7196.78,-104.763
7197.27,-105.372
7197.75,-104.498
7198.24,-104.829
7198.73,-104.863
7199.22,-103.961
7199.71,-105.382
7200.20,-105.785
7200.68,-105.555
7201.17,-104.999
7201.66,-105.713
7202.15,-105.467
7202.64,-104.603
7203.12,-105.030
7203.61,-105.563
7204.10,-104.833
7204.59,-104.723
7205.08,-105.615
7205.57,-104.563
7206.05,-104.719
7206.54,-105.735
7207.03,-105.218
7207.52,-104.774
7208.01,-105.031
7208.50,-105.564
7208.98,-105.880
7209.47,-106.020
7209.96,-105.097
7210.45,-104.575
7210.94,-105.866
7211.43,-105.122
7211.91,-105.571
7212.40,-105.368
7212.89,-105.095
7213.38,-105.604
7213.87,-105.330
7214.36,-106.175
7214.84,-105.064
7215.33,-105.077
7215.82,-105.135
7216.31,-105.129
7216.80,-106.315
7217.29,-105.193
7217.77,-105.471
7218.26,-106.126
7218.75,-106.259
7219.24,-106.371
7219.73,-105.658
7220.21,-105.447
7220.70,-105.389
7221.19,-106.074
7221.68,-106.204
7222.17,-106.275
7222.66,-105.844
7223.14,-105.909
7223.63,-106.251
7224.12,-105.576
7224.61,-105.670
7225.10,-105.736
7225.59,-106.047
7226.07,-106.673
7226.56,-106.002
7227.05,-105.299
7227.54,-106.260
7228.03,-105.565
7228.52,-105.647
7229.00,-105.861
7229.49,-106.011
7229.98,-106.107
7230.47,-105.977
7230.96,-106.336
7231.45,-106.324
7231.93,-106.263
7232.42,-106.391
7232.91,-106.367
7233.40,-106.345
7233.89,-106.458
7234.38,-106.085
7234.86,-105.850
7235.35,-106.010
7235.84,-106.344
7236.33,-106.029
7236.82,-106.312
7237.30,-106.538
7237.79,-106.054
7238.28,-106.156
7238.77,-105.777
7239.26,-106.206
7239.75,-106.720
7240.23,-105.941
7240.72,-106.162
7241.21,-106.450
7241.70,-106.117
7242.19,-106.190
7242.68,-106.423
7243.16,-106.657
7243.65,-106.072
7244.14,-106.663
7244.63,-106.105
7245.12,-106.533
7245.61,-106.492
7246.09,-106.239
7246.58,-106.465
7247.07,-106.128
7247.56,-105.962
7248.05,-106.116
7248.54,-105.828
7249.02,-106.779
7249.51,-106.486
7250.00,-106.198
7250.49,-106.630
7250.98,-106.794
7251.46,-106.605
7251.95,-106.926
7252.44,-106.495
7252.93,-106.965
7253.42,-105.940
7253.91,-106.247
7254.39,-106.644
7254.88,-106.651
7255.37,-106.682
7255.86,-106.344
7256.35,-106.828
7256.84,-106.714
7257.32,-107.235
7257.81,-106.937
7258.30,-106.702
7258.79,-106.560
7259.28,-106.758
7259.77,-106.291
7260.25,-106.681
7260.74,-106.773
7261.23,-106.199
7261.72,-106.852
7262.21,-106.866
7262.70,-106.636
7263.18,-106.712
7263.67,-106.957
7264.16,-107.000
7264.65,-106.659
7265.14,-106.803
7265.62,-106.574
7266.11,-106.741
7266.60,-106.780
7267.09,-106.650
7267.58,-107.004
7268.07,-106.628
7268.55,-106.747
7269.04,-106.564
7269.53,-106.657
7270.02,-106.860
7270.51,-106.593
7271.00,-106.741
7271.48,-106.586
7271.97,-106.682
7272.46,-107.192
7272.95,-106.742
7273.44,-106.712
7273.93,-106.583
7274.41,-106.745
7274.90,-106.916
7275.39,-106.888
7275.88,-106.732
7276.37,-107.064
7276.86,-106.770
7277.34,-106.768
7277.83,-106.901
7278.32,-106.478
7278.81,-106.746
7279.30,-106.558
7279.79,-106.752
7280.27,-106.664
7280.76,-106.801
7281.25,-107.024
7281.74,-106.745
7282.23,-106.864
7282.71,-106.892
7283.20,-106.760
7283.69,-106.834
7284.18,-106.621
7284.67,-107.050
7285.16,-106.920
7285.64,-106.927
7286.13,-106.703
7286.62,-107.059
7287.11,-106.865
7287.60,-107.383
7288.09,-106.821
7288.57,-107.017
7289.06,-106.913
7289.55,-107.019
7290.04,-106.678
7290.53,-106.888
7291.02,-106.786
7291.50,-106.748
7291.99,-106.696
7292.48,-107.080
7292.97,-106.725
7293.46,-106.907
7293.95,-107.038
7294.43,-107.164
7294.92,-106.978
7295.41,-106.736
7295.90,-106.895
7296.39,-107.295
7296.88,-107.092
7297.36,-106.879
7297.85,-107.074
7298.34,-106.910
7298.83,-107.000
7299.32,-106.885
7299.80,-106.979
7300.29,-107.049
7300.78,-106.931
7301.27,-106.971
7301.76,-106.785
7302.25,-106.902
7302.73,-106.900
7303.22,-107.020
7303.71,-106.915
7304.20,-106.914
7304.69,-107.001
7305.18,-106.803
7305.66,-107.117
7306.15,-106.990
7306.64,-107.055
7307.13,-107.126
7307.62,-107.029
7308.11,-106.935
7308.59,-106.848
7309.08,-106.885
7309.57,-107.080
7310.06,-106.948
7310.55,-106.847
7311.04,-107.105
7311.52,-106.992
7312.01,-107.026
7312.50,-107.105
7312.99,-107.133
7313.48,-106.963
7313.96,-107.168
7314.45,-107.095
7314.94,-106.890
7315.43,-107.212
7315.92,-107.086
7316.41,-107.118
7316.89,-107.029
7317.38,-106.982
7317.87,-107.138
7318.36,-107.117
7318.85,-107.094
7319.34,-107.020
7319.82,-107.059
7320.31,-107.005
7320.80,-106.962
7321.29,-106.855
7321.78,-107.125
7322.27,-106.967
7322.75,-107.086
7323.24,-107.176
7323.73,-107.004
7324.22,-106.958
7324.71,-106.968
7325.20,-107.099
7325.68,-106.931
7326.17,-107.009
7326.66,-106.970
7327.15,-107.103
7327.64,-107.186
7328.12,-107.060
7328.61,-107.157
7329.10,-107.088
7329.59,-107.103
7330.08,-106.995
7330.57,-106.928
7331.05,-107.197
7331.54,-107.118
7332.03,-106.943
7332.52,-106.996
7333.01,-107.080
7333.50,-107.125
7333.98,-107.064
7334.47,-106.980
7334.96,-106.940
7335.45,-107.030
7335.94,-107.013
7336.43,-107.045
7336.91,-107.026
7337.40,-107.236
7337.89,-107.124
7338.38,-106.975
7338.87,-107.125
7339.36,-107.039
7339.84,-107.035
7340.33,-107.062
7340.82,-107.127
7341.31,-106.924
7341.80,-107.030
7342.29,-107.067
7342.77,-107.047
7343.26,-107.121
7343.75,-107.088
7344.24,-107.059
7344.73,-107.141
7345.21,-106.974
7345.70,-107.158
7346.19,-107.018
7346.68,-107.214
7347.17,-107.188
7347.66,-107.081
7348.14,-107.165
7348.63,-107.065
7349.12,-107.156
7349.61,-107.155
7350.10,-107.175
7350.59,-107.158
7351.07,-107.122
7351.56,-107.172
7352.05,-107.032
7352.54,-107.062
7353.03,-107.145
7353.52,-107.126
7354.00,-107.103
7354.49,-107.198
7354.98,-107.193
7355.47,-107.125
7355.96,-107.113
7356.45,-107.177
7356.93,-107.042
7357.42,-107.141
7357.91,-107.095
7358.40,-107.127
7358.89,-107.147
7359.38,-107.258
7359.86,-107.122
7360.35,-107.118
7360.84,-107.120
7361.33,-107.108
7361.82,-107.108
7362.30,-107.166
7362.79,-107.009
7363.28,-107.079
7363.77,-107.055
7364.26,-107.171
7364.75,-107.179
7365.23,-107.125
7365.72,-107.138
7366.21,-107.164
7366.70,-107.213
7367.19,-107.211
7367.68,-107.120
7368.16,-107.107
7368.65,-107.181
7369.14,-107.159
7369.63,-107.155
7370.12,-107.199
7370.61,-107.118
7371.09,-107.160
7371.58,-107.182
7372.07,-107.224
7372.56,-107.225
7373.05,-107.155
7373.54,-107.194
7374.02,-107.110
7374.51,-107.101
7375.00,-107.146
7375.49,-107.130
7375.98,-107.194
7376.46,-107.264
7376.95,-107.212
7377.44,-107.198
7377.93,-107.221
7378.42,-107.149
7378.91,-107.202
7379.39,-107.223
7379.88,-107.156
7380.37,-107.186
7380.86,-107.179
7381.35,-107.153
7381.84,-107.149
7382.32,-107.169
7382.81,-107.129
7383.30,-107.195
7383.79,-107.201
7384.28,-107.220
7384.77,-107.177
7385.25,-107.201
7385.74,-107.218
7386.23,-107.171
7386.72,-107.131
7387.21,-107.165
7387.70,-107.192
7388.18,-107.226
7388.67,-107.161
7389.16,-107.185
7389.65,-107.212
7390.14,-107.247
7390.62,-107.222
7391.11,-107.239
7391.60,-107.186
7392.09,-107.241
7392.58,-107.142
7393.07,-107.280
7393.55,-107.203
7394.04,-107.143
7394.53,-107.213
7395.02,-107.232
7395.51,-107.194
7396.00,-107.231
7396.48,-107.204
7396.97,-107.247
7397.46,-107.165
7397.95,-107.276
7398.44,-107.198
7398.93,-107.231
7399.41,-107.198
7399.90,-107.151
7400.39,-107.274
7400.88,-107.218
7401.37,-107.173
7401.86,-107.246
7402.34,-107.274
7402.83,-107.159
7403.32,-107.242
7403.81,-107.185
7404.30,-107.217
7404.79,-107.245
7405.27,-107.255
7405.76,-107.202
7406.25,-107.255
7406.74,-107.225
7407.23,-107.180
7407.71,-107.214
7408.20,-107.273
7408.69,-107.203
7409.18,-107.207
7409.67,-107.200
7410.16,-107.246
7410.64,-107.221
7411.13,-107.238
7411.62,-107.224
7412.11,-107.197
7412.60,-107.269
7413.09,-107.249
7413.57,-107.260
7414.06,-107.168
7414.55,-107.210
7415.04,-107.250
7415.53,-107.280
7416.02,-107.206
7416.50,-107.231
7416.99,-107.268
7417.48,-107.250
7417.97,-107.240
7418.46,-107.222
7418.95,-107.226
7419.43,-107.193
7419.92,-107.235
7420.41,-107.234
7420.90,-107.270
7421.39,-107.245
7421.88,-107.238
7422.36,-107.193
7422.85,-107.267
7423.34,-107.242
7423.83,-107.216
7424.32,-107.221
7424.80,-107.235
7425.29,-107.249
7425.78,-107.239
7426.27,-107.258
7426.76,-107.273
7427.25,-107.237
7427.73,-107.235
7428.22,-107.289
7428.71,-107.236
7429.20,-107.259
7429.69,-107.199
7430.18,-107.213
7430.66,-107.241
7431.15,-107.259
7431.64,-107.299
7432.13,-107.260
7432.62,-107.239
7433.11,-107.288
7433.59,-107.289
7434.08,-107.285
7434.57,-107.248
7435.06,-107.258
7435.55,-107.266
7436.04,-107.285
7436.52,-107.258
7437.01,-107.257
7437.50,-107.256
7437.99,-107.234
7438.48,-107.297
7438.96,-107.268
7439.45,-107.276
7439.94,-107.267
7440.43,-107.229
7440.92,-107.303
7441.41,-107.259
7441.89,-107.290
7442.38,-107.249
7442.87,-107.269
7443.36,-107.265
7443.85,-107.280
7444.34,-107.333
7444.82,-107.287
7445.31,-107.320
7445.80,-107.278
7446.29,-107.319
7446.78,-107.273
7447.27,-107.285
7447.75,-107.272
7448.24,-107.263
7448.73,-107.300
7449.22,-107.259
7449.71,-107.293
7450.20,-107.255
7450.68,-107.307
7451.17,-107.288
7451.66,-107.276
7452.15,-107.312
7452.64,-107.301
7453.12,-107.313
7453.61,-107.296
7454.10,-107.305
7454.59,-107.307
7455.08,-107.288
7455.57,-107.295
7456.05,-107.295
7456.54,-107.293
7457.03,-107.306
7457.52,-107.276
7458.01,-107.291
7458.50,-107.320
7458.98,-107.302
7459.47,-107.276
7459.96,-107.310
7460.45,-107.316
7460.94,-107.282
7461.43,-107.318
7461.91,-107.312
7462.40,-107.298
7462.89,-107.316
7463.38,-107.275
7463.87,-107.290
7464.36,-107.305
7464.84,-107.292
7465.33,-107.298
7465.82,-107.310
7466.31,-107.306
7466.80,-107.308
7467.29,-107.295
7467.77,-107.317
7468.26,-107.293
7468.75,-107.315
7469.24,-107.262
7469.73,-107.344
7470.21,-107.343
7470.70,-107.307
7471.19,-107.321
7471.68,-107.316
7472.17,-107.315
7472.66,-107.325
7473.14,-107.343
7473.63,-107.316
7474.12,-107.324
7474.61,-107.310
7475.10,-107.315
7475.59,-107.301
7476.07,-107.332
7476.56,-107.312
7477.05,-107.304
7477.54,-107.295
7478.03,-107.312
7478.52,-107.333
7479.00,-107.346
7479.49,-107.326
7479.98,-107.329
7480.47,-107.321
7480.96,-107.311
7481.45,-107.347
7481.93,-107.349
7482.42,-107.336
7482.91,-107.343
7483.40,-107.345
7483.89,-107.324
7484.38,-107.319
7484.86,-107.350
7485.35,-107.345
7485.84,-107.323
7486.33,-107.339
7486.82,-107.350
7487.30,-107.347
7487.79,-107.327
7488.28,-107.327
7488.77,-107.330
7489.26,-107.310
7489.75,-107.327
7490.23,-107.333
7490.72,-107.349
7491.21,-107.336
7491.70,-107.324
7492.19,-107.317
7492.68,-107.342
7493.16,-107.334
7493.65,-107.350
7494.14,-107.352
7494.63,-107.340
7495.12,-107.357
7495.61,-107.329
7496.09,-107.347
7496.58,-107.357
7497.07,-107.361
7497.56,-107.349
7498.05,-107.352
7498.54,-107.341
7499.02,-107.356
7499.51,-107.361
7500.00,-107.360
7500.49,-107.350
7500.98,-107.349
7501.46,-107.364
7501.95,-107.361
7502.44,-107.350
7502.93,-107.354
7503.42,-107.340
7503.91,-107.355
7504.39,-107.356
7504.88,-107.363
7505.37,-107.348
7505.86,-107.355
7506.35,-107.354
7506.84,-107.347
7507.32,-107.368
7507.81,-107.355
7508.30,-107.356
7508.79,-107.377
7509.28,-107.359
7509.77,-107.354
7510.25,-107.371
7510.74,-107.372
7511.23,-107.361
7511.72,-107.362
7512.21,-107.369
7512.70,-107.364
7513.18,-107.365
7513.67,-107.377
7514.16,-107.357
7514.65,-107.361
7515.14,-107.372
7515.62,-107.362
7516.11,-107.360
7516.60,-107.370
7517.09,-107.329
7517.58,-107.371
7518.07,-107.356
7518.55,-107.382
7519.04,-107.373
7519.53,-107.361
7520.02,-107.371
7520.51,-107.370
7521.00,-107.379
7521.48,-107.374
7521.97,-107.378
7522.46,-107.370
7522.95,-107.367
7523.44,-107.375
7523.93,-107.367
7524.41,-107.386
7524.90,-107.375
7525.39,-107.384
7525.88,-107.382
7526.37,-107.375
7526.86,-107.375
7527.34,-107.380
7527.83,-107.385
7528.32,-107.394
7528.81,-107.376
7529.30,-107.387
7529.79,-107.395
7530.27,-107.385
7530.76,-107.370
7531.25,-107.389
7531.74,-107.392
7532.23,-107.391
7532.71,-107.391
7533.20,-107.386
7533.69,-107.389
7534.18,-107.370
7534.67,-107.391
7535.16,-107.380
7535.64,-107.383
7536.13,-107.376
7536.62,-107.386
7537.11,-107.392
7537.60,-107.397
7538.09,-107.398
7538.57,-107.396
7539.06,-107.404
7539.55,-107.405
7540.04,-107.396
7540.53,-107.393
7541.02,-107.392
7541.50,-107.390
7541.99,-107.401
7542.48,-107.401
7542.97,-107.396
7543.46,-107.406
7543.95,-107.393
7544.43,-107.406
7544.92,-107.407
7545.41,-107.402
7545.90,-107.400
7546.39,-107.401
7546.88,-107.399
7547.36,-107.402
7547.85,-107.399
7548.34,-107.407
7548.83,-107.399
7549.32,-107.408
7549.80,-107.397
7550.29,-107.403
7550.78,-107.410
7551.27,-107.410
7551.76,-107.400
7552.25,-107.406
7552.73,-107.411
7553.22,-107.400
7553.71,-107.412
7554.20,-107.409
7554.69,-107.408
7555.18,-107.401
7555.66,-107.411
7556.15,-107.413
7556.64,-107.419
7557.13,-107.423
7557.62,-107.420
7558.11,-107.428
7558.59,-107.414
7559.08,-107.425
7559.57,-107.407
7560.06,-107.411
7560.55,-107.415
7561.04,-107.426
7561.52,-107.415
7562.01,-107.422
7562.50,-107.420
7562.99,-107.422
7563.48,-107.426
7563.96,-107.422
7564.45,-107.425
7564.94,-107.418
7565.43,-107.421
7565.92,-107.423
7566.41,-107.417
7566.89,-107.429
7567.38,-107.437
7567.87,-107.420
7568.36,-107.423
7568.85,-107.429
7569.34,-107.424
7569.82,-107.425
7570.31,-107.422
7570.80,-107.424
7571.29,-107.416
7571.78,-107.423
7572.27,-107.433
7572.75,-107.425
7573.24,-107.432
7573.73,-107.431
7574.22,-107.427
7574.71,-107.431
7575.20,-107.422
7575.68,-107.431
7576.17,-107.428
7576.66,-107.420
7577.15,-107.432
7577.64,-107.430
7578.12,-107.431
7578.61,-107.439
7579.10,-107.432
7579.59,-107.424
7580.08,-107.437
7580.57,-107.429
7581.05,-107.438
7581.54,-107.438
7582.03,-107.442
7582.52,-107.441
7583.01,-107.446
7583.50,-107.438
7583.98,-107.441
7584.47,-107.439
7584.96,-107.449
7585.45,-107.444
7585.94,-107.436
7586.43,-107.446
7586.91,-107.450
7587.40,-107.448
7587.89,-107.444
7588.38,-107.442
7588.87,-107.455
7589.36,-107.447
7589.84,-107.454
7590.33,-107.450
7590.82,-107.451
7591.31,-107.445
7591.80,-107.446
7592.29,-107.456
7592.77,-107.440
7593.26,-107.444
7593.75,-107.448
7594.24,-107.454
7594.73,-107.444
7595.21,-107.441
7595.70,-107.447
7596.19,-107.447
7596.68,-107.455
7597.17,-107.459
7597.66,-107.453
7598.14,-107.450
7598.63,-107.456
7599.12,-107.454
7599.61,-107.453
7600.10,-107.452
7600.59,-107.454
7601.07,-107.461
7601.56,-107.453
7602.05,-107.452
7602.54,-107.456
7603.03,-107.450
7603.52,-107.460
7604.00,-107.461
7604.49,-107.457
7604.98,-107.459
7605.47,-107.455
7605.96,-107.456
7606.45,-107.458
7606.93,-107.463
7607.42,-107.464
7607.91,-107.451
7608.40,-107.465
7608.89,-107.465
7609.38,-107.467
7609.86,-107.468
7610.35,-107.461
7610.84,-107.461
7611.33,-107.468
7611.82,-107.470
7612.30,-107.465
7612.79,-107.465
7613.28,-107.471
7613.77,-107.472
7614.26,-107.463
7614.75,-107.469
7615.23,-107.469
7615.72,-107.468
7616.21,-107.471
7616.70,-107.466
7617.19,-107.468
7617.68,-107.468
7618.16,-107.479
7618.65,-107.468
7619.14,-107.472
7619.63,-107.465
7620.12,-107.471
7620.61,-107.473
7621.09,-107.471
7621.58,-107.470
7622.07,-107.478
7622.56,-107.473
7623.05,-107.473
7623.54,-107.475
7624.02,-107.476
7624.51,-107.479
7625.00,-107.479
7625.49,-107.478
7625.98,-107.473
7626.46,-107.479
7626.95,-107.485
7627.44,-107.477
7627.93,-107.481
7628.42,-107.477
7628.91,-107.482
7629.39,-107.483
7629.88,-107.478
7630.37,-107.482
7630.86,-107.478
7631.35,-107.481
7631.84,-107.481
7632.32,-107.488
7632.81,-107.482
7633.30,-107.485
7633.79,-107.486
7634.28,-107.478
7634.77,-107.484
7635.25,-107.484
7635.74,-107.483
7636.23,-107.489
7636.72,-107.485
7637.21,-107.483
7637.70,-107.485
7638.18,-107.494
7638.67,-107.492
7639.16,-107.488
7639.65,-107.487
7640.14,-107.488
7640.62,-107.484
7641.11,-107.492
7641.60,-107.487
7642.09,-107.491
7642.58,-107.493
7643.07,-107.490
7643.55,-107.485
7644.04,-107.492
7644.53,-107.496
7645.02,-107.493
7645.51,-107.493
7646.00,-107.493
7646.48,-107.490
7646.97,-107.498
7647.46,-107.494
7647.95,-107.501
7648.44,-107.500
7648.93,-107.494
7649.41,-107.499
7649.90,-107.498
7650.39,-107.502
7650.88,-107.500
7651.37,-107.503
7651.86,-107.502
7652.34,-107.503
7652.83,-107.503
7653.32,-107.497
7653.81,-107.506
7654.30,-107.494
7654.79,-107.509
7655.27,-107.500
7655.76,-107.500
7656.25,-107.496
7656.74,-107.504
7657.23,-107.501
7657.71,-107.512
7658.20,-107.499
7658.69,-107.508
7659.18,-107.511
7659.67,-107.504
7660.16,-107.504
7660.64,-107.504
7661.13,-107.504
7661.62,-107.505
7662.11,-107.510
7662.60,-107.506
7663.09,-107.508
7663.57,-107.508
7664.06,-107.509
7664.55,-107.509
7665.04,-107.513
7665.53,-107.510
7666.02,-107.511
7666.50,-107.515
7666.99,-107.507
7667.48,-107.511
7667.97,-107.508
7668.46,-107.505
7668.95,-107.513
7669.43,-107.513
7669.92,-107.505
7670.41,-107.511
7670.90,-107.515
7671.39,-107.508
7671.88,-107.511
7672.36,-107.512
7672.85,-107.513
7673.34,-107.520
7673.83,-107.518
7674.32,-107.515
7674.80,-107.517
7675.29,-107.511
7675.78,-107.517
7676.27,-107.517
7676.76,-107.522
7677.25,-107.524
7677.73,-107.516
7678.22,-107.521
7678.71,-107.519
7679.20,-107.521
7679.69,-107.522
7680.18,-107.517
7680.66,-107.520
7681.15,-107.516
7681.64,-107.516
7682.13,-107.520
7682.62,-107.521
7683.11,-107.524
7683.59,-107.522
7684.08,-107.523
7684.57,-107.524
7685.06,-107.524
7685.55,-107.524
7686.04,-107.523
7686.52,-107.523
7687.01,-107.522
7687.50,-107.526
7687.99,-107.525
7688.48,-107.526
7688.96,-107.524
7689.45,-107.528
7689.94,-107.528
7690.43,-107.529
7690.92,-107.524
7691.41,-107.527
7691.89,-107.528
7692.38,-107.524
7692.87,-107.526
7693.36,-107.529
7693.85,-107.529
7694.34,-107.531
7694.82,-107.531
7695.31,-107.529
7695.80,-107.526
7696.29,-107.530
7696.78,-107.536
7697.27,-107.531
7697.75,-107.536
7698.24,-107.536
7698.73,-107.534
7699.22,-107.533
7699.71,-107.529
7700.20,-107.530
7700.68,-107.531
7701.17,-107.537
7701.66,-107.535
7702.15,-107.536
7702.64,-107.535
7703.12,-107.537
7703.61,-107.539
7704.10,-107.540
7704.59,-107.537
7705.08,-107.538
7705.57,-107.534
7706.05,-107.536
7706.54,-107.538
7707.03,-107.539
7707.52,-107.537
7708.01,-107.539
7708.50,-107.541
7708.98,-107.539
7709.47,-107.542
7709.96,-107.539
7710.45,-107.538
7710.94,-107.540
7711.43,-107.542
7711.91,-107.545
7712.40,-107.541
7712.89,-107.541
7713.38,-107.541
7713.87,-107.543
7714.36,-107.544
7714.84,-107.542
7715.33,-107.548
7715.82,-107.548
7716.31,-107.548
7716.80,-107.545
7717.29,-107.548
7717.77,-107.545
7718.26,-107.546
7718.75,-107.547
7719.24,-107.544
7719.73,-107.546
7720.21,-107.546
7720.70,-107.545
7721.19,-107.544
7721.68,-107.548
7722.17,-107.548
7722.66,-107.546
7723.14,-107.547
7723.63,-107.549
7724.12,-107.548
7724.61,-107.549
7725.10,-107.549
7725.59,-107.549
7726.07,-107.552
7726.56,-107.551
7727.05,-107.550
7727.54,-107.549
7728.03,-107.554
7728.52,-107.552
7729.00,-107.555
7729.49,-107.552
7729.98,-107.552
7730.47,-107.554
7730.96,-107.550
7731.45,-107.553
7731.93,-107.554
7732.42,-107.555
7732.91,-107.555
7733.40,-107.560
7733.89,-107.556
7734.38,-107.548
7734.86,-107.557
7735.35,-107.555
7735.84,-107.557
7736.33,-107.557
7736.82,-107.559
7737.30,-107.554
7737.79,-107.557
7738.28,-107.558
7738.77,-107.558
7739.26,-107.560
7739.75,-107.558
7740.23,-107.559
7740.72,-107.559
7741.21,-107.560
7741.70,-107.557
7742.19,-107.561
7742.68,-107.559
7743.16,-107.563
7743.65,-107.564
7744.14,-107.560
7744.63,-107.561
7745.12,-107.562
7745.61,-107.562
7746.09,-107.563
7746.58,-107.565
7747.07,-107.562
7747.56,-107.564
7748.05,-107.565
7748.54,-107.564
7749.02,-107.565
7749.51,-107.563
7750.00,-107.564
7750.49,-107.563
7750.98,-107.567
7751.46,-107.566
7751.95,-107.565
7752.44,-107.566
7752.93,-107.565
7753.42,-107.566
7753.91,-107.567
7754.39,-107.568
7754.88,-107.567
7755.37,-107.571
7755.86,-107.567
7756.35,-107.569
7756.84,-107.569
7757.32,-107.569
7757.81,-107.568
7758.30,-107.569
7758.79,-107.570
7759.28,-107.569
7759.77,-107.569
7760.25,-107.570
7760.74,-107.570
7761.23,-107.571
7761.72,-107.571
7762.21,-107.572
7762.70,-107.570
7763.18,-107.572
7763.67,-107.573
7764.16,-107.573
7764.65,-107.573
7765.14,-107.573
7765.62,-107.572
7766.11,-107.571
7766.60,-107.573
7767.09,-107.573
7767.58,-107.574
7768.07,-107.575
7768.55,-107.575
7769.04,-107.574
7769.53,-107.573
7770.02,-107.575
7770.51,-107.573
7771.00,-107.576
7771.48,-107.576
7771.97,-107.576
7772.46,-107.575
7772.95,-107.576
7773.44,-107.577
7773.93,-107.576
7774.41,-107.577
7774.90,-107.578
7775.39,-107.578
7775.88,-107.578
7776.37,-107.580
7776.86,-107.578
7777.34,-107.579
7777.83,-107.580
7778.32,-107.579
7778.81,-107.580
7779.30,-107.580
7779.79,-107.579
7780.27,-107.580
7780.76,-107.580
7781.25,-107.580
7781.74,-107.581
7782.23,-107.581
7782.71,-107.581
7783.20,-107.581
7783.69,-107.581
7784.18,-107.583
7784.67,-107.582
7785.16,-107.583
7785.64,-107.583
7786.13,-107.583
7786.62,-107.582
7787.11,-107.583
7787.60,-107.585
7788.09,-107.583
7788.57,-107.584
7789.06,-107.584
7789.55,-107.585
7790.04,-107.585
7790.53,-107.585
7791.02,-107.586
7791.50,-107.585
7791.99,-107.585
7792.48,-107.586
7792.97,-107.587
7793.46,-107.587
7793.95,-107.586
7794.43,-107.586
7794.92,-107.587
7795.41,-107.587
7795.90,-107.587
7796.39,-107.588
7796.88,-107.588
7797.36,-107.588
7797.85,-107.588
7798.34,-107.588
7798.83,-107.589
7799.32,-107.589
7799.80,-107.589
7800.29,-107.589
7800.78,-107.590
7801.27,-107.589
7801.76,-107.592
7802.25,-107.589
7802.73,-107.590
7803.22,-107.590
7803.71,-107.591
7804.20,-107.590
7804.69,-107.592
7805.18,-107.592
7805.66,-107.592
7806.15,-107.591
7806.64,-107.592
7807.13,-107.592
7807.62,-107.593
7808.11,-107.593
7808.59,-107.593
7809.08,-107.592
7809.57,-107.594
7810.06,-107.593
7810.55,-107.594
7811.04,-107.594
7811.52,-107.594
7812.01,-107.594
7812.50,-107.595
7812.99,-107.594
7813.48,-107.594
7813.96,-107.596
7814.45,-107.595
7814.94,-107.595
7815.43,-107.596
7815.92,-107.596
7816.41,-107.596
7816.89,-107.596
7817.38,-107.597
7817.87,-107.597
7818.36,-107.597
7818.85,-107.597
7819.34,-107.598
7819.82,-107.597
7820.31,-107.598
7820.80,-107.598
7821.29,-107.597
7821.78,-107.598
7822.27,-107.599
7822.75,-107.599
7823.24,-107.599
7823.73,-107.599
7824.22,-107.599
7824.71,-107.598
7825.20,-107.601
7825.68,-107.600
7826.17,-107.600
7826.66,-107.599
7827.15,-107.601
7827.64,-107.601
7828.12,-107.601
7828.61,-107.602
7829.10,-107.601
7829.59,-107.601
7830.08,-107.601
7830.57,-107.601
7831.05,-107.603
7831.54,-107.602
7832.03,-107.602
7832.52,-107.603
7833.01,-107.603
7833.50,-107.603
7833.98,-107.603
7834.47,-107.604
7834.96,-107.603
7835.45,-107.604
7835.94,-107.604
7836.43,-107.604
7836.91,-107.604
7837.40,-107.605
7837.89,-107.604
7838.38,-107.604
7838.87,-107.605
7839.36,-107.605
7839.84,-107.605
7840.33,-107.606
7840.82,-107.606
7841.31,-107.606
7841.80,-107.606
7842.29,-107.606
7842.77,-107.606
7843.26,-107.607
7843.75,-107.606
7844.24,-107.607
7844.73,-107.607
7845.21,-107.607
7845.70,-107.607
7846.19,-107.608
7846.68,-107.608
7847.17,-107.607
7847.66,-107.608
7848.14,-107.608
7848.63,-107.608
7849.12,-107.609
7849.61,-107.609
7850.10,-107.609
7850.59,-107.609
7851.07,-107.609
7851.56,-107.609
7852.05,-107.609
7852.54,-107.609
7853.03,-107.609
7853.52,-107.610
7854.00,-107.610
7854.49,-107.610
7854.98,-107.610
7855.47,-107.610
7855.96,-107.611
7856.45,-107.611
7856.93,-107.610
7857.42,-107.611
7857.91,-107.610
7858.40,-107.611
7858.89,-107.611
7859.38,-107.611
7859.86,-107.612
7860.35,-107.611
7860.84,-107.612
7861.33,-107.612
7861.82,-107.612
7862.30,-107.612
7862.79,-107.613
7863.28,-107.613
7863.77,-107.613
7864.26,-107.613
7864.75,-107.613
7865.23,-107.613
7865.72,-107.614
7866.21,-107.613
7866.70,-107.613
7867.19,-107.613
7867.68,-107.614
7868.16,-107.614
7868.65,-107.614
7869.14,-107.615
7869.63,-107.614
7870.12,-107.615
7870.61,-107.615
7871.09,-107.615
7871.58,-107.615
7872.07,-107.615
7872.56,-107.615
7873.05,-107.616
7873.54,-107.615
7874.02,-107.616
7874.51,-107.616
7875.00,-107.616
7875.49,-107.616
7875.98,-107.616
7876.46,-107.616
7876.95,-107.617
7877.44,-107.617
7877.93,-107.617
7878.42,-107.617
7878.91,-107.617
7879.39,-107.617
7879.88,-107.617
7880.37,-107.617
7880.86,-107.618
7881.35,-107.618
7881.84,-107.618
7882.32,-107.618
7882.81,-107.618
7883.30,-107.619
7883.79,-107.618
7884.28,-107.618
7884.77,-107.619
7885.25,-107.618
7885.74,-107.619
7886.23,-107.619
7886.72,-107.619
7887.21,-107.619
7887.70,-107.619
7888.18,-107.620
7888.67,-107.620
7889.16,-107.620
7889.65,-107.620
7890.14,-107.620
7890.62,-107.620
7891.11,-107.620
7891.60,-107.620
7892.09,-107.620
7892.58,-107.621
7893.07,-107.620
7893.55,-107.621
7894.04,-107.621
7894.53,-107.621
7895.02,-107.621
7895.51,-107.621
7896.00,-107.621
7896.48,-107.621
7896.97,-107.621
7897.46,-107.622
7897.95,-107.622
7898.44,-107.622
7898.93,-107.622
7899.41,-107.622
7899.90,-107.622
7900.39,-107.622
7900.88,-107.622
7901.37,-107.622
7901.86,-107.623
7902.34,-107.623
7902.83,-107.623
7903.32,-107.623
7903.81,-107.623
7904.30,-107.623
7904.79,-107.623
7905.27,-107.624
7905.76,-107.623
7906.25,-107.624
7906.74,-107.624
7907.23,-107.624
7907.71,-107.624
7908.20,-107.624
7908.69,-107.624
7909.18,-107.624
7909.67,-107.624
7910.16,-107.624
7910.64,-107.624
7911.13,-107.625
7911.62,-107.625
7912.11,-107.625
7912.60,-107.625
7913.09,-107.625
7913.57,-107.625
7914.06,-107.625
7914.55,-107.625
7915.04,-107.625
7915.53,-107.625
7916.02,-107.625
7916.50,-107.626
7916.99,-107.626
7917.48,-107.626
7917.97,-107.626
7918.46,-107.626
7918.95,-107.626
7919.43,-107.626
7919.92,-107.626
7920.41,-107.626
7920.90,-107.626
7921.39,-107.626
7921.88,-107.627
7922.36,-107.626
7922.85,-107.627
7923.34,-107.627
7923.83,-107.627
7924.32,-107.627
7924.80,-107.627
7925.29,-107.627
7925.78,-107.627
7926.27,-107.627
7926.76,-107.627
7927.25,-107.627
7927.73,-107.628
7928.22,-107.628
7928.71,-107.627
7929.20,-107.628
7929.69,-107.628
7930.18,-107.628
7930.66,-107.628
7931.15,-107.628
7931.64,-107.628
7932.13,-107.628
7932.62,-107.628
7933.11,-107.628
7933.59,-107.628
7934.08,-107.628
7934.57,-107.628
7935.06,-107.628
7935.55,-107.629
7936.04,-107.629
7936.52,-107.629
7937.01,-107.629
7937.50,-107.629
7937.99,-107.629
7938.48,-107.629
7938.96,-107.629
7939.45,-107.629
7939.94,-107.629
7940.43,-107.629
7940.92,-107.629
7941.41,-107.629
7941.89,-107.629
7942.38,-107.629
7942.87,-107.629
7943.36,-107.629
7943.85,-107.630
7944.34,-107.630
7944.82,-107.630
7945.31,-107.630
7945.80,-107.630
7946.29,-107.630
7946.78,-107.630
7947.27,-107.630
7947.75,-107.630
7948.24,-107.630
7948.73,-107.630
7949.22,-107.630
7949.71,-107.630
7950.20,-107.630
7950.68,-107.630
7951.17,-107.631
7951.66,-107.630
7952.15,-107.631
7952.64,-107.631
7953.12,-107.631
7953.61,-107.631
7954.10,-107.631
7954.59,-107.631
7955.08,-107.631
7955.57,-107.631
7956.05,-107.631
7956.54,-107.631
7957.03,-107.631
7957.52,-107.631
7958.01,-107.631
7958.50,-107.631
7958.98,-107.631
7959.47,-107.631
7959.96,-107.631
7960.45,-107.631
7960.94,-107.631
7961.43,-107.632
7961.91,-107.632
7962.40,-107.632
7962.89,-107.632
7963.38,-107.631
7963.87,-107.632
7964.36,-107.632
7964.84,-107.632
7965.33,-107.632
7965.82,-107.632
7966.31,-107.632
7966.80,-107.632
7967.29,-107.632
7967.77,-107.632
7968.26,-107.632
7968.75,-107.632
7969.24,-107.632
7969.73,-107.632
7970.21,-107.632
7970.70,-107.632
7971.19,-107.632
7971.68,-107.632
7972.17,-107.632
7972.66,-107.632
7973.14,-107.632
7973.63,-107.632
7974.12,-107.632
7974.61,-107.632
7975.10,-107.632
7975.59,-107.632
7976.07,-107.633
7976.56,-107.632
7977.05,-107.632
7977.54,-107.633
7978.03,-107.633
7978.52,-107.633
7979.00,-107.633
7979.49,-107.633
7979.98,-107.633
7980.47,-107.633
7980.96,-107.633
7981.45,-107.633
7981.93,-107.633
7982.42,-107.633
7982.91,-107.633
7983.40,-107.633
7983.89,-107.633
7984.38,-107.633
7984.86,-107.633
7985.35,-107.633
7985.84,-107.633
7986.33,-107.633
7986.82,-107.633
7987.30,-107.633
7987.79,-107.633
7988.28,-107.633
7988.77,-107.633
7989.26,-107.633
7989.75,-107.633
7990.23,-107.633
7990.72,-107.633
7991.21,-107.633
7991.70,-107.633
7992.19,-107.633
7992.68,-107.633
7993.16,-107.633
7993.65,-107.633
7994.14,-107.633
7994.63,-107.633
7995.12,-107.633
7995.61,-107.633
7996.09,-107.633
7996.58,-107.633
7997.07,-107.633
7997.56,-107.633
7998.05,-107.633
7998.54,-107.633
7999.02,-107.633
7999.51,-107.633
8000.00,-110.399
