Frequency (Hz),FFT Magnitude (dB)
0.00,-120.000
0.24,-98.524
0.49,-98.597
0.73,-98.695
0.98,-98.824
1.22,-98.231
1.46,-98.191
1.71,-98.190
1.95,-98.092
2.20,-97.323
2.44,-97.194
2.69,-97.196
2.93,-96.148
3.17,-95.974
3.42,-96.243
3.66,-96.086
3.91,-95.393
4.15,-95.063
4.39,-96.512
4.64,-96.035
4.88,-95.242
5.13,-93.999
5.37,-92.065
5.62,-93.333
5.86,-92.713
6.10,-89.368
6.35,-93.525
6.59,-92.727
6.84,-94.450
7.08,-93.297
7.32,-95.168
7.57,-94.808
7.81,-93.916
8.06,-95.516
8.30,-94.513
8.54,-92.834
8.79,-90.595
9.03,-91.145
9.28,-90.587
9.52,-92.508
9.77,-90.954
10.01,-87.351
10.25,-86.531
10.50,-85.858
10.74,-84.675
10.99,-86.239
11.23,-87.070
11.47,-88.953
11.72,-88.286
11.96,-86.247
12.21,-90.908
12.45,-89.374
12.70,-89.573
12.94,-82.472
13.18,-86.424
13.43,-84.351
13.67,-83.161
13.92,-86.512
14.16,-86.218
14.40,-85.998
14.65,-85.550
14.89,-82.681
15.14,-80.025
15.38,-85.631
15.62,-85.607
15.87,-75.662
16.11,-85.522
16.36,-86.465
16.60,-87.551
16.85,-89.494
17.09,-87.350
17.33,-89.236
17.58,-86.597
17.82,-87.386
18.07,-85.906
18.31,-83.958
18.55,-85.625
18.80,-82.650
19.04,-85.379
19.29,-84.742
19.53,-83.936
19.78,-82.874
20.02,-86.377
20.26,-86.120
20.51,-81.403
20.75,-86.782
21.00,-85.487
21.24,-87.298
21.48,-85.761
21.73,-89.819
21.97,-84.235
22.22,-86.626
22.46,-86.378
22.71,-85.001
22.95,-85.636
23.19,-88.514
23.44,-87.626
23.68,-86.028
23.93,-86.528
24.17,-84.298
24.41,-84.524
24.66,-82.369
24.90,-83.385
25.15,-81.830
25.39,-81.227
25.63,-82.917
25.88,-80.307
26.12,-78.789
26.37,-77.168
26.61,-79.340
26.86,-76.957
27.10,-76.459
27.34,-78.163
27.59,-79.143
27.83,-79.107
28.08,-75.945
28.32,-75.751
28.56,-67.542
28.81,-63.963
29.05,-73.569
29.30,-73.160
29.54,-63.557
29.79,-65.228
30.03,-73.483
30.27,-75.663
30.52,-74.393
30.76,-75.053
31.01,-77.135
31.25,-76.663
31.49,-75.445
31.74,-65.321
31.98,-73.523
32.23,-78.119
32.47,-72.640
32.71,-75.418
32.96,-74.122
33.20,-76.219
33.45,-73.302
33.69,-72.072
33.94,-72.574
34.18,-72.464
34.42,-68.734
34.67,-63.753
34.91,-71.421
35.16,-72.179
35.40,-74.077
35.64,-74.456
35.89,-72.879
36.13,-76.557
36.38,-79.287
36.62,-78.577
36.87,-76.756
37.11,-77.168
37.35,-80.581
37.60,-77.678
37.84,-78.274
38.09,-78.628
38.33,-79.535
38.57,-80.389
38.82,-80.192
39.06,-79.090
39.31,-73.930
39.55,-78.889
39.79,-76.030
40.04,-76.476
40.28,-79.287
40.53,-75.510
40.77,-69.735
41.02,-67.502
41.26,-69.475
41.50,-70.387
41.75,-75.832
41.99,-76.935
42.24,-74.911
42.48,-77.619
42.72,-72.705
42.97,-75.032
43.21,-75.643
43.46,-74.200
43.70,-77.712
43.95,-72.897
44.19,-78.330
44.43,-78.901
44.68,-76.046
44.92,-77.887
45.17,-75.641
45.41,-75.654
45.65,-74.512
45.90,-69.018
46.14,-68.782
46.39,-69.528
46.63,-68.557
46.88,-71.677
47.12,-74.939
47.36,-77.048
47.61,-72.490
47.85,-72.233
48.10,-74.797
48.34,-73.359
48.58,-70.712
48.83,-67.703
49.07,-69.025
49.32,-73.559
49.56,-74.840
49.80,-74.304
50.05,-76.815
50.29,-78.552
50.54,-76.700
50.78,-77.724
51.03,-79.573
51.27,-77.634
51.51,-77.539
51.76,-76.386
52.00,-76.526
52.25,-78.125
52.49,-77.111
52.73,-76.416
52.98,-77.947
53.22,-78.284
53.47,-81.626
53.71,-77.400
53.96,-76.323
54.20,-76.246
54.44,-80.889
54.69,-78.832
54.93,-77.858
55.18,-76.490
55.42,-76.298
55.66,-76.465
55.91,-78.404
56.15,-78.577
56.40,-80.341
56.64,-78.817
56.88,-78.295
57.13,-77.467
57.37,-78.015
57.62,-75.260
57.86,-73.394
58.11,-75.012
58.35,-75.119
58.59,-69.358
58.84,-74.263
59.08,-71.327
59.33,-69.916
59.57,-78.064
59.81,-77.646
60.06,-79.523
60.30,-80.621
60.55,-78.953
60.79,-78.601
61.04,-78.697
61.28,-75.119
61.52,-75.753
61.77,-79.234
62.01,-78.243
62.26,-79.038
62.50,-79.935
62.74,-78.774
62.99,-80.357
63.23,-77.369
63.48,-70.910
63.72,-70.931
63.96,-76.956
64.21,-78.540
64.45,-78.103
64.70,-77.394
64.94,-75.720
65.19,-77.481
65.43,-76.970
65.67,-78.279
65.92,-77.320
66.16,-78.267
66.41,-76.893
66.65,-75.284
66.89,-75.568
67.14,-75.922
67.38,-77.307
67.63,-76.162
67.87,-78.033
68.12,-74.874
68.36,-73.867
68.60,-74.021
68.85,-74.659
69.09,-72.064
69.34,-76.351
69.58,-75.961
69.82,-74.571
70.07,-74.380
70.31,-75.851
70.56,-77.964
70.80,-77.941
71.04,-78.622
71.29,-76.281
71.53,-78.648
71.78,-77.260
72.02,-79.489
72.27,-77.715
72.51,-78.931
72.75,-77.956
73.00,-80.011
73.24,-81.909
73.49,-83.351
73.73,-80.756
73.97,-79.585
74.22,-80.656
74.46,-80.110
74.71,-80.204
74.95,-81.812
75.20,-81.544
75.44,-82.655
75.68,-81.522
75.93,-83.316
76.17,-81.521
76.42,-81.133
76.66,-83.146
76.90,-82.143
77.15,-80.475
77.39,-80.332
77.64,-81.067
77.88,-77.914
78.12,-79.238
78.37,-80.676
78.61,-77.801
78.86,-77.646
79.10,-76.625
79.35,-77.142
79.59,-76.914
79.83,-74.254
80.08,-78.451
80.32,-75.504
80.57,-78.848
80.81,-74.834
81.05,-76.855
81.30,-78.415
81.54,-78.561
81.79,-79.030
82.03,-79.252
82.28,-77.706
82.52,-76.221
82.76,-77.060
83.01,-77.271
83.25,-77.864
83.50,-78.667
83.74,-76.961
83.98,-79.795
84.23,-78.680
84.47,-77.336
84.72,-80.157
84.96,-81.322
85.21,-79.292
85.45,-79.808
85.69,-82.115
85.94,-82.903
86.18,-78.789
86.43,-79.669
86.67,-79.232
86.91,-77.414
87.16,-75.813
87.40,-79.048
87.65,-80.573
87.89,-78.269
88.13,-80.297
88.38,-78.306
88.62,-75.351
88.87,-69.985
89.11,-73.630
89.36,-78.173
89.60,-79.383
89.84,-76.115
90.09,-76.709
90.33,-77.131
90.58,-74.908
90.82,-77.766
91.06,-77.915
91.31,-77.790
91.55,-76.483
91.80,-79.042
92.04,-76.234
92.29,-78.652
92.53,-75.827
92.77,-77.059
93.02,-75.679
93.26,-73.523
93.51,-68.805
93.75,-69.675
93.99,-76.340
94.24,-77.364
94.48,-79.018
94.73,-77.751
94.97,-78.757
95.21,-80.266
95.46,-78.804
95.70,-78.090
95.95,-78.193
96.19,-79.646
96.44,-80.088
96.68,-80.035
96.92,-80.572
97.17,-79.739
97.41,-78.070
97.66,-79.143
97.90,-80.338
98.14,-77.933
98.39,-78.128
98.63,-77.979
98.88,-77.459
99.12,-78.594
99.37,-79.438
99.61,-79.007
99.85,-80.339
100.10,-80.218
100.34,-78.435
100.59,-80.487
100.83,-77.609
101.07,-78.839
101.32,-78.057
101.56,-76.991
101.81,-76.376
102.05,-77.015
102.29,-78.624
102.54,-76.836
102.78,-75.078
103.03,-74.494
103.27,-76.320
103.52,-77.886
103.76,-73.235
104.00,-75.414
104.25,-76.945
104.49,-73.818
104.74,-72.040
104.98,-73.563
105.22,-75.342
105.47,-74.642
105.71,-74.368
105.96,-73.211
106.20,-74.119
106.45,-70.709
106.69,-73.881
106.93,-74.205
107.18,-75.793
107.42,-73.374
107.67,-75.859
107.91,-72.310
108.15,-75.014
108.40,-74.040
108.64,-78.427
108.89,-75.661
109.13,-77.192
109.38,-73.811
109.62,-72.716
109.86,-73.583
110.11,-74.088
110.35,-71.993
110.60,-73.739
110.84,-74.431
111.08,-73.894
111.33,-73.894
111.57,-72.038
111.82,-73.569
112.06,-71.895
112.30,-74.051
112.55,-73.222
112.79,-70.314
113.04,-66.202
113.28,-72.234
113.53,-70.945
113.77,-72.047
114.01,-71.589
114.26,-73.964
114.50,-72.276
114.75,-73.028
114.99,-72.084
115.23,-72.966
115.48,-72.099
115.72,-72.761
115.97,-73.445
116.21,-75.204
116.46,-73.601
116.70,-71.499
116.94,-71.884
117.19,-72.649
117.43,-72.325
117.68,-71.803
117.92,-70.546
118.16,-70.784
118.41,-68.609
118.65,-65.991
118.90,-66.346
119.14,-66.750
119.38,-63.868
119.63,-60.034
119.87,-52.155
120.12,-45.564
120.36,-58.061
120.61,-62.933
120.85,-65.352
121.09,-68.348
121.34,-69.518
121.58,-69.398
121.83,-70.665
122.07,-70.295
122.31,-62.637
122.56,-73.116
122.80,-72.326
123.05,-73.722
123.29,-66.563
123.54,-74.203
123.78,-74.394
124.02,-77.063
124.27,-74.718
124.51,-76.770
124.76,-77.596
125.00,-74.808
125.24,-76.116
125.49,-76.175
125.73,-74.878
125.98,-75.019
126.22,-77.771
126.46,-74.693
126.71,-75.251
126.95,-73.621
127.20,-75.651
127.44,-74.826
127.69,-72.929
127.93,-63.213
128.17,-72.015
128.42,-73.605
128.66,-73.000
128.91,-72.652
129.15,-75.194
129.39,-73.192
129.64,-70.565
129.88,-71.793
130.13,-72.032
130.37,-72.012
130.62,-71.904
130.86,-70.251
131.10,-71.596
131.35,-70.500
131.59,-68.817
131.84,-66.420
132.08,-66.099
132.32,-63.400
132.57,-58.949
132.81,-49.197
133.06,-49.206
133.30,-58.418
133.54,-55.361
133.79,-61.364
134.03,-66.854
134.28,-68.921
134.52,-69.556
134.77,-70.039
135.01,-72.639
135.25,-72.441
135.50,-72.165
135.74,-72.883
135.99,-75.577
136.23,-72.316
136.47,-73.595
136.72,-74.199
136.96,-72.371
137.21,-73.396
137.45,-74.387
137.70,-73.971
137.94,-73.440
138.18,-76.444
138.43,-72.751
138.67,-74.665
138.92,-73.494
139.16,-73.779
139.40,-73.293
139.65,-74.412
139.89,-73.861
140.14,-73.430
140.38,-73.461
140.62,-72.396
140.87,-71.492
141.11,-73.753
141.36,-72.985
141.60,-75.047
141.85,-71.913
142.09,-72.433
142.33,-74.292
142.58,-74.597
142.82,-72.153
143.07,-76.303
143.31,-74.173
143.55,-73.790
143.80,-74.336
144.04,-74.726
144.29,-72.983
144.53,-69.203
144.78,-72.707
145.02,-74.549
145.26,-74.051
145.51,-74.432
145.75,-71.559
146.00,-73.142
146.24,-74.551
146.48,-70.901
146.73,-73.566
146.97,-73.020
147.22,-73.399
147.46,-74.054
147.71,-73.351
147.95,-70.899
148.19,-69.671
148.44,-63.220
148.68,-65.953
148.93,-69.968
149.17,-67.488
149.41,-70.153
149.66,-73.534
149.90,-70.131
150.15,-66.830
150.39,-66.330
150.63,-67.010
150.88,-67.654
151.12,-69.770
151.37,-72.292
151.61,-69.474
151.86,-71.357
152.10,-70.410
152.34,-69.768
152.59,-69.771
152.83,-70.108
153.08,-69.375
153.32,-70.089
153.56,-67.739
153.81,-69.926
154.05,-70.863
154.30,-75.008
154.54,-70.992
154.79,-70.537
155.03,-71.672
155.27,-72.357
155.52,-71.914
155.76,-72.303
156.01,-72.514
156.25,-74.936
156.49,-76.869
156.74,-73.667
156.98,-73.364
157.23,-74.472
157.47,-74.447
157.71,-74.306
157.96,-72.127
158.20,-71.262
158.45,-75.681
158.69,-71.021
158.94,-71.427
159.18,-70.693
159.42,-62.280
159.67,-65.922
159.91,-71.597
160.16,-72.047
160.40,-75.244
160.64,-72.905
160.89,-71.686
161.13,-73.905
161.38,-75.291
161.62,-72.349
161.87,-73.112
162.11,-74.723
162.35,-76.148
162.60,-73.826
162.84,-72.629
163.09,-73.315
163.33,-73.047
163.57,-73.453
163.82,-74.535
164.06,-72.689
164.31,-74.142
164.55,-75.328
164.79,-74.262
165.04,-73.016
165.28,-72.672
165.53,-72.332
165.77,-73.156
166.02,-73.324
166.26,-75.331
166.50,-71.694
166.75,-74.873
166.99,-76.137
167.24,-72.802
167.48,-73.436
167.72,-74.131
167.97,-73.525
168.21,-73.866
168.46,-71.857
168.70,-74.365
168.95,-74.786
169.19,-73.705
169.43,-75.664
169.68,-75.137
169.92,-73.656
170.17,-77.447
170.41,-74.881
170.65,-76.582
170.90,-75.959
171.14,-73.357
171.39,-76.406
171.63,-75.671
171.88,-76.186
172.12,-74.297
172.36,-73.767
172.61,-74.519
172.85,-73.823
173.10,-71.921
173.34,-75.071
173.58,-76.662
173.83,-78.621
174.07,-77.891
174.32,-75.556
174.56,-79.191
174.80,-76.970
175.05,-76.012
175.29,-77.366
175.54,-77.881
175.78,-77.593
176.03,-78.589
176.27,-77.569
176.51,-79.689
176.76,-76.636
177.00,-76.309
177.25,-77.655
177.49,-77.000
177.73,-74.593
177.98,-76.774
178.22,-76.072
178.47,-77.042
178.71,-77.930
178.96,-76.037
179.20,-76.991
179.44,-78.108
179.69,-79.213
179.93,-80.793
180.18,-77.837
180.42,-77.199
180.66,-77.925
180.91,-77.333
181.15,-79.464
181.40,-76.465
181.64,-76.990
181.88,-76.088
182.13,-77.030
182.37,-77.554
182.62,-79.128
182.86,-81.380
183.11,-80.811
183.35,-76.295
183.59,-77.934
183.84,-77.786
184.08,-77.552
184.33,-77.801
184.57,-76.240
184.81,-76.638
185.06,-75.086
185.30,-73.146
185.55,-74.666
185.79,-78.188
186.04,-74.215
186.28,-77.698
186.52,-76.053
186.77,-76.088
187.01,-75.527
187.26,-73.648
187.50,-74.793
187.74,-73.907
187.99,-75.740
188.23,-74.795
188.48,-75.325
188.72,-75.657
188.96,-73.482
189.21,-76.121
189.45,-73.683
189.70,-74.450
189.94,-75.556
190.19,-74.828
190.43,-75.276
190.67,-76.301
190.92,-76.147
191.16,-77.195
191.41,-76.028
191.65,-76.226
191.89,-78.308
192.14,-77.552
192.38,-78.678
192.63,-79.515
192.87,-79.163
193.12,-77.018
193.36,-78.215
193.60,-78.605
193.85,-78.129
194.09,-77.672
194.34,-78.093
194.58,-78.349
194.82,-80.080
195.07,-82.114
195.31,-81.524
195.56,-81.519
195.80,-80.936
196.04,-77.761
196.29,-81.031
196.53,-81.758
196.78,-79.200
197.02,-79.684
197.27,-80.107
197.51,-79.022
197.75,-78.899
198.00,-80.135
198.24,-79.922
198.49,-80.628
198.73,-81.877
198.97,-80.882
199.22,-79.155
199.46,-80.343
199.71,-76.332
199.95,-78.634
200.20,-81.033
200.44,-82.448
200.68,-83.053
200.93,-81.436
201.17,-79.301
201.42,-80.595
201.66,-81.418
201.90,-80.709
202.15,-82.341
202.39,-79.949
202.64,-82.186
202.88,-80.386
203.12,-78.666
203.37,-78.613
203.61,-82.211
203.86,-82.028
204.10,-79.795
204.35,-78.511
204.59,-79.083
204.83,-76.774
205.08,-78.260
205.32,-81.942
205.57,-80.523
205.81,-78.051
206.05,-80.763
206.30,-80.540
206.54,-79.918
206.79,-78.318
207.03,-79.821
207.28,-79.683
207.52,-76.811
207.76,-71.479
208.01,-63.704
208.25,-75.253
208.50,-76.950
208.74,-79.422
208.98,-80.589
209.23,-80.330
209.47,-78.376
209.72,-80.890
209.96,-80.134
210.21,-82.328
210.45,-80.784
210.69,-83.725
210.94,-77.843
211.18,-78.807
211.43,-81.802
211.67,-80.107
211.91,-80.161
212.16,-78.013
212.40,-79.879
212.65,-80.339
212.89,-79.654
213.13,-77.303
213.38,-75.036
213.62,-75.022
213.87,-75.787
214.11,-78.060
214.36,-77.944
214.60,-77.249
214.84,-79.607
215.09,-76.170
215.33,-77.992
215.58,-80.227
215.82,-79.273
216.06,-79.427
216.31,-82.677
216.55,-80.516
216.80,-80.906
217.04,-81.375
217.29,-82.768
217.53,-80.093
217.77,-81.348
218.02,-80.084
218.26,-80.449
218.51,-83.105
218.75,-81.617
218.99,-83.064
219.24,-83.053
219.48,-81.502
219.73,-81.610
219.97,-79.417
220.21,-82.598
220.46,-80.613
220.70,-81.768
220.95,-79.378
221.19,-80.515
221.44,-78.636
221.68,-79.483
221.92,-78.783
222.17,-78.345
222.41,-79.299
222.66,-79.922
222.90,-78.414
223.14,-80.655
223.39,-81.099
223.63,-82.094
223.88,-79.312
224.12,-80.009
224.37,-82.420
224.61,-80.268
224.85,-80.447
225.10,-78.214
225.34,-80.568
225.59,-79.433
225.83,-78.777
226.07,-79.788
226.32,-74.753
226.56,-78.971
226.81,-81.531
227.05,-84.361
227.29,-81.177
227.54,-83.475
227.78,-80.699
228.03,-83.356
228.27,-81.308
228.52,-83.249
228.76,-85.333
229.00,-84.379
229.25,-83.510
229.49,-82.776
229.74,-80.467
229.98,-81.746
230.22,-84.471
230.47,-78.797
230.71,-81.598
230.96,-81.189
231.20,-81.073
231.45,-78.253
231.69,-80.617
231.93,-77.894
232.18,-80.042
232.42,-81.119
232.67,-80.798
232.91,-79.600
233.15,-81.868
233.40,-84.149
233.64,-81.200
233.89,-81.032
234.13,-80.914
234.38,-80.173
234.62,-78.743
234.86,-80.769
235.11,-82.011
235.35,-80.252
235.60,-81.948
235.84,-79.654
236.08,-78.557
236.33,-80.736
236.57,-80.404
236.82,-80.062
237.06,-79.215
237.30,-79.062
237.55,-77.483
237.79,-77.759
238.04,-80.344
238.28,-76.568
238.53,-75.971
238.77,-76.867
239.01,-74.437
239.26,-66.068
239.50,-71.512
239.75,-73.366
239.99,-63.333
240.23,-66.630
240.48,-73.776
240.72,-74.588
240.97,-76.785
241.21,-77.002
241.46,-79.580
241.70,-78.869
241.94,-78.096
242.19,-79.041
242.43,-79.623
242.68,-79.530
242.92,-80.720
243.16,-78.546
243.41,-77.557
243.65,-79.610
243.90,-81.594
244.14,-81.101
244.38,-79.649
244.63,-78.918
244.87,-80.981
245.12,-80.402
245.36,-81.554
245.61,-83.049
245.85,-83.567
246.09,-80.761
246.34,-81.585
246.58,-81.292
246.83,-83.662
247.07,-78.571
247.31,-81.619
247.56,-81.573
247.80,-80.114
248.05,-79.369
248.29,-79.072
248.54,-81.538
248.78,-82.475
249.02,-81.219
249.27,-81.068
249.51,-80.935
249.76,-78.739
250.00,-79.388
250.24,-80.381
250.49,-77.339
250.73,-77.358
250.98,-76.492
251.22,-77.804
251.46,-79.973
251.71,-76.652
251.95,-79.985
252.20,-76.115
252.44,-76.392
252.69,-79.376
252.93,-71.671
253.17,-76.475
253.42,-78.347
253.66,-80.962
253.91,-78.189
254.15,-77.889
254.39,-82.135
254.64,-80.638
254.88,-81.158
255.13,-79.778
255.37,-80.016
255.62,-79.336
255.86,-78.706
256.10,-79.669
256.35,-81.356
256.59,-82.536
256.84,-82.501
257.08,-80.882
257.32,-80.730
257.57,-83.456
257.81,-84.932
258.06,-85.041
258.30,-84.606
258.54,-82.993
258.79,-82.637
259.03,-83.162
259.28,-82.815
259.52,-84.613
259.77,-82.413
260.01,-81.834
260.25,-81.595
260.50,-82.093
260.74,-84.267
260.99,-82.160
261.23,-84.188
261.47,-86.154
261.72,-82.994
261.96,-83.206
262.21,-85.950
262.45,-82.622
262.70,-83.147
262.94,-82.650
263.18,-85.986
263.43,-83.369
263.67,-84.477
263.92,-83.504
264.16,-83.246
264.40,-83.193
264.65,-82.769
264.89,-85.341
265.14,-82.659
265.38,-83.482
265.62,-83.948
265.87,-75.659
266.11,-82.657
266.36,-84.114
266.60,-85.926
266.85,-85.608
267.09,-79.609
267.33,-75.079
267.58,-81.393
267.82,-82.618
268.07,-86.190
268.31,-83.300
268.55,-86.804
268.80,-83.736
269.04,-86.626
269.29,-83.586
269.53,-83.339
269.78,-84.256
270.02,-83.587
270.26,-84.932
270.51,-84.295
270.75,-81.572
271.00,-84.682
271.24,-84.269
271.48,-84.572
271.73,-84.354
271.97,-86.538
272.22,-86.900
272.46,-85.748
272.71,-85.036
272.95,-83.053
273.19,-83.643
273.44,-84.788
273.68,-86.426
273.93,-83.774
274.17,-85.758
274.41,-85.916
274.66,-88.385
274.90,-87.608
275.15,-84.498
275.39,-84.607
275.63,-84.777
275.88,-82.313
276.12,-83.672
276.37,-82.236
276.61,-82.944
276.86,-85.271
277.10,-83.043
277.34,-87.039
277.59,-86.325
277.83,-83.723
278.08,-82.454
278.32,-83.592
278.56,-82.953
278.81,-83.396
279.05,-82.853
279.30,-83.863
279.54,-73.214
279.79,-82.833
280.03,-84.734
280.27,-82.823
280.52,-83.350
280.76,-86.269
281.01,-85.796
281.25,-85.453
281.49,-84.997
281.74,-84.944
281.98,-84.097
282.23,-83.750
282.47,-84.664
282.71,-86.329
282.96,-84.990
283.20,-84.579
283.45,-83.784
283.69,-85.697
283.94,-85.490
284.18,-85.573
284.42,-87.029
284.67,-84.719
284.91,-84.086
285.16,-84.869
285.40,-87.349
285.64,-84.519
285.89,-84.892
286.13,-88.432
286.38,-84.871
286.62,-86.599
286.87,-86.115
287.11,-85.864
287.35,-86.378
287.60,-89.278
287.84,-86.470
288.09,-87.667
288.33,-84.053
288.57,-81.844
288.82,-82.739
289.06,-84.527
289.31,-84.102
289.55,-83.821
289.79,-83.280
290.04,-84.748
290.28,-87.157
290.53,-86.786
290.77,-86.224
291.02,-85.739
291.26,-86.772
291.50,-86.517
291.75,-84.466
291.99,-84.679
292.24,-84.601
292.48,-80.974
292.72,-86.006
292.97,-84.738
293.21,-81.774
293.46,-83.901
293.70,-84.975
293.95,-83.139
294.19,-83.935
294.43,-83.218
294.68,-83.648
294.92,-82.981
295.17,-84.007
295.41,-84.569
295.65,-85.341
295.90,-83.210
296.14,-83.781
296.39,-84.623
296.63,-84.322
296.88,-83.064
297.12,-80.650
297.36,-83.964
297.61,-83.598
297.85,-84.665
298.10,-82.137
298.34,-83.384
298.58,-82.792
298.83,-82.675
299.07,-83.742
299.32,-83.293
299.56,-83.171
299.80,-84.732
300.05,-85.589
300.29,-84.311
300.54,-83.520
300.78,-84.745
301.03,-83.100
301.27,-83.244
301.51,-81.817
301.76,-85.817
302.00,-85.344
302.25,-84.136
302.49,-82.716
302.73,-84.496
302.98,-84.796
303.22,-84.507
303.47,-82.597
303.71,-81.987
303.96,-82.913
304.20,-82.160
304.44,-82.357
304.69,-82.167
304.93,-84.204
305.18,-82.015
305.42,-83.390
305.66,-82.990
305.91,-86.200
306.15,-81.002
306.40,-85.350
306.64,-84.095
306.88,-83.428
307.13,-83.922
307.37,-83.352
307.62,-84.344
307.86,-85.103
308.11,-85.637
308.35,-82.815
308.59,-83.070
308.84,-85.469
309.08,-84.717
309.33,-84.110
309.57,-84.099
309.81,-81.300
310.06,-82.254
310.30,-81.890
310.55,-84.581
310.79,-84.407
311.04,-84.276
311.28,-83.697
311.52,-86.113
311.77,-84.583
312.01,-83.786
312.26,-81.850
312.50,-84.139
312.74,-86.609
312.99,-84.353
313.23,-86.594
313.48,-85.125
313.72,-83.427
313.96,-84.724
314.21,-87.303
314.45,-87.518
314.70,-86.878
314.94,-85.517
315.19,-85.285
315.43,-85.039
315.67,-82.761
315.92,-85.655
316.16,-85.041
316.41,-85.617
316.65,-86.051
316.89,-83.892
317.14,-86.169
317.38,-86.518
317.63,-86.451
317.87,-86.627
318.12,-86.819
318.36,-85.193
318.60,-85.394
318.85,-88.357
319.09,-84.796
319.34,-85.108
319.58,-87.620
319.82,-86.395
320.07,-83.988
320.31,-86.514
320.56,-84.462
320.80,-85.429
321.04,-85.913
321.29,-84.964
321.53,-84.107
321.78,-84.555
322.02,-82.510
322.27,-82.858
322.51,-83.645
322.75,-83.320
323.00,-84.601
323.24,-83.474
323.49,-85.326
323.73,-86.533
323.97,-86.802
324.22,-87.090
324.46,-88.013
324.71,-88.371
324.95,-87.618
325.20,-85.443
325.44,-86.490
325.68,-86.386
325.93,-86.452
326.17,-86.492
326.42,-86.745
326.66,-85.615
326.90,-84.958
327.15,-85.153
327.39,-85.488
327.64,-86.252
327.88,-84.090
328.12,-84.718
328.37,-84.205
328.61,-84.440
328.86,-84.224
329.10,-83.290
329.35,-85.617
329.59,-84.852
329.83,-83.367
330.08,-83.525
330.32,-83.789
330.57,-84.482
330.81,-82.537
331.05,-84.757
331.30,-82.866
331.54,-82.723
331.79,-86.062
332.03,-86.637
332.28,-82.490
332.52,-85.432
332.76,-83.149
333.01,-83.702
333.25,-83.627
333.50,-85.973
333.74,-86.175
333.98,-83.312
334.23,-85.232
334.47,-86.467
334.72,-87.016
334.96,-86.033
335.21,-84.473
335.45,-86.720
335.69,-84.723
335.94,-85.369
336.18,-87.169
336.43,-85.623
336.67,-85.408
336.91,-87.203
337.16,-86.302
337.40,-85.836
337.65,-84.160
337.89,-86.018
338.13,-87.010
338.38,-86.245
338.62,-86.138
338.87,-85.511
339.11,-86.768
339.36,-85.207
339.60,-85.622
339.84,-85.331
340.09,-84.425
340.33,-85.608
340.58,-85.320
340.82,-85.072
341.06,-85.132
341.31,-86.592
341.55,-87.124
341.80,-87.997
342.04,-86.982
342.29,-87.306
342.53,-83.865
342.77,-86.679
343.02,-87.139
343.26,-83.776
343.51,-88.612
343.75,-86.991
343.99,-85.132
344.24,-85.611
344.48,-85.708
344.73,-84.082
344.97,-86.876
345.21,-86.429
345.46,-84.306
345.70,-84.934
345.95,-89.232
346.19,-85.640
346.44,-83.517
346.68,-84.643
346.92,-86.641
347.17,-84.280
347.41,-87.031
347.66,-86.576
347.90,-85.300
348.14,-83.783
348.39,-83.899
348.63,-84.392
348.88,-85.705
349.12,-85.157
349.37,-83.981
349.61,-85.697
349.85,-83.240
350.10,-83.647
350.34,-82.271
350.59,-85.467
350.83,-85.196
351.07,-83.440
351.32,-81.177
351.56,-84.485
351.81,-87.309
352.05,-85.759
352.29,-81.543
352.54,-83.600
352.78,-84.398
353.03,-84.070
353.27,-82.905
353.52,-84.630
353.76,-84.698
354.00,-86.309
354.25,-82.638
354.49,-82.368
354.74,-83.759
354.98,-84.599
355.22,-83.871
355.47,-86.976
355.71,-84.968
355.96,-82.596
356.20,-85.200
356.45,-77.990
356.69,-84.915
356.93,-85.924
357.18,-83.391
357.42,-85.132
357.67,-84.982
357.91,-86.312
358.15,-85.226
358.40,-85.126
358.64,-82.790
358.89,-84.841
359.13,-83.214
359.38,-80.008
359.62,-82.749
359.86,-83.996
360.11,-81.353
360.35,-81.324
360.60,-80.629
360.84,-77.110
361.08,-80.735
361.33,-82.473
361.57,-81.018
361.82,-82.992
362.06,-83.217
362.30,-82.550
362.55,-83.797
362.79,-85.922
363.04,-83.027
363.28,-85.305
363.53,-82.348
363.77,-82.210
364.01,-82.141
364.26,-84.986
364.50,-84.682
364.75,-82.819
364.99,-83.665
365.23,-83.392
365.48,-82.454
365.72,-83.419
365.97,-82.212
366.21,-86.781
366.46,-84.175
366.70,-82.018
366.94,-84.379
367.19,-80.283
367.43,-84.763
367.68,-82.055
367.92,-82.679
368.16,-83.821
368.41,-85.564
368.65,-86.742
368.90,-83.836
369.14,-85.423
369.38,-82.720
369.63,-82.146
369.87,-82.794
370.12,-79.997
370.36,-83.396
370.61,-81.010
370.85,-84.005
371.09,-83.078
371.34,-81.934
371.58,-81.540
371.83,-81.929
372.07,-77.728
372.31,-78.326
372.56,-80.978
372.80,-80.859
373.05,-79.864
373.29,-83.407
373.54,-81.593
373.78,-83.234
374.02,-83.710
374.27,-83.987
374.51,-83.422
374.76,-84.411
375.00,-81.663
375.24,-84.763
375.49,-82.336
375.73,-82.244
375.98,-83.181
376.22,-83.917
376.46,-83.818
376.71,-83.521
376.95,-85.648
377.20,-83.146
377.44,-86.120
377.69,-84.055
377.93,-83.468
378.17,-82.201
378.42,-82.929
378.66,-84.155
378.91,-81.186
379.15,-85.288
379.39,-82.622
379.64,-83.920
379.88,-81.845
380.13,-84.335
380.37,-84.543
380.62,-81.669
380.86,-84.893
381.10,-82.500
381.35,-83.507
381.59,-81.461
381.84,-82.899
382.08,-82.268
382.32,-85.732
382.57,-83.521
382.81,-83.217
383.06,-82.211
383.30,-81.043
383.54,-82.117
383.79,-82.326
384.03,-84.206
384.28,-83.966
384.52,-87.542
384.77,-82.704
385.01,-84.155
385.25,-83.656
385.50,-84.918
385.74,-85.489
385.99,-84.120
386.23,-83.267
386.47,-82.052
386.72,-82.773
386.96,-88.382
387.21,-82.824
387.45,-83.594
387.70,-84.389
387.94,-84.134
388.18,-82.012
388.43,-81.943
388.67,-82.336
388.92,-81.471
389.16,-86.668
389.40,-84.828
389.65,-82.674
389.89,-83.402
390.14,-84.014
390.38,-84.975
390.62,-85.441
390.87,-83.618
391.11,-83.387
391.36,-86.373
391.60,-84.376
391.85,-85.220
392.09,-81.731
392.33,-81.738
392.58,-79.862
392.82,-82.010
393.07,-82.672
393.31,-82.862
393.55,-82.779
393.80,-82.672
394.04,-79.948
394.29,-79.666
394.53,-81.479
394.78,-78.736
395.02,-81.326
395.26,-80.896
395.51,-79.499
395.75,-80.227
396.00,-82.900
396.24,-81.836
396.48,-80.211
396.73,-83.496
396.97,-79.606
397.22,-82.528
397.46,-80.748
397.71,-80.946
397.95,-80.276
398.19,-78.527
398.44,-77.604
398.68,-71.339
398.93,-71.469
399.17,-78.995
399.41,-82.089
399.66,-83.486
399.90,-80.396
400.15,-81.312
400.39,-83.077
400.63,-84.875
400.88,-82.743
401.12,-82.534
401.37,-81.783
401.61,-82.713
401.86,-82.283
402.10,-83.400
402.34,-84.158
402.59,-85.262
402.83,-82.606
403.08,-84.913
403.32,-83.743
403.56,-82.124
403.81,-83.143
404.05,-83.074
404.30,-83.692
404.54,-83.412
404.79,-82.401
405.03,-83.097
405.27,-86.623
405.52,-86.686
405.76,-81.650
406.01,-85.715
406.25,-84.586
406.49,-82.548
406.74,-83.800
406.98,-84.870
407.23,-79.693
407.47,-84.587
407.71,-85.662
407.96,-83.911
408.20,-84.737
408.45,-84.102
408.69,-84.664
408.94,-85.236
409.18,-83.813
409.42,-81.423
409.67,-83.003
409.91,-80.968
410.16,-85.355
410.40,-82.603
410.64,-82.941
410.89,-81.743
411.13,-84.881
411.38,-86.235
411.62,-83.406
411.87,-83.999
412.11,-84.286
412.35,-83.739
412.60,-86.172
412.84,-84.184
413.09,-82.817
413.33,-81.800
413.57,-84.755
413.82,-83.180
414.06,-82.516
414.31,-82.139
414.55,-83.361
414.79,-82.818
415.04,-83.553
415.28,-82.419
415.53,-82.289
415.77,-82.104
416.02,-82.989
416.26,-82.107
416.50,-82.909
416.75,-84.377
416.99,-79.946
417.24,-83.518
417.48,-81.813
417.72,-82.962
417.97,-83.222
418.21,-82.749
418.46,-81.523
418.70,-79.536
418.95,-81.922
419.19,-83.039
419.43,-83.390
419.68,-82.203
419.92,-80.800
420.17,-82.995
420.41,-82.607
420.65,-81.043
420.90,-81.216
421.14,-82.004
421.39,-84.484
421.63,-82.050
421.88,-83.936
422.12,-81.249
422.36,-84.415
422.61,-83.562
422.85,-82.289
423.10,-83.878
423.34,-81.572
423.58,-83.925
423.83,-80.336
424.07,-83.523
424.32,-83.310
424.56,-84.755
424.80,-81.904
425.05,-83.499
425.29,-82.646
425.54,-83.156
425.78,-81.697
426.03,-81.874
426.27,-81.505
426.51,-79.611
426.76,-81.779
427.00,-82.558
427.25,-79.342
427.49,-80.454
427.73,-83.917
427.98,-82.687
428.22,-83.091
428.47,-80.939
428.71,-83.027
428.96,-81.026
429.20,-80.883
429.44,-84.681
429.69,-82.048
429.93,-82.167
430.18,-80.910
430.42,-81.233
430.66,-81.343
430.91,-81.873
431.15,-80.715
431.40,-82.021
431.64,-81.005
431.88,-82.338
432.13,-81.721
432.37,-84.097
432.62,-81.922
432.86,-80.864
433.11,-82.101
433.35,-81.099
433.59,-78.518
433.84,-79.992
434.08,-79.744
434.33,-79.883
434.57,-79.536
434.81,-80.718
435.06,-78.195
435.30,-80.884
435.55,-81.781
435.79,-79.022
436.04,-77.451
436.28,-78.370
436.52,-77.853
436.77,-83.025
437.01,-78.773
437.26,-80.069
437.50,-78.725
437.74,-76.875
437.99,-78.178
438.23,-78.732
438.48,-77.426
438.72,-77.334
438.96,-77.159
439.21,-79.499
439.45,-78.566
439.70,-80.585
439.94,-76.745
440.19,-79.144
440.43,-79.949
440.67,-80.714
440.92,-79.062
441.16,-78.948
441.41,-78.097
441.65,-79.384
441.89,-78.559
442.14,-80.617
442.38,-76.243
442.63,-76.057
442.87,-79.632
443.12,-77.802
443.36,-78.324
443.60,-79.818
443.85,-82.876
444.09,-81.015
444.34,-80.296
444.58,-77.059
444.82,-78.689
445.07,-79.678
445.31,-81.026
445.56,-80.178
445.80,-78.353
446.04,-79.261
446.29,-79.716
446.53,-77.937
446.78,-75.987
447.02,-77.597
447.27,-78.532
447.51,-80.116
447.75,-79.470
448.00,-79.411
448.24,-77.781
448.49,-80.054
448.73,-79.423
448.97,-80.056
449.22,-80.456
449.46,-79.687
449.71,-78.382
449.95,-80.425
450.20,-78.785
450.44,-80.635
450.68,-82.748
450.93,-80.078
451.17,-82.419
451.42,-79.598
451.66,-80.410
451.90,-77.475
452.15,-78.108
452.39,-76.728
452.64,-80.725
452.88,-79.253
453.12,-79.297
453.37,-79.477
453.61,-78.487
453.86,-77.352
454.10,-76.387
454.35,-78.819
454.59,-77.819
454.83,-76.412
455.08,-76.435
455.32,-77.478
455.57,-78.333
455.81,-79.010
456.05,-77.885
456.30,-77.193
456.54,-77.151
456.79,-75.667
457.03,-79.947
457.28,-77.412
457.52,-77.204
457.76,-79.580
458.01,-77.193
458.25,-78.449
458.50,-79.578
458.74,-76.366
458.98,-76.724
459.23,-79.155
459.47,-78.893
459.72,-80.015
459.96,-78.465
460.21,-77.845
460.45,-75.984
460.69,-76.873
460.94,-77.375
461.18,-77.378
461.43,-75.753
461.67,-79.343
461.91,-80.073
462.16,-79.790
462.40,-80.363
462.65,-78.253
462.89,-77.478
463.13,-76.565
463.38,-75.617
463.62,-75.814
463.87,-77.066
464.11,-76.025
464.36,-76.156
464.60,-75.591
464.84,-76.606
465.09,-78.432
465.33,-77.070
465.58,-76.722
465.82,-78.855
466.06,-76.304
466.31,-77.281
466.55,-77.058
466.80,-76.746
467.04,-77.300
467.29,-79.763
467.53,-76.848
467.77,-77.796
468.02,-75.901
468.26,-77.499
468.51,-75.672
468.75,-75.345
468.99,-76.841
469.24,-76.881
469.48,-77.352
469.73,-77.228
469.97,-78.104
470.21,-76.890
470.46,-74.187
470.70,-72.870
470.95,-78.613
471.19,-74.706
471.44,-74.468
471.68,-75.677
471.92,-74.745
472.17,-75.747
472.41,-77.548
472.66,-77.819
472.90,-78.167
473.14,-78.691
473.39,-78.147
473.63,-79.265
473.88,-77.360
474.12,-76.483
474.37,-73.225
474.61,-75.440
474.85,-77.344
475.10,-75.636
475.34,-72.402
475.59,-75.670
475.83,-75.414
476.07,-75.623
476.32,-74.734
476.56,-76.039
476.81,-78.335
477.05,-75.994
477.29,-75.615
477.54,-72.915
477.78,-76.439
478.03,-75.727
478.27,-74.719
478.52,-75.509
478.76,-75.679
479.00,-76.752
479.25,-75.168
479.49,-75.595
479.74,-75.996
479.98,-75.812
480.22,-77.582
480.47,-74.701
480.71,-76.131
480.96,-73.758
481.20,-77.852
481.45,-75.507
481.69,-76.634
481.93,-75.419
482.18,-75.314
482.42,-75.878
482.67,-75.871
482.91,-76.585
483.15,-76.293
483.40,-72.803
483.64,-71.533
483.89,-73.194
484.13,-74.400
484.38,-73.956
484.62,-75.605
484.86,-73.881
485.11,-71.844
485.35,-72.905
485.60,-74.919
485.84,-75.269
486.08,-71.846
486.33,-74.061
486.57,-73.509
486.82,-73.347
487.06,-72.037
487.30,-74.606
487.55,-72.865
487.79,-72.994
488.04,-76.012
488.28,-74.657
488.53,-73.189
488.77,-73.676
489.01,-73.415
489.26,-74.562
489.50,-74.197
489.75,-73.880
489.99,-73.564
490.23,-76.292
490.48,-73.433
490.72,-74.976
490.97,-74.226
491.21,-72.088
491.46,-74.233
491.70,-74.700
491.94,-75.033
492.19,-71.467
492.43,-73.514
492.68,-75.222
492.92,-77.284
493.16,-74.395
493.41,-74.753
493.65,-73.827
493.90,-72.809
494.14,-74.104
494.38,-72.800
494.63,-70.931
494.87,-74.658
495.12,-72.653
495.36,-73.697
495.61,-73.526
495.85,-73.520
496.09,-74.232
496.34,-73.363
496.58,-72.091
496.83,-72.813
497.07,-72.295
497.31,-73.549
497.56,-71.530
497.80,-71.450
498.05,-74.162
498.29,-72.728
498.54,-73.962
498.78,-74.173
499.02,-71.309
499.27,-72.152
499.51,-71.162
499.76,-72.048
500.00,-72.296
500.24,-73.447
500.49,-72.154
500.73,-71.601
500.98,-73.740
501.22,-72.285
501.46,-71.511
501.71,-74.855
501.95,-72.931
502.20,-72.233
502.44,-71.373
502.69,-76.357
502.93,-71.554
503.17,-73.349
503.42,-71.120
503.66,-73.069
503.91,-72.335
504.15,-71.720
504.39,-73.447
504.64,-74.938
504.88,-72.397
505.13,-72.362
505.37,-71.806
505.62,-72.861
505.86,-73.124
506.10,-71.681
506.35,-71.050
506.59,-74.090
506.84,-72.849
507.08,-72.742
507.32,-72.134
507.57,-71.087
507.81,-73.264
508.06,-70.896
508.30,-69.912
508.54,-70.399
508.79,-71.173
509.03,-73.498
509.28,-73.508
509.52,-72.945
509.77,-73.559
510.01,-75.126
510.25,-71.647
510.50,-71.986
510.74,-72.864
510.99,-69.839
511.23,-71.672
511.47,-70.466
511.72,-71.860
511.96,-71.150
512.21,-72.410
512.45,-71.129
512.70,-71.844
512.94,-71.304
513.18,-74.268
513.43,-71.572
513.67,-72.729
513.92,-72.652
514.16,-72.695
514.40,-72.635
514.65,-72.698
514.89,-73.020
515.14,-72.325
515.38,-72.849
515.62,-72.237
515.87,-72.832
516.11,-74.012
516.36,-74.384
516.60,-74.208
516.85,-71.254
517.09,-73.407
517.33,-75.125
517.58,-73.784
517.82,-72.561
518.07,-74.831
518.31,-74.144
518.55,-72.158
518.80,-73.279
519.04,-71.240
519.29,-71.234
519.53,-71.248
519.78,-72.672
520.02,-69.481
520.26,-72.048
520.51,-70.918
520.75,-73.959
521.00,-72.772
521.24,-73.736
521.48,-73.539
521.73,-72.113
521.97,-73.407
522.22,-74.873
522.46,-74.278
522.71,-72.892
522.95,-73.933
523.19,-73.677
523.44,-74.143
523.68,-72.847
523.93,-72.787
524.17,-73.524
524.41,-74.722
524.66,-76.110
524.90,-76.367
525.15,-73.736
525.39,-72.734
525.63,-75.185
525.88,-73.297
526.12,-75.377
526.37,-74.734
526.61,-74.230
526.86,-74.662
527.10,-74.043
527.34,-75.059
527.59,-74.472
527.83,-72.561
528.08,-72.922
528.32,-73.330
528.56,-73.595
528.81,-74.552
529.05,-72.407
529.30,-73.866
529.54,-73.920
529.79,-73.222
530.03,-75.127
530.27,-74.877
530.52,-75.573
530.76,-73.658
531.01,-71.806
531.25,-68.481
531.49,-63.794
531.74,-59.636
531.98,-65.186
532.23,-70.218
532.47,-75.037
532.71,-76.480
532.96,-73.179
533.20,-74.142
533.45,-76.397
533.69,-75.656
533.94,-73.991
534.18,-74.791
534.42,-74.497
534.67,-74.888
534.91,-75.621
535.16,-76.230
535.40,-76.269
535.64,-75.457
535.89,-77.140
536.13,-74.774
536.38,-75.856
536.62,-74.794
536.87,-76.150
537.11,-75.946
537.35,-77.226
537.60,-75.307
537.84,-75.415
538.09,-76.033
538.33,-74.432
538.57,-75.184
538.82,-75.007
539.06,-73.522
539.31,-77.061
539.55,-74.292
539.79,-75.984
540.04,-74.482
540.28,-74.151
540.53,-74.904
540.77,-74.697
541.02,-76.906
541.26,-74.861
541.50,-76.807
541.75,-77.280
541.99,-75.259
542.24,-77.497
542.48,-77.319
542.72,-74.007
542.97,-76.394
543.21,-73.887
543.46,-75.500
543.70,-78.004
543.95,-77.948
544.19,-77.406
544.43,-80.069
544.68,-76.076
544.92,-76.700
545.17,-78.307
545.41,-74.954
545.65,-77.198
545.90,-75.379
546.14,-77.417
546.39,-76.434
546.63,-76.378
546.88,-75.645
547.12,-77.050
547.36,-77.352
547.61,-76.107
547.85,-76.867
548.10,-77.671
548.34,-76.557
548.58,-78.742
548.83,-77.327
549.07,-78.443
549.32,-75.157
549.56,-74.365
549.80,-75.823
550.05,-77.404
550.29,-79.925
550.54,-77.300
550.78,-78.335
551.03,-79.014
551.27,-76.451
551.51,-80.258
551.76,-78.848
552.00,-77.955
552.25,-76.505
552.49,-79.834
552.73,-78.080
552.98,-76.476
553.22,-76.672
553.47,-78.224
553.71,-77.966
553.96,-75.836
554.20,-76.246
554.44,-78.608
554.69,-76.440
554.93,-80.446
555.18,-78.827
555.42,-79.622
555.66,-82.177
555.91,-78.781
556.15,-79.292
556.40,-78.480
556.64,-79.769
556.88,-77.485
557.13,-79.065
557.37,-80.904
557.62,-77.666
557.86,-77.840
558.11,-78.965
558.35,-79.742
558.59,-79.303
558.84,-80.093
559.08,-79.624
559.33,-80.806
559.57,-78.582
559.81,-78.004
560.06,-78.998
560.30,-79.528
560.55,-80.148
560.79,-77.863
561.04,-77.848
561.28,-80.602
561.52,-78.999
561.77,-78.267
562.01,-78.714
562.26,-80.105
562.50,-78.147
562.74,-79.848
562.99,-78.905
563.23,-81.998
563.48,-78.076
563.72,-79.769
563.96,-80.317
564.21,-78.017
564.45,-76.697
564.70,-81.463
564.94,-78.398
565.19,-78.567
565.43,-77.086
565.67,-75.705
565.92,-78.304
566.16,-79.324
566.41,-79.675
566.65,-80.556
566.89,-82.335
567.14,-78.412
567.38,-80.894
567.63,-76.839
567.87,-78.618
568.12,-79.564
568.36,-79.735
568.60,-79.097
568.85,-76.602
569.09,-81.012
569.34,-80.124
569.58,-79.608
569.82,-77.629
570.07,-81.207
570.31,-79.139
570.56,-81.705
570.80,-79.416
571.04,-80.845
571.29,-77.979
571.53,-78.544
571.78,-77.076
572.02,-78.581
572.27,-78.212
572.51,-80.245
572.75,-80.277
573.00,-80.091
573.24,-78.029
573.49,-79.702
573.73,-79.813
573.97,-81.370
574.22,-79.373
574.46,-78.578
574.71,-79.544
574.95,-77.811
575.20,-79.144
575.44,-79.448
575.68,-81.393
575.93,-77.228
576.17,-80.163
576.42,-81.499
576.66,-81.680
576.90,-80.528
577.15,-79.726
577.39,-81.716
577.64,-81.590
577.88,-81.021
578.12,-82.016
578.37,-81.132
578.61,-77.398
578.86,-78.663
579.10,-82.019
579.35,-81.132
579.59,-80.692
579.83,-80.651
580.08,-80.518
580.32,-78.409
580.57,-78.152
580.81,-82.013
581.05,-80.946
581.30,-79.740
581.54,-80.848
581.79,-81.652
582.03,-80.865
582.28,-81.742
582.52,-83.293
582.76,-83.040
583.01,-81.364
583.25,-82.050
583.50,-80.170
583.74,-81.506
583.98,-81.552
584.23,-82.315
584.47,-84.220
584.72,-81.499
584.96,-79.588
585.21,-80.195
585.45,-80.970
585.69,-80.385
585.94,-79.514
586.18,-82.066
586.43,-81.441
586.67,-81.480
586.91,-82.064
587.16,-80.494
587.40,-79.472
587.65,-80.043
587.89,-82.697
588.13,-81.281
588.38,-82.389
588.62,-82.491
588.87,-80.271
589.11,-79.622
589.36,-83.222
589.60,-81.918
589.84,-82.302
590.09,-85.274
590.33,-83.867
590.58,-87.105
590.82,-81.374
591.06,-82.210
591.31,-81.170
591.55,-80.321
591.80,-84.696
592.04,-83.586
592.29,-82.781
592.53,-81.474
592.77,-82.264
593.02,-79.471
593.26,-81.810
593.51,-82.409
593.75,-80.555
593.99,-82.749
594.24,-80.989
594.48,-82.976
594.73,-82.291
594.97,-83.940
595.21,-85.902
595.46,-81.665
595.70,-82.476
595.95,-82.366
596.19,-80.909
596.44,-81.514
596.68,-82.336
596.92,-80.663
597.17,-82.554
597.41,-81.934
597.66,-80.556
597.90,-81.660
598.14,-85.295
598.39,-83.160
598.63,-80.769
598.88,-84.574
599.12,-81.087
599.37,-82.426
599.61,-83.485
599.85,-83.274
600.10,-81.010
600.34,-82.308
600.59,-81.022
600.83,-80.813
601.07,-82.937
601.32,-81.050
601.56,-83.826
601.81,-83.923
602.05,-82.506
602.29,-82.455
602.54,-83.738
602.78,-82.305
603.03,-79.872
603.27,-83.651
603.52,-82.689
603.76,-83.120
604.00,-84.262
604.25,-84.469
604.49,-80.056
604.74,-83.792
604.98,-82.325
605.22,-83.660
605.47,-84.944
605.71,-84.014
605.96,-81.781
606.20,-80.579
606.45,-81.254
606.69,-84.709
606.93,-83.227
607.18,-85.368
607.42,-84.682
607.67,-83.479
607.91,-84.305
608.15,-83.193
608.40,-82.738
608.64,-81.284
608.89,-82.030
609.13,-82.793
609.38,-86.712
609.62,-85.199
609.86,-84.468
610.11,-83.572
610.35,-84.077
610.60,-84.759
610.84,-85.328
611.08,-82.435
611.33,-80.628
611.57,-78.852
611.82,-82.441
612.06,-84.536
612.30,-87.032
612.55,-82.743
612.79,-82.045
613.04,-84.997
613.28,-86.237
613.53,-85.293
613.77,-84.817
614.01,-85.851
614.26,-85.463
614.50,-83.147
614.75,-83.842
614.99,-84.406
615.23,-81.695
615.48,-84.327
615.72,-83.311
615.97,-84.139
616.21,-85.974
616.46,-86.025
616.70,-84.455
616.94,-85.978
617.19,-83.195
617.43,-82.768
617.68,-82.480
617.92,-83.956
618.16,-85.608
618.41,-84.196
618.65,-82.092
618.90,-83.901
619.14,-86.184
619.38,-85.412
619.63,-84.048
619.87,-83.213
620.12,-82.800
620.36,-82.694
620.61,-84.126
620.85,-82.009
621.09,-82.663
621.34,-85.205
621.58,-83.620
621.83,-83.351
622.07,-83.821
622.31,-83.374
622.56,-81.755
622.80,-83.850
623.05,-83.586
623.29,-82.250
623.54,-85.021
623.78,-82.859
624.02,-85.821
624.27,-83.280
624.51,-83.663
624.76,-84.912
625.00,-82.978
625.24,-81.977
625.49,-84.820
625.73,-82.476
625.98,-82.268
626.22,-83.437
626.46,-83.405
626.71,-83.289
626.95,-82.324
627.20,-82.792
627.44,-83.474
627.69,-84.946
627.93,-85.500
628.17,-83.918
628.42,-87.006
628.66,-84.780
628.91,-83.350
629.15,-83.086
629.39,-83.327
629.64,-86.339
629.88,-84.627
630.13,-82.864
630.37,-83.569
630.62,-82.718
630.86,-84.368
631.10,-82.649
631.35,-87.485
631.59,-84.500
631.84,-85.119
632.08,-85.583
632.32,-85.448
632.57,-84.835
632.81,-84.452
633.06,-83.148
633.30,-83.873
633.54,-84.205
633.79,-85.236
634.03,-83.989
634.28,-83.478
634.52,-85.458
634.77,-85.409
635.01,-86.705
635.25,-84.149
635.50,-82.079
635.74,-86.854
635.99,-87.186
636.23,-85.262
636.47,-86.239
636.72,-86.291
636.96,-84.252
637.21,-83.513
637.45,-83.815
637.70,-84.530
637.94,-83.305
638.18,-84.226
638.43,-84.286
638.67,-82.965
638.92,-82.420
639.16,-87.252
639.40,-83.837
639.65,-88.909
639.89,-84.597
640.14,-83.569
640.38,-83.966
640.62,-83.452
640.87,-84.150
641.11,-83.119
641.36,-86.189
641.60,-86.203
641.85,-85.200
642.09,-82.819
642.33,-85.072
642.58,-84.210
642.82,-84.257
643.07,-83.909
643.31,-84.229
643.55,-83.606
643.80,-82.754
644.04,-83.950
644.29,-84.723
644.53,-83.995
644.78,-85.528
645.02,-84.901
645.26,-85.041
645.51,-87.184
645.75,-84.946
646.00,-84.238
646.24,-84.718
646.48,-86.147
646.73,-84.713
646.97,-84.399
647.22,-87.282
647.46,-85.534
647.71,-85.314
647.95,-84.351
648.19,-85.587
648.44,-85.154
648.68,-87.379
648.93,-86.761
649.17,-86.468
649.41,-83.169
649.66,-87.585
649.90,-85.183
650.15,-87.304
650.39,-85.410
650.63,-85.170
650.88,-85.654
651.12,-82.713
651.37,-86.398
651.61,-86.545
651.86,-88.393
652.10,-86.789
652.34,-85.708
652.59,-86.236
652.83,-86.745
653.08,-87.015
653.32,-85.234
653.56,-83.897
653.81,-87.123
654.05,-85.535
654.30,-83.950
654.54,-85.363
654.79,-85.459
655.03,-83.733
655.27,-85.738
655.52,-87.134
655.76,-86.122
656.01,-89.014
656.25,-85.811
656.49,-86.313
656.74,-87.820
656.98,-88.949
657.23,-84.935
657.47,-85.315
657.71,-84.906
657.96,-83.314
658.20,-86.557
658.45,-84.033
658.69,-86.590
658.94,-88.136
659.18,-86.030
659.42,-86.433
659.67,-88.271
659.91,-86.819
660.16,-85.832
660.40,-84.706
660.64,-88.567
660.89,-84.496
661.13,-83.807
661.38,-84.235
661.62,-86.626
661.87,-83.983
662.11,-87.221
662.35,-87.049
662.60,-86.702
662.84,-86.617
663.09,-83.571
663.33,-83.735
663.57,-85.845
663.82,-81.959
664.06,-80.303
664.31,-76.154
664.55,-71.838
664.79,-71.254
665.04,-77.188
665.28,-81.367
665.53,-84.197
665.77,-83.819
666.02,-84.750
666.26,-84.494
666.50,-86.056
666.75,-82.750
666.99,-86.004
667.24,-87.069
667.48,-85.625
667.72,-86.133
667.97,-85.177
668.21,-85.367
668.46,-83.447
668.70,-87.428
668.95,-84.134
669.19,-85.523
669.43,-86.409
669.68,-86.519
669.92,-86.054
670.17,-82.338
670.41,-84.234
670.65,-85.722
670.90,-87.128
671.14,-86.768
671.39,-86.859
671.63,-86.981
671.88,-87.852
672.12,-86.453
672.36,-88.212
672.61,-88.835
672.85,-88.349
673.10,-83.759
673.34,-87.575
673.58,-85.633
673.83,-86.432
674.07,-87.129
674.32,-85.665
674.56,-84.633
674.80,-85.326
675.05,-85.498
675.29,-84.883
675.54,-84.840
675.78,-83.639
676.03,-86.597
676.27,-85.403
676.51,-84.899
676.76,-82.773
677.00,-87.065
677.25,-86.460
677.49,-85.272
677.73,-89.773
677.98,-86.321
678.22,-84.273
678.47,-84.729
678.71,-84.016
678.96,-87.606
679.20,-86.509
679.44,-88.533
679.69,-86.737
679.93,-88.488
680.18,-86.040
680.42,-86.604
680.66,-84.666
680.91,-87.014
681.15,-88.137
681.40,-87.852
681.64,-85.959
681.88,-86.308
682.13,-83.937
682.37,-85.541
682.62,-83.840
682.86,-85.567
683.11,-90.247
683.35,-86.222
683.59,-87.941
683.84,-87.184
684.08,-86.830
684.33,-86.808
684.57,-86.320
684.81,-86.998
685.06,-86.113
685.30,-84.267
685.55,-84.292
685.79,-86.375
686.04,-84.772
686.28,-84.965
686.52,-85.832
686.77,-87.148
687.01,-86.562
687.26,-85.546
687.50,-85.814
687.74,-85.559
687.99,-87.279
688.23,-84.827
688.48,-86.033
688.72,-86.071
688.96,-87.705
689.21,-85.066
689.45,-86.098
689.70,-83.692
689.94,-85.978
690.19,-86.566
690.43,-88.186
690.67,-86.622
690.92,-88.540
691.16,-87.409
691.41,-86.049
691.65,-89.164
691.89,-85.980
692.14,-85.795
692.38,-87.290
692.63,-86.993
692.87,-86.863
693.12,-87.663
693.36,-88.084
693.60,-86.865
693.85,-84.521
694.09,-84.654
694.34,-85.281
694.58,-84.352
694.82,-86.289
695.07,-87.127
695.31,-86.182
695.56,-86.472
695.80,-85.717
696.04,-85.579
696.29,-86.218
696.53,-86.040
696.78,-87.247
697.02,-86.349
697.27,-86.487
697.51,-85.524
697.75,-85.050
698.00,-86.401
698.24,-87.119
698.49,-86.103
698.73,-85.863
698.97,-87.501
699.22,-86.684
699.46,-85.869
699.71,-85.772
699.95,-86.382
700.20,-86.496
700.44,-86.266
700.68,-85.551
700.93,-86.888
701.17,-86.654
701.42,-85.462
701.66,-86.112
701.90,-86.758
702.15,-87.323
702.39,-86.248
702.64,-87.533
702.88,-85.039
703.12,-85.984
703.37,-86.263
703.61,-87.328
703.86,-88.053
704.10,-86.522
704.35,-88.072
704.59,-87.889
704.83,-86.594
705.08,-85.488
705.32,-87.808
705.57,-85.804
705.81,-86.722
706.05,-85.399
706.30,-88.339
706.54,-87.875
706.79,-88.130
707.03,-88.170
707.28,-86.095
707.52,-84.928
707.76,-85.048
708.01,-86.902
708.25,-88.300
708.50,-86.831
708.74,-87.752
708.98,-87.192
709.23,-85.973
709.47,-86.323
709.72,-87.300
709.96,-87.924
710.21,-88.585
710.45,-87.336
710.69,-86.411
710.94,-84.967
711.18,-85.279
711.43,-86.888
711.67,-85.598
711.91,-85.710
712.16,-87.363
712.40,-88.029
712.65,-87.518
712.89,-86.081
713.13,-86.390
713.38,-87.124
713.62,-87.239
713.87,-87.736
714.11,-85.211
714.36,-87.332
714.60,-87.380
714.84,-87.301
715.09,-85.820
715.33,-85.420
715.58,-85.504
715.82,-88.122
716.06,-84.756
716.31,-86.745
716.55,-84.612
716.80,-85.140
717.04,-86.866
717.29,-84.743
717.53,-86.977
717.77,-84.898
718.02,-84.424
718.26,-86.626
718.51,-86.735
718.75,-90.885
718.99,-87.400
719.24,-88.416
719.48,-84.504
719.73,-88.324
719.97,-85.755
720.21,-83.561
720.46,-85.573
720.70,-88.185
720.95,-90.023
721.19,-88.302
721.44,-85.739
721.68,-85.933
721.92,-86.220
722.17,-86.240
722.41,-85.089
722.66,-86.838
722.90,-85.108
723.14,-85.392
723.39,-84.909
723.63,-86.995
723.88,-89.489
724.12,-86.823
724.37,-86.134
724.61,-84.779
724.85,-87.200
725.10,-85.484
725.34,-84.941
725.59,-83.765
725.83,-86.236
726.07,-86.335
726.32,-86.094
726.56,-85.466
726.81,-90.026
727.05,-87.404
727.29,-88.421
727.54,-86.959
727.78,-87.560
728.03,-86.345
728.27,-84.751
728.52,-87.819
728.76,-87.012
729.00,-86.696
729.25,-87.248
729.49,-87.481
729.74,-83.805
729.98,-84.620
730.22,-88.155
730.47,-86.600
730.71,-85.893
730.96,-86.456
731.20,-85.580
731.45,-84.379
731.69,-84.969
731.93,-87.305
732.18,-86.978
732.42,-85.397
732.67,-85.029
732.91,-84.420
733.15,-83.713
733.40,-85.755
733.64,-87.437
733.89,-86.228
734.13,-84.562
734.38,-87.679
734.62,-86.216
734.86,-86.866
735.11,-87.295
735.35,-88.794
735.60,-84.391
735.84,-86.873
736.08,-85.794
736.33,-87.600
736.57,-86.581
736.82,-89.351
737.06,-89.341
737.30,-84.990
737.55,-85.990
737.79,-84.874
738.04,-85.245
738.28,-87.179
738.53,-85.373
738.77,-87.161
739.01,-87.571
739.26,-86.688
739.50,-86.081
739.75,-84.689
739.99,-86.282
740.23,-87.659
740.48,-87.549
740.72,-85.642
740.97,-85.492
741.21,-84.623
741.46,-83.064
741.70,-84.429
741.94,-85.162
742.19,-87.962
742.43,-86.623
742.68,-82.834
742.92,-84.968
743.16,-86.044
743.41,-87.755
743.65,-87.074
743.90,-87.391
744.14,-86.098
744.38,-85.721
744.63,-87.223
744.87,-86.086
745.12,-85.852
745.36,-83.767
745.61,-85.598
745.85,-86.427
746.09,-88.467
746.34,-87.223
746.58,-87.960
746.83,-85.455
747.07,-86.844
747.31,-84.539
747.56,-89.026
747.80,-87.776
748.05,-85.662
748.29,-85.554
748.54,-86.941
748.78,-85.161
749.02,-87.732
749.27,-87.520
749.51,-89.005
749.76,-86.525
750.00,-87.171
750.24,-87.227
750.49,-85.336
750.73,-86.937
750.98,-87.608
751.22,-86.702
751.46,-86.173
751.71,-88.771
751.95,-89.762
752.20,-84.660
752.44,-88.148
752.69,-84.945
752.93,-85.296
753.17,-88.117
753.42,-88.758
753.66,-85.701
753.91,-85.440
754.15,-86.865
754.39,-85.606
754.64,-87.672
754.88,-85.694
755.13,-86.085
755.37,-85.446
755.62,-87.108
755.86,-86.070
756.10,-86.194
756.35,-88.106
756.59,-88.538
756.84,-86.449
757.08,-86.703
757.32,-83.732
757.57,-85.934
757.81,-85.988
758.06,-84.566
758.30,-85.292
758.54,-88.961
758.79,-87.005
759.03,-87.344
759.28,-84.874
759.52,-85.833
759.77,-86.419
760.01,-88.184
760.25,-89.950
760.50,-88.246
760.74,-86.469
760.99,-85.584
761.23,-87.754
761.47,-87.747
761.72,-86.657
761.96,-87.537
762.21,-85.833
762.45,-88.055
762.70,-85.890
762.94,-86.722
763.18,-86.382
763.43,-87.236
763.67,-86.113
763.92,-90.018
764.16,-86.646
764.40,-85.631
764.65,-86.052
764.89,-86.221
765.14,-87.850
765.38,-87.069
765.62,-87.904
765.87,-86.409
766.11,-87.980
766.36,-86.897
766.60,-84.323
766.85,-85.422
767.09,-85.955
767.33,-86.132
767.58,-86.381
767.82,-85.313
768.07,-85.947
768.31,-84.933
768.55,-87.436
768.80,-87.132
769.04,-88.193
769.29,-87.095
769.53,-85.553
769.78,-86.456
770.02,-86.211
770.26,-86.670
770.51,-85.559
770.75,-86.231
771.00,-81.532
771.24,-77.658
771.48,-85.193
771.73,-85.352
771.97,-84.449
772.22,-85.253
772.46,-84.825
772.71,-86.054
772.95,-83.897
773.19,-84.288
773.44,-86.524
773.68,-86.859
773.93,-83.950
774.17,-84.323
774.41,-84.042
774.66,-87.149
774.90,-85.050
775.15,-86.982
775.39,-85.675
775.63,-85.603
775.88,-83.810
776.12,-87.416
776.37,-84.398
776.61,-86.736
776.86,-85.984
777.10,-87.517
777.34,-85.964
777.59,-87.718
777.83,-88.369
778.08,-86.248
778.32,-86.125
778.56,-87.195
778.81,-85.641
779.05,-87.343
779.30,-85.959
779.54,-84.553
779.79,-85.526
780.03,-86.107
780.27,-85.978
780.52,-86.180
780.76,-85.537
781.01,-86.478
781.25,-84.881
781.49,-86.427
781.74,-85.985
781.98,-85.697
782.23,-85.183
782.47,-87.735
782.71,-87.069
782.96,-85.386
783.20,-85.846
783.45,-85.138
783.69,-85.560
783.94,-86.862
784.18,-89.246
784.42,-84.844
784.67,-86.682
784.91,-83.810
785.16,-84.368
785.40,-85.449
785.64,-87.162
785.89,-84.860
786.13,-87.180
786.38,-83.227
786.62,-87.630
786.87,-84.776
787.11,-86.688
787.35,-84.678
787.60,-85.375
787.84,-86.612
788.09,-86.085
788.33,-86.302
788.57,-85.295
788.82,-84.765
789.06,-84.782
789.31,-86.570
789.55,-86.220
789.79,-85.002
790.04,-85.369
790.28,-86.464
790.53,-85.464
790.77,-86.052
791.02,-86.557
791.26,-85.439
791.50,-84.965
791.75,-84.686
791.99,-84.772
792.24,-85.235
792.48,-84.346
792.72,-86.018
792.97,-85.514
793.21,-85.116
793.46,-86.312
793.70,-87.667
793.95,-86.332
794.19,-87.394
794.43,-85.467
794.68,-86.108
794.92,-84.061
795.17,-86.291
795.41,-84.435
795.65,-85.680
795.90,-84.055
796.14,-84.785
796.39,-86.008
796.63,-83.337
796.88,-83.310
797.12,-83.374
797.36,-83.568
797.61,-80.642
797.85,-79.689
798.10,-82.245
798.34,-84.085
798.58,-85.059
798.83,-83.700
799.07,-85.657
799.32,-87.052
799.56,-88.535
799.80,-83.992
800.05,-86.358
800.29,-86.669
800.54,-87.667
800.78,-85.382
801.03,-83.687
801.27,-85.331
801.51,-85.136
801.76,-84.180
802.00,-87.532
802.25,-84.449
802.49,-86.201
802.73,-84.182
802.98,-85.429
803.22,-84.900
803.47,-84.663
803.71,-85.144
803.96,-85.279
804.20,-86.211
804.44,-86.879
804.69,-84.365
804.93,-83.332
805.18,-84.226
805.42,-84.483
805.66,-84.539
805.91,-87.455
806.15,-87.466
806.40,-83.992
806.64,-83.197
806.88,-84.051
807.13,-85.432
807.37,-84.980
807.62,-83.284
807.86,-84.513
808.11,-82.743
808.35,-85.465
808.59,-86.955
808.84,-87.588
809.08,-83.847
809.33,-88.171
809.57,-84.156
809.81,-85.370
810.06,-86.187
810.30,-86.171
810.55,-85.565
810.79,-84.061
811.04,-83.461
811.28,-82.229
811.52,-86.488
811.77,-84.992
812.01,-84.558
812.26,-83.022
812.50,-84.193
812.74,-84.032
812.99,-84.675
813.23,-85.377
813.48,-82.907
813.72,-84.383
813.96,-88.066
814.21,-84.432
814.45,-83.836
814.70,-84.502
814.94,-83.620
815.19,-84.399
815.43,-86.306
815.67,-85.997
815.92,-86.498
816.16,-85.951
816.41,-82.480
816.65,-83.456
816.89,-84.821
817.14,-85.874
817.38,-85.546
817.63,-84.020
817.87,-83.490
818.12,-85.334
818.36,-83.919
818.60,-82.934
818.85,-83.818
819.09,-84.178
819.34,-82.973
819.58,-83.581
819.82,-85.439
820.07,-85.721
820.31,-86.184
820.56,-87.166
820.80,-83.759
821.04,-83.679
821.29,-84.344
821.53,-83.621
821.78,-86.969
822.02,-86.023
822.27,-83.955
822.51,-83.575
822.75,-84.209
823.00,-83.843
823.24,-84.809
823.49,-81.219
823.73,-83.821
823.97,-83.349
824.22,-83.710
824.46,-84.548
824.71,-85.798
824.95,-84.151
825.20,-84.599
825.44,-85.155
825.68,-84.616
825.93,-83.083
826.17,-85.774
826.42,-83.430
826.66,-85.195
826.90,-83.703
827.15,-83.990
827.39,-84.024
827.64,-82.348
827.88,-83.344
828.12,-83.807
828.37,-84.191
828.61,-82.769
828.86,-83.000
829.10,-83.160
829.35,-83.641
829.59,-81.829
829.83,-83.940
830.08,-85.439
830.32,-85.994
830.57,-83.726
830.81,-83.656
831.05,-83.955
831.30,-83.514
831.54,-85.737
831.79,-85.445
832.03,-82.341
832.28,-84.813
832.52,-82.942
832.76,-86.575
833.01,-86.343
833.25,-82.506
833.50,-84.227
833.74,-84.722
833.98,-83.264
834.23,-81.504
834.47,-84.025
834.72,-84.863
834.96,-86.607
835.21,-84.250
835.45,-83.616
835.69,-81.282
835.94,-85.606
836.18,-83.974
836.43,-82.336
836.67,-86.547
836.91,-87.208
837.16,-84.773
837.40,-81.735
837.65,-83.438
837.89,-83.683
838.13,-84.004
838.38,-81.432
838.62,-80.876
838.87,-81.965
839.11,-84.418
839.36,-81.914
839.60,-83.983
839.84,-85.875
840.09,-83.665
840.33,-83.536
840.58,-83.783
840.82,-82.822
841.06,-84.513
841.31,-84.840
841.55,-83.992
841.80,-82.051
842.04,-85.561
842.29,-83.693
842.53,-84.714
842.77,-83.812
843.02,-82.870
843.26,-82.857
843.51,-82.475
843.75,-83.266
843.99,-83.040
844.24,-81.646
844.48,-83.708
844.73,-81.850
844.97,-82.949
845.21,-83.542
845.46,-83.232
845.70,-84.893
845.95,-81.378
846.19,-81.139
846.44,-83.224
846.68,-84.090
846.92,-81.219
847.17,-81.289
847.41,-81.826
847.66,-82.034
847.90,-82.666
848.14,-82.500
848.39,-81.454
848.63,-82.466
848.88,-84.251
849.12,-83.156
849.37,-83.980
849.61,-83.584
849.85,-83.140
850.10,-81.762
850.34,-80.441
850.59,-80.672
850.83,-80.925
851.07,-80.868
851.32,-82.392
851.56,-81.693
851.81,-82.264
852.05,-81.705
852.29,-81.993
852.54,-82.113
852.78,-82.625
853.03,-83.758
853.27,-81.906
853.52,-81.073
853.76,-83.000
854.00,-80.881
854.25,-80.766
854.49,-81.945
854.74,-80.996
854.98,-81.738
855.22,-79.979
855.47,-80.861
855.71,-83.328
855.96,-81.937
856.20,-81.347
856.45,-83.675
856.69,-81.233
856.93,-82.013
857.18,-83.519
857.42,-83.081
857.67,-82.123
857.91,-80.859
858.15,-82.490
858.40,-80.661
858.64,-81.210
858.89,-79.688
859.13,-82.165
859.38,-80.781
859.62,-80.555
859.86,-82.060
860.11,-82.893
860.35,-84.825
860.60,-81.201
860.84,-83.055
861.08,-81.174
861.33,-82.132
861.57,-81.909
861.82,-83.330
862.06,-79.487
862.30,-82.011
862.55,-79.989
862.79,-79.275
863.04,-81.497
863.28,-81.019
863.53,-79.630
863.77,-79.207
864.01,-80.642
864.26,-80.096
864.50,-83.082
864.75,-79.793
864.99,-81.046
865.23,-81.684
865.48,-81.039
865.72,-80.359
865.97,-79.352
866.21,-82.462
866.46,-79.385
866.70,-82.635
866.94,-81.503
867.19,-79.927
867.43,-80.612
867.68,-82.211
867.92,-81.932
868.16,-82.454
868.41,-82.172
868.65,-80.234
868.90,-79.810
869.14,-81.139
869.38,-80.526
869.63,-80.109
869.87,-81.187
870.12,-80.584
870.36,-81.653
870.61,-82.483
870.85,-79.341
871.09,-79.854
871.34,-81.253
871.58,-78.549
871.83,-79.631
872.07,-79.539
872.31,-77.547
872.56,-80.499
872.80,-80.428
873.05,-81.070
873.29,-79.491
873.54,-81.468
873.78,-79.266
874.02,-80.620
874.27,-80.007
874.51,-80.161
874.76,-80.559
875.00,-82.521
875.24,-81.733
875.49,-81.415
875.73,-78.437
875.98,-82.916
876.22,-82.467
876.46,-78.046
876.71,-82.524
876.95,-79.779
877.20,-79.176
877.44,-80.257
877.69,-78.652
877.93,-81.489
878.17,-82.177
878.42,-79.772
878.66,-78.886
878.91,-79.316
879.15,-77.516
879.39,-78.351
879.64,-79.492
879.88,-80.250
880.13,-80.361
880.37,-80.926
880.62,-77.588
880.86,-80.110
881.10,-80.914
881.35,-78.677
881.59,-81.756
881.84,-78.894
882.08,-79.249
882.32,-78.675
882.57,-80.030
882.81,-80.175
883.06,-81.564
883.30,-80.134
883.54,-80.501
883.79,-82.476
884.03,-78.901
884.28,-84.252
884.52,-79.168
884.77,-78.832
885.01,-81.284
885.25,-80.747
885.50,-78.178
885.74,-77.106
885.99,-77.626
886.23,-79.404
886.47,-78.930
886.72,-79.003
886.96,-78.436
887.21,-77.758
887.45,-78.806
887.70,-77.204
887.94,-79.871
888.18,-78.076
888.43,-77.787
888.67,-78.585
888.92,-77.335
889.16,-78.268
889.40,-79.255
889.65,-79.439
889.89,-79.746
890.14,-79.545
890.38,-76.649
890.62,-76.886
890.87,-77.614
891.11,-77.551
891.36,-78.702
891.60,-78.625
891.85,-77.519
892.09,-80.599
892.33,-78.008
892.58,-78.957
892.82,-77.328
893.07,-79.685
893.31,-78.534
893.55,-77.051
893.80,-77.725
894.04,-77.841
894.29,-78.318
894.53,-77.007
894.78,-77.827
895.02,-78.058
895.26,-76.736
895.51,-77.765
895.75,-79.443
896.00,-78.222
896.24,-77.405
896.48,-78.253
896.73,-77.226
896.97,-76.816
897.22,-78.177
897.46,-77.547
897.71,-76.328
897.95,-75.904
898.19,-78.202
898.44,-76.506
898.68,-78.409
898.93,-78.638
899.17,-76.678
899.41,-75.959
899.66,-76.859
899.90,-76.623
900.15,-78.453
900.39,-76.321
900.63,-76.126
900.88,-76.082
901.12,-76.118
901.37,-77.660
901.61,-77.132
901.86,-77.794
902.10,-77.186
902.34,-76.413
902.59,-76.176
902.83,-76.953
903.08,-77.309
903.32,-75.474
903.56,-78.132
903.81,-78.839
904.05,-78.084
904.30,-76.908
904.54,-76.516
904.79,-74.884
905.03,-76.135
905.27,-73.923
905.52,-74.995
905.76,-78.326
906.01,-75.259
906.25,-75.186
906.49,-77.098
906.74,-73.974
906.98,-76.356
907.23,-75.060
907.47,-77.353
907.71,-78.128
907.96,-75.735
908.20,-75.775
908.45,-74.870
908.69,-74.629
908.94,-77.397
909.18,-77.052
909.42,-74.722
909.67,-74.183
909.91,-77.124
910.16,-78.684
910.40,-75.129
910.64,-75.710
910.89,-77.118
911.13,-76.816
911.38,-75.612
911.62,-75.828
911.87,-77.728
912.11,-75.761
912.35,-74.939
912.60,-75.620
912.84,-74.379
913.09,-75.665
913.33,-74.081
913.57,-74.566
913.82,-75.395
914.06,-73.335
914.31,-74.995
914.55,-74.373
914.79,-75.092
915.04,-75.485
915.28,-76.187
915.53,-75.117
915.77,-74.574
916.02,-76.401
916.26,-74.883
916.50,-77.289
916.75,-76.861
916.99,-74.732
917.24,-75.420
917.48,-73.949
917.72,-75.204
917.97,-74.948
918.21,-73.985
918.46,-72.946
918.70,-73.641
918.95,-75.846
919.19,-73.255
919.43,-72.480
919.68,-73.916
919.92,-74.748
920.17,-75.019
920.41,-73.434
920.65,-75.090
920.90,-75.628
921.14,-71.393
921.39,-72.599
921.63,-74.485
921.88,-72.100
922.12,-72.154
922.36,-74.376
922.61,-74.851
922.85,-74.294
923.10,-72.693
923.34,-73.997
923.58,-72.029
923.83,-73.850
924.07,-72.615
924.32,-72.388
924.56,-71.553
924.80,-71.770
925.05,-72.425
925.29,-71.682
925.54,-72.733
925.78,-71.040
926.03,-73.206
926.27,-75.143
926.51,-70.699
926.76,-71.646
927.00,-72.008
927.25,-70.669
927.49,-72.395
927.73,-74.385
927.98,-72.671
928.22,-71.014
928.47,-72.124
928.71,-71.951
928.96,-72.922
929.20,-74.965
929.44,-72.182
929.69,-71.673
929.93,-75.124
930.18,-74.542
930.42,-73.425
930.66,-69.254
930.91,-69.025
931.15,-72.581
931.40,-71.058
931.64,-70.940
931.88,-71.140
932.13,-73.717
932.37,-72.534
932.62,-70.766
932.86,-73.940
933.11,-72.476
933.35,-70.827
933.59,-70.822
933.84,-70.861
934.08,-70.425
934.33,-68.336
934.57,-70.255
934.81,-70.483
935.06,-68.771
935.30,-70.433
935.55,-71.365
935.79,-69.701
936.04,-69.769
936.28,-69.502
936.52,-67.907
936.77,-69.951
937.01,-72.596
937.26,-71.037
937.50,-73.423
937.74,-70.400
937.99,-69.206
938.23,-70.870
938.48,-71.673
938.72,-71.334
938.96,-69.828
939.21,-70.456
939.45,-67.448
939.70,-68.179
939.94,-69.900
940.19,-68.570
940.43,-70.886
940.67,-71.200
940.92,-67.291
941.16,-68.888
941.41,-70.995
941.65,-71.284
941.89,-68.892
942.14,-68.876
942.38,-70.621
942.63,-68.618
942.87,-67.674
943.12,-71.026
943.36,-69.907
943.60,-68.995
943.85,-68.723
944.09,-71.392
944.34,-70.868
944.58,-72.107
944.82,-72.700
945.07,-70.038
945.31,-69.302
945.56,-67.669
945.80,-68.614
946.04,-66.796
946.29,-68.733
946.53,-70.008
946.78,-69.319
947.02,-70.416
947.27,-71.554
947.51,-68.773
947.75,-71.240
948.00,-69.828
948.24,-71.833
948.49,-69.942
948.73,-71.065
948.97,-71.718
949.22,-69.891
949.46,-67.701
949.71,-69.968
949.95,-73.020
950.20,-70.354
950.44,-68.580
950.68,-68.541
950.93,-69.150
951.17,-71.176
951.42,-70.678
951.66,-71.685
951.90,-70.046
952.15,-69.723
952.39,-68.915
952.64,-72.076
952.88,-71.752
953.12,-70.707
953.37,-67.239
953.61,-69.324
953.86,-71.399
954.10,-72.037
954.35,-69.562
954.59,-72.050
954.83,-72.456
955.08,-73.461
955.32,-72.630
955.57,-71.154
955.81,-69.324
956.05,-73.393
956.30,-70.276
956.54,-71.644
956.79,-68.831
957.03,-70.896
957.28,-69.116
957.52,-68.993
957.76,-72.146
958.01,-69.052
958.25,-68.565
958.50,-70.387
958.74,-70.195
958.98,-70.863
959.23,-73.140
959.47,-72.940
959.72,-71.980
959.96,-71.062
960.21,-69.024
960.45,-72.549
960.69,-73.110
960.94,-71.730
961.18,-71.040
961.43,-69.752
961.67,-71.731
961.91,-72.283
962.16,-72.020
962.40,-70.274
962.65,-71.046
962.89,-70.952
963.13,-71.807
963.38,-72.014
963.62,-71.399
963.87,-72.289
964.11,-70.614
964.36,-71.359
964.60,-70.169
964.84,-71.628
965.09,-72.666
965.33,-72.149
965.58,-71.577
965.82,-72.815
966.06,-72.614
966.31,-73.221
966.55,-71.858
966.80,-71.299
967.04,-72.198
967.29,-71.791
967.53,-72.872
967.77,-74.254
968.02,-73.443
968.26,-71.248
968.51,-72.001
968.75,-73.377
968.99,-71.537
969.24,-72.866
969.48,-74.042
969.73,-72.345
969.97,-71.584
970.21,-73.360
970.46,-73.344
970.70,-70.255
970.95,-72.332
971.19,-73.940
971.44,-75.854
971.68,-73.386
971.92,-74.206
972.17,-74.518
972.41,-71.416
972.66,-73.304
972.90,-74.703
973.14,-71.602
973.39,-73.458
973.63,-74.240
973.88,-76.262
974.12,-75.089
974.37,-74.421
974.61,-73.505
974.85,-72.592
975.10,-73.623
975.34,-74.108
975.59,-73.086
975.83,-72.755
976.07,-71.922
976.32,-71.563
976.56,-74.161
976.81,-73.480
977.05,-74.413
977.29,-73.810
977.54,-73.644
977.78,-75.996
978.03,-73.266
978.27,-75.493
978.52,-77.104
978.76,-76.110
979.00,-74.342
979.25,-73.272
979.49,-75.622
979.74,-72.014
979.98,-71.888
980.22,-73.749
980.47,-74.371
980.71,-76.990
980.96,-74.820
981.20,-76.300
981.45,-76.572
981.69,-76.666
981.93,-77.236
982.18,-74.119
982.42,-76.497
982.67,-73.758
982.91,-75.252
983.15,-74.830
983.40,-75.762
983.64,-75.093
983.89,-76.535
984.13,-76.488
984.38,-75.927
984.62,-77.354
984.86,-77.893
985.11,-76.893
985.35,-76.386
985.60,-76.703
985.84,-75.756
986.08,-76.604
986.33,-74.972
986.57,-74.447
986.82,-74.675
987.06,-74.017
987.30,-75.759
987.55,-75.678
987.79,-76.035
988.04,-75.257
988.28,-76.152
988.53,-76.226
988.77,-75.715
989.01,-77.456
989.26,-75.215
989.50,-75.845
989.75,-73.653
989.99,-77.297
990.23,-78.410
990.48,-76.535
990.72,-78.605
990.97,-75.964
991.21,-74.903
991.46,-74.712
991.70,-74.532
991.94,-78.208
992.19,-78.210
992.43,-76.827
992.68,-74.289
992.92,-77.101
993.16,-78.364
993.41,-80.875
993.65,-79.155
993.90,-78.690
994.14,-78.124
994.38,-79.622
994.63,-77.852
994.87,-76.167
995.12,-74.905
995.36,-78.551
995.61,-79.062
995.85,-78.230
996.09,-77.601
996.34,-77.104
996.58,-76.936
996.83,-76.553
997.07,-78.854
997.31,-78.086
997.56,-77.121
997.80,-78.302
998.05,-79.029
998.29,-75.542
998.54,-76.642
998.78,-77.031
999.02,-76.232
999.27,-74.329
999.51,-76.832
999.76,-77.286
1000.00,-79.213
1000.24,-76.535
1000.49,-77.476
1000.73,-78.432
1000.98,-79.249
1001.22,-79.609
1001.46,-77.916
1001.71,-79.211
1001.95,-76.246
1002.20,-79.712
1002.44,-78.705
1002.69,-79.061
1002.93,-76.949
1003.17,-77.694
1003.42,-76.481
1003.66,-78.444
1003.91,-76.631
1004.15,-79.607
1004.39,-79.176
1004.64,-77.613
1004.88,-77.513
1005.13,-77.750
1005.37,-79.049
1005.62,-78.097
1005.86,-77.943
1006.10,-79.955
1006.35,-77.441
1006.59,-78.031
1006.84,-76.909
1007.08,-78.679
1007.32,-78.280
1007.57,-78.260
1007.81,-79.000
1008.06,-76.953
1008.30,-78.961
1008.54,-78.903
1008.79,-78.352
1009.03,-76.924
1009.28,-76.901
1009.52,-78.767
1009.77,-80.434
1010.01,-80.436
1010.25,-77.492
1010.50,-76.473
1010.74,-78.197
1010.99,-76.517
1011.23,-75.104
1011.47,-75.810
1011.72,-78.267
1011.96,-77.598
1012.21,-79.019
1012.45,-79.657
1012.70,-79.653
1012.94,-80.993
1013.18,-78.820
1013.43,-77.808
1013.67,-79.982
1013.92,-77.567
1014.16,-78.431
1014.40,-78.724
1014.65,-76.090
1014.89,-79.859
1015.14,-80.917
1015.38,-80.128
1015.62,-78.224
1015.87,-82.127
1016.11,-80.948
1016.36,-79.837
1016.60,-81.596
1016.85,-78.887
1017.09,-79.386
1017.33,-78.129
1017.58,-79.051
1017.82,-81.438
1018.07,-78.139
1018.31,-79.566
1018.55,-77.200
1018.80,-77.069
1019.04,-77.798
1019.29,-77.485
1019.53,-78.863
1019.78,-78.923
1020.02,-82.635
1020.26,-77.476
1020.51,-79.747
1020.75,-80.309
1021.00,-78.518
1021.24,-80.570
1021.48,-80.729
1021.73,-81.203
1021.97,-79.936
1022.22,-79.023
1022.46,-78.762
1022.71,-80.161
1022.95,-78.342
1023.19,-80.105
1023.44,-82.060
1023.68,-81.439
1023.93,-78.574
1024.17,-80.828
1024.41,-80.080
1024.66,-83.128
1024.90,-79.581
1025.15,-81.267
1025.39,-79.573
1025.63,-78.922
1025.88,-81.229
1026.12,-80.990
1026.37,-77.837
1026.61,-78.703
1026.86,-78.393
1027.10,-78.643
1027.34,-81.305
1027.59,-80.936
1027.83,-81.528
1028.08,-81.853
1028.32,-81.721
1028.56,-81.754
1028.81,-82.718
1029.05,-80.410
1029.30,-81.377
1029.54,-79.743
1029.79,-83.087
1030.03,-81.535
1030.27,-79.228
1030.52,-82.430
1030.76,-83.653
1031.01,-81.522
1031.25,-80.848
1031.49,-78.746
1031.74,-81.631
1031.98,-81.758
1032.23,-80.197
1032.47,-81.008
1032.71,-80.459
1032.96,-81.061
1033.20,-81.432
1033.45,-81.508
1033.69,-78.668
1033.94,-79.992
1034.18,-78.523
1034.42,-82.753
1034.67,-80.058
1034.91,-80.689
1035.16,-81.149
1035.40,-80.815
1035.64,-81.531
1035.89,-81.434
1036.13,-81.060
1036.38,-80.813
1036.62,-82.216
1036.87,-81.424
1037.11,-82.810
1037.35,-80.545
1037.60,-78.516
1037.84,-81.040
1038.09,-82.510
1038.33,-81.937
1038.57,-80.155
1038.82,-79.427
1039.06,-80.810
1039.31,-82.261
1039.55,-84.453
1039.79,-81.145
1040.04,-80.310
1040.28,-81.609
1040.53,-81.030
1040.77,-80.451
1041.02,-81.427
1041.26,-83.485
1041.50,-79.723
1041.75,-80.726
1041.99,-78.512
1042.24,-80.826
1042.48,-82.023
1042.72,-82.864
1042.97,-81.981
1043.21,-80.384
1043.46,-81.882
1043.70,-81.156
1043.95,-79.353
1044.19,-80.274
1044.43,-80.229
1044.68,-81.438
1044.92,-80.962
1045.17,-82.613
1045.41,-81.161
1045.65,-80.093
1045.90,-83.224
1046.14,-82.507
1046.39,-83.609
1046.63,-83.135
1046.88,-81.949
1047.12,-83.478
1047.36,-80.668
1047.61,-84.963
1047.85,-85.468
1048.10,-84.468
1048.34,-79.613
1048.58,-78.995
1048.83,-80.479
1049.07,-79.922
1049.32,-83.023
1049.56,-81.972
1049.80,-81.415
1050.05,-82.998
1050.29,-79.814
1050.54,-82.293
1050.78,-81.389
1051.03,-84.064
1051.27,-83.283
1051.51,-81.753
1051.76,-80.883
1052.00,-80.418
1052.25,-82.313
1052.49,-83.924
1052.73,-81.053
1052.98,-82.704
1053.22,-79.618
1053.47,-80.251
1053.71,-83.721
1053.96,-85.506
1054.20,-82.198
1054.44,-80.203
1054.69,-83.629
1054.93,-82.337
1055.18,-82.871
1055.42,-83.791
1055.66,-83.963
1055.91,-84.397
1056.15,-81.791
1056.40,-82.104
1056.64,-83.523
1056.88,-80.148
1057.13,-82.939
1057.37,-82.899
1057.62,-79.783
1057.86,-81.251
1058.11,-82.054
1058.35,-84.546
1058.59,-82.062
1058.84,-81.387
1059.08,-82.997
1059.33,-82.574
1059.57,-82.576
1059.81,-81.566
1060.06,-82.359
1060.30,-80.727
1060.55,-81.184
1060.79,-82.447
1061.04,-82.662
1061.28,-80.719
1061.52,-82.811
1061.77,-83.476
1062.01,-84.335
1062.26,-84.360
1062.50,-84.373
1062.74,-82.410
1062.99,-82.711
1063.23,-80.001
1063.48,-80.226
1063.72,-82.138
1063.96,-81.690
1064.21,-84.524
1064.45,-82.840
1064.70,-84.372
1064.94,-83.467
1065.19,-84.820
1065.43,-83.828
1065.67,-83.279
1065.92,-83.798
1066.16,-84.051
1066.41,-84.944
1066.65,-82.614
1066.89,-82.036
1067.14,-82.605
1067.38,-80.070
1067.63,-84.688
1067.87,-81.420
1068.12,-83.514
1068.36,-82.149
1068.60,-82.011
1068.85,-86.202
1069.09,-82.951
1069.34,-83.774
1069.58,-83.491
1069.82,-82.209
1070.07,-83.723
1070.31,-86.498
1070.56,-83.027
1070.80,-80.869
1071.04,-80.832
1071.29,-82.050
1071.53,-83.297
1071.78,-84.243
1072.02,-81.988
1072.27,-82.821
1072.51,-82.344
1072.75,-82.961
1073.00,-83.127
1073.24,-83.939
1073.49,-84.066
1073.73,-84.289
1073.97,-86.664
1074.22,-83.085
1074.46,-81.949
1074.71,-82.591
1074.95,-84.122
1075.20,-85.846
1075.44,-85.602
1075.68,-83.678
1075.93,-83.159
1076.17,-84.390
1076.42,-81.965
1076.66,-84.860
1076.90,-86.537
1077.15,-85.043
1077.39,-82.417
1077.64,-83.213
1077.88,-83.227
1078.12,-82.081
1078.37,-83.766
1078.61,-83.739
1078.86,-82.528
1079.10,-84.260
1079.35,-82.935
1079.59,-83.142
1079.83,-84.267
1080.08,-82.588
1080.32,-84.122
1080.57,-81.082
1080.81,-83.594
1081.05,-82.728
1081.30,-83.267
1081.54,-84.899
1081.79,-84.618
1082.03,-83.975
1082.28,-84.267
1082.52,-84.634
1082.76,-86.524
1083.01,-84.788
1083.25,-81.999
1083.50,-83.476
1083.74,-82.447
1083.98,-85.546
1084.23,-82.953
1084.47,-85.630
1084.72,-86.457
1084.96,-84.491
1085.21,-84.944
1085.45,-83.853
1085.69,-83.256
1085.94,-82.812
1086.18,-81.946
1086.43,-82.924
1086.67,-83.917
1086.91,-83.416
1087.16,-86.146
1087.40,-84.311
1087.65,-82.787
1087.89,-81.687
1088.13,-84.012
1088.38,-84.322
1088.62,-84.937
1088.87,-86.068
1089.11,-82.972
1089.36,-84.167
1089.60,-81.477
1089.84,-82.355
1090.09,-83.588
1090.33,-83.076
1090.58,-84.099
1090.82,-85.954
1091.06,-81.424
1091.31,-82.627
1091.55,-83.564
1091.80,-82.713
1092.04,-83.138
1092.29,-85.091
1092.53,-86.574
1092.77,-82.336
1093.02,-83.457
1093.26,-83.504
1093.51,-82.974
1093.75,-84.180
1093.99,-82.765
1094.24,-83.407
1094.48,-83.570
1094.73,-82.644
1094.97,-84.880
1095.21,-85.984
1095.46,-85.488
1095.70,-82.819
1095.95,-83.297
1096.19,-80.624
1096.44,-85.145
1096.68,-83.069
1096.92,-84.172
1097.17,-83.547
1097.41,-85.209
1097.66,-84.112
1097.90,-86.263
1098.14,-81.699
1098.39,-84.630
1098.63,-84.697
1098.88,-83.945
1099.12,-86.139
1099.37,-82.727
1099.61,-84.022
1099.85,-82.795
1100.10,-84.196
1100.34,-85.993
1100.59,-82.643
1100.83,-82.282
1101.07,-84.958
1101.32,-85.328
1101.56,-86.124
1101.81,-85.678
1102.05,-83.895
1102.29,-84.550
1102.54,-85.148
1102.78,-84.647
1103.03,-82.910
1103.27,-81.786
1103.52,-85.710
1103.76,-85.343
1104.00,-85.565
1104.25,-82.582
1104.49,-82.824
1104.74,-85.562
1104.98,-85.997
1105.22,-84.481
1105.47,-84.058
1105.71,-84.643
1105.96,-82.977
1106.20,-83.320
1106.45,-84.975
1106.69,-83.421
1106.93,-83.147
1107.18,-82.306
1107.42,-83.851
1107.67,-83.185
1107.91,-83.505
1108.15,-82.427
1108.40,-84.664
1108.64,-85.750
1108.89,-84.674
1109.13,-84.350
1109.38,-84.775
1109.62,-82.537
1109.86,-83.232
1110.11,-83.984
1110.35,-83.393
1110.60,-84.357
1110.84,-84.887
1111.08,-84.672
1111.33,-82.957
1111.57,-81.982
1111.82,-82.091
1112.06,-84.923
1112.30,-87.468
1112.55,-84.294
1112.79,-85.080
1113.04,-81.782
1113.28,-84.889
1113.53,-83.709
1113.77,-83.571
1114.01,-84.813
1114.26,-85.065
1114.50,-84.087
1114.75,-83.879
1114.99,-83.168
1115.23,-82.321
1115.48,-82.722
1115.72,-85.257
1115.97,-84.558
1116.21,-84.131
1116.46,-87.251
1116.70,-87.726
1116.94,-84.525
1117.19,-84.481
1117.43,-86.543
1117.68,-87.089
1117.92,-85.351
1118.16,-82.464
1118.41,-83.765
1118.65,-83.723
1118.90,-84.312
1119.14,-83.575
1119.38,-85.218
1119.63,-85.694
1119.87,-84.291
1120.12,-84.928
1120.36,-84.268
1120.61,-84.838
1120.85,-82.682
1121.09,-83.006
1121.34,-83.798
1121.58,-83.898
1121.83,-86.390
1122.07,-87.074
1122.31,-84.031
1122.56,-87.529
1122.80,-84.792
1123.05,-84.010
1123.29,-83.327
1123.54,-86.063
1123.78,-84.450
1124.02,-83.041
1124.27,-83.181
1124.51,-85.256
1124.76,-83.759
1125.00,-83.480
1125.24,-85.931
1125.49,-84.295
1125.73,-83.455
1125.98,-83.796
1126.22,-85.644
1126.46,-86.008
1126.71,-83.622
1126.95,-81.958
1127.20,-83.342
1127.44,-84.578
1127.69,-85.983
1127.93,-83.011
1128.17,-83.584
1128.42,-81.493
1128.66,-82.385
1128.91,-84.093
1129.15,-84.147
1129.39,-83.267
1129.64,-80.799
1129.88,-82.146
1130.13,-86.401
1130.37,-84.473
1130.62,-85.842
1130.86,-85.995
1131.10,-81.119
1131.35,-80.757
1131.59,-84.210
1131.84,-86.141
1132.08,-83.509
1132.32,-84.461
1132.57,-83.353
1132.81,-82.765
1133.06,-83.982
1133.30,-82.989
1133.54,-83.337
1133.79,-82.785
1134.03,-82.796
1134.28,-83.466
1134.52,-83.063
1134.77,-84.754
1135.01,-83.791
1135.25,-84.557
1135.50,-82.518
1135.74,-85.158
1135.99,-82.624
1136.23,-84.851
1136.47,-83.864
1136.72,-85.974
1136.96,-85.220
1137.21,-84.982
1137.45,-87.016
1137.70,-84.562
1137.94,-82.112
1138.18,-85.310
1138.43,-83.539
1138.67,-84.040
1138.92,-84.028
1139.16,-81.454
1139.40,-84.835
1139.65,-85.069
1139.89,-84.178
1140.14,-82.124
1140.38,-82.463
1140.62,-83.742
1140.87,-83.600
1141.11,-83.895
1141.36,-82.058
1141.60,-83.077
1141.85,-87.540
1142.09,-85.711
1142.33,-84.514
1142.58,-84.803
1142.82,-84.392
1143.07,-82.313
1143.31,-85.305
1143.55,-86.703
1143.80,-85.201
1144.04,-85.624
1144.29,-84.062
1144.53,-84.205
1144.78,-84.046
1145.02,-84.072
1145.26,-86.035
1145.51,-85.790
1145.75,-84.194
1146.00,-82.374
1146.24,-82.254
1146.48,-83.173
1146.73,-82.957
1146.97,-84.075
1147.22,-81.908
1147.46,-83.430
1147.71,-82.998
1147.95,-84.388
1148.19,-85.949
1148.44,-86.656
1148.68,-87.438
1148.93,-85.590
1149.17,-85.889
1149.41,-85.404
1149.66,-85.649
1149.90,-84.753
1150.15,-84.047
1150.39,-84.801
1150.63,-83.609
1150.88,-86.103
1151.12,-87.628
1151.37,-87.276
1151.61,-83.069
1151.86,-84.245
1152.10,-85.307
1152.34,-85.357
1152.59,-83.610
1152.83,-85.178
1153.08,-83.686
1153.32,-86.090
1153.56,-85.174
1153.81,-84.434
1154.05,-82.581
1154.30,-83.195
1154.54,-82.242
1154.79,-84.666
1155.03,-85.109
1155.27,-83.883
1155.52,-83.209
1155.76,-84.384
1156.01,-84.744
1156.25,-87.459
1156.49,-87.250
1156.74,-86.592
1156.98,-85.124
1157.23,-84.361
1157.47,-83.798
1157.71,-85.754
1157.96,-83.059
1158.20,-85.231
1158.45,-85.551
1158.69,-84.083
1158.94,-85.943
1159.18,-83.275
1159.42,-83.353
1159.67,-87.724
1159.91,-85.098
1160.16,-83.757
1160.40,-85.119
1160.64,-84.280
1160.89,-88.054
1161.13,-87.766
1161.38,-84.749
1161.62,-84.493
1161.87,-84.863
1162.11,-82.350
1162.35,-82.507
1162.60,-86.523
1162.84,-84.978
1163.09,-87.360
1163.33,-83.557
1163.57,-82.925
1163.82,-82.776
1164.06,-84.283
1164.31,-86.412
1164.55,-86.762
1164.79,-84.970
1165.04,-83.618
1165.28,-84.519
1165.53,-83.850
1165.77,-85.708
1166.02,-83.570
1166.26,-85.635
1166.50,-83.853
1166.75,-86.253
1166.99,-84.556
1167.24,-84.704
1167.48,-84.727
1167.72,-85.222
1167.97,-84.549
1168.21,-84.325
1168.46,-86.744
1168.70,-85.040
1168.95,-84.994
1169.19,-85.149
1169.43,-84.413
1169.68,-85.507
1169.92,-86.304
1170.17,-82.884
1170.41,-85.736
1170.65,-86.636
1170.90,-84.544
1171.14,-84.386
1171.39,-85.097
1171.63,-86.894
1171.88,-84.256
1172.12,-86.859
1172.36,-85.572
1172.61,-84.486
1172.85,-82.788
1173.10,-85.173
1173.34,-87.032
1173.58,-83.453
1173.83,-83.392
1174.07,-85.775
1174.32,-85.537
1174.56,-84.915
1174.80,-85.077
1175.05,-86.102
1175.29,-87.652
1175.54,-85.061
1175.78,-86.554
1176.03,-83.420
1176.27,-86.827
1176.51,-85.839
1176.76,-87.367
1177.00,-86.823
1177.25,-83.613
1177.49,-83.561
1177.73,-83.897
1177.98,-85.017
1178.22,-84.130
1178.47,-84.987
1178.71,-84.024
1178.96,-86.170
1179.20,-85.270
1179.44,-84.674
1179.69,-86.725
1179.93,-88.737
1180.18,-82.547
1180.42,-83.502
1180.66,-85.255
1180.91,-85.068
1181.15,-83.345
1181.40,-86.442
1181.64,-86.419
1181.88,-86.561
1182.13,-85.390
1182.37,-84.730
1182.62,-84.472
1182.86,-85.294
1183.11,-82.759
1183.35,-81.025
1183.59,-81.189
1183.84,-83.934
1184.08,-83.662
1184.33,-82.607
1184.57,-83.839
1184.81,-80.700
1185.06,-83.498
1185.30,-85.469
1185.55,-82.262
1185.79,-85.112
1186.04,-86.502
1186.28,-85.861
1186.52,-85.151
1186.77,-85.568
1187.01,-83.631
1187.26,-84.628
1187.50,-84.530
1187.74,-85.498
1187.99,-83.669
1188.23,-82.576
1188.48,-84.287
1188.72,-83.248
1188.96,-86.535
1189.21,-83.849
1189.45,-85.358
1189.70,-86.374
1189.94,-85.393
1190.19,-84.827
1190.43,-85.273
1190.67,-82.990
1190.92,-85.470
1191.16,-85.646
1191.41,-84.056
1191.65,-88.108
1191.89,-86.742
1192.14,-83.503
1192.38,-86.224
1192.63,-86.401
1192.87,-84.167
1193.12,-83.565
1193.36,-86.234
1193.60,-83.226
1193.85,-85.489
1194.09,-83.991
1194.34,-85.968
1194.58,-85.075
1194.82,-83.974
1195.07,-82.718
1195.31,-85.220
1195.56,-85.957
1195.80,-84.062
1196.04,-85.351
1196.29,-83.215
1196.53,-82.662
1196.78,-84.172
1197.02,-84.203
1197.27,-82.649
1197.51,-84.031
1197.75,-81.765
1198.00,-82.343
1198.24,-86.078
1198.49,-83.434
1198.73,-82.885
1198.97,-85.367
1199.22,-86.368
1199.46,-80.771
1199.71,-84.789
1199.95,-84.081
1200.20,-87.261
1200.44,-85.091
1200.68,-84.362
1200.93,-84.024
1201.17,-84.945
1201.42,-85.466
1201.66,-83.954
1201.90,-82.763
1202.15,-84.122
1202.39,-86.272
1202.64,-87.266
1202.88,-84.217
1203.12,-85.281
1203.37,-85.585
1203.61,-82.933
1203.86,-83.842
1204.10,-83.948
1204.35,-83.375
1204.59,-80.917
1204.83,-82.935
1205.08,-84.270
1205.32,-82.774
1205.57,-84.222
1205.81,-83.189
1206.05,-84.216
1206.30,-83.219
1206.54,-84.895
1206.79,-85.780
1207.03,-83.679
1207.28,-84.159
1207.52,-85.945
1207.76,-85.088
1208.01,-84.768
1208.25,-84.800
1208.50,-86.008
1208.74,-83.467
1208.98,-84.204
1209.23,-84.122
1209.47,-83.848
1209.72,-84.023
1209.96,-84.469
1210.21,-83.141
1210.45,-82.587
1210.69,-84.561
1210.94,-83.944
1211.18,-83.128
1211.43,-81.758
1211.67,-83.408
1211.91,-81.362
1212.16,-82.992
1212.40,-83.586
1212.65,-84.101
1212.89,-82.201
1213.13,-83.332
1213.38,-83.716
1213.62,-82.849
1213.87,-84.036
1214.11,-84.435
1214.36,-82.910
1214.60,-85.121
1214.84,-83.610
1215.09,-84.835
1215.33,-86.793
1215.58,-85.985
1215.82,-82.512
1216.06,-83.270
1216.31,-84.530
1216.55,-84.511
1216.80,-84.471
1217.04,-82.492
1217.29,-81.440
1217.53,-83.861
1217.77,-83.092
1218.02,-83.872
1218.26,-83.930
1218.51,-84.748
1218.75,-83.710
1218.99,-85.722
1219.24,-82.967
1219.48,-81.576
1219.73,-81.762
1219.97,-84.601
1220.21,-83.965
1220.46,-85.371
1220.70,-84.547
1220.95,-83.687
1221.19,-83.064
1221.44,-86.364
1221.68,-83.542
1221.92,-82.503
1222.17,-84.807
1222.41,-84.542
1222.66,-85.845
1222.90,-83.686
1223.14,-85.490
1223.39,-85.743
1223.63,-85.142
1223.88,-83.066
1224.12,-84.151
1224.37,-83.189
1224.61,-84.342
1224.85,-83.944
1225.10,-83.804
1225.34,-83.756
1225.59,-81.935
1225.83,-85.235
1226.07,-82.930
1226.32,-86.722
1226.56,-85.171
1226.81,-84.530
1227.05,-84.340
1227.29,-83.051
1227.54,-83.600
1227.78,-83.500
1228.03,-84.847
1228.27,-85.063
1228.52,-86.368
1228.76,-85.623
1229.00,-84.609
1229.25,-84.522
1229.49,-83.810
1229.74,-84.346
1229.98,-83.706
1230.22,-83.869
1230.47,-84.414
1230.71,-83.789
1230.96,-84.774
1231.20,-85.322
1231.45,-82.830
1231.69,-81.442
1231.93,-84.070
1232.18,-81.816
1232.42,-83.997
1232.67,-83.803
1232.91,-84.078
1233.15,-83.501
1233.40,-83.542
1233.64,-82.382
1233.89,-83.148
1234.13,-82.722
1234.38,-82.882
1234.62,-82.785
1234.86,-81.871
1235.11,-83.199
1235.35,-81.922
1235.60,-81.374
1235.84,-84.496
1236.08,-81.433
1236.33,-82.272
1236.57,-81.044
1236.82,-81.449
1237.06,-83.145
1237.30,-83.104
1237.55,-84.360
1237.79,-85.088
1238.04,-83.197
1238.28,-82.779
1238.53,-83.218
1238.77,-84.277
1239.01,-82.889
1239.26,-86.634
1239.50,-84.973
1239.75,-82.484
1239.99,-86.419
1240.23,-83.821
1240.48,-82.233
1240.72,-83.909
1240.97,-82.227
1241.21,-84.433
1241.46,-82.985
1241.70,-83.670
1241.94,-84.930
1242.19,-84.606
1242.43,-84.203
1242.68,-84.319
1242.92,-83.473
1243.16,-83.857
1243.41,-81.855
1243.65,-83.273
1243.90,-83.127
1244.14,-81.831
1244.38,-80.048
1244.63,-81.523
1244.87,-81.536
1245.12,-83.161
1245.36,-81.499
1245.61,-82.054
1245.85,-82.630
1246.09,-81.129
1246.34,-84.002
1246.58,-82.404
1246.83,-81.993
1247.07,-81.600
1247.31,-82.929
1247.56,-83.040
1247.80,-86.321
1248.05,-82.033
1248.29,-83.023
1248.54,-80.850
1248.78,-83.777
1249.02,-83.357
1249.27,-82.999
1249.51,-82.363
1249.76,-82.223
1250.00,-83.915
1250.24,-83.971
1250.49,-82.803
1250.73,-83.446
1250.98,-81.877
1251.22,-83.539
1251.46,-81.400
1251.71,-81.902
1251.95,-82.672
1252.20,-85.479
1252.44,-82.885
1252.69,-84.214
1252.93,-84.082
1253.17,-82.165
1253.42,-83.070
1253.66,-85.293
1253.91,-81.454
1254.15,-82.710
1254.39,-82.517
1254.64,-83.111
1254.88,-81.230
1255.13,-82.635
1255.37,-83.349
1255.62,-84.300
1255.86,-80.123
1256.10,-82.559
1256.35,-83.013
1256.59,-82.757
1256.84,-81.580
1257.08,-83.038
1257.32,-81.396
1257.57,-80.734
1257.81,-82.876
1258.06,-82.887
1258.30,-82.792
1258.54,-81.603
1258.79,-82.525
1259.03,-81.262
1259.28,-84.046
1259.52,-83.146
1259.77,-82.876
1260.01,-80.732
1260.25,-80.373
1260.50,-80.366
1260.74,-84.306
1260.99,-82.572
1261.23,-83.369
1261.47,-79.407
1261.72,-80.909
1261.96,-80.410
1262.21,-82.327
1262.45,-81.916
1262.70,-83.118
1262.94,-81.799
1263.18,-81.934
1263.43,-82.299
1263.67,-84.704
1263.92,-83.134
1264.16,-83.272
1264.40,-81.925
1264.65,-80.293
1264.89,-83.081
1265.14,-83.968
1265.38,-82.843
1265.62,-81.498
1265.87,-83.615
1266.11,-85.789
1266.36,-83.869
1266.60,-82.304
1266.85,-84.306
1267.09,-83.546
1267.33,-85.856
1267.58,-81.946
1267.82,-81.221
1268.07,-80.993
1268.31,-80.768
1268.55,-83.477
1268.80,-81.624
1269.04,-84.433
1269.29,-82.017
1269.53,-82.146
1269.78,-82.884
1270.02,-83.102
1270.26,-81.908
1270.51,-82.662
1270.75,-83.479
1271.00,-82.299
1271.24,-84.099
1271.48,-82.064
1271.73,-84.465
1271.97,-81.674
1272.22,-81.845
1272.46,-82.717
1272.71,-82.072
1272.95,-81.731
1273.19,-82.315
1273.44,-82.246
1273.68,-82.096
1273.93,-81.903
1274.17,-80.767
1274.41,-80.795
1274.66,-82.826
1274.90,-81.937
1275.15,-81.568
1275.39,-81.580
1275.63,-80.290
1275.88,-84.869
1276.12,-81.041
1276.37,-81.506
1276.61,-79.129
1276.86,-83.507
1277.10,-80.242
1277.34,-79.881
1277.59,-80.233
1277.83,-81.412
1278.08,-80.111
1278.32,-80.656
1278.56,-80.319
1278.81,-80.712
1279.05,-79.883
1279.30,-81.337
1279.54,-79.760
1279.79,-80.613
1280.03,-80.497
1280.27,-80.897
1280.52,-82.870
1280.76,-78.892
1281.01,-80.474
1281.25,-81.531
1281.49,-81.517
1281.74,-79.644
1281.98,-79.228
1282.23,-82.490
1282.47,-80.814
1282.71,-80.969
1282.96,-82.788
1283.20,-80.598
1283.45,-80.108
1283.69,-82.364
1283.94,-81.644
1284.18,-83.395
1284.42,-79.809
1284.67,-79.990
1284.91,-80.976
1285.16,-81.667
1285.40,-78.857
1285.64,-80.020
1285.89,-81.199
1286.13,-78.965
1286.38,-79.919
1286.62,-79.800
1286.87,-82.042
1287.11,-81.836
1287.35,-82.100
1287.60,-79.524
1287.84,-79.983
1288.09,-79.387
1288.33,-80.500
1288.57,-79.453
1288.82,-80.105
1289.06,-81.123
1289.31,-80.576
1289.55,-79.418
1289.79,-80.750
1290.04,-79.172
1290.28,-80.421
1290.53,-80.379
1290.77,-81.437
1291.02,-79.736
1291.26,-81.290
1291.50,-80.264
1291.75,-80.320
1291.99,-81.472
1292.24,-78.536
1292.48,-78.563
1292.72,-79.678
1292.97,-78.724
1293.21,-80.587
1293.46,-78.104
1293.70,-80.062
1293.95,-84.323
1294.19,-80.678
1294.43,-78.648
1294.68,-81.957
1294.92,-77.346
1295.17,-78.867
1295.41,-79.012
1295.65,-81.556
1295.90,-79.647
1296.14,-81.125
1296.39,-79.182
1296.63,-81.145
1296.88,-78.705
1297.12,-79.851
1297.36,-78.663
1297.61,-78.073
1297.85,-77.955
1298.10,-77.886
1298.34,-78.620
1298.58,-78.198
1298.83,-79.864
1299.07,-80.562
1299.32,-77.230
1299.56,-80.261
1299.80,-81.491
1300.05,-80.446
1300.29,-79.412
1300.54,-80.329
1300.78,-81.686
1301.03,-79.410
1301.27,-81.053
1301.51,-80.614
1301.76,-79.016
1302.00,-79.262
1302.25,-79.096
1302.49,-82.186
1302.73,-81.349
1302.98,-82.357
1303.22,-82.417
1303.47,-81.459
1303.71,-81.788
1303.96,-81.911
1304.20,-79.603
1304.44,-82.496
1304.69,-81.352
1304.93,-81.601
1305.18,-81.018
1305.42,-78.317
1305.66,-77.683
1305.91,-79.968
1306.15,-78.253
1306.40,-80.737
1306.64,-79.533
1306.88,-80.038
1307.13,-79.706
1307.37,-78.256
1307.62,-77.968
1307.86,-79.607
1308.11,-79.265
1308.35,-78.579
1308.59,-79.846
1308.84,-78.985
1309.08,-80.508
1309.33,-81.569
1309.57,-79.645
1309.81,-79.138
1310.06,-77.568
1310.30,-79.429
1310.55,-77.935
1310.79,-78.410
1311.04,-81.972
1311.28,-80.355
1311.52,-78.990
1311.77,-79.958
1312.01,-78.544
1312.26,-78.220
1312.50,-76.272
1312.74,-78.907
1312.99,-77.450
1313.23,-77.266
1313.48,-79.048
1313.72,-80.069
1313.96,-79.470
1314.21,-80.631
1314.45,-80.634
1314.70,-79.837
1314.94,-79.232
1315.19,-79.549
1315.43,-79.929
1315.67,-79.008
1315.92,-77.838
1316.16,-77.241
1316.41,-77.939
1316.65,-79.226
1316.89,-79.206
1317.14,-76.683
1317.38,-77.462
1317.63,-77.494
1317.87,-78.780
1318.12,-76.469
1318.36,-77.379
1318.60,-76.367
1318.85,-76.458
1319.09,-78.979
1319.34,-78.193
1319.58,-79.640
1319.82,-79.261
1320.07,-80.219
1320.31,-79.990
1320.56,-81.788
1320.80,-78.265
1321.04,-82.060
1321.29,-78.523
1321.53,-78.460
1321.78,-77.038
1322.02,-77.701
1322.27,-78.222
1322.51,-79.168
1322.75,-76.355
1323.00,-77.877
1323.24,-78.442
1323.49,-77.667
1323.73,-78.470
1323.97,-78.653
1324.22,-77.916
1324.46,-79.170
1324.71,-78.043
1324.95,-77.524
1325.20,-78.490
1325.44,-77.079
1325.68,-76.161
1325.93,-79.074
1326.17,-79.428
1326.42,-78.327
1326.66,-78.381
1326.90,-80.325
1327.15,-79.430
1327.39,-77.202
1327.64,-77.034
1327.88,-76.911
1328.12,-76.909
1328.37,-76.099
1328.61,-75.527
1328.86,-76.141
1329.10,-76.996
1329.35,-77.703
1329.59,-78.433
1329.83,-77.989
1330.08,-76.548
1330.32,-75.541
1330.57,-76.312
1330.81,-77.268
1331.05,-76.487
1331.30,-76.447
1331.54,-77.293
1331.79,-76.967
1332.03,-74.549
1332.28,-75.061
1332.52,-78.544
1332.76,-77.166
1333.01,-77.486
1333.25,-76.103
1333.50,-75.012
1333.74,-75.097
1333.98,-76.192
1334.23,-75.854
1334.47,-78.246
1334.72,-77.403
1334.96,-78.115
1335.21,-75.466
1335.45,-78.002
1335.69,-76.739
1335.94,-77.045
1336.18,-76.820
1336.43,-77.531
1336.67,-76.294
1336.91,-79.837
1337.16,-76.934
1337.40,-78.075
1337.65,-74.471
1337.89,-76.367
1338.13,-74.878
1338.38,-76.167
1338.62,-76.343
1338.87,-78.040
1339.11,-76.806
1339.36,-75.091
1339.60,-78.246
1339.84,-75.240
1340.09,-76.585
1340.33,-73.573
1340.58,-76.026
1340.82,-73.527
1341.06,-75.772
1341.31,-75.037
1341.55,-73.720
1341.80,-73.298
1342.04,-77.291
1342.29,-74.074
1342.53,-74.472
1342.77,-73.883
1343.02,-76.346
1343.26,-75.496
1343.51,-75.820
1343.75,-75.705
1343.99,-74.725
1344.24,-71.821
1344.48,-74.633
1344.73,-73.350
1344.97,-76.733
1345.21,-76.238
1345.46,-74.901
1345.70,-74.470
1345.95,-74.197
1346.19,-74.885
1346.44,-74.280
1346.68,-76.413
1346.92,-77.824
1347.17,-77.228
1347.41,-74.918
1347.66,-76.166
1347.90,-76.235
1348.14,-74.102
1348.39,-78.463
1348.63,-75.491
1348.88,-74.764
1349.12,-75.859
1349.37,-73.915
1349.61,-74.519
1349.85,-76.181
1350.10,-74.680
1350.34,-73.684
1350.59,-75.927
1350.83,-74.918
1351.07,-76.880
1351.32,-74.849
1351.56,-74.319
1351.81,-74.739
1352.05,-74.273
1352.29,-75.143
1352.54,-74.752
1352.78,-73.692
1353.03,-75.613
1353.27,-75.219
1353.52,-76.496
1353.76,-72.446
1354.00,-72.539
1354.25,-72.461
1354.49,-72.122
1354.74,-73.911
1354.98,-74.389
1355.22,-73.361
1355.47,-72.217
1355.71,-74.219
1355.96,-74.693
1356.20,-75.369
1356.45,-72.425
1356.69,-71.035
1356.93,-73.388
1357.18,-74.152
1357.42,-71.654
1357.67,-71.238
1357.91,-72.383
1358.15,-72.645
1358.40,-74.980
1358.64,-73.203
1358.89,-73.925
1359.13,-74.182
1359.38,-74.543
1359.62,-73.557
1359.86,-73.076
1360.11,-74.032
1360.35,-73.438
1360.60,-74.457
1360.84,-70.875
1361.08,-73.608
1361.33,-71.231
1361.57,-71.114
1361.82,-73.849
1362.06,-72.219
1362.30,-71.264
1362.55,-73.036
1362.79,-72.699
1363.04,-72.782
1363.28,-71.367
1363.53,-70.039
1363.77,-70.261
1364.01,-73.129
1364.26,-73.753
1364.50,-73.054
1364.75,-69.665
1364.99,-70.681
1365.23,-70.855
1365.48,-72.870
1365.72,-70.076
1365.97,-71.916
1366.21,-72.013
1366.46,-69.876
1366.70,-71.779
1366.94,-72.571
1367.19,-70.343
1367.43,-71.162
1367.68,-70.403
1367.92,-69.551
1368.16,-69.234
1368.41,-70.083
1368.65,-71.154
1368.90,-70.637
1369.14,-69.267
1369.38,-72.015
1369.63,-70.225
1369.87,-70.974
1370.12,-70.171
1370.36,-70.510
1370.61,-69.963
1370.85,-71.335
1371.09,-70.247
1371.34,-69.933
1371.58,-69.101
1371.83,-69.824
1372.07,-70.534
1372.31,-70.027
1372.56,-68.028
1372.80,-68.820
1373.05,-70.269
1373.29,-70.279
1373.54,-69.586
1373.78,-70.546
1374.02,-71.632
1374.27,-71.347
1374.51,-69.481
1374.76,-68.595
1375.00,-70.120
1375.24,-66.410
1375.49,-70.370
1375.73,-68.652
1375.98,-70.343
1376.22,-69.088
1376.46,-67.777
1376.71,-71.357
1376.95,-71.674
1377.20,-67.999
1377.44,-69.548
1377.69,-68.915
1377.93,-68.204
1378.17,-69.037
1378.42,-68.955
1378.66,-69.747
1378.91,-69.118
1379.15,-69.410
1379.39,-69.304
1379.64,-67.282
1379.88,-68.494
1380.13,-67.842
1380.37,-67.125
1380.62,-69.049
1380.86,-70.561
1381.10,-69.915
1381.35,-68.165
1381.59,-69.278
1381.84,-67.809
1382.08,-70.316
1382.32,-71.219
1382.57,-67.346
1382.81,-66.059
1383.06,-67.077
1383.30,-70.442
1383.54,-67.838
1383.79,-65.484
1384.03,-68.922
1384.28,-67.185
1384.52,-68.972
1384.77,-66.016
1385.01,-67.244
1385.25,-66.475
1385.50,-65.412
1385.74,-68.626
1385.99,-66.577
1386.23,-64.609
1386.47,-64.894
1386.72,-66.050
1386.96,-65.458
1387.21,-66.567
1387.45,-66.935
1387.70,-66.400
1387.94,-66.801
1388.18,-65.336
1388.43,-67.207
1388.67,-68.392
1388.92,-69.849
1389.16,-67.798
1389.40,-67.550
1389.65,-64.173
1389.89,-66.931
1390.14,-65.763
1390.38,-67.176
1390.62,-66.725
1390.87,-67.080
1391.11,-67.668
1391.36,-66.490
1391.60,-67.568
1391.85,-67.158
1392.09,-66.934
1392.33,-65.669
1392.58,-65.010
1392.82,-64.234
1393.07,-66.384
1393.31,-65.066
1393.55,-69.537
1393.80,-64.498
1394.04,-64.898
1394.29,-65.045
1394.53,-65.037
1394.78,-64.014
1395.02,-67.474
1395.26,-64.449
1395.51,-65.409
1395.75,-66.393
1396.00,-65.413
1396.24,-65.626
1396.48,-64.592
1396.73,-65.882
1396.97,-67.127
1397.22,-65.715
1397.46,-65.391
1397.71,-67.659
1397.95,-65.767
1398.19,-66.060
1398.44,-64.647
1398.68,-67.370
1398.93,-65.455
1399.17,-64.640
1399.41,-65.616
1399.66,-64.949
1399.90,-64.463
1400.15,-65.895
1400.39,-68.029
1400.63,-65.262
1400.88,-67.306
1401.12,-67.145
1401.37,-65.202
1401.61,-68.243
1401.86,-65.375
1402.10,-68.064
1402.34,-66.653
1402.59,-67.455
1402.83,-67.562
1403.08,-64.697
1403.32,-65.480
1403.56,-66.095
1403.81,-68.146
1404.05,-66.245
1404.30,-65.262
1404.54,-68.051
1404.79,-66.187
1405.03,-63.154
1405.27,-68.106
1405.52,-66.642
1405.76,-64.728
1406.01,-65.462
1406.25,-66.389
1406.49,-66.435
1406.74,-65.821
1406.98,-66.452
1407.23,-65.970
1407.47,-68.752
1407.71,-69.678
1407.96,-68.989
1408.20,-69.084
1408.45,-67.209
1408.69,-65.544
1408.94,-67.453
1409.18,-67.964
1409.42,-66.228
1409.67,-66.440
1409.91,-68.159
1410.16,-69.759
1410.40,-68.725
1410.64,-67.252
1410.89,-68.374
1411.13,-67.211
1411.38,-70.080
1411.62,-68.664
1411.87,-68.466
1412.11,-68.810
1412.35,-68.510
1412.60,-68.362
1412.84,-67.266
1413.09,-66.973
1413.33,-66.078
1413.57,-70.388
1413.82,-68.604
1414.06,-67.155
1414.31,-69.280
1414.55,-67.235
1414.79,-68.648
1415.04,-66.349
1415.28,-65.438
1415.53,-66.216
1415.77,-69.513
1416.02,-68.125
1416.26,-67.992
1416.50,-70.378
1416.75,-67.484
1416.99,-68.949
1417.24,-65.881
1417.48,-68.181
1417.72,-68.145
1417.97,-69.441
1418.21,-70.584
1418.46,-69.387
1418.70,-68.916
1418.95,-68.349
1419.19,-68.288
1419.43,-70.526
1419.68,-70.450
1419.92,-69.126
1420.17,-70.235
1420.41,-68.954
1420.65,-70.722
1420.90,-70.178
1421.14,-68.362
1421.39,-67.884
1421.63,-72.107
1421.88,-70.544
1422.12,-68.695
1422.36,-66.924
1422.61,-70.393
1422.85,-70.933
1423.10,-73.121
1423.34,-69.776
1423.58,-68.265
1423.83,-68.042
1424.07,-69.954
1424.32,-70.926
1424.56,-72.563
1424.80,-69.504
1425.05,-69.309
1425.29,-69.475
1425.54,-71.086
1425.78,-69.417
1426.03,-72.274
1426.27,-71.204
1426.51,-69.055
1426.76,-70.784
1427.00,-69.871
1427.25,-70.250
1427.49,-70.320
1427.73,-72.103
1427.98,-70.942
1428.22,-70.700
1428.47,-70.676
1428.71,-71.470
1428.96,-70.398
1429.20,-69.402
1429.44,-71.903
1429.69,-73.595
1429.93,-71.082
1430.18,-71.560
1430.42,-68.898
1430.66,-70.614
1430.91,-69.926
1431.15,-71.837
1431.40,-71.556
1431.64,-69.427
1431.88,-70.370
1432.13,-70.416
1432.37,-71.225
1432.62,-71.185
1432.86,-72.115
1433.11,-72.212
1433.35,-71.929
1433.59,-71.758
1433.84,-71.860
1434.08,-72.828
1434.33,-71.843
1434.57,-73.283
1434.81,-73.583
1435.06,-71.595
1435.30,-71.602
1435.55,-74.855
1435.79,-71.777
1436.04,-73.805
1436.28,-71.891
1436.52,-73.258
1436.77,-72.031
1437.01,-72.828
1437.26,-73.055
1437.50,-71.892
1437.74,-70.928
1437.99,-70.762
1438.23,-70.489
1438.48,-73.264
1438.72,-74.761
1438.96,-72.636
1439.21,-73.287
1439.45,-74.128
1439.70,-72.198
1439.94,-74.950
1440.19,-74.545
1440.43,-72.398
1440.67,-72.796
1440.92,-72.594
1441.16,-76.329
1441.41,-75.130
1441.65,-72.246
1441.89,-73.304
1442.14,-73.400
1442.38,-71.689
1442.63,-73.063
1442.87,-74.075
1443.12,-72.249
1443.36,-73.814
1443.60,-74.770
1443.85,-70.885
1444.09,-74.770
1444.34,-74.240
1444.58,-72.336
1444.82,-74.686
1445.07,-75.429
1445.31,-74.735
1445.56,-75.860
1445.80,-75.465
1446.04,-74.354
1446.29,-72.135
1446.53,-72.056
1446.78,-71.912
1447.02,-72.277
1447.27,-73.788
1447.51,-72.781
1447.75,-74.854
1448.00,-72.707
1448.24,-74.865
1448.49,-74.901
1448.73,-73.338
1448.97,-75.918
1449.22,-73.244
1449.46,-75.362
1449.71,-72.783
1449.95,-72.764
1450.20,-72.508
1450.44,-76.079
1450.68,-74.238
1450.93,-76.836
1451.17,-72.820
1451.42,-73.355
1451.66,-71.684
1451.90,-71.502
1452.15,-74.042
1452.39,-75.249
1452.64,-74.595
1452.88,-76.129
1453.12,-73.592
1453.37,-73.626
1453.61,-74.930
1453.86,-75.849
1454.10,-74.214
1454.35,-74.888
1454.59,-74.160
1454.83,-74.678
1455.08,-73.383
1455.32,-76.235
1455.57,-73.339
1455.81,-75.989
1456.05,-74.960
1456.30,-73.429
1456.54,-76.286
1456.79,-77.020
1457.03,-74.860
1457.28,-75.100
1457.52,-75.922
1457.76,-72.815
1458.01,-75.557
1458.25,-76.192
1458.50,-76.255
1458.74,-74.403
1458.98,-74.656
1459.23,-73.368
1459.47,-75.796
1459.72,-75.504
1459.96,-77.564
1460.21,-76.406
1460.45,-75.509
1460.69,-74.156
1460.94,-74.479
1461.18,-74.922
1461.43,-75.655
1461.67,-74.597
1461.91,-78.519
1462.16,-76.137
1462.40,-75.530
1462.65,-76.032
1462.89,-75.934
1463.13,-75.847
1463.38,-75.786
1463.62,-74.703
1463.87,-74.502
1464.11,-75.138
1464.36,-76.404
1464.60,-76.972
1464.84,-77.317
1465.09,-77.948
1465.33,-77.208
1465.58,-77.856
1465.82,-73.594
1466.06,-77.426
1466.31,-75.755
1466.55,-72.550
1466.80,-76.395
1467.04,-76.110
1467.29,-76.781
1467.53,-77.618
1467.77,-77.826
1468.02,-76.200
1468.26,-77.784
1468.51,-77.659
1468.75,-77.787
1468.99,-75.506
1469.24,-75.784
1469.48,-75.896
1469.73,-73.878
1469.97,-74.455
1470.21,-75.389
1470.46,-74.535
1470.70,-76.855
1470.95,-78.285
1471.19,-76.590
1471.44,-76.319
1471.68,-76.795
1471.92,-77.706
1472.17,-80.292
1472.41,-77.979
1472.66,-77.455
1472.90,-76.153
1473.14,-76.402
1473.39,-76.625
1473.63,-76.684
1473.88,-75.962
1474.12,-78.006
1474.37,-76.670
1474.61,-74.667
1474.85,-75.750
1475.10,-74.773
1475.34,-77.644
1475.59,-77.751
1475.83,-76.962
1476.07,-78.548
1476.32,-78.122
1476.56,-77.827
1476.81,-75.080
1477.05,-76.909
1477.29,-77.499
1477.54,-77.653
1477.78,-77.154
1478.03,-75.037
1478.27,-77.256
1478.52,-75.827
1478.76,-79.992
1479.00,-78.994
1479.25,-77.428
1479.49,-77.425
1479.74,-79.868
1479.98,-77.116
1480.22,-79.909
1480.47,-79.414
1480.71,-78.640
1480.96,-78.722
1481.20,-79.073
1481.45,-77.366
1481.69,-77.092
1481.93,-78.602
1482.18,-78.617
1482.42,-78.140
1482.67,-79.027
1482.91,-76.520
1483.15,-77.258
1483.40,-79.313
1483.64,-79.452
1483.89,-74.798
1484.13,-75.752
1484.38,-77.755
1484.62,-77.800
1484.86,-79.312
1485.11,-79.490
1485.35,-75.908
1485.60,-78.333
1485.84,-76.594
1486.08,-76.828
1486.33,-80.162
1486.57,-76.596
1486.82,-78.928
1487.06,-79.637
1487.30,-79.106
1487.55,-77.222
1487.79,-78.218
1488.04,-77.834
1488.28,-78.382
1488.53,-78.549
1488.77,-79.766
1489.01,-77.886
1489.26,-76.943
1489.50,-76.998
1489.75,-79.652
1489.99,-78.825
1490.23,-75.521
1490.48,-79.229
1490.72,-75.682
1490.97,-77.884
1491.21,-78.396
1491.46,-79.997
1491.70,-78.798
1491.94,-77.585
1492.19,-75.615
1492.43,-78.553
1492.68,-76.228
1492.92,-76.318
1493.16,-77.305
1493.41,-75.057
1493.65,-80.430
1493.90,-76.212
1494.14,-78.214
1494.38,-77.319
1494.63,-77.709
1494.87,-78.351
1495.12,-76.952
1495.36,-77.546
1495.61,-77.477
1495.85,-82.088
1496.09,-80.455
1496.34,-76.399
1496.58,-78.194
1496.83,-78.847
1497.07,-78.232
1497.31,-80.311
1497.56,-80.807
1497.80,-80.188
1498.05,-78.376
1498.29,-77.147
1498.54,-76.240
1498.78,-76.769
1499.02,-80.005
1499.27,-79.417
1499.51,-76.790
1499.76,-78.670
1500.00,-79.734
1500.24,-75.870
1500.49,-80.238
1500.73,-77.346
1500.98,-76.213
1501.22,-78.711
1501.46,-79.890
1501.71,-79.996
1501.95,-79.242
1502.20,-77.359
1502.44,-77.778
1502.69,-77.785
1502.93,-76.360
1503.17,-79.272
1503.42,-79.338
1503.66,-77.278
1503.91,-77.726
1504.15,-78.554
1504.39,-78.875
1504.64,-78.845
1504.88,-77.125
1505.13,-79.092
1505.37,-76.825
1505.62,-78.441
1505.86,-78.754
1506.10,-77.691
1506.35,-77.706
1506.59,-80.349
1506.84,-80.638
1507.08,-79.144
1507.32,-80.898
1507.57,-78.736
1507.81,-79.030
1508.06,-79.894
1508.30,-78.114
1508.54,-81.722
1508.79,-78.341
1509.03,-79.629
1509.28,-82.755
1509.52,-79.237
1509.77,-81.381
1510.01,-79.204
1510.25,-79.692
1510.50,-80.344
1510.74,-78.889
1510.99,-78.961
1511.23,-80.825
1511.47,-80.164
1511.72,-81.025
1511.96,-80.191
1512.21,-80.020
1512.45,-77.723
1512.70,-77.877
1512.94,-76.165
1513.18,-79.346
1513.43,-80.056
1513.67,-78.999
1513.92,-78.636
1514.16,-79.099
1514.40,-81.589
1514.65,-82.325
1514.89,-80.681
1515.14,-78.758
1515.38,-79.410
1515.62,-79.957
1515.87,-80.559
1516.11,-77.704
1516.36,-80.925
1516.60,-78.983
1516.85,-80.325
1517.09,-78.575
1517.33,-80.385
1517.58,-79.642
1517.82,-78.264
1518.07,-78.899
1518.31,-79.346
1518.55,-77.983
1518.80,-79.764
1519.04,-80.652
1519.29,-82.668
1519.53,-83.261
1519.78,-82.314
1520.02,-80.959
1520.26,-81.391
1520.51,-80.177
1520.75,-80.145
1521.00,-79.078
1521.24,-79.439
1521.48,-79.229
1521.73,-80.681
1521.97,-80.238
1522.22,-79.136
1522.46,-80.257
1522.71,-80.560
1522.95,-78.270
1523.19,-80.604
1523.44,-79.345
1523.68,-81.103
1523.93,-80.778
1524.17,-77.755
1524.41,-77.507
1524.66,-79.422
1524.90,-80.841
1525.15,-81.610
1525.39,-79.078
1525.63,-80.158
1525.88,-81.163
1526.12,-82.186
1526.37,-80.494
1526.61,-78.897
1526.86,-81.194
1527.10,-78.378
1527.34,-79.665
1527.59,-80.094
1527.83,-79.529
1528.08,-78.031
1528.32,-79.355
1528.56,-82.392
1528.81,-79.080
1529.05,-80.646
1529.30,-79.863
1529.54,-82.395
1529.79,-79.991
1530.03,-80.659
1530.27,-81.512
1530.52,-82.333
1530.76,-81.402
1531.01,-79.283
1531.25,-78.841
1531.49,-80.205
1531.74,-82.355
1531.98,-79.561
1532.23,-79.751
1532.47,-80.955
1532.71,-78.148
1532.96,-78.373
1533.20,-78.217
1533.45,-79.953
1533.69,-81.720
1533.94,-78.776
1534.18,-78.905
1534.42,-83.135
1534.67,-81.953
1534.91,-80.226
1535.16,-80.247
1535.40,-79.344
1535.64,-80.675
1535.89,-80.276
1536.13,-80.426
1536.38,-78.127
1536.62,-78.821
1536.87,-79.692
1537.11,-79.443
1537.35,-80.859
1537.60,-80.898
1537.84,-80.481
1538.09,-79.578
1538.33,-77.685
1538.57,-80.771
1538.82,-80.622
1539.06,-80.293
1539.31,-80.556
1539.55,-81.341
1539.79,-81.678
1540.04,-80.904
1540.28,-81.037
1540.53,-79.147
1540.77,-81.647
1541.02,-81.889
1541.26,-82.652
1541.50,-77.908
1541.75,-80.323
1541.99,-82.507
1542.24,-80.988
1542.48,-80.216
1542.72,-80.082
1542.97,-78.843
1543.21,-81.141
1543.46,-80.163
1543.70,-82.558
1543.95,-78.288
1544.19,-80.714
1544.43,-80.651
1544.68,-81.420
1544.92,-81.017
1545.17,-82.207
1545.41,-81.622
1545.65,-81.164
1545.90,-79.737
1546.14,-81.652
1546.39,-81.177
1546.63,-80.760
1546.88,-80.704
1547.12,-78.993
1547.36,-82.590
1547.61,-78.731
1547.85,-81.241
1548.10,-82.838
1548.34,-80.203
1548.58,-83.004
1548.83,-80.817
1549.07,-79.637
1549.32,-79.887
1549.56,-79.340
1549.80,-82.043
1550.05,-80.087
1550.29,-78.908
1550.54,-82.247
1550.78,-81.140
1551.03,-79.938
1551.27,-82.067
1551.51,-79.139
1551.76,-80.649
1552.00,-79.959
1552.25,-80.399
1552.49,-83.206
1552.73,-79.884
1552.98,-81.747
1553.22,-81.939
1553.47,-80.091
1553.71,-81.330
1553.96,-82.090
1554.20,-81.357
1554.44,-80.617
1554.69,-80.070
1554.93,-79.766
1555.18,-79.939
1555.42,-80.389
1555.66,-78.941
1555.91,-81.654
1556.15,-80.781
1556.40,-82.620
1556.64,-83.226
1556.88,-81.090
1557.13,-82.786
1557.37,-80.091
1557.62,-79.920
1557.86,-79.976
1558.11,-79.853
1558.35,-82.743
1558.59,-79.307
1558.84,-81.813
1559.08,-80.731
1559.33,-82.042
1559.57,-81.755
1559.81,-81.124
1560.06,-80.125
1560.30,-82.937
1560.55,-81.715
1560.79,-83.941
1561.04,-80.043
1561.28,-79.143
1561.52,-81.497
1561.77,-80.275
1562.01,-83.810
1562.26,-83.542
1562.50,-81.605
1562.74,-82.340
1562.99,-81.155
1563.23,-81.903
1563.48,-78.855
1563.72,-80.852
1563.96,-79.970
1564.21,-80.385
1564.45,-79.240
1564.70,-83.866
1564.94,-80.634
1565.19,-79.055
1565.43,-80.821
1565.67,-81.516
1565.92,-81.113
1566.16,-79.849
1566.41,-80.032
1566.65,-80.461
1566.89,-79.139
1567.14,-81.465
1567.38,-79.085
1567.63,-80.454
1567.87,-82.432
1568.12,-82.029
1568.36,-81.488
1568.60,-82.491
1568.85,-80.283
1569.09,-83.704
1569.34,-81.486
1569.58,-80.491
1569.82,-80.177
1570.07,-82.275
1570.31,-81.530
1570.56,-79.917
1570.80,-80.702
1571.04,-79.292
1571.29,-83.350
1571.53,-84.051
1571.78,-79.499
1572.02,-83.038
1572.27,-80.618
1572.51,-81.735
1572.75,-79.725
1573.00,-80.808
1573.24,-80.015
1573.49,-79.862
1573.73,-81.518
1573.97,-80.721
1574.22,-81.730
1574.46,-83.375
1574.71,-79.666
1574.95,-82.785
1575.20,-80.231
1575.44,-81.243
1575.68,-81.676
1575.93,-80.872
1576.17,-81.671
1576.42,-82.962
1576.66,-80.207
1576.90,-82.480
1577.15,-78.329
1577.39,-80.174
1577.64,-80.953
1577.88,-77.902
1578.12,-81.632
1578.37,-82.065
1578.61,-81.668
1578.86,-83.257
1579.10,-80.757
1579.35,-80.530
1579.59,-80.891
1579.83,-81.302
1580.08,-79.981
1580.32,-81.439
1580.57,-81.812
1580.81,-82.660
1581.05,-80.699
1581.30,-78.288
1581.54,-82.888
1581.79,-82.561
1582.03,-79.057
1582.28,-80.235
1582.52,-81.251
1582.76,-82.915
1583.01,-80.570
1583.25,-82.425
1583.50,-80.989
1583.74,-81.068
1583.98,-81.778
1584.23,-80.178
1584.47,-81.111
1584.72,-82.674
1584.96,-82.714
1585.21,-81.261
1585.45,-81.860
1585.69,-79.949
1585.94,-80.340
1586.18,-81.638
1586.43,-80.585
1586.67,-80.887
1586.91,-82.183
1587.16,-82.231
1587.40,-79.195
1587.65,-80.580
1587.89,-81.503
1588.13,-80.856
1588.38,-82.613
1588.62,-81.960
1588.87,-81.220
1589.11,-80.987
1589.36,-78.492
1589.60,-80.763
1589.84,-80.433
1590.09,-81.022
1590.33,-79.500
1590.58,-82.807
1590.82,-80.706
1591.06,-80.716
1591.31,-81.326
1591.55,-82.538
1591.80,-81.752
1592.04,-83.289
1592.29,-80.974
1592.53,-81.362
1592.77,-83.306
1593.02,-81.714
1593.26,-80.539
1593.51,-82.844
1593.75,-82.528
1593.99,-80.875
1594.24,-82.954
1594.48,-81.958
1594.73,-79.777
1594.97,-82.040
1595.21,-80.858
1595.46,-79.281
1595.70,-80.904
1595.95,-80.827
1596.19,-81.021
1596.44,-83.056
1596.68,-81.037
1596.92,-81.324
1597.17,-82.819
1597.41,-81.855
1597.66,-81.291
1597.90,-80.275
1598.14,-80.371
1598.39,-81.362
1598.63,-80.772
1598.88,-82.025
1599.12,-81.701
1599.37,-79.485
1599.61,-81.844
1599.85,-82.339
1600.10,-81.514
1600.34,-78.407
1600.59,-80.930
1600.83,-82.070
1601.07,-78.771
1601.32,-82.024
1601.56,-80.266
1601.81,-81.972
1602.05,-80.239
1602.29,-81.208
1602.54,-81.233
1602.78,-81.366
1603.03,-80.997
1603.27,-79.246
1603.52,-81.430
1603.76,-80.979
1604.00,-81.531
1604.25,-82.092
1604.49,-84.160
1604.74,-80.531
1604.98,-81.738
1605.22,-82.095
1605.47,-80.972
1605.71,-79.570
1605.96,-80.226
1606.20,-82.620
1606.45,-81.318
1606.69,-81.114
1606.93,-82.990
1607.18,-82.296
1607.42,-79.121
1607.67,-79.313
1607.91,-80.425
1608.15,-79.872
1608.40,-81.572
1608.64,-81.237
1608.89,-80.827
1609.13,-79.704
1609.38,-80.755
1609.62,-83.407
1609.86,-81.703
1610.11,-80.854
1610.35,-80.792
1610.60,-82.119
1610.84,-83.690
1611.08,-83.488
1611.33,-82.320
1611.57,-80.931
1611.82,-79.999
1612.06,-81.741
1612.30,-83.120
1612.55,-80.601
1612.79,-80.575
1613.04,-83.895
1613.28,-80.732
1613.53,-84.412
1613.77,-82.381
1614.01,-81.969
1614.26,-80.794
1614.50,-81.570
1614.75,-79.448
1614.99,-79.543
1615.23,-78.980
1615.48,-80.298
1615.72,-82.693
1615.97,-84.033
1616.21,-79.802
1616.46,-80.864
1616.70,-80.900
1616.94,-83.041
1617.19,-81.111
1617.43,-81.364
1617.68,-79.877
1617.92,-78.551
1618.16,-83.023
1618.41,-81.264
1618.65,-81.866
1618.90,-81.310
1619.14,-80.274
1619.38,-81.472
1619.63,-82.310
1619.87,-78.056
1620.12,-81.000
1620.36,-81.239
1620.61,-81.907
1620.85,-79.678
1621.09,-80.741
1621.34,-80.004
1621.58,-80.360
1621.83,-80.345
1622.07,-81.797
1622.31,-81.677
1622.56,-78.914
1622.80,-80.013
1623.05,-79.549
1623.29,-81.868
1623.54,-81.793
1623.78,-83.193
1624.02,-81.670
1624.27,-83.308
1624.51,-83.111
1624.76,-83.609
1625.00,-79.551
1625.24,-81.023
1625.49,-80.765
1625.73,-80.121
1625.98,-80.426
1626.22,-80.821
1626.46,-81.185
1626.71,-82.064
1626.95,-80.967
1627.20,-80.701
1627.44,-79.908
1627.69,-79.059
1627.93,-80.404
1628.17,-79.956
1628.42,-79.856
1628.66,-79.825
1628.91,-80.944
1629.15,-82.055
1629.39,-78.408
1629.64,-80.302
1629.88,-82.352
1630.13,-80.613
1630.37,-83.038
1630.62,-82.291
1630.86,-78.443
1631.10,-78.646
1631.35,-80.263
1631.59,-81.884
1631.84,-80.089
1632.08,-78.151
1632.32,-79.150
1632.57,-82.650
1632.81,-79.854
1633.06,-80.837
1633.30,-79.486
1633.54,-82.289
1633.79,-81.189
1634.03,-80.984
1634.28,-81.889
1634.52,-79.807
1634.77,-80.684
1635.01,-80.374
1635.25,-79.597
1635.50,-82.120
1635.74,-82.625
1635.99,-83.187
1636.23,-80.865
1636.47,-80.575
1636.72,-82.462
1636.96,-81.170
1637.21,-78.128
1637.45,-79.943
1637.70,-81.246
1637.94,-83.825
1638.18,-80.478
1638.43,-80.111
1638.67,-82.526
1638.92,-82.509
1639.16,-82.173
1639.40,-82.380
1639.65,-80.392
1639.89,-80.496
1640.14,-83.755
1640.38,-81.383
1640.62,-80.639
1640.87,-83.420
1641.11,-80.742
1641.36,-82.585
1641.60,-78.977
1641.85,-82.015
1642.09,-78.368
1642.33,-79.520
1642.58,-79.679
1642.82,-81.867
1643.07,-79.749
1643.31,-81.186
1643.55,-83.515
1643.80,-83.487
1644.04,-82.321
1644.29,-79.390
1644.53,-80.133
1644.78,-80.878
1645.02,-80.790
1645.26,-79.709
1645.51,-79.200
1645.75,-78.427
1646.00,-83.881
1646.24,-80.022
1646.48,-81.572
1646.73,-82.099
1646.97,-77.814
1647.22,-79.387
1647.46,-80.079
1647.71,-80.999
1647.95,-81.024
1648.19,-81.766
1648.44,-80.428
1648.68,-78.432
1648.93,-80.285
1649.17,-77.536
1649.41,-79.404
1649.66,-81.248
1649.90,-78.649
1650.15,-77.793
1650.39,-82.480
1650.63,-81.297
1650.88,-81.354
1651.12,-82.471
1651.37,-81.546
1651.61,-81.962
1651.86,-80.277
1652.10,-80.052
1652.34,-83.047
1652.59,-81.932
1652.83,-80.219
1653.08,-79.715
1653.32,-80.952
1653.56,-79.170
1653.81,-80.552
1654.05,-81.135
1654.30,-82.191
1654.54,-81.790
1654.79,-80.701
1655.03,-77.244
1655.27,-80.141
1655.52,-81.107
1655.76,-80.293
1656.01,-81.974
1656.25,-80.114
1656.49,-82.745
1656.74,-80.851
1656.98,-80.341
1657.23,-82.819
1657.47,-80.718
1657.71,-80.352
1657.96,-81.393
1658.20,-81.635
1658.45,-80.919
1658.69,-82.330
1658.94,-79.925
1659.18,-81.684
1659.42,-81.020
1659.67,-80.106
1659.91,-82.942
1660.16,-81.583
1660.40,-79.581
1660.64,-80.619
1660.89,-83.403
1661.13,-82.759
1661.38,-82.337
1661.62,-80.073
1661.87,-81.274
1662.11,-79.536
1662.35,-80.681
1662.60,-80.070
1662.84,-79.876
1663.09,-81.052
1663.33,-81.123
1663.57,-80.450
1663.82,-82.236
1664.06,-82.050
1664.31,-80.678
1664.55,-81.011
1664.79,-78.801
1665.04,-78.429
1665.28,-81.428
1665.53,-81.922
1665.77,-81.130
1666.02,-81.369
1666.26,-82.270
1666.50,-81.650
1666.75,-80.640
1666.99,-81.525
1667.24,-81.206
1667.48,-78.403
1667.72,-79.294
1667.97,-82.078
1668.21,-80.241
1668.46,-82.072
1668.70,-80.380
1668.95,-79.725
1669.19,-78.875
1669.43,-79.924
1669.68,-80.938
1669.92,-79.783
1670.17,-80.159
1670.41,-81.509
1670.65,-81.759
1670.90,-81.642
1671.14,-81.537
1671.39,-79.155
1671.63,-79.683
1671.88,-79.731
1672.12,-82.527
1672.36,-79.140
1672.61,-77.711
1672.85,-79.322
1673.10,-80.633
1673.34,-78.954
1673.58,-79.272
1673.83,-83.008
1674.07,-79.403
1674.32,-79.511
1674.56,-79.924
1674.80,-83.727
1675.05,-80.323
1675.29,-80.088
1675.54,-79.789
1675.78,-79.550
1676.03,-78.393
1676.27,-80.423
1676.51,-78.534
1676.76,-79.652
1677.00,-82.428
1677.25,-80.453
1677.49,-80.801
1677.73,-81.274
1677.98,-79.831
1678.22,-79.251
1678.47,-80.625
1678.71,-79.245
1678.96,-80.249
1679.20,-79.778
1679.44,-80.526
1679.69,-79.211
1679.93,-78.857
1680.18,-80.758
1680.42,-81.160
1680.66,-79.802
1680.91,-79.781
1681.15,-81.384
1681.40,-81.067
1681.64,-81.014
1681.88,-80.771
1682.13,-78.402
1682.37,-76.120
1682.62,-79.797
1682.86,-79.870
1683.11,-81.269
1683.35,-78.809
1683.59,-79.758
1683.84,-78.691
1684.08,-79.971
1684.33,-80.558
1684.57,-80.713
1684.81,-77.659
1685.06,-78.941
1685.30,-80.707
1685.55,-79.532
1685.79,-78.751
1686.04,-78.159
1686.28,-78.630
1686.52,-80.180
1686.77,-79.423
1687.01,-80.142
1687.26,-79.208
1687.50,-77.778
1687.74,-78.307
1687.99,-77.299
1688.23,-77.921
1688.48,-79.958
1688.72,-82.313
1688.96,-79.902
1689.21,-80.436
1689.45,-77.481
1689.70,-79.336
1689.94,-78.496
1690.19,-80.400
1690.43,-79.353
1690.67,-80.813
1690.92,-78.391
1691.16,-80.517
1691.41,-80.129
1691.65,-80.836
1691.89,-79.073
1692.14,-81.146
1692.38,-78.273
1692.63,-77.968
1692.87,-81.265
1693.12,-80.286
1693.36,-80.327
1693.60,-80.375
1693.85,-78.186
1694.09,-77.978
1694.34,-78.490
1694.58,-79.397
1694.82,-79.635
1695.07,-78.527
1695.31,-78.262
1695.56,-78.728
1695.80,-80.084
1696.04,-78.246
1696.29,-79.364
1696.53,-80.432
1696.78,-80.671
1697.02,-79.655
1697.27,-80.639
1697.51,-80.634
1697.75,-81.638
1698.00,-80.496
1698.24,-80.779
1698.49,-80.214
1698.73,-78.963
1698.97,-76.902
1699.22,-77.795
1699.46,-79.681
1699.71,-78.896
1699.95,-81.118
1700.20,-78.111
1700.44,-80.114
1700.68,-79.125
1700.93,-82.112
1701.17,-80.116
1701.42,-79.925
1701.66,-77.196
1701.90,-81.128
1702.15,-80.779
1702.39,-82.407
1702.64,-79.357
1702.88,-79.296
1703.12,-80.390
1703.37,-81.020
1703.61,-78.445
1703.86,-79.575
1704.10,-79.815
1704.35,-79.001
1704.59,-78.216
1704.83,-79.136
1705.08,-81.591
1705.32,-79.751
1705.57,-79.045
1705.81,-78.002
1706.05,-77.069
1706.30,-78.471
1706.54,-78.143
1706.79,-81.006
1707.03,-78.497
1707.28,-78.462
1707.52,-79.395
1707.76,-79.412
1708.01,-78.610
1708.25,-78.818
1708.50,-76.515
1708.74,-79.729
1708.98,-79.396
1709.23,-80.095
1709.47,-82.161
1709.72,-79.383
1709.96,-77.248
1710.21,-79.783
1710.45,-80.369
1710.69,-79.803
1710.94,-81.789
1711.18,-78.151
1711.43,-77.430
1711.67,-77.433
1711.91,-78.824
1712.16,-78.447
1712.40,-78.301
1712.65,-80.633
1712.89,-78.599
1713.13,-78.423
1713.38,-76.701
1713.62,-78.419
1713.87,-77.340
1714.11,-79.043
1714.36,-79.037
1714.60,-78.005
1714.84,-78.013
1715.09,-78.017
1715.33,-77.269
1715.58,-77.526
1715.82,-77.981
1716.06,-79.596
1716.31,-81.076
1716.55,-75.895
1716.80,-77.901
1717.04,-77.710
1717.29,-78.409
1717.53,-76.213
1717.77,-78.058
1718.02,-79.559
1718.26,-76.520
1718.51,-80.425
1718.75,-79.193
1718.99,-79.737
1719.24,-77.604
1719.48,-76.696
1719.73,-76.786
1719.97,-76.894
1720.21,-77.269
1720.46,-77.929
1720.70,-77.125
1720.95,-78.167
1721.19,-78.745
1721.44,-77.936
1721.68,-79.085
1721.92,-78.598
1722.17,-76.381
1722.41,-77.636
1722.66,-76.602
1722.90,-77.922
1723.14,-77.207
1723.39,-78.533
1723.63,-76.603
1723.88,-76.638
1724.12,-76.206
1724.37,-76.239
1724.61,-77.602
1724.85,-76.619
1725.10,-79.068
1725.34,-78.590
1725.59,-77.976
1725.83,-74.577
1726.07,-78.384
1726.32,-77.070
1726.56,-77.506
1726.81,-76.811
1727.05,-77.349
1727.29,-76.955
1727.54,-77.338
1727.78,-76.968
1728.03,-78.226
1728.27,-78.145
1728.52,-78.980
1728.76,-75.996
1729.00,-75.466
1729.25,-76.788
1729.49,-77.481
1729.74,-75.712
1729.98,-75.791
1730.22,-77.597
1730.47,-77.106
1730.71,-78.385
1730.96,-76.534
1731.20,-77.252
1731.45,-78.576
1731.69,-76.305
1731.93,-77.121
1732.18,-77.860
1732.42,-79.315
1732.67,-77.824
1732.91,-77.395
1733.15,-79.785
1733.40,-78.196
1733.64,-78.435
1733.89,-76.626
1734.13,-75.946
1734.38,-76.741
1734.62,-77.099
1734.86,-75.657
1735.11,-75.533
1735.35,-76.847
1735.60,-75.489
1735.84,-77.040
1736.08,-77.176
1736.33,-77.646
1736.57,-76.755
1736.82,-77.439
1737.06,-75.544
1737.30,-75.522
1737.55,-77.247
1737.79,-74.716
1738.04,-77.916
1738.28,-77.278
1738.53,-76.461
1738.77,-75.360
1739.01,-74.905
1739.26,-77.720
1739.50,-79.047
1739.75,-77.879
1739.99,-75.527
1740.23,-75.783
1740.48,-76.230
1740.72,-75.646
1740.97,-75.716
1741.21,-75.665
1741.46,-76.341
1741.70,-77.735
1741.94,-76.904
1742.19,-78.469
1742.43,-79.402
1742.68,-75.730
1742.92,-76.354
1743.16,-75.789
1743.41,-77.485
1743.65,-78.020
1743.90,-77.760
1744.14,-74.311
1744.38,-76.405
1744.63,-76.227
1744.87,-77.525
1745.12,-74.104
1745.36,-75.896
1745.61,-79.293
1745.85,-77.735
1746.09,-76.448
1746.34,-74.674
1746.58,-75.593
1746.83,-74.743
1747.07,-74.703
1747.31,-75.811
1747.56,-76.246
1747.80,-75.720
1748.05,-78.691
1748.29,-78.425
1748.54,-76.624
1748.78,-77.493
1749.02,-75.704
1749.27,-74.059
1749.51,-74.657
1749.76,-77.590
1750.00,-75.777
1750.24,-77.111
1750.49,-75.734
1750.73,-75.342
1750.98,-73.347
1751.22,-74.069
1751.46,-79.056
1751.71,-75.724
1751.95,-75.216
1752.20,-75.938
1752.44,-76.138
1752.69,-75.302
1752.93,-78.237
1753.17,-77.923
1753.42,-75.123
1753.66,-76.191
1753.91,-77.536
1754.15,-74.525
1754.39,-77.743
1754.64,-73.992
1754.88,-74.766
1755.13,-74.917
1755.37,-77.245
1755.62,-76.086
1755.86,-76.894
1756.10,-77.619
1756.35,-76.461
1756.59,-75.567
1756.84,-73.496
1757.08,-76.885
1757.32,-75.295
1757.57,-78.175
1757.81,-74.396
1758.06,-75.715
1758.30,-77.051
1758.54,-77.243
1758.79,-76.618
1759.03,-75.564
1759.28,-75.954
1759.52,-74.382
1759.77,-75.861
1760.01,-74.302
1760.25,-74.522
1760.50,-74.394
1760.74,-75.872
1760.99,-74.177
1761.23,-75.428
1761.47,-74.112
1761.72,-78.629
1761.96,-75.589
1762.21,-75.488
1762.45,-77.877
1762.70,-75.662
1762.94,-75.689
1763.18,-75.359
1763.43,-74.895
1763.67,-73.885
1763.92,-74.657
1764.16,-75.406
1764.40,-73.880
1764.65,-76.009
1764.89,-74.548
1765.14,-73.896
1765.38,-72.852
1765.62,-74.940
1765.87,-73.553
1766.11,-75.633
1766.36,-74.003
1766.60,-74.979
1766.85,-75.033
1767.09,-74.754
1767.33,-76.654
1767.58,-74.759
1767.82,-73.575
1768.07,-75.455
1768.31,-74.810
1768.55,-74.328
1768.80,-75.599
1769.04,-75.132
1769.29,-72.853
1769.53,-76.502
1769.78,-75.955
1770.02,-77.934
1770.26,-76.591
1770.51,-74.664
1770.75,-75.543
1771.00,-74.608
1771.24,-77.430
1771.48,-74.098
1771.73,-74.081
1771.97,-72.380
1772.22,-76.819
1772.46,-72.699
1772.71,-73.689
1772.95,-74.174
1773.19,-74.209
1773.44,-74.698
1773.68,-73.370
1773.93,-76.035
1774.17,-73.341
1774.41,-73.283
1774.66,-73.580
1774.90,-73.860
1775.15,-73.907
1775.39,-73.370
1775.63,-74.435
1775.88,-74.805
1776.12,-72.720
1776.37,-75.231
1776.61,-76.141
1776.86,-74.779
1777.10,-73.444
1777.34,-72.985
1777.59,-73.281
1777.83,-72.657
1778.08,-77.126
1778.32,-73.415
1778.56,-73.501
1778.81,-74.800
1779.05,-74.426
1779.30,-72.374
1779.54,-71.992
1779.79,-75.274
1780.03,-73.506
1780.27,-74.663
1780.52,-71.173
1780.76,-72.869
1781.01,-71.130
1781.25,-72.303
1781.49,-74.062
1781.74,-70.688
1781.98,-73.493
1782.23,-71.306
1782.47,-73.944
1782.71,-71.034
1782.96,-71.685
1783.20,-74.446
1783.45,-72.948
1783.69,-72.418
1783.94,-72.066
1784.18,-71.082
1784.42,-73.001
1784.67,-69.889
1784.91,-74.613
1785.16,-74.415
1785.40,-74.803
1785.64,-71.263
1785.89,-70.151
1786.13,-73.947
1786.38,-72.613
1786.62,-73.362
1786.87,-73.040
1787.11,-71.228
1787.35,-70.457
1787.60,-73.074
1787.84,-72.854
1788.09,-72.075
1788.33,-73.397
1788.57,-71.672
1788.82,-68.489
1789.06,-69.879
1789.31,-71.462
1789.55,-70.868
1789.79,-69.568
1790.04,-72.397
1790.28,-72.094
1790.53,-69.697
1790.77,-73.004
1791.02,-74.442
1791.26,-71.037
1791.50,-71.455
1791.75,-72.237
1791.99,-71.642
1792.24,-73.338
1792.48,-70.480
1792.72,-72.971
1792.97,-71.895
1793.21,-72.272
1793.46,-71.377
1793.70,-70.008
1793.95,-72.181
1794.19,-71.949
1794.43,-72.311
1794.68,-72.793
1794.92,-71.448
1795.17,-71.513
1795.41,-68.788
1795.65,-73.137
1795.90,-72.100
1796.14,-71.736
1796.39,-72.690
1796.63,-71.533
1796.88,-73.664
1797.12,-69.491
1797.36,-71.154
1797.61,-70.401
1797.85,-71.960
1798.10,-68.164
1798.34,-71.448
1798.58,-73.040
1798.83,-71.228
1799.07,-72.250
1799.32,-68.046
1799.56,-69.730
1799.80,-72.172
1800.05,-70.198
1800.29,-70.069
1800.54,-69.250
1800.78,-70.121
1801.03,-69.467
1801.27,-72.064
1801.51,-70.149
1801.76,-72.365
1802.00,-70.954
1802.25,-72.180
1802.49,-68.871
1802.73,-69.460
1802.98,-68.365
1803.22,-70.930
1803.47,-71.204
1803.71,-69.469
1803.96,-70.641
1804.20,-70.433
1804.44,-70.356
1804.69,-67.525
1804.93,-69.482
1805.18,-69.948
1805.42,-69.013
1805.66,-68.299
1805.91,-68.933
1806.15,-71.604
1806.40,-69.270
1806.64,-71.505
1806.88,-70.688
1807.13,-68.728
1807.37,-67.591
1807.62,-69.907
1807.86,-67.243
1808.11,-71.256
1808.35,-70.033
1808.59,-67.401
1808.84,-68.272
1809.08,-68.175
1809.33,-69.054
1809.57,-67.344
1809.81,-68.423
1810.06,-69.676
1810.30,-66.337
1810.55,-68.976
1810.79,-71.251
1811.04,-68.544
1811.28,-69.596
1811.52,-68.402
1811.77,-68.272
1812.01,-69.180
1812.26,-68.833
1812.50,-66.130
1812.74,-68.914
1812.99,-69.751
1813.23,-68.869
1813.48,-66.097
1813.72,-70.517
1813.96,-68.891
1814.21,-68.813
1814.45,-68.658
1814.70,-69.189
1814.94,-67.133
1815.19,-66.887
1815.43,-66.307
1815.67,-64.784
1815.92,-66.239
1816.16,-69.131
1816.41,-66.612
1816.65,-67.850
1816.89,-67.551
1817.14,-66.729
1817.38,-70.304
1817.63,-67.902
1817.87,-68.979
1818.12,-68.458
1818.36,-70.557
1818.60,-66.756
1818.85,-67.493
1819.09,-66.455
1819.34,-69.845
1819.58,-66.018
1819.82,-66.963
1820.07,-65.352
1820.31,-65.838
1820.56,-67.620
1820.80,-65.837
1821.04,-66.143
1821.29,-67.137
1821.53,-67.688
1821.78,-66.786
1822.02,-68.214
1822.27,-65.436
1822.51,-65.653
1822.75,-64.412
1823.00,-67.611
1823.24,-66.820
1823.49,-67.418
1823.73,-69.493
1823.97,-66.574
1824.22,-63.353
1824.46,-63.321
1824.71,-65.085
1824.95,-66.470
1825.20,-66.236
1825.44,-63.350
1825.68,-67.911
1825.93,-65.263
1826.17,-65.762
1826.42,-64.629
1826.66,-63.681
1826.90,-65.629
1827.15,-65.980
1827.39,-65.921
1827.64,-66.238
1827.88,-64.245
1828.12,-64.285
1828.37,-65.376
1828.61,-65.334
1828.86,-63.488
1829.10,-66.865
1829.35,-64.284
1829.59,-64.973
1829.83,-65.493
1830.08,-63.271
1830.32,-63.859
1830.57,-65.765
1830.81,-64.896
1831.05,-65.441
1831.30,-64.973
1831.54,-62.205
1831.79,-64.132
1832.03,-63.897
1832.28,-62.464
1832.52,-61.946
1832.76,-62.619
1833.01,-65.175
1833.25,-63.643
1833.50,-65.048
1833.74,-65.039
1833.98,-63.671
1834.23,-61.940
1834.47,-62.119
1834.72,-60.866
1834.96,-63.982
1835.21,-61.739
1835.45,-64.089
1835.69,-61.880
1835.94,-61.493
1836.18,-64.200
1836.43,-64.114
1836.67,-63.099
1836.91,-63.767
1837.16,-64.259
1837.40,-63.823
1837.65,-64.417
1837.89,-62.800
1838.13,-64.258
1838.38,-65.189
1838.62,-65.660
1838.87,-62.769
1839.11,-61.702
1839.36,-63.640
1839.60,-61.926
1839.84,-61.365
1840.09,-61.337
1840.33,-63.084
1840.58,-61.362
1840.82,-62.823
1841.06,-62.985
1841.31,-62.732
1841.55,-62.669
1841.80,-62.509
1842.04,-61.984
1842.29,-60.887
1842.53,-61.110
1842.77,-62.948
1843.02,-60.883
1843.26,-62.137
1843.51,-61.368
1843.75,-62.587
1843.99,-63.418
1844.24,-64.218
1844.48,-63.037
1844.73,-64.355
1844.97,-65.008
1845.21,-61.711
1845.46,-60.994
1845.70,-61.579
1845.95,-62.150
1846.19,-66.160
1846.44,-61.216
1846.68,-61.331
1846.92,-62.591
1847.17,-61.913
1847.41,-59.242
1847.66,-61.103
1847.90,-59.614
1848.14,-61.649
1848.39,-61.609
1848.63,-61.871
1848.88,-60.189
1849.12,-60.406
1849.37,-62.115
1849.61,-62.738
1849.85,-63.141
1850.10,-61.350
1850.34,-59.664
1850.59,-60.688
1850.83,-59.628
1851.07,-61.440
1851.32,-63.380
1851.56,-61.477
1851.81,-61.893
1852.05,-63.398
1852.29,-61.527
1852.54,-62.803
1852.78,-63.458
1853.03,-59.380
1853.27,-59.701
1853.52,-60.110
1853.76,-58.657
1854.00,-61.589
1854.25,-61.263
1854.49,-61.739
1854.74,-63.187
1854.98,-62.574
1855.22,-62.832
1855.47,-61.952
1855.71,-63.183
1855.96,-63.872
1856.20,-62.218
1856.45,-64.803
1856.69,-62.594
1856.93,-60.754
1857.18,-61.496
1857.42,-63.654
1857.67,-63.428
1857.91,-62.973
1858.15,-62.035
1858.40,-61.123
1858.64,-62.050
1858.89,-61.740
1859.13,-62.963
1859.38,-63.090
1859.62,-62.884
1859.86,-61.253
1860.11,-62.289
1860.35,-64.238
1860.60,-63.402
1860.84,-63.140
1861.08,-63.718
1861.33,-61.917
1861.57,-63.320
1861.82,-61.367
1862.06,-62.644
1862.30,-62.658
1862.55,-63.839
1862.79,-61.658
1863.04,-61.636
1863.28,-63.528
1863.53,-62.956
1863.77,-62.176
1864.01,-64.060
1864.26,-61.845
1864.50,-61.759
1864.75,-61.715
1864.99,-61.420
1865.23,-62.700
1865.48,-63.047
1865.72,-63.825
1865.97,-63.136
1866.21,-64.991
1866.46,-63.335
1866.70,-66.480
1866.94,-68.133
1867.19,-64.254
1867.43,-66.534
1867.68,-63.519
1867.92,-65.201
1868.16,-63.128
1868.41,-65.843
1868.65,-65.168
1868.90,-63.798
1869.14,-62.892
1869.38,-65.412
1869.63,-65.248
1869.87,-63.326
1870.12,-66.276
1870.36,-66.364
1870.61,-66.544
1870.85,-66.772
1871.09,-66.849
1871.34,-64.312
1871.58,-63.731
1871.83,-64.343
1872.07,-63.943
1872.31,-64.881
1872.56,-65.006
1872.80,-64.590
1873.05,-66.375
1873.29,-64.821
1873.54,-65.074
1873.78,-65.573
1874.02,-65.895
1874.27,-64.996
1874.51,-65.368
1874.76,-67.297
1875.00,-66.723
1875.24,-64.431
1875.49,-65.051
1875.73,-65.534
1875.98,-64.362
1876.22,-64.545
1876.46,-65.150
1876.71,-64.976
1876.95,-66.321
1877.20,-67.841
1877.44,-66.330
1877.69,-64.512
1877.93,-66.625
1878.17,-66.276
1878.42,-67.662
1878.66,-65.671
1878.91,-66.466
1879.15,-67.396
1879.39,-65.822
1879.64,-67.300
1879.88,-68.046
1880.13,-67.252
1880.37,-66.257
1880.62,-66.265
1880.86,-68.073
1881.10,-66.866
1881.35,-67.619
1881.59,-68.085
1881.84,-67.149
1882.08,-64.778
1882.32,-68.042
1882.57,-67.558
1882.81,-68.752
1883.06,-66.107
1883.30,-68.600
1883.54,-66.177
1883.79,-69.125
1884.03,-69.894
1884.28,-66.822
1884.52,-66.950
1884.77,-68.582
1885.01,-68.868
1885.25,-70.375
1885.50,-66.206
1885.74,-69.371
1885.99,-67.911
1886.23,-67.458
1886.47,-66.364
1886.72,-70.010
1886.96,-67.768
1887.21,-66.808
1887.45,-67.406
1887.70,-66.908
1887.94,-67.297
1888.18,-68.111
1888.43,-67.950
1888.67,-67.220
1888.92,-68.278
1889.16,-69.334
1889.40,-67.654
1889.65,-67.113
1889.89,-70.288
1890.14,-69.891
1890.38,-72.015
1890.62,-67.869
1890.87,-66.238
1891.11,-68.911
1891.36,-69.401
1891.60,-70.447
1891.85,-68.956
1892.09,-68.710
1892.33,-67.436
1892.58,-68.221
1892.82,-68.647
1893.07,-68.227
1893.31,-68.813
1893.55,-67.907
1893.80,-69.649
1894.04,-70.136
1894.29,-68.351
1894.53,-71.376
1894.78,-68.908
1895.02,-69.717
1895.26,-68.174
1895.51,-69.020
1895.75,-68.498
1896.00,-68.241
1896.24,-69.764
1896.48,-68.591
1896.73,-69.764
1896.97,-67.970
1897.22,-68.796
1897.46,-71.241
1897.71,-71.286
1897.95,-69.330
1898.19,-69.124
1898.44,-70.019
1898.68,-67.688
1898.93,-65.517
1899.17,-71.123
1899.41,-68.057
1899.66,-67.571
1899.90,-69.315
1900.15,-69.596
1900.39,-70.286
1900.63,-69.259
1900.88,-67.727
1901.12,-70.906
1901.37,-68.364
1901.61,-70.099
1901.86,-68.756
1902.10,-69.663
1902.34,-69.577
1902.59,-68.619
1902.83,-70.898
1903.08,-71.168
1903.32,-69.766
1903.56,-69.379
1903.81,-69.021
1904.05,-69.820
1904.30,-69.382
1904.54,-70.090
1904.79,-69.971
1905.03,-70.772
1905.27,-71.311
1905.52,-68.324
1905.76,-70.538
1906.01,-68.880
1906.25,-69.035
1906.49,-72.283
1906.74,-68.292
1906.98,-72.728
1907.23,-70.280
1907.47,-70.399
1907.71,-70.907
1907.96,-73.116
1908.20,-71.282
1908.45,-68.691
1908.69,-69.802
1908.94,-70.495
1909.18,-69.388
1909.42,-69.245
1909.67,-72.703
1909.91,-73.299
1910.16,-68.892
1910.40,-70.047
1910.64,-69.276
1910.89,-70.744
1911.13,-73.394
1911.38,-70.667
1911.62,-69.092
1911.87,-71.418
1912.11,-70.118
1912.35,-69.326
1912.60,-71.896
1912.84,-69.845
1913.09,-70.824
1913.33,-70.028
1913.57,-69.641
1913.82,-69.062
1914.06,-72.025
1914.31,-71.052
1914.55,-70.749
1914.79,-70.911
1915.04,-70.451
1915.28,-70.987
1915.53,-70.529
1915.77,-70.963
1916.02,-70.645
1916.26,-71.560
1916.50,-74.977
1916.75,-70.518
1916.99,-71.666
1917.24,-74.738
1917.48,-72.923
1917.72,-70.475
1917.97,-71.418
1918.21,-70.700
1918.46,-71.217
1918.70,-71.093
1918.95,-71.708
1919.19,-71.669
1919.43,-70.930
1919.68,-72.254
1919.92,-70.475
1920.17,-72.056
1920.41,-70.435
1920.65,-72.220
1920.90,-71.073
1921.14,-73.713
1921.39,-71.459
1921.63,-70.977
1921.88,-69.991
1922.12,-70.307
1922.36,-71.715
1922.61,-69.061
1922.85,-73.565
1923.10,-69.601
1923.34,-71.709
1923.58,-73.451
1923.83,-71.049
1924.07,-71.512
1924.32,-71.926
1924.56,-71.968
1924.80,-72.930
1925.05,-72.975
1925.29,-70.993
1925.54,-71.533
1925.78,-72.120
1926.03,-74.753
1926.27,-74.118
1926.51,-72.482
1926.76,-70.395
1927.00,-70.683
1927.25,-71.701
1927.49,-71.005
1927.73,-72.692
1927.98,-73.000
1928.22,-72.986
1928.47,-74.360
1928.71,-70.220
1928.96,-73.194
1929.20,-74.509
1929.44,-70.842
1929.69,-69.911
1929.93,-71.897
1930.18,-70.854
1930.42,-69.475
1930.66,-74.037
1930.91,-73.977
1931.15,-73.635
1931.40,-72.573
1931.64,-73.104
1931.88,-72.301
1932.13,-72.073
1932.37,-71.258
1932.62,-70.290
1932.86,-73.943
1933.11,-73.676
1933.35,-72.485
1933.59,-74.796
1933.84,-75.485
1934.08,-72.299
1934.33,-72.593
1934.57,-74.217
1934.81,-73.841
1935.06,-73.766
1935.30,-73.846
1935.55,-71.487
1935.79,-73.410
1936.04,-71.697
1936.28,-72.350
1936.52,-72.636
1936.77,-70.935
1937.01,-72.758
1937.26,-72.737
1937.50,-72.207
1937.74,-72.965
1937.99,-73.738
1938.23,-73.399
1938.48,-74.974
1938.72,-72.778
1938.96,-71.137
1939.21,-74.071
1939.45,-73.862
1939.70,-73.076
1939.94,-73.143
1940.19,-72.099
1940.43,-71.917
1940.67,-72.356
1940.92,-72.110
1941.16,-70.582
1941.41,-74.571
1941.65,-73.150
1941.89,-74.856
1942.14,-72.850
1942.38,-74.133
1942.63,-72.468
1942.87,-75.642
1943.12,-73.569
1943.36,-73.796
1943.60,-71.908
1943.85,-72.600
1944.09,-73.343
1944.34,-74.738
1944.58,-74.947
1944.82,-73.148
1945.07,-74.211
1945.31,-74.967
1945.56,-73.276
1945.80,-73.771
1946.04,-72.426
1946.29,-71.476
1946.53,-73.962
1946.78,-74.480
1947.02,-75.654
1947.27,-73.142
1947.51,-74.010
1947.75,-73.598
1948.00,-74.648
1948.24,-75.626
1948.49,-73.489
1948.73,-73.252
1948.97,-74.242
1949.22,-74.813
1949.46,-72.847
1949.71,-73.096
1949.95,-73.150
1950.20,-74.450
1950.44,-76.666
1950.68,-73.571
1950.93,-74.833
1951.17,-75.787
1951.42,-75.991
1951.66,-74.358
1951.90,-73.681
1952.15,-74.320
1952.39,-74.178
1952.64,-74.088
1952.88,-73.852
1953.12,-70.934
1953.37,-74.059
1953.61,-74.086
1953.86,-74.493
1954.10,-74.828
1954.35,-72.383
1954.59,-74.571
1954.83,-74.256
1955.08,-74.433
1955.32,-76.125
1955.57,-75.408
1955.81,-76.447
1956.05,-77.421
1956.30,-76.658
1956.54,-74.105
1956.79,-74.393
1957.03,-74.685
1957.28,-75.058
1957.52,-75.144
1957.76,-74.966
1958.01,-73.472
1958.25,-74.268
1958.50,-72.888
1958.74,-75.934
1958.98,-72.783
1959.23,-75.193
1959.47,-75.593
1959.72,-72.791
1959.96,-74.616
1960.21,-77.214
1960.45,-74.267
1960.69,-73.631
1960.94,-73.641
1961.18,-73.068
1961.43,-74.993
1961.67,-73.929
1961.91,-76.433
1962.16,-72.621
1962.40,-74.167
1962.65,-75.089
1962.89,-75.271
1963.13,-75.525
1963.38,-75.836
1963.62,-72.012
1963.87,-73.575
1964.11,-74.654
1964.36,-74.226
1964.60,-76.259
1964.84,-75.354
1965.09,-73.946
1965.33,-73.717
1965.58,-75.261
1965.82,-75.906
1966.06,-75.056
1966.31,-72.905
1966.55,-76.092
1966.80,-74.839
1967.04,-73.671
1967.29,-74.702
1967.53,-75.339
1967.77,-75.317
1968.02,-74.201
1968.26,-74.966
1968.51,-73.815
1968.75,-74.148
1968.99,-73.853
1969.24,-72.680
1969.48,-74.801
1969.73,-76.999
1969.97,-75.303
1970.21,-73.976
1970.46,-73.516
1970.70,-73.663
1970.95,-75.846
1971.19,-75.047
1971.44,-74.770
1971.68,-73.283
1971.92,-75.069
1972.17,-74.543
1972.41,-73.869
1972.66,-75.636
1972.90,-76.829
1973.14,-76.370
1973.39,-73.557
1973.63,-74.710
1973.88,-75.327
1974.12,-73.089
1974.37,-72.706
1974.61,-73.475
1974.85,-74.456
1975.10,-73.939
1975.34,-74.113
1975.59,-72.738
1975.83,-74.087
1976.07,-75.710
1976.32,-73.732
1976.56,-75.583
1976.81,-74.352
1977.05,-72.594
1977.29,-73.454
1977.54,-73.953
1977.78,-77.495
1978.03,-75.574
1978.27,-74.062
1978.52,-75.973
1978.76,-72.417
1979.00,-75.002
1979.25,-74.742
1979.49,-75.369
1979.74,-76.659
1979.98,-73.645
1980.22,-74.465
1980.47,-74.885
1980.71,-74.381
1980.96,-73.339
1981.20,-72.699
1981.45,-75.019
1981.69,-75.399
1981.93,-75.953
1982.18,-76.523
1982.42,-76.370
1982.67,-76.211
1982.91,-77.319
1983.15,-74.251
1983.40,-75.749
1983.64,-74.820
1983.89,-73.070
1984.13,-75.029
1984.38,-74.824
1984.62,-75.823
1984.86,-72.495
1985.11,-75.235
1985.35,-76.553
1985.60,-75.518
1985.84,-76.131
1986.08,-77.205
1986.33,-76.287
1986.57,-75.577
1986.82,-74.968
1987.06,-77.409
1987.30,-75.684
1987.55,-76.356
1987.79,-74.431
1988.04,-74.496
1988.28,-76.043
1988.53,-74.371
1988.77,-74.462
1989.01,-77.128
1989.26,-76.796
1989.50,-76.384
1989.75,-76.571
1989.99,-73.582
1990.23,-76.785
1990.48,-76.224
1990.72,-77.911
1990.97,-75.991
1991.21,-76.791
1991.46,-75.473
1991.70,-75.808
1991.94,-75.024
1992.19,-77.882
1992.43,-75.204
1992.68,-77.369
1992.92,-74.555
1993.16,-76.281
1993.41,-73.936
1993.65,-76.140
1993.90,-75.563
1994.14,-73.860
1994.38,-74.022
1994.63,-76.325
1994.87,-75.392
1995.12,-73.888
1995.36,-77.261
1995.61,-73.109
1995.85,-72.674
1996.09,-75.465
1996.34,-76.576
1996.58,-76.921
1996.83,-74.876
1997.07,-75.155
1997.31,-77.421
1997.56,-76.006
1997.80,-77.328
1998.05,-73.280
1998.29,-75.208
1998.54,-78.666
1998.78,-77.913
1999.02,-78.179
1999.27,-76.656
1999.51,-77.035
1999.76,-75.139
2000.00,-73.077
2000.24,-74.498
2000.49,-76.447
2000.73,-74.551
2000.98,-79.264
2001.22,-75.673
2001.46,-76.174
2001.71,-75.132
2001.95,-75.640
2002.20,-75.599
2002.44,-74.605
2002.69,-76.817
2002.93,-76.850
2003.17,-77.411
2003.42,-78.036
2003.66,-76.438
2003.91,-74.207
2004.15,-73.522
2004.39,-75.720
2004.64,-74.010
2004.88,-76.434
2005.13,-76.762
2005.37,-75.504
2005.62,-76.030
2005.86,-76.350
2006.10,-76.055
2006.35,-75.368
2006.59,-79.122
2006.84,-77.062
2007.08,-76.764
2007.32,-75.160
2007.57,-77.322
2007.81,-75.415
2008.06,-75.019
2008.30,-77.218
2008.54,-75.231
2008.79,-76.282
2009.03,-73.485
2009.28,-74.690
2009.52,-75.590
2009.77,-76.670
2010.01,-77.011
2010.25,-75.203
2010.50,-76.543
2010.74,-78.139
2010.99,-81.429
2011.23,-77.181
2011.47,-73.560
2011.72,-74.243
2011.96,-77.589
2012.21,-75.326
2012.45,-76.395
2012.70,-74.811
2012.94,-74.692
2013.18,-78.905
2013.43,-76.195
2013.67,-75.666
2013.92,-76.056
2014.16,-76.048
2014.40,-74.961
2014.65,-76.133
2014.89,-76.134
2015.14,-75.283
2015.38,-75.318
2015.62,-76.231
2015.87,-75.631
2016.11,-76.093
2016.36,-75.236
2016.60,-76.767
2016.85,-74.883
2017.09,-78.161
2017.33,-76.527
2017.58,-76.054
2017.82,-75.346
2018.07,-76.793
2018.31,-76.034
2018.55,-76.472
2018.80,-76.800
2019.04,-79.521
2019.29,-76.655
2019.53,-78.471
2019.78,-75.777
2020.02,-76.945
2020.26,-76.385
2020.51,-75.814
2020.75,-78.205
2021.00,-75.288
2021.24,-74.169
2021.48,-77.576
2021.73,-73.880
2021.97,-74.156
2022.22,-76.346
2022.46,-76.522
2022.71,-75.336
2022.95,-77.028
2023.19,-75.906
2023.44,-77.924
2023.68,-76.576
2023.93,-75.761
2024.17,-78.006
2024.41,-75.897
2024.66,-76.127
2024.90,-76.751
2025.15,-76.634
2025.39,-75.124
2025.63,-74.689
2025.88,-76.399
2026.12,-77.040
2026.37,-78.631
2026.61,-76.608
2026.86,-76.036
2027.10,-75.983
2027.34,-75.767
2027.59,-74.944
2027.83,-75.599
2028.08,-76.591
2028.32,-76.240
2028.56,-76.308
2028.81,-77.866
2029.05,-77.223
2029.30,-77.672
2029.54,-76.856
2029.79,-75.033
2030.03,-76.106
2030.27,-78.308
2030.52,-76.774
2030.76,-78.235
2031.01,-77.655
2031.25,-74.686
2031.49,-76.465
2031.74,-74.994
2031.98,-73.232
2032.23,-77.646
2032.47,-75.179
2032.71,-75.314
2032.96,-77.274
2033.20,-75.116
2033.45,-76.554
2033.69,-76.449
2033.94,-75.184
2034.18,-76.444
2034.42,-76.213
2034.67,-74.701
2034.91,-74.624
2035.16,-74.114
2035.40,-75.134
2035.64,-77.403
2035.89,-75.440
2036.13,-77.893
2036.38,-77.912
2036.62,-77.515
2036.87,-79.202
2037.11,-77.945
2037.35,-79.155
2037.60,-78.485
2037.84,-77.112
2038.09,-78.518
2038.33,-79.548
2038.57,-77.663
2038.82,-78.448
2039.06,-77.399
2039.31,-76.819
2039.55,-75.839
2039.79,-77.605
2040.04,-79.388
2040.28,-77.392
2040.53,-75.098
2040.77,-76.307
2041.02,-76.671
2041.26,-77.861
2041.50,-75.947
2041.75,-75.718
2041.99,-79.745
2042.24,-80.436
2042.48,-77.798
2042.72,-76.642
2042.97,-75.735
2043.21,-76.141
2043.46,-76.489
2043.70,-77.786
2043.95,-77.155
2044.19,-77.016
2044.43,-76.792
2044.68,-74.801
2044.92,-75.510
2045.17,-76.904
2045.41,-74.205
2045.65,-78.403
2045.90,-78.737
2046.14,-76.705
2046.39,-74.708
2046.63,-75.236
2046.88,-74.601
2047.12,-75.728
2047.36,-74.679
2047.61,-74.610
2047.85,-75.250
2048.10,-74.258
2048.34,-76.913
2048.58,-76.189
2048.83,-76.005
2049.07,-79.369
2049.32,-76.107
2049.56,-75.951
2049.80,-75.514
2050.05,-75.673
2050.29,-77.460
2050.54,-76.150
2050.78,-76.443
2051.03,-76.704
2051.27,-74.932
2051.51,-77.129
2051.76,-77.616
2052.00,-78.090
2052.25,-75.579
2052.49,-77.978
2052.73,-77.973
2052.98,-77.952
2053.22,-76.915
2053.47,-75.967
2053.71,-75.232
2053.96,-75.384
2054.20,-74.513
2054.44,-77.454
2054.69,-75.659
2054.93,-76.896
2055.18,-74.240
2055.42,-73.969
2055.66,-77.838
2055.91,-78.290
2056.15,-76.906
2056.40,-77.234
2056.64,-74.865
2056.88,-75.728
2057.13,-76.172
2057.37,-77.556
2057.62,-75.879
2057.86,-79.297
2058.11,-75.147
2058.35,-75.018
2058.59,-76.481
2058.84,-75.882
2059.08,-74.510
2059.33,-76.001
2059.57,-77.467
2059.81,-76.341
2060.06,-76.514
2060.30,-76.665
2060.55,-76.776
2060.79,-74.877
2061.04,-75.242
2061.28,-73.732
2061.52,-75.260
2061.77,-77.004
2062.01,-75.073
2062.26,-74.969
2062.50,-77.412
2062.74,-77.484
2062.99,-76.604
2063.23,-76.715
2063.48,-76.446
2063.72,-77.650
2063.96,-76.368
2064.21,-74.196
2064.45,-75.267
2064.70,-76.372
2064.94,-75.786
2065.19,-76.145
2065.43,-74.780
2065.67,-74.240
2065.92,-76.119
2066.16,-75.050
2066.41,-74.137
2066.65,-77.698
2066.89,-78.969
2067.14,-78.401
2067.38,-78.383
2067.63,-78.962
2067.87,-78.113
2068.12,-77.567
2068.36,-76.713
2068.60,-77.219
2068.85,-77.752
2069.09,-76.264
2069.34,-75.613
2069.58,-75.347
2069.82,-76.464
2070.07,-76.492
2070.31,-76.584
2070.56,-75.053
2070.80,-74.260
2071.04,-73.395
2071.29,-74.655
2071.53,-72.815
2071.78,-73.831
2072.02,-76.554
2072.27,-74.576
2072.51,-76.701
2072.75,-77.074
2073.00,-76.396
2073.24,-75.993
2073.49,-73.606
2073.73,-77.024
2073.97,-75.161
2074.22,-74.803
2074.46,-74.971
2074.71,-75.086
2074.95,-75.620
2075.20,-75.590
2075.44,-75.965
2075.68,-73.715
2075.93,-74.512
2076.17,-73.280
2076.42,-74.288
2076.66,-74.022
2076.90,-76.183
2077.15,-74.697
2077.39,-76.400
2077.64,-75.820
2077.88,-75.503
2078.12,-73.635
2078.37,-78.562
2078.61,-76.438
2078.86,-75.677
2079.10,-76.122
2079.35,-75.362
2079.59,-77.806
2079.83,-76.971
2080.08,-75.910
2080.32,-75.809
2080.57,-79.387
2080.81,-74.934
2081.05,-76.858
2081.30,-74.961
2081.54,-76.328
2081.79,-73.384
2082.03,-75.582
2082.28,-75.260
2082.52,-76.706
2082.76,-76.402
2083.01,-77.564
2083.25,-74.530
2083.50,-76.345
2083.74,-75.418
2083.98,-76.191
2084.23,-78.302
2084.47,-76.725
2084.72,-76.128
2084.96,-74.821
2085.21,-75.892
2085.45,-76.852
2085.69,-78.188
2085.94,-76.047
2086.18,-76.423
2086.43,-76.375
2086.67,-79.017
2086.91,-75.362
2087.16,-74.498
2087.40,-72.199
2087.65,-76.710
2087.89,-75.949
2088.13,-79.970
2088.38,-76.556
2088.62,-77.309
2088.87,-76.322
2089.11,-73.766
2089.36,-75.506
2089.60,-76.104
2089.84,-78.171
2090.09,-75.519
2090.33,-73.415
2090.58,-76.293
2090.82,-75.197
2091.06,-75.143
2091.31,-77.398
2091.55,-74.704
2091.80,-75.937
2092.04,-75.125
2092.29,-76.290
2092.53,-74.936
2092.77,-76.007
2093.02,-74.297
2093.26,-75.943
2093.51,-76.129
2093.75,-74.762
2093.99,-76.908
2094.24,-77.426
2094.48,-75.750
2094.73,-74.168
2094.97,-77.080
2095.21,-77.035
2095.46,-76.180
2095.70,-76.168
2095.95,-74.365
2096.19,-74.266
2096.44,-75.921
2096.68,-76.976
2096.92,-75.872
2097.17,-74.628
2097.41,-76.451
2097.66,-74.498
2097.90,-77.999
2098.14,-75.077
2098.39,-76.084
2098.63,-76.642
2098.88,-75.307
2099.12,-74.347
2099.37,-75.256
2099.61,-76.063
2099.85,-78.328
2100.10,-73.060
2100.34,-74.325
2100.59,-75.476
2100.83,-76.226
2101.07,-75.845
2101.32,-78.908
2101.56,-74.952
2101.81,-78.002
2102.05,-76.361
2102.29,-72.328
2102.54,-76.744
2102.78,-77.299
2103.03,-75.589
2103.27,-75.317
2103.52,-74.531
2103.76,-77.441
2104.00,-75.537
2104.25,-74.971
2104.49,-75.467
2104.74,-77.203
2104.98,-75.444
2105.22,-76.251
2105.47,-75.708
2105.71,-74.254
2105.96,-75.724
2106.20,-75.073
2106.45,-76.306
2106.69,-74.809
2106.93,-74.496
2107.18,-79.409
2107.42,-75.492
2107.67,-76.320
2107.91,-76.025
2108.15,-75.911
2108.40,-75.376
2108.64,-74.967
2108.89,-75.832
2109.13,-76.257
2109.38,-78.328
2109.62,-77.186
2109.86,-77.222
2110.11,-75.259
2110.35,-74.203
2110.60,-73.078
2110.84,-73.274
2111.08,-75.853
2111.33,-75.122
2111.57,-75.354
2111.82,-73.466
2112.06,-73.823
2112.30,-76.015
2112.55,-74.998
2112.79,-75.971
2113.04,-73.129
2113.28,-72.965
2113.53,-72.083
2113.77,-73.995
2114.01,-72.456
2114.26,-74.002
2114.50,-74.168
2114.75,-74.692
2114.99,-73.512
2115.23,-74.617
2115.48,-74.300
2115.72,-74.514
2115.97,-74.776
2116.21,-75.305
2116.46,-77.436
2116.70,-73.999
2116.94,-72.157
2117.19,-75.178
2117.43,-76.965
2117.68,-75.609
2117.92,-72.499
2118.16,-77.185
2118.41,-74.130
2118.65,-74.048
2118.90,-74.869
2119.14,-74.736
2119.38,-74.418
2119.63,-75.648
2119.87,-75.505
2120.12,-73.654
2120.36,-73.555
2120.61,-75.852
2120.85,-75.464
2121.09,-72.353
2121.34,-75.069
2121.58,-75.671
2121.83,-73.593
2122.07,-74.713
2122.31,-76.839
2122.56,-75.267
2122.80,-75.953
2123.05,-75.369
2123.29,-76.212
2123.54,-73.729
2123.78,-77.273
2124.02,-73.558
2124.27,-73.603
2124.51,-74.391
2124.76,-73.382
2125.00,-76.069
2125.24,-76.009
2125.49,-72.718
2125.73,-77.107
2125.98,-74.878
2126.22,-77.202
2126.46,-74.919
2126.71,-76.316
2126.95,-73.842
2127.20,-74.944
2127.44,-74.726
2127.69,-73.892
2127.93,-75.103
2128.17,-77.231
2128.42,-74.193
2128.66,-74.762
2128.91,-75.896
2129.15,-73.728
2129.39,-75.045
2129.64,-76.995
2129.88,-75.100
2130.13,-73.683
2130.37,-75.509
2130.62,-75.136
2130.86,-75.504
2131.10,-75.764
2131.35,-73.881
2131.59,-73.782
2131.84,-73.205
2132.08,-74.547
2132.32,-76.528
2132.57,-75.116
2132.81,-74.005
2133.06,-74.492
2133.30,-75.041
2133.54,-74.198
2133.79,-76.053
2134.03,-75.689
2134.28,-76.991
2134.52,-76.815
2134.77,-75.428
2135.01,-73.526
2135.25,-75.203
2135.50,-74.718
2135.74,-75.489
2135.99,-72.379
2136.23,-74.776
2136.47,-74.104
2136.72,-74.869
2136.96,-76.361
2137.21,-72.034
2137.45,-75.290
2137.70,-73.944
2137.94,-73.333
2138.18,-74.380
2138.43,-78.043
2138.67,-76.258
2138.92,-75.576
2139.16,-74.070
2139.40,-74.677
2139.65,-74.310
2139.89,-74.572
2140.14,-73.732
2140.38,-74.956
2140.62,-74.936
2140.87,-74.983
2141.11,-74.464
2141.36,-73.213
2141.60,-72.943
2141.85,-74.434
2142.09,-75.112
2142.33,-75.648
2142.58,-75.999
2142.82,-73.275
2143.07,-73.841
2143.31,-75.746
2143.55,-74.565
2143.80,-73.454
2144.04,-75.405
2144.29,-76.311
2144.53,-75.949
2144.78,-75.074
2145.02,-75.459
2145.26,-75.851
2145.51,-74.432
2145.75,-75.078
2146.00,-75.557
2146.24,-75.240
2146.48,-76.974
2146.73,-75.294
2146.97,-75.122
2147.22,-76.215
2147.46,-72.896
2147.71,-75.346
2147.95,-74.886
2148.19,-76.753
2148.44,-73.604
2148.68,-76.778
2148.93,-74.903
2149.17,-74.757
2149.41,-74.929
2149.66,-73.662
2149.90,-74.411
2150.15,-72.446
2150.39,-75.135
2150.63,-75.251
2150.88,-74.342
2151.12,-73.265
2151.37,-75.934
2151.61,-75.332
2151.86,-73.507
2152.10,-74.689
2152.34,-75.061
2152.59,-74.237
2152.83,-74.345
2153.08,-74.896
2153.32,-75.236
2153.56,-75.378
2153.81,-76.622
2154.05,-72.607
2154.30,-76.151
2154.54,-76.115
2154.79,-73.217
2155.03,-72.817
2155.27,-73.739
2155.52,-73.789
2155.76,-73.428
2156.01,-71.558
2156.25,-74.930
2156.49,-74.622
2156.74,-71.567
2156.98,-72.627
2157.23,-73.898
2157.47,-72.815
2157.71,-74.955
2157.96,-74.355
2158.20,-74.313
2158.45,-74.221
2158.69,-74.276
2158.94,-73.903
2159.18,-72.775
2159.42,-73.019
2159.67,-73.581
2159.91,-73.025
2160.16,-74.514
2160.40,-72.035
2160.64,-71.504
2160.89,-74.645
2161.13,-74.896
2161.38,-73.847
2161.62,-74.660
2161.87,-74.475
2162.11,-77.536
2162.35,-75.468
2162.60,-75.908
2162.84,-71.946
2163.09,-75.359
2163.33,-71.277
2163.57,-73.679
2163.82,-73.450
2164.06,-73.460
2164.31,-75.038
2164.55,-73.732
2164.79,-76.184
2165.04,-75.504
2165.28,-75.390
2165.53,-73.176
2165.77,-74.311
2166.02,-74.198
2166.26,-74.482
2166.50,-73.621
2166.75,-77.908
2166.99,-74.122
2167.24,-71.117
2167.48,-74.374
2167.72,-72.986
2167.97,-73.297
2168.21,-71.947
2168.46,-74.484
2168.70,-74.349
2168.95,-75.075
2169.19,-73.216
2169.43,-73.208
2169.68,-74.054
2169.92,-72.598
2170.17,-72.758
2170.41,-72.780
2170.65,-72.786
2170.90,-74.829
2171.14,-74.858
2171.39,-73.969
2171.63,-72.796
2171.88,-73.933
2172.12,-72.413
2172.36,-75.217
2172.61,-73.148
2172.85,-72.571
2173.10,-74.959
2173.34,-72.426
2173.58,-73.410
2173.83,-72.786
2174.07,-73.040
2174.32,-72.106
2174.56,-72.865
2174.80,-73.670
2175.05,-73.561
2175.29,-72.999
2175.54,-73.974
2175.78,-72.787
2176.03,-73.164
2176.27,-70.571
2176.51,-72.580
2176.76,-74.440
2177.00,-72.027
2177.25,-72.725
2177.49,-74.288
2177.73,-73.291
2177.98,-73.765
2178.22,-72.713
2178.47,-74.253
2178.71,-72.458
2178.96,-75.328
2179.20,-73.954
2179.44,-75.511
2179.69,-75.567
2179.93,-72.055
2180.18,-72.024
2180.42,-72.303
2180.66,-72.830
2180.91,-71.305
2181.15,-71.319
2181.40,-72.480
2181.64,-72.768
2181.88,-74.009
2182.13,-74.616
2182.37,-72.294
2182.62,-70.407
2182.86,-74.597
2183.11,-74.217
2183.35,-72.954
2183.59,-72.038
2183.84,-71.904
2184.08,-74.847
2184.33,-74.284
2184.57,-73.199
2184.81,-72.520
2185.06,-72.719
2185.30,-72.776
2185.55,-72.525
2185.79,-71.666
2186.04,-73.883
2186.28,-72.031
2186.52,-72.638
2186.77,-71.841
2187.01,-71.651
2187.26,-70.451
2187.50,-73.103
2187.74,-71.357
2187.99,-71.265
2188.23,-72.636
2188.48,-72.262
2188.72,-73.272
2188.96,-70.611
2189.21,-71.407
2189.45,-71.003
2189.70,-71.406
2189.94,-73.758
2190.19,-74.203
2190.43,-71.330
2190.67,-71.580
2190.92,-72.439
2191.16,-71.395
2191.41,-72.497
2191.65,-70.795
2191.89,-72.299
2192.14,-73.090
2192.38,-72.732
2192.63,-74.349
2192.87,-75.461
2193.12,-71.175
2193.36,-71.263
2193.60,-72.144
2193.85,-68.969
2194.09,-69.690
2194.34,-72.380
2194.58,-73.482
2194.82,-71.190
2195.07,-69.921
2195.31,-70.413
2195.56,-70.686
2195.80,-73.223
2196.04,-69.288
2196.29,-70.535
2196.53,-73.039
2196.78,-70.529
2197.02,-72.413
2197.27,-69.389
2197.51,-72.077
2197.75,-70.762
2198.00,-70.633
2198.24,-72.438
2198.49,-70.388
2198.73,-69.344
2198.97,-71.209
2199.22,-70.522
2199.46,-72.113
2199.71,-76.080
2199.95,-71.871
2200.20,-70.453
2200.44,-71.151
2200.68,-72.356
2200.93,-69.153
2201.17,-70.103
2201.42,-70.030
2201.66,-71.247
2201.90,-70.551
2202.15,-71.443
2202.39,-70.253
2202.64,-69.884
2202.88,-71.347
2203.12,-70.198
2203.37,-72.047
2203.61,-71.386
2203.86,-69.368
2204.10,-70.285
2204.35,-70.668
2204.59,-69.365
2204.83,-71.787
2205.08,-68.380
2205.32,-71.055
2205.57,-70.493
2205.81,-70.166
2206.05,-70.817
2206.30,-71.840
2206.54,-72.975
2206.79,-69.886
2207.03,-69.572
2207.28,-71.563
2207.52,-72.659
2207.76,-71.491
2208.01,-71.979
2208.25,-73.586
2208.50,-72.967
2208.74,-68.299
2208.98,-71.541
2209.23,-72.649
2209.47,-72.510
2209.72,-70.423
2209.96,-72.210
2210.21,-70.626
2210.45,-71.485
2210.69,-70.715
2210.94,-69.089
2211.18,-69.276
2211.43,-68.748
2211.67,-71.479
2211.91,-71.396
2212.16,-71.119
2212.40,-69.858
2212.65,-70.402
2212.89,-69.838
2213.13,-69.566
2213.38,-71.203
2213.62,-68.863
2213.87,-69.183
2214.11,-68.608
2214.36,-68.608
2214.60,-70.715
2214.84,-67.958
2215.09,-71.144
2215.33,-67.208
2215.58,-68.124
2215.82,-70.369
2216.06,-70.791
2216.31,-70.210
2216.55,-71.525
2216.80,-69.505
2217.04,-68.897
2217.29,-69.779
2217.53,-68.295
2217.77,-68.784
2218.02,-68.858
2218.26,-70.877
2218.51,-72.123
2218.75,-68.345
2218.99,-68.615
2219.24,-71.074
2219.48,-68.066
2219.73,-68.058
2219.97,-67.273
2220.21,-69.350
2220.46,-69.324
2220.70,-68.758
2220.95,-68.345
2221.19,-69.278
2221.44,-69.772
2221.68,-71.397
2221.92,-68.203
2222.17,-68.413
2222.41,-68.371
2222.66,-70.221
2222.90,-68.851
2223.14,-69.292
2223.39,-70.783
2223.63,-70.247
2223.88,-69.478
2224.12,-69.194
2224.37,-69.228
2224.61,-68.444
2224.85,-66.282
2225.10,-66.666
2225.34,-69.341
2225.59,-69.083
2225.83,-68.777
2226.07,-67.285
2226.32,-67.972
2226.56,-68.622
2226.81,-68.374
2227.05,-69.488
2227.29,-65.967
2227.54,-70.151
2227.78,-69.335
2228.03,-69.112
2228.27,-70.585
2228.52,-66.365
2228.76,-66.463
2229.00,-67.338
2229.25,-68.015
2229.49,-68.391
2229.74,-67.717
2229.98,-68.229
2230.22,-68.072
2230.47,-67.712
2230.71,-66.981
2230.96,-69.853
2231.20,-65.900
2231.45,-68.499
2231.69,-68.288
2231.93,-67.677
2232.18,-67.825
2232.42,-70.416
2232.67,-68.328
2232.91,-70.628
2233.15,-67.666
2233.40,-66.874
2233.64,-68.587
2233.89,-70.586
2234.13,-66.943
2234.38,-65.369
2234.62,-64.943
2234.86,-66.216
2235.11,-67.371
2235.35,-67.709
2235.60,-65.833
2235.84,-70.086
2236.08,-68.681
2236.33,-66.911
2236.57,-67.547
2236.82,-69.215
2237.06,-69.779
2237.30,-66.044
2237.55,-68.578
2237.79,-69.156
2238.04,-67.054
2238.28,-64.977
2238.53,-65.876
2238.77,-65.839
2239.01,-67.242
2239.26,-68.605
2239.50,-68.234
2239.75,-66.982
2239.99,-67.051
2240.23,-66.507
2240.48,-67.557
2240.72,-67.238
2240.97,-67.663
2241.21,-68.220
2241.46,-67.257
2241.70,-66.122
2241.94,-66.266
2242.19,-68.550
2242.43,-65.319
2242.68,-65.135
2242.92,-65.949
2243.16,-66.280
2243.41,-66.496
2243.65,-65.741
2243.90,-65.734
2244.14,-65.230
2244.38,-64.254
2244.63,-66.918
2244.87,-63.795
2245.12,-65.716
2245.36,-64.250
2245.61,-65.958
2245.85,-68.175
2246.09,-67.920
2246.34,-66.433
2246.58,-66.881
2246.83,-68.270
2247.07,-66.303
2247.31,-64.097
2247.56,-67.242
2247.80,-65.530
2248.05,-66.064
2248.29,-64.211
2248.54,-67.020
2248.78,-64.411
2249.02,-64.765
2249.27,-63.982
2249.51,-66.328
2249.76,-66.028
2250.00,-67.810
2250.24,-66.903
2250.49,-66.805
2250.73,-65.065
2250.98,-64.923
2251.22,-65.140
2251.46,-67.752
2251.71,-67.543
2251.95,-65.371
2252.20,-64.115
2252.44,-65.271
2252.69,-65.426
2252.93,-65.037
2253.17,-64.279
2253.42,-67.247
2253.66,-66.341
2253.91,-66.632
2254.15,-67.219
2254.39,-66.480
2254.64,-65.992
2254.88,-65.284
2255.13,-64.597
2255.37,-67.840
2255.62,-65.264
2255.86,-65.498
2256.10,-65.772
2256.35,-64.505
2256.59,-65.193
2256.84,-66.536
2257.08,-66.077
2257.32,-63.359
2257.57,-64.401
2257.81,-62.208
2258.06,-64.327
2258.30,-65.815
2258.54,-66.731
2258.79,-62.075
2259.03,-63.889
2259.28,-62.703
2259.52,-63.036
2259.77,-63.475
2260.01,-62.085
2260.25,-64.087
2260.50,-64.982
2260.74,-64.288
2260.99,-63.895
2261.23,-63.514
2261.47,-63.724
2261.72,-63.772
2261.96,-62.572
2262.21,-63.878
2262.45,-62.911
2262.70,-66.472
2262.94,-64.026
2263.18,-64.820
2263.43,-66.065
2263.67,-63.651
2263.92,-65.015
2264.16,-63.088
2264.40,-61.301
2264.65,-62.897
2264.89,-62.719
2265.14,-64.691
2265.38,-63.811
2265.62,-64.037
2265.87,-62.535
2266.11,-65.147
2266.36,-64.243
2266.60,-63.395
2266.85,-63.140
2267.09,-63.711
2267.33,-63.156
2267.58,-66.110
2267.82,-59.939
2268.07,-64.684
2268.31,-64.195
2268.55,-60.900
2268.80,-62.103
2269.04,-61.596
2269.29,-59.758
2269.53,-62.443
2269.78,-63.975
2270.02,-61.040
2270.26,-62.408
2270.51,-63.618
2270.75,-62.416
2271.00,-61.862
2271.24,-61.610
2271.48,-61.327
2271.73,-64.874
2271.97,-62.233
2272.22,-61.872
2272.46,-60.918
2272.71,-61.396
2272.95,-62.980
2273.19,-62.211
2273.44,-61.819
2273.68,-59.155
2273.93,-61.931
2274.17,-60.485
2274.41,-60.218
2274.66,-60.849
2274.90,-62.005
2275.15,-60.848
2275.39,-61.910
2275.63,-61.490
2275.88,-59.834
2276.12,-60.493
2276.37,-59.175
2276.61,-60.820
2276.86,-59.422
2277.10,-60.927
2277.34,-58.333
2277.59,-60.746
2277.83,-59.317
2278.08,-59.881
2278.32,-60.607
2278.56,-61.321
2278.81,-59.086
2279.05,-58.925
2279.30,-58.266
2279.54,-61.602
2279.79,-61.302
2280.03,-58.352
2280.27,-57.968
2280.52,-57.971
2280.76,-58.744
2281.01,-60.244
2281.25,-59.941
2281.49,-62.300
2281.74,-59.810
2281.98,-60.408
2282.23,-58.709
2282.47,-57.409
2282.71,-59.330
2282.96,-59.071
2283.20,-58.721
2283.45,-58.997
2283.69,-60.487
2283.94,-61.876
2284.18,-57.526
2284.42,-57.233
2284.67,-57.770
2284.91,-60.116
2285.16,-57.229
2285.40,-57.010
2285.64,-58.013
2285.89,-57.669
2286.13,-59.224
2286.38,-59.452
2286.62,-58.239
2286.87,-58.989
2287.11,-61.391
2287.35,-59.861
2287.60,-57.278
2287.84,-57.775
2288.09,-57.360
2288.33,-58.406
2288.57,-59.316
2288.82,-59.920
2289.06,-58.838
2289.31,-58.063
2289.55,-58.732
2289.79,-58.352
2290.04,-58.721
2290.28,-58.205
2290.53,-59.131
2290.77,-57.716
2291.02,-56.527
2291.26,-57.112
2291.50,-58.944
2291.75,-55.974
2291.99,-58.592
2292.24,-58.545
2292.48,-58.554
2292.72,-56.481
2292.97,-55.670
2293.21,-57.273
2293.46,-56.775
2293.70,-58.560
2293.95,-57.873
2294.19,-57.673
2294.43,-58.861
2294.68,-59.024
2294.92,-58.305
2295.17,-58.091
2295.41,-57.639
2295.65,-58.000
2295.90,-58.720
2296.14,-57.494
2296.39,-55.553
2296.63,-59.776
2296.88,-59.912
2297.12,-57.678
2297.36,-58.333
2297.61,-57.390
2297.85,-59.097
2298.10,-57.829
2298.34,-55.124
2298.58,-59.477
2298.83,-61.309
2299.07,-59.384
2299.32,-56.696
2299.56,-59.017
2299.80,-59.193
2300.05,-59.299
2300.29,-55.912
2300.54,-59.347
2300.78,-59.102
2301.03,-56.722
2301.27,-57.240
2301.51,-57.132
2301.76,-55.062
2302.00,-57.773
2302.25,-56.666
2302.49,-56.799
2302.73,-56.845
2302.98,-57.852
2303.22,-56.604
2303.47,-58.361
2303.71,-57.586
2303.96,-58.788
2304.20,-55.898
2304.44,-55.442
2304.69,-54.672
2304.93,-57.508
2305.18,-59.317
2305.42,-57.935
2305.66,-56.797
2305.91,-60.047
2306.15,-60.131
2306.40,-58.014
2306.64,-56.229
2306.88,-56.299
2307.13,-57.165
2307.37,-57.370
2307.62,-60.585
2307.86,-61.786
2308.11,-59.931
2308.35,-58.357
2308.59,-56.176
2308.84,-57.558
2309.08,-56.642
2309.33,-56.080
2309.57,-58.508
2309.81,-56.545
2310.06,-57.519
2310.30,-58.691
2310.55,-60.969
2310.79,-59.220
2311.04,-59.322
2311.28,-55.124
2311.52,-58.308
2311.77,-57.713
2312.01,-59.418
2312.26,-58.822
2312.50,-59.708
2312.74,-57.195
2312.99,-57.715
2313.23,-54.726
2313.48,-57.703
2313.72,-56.375
2313.96,-57.707
2314.21,-56.189
2314.45,-58.919
2314.70,-61.027
2314.94,-58.904
2315.19,-61.378
2315.43,-60.352
2315.67,-60.622
2315.92,-59.903
2316.16,-58.466
2316.41,-59.541
2316.65,-56.479
2316.89,-58.824
2317.14,-59.357
2317.38,-58.179
2317.63,-58.716
2317.87,-59.404
2318.12,-61.191
2318.36,-60.645
2318.60,-58.776
2318.85,-59.154
2319.09,-58.908
2319.34,-57.702
2319.58,-59.428
2319.82,-58.796
2320.07,-60.555
2320.31,-58.309
2320.56,-60.725
2320.80,-59.511
2321.04,-59.522
2321.29,-59.578
2321.53,-60.488
2321.78,-60.285
2322.02,-60.451
2322.27,-60.508
2322.51,-61.175
2322.75,-58.970
2323.00,-61.836
2323.24,-59.759
2323.49,-60.079
2323.73,-62.150
2323.97,-60.834
2324.22,-60.193
2324.46,-62.206
2324.71,-60.488
2324.95,-60.677
2325.20,-60.908
2325.44,-61.020
2325.68,-59.665
2325.93,-59.362
2326.17,-62.536
2326.42,-58.791
2326.66,-60.826
2326.90,-59.861
2327.15,-59.178
2327.39,-58.993
2327.64,-58.881
2327.88,-59.645
2328.12,-61.029
2328.37,-60.229
2328.61,-62.625
2328.86,-65.011
2329.10,-64.504
2329.35,-60.437
2329.59,-62.484
2329.83,-60.676
2330.08,-60.342
2330.32,-61.988
2330.57,-63.303
2330.81,-61.403
2331.05,-62.477
2331.30,-61.772
2331.54,-62.159
2331.79,-60.810
2332.03,-62.640
2332.28,-60.794
2332.52,-62.099
2332.76,-64.867
2333.01,-62.187
2333.25,-63.183
2333.50,-60.822
2333.74,-61.126
2333.98,-60.471
2334.23,-60.966
2334.47,-60.507
2334.72,-61.911
2334.96,-61.784
2335.21,-61.723
2335.45,-61.163
2335.69,-61.261
2335.94,-61.644
2336.18,-65.183
2336.43,-62.133
2336.67,-60.865
2336.91,-59.751
2337.16,-62.860
2337.40,-60.046
2337.65,-61.592
2337.89,-64.058
2338.13,-63.404
2338.38,-61.807
2338.62,-62.931
2338.87,-64.819
2339.11,-62.959
2339.36,-64.042
2339.60,-61.402
2339.84,-61.140
2340.09,-62.981
2340.33,-62.113
2340.58,-62.467
2340.82,-61.941
2341.06,-62.782
2341.31,-62.548
2341.55,-64.208
2341.80,-64.201
2342.04,-64.659
2342.29,-62.744
2342.53,-63.115
2342.77,-64.200
2343.02,-66.062
2343.26,-63.052
2343.51,-61.419
2343.75,-62.012
2343.99,-63.306
2344.24,-65.382
2344.48,-63.826
2344.73,-62.356
2344.97,-62.223
2345.21,-62.034
2345.46,-61.751
2345.70,-61.233
2345.95,-63.402
2346.19,-63.354
2346.44,-62.787
2346.68,-65.024
2346.92,-62.829
2347.17,-62.746
2347.41,-61.331
2347.66,-65.197
2347.90,-63.229
2348.14,-62.351
2348.39,-63.313
2348.63,-62.545
2348.88,-60.100
2349.12,-63.607
2349.37,-61.440
2349.61,-63.038
2349.85,-61.114
2350.10,-63.035
2350.34,-66.681
2350.59,-64.585
2350.83,-63.244
2351.07,-63.240
2351.32,-64.046
2351.56,-63.162
2351.81,-62.386
2352.05,-64.503
2352.29,-62.408
2352.54,-63.126
2352.78,-62.994
2353.03,-62.049
2353.27,-63.174
2353.52,-63.106
2353.76,-64.233
2354.00,-64.445
2354.25,-65.528
2354.49,-63.976
2354.74,-63.039
2354.98,-65.475
2355.22,-63.645
2355.47,-62.124
2355.71,-64.649
2355.96,-64.914
2356.20,-63.765
2356.45,-61.894
2356.69,-62.367
2356.93,-61.376
2357.18,-65.108
2357.42,-65.698
2357.67,-65.917
2357.91,-66.753
2358.15,-67.016
2358.40,-66.206
2358.64,-65.983
2358.89,-64.630
2359.13,-63.885
2359.38,-65.430
2359.62,-64.753
2359.86,-67.426
2360.11,-64.378
2360.35,-65.032
2360.60,-64.529
2360.84,-63.006
2361.08,-64.431
2361.33,-63.724
2361.57,-65.489
2361.82,-64.042
2362.06,-62.738
2362.30,-64.637
2362.55,-65.574
2362.79,-68.668
2363.04,-65.774
2363.28,-67.439
2363.53,-66.520
2363.77,-65.838
2364.01,-65.535
2364.26,-65.502
2364.50,-63.684
2364.75,-63.086
2364.99,-63.186
2365.23,-65.152
2365.48,-64.525
2365.72,-63.956
2365.97,-66.886
2366.21,-70.216
2366.46,-66.134
2366.70,-64.700
2366.94,-64.030
2367.19,-64.269
2367.43,-65.549
2367.68,-65.369
2367.92,-67.283
2368.16,-64.633
2368.41,-63.423
2368.65,-66.176
2368.90,-65.334
2369.14,-65.965
2369.38,-65.938
2369.63,-64.922
2369.87,-65.385
2370.12,-64.387
2370.36,-66.948
2370.61,-67.073
2370.85,-64.870
2371.09,-64.417
2371.34,-64.320
2371.58,-65.713
2371.83,-67.368
2372.07,-66.507
2372.31,-65.684
2372.56,-66.532
2372.80,-68.149
2373.05,-65.145
2373.29,-65.989
2373.54,-66.380
2373.78,-67.549
2374.02,-66.095
2374.27,-66.746
2374.51,-64.506
2374.76,-65.047
2375.00,-64.719
2375.24,-67.032
2375.49,-66.441
2375.73,-64.677
2375.98,-67.068
2376.22,-65.739
2376.46,-67.069
2376.71,-66.391
2376.95,-67.784
2377.20,-66.726
2377.44,-67.878
2377.69,-67.770
2377.93,-63.631
2378.17,-69.499
2378.42,-70.062
2378.66,-66.316
2378.91,-68.086
2379.15,-67.322
2379.39,-65.805
2379.64,-64.179
2379.88,-66.419
2380.13,-65.675
2380.37,-68.642
2380.62,-69.343
2380.86,-68.083
2381.10,-67.292
2381.35,-68.856
2381.59,-67.881
2381.84,-65.296
2382.08,-65.301
2382.32,-68.829
2382.57,-66.130
2382.81,-65.745
2383.06,-67.237
2383.30,-67.505
2383.54,-66.904
2383.79,-68.599
2384.03,-65.755
2384.28,-67.540
2384.52,-66.483
2384.77,-67.474
2385.01,-68.745
2385.25,-65.262
2385.50,-65.606
2385.74,-66.596
2385.99,-65.480
2386.23,-67.996
2386.47,-67.345
2386.72,-65.252
2386.96,-67.170
2387.21,-69.223
2387.45,-68.184
2387.70,-66.221
2387.94,-66.536
2388.18,-65.457
2388.43,-66.691
2388.67,-64.819
2388.92,-67.161
2389.16,-67.768
2389.40,-66.699
2389.65,-65.509
2389.89,-65.889
2390.14,-67.750
2390.38,-68.573
2390.62,-66.600
2390.87,-66.123
2391.11,-67.958
2391.36,-66.082
2391.60,-66.549
2391.85,-65.562
2392.09,-66.158
2392.33,-66.553
2392.58,-66.302
2392.82,-68.525
2393.07,-66.030
2393.31,-68.775
2393.55,-65.632
2393.80,-67.501
2394.04,-66.475
2394.29,-67.598
2394.53,-69.351
2394.78,-69.146
2395.02,-67.152
2395.26,-67.169
2395.51,-67.334
2395.75,-67.005
2396.00,-66.363
2396.24,-66.570
2396.48,-67.003
2396.73,-66.053
2396.97,-69.126
2397.22,-68.112
2397.46,-65.490
2397.71,-65.504
2397.95,-64.995
2398.19,-67.287
2398.44,-69.076
2398.68,-68.046
2398.93,-68.024
2399.17,-68.401
2399.41,-66.246
2399.66,-67.486
2399.90,-67.005
2400.15,-68.383
2400.39,-70.491
2400.63,-68.154
2400.88,-68.341
2401.12,-67.199
2401.37,-67.245
2401.61,-67.075
2401.86,-68.567
2402.10,-65.812
2402.34,-67.455
2402.59,-67.930
2402.83,-67.948
2403.08,-68.843
2403.32,-67.933
2403.56,-68.182
2403.81,-68.449
2404.05,-66.622
2404.30,-69.493
2404.54,-68.101
2404.79,-67.609
2405.03,-66.498
2405.27,-66.913
2405.52,-65.907
2405.76,-67.434
2406.01,-72.022
2406.25,-68.901
2406.49,-67.398
2406.74,-66.345
2406.98,-67.113
2407.23,-66.452
2407.47,-66.555
2407.71,-69.030
2407.96,-67.648
2408.20,-66.804
2408.45,-68.007
2408.69,-67.032
2408.94,-67.496
2409.18,-66.944
2409.42,-69.303
2409.67,-68.442
2409.91,-68.104
2410.16,-68.919
2410.40,-68.565
2410.64,-68.675
2410.89,-70.670
2411.13,-69.113
2411.38,-64.737
2411.62,-69.568
2411.87,-69.199
2412.11,-67.147
2412.35,-69.501
2412.60,-69.272
2412.84,-69.850
2413.09,-68.673
2413.33,-67.443
2413.57,-65.730
2413.82,-65.041
2414.06,-67.747
2414.31,-67.335
2414.55,-69.492
2414.79,-70.696
2415.04,-69.064
2415.28,-71.999
2415.53,-69.604
2415.77,-68.714
2416.02,-69.854
2416.26,-69.948
2416.50,-70.560
2416.75,-68.833
2416.99,-70.878
2417.24,-70.231
2417.48,-74.044
2417.72,-67.688
2417.97,-68.363
2418.21,-68.151
2418.46,-69.656
2418.70,-68.986
2418.95,-70.207
2419.19,-69.886
2419.43,-70.104
2419.68,-70.622
2419.92,-67.271
2420.17,-67.579
2420.41,-68.744
2420.65,-68.632
2420.90,-68.985
2421.14,-68.540
2421.39,-69.674
2421.63,-67.289
2421.88,-69.390
2422.12,-70.845
2422.36,-68.027
2422.61,-69.071
2422.85,-70.543
2423.10,-70.085
2423.34,-68.754
2423.58,-68.686
2423.83,-68.184
2424.07,-66.117
2424.32,-68.867
2424.56,-67.719
2424.80,-68.844
2425.05,-68.622
2425.29,-67.273
2425.54,-65.491
2425.78,-69.814
2426.03,-70.501
2426.27,-69.214
2426.51,-67.118
2426.76,-67.117
2427.00,-68.252
2427.25,-67.961
2427.49,-70.445
2427.73,-66.829
2427.98,-65.256
2428.22,-67.842
2428.47,-68.877
2428.71,-68.441
2428.96,-68.909
2429.20,-70.858
2429.44,-69.303
2429.69,-66.356
2429.93,-69.277
2430.18,-69.753
2430.42,-68.868
2430.66,-67.097
2430.91,-68.521
2431.15,-71.783
2431.40,-68.764
2431.64,-69.741
2431.88,-68.268
2432.13,-70.149
2432.37,-68.650
2432.62,-68.876
2432.86,-69.671
2433.11,-66.106
2433.35,-67.350
2433.59,-65.968
2433.84,-68.278
2434.08,-67.455
2434.33,-67.936
2434.57,-71.700
2434.81,-69.470
2435.06,-69.350
2435.30,-67.944
2435.55,-69.495
2435.79,-66.807
2436.04,-67.491
2436.28,-67.192
2436.52,-68.302
2436.77,-70.091
2437.01,-67.429
2437.26,-69.102
2437.50,-70.749
2437.74,-68.487
2437.99,-67.014
2438.23,-70.175
2438.48,-68.772
2438.72,-67.663
2438.96,-70.450
2439.21,-69.451
2439.45,-67.106
2439.70,-68.377
2439.94,-69.414
2440.19,-70.489
2440.43,-69.847
2440.67,-71.011
2440.92,-71.580
2441.16,-69.674
2441.41,-70.451
2441.65,-69.266
2441.89,-69.875
2442.14,-66.216
2442.38,-70.509
2442.63,-69.160
2442.87,-72.023
2443.12,-70.562
2443.36,-67.995
2443.60,-69.292
2443.85,-68.900
2444.09,-70.153
2444.34,-68.634
2444.58,-69.245
2444.82,-70.677
2445.07,-69.944
2445.31,-69.118
2445.56,-68.867
2445.80,-66.900
2446.04,-66.984
2446.29,-68.878
2446.53,-67.006
2446.78,-67.451
2447.02,-66.876
2447.27,-71.798
2447.51,-70.333
2447.75,-69.008
2448.00,-69.684
2448.24,-67.725
2448.49,-68.480
2448.73,-68.993
2448.97,-71.042
2449.22,-70.301
2449.46,-73.841
2449.71,-68.234
2449.95,-70.836
2450.20,-67.592
2450.44,-71.220
2450.68,-70.139
2450.93,-68.023
2451.17,-68.327
2451.42,-69.410
2451.66,-70.992
2451.90,-69.932
2452.15,-70.203
2452.39,-70.571
2452.64,-69.783
2452.88,-69.942
2453.12,-67.475
2453.37,-70.364
2453.61,-68.543
2453.86,-69.856
2454.10,-68.420
2454.35,-68.970
2454.59,-69.901
2454.83,-70.787
2455.08,-67.450
2455.32,-70.269
2455.57,-69.532
2455.81,-68.860
2456.05,-71.059
2456.30,-70.125
2456.54,-70.446
2456.79,-66.836
2457.03,-69.111
2457.28,-67.488
2457.52,-68.167
2457.76,-68.341
2458.01,-66.773
2458.25,-69.297
2458.50,-72.153
2458.74,-70.812
2458.98,-70.407
2459.23,-67.944
2459.47,-70.526
2459.72,-70.273
2459.96,-70.177
2460.21,-68.972
2460.45,-69.414
2460.69,-69.278
2460.94,-67.757
2461.18,-69.857
2461.43,-68.716
2461.67,-68.538
2461.91,-67.970
2462.16,-69.496
2462.40,-70.434
2462.65,-69.050
2462.89,-69.127
2463.13,-67.300
2463.38,-69.056
2463.62,-71.395
2463.87,-70.197
2464.11,-70.695
2464.36,-70.309
2464.60,-68.234
2464.84,-70.627
2465.09,-68.779
2465.33,-69.182
2465.58,-70.413
2465.82,-70.613
2466.06,-69.527
2466.31,-70.223
2466.55,-70.132
2466.80,-69.768
2467.04,-70.727
2467.29,-69.094
2467.53,-67.741
2467.77,-67.618
2468.02,-67.673
2468.26,-69.042
2468.51,-68.887
2468.75,-69.181
2468.99,-69.681
2469.24,-68.819
2469.48,-67.841
2469.73,-68.497
2469.97,-73.215
2470.21,-70.193
2470.46,-71.197
2470.70,-68.449
2470.95,-70.735
2471.19,-71.198
2471.44,-69.165
2471.68,-68.464
2471.92,-68.745
2472.17,-71.496
2472.41,-70.068
2472.66,-70.123
2472.90,-68.874
2473.14,-70.572
2473.39,-66.990
2473.63,-71.465
2473.88,-68.929
2474.12,-70.326
2474.37,-66.901
2474.61,-70.121
2474.85,-69.823
2475.10,-68.879
2475.34,-68.664
2475.59,-70.869
2475.83,-67.366
2476.07,-68.844
2476.32,-70.185
2476.56,-68.852
2476.81,-68.327
2477.05,-67.123
2477.29,-71.338
2477.54,-70.020
2477.78,-68.910
2478.03,-68.048
2478.27,-71.255
2478.52,-69.448
2478.76,-69.430
2479.00,-68.625
2479.25,-70.605
2479.49,-71.964
2479.74,-72.139
2479.98,-68.027
2480.22,-66.898
2480.47,-68.296
2480.71,-69.560
2480.96,-71.502
2481.20,-70.796
2481.45,-70.229
2481.69,-69.923
2481.93,-70.159
2482.18,-70.295
2482.42,-68.100
2482.67,-69.882
2482.91,-70.683
2483.15,-72.704
2483.40,-68.097
2483.64,-72.343
2483.89,-71.231
2484.13,-70.434
2484.38,-71.072
2484.62,-69.087
2484.86,-66.168
2485.11,-70.106
2485.35,-71.312
2485.60,-69.891
2485.84,-68.226
2486.08,-68.068
2486.33,-72.556
2486.57,-69.176
2486.82,-68.734
2487.06,-69.036
2487.30,-68.288
2487.55,-70.983
2487.79,-70.111
2488.04,-66.787
2488.28,-71.025
2488.53,-69.444
2488.77,-68.739
2489.01,-68.694
2489.26,-68.633
2489.50,-68.512
2489.75,-66.938
2489.99,-70.067
2490.23,-68.649
2490.48,-67.063
2490.72,-69.467
2490.97,-69.177
2491.21,-67.171
2491.46,-68.949
2491.70,-68.342
2491.94,-68.384
2492.19,-68.640
2492.43,-68.956
2492.68,-67.545
2492.92,-67.658
2493.16,-68.734
2493.41,-69.506
2493.65,-71.082
2493.90,-68.073
2494.14,-68.650
2494.38,-69.899
2494.63,-69.382
2494.87,-70.393
2495.12,-70.667
2495.36,-68.865
2495.61,-71.433
2495.85,-68.663
2496.09,-68.372
2496.34,-68.770
2496.58,-68.720
2496.83,-67.226
2497.07,-69.194
2497.31,-71.318
2497.56,-69.882
2497.80,-69.390
2498.05,-66.954
2498.29,-69.164
2498.54,-68.900
2498.78,-69.301
2499.02,-69.634
2499.27,-70.397
2499.51,-71.071
2499.76,-70.052
2500.00,-71.356
2500.24,-71.759
2500.49,-70.238
2500.73,-69.332
2500.98,-70.551
2501.22,-68.210
2501.46,-68.016
2501.71,-69.514
2501.95,-70.313
2502.20,-69.422
2502.44,-68.592
2502.69,-70.415
2502.93,-68.125
2503.17,-69.805
2503.42,-71.568
2503.66,-69.465
2503.91,-71.872
2504.15,-71.091
2504.39,-72.253
2504.64,-69.026
2504.88,-70.222
2505.13,-69.671
2505.37,-70.974
2505.62,-69.905
2505.86,-71.347
2506.10,-66.563
2506.35,-69.135
2506.59,-66.448
2506.84,-68.933
2507.08,-69.378
2507.32,-70.504
2507.57,-70.746
2507.81,-67.288
2508.06,-67.678
2508.30,-68.165
2508.54,-69.106
2508.79,-68.231
2509.03,-70.055
2509.28,-67.339
2509.52,-69.722
2509.77,-67.896
2510.01,-69.649
2510.25,-67.978
2510.50,-69.767
2510.74,-69.828
2510.99,-73.248
2511.23,-68.791
2511.47,-68.488
2511.72,-67.328
2511.96,-69.126
2512.21,-67.378
2512.45,-65.734
2512.70,-67.930
2512.94,-68.259
2513.18,-68.636
2513.43,-69.952
2513.67,-71.454
2513.92,-66.802
2514.16,-69.462
2514.40,-72.357
2514.65,-69.815
2514.89,-68.159
2515.14,-67.151
2515.38,-69.469
2515.62,-69.117
2515.87,-67.385
2516.11,-69.196
2516.36,-68.450
2516.60,-66.976
2516.85,-68.770
2517.09,-69.573
2517.33,-70.110
2517.58,-68.807
2517.82,-70.685
2518.07,-68.245
2518.31,-69.334
2518.55,-70.415
2518.80,-71.133
2519.04,-69.228
2519.29,-70.830
2519.53,-69.261
2519.78,-68.451
2520.02,-71.537
2520.26,-69.335
2520.51,-69.420
2520.75,-70.637
2521.00,-66.749
2521.24,-70.563
2521.48,-69.696
2521.73,-68.851
2521.97,-71.641
2522.22,-69.889
2522.46,-72.513
2522.71,-70.421
2522.95,-68.637
2523.19,-68.954
2523.44,-69.284
2523.68,-68.177
2523.93,-66.822
2524.17,-67.325
2524.41,-70.128
2524.66,-67.460
2524.90,-69.251
2525.15,-68.292
2525.39,-68.981
2525.63,-71.554
2525.88,-71.902
2526.12,-69.847
2526.37,-72.789
2526.61,-70.274
2526.86,-70.634
2527.10,-68.385
2527.34,-67.909
2527.59,-67.986
2527.83,-68.640
2528.08,-70.933
2528.32,-70.307
2528.56,-68.213
2528.81,-69.249
2529.05,-69.363
2529.30,-68.518
2529.54,-68.183
2529.79,-68.035
2530.03,-70.675
2530.27,-67.383
2530.52,-66.212
2530.76,-68.854
2531.01,-67.238
2531.25,-68.450
2531.49,-66.102
2531.74,-69.641
2531.98,-69.544
2532.23,-70.260
2532.47,-69.466
2532.71,-67.727
2532.96,-66.923
2533.20,-68.563
2533.45,-67.878
2533.69,-67.578
2533.94,-67.950
2534.18,-69.865
2534.42,-70.140
2534.67,-69.172
2534.91,-69.319
2535.16,-68.202
2535.40,-69.181
2535.64,-70.839
2535.89,-68.144
2536.13,-71.115
2536.38,-68.896
2536.62,-70.864
2536.87,-70.553
2537.11,-68.128
2537.35,-67.463
2537.60,-69.294
2537.84,-69.176
2538.09,-68.421
2538.33,-68.607
2538.57,-68.635
2538.82,-67.619
2539.06,-69.955
2539.31,-68.615
2539.55,-66.457
2539.79,-69.109
2540.04,-67.664
2540.28,-67.739
2540.53,-68.770
2540.77,-68.967
2541.02,-69.136
2541.26,-69.535
2541.50,-71.802
2541.75,-68.380
2541.99,-67.363
2542.24,-68.506
2542.48,-68.123
2542.72,-66.851
2542.97,-68.260
2543.21,-68.070
2543.46,-65.225
2543.70,-69.953
2543.95,-70.139
2544.19,-71.365
2544.43,-68.116
2544.68,-67.379
2544.92,-67.472
2545.17,-68.908
2545.41,-67.557
2545.65,-67.578
2545.90,-69.396
2546.14,-69.666
2546.39,-69.002
2546.63,-68.287
2546.88,-69.080
2547.12,-67.532
2547.36,-67.345
2547.61,-67.962
2547.85,-70.174
2548.10,-67.169
2548.34,-68.230
2548.58,-66.585
2548.83,-67.632
2549.07,-68.686
2549.32,-68.943
2549.56,-68.464
2549.80,-66.813
2550.05,-68.458
2550.29,-69.223
2550.54,-67.976
2550.78,-67.778
2551.03,-68.907
2551.27,-69.547
2551.51,-68.300
2551.76,-66.301
2552.00,-67.698
2552.25,-69.799
2552.49,-69.807
2552.73,-69.123
2552.98,-68.646
2553.22,-67.533
2553.47,-66.750
2553.71,-67.535
2553.96,-67.314
2554.20,-65.821
2554.44,-67.155
2554.69,-69.557
2554.93,-69.583
2555.18,-67.380
2555.42,-67.119
2555.66,-68.252
2555.91,-67.533
2556.15,-67.041
2556.40,-67.900
2556.64,-67.769
2556.88,-68.345
2557.13,-67.148
2557.37,-71.042
2557.62,-68.927
2557.86,-66.815
2558.11,-65.871
2558.35,-69.038
2558.59,-70.615
2558.84,-68.184
2559.08,-66.146
2559.33,-68.057
2559.57,-69.748
2559.81,-66.200
2560.06,-66.354
2560.30,-66.110
2560.55,-67.659
2560.79,-67.817
2561.04,-66.592
2561.28,-68.560
2561.52,-70.653
2561.77,-66.847
2562.01,-67.399
2562.26,-68.530
2562.50,-70.637
2562.74,-69.477
2562.99,-68.924
2563.23,-69.144
2563.48,-66.907
2563.72,-71.161
2563.96,-69.775
2564.21,-69.418
2564.45,-67.688
2564.70,-67.019
2564.94,-68.816
2565.19,-68.063
2565.43,-70.417
2565.67,-67.658
2565.92,-67.302
2566.16,-67.586
2566.41,-70.060
2566.65,-69.151
2566.89,-64.996
2567.14,-66.356
2567.38,-68.434
2567.63,-67.924
2567.87,-67.247
2568.12,-68.349
2568.36,-69.724
2568.60,-68.165
2568.85,-66.089
2569.09,-66.910
2569.34,-66.400
2569.58,-67.244
2569.82,-65.535
2570.07,-66.696
2570.31,-68.074
2570.56,-67.585
2570.80,-67.727
2571.04,-68.832
2571.29,-66.607
2571.53,-67.771
2571.78,-68.109
2572.02,-68.202
2572.27,-67.851
2572.51,-66.337
2572.75,-67.213
2573.00,-67.578
2573.24,-68.942
2573.49,-70.255
2573.73,-68.460
2573.97,-66.451
2574.22,-66.830
2574.46,-67.293
2574.71,-66.236
2574.95,-66.841
2575.20,-65.361
2575.44,-67.090
2575.68,-67.169
2575.93,-66.329
2576.17,-68.488
2576.42,-65.852
2576.66,-66.756
2576.90,-66.559
2577.15,-67.785
2577.39,-67.100
2577.64,-66.001
2577.88,-66.619
2578.12,-68.547
2578.37,-66.915
2578.61,-64.743
2578.86,-66.518
2579.10,-64.780
2579.35,-68.581
2579.59,-66.774
2579.83,-70.315
2580.08,-65.907
2580.32,-67.844
2580.57,-68.672
2580.81,-71.054
2581.05,-68.665
2581.30,-65.892
2581.54,-65.846
2581.79,-67.032
2582.03,-64.707
2582.28,-65.765
2582.52,-64.367
2582.76,-66.003
2583.01,-66.848
2583.25,-67.956
2583.50,-67.827
2583.74,-66.890
2583.98,-66.556
2584.23,-66.288
2584.47,-64.826
2584.72,-66.943
2584.96,-70.906
2585.21,-69.370
2585.45,-65.029
2585.69,-64.860
2585.94,-65.602
2586.18,-66.106
2586.43,-68.962
2586.67,-66.657
2586.91,-67.436
2587.16,-69.385
2587.40,-68.550
2587.65,-67.968
2587.89,-65.823
2588.13,-67.489
2588.38,-66.094
2588.62,-68.921
2588.87,-65.920
2589.11,-65.640
2589.36,-67.565
2589.60,-65.773
2589.84,-66.225
2590.09,-64.671
2590.33,-65.448
2590.58,-64.594
2590.82,-64.969
2591.06,-67.609
2591.31,-67.993
2591.55,-67.208
2591.80,-64.874
2592.04,-65.904
2592.29,-66.669
2592.53,-66.233
2592.77,-66.742
2593.02,-68.699
2593.26,-67.448
2593.51,-65.503
2593.75,-66.723
2593.99,-67.221
2594.24,-69.299
2594.48,-64.212
2594.73,-65.742
2594.97,-66.462
2595.21,-64.033
2595.46,-65.926
2595.70,-66.120
2595.95,-65.606
2596.19,-67.512
2596.44,-68.571
2596.68,-68.620
2596.92,-70.143
2597.17,-68.274
2597.41,-65.505
2597.66,-67.864
2597.90,-66.017
2598.14,-66.436
2598.39,-67.277
2598.63,-69.874
2598.88,-66.533
2599.12,-68.687
2599.37,-65.506
2599.61,-65.528
2599.85,-65.318
2600.10,-63.520
2600.34,-65.177
2600.59,-67.243
2600.83,-65.421
2601.07,-65.334
2601.32,-66.128
2601.56,-65.944
2601.81,-67.511
2602.05,-68.057
2602.29,-68.324
2602.54,-66.942
2602.78,-67.227
2603.03,-69.908
2603.27,-67.363
2603.52,-66.256
2603.76,-65.556
2604.00,-64.299
2604.25,-68.062
2604.49,-65.891
2604.74,-66.684
2604.98,-66.514
2605.22,-65.743
2605.47,-66.479
2605.71,-65.220
2605.96,-67.476
2606.20,-66.109
2606.45,-66.204
2606.69,-65.782
2606.93,-64.989
2607.18,-64.591
2607.42,-67.908
2607.67,-68.196
2607.91,-67.243
2608.15,-64.278
2608.40,-66.201
2608.64,-66.485
2608.89,-66.344
2609.13,-66.327
2609.38,-68.920
2609.62,-64.673
2609.86,-64.624
2610.11,-65.712
2610.35,-65.503
2610.60,-66.728
2610.84,-65.119
2611.08,-65.629
2611.33,-63.506
2611.57,-63.752
2611.82,-65.078
2612.06,-66.095
2612.30,-66.767
2612.55,-68.830
2612.79,-68.237
2613.04,-64.700
2613.28,-66.413
2613.53,-66.995
2613.77,-65.162
2614.01,-65.103
2614.26,-65.820
2614.50,-64.617
2614.75,-62.512
2614.99,-65.776
2615.23,-66.117
2615.48,-65.757
2615.72,-64.993
2615.97,-68.903
2616.21,-68.908
2616.46,-63.984
2616.70,-67.451
2616.94,-62.634
2617.19,-62.582
2617.43,-64.028
2617.68,-64.564
2617.92,-66.467
2618.16,-65.952
2618.41,-67.271
2618.65,-66.477
2618.90,-65.032
2619.14,-63.004
2619.38,-63.854
2619.63,-65.622
2619.87,-63.777
2620.12,-62.750
2620.36,-65.553
2620.61,-66.207
2620.85,-64.183
2621.09,-66.043
2621.34,-64.632
2621.58,-63.492
2621.83,-65.231
2622.07,-65.964
2622.31,-67.280
2622.56,-68.712
2622.80,-65.194
2623.05,-65.238
2623.29,-67.912
2623.54,-66.547
2623.78,-65.904
2624.02,-65.002
2624.27,-67.195
2624.51,-64.632
2624.76,-63.618
2625.00,-66.022
2625.24,-64.510
2625.49,-65.020
2625.73,-63.507
2625.98,-64.724
2626.22,-64.392
2626.46,-65.146
2626.71,-63.782
2626.95,-62.556
2627.20,-64.452
2627.44,-64.171
2627.69,-65.499
2627.93,-64.935
2628.17,-62.760
2628.42,-65.717
2628.66,-65.766
2628.91,-66.863
2629.15,-63.820
2629.39,-64.843
2629.64,-63.443
2629.88,-64.120
2630.13,-65.626
2630.37,-65.103
2630.62,-63.429
2630.86,-65.336
2631.10,-63.966
2631.35,-65.445
2631.59,-64.881
2631.84,-66.136
2632.08,-64.779
2632.32,-62.763
2632.57,-63.511
2632.81,-65.066
2633.06,-63.872
2633.30,-64.614
2633.54,-63.730
2633.79,-65.555
2634.03,-63.814
2634.28,-64.939
2634.52,-64.796
2634.77,-63.828
2635.01,-63.298
2635.25,-63.489
2635.50,-64.020
2635.74,-62.295
2635.99,-64.219
2636.23,-63.657
2636.47,-65.021
2636.72,-65.382
2636.96,-64.328
2637.21,-63.462
2637.45,-65.435
2637.70,-64.166
2637.94,-64.263
2638.18,-62.041
2638.43,-64.985
2638.67,-62.306
2638.92,-61.710
2639.16,-66.075
2639.40,-63.447
2639.65,-63.806
2639.89,-67.432
2640.14,-63.905
2640.38,-63.056
2640.62,-65.697
2640.87,-66.204
2641.11,-62.025
2641.36,-62.761
2641.60,-61.406
2641.85,-61.208
2642.09,-65.932
2642.33,-61.712
2642.58,-63.109
2642.82,-64.256
2643.07,-63.261
2643.31,-62.468
2643.55,-62.100
2643.80,-63.229
2644.04,-63.889
2644.29,-63.897
2644.53,-62.850
2644.78,-62.916
2645.02,-63.351
2645.26,-65.712
2645.51,-63.208
2645.75,-63.291
2646.00,-63.071
2646.24,-63.227
2646.48,-62.478
2646.73,-62.258
2646.97,-61.407
2647.22,-64.057
2647.46,-64.807
2647.71,-66.076
2647.95,-62.154
2648.19,-63.190
2648.44,-61.553
2648.68,-66.545
2648.93,-61.830
2649.17,-63.005
2649.41,-62.854
2649.66,-65.036
2649.90,-62.672
2650.15,-60.362
2650.39,-62.944
2650.63,-63.293
2650.88,-64.750
2651.12,-64.169
2651.37,-63.635
2651.61,-64.558
2651.86,-61.048
2652.10,-62.915
2652.34,-60.407
2652.59,-61.517
2652.83,-65.089
2653.08,-62.181
2653.32,-62.827
2653.56,-61.567
2653.81,-60.983
2654.05,-63.025
2654.30,-61.793
2654.54,-60.889
2654.79,-62.953
2655.03,-62.827
2655.27,-62.488
2655.52,-62.033
2655.76,-60.483
2656.01,-62.687
2656.25,-61.065
2656.49,-61.113
2656.74,-63.274
2656.98,-60.113
2657.23,-63.566
2657.47,-62.736
2657.71,-61.912
2657.96,-61.169
2658.20,-63.936
2658.45,-62.118
2658.69,-62.183
2658.94,-61.435
2659.18,-64.537
2659.42,-61.795
2659.67,-62.110
2659.91,-64.893
2660.16,-61.391
2660.40,-60.237
2660.64,-61.210
2660.89,-60.885
2661.13,-60.660
2661.38,-62.039
2661.62,-60.802
2661.87,-63.940
2662.11,-61.116
2662.35,-63.168
2662.60,-61.219
2662.84,-63.093
2663.09,-61.185
2663.33,-60.683
2663.57,-62.255
2663.82,-60.170
2664.06,-60.393
2664.31,-63.570
2664.55,-60.692
2664.79,-62.336
2665.04,-61.498
2665.28,-60.762
2665.53,-64.473
2665.77,-61.349
2666.02,-61.024
2666.26,-61.742
2666.50,-62.900
2666.75,-62.533
2666.99,-64.209
2667.24,-61.363
2667.48,-60.308
2667.72,-63.431
2667.97,-60.817
2668.21,-60.499
2668.46,-59.441
2668.70,-60.410
2668.95,-59.404
2669.19,-61.875
2669.43,-62.012
2669.68,-62.510
2669.92,-63.304
2670.17,-62.665
2670.41,-60.048
2670.65,-62.601
2670.90,-60.485
2671.14,-60.958
2671.39,-60.532
2671.63,-61.442
2671.88,-58.803
2672.12,-60.136
2672.36,-63.844
2672.61,-61.189
2672.85,-62.112
2673.10,-59.903
2673.34,-61.676
2673.58,-60.542
2673.83,-61.528
2674.07,-62.209
2674.32,-60.850
2674.56,-60.710
2674.80,-62.724
2675.05,-59.948
2675.29,-60.394
2675.54,-62.233
2675.78,-59.521
2676.03,-61.073
2676.27,-58.583
2676.51,-60.110
2676.76,-59.591
2677.00,-60.297
2677.25,-63.367
2677.49,-61.290
2677.73,-61.281
2677.98,-60.320
2678.22,-60.594
2678.47,-63.220
2678.71,-62.777
2678.96,-59.173
2679.20,-60.205
2679.44,-61.862
2679.69,-58.580
2679.93,-61.287
2680.18,-58.393
2680.42,-60.042
2680.66,-60.373
2680.91,-59.786
2681.15,-59.999
2681.40,-60.331
2681.64,-61.790
2681.88,-60.670
2682.13,-58.440
2682.37,-60.119
2682.62,-59.550
2682.86,-56.851
2683.11,-61.680
2683.35,-58.392
2683.59,-59.317
2683.84,-58.269
2684.08,-60.226
2684.33,-59.095
2684.57,-57.971
2684.81,-58.668
2685.06,-59.134
2685.30,-57.882
2685.55,-62.260
2685.79,-61.198
2686.04,-59.500
2686.28,-58.396
2686.52,-58.427
2686.77,-59.518
2687.01,-58.983
2687.26,-58.160
2687.50,-58.716
2687.74,-58.541
2687.99,-59.429
2688.23,-59.607
2688.48,-59.610
2688.72,-58.376
2688.96,-59.985
2689.21,-57.600
2689.45,-58.243
2689.70,-61.452
2689.94,-60.358
2690.19,-61.413
2690.43,-60.266
2690.67,-60.568
2690.92,-60.031
2691.16,-59.246
2691.41,-59.494
2691.65,-57.853
2691.89,-60.177
2692.14,-59.035
2692.38,-58.070
2692.63,-58.937
2692.87,-59.952
2693.12,-59.500
2693.36,-58.844
2693.60,-59.550
2693.85,-60.198
2694.09,-59.423
2694.34,-58.378
2694.58,-59.347
2694.82,-60.133
2695.07,-57.544
2695.31,-60.019
2695.56,-59.996
2695.80,-58.296
2696.04,-59.105
2696.29,-59.077
2696.53,-60.165
2696.78,-57.537
2697.02,-57.794
2697.27,-58.012
2697.51,-57.494
2697.75,-58.724
2698.00,-55.958
2698.24,-56.362
2698.49,-54.996
2698.73,-56.844
2698.97,-58.596
2699.22,-58.032
2699.46,-58.677
2699.71,-56.468
2699.95,-57.114
2700.20,-58.405
2700.44,-57.774
2700.68,-56.859
2700.93,-55.955
2701.17,-56.832
2701.42,-57.653
2701.66,-54.664
2701.90,-55.963
2702.15,-55.981
2702.39,-58.134
2702.64,-58.916
2702.88,-58.105
2703.12,-57.557
2703.37,-60.308
2703.61,-57.292
2703.86,-58.329
2704.10,-57.267
2704.35,-56.725
2704.59,-54.892
2704.83,-54.420
2705.08,-58.017
2705.32,-57.261
2705.57,-58.119
2705.81,-58.303
2706.05,-56.402
2706.30,-58.324
2706.54,-58.635
2706.79,-58.453
2707.03,-57.350
2707.28,-60.350
2707.52,-57.149
2707.76,-57.173
2708.01,-56.206
2708.25,-56.889
2708.50,-56.100
2708.74,-53.056
2708.98,-56.828
2709.23,-57.199
2709.47,-54.396
2709.72,-54.462
2709.96,-57.797
2710.21,-56.813
2710.45,-57.670
2710.69,-54.598
2710.94,-57.823
2711.18,-56.700
2711.43,-58.463
2711.67,-54.973
2711.91,-56.034
2712.16,-53.657
2712.40,-56.398
2712.65,-54.729
2712.89,-55.238
2713.13,-56.666
2713.38,-56.270
2713.62,-57.266
2713.87,-54.517
2714.11,-60.701
2714.36,-57.809
2714.60,-56.345
2714.84,-56.873
2715.09,-55.217
2715.33,-56.147
2715.58,-55.699
2715.82,-58.396
2716.06,-56.813
2716.31,-57.314
2716.55,-56.217
2716.80,-54.946
2717.04,-55.882
2717.29,-56.726
2717.53,-55.714
2717.77,-56.119
2718.02,-55.389
2718.26,-56.261
2718.51,-55.366
2718.75,-59.198
2718.99,-57.930
2719.24,-56.338
2719.48,-56.255
2719.73,-57.281
2719.97,-54.817
2720.21,-55.868
2720.46,-56.015
2720.70,-57.195
2720.95,-56.660
2721.19,-55.201
2721.44,-54.049
2721.68,-54.487
2721.92,-55.422
2722.17,-58.114
2722.41,-56.990
2722.66,-55.758
2722.90,-53.862
2723.14,-54.443
2723.39,-56.538
2723.63,-55.754
2723.88,-57.207
2724.12,-55.959
2724.37,-56.165
2724.61,-55.337
2724.85,-55.116
2725.10,-55.163
2725.34,-53.411
2725.59,-54.088
2725.83,-54.642
2726.07,-54.259
2726.32,-52.659
2726.56,-55.294
2726.81,-56.760
2727.05,-53.793
2727.29,-56.006
2727.54,-56.745
2727.78,-55.566
2728.03,-53.733
2728.27,-54.252
2728.52,-54.153
2728.76,-56.062
2729.00,-54.420
2729.25,-52.566
2729.49,-53.786
2729.74,-54.801
2729.98,-56.914
2730.22,-55.102
2730.47,-55.875
2730.71,-57.031
2730.96,-53.556
2731.20,-53.259
2731.45,-52.653
2731.69,-54.992
2731.93,-54.883
2732.18,-57.799
2732.42,-54.527
2732.67,-56.101
2732.91,-56.119
2733.15,-55.348
2733.40,-52.586
2733.64,-53.719
2733.89,-55.189
2734.13,-55.561
2734.38,-51.306
2734.62,-53.073
2734.86,-52.261
2735.11,-54.858
2735.35,-54.841
2735.60,-52.280
2735.84,-52.437
2736.08,-54.723
2736.33,-53.331
2736.57,-56.955
2736.82,-53.742
2737.06,-55.024
2737.30,-54.734
2737.55,-52.192
2737.79,-52.674
2738.04,-54.885
2738.28,-53.233
2738.53,-51.395
2738.77,-52.061
2739.01,-53.678
2739.26,-51.752
2739.50,-53.305
2739.75,-53.307
2739.99,-54.769
2740.23,-52.980
2740.48,-53.765
2740.72,-51.574
2740.97,-51.134
2741.21,-51.404
2741.46,-52.630
2741.70,-53.238
2741.94,-51.816
2742.19,-51.057
2742.43,-54.056
2742.68,-53.080
2742.92,-52.347
2743.16,-53.313
2743.41,-55.726
2743.65,-52.989
2743.90,-54.869
2744.14,-53.586
2744.38,-54.524
2744.63,-54.551
2744.87,-53.653
2745.12,-51.136
2745.36,-52.683
2745.61,-51.785
2745.85,-52.619
2746.09,-53.509
2746.34,-54.539
2746.58,-54.895
2746.83,-53.028
2747.07,-51.818
2747.31,-52.972
2747.56,-51.978
2747.80,-51.242
2748.05,-53.997
2748.29,-52.852
2748.54,-53.660
2748.78,-52.919
2749.02,-54.614
2749.27,-52.909
2749.51,-51.763
2749.76,-52.281
2750.00,-52.754
2750.24,-54.020
2750.49,-54.948
2750.73,-53.143
2750.98,-54.820
2751.22,-52.034
2751.46,-53.241
2751.71,-53.190
2751.95,-53.595
2752.20,-52.351
2752.44,-53.405
2752.69,-52.252
2752.93,-52.625
2753.17,-54.362
2753.42,-51.508
2753.66,-51.677
2753.91,-54.279
2754.15,-54.901
2754.39,-51.710
2754.64,-50.308
2754.88,-52.423
2755.13,-51.673
2755.37,-51.937
2755.62,-51.040
2755.86,-54.025
2756.10,-54.009
2756.35,-52.752
2756.59,-51.352
2756.84,-53.167
2757.08,-54.641
2757.32,-51.197
2757.57,-50.758
2757.81,-53.929
2758.06,-54.716
2758.30,-56.926
2758.54,-55.030
2758.79,-55.375
2759.03,-54.143
2759.28,-52.942
2759.52,-53.869
2759.77,-51.823
2760.01,-52.287
2760.25,-53.708
2760.50,-54.523
2760.74,-54.031
2760.99,-51.841
2761.23,-51.283
2761.47,-52.062
2761.72,-54.725
2761.96,-55.336
2762.21,-52.425
2762.45,-51.644
2762.70,-54.450
2762.94,-54.254
2763.18,-52.049
2763.43,-52.006
2763.67,-53.724
2763.92,-53.438
2764.16,-56.607
2764.40,-55.238
2764.65,-52.910
2764.89,-52.778
2765.14,-51.214
2765.38,-53.464
2765.62,-52.305
2765.87,-52.758
2766.11,-52.837
2766.36,-52.953
2766.60,-53.731
2766.85,-54.380
2767.09,-53.835
2767.33,-50.783
2767.58,-51.731
2767.82,-52.421
2768.07,-53.769
2768.31,-52.972
2768.55,-54.635
2768.80,-54.178
2769.04,-54.641
2769.29,-54.298
2769.53,-53.366
2769.78,-53.432
2770.02,-55.304
2770.26,-52.302
2770.51,-54.461
2770.75,-51.230
2771.00,-51.043
2771.24,-50.753
2771.48,-52.670
2771.73,-51.598
2771.97,-53.926
2772.22,-53.299
2772.46,-53.514
2772.71,-51.716
2772.95,-53.098
2773.19,-52.752
2773.44,-53.315
2773.68,-53.020
2773.93,-52.859
2774.17,-54.803
2774.41,-52.943
2774.66,-52.701
2774.90,-53.036
2775.15,-53.198
2775.39,-52.494
2775.63,-53.504
2775.88,-53.067
2776.12,-52.098
2776.37,-54.976
2776.61,-52.340
2776.86,-53.804
2777.10,-53.024
2777.34,-54.448
2777.59,-54.922
2777.83,-56.051
2778.08,-55.778
2778.32,-54.879
2778.56,-53.584
2778.81,-51.220
2779.05,-52.493
2779.30,-54.038
2779.54,-56.082
2779.79,-56.821
2780.03,-54.780
2780.27,-54.291
2780.52,-51.959
2780.76,-55.523
2781.01,-54.473
2781.25,-53.718
2781.49,-54.924
2781.74,-53.446
2781.98,-57.955
2782.23,-52.797
2782.47,-52.603
2782.71,-54.038
2782.96,-54.453
2783.20,-54.898
2783.45,-54.417
2783.69,-53.201
2783.94,-52.661
2784.18,-55.116
2784.42,-51.946
2784.67,-53.767
2784.91,-53.312
2785.16,-54.284
2785.40,-55.768
2785.64,-55.791
2785.89,-57.069
2786.13,-52.522
2786.38,-52.219
2786.62,-53.955
2786.87,-54.994
2787.11,-51.635
2787.35,-54.210
2787.60,-54.530
2787.84,-55.947
2788.09,-54.607
2788.33,-56.507
2788.57,-53.821
2788.82,-55.127
2789.06,-54.620
2789.31,-54.529
2789.55,-56.016
2789.79,-54.724
2790.04,-56.556
2790.28,-55.688
2790.53,-55.449
2790.77,-54.572
2791.02,-56.330
2791.26,-53.526
2791.50,-56.046
2791.75,-57.195
2791.99,-55.927
2792.24,-57.419
2792.48,-55.799
2792.72,-54.597
2792.97,-55.061
2793.21,-56.100
2793.46,-53.332
2793.70,-54.235
2793.95,-54.234
2794.19,-53.447
2794.43,-51.696
2794.68,-54.547
2794.92,-58.004
2795.17,-54.817
2795.41,-54.975
2795.65,-54.163
2795.90,-57.596
2796.14,-53.762
2796.39,-54.515
2796.63,-56.120
2796.88,-52.078
2797.12,-56.474
2797.36,-54.276
2797.61,-55.771
2797.85,-55.636
2798.10,-55.007
2798.34,-53.115
2798.58,-53.437
2798.83,-55.767
2799.07,-54.347
2799.32,-57.070
2799.56,-56.734
2799.80,-55.707
2800.05,-56.033
2800.29,-51.900
2800.54,-56.518
2800.78,-55.587
2801.03,-55.406
2801.27,-58.047
2801.51,-56.209
2801.76,-55.631
2802.00,-52.777
2802.25,-56.711
2802.49,-56.826
2802.73,-56.287
2802.98,-57.149
2803.22,-56.454
2803.47,-57.267
2803.71,-54.969
2803.96,-54.362
2804.20,-57.384
2804.44,-57.336
2804.69,-54.335
2804.93,-56.560
2805.18,-56.085
2805.42,-56.555
2805.66,-56.341
2805.91,-55.891
2806.15,-55.400
2806.40,-54.976
2806.64,-53.317
2806.88,-55.078
2807.13,-53.659
2807.37,-54.835
2807.62,-54.093
2807.86,-55.759
2808.11,-55.669
2808.35,-55.713
2808.59,-55.605
2808.84,-56.393
2809.08,-57.655
2809.33,-57.614
2809.57,-54.127
2809.81,-58.771
2810.06,-57.595
2810.30,-56.429
2810.55,-56.928
2810.79,-56.756
2811.04,-56.852
2811.28,-56.583
2811.52,-56.642
2811.77,-56.864
2812.01,-54.486
2812.26,-52.899
2812.50,-52.901
2812.74,-56.430
2812.99,-55.614
2813.23,-56.763
2813.48,-54.398
2813.72,-57.318
2813.96,-55.035
2814.21,-57.946
2814.45,-58.910
2814.70,-60.027
2814.94,-56.354
2815.19,-57.601
2815.43,-56.773
2815.67,-56.986
2815.92,-58.884
2816.16,-57.090
2816.41,-56.429
2816.65,-56.926
2816.89,-56.885
2817.14,-58.929
2817.38,-56.426
2817.63,-55.267
2817.87,-55.251
2818.12,-55.933
2818.36,-55.272
2818.60,-56.343
2818.85,-56.511
2819.09,-57.088
2819.34,-57.648
2819.58,-57.744
2819.82,-56.572
2820.07,-56.885
2820.31,-56.361
2820.56,-58.514
2820.80,-56.982
2821.04,-56.002
2821.29,-58.193
2821.53,-59.612
2821.78,-58.326
2822.02,-56.343
2822.27,-57.250
2822.51,-57.478
2822.75,-56.356
2823.00,-56.851
2823.24,-57.526
2823.49,-59.303
2823.73,-56.864
2823.97,-57.981
2824.22,-57.870
2824.46,-56.896
2824.71,-58.546
2824.95,-57.059
2825.20,-58.436
2825.44,-56.433
2825.68,-59.612
2825.93,-58.210
2826.17,-58.311
2826.42,-55.562
2826.66,-56.840
2826.90,-58.450
2827.15,-56.900
2827.39,-58.507
2827.64,-60.769
2827.88,-59.878
2828.12,-59.553
2828.37,-59.412
2828.61,-55.868
2828.86,-56.474
2829.10,-57.607
2829.35,-55.790
2829.59,-61.956
2829.83,-57.935
2830.08,-56.567
2830.32,-60.337
2830.57,-60.171
2830.81,-60.630
2831.05,-57.845
2831.30,-58.098
2831.54,-57.891
2831.79,-57.121
2832.03,-57.205
2832.28,-56.221
2832.52,-60.000
2832.76,-59.381
2833.01,-58.662
2833.25,-58.787
2833.50,-57.097
2833.74,-57.042
2833.98,-57.047
2834.23,-55.142
2834.47,-57.426
2834.72,-58.740
2834.96,-57.736
2835.21,-57.653
2835.45,-57.109
2835.69,-58.320
2835.94,-57.616
2836.18,-56.226
2836.43,-58.991
2836.67,-59.117
2836.91,-56.493
2837.16,-58.976
2837.40,-57.010
2837.65,-57.634
2837.89,-57.885
2838.13,-56.645
2838.38,-61.395
2838.62,-59.142
2838.87,-58.448
2839.11,-58.866
2839.36,-57.232
2839.60,-56.187
2839.84,-58.388
2840.09,-56.836
2840.33,-59.547
2840.58,-58.743
2840.82,-57.364
2841.06,-55.550
2841.31,-54.571
2841.55,-55.800
2841.80,-58.004
2842.04,-58.831
2842.29,-60.852
2842.53,-57.151
2842.77,-59.833
2843.02,-59.743
2843.26,-60.286
2843.51,-58.309
2843.75,-59.350
2843.99,-58.197
2844.24,-57.304
2844.48,-58.367
2844.73,-58.641
2844.97,-59.192
2845.21,-59.062
2845.46,-58.197
2845.70,-58.071
2845.95,-59.305
2846.19,-59.133
2846.44,-58.185
2846.68,-61.100
2846.92,-59.560
2847.17,-60.453
2847.41,-58.023
2847.66,-57.618
2847.90,-59.503
2848.14,-59.126
2848.39,-58.663
2848.63,-60.697
2848.88,-59.375
2849.12,-58.168
2849.37,-58.116
2849.61,-60.100
2849.85,-58.464
2850.10,-57.877
2850.34,-57.942
2850.59,-60.047
2850.83,-61.999
2851.07,-60.076
2851.32,-58.780
2851.56,-60.322
2851.81,-60.637
2852.05,-58.967
2852.29,-60.479
2852.54,-59.188
2852.78,-59.718
2853.03,-59.091
2853.27,-57.270
2853.52,-58.461
2853.76,-58.044
2854.00,-57.602
2854.25,-59.421
2854.49,-58.550
2854.74,-61.228
2854.98,-62.485
2855.22,-59.933
2855.47,-59.979
2855.71,-60.372
2855.96,-58.450
2856.20,-60.882
2856.45,-63.760
2856.69,-60.583
2856.93,-59.524
2857.18,-59.678
2857.42,-58.983
2857.67,-58.992
2857.91,-57.761
2858.15,-58.652
2858.40,-58.118
2858.64,-61.088
2858.89,-60.440
2859.13,-60.386
2859.38,-60.097
2859.62,-59.425
2859.86,-59.824
2860.11,-61.398
2860.35,-60.732
2860.60,-59.324
2860.84,-57.685
2861.08,-60.190
2861.33,-59.741
2861.57,-58.332
2861.82,-58.183
2862.06,-60.483
2862.30,-60.705
2862.55,-59.249
2862.79,-59.874
2863.04,-59.028
2863.28,-60.461
2863.53,-61.810
2863.77,-59.452
2864.01,-60.711
2864.26,-61.574
2864.50,-61.348
2864.75,-59.468
2864.99,-58.130
2865.23,-60.435
2865.48,-60.463
2865.72,-61.039
2865.97,-60.570
2866.21,-59.780
2866.46,-60.586
2866.70,-59.152
2866.94,-60.190
2867.19,-59.552
2867.43,-58.788
2867.68,-58.542
2867.92,-59.236
2868.16,-60.045
2868.41,-58.422
2868.65,-62.636
2868.90,-60.615
2869.14,-60.918
2869.38,-59.367
2869.63,-60.294
2869.87,-63.093
2870.12,-59.494
2870.36,-61.292
2870.61,-62.444
2870.85,-61.491
2871.09,-60.627
2871.34,-61.639
2871.58,-60.957
2871.83,-58.387
2872.07,-62.709
2872.31,-60.307
2872.56,-60.009
2872.80,-58.499
2873.05,-61.672
2873.29,-61.779
2873.54,-59.860
2873.78,-60.881
2874.02,-59.015
2874.27,-60.168
2874.51,-62.263
2874.76,-59.414
2875.00,-59.845
2875.24,-58.903
2875.49,-59.774
2875.73,-60.841
2875.98,-62.548
2876.22,-61.935
2876.46,-61.236
2876.71,-61.673
2876.95,-61.394
2877.20,-62.501
2877.44,-62.487
2877.69,-62.462
2877.93,-61.322
2878.17,-63.791
2878.42,-58.656
2878.66,-61.276
2878.91,-59.663
2879.15,-60.748
2879.39,-62.252
2879.64,-59.979
2879.88,-59.343
2880.13,-60.352
2880.37,-58.900
2880.62,-59.709
2880.86,-62.639
2881.10,-62.088
2881.35,-61.463
2881.59,-59.060
2881.84,-61.877
2882.08,-60.678
2882.32,-61.920
2882.57,-61.217
2882.81,-64.392
2883.06,-59.825
2883.30,-62.907
2883.54,-63.057
2883.79,-59.211
2884.03,-58.952
2884.28,-61.589
2884.52,-60.975
2884.77,-61.196
2885.01,-60.951
2885.25,-60.045
2885.50,-60.398
2885.74,-60.742
2885.99,-64.311
2886.23,-61.271
2886.47,-62.432
2886.72,-61.225
2886.96,-60.132
2887.21,-60.939
2887.45,-60.065
2887.70,-60.920
2887.94,-58.846
2888.18,-60.810
2888.43,-60.133
2888.67,-60.893
2888.92,-62.607
2889.16,-63.526
2889.40,-61.826
2889.65,-60.458
2889.89,-61.241
2890.14,-60.207
2890.38,-61.779
2890.62,-59.359
2890.87,-61.680
2891.11,-61.775
2891.36,-59.935
2891.60,-59.800
2891.85,-61.649
2892.09,-58.111
2892.33,-63.061
2892.58,-60.660
2892.82,-59.217
2893.07,-59.644
2893.31,-62.682
2893.55,-59.925
2893.80,-62.652
2894.04,-63.184
2894.29,-62.472
2894.53,-60.408
2894.78,-60.039
2895.02,-60.252
2895.26,-58.713
2895.51,-58.464
2895.75,-63.087
2896.00,-62.190
2896.24,-63.017
2896.48,-60.839
2896.73,-62.557
2896.97,-60.532
2897.22,-61.018
2897.46,-60.726
2897.71,-60.775
2897.95,-62.181
2898.19,-59.448
2898.44,-60.875
2898.68,-60.471
2898.93,-62.633
2899.17,-63.956
2899.41,-61.090
2899.66,-61.336
2899.90,-61.599
2900.15,-60.863
2900.39,-63.130
2900.63,-61.714
2900.88,-65.043
2901.12,-62.371
2901.37,-61.095
2901.61,-61.842
2901.86,-61.247
2902.10,-61.518
2902.34,-63.261
2902.59,-60.573
2902.83,-62.190
2903.08,-63.380
2903.32,-62.790
2903.56,-60.751
2903.81,-61.979
2904.05,-60.452
2904.30,-62.192
2904.54,-59.578
2904.79,-62.118
2905.03,-62.694
2905.27,-61.973
2905.52,-62.542
2905.76,-61.804
2906.01,-59.894
2906.25,-60.549
2906.49,-61.293
2906.74,-60.292
2906.98,-60.495
2907.23,-58.816
2907.47,-62.664
2907.71,-60.514
2907.96,-62.754
2908.20,-63.508
2908.45,-60.757
2908.69,-61.981
2908.94,-61.799
2909.18,-62.174
2909.42,-59.270
2909.67,-59.463
2909.91,-61.161
2910.16,-61.497
2910.40,-58.625
2910.64,-59.741
2910.89,-61.516
2911.13,-59.503
2911.38,-62.528
2911.62,-61.789
2911.87,-64.097
2912.11,-62.381
2912.35,-61.986
2912.60,-60.177
2912.84,-62.460
2913.09,-60.394
2913.33,-62.694
2913.57,-61.284
2913.82,-59.911
2914.06,-62.568
2914.31,-62.328
2914.55,-63.707
2914.79,-64.559
2915.04,-63.459
2915.28,-63.224
2915.53,-60.491
2915.77,-61.289
2916.02,-61.545
2916.26,-61.175
2916.50,-65.099
2916.75,-62.732
2916.99,-61.851
2917.24,-59.370
2917.48,-59.904
2917.72,-61.288
2917.97,-61.837
2918.21,-60.690
2918.46,-61.293
2918.70,-62.416
2918.95,-60.684
2919.19,-60.521
2919.43,-58.838
2919.68,-61.910
2919.92,-61.657
2920.17,-60.640
2920.41,-61.412
2920.65,-62.745
2920.90,-62.183
2921.14,-62.116
2921.39,-61.762
2921.63,-62.629
2921.88,-61.256
2922.12,-60.046
2922.36,-60.783
2922.61,-61.421
2922.85,-62.994
2923.10,-62.605
2923.34,-62.587
2923.58,-60.774
2923.83,-60.223
2924.07,-62.064
2924.32,-60.617
2924.56,-61.596
2924.80,-61.807
2925.05,-65.809
2925.29,-66.521
2925.54,-60.208
2925.78,-63.841
2926.03,-63.856
2926.27,-64.216
2926.51,-61.700
2926.76,-60.701
2927.00,-60.946
2927.25,-60.818
2927.49,-63.659
2927.73,-62.257
2927.98,-62.545
2928.22,-63.618
2928.47,-62.553
2928.71,-64.049
2928.96,-62.629
2929.20,-62.442
2929.44,-62.721
2929.69,-63.612
2929.93,-61.734
2930.18,-64.753
2930.42,-61.713
2930.66,-62.633
2930.91,-60.391
2931.15,-63.673
2931.40,-63.196
2931.64,-63.394
2931.88,-62.559
2932.13,-61.511
2932.37,-64.663
2932.62,-61.986
2932.86,-61.959
2933.11,-62.035
2933.35,-61.349
2933.59,-61.492
2933.84,-60.359
2934.08,-61.814
2934.33,-65.366
2934.57,-62.145
2934.81,-60.778
2935.06,-63.555
2935.30,-61.251
2935.55,-59.009
2935.79,-62.828
2936.04,-63.366
2936.28,-61.545
2936.52,-62.775
2936.77,-61.603
2937.01,-64.425
2937.26,-67.141
2937.50,-63.307
2937.74,-63.242
2937.99,-60.754
2938.23,-64.103
2938.48,-63.835
2938.72,-63.892
2938.96,-63.630
2939.21,-60.695
2939.45,-62.126
2939.70,-61.552
2939.94,-61.290
2940.19,-63.141
2940.43,-62.058
2940.67,-61.420
2940.92,-62.327
2941.16,-61.536
2941.41,-64.044
2941.65,-61.704
2941.89,-59.496
2942.14,-62.615
2942.38,-63.673
2942.63,-64.260
2942.87,-62.966
2943.12,-61.447
2943.36,-61.408
2943.60,-65.328
2943.85,-62.347
2944.09,-61.821
2944.34,-64.611
2944.58,-64.021
2944.82,-61.882
2945.07,-62.484
2945.31,-63.563
2945.56,-63.036
2945.80,-62.996
2946.04,-60.534
2946.29,-62.850
2946.53,-63.100
2946.78,-61.690
2947.02,-64.204
2947.27,-62.910
2947.51,-61.364
2947.75,-59.590
2948.00,-61.699
2948.24,-65.017
2948.49,-63.332
2948.73,-61.142
2948.97,-62.550
2949.22,-64.093
2949.46,-66.331
2949.71,-64.065
2949.95,-62.829
2950.20,-64.160
2950.44,-61.419
2950.68,-61.417
2950.93,-62.431
2951.17,-60.415
2951.42,-65.543
2951.66,-61.953
2951.90,-63.143
2952.15,-65.246
2952.39,-63.414
2952.64,-63.285
2952.88,-62.894
2953.12,-62.657
2953.37,-64.251
2953.61,-60.757
2953.86,-63.157
2954.10,-64.853
2954.35,-62.695
2954.59,-63.650
2954.83,-63.924
2955.08,-62.633
2955.32,-61.183
2955.57,-63.738
2955.81,-62.901
2956.05,-64.241
2956.30,-64.951
2956.54,-60.470
2956.79,-60.940
2957.03,-64.159
2957.28,-65.232
2957.52,-65.180
2957.76,-61.128
2958.01,-62.634
2958.25,-65.083
2958.50,-64.744
2958.74,-61.842
2958.98,-63.619
2959.23,-66.213
2959.47,-62.202
2959.72,-60.908
2959.96,-61.774
2960.21,-64.368
2960.45,-64.578
2960.69,-61.674
2960.94,-64.818
2961.18,-62.100
2961.43,-62.780
2961.67,-62.541
2961.91,-62.922
2962.16,-64.532
2962.40,-62.529
2962.65,-59.869
2962.89,-61.892
2963.13,-64.565
2963.38,-64.047
2963.62,-61.027
2963.87,-63.922
2964.11,-63.916
2964.36,-64.706
2964.60,-63.597
2964.84,-61.827
2965.09,-62.100
2965.33,-62.495
2965.58,-61.911
2965.82,-62.531
2966.06,-62.752
2966.31,-62.196
2966.55,-63.815
2966.80,-63.491
2967.04,-63.410
2967.29,-62.556
2967.53,-63.108
2967.77,-62.455
2968.02,-63.313
2968.26,-63.625
2968.51,-63.779
2968.75,-63.545
2968.99,-63.248
2969.24,-63.310
2969.48,-61.755
2969.73,-63.731
2969.97,-63.304
2970.21,-63.612
2970.46,-64.361
2970.70,-62.965
2970.95,-63.164
2971.19,-64.744
2971.44,-62.227
2971.68,-63.405
2971.92,-62.394
2972.17,-62.692
2972.41,-62.499
2972.66,-62.826
2972.90,-62.981
2973.14,-64.997
2973.39,-64.183
2973.63,-62.506
2973.88,-62.493
2974.12,-63.484
2974.37,-64.296
2974.61,-64.510
2974.85,-60.761
2975.10,-62.587
2975.34,-63.189
2975.59,-61.609
2975.83,-63.660
2976.07,-63.102
2976.32,-63.798
2976.56,-62.476
2976.81,-62.948
2977.05,-61.384
2977.29,-62.071
2977.54,-63.351
2977.78,-62.967
2978.03,-62.239
2978.27,-63.900
2978.52,-64.682
2978.76,-62.592
2979.00,-63.657
2979.25,-63.748
2979.49,-65.004
2979.74,-64.491
2979.98,-63.083
2980.22,-63.564
2980.47,-64.075
2980.71,-63.336
2980.96,-63.334
2981.20,-59.234
2981.45,-64.320
2981.69,-63.516
2981.93,-66.963
2982.18,-64.797
2982.42,-63.553
2982.67,-63.248
2982.91,-61.651
2983.15,-64.815
2983.40,-63.053
2983.64,-63.011
2983.89,-61.893
2984.13,-61.800
2984.38,-63.655
2984.62,-63.364
2984.86,-62.448
2985.11,-62.471
2985.35,-62.479
2985.60,-63.599
2985.84,-64.090
2986.08,-62.659
2986.33,-65.185
2986.57,-62.520
2986.82,-63.174
2987.06,-63.387
2987.30,-64.008
2987.55,-62.785
2987.79,-65.267
2988.04,-65.079
2988.28,-63.520
2988.53,-64.781
2988.77,-63.527
2989.01,-62.932
2989.26,-62.117
2989.50,-66.117
2989.75,-62.314
2989.99,-65.311
2990.23,-64.886
2990.48,-62.685
2990.72,-62.663
2990.97,-65.708
2991.21,-65.097
2991.46,-63.214
2991.70,-61.863
2991.94,-63.140
2992.19,-63.245
2992.43,-62.222
2992.68,-64.674
2992.92,-65.583
2993.16,-62.355
2993.41,-62.045
2993.65,-62.541
2993.90,-63.482
2994.14,-63.686
2994.38,-63.760
2994.63,-64.931
2994.87,-64.375
2995.12,-62.907
2995.36,-64.485
2995.61,-63.864
2995.85,-63.701
2996.09,-62.939
2996.34,-63.314
2996.58,-63.407
2996.83,-63.875
2997.07,-60.672
2997.31,-65.108
2997.56,-62.197
2997.80,-62.890
2998.05,-63.562
2998.29,-64.547
2998.54,-66.146
2998.78,-63.089
2999.02,-62.151
2999.27,-62.534
2999.51,-64.882
2999.76,-65.386
3000.00,-60.173
3000.24,-63.711
3000.49,-62.362
3000.73,-62.161
3000.98,-63.005
3001.22,-64.069
3001.46,-66.707
3001.71,-63.528
3001.95,-62.180
3002.20,-64.301
3002.44,-63.833
3002.69,-63.478
3002.93,-63.190
3003.17,-64.653
3003.42,-65.214
3003.66,-64.352
3003.91,-62.233
3004.15,-62.275
3004.39,-65.842
3004.64,-62.006
3004.88,-63.379
3005.13,-61.507
3005.37,-64.985
3005.62,-63.725
3005.86,-65.898
3006.10,-65.150
3006.35,-63.298
3006.59,-64.605
3006.84,-65.276
3007.08,-64.789
3007.32,-63.458
3007.57,-62.815
3007.81,-61.900
3008.06,-64.578
3008.30,-63.015
3008.54,-62.373
3008.79,-65.074
3009.03,-61.612
3009.28,-64.568
3009.52,-63.479
3009.77,-65.490
3010.01,-62.319
3010.25,-62.307
3010.50,-60.994
3010.74,-64.752
3010.99,-60.491
3011.23,-65.138
3011.47,-62.429
3011.72,-64.028
3011.96,-63.839
3012.21,-63.603
3012.45,-65.253
3012.70,-66.319
3012.94,-66.563
3013.18,-64.234
3013.43,-66.354
3013.67,-65.004
3013.92,-62.463
3014.16,-64.512
3014.40,-63.328
3014.65,-62.184
3014.89,-61.691
3015.14,-63.682
3015.38,-64.146
3015.62,-63.173
3015.87,-63.719
3016.11,-63.259
3016.36,-63.831
3016.60,-65.141
3016.85,-63.132
3017.09,-61.850
3017.33,-61.889
3017.58,-62.358
3017.82,-63.549
3018.07,-62.107
3018.31,-62.321
3018.55,-63.106
3018.80,-65.941
3019.04,-65.069
3019.29,-61.913
3019.53,-62.487
3019.78,-62.625
3020.02,-63.784
3020.26,-63.963
3020.51,-64.597
3020.75,-64.231
3021.00,-65.273
3021.24,-63.469
3021.48,-65.977
3021.73,-64.818
3021.97,-65.064
3022.22,-65.420
3022.46,-64.186
3022.71,-63.344
3022.95,-63.522
3023.19,-63.783
3023.44,-64.728
3023.68,-63.432
3023.93,-63.898
3024.17,-62.394
3024.41,-65.320
3024.66,-65.172
3024.90,-63.256
3025.15,-61.512
3025.39,-61.660
3025.63,-65.173
3025.88,-66.512
3026.12,-63.590
3026.37,-62.187
3026.61,-62.828
3026.86,-64.530
3027.10,-64.575
3027.34,-62.550
3027.59,-64.376
3027.83,-62.709
3028.08,-62.119
3028.32,-63.046
3028.56,-64.881
3028.81,-62.012
3029.05,-62.241
3029.30,-63.342
3029.54,-62.483
3029.79,-63.800
3030.03,-63.688
3030.27,-64.030
3030.52,-62.601
3030.76,-63.085
3031.01,-66.102
3031.25,-65.285
3031.49,-64.626
3031.74,-62.231
3031.98,-62.863
3032.23,-64.290
3032.47,-61.487
3032.71,-62.856
3032.96,-62.445
3033.20,-61.418
3033.45,-63.706
3033.69,-63.746
3033.94,-64.371
3034.18,-63.478
3034.42,-61.540
3034.67,-60.976
3034.91,-62.321
3035.16,-62.892
3035.40,-61.320
3035.64,-63.017
3035.89,-65.028
3036.13,-64.037
3036.38,-63.250
3036.62,-61.818
3036.87,-62.638
3037.11,-63.797
3037.35,-63.282
3037.60,-65.024
3037.84,-62.910
3038.09,-62.617
3038.33,-62.207
3038.57,-62.959
3038.82,-62.362
3039.06,-63.424
3039.31,-64.487
3039.55,-64.224
3039.79,-62.942
3040.04,-62.549
3040.28,-63.499
3040.53,-64.167
3040.77,-62.750
3041.02,-62.330
3041.26,-63.231
3041.50,-67.530
3041.75,-64.321
3041.99,-65.720
3042.24,-64.438
3042.48,-62.537
3042.72,-65.672
3042.97,-64.984
3043.21,-63.693
3043.46,-63.512
3043.70,-64.633
3043.95,-63.764
3044.19,-63.226
3044.43,-64.521
3044.68,-64.521
3044.92,-63.666
3045.17,-63.431
3045.41,-63.613
3045.65,-62.597
3045.90,-66.251
3046.14,-63.970
3046.39,-62.941
3046.63,-64.649
3046.88,-62.330
3047.12,-60.817
3047.36,-64.534
3047.61,-65.642
3047.85,-65.321
3048.10,-62.150
3048.34,-63.946
3048.58,-64.493
3048.83,-62.472
3049.07,-60.422
3049.32,-61.078
3049.56,-62.368
3049.80,-64.113
3050.05,-63.421
3050.29,-62.616
3050.54,-64.436
3050.78,-63.427
3051.03,-62.669
3051.27,-62.018
3051.51,-62.925
3051.76,-62.484
3052.00,-64.019
3052.25,-62.816
3052.49,-60.183
3052.73,-64.990
3052.98,-63.416
3053.22,-64.944
3053.47,-65.973
3053.71,-62.935
3053.96,-64.374
3054.20,-61.955
3054.44,-63.610
3054.69,-63.384
3054.93,-63.753
3055.18,-65.687
3055.42,-64.096
3055.66,-63.946
3055.91,-63.023
3056.15,-63.613
3056.40,-62.070
3056.64,-63.547
3056.88,-63.073
3057.13,-62.638
3057.37,-62.499
3057.62,-61.487
3057.86,-62.566
3058.11,-64.070
3058.35,-66.184
3058.59,-64.406
3058.84,-63.015
3059.08,-64.029
3059.33,-65.113
3059.57,-66.885
3059.81,-63.991
3060.06,-66.101
3060.30,-62.782
3060.55,-66.358
3060.79,-64.358
3061.04,-66.482
3061.28,-64.260
3061.52,-63.396
3061.77,-62.286
3062.01,-64.775
3062.26,-65.576
3062.50,-61.604
3062.74,-62.785
3062.99,-64.063
3063.23,-64.854
3063.48,-61.353
3063.72,-62.253
3063.96,-63.169
3064.21,-61.077
3064.45,-63.842
3064.70,-61.762
3064.94,-63.252
3065.19,-63.855
3065.43,-65.396
3065.67,-63.639
3065.92,-64.324
3066.16,-63.062
3066.41,-62.197
3066.65,-64.524
3066.89,-64.163
3067.14,-64.278
3067.38,-62.743
3067.63,-62.125
3067.87,-61.876
3068.12,-63.342
3068.36,-60.762
3068.60,-64.011
3068.85,-63.783
3069.09,-62.865
3069.34,-61.736
3069.58,-64.225
3069.82,-64.595
3070.07,-63.203
3070.31,-63.465
3070.56,-64.296
3070.80,-64.210
3071.04,-63.212
3071.29,-64.635
3071.53,-64.223
3071.78,-62.650
3072.02,-64.495
3072.27,-62.392
3072.51,-63.752
3072.75,-63.166
3073.00,-63.666
3073.24,-63.156
3073.49,-62.427
3073.73,-63.824
3073.97,-63.411
3074.22,-65.780
3074.46,-63.285
3074.71,-62.774
3074.95,-63.844
3075.20,-62.853
3075.44,-63.445
3075.68,-61.027
3075.93,-60.002
3076.17,-64.011
3076.42,-64.120
3076.66,-64.636
3076.90,-62.292
3077.15,-63.618
3077.39,-64.511
3077.64,-65.430
3077.88,-65.128
3078.12,-61.955
3078.37,-63.269
3078.61,-64.299
3078.86,-62.681
3079.10,-62.332
3079.35,-60.555
3079.59,-62.224
3079.83,-63.501
3080.08,-61.449
3080.32,-63.669
3080.57,-60.227
3080.81,-60.020
3081.05,-62.551
3081.30,-63.690
3081.54,-64.687
3081.79,-60.657
3082.03,-60.667
3082.28,-61.403
3082.52,-63.540
3082.76,-65.309
3083.01,-63.693
3083.25,-63.216
3083.50,-65.106
3083.74,-64.475
3083.98,-63.550
3084.23,-63.927
3084.47,-63.734
3084.72,-62.393
3084.96,-63.363
3085.21,-65.319
3085.45,-62.411
3085.69,-62.828
3085.94,-62.476
3086.18,-62.190
3086.43,-61.271
3086.67,-60.223
3086.91,-62.280
3087.16,-63.718
3087.40,-63.496
3087.65,-63.469
3087.89,-64.151
3088.13,-64.398
3088.38,-63.020
3088.62,-63.108
3088.87,-62.505
3089.11,-64.798
3089.36,-64.197
3089.60,-62.194
3089.84,-62.687
3090.09,-62.368
3090.33,-63.917
3090.58,-62.638
3090.82,-62.580
3091.06,-62.963
3091.31,-64.046
3091.55,-62.733
3091.80,-62.458
3092.04,-62.227
3092.29,-63.295
3092.53,-63.800
3092.77,-61.634
3093.02,-59.966
3093.26,-61.833
3093.51,-65.533
3093.75,-65.630
3093.99,-63.212
3094.24,-61.104
3094.48,-61.507
3094.73,-64.968
3094.97,-64.162
3095.21,-60.325
3095.46,-63.101
3095.70,-61.085
3095.95,-59.982
3096.19,-58.811
3096.44,-63.671
3096.68,-65.195
3096.92,-61.960
3097.17,-64.571
3097.41,-63.789
3097.66,-61.721
3097.90,-61.249
3098.14,-62.737
3098.39,-62.838
3098.63,-65.249
3098.88,-62.136
3099.12,-63.162
3099.37,-60.999
3099.61,-64.261
3099.85,-60.995
3100.10,-60.907
3100.34,-62.518
3100.59,-60.592
3100.83,-61.521
3101.07,-64.038
3101.32,-65.095
3101.56,-61.287
3101.81,-64.155
3102.05,-64.010
3102.29,-61.904
3102.54,-62.551
3102.78,-60.427
3103.03,-61.884
3103.27,-63.036
3103.52,-62.910
3103.76,-62.602
3104.00,-62.693
3104.25,-61.891
3104.49,-60.896
3104.74,-62.447
3104.98,-63.941
3105.22,-61.327
3105.47,-62.766
3105.71,-63.636
3105.96,-60.551
3106.20,-64.364
3106.45,-63.438
3106.69,-64.902
3106.93,-62.237
3107.18,-62.257
3107.42,-62.593
3107.67,-62.527
3107.91,-62.767
3108.15,-61.320
3108.40,-60.082
3108.64,-65.555
3108.89,-62.948
3109.13,-60.051
3109.38,-61.176
3109.62,-62.911
3109.86,-60.328
3110.11,-61.789
3110.35,-61.388
3110.60,-62.330
3110.84,-61.353
3111.08,-59.933
3111.33,-62.961
3111.57,-62.098
3111.82,-62.418
3112.06,-60.961
3112.30,-61.805
3112.55,-58.936
3112.79,-62.022
3113.04,-62.858
3113.28,-60.094
3113.53,-59.632
3113.77,-60.800
3114.01,-62.728
3114.26,-61.931
3114.50,-60.458
3114.75,-61.340
3114.99,-61.144
3115.23,-60.058
3115.48,-63.650
3115.72,-61.734
3115.97,-62.829
3116.21,-61.919
3116.46,-61.725
3116.70,-62.598
3116.94,-59.710
3117.19,-58.729
3117.43,-60.461
3117.68,-59.538
3117.92,-63.738
3118.16,-62.338
3118.41,-60.367
3118.65,-59.625
3118.90,-61.632
3119.14,-61.587
3119.38,-60.174
3119.63,-62.611
3119.87,-61.900
3120.12,-64.021
3120.36,-61.461
3120.61,-61.527
3120.85,-61.053
3121.09,-61.718
3121.34,-61.499
3121.58,-62.988
3121.83,-62.249
3122.07,-59.695
3122.31,-60.474
3122.56,-61.732
3122.80,-59.764
3123.05,-60.355
3123.29,-60.428
3123.54,-60.102
3123.78,-60.369
3124.02,-59.339
3124.27,-60.057
3124.51,-61.586
3124.76,-62.578
3125.00,-62.640
3125.24,-62.059
3125.49,-61.148
3125.73,-60.952
3125.98,-62.669
3126.22,-62.714
3126.46,-61.733
3126.71,-61.878
3126.95,-62.685
3127.20,-61.896
3127.44,-61.112
3127.69,-61.839
3127.93,-61.455
3128.17,-61.429
3128.42,-62.564
3128.66,-62.966
3128.91,-61.034
3129.15,-62.082
3129.39,-61.206
3129.64,-60.729
3129.88,-62.578
3130.13,-60.311
3130.37,-59.713
3130.62,-60.458
3130.86,-61.564
3131.10,-61.608
3131.35,-60.675
3131.59,-61.037
3131.84,-62.127
3132.08,-57.307
3132.32,-61.400
3132.57,-62.821
3132.81,-61.015
3133.06,-64.321
3133.30,-63.200
3133.54,-58.406
3133.79,-58.855
3134.03,-60.853
3134.28,-63.551
3134.52,-61.279
3134.77,-59.679
3135.01,-61.609
3135.25,-61.624
3135.50,-60.680
3135.74,-61.113
3135.99,-61.198
3136.23,-60.676
3136.47,-61.112
3136.72,-62.530
3136.96,-60.888
3137.21,-59.708
3137.45,-59.887
3137.70,-62.039
3137.94,-61.588
3138.18,-61.183
3138.43,-59.081
3138.67,-60.513
3138.92,-62.441
3139.16,-60.857
3139.40,-59.458
3139.65,-60.081
3139.89,-60.758
3140.14,-59.030
3140.38,-61.157
3140.62,-64.379
3140.87,-62.813
3141.11,-61.803
3141.36,-60.236
3141.60,-61.177
3141.85,-61.354
3142.09,-60.279
3142.33,-61.885
3142.58,-61.694
3142.82,-60.306
3143.07,-61.572
3143.31,-61.693
3143.55,-59.627
3143.80,-57.935
3144.04,-60.349
3144.29,-60.156
3144.53,-58.674
3144.78,-58.123
3145.02,-59.189
3145.26,-60.845
3145.51,-59.116
3145.75,-59.702
3146.00,-59.728
3146.24,-61.757
3146.48,-62.194
3146.73,-60.818
3146.97,-60.277
3147.22,-61.056
3147.46,-61.305
3147.71,-60.685
3147.95,-61.294
3148.19,-59.585
3148.44,-60.780
3148.68,-59.950
3148.93,-59.380
3149.17,-57.844
3149.41,-60.576
3149.66,-59.900
3149.90,-61.533
3150.15,-59.106
3150.39,-60.306
3150.63,-60.440
3150.88,-61.304
3151.12,-58.815
3151.37,-60.960
3151.61,-60.652
3151.86,-59.558
3152.10,-59.347
3152.34,-62.170
3152.59,-58.831
3152.83,-59.926
3153.08,-59.447
3153.32,-60.305
3153.56,-58.554
3153.81,-62.095
3154.05,-62.405
3154.30,-60.415
3154.54,-60.345
3154.79,-61.278
3155.03,-59.894
3155.27,-60.371
3155.52,-57.418
3155.76,-59.849
3156.01,-61.471
3156.25,-61.422
3156.49,-61.821
3156.74,-62.543
3156.98,-62.589
3157.23,-59.849
3157.47,-60.801
3157.71,-59.801
3157.96,-59.178
3158.20,-61.298
3158.45,-59.234
3158.69,-59.064
3158.94,-59.936
3159.18,-60.226
3159.42,-60.221
3159.67,-59.388
3159.91,-59.578
3160.16,-58.066
3160.40,-59.440
3160.64,-61.192
3160.89,-64.413
3161.13,-57.579
3161.38,-59.502
3161.62,-58.724
3161.87,-60.472
3162.11,-61.402
3162.35,-58.791
3162.60,-60.203
3162.84,-60.194
3163.09,-61.023
3163.33,-60.740
3163.57,-61.689
3163.82,-61.073
3164.06,-58.941
3164.31,-56.759
3164.55,-59.296
3164.79,-61.663
3165.04,-61.645
3165.28,-60.147
3165.53,-58.536
3165.77,-59.433
3166.02,-58.058
3166.26,-60.300
3166.50,-59.524
3166.75,-60.878
3166.99,-58.550
3167.24,-58.356
3167.48,-61.286
3167.72,-60.504
3167.97,-59.308
3168.21,-58.053
3168.46,-60.017
3168.70,-61.795
3168.95,-59.770
3169.19,-61.293
3169.43,-58.067
3169.68,-60.010
3169.92,-60.050
3170.17,-61.479
3170.41,-58.514
3170.65,-57.377
3170.90,-59.893
3171.14,-58.318
3171.39,-56.916
3171.63,-58.246
3171.88,-59.407
3172.12,-62.796
3172.36,-60.124
3172.61,-58.015
3172.85,-57.005
3173.10,-56.205
3173.34,-58.869
3173.58,-56.929
3173.83,-57.540
3174.07,-58.469
3174.32,-59.410
3174.56,-57.873
3174.80,-58.450
3175.05,-57.008
3175.29,-57.603
3175.54,-55.414
3175.78,-59.020
3176.03,-59.244
3176.27,-59.358
3176.51,-56.485
3176.76,-58.106
3177.00,-59.545
3177.25,-58.926
3177.49,-58.922
3177.73,-59.366
3177.98,-60.905
3178.22,-58.297
3178.47,-60.276
3178.71,-59.131
3178.96,-59.167
3179.20,-59.011
3179.44,-58.646
3179.69,-62.824
3179.93,-59.751
3180.18,-57.725
3180.42,-54.591
3180.66,-58.012
3180.91,-59.036
3181.15,-58.466
3181.40,-56.143
3181.64,-56.708
3181.88,-57.522
3182.13,-58.853
3182.37,-59.919
3182.62,-55.733
3182.86,-59.470
3183.11,-57.792
3183.35,-57.292
3183.59,-58.231
3183.84,-57.471
3184.08,-58.288
3184.33,-56.329
3184.57,-54.822
3184.81,-58.440
3185.06,-58.863
3185.30,-57.109
3185.55,-57.338
3185.79,-57.262
3186.04,-57.698
3186.28,-59.177
3186.52,-56.835
3186.77,-57.895
3187.01,-57.824
3187.26,-57.204
3187.50,-54.444
3187.74,-54.321
3187.99,-56.470
3188.23,-57.364
3188.48,-56.843
3188.72,-56.571
3188.96,-54.718
3189.21,-56.113
3189.45,-56.745
3189.70,-58.776
3189.94,-57.444
3190.19,-56.101
3190.43,-59.727
3190.67,-57.515
3190.92,-58.087
3191.16,-57.807
3191.41,-56.118
3191.65,-56.264
3191.89,-59.446
3192.14,-55.519
3192.38,-59.626
3192.63,-57.443
3192.87,-56.803
3193.12,-56.179
3193.36,-54.510
3193.60,-59.140
3193.85,-56.927
3194.09,-55.383
3194.34,-56.248
3194.58,-55.993
3194.82,-54.163
3195.07,-57.295
3195.31,-54.839
3195.56,-57.871
3195.80,-59.408
3196.04,-58.078
3196.29,-55.933
3196.53,-58.493
3196.78,-57.449
3197.02,-55.919
3197.27,-56.556
3197.51,-56.213
3197.75,-54.705
3198.00,-55.355
3198.24,-56.102
3198.49,-56.358
3198.73,-56.937
3198.97,-54.322
3199.22,-56.307
3199.46,-55.806
3199.71,-57.273
3199.95,-59.461
3200.20,-56.594
3200.44,-56.717
3200.68,-55.892
3200.93,-53.811
3201.17,-57.090
3201.42,-55.784
3201.66,-55.436
3201.90,-55.363
3202.15,-56.807
3202.39,-56.235
3202.64,-55.702
3202.88,-55.233
3203.12,-56.780
3203.37,-54.044
3203.61,-55.025
3203.86,-55.573
3204.10,-55.237
3204.35,-54.365
3204.59,-54.866
3204.83,-53.774
3205.08,-54.558
3205.32,-54.856
3205.57,-55.200
3205.81,-54.000
3206.05,-55.515
3206.30,-55.252
3206.54,-55.090
3206.79,-55.515
3207.03,-54.788
3207.28,-53.794
3207.52,-54.787
3207.76,-55.559
3208.01,-55.385
3208.25,-56.168
3208.50,-53.548
3208.74,-56.170
3208.98,-54.968
3209.23,-54.961
3209.47,-54.287
3209.72,-55.649
3209.96,-55.213
3210.21,-53.758
3210.45,-53.930
3210.69,-53.935
3210.94,-54.474
3211.18,-54.874
3211.43,-56.184
3211.67,-56.829
3211.91,-56.954
3212.16,-56.398
3212.40,-56.908
3212.65,-56.126
3212.89,-55.709
3213.13,-56.799
3213.38,-55.452
3213.62,-54.398
3213.87,-53.103
3214.11,-53.836
3214.36,-56.402
3214.60,-54.979
3214.84,-55.917
3215.09,-53.157
3215.33,-55.413
3215.58,-54.425
3215.82,-56.456
3216.06,-54.555
3216.31,-53.403
3216.55,-56.646
3216.80,-55.163
3217.04,-53.641
3217.29,-55.727
3217.53,-57.710
3217.77,-54.795
3218.02,-56.801
3218.26,-53.521
3218.51,-55.931
3218.75,-53.122
3218.99,-55.863
3219.24,-51.824
3219.48,-52.205
3219.73,-54.268
3219.97,-54.303
3220.21,-51.693
3220.46,-55.860
3220.70,-53.242
3220.95,-52.233
3221.19,-53.438
3221.44,-55.639
3221.68,-53.818
3221.92,-57.264
3222.17,-55.537
3222.41,-54.090
3222.66,-54.193
3222.90,-54.841
3223.14,-56.120
3223.39,-56.259
3223.63,-56.137
3223.88,-54.408
3224.12,-56.095
3224.37,-53.962
3224.61,-55.671
3224.85,-55.219
3225.10,-53.566
3225.34,-54.803
3225.59,-56.752
3225.83,-54.586
3226.07,-55.246
3226.32,-53.152
3226.56,-54.871
3226.81,-53.194
3227.05,-54.457
3227.29,-54.246
3227.54,-55.321
3227.78,-55.812
3228.03,-55.687
3228.27,-55.181
3228.52,-52.475
3228.76,-52.787
3229.00,-54.931
3229.25,-56.067
3229.49,-55.341
3229.74,-56.331
3229.98,-54.419
3230.22,-54.361
3230.47,-51.227
3230.71,-55.678
3230.96,-54.144
3231.20,-54.382
3231.45,-53.197
3231.69,-55.451
3231.93,-54.915
3232.18,-54.956
3232.42,-55.159
3232.67,-58.781
3232.91,-55.689
3233.15,-55.334
3233.40,-53.553
3233.64,-54.093
3233.89,-55.481
3234.13,-54.601
3234.38,-53.105
3234.62,-56.031
3234.86,-52.393
3235.11,-57.096
3235.35,-56.498
3235.60,-55.664
3235.84,-54.161
3236.08,-53.933
3236.33,-54.949
3236.57,-55.140
3236.82,-56.816
3237.06,-55.557
3237.30,-55.957
3237.55,-55.535
3237.79,-57.284
3238.04,-55.694
3238.28,-55.566
3238.53,-58.008
3238.77,-55.861
3239.01,-53.881
3239.26,-54.192
3239.50,-55.584
3239.75,-53.715
3239.99,-55.026
3240.23,-54.781
3240.48,-54.365
3240.72,-53.712
3240.97,-54.429
3241.21,-55.327
3241.46,-55.894
3241.70,-54.065
3241.94,-54.571
3242.19,-55.294
3242.43,-53.076
3242.68,-56.217
3242.92,-58.181
3243.16,-55.272
3243.41,-58.786
3243.65,-57.408
3243.90,-53.221
3244.14,-55.990
3244.38,-56.378
3244.63,-55.344
3244.87,-56.102
3245.12,-55.021
3245.36,-55.917
3245.61,-56.662
3245.85,-55.783
3246.09,-55.536
3246.34,-56.191
3246.58,-56.055
3246.83,-56.620
3247.07,-56.322
3247.31,-56.880
3247.56,-56.187
3247.80,-54.651
3248.05,-56.229
3248.29,-56.888
3248.54,-56.436
3248.78,-58.738
3249.02,-56.132
3249.27,-56.493
3249.51,-55.294
3249.76,-57.876
3250.00,-59.480
3250.24,-55.365
3250.49,-55.186
3250.73,-57.266
3250.98,-57.641
3251.22,-57.773
3251.46,-58.157
3251.71,-58.590
3251.95,-57.010
3252.20,-55.050
3252.44,-58.542
3252.69,-58.986
3252.93,-55.572
3253.17,-55.265
3253.42,-58.143
3253.66,-56.592
3253.91,-57.568
3254.15,-56.757
3254.39,-56.197
3254.64,-58.168
3254.88,-59.469
3255.13,-59.761
3255.37,-58.649
3255.62,-59.174
3255.86,-56.436
3256.10,-57.041
3256.35,-56.125
3256.59,-57.515
3256.84,-57.843
3257.08,-60.822
3257.32,-58.659
3257.57,-60.824
3257.81,-60.781
3258.06,-60.311
3258.30,-59.922
3258.54,-58.915
3258.79,-58.209
3259.03,-59.286
3259.28,-59.911
3259.52,-56.267
3259.77,-57.197
3260.01,-58.567
3260.25,-58.563
3260.50,-60.637
3260.74,-58.788
3260.99,-60.006
3261.23,-57.548
3261.47,-57.579
3261.72,-57.880
3261.96,-57.812
3262.21,-58.212
3262.45,-60.629
3262.70,-58.773
3262.94,-59.038
3263.18,-59.292
3263.43,-58.588
3263.67,-62.026
3263.92,-59.747
3264.16,-59.499
3264.40,-59.447
3264.65,-59.624
3264.89,-59.875
3265.14,-60.635
3265.38,-59.579
3265.62,-58.997
3265.87,-60.711
3266.11,-57.239
3266.36,-60.075
3266.60,-58.625
3266.85,-59.331
3267.09,-59.870
3267.33,-58.694
3267.58,-60.772
3267.82,-61.283
3268.07,-57.998
3268.31,-60.801
3268.55,-61.973
3268.80,-61.508
3269.04,-58.308
3269.29,-60.109
3269.53,-59.410
3269.78,-62.548
3270.02,-61.249
3270.26,-60.216
3270.51,-62.132
3270.75,-59.680
3271.00,-59.886
3271.24,-60.411
3271.48,-58.051
3271.73,-60.751
3271.97,-59.298
3272.22,-61.278
3272.46,-61.834
3272.71,-60.206
3272.95,-61.581
3273.19,-61.560
3273.44,-63.129
3273.68,-57.796
3273.93,-58.546
3274.17,-61.418
3274.41,-60.151
3274.66,-62.385
3274.90,-60.070
3275.15,-60.940
3275.39,-60.502
3275.63,-62.343
3275.88,-61.622
3276.12,-62.830
3276.37,-63.560
3276.61,-62.610
3276.86,-64.033
3277.10,-62.098
3277.34,-61.833
3277.59,-62.672
3277.83,-61.643
3278.08,-61.825
3278.32,-59.293
3278.56,-61.940
3278.81,-61.625
3279.05,-61.620
3279.30,-62.113
3279.54,-61.884
3279.79,-61.949
3280.03,-61.369
3280.27,-64.237
3280.52,-62.229
3280.76,-62.057
3281.01,-65.210
3281.25,-64.968
3281.49,-64.899
3281.74,-64.830
3281.98,-66.068
3282.23,-63.694
3282.47,-64.216
3282.71,-61.830
3282.96,-61.197
3283.20,-63.492
3283.45,-59.977
3283.69,-64.506
3283.94,-61.286
3284.18,-61.776
3284.42,-62.892
3284.67,-63.002
3284.91,-61.573
3285.16,-63.506
3285.40,-61.019
3285.64,-63.156
3285.89,-62.301
3286.13,-62.508
3286.38,-63.981
3286.62,-64.403
3286.87,-63.245
3287.11,-63.068
3287.35,-63.193
3287.60,-63.448
3287.84,-63.793
3288.09,-65.667
3288.33,-63.599
3288.57,-63.501
3288.82,-62.064
3289.06,-63.789
3289.31,-64.701
3289.55,-64.616
3289.79,-63.905
3290.04,-62.981
3290.28,-64.107
3290.53,-65.169
3290.77,-61.791
3291.02,-63.575
3291.26,-64.983
3291.50,-64.634
3291.75,-64.612
3291.99,-62.755
3292.24,-64.370
3292.48,-63.458
3292.72,-63.848
3292.97,-63.090
3293.21,-66.494
3293.46,-65.479
3293.70,-66.394
3293.95,-64.835
3294.19,-65.690
3294.43,-67.308
3294.68,-65.774
3294.92,-64.146
3295.17,-65.355
3295.41,-63.757
3295.65,-63.411
3295.90,-65.022
3296.14,-63.600
3296.39,-61.784
3296.63,-66.595
3296.88,-66.267
3297.12,-64.388
3297.36,-65.168
3297.61,-64.744
3297.85,-63.853
3298.10,-63.495
3298.34,-66.420
3298.58,-63.271
3298.83,-65.241
3299.07,-62.926
3299.32,-64.905
3299.56,-65.473
3299.80,-66.036
3300.05,-66.462
3300.29,-65.785
3300.54,-66.672
3300.78,-66.901
3301.03,-68.927
3301.27,-65.156
3301.51,-65.666
3301.76,-66.471
3302.00,-65.568
3302.25,-63.914
3302.49,-66.261
3302.73,-65.126
3302.98,-66.339
3303.22,-64.398
3303.47,-67.278
3303.71,-67.327
3303.96,-68.067
3304.20,-69.333
3304.44,-65.994
3304.69,-67.312
3304.93,-64.300
3305.18,-66.150
3305.42,-65.631
3305.66,-65.558
3305.91,-66.022
3306.15,-66.090
3306.40,-63.934
3306.64,-66.727
3306.88,-66.276
3307.13,-67.189
3307.37,-66.396
3307.62,-68.446
3307.86,-66.693
3308.11,-64.922
3308.35,-64.747
3308.59,-66.987
3308.84,-67.391
3309.08,-68.797
3309.33,-66.330
3309.57,-65.671
3309.81,-66.490
3310.06,-64.790
3310.30,-67.506
3310.55,-69.323
3310.79,-67.577
3311.04,-64.074
3311.28,-64.062
3311.52,-63.953
3311.77,-65.916
3312.01,-68.572
3312.26,-68.545
3312.50,-69.086
3312.74,-65.657
3312.99,-66.414
3313.23,-65.987
3313.48,-68.103
3313.72,-68.621
3313.96,-68.487
3314.21,-66.451
3314.45,-67.040
3314.70,-67.624
3314.94,-67.292
3315.19,-65.787
3315.43,-67.356
3315.67,-66.659
3315.92,-68.960
3316.16,-67.627
3316.41,-69.696
3316.65,-67.571
3316.89,-70.034
3317.14,-67.380
3317.38,-66.813
3317.63,-67.420
3317.87,-66.260
3318.12,-66.976
3318.36,-66.629
3318.60,-67.852
3318.85,-68.609
3319.09,-68.879
3319.34,-67.844
3319.58,-65.920
3319.82,-67.470
3320.07,-68.339
3320.31,-67.654
3320.56,-68.150
3320.80,-68.828
3321.04,-66.981
3321.29,-68.481
3321.53,-68.238
3321.78,-66.721
3322.02,-69.323
3322.27,-69.738
3322.51,-67.784
3322.75,-66.421
3323.00,-66.234
3323.24,-67.825
3323.49,-67.458
3323.73,-71.231
3323.97,-70.697
3324.22,-68.137
3324.46,-70.388
3324.71,-68.072
3324.95,-69.526
3325.20,-65.664
3325.44,-69.685
3325.68,-66.783
3325.93,-66.585
3326.17,-69.000
3326.42,-68.340
3326.66,-67.512
3326.90,-67.431
3327.15,-69.394
3327.39,-68.706
3327.64,-69.978
3327.88,-71.542
3328.12,-67.346
3328.37,-69.299
3328.61,-70.562
3328.86,-69.359
3329.10,-69.049
3329.35,-69.671
3329.59,-68.317
3329.83,-69.251
3330.08,-69.319
3330.32,-68.490
3330.57,-69.470
3330.81,-71.527
3331.05,-67.884
3331.30,-69.953
3331.54,-72.895
3331.79,-68.847
3332.03,-66.391
3332.28,-70.245
3332.52,-69.054
3332.76,-70.983
3333.01,-68.278
3333.25,-66.780
3333.50,-71.147
3333.74,-69.878
3333.98,-69.688
3334.23,-70.269
3334.47,-70.716
3334.72,-70.767
3334.96,-70.969
3335.21,-68.982
3335.45,-71.938
3335.69,-69.432
3335.94,-69.596
3336.18,-68.243
3336.43,-68.167
3336.67,-70.072
3336.91,-70.396
3337.16,-71.140
3337.40,-69.884
3337.65,-70.058
3337.89,-70.776
3338.13,-70.658
3338.38,-70.316
3338.62,-71.795
3338.87,-68.837
3339.11,-70.168
3339.36,-68.684
3339.60,-69.943
3339.84,-71.131
3340.09,-70.282
3340.33,-70.244
3340.58,-69.618
3340.82,-73.012
3341.06,-70.857
3341.31,-72.198
3341.55,-70.263
3341.80,-69.494
3342.04,-69.533
3342.29,-71.158
3342.53,-70.010
3342.77,-70.466
3343.02,-71.394
3343.26,-70.850
3343.51,-70.299
3343.75,-70.160
3343.99,-71.924
3344.24,-71.858
3344.48,-68.305
3344.73,-67.922
3344.97,-70.006
3345.21,-69.190
3345.46,-71.900
3345.70,-71.150
3345.95,-70.439
3346.19,-72.412
3346.44,-72.912
3346.68,-71.828
3346.92,-71.768
3347.17,-70.671
3347.41,-69.060
3347.66,-71.150
3347.90,-70.790
3348.14,-72.824
3348.39,-70.246
3348.63,-73.726
3348.88,-70.332
3349.12,-70.320
3349.37,-69.393
3349.61,-71.241
3349.85,-73.306
3350.10,-70.130
3350.34,-69.979
3350.59,-72.213
3350.83,-71.917
3351.07,-73.978
3351.32,-71.429
3351.56,-72.732
3351.81,-71.068
3352.05,-71.851
3352.29,-70.261
3352.54,-71.913
3352.78,-73.089
3353.03,-72.934
3353.27,-75.950
3353.52,-73.783
3353.76,-73.337
3354.00,-72.935
3354.25,-72.060
3354.49,-72.743
3354.74,-71.859
3354.98,-72.084
3355.22,-71.296
3355.47,-71.546
3355.71,-71.386
3355.96,-73.927
3356.20,-73.046
3356.45,-71.622
3356.69,-72.585
3356.93,-71.612
3357.18,-70.992
3357.42,-69.707
3357.67,-73.003
3357.91,-72.736
3358.15,-71.053
3358.40,-73.105
3358.64,-73.125
3358.89,-73.833
3359.13,-74.180
3359.38,-73.828
3359.62,-74.201
3359.86,-75.388
3360.11,-73.486
3360.35,-73.953
3360.60,-71.257
3360.84,-72.119
3361.08,-70.447
3361.33,-74.006
3361.57,-70.226
3361.82,-72.296
3362.06,-73.202
3362.30,-70.967
3362.55,-71.358
3362.79,-70.571
3363.04,-74.876
3363.28,-73.220
3363.53,-74.879
3363.77,-71.543
3364.01,-70.701
3364.26,-71.904
3364.50,-74.043
3364.75,-72.005
3364.99,-73.273
3365.23,-71.826
3365.48,-75.377
3365.72,-74.693
3365.97,-72.127
3366.21,-73.298
3366.46,-75.054
3366.70,-73.137
3366.94,-72.677
3367.19,-72.634
3367.43,-71.267
3367.68,-72.110
3367.92,-73.081
3368.16,-73.565
3368.41,-76.971
3368.65,-72.865
3368.90,-75.709
3369.14,-72.501
3369.38,-72.805
3369.63,-73.312
3369.87,-72.274
3370.12,-74.520
3370.36,-75.524
3370.61,-73.487
3370.85,-72.925
3371.09,-74.097
3371.34,-73.010
3371.58,-75.673
3371.83,-78.019
3372.07,-73.193
3372.31,-72.044
3372.56,-72.431
3372.80,-74.034
3373.05,-75.930
3373.29,-75.194
3373.54,-72.211
3373.78,-74.036
3374.02,-73.857
3374.27,-72.768
3374.51,-74.246
3374.76,-74.732
3375.00,-74.886
3375.24,-74.157
3375.49,-76.230
3375.73,-72.393
3375.98,-74.155
3376.22,-77.459
3376.46,-77.265
3376.71,-73.351
3376.95,-74.336
3377.20,-73.434
3377.44,-75.340
3377.69,-73.708
3377.93,-72.116
3378.17,-75.019
3378.42,-75.428
3378.66,-74.627
3378.91,-75.077
3379.15,-74.220
3379.39,-75.834
3379.64,-72.368
3379.88,-74.304
3380.13,-72.790
3380.37,-72.895
3380.62,-75.565
3380.86,-74.520
3381.10,-74.745
3381.35,-74.732
3381.59,-76.916
3381.84,-75.269
3382.08,-74.651
3382.32,-76.850
3382.57,-72.727
3382.81,-75.972
3383.06,-79.009
3383.30,-76.982
3383.54,-73.506
3383.79,-73.226
3384.03,-74.366
3384.28,-75.746
3384.52,-75.130
3384.77,-73.595
3385.01,-75.526
3385.25,-73.559
3385.50,-76.280
3385.74,-74.897
3385.99,-75.799
3386.23,-75.268
3386.47,-74.699
3386.72,-76.699
3386.96,-77.636
3387.21,-76.857
3387.45,-74.432
3387.70,-74.236
3387.94,-75.136
3388.18,-74.749
3388.43,-75.580
3388.67,-73.251
3388.92,-74.158
3389.16,-75.414
3389.40,-76.509
3389.65,-74.355
3389.89,-75.080
3390.14,-73.540
3390.38,-77.576
3390.62,-76.445
3390.87,-74.866
3391.11,-75.372
3391.36,-73.618
3391.60,-78.230
3391.85,-76.400
3392.09,-72.610
3392.33,-74.918
3392.58,-74.554
3392.82,-75.695
3393.07,-76.453
3393.31,-75.694
3393.55,-73.888
3393.80,-75.345
3394.04,-77.945
3394.29,-76.211
3394.53,-77.042
3394.78,-74.301
3395.02,-76.280
3395.26,-76.557
3395.51,-76.560
3395.75,-76.764
3396.00,-75.619
3396.24,-75.627
3396.48,-77.264
3396.73,-74.804
3396.97,-74.746
3397.22,-76.099
3397.46,-77.443
3397.71,-74.254
3397.95,-76.565
3398.19,-77.485
3398.44,-75.421
3398.68,-77.761
3398.93,-76.158
3399.17,-77.369
3399.41,-75.656
3399.66,-75.762
3399.90,-75.267
3400.15,-77.293
3400.39,-77.216
3400.63,-76.401
3400.88,-79.640
3401.12,-73.440
3401.37,-76.995
3401.61,-77.037
3401.86,-79.163
3402.10,-77.157
3402.34,-77.094
3402.59,-76.783
3402.83,-75.240
3403.08,-76.867
3403.32,-78.567
3403.56,-75.650
3403.81,-76.584
3404.05,-79.403
3404.30,-78.151
3404.54,-78.286
3404.79,-77.318
3405.03,-76.093
3405.27,-78.066
3405.52,-75.662
3405.76,-78.437
3406.01,-77.132
3406.25,-78.868
3406.49,-78.576
3406.74,-75.865
3406.98,-75.541
3407.23,-77.723
3407.47,-77.053
3407.71,-77.126
3407.96,-78.041
3408.20,-78.178
3408.45,-78.914
3408.69,-78.198
3408.94,-77.623
3409.18,-76.408
3409.42,-77.513
3409.67,-76.593
3409.91,-78.010
3410.16,-78.864
3410.40,-77.162
3410.64,-78.132
3410.89,-76.650
3411.13,-78.777
3411.38,-77.486
3411.62,-76.002
3411.87,-77.716
3412.11,-80.325
3412.35,-77.682
3412.60,-78.113
3412.84,-76.627
3413.09,-76.398
3413.33,-76.202
3413.57,-76.888
3413.82,-78.653
3414.06,-77.350
3414.31,-80.194
3414.55,-76.770
3414.79,-78.608
3415.04,-77.023
3415.28,-76.995
3415.53,-78.733
3415.77,-77.501
3416.02,-78.069
3416.26,-77.605
3416.50,-79.691
3416.75,-78.355
3416.99,-78.359
3417.24,-78.158
3417.48,-78.649
3417.72,-78.474
3417.97,-80.012
3418.21,-78.594
3418.46,-76.739
3418.70,-78.190
3418.95,-76.628
3419.19,-78.825
3419.43,-76.619
3419.68,-77.911
3419.92,-79.693
3420.17,-77.554
3420.41,-79.060
3420.65,-79.915
3420.90,-76.977
3421.14,-79.786
3421.39,-78.798
3421.63,-78.114
3421.88,-78.685
3422.12,-79.338
3422.36,-76.534
3422.61,-78.400
3422.85,-80.204
3423.10,-77.732
3423.34,-77.457
3423.58,-79.502
3423.83,-80.479
3424.07,-81.543
3424.32,-80.774
3424.56,-79.958
3424.80,-79.437
3425.05,-79.806
3425.29,-78.144
3425.54,-78.132
3425.78,-78.263
3426.03,-80.010
3426.27,-79.150
3426.51,-82.283
3426.76,-77.273
3427.00,-79.908
3427.25,-78.525
3427.49,-80.479
3427.73,-80.730
3427.98,-81.145
3428.22,-78.488
3428.47,-78.882
3428.71,-81.426
3428.96,-79.004
3429.20,-79.660
3429.44,-79.341
3429.69,-79.666
3429.93,-79.800
3430.18,-81.157
3430.42,-78.183
3430.66,-78.398
3430.91,-81.162
3431.15,-80.018
3431.40,-78.219
3431.64,-81.330
3431.88,-81.070
3432.13,-82.403
3432.37,-82.614
3432.62,-82.712
3432.86,-80.931
3433.11,-80.561
3433.35,-79.952
3433.59,-80.031
3433.84,-80.303
3434.08,-78.118
3434.33,-79.826
3434.57,-81.076
3434.81,-80.722
3435.06,-79.013
3435.30,-79.959
3435.55,-80.456
3435.79,-80.468
3436.04,-78.168
3436.28,-79.648
3436.52,-77.741
3436.77,-80.100
3437.01,-82.064
3437.26,-80.173
3437.50,-78.770
3437.74,-81.239
3437.99,-81.154
3438.23,-81.959
3438.48,-80.631
3438.72,-81.482
3438.96,-81.907
3439.21,-81.148
3439.45,-82.438
3439.70,-81.314
3439.94,-80.632
3440.19,-79.404
3440.43,-80.124
3440.67,-81.398
3440.92,-78.655
3441.16,-81.721
3441.41,-80.137
3441.65,-80.851
3441.89,-81.625
3442.14,-80.758
3442.38,-80.638
3442.63,-80.980
3442.87,-80.331
3443.12,-81.465
3443.36,-81.995
3443.60,-82.424
3443.85,-83.256
3444.09,-80.960
3444.34,-80.713
3444.58,-80.885
3444.82,-80.992
3445.07,-80.515
3445.31,-80.121
3445.56,-80.899
3445.80,-79.320
3446.04,-81.025
3446.29,-80.965
3446.53,-80.806
3446.78,-80.969
3447.02,-83.085
3447.27,-81.246
3447.51,-79.668
3447.75,-79.892
3448.00,-83.287
3448.24,-82.508
3448.49,-86.021
3448.73,-82.809
3448.97,-83.375
3449.22,-82.051
3449.46,-82.838
3449.71,-81.783
3449.95,-82.564
3450.20,-79.510
3450.44,-81.549
3450.68,-80.074
3450.93,-81.748
3451.17,-81.842
3451.42,-82.742
3451.66,-81.591
3451.90,-81.044
3452.15,-80.978
3452.39,-80.383
3452.64,-82.830
3452.88,-80.616
3453.12,-80.237
3453.37,-81.609
3453.61,-80.473
3453.86,-80.170
3454.10,-82.253
3454.35,-80.337
3454.59,-80.178
3454.83,-81.116
3455.08,-81.795
3455.32,-81.283
3455.57,-83.173
3455.81,-83.112
3456.05,-81.841
3456.30,-80.457
3456.54,-81.951
3456.79,-80.962
3457.03,-80.205
3457.28,-82.626
3457.52,-81.183
3457.76,-83.189
3458.01,-81.691
3458.25,-82.652
3458.50,-80.980
3458.74,-82.315
3458.98,-82.475
3459.23,-83.865
3459.47,-81.603
3459.72,-82.547
3459.96,-81.182
3460.21,-81.593
3460.45,-81.928
3460.69,-84.175
3460.94,-83.525
3461.18,-82.567
3461.43,-82.592
3461.67,-82.703
3461.91,-82.231
3462.16,-84.110
3462.40,-81.320
3462.65,-84.162
3462.89,-83.952
3463.13,-82.135
3463.38,-83.298
3463.62,-84.579
3463.87,-81.906
3464.11,-83.545
3464.36,-84.052
3464.60,-81.892
3464.84,-83.920
3465.09,-82.710
3465.33,-82.289
3465.58,-82.170
3465.82,-85.100
3466.06,-83.261
3466.31,-85.176
3466.55,-82.814
3466.80,-83.137
3467.04,-83.498
3467.29,-81.550
3467.53,-83.418
3467.77,-83.815
3468.02,-82.190
3468.26,-80.931
3468.51,-83.737
3468.75,-84.607
3468.99,-83.964
3469.24,-84.453
3469.48,-83.239
3469.73,-85.492
3469.97,-83.577
3470.21,-82.304
3470.46,-85.319
3470.70,-83.378
3470.95,-83.463
3471.19,-84.909
3471.44,-83.074
3471.68,-83.709
3471.92,-83.141
3472.17,-83.120
3472.41,-83.516
3472.66,-83.361
3472.90,-80.555
3473.14,-84.119
3473.39,-84.395
3473.63,-83.746
3473.88,-83.228
3474.12,-83.404
3474.37,-83.433
3474.61,-83.255
3474.85,-84.514
3475.10,-82.129
3475.34,-85.566
3475.59,-85.177
3475.83,-82.808
3476.07,-82.384
3476.32,-83.977
3476.56,-83.171
3476.81,-84.882
3477.05,-82.990
3477.29,-85.025
3477.54,-82.634
3477.78,-84.159
3478.03,-86.795
3478.27,-86.054
3478.52,-86.433
3478.76,-84.509
3479.00,-84.447
3479.25,-85.735
3479.49,-82.886
3479.74,-80.833
3479.98,-84.979
3480.22,-85.618
3480.47,-87.849
3480.71,-86.697
3480.96,-83.825
3481.20,-83.518
3481.45,-85.241
3481.69,-83.419
3481.93,-84.316
3482.18,-86.085
3482.42,-86.125
3482.67,-87.542
3482.91,-86.384
3483.15,-84.825
3483.40,-83.847
3483.64,-86.231
3483.89,-84.716
3484.13,-84.923
3484.38,-85.937
3484.62,-85.975
3484.86,-84.952
3485.11,-87.081
3485.35,-84.513
3485.60,-84.430
3485.84,-88.975
3486.08,-84.911
3486.33,-87.309
3486.57,-88.078
3486.82,-85.552
3487.06,-85.226
3487.30,-86.174
3487.55,-85.887
3487.79,-87.308
3488.04,-86.434
3488.28,-86.629
3488.53,-86.351
3488.77,-85.637
3489.01,-87.133
3489.26,-87.258
3489.50,-85.187
3489.75,-83.091
3489.99,-83.527
3490.23,-86.889
3490.48,-84.334
3490.72,-86.909
3490.97,-84.117
3491.21,-84.117
3491.46,-87.336
3491.70,-85.765
3491.94,-83.988
3492.19,-88.489
3492.43,-86.196
3492.68,-87.382
3492.92,-84.595
3493.16,-84.576
3493.41,-85.836
3493.65,-85.375
3493.90,-85.267
3494.14,-85.681
3494.38,-86.382
3494.63,-85.983
3494.87,-90.280
3495.12,-88.151
3495.36,-86.268
3495.61,-85.531
3495.85,-85.082
3496.09,-87.503
3496.34,-88.689
3496.58,-84.823
3496.83,-85.912
3497.07,-87.067
3497.31,-86.849
3497.56,-85.300
3497.80,-88.647
3498.05,-88.846
3498.29,-85.784
3498.54,-86.601
3498.78,-85.093
3499.02,-85.732
3499.27,-87.758
3499.51,-86.908
3499.76,-88.419
3500.00,-87.279
3500.24,-88.484
3500.49,-87.700
3500.73,-88.526
3500.98,-86.419
3501.22,-87.565
3501.46,-85.453
3501.71,-85.554
3501.95,-87.639
3502.20,-86.439
3502.44,-86.317
3502.69,-87.645
3502.93,-84.472
3503.17,-86.032
3503.42,-88.680
3503.66,-88.284
3503.91,-87.140
3504.15,-86.706
3504.39,-86.576
3504.64,-87.731
3504.88,-86.244
3505.13,-86.293
3505.37,-87.068
3505.62,-88.179
3505.86,-84.669
3506.10,-86.194
3506.35,-85.116
3506.59,-86.596
3506.84,-85.507
3507.08,-89.412
3507.32,-85.120
3507.57,-86.169
3507.81,-86.610
3508.06,-87.118
3508.30,-86.330
3508.54,-87.941
3508.79,-88.147
3509.03,-85.546
3509.28,-87.970
3509.52,-88.576
3509.77,-87.124
3510.01,-87.581
3510.25,-88.594
3510.50,-86.366
3510.74,-88.599
3510.99,-84.889
3511.23,-88.562
3511.47,-86.882
3511.72,-88.038
3511.96,-86.705
3512.21,-87.537
3512.45,-88.500
3512.70,-87.599
3512.94,-88.196
3513.18,-86.658
3513.43,-87.164
3513.67,-88.605
3513.92,-89.089
3514.16,-88.886
3514.40,-89.151
3514.65,-88.183
3514.89,-88.070
3515.14,-89.060
3515.38,-87.582
3515.62,-87.375
3515.87,-86.514
3516.11,-89.314
3516.36,-88.213
3516.60,-89.947
3516.85,-92.399
3517.09,-89.639
3517.33,-87.292
3517.58,-88.541
3517.82,-86.971
3518.07,-88.195
3518.31,-88.570
3518.55,-86.307
3518.80,-89.721
3519.04,-89.189
3519.29,-86.900
3519.53,-89.010
3519.78,-88.616
3520.02,-91.758
3520.26,-89.382
3520.51,-88.698
3520.75,-88.141
3521.00,-86.917
3521.24,-86.684
3521.48,-88.804
3521.73,-86.845
3521.97,-87.247
3522.22,-90.260
3522.46,-87.181
3522.71,-87.818
3522.95,-87.955
3523.19,-88.857
3523.44,-88.726
3523.68,-87.009
3523.93,-88.227
3524.17,-86.992
3524.41,-90.357
3524.66,-89.768
3524.90,-89.818
3525.15,-88.278
3525.39,-88.920
3525.63,-88.100
3525.88,-91.577
3526.12,-88.074
3526.37,-89.552
3526.61,-89.639
3526.86,-88.432
3527.10,-86.631
3527.34,-87.129
3527.59,-87.728
3527.83,-87.100
3528.08,-86.021
3528.32,-89.104
3528.56,-87.671
3528.81,-89.047
3529.05,-89.035
3529.30,-90.456
3529.54,-89.317
3529.79,-87.133
3530.03,-88.934
3530.27,-90.265
3530.52,-89.684
3530.76,-89.162
3531.01,-89.360
3531.25,-90.117
3531.49,-88.722
3531.74,-88.347
3531.98,-89.871
3532.23,-88.757
3532.47,-87.882
3532.71,-91.394
3532.96,-88.342
3533.20,-90.741
3533.45,-90.908
3533.69,-90.129
3533.94,-92.226
3534.18,-89.599
3534.42,-89.176
3534.67,-89.798
3534.91,-89.801
3535.16,-90.759
3535.40,-90.932
3535.64,-90.677
3535.89,-89.856
3536.13,-88.306
3536.38,-88.813
3536.62,-90.610
3536.87,-90.901
3537.11,-88.977
3537.35,-92.357
3537.60,-91.551
3537.84,-90.770
3538.09,-89.400
3538.33,-90.393
3538.57,-90.261
3538.82,-88.567
3539.06,-91.628
3539.31,-89.772
3539.55,-87.377
3539.79,-90.974
3540.04,-90.337
3540.28,-90.282
3540.53,-89.786
3540.77,-88.089
3541.02,-93.551
3541.26,-88.681
3541.50,-88.852
3541.75,-89.995
3541.99,-89.140
3542.24,-89.619
3542.48,-90.670
3542.72,-88.933
3542.97,-90.408
3543.21,-89.837
3543.46,-88.965
3543.70,-90.478
3543.95,-90.183
3544.19,-90.790
3544.43,-92.643
3544.68,-92.683
3544.92,-90.096
3545.17,-91.700
3545.41,-90.931
3545.65,-91.263
3545.90,-90.076
3546.14,-90.249
3546.39,-91.428
3546.63,-91.902
3546.88,-89.354
3547.12,-90.633
3547.36,-90.513
3547.61,-88.965
3547.85,-90.724
3548.10,-89.124
3548.34,-91.061
3548.58,-91.690
3548.83,-91.547
3549.07,-92.710
3549.32,-92.351
3549.56,-91.300
3549.80,-89.633
3550.05,-91.045
3550.29,-91.484
3550.54,-89.499
3550.78,-91.829
3551.03,-93.253
3551.27,-91.704
3551.51,-90.631
3551.76,-91.195
3552.00,-90.982
3552.25,-90.898
3552.49,-91.197
3552.73,-91.060
3552.98,-92.132
3553.22,-90.589
3553.47,-91.110
3553.71,-90.571
3553.96,-91.087
3554.20,-89.816
3554.44,-90.148
3554.69,-93.112
3554.93,-90.416
3555.18,-90.462
3555.42,-90.262
3555.66,-89.593
3555.91,-92.051
3556.15,-92.328
3556.40,-92.322
3556.64,-90.576
3556.88,-89.328
3557.13,-89.053
3557.37,-93.557
3557.62,-92.164
3557.86,-91.121
3558.11,-91.974
3558.35,-91.730
3558.59,-90.486
3558.84,-92.076
3559.08,-91.444
3559.33,-91.500
3559.57,-92.829
3559.81,-89.747
3560.06,-90.356
3560.30,-91.913
3560.55,-91.291
3560.79,-89.345
3561.04,-93.511
3561.28,-91.605
3561.52,-91.810
3561.77,-91.092
3562.01,-95.585
3562.26,-93.939
3562.50,-93.133
3562.74,-92.735
3562.99,-93.021
3563.23,-90.527
3563.48,-92.121
3563.72,-93.672
3563.96,-91.655
3564.21,-93.546
3564.45,-93.894
3564.70,-93.579
3564.94,-93.380
3565.19,-91.763
3565.43,-90.957
3565.67,-92.302
3565.92,-92.259
3566.16,-91.652
3566.41,-91.566
3566.65,-93.596
3566.89,-94.047
3567.14,-93.605
3567.38,-94.179
3567.63,-91.331
3567.87,-93.426
3568.12,-93.117
3568.36,-92.161
3568.60,-92.501
3568.85,-93.861
3569.09,-93.328
3569.34,-91.065
3569.58,-91.891
3569.82,-92.380
3570.07,-92.840
3570.31,-93.856
3570.56,-91.640
3570.80,-92.823
3571.04,-92.130
3571.29,-92.350
3571.53,-93.182
3571.78,-92.778
3572.02,-91.904
3572.27,-92.411
3572.51,-93.210
3572.75,-93.000
3573.00,-92.176
3573.24,-91.350
3573.49,-91.950
3573.73,-92.588
3573.97,-93.410
3574.22,-91.605
3574.46,-92.449
3574.71,-92.783
3574.95,-92.375
3575.20,-91.737
3575.44,-92.991
3575.68,-92.320
3575.93,-90.307
3576.17,-94.635
3576.42,-95.132
3576.66,-94.238
3576.90,-92.737
3577.15,-93.330
3577.39,-93.017
3577.64,-92.998
3577.88,-94.581
3578.12,-93.919
3578.37,-92.081
3578.61,-93.920
3578.86,-94.184
3579.10,-93.724
3579.35,-91.949
3579.59,-94.607
3579.83,-96.721
3580.08,-92.387
3580.32,-93.973
3580.57,-92.854
3580.81,-92.708
3581.05,-91.388
3581.30,-92.165
3581.54,-93.807
3581.79,-92.531
3582.03,-93.111
3582.28,-93.497
3582.52,-92.483
3582.76,-95.407
3583.01,-94.243
3583.25,-93.669
3583.50,-93.621
3583.74,-92.296
3583.98,-92.737
3584.23,-94.555
3584.47,-95.171
3584.72,-92.159
3584.96,-92.597
3585.21,-92.833
3585.45,-93.467
3585.69,-93.673
3585.94,-92.614
3586.18,-93.222
3586.43,-93.244
3586.67,-94.658
3586.91,-93.860
3587.16,-92.589
3587.40,-94.956
3587.65,-93.796
3587.89,-96.368
3588.13,-95.194
3588.38,-94.144
3588.62,-93.415
3588.87,-93.798
3589.11,-90.471
3589.36,-93.386
3589.60,-94.450
3589.84,-94.126
3590.09,-93.858
3590.33,-94.501
3590.58,-93.722
3590.82,-92.882
3591.06,-93.729
3591.31,-92.845
3591.55,-94.561
3591.80,-92.397
3592.04,-93.520
3592.29,-93.340
3592.53,-95.446
3592.77,-94.324
3593.02,-95.275
3593.26,-92.788
3593.51,-96.119
3593.75,-94.207
3593.99,-94.294
3594.24,-94.834
3594.48,-94.382
3594.73,-95.514
3594.97,-96.999
3595.21,-95.761
3595.46,-94.747
3595.70,-94.319
3595.95,-91.648
3596.19,-93.514
3596.44,-92.829
3596.68,-96.002
3596.92,-94.800
3597.17,-94.369
3597.41,-95.060
3597.66,-95.354
3597.90,-93.502
3598.14,-94.729
3598.39,-96.335
3598.63,-94.920
3598.88,-93.935
3599.12,-92.437
3599.37,-94.779
3599.61,-94.926
3599.85,-93.800
3600.10,-96.315
3600.34,-97.569
3600.59,-92.964
3600.83,-93.802
3601.07,-95.778
3601.32,-92.884
3601.56,-94.515
3601.81,-95.285
3602.05,-94.685
3602.29,-96.413
3602.54,-93.836
3602.78,-93.087
3603.03,-96.212
3603.27,-94.599
3603.52,-97.596
3603.76,-96.794
3604.00,-95.694
3604.25,-95.916
3604.49,-94.745
3604.74,-93.891
3604.98,-93.852
3605.22,-94.890
3605.47,-96.003
3605.71,-93.398
3605.96,-95.803
3606.20,-97.509
3606.45,-94.146
3606.69,-94.498
3606.93,-95.312
3607.18,-94.806
3607.42,-93.973
3607.67,-95.122
3607.91,-96.752
3608.15,-98.182
3608.40,-94.558
3608.64,-94.388
3608.89,-95.569
3609.13,-95.556
3609.38,-96.114
3609.62,-95.003
3609.86,-94.946
3610.11,-96.082
3610.35,-94.156
3610.60,-93.720
3610.84,-94.481
3611.08,-94.452
3611.33,-96.334
3611.57,-98.263
3611.82,-94.897
3612.06,-94.299
3612.30,-95.426
3612.55,-96.740
3612.79,-98.057
3613.04,-96.402
3613.28,-94.238
3613.53,-95.143
3613.77,-94.383
3614.01,-96.118
3614.26,-93.940
3614.50,-94.786
3614.75,-97.132
3614.99,-96.381
3615.23,-98.765
3615.48,-97.761
3615.72,-96.519
3615.97,-94.291
3616.21,-94.765
3616.46,-94.365
3616.70,-96.992
3616.94,-98.896
3617.19,-94.825
3617.43,-95.448
3617.68,-95.166
3617.92,-98.643
3618.16,-95.336
3618.41,-94.976
3618.65,-96.526
3618.90,-95.164
3619.14,-94.609
3619.38,-97.158
3619.63,-96.999
3619.87,-96.016
3620.12,-93.823
3620.36,-98.100
3620.61,-97.246
3620.85,-96.024
3621.09,-95.471
3621.34,-95.490
3621.58,-95.946
3621.83,-93.496
3622.07,-95.235
3622.31,-95.128
3622.56,-96.789
3622.80,-94.288
3623.05,-95.361
3623.29,-94.176
3623.54,-96.051
3623.78,-96.234
3624.02,-94.733
3624.27,-94.581
3624.51,-97.823
3624.76,-95.925
3625.00,-96.956
3625.24,-95.864
3625.49,-94.936
3625.73,-95.984
3625.98,-97.071
3626.22,-96.733
3626.46,-96.745
3626.71,-97.163
3626.95,-96.667
3627.20,-98.118
3627.44,-96.537
3627.69,-95.424
3627.93,-95.308
3628.17,-97.683
3628.42,-96.441
3628.66,-96.460
3628.91,-97.015
3629.15,-96.536
3629.39,-95.196
3629.64,-95.636
3629.88,-96.592
3630.13,-96.701
3630.37,-96.570
3630.62,-95.998
3630.86,-96.995
3631.10,-95.989
3631.35,-94.708
3631.59,-93.928
3631.84,-97.809
3632.08,-95.743
3632.32,-95.053
3632.57,-95.907
3632.81,-96.516
3633.06,-97.203
3633.30,-95.918
3633.54,-97.675
3633.79,-95.817
3634.03,-94.900
3634.28,-97.018
3634.52,-96.234
3634.77,-97.106
3635.01,-97.943
3635.25,-94.685
3635.50,-95.865
3635.74,-96.462
3635.99,-95.158
3636.23,-93.958
3636.47,-96.817
3636.72,-95.453
3636.96,-94.424
3637.21,-95.471
3637.45,-95.465
3637.70,-96.563
3637.94,-98.023
3638.18,-95.305
3638.43,-98.237
3638.67,-96.253
3638.92,-97.092
3639.16,-95.873
3639.40,-97.350
3639.65,-97.255
3639.89,-100.426
3640.14,-98.698
3640.38,-97.151
3640.62,-98.103
3640.87,-97.398
3641.11,-97.027
3641.36,-98.097
3641.60,-98.587
3641.85,-97.628
3642.09,-97.497
3642.33,-98.614
3642.58,-97.511
3642.82,-97.144
3643.07,-96.848
3643.31,-96.667
3643.55,-96.358
3643.80,-95.376
3644.04,-97.726
3644.29,-96.896
3644.53,-96.917
3644.78,-99.248
3645.02,-97.925
3645.26,-97.824
3645.51,-97.152
3645.75,-95.997
3646.00,-98.493
3646.24,-97.372
3646.48,-98.513
3646.73,-96.891
3646.97,-98.322
3647.22,-98.507
3647.46,-97.496
3647.71,-97.767
3647.95,-100.596
3648.19,-99.113
3648.44,-96.883
3648.68,-98.078
3648.93,-98.823
3649.17,-97.923
3649.41,-97.445
3649.66,-97.547
3649.90,-97.857
3650.15,-98.613
3650.39,-98.878
3650.63,-98.327
3650.88,-96.296
3651.12,-94.825
3651.37,-95.369
3651.61,-97.816
3651.86,-97.233
3652.10,-98.185
3652.34,-97.316
3652.59,-96.877
3652.83,-97.257
3653.08,-96.000
3653.32,-97.175
3653.56,-99.312
3653.81,-97.919
3654.05,-97.646
3654.30,-98.611
3654.54,-97.422
3654.79,-96.856
3655.03,-96.069
3655.27,-97.874
3655.52,-98.856
3655.76,-98.413
3656.01,-97.238
3656.25,-97.693
3656.49,-98.087
3656.74,-97.921
3656.98,-96.249
3657.23,-95.399
3657.47,-96.837
3657.71,-97.896
3657.96,-97.369
3658.20,-100.944
3658.45,-97.876
3658.69,-98.877
3658.94,-98.081
3659.18,-99.676
3659.42,-98.254
3659.67,-97.518
3659.91,-98.530
3660.16,-97.176
3660.40,-97.644
3660.64,-98.861
3660.89,-97.915
3661.13,-97.000
3661.38,-96.662
3661.62,-98.059
3661.87,-96.188
3662.11,-97.199
3662.35,-98.634
3662.60,-97.955
3662.84,-96.912
3663.09,-96.607
3663.33,-97.803
3663.57,-98.247
3663.82,-97.735
3664.06,-97.824
3664.31,-96.702
3664.55,-99.738
3664.79,-100.193
3665.04,-99.100
3665.28,-100.274
3665.53,-98.310
3665.77,-100.452
3666.02,-101.126
3666.26,-99.714
3666.50,-97.433
3666.75,-99.420
3666.99,-100.311
3667.24,-97.598
3667.48,-98.196
3667.72,-98.558
3667.97,-99.505
3668.21,-97.137
3668.46,-96.734
3668.70,-97.675
3668.95,-99.535
3669.19,-97.323
3669.43,-97.763
3669.68,-99.861
3669.92,-98.109
3670.17,-99.837
3670.41,-98.972
3670.65,-98.867
3670.90,-99.223
3671.14,-100.756
3671.39,-99.685
3671.63,-99.747
3671.88,-98.929
3672.12,-99.813
3672.36,-98.433
3672.61,-99.817
3672.85,-100.115
3673.10,-99.999
3673.34,-99.667
3673.58,-100.180
3673.83,-100.467
3674.07,-100.953
3674.32,-100.960
3674.56,-98.097
3674.80,-100.759
3675.05,-99.899
3675.29,-98.473
3675.54,-100.271
3675.78,-100.523
3676.03,-98.771
3676.27,-98.091
3676.51,-98.871
3676.76,-98.105
3677.00,-98.667
3677.25,-100.730
3677.49,-101.592
3677.73,-98.669
3677.98,-98.970
3678.22,-100.035
3678.47,-100.194
3678.71,-101.129
3678.96,-99.217
3679.20,-101.046
3679.44,-100.139
3679.69,-99.450
3679.93,-98.767
3680.18,-101.530
3680.42,-100.083
3680.66,-99.767
3680.91,-100.656
3681.15,-99.151
3681.40,-99.838
3681.64,-102.506
3681.88,-100.654
3682.13,-100.202
3682.37,-100.610
3682.62,-102.442
3682.86,-100.027
3683.11,-101.567
3683.35,-101.866
3683.59,-101.879
3683.84,-101.497
3684.08,-99.445
3684.33,-100.771
3684.57,-101.620
3684.81,-99.327
3685.06,-102.070
3685.30,-100.879
3685.55,-101.964
3685.79,-100.803
3686.04,-101.167
3686.28,-100.138
3686.52,-100.464
3686.77,-100.293
3687.01,-101.265
3687.26,-102.282
3687.50,-102.186
3687.74,-102.175
3687.99,-102.332
3688.23,-102.691
3688.48,-102.601
3688.72,-101.402
3688.96,-101.365
3689.21,-101.108
3689.45,-101.560
3689.70,-100.679
3689.94,-101.064
3690.19,-101.921
3690.43,-102.122
3690.67,-101.320
3690.92,-100.932
3691.16,-102.604
3691.41,-101.767
3691.65,-102.808
3691.89,-102.042
3692.14,-101.234
3692.38,-102.300
3692.63,-101.626
3692.87,-101.448
3693.12,-101.578
3693.36,-102.193
3693.60,-101.238
3693.85,-102.530
3694.09,-102.306
3694.34,-102.685
3694.58,-103.246
3694.82,-101.789
3695.07,-102.878
3695.31,-101.724
3695.56,-103.328
3695.80,-103.556
3696.04,-103.585
3696.29,-103.018
3696.53,-100.981
3696.78,-102.444
3697.02,-101.011
3697.27,-102.368
3697.51,-101.938
3697.75,-102.621
3698.00,-102.749
3698.24,-101.665
3698.49,-102.458
3698.73,-102.172
3698.97,-102.488
3699.22,-102.826
3699.46,-101.854
3699.71,-102.984
3699.95,-104.075
3700.20,-102.739
3700.44,-103.547
3700.68,-102.893
3700.93,-102.013
3701.17,-103.529
3701.42,-102.257
3701.66,-103.158
3701.90,-102.566
3702.15,-102.837
3702.39,-104.096
3702.64,-103.072
3702.88,-104.092
3703.12,-102.932
3703.37,-104.011
3703.61,-103.342
3703.86,-103.189
3704.10,-102.532
3704.35,-103.720
3704.59,-103.628
3704.83,-103.548
3705.08,-103.423
3705.32,-103.294
3705.57,-103.019
3705.81,-102.824
3706.05,-102.546
3706.30,-103.272
3706.54,-103.498
3706.79,-102.513
3707.03,-102.947
3707.28,-103.496
3707.52,-103.824
3707.76,-103.457
3708.01,-103.706
3708.25,-103.349
3708.50,-103.203
3708.74,-103.656
3708.98,-103.931
3709.23,-103.285
3709.47,-104.166
3709.72,-103.485
3709.96,-103.843
3710.21,-104.122
3710.45,-103.733
3710.69,-103.133
3710.94,-103.305
3711.18,-103.345
3711.43,-103.379
3711.67,-104.378
3711.91,-104.073
3712.16,-103.904
3712.40,-103.475
3712.65,-103.415
3712.89,-103.780
3713.13,-103.555
3713.38,-103.972
3713.62,-103.988
3713.87,-103.678
3714.11,-103.272
3714.36,-103.891
3714.60,-103.195
3714.84,-103.809
3715.09,-103.612
3715.33,-104.327
3715.58,-104.211
3715.82,-103.780
3716.06,-103.936
3716.31,-103.655
3716.55,-103.856
3716.80,-104.095
3717.04,-104.277
3717.29,-103.767
3717.53,-103.970
3717.77,-104.153
3718.02,-104.688
3718.26,-103.906
3718.51,-104.035
3718.75,-103.712
3718.99,-104.176
3719.24,-103.620
3719.48,-104.247
3719.73,-103.353
3719.97,-103.792
3720.21,-104.457
3720.46,-103.488
3720.70,-104.712
3720.95,-104.863
3721.19,-104.129
3721.44,-104.023
3721.68,-103.992
3721.92,-104.578
3722.17,-104.257
3722.41,-104.325
3722.66,-103.522
3722.90,-104.387
3723.14,-104.094
3723.39,-104.058
3723.63,-104.142
3723.88,-103.565
3724.12,-104.478
3724.37,-103.796
3724.61,-104.099
3724.85,-104.514
3725.10,-103.874
3725.34,-104.189
3725.59,-104.588
3725.83,-104.057
3726.07,-103.928
3726.32,-104.193
3726.56,-104.196
3726.81,-104.140
3727.05,-104.452
3727.29,-104.123
3727.54,-103.585
3727.78,-104.377
3728.03,-104.449
3728.27,-104.369
3728.52,-103.966
3728.76,-104.331
3729.00,-104.264
3729.25,-104.323
3729.49,-103.919
3729.74,-104.133
3729.98,-104.075
3730.22,-104.636
3730.47,-104.258
3730.71,-104.505
3730.96,-104.269
3731.20,-104.442
3731.45,-103.915
3731.69,-104.368
3731.93,-104.315
3732.18,-103.914
3732.42,-104.222
3732.67,-104.071
3732.91,-104.459
3733.15,-104.256
3733.40,-104.424
3733.64,-104.635
3733.89,-104.560
3734.13,-104.646
3734.38,-104.316
3734.62,-104.629
3734.86,-104.431
3735.11,-104.484
3735.35,-104.257
3735.60,-104.537
3735.84,-104.229
3736.08,-104.292
3736.33,-104.474
3736.57,-104.256
3736.82,-104.169
3737.06,-104.357
3737.30,-104.313
3737.55,-104.422
3737.79,-104.353
3738.04,-104.133
3738.28,-104.280
3738.53,-104.335
3738.77,-104.263
3739.01,-104.255
3739.26,-104.156
3739.50,-104.228
3739.75,-104.196
3739.99,-104.278
3740.23,-104.426
3740.48,-104.453
3740.72,-104.519
3740.97,-104.477
3741.21,-104.594
3741.46,-104.382
3741.70,-104.454
3741.94,-104.447
3742.19,-104.331
3742.43,-104.484
3742.68,-104.561
3742.92,-104.550
3743.16,-104.412
3743.41,-104.573
3743.65,-104.453
3743.90,-104.462
3744.14,-104.466
3744.38,-104.615
3744.63,-104.357
3744.87,-104.273
3745.12,-104.549
3745.36,-104.537
3745.61,-104.313
3745.85,-104.498
3746.09,-104.283
3746.34,-104.690
3746.58,-104.466
3746.83,-104.598
3747.07,-104.676
3747.31,-104.422
3747.56,-104.505
3747.80,-104.345
3748.05,-104.451
3748.29,-104.490
3748.54,-104.536
3748.78,-104.563
3749.02,-104.528
3749.27,-104.565
3749.51,-104.496
3749.76,-104.455
3750.00,-104.522
3750.24,-104.550
3750.49,-104.391
3750.73,-104.499
3750.98,-104.472
3751.22,-104.710
3751.46,-104.577
3751.71,-104.456
3751.95,-104.417
3752.20,-104.577
3752.44,-104.498
3752.69,-104.526
3752.93,-104.567
3753.17,-104.434
3753.42,-104.530
3753.66,-104.594
3753.91,-104.538
3754.15,-104.422
3754.39,-104.552
3754.64,-104.556
3754.88,-104.572
3755.13,-104.570
3755.37,-104.553
3755.62,-104.445
3755.86,-104.526
3756.10,-104.650
3756.35,-104.554
3756.59,-104.551
3756.84,-104.603
3757.08,-104.387
3757.32,-104.611
3757.57,-104.539
3757.81,-104.619
3758.06,-104.579
3758.30,-104.570
3758.54,-104.661
3758.79,-104.568
3759.03,-104.593
3759.28,-104.629
3759.52,-104.539
3759.77,-104.673
3760.01,-104.621
3760.25,-104.620
3760.50,-104.561
3760.74,-104.609
3760.99,-104.493
3761.23,-104.542
3761.47,-104.627
3761.72,-104.542
3761.96,-104.680
3762.21,-104.601
3762.45,-104.491
3762.70,-104.525
3762.94,-104.666
3763.18,-104.557
3763.43,-104.578
3763.67,-104.607
3763.92,-104.561
3764.16,-104.526
3764.40,-104.618
3764.65,-104.567
3764.89,-104.585
3765.14,-104.623
3765.38,-104.602
3765.62,-104.630
3765.87,-104.595
3766.11,-104.611
3766.36,-104.602
3766.60,-104.610
3766.85,-104.615
3767.09,-104.622
3767.33,-104.664
3767.58,-104.602
3767.82,-104.568
3768.07,-104.658
3768.31,-104.617
3768.55,-104.682
3768.80,-104.603
3769.04,-104.590
3769.29,-104.625
3769.53,-104.649
3769.78,-104.607
3770.02,-104.572
3770.26,-104.637
3770.51,-104.675
3770.75,-104.668
3771.00,-104.631
3771.24,-104.656
3771.48,-104.721
3771.73,-104.632
3771.97,-104.698
3772.22,-104.612
3772.46,-104.702
3772.71,-104.727
3772.95,-104.611
3773.19,-104.598
3773.44,-104.582
3773.68,-104.676
3773.93,-104.649
3774.17,-104.624
3774.41,-104.702
3774.66,-104.649
3774.90,-104.685
3775.15,-104.652
3775.39,-104.665
3775.63,-104.671
3775.88,-104.660
3776.12,-104.626
3776.37,-104.696
3776.61,-104.680
3776.86,-104.686
3777.10,-104.648
3777.34,-104.710
3777.59,-104.679
3777.83,-104.720
3778.08,-104.695
3778.32,-104.677
3778.56,-104.668
3778.81,-104.754
3779.05,-104.780
3779.30,-104.697
3779.54,-104.698
3779.79,-104.678
3780.03,-104.713
3780.27,-104.741
3780.52,-104.757
3780.76,-104.691
3781.01,-104.674
3781.25,-104.716
3781.49,-104.686
3781.74,-104.711
3781.98,-104.708
3782.23,-104.738
3782.47,-104.674
3782.71,-104.710
3782.96,-104.699
3783.20,-104.720
3783.45,-104.741
3783.69,-104.734
3783.94,-104.698
3784.18,-104.752
3784.42,-104.746
3784.67,-104.738
3784.91,-104.723
3785.16,-104.744
3785.40,-104.796
3785.64,-104.723
3785.89,-104.707
3786.13,-104.720
3786.38,-104.768
3786.62,-104.716
3786.87,-104.758
3787.11,-104.749
3787.35,-104.779
3787.60,-104.731
3787.84,-104.762
3788.09,-104.775
3788.33,-104.769
3788.57,-104.764
3788.82,-104.796
3789.06,-104.772
3789.31,-104.795
3789.55,-104.738
3789.79,-104.767
3790.04,-104.755
3790.28,-104.800
3790.53,-104.774
3790.77,-104.761
3791.02,-104.783
3791.26,-104.755
3791.50,-104.767
3791.75,-104.794
3791.99,-104.800
3792.24,-104.777
3792.48,-104.767
3792.72,-104.775
3792.97,-104.778
3793.21,-104.740
3793.46,-104.784
3793.70,-104.759
3793.95,-104.797
3794.19,-104.755
3794.43,-104.792
3794.68,-104.777
3794.92,-104.787
3795.17,-104.805
3795.41,-104.834
3795.65,-104.781
3795.90,-104.792
3796.14,-104.818
3796.39,-104.829
3796.63,-104.785
3796.88,-104.778
3797.12,-104.821
3797.36,-104.811
3797.61,-104.812
3797.85,-104.821
3798.10,-104.810
3798.34,-104.814
3798.58,-104.801
3798.83,-104.825
3799.07,-104.823
3799.32,-104.811
3799.56,-104.817
3799.80,-104.825
3800.05,-104.835
3800.29,-104.830
3800.54,-104.822
3800.78,-104.807
3801.03,-104.835
3801.27,-104.828
3801.51,-104.836
3801.76,-104.807
3802.00,-104.848
3802.25,-104.828
3802.49,-104.812
3802.73,-104.827
3802.98,-104.844
3803.22,-104.845
3803.47,-104.854
3803.71,-104.849
3803.96,-104.842
3804.20,-104.856
3804.44,-104.864
3804.69,-104.854
3804.93,-104.845
3805.18,-104.866
3805.42,-104.849
3805.66,-104.854
3805.91,-104.842
3806.15,-104.858
3806.40,-104.848
3806.64,-104.852
3806.88,-104.864
3807.13,-104.858
3807.37,-104.853
3807.62,-104.857
3807.86,-104.885
3808.11,-104.865
3808.35,-104.866
3808.59,-104.875
3808.84,-104.879
3809.08,-104.878
3809.33,-104.881
3809.57,-104.888
3809.81,-104.850
3810.06,-104.888
3810.30,-104.866
3810.55,-104.878
3810.79,-104.862
3811.04,-104.875
3811.28,-104.886
3811.52,-104.899
3811.77,-104.883
3812.01,-104.893
3812.26,-104.894
3812.50,-104.868
3812.74,-104.909
3812.99,-104.889
3813.23,-104.897
3813.48,-104.895
3813.72,-104.899
3813.96,-104.903
3814.21,-104.898
3814.45,-104.885
3814.70,-104.910
3814.94,-104.908
3815.19,-104.911
3815.43,-104.900
3815.67,-104.885
3815.92,-104.912
3816.16,-104.891
3816.41,-104.902
3816.65,-104.902
3816.89,-104.911
3817.14,-104.917
3817.38,-104.923
3817.63,-104.903
3817.87,-104.918
3818.12,-104.911
3818.36,-104.910
3818.60,-104.926
3818.85,-104.924
3819.09,-104.933
3819.34,-104.925
3819.58,-104.916
3819.82,-104.930
3820.07,-104.926
3820.31,-104.932
3820.56,-104.910
3820.80,-104.933
3821.04,-104.932
3821.29,-104.925
3821.53,-104.928
3821.78,-104.941
3822.02,-104.924
3822.27,-104.944
3822.51,-104.939
3822.75,-104.941
3823.00,-104.949
3823.24,-104.949
3823.49,-104.950
3823.73,-104.947
3823.97,-104.941
3824.22,-104.950
3824.46,-104.942
3824.71,-104.951
3824.95,-104.935
3825.20,-104.954
3825.44,-104.958
3825.68,-104.946
3825.93,-104.950
3826.17,-104.954
3826.42,-104.960
3826.66,-104.955
3826.90,-104.956
3827.15,-104.962
3827.39,-104.958
3827.64,-104.959
3827.88,-104.968
3828.12,-104.953
3828.37,-104.962
3828.61,-104.962
3828.86,-104.971
3829.10,-104.964
3829.35,-104.974
3829.59,-104.970
3829.83,-104.967
3830.08,-104.979
3830.32,-104.968
3830.57,-104.981
3830.81,-104.973
3831.05,-104.982
3831.30,-104.977
3831.54,-104.972
3831.79,-104.981
3832.03,-104.975
3832.28,-104.988
3832.52,-104.989
3832.76,-104.981
3833.01,-104.980
3833.25,-104.988
3833.50,-104.978
3833.74,-104.988
3833.98,-104.988
3834.23,-104.991
3834.47,-104.993
3834.72,-104.992
3834.96,-104.996
3835.21,-104.997
3835.45,-104.989
3835.69,-104.998
3835.94,-105.001
3836.18,-104.997
3836.43,-105.002
3836.67,-104.995
3836.91,-105.005
3837.16,-105.009
3837.40,-105.003
3837.65,-105.004
3837.89,-105.005
3838.13,-105.008
3838.38,-105.015
3838.62,-105.012
3838.87,-105.008
3839.11,-105.015
3839.36,-105.012
3839.60,-105.017
3839.84,-105.012
3840.09,-105.014
3840.33,-105.013
3840.58,-105.012
3840.82,-105.015
3841.06,-105.023
3841.31,-105.020
3841.55,-105.025
3841.80,-105.027
3842.04,-105.022
3842.29,-105.021
3842.53,-105.023
3842.77,-105.027
3843.02,-105.023
3843.26,-105.027
3843.51,-105.030
3843.75,-105.033
3843.99,-105.033
3844.24,-105.032
3844.48,-105.033
3844.73,-105.034
3844.97,-105.035
3845.21,-105.037
3845.46,-105.040
3845.70,-105.040
3845.95,-105.043
3846.19,-105.035
3846.44,-105.041
3846.68,-105.039
3846.92,-105.040
3847.17,-105.042
3847.41,-105.047
3847.66,-105.047
3847.90,-105.044
3848.14,-105.051
3848.39,-105.050
3848.63,-105.049
3848.88,-105.052
3849.12,-105.049
3849.37,-105.052
3849.61,-105.053
3849.85,-105.054
3850.10,-105.054
3850.34,-105.059
3850.59,-105.059
3850.83,-105.057
3851.07,-105.059
3851.32,-105.065
3851.56,-105.060
3851.81,-105.062
3852.05,-105.060
3852.29,-105.064
3852.54,-105.064
3852.78,-105.065
3853.03,-105.067
3853.27,-105.063
3853.52,-105.069
3853.76,-105.071
3854.00,-105.068
3854.25,-105.075
3854.49,-105.075
3854.74,-105.077
3854.98,-105.076
3855.22,-105.078
3855.47,-105.080
3855.71,-105.080
3855.96,-105.078
3856.20,-105.078
3856.45,-105.083
3856.69,-105.080
3856.93,-105.082
3857.18,-105.080
3857.42,-105.084
3857.67,-105.087
3857.91,-105.086
3858.15,-105.090
3858.40,-105.089
3858.64,-105.090
3858.89,-105.090
3859.13,-105.092
3859.38,-105.091
3859.62,-105.096
3859.86,-105.095
3860.11,-105.098
3860.35,-105.095
3860.60,-105.097
3860.84,-105.096
3861.08,-105.099
3861.33,-105.101
3861.57,-105.098
3861.82,-105.101
3862.06,-105.102
3862.30,-105.101
3862.55,-105.102
3862.79,-105.104
3863.04,-105.101
3863.28,-105.105
3863.53,-105.105
3863.77,-105.106
3864.01,-105.104
3864.26,-105.107
3864.50,-105.112
3864.75,-105.110
3864.99,-105.115
3865.23,-105.112
3865.48,-105.115
3865.72,-105.117
3865.97,-105.116
3866.21,-105.117
3866.46,-105.116
3866.70,-105.117
3866.94,-105.120
3867.19,-105.122
3867.43,-105.121
3867.68,-105.122
3867.92,-105.122
3868.16,-105.124
3868.41,-105.124
3868.65,-105.124
3868.90,-105.126
3869.14,-105.128
3869.38,-105.126
3869.63,-105.127
3869.87,-105.129
3870.12,-105.129
3870.36,-105.130
3870.61,-105.132
3870.85,-105.131
3871.09,-105.134
3871.34,-105.133
3871.58,-105.133
3871.83,-105.135
3872.07,-105.136
3872.31,-105.138
3872.56,-105.136
3872.80,-105.139
3873.05,-105.141
3873.29,-105.139
3873.54,-105.142
3873.78,-105.142
3874.02,-105.143
3874.27,-105.143
3874.51,-105.144
3874.76,-105.144
3875.00,-105.144
3875.24,-105.148
3875.49,-105.145
3875.73,-105.146
3875.98,-105.150
3876.22,-105.147
3876.46,-105.150
3876.71,-105.152
3876.95,-105.150
3877.20,-105.151
3877.44,-105.153
3877.69,-105.154
3877.93,-105.156
3878.17,-105.158
3878.42,-105.156
3878.66,-105.155
3878.91,-105.158
3879.15,-105.157
3879.39,-105.159
3879.64,-105.160
3879.88,-105.161
3880.13,-105.162
3880.37,-105.162
3880.62,-105.162
3880.86,-105.163
3881.10,-105.166
3881.35,-105.166
3881.59,-105.166
3881.84,-105.166
3882.08,-105.167
3882.32,-105.167
3882.57,-105.167
3882.81,-105.169
3883.06,-105.170
3883.30,-105.171
3883.54,-105.173
3883.79,-105.172
3884.03,-105.174
3884.28,-105.173
3884.52,-105.176
3884.77,-105.173
3885.01,-105.177
3885.25,-105.177
3885.50,-105.177
3885.74,-105.178
3885.99,-105.180
3886.23,-105.180
3886.47,-105.179
3886.72,-105.183
3886.96,-105.182
3887.21,-105.183
3887.45,-105.184
3887.70,-105.184
3887.94,-105.186
3888.18,-105.186
3888.43,-105.187
3888.67,-105.186
3888.92,-105.189
3889.16,-105.188
3889.40,-105.189
3889.65,-105.190
3889.89,-105.191
3890.14,-105.191
3890.38,-105.192
3890.62,-105.192
3890.87,-105.193
3891.11,-105.194
3891.36,-105.196
3891.60,-105.193
3891.85,-105.196
3892.09,-105.197
3892.33,-105.198
3892.58,-105.198
3892.82,-105.199
3893.07,-105.199
3893.31,-105.202
3893.55,-105.200
3893.80,-105.201
3894.04,-105.202
3894.29,-105.202
3894.53,-105.202
3894.78,-105.203
3895.02,-105.204
3895.26,-105.206
3895.51,-105.206
3895.75,-105.207
3896.00,-105.207
3896.24,-105.208
3896.48,-105.209
3896.73,-105.209
3896.97,-105.209
3897.22,-105.210
3897.46,-105.211
3897.71,-105.210
3897.95,-105.213
3898.19,-105.212
3898.44,-105.214
3898.68,-105.215
3898.93,-105.215
3899.17,-105.215
3899.41,-105.216
3899.66,-105.217
3899.90,-105.218
3900.15,-105.218
3900.39,-105.218
3900.63,-105.220
3900.88,-105.219
3901.12,-105.220
3901.37,-105.220
3901.61,-105.222
3901.86,-105.222
3902.10,-105.223
3902.34,-105.224
3902.59,-105.224
3902.83,-105.224
3903.08,-105.224
3903.32,-105.226
3903.56,-105.226
3903.81,-105.227
3904.05,-105.227
3904.30,-105.227
3904.54,-105.228
3904.79,-105.229
3905.03,-105.230
3905.27,-105.230
3905.52,-105.232
3905.76,-105.232
3906.01,-105.232
3906.25,-105.233
3906.49,-105.234
3906.74,-105.235
3906.98,-105.235
3907.23,-105.235
3907.47,-105.235
3907.71,-105.236
3907.96,-105.237
3908.20,-105.238
3908.45,-105.239
3908.69,-105.239
3908.94,-105.240
3909.18,-105.240
3909.42,-105.241
3909.67,-105.241
3909.91,-105.241
3910.16,-105.242
3910.40,-105.244
3910.64,-105.244
3910.89,-105.244
3911.13,-105.245
3911.38,-105.245
3911.62,-105.245
3911.87,-105.246
3912.11,-105.246
3912.35,-105.247
3912.60,-105.248
3912.84,-105.248
3913.09,-105.249
3913.33,-105.249
3913.57,-105.249
3913.82,-105.250
3914.06,-105.251
3914.31,-105.251
3914.55,-105.252
3914.79,-105.252
3915.04,-105.253
3915.28,-105.253
3915.53,-105.254
3915.77,-105.255
3916.02,-105.254
3916.26,-105.256
3916.50,-105.257
3916.75,-105.257
3916.99,-105.257
3917.24,-105.259
3917.48,-105.258
3917.72,-105.259
3917.97,-105.260
3918.21,-105.260
3918.46,-105.260
3918.70,-105.261
3918.95,-105.261
3919.19,-105.262
3919.43,-105.262
3919.68,-105.262
3919.92,-105.263
3920.17,-105.264
3920.41,-105.264
3920.65,-105.263
3920.90,-105.265
3921.14,-105.266
3921.39,-105.266
3921.63,-105.266
3921.88,-105.266
3922.12,-105.268
3922.36,-105.268
3922.61,-105.268
3922.85,-105.268
3923.10,-105.270
3923.34,-105.270
3923.58,-105.270
3923.83,-105.271
3924.07,-105.272
3924.32,-105.273
3924.56,-105.272
3924.80,-105.273
3925.05,-105.274
3925.29,-105.274
3925.54,-105.275
3925.78,-105.275
3926.03,-105.275
3926.27,-105.275
3926.51,-105.276
3926.76,-105.276
3927.00,-105.276
3927.25,-105.277
3927.49,-105.278
3927.73,-105.278
3927.98,-105.279
3928.22,-105.279
3928.47,-105.279
3928.71,-105.280
3928.96,-105.281
3929.20,-105.281
3929.44,-105.281
3929.69,-105.282
3929.93,-105.282
3930.18,-105.283
3930.42,-105.284
3930.66,-105.283
3930.91,-105.284
3931.15,-105.284
3931.40,-105.285
3931.64,-105.285
3931.88,-105.286
3932.13,-105.286
3932.37,-105.286
3932.62,-105.287
3932.86,-105.287
3933.11,-105.288
3933.35,-105.288
3933.59,-105.289
3933.84,-105.289
3934.08,-105.289
3934.33,-105.290
3934.57,-105.290
3934.81,-105.290
3935.06,-105.291
3935.30,-105.291
3935.55,-105.292
3935.79,-105.292
3936.04,-105.293
3936.28,-105.293
3936.52,-105.293
3936.77,-105.294
3937.01,-105.294
3937.26,-105.295
3937.50,-105.295
3937.74,-105.295
3937.99,-105.296
3938.23,-105.295
3938.48,-105.297
3938.72,-105.297
3938.96,-105.297
3939.21,-105.298
3939.45,-105.298
3939.70,-105.298
3939.94,-105.299
3940.19,-105.299
3940.43,-105.300
3940.67,-105.300
3940.92,-105.300
3941.16,-105.301
3941.41,-105.301
3941.65,-105.301
3941.89,-105.302
3942.14,-105.302
3942.38,-105.302
3942.63,-105.302
3942.87,-105.303
3943.12,-105.304
3943.36,-105.303
3943.60,-105.304
3943.85,-105.304
3944.09,-105.304
3944.34,-105.305
3944.58,-105.306
3944.82,-105.306
3945.07,-105.306
3945.31,-105.306
3945.56,-105.307
3945.80,-105.307
3946.04,-105.307
3946.29,-105.308
3946.53,-105.308
3946.78,-105.308
3947.02,-105.309
3947.27,-105.309
3947.51,-105.310
3947.75,-105.310
3948.00,-105.310
3948.24,-105.311
3948.49,-105.311
3948.73,-105.311
3948.97,-105.311
3949.22,-105.311
3949.46,-105.312
3949.71,-105.312
3949.95,-105.313
3950.20,-105.313
3950.44,-105.313
3950.68,-105.314
3950.93,-105.314
3951.17,-105.314
3951.42,-105.314
3951.66,-105.315
3951.90,-105.315
3952.15,-105.315
3952.39,-105.316
3952.64,-105.316
3952.88,-105.316
3953.12,-105.317
3953.37,-105.317
3953.61,-105.317
3953.86,-105.317
3954.10,-105.318
3954.35,-105.318
3954.59,-105.318
3954.83,-105.318
3955.08,-105.318
3955.32,-105.319
3955.57,-105.319
3955.81,-105.320
3956.05,-105.320
3956.30,-105.320
3956.54,-105.320
3956.79,-105.320
3957.03,-105.321
3957.28,-105.321
3957.52,-105.321
3957.76,-105.322
3958.01,-105.322
3958.25,-105.322
3958.50,-105.322
3958.74,-105.323
3958.98,-105.323
3959.23,-105.323
3959.47,-105.323
3959.72,-105.323
3959.96,-105.324
3960.21,-105.324
3960.45,-105.325
3960.69,-105.324
3960.94,-105.325
3961.18,-105.325
3961.43,-105.325
3961.67,-105.325
3961.91,-105.326
3962.16,-105.326
3962.40,-105.326
3962.65,-105.327
3962.89,-105.327
3963.13,-105.327
3963.38,-105.327
3963.62,-105.327
3963.87,-105.328
3964.11,-105.328
3964.36,-105.328
3964.60,-105.329
3964.84,-105.329
3965.09,-105.329
3965.33,-105.329
3965.58,-105.329
3965.82,-105.330
3966.06,-105.330
3966.31,-105.330
3966.55,-105.330
3966.80,-105.330
3967.04,-105.330
3967.29,-105.330
3967.53,-105.331
3967.77,-105.331
3968.02,-105.331
3968.26,-105.331
3968.51,-105.332
3968.75,-105.332
3968.99,-105.332
3969.24,-105.332
3969.48,-105.332
3969.73,-105.333
3969.97,-105.333
3970.21,-105.333
3970.46,-105.333
3970.70,-105.333
3970.95,-105.333
3971.19,-105.334
3971.44,-105.334
3971.68,-105.334
3971.92,-105.334
3972.17,-105.334
3972.41,-105.335
3972.66,-105.335
3972.90,-105.335
3973.14,-105.335
3973.39,-105.335
3973.63,-105.335
3973.88,-105.335
3974.12,-105.336
3974.37,-105.336
3974.61,-105.336
3974.85,-105.336
3975.10,-105.336
3975.34,-105.336
3975.59,-105.337
3975.83,-105.337
3976.07,-105.337
3976.32,-105.337
3976.56,-105.337
3976.81,-105.337
3977.05,-105.337
3977.29,-105.337
3977.54,-105.338
3977.78,-105.338
3978.03,-105.338
3978.27,-105.338
3978.52,-105.338
3978.76,-105.338
3979.00,-105.339
3979.25,-105.339
3979.49,-105.339
3979.74,-105.339
3979.98,-105.339
3980.22,-105.339
3980.47,-105.339
3980.71,-105.340
3980.96,-105.340
3981.20,-105.340
3981.45,-105.340
3981.69,-105.340
3981.93,-105.340
3982.18,-105.340
3982.42,-105.340
3982.67,-105.340
3982.91,-105.340
3983.15,-105.340
3983.40,-105.341
3983.64,-105.341
3983.89,-105.341
3984.13,-105.341
3984.38,-105.341
3984.62,-105.341
3984.86,-105.341
3985.11,-105.341
3985.35,-105.341
3985.60,-105.341
3985.84,-105.342
3986.08,-105.342
3986.33,-105.342
3986.57,-105.342
3986.82,-105.342
3987.06,-105.342
3987.30,-105.342
3987.55,-105.342
3987.79,-105.342
3988.04,-105.342
3988.28,-105.342
3988.53,-105.342
3988.77,-105.343
3989.01,-105.343
3989.26,-105.343
3989.50,-105.343
3989.75,-105.343
3989.99,-105.343
3990.23,-105.343
3990.48,-105.343
3990.72,-105.343
3990.97,-105.343
3991.21,-105.343
3991.46,-105.343
3991.70,-105.343
3991.94,-105.343
3992.19,-105.343
3992.43,-105.343
3992.68,-105.343
3992.92,-105.343
3993.16,-105.344
3993.41,-105.343
3993.65,-105.344
3993.90,-105.344
3994.14,-105.344
3994.38,-105.344
3994.63,-105.344
3994.87,-105.344
3995.12,-105.344
3995.36,-105.344
3995.61,-105.344
3995.85,-105.344
3996.09,-105.344
3996.34,-105.344
3996.58,-105.344
3996.83,-105.344
3997.07,-105.344
3997.31,-105.344
3997.56,-105.344
3997.80,-105.344
3998.05,-105.344
3998.29,-105.344
3998.54,-105.344
3998.78,-105.344
3999.02,-105.344
3999.27,-105.344
3999.51,-105.344
3999.76,-105.344
4000.00,-108.208
