Frequency (Hz),FFT Magnitude (dB)
0.00,-120.000
0.67,-91.142
1.35,-91.328
2.02,-90.606
2.69,-90.160
3.36,-90.116
4.04,-89.483
4.71,-89.263
5.38,-86.219
6.06,-86.563
6.73,-87.940
7.40,-87.842
8.07,-86.403
8.75,-85.551
9.42,-83.406
10.09,-81.549
10.77,-79.518
11.44,-81.124
12.11,-81.872
12.79,-79.752
13.46,-79.817
14.13,-79.746
14.80,-77.564
15.48,-77.210
16.15,-77.214
16.82,-81.967
17.50,-81.587
18.17,-81.847
18.84,-79.682
19.51,-79.267
20.19,-79.705
20.86,-80.901
21.53,-82.790
22.21,-81.778
22.88,-82.122
23.55,-80.315
24.22,-80.815
24.90,-78.112
25.57,-77.065
26.24,-71.761
26.92,-72.782
27.59,-73.473
28.26,-69.098
28.94,-62.963
29.61,-68.850
30.28,-73.682
30.95,-72.455
31.63,-64.152
32.30,-71.233
32.97,-71.287
33.65,-69.802
34.32,-65.914
34.99,-65.441
35.66,-70.104
36.34,-71.322
37.01,-72.625
37.68,-71.922
38.36,-66.867
39.03,-60.742
39.70,-68.143
40.37,-73.006
41.05,-74.473
41.72,-74.347
42.39,-72.213
43.07,-71.172
43.74,-70.758
44.41,-73.355
45.09,-71.573
45.76,-74.302
46.43,-77.552
47.10,-75.704
47.78,-72.972
48.45,-74.455
49.12,-74.879
49.80,-72.808
50.47,-71.801
51.14,-72.182
51.81,-67.848
52.49,-71.884
53.16,-72.760
53.83,-74.089
54.51,-72.985
55.18,-73.653
55.85,-74.172
56.52,-74.542
57.20,-75.027
57.87,-70.134
58.54,-67.002
59.22,-67.971
59.89,-74.870
60.56,-75.485
61.24,-73.737
61.91,-73.764
62.58,-74.795
63.25,-69.821
63.93,-71.270
64.60,-73.059
65.27,-73.828
65.95,-72.585
66.62,-74.169
67.29,-71.824
67.96,-69.191
68.64,-70.800
69.31,-69.340
69.98,-71.777
70.66,-73.121
71.33,-73.820
72.00,-74.678
72.67,-74.112
73.35,-76.006
74.02,-75.050
74.69,-75.124
75.37,-75.010
76.04,-75.595
76.71,-76.037
77.38,-74.678
78.06,-74.808
78.73,-74.355
79.40,-73.288
80.08,-71.431
80.75,-72.135
81.42,-73.730
82.10,-75.194
82.77,-75.047
83.44,-75.570
84.11,-75.050
84.79,-75.753
85.46,-75.233
86.13,-74.521
86.81,-74.466
87.48,-75.378
88.15,-74.054
88.82,-67.773
89.50,-72.407
90.17,-73.185
90.84,-71.269
91.52,-72.243
92.19,-71.513
92.86,-71.884
93.53,-65.373
94.21,-71.632
94.88,-75.219
95.55,-74.094
96.23,-74.724
96.90,-75.065
97.57,-74.363
98.25,-73.193
98.92,-73.285
99.59,-74.967
100.26,-74.438
100.94,-74.363
101.61,-72.554
102.28,-72.367
102.96,-71.836
103.63,-70.800
104.30,-69.780
104.97,-69.578
105.65,-69.377
106.32,-68.237
106.99,-69.503
107.67,-69.097
108.34,-69.251
109.01,-69.699
109.68,-70.359
110.36,-69.731
111.03,-68.437
111.70,-67.905
112.38,-67.854
113.05,-63.400
113.72,-67.026
114.40,-67.506
115.07,-67.785
115.74,-67.888
116.41,-67.368
117.09,-66.573
117.76,-64.120
118.43,-60.961
119.11,-57.132
119.78,-46.377
120.45,-50.424
121.12,-58.583
121.80,-62.021
122.47,-61.175
123.14,-64.572
123.82,-67.482
124.49,-68.840
125.16,-69.157
125.83,-68.826
126.51,-68.736
127.18,-68.188
127.85,-63.583
128.53,-67.599
129.20,-67.346
129.87,-66.484
130.55,-65.074
131.22,-62.519
131.89,-58.763
132.56,-50.199
133.24,-48.033
133.91,-55.759
134.58,-61.807
135.26,-64.641
135.93,-66.582
136.60,-68.183
137.27,-68.957
137.95,-69.570
138.62,-69.309
139.29,-69.405
139.97,-69.117
140.64,-67.455
141.31,-68.746
141.98,-69.423
142.66,-68.309
143.33,-69.178
144.00,-69.916
144.68,-68.729
145.35,-69.785
146.02,-69.484
146.69,-67.715
147.37,-66.878
148.04,-65.371
148.71,-61.594
149.39,-65.958
150.06,-65.060
150.73,-65.656
151.41,-64.194
152.08,-64.836
152.75,-65.146
153.42,-65.068
154.10,-65.589
154.77,-67.314
155.44,-67.012
156.12,-68.386
156.79,-69.152
157.46,-70.082
158.13,-69.023
158.81,-69.033
159.48,-59.182
160.15,-68.068
160.83,-69.812
161.50,-70.144
162.17,-69.018
162.84,-70.435
163.52,-69.651
164.19,-70.375
164.86,-68.042
165.54,-69.188
166.21,-68.534
166.88,-70.180
167.56,-70.791
168.23,-70.101
168.90,-69.438
169.57,-70.904
170.25,-71.015
170.92,-72.018
171.59,-71.438
172.27,-72.459
172.94,-69.914
173.61,-71.040
174.28,-73.709
174.96,-75.403
175.63,-74.422
176.30,-74.382
176.98,-73.625
177.65,-71.378
178.32,-72.371
178.99,-73.268
179.67,-71.885
180.34,-71.899
181.01,-74.526
181.69,-73.839
182.36,-74.516
183.03,-74.330
183.71,-72.867
184.38,-72.830
185.05,-72.120
185.72,-71.720
186.40,-70.689
187.07,-71.012
187.74,-71.303
188.42,-72.489
189.09,-71.682
189.76,-70.506
190.43,-71.639
191.11,-73.691
191.78,-73.471
192.45,-75.407
193.13,-74.339
193.80,-74.971
194.47,-76.080
195.14,-75.704
195.82,-76.730
196.49,-75.325
197.16,-77.048
197.84,-76.148
198.51,-76.367
199.18,-76.676
199.86,-71.285
200.53,-77.259
201.20,-77.258
201.87,-78.285
202.55,-76.456
203.22,-76.142
203.89,-76.719
204.57,-74.779
205.24,-74.682
205.91,-75.627
206.58,-77.133
207.26,-76.131
207.93,-61.783
208.60,-75.670
209.28,-76.706
209.95,-76.463
210.62,-76.729
211.29,-75.717
211.97,-76.196
212.64,-73.782
213.31,-72.990
213.99,-74.046
214.66,-75.123
215.33,-74.763
216.00,-76.298
216.68,-78.000
217.35,-79.299
218.02,-78.421
218.70,-79.042
219.37,-79.087
220.04,-76.831
220.72,-74.523
221.39,-75.458
222.06,-75.111
222.73,-75.031
223.41,-75.302
224.08,-76.664
224.75,-75.690
225.43,-74.951
226.10,-74.499
226.77,-75.525
227.44,-77.260
228.12,-78.523
228.79,-78.681
229.46,-77.661
230.14,-77.050
230.81,-76.708
231.48,-76.579
232.15,-76.441
232.83,-77.571
233.50,-76.778
234.17,-76.621
234.85,-77.961
235.52,-78.540
236.19,-75.325
236.87,-74.811
237.54,-72.129
238.21,-72.729
238.88,-68.223
239.56,-65.495
240.23,-60.758
240.90,-72.001
241.58,-71.885
242.25,-72.815
242.92,-73.439
243.59,-74.360
244.27,-76.580
244.94,-78.289
245.61,-78.175
246.29,-79.580
246.96,-78.730
247.63,-77.913
248.30,-76.988
248.98,-77.475
249.65,-76.470
250.32,-73.638
251.00,-73.857
251.67,-74.450
252.34,-73.330
253.02,-68.033
253.69,-74.228
254.36,-75.678
255.03,-76.384
255.71,-76.989
256.38,-78.698
257.05,-79.045
257.73,-79.895
258.40,-79.069
259.07,-79.540
259.74,-79.160
260.42,-78.806
261.09,-78.856
261.76,-79.621
262.44,-80.589
263.11,-80.477
263.78,-81.249
264.45,-82.349
265.13,-82.574
265.80,-75.610
266.47,-81.007
267.15,-73.383
267.82,-79.626
268.49,-81.792
269.17,-81.297
269.84,-80.303
270.51,-80.347
271.18,-79.881
271.86,-81.086
272.53,-81.345
273.20,-81.429
273.88,-81.897
274.55,-83.074
275.22,-83.637
275.89,-82.872
276.57,-82.890
277.24,-84.229
277.91,-82.325
278.59,-79.329
279.26,-75.588
279.93,-75.593
280.60,-78.363
281.28,-80.560
281.95,-80.637
282.62,-80.992
283.30,-81.421
283.97,-83.630
284.64,-83.513
285.31,-84.089
285.99,-84.323
286.66,-83.232
287.33,-81.061
288.01,-82.667
288.68,-83.119
289.35,-82.692
290.03,-83.052
290.70,-83.027
291.37,-82.568
292.04,-82.631
292.72,-81.303
293.39,-80.805
294.06,-82.604
294.74,-82.614
295.41,-81.574
296.08,-80.372
296.75,-81.099
297.43,-80.555
298.10,-81.158
298.77,-83.473
299.45,-81.532
300.12,-81.069
300.79,-81.680
301.46,-79.379
302.14,-81.529
302.81,-81.900
303.48,-80.935
304.16,-80.613
304.83,-79.358
305.50,-79.374
306.18,-79.943
306.85,-81.762
307.52,-80.732
308.19,-82.557
308.87,-81.828
309.54,-80.590
310.21,-82.316
310.89,-80.510
311.56,-80.461
312.23,-80.518
312.90,-81.473
313.58,-82.763
314.25,-84.218
314.92,-83.438
315.60,-83.890
316.27,-84.227
316.94,-82.248
317.61,-83.511
318.29,-83.075
318.96,-82.476
319.63,-83.406
320.31,-84.591
320.98,-84.808
321.65,-83.084
322.33,-84.092
323.00,-83.261
323.67,-83.616
324.34,-84.945
325.02,-83.445
325.69,-83.252
326.36,-83.181
327.04,-83.735
327.71,-82.765
328.38,-84.130
329.05,-83.795
329.73,-83.163
330.40,-81.554
331.07,-81.997
331.75,-83.231
332.42,-82.189
333.09,-84.165
333.76,-82.836
334.44,-83.167
335.11,-84.821
335.78,-83.989
336.46,-84.287
337.13,-83.901
337.80,-85.364
338.48,-84.415
339.15,-85.153
339.82,-85.375
340.49,-84.543
341.17,-85.221
341.84,-84.066
342.51,-85.206
343.19,-85.351
343.86,-84.591
344.53,-84.608
345.20,-83.432
345.88,-81.466
346.55,-84.516
347.22,-83.810
347.90,-84.191
348.57,-83.707
349.24,-83.429
349.91,-81.946
350.59,-82.029
351.26,-83.555
351.93,-84.013
352.61,-83.734
353.28,-84.949
353.95,-84.082
354.62,-83.468
355.30,-83.094
355.97,-81.507
356.64,-77.134
357.32,-83.547
357.99,-84.039
358.66,-83.017
359.34,-81.131
360.01,-78.953
360.68,-79.022
361.35,-80.502
362.03,-80.608
362.70,-81.778
363.37,-81.042
364.05,-80.061
364.72,-80.359
365.39,-79.756
366.06,-80.192
366.74,-80.016
367.41,-82.054
368.08,-81.515
368.76,-81.587
369.43,-80.348
370.10,-80.045
370.77,-80.394
371.45,-79.659
372.12,-76.198
372.79,-80.544
373.47,-81.981
374.14,-81.744
374.81,-82.861
375.49,-82.125
376.16,-83.075
376.83,-83.320
377.50,-82.595
378.18,-82.567
378.85,-82.395
379.52,-81.772
380.20,-79.774
380.87,-81.405
381.54,-81.217
382.21,-79.639
382.89,-80.163
383.56,-80.060
384.23,-78.551
384.91,-80.532
385.58,-84.185
386.25,-84.178
386.92,-83.556
387.60,-82.479
388.27,-82.506
388.94,-82.677
389.62,-81.669
390.29,-84.504
390.96,-84.761
391.64,-82.618
392.31,-81.289
392.98,-81.100
393.65,-79.089
394.33,-78.881
395.00,-78.502
395.67,-78.847
396.35,-78.409
397.02,-77.182
397.69,-78.388
398.36,-74.004
399.04,-70.121
399.71,-78.440
400.38,-80.809
401.06,-81.391
401.73,-81.816
402.40,-82.179
403.07,-82.440
403.75,-84.740
404.42,-83.354
405.09,-82.608
405.77,-83.810
406.44,-83.479
407.11,-82.826
407.79,-82.973
408.46,-83.151
409.13,-83.983
409.80,-85.229
410.48,-83.506
411.15,-83.110
411.82,-83.191
412.50,-82.074
413.17,-82.961
413.84,-82.836
414.51,-83.133
415.19,-81.972
415.86,-82.644
416.53,-83.514
417.21,-82.407
417.88,-82.119
418.55,-81.963
419.22,-82.878
419.90,-81.155
420.57,-82.924
421.24,-81.573
421.92,-81.792
422.59,-81.243
423.26,-81.118
423.93,-81.259
424.61,-81.912
425.28,-80.410
425.95,-80.265
426.63,-79.125
427.30,-78.391
427.97,-79.458
428.65,-80.848
429.32,-80.950
429.99,-80.764
430.66,-82.201
431.34,-79.956
432.01,-81.190
432.68,-80.219
433.36,-80.774
434.03,-79.644
434.70,-78.602
435.37,-80.028
436.05,-78.208
436.72,-77.864
437.39,-76.759
438.07,-78.916
438.74,-78.411
439.41,-76.770
440.08,-77.972
440.76,-78.025
441.43,-78.116
442.10,-77.196
442.78,-78.534
443.45,-79.017
444.12,-77.673
444.80,-77.804
445.47,-77.059
446.14,-77.278
446.81,-78.663
447.49,-79.165
448.16,-80.990
448.83,-79.704
449.51,-79.043
450.18,-79.850
450.85,-79.535
451.52,-78.566
452.20,-78.844
452.87,-78.496
453.54,-77.946
454.22,-78.157
454.89,-77.972
455.56,-77.234
456.23,-77.214
456.91,-77.467
457.58,-76.157
458.25,-76.620
458.93,-76.430
459.60,-77.742
460.27,-74.644
460.95,-76.774
461.62,-77.593
462.29,-76.375
462.96,-75.554
463.64,-74.927
464.31,-75.889
464.98,-76.190
465.66,-74.283
466.33,-78.084
467.00,-78.030
467.67,-78.225
468.35,-77.644
469.02,-76.633
469.69,-76.255
470.37,-77.274
471.04,-75.206
471.71,-75.852
472.38,-76.683
473.06,-76.891
473.73,-75.831
474.40,-76.131
475.08,-72.065
475.75,-75.205
476.42,-77.210
477.10,-76.028
477.77,-75.325
478.44,-75.290
479.11,-76.029
479.79,-75.583
480.46,-74.569
481.13,-76.221
481.81,-75.301
482.48,-75.521
483.15,-75.282
483.82,-73.374
484.50,-72.639
485.17,-73.936
485.84,-73.543
486.52,-74.056
487.19,-74.491
487.86,-75.412
488.53,-73.900
489.21,-74.928
489.88,-75.151
490.55,-75.716
491.23,-73.597
491.90,-75.189
492.57,-73.918
493.24,-73.915
493.92,-72.701
494.59,-71.093
495.26,-72.710
495.94,-73.231
496.61,-74.212
497.28,-73.138
497.96,-73.054
498.63,-74.294
499.30,-73.256
499.97,-72.314
500.65,-71.562
501.32,-71.877
501.99,-71.738
502.67,-70.691
503.34,-70.654
504.01,-71.991
504.68,-70.407
505.36,-72.099
506.03,-74.165
506.70,-71.396
507.38,-73.694
508.05,-73.146
508.72,-73.205
509.39,-72.809
510.07,-71.017
510.74,-71.987
511.41,-70.948
512.09,-72.316
512.76,-71.971
513.43,-71.730
514.11,-73.049
514.78,-71.959
515.45,-72.497
516.12,-71.835
516.80,-72.818
517.47,-72.833
518.14,-72.515
518.82,-71.411
519.49,-72.381
520.16,-71.725
520.83,-72.162
521.51,-72.773
522.18,-72.021
522.85,-72.712
523.53,-73.703
524.20,-73.467
524.87,-72.681
525.54,-73.124
526.22,-74.322
526.89,-73.858
527.56,-73.033
528.24,-73.700
528.91,-73.314
529.58,-72.591
530.26,-72.125
530.93,-67.938
531.60,-57.181
532.27,-63.647
532.95,-70.390
533.62,-73.521
534.29,-73.033
534.97,-72.394
535.64,-72.182
536.31,-73.017
536.98,-74.217
537.66,-73.036
538.33,-72.532
539.00,-73.593
539.68,-74.147
540.35,-75.015
541.02,-76.424
541.69,-74.751
542.37,-75.060
543.04,-75.714
543.71,-76.483
544.39,-74.137
545.06,-71.852
545.73,-74.869
546.41,-75.108
547.08,-77.223
547.75,-77.749
548.42,-76.333
549.10,-76.454
549.77,-76.794
550.44,-76.451
551.12,-76.669
551.79,-75.692
552.46,-76.570
553.13,-76.047
553.81,-79.144
554.48,-76.698
555.15,-75.706
555.83,-77.136
556.50,-75.836
557.17,-77.560
557.84,-77.078
558.52,-78.260
559.19,-77.307
559.86,-78.582
560.54,-76.828
561.21,-78.455
561.88,-78.070
562.55,-78.847
563.23,-77.975
563.90,-78.684
564.57,-76.856
565.25,-77.418
565.92,-78.669
566.59,-77.576
567.27,-79.086
567.94,-78.319
568.61,-79.960
569.28,-79.434
569.96,-78.073
570.63,-78.702
571.30,-77.668
571.98,-78.883
572.65,-78.658
573.32,-78.225
573.99,-80.162
574.67,-78.945
575.34,-80.212
576.01,-79.699
576.69,-79.366
577.36,-81.204
578.03,-79.919
578.70,-79.207
579.38,-78.920
580.05,-79.137
580.72,-80.714
581.40,-79.515
582.07,-77.619
582.74,-78.517
583.42,-79.719
584.09,-79.724
584.76,-76.744
585.43,-79.542
586.11,-79.428
586.78,-80.558
587.45,-80.927
588.13,-78.251
588.80,-80.048
589.47,-79.601
590.14,-81.501
590.82,-82.260
591.49,-81.496
592.16,-81.187
592.84,-77.059
593.51,-79.765
594.18,-80.550
594.85,-81.944
595.53,-81.974
596.20,-83.802
596.87,-81.203
597.55,-82.658
598.22,-82.574
598.89,-82.727
599.57,-83.857
600.24,-82.424
600.91,-82.594
601.58,-82.147
602.26,-81.405
602.93,-81.779
603.60,-82.564
604.28,-81.148
604.95,-80.355
605.62,-80.845
606.29,-80.901
606.97,-81.961
607.64,-83.506
608.31,-83.748
608.99,-84.279
609.66,-83.188
610.33,-83.741
611.00,-80.101
611.68,-76.526
612.35,-82.220
613.02,-82.530
613.70,-84.221
614.37,-83.440
615.04,-83.334
615.72,-81.762
616.39,-82.976
617.06,-82.641
617.73,-82.252
618.41,-83.899
619.08,-83.725
619.75,-83.707
620.43,-84.615
621.10,-84.194
621.77,-82.448
622.44,-83.914
623.12,-84.094
623.79,-84.813
624.46,-86.073
625.14,-83.240
625.81,-83.291
626.48,-83.318
627.15,-84.311
627.83,-82.823
628.50,-84.940
629.17,-84.558
629.85,-84.073
630.52,-83.518
631.19,-85.824
631.86,-83.490
632.54,-84.933
633.21,-85.950
633.88,-84.176
634.56,-84.373
635.23,-85.033
635.90,-83.765
636.58,-83.185
637.25,-83.205
637.92,-82.703
638.59,-83.194
639.27,-83.135
639.94,-83.337
640.61,-83.894
641.29,-84.239
641.96,-83.891
642.63,-84.715
643.30,-83.747
643.98,-83.461
644.65,-84.265
645.32,-83.627
646.00,-83.438
646.67,-84.379
647.34,-84.325
648.01,-85.495
648.69,-84.928
649.36,-86.325
650.03,-85.625
650.71,-84.971
651.38,-84.369
652.05,-83.167
652.73,-85.495
653.40,-84.643
654.07,-85.352
654.74,-84.798
655.42,-84.731
656.09,-84.997
656.76,-85.978
657.44,-85.157
658.11,-85.823
658.78,-86.397
659.45,-86.278
660.13,-85.734
660.80,-86.395
661.47,-85.146
662.15,-83.786
662.82,-82.368
663.49,-80.978
664.16,-73.949
664.84,-68.596
665.51,-78.354
666.18,-83.757
666.86,-85.875
667.53,-84.127
668.20,-84.305
668.88,-84.693
669.55,-85.864
670.22,-85.390
670.89,-86.024
671.57,-85.227
672.24,-85.597
672.91,-86.723
673.59,-85.480
674.26,-86.462
674.93,-86.238
675.60,-85.934
676.28,-87.490
676.95,-86.947
677.62,-86.503
678.30,-87.422
678.97,-86.980
679.64,-87.888
680.31,-87.948
680.99,-85.886
681.66,-86.478
682.33,-86.114
683.01,-86.645
683.68,-87.037
684.35,-85.743
685.03,-86.390
685.70,-86.796
686.37,-85.453
687.04,-87.267
687.72,-86.747
688.39,-86.693
689.06,-86.563
689.74,-87.041
690.41,-86.913
691.08,-86.080
691.75,-86.883
692.43,-86.397
693.10,-86.933
693.77,-86.899
694.45,-88.620
695.12,-86.937
695.79,-88.240
696.46,-86.208
697.14,-86.244
697.81,-88.621
698.48,-87.642
699.16,-86.370
699.83,-86.354
700.50,-88.431
701.17,-87.781
701.85,-87.660
702.52,-88.224
703.19,-88.657
703.87,-87.193
704.54,-86.322
705.21,-85.321
705.89,-86.123
706.56,-87.316
707.23,-86.509
707.90,-86.960
708.58,-86.315
709.25,-87.070
709.92,-87.858
710.60,-87.319
711.27,-86.590
711.94,-86.464
712.61,-85.812
713.29,-87.422
713.96,-87.379
714.63,-87.646
715.31,-87.003
715.98,-86.778
716.65,-86.180
717.32,-87.251
718.00,-86.507
718.67,-87.246
719.34,-86.344
720.02,-84.727
720.69,-85.076
721.36,-86.958
722.04,-87.960
722.71,-85.847
723.38,-87.584
724.05,-87.082
724.73,-87.488
725.40,-85.952
726.07,-86.298
726.75,-86.070
727.42,-87.126
728.09,-86.547
728.76,-85.666
729.44,-86.011
730.11,-86.409
730.78,-86.032
731.46,-82.217
732.13,-84.985
732.80,-85.156
733.47,-86.302
734.15,-86.424
734.82,-87.093
735.49,-86.379
736.17,-85.865
736.84,-87.111
737.51,-84.492
738.19,-86.309
738.86,-85.743
739.53,-85.653
740.20,-85.974
740.88,-86.132
741.55,-82.465
742.22,-86.147
742.90,-85.795
743.57,-88.927
744.24,-86.814
744.91,-85.921
745.59,-86.243
746.26,-86.718
746.93,-88.292
747.61,-87.130
748.28,-86.685
748.95,-86.769
749.62,-87.663
750.30,-86.876
750.97,-86.921
751.64,-88.030
752.32,-86.687
752.99,-85.871
753.66,-87.160
754.34,-87.851
755.01,-86.432
755.68,-88.139
756.35,-87.273
757.03,-85.145
757.70,-86.596
758.37,-85.316
759.05,-87.349
759.72,-86.185
760.39,-85.654
761.06,-86.946
761.74,-85.297
762.41,-86.258
763.08,-85.551
763.76,-86.645
764.43,-86.776
765.10,-86.776
765.77,-84.759
766.45,-86.214
767.12,-85.892
767.79,-87.265
768.47,-86.603
769.14,-87.455
769.81,-87.714
770.48,-86.586
771.16,-77.754
771.83,-85.014
772.50,-85.882
773.18,-87.537
773.85,-86.710
774.52,-86.991
775.20,-87.145
775.87,-85.671
776.54,-85.918
777.21,-87.387
777.89,-87.258
778.56,-86.992
779.23,-86.651
779.91,-85.665
780.58,-86.455
781.25,-85.370
781.92,-88.043
782.60,-85.398
783.27,-86.984
783.94,-86.317
784.62,-87.434
785.29,-85.744
785.96,-85.194
786.63,-86.279
787.31,-85.565
787.98,-86.819
788.65,-87.361
789.33,-85.681
790.00,-85.791
790.67,-86.576
791.35,-85.701
792.02,-86.290
792.69,-86.413
793.36,-86.123
794.04,-85.542
794.71,-86.614
795.38,-86.058
796.06,-85.904
796.73,-83.949
797.40,-78.416
798.07,-80.559
798.75,-84.986
799.42,-85.481
800.09,-86.385
800.77,-85.112
801.44,-85.640
802.11,-85.196
802.78,-85.440
803.46,-85.762
804.13,-85.499
804.80,-85.648
805.48,-87.105
806.15,-85.817
806.82,-86.432
807.50,-85.071
808.17,-86.741
808.84,-84.979
809.51,-85.839
810.19,-85.730
810.86,-86.548
811.53,-85.694
812.21,-87.086
812.88,-86.493
813.55,-85.362
814.22,-85.997
814.90,-85.653
815.57,-84.801
816.24,-85.682
816.92,-85.209
817.59,-86.094
818.26,-85.393
818.93,-86.887
819.61,-84.117
820.28,-86.023
820.95,-84.765
821.63,-84.703
822.30,-85.480
822.97,-84.687
823.65,-84.108
824.32,-83.903
824.99,-84.834
825.66,-83.582
826.34,-84.910
827.01,-84.420
827.68,-84.825
828.36,-84.797
829.03,-86.396
829.70,-86.076
830.37,-84.020
831.05,-85.389
831.72,-84.371
832.39,-84.718
833.07,-83.647
833.74,-84.177
834.41,-85.058
835.08,-84.512
835.76,-84.291
836.43,-85.551
837.10,-84.014
837.78,-85.094
838.45,-83.167
839.12,-82.588
839.79,-82.481
840.47,-83.385
841.14,-83.925
841.81,-83.947
842.49,-85.060
843.16,-85.328
843.83,-83.425
844.51,-83.990
845.18,-83.066
845.85,-83.500
846.52,-83.710
847.20,-83.821
847.87,-83.616
848.54,-84.713
849.22,-83.991
849.89,-84.274
850.56,-86.022
851.23,-84.050
851.91,-84.931
852.58,-84.196
853.25,-84.113
853.93,-84.071
854.60,-84.023
855.27,-83.644
855.94,-83.212
856.62,-82.953
857.29,-81.847
857.96,-81.410
858.64,-82.490
859.31,-84.114
859.98,-83.105
860.66,-81.736
861.33,-82.688
862.00,-82.312
862.67,-81.802
863.35,-82.707
864.02,-82.256
864.69,-84.085
865.37,-82.670
866.04,-82.168
866.71,-81.882
867.38,-83.613
868.06,-82.650
868.73,-82.876
869.40,-81.417
870.08,-81.092
870.75,-81.942
871.42,-81.763
872.09,-82.647
872.77,-82.617
873.44,-82.193
874.11,-82.510
874.79,-82.116
875.46,-80.820
876.13,-81.153
876.81,-81.742
877.48,-80.766
878.15,-82.242
878.82,-81.626
879.50,-82.415
880.17,-80.766
880.84,-81.666
881.52,-83.169
882.19,-82.537
882.86,-81.303
883.53,-79.993
884.21,-79.951
884.88,-79.968
885.55,-79.702
886.23,-81.674
886.90,-80.683
887.57,-79.982
888.24,-81.947
888.92,-80.770
889.59,-82.105
890.26,-80.839
890.94,-80.614
891.61,-79.989
892.28,-80.621
892.96,-80.833
893.63,-81.333
894.30,-79.760
894.97,-80.584
895.65,-80.740
896.32,-80.562
896.99,-79.149
897.67,-79.272
898.34,-80.607
899.01,-80.049
899.68,-80.145
900.36,-79.720
901.03,-79.198
901.70,-79.795
902.38,-79.686
903.05,-79.579
903.72,-77.744
904.39,-77.895
905.07,-79.280
905.74,-79.733
906.41,-78.311
907.09,-77.868
907.76,-77.210
908.43,-77.446
909.10,-78.957
909.78,-77.954
910.45,-78.172
911.12,-79.248
911.80,-76.669
912.47,-78.037
913.14,-78.013
913.82,-78.112
914.49,-77.264
915.16,-76.932
915.83,-76.450
916.51,-77.140
917.18,-76.527
917.85,-76.012
918.53,-77.885
919.20,-76.870
919.87,-75.836
920.54,-75.453
921.22,-76.519
921.89,-74.091
922.56,-76.323
923.24,-74.516
923.91,-75.355
924.58,-75.790
925.25,-76.648
925.93,-75.679
926.60,-74.552
927.27,-73.406
927.95,-72.851
928.62,-74.243
929.29,-73.787
929.97,-72.273
930.64,-70.657
931.31,-72.597
931.98,-73.379
932.66,-74.003
933.33,-74.466
934.00,-72.524
934.68,-71.965
935.35,-73.745
936.02,-73.722
936.69,-73.225
937.37,-72.787
938.04,-73.414
938.71,-73.478
939.39,-71.507
940.06,-72.645
940.73,-72.647
941.40,-72.195
942.08,-72.772
942.75,-70.793
943.42,-72.185
944.10,-72.977
944.77,-70.310
945.44,-71.512
946.12,-72.048
946.79,-72.101
947.46,-72.417
948.13,-70.917
948.81,-70.625
949.48,-70.730
950.15,-70.742
950.83,-70.127
951.50,-70.529
952.17,-69.199
952.84,-71.121
953.52,-70.117
954.19,-70.625
954.86,-70.632
955.54,-71.670
956.21,-71.211
956.88,-71.289
957.55,-70.169
958.23,-70.261
958.90,-70.600
959.57,-70.843
960.25,-71.190
960.92,-69.657
961.59,-70.454
962.27,-72.302
962.94,-71.952
963.61,-71.672
964.28,-69.966
964.96,-71.326
965.63,-71.087
966.30,-70.895
966.98,-71.136
967.65,-70.467
968.32,-71.387
968.99,-69.444
969.67,-71.059
970.34,-72.009
971.01,-71.998
971.69,-70.292
972.36,-71.775
973.03,-70.737
973.70,-71.579
974.38,-72.532
975.05,-72.444
975.72,-72.615
976.40,-72.342
977.07,-72.640
977.74,-71.161
978.41,-73.404
979.09,-71.918
979.76,-73.166
980.43,-73.555
981.11,-72.829
981.78,-73.881
982.45,-74.060
983.13,-73.858
983.80,-72.716
984.47,-74.265
985.14,-73.790
985.82,-74.132
986.49,-74.890
987.16,-74.186
987.84,-74.543
988.51,-75.363
989.18,-74.749
989.85,-74.295
990.53,-73.341
991.20,-75.096
991.87,-73.974
992.55,-74.846
993.22,-75.411
993.89,-75.614
994.56,-75.522
995.24,-75.794
995.91,-76.339
996.58,-77.017
997.26,-77.946
997.93,-76.305
998.60,-75.650
999.28,-76.825
999.95,-76.916
1000.62,-76.653
1001.29,-77.231
1001.97,-76.434
1002.64,-76.644
1003.31,-77.447
1003.99,-78.371
1004.66,-76.897
1005.33,-77.511
1006.00,-76.379
1006.68,-75.700
1007.35,-77.367
1008.02,-77.641
1008.70,-77.384
1009.37,-77.933
1010.04,-76.500
1010.71,-78.162
1011.39,-75.777
1012.06,-78.263
1012.73,-77.631
1013.41,-78.053
1014.08,-78.724
1014.75,-78.123
1015.43,-78.038
1016.10,-78.591
1016.77,-79.225
1017.44,-79.815
1018.12,-80.036
1018.79,-80.594
1019.46,-78.864
1020.14,-80.467
1020.81,-80.287
1021.48,-80.202
1022.15,-80.017
1022.83,-79.265
1023.50,-77.823
1024.17,-79.073
1024.85,-81.214
1025.52,-80.539
1026.19,-80.646
1026.86,-80.352
1027.54,-79.961
1028.21,-79.787
1028.88,-79.590
1029.56,-80.629
1030.23,-80.151
1030.90,-80.141
1031.58,-81.464
1032.25,-79.860
1032.92,-80.036
1033.59,-82.073
1034.27,-80.663
1034.94,-79.876
1035.61,-80.718
1036.29,-80.139
1036.96,-81.764
1037.63,-81.274
1038.30,-80.434
1038.98,-81.873
1039.65,-81.586
1040.32,-81.140
1041.00,-79.952
1041.67,-82.066
1042.34,-81.393
1043.01,-81.192
1043.69,-81.221
1044.36,-81.127
1045.03,-81.640
1045.71,-81.455
1046.38,-81.664
1047.05,-79.777
1047.72,-80.888
1048.40,-82.140
1049.07,-80.965
1049.74,-82.186
1050.42,-81.964
1051.09,-82.023
1051.76,-83.008
1052.44,-82.986
1053.11,-81.928
1053.78,-83.494
1054.45,-82.338
1055.13,-81.962
1055.80,-80.850
1056.47,-82.549
1057.15,-81.549
1057.82,-81.290
1058.49,-80.929
1059.16,-82.327
1059.84,-82.224
1060.51,-82.300
1061.18,-83.176
1061.86,-82.317
1062.53,-83.172
1063.20,-82.371
1063.87,-82.517
1064.55,-82.316
1065.22,-82.141
1065.89,-83.799
1066.57,-83.890
1067.24,-83.408
1067.91,-83.649
1068.59,-82.519
1069.26,-81.664
1069.93,-83.846
1070.60,-84.811
1071.28,-83.516
1071.95,-83.117
1072.62,-84.246
1073.30,-81.932
1073.97,-83.858
1074.64,-83.446
1075.31,-83.124
1075.99,-83.132
1076.66,-83.409
1077.33,-83.587
1078.01,-83.607
1078.68,-83.075
1079.35,-83.672
1080.02,-82.714
1080.70,-83.682
1081.37,-83.821
1082.04,-85.053
1082.72,-83.466
1083.39,-83.921
1084.06,-83.342
1084.74,-84.756
1085.41,-84.599
1086.08,-84.577
1086.75,-83.613
1087.43,-84.504
1088.10,-84.730
1088.77,-84.883
1089.45,-83.239
1090.12,-84.898
1090.79,-84.267
1091.46,-84.842
1092.14,-83.898
1092.81,-82.703
1093.48,-84.512
1094.16,-84.168
1094.83,-84.044
1095.50,-83.143
1096.17,-84.510
1096.85,-84.681
1097.52,-83.462
1098.19,-85.294
1098.87,-83.401
1099.54,-83.899
1100.21,-84.405
1100.89,-83.154
1101.56,-84.481
1102.23,-84.976
1102.90,-84.241
1103.58,-84.545
1104.25,-84.315
1104.92,-85.338
1105.60,-85.517
1106.27,-85.284
1106.94,-84.577
1107.61,-83.543
1108.29,-83.913
1108.96,-83.956
1109.63,-83.563
1110.31,-83.594
1110.98,-83.539
1111.65,-83.792
1112.32,-83.479
1113.00,-84.307
1113.67,-84.725
1114.34,-84.589
1115.02,-85.570
1115.69,-87.065
1116.36,-82.775
1117.03,-85.411
1117.71,-86.029
1118.38,-83.970
1119.05,-85.240
1119.73,-83.423
1120.40,-85.265
1121.07,-84.451
1121.75,-85.246
1122.42,-83.854
1123.09,-84.747
1123.76,-85.478
1124.44,-84.775
1125.11,-84.194
1125.78,-84.330
1126.46,-83.421
1127.13,-83.936
1127.80,-84.125
1128.47,-83.849
1129.15,-83.504
1129.82,-84.549
1130.49,-84.127
1131.17,-76.689
1131.84,-83.945
1132.51,-84.930
1133.18,-85.977
1133.86,-84.718
1134.53,-83.913
1135.20,-84.587
1135.88,-84.374
1136.55,-85.893
1137.22,-86.404
1137.90,-85.088
1138.57,-85.989
1139.24,-84.946
1139.91,-86.128
1140.59,-84.787
1141.26,-84.793
1141.93,-83.863
1142.61,-84.943
1143.28,-85.675
1143.95,-85.227
1144.62,-86.287
1145.30,-85.166
1145.97,-85.501
1146.64,-85.181
1147.32,-85.020
1147.99,-86.439
1148.66,-86.395
1149.33,-85.468
1150.01,-84.733
1150.68,-84.986
1151.35,-84.149
1152.03,-85.616
1152.70,-86.169
1153.37,-84.963
1154.05,-84.360
1154.72,-86.027
1155.39,-86.447
1156.06,-85.549
1156.74,-84.660
1157.41,-85.721
1158.08,-86.113
1158.76,-84.792
1159.43,-84.791
1160.10,-84.246
1160.77,-84.560
1161.45,-85.797
1162.12,-85.650
1162.79,-85.603
1163.47,-84.829
1164.14,-85.036
1164.81,-85.981
1165.48,-86.798
1166.16,-86.782
1166.83,-86.057
1167.50,-85.169
1168.18,-84.977
1168.85,-85.579
1169.52,-84.941
1170.20,-85.156
1170.87,-84.855
1171.54,-85.595
1172.21,-85.287
1172.89,-85.801
1173.56,-85.692
1174.23,-85.323
1174.91,-85.806
1175.58,-85.577
1176.25,-84.971
1176.92,-85.821
1177.60,-87.317
1178.27,-85.141
1178.94,-85.627
1179.62,-84.859
1180.29,-86.706
1180.96,-85.864
1181.63,-86.049
1182.31,-86.161
1182.98,-87.102
1183.65,-86.058
1184.33,-86.242
1185.00,-84.338
1185.67,-84.966
1186.34,-86.100
1187.02,-85.606
1187.69,-84.610
1188.36,-82.698
1189.04,-85.667
1189.71,-84.941
1190.38,-85.197
1191.06,-85.795
1191.73,-83.418
1192.40,-85.672
1193.07,-86.906
1193.75,-85.663
1194.42,-86.073
1195.09,-85.702
1195.77,-84.833
1196.44,-86.016
1197.11,-86.431
1197.78,-85.200
1198.46,-85.339
1199.13,-84.674
1199.80,-85.489
1200.48,-87.051
1201.15,-83.583
1201.82,-85.747
1202.49,-84.818
1203.17,-84.375
1203.84,-83.942
1204.51,-84.655
1205.19,-85.713
1205.86,-84.865
1206.53,-84.451
1207.21,-84.892
1207.88,-85.602
1208.55,-84.195
1209.22,-86.203
1209.90,-85.194
1210.57,-84.503
1211.24,-86.585
1211.92,-85.435
1212.59,-85.321
1213.26,-85.724
1213.93,-84.881
1214.61,-85.014
1215.28,-84.104
1215.95,-84.329
1216.63,-85.272
1217.30,-84.384
1217.97,-85.280
1218.64,-86.759
1219.32,-85.626
1219.99,-84.605
1220.66,-84.177
1221.34,-84.676
1222.01,-86.009
1222.68,-84.374
1223.36,-84.009
1224.03,-84.220
1224.70,-84.362
1225.37,-84.256
1226.05,-85.628
1226.72,-85.183
1227.39,-82.482
1228.07,-84.428
1228.74,-84.310
1229.41,-84.996
1230.08,-84.615
1230.76,-84.643
1231.43,-83.215
1232.10,-83.847
1232.78,-85.276
1233.45,-84.574
1234.12,-85.399
1234.79,-84.747
1235.47,-84.587
1236.14,-85.580
1236.81,-83.671
1237.49,-84.410
1238.16,-84.726
1238.83,-85.531
1239.51,-84.097
1240.18,-85.071
1240.85,-82.983
1241.52,-85.253
1242.20,-84.995
1242.87,-83.816
1243.54,-83.527
1244.22,-83.682
1244.89,-85.816
1245.56,-86.416
1246.23,-85.055
1246.91,-86.375
1247.58,-85.058
1248.25,-84.252
1248.93,-82.884
1249.60,-84.800
1250.27,-83.827
1250.94,-84.168
1251.62,-84.301
1252.29,-83.012
1252.96,-83.419
1253.64,-81.434
1254.31,-83.079
1254.98,-83.988
1255.65,-83.748
1256.33,-84.593
1257.00,-85.213
1257.67,-83.857
1258.35,-83.926
1259.02,-84.381
1259.69,-82.778
1260.37,-81.710
1261.04,-83.290
1261.71,-83.128
1262.38,-84.691
1263.06,-83.928
1263.73,-83.784
1264.40,-82.730
1265.08,-83.843
1265.75,-82.775
1266.42,-85.727
1267.09,-83.707
1267.77,-84.000
1268.44,-83.366
1269.11,-83.016
1269.79,-82.772
1270.46,-83.666
1271.13,-83.232
1271.80,-83.245
1272.48,-82.892
1273.15,-83.021
1273.82,-81.629
1274.50,-83.084
1275.17,-82.559
1275.84,-82.305
1276.52,-83.387
1277.19,-82.938
1277.86,-82.061
1278.53,-83.170
1279.21,-82.216
1279.88,-82.305
1280.55,-82.904
1281.23,-83.558
1281.90,-82.016
1282.57,-81.318
1283.24,-82.362
1283.92,-81.601
1284.59,-83.138
1285.26,-81.107
1285.94,-82.629
1286.61,-81.727
1287.28,-83.371
1287.95,-82.161
1288.63,-80.786
1289.30,-81.863
1289.97,-83.541
1290.65,-82.162
1291.32,-81.180
1291.99,-82.110
1292.67,-82.074
1293.34,-82.092
1294.01,-80.977
1294.68,-81.685
1295.36,-82.186
1296.03,-81.701
1296.70,-81.411
1297.38,-83.499
1298.05,-82.811
1298.72,-82.185
1299.39,-82.457
1300.07,-82.782
1300.74,-82.129
1301.41,-81.981
1302.09,-81.876
1302.76,-81.825
1303.43,-79.857
1304.10,-81.316
1304.78,-80.429
1305.45,-81.205
1306.12,-81.279
1306.80,-80.581
1307.47,-81.241
1308.14,-79.302
1308.82,-81.081
1309.49,-82.400
1310.16,-81.164
1310.83,-79.989
1311.51,-82.050
1312.18,-81.254
1312.85,-79.889
1313.53,-80.621
1314.20,-81.616
1314.87,-80.591
1315.54,-81.086
1316.22,-80.804
1316.89,-80.771
1317.56,-80.630
1318.24,-80.490
1318.91,-80.132
1319.58,-81.306
1320.25,-80.225
1320.93,-80.362
1321.60,-80.930
1322.27,-80.964
1322.95,-81.080
1323.62,-79.469
1324.29,-82.005
1324.96,-80.315
1325.64,-80.061
1326.31,-80.726
1326.98,-79.474
1327.66,-78.652
1328.33,-81.562
1329.00,-79.795
1329.68,-79.489
1330.35,-78.706
1331.02,-78.839
1331.69,-78.732
1332.37,-78.614
1333.04,-78.302
1333.71,-79.695
1334.39,-79.624
1335.06,-80.065
1335.73,-78.393
1336.40,-79.613
1337.08,-77.521
1337.75,-79.265
1338.42,-79.862
1339.10,-80.318
1339.77,-79.247
1340.44,-78.342
1341.11,-75.543
1341.79,-78.920
1342.46,-77.357
1343.13,-78.830
1343.81,-77.774
1344.48,-76.615
1345.15,-77.656
1345.83,-78.178
1346.50,-78.259
1347.17,-79.939
1347.84,-78.410
1348.52,-79.571
1349.19,-79.220
1349.86,-78.772
1350.54,-78.590
1351.21,-76.997
1351.88,-76.992
1352.55,-75.596
1353.23,-76.536
1353.90,-77.637
1354.57,-76.806
1355.25,-76.632
1355.92,-77.138
1356.59,-76.768
1357.26,-75.268
1357.94,-75.717
1358.61,-76.774
1359.28,-74.944
1359.96,-75.061
1360.63,-76.037
1361.30,-76.099
1361.98,-76.250
1362.65,-75.615
1363.32,-76.418
1363.99,-75.704
1364.67,-74.134
1365.34,-75.399
1366.01,-74.496
1366.69,-76.185
1367.36,-74.166
1368.03,-73.706
1368.70,-74.863
1369.38,-74.187
1370.05,-74.666
1370.72,-74.128
1371.40,-75.341
1372.07,-73.810
1372.74,-73.536
1373.41,-75.223
1374.09,-74.369
1374.76,-74.415
1375.43,-73.911
1376.11,-74.960
1376.78,-73.661
1377.45,-73.038
1378.12,-74.025
1378.80,-72.407
1379.47,-73.677
1380.14,-73.495
1380.82,-72.508
1381.49,-70.811
1382.16,-71.933
1382.84,-71.774
1383.51,-70.880
1384.18,-71.221
1384.85,-70.758
1385.53,-70.634
1386.20,-71.149
1386.87,-69.456
1387.55,-70.938
1388.22,-71.917
1388.89,-71.571
1389.56,-70.274
1390.24,-69.197
1390.91,-70.944
1391.58,-69.706
1392.26,-69.350
1392.93,-69.907
1393.60,-69.121
1394.27,-69.158
1394.95,-68.270
1395.62,-68.722
1396.29,-68.297
1396.97,-69.633
1397.64,-70.438
1398.31,-68.734
1398.99,-68.856
1399.66,-69.128
1400.33,-69.475
1401.00,-67.972
1401.68,-68.292
1402.35,-67.685
1403.02,-68.084
1403.70,-67.820
1404.37,-67.594
1405.04,-67.466
1405.71,-68.241
1406.39,-66.846
1407.06,-66.305
1407.73,-67.591
1408.41,-67.104
1409.08,-67.095
1409.75,-66.838
1410.42,-66.371
1411.10,-66.115
1411.77,-66.072
1412.44,-65.598
1413.12,-66.135
1413.79,-66.632
1414.46,-66.587
1415.14,-67.378
1415.81,-67.943
1416.48,-67.690
1417.15,-67.492
1417.83,-67.091
1418.50,-66.807
1419.17,-66.944
1419.85,-66.076
1420.52,-67.352
1421.19,-69.388
1421.86,-66.369
1422.54,-66.820
1423.21,-66.737
1423.88,-67.153
1424.56,-67.649
1425.23,-67.306
1425.90,-67.577
1426.57,-68.429
1427.25,-67.825
1427.92,-69.748
1428.59,-69.435
1429.27,-68.849
1429.94,-69.625
1430.61,-67.678
1431.29,-68.193
1431.96,-68.975
1432.63,-69.464
1433.30,-68.618
1433.98,-69.300
1434.65,-70.226
1435.32,-70.070
1436.00,-70.808
1436.67,-69.896
1437.34,-71.587
1438.01,-70.755
1438.69,-71.701
1439.36,-70.413
1440.03,-69.763
1440.71,-70.076
1441.38,-69.503
1442.05,-71.168
1442.72,-70.960
1443.40,-70.931
1444.07,-71.280
1444.74,-71.836
1445.42,-71.950
1446.09,-72.423
1446.76,-72.172
1447.43,-71.995
1448.11,-72.822
1448.78,-73.484
1449.45,-74.037
1450.13,-73.286
1450.80,-72.532
1451.47,-74.666
1452.15,-73.461
1452.82,-72.000
1453.49,-73.245
1454.16,-73.828
1454.84,-73.531
1455.51,-73.430
1456.18,-73.161
1456.86,-72.691
1457.53,-74.356
1458.20,-74.347
1458.87,-73.349
1459.55,-72.958
1460.22,-74.925
1460.89,-74.551
1461.57,-74.756
1462.24,-73.080
1462.91,-73.651
1463.58,-74.661
1464.26,-73.491
1464.93,-73.694
1465.60,-74.906
1466.28,-75.459
1466.95,-75.316
1467.62,-74.831
1468.30,-75.607
1468.97,-75.814
1469.64,-75.428
1470.31,-75.130
1470.99,-75.839
1471.66,-77.340
1472.33,-74.875
1473.01,-77.165
1473.68,-74.548
1474.35,-76.981
1475.02,-75.366
1475.70,-75.668
1476.37,-75.839
1477.04,-76.458
1477.72,-77.316
1478.39,-76.871
1479.06,-76.171
1479.73,-76.714
1480.41,-77.451
1481.08,-76.890
1481.75,-77.534
1482.43,-76.676
1483.10,-77.119
1483.77,-77.939
1484.45,-76.322
1485.12,-76.728
1485.79,-76.292
1486.46,-77.166
1487.14,-76.630
1487.81,-76.003
1488.48,-77.717
1489.16,-79.335
1489.83,-77.661
1490.50,-78.035
1491.17,-78.118
1491.85,-77.362
1492.52,-77.818
1493.19,-76.382
1493.87,-77.100
1494.54,-77.966
1495.21,-77.411
1495.88,-77.583
1496.56,-78.174
1497.23,-78.278
1497.90,-78.148
1498.58,-78.241
1499.25,-78.442
1499.92,-79.012
1500.60,-79.338
1501.27,-77.138
1501.94,-77.032
1502.61,-78.385
1503.29,-77.858
1503.96,-79.129
1504.63,-78.746
1505.31,-79.882
1505.98,-78.969
1506.65,-79.896
1507.32,-78.704
1508.00,-78.872
1508.67,-77.725
1509.34,-78.825
1510.02,-79.533
1510.69,-78.540
1511.36,-79.639
1512.03,-77.828
1512.71,-79.372
1513.38,-80.038
1514.05,-78.393
1514.73,-78.246
1515.40,-78.656
1516.07,-79.989
1516.74,-79.043
1517.42,-78.991
1518.09,-80.257
1518.76,-78.906
1519.44,-78.982
1520.11,-80.385
1520.78,-81.274
1521.46,-80.350
1522.13,-80.560
1522.80,-80.039
1523.47,-78.968
1524.15,-80.294
1524.82,-79.133
1525.49,-80.421
1526.17,-80.709
1526.84,-77.290
1527.51,-78.800
1528.18,-79.543
1528.86,-80.210
1529.53,-80.230
1530.20,-79.925
1530.88,-79.759
1531.55,-80.874
1532.22,-80.000
1532.89,-80.070
1533.57,-79.986
1534.24,-80.331
1534.91,-79.922
1535.59,-79.738
1536.26,-79.786
1536.93,-79.214
1537.61,-80.692
1538.28,-80.641
1538.95,-81.424
1539.62,-81.036
1540.30,-80.677
1540.97,-80.489
1541.64,-80.351
1542.32,-80.705
1542.99,-80.295
1543.66,-80.766
1544.33,-81.248
1545.01,-81.106
1545.68,-80.781
1546.35,-81.307
1547.03,-81.153
1547.70,-80.590
1548.37,-80.490
1549.04,-81.007
1549.72,-81.186
1550.39,-80.327
1551.06,-80.353
1551.74,-80.922
1552.41,-79.893
1553.08,-79.825
1553.76,-79.680
1554.43,-80.677
1555.10,-82.073
1555.77,-81.132
1556.45,-81.328
1557.12,-80.848
1557.79,-81.399
1558.47,-81.300
1559.14,-81.007
1559.81,-81.914
1560.48,-81.034
1561.16,-82.896
1561.83,-81.005
1562.50,-80.371
1563.18,-80.985
1563.85,-79.652
1564.52,-80.579
1565.19,-82.066
1565.87,-81.221
1566.54,-81.315
1567.21,-81.187
1567.89,-82.030
1568.56,-82.268
1569.23,-81.970
1569.91,-82.526
1570.58,-82.817
1571.25,-82.001
1571.92,-82.369
1572.60,-80.685
1573.27,-81.177
1573.94,-81.457
1574.62,-82.122
1575.29,-82.331
1575.96,-81.758
1576.63,-82.164
1577.31,-80.980
1577.98,-82.498
1578.65,-81.573
1579.33,-82.137
1580.00,-81.905
1580.67,-83.453
1581.34,-82.110
1582.02,-81.589
1582.69,-82.819
1583.36,-81.886
1584.04,-81.272
1584.71,-82.829
1585.38,-81.074
1586.05,-81.072
1586.73,-82.963
1587.40,-82.162
1588.07,-81.693
1588.75,-82.553
1589.42,-83.844
1590.09,-80.519
1590.77,-81.671
1591.44,-80.903
1592.11,-81.136
1592.78,-82.487
1593.46,-81.073
1594.13,-81.170
1594.80,-82.563
1595.48,-81.253
1596.15,-80.602
1596.82,-81.060
1597.49,-81.842
1598.17,-81.499
1598.84,-81.730
1599.51,-83.174
1600.19,-80.672
1600.86,-81.109
1601.53,-82.038
1602.20,-81.667
1602.88,-80.134
1603.55,-80.160
1604.22,-80.951
1604.90,-82.015
1605.57,-82.030
1606.24,-81.977
1606.92,-81.314
1607.59,-82.028
1608.26,-81.018
1608.93,-82.633
1609.61,-83.524
1610.28,-82.569
1610.95,-81.258
1611.63,-81.424
1612.30,-81.254
1612.97,-81.597
1613.64,-82.094
1614.32,-82.826
1614.99,-83.548
1615.66,-83.427
1616.34,-83.385
1617.01,-82.508
1617.68,-82.257
1618.35,-80.806
1619.03,-81.659
1619.70,-82.141
1620.37,-81.785
1621.05,-82.833
1621.72,-83.197
1622.39,-83.623
1623.07,-81.694
1623.74,-81.817
1624.41,-81.888
1625.08,-82.776
1625.76,-81.404
1626.43,-82.627
1627.10,-82.696
1627.78,-82.900
1628.45,-82.538
1629.12,-82.377
1629.79,-81.669
1630.47,-81.056
1631.14,-81.560
1631.81,-82.050
1632.49,-81.785
1633.16,-81.402
1633.83,-81.986
1634.50,-82.797
1635.18,-81.685
1635.85,-82.975
1636.52,-83.456
1637.20,-81.833
1637.87,-82.713
1638.54,-83.390
1639.22,-81.937
1639.89,-81.510
1640.56,-81.405
1641.23,-81.412
1641.91,-82.379
1642.58,-83.026
1643.25,-81.426
1643.93,-81.512
1644.60,-82.671
1645.27,-81.867
1645.94,-82.070
1646.62,-83.014
1647.29,-82.075
1647.96,-81.257
1648.64,-82.082
1649.31,-81.584
1649.98,-81.467
1650.65,-81.543
1651.33,-80.629
1652.00,-82.280
1652.67,-81.907
1653.35,-81.039
1654.02,-81.796
1654.69,-81.120
1655.36,-81.755
1656.04,-81.874
1656.71,-81.876
1657.38,-82.027
1658.06,-81.134
1658.73,-81.038
1659.40,-81.351
1660.08,-81.486
1660.75,-82.049
1661.42,-82.276
1662.09,-82.015
1662.77,-81.700
1663.44,-82.918
1664.11,-81.560
1664.79,-81.686
1665.46,-82.315
1666.13,-81.338
1666.80,-83.205
1667.48,-81.528
1668.15,-82.324
1668.82,-80.237
1669.50,-80.204
1670.17,-80.318
1670.84,-80.198
1671.51,-82.198
1672.19,-81.696
1672.86,-82.395
1673.53,-80.443
1674.21,-80.554
1674.88,-81.885
1675.55,-80.071
1676.23,-80.063
1676.90,-81.018
1677.57,-82.162
1678.24,-82.912
1678.92,-82.920
1679.59,-81.761
1680.26,-81.672
1680.94,-80.082
1681.61,-82.096
1682.28,-80.924
1682.95,-82.684
1683.63,-82.066
1684.30,-81.700
1684.97,-82.049
1685.65,-82.211
1686.32,-81.796
1686.99,-80.555
1687.66,-82.006
1688.34,-79.698
1689.01,-80.596
1689.68,-80.769
1690.36,-81.210
1691.03,-80.256
1691.70,-78.972
1692.38,-80.082
1693.05,-79.688
1693.72,-79.911
1694.39,-80.989
1695.07,-80.465
1695.74,-81.085
1696.41,-79.766
1697.09,-79.988
1697.76,-81.041
1698.43,-80.921
1699.10,-80.817
1699.78,-81.286
1700.45,-80.990
1701.12,-81.453
1701.80,-80.037
1702.47,-82.317
1703.14,-80.828
1703.81,-80.899
1704.49,-80.591
1705.16,-79.111
1705.83,-79.262
1706.51,-80.929
1707.18,-81.173
1707.85,-80.113
1708.53,-78.728
1709.20,-79.391
1709.87,-81.257
1710.54,-79.743
1711.22,-80.187
1711.89,-79.005
1712.56,-79.725
1713.24,-79.432
1713.91,-79.790
1714.58,-80.142
1715.25,-80.485
1715.93,-80.782
1716.60,-79.491
1717.27,-79.415
1717.95,-80.381
1718.62,-80.490
1719.29,-80.260
1719.96,-81.318
1720.64,-78.738
1721.31,-81.053
1721.98,-82.008
1722.66,-80.335
1723.33,-79.308
1724.00,-79.453
1724.67,-79.217
1725.35,-79.583
1726.02,-79.466
1726.69,-79.980
1727.37,-80.885
1728.04,-79.503
1728.71,-79.209
1729.39,-79.227
1730.06,-79.723
1730.73,-79.605
1731.40,-80.839
1732.08,-77.749
1732.75,-79.114
1733.42,-79.115
1734.10,-78.635
1734.77,-80.416
1735.44,-77.627
1736.11,-79.106
1736.79,-79.815
1737.46,-78.617
1738.13,-78.947
1738.81,-79.793
1739.48,-78.131
1740.15,-78.358
1740.82,-78.912
1741.50,-79.384
1742.17,-79.483
1742.84,-79.609
1743.52,-78.349
1744.19,-79.049
1744.86,-78.961
1745.54,-78.934
1746.21,-78.483
1746.88,-79.461
1747.55,-77.708
1748.23,-79.066
1748.90,-78.618
1749.57,-77.165
1750.25,-78.077
1750.92,-77.286
1751.59,-76.426
1752.26,-77.925
1752.94,-77.808
1753.61,-77.700
1754.28,-78.511
1754.96,-79.310
1755.63,-78.157
1756.30,-77.032
1756.97,-78.301
1757.65,-77.013
1758.32,-77.450
1758.99,-77.860
1759.67,-76.737
1760.34,-77.176
1761.01,-76.851
1761.69,-77.154
1762.36,-76.715
1763.03,-77.485
1763.70,-79.468
1764.38,-77.057
1765.05,-76.611
1765.72,-77.381
1766.40,-77.862
1767.07,-79.179
1767.74,-78.395
1768.41,-76.871
1769.09,-76.959
1769.76,-76.112
1770.43,-76.986
1771.11,-75.181
1771.78,-76.341
1772.45,-76.802
1773.12,-76.707
1773.80,-77.650
1774.47,-77.838
1775.14,-78.331
1775.82,-75.315
1776.49,-75.935
1777.16,-76.424
1777.84,-76.681
1778.51,-75.296
1779.18,-76.595
1779.85,-76.607
1780.53,-75.782
1781.20,-76.176
1781.87,-75.485
1782.55,-75.432
1783.22,-75.931
1783.89,-76.169
1784.56,-75.974
1785.24,-74.463
1785.91,-75.268
1786.58,-74.822
1787.26,-74.431
1787.93,-75.080
1788.60,-73.783
1789.27,-75.670
1789.95,-74.986
1790.62,-74.122
1791.29,-75.494
1791.97,-74.120
1792.64,-74.160
1793.31,-74.738
1793.98,-74.486
1794.66,-75.313
1795.33,-74.023
1796.00,-74.580
1796.68,-74.751
1797.35,-74.228
1798.02,-75.050
1798.70,-74.092
1799.37,-72.903
1800.04,-75.586
1800.71,-73.724
1801.39,-72.707
1802.06,-73.138
1802.73,-74.400
1803.41,-74.348
1804.08,-73.111
1804.75,-73.939
1805.42,-73.517
1806.10,-72.860
1806.77,-73.474
1807.44,-73.474
1808.12,-73.178
1808.79,-73.440
1809.46,-74.088
1810.13,-73.186
1810.81,-74.296
1811.48,-72.864
1812.15,-71.851
1812.83,-71.971
1813.50,-72.662
1814.17,-71.642
1814.85,-71.831
1815.52,-70.819
1816.19,-73.539
1816.86,-71.337
1817.54,-71.243
1818.21,-70.814
1818.88,-71.772
1819.56,-71.628
1820.23,-71.320
1820.90,-70.946
1821.57,-72.215
1822.25,-71.312
1822.92,-71.251
1823.59,-71.696
1824.27,-71.732
1824.94,-71.095
1825.61,-69.134
1826.28,-71.503
1826.96,-69.086
1827.63,-70.916
1828.30,-70.811
1828.98,-69.422
1829.65,-69.900
1830.32,-69.965
1831.00,-68.948
1831.67,-68.893
1832.34,-69.346
1833.01,-70.445
1833.69,-69.839
1834.36,-69.891
1835.03,-69.377
1835.71,-68.219
1836.38,-68.864
1837.05,-67.883
1837.72,-67.110
1838.40,-67.043
1839.07,-68.259
1839.74,-67.069
1840.42,-66.379
1841.09,-68.273
1841.76,-67.380
1842.43,-69.014
1843.11,-68.366
1843.78,-67.036
1844.45,-65.940
1845.13,-67.193
1845.80,-66.196
1846.47,-65.412
1847.15,-65.093
1847.82,-66.752
1848.49,-66.370
1849.16,-66.115
1849.84,-65.532
1850.51,-64.055
1851.18,-64.819
1851.86,-65.644
1852.53,-64.112
1853.20,-63.135
1853.87,-65.303
1854.55,-63.502
1855.22,-63.826
1855.89,-64.959
1856.57,-64.277
1857.24,-64.276
1857.91,-65.765
1858.58,-65.126
1859.26,-63.639
1859.93,-63.390
1860.60,-62.186
1861.28,-62.688
1861.95,-62.818
1862.62,-63.986
1863.29,-63.034
1863.97,-62.172
1864.64,-62.918
1865.31,-62.961
1865.99,-61.582
1866.66,-61.477
1867.33,-62.014
1868.01,-61.931
1868.68,-63.242
1869.35,-62.487
1870.02,-61.180
1870.70,-61.698
1871.37,-60.779
1872.04,-62.685
1872.72,-62.424
1873.39,-61.570
1874.06,-62.099
1874.73,-61.638
1875.41,-62.862
1876.08,-63.268
1876.75,-62.319
1877.43,-62.646
1878.10,-62.206
1878.77,-62.623
1879.44,-62.521
1880.12,-62.172
1880.79,-62.897
1881.46,-63.423
1882.14,-63.453
1882.81,-63.708
1883.48,-64.538
1884.16,-64.090
1884.83,-64.870
1885.50,-63.637
1886.17,-63.648
1886.85,-64.149
1887.52,-63.584
1888.19,-63.301
1888.87,-63.086
1889.54,-63.788
1890.21,-63.847
1890.88,-65.167
1891.56,-65.366
1892.23,-64.723
1892.90,-65.993
1893.58,-64.988
1894.25,-66.590
1894.92,-64.802
1895.59,-64.675
1896.27,-64.767
1896.94,-65.412
1897.61,-63.675
1898.29,-65.531
1898.96,-65.483
1899.63,-66.074
1900.31,-65.568
1900.98,-66.550
1901.65,-67.127
1902.32,-65.534
1903.00,-64.905
1903.67,-65.705
1904.34,-66.958
1905.02,-67.169
1905.69,-67.896
1906.36,-67.250
1907.03,-67.440
1907.71,-67.956
1908.38,-67.667
1909.05,-68.416
1909.73,-69.152
1910.40,-68.918
1911.07,-67.924
1911.74,-68.448
1912.42,-68.656
1913.09,-69.930
1913.76,-69.431
1914.44,-68.526
1915.11,-69.159
1915.78,-68.199
1916.46,-69.730
1917.13,-70.432
1917.80,-69.333
1918.47,-70.059
1919.15,-70.074
1919.82,-71.312
1920.49,-69.809
1921.17,-68.512
1921.84,-68.600
1922.51,-71.045
1923.18,-70.028
1923.86,-70.477
1924.53,-69.833
1925.20,-71.395
1925.88,-71.322
1926.55,-70.505
1927.22,-69.641
1927.89,-69.818
1928.57,-70.768
1929.24,-70.954
1929.91,-70.115
1930.59,-69.193
1931.26,-71.051
1931.93,-71.936
1932.60,-72.439
1933.28,-71.441
1933.95,-71.501
1934.62,-69.945
1935.30,-70.947
1935.97,-71.860
1936.64,-72.019
1937.32,-71.815
1937.99,-71.747
1938.66,-72.516
1939.33,-72.631
1940.01,-72.374
1940.68,-71.773
1941.35,-71.517
1942.03,-71.488
1942.70,-73.946
1943.37,-71.081
1944.04,-72.330
1944.72,-71.795
1945.39,-70.929
1946.06,-71.892
1946.74,-70.620
1947.41,-73.777
1948.08,-72.971
1948.75,-71.672
1949.43,-72.522
1950.10,-72.635
1950.77,-73.481
1951.45,-74.488
1952.12,-72.185
1952.79,-71.918
1953.47,-73.924
1954.14,-72.343
1954.81,-72.813
1955.48,-72.605
1956.16,-72.435
1956.83,-72.569
1957.50,-74.616
1958.18,-73.421
1958.85,-73.597
1959.52,-72.133
1960.19,-71.757
1960.87,-73.473
1961.54,-74.313
1962.21,-73.478
1962.89,-73.483
1963.56,-75.410
1964.23,-75.188
1964.90,-74.352
1965.58,-74.185
1966.25,-74.697
1966.92,-74.176
1967.60,-72.934
1968.27,-75.125
1968.94,-73.673
1969.62,-75.227
1970.29,-73.255
1970.96,-74.290
1971.63,-75.881
1972.31,-73.959
1972.98,-74.123
1973.65,-73.653
1974.33,-75.492
1975.00,-73.940
1975.67,-74.005
1976.34,-74.203
1977.02,-75.074
1977.69,-74.118
1978.36,-74.696
1979.04,-74.967
1979.71,-74.046
1980.38,-74.423
1981.05,-75.554
1981.73,-74.485
1982.40,-73.628
1983.07,-74.074
1983.75,-74.701
1984.42,-74.524
1985.09,-75.011
1985.77,-74.148
1986.44,-75.669
1987.11,-74.536
1987.78,-76.374
1988.46,-75.342
1989.13,-75.399
1989.80,-75.261
1990.48,-76.011
1991.15,-76.473
1991.82,-73.981
1992.49,-75.892
1993.17,-75.069
1993.84,-76.366
1994.51,-74.639
1995.19,-75.805
1995.86,-75.524
1996.53,-75.733
1997.20,-75.202
1997.88,-74.756
1998.55,-76.285
1999.22,-75.842
1999.90,-75.674
2000.57,-75.955
2001.24,-75.384
2001.91,-76.868
2002.59,-76.793
2003.26,-75.453
2003.93,-76.056
2004.61,-75.230
2005.28,-75.544
2005.95,-76.079
2006.63,-76.520
2007.30,-75.392
2007.97,-77.714
2008.64,-76.294
2009.32,-75.238
2009.99,-77.302
2010.66,-77.111
2011.34,-76.618
2012.01,-75.920
2012.68,-75.368
2013.35,-75.336
2014.03,-77.211
2014.70,-76.438
2015.37,-76.082
2016.05,-75.574
2016.72,-76.937
2017.39,-76.503
2018.06,-77.481
2018.74,-75.452
2019.41,-76.375
2020.08,-74.967
2020.76,-76.023
2021.43,-77.429
2022.10,-76.498
2022.78,-75.521
2023.45,-75.985
2024.12,-76.913
2024.79,-76.718
2025.47,-76.876
2026.14,-76.914
2026.81,-76.156
2027.49,-77.192
2028.16,-75.688
2028.83,-75.750
2029.50,-75.577
2030.18,-75.536
2030.85,-77.152
2031.52,-77.418
2032.20,-76.625
2032.87,-77.093
2033.54,-77.587
2034.21,-78.019
2034.89,-76.272
2035.56,-76.020
2036.23,-78.258
2036.91,-77.609
2037.58,-76.391
2038.25,-77.230
2038.93,-76.757
2039.60,-76.223
2040.27,-76.625
2040.94,-77.321
2041.62,-76.057
2042.29,-77.746
2042.96,-76.539
2043.64,-76.294
2044.31,-77.327
2044.98,-75.517
2045.65,-77.770
2046.33,-76.193
2047.00,-78.112
2047.67,-78.151
2048.35,-75.704
2049.02,-76.472
2049.69,-76.760
2050.36,-76.863
2051.04,-76.328
2051.71,-76.768
2052.38,-75.878
2053.06,-77.579
2053.73,-75.931
2054.40,-77.257
2055.08,-76.819
2055.75,-78.006
2056.42,-77.187
2057.09,-75.939
2057.77,-76.827
2058.44,-77.606
2059.11,-77.414
2059.79,-76.709
2060.46,-76.484
2061.13,-77.439
2061.80,-78.564
2062.48,-77.907
2063.15,-79.496
2063.82,-76.892
2064.50,-77.695
2065.17,-76.651
2065.84,-75.775
2066.51,-77.154
2067.19,-77.049
2067.86,-76.712
2068.53,-75.986
2069.21,-77.185
2069.88,-76.758
2070.55,-77.047
2071.22,-77.030
2071.90,-78.010
2072.57,-74.835
2073.24,-76.223
2073.92,-75.548
2074.59,-77.196
2075.26,-77.124
2075.94,-76.575
2076.61,-76.730
2077.28,-76.983
2077.95,-76.217
2078.63,-76.897
2079.30,-76.625
2079.97,-76.449
2080.65,-74.757
2081.32,-76.939
2081.99,-76.627
2082.66,-75.697
2083.34,-77.484
2084.01,-77.146
2084.68,-76.369
2085.36,-76.426
2086.03,-76.118
2086.70,-74.793
2087.37,-75.199
2088.05,-76.984
2088.72,-76.535
2089.39,-74.632
2090.07,-76.606
2090.74,-76.804
2091.41,-76.351
2092.09,-76.234
2092.76,-76.297
2093.43,-76.248
2094.10,-76.863
2094.78,-76.278
2095.45,-78.144
2096.12,-76.206
2096.80,-76.614
2097.47,-76.651
2098.14,-77.311
2098.81,-77.736
2099.49,-75.396
2100.16,-76.434
2100.83,-77.644
2101.51,-76.340
2102.18,-75.928
2102.85,-76.457
2103.52,-76.861
2104.20,-76.744
2104.87,-76.967
2105.54,-75.563
2106.22,-76.635
2106.89,-77.238
2107.56,-76.612
2108.24,-77.189
2108.91,-77.857
2109.58,-77.788
2110.25,-76.601
2110.93,-77.975
2111.60,-77.300
2112.27,-77.099
2112.95,-77.290
2113.62,-76.328
2114.29,-75.930
2114.96,-77.495
2115.64,-76.862
2116.31,-75.531
2116.98,-77.233
2117.66,-76.324
2118.33,-76.294
2119.00,-76.245
2119.67,-75.673
2120.35,-76.699
2121.02,-75.969
2121.69,-76.369
2122.37,-76.310
2123.04,-76.037
2123.71,-75.663
2124.39,-76.959
2125.06,-76.259
2125.73,-76.055
2126.40,-76.055
2127.08,-75.561
2127.75,-76.089
2128.42,-75.514
2129.10,-76.722
2129.77,-76.291
2130.44,-77.626
2131.11,-76.484
2131.79,-77.482
2132.46,-76.996
2133.13,-76.872
2133.81,-76.923
2134.48,-76.716
2135.15,-76.695
2135.82,-76.195
2136.50,-76.621
2137.17,-76.448
2137.84,-75.919
2138.52,-75.304
2139.19,-76.047
2139.86,-77.610
2140.53,-77.165
2141.21,-77.031
2141.88,-76.867
2142.55,-77.281
2143.23,-77.495
2143.90,-75.070
2144.57,-75.698
2145.25,-76.063
2145.92,-75.839
2146.59,-77.039
2147.26,-77.147
2147.94,-75.932
2148.61,-75.433
2149.28,-76.635
2149.96,-75.271
2150.63,-76.196
2151.30,-76.046
2151.97,-75.654
2152.65,-75.133
2153.32,-76.540
2153.99,-76.565
2154.67,-73.739
2155.34,-75.873
2156.01,-75.743
2156.68,-76.026
2157.36,-75.321
2158.03,-76.187
2158.70,-75.401
2159.38,-76.042
2160.05,-75.800
2160.72,-76.134
2161.40,-75.314
2162.07,-75.486
2162.74,-75.285
2163.41,-76.118
2164.09,-76.574
2164.76,-75.565
2165.43,-75.392
2166.11,-76.246
2166.78,-75.143
2167.45,-74.806
2168.12,-75.279
2168.80,-75.739
2169.47,-74.557
2170.14,-75.112
2170.82,-75.378
2171.49,-76.300
2172.16,-75.405
2172.83,-75.603
2173.51,-75.624
2174.18,-74.978
2174.85,-75.227
2175.53,-74.752
2176.20,-74.650
2176.87,-74.213
2177.55,-75.262
2178.22,-74.614
2178.89,-74.630
2179.56,-73.959
2180.24,-74.609
2180.91,-75.013
2181.58,-74.343
2182.26,-75.175
2182.93,-75.426
2183.60,-73.959
2184.27,-75.467
2184.95,-75.131
2185.62,-74.770
2186.29,-74.535
2186.97,-74.694
2187.64,-74.375
2188.31,-72.754
2188.98,-72.240
2189.66,-74.495
2190.33,-74.526
2191.00,-74.327
2191.68,-74.193
2192.35,-74.463
2193.02,-73.703
2193.70,-73.943
2194.37,-73.654
2195.04,-73.986
2195.71,-73.573
2196.39,-73.891
2197.06,-74.154
2197.73,-73.758
2198.41,-74.031
2199.08,-74.450
2199.75,-75.292
2200.42,-74.423
2201.10,-74.993
2201.77,-74.586
2202.44,-73.423
2203.12,-74.281
2203.79,-74.772
2204.46,-73.355
2205.13,-73.929
2205.81,-72.095
2206.48,-72.533
2207.15,-73.023
2207.83,-73.427
2208.50,-72.810
2209.17,-72.694
2209.84,-72.976
2210.52,-73.317
2211.19,-71.499
2211.86,-72.367
2212.54,-73.292
2213.21,-72.351
2213.88,-74.254
2214.56,-74.467
2215.23,-72.603
2215.90,-72.808
2216.57,-72.171
2217.25,-72.215
2217.92,-73.412
2218.59,-74.731
2219.27,-72.375
2219.94,-72.119
2220.61,-71.982
2221.28,-72.393
2221.96,-73.095
2222.63,-72.699
2223.30,-72.507
2223.98,-72.304
2224.65,-72.999
2225.32,-72.945
2225.99,-72.367
2226.67,-71.461
2227.34,-71.844
2228.01,-69.982
2228.69,-71.794
2229.36,-70.773
2230.03,-72.021
2230.71,-70.481
2231.38,-71.587
2232.05,-71.632
2232.72,-71.313
2233.40,-70.985
2234.07,-71.331
2234.74,-70.305
2235.42,-71.263
2236.09,-70.486
2236.76,-70.433
2237.43,-71.896
2238.11,-71.293
2238.78,-71.554
2239.45,-69.322
2240.13,-70.306
2240.80,-70.393
2241.47,-70.550
2242.14,-70.685
2242.82,-70.065
2243.49,-70.871
2244.16,-70.521
2244.84,-71.088
2245.51,-70.021
2246.18,-70.062
2246.86,-69.829
2247.53,-69.663
2248.20,-70.104
2248.87,-71.010
2249.55,-69.732
2250.22,-70.255
2250.89,-69.433
2251.57,-69.210
2252.24,-70.201
2252.91,-69.036
2253.58,-69.491
2254.26,-68.867
2254.93,-69.693
2255.60,-68.875
2256.28,-68.655
2256.95,-68.313
2257.62,-68.404
2258.29,-69.335
2258.97,-68.689
2259.64,-68.034
2260.31,-68.703
2260.99,-68.494
2261.66,-69.083
2262.33,-68.849
2263.01,-69.202
2263.68,-68.895
2264.35,-68.329
2265.02,-67.758
2265.70,-68.992
2266.37,-67.872
2267.04,-67.532
2267.72,-67.823
2268.39,-66.419
2269.06,-68.686
2269.73,-68.300
2270.41,-67.167
2271.08,-68.103
2271.75,-68.987
2272.43,-66.307
2273.10,-66.646
2273.77,-67.379
2274.44,-66.898
2275.12,-67.981
2275.79,-66.263
2276.46,-66.733
2277.14,-64.849
2277.81,-64.816
2278.48,-66.500
2279.15,-65.435
2279.83,-66.734
2280.50,-65.797
2281.17,-65.866
2281.85,-66.461
2282.52,-66.331
2283.19,-65.182
2283.87,-65.915
2284.54,-65.148
2285.21,-65.689
2285.88,-66.395
2286.56,-63.857
2287.23,-65.403
2287.90,-64.109
2288.58,-63.603
2289.25,-64.417
2289.92,-64.587
2290.59,-63.828
2291.27,-63.643
2291.94,-64.057
2292.61,-63.587
2293.29,-64.296
2293.96,-62.332
2294.63,-61.456
2295.30,-61.589
2295.98,-62.318
2296.65,-63.108
2297.32,-62.712
2298.00,-63.025
2298.67,-64.011
2299.34,-62.085
2300.02,-62.213
2300.69,-61.985
2301.36,-62.068
2302.03,-61.188
2302.71,-60.967
2303.38,-61.055
2304.05,-61.281
2304.73,-61.470
2305.40,-62.957
2306.07,-60.642
2306.74,-60.969
2307.42,-60.223
2308.09,-60.851
2308.76,-58.663
2309.44,-59.632
2310.11,-61.034
2310.78,-57.794
2311.45,-60.636
2312.13,-60.484
2312.80,-58.867
2313.47,-59.749
2314.15,-59.214
2314.82,-60.113
2315.49,-60.327
2316.17,-59.969
2316.84,-60.245
2317.51,-59.798
2318.18,-59.879
2318.86,-59.877
2319.53,-56.937
2320.20,-57.964
2320.88,-58.312
2321.55,-58.069
2322.22,-58.555
2322.89,-58.151
2323.57,-58.518
2324.24,-58.480
2324.91,-58.302
2325.59,-58.804
2326.26,-58.922
2326.93,-58.395
2327.60,-56.471
2328.28,-58.124
2328.95,-58.364
2329.62,-57.388
2330.30,-57.789
2330.97,-57.352
2331.64,-58.140
2332.32,-57.637
2332.99,-57.332
2333.66,-58.625
2334.33,-58.420
2335.01,-57.979
2335.68,-58.599
2336.35,-59.253
2337.03,-58.915
2337.70,-59.332
2338.37,-59.314
2339.04,-59.045
2339.72,-57.775
2340.39,-59.073
2341.06,-58.487
2341.74,-59.355
2342.41,-59.581
2343.08,-59.531
2343.75,-59.988
2344.43,-59.008
2345.10,-58.502
2345.77,-60.400
2346.45,-60.995
2347.12,-58.856
2347.79,-59.492
2348.46,-57.819
2349.14,-59.896
2349.81,-60.557
2350.48,-60.777
2351.16,-60.295
2351.83,-59.585
2352.50,-62.859
2353.18,-61.317
2353.85,-60.228
2354.52,-60.429
2355.19,-61.153
2355.87,-61.497
2356.54,-60.673
2357.21,-61.230
2357.89,-61.553
2358.56,-61.154
2359.23,-60.370
2359.90,-62.268
2360.58,-61.534
2361.25,-62.257
2361.92,-61.043
2362.60,-61.729
2363.27,-60.486
2363.94,-62.235
2364.61,-62.517
2365.29,-62.544
2365.96,-61.792
2366.63,-63.906
2367.31,-62.580
2367.98,-63.296
2368.65,-61.986
2369.33,-63.828
2370.00,-64.193
2370.67,-63.778
2371.34,-63.362
2372.02,-62.503
2372.69,-63.654
2373.36,-64.552
2374.04,-63.384
2374.71,-62.425
2375.38,-63.936
2376.05,-62.807
2376.73,-63.669
2377.40,-63.788
2378.07,-63.661
2378.75,-63.779
2379.42,-64.135
2380.09,-63.932
2380.76,-64.099
2381.44,-65.191
2382.11,-64.313
2382.78,-63.744
2383.46,-63.842
2384.13,-65.784
2384.80,-65.680
2385.48,-65.411
2386.15,-64.495
2386.82,-64.512
2387.49,-65.817
2388.17,-66.680
2388.84,-64.911
2389.51,-65.002
2390.19,-64.699
2390.86,-65.493
2391.53,-65.832
2392.20,-65.233
2392.88,-64.842
2393.55,-65.436
2394.22,-66.215
2394.90,-65.640
2395.57,-66.535
2396.24,-66.539
2396.91,-66.824
2397.59,-64.865
2398.26,-66.177
2398.93,-68.477
2399.61,-67.045
2400.28,-67.189
2400.95,-65.378
2401.63,-66.392
2402.30,-65.475
2402.97,-67.038
2403.64,-67.092
2404.32,-67.369
2404.99,-67.217
2405.66,-68.078
2406.34,-67.154
2407.01,-65.255
2407.68,-66.787
2408.35,-66.707
2409.03,-67.511
2409.70,-65.824
2410.37,-66.451
2411.05,-66.399
2411.72,-67.886
2412.39,-65.934
2413.06,-67.228
2413.74,-67.227
2414.41,-67.259
2415.08,-67.046
2415.76,-66.973
2416.43,-67.466
2417.10,-66.304
2417.77,-65.565
2418.45,-66.277
2419.12,-67.548
2419.79,-68.101
2420.47,-66.198
2421.14,-67.633
2421.81,-68.388
2422.49,-67.111
2423.16,-68.942
2423.83,-68.445
2424.50,-69.047
2425.18,-68.083
2425.85,-68.489
2426.52,-69.621
2427.20,-69.377
2427.87,-66.987
2428.54,-67.620
2429.21,-67.258
2429.89,-68.226
2430.56,-67.171
2431.23,-68.637
2431.91,-68.219
2432.58,-69.355
2433.25,-68.185
2433.92,-68.573
2434.60,-68.858
2435.27,-70.569
2435.94,-69.835
2436.62,-69.230
2437.29,-69.251
2437.96,-70.233
2438.64,-69.404
2439.31,-68.277
2439.98,-68.700
2440.65,-69.037
2441.33,-69.924
2442.00,-67.644
2442.67,-69.232
2443.35,-67.746
2444.02,-68.370
2444.69,-67.845
2445.36,-69.715
2446.04,-68.227
2446.71,-69.942
2447.38,-68.290
2448.06,-69.209
2448.73,-68.772
2449.40,-70.212
2450.07,-70.508
2450.75,-68.360
2451.42,-69.722
2452.09,-69.515
2452.77,-69.457
2453.44,-70.078
2454.11,-67.271
2454.79,-70.139
2455.46,-70.603
2456.13,-68.215
2456.80,-68.484
2457.48,-69.717
2458.15,-69.009
2458.82,-69.425
2459.50,-69.188
2460.17,-69.259
2460.84,-68.304
2461.51,-70.080
2462.19,-70.001
2462.86,-70.080
2463.53,-69.962
2464.21,-69.142
2464.88,-69.341
2465.55,-69.588
2466.22,-68.945
2466.90,-69.074
2467.57,-70.728
2468.24,-69.893
2468.92,-69.386
2469.59,-69.132
2470.26,-69.144
2470.94,-69.990
2471.61,-68.679
2472.28,-69.455
2472.95,-69.388
2473.63,-68.588
2474.30,-69.225
2474.97,-69.889
2475.65,-69.419
2476.32,-69.822
2476.99,-71.994
2477.66,-70.174
2478.34,-71.503
2479.01,-68.612
2479.68,-68.743
2480.36,-70.101
2481.03,-69.084
2481.70,-70.008
2482.37,-70.230
2483.05,-70.383
2483.72,-71.733
2484.39,-70.538
2485.07,-69.872
2485.74,-70.295
2486.41,-69.360
2487.08,-70.248
2487.76,-70.207
2488.43,-70.325
2489.10,-69.401
2489.78,-69.966
2490.45,-69.459
2491.12,-68.985
2491.80,-68.780
2492.47,-69.425
2493.14,-69.874
2493.81,-70.864
2494.49,-70.506
2495.16,-69.948
2495.83,-71.212
2496.51,-70.930
2497.18,-70.477
2497.85,-69.874
2498.52,-69.256
2499.20,-70.333
2499.87,-68.958
2500.54,-70.030
2501.22,-69.470
2501.89,-70.514
2502.56,-69.553
2503.23,-70.621
2503.91,-68.918
2504.58,-70.064
2505.25,-69.510
2505.93,-68.991
2506.60,-69.847
2507.27,-69.388
2507.95,-69.548
2508.62,-69.929
2509.29,-70.115
2509.96,-70.421
2510.64,-71.341
2511.31,-68.978
2511.98,-69.890
2512.66,-70.918
2513.33,-70.315
2514.00,-70.836
2514.67,-69.360
2515.35,-69.953
2516.02,-69.790
2516.69,-71.814
2517.37,-70.773
2518.04,-70.965
2518.71,-72.210
2519.38,-70.126
2520.06,-71.503
2520.73,-70.606
2521.40,-71.020
2522.08,-70.841
2522.75,-69.337
2523.42,-69.923
2524.10,-69.829
2524.77,-69.774
2525.44,-69.020
2526.11,-70.636
2526.79,-70.510
2527.46,-68.941
2528.13,-69.582
2528.81,-70.539
2529.48,-70.203
2530.15,-69.753
2530.82,-70.890
2531.50,-70.377
2532.17,-70.127
2532.84,-70.787
2533.52,-69.334
2534.19,-70.460
2534.86,-70.601
2535.53,-71.236
2536.21,-69.706
2536.88,-69.121
2537.55,-69.038
2538.23,-69.055
2538.90,-71.006
2539.57,-70.012
2540.25,-71.025
2540.92,-69.734
2541.59,-68.713
2542.26,-70.990
2542.94,-70.989
2543.61,-71.554
2544.28,-69.994
2544.96,-69.792
2545.63,-69.940
2546.30,-69.419
2546.97,-69.824
2547.65,-69.538
2548.32,-70.104
2548.99,-70.354
2549.67,-70.808
2550.34,-68.916
2551.01,-68.573
2551.68,-69.636
2552.36,-70.431
2553.03,-69.567
2553.70,-70.812
2554.38,-70.258
2555.05,-69.461
2555.72,-70.263
2556.39,-69.132
2557.07,-70.112
2557.74,-70.107
2558.41,-68.906
2559.09,-69.807
2559.76,-68.658
2560.43,-68.679
2561.11,-69.658
2561.78,-69.265
2562.45,-69.195
2563.12,-70.757
2563.80,-70.157
2564.47,-69.249
2565.14,-68.862
2565.82,-68.158
2566.49,-68.506
2567.16,-68.823
2567.83,-69.477
2568.51,-69.195
2569.18,-68.221
2569.85,-69.572
2570.53,-69.437
2571.20,-69.701
2571.87,-68.846
2572.54,-70.284
2573.22,-69.089
2573.89,-69.149
2574.56,-68.388
2575.24,-68.733
2575.91,-69.056
2576.58,-68.714
2577.26,-69.934
2577.93,-68.583
2578.60,-68.296
2579.27,-68.517
2579.95,-68.645
2580.62,-68.420
2581.29,-69.205
2581.97,-70.352
2582.64,-68.800
2583.31,-69.111
2583.98,-69.057
2584.66,-69.088
2585.33,-68.659
2586.00,-68.665
2586.68,-68.225
2587.35,-67.703
2588.02,-67.304
2588.69,-68.895
2589.37,-68.067
2590.04,-68.096
2590.71,-69.259
2591.39,-67.631
2592.06,-68.763
2592.73,-67.791
2593.41,-69.106
2594.08,-69.002
2594.75,-68.818
2595.42,-69.317
2596.10,-69.218
2596.77,-66.814
2597.44,-69.123
2598.12,-68.186
2598.79,-66.842
2599.46,-67.038
2600.13,-67.874
2600.81,-69.132
2601.48,-69.010
2602.15,-68.052
2602.83,-67.316
2603.50,-67.199
2604.17,-68.048
2604.84,-68.125
2605.52,-68.983
2606.19,-67.602
2606.86,-67.185
2607.54,-67.608
2608.21,-67.497
2608.88,-67.251
2609.56,-67.480
2610.23,-68.071
2610.90,-67.182
2611.57,-66.797
2612.25,-67.391
2612.92,-65.847
2613.59,-68.460
2614.27,-68.148
2614.94,-69.086
2615.61,-66.825
2616.28,-66.854
2616.96,-66.706
2617.63,-67.826
2618.30,-66.612
2618.98,-65.897
2619.65,-67.642
2620.32,-67.314
2620.99,-66.592
2621.67,-67.351
2622.34,-67.450
2623.01,-67.760
2623.69,-67.011
2624.36,-68.118
2625.03,-68.180
2625.70,-68.397
2626.38,-67.540
2627.05,-68.048
2627.72,-66.554
2628.40,-65.817
2629.07,-66.764
2629.74,-66.664
2630.42,-66.924
2631.09,-67.548
2631.76,-67.847
2632.43,-67.185
2633.11,-66.167
2633.78,-65.874
2634.45,-67.196
2635.13,-67.794
2635.80,-67.165
2636.47,-66.972
2637.14,-68.055
2637.82,-66.206
2638.49,-66.363
2639.16,-67.379
2639.84,-66.649
2640.51,-66.798
2641.18,-67.043
2641.85,-65.458
2642.53,-65.945
2643.20,-66.028
2643.87,-66.216
2644.55,-65.771
2645.22,-66.047
2645.89,-66.403
2646.57,-66.039
2647.24,-66.106
2647.91,-66.366
2648.58,-66.814
2649.26,-65.092
2649.93,-65.841
2650.60,-66.652
2651.28,-65.343
2651.95,-65.234
2652.62,-65.125
2653.29,-66.920
2653.97,-65.971
2654.64,-66.140
2655.31,-66.425
2655.99,-65.885
2656.66,-64.964
2657.33,-64.760
2658.00,-65.123
2658.68,-66.047
2659.35,-64.640
2660.02,-65.301
2660.70,-64.567
2661.37,-65.537
2662.04,-66.014
2662.72,-64.868
2663.39,-65.863
2664.06,-66.550
2664.73,-65.155
2665.41,-63.378
2666.08,-65.623
2666.75,-64.220
2667.43,-65.857
2668.10,-64.536
2668.77,-64.920
2669.44,-64.835
2670.12,-65.577
2670.79,-62.831
2671.46,-64.026
2672.14,-65.795
2672.81,-65.765
2673.48,-65.822
2674.15,-65.070
2674.83,-63.042
2675.50,-64.070
2676.17,-62.811
2676.85,-63.210
2677.52,-64.370
2678.19,-63.587
2678.87,-63.281
2679.54,-63.295
2680.21,-63.527
2680.88,-65.017
2681.56,-63.537
2682.23,-62.373
2682.90,-62.983
2683.58,-64.276
2684.25,-63.328
2684.92,-62.927
2685.59,-65.195
2686.27,-64.885
2686.94,-62.891
2687.61,-63.815
2688.29,-61.050
2688.96,-62.459
2689.63,-63.073
2690.30,-62.916
2690.98,-62.469
2691.65,-63.024
2692.32,-62.300
2693.00,-62.757
2693.67,-62.673
2694.34,-63.748
2695.01,-61.751
2695.69,-62.990
2696.36,-62.083
2697.03,-63.518
2697.71,-62.522
2698.38,-61.523
2699.05,-62.085
2699.73,-62.818
2700.40,-63.001
2701.07,-63.753
2701.74,-62.504
2702.42,-62.412
2703.09,-62.066
2703.76,-60.914
2704.44,-61.906
2705.11,-61.811
2705.78,-62.476
2706.45,-60.871
2707.13,-61.548
2707.80,-61.960
2708.47,-60.374
2709.15,-60.897
2709.82,-60.521
2710.49,-61.600
2711.16,-61.473
2711.84,-60.185
2712.51,-59.094
2713.18,-61.341
2713.86,-60.105
2714.53,-58.403
2715.20,-59.664
2715.88,-60.313
2716.55,-61.831
2717.22,-60.959
2717.89,-59.357
2718.57,-60.864
2719.24,-61.088
2719.91,-62.091
2720.59,-59.428
2721.26,-60.944
2721.93,-58.841
2722.60,-59.565
2723.28,-60.124
2723.95,-58.676
2724.62,-60.058
2725.30,-60.211
2725.97,-60.210
2726.64,-59.897
2727.31,-60.209
2727.99,-58.407
2728.66,-58.625
2729.33,-58.309
2730.01,-59.018
2730.68,-59.202
2731.35,-59.142
2732.03,-58.997
2732.70,-58.836
2733.37,-58.421
2734.04,-57.760
2734.72,-59.321
2735.39,-59.283
2736.06,-58.185
2736.74,-57.522
2737.41,-57.350
2738.08,-57.772
2738.75,-57.221
2739.43,-57.410
2740.10,-57.689
2740.77,-56.922
2741.45,-57.495
2742.12,-57.111
2742.79,-56.832
2743.46,-57.521
2744.14,-57.965
2744.81,-58.183
2745.48,-56.831
2746.16,-56.340
2746.83,-55.610
2747.50,-56.897
2748.18,-57.432
2748.85,-57.622
2749.52,-57.516
2750.19,-56.907
2750.87,-57.044
2751.54,-56.071
2752.21,-54.820
2752.89,-56.182
2753.56,-57.251
2754.23,-56.711
2754.90,-55.265
2755.58,-55.525
2756.25,-55.903
2756.92,-55.219
2757.60,-55.889
2758.27,-55.511
2758.94,-54.675
2759.61,-55.585
2760.29,-56.040
2760.96,-55.899
2761.63,-56.058
2762.31,-55.543
2762.98,-56.151
2763.65,-54.517
2764.32,-54.964
2765.00,-55.228
2765.67,-54.509
2766.34,-55.259
2767.02,-55.104
2767.69,-55.376
2768.36,-54.396
2769.04,-54.184
2769.71,-54.209
2770.38,-54.088
2771.05,-54.601
2771.73,-54.240
2772.40,-55.128
2773.07,-53.827
2773.75,-53.613
2774.42,-53.401
2775.09,-55.224
2775.76,-54.084
2776.44,-54.405
2777.11,-54.448
2777.78,-54.416
2778.46,-54.851
2779.13,-53.676
2779.80,-53.213
2780.47,-52.708
2781.15,-53.407
2781.82,-54.264
2782.49,-53.226
2783.17,-52.753
2783.84,-54.256
2784.51,-52.724
2785.19,-53.328
2785.86,-53.462
2786.53,-53.046
2787.20,-52.918
2787.88,-53.601
2788.55,-53.123
2789.22,-53.081
2789.90,-53.857
2790.57,-52.117
2791.24,-53.150
2791.91,-54.019
2792.59,-54.050
2793.26,-53.402
2793.93,-52.170
2794.61,-54.302
2795.28,-51.783
2795.95,-54.110
2796.62,-52.411
2797.30,-52.901
2797.97,-51.980
2798.64,-53.490
2799.32,-53.970
2799.99,-53.235
2800.66,-54.389
2801.34,-54.085
2802.01,-53.668
2802.68,-53.463
2803.35,-54.602
2804.03,-54.062
2804.70,-53.024
2805.37,-54.130
2806.05,-53.442
2806.72,-53.114
2807.39,-53.678
2808.06,-54.731
2808.74,-52.883
2809.41,-54.092
2810.08,-54.487
2810.76,-53.503
2811.43,-53.475
2812.10,-54.371
2812.77,-54.960
2813.45,-54.893
2814.12,-54.270
2814.79,-54.880
2815.47,-53.524
2816.14,-53.846
2816.81,-54.065
2817.49,-54.240
2818.16,-53.350
2818.83,-55.370
2819.50,-54.689
2820.18,-54.149
2820.85,-55.435
2821.52,-55.196
2822.20,-55.733
2822.87,-53.440
2823.54,-55.429
2824.21,-54.962
2824.89,-54.537
2825.56,-55.413
2826.23,-57.047
2826.91,-55.433
2827.58,-55.863
2828.25,-55.332
2828.92,-55.183
2829.60,-56.376
2830.27,-55.997
2830.94,-55.326
2831.62,-56.189
2832.29,-55.973
2832.96,-56.896
2833.63,-55.810
2834.31,-57.428
2834.98,-55.876
2835.65,-55.251
2836.33,-56.632
2837.00,-57.441
2837.67,-55.928
2838.35,-55.436
2839.02,-55.501
2839.69,-55.322
2840.36,-55.388
2841.04,-56.671
2841.71,-56.085
2842.38,-55.911
2843.06,-57.141
2843.73,-55.596
2844.40,-56.306
2845.07,-57.095
2845.75,-56.986
2846.42,-56.638
2847.09,-58.103
2847.77,-57.238
2848.44,-56.421
2849.11,-56.836
2849.78,-57.502
2850.46,-56.602
2851.13,-58.152
2851.80,-58.407
2852.48,-58.664
2853.15,-57.254
2853.82,-56.899
2854.50,-57.764
2855.17,-57.182
2855.84,-57.453
2856.51,-57.174
2857.19,-56.367
2857.86,-58.138
2858.53,-59.211
2859.21,-58.333
2859.88,-58.037
2860.55,-58.862
2861.22,-58.681
2861.90,-57.384
2862.57,-57.829
2863.24,-58.157
2863.92,-57.317
2864.59,-59.200
2865.26,-58.083
2865.93,-59.567
2866.61,-57.231
2867.28,-58.606
2867.95,-59.188
2868.63,-59.042
2869.30,-59.772
2869.97,-59.287
2870.65,-57.637
2871.32,-59.243
2871.99,-59.299
2872.66,-58.869
2873.34,-59.512
2874.01,-59.415
2874.68,-59.126
2875.36,-58.124
2876.03,-58.995
2876.70,-60.281
2877.37,-59.099
2878.05,-59.885
2878.72,-57.444
2879.39,-58.244
2880.07,-58.348
2880.74,-59.635
2881.41,-59.577
2882.08,-60.397
2882.76,-61.188
2883.43,-60.536
2884.10,-58.845
2884.78,-59.713
2885.45,-59.707
2886.12,-59.277
2886.80,-59.356
2887.47,-59.786
2888.14,-60.062
2888.81,-59.368
2889.49,-60.488
2890.16,-58.787
2890.83,-60.690
2891.51,-60.754
2892.18,-59.889
2892.85,-60.387
2893.52,-59.986
2894.20,-60.774
2894.87,-59.785
2895.54,-59.516
2896.22,-59.968
2896.89,-61.310
2897.56,-60.222
2898.23,-60.390
2898.91,-60.639
2899.58,-60.593
2900.25,-61.431
2900.93,-59.549
2901.60,-61.059
2902.27,-61.773
2902.94,-60.561
2903.62,-59.548
2904.29,-60.725
2904.96,-62.234
2905.64,-61.861
2906.31,-59.592
2906.98,-58.926
2907.66,-60.737
2908.33,-61.510
2909.00,-60.385
2909.67,-60.506
2910.35,-60.744
2911.02,-60.239
2911.69,-61.353
2912.37,-62.328
2913.04,-60.935
2913.71,-63.558
2914.38,-60.978
2915.06,-62.394
2915.73,-61.274
2916.40,-62.290
2917.08,-62.413
2917.75,-62.371
2918.42,-60.086
2919.09,-61.140
2919.77,-61.612
2920.44,-62.824
2921.11,-60.840
2921.79,-60.202
2922.46,-60.777
2923.13,-60.769
2923.81,-61.446
2924.48,-61.711
2925.15,-60.561
2925.82,-61.616
2926.50,-61.681
2927.17,-60.716
2927.84,-61.242
2928.52,-61.670
2929.19,-60.549
2929.86,-61.448
2930.53,-62.192
2931.21,-61.986
2931.88,-62.398
2932.55,-61.760
2933.23,-61.601
2933.90,-63.537
2934.57,-59.589
2935.24,-61.320
2935.92,-62.840
2936.59,-61.550
2937.26,-61.682
2937.94,-65.003
2938.61,-61.715
2939.28,-61.871
2939.96,-61.187
2940.63,-62.558
2941.30,-61.569
2941.97,-63.861
2942.65,-62.124
2943.32,-62.704
2943.99,-61.396
2944.67,-61.935
2945.34,-62.425
2946.01,-62.459
2946.68,-62.381
2947.36,-62.915
2948.03,-62.664
2948.70,-62.911
2949.38,-62.721
2950.05,-63.537
2950.72,-63.418
2951.39,-62.984
2952.07,-63.796
2952.74,-62.274
2953.41,-64.591
2954.09,-61.712
2954.76,-63.505
2955.43,-63.250
2956.11,-63.889
2956.78,-62.142
2957.45,-62.552
2958.12,-63.413
2958.80,-63.236
2959.47,-62.825
2960.14,-62.924
2960.82,-62.973
2961.49,-61.977
2962.16,-63.860
2962.83,-63.348
2963.51,-64.579
2964.18,-63.420
2964.85,-63.880
2965.53,-62.302
2966.20,-63.403
2966.87,-64.095
2967.54,-62.761
2968.22,-63.844
2968.89,-63.170
2969.56,-62.726
2970.24,-63.842
2970.91,-61.838
2971.58,-63.578
2972.25,-63.896
2972.93,-63.007
2973.60,-62.300
2974.27,-62.144
2974.95,-63.456
2975.62,-63.979
2976.29,-63.017
2976.97,-62.486
2977.64,-63.486
2978.31,-62.644
2978.98,-62.021
2979.66,-63.648
2980.33,-63.936
2981.00,-62.844
2981.68,-62.683
2982.35,-62.742
2983.02,-62.054
2983.69,-64.531
2984.37,-63.159
2985.04,-62.652
2985.71,-64.433
2986.39,-64.536
2987.06,-64.238
2987.73,-65.644
2988.40,-63.108
2989.08,-62.689
2989.75,-62.722
2990.42,-64.232
2991.10,-63.027
2991.77,-64.718
2992.44,-62.395
2993.12,-64.923
2993.79,-64.326
2994.46,-66.323
2995.13,-64.686
2995.81,-63.887
2996.48,-63.941
2997.15,-64.122
2997.83,-65.364
2998.50,-64.182
2999.17,-63.536
2999.84,-64.528
3000.52,-64.001
3001.19,-63.781
3001.86,-63.425
3002.54,-64.599
3003.21,-65.161
3003.88,-64.805
3004.55,-64.526
3005.23,-64.195
3005.90,-63.495
3006.57,-64.092
3007.25,-62.677
3007.92,-63.160
3008.59,-63.072
3009.27,-64.657
3009.94,-62.437
3010.61,-62.824
3011.28,-64.496
3011.96,-65.562
3012.63,-63.792
3013.30,-64.128
3013.98,-65.844
3014.65,-64.130
3015.32,-64.667
3015.99,-64.553
3016.67,-64.122
3017.34,-64.511
3018.01,-64.045
3018.69,-63.551
3019.36,-64.897
3020.03,-64.248
3020.70,-65.337
3021.38,-64.630
3022.05,-66.702
3022.72,-63.678
3023.40,-64.214
3024.07,-64.609
3024.74,-63.498
3025.42,-63.186
3026.09,-65.571
3026.76,-63.839
3027.43,-62.989
3028.11,-63.815
3028.78,-64.845
3029.45,-64.765
3030.13,-64.130
3030.80,-64.302
3031.47,-64.201
3032.14,-64.087
3032.82,-64.914
3033.49,-65.721
3034.16,-63.714
3034.84,-63.895
3035.51,-64.117
3036.18,-64.467
3036.85,-63.288
3037.53,-64.422
3038.20,-64.239
3038.87,-63.569
3039.55,-64.678
3040.22,-64.110
3040.89,-64.030
3041.56,-64.503
3042.24,-64.011
3042.91,-63.712
3043.58,-63.934
3044.26,-64.040
3044.93,-64.122
3045.60,-64.214
3046.28,-63.849
3046.95,-64.741
3047.62,-65.662
3048.29,-63.304
3048.97,-64.628
3049.64,-66.816
3050.31,-65.118
3050.99,-66.102
3051.66,-63.637
3052.33,-64.829
3053.00,-63.524
3053.68,-63.696
3054.35,-65.768
3055.02,-65.542
3055.70,-64.871
3056.37,-65.016
3057.04,-65.566
3057.71,-66.057
3058.39,-64.990
3059.06,-66.076
3059.73,-64.459
3060.41,-63.440
3061.08,-62.932
3061.75,-62.955
3062.43,-63.868
3063.10,-64.316
3063.77,-64.705
3064.44,-62.932
3065.12,-64.406
3065.79,-65.534
3066.46,-64.403
3067.14,-64.975
3067.81,-64.253
3068.48,-63.656
3069.15,-66.062
3069.83,-65.243
3070.50,-65.358
3071.17,-63.442
3071.85,-63.914
3072.52,-64.266
3073.19,-64.463
3073.86,-64.086
3074.54,-63.443
3075.21,-62.586
3075.88,-64.331
3076.56,-63.990
3077.23,-64.289
3077.90,-62.739
3078.58,-63.388
3079.25,-64.359
3079.92,-62.684
3080.59,-64.225
3081.27,-63.773
3081.94,-64.613
3082.61,-65.125
3083.29,-63.829
3083.96,-64.409
3084.63,-63.880
3085.30,-64.879
3085.98,-64.898
3086.65,-63.962
3087.32,-63.327
3088.00,-64.117
3088.67,-62.614
3089.34,-62.795
3090.01,-64.759
3090.69,-64.410
3091.36,-63.574
3092.03,-63.297
3092.71,-64.052
3093.38,-63.140
3094.05,-63.992
3094.73,-63.489
3095.40,-63.962
3096.07,-63.605
3096.74,-63.466
3097.42,-63.127
3098.09,-63.709
3098.76,-63.896
3099.44,-63.327
3100.11,-63.276
3100.78,-63.556
3101.45,-63.512
3102.13,-63.155
3102.80,-63.298
3103.47,-64.512
3104.15,-64.409
3104.82,-63.225
3105.49,-62.918
3106.16,-63.349
3106.84,-63.623
3107.51,-63.268
3108.18,-64.538
3108.86,-63.305
3109.53,-63.279
3110.20,-64.248
3110.87,-63.005
3111.55,-62.234
3112.22,-63.749
3112.89,-64.300
3113.57,-63.140
3114.24,-63.867
3114.91,-63.019
3115.59,-62.184
3116.26,-63.630
3116.93,-63.961
3117.60,-62.633
3118.28,-63.917
3118.95,-62.962
3119.62,-63.023
3120.30,-64.023
3120.97,-63.314
3121.64,-63.895
3122.31,-64.037
3122.99,-61.869
3123.66,-63.103
3124.33,-63.478
3125.01,-64.300
3125.68,-63.542
3126.35,-63.919
3127.02,-62.624
3127.70,-63.386
3128.37,-63.380
3129.04,-62.847
3129.72,-64.275
3130.39,-63.231
3131.06,-64.992
3131.74,-62.475
3132.41,-63.328
3133.08,-64.526
3133.75,-64.125
3134.43,-63.464
3135.10,-63.766
3135.77,-61.744
3136.45,-62.089
3137.12,-62.619
3137.79,-64.572
3138.46,-63.557
3139.14,-61.851
3139.81,-62.607
3140.48,-61.918
3141.16,-62.877
3141.83,-63.368
3142.50,-62.055
3143.17,-62.128
3143.85,-62.880
3144.52,-62.731
3145.19,-62.004
3145.87,-61.077
3146.54,-63.328
3147.21,-62.518
3147.89,-62.234
3148.56,-62.995
3149.23,-62.229
3149.90,-61.692
3150.58,-61.444
3151.25,-61.561
3151.92,-62.869
3152.60,-63.341
3153.27,-62.194
3153.94,-62.675
3154.61,-61.968
3155.29,-61.532
3155.96,-61.157
3156.63,-61.469
3157.31,-61.039
3157.98,-63.832
3158.65,-62.843
3159.32,-60.210
3160.00,-61.765
3160.67,-63.290
3161.34,-62.205
3162.02,-61.920
3162.69,-62.997
3163.36,-61.382
3164.04,-62.636
3164.71,-61.498
3165.38,-60.745
3166.05,-61.944
3166.73,-61.038
3167.40,-61.200
3168.07,-59.818
3168.75,-59.605
3169.42,-60.713
3170.09,-61.530
3170.76,-60.511
3171.44,-61.375
3172.11,-61.165
3172.78,-60.412
3173.46,-60.912
3174.13,-60.735
3174.80,-61.626
3175.47,-60.785
3176.15,-61.718
3176.82,-61.883
3177.49,-61.593
3178.17,-61.698
3178.84,-59.969
3179.51,-60.696
3180.18,-60.091
3180.86,-61.654
3181.53,-62.298
3182.20,-61.092
3182.88,-61.565
3183.55,-60.187
3184.22,-60.467
3184.90,-59.593
3185.57,-59.880
3186.24,-60.228
3186.91,-58.922
3187.59,-59.982
3188.26,-59.461
3188.93,-59.300
3189.61,-60.080
3190.28,-60.809
3190.95,-59.196
3191.62,-59.484
3192.30,-59.771
3192.97,-60.237
3193.64,-60.072
3194.32,-57.710
3194.99,-60.269
3195.66,-60.030
3196.33,-59.843
3197.01,-59.851
3197.68,-60.631
3198.35,-60.692
3199.03,-58.885
3199.70,-58.804
3200.37,-58.404
3201.05,-60.033
3201.72,-59.206
3202.39,-59.042
3203.06,-59.291
3203.74,-56.973
3204.41,-57.723
3205.08,-59.399
3205.76,-58.651
3206.43,-59.144
3207.10,-58.989
3207.77,-57.437
3208.45,-58.501
3209.12,-58.708
3209.79,-57.989
3210.47,-59.334
3211.14,-58.078
3211.81,-57.575
3212.48,-57.375
3213.16,-57.036
3213.83,-57.862
3214.50,-57.698
3215.18,-57.128
3215.85,-56.925
3216.52,-57.303
3217.20,-57.419
3217.87,-57.673
3218.54,-56.452
3219.21,-57.294
3219.89,-56.870
3220.56,-57.797
3221.23,-55.988
3221.91,-57.098
3222.58,-56.757
3223.25,-55.657
3223.92,-56.644
3224.60,-56.276
3225.27,-56.387
3225.94,-55.790
3226.62,-55.045
3227.29,-56.852
3227.96,-56.115
3228.63,-56.093
3229.31,-55.748
3229.98,-55.142
3230.65,-55.627
3231.33,-54.588
3232.00,-53.358
3232.67,-53.682
3233.35,-54.288
3234.02,-54.049
3234.69,-54.851
3235.36,-54.083
3236.04,-54.905
3236.71,-53.551
3237.38,-54.530
3238.06,-54.201
3238.73,-53.854
3239.40,-53.790
3240.07,-52.403
3240.75,-53.116
3241.42,-54.194
3242.09,-53.368
3242.77,-54.370
3243.44,-53.950
3244.11,-54.668
3244.78,-55.677
3245.46,-54.327
3246.13,-53.073
3246.80,-53.365
3247.48,-52.048
3248.15,-53.777
3248.82,-52.451
3249.49,-51.555
3250.17,-51.123
3250.84,-52.492
3251.51,-53.982
3252.19,-53.191
3252.86,-52.781
3253.53,-52.842
3254.21,-52.230
3254.88,-52.498
3255.55,-54.256
3256.22,-52.375
3256.90,-51.389
3257.57,-52.861
3258.24,-51.801
3258.92,-52.789
3259.59,-51.481
3260.26,-52.299
3260.93,-52.578
3261.61,-51.423
3262.28,-51.107
3262.95,-51.924
3263.63,-52.058
3264.30,-51.533
3264.97,-50.893
3265.64,-51.747
3266.32,-52.027
3266.99,-51.858
3267.66,-52.515
3268.34,-52.776
3269.01,-51.509
3269.68,-52.662
3270.36,-51.675
3271.03,-50.050
3271.70,-52.116
3272.37,-50.977
3273.05,-51.530
3273.72,-51.977
3274.39,-54.194
3275.07,-52.634
3275.74,-52.874
3276.41,-52.526
3277.08,-52.484
3277.76,-53.879
3278.43,-52.839
3279.10,-54.583
3279.78,-54.628
3280.45,-52.377
3281.12,-52.577
3281.79,-53.787
3282.47,-53.031
3283.14,-52.454
3283.81,-53.301
3284.49,-52.197
3285.16,-54.488
3285.83,-53.809
3286.51,-53.540
3287.18,-53.318
3287.85,-52.586
3288.52,-53.946
3289.20,-54.305
3289.87,-54.386
3290.54,-54.557
3291.22,-53.518
3291.89,-54.933
3292.56,-54.445
3293.23,-54.612
3293.91,-54.213
3294.58,-54.467
3295.25,-55.149
3295.93,-54.200
3296.60,-54.309
3297.27,-55.059
3297.94,-56.283
3298.62,-55.972
3299.29,-54.373
3299.96,-55.591
3300.64,-55.627
3301.31,-54.780
3301.98,-56.588
3302.66,-56.321
3303.33,-55.086
3304.00,-57.386
3304.67,-57.120
3305.35,-57.583
3306.02,-57.592
3306.69,-56.094
3307.37,-58.719
3308.04,-56.924
3308.71,-57.161
3309.38,-55.241
3310.06,-57.908
3310.73,-55.647
3311.40,-57.360
3312.08,-56.417
3312.75,-55.619
3313.42,-57.221
3314.09,-56.654
3314.77,-56.957
3315.44,-55.850
3316.11,-56.649
3316.79,-58.074
3317.46,-59.636
3318.13,-60.483
3318.80,-59.334
3319.48,-58.224
3320.15,-57.326
3320.82,-58.244
3321.50,-57.875
3322.17,-58.209
3322.84,-59.405
3323.52,-58.913
3324.19,-57.521
3324.86,-58.954
3325.53,-59.429
3326.21,-60.283
3326.88,-58.606
3327.55,-59.872
3328.23,-59.285
3328.90,-58.715
3329.57,-58.397
3330.24,-57.777
3330.92,-59.454
3331.59,-58.409
3332.26,-58.299
3332.94,-59.326
3333.61,-59.749
3334.28,-58.783
3334.95,-58.846
3335.63,-59.131
3336.30,-60.691
3336.97,-59.974
3337.65,-59.222
3338.32,-59.364
3338.99,-59.818
3339.67,-60.373
3340.34,-62.311
3341.01,-60.797
3341.68,-60.967
3342.36,-59.922
3343.03,-61.383
3343.70,-60.441
3344.38,-61.390
3345.05,-60.880
3345.72,-59.802
3346.39,-61.438
3347.07,-60.761
3347.74,-62.034
3348.41,-60.662
3349.09,-61.588
3349.76,-60.966
3350.43,-61.513
3351.10,-60.015
3351.78,-60.930
3352.45,-60.870
3353.12,-61.623
3353.80,-61.087
3354.47,-60.793
3355.14,-61.776
3355.82,-60.675
3356.49,-60.435
3357.16,-61.305
3357.83,-61.500
3358.51,-62.773
3359.18,-61.573
3359.85,-60.401
3360.53,-62.146
3361.20,-62.244
3361.87,-61.655
3362.54,-61.121
3363.22,-61.771
3363.89,-61.059
3364.56,-62.207
3365.24,-61.900
3365.91,-62.154
3366.58,-62.110
3367.25,-62.538
3367.93,-62.176
3368.60,-61.917
3369.27,-62.577
3369.95,-63.960
3370.62,-62.829
3371.29,-61.309
3371.97,-62.530
3372.64,-62.903
3373.31,-62.548
3373.98,-60.956
3374.66,-62.395
3375.33,-62.190
3376.00,-62.825
3376.68,-63.912
3377.35,-63.205
3378.02,-62.255
3378.69,-62.306
3379.37,-62.624
3380.04,-64.646
3380.71,-65.146
3381.39,-64.125
3382.06,-63.740
3382.73,-63.999
3383.40,-62.757
3384.08,-64.857
3384.75,-63.600
3385.42,-63.163
3386.10,-63.826
3386.77,-62.882
3387.44,-62.983
3388.11,-63.378
3388.79,-63.285
3389.46,-63.420
3390.13,-62.410
3390.81,-63.245
3391.48,-64.753
3392.15,-63.236
3392.83,-63.235
3393.50,-64.568
3394.17,-64.109
3394.84,-63.766
3395.52,-63.355
3396.19,-63.219
3396.86,-64.350
3397.54,-64.713
3398.21,-63.153
3398.88,-64.699
3399.55,-63.878
3400.23,-62.861
3400.90,-65.338
3401.57,-64.483
3402.25,-63.883
3402.92,-65.146
3403.59,-64.074
3404.26,-64.074
3404.94,-64.589
3405.61,-64.049
3406.28,-65.138
3406.96,-65.089
3407.63,-64.359
3408.30,-63.435
3408.98,-64.472
3409.65,-63.670
3410.32,-64.294
3410.99,-64.443
3411.67,-64.700
3412.34,-64.737
3413.01,-65.821
3413.69,-64.485
3414.36,-66.000
3415.03,-65.159
3415.70,-65.599
3416.38,-64.397
3417.05,-64.611
3417.72,-65.263
3418.40,-64.426
3419.07,-64.382
3419.74,-65.441
3420.41,-65.500
3421.09,-64.565
3421.76,-66.416
3422.43,-65.614
3423.11,-63.890
3423.78,-65.701
3424.45,-66.185
3425.13,-64.130
3425.80,-65.440
3426.47,-65.693
3427.14,-63.850
3427.82,-64.975
3428.49,-64.915
3429.16,-65.080
3429.84,-66.848
3430.51,-65.173
3431.18,-64.649
3431.85,-65.630
3432.53,-65.785
3433.20,-64.559
3433.87,-65.583
3434.55,-66.033
3435.22,-65.411
3435.89,-65.948
3436.56,-65.578
3437.24,-64.373
3437.91,-64.505
3438.58,-65.043
3439.26,-64.417
3439.93,-64.490
3440.60,-66.101
3441.28,-64.559
3441.95,-64.053
3442.62,-65.593
3443.29,-65.062
3443.97,-64.589
3444.64,-65.871
3445.31,-65.441
3445.99,-66.502
3446.66,-65.525
3447.33,-64.873
3448.00,-64.491
3448.68,-65.200
3449.35,-65.740
3450.02,-67.066
3450.70,-65.880
3451.37,-64.992
3452.04,-68.068
3452.71,-66.226
3453.39,-65.425
3454.06,-65.928
3454.73,-64.469
3455.41,-64.365
3456.08,-65.525
3456.75,-66.025
3457.42,-65.698
3458.10,-66.125
3458.77,-65.558
3459.44,-64.722
3460.12,-65.601
3460.79,-66.631
3461.46,-66.027
3462.14,-66.533
3462.81,-64.897
3463.48,-65.408
3464.15,-66.982
3464.83,-65.794
3465.50,-66.114
3466.17,-66.805
3466.85,-66.107
3467.52,-64.648
3468.19,-66.551
3468.86,-65.365
3469.54,-65.477
3470.21,-66.380
3470.88,-65.811
3471.56,-65.171
3472.23,-66.871
3472.90,-65.628
3473.57,-66.693
3474.25,-66.745
3474.92,-66.761
3475.59,-66.941
3476.27,-67.867
3476.94,-65.886
3477.61,-64.963
3478.29,-67.054
3478.96,-66.360
3479.63,-65.773
3480.30,-67.743
3480.98,-66.592
3481.65,-66.595
3482.32,-64.874
3483.00,-66.221
3483.67,-65.608
3484.34,-66.393
3485.01,-65.621
3485.69,-66.803
3486.36,-66.066
3487.03,-66.302
3487.71,-66.686
3488.38,-65.946
3489.05,-65.410
3489.72,-66.011
3490.40,-67.149
3491.07,-65.225
3491.74,-66.522
3492.42,-66.685
3493.09,-65.672
3493.76,-64.522
3494.44,-66.603
3495.11,-64.477
3495.78,-65.836
3496.45,-67.091
3497.13,-66.321
3497.80,-66.290
3498.47,-65.180
3499.15,-64.762
3499.82,-65.501
3500.49,-67.669
3501.16,-66.329
3501.84,-65.543
3502.51,-65.764
3503.18,-64.984
3503.86,-65.847
3504.53,-65.418
3505.20,-64.361
3505.87,-66.053
3506.55,-65.631
3507.22,-66.270
3507.89,-66.050
3508.57,-65.424
3509.24,-64.422
3509.91,-65.726
3510.59,-65.123
3511.26,-65.763
3511.93,-66.427
3512.60,-65.464
3513.28,-64.866
3513.95,-64.462
3514.62,-65.299
3515.30,-66.492
3515.97,-66.537
3516.64,-65.473
3517.31,-65.263
3517.99,-66.088
3518.66,-65.254
3519.33,-66.098
3520.01,-66.286
3520.68,-67.697
3521.35,-65.624
3522.02,-65.712
3522.70,-66.062
3523.37,-66.103
3524.04,-67.607
3524.72,-66.282
3525.39,-64.505
3526.06,-65.249
3526.73,-63.750
3527.41,-64.747
3528.08,-66.385
3528.75,-66.255
3529.43,-65.035
3530.10,-64.209
3530.77,-66.536
3531.45,-64.780
3532.12,-65.870
3532.79,-65.467
3533.46,-65.892
3534.14,-65.696
3534.81,-65.864
3535.48,-66.121
3536.16,-65.624
3536.83,-65.670
3537.50,-65.586
3538.17,-66.056
3538.85,-65.508
3539.52,-64.707
3540.19,-66.164
3540.87,-66.115
3541.54,-67.105
3542.21,-67.037
3542.88,-65.525
3543.56,-65.905
3544.23,-66.115
3544.90,-65.932
3545.58,-67.378
3546.25,-66.285
3546.92,-66.570
3547.60,-64.220
3548.27,-65.337
3548.94,-65.644
3549.61,-65.087
3550.29,-65.603
3550.96,-65.606
3551.63,-65.859
3552.31,-66.901
3552.98,-66.693
3553.65,-66.282
3554.32,-64.474
3555.00,-64.692
3555.67,-65.009
3556.34,-64.367
3557.02,-64.355
3557.69,-65.134
3558.36,-66.027
3559.03,-66.209
3559.71,-63.335
3560.38,-65.436
3561.05,-65.444
3561.73,-64.812
3562.40,-64.506
3563.07,-63.127
3563.75,-65.243
3564.42,-64.690
3565.09,-63.756
3565.76,-64.739
3566.44,-64.480
3567.11,-65.151
3567.78,-65.270
3568.46,-65.876
3569.13,-66.254
3569.80,-64.573
3570.47,-64.786
3571.15,-65.124
3571.82,-64.118
3572.49,-64.208
3573.17,-65.704
3573.84,-65.515
3574.51,-63.897
3575.18,-64.519
3575.86,-63.759
3576.53,-63.073
3577.20,-65.498
3577.88,-64.531
3578.55,-65.720
3579.22,-65.762
3579.90,-63.894
3580.57,-63.029
3581.24,-63.436
3581.91,-65.114
3582.59,-64.385
3583.26,-64.361
3583.93,-64.690
3584.61,-64.270
3585.28,-63.850
3585.95,-63.479
3586.62,-64.307
3587.30,-64.759
3587.97,-64.914
3588.64,-63.954
3589.32,-63.924
3589.99,-63.695
3590.66,-64.625
3591.33,-63.762
3592.01,-64.625
3592.68,-63.656
3593.35,-64.597
3594.03,-63.221
3594.70,-64.503
3595.37,-63.879
3596.04,-63.428
3596.72,-63.676
3597.39,-63.314
3598.06,-64.575
3598.74,-64.582
3599.41,-62.419
3600.08,-62.642
3600.76,-61.938
3601.43,-64.619
3602.10,-64.031
3602.77,-64.583
3603.45,-64.030
3604.12,-65.057
3604.79,-64.061
3605.47,-63.160
3606.14,-61.415
3606.81,-63.220
3607.48,-63.422
3608.16,-62.113
3608.83,-63.393
3609.50,-63.344
3610.18,-63.376
3610.85,-63.267
3611.52,-61.959
3612.19,-62.448
3612.87,-62.194
3613.54,-64.129
3614.21,-62.043
3614.89,-61.790
3615.56,-61.118
3616.23,-61.418
3616.91,-63.093
3617.58,-62.580
3618.25,-62.297
3618.92,-60.992
3619.60,-60.450
3620.27,-62.566
3620.94,-62.614
3621.62,-63.117
3622.29,-61.441
3622.96,-60.690
3623.63,-62.667
3624.31,-61.791
3624.98,-63.197
3625.65,-61.152
3626.33,-61.811
3627.00,-62.104
3627.67,-62.418
3628.34,-62.244
3629.02,-62.258
3629.69,-63.182
3630.36,-63.088
3631.04,-61.642
3631.71,-62.004
3632.38,-62.005
3633.06,-61.966
3633.73,-61.900
3634.40,-62.073
3635.07,-61.564
3635.75,-61.276
3636.42,-60.767
3637.09,-60.902
3637.77,-61.107
3638.44,-59.619
3639.11,-59.704
3639.78,-60.786
3640.46,-61.095
3641.13,-59.961
3641.80,-59.698
3642.48,-60.523
3643.15,-61.569
3643.82,-59.289
3644.49,-58.867
3645.17,-60.939
3645.84,-59.077
3646.51,-60.972
3647.19,-59.534
3647.86,-59.100
3648.53,-59.435
3649.21,-59.444
3649.88,-59.433
3650.55,-60.245
3651.22,-61.070
3651.90,-58.874
3652.57,-58.439
3653.24,-59.038
3653.92,-59.484
3654.59,-60.593
3655.26,-59.668
3655.93,-58.674
3656.61,-58.725
3657.28,-58.280
3657.95,-57.798
3658.63,-58.150
3659.30,-60.083
3659.97,-58.674
3660.64,-58.527
3661.32,-57.727
3661.99,-57.230
3662.66,-59.047
3663.34,-58.448
3664.01,-57.651
3664.68,-57.951
3665.35,-59.116
3666.03,-57.814
3666.70,-57.692
3667.37,-57.955
3668.05,-58.218
3668.72,-56.791
3669.39,-57.827
3670.07,-56.981
3670.74,-57.197
3671.41,-57.374
3672.08,-55.447
3672.76,-57.057
3673.43,-55.826
3674.10,-55.867
3674.78,-57.403
3675.45,-56.109
3676.12,-55.489
3676.79,-57.118
3677.47,-56.013
3678.14,-56.027
3678.81,-56.077
3679.49,-56.434
3680.16,-56.159
3680.83,-57.605
3681.50,-56.160
3682.18,-55.955
3682.85,-55.883
3683.52,-56.780
3684.20,-55.870
3684.87,-55.086
3685.54,-54.849
3686.22,-55.363
3686.89,-56.335
3687.56,-55.517
3688.23,-54.335
3688.91,-55.116
3689.58,-54.459
3690.25,-53.602
3690.93,-54.449
3691.60,-54.430
3692.27,-53.960
3692.94,-54.299
3693.62,-53.397
3694.29,-53.667
3694.96,-54.435
3695.64,-52.576
3696.31,-53.431
3696.98,-53.648
3697.65,-52.627
3698.33,-54.493
3699.00,-54.387
3699.67,-52.339
3700.35,-52.919
3701.02,-52.277
3701.69,-52.879
3702.37,-53.955
3703.04,-52.283
3703.71,-52.639
3704.38,-52.338
3705.06,-52.908
3705.73,-52.739
3706.40,-52.079
3707.08,-52.162
3707.75,-51.971
3708.42,-52.192
3709.09,-53.196
3709.77,-52.304
3710.44,-52.522
3711.11,-52.344
3711.79,-52.146
3712.46,-51.864
3713.13,-51.022
3713.80,-51.958
3714.48,-52.135
3715.15,-51.933
3715.82,-51.872
3716.50,-50.967
3717.17,-52.096
3717.84,-50.599
3718.52,-51.926
3719.19,-52.028
3719.86,-52.013
3720.53,-51.797
3721.21,-51.789
3721.88,-51.146
3722.55,-51.905
3723.23,-51.364
3723.90,-52.400
3724.57,-51.786
3725.24,-52.992
3725.92,-53.263
3726.59,-52.971
3727.26,-52.238
3727.94,-52.223
3728.61,-52.031
3729.28,-52.088
3729.95,-52.064
3730.63,-53.250
3731.30,-53.687
3731.97,-51.815
3732.65,-53.136
3733.32,-54.008
3733.99,-52.632
3734.66,-54.000
3735.34,-52.643
3736.01,-52.729
3736.68,-51.743
3737.36,-52.522
3738.03,-54.026
3738.70,-53.644
3739.38,-54.009
3740.05,-54.632
3740.72,-54.689
3741.39,-55.463
3742.07,-53.055
3742.74,-54.167
3743.41,-54.185
3744.09,-55.954
3744.76,-54.063
3745.43,-54.012
3746.10,-54.966
3746.78,-55.083
3747.45,-54.093
3748.12,-55.145
3748.80,-55.058
3749.47,-53.915
3750.14,-55.360
3750.81,-54.667
3751.49,-55.108
3752.16,-55.136
3752.83,-55.790
3753.51,-55.780
3754.18,-55.889
3754.85,-55.208
3755.53,-55.163
3756.20,-55.277
3756.87,-56.075
3757.54,-56.085
3758.22,-56.859
3758.89,-56.922
3759.56,-55.571
3760.24,-55.813
3760.91,-55.521
3761.58,-56.466
3762.25,-56.843
3762.93,-56.627
3763.60,-57.339
3764.27,-56.669
3764.95,-56.735
3765.62,-57.065
3766.29,-57.225
3766.96,-57.456
3767.64,-57.236
3768.31,-56.887
3768.98,-56.690
3769.66,-58.008
3770.33,-56.789
3771.00,-57.345
3771.68,-56.618
3772.35,-57.136
3773.02,-58.753
3773.69,-59.652
3774.37,-58.265
3775.04,-57.610
3775.71,-56.492
3776.39,-56.839
3777.06,-56.210
3777.73,-59.797
3778.40,-57.875
3779.08,-58.520
3779.75,-58.849
3780.42,-57.837
3781.10,-58.978
3781.77,-57.589
3782.44,-58.049
3783.11,-59.747
3783.79,-59.123
3784.46,-59.691
3785.13,-59.267
3785.81,-58.752
3786.48,-59.468
3787.15,-59.663
3787.83,-59.288
3788.50,-58.639
3789.17,-58.925
3789.84,-58.953
3790.52,-60.174
3791.19,-59.139
3791.86,-59.867
3792.54,-60.036
3793.21,-60.506
3793.88,-58.844
3794.55,-59.562
3795.23,-60.629
3795.90,-60.229
3796.57,-60.411
3797.25,-61.168
3797.92,-60.486
3798.59,-61.136
3799.26,-61.066
3799.94,-60.066
3800.61,-61.157
3801.28,-59.506
3801.96,-58.150
3802.63,-60.173
3803.30,-61.638
3803.97,-61.877
3804.65,-61.332
3805.32,-60.714
3805.99,-60.721
3806.67,-59.957
3807.34,-60.431
3808.01,-60.258
3808.69,-59.835
3809.36,-60.410
3810.03,-59.711
3810.70,-60.803
3811.38,-59.185
3812.05,-61.470
3812.72,-61.568
3813.40,-60.665
3814.07,-62.284
3814.74,-61.849
3815.41,-60.670
3816.09,-61.967
3816.76,-61.434
3817.43,-61.718
3818.11,-62.348
3818.78,-61.025
3819.45,-61.108
3820.12,-61.407
3820.80,-60.614
3821.47,-61.685
3822.14,-61.456
3822.82,-61.849
3823.49,-61.227
3824.16,-62.013
3824.84,-59.261
3825.51,-61.004
3826.18,-62.248
3826.85,-61.281
3827.53,-61.107
3828.20,-61.982
3828.87,-62.312
3829.55,-62.464
3830.22,-61.027
3830.89,-60.376
3831.56,-62.844
3832.24,-62.283
3832.91,-61.973
3833.58,-61.722
3834.26,-61.277
3834.93,-63.012
3835.60,-62.915
3836.27,-62.032
3836.95,-62.074
3837.62,-63.774
3838.29,-62.597
3838.97,-62.232
3839.64,-63.106
3840.31,-63.649
3840.99,-62.319
3841.66,-63.448
3842.33,-64.280
3843.00,-61.674
3843.68,-61.334
3844.35,-63.684
3845.02,-63.020
3845.70,-63.460
3846.37,-62.883
3847.04,-60.764
3847.71,-62.234
3848.39,-62.523
3849.06,-65.262
3849.73,-62.562
3850.41,-62.953
3851.08,-63.916
3851.75,-62.415
3852.42,-62.326
3853.10,-62.797
3853.77,-63.360
3854.44,-63.367
3855.12,-62.712
3855.79,-62.063
3856.46,-62.447
3857.14,-62.204
3857.81,-63.309
3858.48,-63.713
3859.15,-63.470
3859.83,-64.294
3860.50,-64.172
3861.17,-63.370
3861.85,-62.301
3862.52,-62.909
3863.19,-62.967
3863.86,-63.832
3864.54,-64.031
3865.21,-63.967
3865.88,-63.130
3866.56,-63.603
3867.23,-61.513
3867.90,-63.572
3868.57,-61.873
3869.25,-63.513
3869.92,-63.943
3870.59,-63.149
3871.27,-64.055
3871.94,-63.548
3872.61,-63.919
3873.28,-63.833
3873.96,-64.059
3874.63,-62.629
3875.30,-62.297
3875.98,-62.693
3876.65,-63.412
3877.32,-64.007
3878.00,-65.258
3878.67,-63.416
3879.34,-62.795
3880.01,-64.048
3880.69,-64.167
3881.36,-65.160
3882.03,-63.616
3882.71,-62.631
3883.38,-62.346
3884.05,-63.617
3884.72,-63.300
3885.40,-62.016
3886.07,-64.670
3886.74,-64.544
3887.42,-64.571
3888.09,-62.763
3888.76,-63.574
3889.43,-65.985
3890.11,-64.592
3890.78,-64.084
3891.45,-63.300
3892.13,-62.378
3892.80,-63.767
3893.47,-63.675
3894.15,-63.530
3894.82,-65.296
3895.49,-63.938
3896.16,-64.283
3896.84,-63.297
3897.51,-64.262
3898.18,-64.595
3898.86,-63.969
3899.53,-64.776
3900.20,-64.922
3900.87,-64.604
3901.55,-62.877
3902.22,-63.607
3902.89,-63.605
3903.57,-64.104
3904.24,-63.360
3904.91,-63.425
3905.58,-63.869
3906.26,-63.553
3906.93,-64.036
3907.60,-64.586
3908.28,-62.952
3908.95,-64.551
3909.62,-64.701
3910.30,-63.944
3910.97,-63.276
3911.64,-63.195
3912.31,-63.671
3912.99,-64.300
3913.66,-64.527
3914.33,-64.359
3915.01,-65.347
3915.68,-63.274
3916.35,-63.691
3917.02,-63.988
3917.70,-64.842
3918.37,-64.761
3919.04,-64.992
3919.72,-65.682
3920.39,-64.386
3921.06,-63.416
3921.73,-64.658
3922.41,-64.654
3923.08,-65.448
3923.75,-63.690
3924.43,-64.539
3925.10,-64.791
3925.77,-65.201
3926.45,-65.349
3927.12,-64.248
3927.79,-64.832
3928.46,-64.740
3929.14,-64.107
3929.81,-63.617
3930.48,-64.441
3931.16,-64.524
3931.83,-64.419
3932.50,-64.097
3933.17,-63.545
3933.85,-63.543
3934.52,-63.340
3935.19,-64.691
3935.87,-63.393
3936.54,-63.979
3937.21,-63.969
3937.88,-64.308
3938.56,-63.680
3939.23,-63.095
3939.90,-64.270
3940.58,-64.204
3941.25,-64.516
3941.92,-64.641
3942.59,-64.743
3943.27,-63.739
3943.94,-63.817
3944.61,-64.038
3945.29,-64.065
3945.96,-64.051
3946.63,-63.373
3947.31,-64.258
3947.98,-63.954
3948.65,-63.845
3949.32,-63.849
3950.00,-63.903
3950.67,-65.507
3951.34,-62.794
3952.02,-63.510
3952.69,-63.901
3953.36,-64.155
3954.03,-63.121
3954.71,-63.321
3955.38,-62.954
3956.05,-64.755
3956.73,-63.815
3957.40,-64.005
3958.07,-62.704
3958.74,-62.864
3959.42,-63.240
3960.09,-62.172
3960.76,-63.890
3961.44,-63.599
3962.11,-63.800
3962.78,-64.826
3963.46,-62.914
3964.13,-63.571
3964.80,-63.899
3965.47,-63.378
3966.15,-62.629
3966.82,-63.174
3967.49,-62.613
3968.17,-63.028
3968.84,-64.369
3969.51,-63.383
3970.18,-63.259
3970.86,-63.142
3971.53,-62.841
3972.20,-62.199
3972.88,-63.792
3973.55,-64.279
3974.22,-64.276
3974.89,-63.204
3975.57,-64.526
3976.24,-63.057
3976.91,-63.923
3977.59,-64.103
3978.26,-65.234
3978.93,-63.439
3979.61,-63.176
3980.28,-62.811
3980.95,-62.577
3981.62,-62.656
3982.30,-63.089
3982.97,-62.863
3983.64,-63.636
3984.32,-63.463
3984.99,-63.767
3985.66,-65.231
3986.33,-63.633
3987.01,-63.593
3987.68,-63.217
3988.35,-64.639
3989.03,-63.432
3989.70,-63.277
3990.37,-62.308
3991.04,-62.426
3991.72,-62.841
3992.39,-63.693
3993.06,-63.217
3993.74,-61.625
3994.41,-63.520
3995.08,-62.481
3995.76,-62.754
3996.43,-62.918
3997.10,-63.241
3997.77,-62.361
3998.45,-62.493
3999.12,-61.759
3999.79,-63.409
4000.47,-61.762
4001.14,-63.394
4001.81,-63.324
4002.48,-62.484
4003.16,-62.214
4003.83,-63.939
4004.50,-62.541
4005.18,-62.725
4005.85,-62.128
4006.52,-63.078
4007.19,-63.429
4007.87,-61.828
4008.54,-61.917
4009.21,-61.347
4009.89,-63.308
4010.56,-62.875
4011.23,-61.325
4011.90,-63.729
4012.58,-62.799
4013.25,-61.007
4013.92,-63.436
4014.60,-62.053
4015.27,-62.775
4015.94,-63.654
4016.62,-62.037
4017.29,-62.988
4017.96,-61.234
4018.63,-62.416
4019.31,-62.731
4019.98,-61.715
4020.65,-62.471
4021.33,-62.728
4022.00,-62.657
4022.67,-62.008
4023.34,-62.467
4024.02,-61.689
4024.69,-62.413
4025.36,-61.447
4026.04,-62.088
4026.71,-61.386
4027.38,-61.223
4028.05,-61.646
4028.73,-61.475
4029.40,-61.549
4030.07,-62.162
4030.75,-60.218
4031.42,-61.925
4032.09,-60.620
4032.77,-60.485
4033.44,-62.187
4034.11,-61.519
4034.78,-60.259
4035.46,-60.737
4036.13,-60.899
4036.80,-61.458
4037.48,-59.849
4038.15,-60.437
4038.82,-61.532
4039.49,-60.968
4040.17,-61.189
4040.84,-60.849
4041.51,-59.168
4042.19,-61.710
4042.86,-60.378
4043.53,-61.796
4044.20,-61.618
4044.88,-58.845
4045.55,-59.399
4046.22,-60.369
4046.90,-59.897
4047.57,-59.634
4048.24,-60.383
4048.92,-60.531
4049.59,-60.820
4050.26,-60.539
4050.93,-59.309
4051.61,-60.673
4052.28,-60.271
4052.95,-59.565
4053.63,-60.376
4054.30,-60.758
4054.97,-60.177
4055.64,-59.653
4056.32,-58.588
4056.99,-61.024
4057.66,-60.275
4058.34,-59.572
4059.01,-59.828
4059.68,-59.566
4060.35,-59.642
4061.03,-60.771
4061.70,-61.730
4062.37,-59.377
4063.05,-59.390
4063.72,-58.440
4064.39,-61.115
4065.07,-60.486
4065.74,-59.457
4066.41,-60.262
4067.08,-58.082
4067.76,-58.578
4068.43,-60.090
4069.10,-58.578
4069.78,-59.173
4070.45,-59.457
4071.12,-58.816
4071.79,-59.267
4072.47,-57.875
4073.14,-58.192
4073.81,-59.151
4074.49,-58.594
4075.16,-58.770
4075.83,-58.834
4076.50,-58.905
4077.18,-60.133
4077.85,-58.363
4078.52,-58.068
4079.20,-58.344
4079.87,-57.917
4080.54,-58.228
4081.21,-59.404
4081.89,-59.166
4082.56,-59.991
4083.23,-58.347
4083.91,-58.265
4084.58,-58.343
4085.25,-56.802
4085.93,-57.535
4086.60,-57.210
4087.27,-58.704
4087.94,-60.296
4088.62,-56.786
4089.29,-57.675
4089.96,-57.228
4090.64,-57.797
4091.31,-58.533
4091.98,-58.770
4092.65,-57.972
4093.33,-57.268
4094.00,-57.254
4094.67,-56.945
4095.35,-57.189
4096.02,-57.343
4096.69,-57.783
4097.36,-56.966
4098.04,-56.857
4098.71,-56.210
4099.38,-57.503
4100.06,-56.865
4100.73,-56.028
4101.40,-57.474
4102.08,-55.543
4102.75,-56.668
4103.42,-56.700
4104.09,-55.833
4104.77,-56.059
4105.44,-57.420
4106.11,-54.829
4106.79,-56.590
4107.46,-57.159
4108.13,-55.741
4108.80,-55.747
4109.48,-54.256
4110.15,-55.541
4110.82,-54.573
4111.50,-56.433
4112.17,-53.968
4112.84,-56.177
4113.51,-55.140
4114.19,-54.310
4114.86,-55.391
4115.53,-55.720
4116.21,-54.333
4116.88,-54.570
4117.55,-54.840
4118.23,-54.504
4118.90,-55.026
4119.57,-53.952
4120.24,-54.534
4120.92,-53.735
4121.59,-55.384
4122.26,-54.648
4122.94,-53.922
4123.61,-53.549
4124.28,-54.906
4124.95,-53.801
4125.63,-54.689
4126.30,-55.024
4126.97,-54.498
4127.65,-53.526
4128.32,-54.464
4128.99,-52.938
4129.66,-53.142
4130.34,-53.452
4131.01,-54.380
4131.68,-52.893
4132.36,-53.732
4133.03,-54.758
4133.70,-54.278
4134.38,-53.096
4135.05,-52.105
4135.72,-53.863
4136.39,-53.822
4137.07,-52.723
4137.74,-52.979
4138.41,-53.011
4139.09,-52.512
4139.76,-53.268
4140.43,-52.858
4141.10,-52.730
4141.78,-53.158
4142.45,-53.701
4143.12,-54.113
4143.80,-51.916
4144.47,-53.852
4145.14,-53.049
4145.81,-53.379
4146.49,-53.476
4147.16,-52.146
4147.83,-54.139
4148.51,-52.665
4149.18,-52.789
4149.85,-53.175
4150.52,-54.964
4151.20,-54.034
4151.87,-53.262
4152.54,-52.272
4153.22,-52.414
4153.89,-52.227
4154.56,-53.170
4155.24,-52.289
4155.91,-51.571
4156.58,-53.508
4157.25,-52.272
4157.93,-52.585
4158.60,-51.763
4159.27,-52.690
4159.95,-53.023
4160.62,-51.951
4161.29,-52.047
4161.96,-52.876
4162.64,-52.369
4163.31,-51.470
4163.98,-51.210
4164.66,-51.728
4165.33,-51.940
4166.00,-51.583
4166.67,-52.320
4167.35,-52.658
4168.02,-50.881
4168.69,-51.073
4169.37,-52.293
4170.04,-52.560
4170.71,-51.368
4171.39,-52.803
4172.06,-53.936
4172.73,-52.773
4173.40,-52.772
4174.08,-52.888
4174.75,-52.385
4175.42,-53.215
4176.10,-52.903
4176.77,-52.608
4177.44,-53.155
4178.11,-51.216
4178.79,-52.952
4179.46,-53.595
4180.13,-53.728
4180.81,-51.733
4181.48,-52.744
4182.15,-52.778
4182.82,-52.261
4183.50,-52.906
4184.17,-51.764
4184.84,-52.100
4185.52,-52.404
4186.19,-52.256
4186.86,-52.439
4187.54,-52.270
4188.21,-52.460
4188.88,-53.195
4189.55,-52.350
4190.23,-52.272
4190.90,-54.959
4191.57,-53.703
4192.25,-53.408
4192.92,-51.319
4193.59,-52.069
4194.26,-52.053
4194.94,-53.069
4195.61,-53.219
4196.28,-53.865
4196.96,-53.039
4197.63,-54.044
4198.30,-52.485
4198.97,-53.227
4199.65,-52.557
4200.32,-53.034
4200.99,-53.340
4201.67,-51.059
4202.34,-53.147
4203.01,-54.056
4203.68,-53.472
4204.36,-53.704
4205.03,-55.355
4205.70,-55.301
4206.38,-54.767
4207.05,-54.258
4207.72,-52.906
4208.40,-53.519
4209.07,-54.275
4209.74,-53.698
4210.41,-53.585
4211.09,-55.381
4211.76,-53.721
4212.43,-55.733
4213.11,-55.486
4213.78,-55.066
4214.45,-54.278
4215.12,-54.742
4215.80,-54.754
4216.47,-53.966
4217.14,-55.394
4217.82,-55.844
4218.49,-53.163
4219.16,-53.862
4219.83,-56.102
4220.51,-54.208
4221.18,-54.359
4221.85,-54.926
4222.53,-55.867
4223.20,-52.908
4223.87,-53.811
4224.55,-56.090
4225.22,-54.201
4225.89,-55.280
4226.56,-54.206
4227.24,-55.249
4227.91,-54.641
4228.58,-56.125
4229.26,-55.537
4229.93,-55.433
4230.60,-56.248
4231.27,-57.203
4231.95,-55.145
4232.62,-56.396
4233.29,-55.258
4233.97,-54.822
4234.64,-55.962
4235.31,-54.424
4235.98,-54.617
4236.66,-55.776
4237.33,-55.096
4238.00,-53.925
4238.68,-56.316
4239.35,-55.817
4240.02,-55.586
4240.70,-56.402
4241.37,-55.490
4242.04,-54.593
4242.71,-55.771
4243.39,-55.831
4244.06,-55.739
4244.73,-55.688
4245.41,-55.502
4246.08,-55.193
4246.75,-55.824
4247.42,-57.412
4248.10,-55.211
4248.77,-55.712
4249.44,-57.241
4250.12,-56.539
4250.79,-55.584
4251.46,-55.549
4252.13,-55.341
4252.81,-55.804
4253.48,-56.284
4254.15,-55.816
4254.83,-55.498
4255.50,-55.805
4256.17,-56.043
4256.85,-56.244
4257.52,-58.069
4258.19,-57.188
4258.86,-55.220
4259.54,-57.635
4260.21,-56.372
4260.88,-56.149
4261.56,-56.974
4262.23,-56.424
4262.90,-56.544
4263.57,-57.514
4264.25,-57.884
4264.92,-57.846
4265.59,-57.255
4266.27,-56.319
4266.94,-58.835
4267.61,-57.076
4268.28,-57.039
4268.96,-56.297
4269.63,-57.185
4270.30,-57.849
4270.98,-56.810
4271.65,-56.236
4272.32,-57.297
4272.99,-55.183
4273.67,-57.092
4274.34,-57.098
4275.01,-58.595
4275.69,-57.643
4276.36,-57.308
4277.03,-58.679
4277.71,-58.275
4278.38,-56.265
4279.05,-57.564
4279.72,-57.428
4280.40,-57.329
4281.07,-57.688
4281.74,-57.054
4282.42,-57.334
4283.09,-56.702
4283.76,-56.886
4284.43,-57.704
4285.11,-57.390
4285.78,-57.633
4286.45,-56.717
4287.13,-57.485
4287.80,-57.199
4288.47,-58.054
4289.14,-58.798
4289.82,-56.047
4290.49,-56.692
4291.16,-57.622
4291.84,-59.659
4292.51,-56.974
4293.18,-56.992
4293.86,-57.438
4294.53,-57.758
4295.20,-56.843
4295.87,-57.134
4296.55,-57.221
4297.22,-57.630
4297.89,-56.476
4298.57,-57.176
4299.24,-58.576
4299.91,-57.994
4300.58,-57.147
4301.26,-57.429
4301.93,-57.364
4302.60,-58.034
4303.28,-57.806
4303.95,-58.324
4304.62,-58.485
4305.29,-58.503
4305.97,-57.719
4306.64,-57.803
4307.31,-58.116
4307.99,-58.060
4308.66,-57.388
4309.33,-56.675
4310.01,-58.682
4310.68,-56.756
4311.35,-58.991
4312.02,-55.991
4312.70,-59.293
4313.37,-57.701
4314.04,-57.266
4314.72,-58.338
4315.39,-58.475
4316.06,-56.643
4316.73,-59.150
4317.41,-57.494
4318.08,-56.299
4318.75,-59.702
4319.43,-60.070
4320.10,-58.232
4320.77,-56.620
4321.44,-57.631
4322.12,-57.531
4322.79,-58.696
4323.46,-59.333
4324.14,-58.244
4324.81,-57.777
4325.48,-57.694
4326.16,-59.729
4326.83,-58.735
4327.50,-56.720
4328.17,-58.324
4328.85,-58.450
4329.52,-59.457
4330.19,-58.711
4330.87,-58.516
4331.54,-59.166
4332.21,-57.698
4332.88,-57.615
4333.56,-57.314
4334.23,-58.499
4334.90,-57.347
4335.58,-57.145
4336.25,-58.297
4336.92,-59.023
4337.59,-59.005
4338.27,-60.586
4338.94,-56.324
4339.61,-58.682
4340.29,-58.352
4340.96,-57.912
4341.63,-57.851
4342.30,-57.777
4342.98,-58.598
4343.65,-57.243
4344.32,-59.107
4345.00,-58.576
4345.67,-58.018
4346.34,-59.175
4347.02,-58.477
4347.69,-57.501
4348.36,-58.010
4349.03,-58.461
4349.71,-58.736
4350.38,-58.549
4351.05,-58.984
4351.73,-57.294
4352.40,-57.288
4353.07,-57.742
4353.74,-58.479
4354.42,-58.215
4355.09,-58.165
4355.76,-56.453
4356.44,-58.072
4357.11,-57.315
4357.78,-59.143
4358.45,-57.965
4359.13,-58.188
4359.80,-58.874
4360.47,-57.215
4361.15,-58.474
4361.82,-58.906
4362.49,-59.032
4363.17,-57.388
4363.84,-57.766
4364.51,-57.251
4365.18,-58.849
4365.86,-58.238
4366.53,-57.975
4367.20,-57.813
4367.88,-58.277
4368.55,-60.212
4369.22,-58.287
4369.89,-58.357
4370.57,-58.246
4371.24,-58.929
4371.91,-57.730
4372.59,-57.182
4373.26,-57.838
4373.93,-58.192
4374.60,-58.342
4375.28,-59.114
4375.95,-57.335
4376.62,-57.660
4377.30,-58.432
4377.97,-58.539
4378.64,-57.520
4379.32,-58.138
4379.99,-58.537
4380.66,-57.586
4381.33,-57.381
4382.01,-57.126
4382.68,-57.815
4383.35,-56.996
4384.03,-57.276
4384.70,-57.682
4385.37,-57.149
4386.04,-58.116
4386.72,-58.828
4387.39,-57.161
4388.06,-58.670
4388.74,-58.501
4389.41,-58.694
4390.08,-57.736
4390.75,-58.834
4391.43,-59.197
4392.10,-57.757
4392.77,-57.131
4393.45,-58.435
4394.12,-58.032
4394.79,-58.487
4395.47,-58.217
4396.14,-57.747
4396.81,-58.367
4397.48,-58.143
4398.16,-57.193
4398.83,-56.471
4399.50,-58.330
4400.18,-57.828
4400.85,-57.073
4401.52,-57.703
4402.19,-58.197
4402.87,-57.495
4403.54,-58.401
4404.21,-58.375
4404.89,-57.880
4405.56,-59.440
4406.23,-58.004
4406.90,-57.833
4407.58,-58.391
4408.25,-57.452
4408.92,-57.799
4409.60,-57.642
4410.27,-57.667
4410.94,-57.821
4411.61,-57.509
4412.29,-58.334
4412.96,-58.389
4413.63,-57.463
4414.31,-57.661
4414.98,-57.572
4415.65,-56.721
4416.33,-58.849
4417.00,-57.382
4417.67,-57.188
4418.34,-57.789
4419.02,-57.991
4419.69,-59.156
4420.36,-58.252
4421.04,-57.989
4421.71,-59.050
4422.38,-58.294
4423.05,-57.984
4423.73,-58.842
4424.40,-60.191
4425.07,-58.007
4425.75,-57.090
4426.42,-56.608
4427.09,-57.679
4427.76,-58.051
4428.44,-57.980
4429.11,-58.158
4429.78,-58.074
4430.46,-57.855
4431.13,-57.706
4431.80,-57.942
4432.48,-57.179
4433.15,-58.065
4433.82,-58.667
4434.49,-59.151
4435.17,-58.872
4435.84,-59.034
4436.51,-58.571
4437.19,-57.319
4437.86,-58.543
4438.53,-58.335
4439.20,-58.073
4439.88,-57.696
4440.55,-57.061
4441.22,-58.012
4441.90,-59.311
4442.57,-58.119
4443.24,-59.603
4443.91,-58.968
4444.59,-59.108
4445.26,-59.685
4445.93,-58.214
4446.61,-58.556
4447.28,-59.701
4447.95,-59.237
4448.63,-58.245
4449.30,-58.037
4449.97,-58.470
4450.64,-58.728
4451.32,-59.875
4451.99,-58.517
4452.66,-59.893
4453.34,-57.930
4454.01,-57.956
4454.68,-58.844
4455.35,-59.154
4456.03,-57.259
4456.70,-59.086
4457.37,-57.585
4458.05,-57.842
4458.72,-58.967
4459.39,-58.083
4460.06,-59.675
4460.74,-60.513
4461.41,-58.669
4462.08,-57.707
4462.76,-58.151
4463.43,-57.578
4464.10,-58.598
4464.78,-59.310
4465.45,-59.135
4466.12,-60.092
4466.79,-58.711
4467.47,-58.194
4468.14,-57.106
4468.81,-59.751
4469.49,-59.305
4470.16,-58.441
4470.83,-58.957
4471.50,-58.230
4472.18,-57.554
4472.85,-59.306
4473.52,-58.903
4474.20,-58.088
4474.87,-59.061
4475.54,-59.510
4476.21,-58.471
4476.89,-57.402
4477.56,-57.936
4478.23,-57.714
4478.91,-58.687
4479.58,-59.125
4480.25,-58.965
4480.92,-58.052
4481.60,-58.939
4482.27,-59.800
4482.94,-59.055
4483.62,-58.089
4484.29,-60.043
4484.96,-59.011
4485.64,-59.249
4486.31,-59.235
4486.98,-57.196
4487.65,-59.185
4488.33,-59.650
4489.00,-58.572
4489.67,-58.509
4490.35,-59.308
4491.02,-59.573
4491.69,-58.452
4492.36,-57.673
4493.04,-57.742
4493.71,-58.236
4494.38,-57.295
4495.06,-57.942
4495.73,-59.172
4496.40,-58.137
4497.07,-59.136
4497.75,-58.593
4498.42,-57.677
4499.09,-58.633
4499.77,-57.909
4500.44,-59.313
4501.11,-58.418
4501.79,-58.682
4502.46,-58.692
4503.13,-58.052
4503.80,-58.625
4504.48,-59.656
4505.15,-59.475
4505.82,-58.365
4506.50,-58.039
4507.17,-60.100
4507.84,-58.279
4508.51,-58.707
4509.19,-59.173
4509.86,-58.894
4510.53,-58.499
4511.21,-59.267
4511.88,-59.730
4512.55,-58.555
4513.22,-58.691
4513.90,-57.733
4514.57,-59.025
4515.24,-58.178
4515.92,-59.454
4516.59,-58.902
4517.26,-59.689
4517.94,-57.455
4518.61,-58.083
4519.28,-60.342
4519.95,-59.548
4520.63,-58.962
4521.30,-58.840
4521.97,-58.124
4522.65,-60.184
4523.32,-59.351
4523.99,-59.510
4524.66,-58.068
4525.34,-59.085
4526.01,-58.765
4526.68,-58.959
4527.36,-58.891
4528.03,-59.430
4528.70,-59.259
4529.37,-58.251
4530.05,-58.418
4530.72,-59.042
4531.39,-57.905
4532.07,-58.068
4532.74,-58.331
4533.41,-58.905
4534.09,-58.850
4534.76,-59.432
4535.43,-58.127
4536.10,-59.549
4536.78,-57.703
4537.45,-58.506
4538.12,-57.207
4538.80,-57.477
4539.47,-59.066
4540.14,-59.770
4540.81,-57.542
4541.49,-58.563
4542.16,-57.671
4542.83,-58.093
4543.51,-58.312
4544.18,-57.660
4544.85,-58.164
4545.52,-59.092
4546.20,-59.347
4546.87,-58.155
4547.54,-58.809
4548.22,-59.644
4548.89,-58.736
4549.56,-57.990
4550.23,-57.750
4550.91,-59.228
4551.58,-59.020
4552.25,-58.381
4552.93,-58.789
4553.60,-58.273
4554.27,-58.566
4554.95,-58.677
4555.62,-57.427
4556.29,-57.536
4556.96,-57.649
4557.64,-58.845
4558.31,-57.983
4558.98,-58.343
4559.66,-58.973
4560.33,-58.783
4561.00,-58.359
4561.67,-58.378
4562.35,-57.567
4563.02,-57.550
4563.69,-57.658
4564.37,-56.338
4565.04,-57.429
4565.71,-58.618
4566.38,-58.486
4567.06,-58.777
4567.73,-58.332
4568.40,-57.860
4569.08,-58.201
4569.75,-58.992
4570.42,-58.167
4571.10,-58.156
4571.77,-57.962
4572.44,-56.312
4573.11,-56.962
4573.79,-56.738
4574.46,-58.261
4575.13,-57.331
4575.81,-57.315
4576.48,-57.572
4577.15,-56.855
4577.82,-56.868
4578.50,-58.061
4579.17,-58.206
4579.84,-58.372
4580.52,-57.410
4581.19,-58.228
4581.86,-57.269
4582.53,-58.715
4583.21,-58.214
4583.88,-58.804
4584.55,-57.575
4585.23,-57.313
4585.90,-57.990
4586.57,-57.988
4587.25,-57.033
4587.92,-60.738
4588.59,-58.881
4589.26,-57.305
4589.94,-59.852
4590.61,-57.064
4591.28,-57.631
4591.96,-58.434
4592.63,-57.277
4593.30,-57.515
4593.97,-60.022
4594.65,-57.379
4595.32,-56.742
4595.99,-58.101
4596.67,-57.866
4597.34,-56.874
4598.01,-57.627
4598.68,-57.984
4599.36,-58.822
4600.03,-57.143
4600.70,-58.228
4601.38,-58.551
4602.05,-57.322
4602.72,-57.500
4603.40,-56.481
4604.07,-55.807
4604.74,-56.154
4605.41,-57.547
4606.09,-56.088
4606.76,-57.074
4607.43,-58.065
4608.11,-57.360
4608.78,-57.259
4609.45,-57.804
4610.12,-55.871
4610.80,-58.188
4611.47,-56.461
4612.14,-55.999
4612.82,-57.208
4613.49,-56.309
4614.16,-56.696
4614.83,-58.416
4615.51,-56.986
4616.18,-56.834
4616.85,-57.225
4617.53,-57.577
4618.20,-57.793
4618.87,-56.104
4619.54,-56.067
4620.22,-57.163
4620.89,-55.870
4621.56,-55.199
4622.24,-56.197
4622.91,-56.435
4623.58,-56.070
4624.26,-56.719
4624.93,-54.715
4625.60,-56.130
4626.27,-55.014
4626.95,-56.322
4627.62,-57.332
4628.29,-56.839
4628.97,-57.400
4629.64,-55.788
4630.31,-57.197
4630.98,-55.502
4631.66,-56.713
4632.33,-55.923
4633.00,-56.493
4633.68,-56.756
4634.35,-55.555
4635.02,-57.184
4635.69,-55.107
4636.37,-56.019
4637.04,-54.176
4637.71,-55.949
4638.39,-54.070
4639.06,-56.152
4639.73,-56.364
4640.41,-56.315
4641.08,-54.686
4641.75,-54.846
4642.42,-55.643
4643.10,-54.391
4643.77,-55.427
4644.44,-55.369
4645.12,-54.758
4645.79,-56.184
4646.46,-54.105
4647.13,-56.448
4647.81,-53.688
4648.48,-54.755
4649.15,-57.145
4649.83,-54.881
4650.50,-54.424
4651.17,-55.807
4651.84,-55.660
4652.52,-53.890
4653.19,-54.145
4653.86,-53.748
4654.54,-54.819
4655.21,-54.495
4655.88,-53.510
4656.56,-53.764
4657.23,-53.364
4657.90,-54.921
4658.57,-55.483
4659.25,-54.836
4659.92,-55.314
4660.59,-53.735
4661.27,-54.128
4661.94,-54.430
4662.61,-55.045
4663.28,-55.791
4663.96,-54.129
4664.63,-55.785
4665.30,-53.440
4665.98,-54.018
4666.65,-54.444
4667.32,-54.446
4667.99,-54.866
4668.67,-54.801
4669.34,-53.606
4670.01,-53.715
4670.69,-54.450
4671.36,-53.536
4672.03,-54.584
4672.71,-54.633
4673.38,-52.233
4674.05,-54.163
4674.72,-53.083
4675.40,-53.187
4676.07,-53.696
4676.74,-52.265
4677.42,-53.459
4678.09,-52.699
4678.76,-53.906
4679.43,-52.805
4680.11,-53.429
4680.78,-51.810
4681.45,-52.551
4682.13,-51.075
4682.80,-53.759
4683.47,-53.464
4684.14,-52.379
4684.82,-50.937
4685.49,-53.325
4686.16,-53.349
4686.84,-53.064
4687.51,-52.090
4688.18,-53.155
4688.85,-52.125
4689.53,-50.978
4690.20,-52.492
4690.87,-52.011
4691.55,-51.015
4692.22,-52.482
4692.89,-51.863
4693.57,-52.100
4694.24,-52.515
4694.91,-53.241
4695.58,-52.715
4696.26,-54.066
4696.93,-51.955
4697.60,-53.294
4698.28,-54.254
4698.95,-52.976
4699.62,-52.656
4700.29,-53.055
4700.97,-52.600
4701.64,-52.309
4702.31,-52.667
4702.99,-53.093
4703.66,-53.880
4704.33,-53.810
4705.00,-51.783
4705.68,-52.873
4706.35,-53.488
4707.02,-53.484
4707.70,-52.989
4708.37,-54.725
4709.04,-53.831
4709.72,-52.732
4710.39,-53.692
4711.06,-52.969
4711.73,-52.761
4712.41,-55.189
4713.08,-53.579
4713.75,-52.543
4714.43,-52.892
4715.10,-52.897
4715.77,-51.892
4716.44,-52.970
4717.12,-53.071
4717.79,-52.900
4718.46,-53.848
4719.14,-53.892
4719.81,-53.886
4720.48,-54.034
4721.15,-53.612
4721.83,-54.293
4722.50,-54.903
4723.17,-55.674
4723.85,-53.490
4724.52,-54.725
4725.19,-54.715
4725.87,-54.758
4726.54,-54.671
4727.21,-54.810
4727.88,-56.384
4728.56,-56.549
4729.23,-54.092
4729.90,-56.010
4730.58,-55.414
4731.25,-55.164
4731.92,-55.109
4732.59,-54.973
4733.27,-56.028
4733.94,-55.496
4734.61,-54.170
4735.29,-55.132
4735.96,-56.106
4736.63,-56.417
4737.30,-55.537
4737.98,-55.923
4738.65,-54.437
4739.32,-55.916
4740.00,-56.090
4740.67,-54.647
4741.34,-56.034
4742.02,-56.469
4742.69,-56.077
4743.36,-55.781
4744.03,-57.173
4744.71,-56.226
4745.38,-57.442
4746.05,-56.188
4746.73,-57.051
4747.40,-57.024
4748.07,-57.489
4748.74,-57.114
4749.42,-56.815
4750.09,-57.213
4750.76,-56.932
4751.44,-58.410
4752.11,-58.337
4752.78,-57.254
4753.45,-57.267
4754.13,-56.054
4754.80,-57.302
4755.47,-58.108
4756.15,-58.027
4756.82,-57.977
4757.49,-58.336
4758.16,-57.811
4758.84,-58.562
4759.51,-57.927
4760.18,-57.041
4760.86,-57.487
4761.53,-58.376
4762.20,-57.530
4762.88,-59.050
4763.55,-59.233
4764.22,-57.612
4764.89,-57.689
4765.57,-58.094
4766.24,-58.573
4766.91,-58.194
4767.59,-59.774
4768.26,-58.627
4768.93,-60.535
4769.60,-58.232
4770.28,-59.009
4770.95,-58.911
4771.62,-57.858
4772.30,-59.420
4772.97,-60.240
4773.64,-59.554
4774.31,-58.964
4774.99,-58.523
4775.66,-59.824
4776.33,-60.422
4777.01,-58.455
4777.68,-58.944
4778.35,-60.110
4779.03,-59.192
4779.70,-60.260
4780.37,-60.593
4781.04,-61.276
4781.72,-60.375
4782.39,-58.961
4783.06,-59.240
4783.74,-61.183
4784.41,-60.139
4785.08,-61.431
4785.75,-60.681
4786.43,-60.084
4787.10,-60.870
4787.77,-62.437
4788.45,-60.544
4789.12,-62.370
4789.79,-61.671
4790.46,-61.222
4791.14,-60.309
4791.81,-62.192
4792.48,-61.015
4793.16,-61.196
4793.83,-61.465
4794.50,-61.364
4795.18,-61.278
4795.85,-60.985
4796.52,-61.430
4797.19,-60.330
4797.87,-61.358
4798.54,-62.560
4799.21,-61.924
4799.89,-61.718
4800.56,-62.296
4801.23,-61.093
4801.90,-62.686
4802.58,-60.976
4803.25,-61.327
4803.92,-61.232
4804.60,-60.532
4805.27,-61.663
4805.94,-62.745
4806.61,-61.661
4807.29,-62.096
4807.96,-61.941
4808.63,-61.020
4809.31,-63.668
4809.98,-62.966
4810.65,-62.420
4811.33,-63.610
4812.00,-61.172
4812.67,-63.760
4813.34,-61.580
4814.02,-63.480
4814.69,-63.231
4815.36,-62.056
4816.04,-62.483
4816.71,-63.530
4817.38,-62.484
4818.05,-62.503
4818.73,-61.519
4819.40,-63.471
4820.07,-63.288
4820.75,-64.418
4821.42,-64.306
4822.09,-63.248
4822.76,-63.491
4823.44,-62.957
4824.11,-63.519
4824.78,-62.626
4825.46,-62.853
4826.13,-64.814
4826.80,-63.298
4827.47,-62.468
4828.15,-63.887
4828.82,-64.291
4829.49,-62.086
4830.17,-62.619
4830.84,-63.440
4831.51,-63.523
4832.19,-63.806
4832.86,-65.323
4833.53,-64.402
4834.20,-63.203
4834.88,-65.322
4835.55,-63.095
4836.22,-65.054
4836.90,-64.252
4837.57,-63.692
4838.24,-63.373
4838.91,-64.264
4839.59,-64.708
4840.26,-65.866
4840.93,-64.206
4841.61,-62.563
4842.28,-64.089
4842.95,-65.799
4843.62,-66.201
4844.30,-64.290
4844.97,-64.305
4845.64,-64.509
4846.32,-63.378
4846.99,-64.379
4847.66,-63.743
4848.34,-63.715
4849.01,-63.106
4849.68,-64.201
4850.35,-66.000
4851.03,-64.694
4851.70,-66.591
4852.37,-65.239
4853.05,-65.361
4853.72,-64.279
4854.39,-66.778
4855.06,-64.849
4855.74,-64.351
4856.41,-63.331
4857.08,-65.304
4857.76,-64.621
4858.43,-65.357
4859.10,-64.192
4859.77,-66.001
4860.45,-64.997
4861.12,-65.143
4861.79,-66.637
4862.47,-65.163
4863.14,-66.836
4863.81,-67.082
4864.49,-66.321
4865.16,-66.289
4865.83,-66.185
4866.50,-65.964
4867.18,-65.794
4867.85,-65.240
4868.52,-66.173
4869.20,-65.336
4869.87,-66.079
4870.54,-63.345
4871.21,-66.756
4871.89,-65.831
4872.56,-66.362
4873.23,-66.732
4873.91,-65.369
4874.58,-65.897
4875.25,-65.339
4875.92,-66.139
4876.60,-66.333
4877.27,-65.629
4877.94,-66.075
4878.62,-66.059
4879.29,-66.140
4879.96,-65.604
4880.64,-66.490
4881.31,-65.981
4881.98,-68.273
4882.65,-66.542
4883.33,-66.867
4884.00,-65.452
4884.67,-66.508
4885.35,-66.023
4886.02,-65.823
4886.69,-65.432
4887.36,-64.187
4888.04,-64.718
4888.71,-65.071
4889.38,-66.794
4890.06,-65.850
4890.73,-64.969
4891.40,-66.227
4892.07,-66.523
4892.75,-65.276
4893.42,-66.427
4894.09,-65.882
4894.77,-65.304
4895.44,-65.036
4896.11,-66.202
4896.78,-67.839
4897.46,-67.350
4898.13,-66.060
4898.80,-66.459
4899.48,-67.041
4900.15,-66.625
4900.82,-66.512
4901.50,-65.849
4902.17,-65.942
4902.84,-66.199
4903.51,-67.291
4904.19,-65.920
4904.86,-66.472
4905.53,-65.541
4906.21,-65.880
4906.88,-66.864
4907.55,-66.583
4908.22,-65.608
4908.90,-67.598
4909.57,-67.130
4910.24,-67.469
4910.92,-67.258
4911.59,-67.155
4912.26,-65.482
4912.93,-66.779
4913.61,-67.052
4914.28,-67.239
4914.95,-67.592
4915.63,-68.286
4916.30,-66.760
4916.97,-67.017
4917.65,-66.417
4918.32,-66.159
4918.99,-67.013
4919.66,-65.957
4920.34,-67.436
4921.01,-68.051
4921.68,-66.928
4922.36,-67.075
4923.03,-65.716
4923.70,-65.717
4924.37,-66.831
4925.05,-64.955
4925.72,-65.604
4926.39,-65.811
4927.07,-67.803
4927.74,-66.640
4928.41,-67.952
4929.08,-66.135
4929.76,-67.426
4930.43,-67.996
4931.10,-66.346
4931.78,-66.849
4932.45,-66.388
4933.12,-66.666
4933.80,-66.640
4934.47,-66.183
4935.14,-66.601
4935.81,-68.150
4936.49,-66.164
4937.16,-64.833
4937.83,-67.298
4938.51,-66.967
4939.18,-65.996
4939.85,-65.671
4940.52,-67.643
4941.20,-67.518
4941.87,-67.445
4942.54,-66.307
4943.22,-66.298
4943.89,-67.104
4944.56,-66.779
4945.23,-66.485
4945.91,-65.875
4946.58,-67.383
4947.25,-67.209
4947.93,-67.905
4948.60,-66.364
4949.27,-66.419
4949.95,-65.198
4950.62,-66.422
4951.29,-67.700
4951.96,-67.387
4952.64,-67.756
4953.31,-67.323
4953.98,-66.607
4954.66,-66.590
4955.33,-66.739
4956.00,-66.554
4956.67,-65.704
4957.35,-67.045
4958.02,-67.032
4958.69,-67.114
4959.37,-67.593
4960.04,-67.042
4960.71,-68.285
4961.38,-67.517
4962.06,-66.641
4962.73,-66.657
4963.40,-67.713
4964.08,-66.073
4964.75,-66.458
4965.42,-67.047
4966.09,-66.588
4966.77,-66.286
4967.44,-66.038
4968.11,-65.532
4968.79,-66.540
4969.46,-66.718
4970.13,-67.049
4970.81,-66.545
4971.48,-65.924
4972.15,-67.443
4972.82,-67.064
4973.50,-67.296
4974.17,-68.466
4974.84,-66.245
4975.52,-66.954
4976.19,-67.079
4976.86,-66.877
4977.53,-66.999
4978.21,-65.536
4978.88,-66.823
4979.55,-66.799
4980.23,-65.083
4980.90,-66.916
4981.57,-67.857
4982.24,-68.147
4982.92,-66.784
4983.59,-66.488
4984.26,-65.608
4984.94,-66.207
4985.61,-65.753
4986.28,-66.886
4986.96,-65.497
4987.63,-65.830
4988.30,-64.956
4988.97,-66.338
4989.65,-67.128
4990.32,-67.279
4990.99,-67.435
4991.67,-67.193
4992.34,-67.603
4993.01,-67.858
4993.68,-66.131
4994.36,-66.255
4995.03,-65.826
4995.70,-66.824
4996.38,-68.122
4997.05,-65.531
4997.72,-65.596
4998.39,-66.500
4999.07,-66.463
4999.74,-66.979
5000.41,-65.981
5001.09,-65.422
5001.76,-67.709
5002.43,-65.199
5003.11,-66.930
5003.78,-65.234
5004.45,-65.495
5005.12,-66.456
5005.80,-66.095
5006.47,-66.013
5007.14,-66.160
5007.82,-66.925
5008.49,-64.879
5009.16,-64.796
5009.83,-64.547
5010.51,-65.706
5011.18,-64.698
5011.85,-65.313
5012.53,-64.766
5013.20,-65.541
5013.87,-65.860
5014.54,-66.346
5015.22,-66.327
5015.89,-65.737
5016.56,-65.001
5017.24,-65.118
5017.91,-64.345
5018.58,-67.281
5019.26,-65.602
5019.93,-65.342
5020.60,-65.165
5021.27,-65.490
5021.95,-65.243
5022.62,-65.374
5023.29,-66.301
5023.97,-65.389
5024.64,-64.932
5025.31,-66.157
5025.98,-65.729
5026.66,-64.504
5027.33,-65.282
5028.00,-67.529
5028.68,-64.556
5029.35,-66.883
5030.02,-65.670
5030.69,-65.459
5031.37,-65.653
5032.04,-64.518
5032.71,-64.839
5033.39,-63.168
5034.06,-65.790
5034.73,-63.559
5035.40,-66.025
5036.08,-65.262
5036.75,-65.185
5037.42,-65.600
5038.10,-64.751
5038.77,-64.065
5039.44,-66.291
5040.12,-65.294
5040.79,-64.885
5041.46,-65.046
5042.13,-64.012
5042.81,-64.469
5043.48,-64.730
5044.15,-64.182
5044.83,-64.485
5045.50,-64.944
5046.17,-65.044
5046.84,-66.384
5047.52,-64.993
5048.19,-64.340
5048.86,-63.740
5049.54,-63.419
5050.21,-64.110
5050.88,-63.735
5051.55,-64.521
5052.23,-64.553
5052.90,-64.679
5053.57,-63.980
5054.25,-63.446
5054.92,-64.309
5055.59,-62.552
5056.27,-63.186
5056.94,-63.362
5057.61,-62.747
5058.28,-63.452
5058.96,-62.095
5059.63,-63.736
5060.30,-63.639
5060.98,-63.117
5061.65,-63.255
5062.32,-65.095
5062.99,-62.260
5063.67,-62.114
5064.34,-63.566
5065.01,-63.581
5065.69,-62.364
5066.36,-62.607
5067.03,-63.252
5067.70,-63.865
5068.38,-61.991
5069.05,-63.494
5069.72,-63.914
5070.40,-62.464
5071.07,-61.387
5071.74,-61.852
5072.42,-62.076
5073.09,-61.807
5073.76,-62.652
5074.43,-63.036
5075.11,-62.275
5075.78,-62.918
5076.45,-62.322
5077.13,-61.608
5077.80,-62.921
5078.47,-62.951
5079.14,-63.064
5079.82,-60.287
5080.49,-61.034
5081.16,-60.744
5081.84,-60.502
5082.51,-61.373
5083.18,-61.933
5083.85,-61.860
5084.53,-60.818
5085.20,-61.268
5085.87,-62.067
5086.55,-61.922
5087.22,-61.022
5087.89,-62.349
5088.57,-61.610
5089.24,-61.282
5089.91,-61.375
5090.58,-61.203
5091.26,-61.957
5091.93,-60.863
5092.60,-60.077
5093.28,-60.751
5093.95,-61.313
5094.62,-59.886
5095.29,-59.950
5095.97,-60.780
5096.64,-61.007
5097.31,-59.818
5097.99,-60.035
5098.66,-60.454
5099.33,-60.168
5100.00,-61.587
5100.68,-59.857
5101.35,-59.775
5102.02,-60.024
5102.70,-58.879
5103.37,-59.370
5104.04,-60.443
5104.71,-59.456
5105.39,-60.526
5106.06,-60.392
5106.73,-59.933
5107.41,-59.470
5108.08,-58.926
5108.75,-58.065
5109.43,-59.722
5110.10,-59.522
5110.77,-58.907
5111.44,-58.289
5112.12,-57.525
5112.79,-59.861
5113.46,-58.224
5114.14,-59.447
5114.81,-59.415
5115.48,-58.929
5116.15,-58.834
5116.83,-58.511
5117.50,-57.736
5118.17,-58.990
5118.85,-57.262
5119.52,-57.807
5120.19,-57.310
5120.86,-58.051
5121.54,-57.932
5122.21,-57.654
5122.88,-56.842
5123.56,-58.708
5124.23,-58.715
5124.90,-57.277
5125.58,-59.118
5126.25,-57.739
5126.92,-57.713
5127.59,-57.482
5128.27,-57.870
5128.94,-58.163
5129.61,-58.741
5130.29,-58.692
5130.96,-58.035
5131.63,-58.946
5132.30,-59.157
5132.98,-56.772
5133.65,-56.538
5134.32,-56.568
5135.00,-58.034
5135.67,-56.319
5136.34,-56.246
5137.01,-57.616
5137.69,-56.600
5138.36,-57.334
5139.03,-57.939
5139.71,-56.571
5140.38,-55.820
5141.05,-57.631
5141.73,-58.565
5142.40,-58.295
5143.07,-56.984
5143.74,-57.894
5144.42,-58.434
5145.09,-56.465
5145.76,-57.037
5146.44,-58.225
5147.11,-57.760
5147.78,-58.881
5148.45,-58.650
5149.13,-58.589
5149.80,-59.343
5150.47,-59.375
5151.15,-58.175
5151.82,-59.413
5152.49,-57.559
5153.16,-57.460
5153.84,-58.465
5154.51,-58.592
5155.18,-57.261
5155.86,-58.739
5156.53,-57.664
5157.20,-57.872
5157.88,-59.329
5158.55,-58.180
5159.22,-59.219
5159.89,-58.546
5160.57,-58.371
5161.24,-60.072
5161.91,-60.264
5162.59,-59.128
5163.26,-59.668
5163.93,-59.370
5164.60,-58.587
5165.28,-58.986
5165.95,-59.286
5166.62,-58.545
5167.30,-61.020
5167.97,-59.784
5168.64,-60.997
5169.31,-60.463
5169.99,-60.568
5170.66,-59.680
5171.33,-59.027
5172.01,-61.422
5172.68,-61.045
5173.35,-60.428
5174.02,-61.615
5174.70,-61.459
5175.37,-61.243
5176.04,-61.278
5176.72,-60.722
5177.39,-61.461
5178.06,-61.872
5178.74,-63.457
5179.41,-62.082
5180.08,-61.873
5180.75,-61.905
5181.43,-61.958
5182.10,-62.083
5182.77,-62.168
5183.45,-61.515
5184.12,-62.902
5184.79,-62.471
5185.46,-62.357
5186.14,-62.710
5186.81,-61.193
5187.48,-61.656
5188.16,-61.902
5188.83,-62.648
5189.50,-63.024
5190.17,-63.645
5190.85,-62.488
5191.52,-62.981
5192.19,-64.092
5192.87,-63.543
5193.54,-63.048
5194.21,-63.469
5194.89,-63.492
5195.56,-63.146
5196.23,-64.393
5196.90,-62.758
5197.58,-63.518
5198.25,-63.960
5198.92,-64.390
5199.60,-64.085
5200.27,-63.511
5200.94,-62.683
5201.61,-63.799
5202.29,-62.548
5202.96,-64.568
5203.63,-64.542
5204.31,-65.190
5204.98,-65.701
5205.65,-63.719
5206.32,-64.882
5207.00,-64.668
5207.67,-64.040
5208.34,-64.030
5209.02,-64.232
5209.69,-64.628
5210.36,-64.438
5211.04,-64.571
5211.71,-65.208
5212.38,-64.741
5213.05,-65.004
5213.73,-64.403
5214.40,-64.019
5215.07,-64.044
5215.75,-65.597
5216.42,-66.864
5217.09,-65.522
5217.76,-65.378
5218.44,-65.280
5219.11,-66.455
5219.78,-65.484
5220.46,-65.993
5221.13,-65.674
5221.80,-65.890
5222.47,-64.336
5223.15,-65.812
5223.82,-66.623
5224.49,-66.175
5225.17,-66.462
5225.84,-65.113
5226.51,-65.797
5227.19,-67.055
5227.86,-66.490
5228.53,-67.347
5229.20,-66.160
5229.88,-67.832
5230.55,-67.297
5231.22,-66.421
5231.90,-67.722
5232.57,-67.075
5233.24,-67.289
5233.91,-66.509
5234.59,-66.827
5235.26,-67.338
5235.93,-67.007
5236.61,-67.316
5237.28,-65.911
5237.95,-67.578
5238.62,-65.980
5239.30,-66.423
5239.97,-68.105
5240.64,-67.657
5241.32,-67.863
5241.99,-67.357
5242.66,-68.288
5243.33,-65.811
5244.01,-68.861
5244.68,-66.443
5245.35,-66.112
5246.03,-67.323
5246.70,-67.823
5247.37,-68.220
5248.05,-68.406
5248.72,-68.972
5249.39,-68.601
5250.06,-69.673
5250.74,-68.536
5251.41,-68.595
5252.08,-67.800
5252.76,-68.771
5253.43,-69.121
5254.10,-69.560
5254.77,-68.439
5255.45,-69.151
5256.12,-69.405
5256.79,-67.163
5257.47,-68.305
5258.14,-67.918
5258.81,-68.345
5259.48,-69.521
5260.16,-68.097
5260.83,-69.041
5261.50,-67.785
5262.18,-68.382
5262.85,-69.320
5263.52,-69.808
5264.20,-67.847
5264.87,-70.778
5265.54,-68.891
5266.21,-69.170
5266.89,-69.682
5267.56,-68.021
5268.23,-67.992
5268.91,-67.261
5269.58,-68.879
5270.25,-67.873
5270.92,-69.459
5271.60,-67.806
5272.27,-69.417
5272.94,-69.251
5273.62,-69.415
5274.29,-71.429
5274.96,-69.706
5275.63,-69.239
5276.31,-70.406
5276.98,-70.678
5277.65,-68.671
5278.33,-70.192
5279.00,-69.484
5279.67,-70.028
5280.35,-69.610
5281.02,-69.743
5281.69,-69.783
5282.36,-70.517
5283.04,-69.960
5283.71,-68.377
5284.38,-70.313
5285.06,-69.335
5285.73,-69.128
5286.40,-70.867
5287.07,-71.120
5287.75,-71.127
5288.42,-69.426
5289.09,-70.218
5289.77,-69.985
5290.44,-69.236
5291.11,-69.279
5291.78,-70.106
5292.46,-70.389
5293.13,-68.695
5293.80,-70.138
5294.48,-70.195
5295.15,-72.266
5295.82,-69.630
5296.50,-71.529
5297.17,-71.574
5297.84,-71.375
5298.51,-70.482
5299.19,-69.879
5299.86,-69.934
5300.53,-69.292
5301.21,-70.974
5301.88,-70.381
5302.55,-69.604
5303.22,-69.903
5303.90,-69.907
5304.57,-70.285
5305.24,-69.354
5305.92,-70.442
5306.59,-71.130
5307.26,-72.168
5307.93,-70.757
5308.61,-71.485
5309.28,-70.955
5309.95,-71.399
5310.63,-70.974
5311.30,-70.847
5311.97,-69.663
5312.64,-70.301
5313.32,-71.229
5313.99,-70.336
5314.66,-71.504
5315.34,-71.434
5316.01,-70.535
5316.68,-70.335
5317.36,-70.217
5318.03,-70.171
5318.70,-68.941
5319.37,-71.769
5320.05,-71.941
5320.72,-72.381
5321.39,-72.076
5322.07,-70.803
5322.74,-71.090
5323.41,-70.997
5324.08,-69.706
5324.76,-72.077
5325.43,-71.968
5326.10,-69.641
5326.78,-70.871
5327.45,-70.157
5328.12,-72.257
5328.79,-71.838
5329.47,-71.417
5330.14,-71.044
5330.81,-70.745
5331.49,-71.210
5332.16,-72.908
5332.83,-70.448
5333.51,-71.288
5334.18,-70.513
5334.85,-70.857
5335.52,-71.965
5336.20,-70.197
5336.87,-72.161
5337.54,-71.803
5338.22,-71.327
5338.89,-71.173
5339.56,-71.301
5340.23,-71.208
5340.91,-72.337
5341.58,-70.932
5342.25,-71.733
5342.93,-70.702
5343.60,-71.703
5344.27,-72.244
5344.94,-71.502
5345.62,-70.284
5346.29,-70.385
5346.96,-71.516
5347.64,-71.564
5348.31,-70.624
5348.98,-72.812
5349.66,-71.177
5350.33,-72.438
5351.00,-71.251
5351.67,-70.792
5352.35,-71.632
5353.02,-72.232
5353.69,-71.546
5354.37,-72.017
5355.04,-72.643
5355.71,-72.134
5356.38,-72.012
5357.06,-71.314
5357.73,-71.417
5358.40,-71.096
5359.08,-71.659
5359.75,-72.271
5360.42,-71.952
5361.09,-71.583
5361.77,-72.375
5362.44,-71.921
5363.11,-71.945
5363.79,-70.969
5364.46,-71.569
5365.13,-71.126
5365.81,-72.161
5366.48,-71.086
5367.15,-73.690
5367.82,-73.577
5368.50,-71.429
5369.17,-71.599
5369.84,-71.511
5370.52,-71.879
5371.19,-72.521
5371.86,-72.873
5372.53,-71.575
5373.21,-71.533
5373.88,-71.411
5374.55,-71.124
5375.23,-73.519
5375.90,-72.703
5376.57,-72.180
5377.24,-71.155
5377.92,-70.838
5378.59,-72.357
5379.26,-72.753
5379.94,-73.135
5380.61,-71.063
5381.28,-70.546
5381.95,-72.025
5382.63,-72.495
5383.30,-72.286
5383.97,-71.537
5384.65,-72.273
5385.32,-72.090
5385.99,-71.673
5386.67,-71.632
5387.34,-71.418
5388.01,-70.938
5388.68,-73.061
5389.36,-71.790
5390.03,-73.148
5390.70,-71.560
5391.38,-70.662
5392.05,-71.097
5392.72,-71.244
5393.39,-71.497
5394.07,-71.930
5394.74,-72.446
5395.41,-71.447
5396.09,-71.764
5396.76,-72.213
5397.43,-73.448
5398.10,-72.329
5398.78,-72.103
5399.45,-71.418
5400.12,-71.090
5400.80,-71.869
5401.47,-72.696
5402.14,-70.621
5402.82,-72.391
5403.49,-71.329
5404.16,-71.337
5404.83,-72.042
5405.51,-72.263
5406.18,-71.526
5406.85,-71.672
5407.53,-72.279
5408.20,-70.687
5408.87,-71.396
5409.54,-71.830
5410.22,-72.469
5410.89,-73.379
5411.56,-71.267
5412.24,-72.745
5412.91,-70.813
5413.58,-71.034
5414.25,-71.135
5414.93,-71.838
5415.60,-72.415
5416.27,-72.968
5416.95,-73.035
5417.62,-72.670
5418.29,-71.443
5418.97,-72.760
5419.64,-71.473
5420.31,-70.989
5420.98,-71.967
5421.66,-70.705
5422.33,-71.755
5423.00,-71.141
5423.68,-71.404
5424.35,-71.719
5425.02,-71.824
5425.69,-71.032
5426.37,-71.470
5427.04,-72.668
5427.71,-73.291
5428.39,-72.134
5429.06,-71.960
5429.73,-71.475
5430.40,-69.506
5431.08,-69.611
5431.75,-69.975
5432.42,-71.026
5433.10,-72.083
5433.77,-71.188
5434.44,-72.514
5435.12,-71.143
5435.79,-70.672
5436.46,-70.093
5437.13,-71.028
5437.81,-70.599
5438.48,-70.635
5439.15,-70.233
5439.83,-70.543
5440.50,-70.686
5441.17,-71.995
5441.84,-70.104
5442.52,-72.018
5443.19,-70.600
5443.86,-71.265
5444.54,-71.334
5445.21,-70.848
5445.88,-71.852
5446.55,-72.497
5447.23,-68.893
5447.90,-70.196
5448.57,-72.429
5449.25,-71.351
5449.92,-72.027
5450.59,-70.521
5451.26,-70.103
5451.94,-73.159
5452.61,-71.258
5453.28,-72.172
5453.96,-71.252
5454.63,-70.743
5455.30,-72.639
5455.98,-69.308
5456.65,-71.145
5457.32,-72.238
5457.99,-69.996
5458.67,-70.984
5459.34,-73.343
5460.01,-69.081
5460.69,-71.420
5461.36,-70.187
5462.03,-70.475
5462.70,-70.440
5463.38,-70.960
5464.05,-71.472
5464.72,-70.804
5465.40,-71.894
5466.07,-70.944
5466.74,-71.521
5467.41,-70.842
5468.09,-70.119
5468.76,-69.951
5469.43,-69.258
5470.11,-68.198
5470.78,-68.782
5471.45,-70.385
5472.13,-68.601
5472.80,-70.410
5473.47,-70.528
5474.14,-70.828
5474.82,-69.631
5475.49,-70.560
5476.16,-69.593
5476.84,-70.095
5477.51,-68.712
5478.18,-69.908
5478.85,-68.313
5479.53,-70.022
5480.20,-68.670
5480.87,-68.881
5481.55,-70.855
5482.22,-69.151
5482.89,-68.250
5483.56,-69.910
5484.24,-70.891
5484.91,-70.509
5485.58,-69.210
5486.26,-69.121
5486.93,-69.294
5487.60,-69.743
5488.28,-70.037
5488.95,-69.581
5489.62,-68.701
5490.29,-70.319
5490.97,-68.358
5491.64,-68.068
5492.31,-70.150
5492.99,-68.352
5493.66,-69.104
5494.33,-69.767
5495.00,-70.427
5495.68,-70.075
5496.35,-70.636
5497.02,-68.662
5497.70,-69.792
5498.37,-67.940
5499.04,-69.154
5499.71,-67.736
5500.39,-68.045
5501.06,-68.090
5501.73,-68.887
5502.41,-68.709
5503.08,-69.396
5503.75,-68.445
5504.43,-68.921
5505.10,-67.579
5505.77,-68.316
5506.44,-69.260
5507.12,-68.712
5507.79,-68.093
5508.46,-67.468
5509.14,-70.053
5509.81,-67.864
5510.48,-68.391
5511.15,-68.749
5511.83,-69.179
5512.50,-68.535
5513.17,-67.702
5513.85,-68.465
5514.52,-67.933
5515.19,-67.673
5515.86,-68.626
5516.54,-68.819
5517.21,-67.783
5517.88,-67.496
5518.56,-66.673
5519.23,-67.788
5519.90,-66.364
5520.57,-67.236
5521.25,-66.144
5521.92,-67.406
5522.59,-67.223
5523.27,-66.361
5523.94,-69.607
5524.61,-66.449
5525.29,-65.646
5525.96,-66.451
5526.63,-67.109
5527.30,-67.696
5527.98,-66.115
5528.65,-66.614
5529.32,-67.906
5530.00,-65.520
5530.67,-66.140
5531.34,-65.748
5532.01,-65.933
5532.69,-65.385
5533.36,-65.261
5534.03,-65.884
5534.71,-67.584
5535.38,-67.034
5536.05,-66.274
5536.72,-65.127
5537.40,-65.274
5538.07,-64.751
5538.74,-66.051
5539.42,-65.256
5540.09,-65.350
5540.76,-65.077
5541.44,-65.528
5542.11,-66.110
5542.78,-66.018
5543.45,-65.964
5544.13,-64.876
5544.80,-66.071
5545.47,-66.961
5546.15,-65.618
5546.82,-65.505
5547.49,-64.355
5548.16,-64.673
5548.84,-64.712
5549.51,-63.792
5550.18,-64.964
5550.86,-65.425
5551.53,-64.312
5552.20,-64.456
5552.87,-65.010
5553.55,-65.193
5554.22,-64.699
5554.89,-64.572
5555.57,-64.745
5556.24,-63.746
5556.91,-63.613
5557.59,-64.424
5558.26,-62.255
5558.93,-63.848
5559.60,-63.356
5560.28,-63.462
5560.95,-63.525
5561.62,-63.346
5562.30,-64.460
5562.97,-64.285
5563.64,-63.017
5564.31,-64.254
5564.99,-62.024
5565.66,-64.379
5566.33,-64.452
5567.01,-63.550
5567.68,-63.168
5568.35,-61.658
5569.02,-64.813
5569.70,-64.293
5570.37,-65.133
5571.04,-63.586
5571.72,-62.443
5572.39,-62.708
5573.06,-62.322
5573.74,-62.840
5574.41,-61.849
5575.08,-62.395
5575.75,-63.685
5576.43,-62.316
5577.10,-63.181
5577.77,-63.854
5578.45,-62.678
5579.12,-63.434
5579.79,-62.263
5580.46,-62.716
5581.14,-63.059
5581.81,-61.663
5582.48,-63.302
5583.16,-62.655
5583.83,-63.568
5584.50,-64.089
5585.17,-63.508
5585.85,-62.727
5586.52,-61.758
5587.19,-61.908
5587.87,-62.269
5588.54,-62.556
5589.21,-64.518
5589.88,-64.885
5590.56,-62.764
5591.23,-62.950
5591.90,-62.115
5592.58,-63.125
5593.25,-63.176
5593.92,-63.050
5594.60,-61.347
5595.27,-62.657
5595.94,-62.062
5596.61,-63.153
5597.29,-64.320
5597.96,-63.916
5598.63,-62.780
5599.31,-62.254
5599.98,-63.448
5600.65,-61.618
5601.32,-63.254
5602.00,-63.695
5602.67,-61.879
5603.34,-63.324
5604.02,-64.117
5604.69,-63.337
5605.36,-64.443
5606.03,-63.362
5606.71,-61.226
5607.38,-64.255
5608.05,-64.258
5608.73,-63.802
5609.40,-66.180
5610.07,-65.848
5610.75,-65.347
5611.42,-63.335
5612.09,-64.823
5612.76,-64.533
5613.44,-64.726
5614.11,-64.116
5614.78,-63.746
5615.46,-62.960
5616.13,-62.835
5616.80,-65.040
5617.47,-63.413
5618.15,-63.258
5618.82,-63.313
5619.49,-64.385
5620.17,-63.639
5620.84,-64.498
5621.51,-64.319
5622.18,-63.838
5622.86,-65.211
5623.53,-65.339
5624.20,-65.197
5624.88,-66.479
5625.55,-64.802
5626.22,-65.924
5626.90,-66.239
5627.57,-64.897
5628.24,-66.969
5628.91,-66.926
5629.59,-66.150
5630.26,-65.474
5630.93,-64.623
5631.61,-66.038
5632.28,-65.463
5632.95,-65.127
5633.62,-65.600
5634.30,-66.818
5634.97,-67.149
5635.64,-65.897
5636.32,-66.981
5636.99,-66.331
5637.66,-65.364
5638.33,-67.227
5639.01,-66.288
5639.68,-66.466
5640.35,-66.928
5641.03,-66.355
5641.70,-67.126
5642.37,-66.812
5643.05,-67.971
5643.72,-66.687
5644.39,-67.943
5645.06,-68.090
5645.74,-66.196
5646.41,-69.076
5647.08,-67.997
5647.76,-69.144
5648.43,-69.106
5649.10,-68.972
5649.77,-67.757
5650.45,-67.414
5651.12,-67.134
5651.79,-68.703
5652.47,-67.073
5653.14,-66.100
5653.81,-66.720
5654.48,-68.936
5655.16,-68.237
5655.83,-67.743
5656.50,-69.487
5657.18,-67.493
5657.85,-67.632
5658.52,-68.954
5659.19,-70.201
5659.87,-68.427
5660.54,-68.991
5661.21,-69.363
5661.89,-68.889
5662.56,-68.501
5663.23,-68.592
5663.91,-67.345
5664.58,-69.141
5665.25,-68.665
5665.92,-69.845
5666.60,-69.456
5667.27,-69.417
5667.94,-69.381
5668.62,-68.664
5669.29,-68.251
5669.96,-69.747
5670.63,-68.901
5671.31,-69.137
5671.98,-69.659
5672.65,-69.737
5673.33,-69.727
5674.00,-69.718
5674.67,-70.591
5675.34,-70.744
5676.02,-68.741
5676.69,-68.956
5677.36,-67.847
5678.04,-69.373
5678.71,-71.007
5679.38,-69.316
5680.06,-70.638
5680.73,-70.362
5681.40,-69.952
5682.07,-70.775
5682.75,-69.736
5683.42,-69.365
5684.09,-70.655
5684.77,-69.292
5685.44,-70.338
5686.11,-70.840
5686.78,-69.350
5687.46,-71.053
5688.13,-69.677
5688.80,-69.019
5689.48,-69.367
5690.15,-69.607
5690.82,-68.295
5691.49,-70.352
5692.17,-70.565
5692.84,-69.534
5693.51,-70.286
5694.19,-70.418
5694.86,-69.773
5695.53,-69.529
5696.21,-68.455
5696.88,-73.114
5697.55,-73.074
5698.22,-71.322
5698.90,-71.157
5699.57,-71.369
5700.24,-71.312
5700.92,-72.046
5701.59,-71.991
5702.26,-71.214
5702.93,-70.990
5703.61,-70.714
5704.28,-71.054
5704.95,-71.432
5705.63,-71.463
5706.30,-72.570
5706.97,-71.490
5707.64,-71.537
5708.32,-72.313
5708.99,-72.499
5709.66,-71.246
5710.34,-71.685
5711.01,-71.411
5711.68,-70.840
5712.36,-73.436
5713.03,-72.677
5713.70,-70.920
5714.37,-73.316
5715.05,-72.613
5715.72,-71.081
5716.39,-71.905
5717.07,-71.519
5717.74,-72.049
5718.41,-73.897
5719.08,-73.627
5719.76,-72.091
5720.43,-72.062
5721.10,-73.458
5721.78,-73.069
5722.45,-72.996
5723.12,-73.325
5723.79,-73.542
5724.47,-72.132
5725.14,-72.629
5725.81,-72.398
5726.49,-72.723
5727.16,-73.225
5727.83,-73.589
5728.50,-71.439
5729.18,-73.238
5729.85,-73.961
5730.52,-74.230
5731.20,-72.947
5731.87,-73.830
5732.54,-73.484
5733.22,-73.781
5733.89,-72.978
5734.56,-73.175
5735.23,-73.280
5735.91,-73.766
5736.58,-73.745
5737.25,-74.244
5737.93,-73.568
5738.60,-71.768
5739.27,-74.875
5739.94,-73.139
5740.62,-74.771
5741.29,-72.457
5741.96,-73.098
5742.64,-74.385
5743.31,-72.116
5743.98,-73.881
5744.65,-73.135
5745.33,-73.785
5746.00,-73.913
5746.67,-73.782
5747.35,-73.230
5748.02,-74.058
5748.69,-73.546
5749.37,-74.114
5750.04,-75.473
5750.71,-74.408
5751.38,-74.755
5752.06,-74.215
5752.73,-73.736
5753.40,-73.562
5754.08,-74.938
5754.75,-72.880
5755.42,-73.729
5756.09,-72.519
5756.77,-73.738
5757.44,-74.918
5758.11,-74.664
5758.79,-74.164
5759.46,-73.914
5760.13,-74.517
5760.80,-73.410
5761.48,-75.054
5762.15,-73.708
5762.82,-72.537
5763.50,-73.862
5764.17,-73.335
5764.84,-73.586
5765.52,-73.596
5766.19,-74.239
5766.86,-75.874
5767.53,-75.890
5768.21,-74.718
5768.88,-74.486
5769.55,-75.519
5770.23,-74.087
5770.90,-74.070
5771.57,-75.850
5772.24,-74.377
5772.92,-75.613
5773.59,-74.669
5774.26,-73.910
5774.94,-74.435
5775.61,-74.180
5776.28,-73.424
5776.95,-74.544
5777.63,-75.595
5778.30,-75.380
5778.97,-73.936
5779.65,-74.869
5780.32,-73.166
5780.99,-75.989
5781.67,-73.849
5782.34,-73.749
5783.01,-73.941
5783.68,-74.537
5784.36,-75.830
5785.03,-74.428
5785.70,-73.295
5786.38,-76.303
5787.05,-76.096
5787.72,-75.102
5788.39,-74.707
5789.07,-75.945
5789.74,-75.235
5790.41,-75.106
5791.09,-75.774
5791.76,-75.717
5792.43,-75.456
5793.10,-76.935
5793.78,-76.315
5794.45,-75.514
5795.12,-75.168
5795.80,-75.768
5796.47,-76.272
5797.14,-76.762
5797.81,-74.886
5798.49,-75.432
5799.16,-75.086
5799.83,-74.761
5800.51,-74.078
5801.18,-76.112
5801.85,-74.074
5802.53,-75.069
5803.20,-74.290
5803.87,-73.876
5804.54,-75.680
5805.22,-74.350
5805.89,-75.990
5806.56,-75.488
5807.24,-75.686
5807.91,-74.338
5808.58,-76.203
5809.25,-75.310
5809.93,-74.767
5810.60,-75.434
5811.27,-76.424
5811.95,-75.686
5812.62,-76.455
5813.29,-75.576
5813.96,-74.637
5814.64,-76.098
5815.31,-75.200
5815.98,-75.980
5816.66,-74.932
5817.33,-74.679
5818.00,-74.870
5818.68,-75.453
5819.35,-75.619
5820.02,-75.410
5820.69,-75.847
5821.37,-76.618
5822.04,-76.811
5822.71,-74.563
5823.39,-74.183
5824.06,-74.612
5824.73,-73.980
5825.40,-74.274
5826.08,-74.044
5826.75,-75.014
5827.42,-74.596
5828.10,-74.394
5828.77,-75.081
5829.44,-76.208
5830.11,-74.229
5830.79,-74.425
5831.46,-75.494
5832.13,-75.123
5832.81,-73.776
5833.48,-74.525
5834.15,-75.400
5834.83,-75.514
5835.50,-74.167
5836.17,-74.781
5836.84,-75.598
5837.52,-75.956
5838.19,-75.041
5838.86,-74.405
5839.54,-74.344
5840.21,-75.430
5840.88,-75.501
5841.55,-74.388
5842.23,-75.751
5842.90,-74.305
5843.57,-75.393
5844.25,-74.063
5844.92,-74.395
5845.59,-74.409
5846.26,-74.336
5846.94,-74.229
5847.61,-73.389
5848.28,-75.847
5848.96,-74.725
5849.63,-74.610
5850.30,-75.213
5850.98,-76.058
5851.65,-75.397
5852.32,-75.331
5852.99,-75.275
5853.67,-74.707
5854.34,-74.992
5855.01,-76.063
5855.69,-76.240
5856.36,-74.225
5857.03,-75.104
5857.70,-74.949
5858.38,-72.756
5859.05,-75.755
5859.72,-74.647
5860.40,-73.503
5861.07,-74.031
5861.74,-73.862
5862.41,-75.000
5863.09,-75.164
5863.76,-74.018
5864.43,-74.087
5865.11,-74.596
5865.78,-74.677
5866.45,-74.414
5867.12,-74.533
5867.80,-74.742
5868.47,-74.164
5869.14,-75.088
5869.82,-74.176
5870.49,-75.161
5871.16,-74.999
5871.84,-74.535
5872.51,-75.379
5873.18,-74.356
5873.85,-75.147
5874.53,-74.528
5875.20,-75.696
5875.87,-74.430
5876.55,-72.535
5877.22,-75.026
5877.89,-74.147
5878.56,-74.334
5879.24,-74.524
5879.91,-74.479
5880.58,-76.231
5881.26,-74.419
5881.93,-73.881
5882.60,-74.300
5883.27,-74.684
5883.95,-74.963
5884.62,-73.720
5885.29,-74.527
5885.97,-73.668
5886.64,-75.874
5887.31,-74.796
5887.99,-74.452
5888.66,-74.008
5889.33,-74.858
5890.00,-74.821
5890.68,-73.239
5891.35,-73.356
5892.02,-75.579
5892.70,-74.817
5893.37,-75.055
5894.04,-74.833
5894.71,-74.381
5895.39,-73.313
5896.06,-74.453
5896.73,-73.994
5897.41,-72.947
5898.08,-73.673
5898.75,-73.079
5899.42,-72.745
5900.10,-73.896
5900.77,-73.442
5901.44,-73.778
5902.12,-73.530
5902.79,-74.183
5903.46,-74.836
5904.14,-73.818
5904.81,-72.690
5905.48,-72.586
5906.15,-73.664
5906.83,-72.809
5907.50,-75.646
5908.17,-74.217
5908.85,-72.602
5909.52,-74.831
5910.19,-74.126
5910.86,-73.651
5911.54,-74.135
5912.21,-74.583
5912.88,-73.670
5913.56,-73.761
5914.23,-73.982
5914.90,-73.926
5915.57,-74.532
5916.25,-73.824
5916.92,-73.578
5917.59,-72.347
5918.27,-73.547
5918.94,-73.396
5919.61,-73.733
5920.29,-72.072
5920.96,-71.698
5921.63,-72.849
5922.30,-72.609
5922.98,-74.160
5923.65,-74.734
5924.32,-73.238
5925.00,-74.579
5925.67,-73.719
5926.34,-74.705
5927.01,-73.109
5927.69,-75.055
5928.36,-73.667
5929.03,-72.805
5929.71,-73.660
5930.38,-72.304
5931.05,-72.193
5931.72,-73.831
5932.40,-73.018
5933.07,-74.275
5933.74,-73.514
5934.42,-72.984
5935.09,-73.403
5935.76,-72.413
5936.43,-73.629
5937.11,-73.309
5937.78,-72.129
5938.45,-74.117
5939.13,-72.815
5939.80,-73.264
5940.47,-73.782
5941.15,-73.402
5941.82,-72.317
5942.49,-73.417
5943.16,-71.786
5943.84,-72.692
5944.51,-72.077
5945.18,-72.605
5945.86,-73.052
5946.53,-71.133
5947.20,-71.962
5947.87,-70.826
5948.55,-70.319
5949.22,-73.263
5949.89,-72.619
5950.57,-72.003
5951.24,-71.869
5951.91,-72.055
5952.58,-72.516
5953.26,-71.492
5953.93,-73.124
5954.60,-72.484
5955.28,-72.267
5955.95,-71.503
5956.62,-71.951
5957.30,-71.809
5957.97,-70.902
5958.64,-71.288
5959.31,-70.669
5959.99,-71.509
5960.66,-72.236
5961.33,-69.927
5962.01,-71.487
5962.68,-70.242
5963.35,-71.761
5964.02,-71.706
5964.70,-71.504
5965.37,-70.056
5966.04,-71.142
5966.72,-71.595
5967.39,-70.469
5968.06,-69.430
5968.73,-70.671
5969.41,-70.610
5970.08,-71.469
5970.75,-72.015
5971.43,-72.051
5972.10,-71.208
5972.77,-70.516
5973.45,-72.317
5974.12,-72.447
5974.79,-71.074
5975.46,-70.850
5976.14,-70.004
5976.81,-69.475
5977.48,-69.961
5978.16,-69.578
5978.83,-69.832
5979.50,-69.949
5980.17,-69.908
5980.85,-71.609
5981.52,-70.640
5982.19,-70.244
5982.87,-71.035
5983.54,-69.125
5984.21,-71.177
5984.88,-71.558
5985.56,-69.246
5986.23,-70.461
5986.90,-70.467
5987.58,-69.337
5988.25,-69.370
5988.92,-70.250
5989.60,-69.140
5990.27,-69.433
5990.94,-68.786
5991.61,-69.166
5992.29,-68.563
5992.96,-68.779
5993.63,-69.959
5994.31,-70.494
5994.98,-69.934
5995.65,-69.767
5996.32,-70.972
5997.00,-68.918
5997.67,-69.815
5998.34,-69.063
5999.02,-68.414
5999.69,-69.849
6000.36,-68.715
6001.03,-68.077
6001.71,-70.476
6002.38,-69.566
6003.05,-69.860
6003.73,-68.794
6004.40,-68.029
6005.07,-69.533
6005.74,-69.276
6006.42,-68.812
6007.09,-68.525
6007.76,-67.633
6008.44,-68.922
6009.11,-68.666
6009.78,-68.483
6010.46,-68.915
6011.13,-68.538
6011.80,-67.881
6012.47,-69.848
6013.15,-67.998
6013.82,-68.771
6014.49,-68.276
6015.17,-69.133
6015.84,-67.110
6016.51,-68.966
6017.18,-68.571
6017.86,-67.001
6018.53,-67.851
6019.20,-67.404
6019.88,-68.985
6020.55,-67.547
6021.22,-67.850
6021.89,-66.815
6022.57,-66.958
6023.24,-67.491
6023.91,-67.850
6024.59,-66.485
6025.26,-66.145
6025.93,-67.049
6026.61,-67.392
6027.28,-67.167
6027.95,-65.881
6028.62,-68.597
6029.30,-67.409
6029.97,-66.951
6030.64,-66.435
6031.32,-68.017
6031.99,-68.622
6032.66,-67.142
6033.33,-68.307
6034.01,-67.379
6034.68,-67.738
6035.35,-67.943
6036.03,-67.675
6036.70,-67.494
6037.37,-69.062
6038.04,-66.264
6038.72,-66.164
6039.39,-67.522
6040.06,-66.167
6040.74,-66.243
6041.41,-67.180
6042.08,-66.626
6042.76,-65.993
6043.43,-66.080
6044.10,-66.374
6044.77,-67.281
6045.45,-67.297
6046.12,-68.419
6046.79,-66.760
6047.47,-66.120
6048.14,-66.716
6048.81,-67.517
6049.48,-66.916
6050.16,-68.652
6050.83,-67.141
6051.50,-66.407
6052.18,-66.608
6052.85,-66.846
6053.52,-66.807
6054.19,-66.913
6054.87,-66.563
6055.54,-68.970
6056.21,-66.964
6056.89,-66.659
6057.56,-66.663
6058.23,-67.494
6058.91,-65.857
6059.58,-66.532
6060.25,-67.524
6060.92,-67.029
6061.60,-66.719
6062.27,-67.267
6062.94,-67.286
6063.62,-67.611
6064.29,-67.764
6064.96,-67.564
6065.63,-67.179
6066.31,-66.781
6066.98,-68.548
6067.65,-68.181
6068.33,-67.531
6069.00,-67.043
6069.67,-67.995
6070.34,-67.442
6071.02,-66.752
6071.69,-67.708
6072.36,-67.806
6073.04,-67.467
6073.71,-67.862
6074.38,-66.655
6075.05,-67.634
6075.73,-66.719
6076.40,-67.016
6077.07,-68.410
6077.75,-67.225
6078.42,-67.476
6079.09,-68.194
6079.77,-69.171
6080.44,-68.386
6081.11,-67.557
6081.78,-68.324
6082.46,-67.375
6083.13,-68.809
6083.80,-69.468
6084.48,-68.652
6085.15,-68.560
6085.82,-68.974
6086.49,-68.325
6087.17,-68.617
6087.84,-69.215
6088.51,-70.144
6089.19,-68.462
6089.86,-68.390
6090.53,-68.516
6091.20,-68.421
6091.88,-70.275
6092.55,-69.475
6093.22,-69.246
6093.90,-68.912
6094.57,-69.604
6095.24,-68.887
6095.92,-69.665
6096.59,-70.250
6097.26,-68.627
6097.93,-67.673
6098.61,-68.810
6099.28,-68.716
6099.95,-67.582
6100.63,-69.293
6101.30,-69.483
6101.97,-70.900
6102.64,-71.492
6103.32,-68.622
6103.99,-69.871
6104.66,-69.977
6105.34,-70.939
6106.01,-70.526
6106.68,-71.369
6107.35,-70.330
6108.03,-71.303
6108.70,-71.716
6109.37,-70.109
6110.05,-70.349
6110.72,-70.413
6111.39,-69.982
6112.07,-70.197
6112.74,-71.010
6113.41,-70.569
6114.08,-70.964
6114.76,-70.278
6115.43,-71.047
6116.10,-71.135
6116.78,-70.894
6117.45,-70.345
6118.12,-71.182
6118.79,-70.786
6119.47,-71.275
6120.14,-70.670
6120.81,-70.764
6121.49,-72.559
6122.16,-71.516
6122.83,-70.503
6123.50,-71.471
6124.18,-70.997
6124.85,-71.932
6125.52,-71.631
6126.20,-71.560
6126.87,-70.710
6127.54,-70.698
6128.22,-71.830
6128.89,-72.602
6129.56,-70.952
6130.23,-72.720
6130.91,-72.247
6131.58,-71.447
6132.25,-71.315
6132.93,-70.913
6133.60,-71.335
6134.27,-73.021
6134.94,-72.082
6135.62,-73.422
6136.29,-71.619
6136.96,-72.943
6137.64,-72.712
6138.31,-71.041
6138.98,-72.263
6139.65,-71.605
6140.33,-72.675
6141.00,-71.414
6141.67,-71.675
6142.35,-73.342
6143.02,-71.400
6143.69,-71.630
6144.36,-72.689
6145.04,-72.684
6145.71,-72.917
6146.38,-73.156
6147.06,-73.649
6147.73,-72.711
6148.40,-72.944
6149.08,-72.533
6149.75,-72.562
6150.42,-72.669
6151.09,-74.204
6151.77,-73.019
6152.44,-72.627
6153.11,-72.076
6153.79,-72.568
6154.46,-74.016
6155.13,-73.549
6155.80,-73.677
6156.48,-72.130
6157.15,-73.543
6157.82,-74.940
6158.50,-73.047
6159.17,-72.590
6159.84,-73.864
6160.51,-72.851
6161.19,-72.872
6161.86,-74.414
6162.53,-73.314
6163.21,-73.406
6163.88,-72.262
6164.55,-74.095
6165.23,-73.055
6165.90,-74.522
6166.57,-74.490
6167.24,-74.549
6167.92,-74.562
6168.59,-74.814
6169.26,-74.014
6169.94,-72.518
6170.61,-73.619
6171.28,-74.907
6171.95,-74.682
6172.63,-73.678
6173.30,-74.221
6173.97,-74.404
6174.65,-74.649
6175.32,-74.649
6175.99,-74.292
6176.66,-73.236
6177.34,-73.721
6178.01,-73.618
6178.68,-75.264
6179.36,-74.745
6180.03,-74.987
6180.70,-75.363
6181.38,-74.628
6182.05,-75.406
6182.72,-74.760
6183.39,-75.242
6184.07,-73.703
6184.74,-74.587
6185.41,-74.379
6186.09,-77.029
6186.76,-73.740
6187.43,-74.552
6188.10,-74.606
6188.78,-74.376
6189.45,-74.447
6190.12,-74.189
6190.80,-74.822
6191.47,-75.039
6192.14,-75.234
6192.81,-73.804
6193.49,-75.355
6194.16,-74.621
6194.83,-74.711
6195.51,-73.978
6196.18,-73.908
6196.85,-75.661
6197.53,-77.268
6198.20,-76.115
6198.87,-74.422
6199.54,-74.411
6200.22,-74.186
6200.89,-73.906
6201.56,-73.885
6202.24,-74.972
6202.91,-74.443
6203.58,-75.160
6204.25,-75.843
6204.93,-74.749
6205.60,-74.327
6206.27,-74.293
6206.95,-74.647
6207.62,-76.036
6208.29,-76.477
6208.96,-75.745
6209.64,-75.718
6210.31,-74.578
6210.98,-74.434
6211.66,-74.919
6212.33,-76.286
6213.00,-75.944
6213.67,-76.680
6214.35,-77.467
6215.02,-74.005
6215.69,-75.511
6216.37,-75.427
6217.04,-77.694
6217.71,-74.352
6218.39,-75.945
6219.06,-74.755
6219.73,-74.357
6220.40,-76.110
6221.08,-75.003
6221.75,-76.377
6222.42,-75.854
6223.10,-76.219
6223.77,-75.957
6224.44,-74.678
6225.11,-74.425
6225.79,-74.999
6226.46,-75.185
6227.13,-76.231
6227.81,-74.810
6228.48,-75.965
6229.15,-75.811
6229.82,-75.066
6230.50,-75.830
6231.17,-74.291
6231.84,-76.083
6232.52,-76.367
6233.19,-74.369
6233.86,-76.823
6234.54,-76.586
6235.21,-77.668
6235.88,-76.272
6236.55,-76.038
6237.23,-76.471
6237.90,-76.719
6238.57,-77.359
6239.25,-76.679
6239.92,-75.335
6240.59,-75.834
6241.26,-76.612
6241.94,-76.989
6242.61,-75.335
6243.28,-75.489
6243.96,-76.203
6244.63,-75.946
6245.30,-75.186
6245.97,-75.048
6246.65,-75.115
6247.32,-76.394
6247.99,-74.880
6248.67,-75.800
6249.34,-76.076
6250.01,-75.726
6250.69,-77.159
6251.36,-74.651
6252.03,-74.770
6252.70,-76.421
6253.38,-76.700
6254.05,-76.325
6254.72,-76.860
6255.40,-76.072
6256.07,-75.385
6256.74,-77.500
6257.41,-76.628
6258.09,-75.488
6258.76,-76.783
6259.43,-76.945
6260.11,-76.717
6260.78,-76.754
6261.45,-74.436
6262.12,-77.070
6262.80,-76.393
6263.47,-76.484
6264.14,-77.137
6264.82,-76.632
6265.49,-75.691
6266.16,-76.952
6266.84,-76.408
6267.51,-77.504
6268.18,-76.341
6268.85,-75.715
6269.53,-76.354
6270.20,-76.297
6270.87,-75.179
6271.55,-75.746
6272.22,-77.232
6272.89,-77.023
6273.56,-76.357
6274.24,-76.705
6274.91,-75.659
6275.58,-76.357
6276.26,-76.929
6276.93,-75.633
6277.60,-76.871
6278.27,-74.941
6278.95,-76.173
6279.62,-76.148
6280.29,-75.604
6280.97,-75.693
6281.64,-77.637
6282.31,-76.911
6282.98,-76.974
6283.66,-77.067
6284.33,-76.333
6285.00,-76.236
6285.68,-76.383
6286.35,-75.924
6287.02,-76.334
6287.70,-76.577
6288.37,-77.080
6289.04,-75.904
6289.71,-76.090
6290.39,-77.608
6291.06,-78.373
6291.73,-76.380
6292.41,-75.857
6293.08,-76.988
6293.75,-76.868
6294.42,-75.394
6295.10,-74.829
6295.77,-75.322
6296.44,-76.251
6297.12,-75.212
6297.79,-75.337
6298.46,-76.314
6299.13,-77.849
6299.81,-75.888
6300.48,-73.656
6301.15,-76.733
6301.83,-76.748
6302.50,-76.992
6303.17,-78.055
6303.85,-75.162
6304.52,-75.051
6305.19,-75.171
6305.86,-76.275
6306.54,-75.689
6307.21,-75.751
6307.88,-76.437
6308.56,-76.835
6309.23,-77.953
6309.90,-76.310
6310.57,-76.722
6311.25,-74.492
6311.92,-75.690
6312.59,-75.704
6313.27,-76.214
6313.94,-77.520
6314.61,-75.793
6315.28,-76.243
6315.96,-76.337
6316.63,-75.626
6317.30,-76.505
6317.98,-77.107
6318.65,-76.667
6319.32,-77.321
6320.00,-77.405
6320.67,-76.581
6321.34,-75.410
6322.01,-76.839
6322.69,-75.858
6323.36,-76.747
6324.03,-75.530
6324.71,-74.111
6325.38,-75.867
6326.05,-76.658
6326.72,-76.089
6327.40,-76.075
6328.07,-76.053
6328.74,-74.523
6329.42,-75.274
6330.09,-75.309
6330.76,-75.155
6331.43,-76.832
6332.11,-76.155
6332.78,-76.878
6333.45,-75.503
6334.13,-75.478
6334.80,-75.028
6335.47,-76.059
6336.15,-74.771
6336.82,-76.034
6337.49,-76.521
6338.16,-76.717
6338.84,-76.649
6339.51,-76.634
6340.18,-76.091
6340.86,-74.394
6341.53,-75.783
6342.20,-73.815
6342.87,-74.701
6343.55,-75.186
6344.22,-74.863
6344.89,-75.582
6345.57,-75.696
6346.24,-76.558
6346.91,-75.882
6347.58,-74.870
6348.26,-76.027
6348.93,-74.607
6349.60,-75.462
6350.28,-75.793
6350.95,-74.715
6351.62,-76.481
6352.29,-74.208
6352.97,-75.090
6353.64,-75.315
6354.31,-75.677
6354.99,-76.467
6355.66,-76.568
6356.33,-75.775
6357.01,-74.394
6357.68,-74.810
6358.35,-76.902
6359.02,-75.090
6359.70,-75.778
6360.37,-75.571
6361.04,-75.846
6361.72,-75.351
6362.39,-74.607
6363.06,-75.505
6363.73,-75.644
6364.41,-76.780
6365.08,-75.870
6365.75,-76.129
6366.43,-75.490
6367.10,-74.479
6367.77,-75.295
6368.44,-74.556
6369.12,-76.112
6369.79,-74.876
6370.46,-74.833
6371.14,-74.299
6371.81,-74.517
6372.48,-75.402
6373.16,-75.407
6373.83,-75.849
6374.50,-74.627
6375.17,-74.554
6375.85,-74.347
6376.52,-76.080
6377.19,-75.537
6377.87,-75.285
6378.54,-74.815
6379.21,-75.372
6379.88,-74.697
6380.56,-75.282
6381.23,-76.795
6381.90,-75.251
6382.58,-73.673
6383.25,-75.773
6383.92,-74.428
6384.59,-73.860
6385.27,-75.876
6385.94,-74.201
6386.61,-76.703
6387.29,-73.833
6387.96,-74.858
6388.63,-74.002
6389.31,-74.996
6389.98,-76.305
6390.65,-75.223
6391.32,-75.323
6392.00,-73.888
6392.67,-74.250
6393.34,-74.657
6394.02,-74.940
6394.69,-75.951
6395.36,-75.684
6396.03,-75.174
6396.71,-74.173
6397.38,-76.503
6398.05,-73.655
6398.73,-73.756
6399.40,-73.269
6400.07,-75.191
6400.74,-75.356
6401.42,-74.709
6402.09,-75.102
6402.76,-73.147
6403.44,-73.925
6404.11,-74.449
6404.78,-74.371
6405.46,-74.176
6406.13,-75.025
6406.80,-74.393
6407.47,-74.503
6408.15,-75.128
6408.82,-72.512
6409.49,-73.777
6410.17,-73.998
6410.84,-74.710
6411.51,-73.888
6412.18,-74.531
6412.86,-73.135
6413.53,-74.360
6414.20,-73.626
6414.88,-74.312
6415.55,-72.707
6416.22,-73.750
6416.89,-72.228
6417.57,-72.637
6418.24,-73.871
6418.91,-73.828
6419.59,-74.209
6420.26,-72.778
6420.93,-74.516
6421.60,-73.734
6422.28,-73.537
6422.95,-74.340
6423.62,-73.703
6424.30,-74.349
6424.97,-72.561
6425.64,-73.154
6426.32,-72.408
6426.99,-72.082
6427.66,-73.424
6428.33,-71.758
6429.01,-72.977
6429.68,-72.630
6430.35,-72.700
6431.03,-74.016
6431.70,-73.836
6432.37,-73.179
6433.04,-72.109
6433.72,-73.222
6434.39,-72.712
6435.06,-73.102
6435.74,-72.422
6436.41,-71.579
6437.08,-71.265
6437.75,-72.551
6438.43,-73.396
6439.10,-73.238
6439.77,-72.501
6440.45,-72.186
6441.12,-72.069
6441.79,-71.973
6442.47,-73.200
6443.14,-70.532
6443.81,-72.008
6444.48,-71.358
6445.16,-71.089
6445.83,-71.422
6446.50,-71.419
6447.18,-72.084
6447.85,-71.969
6448.52,-71.285
6449.19,-72.211
6449.87,-72.984
6450.54,-71.328
6451.21,-70.850
6451.89,-72.168
6452.56,-71.913
6453.23,-70.278
6453.90,-71.112
6454.58,-71.121
6455.25,-70.775
6455.92,-70.013
6456.60,-71.402
6457.27,-71.242
6457.94,-71.750
6458.62,-71.468
6459.29,-71.990
6459.96,-70.327
6460.63,-71.455
6461.31,-72.188
6461.98,-73.364
6462.65,-70.676
6463.33,-70.305
6464.00,-70.754
6464.67,-70.792
6465.34,-71.028
6466.02,-70.537
6466.69,-69.081
6467.36,-71.336
6468.04,-71.932
6468.71,-69.720
6469.38,-71.754
6470.05,-71.104
6470.73,-72.063
6471.40,-72.012
6472.07,-70.215
6472.75,-70.832
6473.42,-70.401
6474.09,-70.957
6474.77,-70.991
6475.44,-70.036
6476.11,-72.059
6476.78,-70.065
6477.46,-70.341
6478.13,-70.450
6478.80,-69.798
6479.48,-70.348
6480.15,-69.919
6480.82,-69.099
6481.49,-70.133
6482.17,-69.984
6482.84,-69.730
6483.51,-71.480
6484.19,-69.021
6484.86,-68.837
6485.53,-69.447
6486.20,-69.779
6486.88,-69.047
6487.55,-68.457
6488.22,-69.591
6488.90,-70.304
6489.57,-69.744
6490.24,-69.807
6490.91,-69.855
6491.59,-69.372
6492.26,-68.360
6492.93,-69.688
6493.61,-70.777
6494.28,-70.059
6494.95,-69.115
6495.63,-70.082
6496.30,-70.954
6496.97,-70.747
6497.64,-69.782
6498.32,-70.424
6498.99,-69.586
6499.66,-69.442
6500.34,-70.030
6501.01,-68.761
6501.68,-68.575
6502.35,-68.508
6503.03,-68.952
6503.70,-68.750
6504.37,-69.593
6505.05,-68.568
6505.72,-69.441
6506.39,-68.728
6507.06,-69.124
6507.74,-69.921
6508.41,-69.674
6509.08,-70.427
6509.76,-69.872
6510.43,-68.770
6511.10,-67.336
6511.78,-69.072
6512.45,-68.065
6513.12,-67.748
6513.79,-67.731
6514.47,-67.549
6515.14,-68.268
6515.81,-67.805
6516.49,-67.929
6517.16,-68.100
6517.83,-68.689
6518.50,-68.313
6519.18,-70.041
6519.85,-68.987
6520.52,-68.747
6521.20,-67.598
6521.87,-69.383
6522.54,-68.367
6523.21,-69.783
6523.89,-68.397
6524.56,-68.583
6525.23,-70.015
6525.91,-69.949
6526.58,-69.994
6527.25,-69.196
6527.93,-70.341
6528.60,-70.504
6529.27,-69.013
6529.94,-69.939
6530.62,-68.959
6531.29,-69.693
6531.96,-67.422
6532.64,-69.641
6533.31,-68.690
6533.98,-68.497
6534.65,-68.237
6535.33,-68.586
6536.00,-69.748
6536.67,-68.705
6537.35,-67.710
6538.02,-68.215
6538.69,-68.912
6539.36,-69.872
6540.04,-69.918
6540.71,-70.532
6541.38,-69.527
6542.06,-70.205
6542.73,-68.497
6543.40,-69.227
6544.08,-70.937
6544.75,-69.378
6545.42,-70.434
6546.09,-69.417
6546.77,-70.298
6547.44,-70.253
6548.11,-70.123
6548.79,-69.243
6549.46,-69.700
6550.13,-69.501
6550.80,-68.594
6551.48,-68.037
6552.15,-69.316
6552.82,-70.678
6553.50,-70.114
6554.17,-70.896
6554.84,-68.722
6555.51,-68.581
6556.19,-68.879
6556.86,-69.065
6557.53,-69.953
6558.21,-69.805
6558.88,-69.412
6559.55,-70.662
6560.22,-70.215
6560.90,-70.330
6561.57,-70.462
6562.24,-69.334
6562.92,-69.706
6563.59,-70.579
6564.26,-70.752
6564.94,-70.701
6565.61,-70.465
6566.28,-70.047
6566.95,-71.627
6567.63,-70.958
6568.30,-70.004
6568.97,-71.759
6569.65,-71.397
6570.32,-69.885
6570.99,-69.572
6571.66,-71.338
6572.34,-71.073
6573.01,-71.876
6573.68,-71.065
6574.36,-70.683
6575.03,-72.043
6575.70,-72.782
6576.37,-72.759
6577.05,-71.804
6577.72,-71.211
6578.39,-71.178
6579.07,-69.903
6579.74,-70.635
6580.41,-70.035
6581.09,-70.667
6581.76,-70.656
6582.43,-71.018
6583.10,-71.065
6583.78,-71.776
6584.45,-72.447
6585.12,-71.273
6585.80,-71.088
6586.47,-72.404
6587.14,-71.884
6587.81,-71.763
6588.49,-72.105
6589.16,-73.204
6589.83,-72.119
6590.51,-71.489
6591.18,-70.741
6591.85,-71.852
6592.52,-71.463
6593.20,-70.313
6593.87,-71.428
6594.54,-72.063
6595.22,-73.562
6595.89,-72.834
6596.56,-72.586
6597.24,-72.901
6597.91,-72.818
6598.58,-71.451
6599.25,-71.862
6599.93,-72.761
6600.60,-72.473
6601.27,-72.082
6601.95,-72.084
6602.62,-72.824
6603.29,-71.722
6603.96,-71.917
6604.64,-72.304
6605.31,-72.548
6605.98,-72.832
6606.66,-72.874
6607.33,-72.093
6608.00,-71.859
6608.67,-72.743
6609.35,-73.664
6610.02,-73.387
6610.69,-72.926
6611.37,-72.432
6612.04,-74.703
6612.71,-72.679
6613.39,-73.073
6614.06,-72.529
6614.73,-72.402
6615.40,-73.067
6616.08,-72.882
6616.75,-73.124
6617.42,-72.926
6618.10,-73.944
6618.77,-73.759
6619.44,-72.771
6620.11,-71.785
6620.79,-72.962
6621.46,-72.912
6622.13,-73.718
6622.81,-74.487
6623.48,-73.387
6624.15,-71.673
6624.82,-73.305
6625.50,-73.634
6626.17,-73.408
6626.84,-73.064
6627.52,-74.460
6628.19,-73.188
6628.86,-73.859
6629.53,-74.272
6630.21,-74.480
6630.88,-74.285
6631.55,-72.694
6632.23,-72.785
6632.90,-72.483
6633.57,-75.311
6634.25,-73.786
6634.92,-72.150
6635.59,-73.866
6636.26,-73.674
6636.94,-73.768
6637.61,-74.212
6638.28,-74.047
6638.96,-73.931
6639.63,-73.573
6640.30,-73.544
6640.97,-74.520
6641.65,-72.238
6642.32,-74.167
6642.99,-72.391
6643.67,-73.102
6644.34,-74.456
6645.01,-74.833
6645.68,-75.275
6646.36,-74.210
6647.03,-73.636
6647.70,-73.915
6648.38,-73.301
6649.05,-73.252
6649.72,-74.025
6650.40,-74.476
6651.07,-73.473
6651.74,-75.045
6652.41,-73.100
6653.09,-75.686
6653.76,-74.485
6654.43,-73.899
6655.11,-74.713
6655.78,-73.749
6656.45,-74.474
6657.12,-75.249
6657.80,-74.841
6658.47,-73.965
6659.14,-75.727
6659.82,-75.438
6660.49,-75.137
6661.16,-75.236
6661.83,-74.413
6662.51,-76.118
6663.18,-74.829
6663.85,-73.945
6664.53,-75.316
6665.20,-73.681
6665.87,-75.082
6666.55,-74.468
6667.22,-74.193
6667.89,-75.584
6668.56,-74.546
6669.24,-74.819
6669.91,-74.843
6670.58,-74.199
6671.26,-74.419
6671.93,-73.891
6672.60,-74.699
6673.27,-74.559
6673.95,-74.449
6674.62,-74.719
6675.29,-74.906
6675.97,-74.359
6676.64,-74.804
6677.31,-75.094
6677.98,-74.975
6678.66,-75.033
6679.33,-75.480
6680.00,-75.790
6680.68,-74.520
6681.35,-74.459
6682.02,-75.467
6682.70,-75.927
6683.37,-76.388
6684.04,-73.534
6684.71,-75.080
6685.39,-74.382
6686.06,-74.345
6686.73,-74.639
6687.41,-74.995
6688.08,-73.927
6688.75,-73.969
6689.42,-74.891
6690.10,-76.754
6690.77,-77.064
6691.44,-74.986
6692.12,-74.804
6692.79,-76.072
6693.46,-75.596
6694.13,-76.464
6694.81,-76.124
6695.48,-76.135
6696.15,-75.231
6696.83,-76.435
6697.50,-74.820
6698.17,-75.985
6698.84,-75.071
6699.52,-76.566
6700.19,-76.384
6700.86,-76.399
6701.54,-74.889
6702.21,-76.066
6702.88,-76.610
6703.56,-76.266
6704.23,-75.595
6704.90,-75.809
6705.57,-74.557
6706.25,-75.221
6706.92,-76.620
6707.59,-75.646
6708.27,-76.218
6708.94,-74.848
6709.61,-76.416
6710.28,-76.658
6710.96,-74.623
6711.63,-75.774
6712.30,-76.876
6712.98,-75.757
6713.65,-76.283
6714.32,-76.400
6714.99,-76.546
6715.67,-76.615
6716.34,-75.472
6717.01,-75.659
6717.69,-76.794
6718.36,-76.656
6719.03,-76.649
6719.71,-76.356
6720.38,-77.814
6721.05,-75.198
6721.72,-76.170
6722.40,-77.703
6723.07,-76.111
6723.74,-77.898
6724.42,-75.853
6725.09,-75.616
6725.76,-75.740
6726.43,-76.766
6727.11,-76.930
6727.78,-76.535
6728.45,-76.031
6729.13,-75.804
6729.80,-76.590
6730.47,-75.367
6731.14,-75.955
6731.82,-75.451
6732.49,-75.948
6733.16,-75.181
6733.84,-74.854
6734.51,-75.531
6735.18,-77.296
6735.86,-76.305
6736.53,-76.816
6737.20,-76.224
6737.87,-76.359
6738.55,-76.878
6739.22,-75.849
6739.89,-75.195
6740.57,-75.477
6741.24,-76.423
6741.91,-77.042
6742.58,-76.722
6743.26,-76.014
6743.93,-76.121
6744.60,-76.044
6745.28,-74.665
6745.95,-75.909
6746.62,-76.091
6747.29,-77.378
6747.97,-76.359
6748.64,-76.608
6749.31,-75.733
6749.99,-76.921
6750.66,-77.156
6751.33,-75.322
6752.01,-74.113
6752.68,-74.410
6753.35,-75.820
6754.02,-75.282
6754.70,-76.371
6755.37,-76.300
6756.04,-75.511
6756.72,-76.376
6757.39,-76.297
6758.06,-75.461
6758.73,-76.913
6759.41,-76.300
6760.08,-77.279
6760.75,-76.625
6761.43,-75.433
6762.10,-76.751
6762.77,-75.846
6763.44,-75.831
6764.12,-75.468
6764.79,-76.579
6765.46,-74.395
6766.14,-74.706
6766.81,-76.813
6767.48,-76.748
6768.15,-75.548
6768.83,-75.798
6769.50,-76.411
6770.17,-75.873
6770.85,-75.706
6771.52,-76.702
6772.19,-76.702
6772.87,-77.050
6773.54,-76.561
6774.21,-77.158
6774.88,-75.776
6775.56,-77.734
6776.23,-76.458
6776.90,-77.432
6777.58,-76.122
6778.25,-75.967
6778.92,-76.943
6779.59,-77.395
6780.27,-75.807
6780.94,-75.304
6781.61,-75.408
6782.29,-74.301
6782.96,-74.799
6783.63,-74.477
6784.30,-76.745
6784.98,-76.532
6785.65,-76.116
6786.32,-76.374
6787.00,-74.472
6787.67,-75.744
6788.34,-75.557
6789.02,-75.371
6789.69,-75.784
6790.36,-75.554
6791.03,-74.167
6791.71,-75.437
6792.38,-75.744
6793.05,-75.476
6793.73,-76.708
6794.40,-75.324
6795.07,-77.260
6795.74,-75.864
6796.42,-74.861
6797.09,-74.501
6797.76,-74.194
6798.44,-76.660
6799.11,-76.642
6799.78,-74.909
6800.45,-75.387
6801.13,-76.300
6801.80,-76.607
6802.47,-75.622
6803.15,-75.574
6803.82,-76.225
6804.49,-76.468
6805.17,-75.879
6805.84,-75.056
6806.51,-75.934
6807.18,-75.318
6807.86,-75.036
6808.53,-74.583
6809.20,-75.804
6809.88,-75.079
6810.55,-74.945
6811.22,-76.020
6811.89,-76.602
6812.57,-75.800
6813.24,-76.486
6813.91,-75.231
6814.59,-75.616
6815.26,-75.457
6815.93,-75.416
6816.60,-74.613
6817.28,-74.609
6817.95,-74.923
6818.62,-75.438
6819.30,-76.813
6819.97,-75.570
6820.64,-76.053
6821.32,-75.466
6821.99,-76.951
6822.66,-76.034
6823.33,-75.875
6824.01,-75.055
6824.68,-75.554
6825.35,-75.948
6826.03,-74.940
6826.70,-75.063
6827.37,-76.773
6828.04,-75.557
6828.72,-76.315
6829.39,-76.025
6830.06,-75.581
6830.74,-76.114
6831.41,-76.375
6832.08,-76.052
6832.75,-76.288
6833.43,-76.065
6834.10,-74.802
6834.77,-74.966
6835.45,-74.474
6836.12,-75.062
6836.79,-74.648
6837.46,-75.344
6838.14,-74.096
6838.81,-75.329
6839.48,-75.236
6840.16,-73.938
6840.83,-73.918
6841.50,-73.700
6842.18,-74.917
6842.85,-74.694
6843.52,-75.318
6844.19,-76.382
6844.87,-73.984
6845.54,-75.149
6846.21,-73.698
6846.89,-74.776
6847.56,-73.697
6848.23,-74.009
6848.90,-75.517
6849.58,-75.057
6850.25,-74.077
6850.92,-75.697
6851.60,-73.500
6852.27,-74.372
6852.94,-74.568
6853.61,-74.362
6854.29,-73.985
6854.96,-74.937
6855.63,-74.109
6856.31,-74.260
6856.98,-74.508
6857.65,-74.464
6858.33,-73.406
6859.00,-74.675
6859.67,-74.871
6860.34,-75.712
6861.02,-74.439
6861.69,-74.631
6862.36,-73.396
6863.04,-73.843
6863.71,-74.050
6864.38,-73.073
6865.05,-74.289
6865.73,-74.494
6866.40,-74.777
6867.07,-73.422
6867.75,-74.543
6868.42,-73.855
6869.09,-73.415
6869.76,-72.678
6870.44,-72.667
6871.11,-73.804
6871.78,-74.198
6872.46,-73.717
6873.13,-73.942
6873.80,-72.860
6874.48,-73.215
6875.15,-72.733
6875.82,-74.298
6876.49,-75.103
6877.17,-74.623
6877.84,-72.203
6878.51,-73.667
6879.19,-72.684
6879.86,-73.928
6880.53,-73.309
6881.20,-71.425
6881.88,-74.556
6882.55,-73.363
6883.22,-72.756
6883.90,-73.594
6884.57,-74.189
6885.24,-72.431
6885.91,-73.939
6886.59,-73.207
6887.26,-72.975
6887.93,-73.278
6888.61,-73.533
6889.28,-73.494
6889.95,-73.367
6890.62,-72.787
6891.30,-73.444
6891.97,-72.843
6892.64,-72.751
6893.32,-71.837
6893.99,-72.432
6894.66,-72.733
6895.34,-73.488
6896.01,-73.458
6896.68,-72.589
6897.35,-72.007
6898.03,-73.230
6898.70,-72.094
6899.37,-72.655
6900.05,-71.067
6900.72,-71.333
6901.39,-71.255
6902.06,-72.301
6902.74,-72.511
6903.41,-72.390
6904.08,-71.372
6904.76,-72.873
6905.43,-72.078
6906.10,-72.244
6906.77,-72.260
6907.45,-72.173
6908.12,-72.181
6908.79,-73.144
6909.47,-72.064
6910.14,-72.169
6910.81,-71.492
6911.49,-72.312
6912.16,-71.690
6912.83,-71.821
6913.50,-71.314
6914.18,-71.963
6914.85,-71.025
6915.52,-70.705
6916.20,-72.170
6916.87,-70.215
6917.54,-72.146
6918.21,-70.344
6918.89,-72.031
6919.56,-71.732
6920.23,-72.271
6920.91,-70.516
6921.58,-70.173
6922.25,-72.254
6922.92,-70.505
6923.60,-72.097
6924.27,-70.084
6924.94,-72.115
6925.62,-71.043
6926.29,-69.648
6926.96,-70.279
6927.64,-70.495
6928.31,-69.310
6928.98,-69.148
6929.65,-70.218
6930.33,-69.832
6931.00,-69.774
6931.67,-69.761
6932.35,-69.794
6933.02,-68.757
6933.69,-70.995
6934.36,-70.147
6935.04,-71.966
6935.71,-70.381
6936.38,-70.317
6937.06,-69.077
6937.73,-70.219
6938.40,-70.406
6939.07,-70.397
6939.75,-69.683
6940.42,-69.891
6941.09,-70.513
6941.77,-70.293
6942.44,-70.735
6943.11,-69.534
6943.79,-70.017
6944.46,-69.423
6945.13,-68.957
6945.80,-68.780
6946.48,-70.104
6947.15,-68.278
6947.82,-68.604
6948.50,-69.179
6949.17,-70.214
6949.84,-69.767
6950.51,-68.555
6951.19,-71.391
6951.86,-69.186
6952.53,-68.963
6953.21,-69.378
6953.88,-69.570
6954.55,-69.715
6955.22,-68.959
6955.90,-68.381
6956.57,-70.539
6957.24,-68.553
6957.92,-69.601
6958.59,-68.874
6959.26,-69.193
6959.93,-69.777
6960.61,-69.757
6961.28,-68.366
6961.95,-70.797
6962.63,-70.975
6963.30,-70.495
6963.97,-70.071
6964.65,-69.468
6965.32,-68.760
6965.99,-67.393
6966.66,-67.943
6967.34,-69.680
6968.01,-68.212
6968.68,-68.040
6969.36,-68.080
6970.03,-68.238
6970.70,-68.263
6971.37,-68.193
6972.05,-68.888
6972.72,-69.035
6973.39,-67.826
6974.07,-68.361
6974.74,-68.479
6975.41,-68.761
6976.08,-67.022
6976.76,-68.362
6977.43,-67.051
6978.10,-67.352
6978.78,-67.132
6979.45,-67.586
6980.12,-68.428
6980.80,-68.298
6981.47,-67.335
6982.14,-67.735
6982.81,-68.214
6983.49,-66.490
6984.16,-69.487
6984.83,-67.298
6985.51,-68.396
6986.18,-66.627
6986.85,-67.281
6987.52,-67.733
6988.20,-67.474
6988.87,-67.572
6989.54,-68.073
6990.22,-67.949
6990.89,-69.263
6991.56,-67.489
6992.23,-68.688
6992.91,-67.492
6993.58,-67.050
6994.25,-69.094
6994.93,-67.615
6995.60,-68.368
6996.27,-66.757
6996.95,-68.978
6997.62,-67.309
6998.29,-68.379
6998.96,-69.005
6999.64,-67.877
7000.31,-69.194
7000.98,-68.208
7001.66,-69.137
7002.33,-69.074
7003.00,-67.787
7003.67,-68.226
7004.35,-69.172
7005.02,-68.223
7005.69,-70.366
7006.37,-69.387
7007.04,-68.840
7007.71,-68.404
7008.38,-69.025
7009.06,-68.658
7009.73,-69.521
7010.40,-67.292
7011.08,-67.688
7011.75,-68.300
7012.42,-66.378
7013.10,-69.073
7013.77,-69.433
7014.44,-69.859
7015.11,-67.650
7015.79,-69.630
7016.46,-68.298
7017.13,-68.782
7017.81,-68.286
7018.48,-67.899
7019.15,-69.136
7019.82,-69.047
7020.50,-69.463
7021.17,-69.357
7021.84,-68.775
7022.52,-68.809
7023.19,-69.061
7023.86,-68.007
7024.53,-67.678
7025.21,-69.508
7025.88,-69.100
7026.55,-69.536
7027.23,-69.491
7027.90,-68.878
7028.57,-68.382
7029.24,-68.972
7029.92,-68.718
7030.59,-69.029
7031.26,-69.317
7031.94,-69.169
7032.61,-70.415
7033.28,-68.875
7033.96,-69.583
7034.63,-69.736
7035.30,-71.089
7035.97,-71.652
7036.65,-69.732
7037.32,-69.518
7037.99,-70.127
7038.67,-69.189
7039.34,-68.861
7040.01,-69.870
7040.68,-69.518
7041.36,-68.289
7042.03,-69.166
7042.70,-69.704
7043.38,-70.665
7044.05,-69.801
7044.72,-70.396
7045.39,-69.188
7046.07,-69.830
7046.74,-70.259
7047.41,-69.258
7048.09,-71.637
7048.76,-68.647
7049.43,-69.595
7050.11,-70.362
7050.78,-71.664
7051.45,-72.126
7052.12,-70.497
7052.80,-70.690
7053.47,-69.939
7054.14,-69.178
7054.82,-69.592
7055.49,-71.737
7056.16,-70.549
7056.83,-70.737
7057.51,-70.204
7058.18,-70.448
7058.85,-70.858
7059.53,-70.191
7060.20,-70.434
7060.87,-70.901
7061.54,-70.435
7062.22,-70.982
7062.89,-70.243
7063.56,-73.089
7064.24,-71.281
7064.91,-73.026
7065.58,-70.204
7066.26,-70.518
7066.93,-71.568
7067.60,-71.175
7068.27,-71.782
7068.95,-70.915
7069.62,-70.931
7070.29,-71.605
7070.97,-70.916
7071.64,-71.768
7072.31,-72.281
7072.98,-71.738
7073.66,-71.292
7074.33,-71.970
7075.00,-71.978
7075.68,-72.067
7076.35,-71.472
7077.02,-71.753
7077.69,-70.489
7078.37,-71.356
7079.04,-72.754
7079.71,-70.986
7080.39,-72.142
7081.06,-70.768
7081.73,-71.581
7082.41,-72.042
7083.08,-73.055
7083.75,-72.765
7084.42,-72.908
7085.10,-71.825
7085.77,-72.750
7086.44,-73.105
7087.12,-72.924
7087.79,-72.161
7088.46,-71.611
7089.13,-72.456
7089.81,-70.276
7090.48,-72.758
7091.15,-73.084
7091.83,-71.819
7092.50,-73.872
7093.17,-73.043
7093.84,-72.298
7094.52,-71.852
7095.19,-72.101
7095.86,-72.983
7096.54,-74.304
7097.21,-71.899
7097.88,-72.169
7098.55,-72.351
7099.23,-72.738
7099.90,-72.879
7100.57,-72.520
7101.25,-73.220
7101.92,-72.011
7102.59,-72.119
7103.27,-73.106
7103.94,-73.182
7104.61,-73.147
7105.28,-72.943
7105.96,-73.416
7106.63,-73.005
7107.30,-73.579
7107.98,-72.888
7108.65,-73.516
7109.32,-72.436
7109.99,-73.325
7110.67,-73.559
7111.34,-72.195
7112.01,-71.544
7112.69,-72.606
7113.36,-72.407
7114.03,-72.916
7114.70,-72.665
7115.38,-74.221
7116.05,-74.313
7116.72,-72.534
7117.40,-72.234
7118.07,-74.081
7118.74,-73.092
7119.42,-73.740
7120.09,-73.219
7120.76,-74.150
7121.43,-73.912
7122.11,-72.213
7122.78,-73.896
7123.45,-73.990
7124.13,-73.701
7124.80,-73.990
7125.47,-72.113
7126.14,-73.634
7126.82,-74.166
7127.49,-72.808
7128.16,-73.777
7128.84,-74.915
7129.51,-72.701
7130.18,-74.884
7130.85,-74.099
7131.53,-74.040
7132.20,-74.015
7132.87,-74.315
7133.55,-73.115
7134.22,-73.722
7134.89,-73.736
7135.57,-74.870
7136.24,-74.394
7136.91,-73.729
7137.58,-74.151
7138.26,-72.968
7138.93,-74.054
7139.60,-75.814
7140.28,-73.296
7140.95,-73.843
7141.62,-74.552
7142.29,-74.339
7142.97,-74.316
7143.64,-74.439
7144.31,-74.161
7144.99,-74.271
7145.66,-73.420
7146.33,-75.000
7147.00,-73.110
7147.68,-73.180
7148.35,-74.063
7149.02,-74.281
7149.70,-74.926
7150.37,-75.603
7151.04,-73.813
7151.72,-73.889
7152.39,-75.680
7153.06,-73.915
7153.73,-73.360
7154.41,-74.759
7155.08,-74.715
7155.75,-74.639
7156.43,-74.201
7157.10,-74.700
7157.77,-74.097
7158.44,-75.246
7159.12,-73.592
7159.79,-72.810
7160.46,-73.432
7161.14,-74.191
7161.81,-74.068
7162.48,-74.106
7163.15,-75.273
7163.83,-75.154
7164.50,-74.502
7165.17,-73.129
7165.85,-74.734
7166.52,-74.912
7167.19,-73.739
7167.86,-74.968
7168.54,-74.757
7169.21,-76.177
7169.88,-74.846
7170.56,-75.224
7171.23,-75.527
7171.90,-75.193
7172.58,-75.632
7173.25,-73.867
7173.92,-74.368
7174.59,-75.422
7175.27,-75.715
7175.94,-73.731
7176.61,-74.329
7177.29,-75.236
7177.96,-74.236
7178.63,-73.890
7179.30,-74.425
7179.98,-74.900
7180.65,-74.395
7181.32,-75.079
7182.00,-75.351
7182.67,-74.754
7183.34,-74.259
7184.01,-74.969
7184.69,-74.176
7185.36,-73.793
7186.03,-74.638
7186.71,-75.943
7187.38,-73.862
7188.05,-74.967
7188.73,-74.519
7189.40,-74.512
7190.07,-74.099
7190.74,-74.005
7191.42,-73.413
7192.09,-74.648
7192.76,-76.017
7193.44,-74.840
7194.11,-75.863
7194.78,-73.821
7195.45,-75.079
7196.13,-73.916
7196.80,-74.712
7197.47,-74.099
7198.15,-74.620
7198.82,-74.455
7199.49,-76.029
7200.16,-74.554
7200.84,-76.552
7201.51,-76.471
7202.18,-74.683
7202.86,-74.168
7203.53,-76.483
7204.20,-74.406
7204.88,-75.163
7205.55,-74.560
7206.22,-75.537
7206.89,-75.893
7207.57,-74.374
7208.24,-75.329
7208.91,-75.743
7209.59,-73.795
7210.26,-74.006
7210.93,-75.305
7211.60,-75.248
7212.28,-75.387
7212.95,-76.111
7213.62,-74.144
7214.30,-76.078
7214.97,-74.306
7215.64,-74.281
7216.31,-75.674
7216.99,-74.461
7217.66,-74.653
7218.33,-74.541
7219.01,-73.396
7219.68,-74.330
7220.35,-74.326
7221.03,-74.600
7221.70,-73.676
7222.37,-74.939
7223.04,-75.487
7223.72,-74.161
7224.39,-75.455
7225.06,-75.439
7225.74,-74.645
7226.41,-73.502
7227.08,-74.092
7227.75,-74.871
7228.43,-74.512
7229.10,-73.106
7229.77,-74.700
7230.45,-74.322
7231.12,-75.393
7231.79,-74.271
7232.46,-74.760
7233.14,-73.807
7233.81,-74.727
7234.48,-74.852
7235.16,-73.753
7235.83,-74.874
7236.50,-74.364
7237.17,-75.757
7237.85,-75.877
7238.52,-74.290
7239.19,-74.260
7239.87,-74.260
7240.54,-72.672
7241.21,-74.380
7241.89,-74.087
7242.56,-75.205
7243.23,-75.240
7243.90,-74.910
7244.58,-75.835
7245.25,-75.735
7245.92,-74.965
7246.60,-74.571
7247.27,-74.563
7247.94,-73.543
7248.61,-74.108
7249.29,-74.534
7249.96,-74.203
7250.63,-75.006
7251.31,-73.451
7251.98,-73.647
7252.65,-74.838
7253.32,-74.675
7254.00,-74.049
7254.67,-76.220
7255.34,-73.683
7256.02,-73.852
7256.69,-73.980
7257.36,-75.450
7258.04,-74.028
7258.71,-73.728
7259.38,-75.465
7260.05,-73.905
7260.73,-73.539
7261.40,-74.408
7262.07,-74.998
7262.75,-75.142
7263.42,-75.801
7264.09,-75.897
7264.76,-75.122
7265.44,-74.821
7266.11,-73.852
7266.78,-73.660
7267.46,-73.373
7268.13,-75.452
7268.80,-74.165
7269.47,-75.011
7270.15,-73.508
7270.82,-72.593
7271.49,-74.042
7272.17,-73.929
7272.84,-74.347
7273.51,-74.455
7274.19,-73.075
7274.86,-73.633
7275.53,-73.873
7276.20,-73.294
7276.88,-73.332
7277.55,-73.613
7278.22,-73.059
7278.90,-72.905
7279.57,-74.782
7280.24,-74.073
7280.91,-72.926
7281.59,-73.239
7282.26,-73.021
7282.93,-73.608
7283.61,-73.532
7284.28,-73.500
7284.95,-73.500
7285.62,-74.057
7286.30,-73.170
7286.97,-73.638
7287.64,-73.364
7288.32,-73.600
7288.99,-73.592
7289.66,-74.284
7290.34,-72.602
7291.01,-74.111
7291.68,-74.451
7292.35,-72.880
7293.03,-72.820
7293.70,-73.188
7294.37,-72.620
7295.05,-72.409
7295.72,-73.631
7296.39,-74.149
7297.06,-73.029
7297.74,-72.470
7298.41,-74.691
7299.08,-72.392
7299.76,-72.679
7300.43,-73.859
7301.10,-74.034
7301.77,-72.132
7302.45,-72.759
7303.12,-73.180
7303.79,-72.022
7304.47,-72.190
7305.14,-72.333
7305.81,-72.772
7306.48,-73.036
7307.16,-72.528
7307.83,-72.676
7308.50,-73.789
7309.18,-74.136
7309.85,-72.690
7310.52,-73.113
7311.20,-72.886
7311.87,-73.259
7312.54,-72.056
7313.21,-71.608
7313.89,-74.918
7314.56,-73.762
7315.23,-73.125
7315.91,-72.051
7316.58,-72.685
7317.25,-74.010
7317.92,-72.785
7318.60,-72.906
7319.27,-73.054
7319.94,-72.722
7320.62,-71.999
7321.29,-71.477
7321.96,-71.199
7322.63,-73.589
7323.31,-72.821
7323.98,-72.110
7324.65,-73.698
7325.33,-73.159
7326.00,-70.986
7326.67,-71.847
7327.35,-72.156
7328.02,-71.705
7328.69,-72.453
7329.36,-72.914
7330.04,-72.035
7330.71,-70.859
7331.38,-72.255
7332.06,-71.899
7332.73,-73.256
7333.40,-71.947
7334.07,-71.675
7334.75,-70.871
7335.42,-70.734
7336.09,-73.140
7336.77,-70.584
7337.44,-71.763
7338.11,-71.902
7338.78,-71.126
7339.46,-69.906
7340.13,-70.222
7340.80,-72.721
7341.48,-72.515
7342.15,-71.143
7342.82,-71.291
7343.50,-71.218
7344.17,-70.673
7344.84,-69.460
7345.51,-71.785
7346.19,-70.926
7346.86,-71.475
7347.53,-71.893
7348.21,-72.278
7348.88,-70.835
7349.55,-70.231
7350.22,-71.030
7350.90,-72.319
7351.57,-70.630
7352.24,-71.302
7352.92,-69.717
7353.59,-70.183
7354.26,-69.882
7354.93,-69.955
7355.61,-70.982
7356.28,-69.401
7356.95,-69.352
7357.63,-69.505
7358.30,-70.023
7358.97,-70.600
7359.65,-70.515
7360.32,-70.578
7360.99,-71.346
7361.66,-70.385
7362.34,-70.817
7363.01,-69.595
7363.68,-70.586
7364.36,-70.995
7365.03,-70.149
7365.70,-69.732
7366.37,-69.897
7367.05,-69.992
7367.72,-69.003
7368.39,-70.679
7369.07,-69.022
7369.74,-68.786
7370.41,-70.509
7371.08,-68.866
7371.76,-71.909
7372.43,-71.097
7373.10,-70.127
7373.78,-70.135
7374.45,-70.102
7375.12,-69.179
7375.79,-68.372
7376.47,-68.110
7377.14,-69.001
7377.81,-69.403
7378.49,-68.611
7379.16,-68.779
7379.83,-70.723
7380.51,-68.494
7381.18,-69.053
7381.85,-69.510
7382.52,-69.431
7383.20,-69.081
7383.87,-69.475
7384.54,-68.571
7385.22,-68.393
7385.89,-68.954
7386.56,-69.558
7387.23,-69.366
7387.91,-69.590
7388.58,-67.792
7389.25,-67.697
7389.93,-69.503
7390.60,-68.271
7391.27,-68.660
7391.94,-69.263
7392.62,-68.776
7393.29,-67.887
7393.96,-68.093
7394.64,-67.491
7395.31,-68.083
7395.98,-68.987
7396.66,-68.730
7397.33,-68.894
7398.00,-68.724
7398.67,-67.182
7399.35,-69.170
7400.02,-68.214
7400.69,-67.761
7401.37,-67.803
7402.04,-67.222
7402.71,-68.622
7403.38,-68.708
7404.06,-66.302
7404.73,-66.777
7405.40,-66.862
7406.08,-66.887
7406.75,-66.215
7407.42,-68.056
7408.09,-66.761
7408.77,-68.859
7409.44,-68.286
7410.11,-67.398
7410.79,-68.258
7411.46,-66.918
7412.13,-68.154
7412.81,-67.619
7413.48,-66.975
7414.15,-67.304
7414.82,-66.430
7415.50,-66.369
7416.17,-66.581
7416.84,-66.769
7417.52,-67.255
7418.19,-66.378
7418.86,-65.180
7419.53,-67.574
7420.21,-67.462
7420.88,-68.702
7421.55,-68.065
7422.23,-66.392
7422.90,-67.192
7423.57,-66.855
7424.24,-67.211
7424.92,-67.519
7425.59,-66.287
7426.26,-67.308
7426.94,-67.147
7427.61,-67.220
7428.28,-66.869
7428.96,-65.126
7429.63,-65.606
7430.30,-66.685
7430.97,-67.882
7431.65,-67.455
7432.32,-67.117
7432.99,-67.309
7433.67,-65.934
7434.34,-67.842
7435.01,-67.782
7435.68,-66.020
7436.36,-66.554
7437.03,-66.619
7437.70,-65.953
7438.38,-66.163
7439.05,-66.674
7439.72,-65.780
7440.39,-67.099
7441.07,-65.686
7441.74,-66.390
7442.41,-66.314
7443.09,-66.295
7443.76,-65.480
7444.43,-67.876
7445.10,-65.971
7445.78,-65.961
7446.45,-65.724
7447.12,-65.945
7447.80,-66.431
7448.47,-66.304
7449.14,-65.008
7449.82,-67.503
7450.49,-66.419
7451.16,-66.904
7451.83,-65.309
7452.51,-64.830
7453.18,-66.193
7453.85,-65.701
7454.53,-66.177
7455.20,-66.310
7455.87,-66.638
7456.54,-65.840
7457.22,-66.127
7457.89,-66.282
7458.56,-66.809
7459.24,-66.502
7459.91,-65.085
7460.58,-66.702
7461.25,-66.077
7461.93,-66.555
7462.60,-66.423
7463.27,-66.555
7463.95,-64.883
7464.62,-65.539
7465.29,-66.755
7465.97,-66.499
7466.64,-67.251
7467.31,-66.580
7467.98,-67.886
7468.66,-67.773
7469.33,-66.923
7470.00,-67.744
7470.68,-68.142
7471.35,-67.942
7472.02,-67.047
7472.69,-68.286
7473.37,-67.049
7474.04,-65.521
7474.71,-64.739
7475.39,-66.929
7476.06,-65.919
7476.73,-66.480
7477.40,-67.577
7478.08,-68.264
7478.75,-66.529
7479.42,-66.663
7480.10,-67.684
7480.77,-66.820
7481.44,-66.867
7482.12,-67.840
7482.79,-68.236
7483.46,-67.317
7484.13,-67.005
7484.81,-67.186
7485.48,-68.208
7486.15,-66.995
7486.83,-66.403
7487.50,-66.969
7488.17,-67.567
7488.84,-68.899
7489.52,-68.432
7490.19,-68.005
7490.86,-66.988
7491.54,-66.138
7492.21,-66.973
7492.88,-68.163
7493.55,-68.791
7494.23,-69.173
7494.90,-68.447
7495.57,-68.841
7496.25,-68.403
7496.92,-67.339
7497.59,-68.241
7498.27,-67.827
7498.94,-68.756
7499.61,-67.956
7500.28,-69.070
7500.96,-68.940
7501.63,-66.588
7502.30,-68.479
7502.98,-67.677
7503.65,-68.070
7504.32,-70.176
7504.99,-68.875
7505.67,-68.511
7506.34,-68.750
7507.01,-68.223
7507.69,-68.087
7508.36,-67.339
7509.03,-69.054
7509.70,-68.844
7510.38,-69.160
7511.05,-68.091
7511.72,-68.769
7512.40,-69.760
7513.07,-69.581
7513.74,-70.267
7514.41,-69.611
7515.09,-68.784
7515.76,-67.795
7516.43,-68.677
7517.11,-68.277
7517.78,-70.116
7518.45,-69.605
7519.13,-68.568
7519.80,-69.336
7520.47,-70.080
7521.14,-68.667
7521.82,-70.026
7522.49,-68.078
7523.16,-68.718
7523.84,-69.642
7524.51,-68.996
7525.18,-69.425
7525.85,-70.435
7526.53,-70.666
7527.20,-69.402
7527.87,-68.962
7528.55,-69.220
7529.22,-69.664
7529.89,-69.379
7530.56,-69.814
7531.24,-69.193
7531.91,-68.514
7532.58,-69.041
7533.26,-69.648
7533.93,-69.238
7534.60,-69.726
7535.28,-69.133
7535.95,-69.731
7536.62,-70.161
7537.29,-68.401
7537.97,-69.444
7538.64,-70.463
7539.31,-69.418
7539.99,-70.753
7540.66,-69.946
7541.33,-69.825
7542.00,-68.862
7542.68,-69.868
7543.35,-69.325
7544.02,-69.807
7544.70,-69.208
7545.37,-69.002
7546.04,-70.740
7546.71,-70.636
7547.39,-69.935
7548.06,-69.798
7548.73,-70.424
7549.41,-71.372
7550.08,-70.034
7550.75,-70.478
7551.43,-71.683
7552.10,-70.493
7552.77,-70.526
7553.44,-70.996
7554.12,-70.493
7554.79,-70.354
7555.46,-68.958
7556.14,-70.779
7556.81,-71.109
7557.48,-69.892
7558.15,-70.973
7558.83,-70.217
7559.50,-69.857
7560.17,-71.956
7560.85,-70.970
7561.52,-69.641
7562.19,-70.216
7562.86,-71.015
7563.54,-71.637
7564.21,-69.803
7564.88,-70.144
7565.56,-70.612
7566.23,-71.592
7566.90,-70.364
7567.58,-70.994
7568.25,-71.154
7568.92,-71.637
7569.59,-72.061
7570.27,-70.581
7570.94,-70.939
7571.61,-71.685
7572.29,-72.066
7572.96,-71.393
7573.63,-70.913
7574.30,-70.442
7574.98,-71.118
7575.65,-70.723
7576.32,-71.538
7577.00,-71.178
7577.67,-70.469
7578.34,-71.349
7579.01,-71.116
7579.69,-71.696
7580.36,-70.540
7581.03,-71.848
7581.71,-72.981
7582.38,-71.468
7583.05,-72.155
7583.72,-70.969
7584.40,-72.373
7585.07,-71.160
7585.74,-70.914
7586.42,-72.064
7587.09,-72.669
7587.76,-72.393
7588.44,-72.660
7589.11,-71.883
7589.78,-71.142
7590.45,-71.709
7591.13,-71.327
7591.80,-71.676
7592.47,-71.703
7593.15,-70.860
7593.82,-70.101
7594.49,-70.818
7595.16,-70.805
7595.84,-72.982
7596.51,-73.152
7597.18,-72.163
7597.86,-71.980
7598.53,-71.921
7599.20,-71.606
7599.87,-71.379
7600.55,-73.896
7601.22,-71.470
7601.89,-71.356
7602.57,-70.233
7603.24,-71.630
7603.91,-72.021
7604.59,-72.658
7605.26,-72.307
7605.93,-73.357
7606.60,-71.263
7607.28,-71.753
7607.95,-72.178
7608.62,-71.935
7609.30,-70.967
7609.97,-71.483
7610.64,-72.662
7611.31,-72.946
7611.99,-71.646
7612.66,-72.419
7613.33,-71.378
7614.01,-71.150
7614.68,-70.733
7615.35,-70.680
7616.02,-71.533
7616.70,-71.495
7617.37,-72.274
7618.04,-71.944
7618.72,-70.529
7619.39,-71.170
7620.06,-71.586
7620.74,-71.188
7621.41,-71.618
7622.08,-70.285
7622.75,-71.024
7623.43,-71.706
7624.10,-71.691
7624.77,-70.913
7625.45,-71.953
7626.12,-72.446
7626.79,-71.197
7627.46,-72.948
7628.14,-72.243
7628.81,-71.566
7629.48,-72.046
7630.16,-72.440
7630.83,-71.682
7631.50,-72.286
7632.17,-72.798
7632.85,-72.405
7633.52,-72.861
7634.19,-72.424
7634.87,-71.077
7635.54,-72.252
7636.21,-71.295
7636.89,-72.464
7637.56,-73.507
7638.23,-73.040
7638.90,-72.644
7639.58,-72.051
7640.25,-72.205
7640.92,-72.851
7641.60,-72.042
7642.27,-71.986
7642.94,-72.402
7643.61,-72.701
7644.29,-72.645
7644.96,-73.216
7645.63,-72.731
7646.31,-72.034
7646.98,-71.375
7647.65,-73.352
7648.32,-71.937
7649.00,-72.726
7649.67,-72.422
7650.34,-70.973
7651.02,-71.909
7651.69,-72.072
7652.36,-71.515
7653.03,-71.349
7653.71,-73.399
7654.38,-71.554
7655.05,-71.915
7655.73,-72.572
7656.40,-70.980
7657.07,-71.596
7657.75,-73.375
7658.42,-72.236
7659.09,-72.343
7659.76,-72.214
7660.44,-71.588
7661.11,-71.884
7661.78,-72.144
7662.46,-70.324
7663.13,-70.954
7663.80,-71.976
7664.47,-70.758
7665.15,-71.594
7665.82,-72.844
7666.49,-73.430
7667.17,-73.675
7667.84,-71.568
7668.51,-73.060
7669.18,-70.489
7669.86,-72.144
7670.53,-72.923
7671.20,-71.448
7671.88,-72.094
7672.55,-71.731
7673.22,-72.799
7673.90,-72.147
7674.57,-72.356
7675.24,-72.248
7675.91,-72.527
7676.59,-71.103
7677.26,-72.130
7677.93,-71.746
7678.61,-73.175
7679.28,-71.504
7679.95,-71.668
7680.62,-71.491
7681.30,-71.968
7681.97,-73.096
7682.64,-71.775
7683.32,-70.939
7683.99,-71.424
7684.66,-71.425
7685.33,-71.167
7686.01,-72.126
7686.68,-71.804
7687.35,-71.964
7688.03,-71.999
7688.70,-73.075
7689.37,-71.796
7690.05,-70.689
7690.72,-71.902
7691.39,-71.263
7692.06,-71.469
7692.74,-71.152
7693.41,-70.028
7694.08,-71.305
7694.76,-70.573
7695.43,-72.399
7696.10,-72.569
7696.77,-71.907
7697.45,-72.259
7698.12,-71.498
7698.79,-70.656
7699.47,-71.844
7700.14,-70.926
7700.81,-71.922
7701.48,-70.904
7702.16,-71.535
7702.83,-72.193
7703.50,-70.969
7704.18,-72.703
7704.85,-72.145
7705.52,-72.936
7706.20,-71.466
7706.87,-72.025
7707.54,-71.325
7708.21,-71.317
7708.89,-72.136
7709.56,-71.632
7710.23,-72.979
7710.91,-71.482
7711.58,-70.344
7712.25,-71.191
7712.92,-71.067
7713.60,-69.610
7714.27,-71.199
7714.94,-71.696
7715.62,-71.450
7716.29,-72.156
7716.96,-71.570
7717.63,-72.107
7718.31,-71.875
7718.98,-72.131
7719.65,-71.504
7720.33,-70.939
7721.00,-70.997
7721.67,-70.849
7722.34,-70.716
7723.02,-70.155
7723.69,-70.520
7724.36,-70.916
7725.04,-71.931
7725.71,-70.773
7726.38,-70.981
7727.06,-71.399
7727.73,-71.694
7728.40,-71.564
7729.07,-69.397
7729.75,-70.714
7730.42,-70.816
7731.09,-70.671
7731.77,-69.655
7732.44,-70.297
7733.11,-69.749
7733.78,-69.807
7734.46,-70.229
7735.13,-71.108
7735.80,-71.923
7736.48,-70.251
7737.15,-70.214
7737.82,-70.220
7738.49,-69.856
7739.17,-69.955
7739.84,-70.755
7740.51,-68.914
7741.19,-69.626
7741.86,-69.102
7742.53,-69.890
7743.21,-70.153
7743.88,-70.393
7744.55,-69.982
7745.22,-71.297
7745.90,-70.044
7746.57,-70.896
7747.24,-69.993
7747.92,-68.824
7748.59,-68.742
7749.26,-68.963
7749.93,-69.569
7750.61,-68.521
7751.28,-70.387
7751.95,-71.678
7752.63,-69.572
7753.30,-70.350
7753.97,-70.394
7754.64,-69.464
7755.32,-70.643
7755.99,-69.704
7756.66,-68.974
7757.34,-70.163
7758.01,-69.154
7758.68,-68.997
7759.36,-68.805
7760.03,-68.916
7760.70,-69.369
7761.37,-68.242
7762.05,-69.598
7762.72,-69.512
7763.39,-68.944
7764.07,-69.765
7764.74,-69.780
7765.41,-68.585
7766.08,-70.362
7766.76,-70.225
7767.43,-69.116
7768.10,-70.231
7768.78,-70.281
7769.45,-69.516
7770.12,-69.642
7770.79,-68.204
7771.47,-69.712
7772.14,-68.638
7772.81,-70.565
7773.49,-68.939
7774.16,-68.560
7774.83,-69.292
7775.51,-69.104
7776.18,-67.521
7776.85,-69.331
7777.52,-68.501
7778.20,-68.823
7778.87,-68.749
7779.54,-70.234
7780.22,-68.803
7780.89,-69.004
7781.56,-68.430
7782.23,-68.204
7782.91,-68.954
7783.58,-67.498
7784.25,-69.083
7784.93,-68.550
7785.60,-70.781
7786.27,-67.956
7786.94,-67.642
7787.62,-67.764
7788.29,-68.202
7788.96,-69.317
7789.64,-68.183
7790.31,-69.119
7790.98,-68.057
7791.65,-68.100
7792.33,-69.712
7793.00,-68.529
7793.67,-68.471
7794.35,-67.923
7795.02,-68.753
7795.69,-67.203
7796.37,-67.974
7797.04,-67.708
7797.71,-66.830
7798.38,-66.210
7799.06,-67.314
7799.73,-66.711
7800.40,-67.978
7801.08,-66.794
7801.75,-67.665
7802.42,-67.732
7803.09,-68.627
7803.77,-68.944
7804.44,-68.855
7805.11,-68.636
7805.79,-67.706
7806.46,-69.139
7807.13,-67.565
7807.80,-69.097
7808.48,-68.976
7809.15,-66.996
7809.82,-67.258
7810.50,-67.602
7811.17,-67.006
7811.84,-65.803
7812.52,-66.898
7813.19,-68.443
7813.86,-68.070
7814.53,-69.195
7815.21,-66.976
7815.88,-67.238
7816.55,-66.702
7817.23,-66.399
7817.90,-67.608
7818.57,-65.854
7819.24,-66.011
7819.92,-67.442
7820.59,-66.615
7821.26,-66.986
7821.94,-66.219
7822.61,-66.311
7823.28,-65.642
7823.95,-65.633
7824.63,-67.007
7825.30,-67.428
7825.97,-67.248
7826.65,-66.492
7827.32,-66.632
7827.99,-66.506
7828.67,-66.694
7829.34,-66.213
7830.01,-67.442
7830.68,-67.257
7831.36,-66.434
7832.03,-65.185
7832.70,-65.536
7833.38,-64.946
7834.05,-65.971
7834.72,-65.608
7835.39,-64.700
7836.07,-66.504
7836.74,-65.444
7837.41,-66.265
7838.09,-65.555
7838.76,-65.967
7839.43,-64.898
7840.10,-65.052
7840.78,-66.774
7841.45,-66.420
7842.12,-65.565
7842.80,-65.591
7843.47,-66.248
7844.14,-66.200
7844.82,-64.686
7845.49,-65.112
7846.16,-64.961
7846.83,-66.126
7847.51,-65.716
7848.18,-65.771
7848.85,-66.245
7849.53,-64.485
7850.20,-65.392
7850.87,-63.912
7851.54,-64.167
7852.22,-64.864
7852.89,-65.141
7853.56,-65.658
7854.24,-65.146
7854.91,-66.475
7855.58,-65.593
7856.25,-65.354
7856.93,-66.547
7857.60,-64.105
7858.27,-65.195
7858.95,-65.341
7859.62,-64.576
7860.29,-64.967
7860.96,-65.813
7861.64,-64.987
7862.31,-65.892
7862.98,-66.450
7863.66,-65.732
7864.33,-66.381
7865.00,-65.896
7865.68,-64.751
7866.35,-66.067
7867.02,-65.277
7867.69,-65.491
7868.37,-65.091
7869.04,-65.416
7869.71,-64.440
7870.39,-64.901
7871.06,-64.386
7871.73,-64.785
7872.40,-65.102
7873.08,-65.277
7873.75,-65.596
7874.42,-65.092
7875.10,-66.220
7875.77,-65.197
7876.44,-66.474
7877.11,-65.467
7877.79,-65.211
7878.46,-66.138
7879.13,-65.634
7879.81,-65.523
7880.48,-65.397
7881.15,-65.835
7881.83,-66.144
7882.50,-66.481
7883.17,-66.328
7883.84,-64.583
7884.52,-64.882
7885.19,-64.737
7885.86,-64.595
7886.54,-63.909
7887.21,-65.852
7887.88,-65.646
7888.55,-66.212
7889.23,-64.993
7889.90,-64.000
7890.57,-63.671
7891.25,-64.211
7891.92,-65.722
7892.59,-65.264
7893.26,-66.261
7893.94,-65.163
7894.61,-64.247
7895.28,-65.145
7895.96,-66.036
7896.63,-64.626
7897.30,-64.764
7897.98,-66.602
7898.65,-65.309
7899.32,-65.390
7899.99,-65.105
7900.67,-65.394
7901.34,-65.620
7902.01,-65.237
7902.69,-67.066
7903.36,-65.098
7904.03,-66.374
7904.70,-66.118
7905.38,-65.611
7906.05,-65.056
7906.72,-65.415
7907.40,-65.562
7908.07,-66.215
7908.74,-65.336
7909.41,-66.941
7910.09,-65.838
7910.76,-65.154
7911.43,-67.453
7912.11,-64.777
7912.78,-66.902
7913.45,-66.231
7914.13,-65.887
7914.80,-64.992
7915.47,-66.550
7916.14,-65.542
7916.82,-66.832
7917.49,-65.693
7918.16,-65.782
7918.84,-65.685
7919.51,-65.644
7920.18,-64.513
7920.85,-65.978
7921.53,-66.815
7922.20,-67.238
7922.87,-67.682
7923.55,-67.189
7924.22,-67.455
7924.89,-65.812
7925.56,-66.264
7926.24,-66.933
7926.91,-65.465
7927.58,-65.576
7928.26,-67.038
7928.93,-66.627
7929.60,-67.822
7930.27,-66.718
7930.95,-64.827
7931.62,-66.016
7932.29,-66.805
7932.97,-64.808
7933.64,-65.810
7934.31,-66.783
7934.99,-67.417
7935.66,-65.833
7936.33,-67.899
7937.00,-67.333
7937.68,-67.244
7938.35,-68.322
7939.02,-68.442
7939.70,-66.996
7940.37,-67.153
7941.04,-65.659
7941.71,-66.823
7942.39,-67.785
7943.06,-64.986
7943.73,-66.518
7944.41,-67.695
7945.08,-66.446
7945.75,-65.992
7946.42,-68.735
7947.10,-66.550
7947.77,-66.339
7948.44,-67.283
7949.12,-67.974
7949.79,-69.161
7950.46,-67.377
7951.14,-67.287
7951.81,-67.480
7952.48,-67.483
7953.15,-68.642
7953.83,-68.872
7954.50,-69.460
7955.17,-67.350
7955.85,-67.594
7956.52,-67.151
7957.19,-66.982
7957.86,-68.055
7958.54,-68.759
7959.21,-66.922
7959.88,-66.280
7960.56,-66.827
7961.23,-68.894
7961.90,-68.476
7962.57,-68.172
7963.25,-67.761
7963.92,-67.607
7964.59,-68.774
7965.27,-67.100
7965.94,-67.508
7966.61,-68.274
7967.29,-67.169
7967.96,-67.849
7968.63,-67.695
7969.30,-67.314
7969.98,-67.222
7970.65,-67.926
7971.32,-67.425
7972.00,-66.468
7972.67,-69.061
7973.34,-68.590
7974.01,-68.053
7974.69,-66.236
7975.36,-66.389
7976.03,-67.322
7976.71,-67.930
7977.38,-67.522
7978.05,-68.474
7978.72,-68.689
7979.40,-67.062
7980.07,-67.758
7980.74,-67.257
7981.42,-67.949
7982.09,-67.856
7982.76,-66.583
7983.44,-67.353
7984.11,-68.179
7984.78,-68.495
7985.45,-66.809
7986.13,-69.647
7986.80,-68.959
7987.47,-67.389
7988.15,-68.573
7988.82,-67.803
7989.49,-68.758
7990.16,-68.650
7990.84,-68.255
7991.51,-68.552
7992.18,-68.004
7992.86,-67.981
7993.53,-67.890
7994.20,-68.002
7994.87,-68.997
7995.55,-67.259
7996.22,-67.211
7996.89,-67.491
7997.57,-69.144
7998.24,-68.417
7998.91,-68.510
7999.58,-68.362
8000.26,-67.330
8000.93,-68.452
8001.60,-67.408
8002.28,-68.690
8002.95,-68.769
8003.62,-69.530
8004.30,-68.017
8004.97,-68.628
8005.64,-68.584
8006.31,-68.356
8006.99,-68.577
8007.66,-69.914
8008.33,-68.180
8009.01,-68.884
8009.68,-68.455
8010.35,-69.131
8011.02,-67.670
8011.70,-68.882
8012.37,-68.287
8013.04,-68.582
8013.72,-67.974
8014.39,-68.592
8015.06,-69.280
8015.73,-68.405
8016.41,-69.420
8017.08,-70.529
8017.75,-69.151
8018.43,-68.725
8019.10,-68.757
8019.77,-69.267
8020.45,-68.926
8021.12,-69.782
8021.79,-68.791
8022.46,-68.032
8023.14,-68.638
8023.81,-68.685
8024.48,-67.744
8025.16,-69.847
8025.83,-68.752
8026.50,-68.841
8027.17,-69.133
8027.85,-68.615
8028.52,-68.375
8029.19,-67.964
8029.87,-68.706
8030.54,-68.371
8031.21,-69.714
8031.88,-68.610
8032.56,-69.755
8033.23,-68.785
8033.90,-69.923
8034.58,-68.791
8035.25,-67.856
8035.92,-68.852
8036.60,-68.852
8037.27,-69.260
8037.94,-69.123
8038.61,-68.239
8039.29,-68.381
8039.96,-69.244
8040.63,-69.188
8041.31,-70.152
8041.98,-68.841
8042.65,-68.992
8043.32,-68.725
8044.00,-70.788
8044.67,-69.757
8045.34,-69.760
8046.02,-70.042
8046.69,-68.426
8047.36,-68.590
8048.03,-67.943
8048.71,-67.927
8049.38,-68.163
8050.05,-69.118
8050.73,-69.009
8051.40,-71.564
8052.07,-68.776
8052.75,-69.663
8053.42,-67.369
8054.09,-70.395
8054.76,-69.223
8055.44,-69.566
8056.11,-68.858
8056.78,-69.333
8057.46,-68.771
8058.13,-68.433
8058.80,-69.195
8059.47,-69.565
8060.15,-69.200
8060.82,-68.710
8061.49,-68.539
8062.17,-68.447
8062.84,-69.243
8063.51,-68.666
8064.18,-68.862
8064.86,-70.905
8065.53,-68.906
8066.20,-70.454
8066.88,-69.729
8067.55,-69.384
8068.22,-68.658
8068.89,-68.576
8069.57,-68.352
8070.24,-68.659
8070.91,-69.199
8071.59,-68.312
8072.26,-69.352
8072.93,-69.406
8073.61,-69.579
8074.28,-68.552
8074.95,-69.756
8075.62,-68.938
8076.30,-67.695
8076.97,-67.577
8077.64,-69.431
8078.32,-70.355
8078.99,-68.795
8079.66,-69.189
8080.33,-68.534
8081.01,-68.524
8081.68,-67.472
8082.35,-70.019
8083.03,-69.136
8083.70,-69.470
8084.37,-68.874
8085.04,-67.745
8085.72,-69.681
8086.39,-69.428
8087.06,-69.098
8087.74,-68.795
8088.41,-68.713
8089.08,-68.019
8089.76,-69.920
8090.43,-70.501
8091.10,-68.873
8091.77,-69.023
8092.45,-68.764
8093.12,-69.413
8093.79,-68.991
8094.47,-68.807
8095.14,-68.855
8095.81,-69.075
8096.48,-68.638
8097.16,-69.272
8097.83,-68.619
8098.50,-67.874
8099.18,-68.514
8099.85,-69.420
8100.52,-68.773
8101.19,-69.039
8101.87,-68.895
8102.54,-69.073
8103.21,-68.609
8103.89,-68.672
8104.56,-68.030
8105.23,-68.552
8105.91,-69.975
8106.58,-68.741
8107.25,-68.853
8107.92,-69.029
8108.60,-67.729
8109.27,-67.935
8109.94,-67.909
8110.62,-67.532
8111.29,-68.580
8111.96,-69.032
8112.63,-69.374
8113.31,-69.058
8113.98,-68.345
8114.65,-68.238
8115.33,-69.764
8116.00,-68.832
8116.67,-68.894
8117.34,-69.476
8118.02,-68.023
8118.69,-69.464
8119.36,-69.048
8120.04,-68.084
8120.71,-69.291
8121.38,-69.120
8122.06,-68.048
8122.73,-68.193
8123.40,-69.424
8124.07,-68.568
8124.75,-68.840
8125.42,-69.722
8126.09,-68.538
8126.77,-68.275
8127.44,-68.615
8128.11,-67.954
8128.78,-68.768
8129.46,-68.216
8130.13,-68.368
8130.80,-68.357
8131.48,-68.802
8132.15,-68.430
8132.82,-69.610
8133.49,-68.159
8134.17,-69.125
8134.84,-68.834
8135.51,-68.954
8136.19,-68.758
8136.86,-69.479
8137.53,-69.781
8138.20,-68.523
8138.88,-68.387
8139.55,-68.163
8140.22,-68.021
8140.90,-67.912
8141.57,-67.933
8142.24,-67.348
8142.92,-68.767
8143.59,-67.558
8144.26,-69.007
8144.93,-68.316
8145.61,-67.708
8146.28,-68.221
8146.95,-68.699
8147.63,-68.587
8148.30,-68.537
8148.97,-67.504
8149.64,-67.841
8150.32,-68.097
8150.99,-69.596
8151.66,-68.573
8152.34,-66.711
8153.01,-68.856
8153.68,-66.769
8154.35,-66.566
8155.03,-66.635
8155.70,-67.008
8156.37,-68.477
8157.05,-67.770
8157.72,-69.173
8158.39,-68.634
8159.07,-67.094
8159.74,-67.527
8160.41,-68.125
8161.08,-67.236
8161.76,-68.013
8162.43,-67.039
8163.10,-68.041
8163.78,-70.064
8164.45,-68.252
8165.12,-68.640
8165.79,-68.464
8166.47,-68.302
8167.14,-68.263
8167.81,-66.968
8168.49,-68.993
8169.16,-66.938
8169.83,-66.933
8170.50,-68.502
8171.18,-67.697
8171.85,-67.750
8172.52,-69.227
8173.20,-67.417
8173.87,-68.296
8174.54,-68.290
8175.22,-67.193
8175.89,-67.811
8176.56,-66.511
8177.23,-67.169
8177.91,-69.005
8178.58,-67.210
8179.25,-67.104
8179.93,-67.635
8180.60,-66.771
8181.27,-68.314
8181.94,-67.710
8182.62,-67.077
8183.29,-67.134
8183.96,-67.404
8184.64,-67.331
8185.31,-67.979
8185.98,-67.048
8186.65,-67.355
8187.33,-70.048
8188.00,-68.524
8188.67,-67.601
8189.35,-68.054
8190.02,-67.865
8190.69,-67.722
8191.37,-67.991
8192.04,-67.611
8192.71,-66.875
8193.38,-67.207
8194.06,-67.476
8194.73,-66.938
8195.40,-67.098
8196.08,-66.851
8196.75,-66.920
8197.42,-66.974
8198.09,-67.597
8198.77,-67.019
8199.44,-66.966
8200.11,-67.269
8200.79,-67.696
8201.46,-68.501
8202.13,-69.366
8202.80,-68.246
8203.48,-68.336
8204.15,-66.415
8204.82,-66.628
8205.50,-66.818
8206.17,-67.248
8206.84,-67.659
8207.51,-67.469
8208.19,-66.726
8208.86,-67.141
8209.53,-66.982
8210.21,-67.605
8210.88,-68.471
8211.55,-66.052
8212.23,-67.330
8212.90,-68.076
8213.57,-68.171
8214.24,-67.331
8214.92,-66.277
8215.59,-67.593
8216.26,-67.111
8216.94,-68.688
8217.61,-69.095
8218.28,-67.487
8218.95,-67.892
8219.63,-68.053
8220.30,-67.319
8220.97,-66.619
8221.65,-66.077
8222.32,-67.459
8222.99,-66.441
8223.66,-66.812
8224.34,-66.466
8225.01,-67.007
8225.68,-66.397
8226.36,-67.349
8227.03,-67.923
8227.70,-67.111
8228.38,-69.093
8229.05,-66.729
8229.72,-67.081
8230.39,-67.150
8231.07,-67.579
8231.74,-66.766
8232.41,-68.313
8233.09,-66.924
8233.76,-69.385
8234.43,-67.334
8235.10,-68.152
8235.78,-68.520
8236.45,-69.471
8237.12,-68.051
8237.80,-68.091
8238.47,-68.221
8239.14,-67.784
8239.81,-68.196
8240.49,-68.176
8241.16,-67.347
8241.83,-67.858
8242.51,-67.624
8243.18,-67.847
8243.85,-68.068
8244.53,-67.795
8245.20,-68.171
8245.87,-66.566
8246.54,-66.805
8247.22,-68.166
8247.89,-67.317
8248.56,-68.339
8249.24,-67.510
8249.91,-67.857
8250.58,-66.368
8251.25,-66.973
8251.93,-66.540
8252.60,-66.329
8253.27,-66.499
8253.95,-67.987
8254.62,-67.395
8255.29,-67.911
8255.96,-66.050
8256.64,-67.858
8257.31,-66.918
8257.98,-68.505
8258.66,-68.750
8259.33,-68.284
8260.00,-66.909
8260.68,-67.712
8261.35,-65.616
8262.02,-67.238
8262.69,-68.297
8263.37,-69.167
8264.04,-68.700
8264.71,-67.579
8265.39,-68.185
8266.06,-68.682
8266.73,-67.890
8267.40,-67.271
8268.08,-68.107
8268.75,-68.597
8269.42,-67.540
8270.10,-66.911
8270.77,-68.168
8271.44,-66.591
8272.11,-66.962
8272.79,-66.949
8273.46,-66.470
8274.13,-68.889
8274.81,-67.388
8275.48,-67.315
8276.15,-68.424
8276.82,-68.315
8277.50,-69.033
8278.17,-68.971
8278.84,-67.191
8279.52,-68.293
8280.19,-68.050
8280.86,-68.248
8281.54,-68.076
8282.21,-67.489
8282.88,-66.956
8283.55,-68.867
8284.23,-66.558
8284.90,-67.563
8285.57,-68.697
8286.25,-66.901
8286.92,-67.986
8287.59,-68.082
8288.26,-68.517
8288.94,-68.265
8289.61,-68.503
8290.28,-67.563
8290.96,-68.240
8291.63,-68.563
8292.30,-67.364
8292.97,-68.582
8293.65,-67.963
8294.32,-68.704
8294.99,-66.959
8295.67,-66.953
8296.34,-68.612
8297.01,-68.890
8297.69,-67.685
8298.36,-69.512
8299.03,-68.408
8299.70,-67.521
8300.38,-67.499
8301.05,-66.145
8301.72,-67.807
8302.40,-67.591
8303.07,-67.364
8303.74,-68.705
8304.41,-69.027
8305.09,-67.412
8305.76,-70.480
8306.43,-68.700
8307.11,-68.558
8307.78,-69.086
8308.45,-68.992
8309.12,-68.469
8309.80,-69.124
8310.47,-69.425
8311.14,-68.637
8311.82,-68.676
8312.49,-68.706
8313.16,-68.611
8313.84,-67.626
8314.51,-68.540
8315.18,-69.337
8315.85,-68.450
8316.53,-68.356
8317.20,-69.197
8317.87,-68.380
8318.55,-68.901
8319.22,-66.995
8319.89,-67.923
8320.56,-67.181
8321.24,-68.228
8321.91,-68.324
8322.58,-68.228
8323.26,-69.620
8323.93,-69.248
8324.60,-67.863
8325.27,-67.002
8325.95,-69.006
8326.62,-69.753
8327.29,-68.431
8327.97,-68.437
8328.64,-68.812
8329.31,-68.510
8329.99,-68.898
8330.66,-69.020
8331.33,-69.406
8332.00,-70.121
8332.68,-68.558
8333.35,-66.311
8334.02,-69.669
8334.70,-68.927
8335.37,-69.117
8336.04,-69.360
8336.71,-69.786
8337.39,-70.845
8338.06,-70.075
8338.73,-69.003
8339.41,-68.738
8340.08,-70.228
8340.75,-69.276
8341.42,-68.037
8342.10,-68.151
8342.77,-68.828
8343.44,-68.606
8344.12,-69.012
8344.79,-68.496
8345.46,-68.126
8346.13,-67.704
8346.81,-69.327
8347.48,-68.334
8348.15,-67.744
8348.83,-69.473
8349.50,-68.272
8350.17,-68.920
8350.85,-69.025
8351.52,-68.247
8352.19,-68.425
8352.86,-68.318
8353.54,-68.501
8354.21,-67.508
8354.88,-68.101
8355.56,-68.738
8356.23,-69.175
8356.90,-67.947
8357.57,-68.853
8358.25,-68.720
8358.92,-69.924
8359.59,-69.016
8360.27,-69.843
8360.94,-68.873
8361.61,-68.461
8362.28,-68.908
8362.96,-67.484
8363.63,-70.027
8364.30,-68.528
8364.98,-70.587
8365.65,-69.803
8366.32,-68.762
8367.00,-70.311
8367.67,-69.451
8368.34,-69.974
8369.01,-67.731
8369.69,-69.208
8370.36,-69.230
8371.03,-69.645
8371.71,-69.074
8372.38,-68.497
8373.05,-69.164
8373.72,-68.306
8374.40,-68.544
8375.07,-70.081
8375.74,-68.180
8376.42,-69.057
8377.09,-68.857
8377.76,-69.934
8378.43,-68.842
8379.11,-70.506
8379.78,-69.337
8380.45,-68.933
8381.13,-67.805
8381.80,-69.752
8382.47,-68.681
8383.15,-69.815
8383.82,-68.209
8384.49,-69.168
8385.16,-68.809
8385.84,-69.237
8386.51,-69.210
8387.18,-68.719
8387.86,-67.892
8388.53,-70.623
8389.20,-69.459
8389.87,-69.778
8390.55,-68.573
8391.22,-68.169
8391.89,-68.301
8392.57,-69.088
8393.24,-69.285
8393.91,-68.502
8394.58,-68.941
8395.26,-68.158
8395.93,-68.411
8396.60,-69.670
8397.28,-70.028
8397.95,-69.023
8398.62,-70.531
8399.30,-69.406
8399.97,-69.470
8400.64,-68.513
8401.31,-68.009
8401.99,-67.850
8402.66,-68.049
8403.33,-67.681
8404.01,-68.521
8404.68,-68.578
8405.35,-68.227
8406.02,-68.960
8406.70,-69.320
8407.37,-69.586
8408.04,-69.689
8408.72,-67.976
8409.39,-68.759
8410.06,-68.185
8410.73,-68.768
8411.41,-69.673
8412.08,-70.723
8412.75,-70.108
8413.43,-68.827
8414.10,-68.188
8414.77,-69.073
8415.44,-69.596
8416.12,-68.322
8416.79,-68.182
8417.46,-69.836
8418.14,-68.646
8418.81,-69.800
8419.48,-68.441
8420.16,-69.455
8420.83,-69.172
8421.50,-69.273
8422.17,-69.517
8422.85,-70.272
8423.52,-68.185
8424.19,-68.705
8424.87,-69.104
8425.54,-69.572
8426.21,-68.655
8426.88,-71.386
8427.56,-69.402
8428.23,-70.033
8428.90,-69.665
8429.58,-70.428
8430.25,-69.667
8430.92,-68.300
8431.59,-68.716
8432.27,-69.074
8432.94,-70.362
8433.61,-69.498
8434.29,-69.201
8434.96,-69.817
8435.63,-69.269
8436.31,-69.465
8436.98,-69.927
8437.65,-69.215
8438.32,-69.403
8439.00,-69.808
8439.67,-69.390
8440.34,-69.495
8441.02,-69.369
8441.69,-69.616
8442.36,-68.884
8443.03,-69.387
8443.71,-68.112
8444.38,-69.389
8445.05,-68.586
8445.73,-68.880
8446.40,-68.695
8447.07,-69.303
8447.74,-68.915
8448.42,-68.269
8449.09,-69.595
8449.76,-68.448
8450.44,-67.924
8451.11,-68.930
8451.78,-69.115
8452.46,-69.646
8453.13,-69.378
8453.80,-69.593
8454.47,-68.745
8455.15,-69.728
8455.82,-69.501
8456.49,-67.972
8457.17,-68.551
8457.84,-68.773
8458.51,-68.805
8459.18,-69.278
8459.86,-69.743
8460.53,-67.693
8461.20,-68.670
8461.88,-67.628
8462.55,-68.367
8463.22,-69.158
8463.89,-68.256
8464.57,-67.958
8465.24,-68.440
8465.91,-68.215
8466.59,-68.793
8467.26,-69.455
8467.93,-69.242
8468.61,-69.447
8469.28,-69.566
8469.95,-68.664
8470.62,-68.922
8471.30,-69.338
8471.97,-67.957
8472.64,-68.910
8473.32,-69.238
8473.99,-69.175
8474.66,-69.990
8475.33,-66.985
8476.01,-68.094
8476.68,-70.037
8477.35,-70.052
8478.03,-69.069
8478.70,-68.870
8479.37,-70.290
8480.04,-69.727
8480.72,-69.978
8481.39,-69.736
8482.06,-69.285
8482.74,-70.922
8483.41,-68.655
8484.08,-68.964
8484.75,-69.732
8485.43,-69.276
8486.10,-69.107
8486.77,-68.195
8487.45,-68.412
8488.12,-69.061
8488.79,-68.816
8489.47,-67.801
8490.14,-68.092
8490.81,-70.391
8491.48,-69.050
8492.16,-69.423
8492.83,-69.009
8493.50,-69.753
8494.18,-69.895
8494.85,-68.916
8495.52,-70.775
8496.19,-69.868
8496.87,-70.460
8497.54,-69.029
8498.21,-68.008
8498.89,-68.807
8499.56,-69.320
8500.23,-68.607
8500.90,-68.749
8501.58,-69.982
8502.25,-68.982
8502.92,-69.233
8503.60,-70.132
8504.27,-69.439
8504.94,-69.324
8505.62,-69.398
8506.29,-70.098
8506.96,-69.789
8507.63,-70.127
8508.31,-69.143
8508.98,-67.953
8509.65,-68.464
8510.33,-68.516
8511.00,-68.039
8511.67,-68.718
8512.34,-68.930
8513.02,-69.940
8513.69,-68.864
8514.36,-68.980
8515.04,-68.664
8515.71,-68.851
8516.38,-69.372
8517.05,-68.136
8517.73,-68.235
8518.40,-69.510
8519.07,-68.170
8519.75,-69.486
8520.42,-69.125
8521.09,-69.469
8521.77,-67.663
8522.44,-68.780
8523.11,-67.992
8523.78,-68.676
8524.46,-67.542
8525.13,-69.176
8525.80,-68.810
8526.48,-68.135
8527.15,-68.437
8527.82,-67.917
8528.49,-69.326
8529.17,-69.088
8529.84,-68.819
8530.51,-70.155
8531.19,-69.966
8531.86,-70.119
8532.53,-70.099
8533.20,-69.853
8533.88,-68.880
8534.55,-68.556
8535.22,-69.158
8535.90,-68.620
8536.57,-68.651
8537.24,-67.647
8537.92,-69.135
8538.59,-67.845
8539.26,-69.428
8539.93,-69.262
8540.61,-70.122
8541.28,-69.520
8541.95,-70.210
8542.63,-69.253
8543.30,-68.648
8543.97,-69.159
8544.64,-70.772
8545.32,-68.420
8545.99,-69.453
8546.66,-67.285
8547.34,-70.325
8548.01,-68.563
8548.68,-69.052
8549.35,-69.419
8550.03,-68.371
8550.70,-69.990
8551.37,-68.001
8552.05,-68.656
8552.72,-67.984
8553.39,-69.369
8554.06,-70.549
8554.74,-69.576
8555.41,-69.235
8556.08,-71.395
8556.76,-69.690
8557.43,-68.469
8558.10,-69.265
8558.78,-70.077
8559.45,-70.442
8560.12,-69.877
8560.79,-70.234
8561.47,-71.062
8562.14,-70.161
8562.81,-69.012
8563.49,-69.105
8564.16,-68.672
8564.83,-68.062
8565.50,-69.841
8566.18,-69.103
8566.85,-69.635
8567.52,-69.328
8568.20,-70.599
8568.87,-69.924
8569.54,-70.331
8570.21,-69.057
8570.89,-70.278
8571.56,-69.993
8572.23,-69.053
8572.91,-69.485
8573.58,-71.136
8574.25,-69.743
8574.93,-68.919
8575.60,-68.443
8576.27,-68.824
8576.94,-69.268
8577.62,-69.000
8578.29,-69.093
8578.96,-69.652
8579.64,-71.264
8580.31,-69.857
8580.98,-69.099
8581.65,-69.959
8582.33,-69.423
8583.00,-69.681
8583.67,-69.040
8584.35,-69.094
8585.02,-69.129
8585.69,-70.006
8586.36,-70.517
8587.04,-69.208
8587.71,-70.901
8588.38,-69.794
8589.06,-69.344
8589.73,-70.355
8590.40,-69.326
8591.08,-69.735
8591.75,-69.628
8592.42,-70.080
8593.09,-70.369
8593.77,-69.978
8594.44,-68.924
8595.11,-69.901
8595.79,-70.643
8596.46,-70.351
8597.13,-68.425
8597.80,-69.624
8598.48,-69.351
8599.15,-69.170
8599.82,-70.018
8600.50,-69.615
8601.17,-71.026
8601.84,-69.546
8602.51,-70.978
8603.19,-69.670
8603.86,-69.863
8604.53,-70.755
8605.21,-70.377
8605.88,-70.601
8606.55,-70.378
8607.23,-71.783
8607.90,-71.710
8608.57,-70.277
8609.24,-70.690
8609.92,-70.157
8610.59,-69.777
8611.26,-71.221
8611.94,-71.819
8612.61,-70.523
8613.28,-71.500
8613.95,-71.249
8614.63,-70.059
8615.30,-70.168
8615.97,-72.121
8616.65,-72.082
8617.32,-70.952
8617.99,-70.703
8618.66,-69.462
8619.34,-70.607
8620.01,-69.698
8620.68,-71.060
8621.36,-71.285
8622.03,-71.667
8622.70,-69.245
8623.37,-70.378
8624.05,-71.885
8624.72,-71.669
8625.39,-70.720
8626.07,-70.469
8626.74,-71.048
8627.41,-70.014
8628.09,-69.722
8628.76,-70.026
8629.43,-70.771
8630.10,-70.387
8630.78,-72.012
8631.45,-72.078
8632.12,-71.310
8632.80,-72.057
8633.47,-72.495
8634.14,-70.157
8634.81,-73.005
8635.49,-73.045
8636.16,-71.680
8636.83,-70.733
8637.51,-71.507
8638.18,-71.705
8638.85,-71.326
8639.52,-71.917
8640.20,-70.460
8640.87,-71.328
8641.54,-71.254
8642.22,-72.936
8642.89,-71.196
8643.56,-71.781
8644.24,-71.042
8644.91,-71.480
8645.58,-71.839
8646.25,-71.450
8646.93,-71.798
8647.60,-70.395
8648.27,-71.951
8648.95,-71.441
8649.62,-72.761
8650.29,-71.528
8650.96,-71.404
8651.64,-72.964
8652.31,-72.574
8652.98,-73.807
8653.66,-71.002
8654.33,-71.641
8655.00,-71.343
8655.67,-71.744
8656.35,-73.067
8657.02,-72.708
8657.69,-74.100
8658.37,-73.123
8659.04,-72.188
8659.71,-71.882
8660.39,-71.340
8661.06,-72.190
8661.73,-71.123
8662.40,-71.739
8663.08,-71.973
8663.75,-71.377
8664.42,-71.890
8665.10,-73.476
8665.77,-72.597
8666.44,-72.112
8667.11,-72.275
8667.79,-73.769
8668.46,-72.775
8669.13,-72.654
8669.81,-71.963
8670.48,-71.668
8671.15,-72.922
8671.82,-71.482
8672.50,-72.214
8673.17,-71.875
8673.84,-72.874
8674.52,-72.974
8675.19,-72.909
8675.86,-73.118
8676.54,-72.851
8677.21,-72.235
8677.88,-73.104
8678.55,-73.518
8679.23,-73.620
8679.90,-73.388
8680.57,-74.317
8681.25,-73.743
8681.92,-72.775
8682.59,-74.401
8683.26,-73.730
8683.94,-71.338
8684.61,-73.769
8685.28,-73.667
8685.96,-72.792
8686.63,-75.064
8687.30,-73.769
8687.97,-73.932
8688.65,-73.814
8689.32,-72.308
8689.99,-73.534
8690.67,-73.850
8691.34,-73.030
8692.01,-72.691
8692.68,-73.596
8693.36,-73.079
8694.03,-73.059
8694.70,-74.095
8695.38,-72.565
8696.05,-73.693
8696.72,-74.269
8697.40,-73.702
8698.07,-73.344
8698.74,-74.073
8699.41,-73.564
8700.09,-72.484
8700.76,-72.415
8701.43,-73.860
8702.11,-72.489
8702.78,-73.938
8703.45,-73.921
8704.12,-73.521
8704.80,-73.713
8705.47,-74.247
8706.14,-73.113
8706.82,-74.454
8707.49,-74.439
8708.16,-73.674
8708.83,-73.692
8709.51,-73.983
8710.18,-74.065
8710.85,-73.754
8711.53,-74.830
8712.20,-73.697
8712.87,-73.262
8713.55,-74.485
8714.22,-74.259
8714.89,-75.856
8715.56,-75.298
8716.24,-75.287
8716.91,-73.781
8717.58,-73.465
8718.26,-73.898
8718.93,-74.852
8719.60,-74.010
8720.27,-74.751
8720.95,-74.483
8721.62,-73.433
8722.29,-74.302
8722.97,-72.988
8723.64,-74.267
8724.31,-74.253
8724.98,-73.424
8725.66,-73.722
8726.33,-75.468
8727.00,-74.799
8727.68,-74.537
8728.35,-73.625
8729.02,-74.077
8729.70,-76.014
8730.37,-74.035
8731.04,-73.473
8731.71,-74.153
8732.39,-73.815
8733.06,-74.734
8733.73,-75.143
8734.41,-74.499
8735.08,-74.159
8735.75,-74.669
8736.42,-75.271
8737.10,-75.812
8737.77,-73.943
8738.44,-74.072
8739.12,-74.728
8739.79,-73.415
8740.46,-73.458
8741.13,-74.651
8741.81,-73.798
8742.48,-74.022
8743.15,-74.436
8743.83,-74.047
8744.50,-74.062
8745.17,-74.578
8745.85,-75.711
8746.52,-75.264
8747.19,-75.395
8747.86,-75.430
8748.54,-75.044
8749.21,-75.328
8749.88,-74.969
8750.56,-74.100
8751.23,-75.096
8751.90,-73.614
8752.57,-74.742
8753.25,-74.449
8753.92,-75.431
8754.59,-74.983
8755.27,-74.848
8755.94,-74.399
8756.61,-74.082
8757.28,-74.783
8757.96,-76.225
8758.63,-74.022
8759.30,-74.722
8759.98,-73.477
8760.65,-75.175
8761.32,-75.255
8761.99,-76.224
8762.67,-75.247
8763.34,-73.605
8764.01,-75.005
8764.69,-74.124
8765.36,-74.413
8766.03,-74.692
8766.71,-75.950
8767.38,-75.174
8768.05,-73.809
8768.72,-74.230
8769.40,-73.330
8770.07,-75.657
8770.74,-74.931
8771.42,-76.040
8772.09,-74.554
8772.76,-74.629
8773.43,-75.290
8774.11,-74.698
8774.78,-76.187
8775.45,-73.724
8776.13,-76.190
8776.80,-76.179
8777.47,-74.717
8778.14,-74.806
8778.82,-75.402
8779.49,-74.290
8780.16,-74.653
8780.84,-75.061
8781.51,-75.794
8782.18,-76.573
8782.86,-75.701
8783.53,-74.689
8784.20,-74.242
8784.87,-76.146
8785.55,-76.609
8786.22,-74.486
8786.89,-75.000
8787.57,-75.046
8788.24,-74.593
8788.91,-75.051
8789.58,-74.731
8790.26,-74.478
8790.93,-74.672
8791.60,-74.177
8792.28,-75.078
8792.95,-76.460
8793.62,-75.779
8794.29,-75.285
8794.97,-74.826
8795.64,-74.962
8796.31,-74.373
8796.99,-75.526
8797.66,-75.031
8798.33,-74.941
8799.01,-74.255
8799.68,-75.489
8800.35,-75.852
8801.02,-75.023
8801.70,-74.915
8802.37,-74.341
8803.04,-74.898
8803.72,-74.992
8804.39,-73.710
8805.06,-75.291
8805.73,-73.894
8806.41,-73.916
8807.08,-74.546
8807.75,-74.118
8808.43,-75.148
8809.10,-76.125
8809.77,-75.115
8810.44,-75.170
8811.12,-75.182
8811.79,-74.886
8812.46,-73.722
8813.14,-74.856
8813.81,-74.090
8814.48,-73.557
8815.16,-74.947
8815.83,-75.534
8816.50,-75.299
8817.17,-75.923
8817.85,-75.191
8818.52,-75.490
8819.19,-75.864
8819.87,-74.616
8820.54,-76.003
8821.21,-74.801
8821.88,-73.712
8822.56,-74.800
8823.23,-75.070
8823.90,-76.243
8824.58,-76.015
8825.25,-73.979
8825.92,-74.350
8826.59,-74.672
8827.27,-74.344
8827.94,-74.361
8828.61,-73.909
8829.29,-75.129
8829.96,-74.062
8830.63,-75.873
8831.30,-75.243
8831.98,-76.107
8832.65,-74.851
8833.32,-75.203
8834.00,-74.927
8834.67,-75.332
8835.34,-74.904
8836.02,-75.381
8836.69,-74.567
8837.36,-73.973
8838.03,-74.589
8838.71,-74.987
8839.38,-74.329
8840.05,-74.267
8840.73,-74.156
8841.40,-76.515
8842.07,-74.764
8842.74,-74.632
8843.42,-74.316
8844.09,-75.493
8844.76,-74.477
8845.44,-73.598
8846.11,-74.980
8846.78,-74.114
8847.45,-74.222
8848.13,-76.838
8848.80,-74.345
8849.47,-75.939
8850.15,-75.682
8850.82,-75.788
8851.49,-75.979
8852.17,-75.734
8852.84,-74.504
8853.51,-74.296
8854.18,-74.385
8854.86,-74.140
8855.53,-74.092
8856.20,-74.947
8856.88,-75.331
8857.55,-74.258
8858.22,-75.503
8858.89,-74.074
8859.57,-75.683
8860.24,-74.815
8860.91,-74.272
8861.59,-73.598
8862.26,-73.895
8862.93,-74.440
8863.60,-74.657
8864.28,-75.985
8864.95,-73.929
8865.62,-74.449
8866.30,-74.872
8866.97,-73.769
8867.64,-74.532
8868.32,-74.541
8868.99,-74.236
8869.66,-74.051
8870.33,-73.917
8871.01,-73.995
8871.68,-74.771
8872.35,-74.922
8873.03,-73.899
8873.70,-75.039
8874.37,-73.893
8875.04,-74.276
8875.72,-73.108
8876.39,-73.917
8877.06,-73.878
8877.74,-73.043
8878.41,-73.886
8879.08,-74.720
8879.75,-73.625
8880.43,-73.802
8881.10,-73.363
8881.77,-72.441
8882.45,-72.716
8883.12,-73.816
8883.79,-73.664
8884.47,-73.254
8885.14,-73.890
8885.81,-73.434
8886.48,-74.241
8887.16,-74.036
8887.83,-74.555
8888.50,-75.624
8889.18,-74.811
8889.85,-74.436
8890.52,-73.419
8891.19,-74.535
8891.87,-74.818
8892.54,-74.635
8893.21,-74.333
8893.89,-74.346
8894.56,-73.666
8895.23,-74.832
8895.90,-75.375
8896.58,-74.157
8897.25,-74.065
8897.92,-73.304
8898.60,-74.752
8899.27,-74.839
8899.94,-73.170
8900.61,-73.436
8901.29,-74.244
8901.96,-74.732
8902.63,-73.824
8903.31,-73.538
8903.98,-73.512
8904.65,-73.408
8905.33,-74.613
8906.00,-74.993
8906.67,-73.993
8907.34,-72.957
8908.02,-73.488
8908.69,-73.636
8909.36,-74.977
8910.04,-74.129
8910.71,-72.887
8911.38,-74.073
8912.05,-74.301
8912.73,-74.589
8913.40,-73.216
8914.07,-73.856
8914.75,-74.217
8915.42,-73.789
8916.09,-72.889
8916.76,-73.112
8917.44,-74.546
8918.11,-73.248
8918.78,-73.697
8919.46,-75.113
8920.13,-76.370
8920.80,-74.207
8921.48,-72.723
8922.15,-73.586
8922.82,-72.943
8923.49,-74.074
8924.17,-74.228
8924.84,-73.605
8925.51,-73.879
8926.19,-72.821
8926.86,-72.951
8927.53,-72.926
8928.20,-74.866
8928.88,-72.217
8929.55,-74.129
8930.22,-73.805
8930.90,-72.992
8931.57,-73.299
8932.24,-73.095
8932.91,-73.766
8933.59,-73.129
8934.26,-73.283
8934.93,-74.111
8935.61,-75.428
8936.28,-75.144
8936.95,-74.917
8937.63,-73.396
8938.30,-72.132
8938.97,-73.702
8939.64,-72.984
8940.32,-74.196
8940.99,-75.343
8941.66,-73.169
8942.34,-74.111
8943.01,-74.089
8943.68,-72.778
8944.35,-73.418
8945.03,-73.610
8945.70,-74.140
8946.37,-74.817
8947.05,-72.453
8947.72,-73.017
8948.39,-73.842
8949.06,-75.679
8949.74,-74.646
8950.41,-73.551
8951.08,-74.273
8951.76,-73.426
8952.43,-75.058
8953.10,-73.889
8953.78,-72.700
8954.45,-74.779
8955.12,-74.858
8955.79,-73.323
8956.47,-74.462
8957.14,-74.660
8957.81,-73.885
8958.49,-73.269
8959.16,-73.211
8959.83,-74.311
8960.50,-74.450
8961.18,-74.098
8961.85,-74.064
8962.52,-73.586
8963.20,-73.156
8963.87,-73.988
8964.54,-74.251
8965.21,-73.659
8965.89,-75.190
8966.56,-74.433
8967.23,-74.821
8967.91,-75.024
8968.58,-73.651
8969.25,-71.820
8969.92,-75.907
8970.60,-74.757
8971.27,-72.917
8971.94,-75.533
8972.62,-73.816
8973.29,-73.555
8973.96,-74.259
8974.64,-75.234
8975.31,-74.330
8975.98,-73.693
8976.65,-74.172
8977.33,-73.778
8978.00,-75.706
8978.67,-75.880
8979.35,-74.766
8980.02,-76.864
8980.69,-73.609
8981.36,-74.644
8982.04,-74.794
8982.71,-73.942
8983.38,-73.708
8984.06,-74.046
8984.73,-73.721
8985.40,-74.647
8986.07,-75.903
8986.75,-74.251
8987.42,-76.024
8988.09,-74.611
8988.77,-74.636
8989.44,-75.030
8990.11,-74.531
8990.79,-75.069
8991.46,-73.588
8992.13,-74.690
8992.80,-76.452
8993.48,-75.629
8994.15,-73.180
8994.82,-74.655
8995.50,-74.882
8996.17,-76.302
8996.84,-74.245
8997.51,-75.307
8998.19,-74.275
8998.86,-75.821
8999.53,-76.601
9000.21,-74.677
9000.88,-74.588
9001.55,-75.341
9002.22,-75.636
9002.90,-75.654
9003.57,-75.189
9004.24,-76.959
9004.92,-75.821
9005.59,-76.503
9006.26,-75.720
9006.94,-76.981
9007.61,-77.256
9008.28,-74.861
9008.95,-76.872
9009.63,-75.104
9010.30,-75.889
9010.97,-75.918
9011.65,-77.836
9012.32,-75.980
9012.99,-76.746
9013.66,-76.146
9014.34,-76.361
9015.01,-77.633
9015.68,-76.014
9016.36,-76.558
9017.03,-76.169
9017.70,-75.153
9018.37,-76.339
9019.05,-76.368
9019.72,-76.725
9020.39,-77.156
9021.07,-75.507
9021.74,-75.922
9022.41,-76.693
9023.09,-77.878
9023.76,-76.736
9024.43,-77.001
9025.10,-76.249
9025.78,-76.436
9026.45,-76.582
9027.12,-77.733
9027.80,-76.596
9028.47,-76.261
9029.14,-76.135
9029.81,-77.949
9030.49,-77.334
9031.16,-77.337
9031.83,-78.151
9032.51,-75.910
9033.18,-77.747
9033.85,-77.070
9034.52,-77.137
9035.20,-76.045
9035.87,-77.248
9036.54,-77.088
9037.22,-76.987
9037.89,-77.213
9038.56,-75.893
9039.23,-76.276
9039.91,-78.900
9040.58,-77.737
9041.25,-78.338
9041.93,-78.288
9042.60,-78.879
9043.27,-78.638
9043.95,-78.253
9044.62,-77.477
9045.29,-77.731
9045.96,-78.185
9046.64,-79.713
9047.31,-79.070
9047.98,-79.914
9048.66,-77.205
9049.33,-76.465
9050.00,-78.253
9050.67,-79.318
9051.35,-79.395
9052.02,-79.665
9052.69,-78.481
9053.37,-78.206
9054.04,-78.571
9054.71,-78.178
9055.38,-78.473
9056.06,-78.314
9056.73,-78.046
9057.40,-77.925
9058.08,-79.333
9058.75,-81.124
9059.42,-79.079
9060.10,-77.858
9060.77,-78.970
9061.44,-79.432
9062.11,-77.696
9062.79,-79.089
9063.46,-79.864
9064.13,-78.793
9064.81,-80.094
9065.48,-78.947
9066.15,-78.620
9066.82,-77.575
9067.50,-79.422
9068.17,-78.817
9068.84,-79.245
9069.52,-79.892
9070.19,-78.984
9070.86,-78.731
9071.53,-79.647
9072.21,-77.903
9072.88,-79.446
9073.55,-79.924
9074.23,-79.266
9074.90,-80.053
9075.57,-80.527
9076.25,-81.243
9076.92,-79.372
9077.59,-79.648
9078.26,-79.542
9078.94,-78.854
9079.61,-79.525
9080.28,-78.737
9080.96,-78.970
9081.63,-79.698
9082.30,-79.917
9082.97,-79.227
9083.65,-79.705
9084.32,-79.578
9084.99,-79.937
9085.67,-79.954
9086.34,-80.272
9087.01,-79.338
9087.68,-78.813
9088.36,-79.757
9089.03,-80.233
9089.70,-78.660
9090.38,-80.133
9091.05,-80.338
9091.72,-80.198
9092.40,-79.412
9093.07,-79.786
9093.74,-80.671
9094.41,-81.506
9095.09,-81.239
9095.76,-80.626
9096.43,-80.846
9097.11,-81.945
9097.78,-80.594
9098.45,-81.285
9099.12,-82.033
9099.80,-81.551
9100.47,-80.615
9101.14,-79.343
9101.82,-80.353
9102.49,-79.545
9103.16,-80.240
9103.83,-80.951
9104.51,-79.390
9105.18,-81.238
9105.85,-81.433
9106.53,-80.553
9107.20,-81.798
9107.87,-82.021
9108.54,-80.106
9109.22,-80.012
9109.89,-81.495
9110.56,-80.935
9111.24,-80.817
9111.91,-80.929
9112.58,-80.390
9113.26,-80.974
9113.93,-81.272
9114.60,-80.239
9115.27,-81.341
9115.95,-81.786
9116.62,-82.466
9117.29,-81.204
9117.97,-82.745
9118.64,-82.858
9119.31,-81.407
9119.98,-82.558
9120.66,-80.866
9121.33,-81.366
9122.00,-82.864
9122.68,-82.614
9123.35,-80.003
9124.02,-81.491
9124.69,-82.216
9125.37,-82.019
9126.04,-82.064
9126.71,-82.198
9127.39,-80.945
9128.06,-82.197
9128.73,-82.897
9129.41,-81.796
9130.08,-80.593
9130.75,-82.042
9131.42,-82.286
9132.10,-81.421
9132.77,-82.079
9133.44,-82.207
9134.12,-82.018
9134.79,-82.778
9135.46,-82.708
9136.13,-82.549
9136.81,-82.355
9137.48,-81.841
9138.15,-83.120
9138.83,-83.146
9139.50,-82.583
9140.17,-82.646
9140.84,-82.948
9141.52,-81.326
9142.19,-82.099
9142.86,-83.123
9143.54,-82.334
9144.21,-83.519
9144.88,-83.668
9145.56,-83.138
9146.23,-84.048
9146.90,-84.821
9147.57,-84.444
9148.25,-82.772
9148.92,-83.049
9149.59,-80.394
9150.27,-82.843
9150.94,-81.910
9151.61,-83.005
9152.28,-81.553
9152.96,-82.482
9153.63,-82.379
9154.30,-82.816
9154.98,-83.216
9155.65,-82.621
9156.32,-83.713
9156.99,-84.367
9157.67,-83.185
9158.34,-82.630
9159.01,-83.407
9159.69,-84.282
9160.36,-83.061
9161.03,-82.269
9161.71,-84.517
9162.38,-82.634
9163.05,-84.130
9163.72,-83.907
9164.40,-83.032
9165.07,-82.839
9165.74,-83.966
9166.42,-83.768
9167.09,-82.643
9167.76,-83.980
9168.43,-83.916
9169.11,-82.802
9169.78,-83.818
9170.45,-82.146
9171.13,-83.590
9171.80,-83.702
9172.47,-84.465
9173.14,-83.852
9173.82,-83.283
9174.49,-83.616
9175.16,-83.088
9175.84,-83.521
9176.51,-84.066
9177.18,-84.554
9177.85,-84.068
9178.53,-84.118
9179.20,-84.022
9179.87,-85.244
9180.55,-84.688
9181.22,-84.422
9181.89,-83.300
9182.57,-83.990
9183.24,-85.588
9183.91,-84.523
9184.58,-85.013
9185.26,-84.477
9185.93,-84.395
9186.60,-84.691
9187.28,-83.525
9187.95,-83.886
9188.62,-84.033
9189.29,-84.590
9189.97,-83.475
9190.64,-83.547
9191.31,-83.694
9191.99,-83.801
9192.66,-84.071
9193.33,-83.931
9194.00,-83.738
9194.68,-84.402
9195.35,-84.434
9196.02,-84.901
9196.70,-84.504
9197.37,-86.131
9198.04,-83.961
9198.72,-84.628
9199.39,-83.248
9200.06,-83.600
9200.73,-83.239
9201.41,-84.311
9202.08,-83.904
9202.75,-83.978
9203.43,-83.613
9204.10,-83.470
9204.77,-84.704
9205.44,-84.481
9206.12,-84.101
9206.79,-86.134
9207.46,-85.252
9208.14,-84.250
9208.81,-84.654
9209.48,-85.027
9210.15,-83.326
9210.83,-85.121
9211.50,-85.776
9212.17,-85.781
9212.85,-84.843
9213.52,-85.728
9214.19,-85.105
9214.87,-85.835
9215.54,-84.536
9216.21,-84.400
9216.88,-84.015
9217.56,-84.798
9218.23,-83.854
9218.90,-84.386
9219.58,-84.064
9220.25,-84.289
9220.92,-86.041
9221.59,-85.695
9222.27,-84.217
9222.94,-84.780
9223.61,-85.397
9224.29,-84.856
9224.96,-85.150
9225.63,-85.953
9226.30,-84.457
9226.98,-84.274
9227.65,-84.804
9228.32,-84.239
9229.00,-86.953
9229.67,-85.842
9230.34,-85.570
9231.02,-85.270
9231.69,-85.963
9232.36,-84.620
9233.03,-85.378
9233.71,-85.232
9234.38,-85.008
9235.05,-84.951
9235.73,-85.338
9236.40,-85.161
9237.07,-84.703
9237.74,-85.522
9238.42,-84.737
9239.09,-84.151
9239.76,-85.552
9240.44,-85.544
9241.11,-84.348
9241.78,-85.374
9242.45,-84.932
9243.13,-85.208
9243.80,-85.110
9244.47,-85.774
9245.15,-85.359
9245.82,-84.329
9246.49,-83.587
9247.16,-84.560
9247.84,-86.661
9248.51,-84.264
9249.18,-85.028
9249.86,-85.115
9250.53,-84.106
9251.20,-84.114
9251.88,-85.184
9252.55,-84.368
9253.22,-84.722
9253.89,-83.958
9254.57,-85.817
9255.24,-85.421
9255.91,-85.262
9256.59,-86.303
9257.26,-85.870
9257.93,-86.354
9258.60,-85.835
9259.28,-84.795
9259.95,-84.798
9260.62,-85.331
9261.30,-83.655
9261.97,-86.696
9262.64,-85.013
9263.31,-84.029
9263.99,-85.725
9264.66,-85.062
9265.33,-86.140
9266.01,-85.667
9266.68,-86.204
9267.35,-86.200
9268.03,-85.338
9268.70,-84.341
9269.37,-84.095
9270.04,-86.770
9270.72,-85.564
9271.39,-85.796
9272.06,-86.166
9272.74,-85.354
9273.41,-86.308
9274.08,-85.461
9274.75,-84.955
9275.43,-84.773
9276.10,-84.985
9276.77,-84.965
9277.45,-85.254
9278.12,-84.448
9278.79,-85.950
9279.46,-86.889
9280.14,-84.237
9280.81,-85.010
9281.48,-85.004
9282.16,-83.990
9282.83,-83.863
9283.50,-85.489
9284.18,-84.996
9284.85,-85.138
9285.52,-84.330
9286.19,-85.859
9286.87,-86.020
9287.54,-85.612
9288.21,-86.142
9288.89,-86.534
9289.56,-85.941
9290.23,-85.091
9290.90,-84.144
9291.58,-84.190
9292.25,-84.485
9292.92,-84.381
9293.60,-85.206
9294.27,-85.510
9294.94,-85.396
9295.61,-84.684
9296.29,-83.669
9296.96,-82.982
9297.63,-84.867
9298.31,-84.452
9298.98,-85.525
9299.65,-86.719
9300.33,-85.914
9301.00,-86.387
9301.67,-83.932
9302.34,-84.616
9303.02,-85.156
9303.69,-84.474
9304.36,-84.881
9305.04,-84.155
9305.71,-84.400
9306.38,-84.938
9307.05,-83.521
9307.73,-84.529
9308.40,-84.536
9309.07,-83.744
9309.75,-85.561
9310.42,-84.378
9311.09,-85.486
9311.76,-84.349
9312.44,-84.225
9313.11,-84.216
9313.78,-85.105
9314.46,-83.550
9315.13,-83.790
9315.80,-86.092
9316.47,-84.867
9317.15,-84.632
9317.82,-84.045
9318.49,-85.385
9319.17,-83.651
9319.84,-84.950
9320.51,-85.113
9321.19,-84.100
9321.86,-83.773
9322.53,-84.725
9323.20,-84.941
9323.88,-83.740
9324.55,-84.015
9325.22,-83.714
9325.90,-83.923
9326.57,-84.343
9327.24,-84.431
9327.91,-84.001
9328.59,-86.091
9329.26,-84.968
9329.93,-85.383
9330.61,-84.796
9331.28,-85.090
9331.95,-83.041
9332.62,-84.008
9333.30,-83.225
9333.97,-84.720
9334.64,-83.914
9335.32,-85.009
9335.99,-84.494
9336.66,-84.008
9337.34,-84.443
9338.01,-84.986
9338.68,-84.900
9339.35,-84.568
9340.03,-83.686
9340.70,-85.244
9341.37,-85.447
9342.05,-85.346
9342.72,-84.896
9343.39,-84.728
9344.06,-84.989
9344.74,-85.861
9345.41,-83.364
9346.08,-84.590
9346.76,-84.643
9347.43,-86.235
9348.10,-84.346
9348.77,-83.987
9349.45,-84.421
9350.12,-85.020
9350.79,-83.110
9351.47,-83.419
9352.14,-84.156
9352.81,-84.917
9353.49,-84.758
9354.16,-82.167
9354.83,-84.229
9355.50,-83.437
9356.18,-83.888
9356.85,-83.523
9357.52,-85.179
9358.20,-85.382
9358.87,-84.796
9359.54,-84.132
9360.21,-85.341
9360.89,-85.476
9361.56,-84.950
9362.23,-84.679
9362.91,-84.986
9363.58,-84.770
9364.25,-83.896
9364.92,-84.690
9365.60,-85.703
9366.27,-84.800
9366.94,-85.026
9367.62,-86.172
9368.29,-85.397
9368.96,-84.022
9369.64,-83.284
9370.31,-84.168
9370.98,-84.005
9371.65,-83.179
9372.33,-84.895
9373.00,-85.332
9373.67,-84.714
9374.35,-86.191
9375.02,-85.057
9375.69,-85.233
9376.36,-86.578
9377.04,-84.859
9377.71,-84.841
9378.38,-86.021
9379.06,-84.308
9379.73,-85.952
9380.40,-84.268
9381.07,-83.376
9381.75,-84.624
9382.42,-85.712
9383.09,-85.324
9383.77,-84.829
9384.44,-84.920
9385.11,-84.369
9385.78,-86.264
9386.46,-84.746
9387.13,-84.466
9387.80,-85.080
9388.48,-83.875
9389.15,-86.139
9389.82,-86.138
9390.50,-84.187
9391.17,-84.569
9391.84,-84.327
9392.51,-83.905
9393.19,-84.576
9393.86,-83.106
9394.53,-84.484
9395.21,-86.452
9395.88,-86.423
9396.55,-85.616
9397.22,-85.587
9397.90,-85.386
9398.57,-85.212
9399.24,-85.666
9399.92,-84.781
9400.59,-83.109
9401.26,-84.955
9401.93,-84.685
9402.61,-85.258
9403.28,-84.874
9403.95,-85.260
9404.63,-84.895
9405.30,-84.597
9405.97,-86.139
9406.65,-84.764
9407.32,-85.342
9407.99,-85.198
9408.66,-86.118
9409.34,-86.524
9410.01,-86.624
9410.68,-85.223
9411.36,-86.690
9412.03,-85.513
9412.70,-84.398
9413.37,-85.159
9414.05,-85.114
9414.72,-85.628
9415.39,-84.990
9416.07,-85.480
9416.74,-86.207
9417.41,-85.098
9418.08,-85.339
9418.76,-86.204
9419.43,-85.602
9420.10,-84.974
9420.78,-86.107
9421.45,-85.141
9422.12,-86.228
9422.80,-86.109
9423.47,-86.185
9424.14,-86.439
9424.81,-85.341
9425.49,-86.689
9426.16,-85.967
9426.83,-85.987
9427.51,-85.905
9428.18,-86.329
9428.85,-85.987
9429.52,-85.591
9430.20,-86.263
9430.87,-85.357
9431.54,-87.282
9432.22,-85.630
9432.89,-86.429
9433.56,-86.880
9434.23,-86.141
9434.91,-86.982
9435.58,-88.152
9436.25,-87.447
9436.93,-86.785
9437.60,-87.008
9438.27,-86.657
9438.95,-86.749
9439.62,-86.934
9440.29,-87.480
9440.96,-87.521
9441.64,-87.281
9442.31,-89.151
9442.98,-87.178
9443.66,-87.795
9444.33,-88.025
9445.00,-86.089
9445.67,-88.347
9446.35,-87.190
9447.02,-86.743
9447.69,-88.207
9448.37,-87.756
9449.04,-87.742
9449.71,-89.379
9450.38,-87.898
9451.06,-87.292
9451.73,-88.163
9452.40,-87.774
9453.08,-86.573
9453.75,-87.060
9454.42,-87.798
9455.09,-88.003
9455.77,-88.664
9456.44,-88.137
9457.11,-87.990
9457.79,-86.995
9458.46,-89.948
9459.13,-89.447
9459.81,-88.768
9460.48,-90.380
9461.15,-87.649
9461.82,-88.315
9462.50,-89.474
9463.17,-89.673
9463.84,-90.906
9464.52,-89.597
9465.19,-88.974
9465.86,-90.748
9466.53,-89.680
9467.21,-90.641
9467.88,-89.910
9468.55,-90.197
9469.23,-91.426
9469.90,-91.209
9470.57,-89.932
9471.24,-89.986
9471.92,-90.580
9472.59,-89.518
9473.26,-89.425
9473.94,-91.542
9474.61,-90.357
9475.28,-90.261
9475.96,-90.306
9476.63,-91.474
9477.30,-90.478
9477.97,-89.909
9478.65,-90.677
9479.32,-90.266
9479.99,-90.370
9480.67,-89.748
9481.34,-90.290
9482.01,-89.730
9482.68,-89.845
9483.36,-89.612
9484.03,-90.652
9484.70,-90.752
9485.38,-90.295
9486.05,-91.056
9486.72,-91.006
9487.39,-91.327
9488.07,-91.173
9488.74,-89.511
9489.41,-90.764
9490.09,-90.739
9490.76,-91.191
9491.43,-90.851
9492.11,-90.488
9492.78,-93.513
9493.45,-90.977
9494.12,-91.605
9494.80,-92.533
9495.47,-93.166
9496.14,-92.773
9496.82,-91.924
9497.49,-91.121
9498.16,-91.733
9498.83,-92.351
9499.51,-93.399
9500.18,-92.532
9500.85,-92.287
9501.53,-91.557
9502.20,-92.681
9502.87,-91.724
9503.54,-91.549
9504.22,-91.951
9504.89,-91.848
9505.56,-92.287
9506.24,-93.005
9506.91,-91.826
9507.58,-94.812
9508.26,-95.056
9508.93,-94.677
9509.60,-93.980
9510.27,-93.376
9510.95,-94.031
9511.62,-92.402
9512.29,-94.054
9512.97,-93.233
9513.64,-92.771
9514.31,-92.624
9514.98,-93.936
9515.66,-92.605
9516.33,-91.913
9517.00,-93.913
9517.68,-93.314
9518.35,-93.584
9519.02,-93.647
9519.69,-96.320
9520.37,-93.030
9521.04,-94.198
9521.71,-93.771
9522.39,-93.020
9523.06,-92.910
9523.73,-94.219
9524.40,-95.838
9525.08,-95.753
9525.75,-94.718
9526.42,-94.389
9527.10,-95.089
9527.77,-94.543
9528.44,-93.925
9529.12,-94.209
9529.79,-94.225
9530.46,-94.168
9531.13,-95.532
9531.81,-95.497
9532.48,-94.947
9533.15,-94.604
9533.83,-95.475
9534.50,-93.491
9535.17,-94.647
9535.84,-96.024
9536.52,-95.477
9537.19,-94.407
9537.86,-96.100
9538.54,-94.850
9539.21,-94.520
9539.88,-94.574
9540.55,-94.574
9541.23,-95.250
9541.90,-95.413
9542.57,-94.893
9543.25,-95.728
9543.92,-94.607
9544.59,-95.516
9545.27,-95.189
9545.94,-95.622
9546.61,-97.218
9547.28,-95.384
9547.96,-94.832
9548.63,-95.511
9549.30,-95.642
9549.98,-95.292
9550.65,-95.818
9551.32,-95.408
9551.99,-97.748
9552.67,-97.143
9553.34,-96.211
9554.01,-97.858
9554.69,-97.339
9555.36,-96.924
9556.03,-96.468
9556.70,-96.067
9557.38,-96.640
9558.05,-96.377
9558.72,-96.584
9559.40,-97.792
9560.07,-96.030
9560.74,-96.966
9561.42,-96.497
9562.09,-96.214
9562.76,-97.047
9563.43,-96.621
9564.11,-96.387
9564.78,-95.826
9565.45,-97.047
9566.13,-96.316
9566.80,-97.111
9567.47,-96.290
9568.14,-97.287
9568.82,-97.175
9569.49,-96.792
9570.16,-96.239
9570.84,-97.369
9571.51,-96.619
9572.18,-97.784
9572.85,-97.508
9573.53,-97.374
9574.20,-98.483
9574.87,-99.340
9575.55,-97.875
9576.22,-97.147
9576.89,-96.787
9577.57,-97.937
9578.24,-97.849
9578.91,-99.132
9579.58,-98.097
9580.26,-98.182
9580.93,-97.636
9581.60,-99.328
9582.28,-97.711
9582.95,-97.705
9583.62,-97.724
9584.29,-99.157
9584.97,-98.919
9585.64,-99.065
9586.31,-97.542
9586.99,-98.446
9587.66,-99.818
9588.33,-98.622
9589.00,-98.569
9589.68,-97.879
9590.35,-98.803
9591.02,-98.949
9591.70,-98.506
9592.37,-97.373
9593.04,-98.341
9593.71,-97.942
9594.39,-97.812
9595.06,-97.374
9595.73,-99.002
9596.41,-99.084
9597.08,-98.256
9597.75,-98.686
9598.43,-98.001
9599.10,-100.156
9599.77,-98.804
9600.44,-99.024
9601.12,-98.917
9601.79,-98.873
9602.46,-99.202
9603.14,-100.274
9603.81,-100.081
9604.48,-100.642
9605.15,-98.098
9605.83,-100.162
9606.50,-98.045
9607.17,-98.164
9607.85,-98.210
9608.52,-97.927
9609.19,-98.683
9609.86,-99.549
9610.54,-99.718
9611.21,-98.889
9611.88,-100.206
9612.56,-100.783
9613.23,-99.846
9613.90,-98.871
9614.58,-99.209
9615.25,-100.034
9615.92,-100.470
9616.59,-99.492
9617.27,-100.388
9617.94,-99.587
9618.61,-99.976
9619.29,-99.460
9619.96,-99.257
9620.63,-99.615
9621.30,-99.030
9621.98,-99.833
9622.65,-100.237
9623.32,-98.511
9624.00,-99.200
9624.67,-101.153
9625.34,-99.078
9626.01,-99.391
9626.69,-100.550
9627.36,-99.827
9628.03,-99.784
9628.71,-99.115
9629.38,-99.770
9630.05,-101.049
9630.73,-100.670
9631.40,-100.613
9632.07,-100.587
9632.74,-101.515
9633.42,-101.351
9634.09,-101.414
9634.76,-101.918
9635.44,-100.713
9636.11,-99.857
9636.78,-100.126
9637.45,-100.516
9638.13,-100.947
9638.80,-100.513
9639.47,-100.688
9640.15,-100.808
9640.82,-100.481
9641.49,-100.531
9642.16,-101.283
9642.84,-99.559
9643.51,-100.739
9644.18,-101.306
9644.86,-100.292
9645.53,-102.234
9646.20,-101.664
9646.88,-101.303
9647.55,-102.146
9648.22,-101.994
9648.89,-100.814
9649.57,-101.155
9650.24,-102.379
9650.91,-101.528
9651.59,-101.735
9652.26,-101.714
9652.93,-101.414
9653.60,-101.307
9654.28,-102.205
9654.95,-101.026
9655.62,-101.214
9656.30,-100.952
9656.97,-100.959
9657.64,-102.329
9658.31,-103.135
9658.99,-100.653
9659.66,-101.889
9660.33,-102.105
9661.01,-101.631
9661.68,-101.587
9662.35,-101.919
9663.02,-100.721
9663.70,-102.094
9664.37,-101.796
9665.04,-101.470
9665.72,-101.491
9666.39,-102.336
9667.06,-101.687
9667.74,-101.857
9668.41,-100.953
9669.08,-102.290
9669.75,-102.206
9670.43,-102.501
9671.10,-102.846
9671.77,-100.919
9672.45,-101.871
9673.12,-103.670
9673.79,-103.419
9674.46,-102.470
9675.14,-102.195
9675.81,-101.356
9676.48,-102.314
9677.16,-102.098
9677.83,-102.774
9678.50,-102.768
9679.17,-103.460
9679.85,-102.829
9680.52,-102.023
9681.19,-101.498
9681.87,-102.008
9682.54,-102.412
9683.21,-102.210
9683.89,-102.716
9684.56,-101.831
9685.23,-101.981
9685.90,-102.641
9686.58,-100.745
9687.25,-101.652
9687.92,-102.906
9688.60,-102.811
9689.27,-101.760
9689.94,-102.162
9690.61,-103.718
9691.29,-102.379
9691.96,-102.204
9692.63,-103.084
9693.31,-102.162
9693.98,-101.441
9694.65,-101.594
9695.32,-101.280
9696.00,-101.982
9696.67,-102.044
9697.34,-101.779
9698.02,-103.038
9698.69,-102.232
9699.36,-101.543
9700.04,-102.249
9700.71,-102.122
9701.38,-102.960
9702.05,-103.003
9702.73,-102.787
9703.40,-102.865
9704.07,-103.847
9704.75,-102.763
9705.42,-102.287
9706.09,-103.240
9706.76,-102.573
9707.44,-103.950
9708.11,-102.147
9708.78,-102.679
9709.46,-103.334
9710.13,-103.900
9710.80,-104.795
9711.47,-102.690
9712.15,-103.404
9712.82,-103.094
9713.49,-103.535
9714.17,-103.027
9714.84,-101.842
9715.51,-102.743
9716.18,-102.365
9716.86,-104.245
9717.53,-102.781
9718.20,-103.490
9718.88,-102.551
9719.55,-103.271
9720.22,-103.195
9720.90,-103.502
9721.57,-103.793
9722.24,-102.971
9722.91,-104.457
9723.59,-103.328
9724.26,-103.191
9724.93,-104.754
9725.61,-102.437
9726.28,-105.068
9726.95,-103.198
9727.62,-103.556
9728.30,-103.283
9728.97,-103.542
9729.64,-104.458
9730.32,-103.676
9730.99,-103.932
9731.66,-103.537
9732.33,-103.860
9733.01,-102.508
9733.68,-102.963
9734.35,-103.867
9735.03,-103.986
9735.70,-102.617
9736.37,-104.581
9737.05,-103.761
9737.72,-103.475
9738.39,-103.289
9739.06,-103.188
9739.74,-103.034
9740.41,-103.458
9741.08,-103.445
9741.76,-104.118
9742.43,-103.223
9743.10,-102.496
9743.77,-104.791
9744.45,-103.776
9745.12,-103.187
9745.79,-104.027
9746.47,-102.661
9747.14,-104.415
9747.81,-103.584
9748.48,-102.519
9749.16,-102.487
9749.83,-103.645
9750.50,-104.421
9751.18,-103.736
9751.85,-103.151
9752.52,-102.775
9753.20,-102.836
9753.87,-104.252
9754.54,-103.302
9755.21,-103.777
9755.89,-104.169
9756.56,-102.701
9757.23,-104.564
9757.91,-103.702
9758.58,-104.444
9759.25,-103.442
9759.92,-104.219
9760.60,-104.052
9761.27,-105.404
9761.94,-103.583
9762.62,-103.602
9763.29,-103.303
9763.96,-103.815
9764.63,-103.463
9765.31,-105.164
9765.98,-104.222
9766.65,-103.772
9767.33,-103.138
9768.00,-102.964
9768.67,-103.596
9769.35,-103.845
9770.02,-103.358
9770.69,-104.580
9771.36,-104.069
9772.04,-103.747
9772.71,-103.883
9773.38,-103.993
9774.06,-104.535
9774.73,-103.159
9775.40,-103.097
9776.07,-103.524
9776.75,-103.843
9777.42,-103.874
9778.09,-102.890
9778.77,-103.700
9779.44,-102.916
9780.11,-103.639
9780.78,-103.050
9781.46,-103.833
9782.13,-103.869
9782.80,-103.714
9783.48,-104.696
9784.15,-103.375
9784.82,-104.264
9785.49,-103.366
9786.17,-104.587
9786.84,-102.825
9787.51,-104.391
9788.19,-103.833
9788.86,-103.658
9789.53,-103.966
9790.21,-103.685
9790.88,-104.682
9791.55,-103.808
9792.22,-102.497
9792.90,-105.205
9793.57,-104.896
9794.24,-104.365
9794.92,-103.977
9795.59,-103.777
9796.26,-105.141
9796.93,-104.082
9797.61,-103.980
9798.28,-103.728
9798.95,-104.387
9799.63,-103.074
9800.30,-103.644
9800.97,-104.573
9801.64,-105.108
9802.32,-104.180
9802.99,-103.841
9803.66,-103.581
9804.34,-103.597
9805.01,-103.772
9805.68,-104.090
9806.36,-103.919
9807.03,-104.824
9807.70,-103.838
9808.37,-102.644
9809.05,-104.176
9809.72,-104.732
9810.39,-104.394
9811.07,-104.953
9811.74,-105.278
9812.41,-104.479
9813.08,-103.614
9813.76,-104.179
9814.43,-104.850
9815.10,-104.872
9815.78,-104.391
9816.45,-104.341
9817.12,-104.269
9817.79,-105.226
9818.47,-104.904
9819.14,-103.552
9819.81,-104.760
9820.49,-104.124
9821.16,-104.779
9821.83,-103.585
9822.51,-103.543
9823.18,-103.220
9823.85,-105.060
9824.52,-104.012
9825.20,-103.562
9825.87,-104.143
9826.54,-104.813
9827.22,-104.130
9827.89,-104.609
9828.56,-104.599
9829.23,-103.582
9829.91,-103.553
9830.58,-104.189
9831.25,-104.541
9831.93,-104.338
9832.60,-104.095
9833.27,-103.966
9833.94,-104.968
9834.62,-105.561
9835.29,-104.299
9835.96,-104.301
9836.64,-104.440
9837.31,-103.647
9837.98,-104.961
9838.66,-104.749
9839.33,-104.643
9840.00,-105.102
9840.67,-104.609
9841.35,-104.972
9842.02,-103.829
9842.69,-103.972
9843.37,-105.222
9844.04,-104.579
9844.71,-104.346
9845.38,-105.798
9846.06,-104.642
9846.73,-105.058
9847.40,-105.835
9848.08,-105.871
9848.75,-104.472
9849.42,-104.510
9850.09,-104.826
9850.77,-103.811
9851.44,-105.363
9852.11,-104.745
9852.79,-105.322
9853.46,-105.447
9854.13,-104.513
9854.80,-106.154
9855.48,-105.390
9856.15,-103.968
9856.82,-104.279
9857.50,-105.130
9858.17,-104.302
9858.84,-104.735
9859.52,-104.347
9860.19,-104.388
9860.86,-105.492
9861.53,-105.331
9862.21,-105.190
9862.88,-105.647
9863.55,-105.456
9864.23,-105.818
9864.90,-104.983
9865.57,-105.408
9866.24,-105.622
9866.92,-105.542
9867.59,-104.747
9868.26,-105.459
9868.94,-105.943
9869.61,-106.165
9870.28,-106.186
9870.95,-105.240
9871.63,-105.572
9872.30,-105.341
9872.97,-105.842
9873.65,-105.439
9874.32,-104.569
9874.99,-105.474
9875.67,-105.364
9876.34,-106.263
9877.01,-104.931
9877.68,-105.152
9878.36,-105.282
9879.03,-106.237
9879.70,-106.677
9880.38,-106.527
9881.05,-106.911
9881.72,-106.083
9882.39,-106.210
9883.07,-106.062
9883.74,-105.675
9884.41,-105.220
9885.09,-107.002
9885.76,-105.808
9886.43,-107.432
9887.10,-106.001
9887.78,-106.035
9888.45,-106.103
9889.12,-106.533
9889.80,-106.854
9890.47,-106.496
9891.14,-106.276
9891.82,-107.341
9892.49,-106.856
9893.16,-107.293
9893.83,-106.522
9894.51,-105.835
9895.18,-106.650
9895.85,-106.065
9896.53,-106.642
9897.20,-107.157
9897.87,-107.218
9898.54,-106.647
9899.22,-106.379
9899.89,-106.716
9900.56,-107.087
9901.24,-107.712
9901.91,-107.538
9902.58,-106.862
9903.25,-106.880
9903.93,-107.724
9904.60,-107.125
9905.27,-106.662
9905.95,-107.488
9906.62,-107.752
9907.29,-106.694
9907.97,-108.132
9908.64,-107.442
9909.31,-107.274
9909.98,-106.287
9910.66,-107.640
9911.33,-107.411
9912.00,-107.730
9912.68,-107.072
9913.35,-107.755
9914.02,-107.938
9914.69,-107.907
9915.37,-107.612
9916.04,-108.433
9916.71,-107.543
9917.39,-108.212
9918.06,-107.133
9918.73,-107.665
9919.40,-107.918
9920.08,-107.575
9920.75,-108.055
9921.42,-107.820
9922.10,-107.539
9922.77,-108.382
9923.44,-107.764
9924.11,-108.414
9924.79,-107.852
9925.46,-107.754
9926.13,-108.859
9926.81,-108.671
9927.48,-107.517
9928.15,-108.786
9928.83,-107.147
9929.50,-108.355
9930.17,-108.738
9930.84,-108.556
9931.52,-108.768
9932.19,-108.116
9932.86,-107.990
9933.54,-108.610
9934.21,-108.353
9934.88,-108.304
9935.55,-108.664
9936.23,-109.329
9936.90,-108.177
9937.57,-108.808
9938.25,-107.739
9938.92,-108.494
9939.59,-108.435
9940.26,-108.705
9940.94,-108.554
9941.61,-108.686
9942.28,-109.005
9942.96,-108.709
9943.63,-109.120
9944.30,-109.084
9944.98,-108.655
9945.65,-108.858
9946.32,-109.007
9946.99,-109.097
9947.67,-109.125
9948.34,-109.168
9949.01,-109.190
9949.69,-108.973
9950.36,-109.259
9951.03,-109.068
9951.70,-109.044
9952.38,-108.796
9953.05,-108.910
9953.72,-108.936
9954.40,-109.084
9955.07,-108.989
9955.74,-109.129
9956.41,-108.970
9957.09,-108.850
9957.76,-108.868
9958.43,-109.044
9959.11,-109.375
9959.78,-108.878
9960.45,-108.853
9961.13,-109.333
9961.80,-109.497
9962.47,-109.008
9963.14,-109.240
9963.82,-109.398
9964.49,-109.118
9965.16,-108.928
9965.84,-109.676
9966.51,-108.672
9967.18,-108.639
9967.85,-109.515
9968.53,-109.579
9969.20,-109.409
9969.87,-109.028
9970.55,-108.894
9971.22,-109.531
9971.89,-109.574
9972.56,-109.543
9973.24,-109.310
9973.91,-109.255
9974.58,-109.145
9975.26,-109.040
9975.93,-109.184
9976.60,-109.292
9977.28,-109.558
9977.95,-109.451
9978.62,-109.920
9979.29,-109.196
9979.97,-109.755
9980.64,-109.519
9981.31,-109.397
9981.99,-109.011
9982.66,-109.692
9983.33,-109.409
9984.00,-109.719
9984.68,-109.457
9985.35,-109.536
9986.02,-109.370
9986.70,-109.083
9987.37,-109.619
9988.04,-109.522
9988.71,-109.565
9989.39,-109.486
9990.06,-109.691
9990.73,-109.159
9991.41,-109.428
9992.08,-109.289
9992.75,-109.476
9993.42,-109.299
9994.10,-109.491
9994.77,-109.451
9995.44,-109.273
9996.12,-109.530
9996.79,-109.442
9997.46,-109.324
9998.14,-109.772
9998.81,-109.797
9999.48,-109.405
10000.15,-109.522
10000.83,-109.624
10001.50,-109.340
10002.17,-109.491
10002.85,-109.387
10003.52,-109.492
10004.19,-109.737
10004.86,-109.720
10005.54,-109.642
10006.21,-109.663
10006.88,-109.488
10007.56,-109.581
10008.23,-109.668
10008.90,-109.683
10009.57,-109.537
10010.25,-109.642
10010.92,-109.331
10011.59,-109.677
10012.27,-109.809
10012.94,-109.575
10013.61,-109.576
10014.29,-109.900
10014.96,-109.563
10015.63,-109.639
10016.30,-109.776
10016.98,-109.658
10017.65,-109.582
10018.32,-109.547
10019.00,-109.796
10019.67,-109.731
10020.34,-109.713
10021.01,-109.864
10021.69,-109.768
10022.36,-109.617
10023.03,-109.687
10023.71,-109.816
10024.38,-109.720
10025.05,-109.808
10025.72,-109.753
10026.40,-109.790
10027.07,-109.657
10027.74,-109.713
10028.42,-109.729
10029.09,-109.836
10029.76,-109.683
10030.44,-109.746
10031.11,-109.740
10031.78,-109.710
10032.45,-109.665
10033.13,-109.696
10033.80,-109.689
10034.47,-109.806
10035.15,-109.842
10035.82,-109.756
10036.49,-109.697
10037.16,-109.652
10037.84,-109.625
10038.51,-109.793
10039.18,-109.709
10039.86,-109.778
10040.53,-109.680
10041.20,-109.758
10041.87,-109.639
10042.55,-109.809
10043.22,-109.809
10043.89,-109.878
10044.57,-109.800
10045.24,-109.736
10045.91,-109.880
10046.59,-109.761
10047.26,-109.662
10047.93,-109.753
10048.60,-109.901
10049.28,-109.716
10049.95,-109.698
10050.62,-109.892
10051.30,-109.672
10051.97,-109.870
10052.64,-109.668
10053.31,-109.733
10053.99,-109.729
10054.66,-109.669
10055.33,-109.792
10056.01,-109.974
10056.68,-109.866
10057.35,-109.933
10058.02,-109.784
10058.70,-109.687
10059.37,-109.817
10060.04,-109.839
10060.72,-109.863
10061.39,-109.946
10062.06,-109.866
10062.73,-109.898
10063.41,-109.857
10064.08,-109.751
10064.75,-109.875
10065.43,-109.894
10066.10,-109.796
10066.77,-109.806
10067.45,-109.954
10068.12,-109.824
10068.79,-109.805
10069.46,-109.805
10070.14,-109.721
10070.81,-109.719
10071.48,-109.714
10072.16,-109.731
10072.83,-109.716
10073.50,-109.701
10074.17,-109.798
10074.85,-109.730
10075.52,-110.026
10076.19,-109.793
10076.87,-109.806
10077.54,-109.798
10078.21,-109.880
10078.88,-109.755
10079.56,-109.812
10080.23,-110.021
10080.90,-109.926
10081.58,-109.944
10082.25,-109.736
10082.92,-109.837
10083.60,-109.948
10084.27,-109.935
10084.94,-109.794
10085.61,-109.825
10086.29,-109.923
10086.96,-109.844
10087.63,-110.002
10088.31,-109.909
10088.98,-109.932
10089.65,-109.934
10090.32,-109.752
10091.00,-109.795
10091.67,-109.924
10092.34,-109.889
10093.02,-109.942
10093.69,-109.783
10094.36,-109.981
10095.03,-109.894
10095.71,-109.807
10096.38,-109.863
10097.05,-109.877
10097.73,-109.881
10098.40,-109.806
10099.07,-109.964
10099.75,-110.028
10100.42,-109.812
10101.09,-109.823
10101.76,-109.820
10102.44,-109.859
10103.11,-109.972
10103.78,-109.698
10104.46,-109.853
10105.13,-109.924
10105.80,-109.925
10106.47,-109.996
10107.15,-109.835
10107.82,-109.953
10108.49,-109.945
10109.17,-109.875
10109.84,-109.930
10110.51,-109.962
10111.18,-109.824
10111.86,-109.968
10112.53,-109.848
10113.20,-109.852
10113.88,-110.011
10114.55,-109.772
10115.22,-109.946
10115.90,-109.832
10116.57,-110.031
10117.24,-109.976
10117.91,-109.984
10118.59,-109.922
10119.26,-109.926
10119.93,-109.960
10120.61,-110.082
10121.28,-109.863
10121.95,-109.913
10122.62,-109.974
10123.30,-109.899
10123.97,-109.844
10124.64,-109.933
10125.32,-109.942
10125.99,-109.841
10126.66,-109.904
10127.33,-109.980
10128.01,-109.778
10128.68,-109.978
10129.35,-109.959
10130.03,-109.894
10130.70,-109.859
10131.37,-109.984
10132.04,-109.989
10132.72,-109.929
10133.39,-109.908
10134.06,-109.940
10134.74,-109.949
10135.41,-109.934
10136.08,-109.916
10136.76,-109.923
10137.43,-109.947
10138.10,-109.967
10138.77,-109.927
10139.45,-109.971
10140.12,-109.900
10140.79,-109.934
10141.47,-109.958
10142.14,-110.057
10142.81,-109.902
10143.48,-109.982
10144.16,-109.916
10144.83,-110.006
10145.50,-109.896
10146.18,-109.876
10146.85,-109.961
10147.52,-109.940
10148.19,-109.983
10148.87,-109.982
10149.54,-110.019
10150.21,-110.025
10150.89,-109.939
10151.56,-109.949
10152.23,-109.974
10152.91,-109.933
10153.58,-109.912
10154.25,-109.922
10154.92,-109.922
10155.60,-109.902
10156.27,-109.855
10156.94,-109.935
10157.62,-109.972
10158.29,-109.949
10158.96,-109.958
10159.63,-109.888
10160.31,-110.034
10160.98,-109.906
10161.65,-109.914
10162.33,-110.048
10163.00,-109.939
10163.67,-109.972
10164.34,-109.985
10165.02,-109.958
10165.69,-109.991
10166.36,-110.038
10167.04,-109.968
10167.71,-109.965
10168.38,-109.983
10169.06,-109.894
10169.73,-109.961
10170.40,-109.998
10171.07,-109.904
10171.75,-109.883
10172.42,-109.975
10173.09,-109.901
10173.77,-110.007
10174.44,-109.926
10175.11,-109.982
10175.78,-109.960
10176.46,-110.084
10177.13,-109.999
10177.80,-109.997
10178.48,-110.020
10179.15,-110.044
10179.82,-109.930
10180.49,-110.024
10181.17,-109.973
10181.84,-109.947
10182.51,-110.005
10183.19,-109.979
10183.86,-110.003
10184.53,-110.006
10185.21,-109.886
10185.88,-110.001
10186.55,-109.954
10187.22,-110.021
10187.90,-109.963
10188.57,-109.853
10189.24,-109.929
10189.92,-110.000
10190.59,-110.048
10191.26,-110.008
10191.93,-109.952
10192.61,-109.990
10193.28,-109.976
10193.95,-109.995
10194.63,-110.010
10195.30,-110.028
10195.97,-110.002
10196.64,-109.957
10197.32,-109.957
10197.99,-110.038
10198.66,-110.003
10199.34,-109.998
10200.01,-109.969
10200.68,-110.011
10201.35,-109.979
10202.03,-109.949
10202.70,-109.965
10203.37,-110.030
10204.05,-110.070
10204.72,-109.950
10205.39,-109.960
10206.07,-109.976
10206.74,-109.990
10207.41,-110.002
10208.08,-110.027
10208.76,-110.064
10209.43,-109.944
10210.10,-110.035
10210.78,-110.017
10211.45,-110.022
10212.12,-110.079
10212.79,-110.057
10213.47,-110.090
10214.14,-110.080
10214.81,-110.054
10215.49,-110.060
10216.16,-109.996
10216.83,-110.025
10217.50,-109.972
10218.18,-109.966
10218.85,-109.987
10219.52,-110.009
10220.20,-109.971
10220.87,-110.058
10221.54,-109.999
10222.22,-110.036
10222.89,-110.012
10223.56,-109.992
10224.23,-109.998
10224.91,-110.036
10225.58,-109.973
10226.25,-110.020
10226.93,-109.994
10227.60,-110.033
10228.27,-110.025
10228.94,-110.053
10229.62,-110.038
10230.29,-110.055
10230.96,-110.034
10231.64,-110.025
10232.31,-110.022
10232.98,-110.064
10233.65,-110.041
10234.33,-110.016
10235.00,-110.024
10235.67,-110.011
10236.35,-110.028
10237.02,-110.009
10237.69,-110.017
10238.37,-109.960
10239.04,-110.028
10239.71,-110.078
10240.38,-110.027
10241.06,-110.019
10241.73,-109.994
10242.40,-110.048
10243.08,-110.002
10243.75,-110.037
10244.42,-110.013
10245.09,-110.016
10245.77,-110.032
10246.44,-110.046
10247.11,-110.043
10247.79,-110.015
10248.46,-110.031
10249.13,-110.014
10249.80,-110.000
10250.48,-110.098
10251.15,-110.035
10251.82,-110.047
10252.50,-109.983
10253.17,-110.117
10253.84,-110.056
10254.52,-110.078
10255.19,-110.020
10255.86,-110.018
10256.53,-110.010
10257.21,-110.036
10257.88,-110.019
10258.55,-110.019
10259.23,-110.067
10259.90,-110.028
10260.57,-110.040
10261.24,-109.993
10261.92,-110.080
10262.59,-110.025
10263.26,-110.042
10263.94,-110.053
10264.61,-110.047
10265.28,-110.060
10265.95,-110.062
10266.63,-110.081
10267.30,-110.071
10267.97,-110.060
10268.65,-110.090
10269.32,-110.050
10269.99,-110.041
10270.66,-109.989
10271.34,-110.087
10272.01,-110.070
10272.68,-110.024
10273.36,-110.044
10274.03,-110.042
10274.70,-110.004
10275.38,-110.106
10276.05,-110.052
10276.72,-110.008
10277.39,-110.082
10278.07,-110.063
10278.74,-110.004
10279.41,-110.074
10280.09,-110.044
10280.76,-110.054
10281.43,-110.074
10282.10,-110.049
10282.78,-110.108
10283.45,-110.046
10284.12,-110.042
10284.80,-110.005
10285.47,-110.094
10286.14,-110.079
10286.81,-110.031
10287.49,-109.992
10288.16,-110.016
10288.83,-110.081
10289.51,-110.091
10290.18,-110.069
10290.85,-110.044
10291.53,-110.062
10292.20,-110.055
10292.87,-110.036
10293.54,-110.068
10294.22,-110.048
10294.89,-110.067
10295.56,-110.024
10296.24,-110.027
10296.91,-110.041
10297.58,-110.088
10298.25,-110.060
10298.93,-110.046
10299.60,-110.049
10300.27,-110.104
10300.95,-110.046
10301.62,-110.044
10302.29,-110.080
10302.96,-110.012
10303.64,-110.064
10304.31,-110.090
10304.98,-110.060
10305.66,-110.104
10306.33,-110.072
10307.00,-110.103
10307.68,-110.042
10308.35,-110.061
10309.02,-110.080
10309.69,-110.122
10310.37,-110.038
10311.04,-110.090
10311.71,-110.025
10312.39,-110.071
10313.06,-110.097
10313.73,-110.093
10314.40,-110.088
10315.08,-110.063
10315.75,-110.098
10316.42,-110.065
10317.10,-110.091
10317.77,-110.077
10318.44,-110.092
10319.11,-110.067
10319.79,-110.080
10320.46,-110.069
10321.13,-110.068
10321.81,-110.037
10322.48,-110.067
10323.15,-110.085
10323.83,-110.077
10324.50,-110.093
10325.17,-110.110
10325.84,-110.088
10326.52,-110.097
10327.19,-110.063
10327.86,-110.090
10328.54,-110.097
10329.21,-110.080
10329.88,-110.082
10330.55,-110.091
10331.23,-110.064
10331.90,-110.089
10332.57,-110.099
10333.25,-110.089
10333.92,-110.113
10334.59,-110.082
10335.26,-110.028
10335.94,-110.078
10336.61,-110.084
10337.28,-110.062
10337.96,-110.068
10338.63,-110.013
10339.30,-110.074
10339.97,-110.098
10340.65,-110.077
10341.32,-110.073
10341.99,-110.051
10342.67,-110.074
10343.34,-110.046
10344.01,-110.072
10344.69,-110.095
10345.36,-110.112
10346.03,-110.138
10346.70,-110.111
10347.38,-110.075
10348.05,-110.111
10348.72,-110.091
10349.40,-110.114
10350.07,-110.077
10350.74,-110.109
10351.41,-110.085
10352.09,-110.140
10352.76,-110.100
10353.43,-110.121
10354.11,-110.115
10354.78,-110.139
10355.45,-110.069
10356.12,-110.092
10356.80,-110.117
10357.47,-110.093
10358.14,-110.109
10358.82,-110.101
10359.49,-110.067
10360.16,-110.098
10360.84,-110.087
10361.51,-110.119
10362.18,-110.087
10362.85,-110.150
10363.53,-110.059
10364.20,-110.105
10364.87,-110.125
10365.55,-110.158
10366.22,-110.123
10366.89,-110.081
10367.56,-110.115
10368.24,-110.109
10368.91,-110.113
10369.58,-110.118
10370.26,-110.095
10370.93,-110.111
10371.60,-110.102
10372.27,-110.106
10372.95,-110.112
10373.62,-110.115
10374.29,-110.126
10374.97,-110.106
10375.64,-110.115
10376.31,-110.121
10376.99,-110.101
10377.66,-110.098
10378.33,-110.134
10379.00,-110.130
10379.68,-110.117
10380.35,-110.103
10381.02,-110.121
10381.70,-110.123
10382.37,-110.143
10383.04,-110.101
10383.71,-110.100
10384.39,-110.151
10385.06,-110.124
10385.73,-110.117
10386.41,-110.097
10387.08,-110.129
10387.75,-110.127
10388.42,-110.144
10389.10,-110.121
10389.77,-110.116
10390.44,-110.123
10391.12,-110.123
10391.79,-110.126
10392.46,-110.103
10393.14,-110.103
10393.81,-110.134
10394.48,-110.107
10395.15,-110.102
10395.83,-110.139
10396.50,-110.139
10397.17,-110.134
10397.85,-110.127
10398.52,-110.115
10399.19,-110.136
10399.86,-110.131
10400.54,-110.114
10401.21,-110.102
10401.88,-110.112
10402.56,-110.131
10403.23,-110.125
10403.90,-110.123
10404.57,-110.145
10405.25,-110.139
10405.92,-110.125
10406.59,-110.112
10407.27,-110.121
10407.94,-110.114
10408.61,-110.133
10409.28,-110.126
10409.96,-110.131
10410.63,-110.132
10411.30,-110.120
10411.98,-110.118
10412.65,-110.128
10413.32,-110.130
10414.00,-110.120
10414.67,-110.140
10415.34,-110.127
10416.01,-110.113
10416.69,-110.133
10417.36,-110.140
10418.03,-110.136
10418.71,-110.122
10419.38,-110.137
10420.05,-110.134
10420.72,-110.137
10421.40,-110.122
10422.07,-110.118
10422.74,-110.121
10423.42,-110.138
10424.09,-110.144
10424.76,-110.140
10425.43,-110.126
10426.11,-110.135
10426.78,-110.132
10427.45,-110.137
10428.13,-110.145
10428.80,-110.140
10429.47,-110.136
10430.15,-110.132
10430.82,-110.132
10431.49,-110.132
10432.16,-110.121
10432.84,-110.147
10433.51,-110.149
10434.18,-110.139
10434.86,-110.136
10435.53,-110.135
10436.20,-110.158
10436.87,-110.141
10437.55,-110.137
10438.22,-110.127
10438.89,-110.136
10439.57,-110.140
10440.24,-110.141
10440.91,-110.140
10441.58,-110.142
10442.26,-110.139
10442.93,-110.137
10443.60,-110.155
10444.28,-110.131
10444.95,-110.150
10445.62,-110.151
10446.30,-110.147
10446.97,-110.147
10447.64,-110.133
10448.31,-110.161
10448.99,-110.141
10449.66,-110.141
10450.33,-110.156
10451.01,-110.151
10451.68,-110.156
10452.35,-110.157
10453.02,-110.163
10453.70,-110.156
10454.37,-110.138
10455.04,-110.152
10455.72,-110.148
10456.39,-110.153
10457.06,-110.142
10457.73,-110.133
10458.41,-110.142
10459.08,-110.142
10459.75,-110.157
10460.43,-110.170
10461.10,-110.142
10461.77,-110.146
10462.45,-110.150
10463.12,-110.162
10463.79,-110.159
10464.46,-110.165
10465.14,-110.156
10465.81,-110.164
10466.48,-110.160
10467.16,-110.164
10467.83,-110.158
10468.50,-110.145
10469.17,-110.149
10469.85,-110.146
10470.52,-110.145
10471.19,-110.162
10471.87,-110.160
10472.54,-110.163
10473.21,-110.162
10473.88,-110.159
10474.56,-110.159
10475.23,-110.161
10475.90,-110.160
10476.58,-110.161
10477.25,-110.156
10477.92,-110.155
10478.59,-110.154
10479.27,-110.166
10479.94,-110.163
10480.61,-110.151
10481.29,-110.161
10481.96,-110.166
10482.63,-110.158
10483.31,-110.165
10483.98,-110.161
10484.65,-110.158
10485.32,-110.161
10486.00,-110.155
10486.67,-110.162
10487.34,-110.174
10488.02,-110.172
10488.69,-110.161
10489.36,-110.158
10490.03,-110.166
10490.71,-110.168
10491.38,-110.167
10492.05,-110.169
10492.73,-110.168
10493.40,-110.161
10494.07,-110.173
10494.74,-110.162
10495.42,-110.175
10496.09,-110.162
10496.76,-110.166
10497.44,-110.169
10498.11,-110.163
10498.78,-110.176
10499.46,-110.170
10500.13,-110.174
10500.80,-110.172
10501.47,-110.172
10502.15,-110.164
10502.82,-110.176
10503.49,-110.174
10504.17,-110.171
10504.84,-110.173
10505.51,-110.161
10506.18,-110.173
10506.86,-110.175
10507.53,-110.173
10508.20,-110.179
10508.88,-110.169
10509.55,-110.169
10510.22,-110.173
10510.89,-110.166
10511.57,-110.169
10512.24,-110.173
10512.91,-110.173
10513.59,-110.173
10514.26,-110.176
10514.93,-110.176
10515.61,-110.172
10516.28,-110.173
10516.95,-110.177
10517.62,-110.172
10518.30,-110.167
10518.97,-110.181
10519.64,-110.179
10520.32,-110.171
10520.99,-110.170
10521.66,-110.173
10522.33,-110.176
10523.01,-110.178
10523.68,-110.173
10524.35,-110.178
10525.03,-110.177
10525.70,-110.180
10526.37,-110.184
10527.04,-110.170
10527.72,-110.181
10528.39,-110.177
10529.06,-110.176
10529.74,-110.173
10530.41,-110.182
10531.08,-110.178
10531.76,-110.174
10532.43,-110.175
10533.10,-110.178
10533.77,-110.184
10534.45,-110.187
10535.12,-110.182
10535.79,-110.181
10536.47,-110.180
10537.14,-110.179
10537.81,-110.182
10538.48,-110.187
10539.16,-110.183
10539.83,-110.180
10540.50,-110.186
10541.18,-110.183
10541.85,-110.189
10542.52,-110.189
10543.19,-110.182
10543.87,-110.182
10544.54,-110.185
10545.21,-110.182
10545.89,-110.185
10546.56,-110.184
10547.23,-110.189
10547.90,-110.181
10548.58,-110.183
10549.25,-110.185
10549.92,-110.183
10550.60,-110.189
10551.27,-110.183
10551.94,-110.184
10552.62,-110.185
10553.29,-110.187
10553.96,-110.184
10554.63,-110.195
10555.31,-110.187
10555.98,-110.190
10556.65,-110.189
10557.33,-110.192
10558.00,-110.191
10558.67,-110.193
10559.34,-110.188
10560.02,-110.188
10560.69,-110.190
10561.36,-110.191
10562.04,-110.194
10562.71,-110.195
10563.38,-110.194
10564.05,-110.193
10564.73,-110.192
10565.40,-110.197
10566.07,-110.193
10566.75,-110.188
10567.42,-110.192
10568.09,-110.189
10568.77,-110.197
10569.44,-110.189
10570.11,-110.191
10570.78,-110.200
10571.46,-110.193
10572.13,-110.195
10572.80,-110.190
10573.48,-110.193
10574.15,-110.193
10574.82,-110.193
10575.49,-110.205
10576.17,-110.196
10576.84,-110.198
10577.51,-110.194
10578.19,-110.198
10578.86,-110.196
10579.53,-110.198
10580.20,-110.199
10580.88,-110.196
10581.55,-110.197
10582.22,-110.194
10582.90,-110.201
10583.57,-110.197
10584.24,-110.195
10584.92,-110.198
10585.59,-110.199
10586.26,-110.192
10586.93,-110.199
10587.61,-110.196
10588.28,-110.199
10588.95,-110.203
10589.63,-110.195
10590.30,-110.198
10590.97,-110.200
10591.64,-110.200
10592.32,-110.202
10592.99,-110.195
10593.66,-110.205
10594.34,-110.199
10595.01,-110.202
10595.68,-110.207
10596.35,-110.207
10597.03,-110.208
10597.70,-110.201
10598.37,-110.199
10599.05,-110.208
10599.72,-110.205
10600.39,-110.202
10601.07,-110.201
10601.74,-110.205
10602.41,-110.203
10603.08,-110.201
10603.76,-110.203
10604.43,-110.204
10605.10,-110.203
10605.78,-110.203
10606.45,-110.204
10607.12,-110.205
10607.79,-110.204
10608.47,-110.210
10609.14,-110.204
10609.81,-110.209
10610.49,-110.206
10611.16,-110.205
10611.83,-110.209
10612.50,-110.208
10613.18,-110.209
10613.85,-110.206
10614.52,-110.208
10615.20,-110.211
10615.87,-110.207
10616.54,-110.209
10617.21,-110.209
10617.89,-110.207
10618.56,-110.205
10619.23,-110.208
10619.91,-110.209
10620.58,-110.205
10621.25,-110.209
10621.93,-110.213
10622.60,-110.207
10623.27,-110.208
10623.94,-110.209
10624.62,-110.210
10625.29,-110.212
10625.96,-110.211
10626.64,-110.212
10627.31,-110.211
10627.98,-110.214
10628.65,-110.214
10629.33,-110.208
10630.00,-110.213
10630.67,-110.214
10631.35,-110.214
10632.02,-110.213
10632.69,-110.211
10633.36,-110.213
10634.04,-110.216
10634.71,-110.215
10635.38,-110.213
10636.06,-110.213
10636.73,-110.215
10637.40,-110.213
10638.08,-110.213
10638.75,-110.217
10639.42,-110.216
10640.09,-110.214
10640.77,-110.216
10641.44,-110.215
10642.11,-110.215
10642.79,-110.214
10643.46,-110.219
10644.13,-110.216
10644.80,-110.213
10645.48,-110.219
10646.15,-110.217
10646.82,-110.214
10647.50,-110.217
10648.17,-110.220
10648.84,-110.218
10649.51,-110.217
10650.19,-110.219
10650.86,-110.218
10651.53,-110.218
10652.21,-110.218
10652.88,-110.219
10653.55,-110.218
10654.23,-110.219
10654.90,-110.216
10655.57,-110.217
10656.24,-110.216
10656.92,-110.220
10657.59,-110.220
10658.26,-110.220
10658.94,-110.219
10659.61,-110.218
10660.28,-110.222
10660.95,-110.220
10661.63,-110.218
10662.30,-110.223
10662.97,-110.222
10663.65,-110.219
10664.32,-110.220
10664.99,-110.225
10665.66,-110.223
10666.34,-110.221
10667.01,-110.223
10667.68,-110.222
10668.36,-110.224
10669.03,-110.222
10669.70,-110.226
10670.38,-110.224
10671.05,-110.223
10671.72,-110.220
10672.39,-110.226
10673.07,-110.221
10673.74,-110.221
10674.41,-110.228
10675.09,-110.221
10675.76,-110.225
10676.43,-110.221
10677.10,-110.225
10677.78,-110.221
10678.45,-110.224
10679.12,-110.224
10679.80,-110.227
10680.47,-110.227
10681.14,-110.227
10681.81,-110.227
10682.49,-110.227
10683.16,-110.226
10683.83,-110.226
10684.51,-110.224
10685.18,-110.228
10685.85,-110.227
10686.52,-110.227
10687.20,-110.230
10687.87,-110.230
10688.54,-110.228
10689.22,-110.228
10689.89,-110.229
10690.56,-110.229
10691.24,-110.227
10691.91,-110.228
10692.58,-110.229
10693.25,-110.225
10693.93,-110.230
10694.60,-110.228
10695.27,-110.226
10695.95,-110.227
10696.62,-110.230
10697.29,-110.229
10697.96,-110.228
10698.64,-110.226
10699.31,-110.230
10699.98,-110.229
10700.66,-110.230
10701.33,-110.230
10702.00,-110.233
10702.67,-110.230
10703.35,-110.231
10704.02,-110.231
10704.69,-110.230
10705.37,-110.231
10706.04,-110.232
10706.71,-110.231
10707.39,-110.232
10708.06,-110.233
10708.73,-110.232
10709.40,-110.233
10710.08,-110.231
10710.75,-110.232
10711.42,-110.232
10712.10,-110.234
10712.77,-110.232
10713.44,-110.233
10714.11,-110.233
10714.79,-110.234
10715.46,-110.234
10716.13,-110.234
10716.81,-110.233
10717.48,-110.233
10718.15,-110.234
10718.82,-110.233
10719.50,-110.234
10720.17,-110.235
10720.84,-110.235
10721.52,-110.234
10722.19,-110.233
10722.86,-110.234
10723.54,-110.236
10724.21,-110.236
10724.88,-110.234
10725.55,-110.236
10726.23,-110.237
10726.90,-110.238
10727.57,-110.234
10728.25,-110.236
10728.92,-110.236
10729.59,-110.237
10730.26,-110.237
10730.94,-110.237
10731.61,-110.237
10732.28,-110.236
10732.96,-110.237
10733.63,-110.237
10734.30,-110.236
10734.97,-110.236
10735.65,-110.239
10736.32,-110.236
10736.99,-110.237
10737.67,-110.239
10738.34,-110.238
10739.01,-110.237
10739.69,-110.236
10740.36,-110.238
10741.03,-110.238
10741.70,-110.239
10742.38,-110.237
10743.05,-110.239
10743.72,-110.239
10744.40,-110.238
10745.07,-110.241
10745.74,-110.238
10746.41,-110.239
10747.09,-110.239
10747.76,-110.240
10748.43,-110.241
10749.11,-110.240
10749.78,-110.240
10750.45,-110.239
10751.12,-110.241
10751.80,-110.241
10752.47,-110.242
10753.14,-110.241
10753.82,-110.241
10754.49,-110.242
10755.16,-110.241
10755.83,-110.238
10756.51,-110.242
10757.18,-110.241
10757.85,-110.241
10758.53,-110.242
10759.20,-110.241
10759.87,-110.241
10760.55,-110.242
10761.22,-110.242
10761.89,-110.244
10762.56,-110.242
10763.24,-110.243
10763.91,-110.243
10764.58,-110.243
10765.26,-110.242
10765.93,-110.243
10766.60,-110.242
10767.27,-110.243
10767.95,-110.243
10768.62,-110.242
10769.29,-110.244
10769.97,-110.243
10770.64,-110.245
10771.31,-110.243
10771.98,-110.243
10772.66,-110.244
10773.33,-110.245
10774.00,-110.244
10774.68,-110.245
10775.35,-110.246
10776.02,-110.244
10776.70,-110.246
10777.37,-110.247
10778.04,-110.245
10778.71,-110.245
10779.39,-110.244
10780.06,-110.246
10780.73,-110.245
10781.41,-110.246
10782.08,-110.247
10782.75,-110.246
10783.42,-110.247
10784.10,-110.246
10784.77,-110.247
10785.44,-110.247
10786.12,-110.246
10786.79,-110.246
10787.46,-110.247
10788.13,-110.247
10788.81,-110.247
10789.48,-110.246
10790.15,-110.248
10790.83,-110.248
10791.50,-110.248
10792.17,-110.247
10792.85,-110.247
10793.52,-110.248
10794.19,-110.248
10794.86,-110.248
10795.54,-110.248
10796.21,-110.248
10796.88,-110.248
10797.56,-110.248
10798.23,-110.248
10798.90,-110.249
10799.57,-110.249
10800.25,-110.249
10800.92,-110.249
10801.59,-110.249
10802.27,-110.249
10802.94,-110.249
10803.61,-110.249
10804.28,-110.249
10804.96,-110.250
10805.63,-110.249
10806.30,-110.250
10806.98,-110.250
10807.65,-110.250
10808.32,-110.251
10809.00,-110.250
10809.67,-110.250
10810.34,-110.250
10811.01,-110.250
10811.69,-110.251
10812.36,-110.250
10813.03,-110.251
10813.71,-110.252
10814.38,-110.252
10815.05,-110.250
10815.72,-110.251
10816.40,-110.251
10817.07,-110.251
10817.74,-110.251
10818.42,-110.251
10819.09,-110.252
10819.76,-110.252
10820.43,-110.252
10821.11,-110.251
10821.78,-110.252
10822.45,-110.252
10823.13,-110.252
10823.80,-110.253
10824.47,-110.252
10825.14,-110.252
10825.82,-110.252
10826.49,-110.252
10827.16,-110.253
10827.84,-110.252
10828.51,-110.253
10829.18,-110.253
10829.86,-110.253
10830.53,-110.252
10831.20,-110.254
10831.87,-110.253
10832.55,-110.253
10833.22,-110.253
10833.89,-110.254
10834.57,-110.253
10835.24,-110.253
10835.91,-110.255
10836.58,-110.254
10837.26,-110.254
10837.93,-110.255
10838.60,-110.255
10839.28,-110.255
10839.95,-110.255
10840.62,-110.255
10841.29,-110.255
10841.97,-110.255
10842.64,-110.255
10843.31,-110.255
10843.99,-110.255
10844.66,-110.255
10845.33,-110.255
10846.01,-110.255
10846.68,-110.255
10847.35,-110.255
10848.02,-110.256
10848.70,-110.256
10849.37,-110.256
10850.04,-110.256
10850.72,-110.256
10851.39,-110.256
10852.06,-110.256
10852.73,-110.256
10853.41,-110.257
10854.08,-110.257
10854.75,-110.256
10855.43,-110.256
10856.10,-110.257
10856.77,-110.257
10857.44,-110.257
10858.12,-110.257
10858.79,-110.257
10859.46,-110.257
10860.14,-110.257
10860.81,-110.257
10861.48,-110.257
10862.16,-110.257
10862.83,-110.257
10863.50,-110.257
10864.17,-110.258
10864.85,-110.257
10865.52,-110.257
10866.19,-110.258
10866.87,-110.258
10867.54,-110.258
10868.21,-110.258
10868.88,-110.258
10869.56,-110.258
10870.23,-110.258
10870.90,-110.258
10871.58,-110.258
10872.25,-110.259
10872.92,-110.258
10873.59,-110.259
10874.27,-110.258
10874.94,-110.259
10875.61,-110.259
10876.29,-110.259
10876.96,-110.259
10877.63,-110.259
10878.31,-110.259
10878.98,-110.259
10879.65,-110.258
10880.32,-110.259
10881.00,-110.260
10881.67,-110.259
10882.34,-110.259
10883.02,-110.260
10883.69,-110.260
10884.36,-110.259
10885.03,-110.259
10885.71,-110.260
10886.38,-110.260
10887.05,-110.260
10887.73,-110.260
10888.40,-110.260
10889.07,-110.260
10889.74,-110.260
10890.42,-110.260
10891.09,-110.260
10891.76,-110.260
10892.44,-110.260
10893.11,-110.260
10893.78,-110.261
10894.45,-110.260
10895.13,-110.260
10895.80,-110.260
10896.47,-110.261
10897.15,-110.261
10897.82,-110.261
10898.49,-110.260
10899.17,-110.261
10899.84,-110.261
10900.51,-110.261
10901.18,-110.261
10901.86,-110.261
10902.53,-110.261
10903.20,-110.261
10903.88,-110.261
10904.55,-110.262
10905.22,-110.262
10905.89,-110.261
10906.57,-110.262
10907.24,-110.262
10907.91,-110.261
10908.59,-110.262
10909.26,-110.262
10909.93,-110.262
10910.60,-110.262
10911.28,-110.262
10911.95,-110.262
10912.62,-110.262
10913.30,-110.262
10913.97,-110.263
10914.64,-110.262
10915.32,-110.262
10915.99,-110.262
10916.66,-110.262
10917.33,-110.263
10918.01,-110.262
10918.68,-110.262
10919.35,-110.262
10920.03,-110.262
10920.70,-110.262
10921.37,-110.263
10922.04,-110.263
10922.72,-110.263
10923.39,-110.263
10924.06,-110.263
10924.74,-110.263
10925.41,-110.263
10926.08,-110.263
10926.75,-110.263
10927.43,-110.263
10928.10,-110.263
10928.77,-110.263
10929.45,-110.263
10930.12,-110.263
10930.79,-110.263
10931.47,-110.264
10932.14,-110.263
10932.81,-110.263
10933.48,-110.263
10934.16,-110.263
10934.83,-110.264
10935.50,-110.264
10936.18,-110.264
10936.85,-110.263
10937.52,-110.264
10938.19,-110.264
10938.87,-110.264
10939.54,-110.264
10940.21,-110.264
10940.89,-110.264
10941.56,-110.264
10942.23,-110.264
10942.90,-110.264
10943.58,-110.264
10944.25,-110.264
10944.92,-110.264
10945.60,-110.264
10946.27,-110.264
10946.94,-110.264
10947.62,-110.264
10948.29,-110.264
10948.96,-110.264
10949.63,-110.264
10950.31,-110.264
10950.98,-110.265
10951.65,-110.265
10952.33,-110.265
10953.00,-110.264
10953.67,-110.265
10954.34,-110.265
10955.02,-110.265
10955.69,-110.264
10956.36,-110.265
10957.04,-110.265
10957.71,-110.265
10958.38,-110.265
10959.05,-110.265
10959.73,-110.265
10960.40,-110.265
10961.07,-110.265
10961.75,-110.265
10962.42,-110.265
10963.09,-110.265
10963.76,-110.265
10964.44,-110.265
10965.11,-110.265
10965.78,-110.265
10966.46,-110.265
10967.13,-110.265
10967.80,-110.265
10968.48,-110.265
10969.15,-110.265
10969.82,-110.265
10970.49,-110.265
10971.17,-110.265
10971.84,-110.265
10972.51,-110.265
10973.19,-110.265
10973.86,-110.266
10974.53,-110.266
10975.20,-110.265
10975.88,-110.265
10976.55,-110.265
10977.22,-110.265
10977.90,-110.266
10978.57,-110.265
10979.24,-110.266
10979.91,-110.266
10980.59,-110.266
10981.26,-110.266
10981.93,-110.266
10982.61,-110.266
10983.28,-110.266
10983.95,-110.266
10984.63,-110.266
10985.30,-110.266
10985.97,-110.266
10986.64,-110.266
10987.32,-110.266
10987.99,-110.266
10988.66,-110.266
10989.34,-110.266
10990.01,-110.266
10990.68,-110.266
10991.35,-110.266
10992.03,-110.266
10992.70,-110.266
10993.37,-110.266
10994.05,-110.266
10994.72,-110.266
10995.39,-110.266
10996.06,-110.266
10996.74,-110.266
10997.41,-110.266
10998.08,-110.266
10998.76,-110.266
10999.43,-110.266
11000.10,-110.266
11000.78,-110.266
11001.45,-110.266
11002.12,-110.266
11002.79,-110.266
11003.47,-110.266
11004.14,-110.266
11004.81,-110.266
11005.49,-110.266
11006.16,-110.266
11006.83,-110.266
11007.50,-110.266
11008.18,-110.266
11008.85,-110.266
11009.52,-110.266
11010.20,-110.266
11010.87,-110.266
11011.54,-110.266
11012.21,-110.266
11012.89,-110.266
11013.56,-110.266
11014.23,-110.266
11014.91,-110.266
11015.58,-110.266
11016.25,-110.267
11016.93,-110.266
11017.60,-110.266
11018.27,-110.266
11018.94,-110.266
11019.62,-110.267
11020.29,-110.266
11020.96,-110.266
11021.64,-110.266
11022.31,-110.266
11022.98,-110.266
11023.65,-110.266
11024.33,-110.266
11025.00,-112.838
