Frequency (Hz),FFT Magnitude (dB)
0.00,-120.000
0.49,-94.601
0.98,-94.724
1.46,-94.199
1.95,-93.581
2.44,-94.277
2.93,-93.607
3.42,-93.385
3.91,-92.661
4.39,-91.296
4.88,-90.637
5.37,-88.981
5.86,-89.576
6.35,-89.481
6.84,-91.128
7.32,-90.563
7.81,-90.961
8.30,-88.559
8.79,-87.747
9.28,-86.767
9.77,-84.778
10.25,-84.660
10.74,-80.495
11.23,-83.305
11.72,-84.296
12.21,-84.235
12.70,-84.414
13.18,-80.977
13.67,-79.442
14.16,-83.638
14.65,-80.920
15.14,-77.384
15.62,-78.278
16.11,-77.089
16.60,-84.089
17.09,-84.853
17.58,-83.789
18.07,-82.277
18.55,-82.725
19.04,-82.268
19.53,-82.140
20.02,-81.657
20.51,-78.654
21.00,-84.640
21.48,-82.771
21.97,-82.996
22.46,-82.380
22.95,-82.881
23.44,-81.502
23.93,-80.911
24.41,-80.906
24.90,-79.497
25.39,-79.242
25.88,-79.232
26.37,-72.999
26.86,-74.338
27.34,-75.186
27.83,-76.430
28.32,-72.257
28.81,-62.158
29.30,-70.646
29.79,-63.954
30.27,-74.388
30.76,-74.982
31.25,-74.764
31.74,-64.044
32.23,-73.751
32.71,-74.325
33.20,-72.850
33.69,-72.174
34.18,-68.557
34.67,-60.807
35.16,-69.377
35.64,-72.427
36.13,-72.952
36.62,-74.182
37.11,-76.273
37.60,-71.761
38.09,-68.556
38.57,-62.332
39.06,-61.700
39.55,-68.792
40.04,-72.289
40.53,-75.613
41.02,-74.955
41.50,-74.919
41.99,-75.009
42.48,-75.463
42.97,-71.608
43.46,-72.067
43.95,-74.392
44.43,-74.053
44.92,-73.580
45.41,-73.372
45.90,-76.688
46.39,-78.382
46.88,-76.275
47.36,-75.949
47.85,-73.844
48.34,-76.517
48.83,-75.716
49.32,-73.946
49.80,-74.160
50.29,-70.462
50.78,-70.443
51.27,-71.892
51.76,-66.314
52.25,-70.897
52.73,-73.257
53.22,-75.021
53.71,-75.280
54.20,-75.667
54.69,-73.937
55.18,-75.856
55.66,-76.749
56.15,-76.397
56.64,-76.259
57.13,-77.319
57.62,-72.444
58.11,-71.599
58.59,-67.831
59.08,-69.583
59.57,-69.389
60.06,-74.009
60.55,-75.574
61.04,-76.363
61.52,-73.913
62.01,-76.354
62.50,-76.965
62.99,-77.793
63.48,-68.283
63.96,-76.349
64.45,-76.076
64.94,-75.809
65.43,-75.352
65.92,-76.214
66.41,-75.606
66.89,-75.907
67.38,-75.111
67.87,-73.108
68.36,-70.703
68.85,-71.906
69.34,-70.024
69.82,-72.511
70.31,-71.263
70.80,-75.228
71.29,-75.766
71.78,-74.260
72.27,-74.547
72.75,-74.290
73.24,-76.425
73.73,-75.142
74.22,-77.632
74.71,-77.949
75.20,-75.693
75.68,-76.278
76.17,-76.519
76.66,-77.521
77.15,-76.290
77.64,-76.762
78.12,-77.192
78.61,-76.299
79.10,-76.568
79.59,-73.507
80.08,-74.927
80.57,-74.675
81.05,-74.870
81.54,-74.179
82.03,-73.685
82.52,-75.346
83.01,-77.310
83.50,-76.889
83.98,-76.819
84.47,-76.381
84.96,-76.778
85.45,-76.713
85.94,-77.181
86.43,-76.346
86.91,-76.096
87.40,-75.364
87.89,-75.226
88.38,-77.297
88.87,-68.668
89.36,-75.048
89.84,-74.062
90.33,-74.893
90.82,-74.928
91.31,-74.172
91.80,-74.339
92.29,-74.919
92.77,-75.749
93.26,-71.158
93.75,-66.002
94.24,-76.217
94.73,-75.576
95.21,-75.104
95.70,-76.204
96.19,-77.495
96.68,-77.057
97.17,-75.183
97.66,-76.493
98.14,-77.234
98.63,-75.888
99.12,-75.454
99.61,-76.344
100.10,-76.940
100.59,-76.172
101.07,-77.159
101.56,-73.759
102.05,-74.510
102.54,-73.932
103.03,-73.024
103.52,-72.360
104.00,-71.851
104.49,-70.895
104.98,-72.348
105.47,-72.056
105.96,-72.807
106.45,-67.073
106.93,-71.843
107.42,-71.688
107.91,-72.575
108.40,-72.552
108.89,-71.083
109.38,-74.016
109.86,-72.425
110.35,-74.040
110.84,-71.539
111.33,-71.084
111.82,-70.149
112.30,-70.274
112.79,-65.915
113.28,-67.585
113.77,-68.270
114.26,-70.348
114.75,-70.970
115.23,-70.751
115.72,-71.623
116.21,-69.358
116.70,-70.179
117.19,-69.683
117.68,-69.223
118.16,-68.542
118.65,-64.067
119.14,-63.468
119.63,-58.421
120.12,-44.332
120.61,-61.196
121.09,-65.638
121.58,-67.298
122.07,-64.412
122.56,-65.345
123.05,-68.904
123.54,-70.635
124.02,-72.723
124.51,-73.491
125.00,-73.878
125.49,-72.831
125.98,-72.697
126.46,-72.694
126.95,-72.758
127.44,-71.900
127.93,-65.489
128.42,-69.346
128.91,-70.332
129.39,-71.861
129.88,-69.287
130.37,-68.502
130.86,-67.924
131.35,-64.849
131.84,-63.079
132.32,-59.158
132.81,-46.453
133.30,-53.725
133.79,-56.638
134.28,-64.173
134.77,-66.443
135.25,-68.007
135.74,-69.741
136.23,-70.819
136.72,-72.526
137.21,-71.017
137.70,-70.669
138.18,-72.119
138.67,-70.077
139.16,-69.297
139.65,-70.284
140.14,-71.340
140.62,-69.773
141.11,-70.035
141.60,-69.996
142.09,-70.712
142.58,-71.207
143.07,-70.233
143.55,-69.769
144.04,-70.487
144.53,-70.403
145.02,-70.493
145.51,-70.338
146.00,-70.104
146.48,-68.212
146.97,-69.741
147.46,-68.990
147.95,-69.107
148.44,-62.666
148.93,-66.506
149.41,-67.200
149.90,-67.843
150.39,-66.863
150.88,-66.093
151.37,-65.657
151.86,-67.151
152.34,-65.889
152.83,-64.711
153.32,-67.320
153.81,-67.230
154.30,-66.379
154.79,-68.316
155.27,-67.513
155.76,-69.132
156.25,-69.998
156.74,-70.481
157.23,-70.589
157.71,-70.057
158.20,-69.507
158.69,-70.830
159.18,-65.969
159.67,-60.457
160.16,-68.854
160.64,-70.925
161.13,-70.333
161.62,-70.592
162.11,-70.875
162.60,-72.434
163.09,-73.448
163.57,-70.392
164.06,-70.644
164.55,-69.937
165.04,-69.864
165.53,-70.136
166.02,-71.497
166.50,-72.392
166.99,-71.384
167.48,-71.618
167.97,-70.876
168.46,-71.720
168.95,-72.244
169.43,-74.237
169.92,-71.818
170.41,-73.564
170.90,-72.069
171.39,-72.105
171.88,-72.828
172.36,-72.559
172.85,-72.347
173.34,-71.230
173.83,-73.942
174.32,-75.183
174.80,-74.727
175.29,-74.638
175.78,-76.358
176.27,-76.194
176.76,-76.432
177.25,-74.549
177.73,-73.605
178.22,-73.225
178.71,-73.143
179.20,-72.608
179.69,-72.931
180.18,-75.250
180.66,-76.071
181.15,-75.523
181.64,-75.528
182.13,-75.669
182.62,-74.941
183.11,-77.267
183.59,-76.976
184.08,-76.066
184.57,-74.196
185.06,-72.615
185.55,-73.588
186.04,-70.970
186.52,-72.995
187.01,-71.156
187.50,-73.383
187.99,-73.547
188.48,-74.863
188.96,-72.685
189.45,-73.532
189.94,-72.860
190.43,-72.094
190.92,-74.372
191.41,-75.620
191.89,-73.502
192.38,-72.681
192.87,-75.184
193.36,-77.039
193.85,-77.657
194.34,-76.052
194.82,-76.878
195.31,-77.353
195.80,-76.870
196.29,-77.281
196.78,-77.339
197.27,-75.181
197.75,-78.072
198.24,-77.692
198.73,-77.885
199.22,-78.033
199.71,-73.715
200.20,-78.193
200.68,-79.412
201.17,-79.368
201.66,-79.835
202.15,-78.136
202.64,-79.174
203.12,-77.579
203.61,-76.212
204.10,-77.161
204.59,-77.535
205.08,-76.576
205.57,-77.354
206.05,-77.538
206.54,-77.200
207.03,-78.025
207.52,-75.676
208.01,-62.102
208.50,-77.381
208.98,-77.431
209.47,-76.396
209.96,-76.420
210.45,-77.476
210.94,-79.353
211.43,-77.175
211.91,-77.827
212.40,-76.784
212.89,-74.744
213.38,-73.971
213.87,-75.702
214.36,-74.874
214.84,-76.598
215.33,-75.808
215.82,-77.321
216.31,-77.749
216.80,-78.169
217.29,-78.558
217.77,-79.921
218.26,-80.040
218.75,-80.370
219.24,-79.986
219.73,-78.963
220.21,-78.384
220.70,-76.472
221.19,-76.896
221.68,-76.437
222.17,-76.703
222.66,-76.401
223.14,-76.825
223.63,-77.396
224.12,-78.519
224.61,-78.826
225.10,-77.281
225.59,-77.900
226.07,-76.856
226.56,-74.891
227.05,-78.886
227.54,-79.608
228.03,-80.166
228.52,-80.045
229.00,-79.803
229.49,-78.518
229.98,-77.312
230.47,-77.752
230.96,-77.327
231.45,-78.731
231.93,-78.698
232.42,-77.450
232.91,-80.797
233.40,-78.577
233.89,-78.195
234.38,-78.475
234.86,-80.392
235.35,-78.413
235.84,-77.431
236.33,-78.495
236.82,-77.572
237.30,-76.046
237.79,-75.319
238.28,-73.008
238.77,-72.467
239.26,-65.174
239.75,-67.183
240.23,-61.791
240.72,-71.547
241.21,-75.310
241.70,-74.038
242.19,-73.633
242.68,-75.088
243.16,-75.288
243.65,-77.331
244.14,-79.417
244.63,-78.407
245.12,-78.407
245.61,-80.020
246.09,-79.396
246.58,-78.801
247.07,-79.411
247.56,-78.681
248.05,-78.916
248.54,-78.566
249.02,-77.658
249.51,-77.006
250.00,-76.253
250.49,-75.978
250.98,-75.300
251.46,-76.469
251.95,-74.832
252.44,-76.123
252.93,-70.581
253.42,-76.284
253.91,-75.520
254.39,-78.012
254.88,-77.580
255.37,-78.551
255.86,-77.826
256.35,-78.597
256.84,-79.619
257.32,-81.059
257.81,-79.719
258.30,-79.742
258.79,-80.446
259.28,-80.572
259.77,-80.946
260.25,-79.698
260.74,-80.533
261.23,-79.590
261.72,-81.133
262.21,-82.397
262.70,-81.251
263.18,-81.879
263.67,-81.366
264.16,-83.107
264.65,-82.321
265.14,-82.703
265.62,-78.629
266.11,-77.718
266.60,-80.305
267.09,-77.108
267.58,-78.492
268.07,-82.761
268.55,-83.157
269.04,-82.791
269.53,-83.427
270.02,-82.277
270.51,-82.223
271.00,-82.263
271.48,-80.675
271.97,-80.551
272.46,-82.751
272.95,-81.423
273.44,-84.660
273.93,-84.697
274.41,-83.767
274.90,-83.262
275.39,-83.220
275.88,-82.547
276.37,-83.226
276.86,-82.764
277.34,-82.116
277.83,-82.069
278.32,-82.076
278.81,-80.380
279.30,-77.073
279.79,-75.332
280.27,-80.135
280.76,-84.013
281.25,-82.178
281.74,-82.406
282.23,-83.590
282.71,-83.422
283.20,-83.597
283.69,-84.358
284.18,-83.234
284.67,-84.303
285.16,-85.327
285.64,-84.744
286.13,-84.554
286.62,-84.632
287.11,-85.115
287.60,-83.602
288.09,-83.323
288.57,-83.811
289.06,-82.157
289.55,-81.865
290.04,-85.281
290.53,-84.270
291.02,-84.013
291.50,-84.967
291.99,-83.913
292.48,-81.114
292.97,-82.269
293.46,-82.379
293.95,-82.679
294.43,-84.187
294.92,-84.042
295.41,-81.035
295.90,-82.477
296.39,-81.280
296.88,-81.094
297.36,-82.463
297.85,-82.920
298.34,-83.355
298.83,-82.848
299.32,-83.221
299.80,-81.924
300.29,-83.014
300.78,-81.269
301.27,-82.615
301.76,-81.292
302.25,-80.897
302.73,-83.330
303.22,-82.247
303.71,-82.791
304.20,-80.530
304.69,-81.807
305.18,-81.795
305.66,-82.484
306.15,-82.302
306.64,-83.250
307.13,-82.930
307.62,-82.154
308.11,-82.204
308.59,-82.994
309.08,-82.278
309.57,-81.613
310.06,-81.704
310.55,-83.255
311.04,-83.181
311.52,-81.621
312.01,-83.450
312.50,-83.240
312.99,-83.432
313.48,-84.392
313.96,-84.493
314.45,-84.198
314.94,-84.079
315.43,-84.897
315.92,-85.078
316.41,-84.217
316.89,-84.024
317.38,-83.747
317.87,-83.806
318.36,-83.895
318.85,-83.384
319.34,-84.020
319.82,-84.027
320.31,-84.650
320.80,-84.616
321.29,-84.552
321.78,-83.459
322.27,-84.790
322.75,-84.621
323.24,-84.596
323.73,-84.651
324.22,-84.030
324.71,-85.123
325.20,-83.207
325.68,-83.381
326.17,-85.013
326.66,-84.130
327.15,-83.250
327.64,-84.622
328.12,-85.613
328.61,-84.207
329.10,-84.089
329.59,-85.814
330.08,-81.936
330.57,-83.627
331.05,-83.202
331.54,-82.495
332.03,-82.229
332.52,-83.701
333.01,-83.801
333.50,-83.709
333.98,-83.697
334.47,-84.853
334.96,-83.293
335.45,-83.364
335.94,-84.752
336.43,-84.605
336.91,-83.298
337.40,-85.862
337.89,-82.363
338.38,-84.708
338.87,-84.671
339.36,-84.137
339.84,-84.566
340.33,-85.500
340.82,-85.102
341.31,-84.369
341.80,-84.948
342.29,-86.356
342.77,-85.914
343.26,-85.324
343.75,-85.703
344.24,-84.744
344.73,-86.398
345.21,-85.922
345.70,-82.530
346.19,-85.213
346.68,-85.079
347.17,-83.999
347.66,-84.022
348.14,-85.058
348.63,-83.236
349.12,-84.454
349.61,-83.223
350.10,-84.095
350.59,-83.833
351.07,-83.637
351.56,-83.217
352.05,-85.575
352.54,-84.510
353.03,-84.912
353.52,-82.461
354.00,-83.495
354.49,-84.269
354.98,-83.540
355.47,-83.089
355.96,-84.145
356.45,-76.934
356.93,-81.551
357.42,-83.241
357.91,-83.770
358.40,-83.898
358.89,-82.619
359.38,-80.011
359.86,-80.097
360.35,-78.591
360.84,-75.616
361.33,-79.555
361.82,-82.637
362.30,-84.576
362.79,-82.129
363.28,-82.310
363.77,-82.207
364.26,-81.026
364.75,-81.846
365.23,-81.252
365.72,-81.979
366.21,-80.886
366.70,-79.338
367.19,-80.937
367.68,-79.880
368.16,-81.502
368.65,-82.141
369.14,-80.905
369.63,-81.315
370.12,-81.782
370.61,-82.807
371.09,-81.188
371.58,-81.615
372.07,-76.383
372.56,-78.127
373.05,-80.292
373.54,-81.303
374.02,-82.254
374.51,-83.093
375.00,-82.817
375.49,-83.791
375.98,-83.988
376.46,-84.630
376.95,-82.647
377.44,-84.295
377.93,-83.794
378.42,-83.243
378.91,-82.051
379.39,-81.962
379.88,-81.700
380.37,-79.992
380.86,-81.879
381.35,-81.478
381.84,-80.468
382.32,-79.468
382.81,-80.688
383.30,-81.301
383.79,-80.110
384.28,-82.336
384.77,-84.384
385.25,-82.594
385.74,-83.655
386.23,-82.396
386.72,-81.078
387.21,-83.212
387.70,-82.321
388.18,-84.457
388.67,-85.003
389.16,-83.141
389.65,-82.839
390.14,-82.597
390.62,-82.606
391.11,-83.021
391.60,-83.001
392.09,-82.178
392.58,-80.156
393.07,-81.359
393.55,-81.219
394.04,-79.911
394.53,-81.096
395.02,-81.163
395.51,-79.919
396.00,-79.003
396.48,-78.517
396.97,-78.129
397.46,-77.057
397.95,-78.275
398.44,-76.739
398.93,-69.237
399.41,-79.370
399.90,-80.559
400.39,-82.178
400.88,-83.817
401.37,-82.275
401.86,-82.377
402.34,-83.958
402.83,-83.046
403.32,-84.227
403.81,-86.248
404.30,-84.879
404.79,-82.889
405.27,-83.957
405.76,-84.730
406.25,-83.256
406.74,-84.621
407.23,-83.379
407.71,-82.960
408.20,-82.037
408.69,-82.909
409.18,-83.409
409.67,-84.120
410.16,-83.792
410.64,-81.938
411.13,-82.611
411.62,-84.317
412.11,-84.972
412.60,-84.529
413.09,-84.111
413.57,-81.649
414.06,-82.435
414.55,-83.234
415.04,-82.862
415.53,-82.473
416.02,-80.935
416.50,-83.169
416.99,-83.328
417.48,-80.869
417.97,-82.482
418.46,-81.904
418.95,-81.408
419.43,-80.834
419.92,-80.893
420.41,-81.410
420.90,-81.698
421.39,-80.311
421.88,-82.650
422.36,-82.743
422.85,-79.519
423.34,-81.601
423.83,-81.950
424.32,-81.109
424.80,-81.584
425.29,-80.327
425.78,-80.689
426.27,-80.205
426.76,-79.344
427.25,-79.813
427.73,-79.128
428.22,-79.525
428.71,-80.141
429.20,-80.270
429.69,-81.240
430.18,-82.520
430.66,-80.913
431.15,-80.833
431.64,-79.411
432.13,-79.489
432.62,-79.849
433.11,-80.806
433.59,-80.544
434.08,-79.458
434.57,-78.447
435.06,-78.330
435.55,-78.664
436.04,-77.934
436.52,-78.466
437.01,-78.123
437.50,-79.064
437.99,-79.303
438.48,-77.836
438.96,-79.414
439.45,-78.228
439.94,-77.625
440.43,-80.327
440.92,-78.398
441.41,-79.496
441.89,-78.597
442.38,-78.192
442.87,-78.567
443.36,-79.718
443.85,-76.973
444.34,-78.557
444.82,-78.671
445.31,-78.026
445.80,-77.829
446.29,-78.548
446.78,-77.680
447.27,-78.490
447.75,-79.800
448.24,-80.030
448.73,-80.052
449.22,-78.701
449.71,-79.262
450.20,-80.504
450.68,-78.122
451.17,-79.585
451.66,-79.341
452.15,-77.553
452.64,-78.678
453.12,-77.858
453.61,-78.394
454.10,-78.324
454.59,-78.512
455.08,-78.131
455.57,-77.228
456.05,-77.832
456.54,-76.917
457.03,-75.621
457.52,-76.817
458.01,-77.653
458.50,-77.518
458.98,-78.002
459.47,-76.617
459.96,-75.010
460.45,-77.910
460.94,-77.175
461.43,-75.660
461.91,-75.225
462.40,-75.963
462.89,-76.941
463.38,-76.196
463.87,-76.331
464.36,-75.510
464.84,-75.902
465.33,-77.799
465.82,-77.440
466.31,-76.836
466.80,-77.705
467.29,-77.184
467.77,-77.506
468.26,-76.502
468.75,-75.891
469.24,-75.357
469.73,-75.579
470.21,-76.328
470.70,-74.423
471.19,-74.043
471.68,-75.691
472.17,-74.888
472.66,-76.969
473.14,-76.803
473.63,-74.916
474.12,-75.834
474.61,-75.609
475.10,-72.988
475.59,-74.722
476.07,-74.878
476.56,-76.165
477.05,-77.509
477.54,-76.271
478.03,-75.453
478.52,-74.652
479.00,-75.563
479.49,-75.109
479.98,-76.755
480.47,-74.396
480.96,-75.629
481.45,-75.803
481.93,-75.204
482.42,-74.373
482.91,-75.186
483.40,-75.458
483.89,-73.345
484.38,-72.057
484.86,-72.515
485.35,-72.832
485.84,-72.605
486.33,-73.293
486.82,-74.355
487.30,-75.123
487.79,-74.821
488.28,-72.807
488.77,-74.331
489.26,-75.280
489.75,-75.154
490.23,-74.306
490.72,-73.958
491.21,-74.488
491.70,-73.236
492.19,-72.568
492.68,-74.148
493.16,-73.336
493.65,-73.243
494.14,-71.573
494.63,-71.212
495.12,-71.575
495.61,-73.717
496.09,-72.393
496.58,-72.526
497.07,-72.656
497.56,-73.529
498.05,-74.447
498.54,-73.170
499.02,-72.976
499.51,-72.262
500.00,-72.952
500.49,-71.953
500.98,-73.267
501.46,-72.626
501.95,-71.109
502.44,-72.345
502.93,-71.335
503.42,-71.182
503.91,-70.063
504.39,-71.049
504.88,-72.332
505.37,-72.404
505.86,-73.455
506.35,-71.598
506.84,-71.129
507.32,-72.562
507.81,-72.089
508.30,-72.395
508.79,-70.137
509.28,-72.384
509.77,-72.488
510.25,-70.360
510.74,-71.884
511.23,-70.819
511.72,-72.464
512.21,-71.732
512.70,-72.291
513.18,-70.295
513.67,-71.382
514.16,-72.639
514.65,-70.813
515.14,-72.994
515.62,-71.507
516.11,-71.320
516.60,-73.020
517.09,-72.230
517.58,-73.076
518.07,-73.045
518.55,-73.968
519.04,-73.672
519.53,-72.897
520.02,-74.536
520.51,-72.680
521.00,-72.971
521.48,-71.950
521.97,-73.507
522.46,-73.969
522.95,-72.498
523.44,-73.980
523.93,-73.019
524.41,-74.188
524.90,-72.929
525.39,-72.509
525.88,-75.054
526.37,-72.144
526.86,-74.007
527.34,-73.906
527.83,-72.928
528.32,-73.595
528.81,-75.554
529.30,-74.254
529.79,-74.277
530.27,-72.653
530.76,-71.387
531.25,-66.234
531.74,-57.508
532.23,-64.977
532.71,-70.952
533.20,-73.266
533.69,-72.832
534.18,-74.515
534.67,-72.604
535.16,-74.168
535.64,-74.000
536.13,-75.576
536.62,-73.838
537.11,-75.073
537.60,-74.999
538.09,-75.188
538.57,-73.720
539.06,-73.935
539.55,-75.308
540.04,-74.621
540.53,-75.144
541.02,-75.184
541.50,-73.593
541.99,-77.469
542.48,-76.560
542.97,-72.856
543.46,-75.482
543.95,-74.651
544.43,-74.432
544.92,-74.065
545.41,-74.347
545.90,-76.401
546.39,-76.612
546.88,-76.856
547.36,-75.653
547.85,-75.739
548.34,-75.580
548.83,-76.838
549.32,-76.231
549.80,-77.952
550.29,-78.069
550.78,-78.708
551.27,-77.991
551.76,-74.778
552.25,-77.800
552.73,-76.132
553.22,-76.421
553.71,-76.693
554.20,-75.727
554.69,-77.557
555.18,-78.152
555.66,-77.300
556.15,-75.732
556.64,-76.761
557.13,-78.395
557.62,-76.447
558.11,-75.911
558.59,-77.854
559.08,-77.414
559.57,-76.748
560.06,-76.796
560.55,-78.940
561.04,-78.222
561.52,-78.949
562.01,-77.411
562.50,-79.391
562.99,-78.668
563.48,-77.003
563.96,-78.951
564.45,-76.659
564.94,-76.633
565.43,-77.043
565.92,-78.651
566.41,-76.754
566.89,-79.050
567.38,-78.007
567.87,-78.862
568.36,-78.104
568.85,-78.873
569.34,-80.086
569.82,-78.324
570.31,-80.280
570.80,-78.993
571.29,-78.718
571.78,-79.100
572.27,-77.895
572.75,-79.340
573.24,-79.707
573.73,-79.285
574.22,-81.264
574.71,-79.982
575.20,-80.012
575.68,-80.396
576.17,-80.477
576.66,-82.350
577.15,-82.399
577.64,-80.734
578.12,-79.557
578.61,-81.827
579.10,-81.293
579.59,-80.100
580.08,-81.379
580.57,-80.487
581.05,-78.526
581.54,-78.363
582.03,-79.664
582.52,-81.115
583.01,-80.235
583.50,-81.357
583.98,-81.037
584.47,-80.299
584.96,-77.528
585.45,-82.196
585.94,-80.267
586.43,-80.246
586.91,-82.300
587.40,-79.411
587.89,-81.517
588.38,-80.093
588.87,-81.647
589.36,-82.396
589.84,-82.443
590.33,-82.722
590.82,-81.360
591.31,-81.985
591.80,-81.919
592.29,-81.260
592.77,-79.542
593.26,-78.893
593.75,-81.787
594.24,-81.266
594.73,-81.561
595.21,-81.528
595.70,-80.891
596.19,-80.523
596.68,-81.999
597.17,-81.969
597.66,-81.461
598.14,-82.275
598.63,-81.301
599.12,-83.202
599.61,-80.805
600.10,-81.430
600.59,-82.099
601.07,-82.677
601.56,-82.456
602.05,-83.293
602.54,-83.197
603.03,-82.255
603.52,-81.305
604.00,-83.059
604.49,-82.764
604.98,-81.982
605.47,-82.918
605.96,-83.604
606.45,-82.120
606.93,-82.644
607.42,-84.990
607.91,-83.484
608.40,-84.230
608.89,-82.414
609.38,-82.504
609.86,-81.581
610.35,-84.107
610.84,-81.874
611.33,-78.604
611.82,-78.483
612.30,-81.176
612.79,-83.646
613.28,-83.878
613.77,-84.736
614.26,-85.230
614.75,-82.516
615.23,-83.439
615.72,-84.859
616.21,-84.189
616.70,-83.270
617.19,-82.615
617.68,-83.103
618.16,-84.529
618.65,-85.407
619.14,-83.992
619.63,-83.863
620.12,-83.721
620.61,-82.899
621.09,-84.068
621.58,-83.520
622.07,-84.053
622.56,-84.054
623.05,-83.309
623.54,-84.418
624.02,-84.994
624.51,-84.668
625.00,-83.290
625.49,-83.376
625.98,-83.167
626.46,-84.855
626.95,-83.614
627.44,-83.149
627.93,-84.044
628.42,-84.104
628.91,-82.932
629.39,-83.037
629.88,-83.934
630.37,-83.975
630.86,-84.086
631.35,-84.315
631.84,-83.614
632.32,-85.855
632.81,-85.267
633.30,-84.379
633.79,-83.671
634.28,-83.404
634.77,-82.500
635.25,-83.036
635.74,-84.197
636.23,-85.366
636.72,-83.379
637.21,-83.172
637.70,-84.604
638.18,-82.125
638.67,-84.569
639.16,-82.907
639.65,-81.764
640.14,-83.954
640.62,-82.914
641.11,-83.322
641.60,-84.443
642.09,-85.104
642.58,-85.184
643.07,-83.380
643.55,-85.247
644.04,-85.551
644.53,-84.920
645.02,-84.190
645.51,-83.024
646.00,-86.911
646.48,-85.722
646.97,-84.696
647.46,-84.097
647.95,-86.389
648.44,-84.942
648.93,-84.395
649.41,-84.629
649.90,-84.134
650.39,-84.434
650.88,-86.251
651.37,-85.253
651.86,-84.790
652.34,-83.508
652.83,-85.765
653.32,-83.785
653.81,-83.379
654.30,-86.240
654.79,-83.502
655.27,-84.322
655.76,-84.059
656.25,-83.845
656.74,-86.305
657.23,-84.652
657.71,-83.905
658.20,-85.268
658.69,-86.342
659.18,-85.355
659.67,-86.726
660.16,-85.299
660.64,-84.010
661.13,-84.409
661.62,-84.212
662.11,-84.052
662.60,-83.777
663.09,-84.921
663.57,-82.152
664.06,-78.544
664.55,-69.924
665.04,-71.506
665.53,-78.789
666.02,-82.777
666.50,-82.743
666.99,-83.752
667.48,-84.641
667.97,-83.329
668.46,-84.473
668.95,-85.613
669.43,-85.842
669.92,-85.321
670.41,-86.424
670.90,-84.628
671.39,-87.266
671.88,-85.485
672.36,-86.202
672.85,-84.803
673.34,-86.669
673.83,-88.484
674.32,-86.890
674.80,-86.222
675.29,-85.664
675.78,-84.981
676.27,-86.796
676.76,-86.191
677.25,-84.081
677.73,-86.916
678.22,-86.675
678.71,-85.646
679.20,-85.666
679.69,-85.938
680.18,-87.372
680.66,-86.753
681.15,-85.002
681.64,-84.753
682.13,-85.072
682.62,-86.053
683.11,-85.821
683.59,-85.670
684.08,-85.161
684.57,-84.534
685.06,-85.405
685.55,-88.137
686.04,-87.274
686.52,-87.860
687.01,-86.298
687.50,-86.049
687.99,-84.982
688.48,-86.008
688.96,-87.378
689.45,-86.245
689.94,-86.783
690.43,-85.978
690.92,-85.686
691.41,-86.035
691.89,-86.866
692.38,-85.380
692.87,-85.711
693.36,-86.991
693.85,-87.192
694.34,-86.500
694.82,-86.428
695.31,-86.249
695.80,-85.108
696.29,-85.942
696.78,-86.800
697.27,-86.626
697.75,-87.116
698.24,-86.357
698.73,-88.272
699.22,-87.015
699.71,-86.072
700.20,-87.615
700.68,-86.486
701.17,-86.672
701.66,-87.010
702.15,-87.550
702.64,-88.702
703.12,-86.017
703.61,-87.107
704.10,-86.520
704.59,-86.280
705.08,-85.603
705.57,-86.412
706.05,-86.827
706.54,-86.505
707.03,-88.342
707.52,-87.107
708.01,-87.149
708.50,-87.296
708.98,-85.964
709.47,-87.369
709.96,-86.998
710.45,-85.002
710.94,-86.210
711.43,-87.014
711.91,-86.522
712.40,-85.602
712.89,-84.499
713.38,-85.325
713.87,-84.705
714.36,-86.286
714.84,-87.420
715.33,-86.631
715.82,-85.561
716.31,-85.741
716.80,-86.001
717.29,-87.367
717.77,-86.835
718.26,-85.762
718.75,-87.397
719.24,-86.678
719.73,-87.225
720.21,-82.244
720.70,-87.821
721.19,-85.060
721.68,-84.270
722.17,-86.764
722.66,-85.680
723.14,-86.081
723.63,-86.674
724.12,-86.081
724.61,-86.681
725.10,-86.771
725.59,-85.237
726.07,-87.103
726.56,-85.967
727.05,-86.522
727.54,-86.344
728.03,-87.010
728.52,-85.381
729.00,-84.770
729.49,-86.435
729.98,-87.351
730.47,-85.997
730.96,-85.423
731.45,-84.097
731.93,-83.911
732.42,-86.268
732.91,-86.269
733.40,-87.682
733.89,-86.410
734.38,-86.284
734.86,-85.237
735.35,-87.217
735.84,-87.377
736.33,-86.060
736.82,-86.035
737.30,-87.323
737.79,-86.735
738.28,-87.034
738.77,-86.801
739.26,-84.708
739.75,-86.800
740.23,-86.009
740.72,-84.874
741.21,-82.898
741.70,-84.000
742.19,-85.661
742.68,-83.293
743.16,-86.437
743.65,-86.251
744.14,-84.897
744.63,-86.242
745.12,-85.930
745.61,-85.325
746.09,-85.495
746.58,-85.837
747.07,-87.447
747.56,-86.474
748.05,-86.158
748.54,-86.175
749.02,-84.908
749.51,-87.594
750.00,-84.544
750.49,-88.048
750.98,-87.208
751.46,-87.080
751.95,-87.888
752.44,-85.865
752.93,-86.986
753.42,-86.874
753.91,-85.422
754.39,-87.034
754.88,-87.175
755.37,-86.225
755.86,-85.069
756.35,-88.032
756.84,-87.682
757.32,-85.681
757.81,-88.842
758.30,-85.703
758.79,-85.219
759.28,-87.190
759.77,-85.492
760.25,-85.591
760.74,-86.135
761.23,-86.547
761.72,-85.551
762.21,-87.529
762.70,-87.083
763.18,-85.007
763.67,-85.013
764.16,-85.925
764.65,-86.564
765.14,-86.436
765.62,-87.083
766.11,-86.028
766.60,-88.530
767.09,-86.781
767.58,-87.314
768.07,-85.563
768.55,-86.152
769.04,-86.198
769.53,-87.028
770.02,-86.198
770.51,-84.099
771.00,-79.314
771.48,-81.981
771.97,-85.648
772.46,-86.098
772.95,-85.859
773.44,-85.173
773.93,-83.944
774.41,-83.903
774.90,-85.216
775.39,-84.558
775.88,-85.252
776.37,-85.128
776.86,-85.077
777.34,-85.072
777.83,-86.331
778.32,-86.532
778.81,-85.190
779.30,-85.557
779.79,-85.333
780.27,-85.760
780.76,-85.627
781.25,-87.394
781.74,-87.151
782.23,-85.773
782.71,-84.439
783.20,-87.729
783.69,-86.160
784.18,-85.813
784.67,-85.141
785.16,-84.918
785.64,-86.594
786.13,-85.648
786.62,-86.213
787.11,-87.285
787.60,-87.697
788.09,-86.145
788.57,-85.741
789.06,-85.741
789.55,-85.378
790.04,-85.334
790.53,-85.988
791.02,-85.726
791.50,-85.664
791.99,-86.860
792.48,-85.938
792.97,-86.325
793.46,-85.554
793.95,-85.206
794.43,-85.926
794.92,-86.273
795.41,-85.852
795.90,-84.868
796.39,-85.778
796.88,-83.272
797.36,-80.223
797.85,-78.815
798.34,-83.635
798.83,-84.985
799.32,-85.914
799.80,-85.126
800.29,-84.524
800.78,-86.853
801.27,-85.460
801.76,-85.269
802.25,-85.073
802.73,-84.800
803.22,-85.023
803.71,-85.978
804.20,-84.804
804.69,-85.961
805.18,-84.200
805.66,-86.067
806.15,-85.543
806.64,-85.596
807.13,-85.134
807.62,-84.738
808.11,-85.161
808.59,-85.138
809.08,-85.442
809.57,-84.065
810.06,-87.166
810.55,-84.724
811.04,-84.775
811.52,-85.741
812.01,-87.191
812.50,-84.711
812.99,-86.334
813.48,-84.932
813.96,-83.758
814.45,-84.118
814.94,-85.214
815.43,-85.397
815.92,-84.048
816.41,-85.688
816.89,-85.301
817.38,-84.623
817.87,-84.649
818.36,-85.472
818.85,-83.864
819.34,-84.977
819.82,-84.280
820.31,-85.411
820.80,-85.505
821.29,-85.974
821.78,-84.044
822.27,-84.190
822.75,-84.639
823.24,-84.453
823.73,-83.950
824.22,-86.276
824.71,-87.204
825.20,-84.273
825.68,-83.195
826.17,-84.630
826.66,-85.086
827.15,-85.842
827.64,-84.295
828.12,-84.281
828.61,-84.741
829.10,-82.429
829.59,-83.749
830.08,-82.059
830.57,-82.072
831.05,-85.024
831.54,-84.414
832.03,-84.278
832.52,-83.822
833.01,-83.851
833.50,-82.541
833.98,-83.375
834.47,-84.388
834.96,-83.899
835.45,-84.442
835.94,-83.887
836.43,-82.742
836.91,-83.152
837.40,-83.358
837.89,-84.270
838.38,-82.724
838.87,-83.679
839.36,-84.256
839.84,-84.388
840.33,-83.870
840.82,-84.196
841.31,-84.090
841.80,-84.337
842.29,-83.606
842.77,-83.162
843.26,-84.515
843.75,-82.448
844.24,-81.953
844.73,-84.252
845.21,-84.124
845.70,-83.409
846.19,-83.071
846.68,-82.883
847.17,-83.015
847.66,-82.561
848.14,-83.148
848.63,-81.665
849.12,-82.632
849.61,-83.848
850.10,-83.950
850.59,-82.079
851.07,-83.395
851.56,-84.115
852.05,-83.377
852.54,-82.025
853.03,-81.080
853.52,-82.445
854.00,-82.589
854.49,-82.694
854.98,-81.750
855.47,-82.581
855.96,-82.495
856.45,-81.814
856.93,-82.336
857.42,-80.746
857.91,-83.107
858.40,-81.302
858.89,-82.270
859.38,-81.093
859.86,-82.111
860.35,-81.494
860.84,-81.833
861.33,-82.833
861.82,-81.884
862.30,-81.259
862.79,-80.324
863.28,-81.172
863.77,-81.394
864.26,-83.136
864.75,-82.554
865.23,-81.792
865.72,-82.259
866.21,-81.397
866.70,-80.855
867.19,-82.984
867.68,-80.553
868.16,-80.492
868.65,-83.242
869.14,-81.795
869.63,-82.325
870.12,-81.985
870.61,-81.701
871.09,-81.190
871.58,-79.708
872.07,-81.661
872.56,-81.132
873.05,-81.719
873.54,-81.936
874.02,-84.163
874.51,-82.514
875.00,-80.635
875.49,-79.523
875.98,-79.313
876.46,-82.077
876.95,-81.417
877.44,-80.948
877.93,-82.572
878.42,-82.301
878.91,-80.240
879.39,-80.938
879.88,-81.794
880.37,-79.892
880.86,-80.160
881.35,-81.134
881.84,-80.892
882.32,-81.085
882.81,-81.286
883.30,-78.649
883.79,-79.830
884.28,-80.480
884.77,-80.121
885.25,-79.483
885.74,-79.153
886.23,-80.299
886.72,-78.753
887.21,-79.284
887.70,-79.103
888.18,-81.344
888.67,-79.731
889.16,-79.351
889.65,-80.282
890.14,-78.855
890.62,-80.208
891.11,-78.713
891.60,-79.434
892.09,-79.817
892.58,-78.763
893.07,-77.476
893.55,-79.207
894.04,-78.173
894.53,-77.214
895.02,-76.687
895.51,-77.375
896.00,-78.387
896.48,-79.639
896.97,-79.590
897.46,-79.407
897.95,-77.599
898.44,-77.914
898.93,-78.837
899.41,-80.030
899.90,-81.675
900.39,-79.067
900.88,-79.415
901.37,-79.242
901.86,-78.671
902.34,-78.301
902.83,-79.408
903.32,-78.491
903.81,-77.159
904.30,-76.932
904.79,-76.368
905.27,-78.018
905.76,-76.109
906.25,-78.702
906.74,-76.714
907.23,-76.739
907.71,-77.369
908.20,-76.772
908.69,-76.787
909.18,-75.946
909.67,-75.837
910.16,-75.556
910.64,-75.458
911.13,-76.935
911.62,-74.738
912.11,-75.927
912.60,-76.246
913.09,-76.173
913.57,-77.524
914.06,-76.634
914.55,-76.812
915.04,-76.379
915.53,-76.040
916.02,-73.559
916.50,-75.446
916.99,-75.411
917.48,-75.354
917.97,-74.369
918.46,-74.752
918.95,-76.166
919.43,-75.347
919.92,-75.056
920.41,-75.327
920.90,-75.577
921.39,-75.344
921.88,-74.315
922.36,-72.046
922.85,-75.064
923.34,-74.894
923.83,-73.819
924.32,-73.022
924.80,-74.200
925.29,-74.063
925.78,-74.184
926.27,-73.147
926.76,-73.560
927.25,-73.988
927.73,-73.343
928.22,-73.641
928.71,-74.813
929.20,-73.064
929.69,-71.439
930.18,-70.626
930.66,-68.936
931.15,-71.302
931.64,-71.749
932.13,-72.007
932.62,-72.480
933.11,-73.214
933.59,-74.145
934.08,-72.702
934.57,-72.943
935.06,-71.665
935.55,-72.187
936.04,-75.546
936.52,-71.545
937.01,-71.318
937.50,-72.838
937.99,-72.381
938.48,-71.297
938.96,-71.688
939.45,-70.368
939.94,-71.337
940.43,-71.261
940.92,-71.136
941.41,-71.722
941.89,-70.831
942.38,-70.741
942.87,-70.470
943.36,-71.155
943.85,-70.959
944.34,-71.498
944.82,-71.125
945.31,-70.849
945.80,-69.850
946.29,-71.321
946.78,-73.937
947.27,-70.218
947.75,-70.552
948.24,-71.007
948.73,-69.369
949.22,-70.041
949.71,-70.745
950.20,-70.005
950.68,-67.430
951.17,-70.652
951.66,-69.918
952.15,-69.764
952.64,-70.355
953.12,-68.136
953.61,-70.112
954.10,-69.901
954.59,-71.911
955.08,-70.187
955.57,-69.953
956.05,-68.943
956.54,-68.871
957.03,-69.391
957.52,-70.032
958.01,-70.530
958.50,-69.607
958.98,-70.779
959.47,-71.062
959.96,-70.749
960.45,-70.781
960.94,-69.884
961.43,-70.317
961.91,-69.824
962.40,-70.875
962.89,-71.379
963.38,-68.917
963.87,-71.410
964.36,-70.881
964.84,-71.066
965.33,-70.038
965.82,-71.043
966.31,-71.456
966.80,-72.439
967.29,-73.316
967.77,-70.570
968.26,-71.936
968.75,-71.984
969.24,-72.300
969.73,-72.498
970.21,-71.949
970.70,-71.856
971.19,-72.730
971.68,-72.324
972.17,-70.461
972.66,-71.879
973.14,-72.795
973.63,-72.418
974.12,-71.412
974.61,-74.907
975.10,-74.409
975.59,-73.930
976.07,-71.809
976.56,-72.718
977.05,-72.082
977.54,-72.250
978.03,-73.902
978.52,-74.094
979.00,-73.602
979.49,-72.832
979.98,-74.007
980.47,-73.341
980.96,-73.555
981.45,-74.116
981.93,-75.382
982.42,-74.417
982.91,-75.604
983.40,-74.198
983.89,-74.722
984.38,-75.380
984.86,-73.317
985.35,-73.985
985.84,-74.278
986.33,-75.380
986.82,-76.109
987.30,-74.107
987.79,-75.188
988.28,-75.203
988.77,-75.398
989.26,-77.035
989.75,-74.539
990.23,-74.762
990.72,-75.041
991.21,-76.481
991.70,-76.357
992.19,-76.279
992.68,-75.949
993.16,-76.359
993.65,-77.309
994.14,-76.710
994.63,-75.889
995.12,-76.135
995.61,-76.046
996.09,-76.875
996.58,-75.216
997.07,-77.583
997.56,-76.760
998.05,-76.369
998.54,-74.669
999.02,-76.427
999.51,-76.250
1000.00,-75.679
1000.49,-76.530
1000.98,-77.274
1001.46,-77.115
1001.95,-78.434
1002.44,-76.093
1002.93,-77.688
1003.42,-78.069
1003.91,-78.050
1004.39,-78.033
1004.88,-76.773
1005.37,-77.211
1005.86,-77.039
1006.35,-78.916
1006.84,-77.878
1007.32,-78.026
1007.81,-77.155
1008.30,-79.210
1008.79,-78.609
1009.28,-77.630
1009.77,-77.250
1010.25,-77.674
1010.74,-78.162
1011.23,-74.451
1011.72,-78.866
1012.21,-77.640
1012.70,-78.017
1013.18,-78.628
1013.67,-77.709
1014.16,-79.114
1014.65,-76.680
1015.14,-78.685
1015.62,-79.247
1016.11,-79.586
1016.60,-79.851
1017.09,-79.614
1017.58,-78.530
1018.07,-77.593
1018.55,-77.795
1019.04,-79.368
1019.53,-78.334
1020.02,-80.162
1020.51,-78.825
1021.00,-78.542
1021.48,-80.622
1021.97,-80.140
1022.46,-78.551
1022.95,-79.677
1023.44,-79.080
1023.93,-80.346
1024.41,-79.694
1024.90,-78.631
1025.39,-79.814
1025.88,-79.634
1026.37,-80.132
1026.86,-79.267
1027.34,-81.055
1027.83,-80.230
1028.32,-80.232
1028.81,-80.591
1029.30,-79.458
1029.79,-79.147
1030.27,-79.384
1030.76,-81.581
1031.25,-80.166
1031.74,-80.421
1032.23,-80.527
1032.71,-80.568
1033.20,-80.843
1033.69,-81.515
1034.18,-80.932
1034.67,-80.230
1035.16,-81.039
1035.64,-81.656
1036.13,-81.160
1036.62,-79.966
1037.11,-82.425
1037.60,-81.266
1038.09,-80.423
1038.57,-81.569
1039.06,-82.126
1039.55,-80.320
1040.04,-82.165
1040.53,-81.157
1041.02,-81.613
1041.50,-79.355
1041.99,-81.378
1042.48,-80.524
1042.97,-80.444
1043.46,-82.149
1043.95,-82.583
1044.43,-83.217
1044.92,-81.504
1045.41,-81.399
1045.90,-80.475
1046.39,-80.893
1046.88,-80.670
1047.36,-81.660
1047.85,-80.689
1048.34,-80.818
1048.83,-80.800
1049.32,-80.401
1049.80,-81.865
1050.29,-82.485
1050.78,-81.678
1051.27,-82.419
1051.76,-81.763
1052.25,-81.186
1052.73,-82.399
1053.22,-80.904
1053.71,-82.809
1054.20,-82.610
1054.69,-81.717
1055.18,-82.424
1055.66,-82.331
1056.15,-81.823
1056.64,-82.597
1057.13,-81.348
1057.62,-82.520
1058.11,-81.801
1058.59,-81.166
1059.08,-80.905
1059.57,-81.872
1060.06,-79.941
1060.55,-81.828
1061.04,-81.468
1061.52,-80.555
1062.01,-81.936
1062.50,-80.544
1062.99,-82.649
1063.48,-82.757
1063.96,-83.611
1064.45,-81.403
1064.94,-83.143
1065.43,-84.840
1065.92,-84.305
1066.41,-84.647
1066.89,-81.678
1067.38,-82.828
1067.87,-82.272
1068.36,-83.552
1068.85,-81.367
1069.34,-82.381
1069.82,-82.577
1070.31,-82.881
1070.80,-83.846
1071.29,-83.461
1071.78,-82.921
1072.27,-83.069
1072.75,-82.226
1073.24,-81.626
1073.73,-83.247
1074.22,-84.863
1074.71,-84.276
1075.20,-82.474
1075.68,-82.892
1076.17,-83.099
1076.66,-81.922
1077.15,-82.424
1077.64,-83.763
1078.12,-84.691
1078.61,-82.178
1079.10,-82.649
1079.59,-82.541
1080.08,-83.143
1080.57,-83.901
1081.05,-83.424
1081.54,-83.146
1082.03,-84.833
1082.52,-85.116
1083.01,-83.561
1083.50,-83.958
1083.98,-85.161
1084.47,-84.915
1084.96,-85.007
1085.45,-84.876
1085.94,-83.440
1086.43,-84.495
1086.91,-82.333
1087.40,-82.572
1087.89,-83.074
1088.38,-82.975
1088.87,-83.070
1089.36,-85.598
1089.84,-83.687
1090.33,-84.589
1090.82,-83.928
1091.31,-85.019
1091.80,-82.808
1092.29,-83.965
1092.77,-84.984
1093.26,-84.308
1093.75,-84.259
1094.24,-84.307
1094.73,-84.660
1095.21,-82.531
1095.70,-83.146
1096.19,-83.353
1096.68,-84.435
1097.17,-83.802
1097.66,-84.051
1098.14,-82.784
1098.63,-83.846
1099.12,-84.685
1099.61,-83.685
1100.10,-84.093
1100.59,-84.159
1101.07,-84.609
1101.56,-85.627
1102.05,-85.030
1102.54,-84.379
1103.03,-83.228
1103.52,-85.556
1104.00,-85.358
1104.49,-84.258
1104.98,-84.393
1105.47,-83.249
1105.96,-85.050
1106.45,-83.623
1106.93,-85.389
1107.42,-83.924
1107.91,-83.909
1108.40,-83.927
1108.89,-84.208
1109.38,-83.796
1109.86,-84.448
1110.35,-84.156
1110.84,-84.340
1111.33,-83.925
1111.82,-84.185
1112.30,-85.792
1112.79,-85.258
1113.28,-83.919
1113.77,-84.655
1114.26,-84.930
1114.75,-84.062
1115.23,-84.546
1115.72,-83.784
1116.21,-83.715
1116.70,-84.861
1117.19,-84.752
1117.68,-84.805
1118.16,-85.018
1118.65,-84.520
1119.14,-85.768
1119.63,-85.610
1120.12,-85.471
1120.61,-85.359
1121.09,-85.469
1121.58,-85.840
1122.07,-83.951
1122.56,-86.277
1123.05,-85.105
1123.54,-84.207
1124.02,-84.904
1124.51,-85.930
1125.00,-84.524
1125.49,-83.116
1125.98,-84.985
1126.46,-83.410
1126.95,-85.014
1127.44,-85.267
1127.93,-83.747
1128.42,-83.805
1128.91,-80.671
1129.39,-86.100
1129.88,-84.155
1130.37,-85.061
1130.86,-84.438
1131.35,-78.242
1131.84,-84.114
1132.32,-84.295
1132.81,-84.998
1133.30,-83.358
1133.79,-85.287
1134.28,-85.127
1134.77,-86.453
1135.25,-85.176
1135.74,-86.079
1136.23,-84.725
1136.72,-85.145
1137.21,-85.059
1137.70,-84.890
1138.18,-84.578
1138.67,-85.324
1139.16,-83.653
1139.65,-82.294
1140.14,-84.403
1140.62,-84.385
1141.11,-85.566
1141.60,-85.076
1142.09,-86.115
1142.58,-83.626
1143.07,-85.230
1143.55,-84.632
1144.04,-84.969
1144.53,-84.493
1145.02,-84.134
1145.51,-84.571
1146.00,-84.096
1146.48,-85.220
1146.97,-84.124
1147.46,-84.899
1147.95,-83.707
1148.44,-85.121
1148.93,-83.328
1149.41,-85.884
1149.90,-86.221
1150.39,-82.943
1150.88,-84.984
1151.37,-85.849
1151.86,-85.132
1152.34,-85.300
1152.83,-85.528
1153.32,-84.528
1153.81,-84.453
1154.30,-85.526
1154.79,-86.273
1155.27,-83.413
1155.76,-85.143
1156.25,-85.210
1156.74,-84.127
1157.23,-84.397
1157.71,-82.300
1158.20,-82.444
1158.69,-85.598
1159.18,-85.717
1159.67,-85.195
1160.16,-86.085
1160.64,-84.118
1161.13,-84.402
1161.62,-86.252
1162.11,-83.975
1162.60,-85.581
1163.09,-85.026
1163.57,-84.032
1164.06,-83.796
1164.55,-84.546
1165.04,-86.905
1165.53,-84.638
1166.02,-84.699
1166.50,-84.145
1166.99,-85.115
1167.48,-85.561
1167.97,-85.087
1168.46,-85.123
1168.95,-85.300
1169.43,-85.320
1169.92,-85.600
1170.41,-85.125
1170.90,-84.614
1171.39,-85.347
1171.88,-85.339
1172.36,-84.723
1172.85,-85.541
1173.34,-84.004
1173.83,-84.015
1174.32,-83.990
1174.80,-84.164
1175.29,-85.795
1175.78,-86.857
1176.27,-85.058
1176.76,-85.594
1177.25,-85.495
1177.73,-87.426
1178.22,-83.635
1178.71,-84.716
1179.20,-83.906
1179.69,-84.692
1180.18,-85.025
1180.66,-84.624
1181.15,-84.878
1181.64,-85.902
1182.13,-85.172
1182.62,-82.674
1183.11,-85.149
1183.59,-84.646
1184.08,-85.974
1184.57,-85.470
1185.06,-83.959
1185.55,-86.631
1186.04,-86.159
1186.52,-84.917
1187.01,-84.976
1187.50,-85.953
1187.99,-82.177
1188.48,-83.578
1188.96,-83.894
1189.45,-87.333
1189.94,-85.423
1190.43,-84.892
1190.92,-84.631
1191.41,-85.615
1191.89,-83.783
1192.38,-83.624
1192.87,-84.545
1193.36,-82.858
1193.85,-83.792
1194.34,-83.655
1194.82,-84.268
1195.31,-83.487
1195.80,-84.393
1196.29,-84.221
1196.78,-85.105
1197.27,-87.097
1197.75,-86.198
1198.24,-84.152
1198.73,-84.526
1199.22,-86.307
1199.71,-86.756
1200.20,-84.990
1200.68,-84.448
1201.17,-84.898
1201.66,-83.205
1202.15,-84.312
1202.64,-84.050
1203.12,-84.032
1203.61,-85.332
1204.10,-85.061
1204.59,-83.978
1205.08,-84.438
1205.57,-83.429
1206.05,-84.164
1206.54,-84.437
1207.03,-83.240
1207.52,-84.759
1208.01,-84.238
1208.50,-83.946
1208.98,-84.300
1209.47,-83.879
1209.96,-86.246
1210.45,-85.412
1210.94,-84.049
1211.43,-84.767
1211.91,-85.007
1212.40,-87.134
1212.89,-83.819
1213.38,-84.886
1213.87,-85.027
1214.36,-86.711
1214.84,-84.176
1215.33,-84.029
1215.82,-84.709
1216.31,-84.172
1216.80,-83.851
1217.29,-84.303
1217.77,-84.847
1218.26,-84.852
1218.75,-85.319
1219.24,-84.944
1219.73,-84.646
1220.21,-83.217
1220.70,-83.143
1221.19,-82.055
1221.68,-83.074
1222.17,-84.827
1222.66,-83.643
1223.14,-84.026
1223.63,-84.566
1224.12,-83.803
1224.61,-84.350
1225.10,-83.134
1225.59,-85.787
1226.07,-85.091
1226.56,-84.716
1227.05,-83.760
1227.54,-81.654
1228.03,-83.201
1228.52,-84.147
1229.00,-83.379
1229.49,-84.673
1229.98,-83.430
1230.47,-82.641
1230.96,-83.956
1231.45,-84.738
1231.93,-84.588
1232.42,-85.039
1232.91,-84.947
1233.40,-83.287
1233.89,-84.348
1234.38,-84.109
1234.86,-83.639
1235.35,-83.364
1235.84,-84.337
1236.33,-84.237
1236.82,-82.130
1237.30,-83.654
1237.79,-84.899
1238.28,-82.485
1238.77,-83.685
1239.26,-82.134
1239.75,-84.993
1240.23,-83.868
1240.72,-83.081
1241.21,-84.448
1241.70,-83.636
1242.19,-83.809
1242.68,-85.364
1243.16,-82.486
1243.65,-84.044
1244.14,-82.361
1244.63,-84.650
1245.12,-83.154
1245.61,-84.210
1246.09,-83.046
1246.58,-84.041
1247.07,-84.185
1247.56,-84.724
1248.05,-82.781
1248.54,-85.043
1249.02,-84.827
1249.51,-85.205
1250.00,-82.128
1250.49,-82.940
1250.98,-83.127
1251.46,-82.470
1251.95,-82.011
1252.44,-83.973
1252.93,-82.077
1253.42,-83.366
1253.91,-83.584
1254.39,-83.516
1254.88,-83.251
1255.37,-84.694
1255.86,-83.131
1256.35,-83.330
1256.84,-82.193
1257.32,-82.557
1257.81,-83.252
1258.30,-82.891
1258.79,-82.124
1259.28,-83.104
1259.77,-81.392
1260.25,-83.916
1260.74,-83.742
1261.23,-83.598
1261.72,-83.376
1262.21,-82.850
1262.70,-81.861
1263.18,-82.552
1263.67,-83.296
1264.16,-84.135
1264.65,-81.374
1265.14,-80.999
1265.62,-82.838
1266.11,-83.850
1266.60,-82.952
1267.09,-83.637
1267.58,-81.139
1268.07,-82.396
1268.55,-82.433
1269.04,-81.604
1269.53,-82.917
1270.02,-83.363
1270.51,-83.564
1271.00,-80.376
1271.48,-82.070
1271.97,-83.749
1272.46,-82.284
1272.95,-82.514
1273.44,-83.659
1273.93,-80.788
1274.41,-81.894
1274.90,-80.583
1275.39,-82.093
1275.88,-81.284
1276.37,-84.142
1276.86,-80.796
1277.34,-82.038
1277.83,-81.183
1278.32,-80.957
1278.81,-82.428
1279.30,-81.657
1279.79,-81.896
1280.27,-83.361
1280.76,-82.942
1281.25,-83.685
1281.74,-83.680
1282.23,-82.461
1282.71,-81.594
1283.20,-81.736
1283.69,-81.150
1284.18,-81.334
1284.67,-80.849
1285.16,-81.467
1285.64,-80.491
1286.13,-80.893
1286.62,-80.152
1287.11,-81.630
1287.60,-82.074
1288.09,-82.429
1288.57,-82.454
1289.06,-83.058
1289.55,-81.761
1290.04,-79.836
1290.53,-79.924
1291.02,-80.032
1291.50,-82.357
1291.99,-81.443
1292.48,-82.075
1292.97,-79.369
1293.46,-81.260
1293.95,-80.775
1294.43,-81.002
1294.92,-80.139
1295.41,-79.989
1295.90,-81.217
1296.39,-80.166
1296.88,-82.054
1297.36,-80.356
1297.85,-81.817
1298.34,-81.526
1298.83,-80.843
1299.32,-82.880
1299.80,-80.794
1300.29,-81.578
1300.78,-81.856
1301.27,-80.026
1301.76,-81.199
1302.25,-80.542
1302.73,-79.971
1303.22,-80.823
1303.71,-79.923
1304.20,-81.486
1304.69,-80.731
1305.18,-80.345
1305.66,-80.201
1306.15,-79.644
1306.64,-78.928
1307.13,-79.978
1307.62,-78.762
1308.11,-79.598
1308.59,-79.481
1309.08,-79.976
1309.57,-79.144
1310.06,-79.938
1310.55,-80.334
1311.04,-81.425
1311.52,-79.778
1312.01,-79.161
1312.50,-79.793
1312.99,-79.814
1313.48,-80.093
1313.96,-80.074
1314.45,-79.668
1314.94,-78.336
1315.43,-79.584
1315.92,-78.785
1316.41,-78.909
1316.89,-80.738
1317.38,-81.320
1317.87,-79.381
1318.36,-79.112
1318.85,-80.208
1319.34,-79.449
1319.82,-78.551
1320.31,-78.889
1320.80,-79.374
1321.29,-79.703
1321.78,-78.896
1322.27,-77.439
1322.75,-78.763
1323.24,-78.862
1323.73,-79.837
1324.22,-79.372
1324.71,-77.027
1325.20,-76.468
1325.68,-78.265
1326.17,-77.378
1326.66,-78.748
1327.15,-78.977
1327.64,-77.184
1328.12,-79.866
1328.61,-77.288
1329.10,-77.131
1329.59,-78.386
1330.08,-76.127
1330.57,-77.479
1331.05,-78.079
1331.54,-78.155
1332.03,-78.615
1332.52,-77.449
1333.01,-77.725
1333.50,-77.673
1333.98,-77.833
1334.47,-77.800
1334.96,-77.476
1335.45,-76.590
1335.94,-77.569
1336.43,-78.338
1336.91,-79.058
1337.40,-77.476
1337.89,-76.801
1338.38,-76.925
1338.87,-76.563
1339.36,-78.874
1339.84,-77.147
1340.33,-77.158
1340.82,-78.464
1341.31,-76.000
1341.80,-76.901
1342.29,-76.237
1342.77,-76.681
1343.26,-77.079
1343.75,-75.852
1344.24,-76.111
1344.73,-75.627
1345.21,-75.210
1345.70,-77.515
1346.19,-75.734
1346.68,-75.859
1347.17,-75.617
1347.66,-74.956
1348.14,-74.975
1348.63,-75.544
1349.12,-76.613
1349.61,-74.017
1350.10,-74.264
1350.59,-74.568
1351.07,-77.348
1351.56,-76.884
1352.05,-76.233
1352.54,-74.272
1353.03,-74.849
1353.52,-76.071
1354.00,-74.052
1354.49,-73.817
1354.98,-74.827
1355.47,-74.056
1355.96,-73.088
1356.45,-75.464
1356.93,-74.409
1357.42,-76.488
1357.91,-74.040
1358.40,-74.308
1358.89,-74.253
1359.38,-73.196
1359.86,-74.617
1360.35,-74.421
1360.84,-73.401
1361.33,-72.990
1361.82,-74.076
1362.30,-74.784
1362.79,-73.960
1363.28,-74.387
1363.77,-74.225
1364.26,-73.671
1364.75,-73.515
1365.23,-73.658
1365.72,-72.406
1366.21,-72.604
1366.70,-74.913
1367.19,-72.940
1367.68,-71.810
1368.16,-71.926
1368.65,-71.526
1369.14,-72.469
1369.63,-71.539
1370.12,-72.372
1370.61,-73.573
1371.09,-72.966
1371.58,-72.872
1372.07,-72.275
1372.56,-71.806
1373.05,-71.529
1373.54,-72.807
1374.02,-71.672
1374.51,-71.055
1375.00,-71.594
1375.49,-72.653
1375.98,-70.628
1376.46,-71.454
1376.95,-69.415
1377.44,-70.482
1377.93,-69.314
1378.42,-71.485
1378.91,-71.889
1379.39,-71.082
1379.88,-69.409
1380.37,-70.461
1380.86,-69.772
1381.35,-69.860
1381.84,-68.509
1382.32,-70.081
1382.81,-69.088
1383.30,-70.676
1383.79,-69.658
1384.28,-69.181
1384.77,-69.820
1385.25,-69.803
1385.74,-69.929
1386.23,-70.371
1386.72,-69.358
1387.21,-68.865
1387.70,-69.283
1388.18,-69.296
1388.67,-67.937
1389.16,-68.563
1389.65,-67.169
1390.14,-68.725
1390.62,-67.294
1391.11,-66.420
1391.60,-68.925
1392.09,-68.451
1392.58,-68.897
1393.07,-67.481
1393.55,-66.046
1394.04,-66.077
1394.53,-67.391
1395.02,-66.656
1395.51,-65.919
1396.00,-67.151
1396.48,-67.840
1396.97,-65.693
1397.46,-65.484
1397.95,-66.436
1398.44,-66.946
1398.93,-66.412
1399.41,-64.881
1399.90,-65.649
1400.39,-64.976
1400.88,-67.026
1401.37,-66.314
1401.86,-65.611
1402.34,-66.840
1402.83,-65.746
1403.32,-65.484
1403.81,-65.599
1404.30,-65.459
1404.79,-66.026
1405.27,-65.199
1405.76,-66.217
1406.25,-65.107
1406.74,-67.886
1407.23,-65.916
1407.71,-66.659
1408.20,-66.654
1408.69,-66.773
1409.18,-65.876
1409.67,-66.348
1410.16,-64.455
1410.64,-66.913
1411.13,-68.112
1411.62,-64.727
1412.11,-66.450
1412.60,-66.584
1413.09,-64.598
1413.57,-65.805
1414.06,-67.919
1414.55,-66.883
1415.04,-66.622
1415.53,-67.609
1416.02,-66.819
1416.50,-65.653
1416.99,-67.418
1417.48,-67.375
1417.97,-67.817
1418.46,-65.921
1418.95,-65.922
1419.43,-68.155
1419.92,-68.623
1420.41,-68.333
1420.90,-68.644
1421.39,-68.021
1421.88,-66.064
1422.36,-66.687
1422.85,-67.586
1423.34,-67.100
1423.83,-69.050
1424.32,-67.842
1424.80,-67.489
1425.29,-66.867
1425.78,-68.798
1426.27,-68.826
1426.76,-66.512
1427.25,-69.024
1427.73,-70.234
1428.22,-69.217
1428.71,-67.822
1429.20,-68.764
1429.69,-68.631
1430.18,-70.413
1430.66,-70.763
1431.15,-70.686
1431.64,-71.195
1432.13,-70.370
1432.62,-70.813
1433.11,-69.266
1433.59,-69.614
1434.08,-71.500
1434.57,-69.651
1435.06,-69.844
1435.55,-70.494
1436.04,-69.917
1436.52,-71.646
1437.01,-71.374
1437.50,-70.857
1437.99,-71.500
1438.48,-71.911
1438.96,-72.202
1439.45,-73.087
1439.94,-72.611
1440.43,-71.708
1440.92,-71.695
1441.41,-71.725
1441.89,-72.035
1442.38,-71.589
1442.87,-73.064
1443.36,-72.704
1443.85,-74.231
1444.34,-71.907
1444.82,-71.545
1445.31,-73.365
1445.80,-70.776
1446.29,-72.325
1446.78,-73.616
1447.27,-72.355
1447.75,-73.635
1448.24,-72.251
1448.73,-73.226
1449.22,-73.511
1449.71,-73.136
1450.20,-73.739
1450.68,-76.182
1451.17,-74.010
1451.66,-73.240
1452.15,-73.654
1452.64,-73.768
1453.12,-72.036
1453.61,-73.239
1454.10,-74.093
1454.59,-73.843
1455.08,-74.920
1455.57,-73.591
1456.05,-74.058
1456.54,-74.779
1457.03,-73.562
1457.52,-74.129
1458.01,-73.929
1458.50,-74.324
1458.98,-75.416
1459.47,-73.046
1459.96,-72.880
1460.45,-74.640
1460.94,-73.140
1461.43,-74.861
1461.91,-74.152
1462.40,-75.478
1462.89,-76.165
1463.38,-76.315
1463.87,-75.942
1464.36,-75.301
1464.84,-75.788
1465.33,-75.668
1465.82,-74.658
1466.31,-74.751
1466.80,-75.554
1467.29,-75.099
1467.77,-75.995
1468.26,-75.920
1468.75,-74.568
1469.24,-75.458
1469.73,-75.675
1470.21,-75.550
1470.70,-75.478
1471.19,-75.489
1471.68,-76.318
1472.17,-77.277
1472.66,-78.421
1473.14,-76.359
1473.63,-76.490
1474.12,-77.191
1474.61,-75.461
1475.10,-76.072
1475.59,-76.106
1476.07,-76.233
1476.56,-75.810
1477.05,-75.269
1477.54,-75.883
1478.03,-75.797
1478.52,-76.417
1479.00,-75.954
1479.49,-77.381
1479.98,-76.276
1480.47,-75.946
1480.96,-77.286
1481.45,-75.175
1481.93,-77.386
1482.42,-78.267
1482.91,-77.298
1483.40,-77.124
1483.89,-76.239
1484.38,-76.120
1484.86,-79.020
1485.35,-76.252
1485.84,-76.854
1486.33,-78.590
1486.82,-77.779
1487.30,-76.999
1487.79,-79.540
1488.28,-78.055
1488.77,-77.489
1489.26,-77.757
1489.75,-77.061
1490.23,-76.337
1490.72,-78.289
1491.21,-77.752
1491.70,-76.669
1492.19,-78.089
1492.68,-77.439
1493.16,-78.282
1493.65,-77.176
1494.14,-78.530
1494.63,-77.692
1495.12,-78.256
1495.61,-78.432
1496.09,-78.615
1496.58,-77.541
1497.07,-78.207
1497.56,-78.375
1498.05,-78.205
1498.54,-78.058
1499.02,-78.568
1499.51,-77.609
1500.00,-78.567
1500.49,-79.902
1500.98,-78.517
1501.46,-78.407
1501.95,-78.021
1502.44,-78.550
1502.93,-78.473
1503.42,-78.650
1503.91,-79.882
1504.39,-79.282
1504.88,-78.048
1505.37,-77.676
1505.86,-77.251
1506.35,-77.786
1506.84,-78.488
1507.32,-78.842
1507.81,-79.128
1508.30,-79.363
1508.79,-79.822
1509.28,-79.288
1509.77,-80.950
1510.25,-78.771
1510.74,-78.987
1511.23,-79.280
1511.72,-80.123
1512.21,-80.300
1512.70,-80.877
1513.18,-79.179
1513.67,-78.784
1514.16,-79.764
1514.65,-78.692
1515.14,-80.239
1515.62,-79.465
1516.11,-80.948
1516.60,-79.698
1517.09,-79.412
1517.58,-78.014
1518.07,-78.822
1518.55,-77.997
1519.04,-78.175
1519.53,-78.035
1520.02,-77.602
1520.51,-78.785
1521.00,-78.745
1521.48,-78.560
1521.97,-80.666
1522.46,-78.867
1522.95,-79.214
1523.44,-78.405
1523.93,-79.791
1524.41,-77.551
1524.90,-81.062
1525.39,-79.564
1525.88,-78.604
1526.37,-80.648
1526.86,-78.592
1527.34,-79.591
1527.83,-80.415
1528.32,-79.326
1528.81,-79.936
1529.30,-81.426
1529.79,-79.183
1530.27,-80.053
1530.76,-80.233
1531.25,-80.127
1531.74,-80.994
1532.23,-78.749
1532.71,-80.425
1533.20,-78.582
1533.69,-81.224
1534.18,-80.318
1534.67,-80.151
1535.16,-78.966
1535.64,-79.819
1536.13,-80.195
1536.62,-78.587
1537.11,-79.096
1537.60,-80.082
1538.09,-81.082
1538.57,-80.046
1539.06,-79.418
1539.55,-80.037
1540.04,-80.203
1540.53,-81.293
1541.02,-79.311
1541.50,-79.773
1541.99,-80.098
1542.48,-80.658
1542.97,-79.238
1543.46,-80.559
1543.95,-80.749
1544.43,-79.299
1544.92,-81.435
1545.41,-80.830
1545.90,-80.250
1546.39,-81.916
1546.88,-80.511
1547.36,-81.226
1547.85,-82.073
1548.34,-80.613
1548.83,-81.251
1549.32,-81.122
1549.80,-79.834
1550.29,-82.316
1550.78,-79.630
1551.27,-79.886
1551.76,-80.999
1552.25,-81.156
1552.73,-80.435
1553.22,-81.671
1553.71,-81.684
1554.20,-79.068
1554.69,-81.545
1555.18,-81.542
1555.66,-79.629
1556.15,-80.325
1556.64,-79.929
1557.13,-80.485
1557.62,-80.675
1558.11,-81.609
1558.59,-80.552
1559.08,-81.549
1559.57,-82.733
1560.06,-82.016
1560.55,-81.702
1561.04,-80.458
1561.52,-81.717
1562.01,-81.916
1562.50,-80.194
1562.99,-80.587
1563.48,-81.447
1563.96,-83.018
1564.45,-82.369
1564.94,-80.334
1565.43,-82.100
1565.92,-81.621
1566.41,-79.630
1566.89,-81.216
1567.38,-80.596
1567.87,-81.224
1568.36,-81.956
1568.85,-80.477
1569.34,-78.606
1569.82,-79.753
1570.31,-80.528
1570.80,-80.259
1571.29,-81.631
1571.78,-81.566
1572.27,-81.599
1572.75,-80.024
1573.24,-80.657
1573.73,-81.111
1574.22,-79.052
1574.71,-80.205
1575.20,-81.148
1575.68,-80.131
1576.17,-80.881
1576.66,-81.058
1577.15,-80.430
1577.64,-79.905
1578.12,-81.862
1578.61,-79.978
1579.10,-81.678
1579.59,-80.670
1580.08,-80.394
1580.57,-81.197
1581.05,-81.030
1581.54,-81.466
1582.03,-80.339
1582.52,-80.331
1583.01,-81.480
1583.50,-81.137
1583.98,-80.691
1584.47,-81.483
1584.96,-80.152
1585.45,-79.146
1585.94,-81.722
1586.43,-81.257
1586.91,-82.333
1587.40,-83.358
1587.89,-81.115
1588.38,-81.105
1588.87,-83.639
1589.36,-80.151
1589.84,-82.641
1590.33,-81.541
1590.82,-81.792
1591.31,-80.905
1591.80,-82.545
1592.29,-82.862
1592.77,-80.572
1593.26,-80.744
1593.75,-81.849
1594.24,-83.356
1594.73,-82.509
1595.21,-81.348
1595.70,-82.559
1596.19,-82.364
1596.68,-81.201
1597.17,-82.519
1597.66,-82.284
1598.14,-82.637
1598.63,-82.312
1599.12,-81.395
1599.61,-82.974
1600.10,-82.290
1600.59,-82.637
1601.07,-80.152
1601.56,-80.202
1602.05,-80.112
1602.54,-80.116
1603.03,-81.414
1603.52,-82.631
1604.00,-82.696
1604.49,-82.029
1604.98,-82.650
1605.47,-81.887
1605.96,-81.932
1606.45,-79.953
1606.93,-82.565
1607.42,-83.137
1607.91,-80.999
1608.40,-82.103
1608.89,-81.909
1609.38,-81.265
1609.86,-81.683
1610.35,-81.994
1610.84,-82.836
1611.33,-80.565
1611.82,-80.518
1612.30,-82.273
1612.79,-80.725
1613.28,-83.245
1613.77,-80.486
1614.26,-83.235
1614.75,-80.584
1615.23,-82.328
1615.72,-81.102
1616.21,-82.683
1616.70,-81.149
1617.19,-80.732
1617.68,-82.474
1618.16,-80.719
1618.65,-81.603
1619.14,-81.757
1619.63,-81.875
1620.12,-80.735
1620.61,-80.134
1621.09,-83.056
1621.58,-82.941
1622.07,-81.561
1622.56,-81.122
1623.05,-81.016
1623.54,-81.387
1624.02,-82.084
1624.51,-81.664
1625.00,-81.875
1625.49,-80.285
1625.98,-81.230
1626.46,-81.405
1626.95,-83.194
1627.44,-81.339
1627.93,-81.702
1628.42,-81.652
1628.91,-81.000
1629.39,-81.778
1629.88,-80.190
1630.37,-80.435
1630.86,-82.319
1631.35,-82.886
1631.84,-82.636
1632.32,-81.526
1632.81,-82.089
1633.30,-82.233
1633.79,-82.485
1634.28,-81.932
1634.77,-80.148
1635.25,-81.944
1635.74,-82.563
1636.23,-79.965
1636.72,-81.991
1637.21,-81.450
1637.70,-81.931
1638.18,-81.616
1638.67,-79.164
1639.16,-80.004
1639.65,-79.920
1640.14,-80.362
1640.62,-80.574
1641.11,-81.821
1641.60,-81.144
1642.09,-80.045
1642.58,-79.855
1643.07,-82.237
1643.55,-82.806
1644.04,-80.213
1644.53,-80.683
1645.02,-81.487
1645.51,-80.133
1646.00,-81.252
1646.48,-81.367
1646.97,-81.242
1647.46,-80.497
1647.95,-82.728
1648.44,-81.241
1648.93,-81.228
1649.41,-80.005
1649.90,-81.246
1650.39,-81.122
1650.88,-80.447
1651.37,-82.244
1651.86,-81.530
1652.34,-82.611
1652.83,-81.856
1653.32,-80.028
1653.81,-80.042
1654.30,-80.119
1654.79,-79.738
1655.27,-81.903
1655.76,-80.134
1656.25,-80.856
1656.74,-78.989
1657.23,-79.205
1657.71,-80.766
1658.20,-80.676
1658.69,-81.897
1659.18,-80.319
1659.67,-81.806
1660.16,-80.279
1660.64,-80.349
1661.13,-80.531
1661.62,-80.376
1662.11,-80.622
1662.60,-80.630
1663.09,-80.364
1663.57,-79.711
1664.06,-80.468
1664.55,-80.439
1665.04,-79.375
1665.53,-79.374
1666.02,-79.881
1666.50,-80.645
1666.99,-79.128
1667.48,-81.137
1667.97,-80.513
1668.46,-80.932
1668.95,-80.160
1669.43,-80.034
1669.92,-80.651
1670.41,-80.287
1670.90,-82.252
1671.39,-79.408
1671.88,-81.836
1672.36,-81.793
1672.85,-80.751
1673.34,-79.387
1673.83,-83.140
1674.32,-81.824
1674.80,-80.716
1675.29,-79.941
1675.78,-80.501
1676.27,-80.549
1676.76,-81.471
1677.25,-81.457
1677.73,-80.705
1678.22,-81.982
1678.71,-81.386
1679.20,-80.463
1679.69,-80.505
1680.18,-83.307
1680.66,-81.098
1681.15,-79.470
1681.64,-80.263
1682.13,-80.474
1682.62,-79.434
1683.11,-78.589
1683.59,-80.586
1684.08,-79.856
1684.57,-79.691
1685.06,-80.253
1685.55,-81.914
1686.04,-77.910
1686.52,-79.568
1687.01,-80.187
1687.50,-80.816
1687.99,-81.683
1688.48,-81.212
1688.96,-80.044
1689.45,-80.772
1689.94,-78.738
1690.43,-79.768
1690.92,-79.571
1691.41,-78.251
1691.89,-79.794
1692.38,-80.295
1692.87,-78.396
1693.36,-79.340
1693.85,-79.868
1694.34,-79.131
1694.82,-79.528
1695.31,-79.330
1695.80,-79.007
1696.29,-79.630
1696.78,-79.458
1697.27,-79.737
1697.75,-78.637
1698.24,-78.356
1698.73,-80.049
1699.22,-79.423
1699.71,-80.340
1700.20,-79.961
1700.68,-78.055
1701.17,-80.765
1701.66,-80.738
1702.15,-79.917
1702.64,-79.239
1703.12,-79.183
1703.61,-78.697
1704.10,-80.642
1704.59,-80.238
1705.08,-81.139
1705.57,-78.847
1706.05,-79.245
1706.54,-79.469
1707.03,-78.695
1707.52,-79.278
1708.01,-79.300
1708.50,-80.506
1708.98,-79.520
1709.47,-78.686
1709.96,-80.390
1710.45,-79.530
1710.94,-78.011
1711.43,-78.711
1711.91,-78.511
1712.40,-78.884
1712.89,-79.547
1713.38,-79.992
1713.87,-79.729
1714.36,-78.523
1714.84,-77.961
1715.33,-79.126
1715.82,-79.638
1716.31,-78.534
1716.80,-79.450
1717.29,-79.182
1717.77,-79.424
1718.26,-78.297
1718.75,-78.362
1719.24,-78.972
1719.73,-78.321
1720.21,-79.505
1720.70,-79.342
1721.19,-78.770
1721.68,-78.196
1722.17,-77.485
1722.66,-77.706
1723.14,-78.774
1723.63,-78.793
1724.12,-80.322
1724.61,-77.876
1725.10,-78.499
1725.59,-79.060
1726.07,-76.426
1726.56,-79.083
1727.05,-79.389
1727.54,-78.157
1728.03,-78.877
1728.52,-78.083
1729.00,-77.634
1729.49,-77.047
1729.98,-80.258
1730.47,-78.509
1730.96,-79.386
1731.45,-79.731
1731.93,-76.308
1732.42,-78.706
1732.91,-79.701
1733.40,-79.076
1733.89,-77.937
1734.38,-78.629
1734.86,-80.001
1735.35,-77.842
1735.84,-79.507
1736.33,-78.145
1736.82,-77.694
1737.30,-77.299
1737.79,-77.831
1738.28,-78.363
1738.77,-77.983
1739.26,-77.844
1739.75,-78.963
1740.23,-77.910
1740.72,-77.288
1741.21,-75.967
1741.70,-75.802
1742.19,-77.949
1742.68,-76.557
1743.16,-76.085
1743.65,-78.820
1744.14,-76.744
1744.63,-77.079
1745.12,-77.042
1745.61,-76.593
1746.09,-78.807
1746.58,-76.636
1747.07,-76.426
1747.56,-75.158
1748.05,-76.510
1748.54,-78.801
1749.02,-77.106
1749.51,-76.038
1750.00,-75.864
1750.49,-77.773
1750.98,-76.881
1751.46,-75.698
1751.95,-77.478
1752.44,-77.831
1752.93,-76.333
1753.42,-77.185
1753.91,-76.758
1754.39,-78.998
1754.88,-77.229
1755.37,-76.330
1755.86,-75.207
1756.35,-75.861
1756.84,-77.188
1757.32,-75.814
1757.81,-76.348
1758.30,-76.337
1758.79,-74.297
1759.28,-78.471
1759.77,-77.175
1760.25,-75.434
1760.74,-76.887
1761.23,-77.130
1761.72,-76.259
1762.21,-76.812
1762.70,-76.740
1763.18,-76.690
1763.67,-74.764
1764.16,-76.119
1764.65,-76.729
1765.14,-77.304
1765.62,-77.200
1766.11,-75.738
1766.60,-75.731
1767.09,-74.940
1767.58,-76.232
1768.07,-77.209
1768.55,-74.933
1769.04,-75.694
1769.53,-74.476
1770.02,-75.605
1770.51,-75.106
1771.00,-76.204
1771.48,-76.219
1771.97,-75.689
1772.46,-76.738
1772.95,-76.870
1773.44,-77.540
1773.93,-76.083
1774.41,-73.497
1774.90,-76.566
1775.39,-75.799
1775.88,-76.715
1776.37,-74.650
1776.86,-75.412
1777.34,-74.647
1777.83,-75.188
1778.32,-75.089
1778.81,-73.987
1779.30,-74.034
1779.79,-74.813
1780.27,-73.269
1780.76,-73.901
1781.25,-75.636
1781.74,-75.114
1782.23,-73.641
1782.71,-73.943
1783.20,-72.770
1783.69,-74.227
1784.18,-74.462
1784.67,-75.295
1785.16,-73.877
1785.64,-73.405
1786.13,-74.899
1786.62,-71.952
1787.11,-74.215
1787.60,-74.779
1788.09,-73.164
1788.57,-71.472
1789.06,-74.948
1789.55,-74.161
1790.04,-73.790
1790.53,-73.054
1791.02,-74.626
1791.50,-73.519
1791.99,-72.927
1792.48,-72.349
1792.97,-73.732
1793.46,-72.283
1793.95,-74.813
1794.43,-72.151
1794.92,-74.269
1795.41,-72.995
1795.90,-74.782
1796.39,-73.065
1796.88,-70.959
1797.36,-72.123
1797.85,-72.228
1798.34,-72.234
1798.83,-71.725
1799.32,-73.779
1799.80,-73.856
1800.29,-72.378
1800.78,-73.363
1801.27,-71.550
1801.76,-71.272
1802.25,-71.361
1802.73,-72.306
1803.22,-71.548
1803.71,-70.723
1804.20,-71.831
1804.69,-71.429
1805.18,-71.528
1805.66,-71.128
1806.15,-71.645
1806.64,-72.936
1807.13,-72.472
1807.62,-69.157
1808.11,-71.165
1808.59,-70.137
1809.08,-70.754
1809.57,-70.468
1810.06,-69.852
1810.55,-71.041
1811.04,-71.072
1811.52,-71.056
1812.01,-69.399
1812.50,-69.896
1812.99,-70.630
1813.48,-69.849
1813.96,-70.094
1814.45,-69.600
1814.94,-70.591
1815.43,-70.003
1815.92,-70.756
1816.41,-70.752
1816.89,-69.712
1817.38,-69.917
1817.87,-71.631
1818.36,-68.189
1818.85,-69.094
1819.34,-70.151
1819.82,-68.350
1820.31,-69.024
1820.80,-67.869
1821.29,-67.910
1821.78,-68.721
1822.27,-66.443
1822.75,-68.759
1823.24,-68.059
1823.73,-67.430
1824.22,-69.059
1824.71,-67.771
1825.20,-67.292
1825.68,-68.702
1826.17,-70.331
1826.66,-68.139
1827.15,-68.965
1827.64,-67.990
1828.12,-66.879
1828.61,-67.785
1829.10,-66.653
1829.59,-67.303
1830.08,-68.063
1830.57,-65.748
1831.05,-66.133
1831.54,-67.679
1832.03,-66.551
1832.52,-67.293
1833.01,-65.459
1833.50,-67.141
1833.98,-65.695
1834.47,-66.275
1834.96,-66.308
1835.45,-65.503
1835.94,-65.921
1836.43,-64.629
1836.91,-65.582
1837.40,-65.711
1837.89,-63.852
1838.38,-66.502
1838.87,-65.079
1839.36,-63.907
1839.84,-64.790
1840.33,-66.593
1840.82,-65.336
1841.31,-64.752
1841.80,-65.108
1842.29,-62.547
1842.77,-63.560
1843.26,-62.424
1843.75,-64.014
1844.24,-63.876
1844.73,-66.463
1845.21,-63.728
1845.70,-63.050
1846.19,-63.999
1846.68,-64.797
1847.17,-62.032
1847.66,-63.505
1848.14,-63.604
1848.63,-63.745
1849.12,-64.330
1849.61,-63.438
1850.10,-63.320
1850.59,-63.738
1851.07,-62.806
1851.56,-62.215
1852.05,-63.834
1852.54,-62.016
1853.03,-59.861
1853.52,-61.319
1854.00,-60.362
1854.49,-61.792
1854.98,-62.297
1855.47,-62.128
1855.96,-61.348
1856.45,-62.870
1856.93,-61.964
1857.42,-61.556
1857.91,-60.090
1858.40,-60.964
1858.89,-60.751
1859.38,-61.210
1859.86,-59.899
1860.35,-60.723
1860.84,-61.476
1861.33,-62.689
1861.82,-62.684
1862.30,-62.714
1862.79,-60.865
1863.28,-62.455
1863.77,-61.180
1864.26,-62.809
1864.75,-62.413
1865.23,-62.478
1865.72,-62.274
1866.21,-62.318
1866.70,-60.413
1867.19,-60.763
1867.68,-63.930
1868.16,-62.228
1868.65,-63.729
1869.14,-62.567
1869.63,-62.286
1870.12,-61.721
1870.61,-61.889
1871.09,-61.426
1871.58,-62.285
1872.07,-62.597
1872.56,-64.395
1873.05,-62.259
1873.54,-63.357
1874.02,-64.164
1874.51,-63.774
1875.00,-64.462
1875.49,-62.649
1875.98,-62.785
1876.46,-65.143
1876.95,-64.205
1877.44,-63.025
1877.93,-65.316
1878.42,-64.835
1878.91,-64.181
1879.39,-64.619
1879.88,-63.561
1880.37,-65.065
1880.86,-62.998
1881.35,-64.291
1881.84,-66.747
1882.32,-64.181
1882.81,-64.293
1883.30,-65.173
1883.79,-65.897
1884.28,-66.489
1884.77,-65.692
1885.25,-65.459
1885.74,-64.883
1886.23,-64.896
1886.72,-64.748
1887.21,-64.316
1887.70,-65.681
1888.18,-64.846
1888.67,-64.949
1889.16,-65.708
1889.65,-65.825
1890.14,-67.402
1890.62,-66.864
1891.11,-66.988
1891.60,-66.419
1892.09,-67.084
1892.58,-66.548
1893.07,-67.965
1893.55,-67.687
1894.04,-67.504
1894.53,-68.750
1895.02,-67.846
1895.51,-66.168
1896.00,-66.490
1896.48,-65.820
1896.97,-66.442
1897.46,-67.191
1897.95,-68.261
1898.44,-66.753
1898.93,-68.416
1899.41,-68.360
1899.90,-70.344
1900.39,-69.219
1900.88,-66.326
1901.37,-67.738
1901.86,-66.785
1902.34,-69.000
1902.83,-68.573
1903.32,-69.294
1903.81,-67.390
1904.30,-67.363
1904.79,-67.997
1905.27,-68.948
1905.76,-68.816
1906.25,-69.409
1906.74,-68.902
1907.23,-69.727
1907.71,-70.055
1908.20,-68.865
1908.69,-68.495
1909.18,-69.305
1909.67,-70.148
1910.16,-69.009
1910.64,-69.734
1911.13,-68.277
1911.62,-68.422
1912.11,-68.096
1912.60,-70.062
1913.09,-68.811
1913.57,-70.343
1914.06,-70.177
1914.55,-69.794
1915.04,-69.821
1915.53,-68.255
1916.02,-69.417
1916.50,-69.513
1916.99,-69.595
1917.48,-69.165
1917.97,-70.382
1918.46,-70.286
1918.95,-71.454
1919.43,-69.887
1919.92,-73.315
1920.41,-72.172
1920.90,-70.283
1921.39,-69.812
1921.88,-69.746
1922.36,-72.578
1922.85,-70.699
1923.34,-70.306
1923.83,-68.703
1924.32,-71.965
1924.80,-72.175
1925.29,-71.575
1925.78,-70.845
1926.27,-71.639
1926.76,-70.161
1927.25,-72.190
1927.73,-70.054
1928.22,-71.966
1928.71,-70.696
1929.20,-72.646
1929.69,-72.331
1930.18,-71.168
1930.66,-72.547
1931.15,-71.635
1931.64,-71.510
1932.13,-72.463
1932.62,-70.693
1933.11,-71.759
1933.59,-71.732
1934.08,-71.875
1934.57,-71.076
1935.06,-71.731
1935.55,-73.623
1936.04,-73.116
1936.52,-72.620
1937.01,-71.155
1937.50,-70.836
1937.99,-73.465
1938.48,-72.344
1938.96,-72.589
1939.45,-72.914
1939.94,-71.445
1940.43,-73.447
1940.92,-72.806
1941.41,-73.455
1941.89,-72.156
1942.38,-73.163
1942.87,-73.089
1943.36,-74.601
1943.85,-73.649
1944.34,-74.203
1944.82,-74.237
1945.31,-72.349
1945.80,-72.708
1946.29,-71.464
1946.78,-71.530
1947.27,-72.971
1947.75,-73.718
1948.24,-71.834
1948.73,-72.722
1949.22,-73.901
1949.71,-73.809
1950.20,-74.105
1950.68,-73.543
1951.17,-72.721
1951.66,-72.263
1952.15,-73.306
1952.64,-73.175
1953.12,-74.441
1953.61,-73.268
1954.10,-73.360
1954.59,-73.496
1955.08,-75.830
1955.57,-73.207
1956.05,-72.273
1956.54,-72.866
1957.03,-73.962
1957.52,-72.919
1958.01,-73.920
1958.50,-74.962
1958.98,-73.792
1959.47,-74.519
1959.96,-73.985
1960.45,-73.661
1960.94,-74.211
1961.43,-73.907
1961.91,-74.266
1962.40,-73.669
1962.89,-72.432
1963.38,-74.885
1963.87,-74.425
1964.36,-74.506
1964.84,-73.930
1965.33,-73.860
1965.82,-74.544
1966.31,-75.434
1966.80,-74.951
1967.29,-73.442
1967.77,-73.303
1968.26,-74.396
1968.75,-74.569
1969.24,-74.627
1969.73,-74.338
1970.21,-73.049
1970.70,-74.428
1971.19,-73.600
1971.68,-72.513
1972.17,-74.936
1972.66,-74.465
1973.14,-76.771
1973.63,-74.016
1974.12,-74.623
1974.61,-74.636
1975.10,-75.477
1975.59,-75.728
1976.07,-74.556
1976.56,-76.362
1977.05,-74.559
1977.54,-73.853
1978.03,-76.045
1978.52,-74.242
1979.00,-74.090
1979.49,-74.622
1979.98,-76.109
1980.47,-75.929
1980.96,-76.785
1981.45,-75.028
1981.93,-74.668
1982.42,-73.419
1982.91,-76.140
1983.40,-76.171
1983.89,-76.414
1984.38,-74.140
1984.86,-75.850
1985.35,-75.160
1985.84,-74.899
1986.33,-75.572
1986.82,-75.207
1987.30,-76.185
1987.79,-74.506
1988.28,-76.115
1988.77,-74.724
1989.26,-75.850
1989.75,-74.315
1990.23,-75.165
1990.72,-72.670
1991.21,-74.947
1991.70,-74.593
1992.19,-75.358
1992.68,-73.966
1993.16,-75.300
1993.65,-74.845
1994.14,-75.057
1994.63,-76.470
1995.12,-75.575
1995.61,-76.738
1996.09,-75.086
1996.58,-75.525
1997.07,-77.321
1997.56,-76.452
1998.05,-76.313
1998.54,-74.747
1999.02,-74.773
1999.51,-74.471
2000.00,-74.707
2000.49,-75.665
2000.98,-75.332
2001.46,-76.426
2001.95,-75.733
2002.44,-76.240
2002.93,-76.303
2003.42,-76.526
2003.91,-76.736
2004.39,-75.168
2004.88,-76.330
2005.37,-76.419
2005.86,-75.998
2006.35,-76.067
2006.84,-75.235
2007.32,-75.173
2007.81,-74.019
2008.30,-76.498
2008.79,-77.349
2009.28,-76.142
2009.77,-75.872
2010.25,-74.250
2010.74,-74.979
2011.23,-74.756
2011.72,-75.231
2012.21,-76.392
2012.70,-75.061
2013.18,-75.566
2013.67,-76.420
2014.16,-75.870
2014.65,-76.263
2015.14,-75.770
2015.62,-75.204
2016.11,-75.435
2016.60,-76.285
2017.09,-75.995
2017.58,-75.604
2018.07,-76.630
2018.55,-76.622
2019.04,-77.021
2019.53,-74.602
2020.02,-74.989
2020.51,-75.104
2021.00,-75.871
2021.48,-76.672
2021.97,-76.872
2022.46,-76.625
2022.95,-74.926
2023.44,-74.712
2023.93,-75.516
2024.41,-75.732
2024.90,-76.859
2025.39,-76.033
2025.88,-75.798
2026.37,-76.654
2026.86,-74.863
2027.34,-76.794
2027.83,-76.039
2028.32,-77.810
2028.81,-75.566
2029.30,-74.898
2029.79,-74.679
2030.27,-76.881
2030.76,-75.379
2031.25,-76.591
2031.74,-75.953
2032.23,-76.728
2032.71,-75.212
2033.20,-77.706
2033.69,-77.778
2034.18,-75.818
2034.67,-77.014
2035.16,-75.705
2035.64,-76.652
2036.13,-75.610
2036.62,-76.333
2037.11,-75.629
2037.60,-76.647
2038.09,-76.681
2038.57,-76.041
2039.06,-76.245
2039.55,-74.626
2040.04,-75.476
2040.53,-75.535
2041.02,-76.252
2041.50,-74.802
2041.99,-75.257
2042.48,-77.971
2042.97,-78.166
2043.46,-76.586
2043.95,-77.914
2044.43,-78.927
2044.92,-75.305
2045.41,-75.000
2045.90,-76.434
2046.39,-75.913
2046.88,-75.648
2047.36,-76.494
2047.85,-76.651
2048.34,-78.593
2048.83,-76.065
2049.32,-77.203
2049.80,-76.422
2050.29,-78.549
2050.78,-76.174
2051.27,-77.953
2051.76,-77.855
2052.25,-76.706
2052.73,-77.313
2053.22,-75.450
2053.71,-76.762
2054.20,-76.456
2054.69,-75.645
2055.18,-76.060
2055.66,-76.252
2056.15,-75.836
2056.64,-77.353
2057.13,-76.538
2057.62,-76.329
2058.11,-75.468
2058.59,-76.447
2059.08,-76.707
2059.57,-76.098
2060.06,-76.948
2060.55,-77.314
2061.04,-76.921
2061.52,-78.117
2062.01,-76.886
2062.50,-77.414
2062.99,-75.291
2063.48,-76.331
2063.96,-76.688
2064.45,-75.640
2064.94,-75.445
2065.43,-76.359
2065.92,-77.185
2066.41,-77.338
2066.89,-76.746
2067.38,-75.144
2067.87,-76.607
2068.36,-76.021
2068.85,-77.920
2069.34,-77.159
2069.82,-77.091
2070.31,-77.112
2070.80,-77.214
2071.29,-77.542
2071.78,-77.870
2072.27,-77.292
2072.75,-75.216
2073.24,-77.540
2073.73,-76.962
2074.22,-75.761
2074.71,-77.590
2075.20,-75.612
2075.68,-74.556
2076.17,-76.366
2076.66,-75.565
2077.15,-75.400
2077.64,-76.442
2078.12,-75.257
2078.61,-77.022
2079.10,-77.681
2079.59,-77.647
2080.08,-77.196
2080.57,-78.312
2081.05,-75.685
2081.54,-75.903
2082.03,-74.666
2082.52,-74.766
2083.01,-76.231
2083.50,-75.908
2083.98,-76.156
2084.47,-75.647
2084.96,-76.772
2085.45,-75.645
2085.94,-76.921
2086.43,-75.359
2086.91,-75.717
2087.40,-75.732
2087.89,-75.025
2088.38,-77.425
2088.87,-77.372
2089.36,-76.547
2089.84,-76.193
2090.33,-76.777
2090.82,-76.453
2091.31,-75.502
2091.80,-75.497
2092.29,-76.351
2092.77,-74.992
2093.26,-74.653
2093.75,-73.548
2094.24,-75.489
2094.73,-75.944
2095.21,-74.410
2095.70,-76.346
2096.19,-76.143
2096.68,-75.565
2097.17,-76.060
2097.66,-77.431
2098.14,-76.131
2098.63,-74.952
2099.12,-75.708
2099.61,-76.362
2100.10,-76.621
2100.59,-75.415
2101.07,-76.196
2101.56,-77.026
2102.05,-76.894
2102.54,-76.976
2103.03,-76.176
2103.52,-77.325
2104.00,-76.191
2104.49,-75.949
2104.98,-78.318
2105.47,-76.418
2105.96,-76.379
2106.45,-76.315
2106.93,-74.605
2107.42,-75.775
2107.91,-76.212
2108.40,-76.336
2108.89,-76.870
2109.38,-75.470
2109.86,-75.455
2110.35,-75.475
2110.84,-76.258
2111.33,-76.525
2111.82,-76.014
2112.30,-75.610
2112.79,-75.609
2113.28,-76.288
2113.77,-75.506
2114.26,-75.725
2114.75,-76.564
2115.23,-74.697
2115.72,-75.966
2116.21,-74.699
2116.70,-76.227
2117.19,-74.699
2117.68,-73.657
2118.16,-75.844
2118.65,-75.707
2119.14,-75.156
2119.63,-74.982
2120.12,-76.225
2120.61,-76.923
2121.09,-75.966
2121.58,-75.956
2122.07,-75.055
2122.56,-75.906
2123.05,-76.056
2123.54,-75.831
2124.02,-75.673
2124.51,-76.979
2125.00,-76.265
2125.49,-74.909
2125.98,-74.654
2126.46,-75.976
2126.95,-74.556
2127.44,-74.194
2127.93,-75.915
2128.42,-76.290
2128.91,-74.915
2129.39,-76.793
2129.88,-75.373
2130.37,-74.475
2130.86,-75.992
2131.35,-75.990
2131.84,-75.678
2132.32,-74.238
2132.81,-75.507
2133.30,-76.055
2133.79,-75.826
2134.28,-74.883
2134.77,-75.346
2135.25,-75.289
2135.74,-73.881
2136.23,-76.842
2136.72,-74.620
2137.21,-75.063
2137.70,-74.775
2138.18,-74.990
2138.67,-74.126
2139.16,-75.742
2139.65,-74.578
2140.14,-75.736
2140.62,-74.478
2141.11,-76.916
2141.60,-76.379
2142.09,-77.421
2142.58,-74.426
2143.07,-74.065
2143.55,-76.362
2144.04,-74.565
2144.53,-74.495
2145.02,-76.315
2145.51,-76.147
2146.00,-76.112
2146.48,-75.702
2146.97,-75.003
2147.46,-75.378
2147.95,-75.333
2148.44,-75.809
2148.93,-75.003
2149.41,-75.484
2149.90,-74.643
2150.39,-76.667
2150.88,-75.244
2151.37,-74.951
2151.86,-76.225
2152.34,-75.948
2152.83,-76.245
2153.32,-74.870
2153.81,-73.691
2154.30,-75.206
2154.79,-74.601
2155.27,-77.526
2155.76,-73.634
2156.25,-74.307
2156.74,-74.220
2157.23,-73.675
2157.71,-76.159
2158.20,-74.584
2158.69,-75.314
2159.18,-74.671
2159.67,-74.049
2160.16,-71.902
2160.64,-73.000
2161.13,-74.469
2161.62,-74.414
2162.11,-73.292
2162.60,-75.734
2163.09,-73.353
2163.57,-73.520
2164.06,-73.766
2164.55,-72.734
2165.04,-72.795
2165.53,-74.792
2166.02,-73.280
2166.50,-74.177
2166.99,-74.240
2167.48,-75.070
2167.97,-76.836
2168.46,-74.555
2168.95,-74.227
2169.43,-73.625
2169.92,-74.665
2170.41,-74.337
2170.90,-75.353
2171.39,-74.261
2171.88,-73.714
2172.36,-73.791
2172.85,-76.150
2173.34,-73.331
2173.83,-73.233
2174.32,-74.232
2174.80,-72.883
2175.29,-73.494
2175.78,-72.892
2176.27,-75.027
2176.76,-74.072
2177.25,-71.886
2177.73,-75.966
2178.22,-74.453
2178.71,-74.385
2179.20,-73.876
2179.69,-73.703
2180.18,-74.026
2180.66,-74.104
2181.15,-74.189
2181.64,-74.584
2182.13,-74.853
2182.62,-73.585
2183.11,-75.300
2183.59,-74.023
2184.08,-72.902
2184.57,-73.318
2185.06,-73.258
2185.55,-73.285
2186.04,-74.691
2186.52,-74.239
2187.01,-73.141
2187.50,-73.122
2187.99,-74.499
2188.48,-71.932
2188.96,-71.470
2189.45,-73.490
2189.94,-73.998
2190.43,-75.333
2190.92,-75.307
2191.41,-72.917
2191.89,-73.683
2192.38,-72.259
2192.87,-73.503
2193.36,-72.759
2193.85,-73.246
2194.34,-73.489
2194.82,-73.495
2195.31,-72.950
2195.80,-72.653
2196.29,-72.802
2196.78,-72.378
2197.27,-73.181
2197.75,-71.204
2198.24,-73.862
2198.73,-72.655
2199.22,-71.874
2199.71,-72.831
2200.20,-70.381
2200.68,-72.242
2201.17,-73.116
2201.66,-72.678
2202.15,-73.143
2202.64,-71.646
2203.12,-71.444
2203.61,-72.400
2204.10,-72.425
2204.59,-71.160
2205.08,-72.539
2205.57,-71.779
2206.05,-70.578
2206.54,-72.027
2207.03,-71.610
2207.52,-71.122
2208.01,-72.902
2208.50,-70.718
2208.98,-70.278
2209.47,-73.167
2209.96,-71.139
2210.45,-70.712
2210.94,-72.435
2211.43,-71.830
2211.91,-71.024
2212.40,-70.630
2212.89,-70.822
2213.38,-70.648
2213.87,-71.975
2214.36,-70.604
2214.84,-69.352
2215.33,-72.136
2215.82,-71.222
2216.31,-71.261
2216.80,-71.891
2217.29,-71.299
2217.77,-70.503
2218.26,-70.762
2218.75,-72.193
2219.24,-71.647
2219.73,-70.602
2220.21,-69.739
2220.70,-71.800
2221.19,-71.171
2221.68,-70.684
2222.17,-71.591
2222.66,-72.232
2223.14,-71.036
2223.63,-71.340
2224.12,-70.553
2224.61,-68.803
2225.10,-71.046
2225.59,-69.900
2226.07,-72.143
2226.56,-71.868
2227.05,-68.783
2227.54,-68.663
2228.03,-70.101
2228.52,-70.693
2229.00,-70.705
2229.49,-70.467
2229.98,-68.745
2230.47,-70.235
2230.96,-71.079
2231.45,-69.384
2231.93,-70.386
2232.42,-69.328
2232.91,-68.859
2233.40,-68.991
2233.89,-67.143
2234.38,-69.638
2234.86,-68.892
2235.35,-68.828
2235.84,-72.222
2236.33,-69.686
2236.82,-70.110
2237.30,-70.500
2237.79,-67.475
2238.28,-69.281
2238.77,-68.820
2239.26,-69.232
2239.75,-69.375
2240.23,-69.658
2240.72,-69.933
2241.21,-70.047
2241.70,-69.418
2242.19,-69.149
2242.68,-68.742
2243.16,-69.335
2243.65,-69.465
2244.14,-66.976
2244.63,-69.202
2245.12,-69.755
2245.61,-69.054
2246.09,-68.066
2246.58,-68.332
2247.07,-68.430
2247.56,-68.532
2248.05,-68.959
2248.54,-68.570
2249.02,-66.749
2249.51,-69.054
2250.00,-67.467
2250.49,-68.351
2250.98,-67.577
2251.46,-68.037
2251.95,-67.437
2252.44,-68.637
2252.93,-65.847
2253.42,-66.808
2253.91,-67.996
2254.39,-66.104
2254.88,-66.012
2255.37,-65.570
2255.86,-67.184
2256.35,-66.648
2256.84,-67.015
2257.32,-67.252
2257.81,-66.792
2258.30,-67.901
2258.79,-67.749
2259.28,-67.794
2259.77,-70.124
2260.25,-68.273
2260.74,-66.083
2261.23,-65.510
2261.72,-67.048
2262.21,-67.150
2262.70,-66.591
2263.18,-64.808
2263.67,-65.445
2264.16,-65.178
2264.65,-64.522
2265.14,-65.123
2265.62,-65.903
2266.11,-65.766
2266.60,-65.641
2267.09,-64.758
2267.58,-66.701
2268.07,-64.526
2268.55,-65.173
2269.04,-64.647
2269.53,-64.508
2270.02,-65.494
2270.51,-63.484
2271.00,-64.190
2271.48,-65.033
2271.97,-64.463
2272.46,-64.075
2272.95,-64.959
2273.44,-63.492
2273.93,-63.891
2274.41,-64.111
2274.90,-65.024
2275.39,-61.910
2275.88,-63.189
2276.37,-67.031
2276.86,-64.335
2277.34,-63.924
2277.83,-62.889
2278.32,-62.822
2278.81,-63.282
2279.30,-62.044
2279.79,-62.114
2280.27,-65.274
2280.76,-63.206
2281.25,-63.111
2281.74,-65.029
2282.23,-63.105
2282.71,-63.588
2283.20,-62.895
2283.69,-62.859
2284.18,-61.468
2284.67,-63.585
2285.16,-62.925
2285.64,-63.674
2286.13,-63.517
2286.62,-60.962
2287.11,-62.595
2287.60,-58.887
2288.09,-62.251
2288.57,-62.057
2289.06,-60.815
2289.55,-59.554
2290.04,-60.224
2290.53,-60.220
2291.02,-58.539
2291.50,-60.773
2291.99,-61.156
2292.48,-59.713
2292.97,-57.911
2293.46,-59.477
2293.95,-61.470
2294.43,-60.137
2294.92,-62.447
2295.41,-60.847
2295.90,-59.998
2296.39,-61.312
2296.88,-59.473
2297.36,-62.265
2297.85,-59.679
2298.34,-60.364
2298.83,-60.376
2299.32,-58.617
2299.80,-58.653
2300.29,-59.135
2300.78,-60.351
2301.27,-57.887
2301.76,-60.450
2302.25,-59.096
2302.73,-60.488
2303.22,-59.275
2303.71,-57.506
2304.20,-59.296
2304.69,-57.772
2305.18,-58.246
2305.66,-57.394
2306.15,-58.574
2306.64,-57.550
2307.13,-57.268
2307.62,-57.409
2308.11,-57.507
2308.59,-56.947
2309.08,-58.626
2309.57,-57.192
2310.06,-60.038
2310.55,-57.819
2311.04,-56.242
2311.52,-57.424
2312.01,-57.325
2312.50,-58.182
2312.99,-55.978
2313.48,-56.879
2313.96,-56.341
2314.45,-56.018
2314.94,-56.027
2315.43,-56.519
2315.92,-57.872
2316.41,-56.234
2316.89,-58.105
2317.38,-58.471
2317.87,-56.489
2318.36,-56.121
2318.85,-57.386
2319.34,-56.352
2319.82,-56.731
2320.31,-57.514
2320.80,-57.401
2321.29,-57.193
2321.78,-56.905
2322.27,-58.297
2322.75,-57.243
2323.24,-57.279
2323.73,-56.707
2324.22,-58.293
2324.71,-58.249
2325.20,-57.610
2325.68,-58.058
2326.17,-57.979
2326.66,-58.630
2327.15,-59.087
2327.64,-58.151
2328.12,-59.335
2328.61,-58.910
2329.10,-58.972
2329.59,-58.263
2330.08,-59.739
2330.57,-59.258
2331.05,-58.738
2331.54,-58.019
2332.03,-59.255
2332.52,-59.996
2333.01,-58.101
2333.50,-58.386
2333.98,-58.906
2334.47,-59.403
2334.96,-59.074
2335.45,-57.615
2335.94,-58.162
2336.43,-59.346
2336.91,-59.881
2337.40,-59.798
2337.89,-59.405
2338.38,-59.697
2338.87,-60.733
2339.36,-60.280
2339.84,-61.460
2340.33,-60.685
2340.82,-61.786
2341.31,-58.990
2341.80,-58.662
2342.29,-60.122
2342.77,-60.341
2343.26,-60.728
2343.75,-60.008
2344.24,-60.735
2344.73,-60.875
2345.21,-60.574
2345.70,-62.065
2346.19,-59.673
2346.68,-59.817
2347.17,-62.670
2347.66,-62.630
2348.14,-63.232
2348.63,-60.863
2349.12,-62.768
2349.61,-61.886
2350.10,-59.474
2350.59,-62.816
2351.07,-63.222
2351.56,-62.214
2352.05,-63.249
2352.54,-61.817
2353.03,-62.972
2353.52,-62.177
2354.00,-62.194
2354.49,-62.427
2354.98,-61.871
2355.47,-61.349
2355.96,-61.312
2356.45,-63.337
2356.93,-62.620
2357.42,-62.173
2357.91,-63.735
2358.40,-60.942
2358.89,-61.777
2359.38,-64.176
2359.86,-62.262
2360.35,-64.839
2360.84,-64.589
2361.33,-62.859
2361.82,-63.378
2362.30,-63.313
2362.79,-64.909
2363.28,-64.097
2363.77,-62.852
2364.26,-64.729
2364.75,-62.793
2365.23,-62.118
2365.72,-63.759
2366.21,-62.941
2366.70,-64.159
2367.19,-65.950
2367.68,-64.402
2368.16,-64.270
2368.65,-64.917
2369.14,-63.811
2369.63,-63.671
2370.12,-63.749
2370.61,-63.007
2371.09,-63.820
2371.58,-65.256
2372.07,-65.517
2372.56,-64.993
2373.05,-65.415
2373.54,-64.575
2374.02,-63.833
2374.51,-63.877
2375.00,-66.697
2375.49,-66.004
2375.98,-64.407
2376.46,-63.891
2376.95,-64.164
2377.44,-66.184
2377.93,-65.927
2378.42,-64.283
2378.91,-65.842
2379.39,-64.906
2379.88,-66.551
2380.37,-66.314
2380.86,-64.218
2381.35,-65.276
2381.84,-63.793
2382.32,-66.790
2382.81,-64.528
2383.30,-65.341
2383.79,-64.570
2384.28,-65.944
2384.77,-66.327
2385.25,-66.360
2385.74,-66.637
2386.23,-65.350
2386.72,-70.281
2387.21,-66.089
2387.70,-65.531
2388.18,-65.910
2388.67,-66.007
2389.16,-65.991
2389.65,-65.493
2390.14,-66.786
2390.62,-65.470
2391.11,-65.345
2391.60,-66.600
2392.09,-68.267
2392.58,-67.110
2393.07,-66.136
2393.55,-65.308
2394.04,-67.519
2394.53,-66.694
2395.02,-66.735
2395.51,-67.208
2396.00,-67.111
2396.48,-67.029
2396.97,-65.161
2397.46,-66.441
2397.95,-66.066
2398.44,-67.373
2398.93,-68.542
2399.41,-66.387
2399.90,-67.359
2400.39,-66.269
2400.88,-66.812
2401.37,-65.584
2401.86,-66.445
2402.34,-66.177
2402.83,-66.229
2403.32,-66.606
2403.81,-66.565
2404.30,-67.118
2404.79,-65.873
2405.27,-66.787
2405.76,-66.937
2406.25,-67.240
2406.74,-66.978
2407.23,-67.560
2407.71,-66.058
2408.20,-68.996
2408.69,-68.242
2409.18,-67.589
2409.67,-66.994
2410.16,-68.289
2410.64,-67.241
2411.13,-67.821
2411.62,-66.392
2412.11,-68.306
2412.60,-68.096
2413.09,-69.373
2413.57,-68.439
2414.06,-67.734
2414.55,-66.907
2415.04,-68.015
2415.53,-67.155
2416.02,-68.866
2416.50,-69.018
2416.99,-67.999
2417.48,-67.302
2417.97,-68.510
2418.46,-68.414
2418.95,-69.854
2419.43,-70.383
2419.92,-66.769
2420.41,-67.141
2420.90,-67.641
2421.39,-68.676
2421.88,-68.260
2422.36,-68.295
2422.85,-67.716
2423.34,-68.632
2423.83,-69.193
2424.32,-69.820
2424.80,-69.919
2425.29,-69.420
2425.78,-69.247
2426.27,-68.977
2426.76,-68.238
2427.25,-66.141
2427.73,-69.211
2428.22,-68.465
2428.71,-67.301
2429.20,-68.960
2429.69,-67.408
2430.18,-67.264
2430.66,-69.361
2431.15,-68.440
2431.64,-68.829
2432.13,-68.273
2432.62,-68.121
2433.11,-69.257
2433.59,-68.995
2434.08,-67.930
2434.57,-68.625
2435.06,-70.434
2435.55,-69.568
2436.04,-69.422
2436.52,-70.675
2437.01,-68.458
2437.50,-69.143
2437.99,-67.357
2438.48,-68.249
2438.96,-69.853
2439.45,-69.451
2439.94,-67.164
2440.43,-69.740
2440.92,-68.741
2441.41,-67.124
2441.89,-67.576
2442.38,-69.145
2442.87,-68.706
2443.36,-70.647
2443.85,-68.998
2444.34,-68.962
2444.82,-69.237
2445.31,-68.284
2445.80,-68.832
2446.29,-69.358
2446.78,-68.316
2447.27,-69.071
2447.75,-70.408
2448.24,-68.841
2448.73,-68.986
2449.22,-69.951
2449.71,-67.969
2450.20,-67.414
2450.68,-68.560
2451.17,-69.887
2451.66,-70.845
2452.15,-68.992
2452.64,-69.335
2453.12,-67.825
2453.61,-69.762
2454.10,-68.213
2454.59,-69.200
2455.08,-68.943
2455.57,-68.288
2456.05,-68.614
2456.54,-68.981
2457.03,-69.735
2457.52,-68.842
2458.01,-69.046
2458.50,-69.531
2458.98,-68.252
2459.47,-70.343
2459.96,-70.388
2460.45,-69.531
2460.94,-67.024
2461.43,-68.529
2461.91,-69.855
2462.40,-69.364
2462.89,-68.964
2463.38,-68.971
2463.87,-69.358
2464.36,-70.259
2464.84,-68.457
2465.33,-69.261
2465.82,-69.743
2466.31,-69.407
2466.80,-70.712
2467.29,-69.526
2467.77,-70.736
2468.26,-69.236
2468.75,-69.792
2469.24,-69.255
2469.73,-69.494
2470.21,-68.795
2470.70,-68.875
2471.19,-68.691
2471.68,-68.581
2472.17,-69.682
2472.66,-69.026
2473.14,-69.788
2473.63,-71.679
2474.12,-69.907
2474.61,-70.622
2475.10,-69.783
2475.59,-68.224
2476.07,-68.254
2476.56,-69.098
2477.05,-67.398
2477.54,-67.924
2478.03,-72.320
2478.52,-69.622
2479.00,-69.085
2479.49,-70.500
2479.98,-69.985
2480.47,-69.939
2480.96,-67.538
2481.45,-69.821
2481.93,-69.727
2482.42,-68.631
2482.91,-69.535
2483.40,-68.556
2483.89,-70.161
2484.38,-70.637
2484.86,-71.112
2485.35,-68.555
2485.84,-69.105
2486.33,-70.072
2486.82,-69.049
2487.30,-68.231
2487.79,-70.155
2488.28,-70.910
2488.77,-69.781
2489.26,-71.459
2489.75,-71.028
2490.23,-70.725
2490.72,-68.089
2491.21,-70.259
2491.70,-70.252
2492.19,-70.119
2492.68,-71.104
2493.16,-70.192
2493.65,-69.413
2494.14,-69.057
2494.63,-68.595
2495.12,-70.436
2495.61,-69.600
2496.09,-69.901
2496.58,-70.099
2497.07,-70.247
2497.56,-69.602
2498.05,-68.936
2498.54,-70.480
2499.02,-69.816
2499.51,-72.060
2500.00,-69.916
2500.49,-70.781
2500.98,-72.286
2501.46,-69.479
2501.95,-68.903
2502.44,-72.389
2502.93,-69.727
2503.42,-70.181
2503.91,-69.769
2504.39,-70.297
2504.88,-69.225
2505.37,-68.828
2505.86,-70.784
2506.35,-68.737
2506.84,-67.841
2507.32,-69.903
2507.81,-69.569
2508.30,-68.536
2508.79,-70.868
2509.28,-70.060
2509.77,-69.659
2510.25,-71.196
2510.74,-70.277
2511.23,-69.447
2511.72,-68.318
2512.21,-68.332
2512.70,-67.424
2513.18,-70.143
2513.67,-68.441
2514.16,-70.470
2514.65,-68.125
2515.14,-70.216
2515.62,-68.334
2516.11,-69.486
2516.60,-70.967
2517.09,-68.448
2517.58,-71.339
2518.07,-69.874
2518.55,-67.450
2519.04,-70.302
2519.53,-69.291
2520.02,-70.100
2520.51,-68.267
2521.00,-69.231
2521.48,-69.098
2521.97,-68.645
2522.46,-68.503
2522.95,-67.913
2523.44,-69.490
2523.93,-70.688
2524.41,-69.359
2524.90,-68.334
2525.39,-69.184
2525.88,-69.842
2526.37,-69.724
2526.86,-69.684
2527.34,-69.368
2527.83,-70.138
2528.32,-69.632
2528.81,-68.754
2529.30,-68.827
2529.79,-68.260
2530.27,-68.513
2530.76,-69.114
2531.25,-70.011
2531.74,-70.103
2532.23,-68.458
2532.71,-69.713
2533.20,-69.367
2533.69,-69.312
2534.18,-71.298
2534.67,-70.410
2535.16,-70.169
2535.64,-69.932
2536.13,-70.185
2536.62,-70.236
2537.11,-70.767
2537.60,-68.597
2538.09,-68.458
2538.57,-67.904
2539.06,-67.568
2539.55,-69.469
2540.04,-70.017
2540.53,-67.600
2541.02,-68.855
2541.50,-68.498
2541.99,-69.575
2542.48,-68.222
2542.97,-68.070
2543.46,-69.231
2543.95,-66.625
2544.43,-69.786
2544.92,-68.125
2545.41,-67.514
2545.90,-67.822
2546.39,-68.253
2546.88,-68.664
2547.36,-67.824
2547.85,-67.417
2548.34,-66.403
2548.83,-68.476
2549.32,-70.018
2549.80,-69.034
2550.29,-68.554
2550.78,-69.053
2551.27,-70.247
2551.76,-70.439
2552.25,-68.996
2552.73,-68.863
2553.22,-68.963
2553.71,-68.254
2554.20,-67.296
2554.69,-70.091
2555.18,-70.565
2555.66,-68.131
2556.15,-68.171
2556.64,-68.333
2557.13,-68.504
2557.62,-68.475
2558.11,-69.520
2558.59,-69.860
2559.08,-69.008
2559.57,-70.006
2560.06,-69.094
2560.55,-66.926
2561.04,-68.410
2561.52,-68.525
2562.01,-68.438
2562.50,-68.815
2562.99,-68.318
2563.48,-67.893
2563.96,-68.616
2564.45,-70.579
2564.94,-67.510
2565.43,-68.969
2565.92,-68.011
2566.41,-69.752
2566.89,-68.462
2567.38,-67.412
2567.87,-68.130
2568.36,-69.596
2568.85,-68.091
2569.34,-69.809
2569.82,-69.946
2570.31,-67.885
2570.80,-70.190
2571.29,-68.534
2571.78,-67.964
2572.27,-69.293
2572.75,-68.934
2573.24,-67.463
2573.73,-68.979
2574.22,-67.976
2574.71,-67.360
2575.20,-68.386
2575.68,-67.760
2576.17,-68.915
2576.66,-66.694
2577.15,-67.478
2577.64,-68.329
2578.12,-67.942
2578.61,-67.783
2579.10,-67.032
2579.59,-69.034
2580.08,-68.684
2580.57,-70.402
2581.05,-69.520
2581.54,-67.843
2582.03,-67.882
2582.52,-67.697
2583.01,-68.026
2583.50,-67.185
2583.98,-69.632
2584.47,-66.380
2584.96,-68.922
2585.45,-69.708
2585.94,-68.202
2586.43,-69.392
2586.91,-68.843
2587.40,-69.190
2587.89,-66.471
2588.38,-66.916
2588.87,-67.792
2589.36,-68.013
2589.84,-66.451
2590.33,-66.319
2590.82,-68.163
2591.31,-68.329
2591.80,-67.582
2592.29,-67.757
2592.77,-69.515
2593.26,-67.751
2593.75,-67.248
2594.24,-66.643
2594.73,-67.998
2595.21,-66.647
2595.70,-67.389
2596.19,-66.370
2596.68,-66.687
2597.17,-65.976
2597.66,-67.077
2598.14,-67.650
2598.63,-67.054
2599.12,-67.109
2599.61,-67.507
2600.10,-67.809
2600.59,-66.786
2601.07,-67.904
2601.56,-68.385
2602.05,-65.265
2602.54,-67.816
2603.03,-67.013
2603.52,-68.845
2604.00,-66.049
2604.49,-66.733
2604.98,-66.393
2605.47,-66.861
2605.96,-67.815
2606.45,-65.942
2606.93,-68.649
2607.42,-68.236
2607.91,-67.303
2608.40,-66.803
2608.89,-66.747
2609.38,-67.076
2609.86,-67.938
2610.35,-65.677
2610.84,-65.242
2611.33,-65.321
2611.82,-67.337
2612.30,-66.744
2612.79,-64.688
2613.28,-66.590
2613.77,-67.895
2614.26,-66.796
2614.75,-65.676
2615.23,-64.294
2615.72,-64.909
2616.21,-66.053
2616.70,-65.267
2617.19,-67.433
2617.68,-64.931
2618.16,-67.127
2618.65,-65.841
2619.14,-66.006
2619.63,-66.458
2620.12,-64.580
2620.61,-66.524
2621.09,-64.614
2621.58,-65.077
2622.07,-66.991
2622.56,-65.027
2623.05,-65.251
2623.54,-65.344
2624.02,-64.459
2624.51,-65.390
2625.00,-65.893
2625.49,-65.181
2625.98,-65.742
2626.46,-67.044
2626.95,-68.045
2627.44,-67.371
2627.93,-67.210
2628.42,-65.229
2628.91,-65.689
2629.39,-66.401
2629.88,-65.749
2630.37,-65.852
2630.86,-65.557
2631.35,-65.471
2631.84,-63.811
2632.32,-64.027
2632.81,-64.063
2633.30,-65.067
2633.79,-66.275
2634.28,-65.945
2634.77,-66.730
2635.25,-65.144
2635.74,-66.618
2636.23,-66.163
2636.72,-65.554
2637.21,-65.108
2637.70,-65.217
2638.18,-64.361
2638.67,-66.780
2639.16,-64.146
2639.65,-64.456
2640.14,-66.458
2640.62,-63.321
2641.11,-64.011
2641.60,-63.915
2642.09,-64.459
2642.58,-64.083
2643.07,-64.231
2643.55,-65.031
2644.04,-66.504
2644.53,-64.520
2645.02,-65.952
2645.51,-65.418
2646.00,-64.315
2646.48,-63.091
2646.97,-64.339
2647.46,-65.017
2647.95,-65.620
2648.44,-64.706
2648.93,-63.484
2649.41,-64.888
2649.90,-63.899
2650.39,-65.340
2650.88,-65.823
2651.37,-65.364
2651.86,-62.493
2652.34,-62.634
2652.83,-64.525
2653.32,-63.882
2653.81,-63.729
2654.30,-63.696
2654.79,-64.067
2655.27,-64.608
2655.76,-64.580
2656.25,-61.240
2656.74,-64.928
2657.23,-63.142
2657.71,-63.917
2658.20,-63.982
2658.69,-64.477
2659.18,-64.606
2659.67,-63.430
2660.16,-63.315
2660.64,-64.496
2661.13,-64.111
2661.62,-63.891
2662.11,-62.931
2662.60,-62.930
2663.09,-64.014
2663.57,-64.794
2664.06,-63.754
2664.55,-64.883
2665.04,-62.225
2665.53,-65.047
2666.02,-65.187
2666.50,-64.534
2666.99,-62.435
2667.48,-62.332
2667.97,-63.454
2668.46,-63.740
2668.95,-63.594
2669.43,-65.707
2669.92,-63.612
2670.41,-64.122
2670.90,-63.617
2671.39,-63.508
2671.88,-63.120
2672.36,-61.902
2672.85,-64.252
2673.34,-62.097
2673.83,-62.882
2674.32,-62.877
2674.80,-62.747
2675.29,-62.601
2675.78,-64.365
2676.27,-61.970
2676.76,-62.168
2677.25,-63.465
2677.73,-62.174
2678.22,-62.408
2678.71,-62.347
2679.20,-62.081
2679.69,-60.918
2680.18,-60.819
2680.66,-62.424
2681.15,-62.181
2681.64,-62.033
2682.13,-61.726
2682.62,-62.419
2683.11,-60.585
2683.59,-60.687
2684.08,-61.261
2684.57,-62.251
2685.06,-61.778
2685.55,-62.438
2686.04,-63.419
2686.52,-62.384
2687.01,-61.377
2687.50,-60.664
2687.99,-61.418
2688.48,-61.512
2688.96,-60.780
2689.45,-62.222
2689.94,-60.616
2690.43,-60.372
2690.92,-60.378
2691.41,-60.641
2691.89,-61.722
2692.38,-60.167
2692.87,-60.421
2693.36,-62.145
2693.85,-61.587
2694.34,-60.483
2694.82,-62.832
2695.31,-60.578
2695.80,-60.834
2696.29,-61.863
2696.78,-61.305
2697.27,-58.741
2697.75,-59.579
2698.24,-61.103
2698.73,-61.608
2699.22,-60.419
2699.71,-60.459
2700.20,-59.379
2700.68,-59.084
2701.17,-60.494
2701.66,-59.793
2702.15,-59.544
2702.64,-59.582
2703.12,-59.188
2703.61,-59.969
2704.10,-59.712
2704.59,-58.071
2705.08,-59.577
2705.57,-60.604
2706.05,-60.187
2706.54,-59.624
2707.03,-60.388
2707.52,-59.428
2708.01,-60.488
2708.50,-58.412
2708.98,-57.963
2709.47,-59.081
2709.96,-60.203
2710.45,-58.307
2710.94,-58.432
2711.43,-58.951
2711.91,-57.809
2712.40,-57.936
2712.89,-58.786
2713.38,-58.957
2713.87,-59.166
2714.36,-59.971
2714.84,-58.604
2715.33,-59.576
2715.82,-58.297
2716.31,-58.811
2716.80,-58.968
2717.29,-58.373
2717.77,-59.359
2718.26,-57.676
2718.75,-59.319
2719.24,-58.921
2719.73,-57.561
2720.21,-58.223
2720.70,-57.829
2721.19,-58.680
2721.68,-58.321
2722.17,-57.690
2722.66,-58.069
2723.14,-55.963
2723.63,-57.497
2724.12,-56.948
2724.61,-57.178
2725.10,-57.844
2725.59,-56.170
2726.07,-56.199
2726.56,-56.963
2727.05,-56.117
2727.54,-56.880
2728.03,-55.869
2728.52,-56.044
2729.00,-57.336
2729.49,-57.281
2729.98,-56.085
2730.47,-56.621
2730.96,-57.394
2731.45,-56.971
2731.93,-55.983
2732.42,-56.492
2732.91,-56.223
2733.40,-55.717
2733.89,-56.795
2734.38,-56.198
2734.86,-57.099
2735.35,-55.626
2735.84,-56.015
2736.33,-55.362
2736.82,-55.262
2737.30,-55.169
2737.79,-56.954
2738.28,-56.504
2738.77,-55.314
2739.26,-54.851
2739.75,-55.415
2740.23,-54.105
2740.72,-54.831
2741.21,-54.997
2741.70,-57.396
2742.19,-56.552
2742.68,-55.666
2743.16,-56.543
2743.65,-55.097
2744.14,-53.574
2744.63,-54.388
2745.12,-54.916
2745.61,-55.683
2746.09,-54.237
2746.58,-55.017
2747.07,-56.144
2747.56,-54.095
2748.05,-54.737
2748.54,-55.055
2749.02,-56.339
2749.51,-54.800
2750.00,-55.609
2750.49,-53.781
2750.98,-54.400
2751.46,-53.900
2751.95,-55.021
2752.44,-54.366
2752.93,-54.067
2753.42,-55.413
2753.91,-52.478
2754.39,-54.775
2754.88,-52.716
2755.37,-53.186
2755.86,-52.107
2756.35,-54.387
2756.84,-53.478
2757.32,-54.785
2757.81,-55.660
2758.30,-54.142
2758.79,-53.811
2759.28,-54.241
2759.77,-52.340
2760.25,-53.548
2760.74,-54.034
2761.23,-52.622
2761.72,-53.335
2762.21,-52.291
2762.70,-52.126
2763.18,-53.345
2763.67,-51.683
2764.16,-52.783
2764.65,-53.550
2765.14,-53.838
2765.62,-53.758
2766.11,-53.064
2766.60,-53.451
2767.09,-52.275
2767.58,-52.467
2768.07,-51.201
2768.55,-53.145
2769.04,-52.507
2769.53,-53.294
2770.02,-52.916
2770.51,-53.185
2771.00,-52.207
2771.48,-53.309
2771.97,-52.775
2772.46,-51.353
2772.95,-51.436
2773.44,-52.489
2773.93,-51.058
2774.41,-51.606
2774.90,-52.597
2775.39,-52.679
2775.88,-51.559
2776.37,-51.609
2776.86,-51.866
2777.34,-52.488
2777.83,-52.422
2778.32,-51.501
2778.81,-53.413
2779.30,-52.296
2779.79,-52.550
2780.27,-52.059
2780.76,-52.684
2781.25,-55.381
2781.74,-52.645
2782.23,-53.007
2782.71,-51.618
2783.20,-52.622
2783.69,-52.861
2784.18,-51.924
2784.67,-53.909
2785.16,-53.252
2785.64,-53.187
2786.13,-52.688
2786.62,-52.388
2787.11,-51.436
2787.60,-52.509
2788.09,-54.061
2788.57,-53.786
2789.06,-53.614
2789.55,-52.411
2790.04,-53.556
2790.53,-54.414
2791.02,-52.699
2791.50,-51.358
2791.99,-52.872
2792.48,-51.736
2792.97,-53.336
2793.46,-52.944
2793.95,-52.867
2794.43,-52.137
2794.92,-53.277
2795.41,-53.133
2795.90,-54.639
2796.39,-54.327
2796.88,-54.721
2797.36,-53.496
2797.85,-54.134
2798.34,-53.803
2798.83,-52.603
2799.32,-54.960
2799.80,-53.426
2800.29,-54.924
2800.78,-54.903
2801.27,-52.138
2801.76,-53.706
2802.25,-56.660
2802.73,-54.394
2803.22,-54.092
2803.71,-54.858
2804.20,-54.258
2804.69,-54.561
2805.18,-53.569
2805.66,-54.821
2806.15,-55.034
2806.64,-55.781
2807.13,-54.774
2807.62,-55.468
2808.11,-55.053
2808.59,-55.530
2809.08,-54.912
2809.57,-53.654
2810.06,-55.719
2810.55,-55.256
2811.04,-55.352
2811.52,-55.268
2812.01,-54.784
2812.50,-55.755
2812.99,-55.090
2813.48,-56.916
2813.96,-54.029
2814.45,-53.622
2814.94,-54.231
2815.43,-56.275
2815.92,-55.798
2816.41,-54.442
2816.89,-55.123
2817.38,-54.385
2817.87,-55.629
2818.36,-56.347
2818.85,-54.909
2819.34,-55.399
2819.82,-56.740
2820.31,-54.915
2820.80,-55.199
2821.29,-54.700
2821.78,-56.351
2822.27,-55.730
2822.75,-56.401
2823.24,-56.528
2823.73,-55.877
2824.22,-55.231
2824.71,-55.711
2825.20,-57.430
2825.68,-56.740
2826.17,-56.399
2826.66,-57.507
2827.15,-57.185
2827.64,-55.114
2828.12,-56.934
2828.61,-57.145
2829.10,-54.810
2829.59,-56.930
2830.08,-56.926
2830.57,-56.665
2831.05,-57.887
2831.54,-54.874
2832.03,-56.845
2832.52,-57.728
2833.01,-57.522
2833.50,-56.099
2833.98,-55.330
2834.47,-55.412
2834.96,-56.773
2835.45,-57.612
2835.94,-56.154
2836.43,-56.264
2836.91,-57.054
2837.40,-56.438
2837.89,-55.451
2838.38,-56.716
2838.87,-55.420
2839.36,-56.736
2839.84,-57.143
2840.33,-56.842
2840.82,-59.359
2841.31,-59.328
2841.80,-58.941
2842.29,-56.581
2842.77,-57.993
2843.26,-58.219
2843.75,-57.867
2844.24,-60.159
2844.73,-58.616
2845.21,-56.979
2845.70,-57.493
2846.19,-57.317
2846.68,-58.100
2847.17,-56.659
2847.66,-59.985
2848.14,-58.604
2848.63,-58.460
2849.12,-57.795
2849.61,-58.601
2850.10,-57.370
2850.59,-57.596
2851.07,-58.249
2851.56,-58.337
2852.05,-58.192
2852.54,-58.083
2853.03,-57.020
2853.52,-56.658
2854.00,-57.349
2854.49,-56.667
2854.98,-56.195
2855.47,-58.773
2855.96,-58.561
2856.45,-57.143
2856.93,-57.538
2857.42,-59.840
2857.91,-58.242
2858.40,-57.500
2858.89,-57.801
2859.38,-59.152
2859.86,-58.803
2860.35,-58.902
2860.84,-60.118
2861.33,-58.736
2861.82,-60.093
2862.30,-57.807
2862.79,-59.041
2863.28,-58.288
2863.77,-57.877
2864.26,-58.989
2864.75,-59.029
2865.23,-59.063
2865.72,-59.657
2866.21,-59.468
2866.70,-59.245
2867.19,-58.339
2867.68,-59.419
2868.16,-58.913
2868.65,-58.892
2869.14,-57.052
2869.63,-59.598
2870.12,-58.423
2870.61,-60.583
2871.09,-58.169
2871.58,-58.174
2872.07,-59.694
2872.56,-59.388
2873.05,-59.393
2873.54,-58.328
2874.02,-59.819
2874.51,-58.167
2875.00,-59.281
2875.49,-59.394
2875.98,-59.905
2876.46,-60.251
2876.95,-59.274
2877.44,-59.636
2877.93,-60.458
2878.42,-60.525
2878.91,-61.022
2879.39,-59.536
2879.88,-59.590
2880.37,-59.922
2880.86,-60.469
2881.35,-60.406
2881.84,-60.261
2882.32,-59.825
2882.81,-60.053
2883.30,-58.216
2883.79,-59.856
2884.28,-58.975
2884.77,-59.624
2885.25,-59.504
2885.74,-60.369
2886.23,-59.819
2886.72,-60.032
2887.21,-60.638
2887.70,-60.061
2888.18,-60.648
2888.67,-59.600
2889.16,-59.583
2889.65,-60.341
2890.14,-60.239
2890.62,-59.045
2891.11,-60.460
2891.60,-59.865
2892.09,-59.733
2892.58,-58.878
2893.07,-59.409
2893.55,-60.527
2894.04,-60.865
2894.53,-59.263
2895.02,-60.295
2895.51,-59.897
2896.00,-61.678
2896.48,-60.694
2896.97,-60.002
2897.46,-59.887
2897.95,-60.326
2898.44,-61.386
2898.93,-60.529
2899.41,-60.971
2899.90,-60.210
2900.39,-61.319
2900.88,-60.555
2901.37,-60.588
2901.86,-60.644
2902.34,-62.342
2902.83,-61.505
2903.32,-59.548
2903.81,-59.093
2904.30,-61.517
2904.79,-60.172
2905.27,-60.188
2905.76,-61.438
2906.25,-62.210
2906.74,-60.230
2907.23,-59.713
2907.71,-61.069
2908.20,-59.610
2908.69,-58.576
2909.18,-62.441
2909.67,-62.484
2910.16,-61.890
2910.64,-63.366
2911.13,-61.824
2911.62,-60.927
2912.11,-62.355
2912.60,-61.292
2913.09,-61.552
2913.57,-58.986
2914.06,-61.214
2914.55,-60.060
2915.04,-60.516
2915.53,-62.106
2916.02,-61.841
2916.50,-60.928
2916.99,-61.425
2917.48,-61.348
2917.97,-61.617
2918.46,-61.643
2918.95,-61.704
2919.43,-61.930
2919.92,-61.579
2920.41,-62.619
2920.90,-60.217
2921.39,-61.537
2921.88,-61.431
2922.36,-62.077
2922.85,-63.384
2923.34,-63.912
2923.83,-61.714
2924.32,-61.820
2924.80,-62.580
2925.29,-63.152
2925.78,-62.782
2926.27,-62.049
2926.76,-62.843
2927.25,-62.440
2927.73,-60.878
2928.22,-61.690
2928.71,-62.213
2929.20,-61.741
2929.69,-60.269
2930.18,-62.817
2930.66,-61.057
2931.15,-61.941
2931.64,-63.116
2932.13,-61.502
2932.62,-60.784
2933.11,-61.967
2933.59,-63.160
2934.08,-61.495
2934.57,-63.042
2935.06,-62.026
2935.55,-61.478
2936.04,-62.182
2936.52,-61.615
2937.01,-61.428
2937.50,-62.571
2937.99,-61.615
2938.48,-62.152
2938.96,-61.707
2939.45,-61.949
2939.94,-62.447
2940.43,-62.174
2940.92,-63.845
2941.41,-61.134
2941.89,-63.755
2942.38,-61.767
2942.87,-62.864
2943.36,-62.736
2943.85,-61.831
2944.34,-61.896
2944.82,-63.313
2945.31,-63.776
2945.80,-64.050
2946.29,-60.919
2946.78,-62.555
2947.27,-61.508
2947.75,-62.976
2948.24,-60.762
2948.73,-62.907
2949.22,-62.455
2949.71,-63.154
2950.20,-60.614
2950.68,-63.523
2951.17,-63.316
2951.66,-62.088
2952.15,-64.834
2952.64,-60.950
2953.12,-61.821
2953.61,-61.730
2954.10,-62.019
2954.59,-62.520
2955.08,-64.319
2955.57,-62.330
2956.05,-63.166
2956.54,-63.419
2957.03,-62.012
2957.52,-62.595
2958.01,-62.000
2958.50,-63.003
2958.98,-61.794
2959.47,-62.054
2959.96,-62.830
2960.45,-62.390
2960.94,-62.456
2961.43,-61.501
2961.91,-62.530
2962.40,-63.126
2962.89,-62.116
2963.38,-62.715
2963.87,-62.697
2964.36,-63.557
2964.84,-62.783
2965.33,-61.148
2965.82,-60.950
2966.31,-64.486
2966.80,-63.150
2967.29,-64.029
2967.77,-62.857
2968.26,-63.110
2968.75,-63.527
2969.24,-62.813
2969.73,-62.191
2970.21,-61.897
2970.70,-63.912
2971.19,-62.129
2971.68,-64.750
2972.17,-63.565
2972.66,-60.633
2973.14,-62.436
2973.63,-61.489
2974.12,-61.959
2974.61,-62.609
2975.10,-63.003
2975.59,-65.280
2976.07,-62.443
2976.56,-63.916
2977.05,-64.022
2977.54,-64.271
2978.03,-63.034
2978.52,-63.630
2979.00,-63.786
2979.49,-63.017
2979.98,-62.883
2980.47,-63.059
2980.96,-63.452
2981.45,-63.509
2981.93,-63.907
2982.42,-63.520
2982.91,-63.112
2983.40,-64.039
2983.89,-63.752
2984.38,-64.006
2984.86,-62.516
2985.35,-64.101
2985.84,-64.308
2986.33,-64.160
2986.82,-62.839
2987.30,-61.561
2987.79,-63.343
2988.28,-62.503
2988.77,-62.302
2989.26,-62.214
2989.75,-63.624
2990.23,-64.186
2990.72,-64.435
2991.21,-64.094
2991.70,-63.489
2992.19,-63.398
2992.68,-62.918
2993.16,-64.304
2993.65,-64.021
2994.14,-64.134
2994.63,-62.056
2995.12,-63.163
2995.61,-63.662
2996.09,-63.617
2996.58,-62.595
2997.07,-63.242
2997.56,-64.387
2998.05,-63.899
2998.54,-64.398
2999.02,-62.605
2999.51,-63.423
3000.00,-62.789
3000.49,-62.882
3000.98,-62.108
3001.46,-62.961
3001.95,-62.640
3002.44,-64.757
3002.93,-64.807
3003.42,-63.705
3003.91,-63.769
3004.39,-63.874
3004.88,-64.248
3005.37,-63.771
3005.86,-63.526
3006.35,-63.527
3006.84,-62.559
3007.32,-62.706
3007.81,-63.634
3008.30,-63.512
3008.79,-62.160
3009.28,-65.327
3009.77,-64.411
3010.25,-62.426
3010.74,-64.012
3011.23,-62.964
3011.72,-62.998
3012.21,-63.496
3012.70,-64.188
3013.18,-63.831
3013.67,-63.224
3014.16,-62.896
3014.65,-63.265
3015.14,-64.260
3015.62,-62.918
3016.11,-62.989
3016.60,-62.734
3017.09,-63.331
3017.58,-62.427
3018.07,-62.076
3018.55,-64.555
3019.04,-64.165
3019.53,-66.000
3020.02,-63.765
3020.51,-61.752
3021.00,-63.121
3021.48,-62.798
3021.97,-63.990
3022.46,-65.039
3022.95,-64.806
3023.44,-63.477
3023.93,-64.445
3024.41,-64.470
3024.90,-62.772
3025.39,-63.259
3025.88,-64.041
3026.37,-63.224
3026.86,-64.065
3027.34,-65.378
3027.83,-63.735
3028.32,-62.291
3028.81,-63.712
3029.30,-63.383
3029.79,-64.150
3030.27,-63.636
3030.76,-62.462
3031.25,-63.139
3031.74,-63.376
3032.23,-63.043
3032.71,-63.695
3033.20,-62.847
3033.69,-63.063
3034.18,-64.108
3034.67,-64.593
3035.16,-64.128
3035.64,-63.494
3036.13,-64.426
3036.62,-64.025
3037.11,-63.355
3037.60,-65.157
3038.09,-64.114
3038.57,-63.648
3039.06,-64.399
3039.55,-63.414
3040.04,-63.638
3040.53,-64.220
3041.02,-63.269
3041.50,-62.738
3041.99,-63.390
3042.48,-63.562
3042.97,-63.446
3043.46,-64.793
3043.95,-64.012
3044.43,-63.468
3044.92,-64.122
3045.41,-63.388
3045.90,-65.243
3046.39,-63.165
3046.88,-64.639
3047.36,-65.388
3047.85,-64.977
3048.34,-64.330
3048.83,-62.499
3049.32,-62.044
3049.80,-62.764
3050.29,-62.291
3050.78,-63.499
3051.27,-63.051
3051.76,-65.025
3052.25,-63.644
3052.73,-64.164
3053.22,-64.358
3053.71,-64.952
3054.20,-64.383
3054.69,-64.199
3055.18,-63.763
3055.66,-62.802
3056.15,-64.001
3056.64,-64.213
3057.13,-64.788
3057.62,-63.356
3058.11,-63.333
3058.59,-63.948
3059.08,-64.565
3059.57,-63.622
3060.06,-65.042
3060.55,-64.293
3061.04,-63.003
3061.52,-64.279
3062.01,-63.377
3062.50,-62.795
3062.99,-63.368
3063.48,-63.941
3063.96,-64.709
3064.45,-62.779
3064.94,-63.362
3065.43,-63.361
3065.92,-61.701
3066.41,-63.511
3066.89,-64.399
3067.38,-63.778
3067.87,-62.934
3068.36,-61.921
3068.85,-63.306
3069.34,-62.486
3069.82,-61.591
3070.31,-63.688
3070.80,-63.695
3071.29,-63.866
3071.78,-63.467
3072.27,-64.194
3072.75,-62.372
3073.24,-63.181
3073.73,-65.637
3074.22,-64.884
3074.71,-64.749
3075.20,-61.951
3075.68,-64.200
3076.17,-64.483
3076.66,-63.156
3077.15,-63.229
3077.64,-63.964
3078.12,-63.874
3078.61,-63.113
3079.10,-63.450
3079.59,-63.672
3080.08,-63.326
3080.57,-62.443
3081.05,-63.447
3081.54,-63.333
3082.03,-65.282
3082.52,-64.748
3083.01,-63.748
3083.50,-63.947
3083.98,-62.045
3084.47,-63.011
3084.96,-61.906
3085.45,-62.110
3085.94,-64.167
3086.43,-62.636
3086.91,-62.939
3087.40,-64.009
3087.89,-64.257
3088.38,-64.004
3088.87,-63.837
3089.36,-62.968
3089.84,-64.372
3090.33,-63.987
3090.82,-63.534
3091.31,-64.083
3091.80,-62.982
3092.29,-64.125
3092.77,-63.000
3093.26,-63.582
3093.75,-62.933
3094.24,-63.135
3094.73,-61.351
3095.21,-61.748
3095.70,-62.935
3096.19,-63.905
3096.68,-63.868
3097.17,-64.294
3097.66,-62.302
3098.14,-64.091
3098.63,-63.420
3099.12,-61.824
3099.61,-62.536
3100.10,-63.418
3100.59,-63.161
3101.07,-62.161
3101.56,-63.172
3102.05,-61.168
3102.54,-61.999
3103.03,-61.383
3103.52,-63.829
3104.00,-62.018
3104.49,-63.682
3104.98,-63.359
3105.47,-63.623
3105.96,-64.028
3106.45,-62.606
3106.93,-61.417
3107.42,-62.293
3107.91,-61.407
3108.40,-62.276
3108.89,-62.862
3109.38,-62.735
3109.86,-63.543
3110.35,-63.426
3110.84,-61.783
3111.33,-62.469
3111.82,-64.913
3112.30,-63.401
3112.79,-63.523
3113.28,-63.729
3113.77,-62.622
3114.26,-62.669
3114.75,-64.816
3115.23,-63.620
3115.72,-62.097
3116.21,-64.118
3116.70,-61.032
3117.19,-62.248
3117.68,-61.812
3118.16,-63.255
3118.65,-63.296
3119.14,-62.841
3119.63,-62.596
3120.12,-62.460
3120.61,-61.507
3121.09,-63.641
3121.58,-62.648
3122.07,-62.520
3122.56,-62.229
3123.05,-62.471
3123.54,-59.209
3124.02,-62.282
3124.51,-63.682
3125.00,-61.644
3125.49,-62.388
3125.98,-61.714
3126.46,-61.072
3126.95,-61.700
3127.44,-61.505
3127.93,-60.577
3128.42,-61.000
3128.91,-61.376
3129.39,-60.307
3129.88,-61.674
3130.37,-60.451
3130.86,-61.520
3131.35,-63.825
3131.84,-61.463
3132.32,-61.786
3132.81,-60.154
3133.30,-62.001
3133.79,-61.893
3134.28,-61.633
3134.77,-61.224
3135.25,-59.830
3135.74,-61.428
3136.23,-60.739
3136.72,-60.786
3137.21,-61.064
3137.70,-61.465
3138.18,-63.040
3138.67,-61.493
3139.16,-60.964
3139.65,-61.524
3140.14,-63.000
3140.62,-61.593
3141.11,-62.694
3141.60,-60.260
3142.09,-59.979
3142.58,-60.921
3143.07,-61.106
3143.55,-60.411
3144.04,-62.153
3144.53,-62.221
3145.02,-62.399
3145.51,-61.491
3146.00,-60.705
3146.48,-58.819
3146.97,-61.096
3147.46,-61.389
3147.95,-61.143
3148.44,-61.858
3148.93,-60.432
3149.41,-61.006
3149.90,-59.925
3150.39,-60.898
3150.88,-60.430
3151.37,-59.589
3151.86,-61.157
3152.34,-61.761
3152.83,-59.629
3153.32,-61.409
3153.81,-60.312
3154.30,-61.022
3154.79,-60.679
3155.27,-59.539
3155.76,-60.445
3156.25,-60.465
3156.74,-61.504
3157.23,-60.210
3157.71,-60.686
3158.20,-59.808
3158.69,-59.083
3159.18,-59.404
3159.67,-61.312
3160.16,-59.806
3160.64,-61.419
3161.13,-59.937
3161.62,-58.788
3162.11,-58.519
3162.60,-61.339
3163.09,-60.264
3163.57,-60.183
3164.06,-61.087
3164.55,-57.768
3165.04,-58.402
3165.53,-61.055
3166.02,-59.727
3166.50,-60.290
3166.99,-60.493
3167.48,-59.929
3167.97,-59.915
3168.46,-58.949
3168.95,-60.108
3169.43,-58.106
3169.92,-58.366
3170.41,-58.659
3170.90,-59.252
3171.39,-59.711
3171.88,-59.241
3172.36,-59.656
3172.85,-57.982
3173.34,-59.466
3173.83,-59.651
3174.32,-59.993
3174.80,-59.071
3175.29,-58.752
3175.78,-59.558
3176.27,-57.388
3176.76,-58.008
3177.25,-57.914
3177.73,-58.537
3178.22,-57.705
3178.71,-59.034
3179.20,-57.726
3179.69,-60.850
3180.18,-57.995
3180.66,-58.093
3181.15,-57.296
3181.64,-60.313
3182.13,-59.150
3182.62,-58.514
3183.11,-58.413
3183.59,-59.288
3184.08,-57.635
3184.57,-58.549
3185.06,-57.664
3185.55,-57.365
3186.04,-57.748
3186.52,-58.022
3187.01,-57.126
3187.50,-57.589
3187.99,-56.906
3188.48,-57.724
3188.96,-57.123
3189.45,-58.591
3189.94,-56.643
3190.43,-57.065
3190.92,-58.026
3191.41,-56.670
3191.89,-57.436
3192.38,-60.378
3192.87,-59.662
3193.36,-57.999
3193.85,-57.053
3194.34,-58.289
3194.82,-57.451
3195.31,-56.288
3195.80,-56.985
3196.29,-57.521
3196.78,-57.984
3197.27,-55.902
3197.75,-57.979
3198.24,-55.923
3198.73,-55.918
3199.22,-56.991
3199.71,-56.064
3200.20,-56.532
3200.68,-57.662
3201.17,-57.394
3201.66,-55.028
3202.15,-55.744
3202.64,-55.146
3203.12,-54.319
3203.61,-55.634
3204.10,-56.123
3204.59,-56.901
3205.08,-56.971
3205.57,-56.910
3206.05,-56.462
3206.54,-55.172
3207.03,-54.960
3207.52,-54.164
3208.01,-56.092
3208.50,-56.163
3208.98,-55.473
3209.47,-55.979
3209.96,-55.969
3210.45,-55.792
3210.94,-56.251
3211.43,-53.533
3211.91,-54.592
3212.40,-53.751
3212.89,-54.355
3213.38,-56.085
3213.87,-54.746
3214.36,-55.199
3214.84,-54.722
3215.33,-53.983
3215.82,-54.449
3216.31,-55.161
3216.80,-55.937
3217.29,-55.866
3217.77,-56.321
3218.26,-53.503
3218.75,-54.509
3219.24,-54.352
3219.73,-52.833
3220.21,-54.242
3220.70,-52.929
3221.19,-53.241
3221.68,-52.942
3222.17,-54.151
3222.66,-51.891
3223.14,-53.801
3223.63,-53.659
3224.12,-53.832
3224.61,-54.248
3225.10,-52.470
3225.59,-53.652
3226.07,-53.969
3226.56,-52.164
3227.05,-52.002
3227.54,-52.801
3228.03,-53.912
3228.52,-51.741
3229.00,-53.224
3229.49,-50.757
3229.98,-51.635
3230.47,-51.675
3230.96,-52.992
3231.45,-54.175
3231.93,-53.216
3232.42,-53.527
3232.91,-52.690
3233.40,-51.064
3233.89,-54.483
3234.38,-53.716
3234.86,-51.298
3235.35,-51.851
3235.84,-51.114
3236.33,-50.715
3236.82,-52.281
3237.30,-52.844
3237.79,-52.642
3238.28,-52.623
3238.77,-51.952
3239.26,-50.980
3239.75,-53.064
3240.23,-52.493
3240.72,-51.973
3241.21,-51.657
3241.70,-51.992
3242.19,-51.244
3242.68,-52.124
3243.16,-52.691
3243.65,-50.887
3244.14,-50.348
3244.63,-52.267
3245.12,-50.956
3245.61,-51.150
3246.09,-51.023
3246.58,-50.462
3247.07,-49.554
3247.56,-53.974
3248.05,-51.901
3248.54,-52.355
3249.02,-50.615
3249.51,-52.020
3250.00,-52.671
3250.49,-51.563
3250.98,-52.370
3251.46,-52.547
3251.95,-51.174
3252.44,-49.913
3252.93,-51.837
3253.42,-52.936
3253.91,-54.354
3254.39,-51.859
3254.88,-51.743
3255.37,-51.794
3255.86,-50.206
3256.35,-52.105
3256.84,-51.318
3257.32,-52.021
3257.81,-50.991
3258.30,-52.865
3258.79,-52.169
3259.28,-52.113
3259.77,-53.575
3260.25,-52.044
3260.74,-52.549
3261.23,-53.034
3261.72,-53.345
3262.21,-55.338
3262.70,-53.258
3263.18,-53.285
3263.67,-52.093
3264.16,-52.727
3264.65,-53.893
3265.14,-52.355
3265.62,-51.635
3266.11,-51.795
3266.60,-52.586
3267.09,-52.243
3267.58,-54.309
3268.07,-54.084
3268.55,-53.994
3269.04,-54.529
3269.53,-54.089
3270.02,-51.986
3270.51,-53.054
3271.00,-52.874
3271.48,-52.709
3271.97,-54.626
3272.46,-54.372
3272.95,-53.207
3273.44,-53.332
3273.93,-53.951
3274.41,-52.836
3274.90,-54.657
3275.39,-53.133
3275.88,-52.556
3276.37,-54.346
3276.86,-53.682
3277.34,-54.415
3277.83,-54.041
3278.32,-53.593
3278.81,-55.370
3279.30,-54.497
3279.79,-55.314
3280.27,-53.165
3280.76,-55.537
3281.25,-55.291
3281.74,-55.215
3282.23,-54.041
3282.71,-54.443
3283.20,-55.939
3283.69,-55.553
3284.18,-54.585
3284.67,-55.177
3285.16,-54.171
3285.64,-55.641
3286.13,-54.053
3286.62,-55.721
3287.11,-56.258
3287.60,-55.209
3288.09,-57.421
3288.57,-57.900
3289.06,-55.549
3289.55,-57.681
3290.04,-55.492
3290.53,-54.181
3291.02,-56.421
3291.50,-56.065
3291.99,-56.122
3292.48,-57.097
3292.97,-56.149
3293.46,-56.226
3293.95,-55.736
3294.43,-58.397
3294.92,-57.539
3295.41,-58.494
3295.90,-58.896
3296.39,-57.195
3296.88,-56.333
3297.36,-57.975
3297.85,-57.146
3298.34,-56.930
3298.83,-57.100
3299.32,-57.645
3299.80,-58.510
3300.29,-56.854
3300.78,-58.326
3301.27,-58.466
3301.76,-58.054
3302.25,-58.261
3302.73,-57.003
3303.22,-57.106
3303.71,-58.425
3304.20,-57.399
3304.69,-58.496
3305.18,-57.687
3305.66,-58.404
3306.15,-57.643
3306.64,-59.704
3307.13,-57.867
3307.62,-58.438
3308.11,-57.609
3308.59,-59.139
3309.08,-58.244
3309.57,-59.101
3310.06,-56.817
3310.55,-58.294
3311.04,-59.285
3311.52,-57.705
3312.01,-60.076
3312.50,-59.095
3312.99,-58.316
3313.48,-57.558
3313.96,-59.779
3314.45,-57.935
3314.94,-58.525
3315.43,-59.827
3315.92,-59.591
3316.41,-60.011
3316.89,-59.890
3317.38,-60.022
3317.87,-58.847
3318.36,-59.274
3318.85,-60.885
3319.34,-62.450
3319.82,-60.862
3320.31,-59.221
3320.80,-60.647
3321.29,-59.936
3321.78,-59.831
3322.27,-58.446
3322.75,-59.570
3323.24,-60.360
3323.73,-59.612
3324.22,-58.825
3324.71,-60.646
3325.20,-59.149
3325.68,-59.528
3326.17,-60.294
3326.66,-61.653
3327.15,-60.285
3327.64,-59.740
3328.12,-61.235
3328.61,-58.791
3329.10,-60.820
3329.59,-61.315
3330.08,-60.591
3330.57,-59.736
3331.05,-60.292
3331.54,-57.919
3332.03,-59.125
3332.52,-61.471
3333.01,-60.977
3333.50,-60.666
3333.98,-60.937
3334.47,-61.259
3334.96,-59.887
3335.45,-60.593
3335.94,-61.576
3336.43,-61.595
3336.91,-61.693
3337.40,-59.768
3337.89,-63.635
3338.38,-60.865
3338.87,-60.838
3339.36,-60.574
3339.84,-60.659
3340.33,-60.142
3340.82,-60.129
3341.31,-61.097
3341.80,-59.738
3342.29,-62.674
3342.77,-61.760
3343.26,-61.062
3343.75,-60.415
3344.24,-60.822
3344.73,-63.090
3345.21,-63.126
3345.70,-61.880
3346.19,-59.490
3346.68,-61.770
3347.17,-61.292
3347.66,-61.206
3348.14,-60.060
3348.63,-60.553
3349.12,-61.824
3349.61,-63.546
3350.10,-62.170
3350.59,-62.129
3351.07,-61.473
3351.56,-61.265
3352.05,-62.417
3352.54,-60.983
3353.03,-61.193
3353.52,-62.112
3354.00,-62.774
3354.49,-61.463
3354.98,-62.396
3355.47,-62.655
3355.96,-59.643
3356.45,-62.125
3356.93,-60.075
3357.42,-63.632
3357.91,-61.938
3358.40,-61.837
3358.89,-62.035
3359.38,-60.938
3359.86,-61.731
3360.35,-62.039
3360.84,-61.429
3361.33,-64.001
3361.82,-64.968
3362.30,-63.317
3362.79,-63.840
3363.28,-62.161
3363.77,-62.811
3364.26,-63.093
3364.75,-64.601
3365.23,-64.391
3365.72,-63.017
3366.21,-62.258
3366.70,-62.237
3367.19,-60.877
3367.68,-61.720
3368.16,-62.097
3368.65,-60.192
3369.14,-62.691
3369.63,-63.472
3370.12,-62.692
3370.61,-63.423
3371.09,-62.114
3371.58,-64.054
3372.07,-63.741
3372.56,-64.151
3373.05,-64.550
3373.54,-65.271
3374.02,-63.484
3374.51,-63.751
3375.00,-62.451
3375.49,-62.606
3375.98,-63.732
3376.46,-62.804
3376.95,-62.499
3377.44,-61.763
3377.93,-62.471
3378.42,-61.393
3378.91,-62.434
3379.39,-63.506
3379.88,-63.665
3380.37,-63.727
3380.86,-62.153
3381.35,-63.543
3381.84,-63.674
3382.32,-62.438
3382.81,-63.021
3383.30,-63.297
3383.79,-64.784
3384.28,-64.176
3384.77,-63.698
3385.25,-65.785
3385.74,-64.261
3386.23,-63.539
3386.72,-65.879
3387.21,-65.733
3387.70,-63.218
3388.18,-62.935
3388.67,-64.275
3389.16,-63.934
3389.65,-66.701
3390.14,-66.307
3390.62,-65.701
3391.11,-65.468
3391.60,-63.659
3392.09,-63.255
3392.58,-64.510
3393.07,-63.592
3393.55,-63.207
3394.04,-65.382
3394.53,-65.409
3395.02,-64.246
3395.51,-62.915
3396.00,-64.657
3396.48,-62.636
3396.97,-64.859
3397.46,-64.881
3397.95,-65.808
3398.44,-64.349
3398.93,-64.601
3399.41,-63.078
3399.90,-65.378
3400.39,-63.784
3400.88,-64.339
3401.37,-63.981
3401.86,-65.106
3402.34,-64.280
3402.83,-63.952
3403.32,-65.065
3403.81,-65.700
3404.30,-63.629
3404.79,-65.333
3405.27,-63.067
3405.76,-63.053
3406.25,-64.739
3406.74,-65.923
3407.23,-66.240
3407.71,-63.254
3408.20,-67.332
3408.69,-66.229
3409.18,-64.270
3409.67,-66.600
3410.16,-65.152
3410.64,-64.663
3411.13,-65.629
3411.62,-64.240
3412.11,-66.759
3412.60,-65.126
3413.09,-63.784
3413.57,-65.785
3414.06,-64.719
3414.55,-64.717
3415.04,-63.354
3415.53,-63.986
3416.02,-66.324
3416.50,-65.139
3416.99,-64.194
3417.48,-64.046
3417.97,-65.403
3418.46,-64.594
3418.95,-64.674
3419.43,-66.518
3419.92,-66.337
3420.41,-65.313
3420.90,-64.839
3421.39,-63.269
3421.88,-64.122
3422.36,-63.905
3422.85,-64.525
3423.34,-64.560
3423.83,-65.054
3424.32,-66.443
3424.80,-65.609
3425.29,-65.416
3425.78,-65.482
3426.27,-63.043
3426.76,-65.590
3427.25,-65.214
3427.73,-64.846
3428.22,-63.019
3428.71,-64.740
3429.20,-65.379
3429.69,-65.205
3430.18,-65.325
3430.66,-65.904
3431.15,-65.094
3431.64,-63.986
3432.13,-64.887
3432.62,-63.299
3433.11,-64.250
3433.59,-64.687
3434.08,-63.331
3434.57,-64.971
3435.06,-64.974
3435.55,-66.844
3436.04,-64.143
3436.52,-63.987
3437.01,-64.447
3437.50,-64.119
3437.99,-65.389
3438.48,-64.059
3438.96,-64.278
3439.45,-64.550
3439.94,-65.662
3440.43,-64.737
3440.92,-63.352
3441.41,-65.437
3441.89,-65.528
3442.38,-66.488
3442.87,-65.152
3443.36,-64.392
3443.85,-63.916
3444.34,-63.437
3444.82,-65.209
3445.31,-65.035
3445.80,-65.246
3446.29,-64.313
3446.78,-64.370
3447.27,-64.868
3447.75,-65.940
3448.24,-66.922
3448.73,-64.569
3449.22,-62.880
3449.71,-64.506
3450.20,-66.295
3450.68,-64.549
3451.17,-66.669
3451.66,-65.221
3452.15,-65.781
3452.64,-65.945
3453.12,-65.501
3453.61,-66.279
3454.10,-65.869
3454.59,-63.728
3455.08,-64.377
3455.57,-65.252
3456.05,-65.084
3456.54,-64.517
3457.03,-66.707
3457.52,-66.682
3458.01,-64.873
3458.50,-64.732
3458.98,-63.505
3459.47,-66.521
3459.96,-65.533
3460.45,-66.690
3460.94,-64.914
3461.43,-64.232
3461.91,-64.030
3462.40,-64.422
3462.89,-66.150
3463.38,-64.861
3463.87,-65.077
3464.36,-65.926
3464.84,-65.480
3465.33,-67.309
3465.82,-66.136
3466.31,-65.691
3466.80,-67.335
3467.29,-65.562
3467.77,-64.435
3468.26,-64.303
3468.75,-67.180
3469.24,-66.808
3469.73,-64.998
3470.21,-66.013
3470.70,-64.841
3471.19,-65.085
3471.68,-65.951
3472.17,-65.101
3472.66,-65.801
3473.14,-65.834
3473.63,-65.286
3474.12,-64.858
3474.61,-65.769
3475.10,-64.791
3475.59,-65.632
3476.07,-65.886
3476.56,-66.549
3477.05,-65.864
3477.54,-63.838
3478.03,-67.291
3478.52,-64.959
3479.00,-65.069
3479.49,-64.058
3479.98,-64.465
3480.47,-65.039
3480.96,-64.832
3481.45,-63.991
3481.93,-64.046
3482.42,-64.416
3482.91,-65.654
3483.40,-65.102
3483.89,-66.480
3484.38,-65.377
3484.86,-64.881
3485.35,-65.479
3485.84,-64.841
3486.33,-65.145
3486.82,-64.976
3487.30,-64.975
3487.79,-66.265
3488.28,-67.242
3488.77,-66.523
3489.26,-66.298
3489.75,-66.265
3490.23,-65.528
3490.72,-63.726
3491.21,-66.020
3491.70,-66.484
3492.19,-65.244
3492.68,-66.406
3493.16,-66.131
3493.65,-65.682
3494.14,-66.945
3494.63,-64.902
3495.12,-64.676
3495.61,-66.401
3496.09,-65.880
3496.58,-65.424
3497.07,-64.565
3497.56,-65.949
3498.05,-64.779
3498.54,-65.375
3499.02,-67.107
3499.51,-64.960
3500.00,-65.223
3500.49,-65.037
3500.98,-66.647
3501.46,-66.104
3501.95,-64.446
3502.44,-64.513
3502.93,-63.529
3503.42,-63.721
3503.91,-66.443
3504.39,-65.602
3504.88,-65.004
3505.37,-65.143
3505.86,-63.422
3506.35,-64.921
3506.84,-66.247
3507.32,-65.668
3507.81,-66.051
3508.30,-64.205
3508.79,-63.970
3509.28,-62.678
3509.77,-64.443
3510.25,-65.860
3510.74,-66.597
3511.23,-64.246
3511.72,-66.351
3512.21,-64.025
3512.70,-63.482
3513.18,-63.980
3513.67,-64.000
3514.16,-64.925
3514.65,-65.876
3515.14,-63.311
3515.62,-65.751
3516.11,-67.063
3516.60,-63.586
3517.09,-65.065
3517.58,-64.638
3518.07,-64.779
3518.55,-66.070
3519.04,-65.466
3519.53,-65.399
3520.02,-64.966
3520.51,-64.735
3521.00,-64.886
3521.48,-65.202
3521.97,-64.619
3522.46,-64.700
3522.95,-64.833
3523.44,-64.256
3523.93,-65.373
3524.41,-63.792
3524.90,-65.513
3525.39,-65.337
3525.88,-65.523
3526.37,-66.917
3526.86,-65.026
3527.34,-64.468
3527.83,-64.180
3528.32,-64.408
3528.81,-64.610
3529.30,-65.479
3529.79,-66.389
3530.27,-65.677
3530.76,-65.994
3531.25,-65.532
3531.74,-66.132
3532.23,-64.793
3532.71,-63.622
3533.20,-63.270
3533.69,-62.777
3534.18,-64.372
3534.67,-64.406
3535.16,-64.471
3535.64,-64.424
3536.13,-65.052
3536.62,-65.080
3537.11,-65.412
3537.60,-64.635
3538.09,-64.157
3538.57,-64.787
3539.06,-64.865
3539.55,-64.498
3540.04,-64.257
3540.53,-64.607
3541.02,-66.332
3541.50,-64.711
3541.99,-67.359
3542.48,-64.444
3542.97,-64.871
3543.46,-64.949
3543.95,-63.969
3544.43,-64.434
3544.92,-64.961
3545.41,-64.537
3545.90,-65.405
3546.39,-63.762
3546.88,-66.318
3547.36,-65.539
3547.85,-63.461
3548.34,-63.650
3548.83,-63.886
3549.32,-64.133
3549.80,-63.610
3550.29,-63.314
3550.78,-64.148
3551.27,-62.809
3551.76,-63.820
3552.25,-64.060
3552.73,-63.356
3553.22,-62.691
3553.71,-62.953
3554.20,-63.985
3554.69,-63.046
3555.18,-62.517
3555.66,-62.633
3556.15,-65.882
3556.64,-63.559
3557.13,-63.934
3557.62,-64.268
3558.11,-64.102
3558.59,-64.122
3559.08,-64.226
3559.57,-65.230
3560.06,-63.302
3560.55,-64.172
3561.04,-63.689
3561.52,-64.290
3562.01,-63.235
3562.50,-62.444
3562.99,-64.043
3563.48,-64.235
3563.96,-63.100
3564.45,-62.639
3564.94,-62.143
3565.43,-62.491
3565.92,-63.451
3566.41,-61.910
3566.89,-64.158
3567.38,-62.830
3567.87,-61.847
3568.36,-62.109
3568.85,-62.804
3569.34,-62.683
3569.82,-64.231
3570.31,-64.232
3570.80,-64.041
3571.29,-63.775
3571.78,-62.570
3572.27,-64.060
3572.75,-62.510
3573.24,-63.350
3573.73,-64.414
3574.22,-62.284
3574.71,-63.312
3575.20,-65.477
3575.68,-64.238
3576.17,-63.862
3576.66,-63.341
3577.15,-63.318
3577.64,-62.664
3578.12,-63.182
3578.61,-63.441
3579.10,-62.352
3579.59,-64.468
3580.08,-63.842
3580.57,-61.303
3581.05,-63.222
3581.54,-62.629
3582.03,-61.713
3582.52,-63.437
3583.01,-61.537
3583.50,-61.714
3583.98,-61.346
3584.47,-60.766
3584.96,-62.966
3585.45,-62.091
3585.94,-60.373
3586.43,-63.216
3586.91,-61.685
3587.40,-62.328
3587.89,-63.719
3588.38,-63.913
3588.87,-62.491
3589.36,-63.183
3589.84,-63.782
3590.33,-63.047
3590.82,-60.924
3591.31,-61.595
3591.80,-61.295
3592.29,-61.142
3592.77,-60.316
3593.26,-60.849
3593.75,-61.579
3594.24,-61.833
3594.73,-60.210
3595.21,-61.941
3595.70,-61.765
3596.19,-61.301
3596.68,-61.953
3597.17,-60.822
3597.66,-62.156
3598.14,-62.269
3598.63,-63.321
3599.12,-63.600
3599.61,-63.632
3600.10,-62.763
3600.59,-62.058
3601.07,-60.994
3601.56,-61.475
3602.05,-62.844
3602.54,-61.391
3603.03,-60.729
3603.52,-62.580
3604.00,-62.804
3604.49,-62.088
3604.98,-62.351
3605.47,-61.083
3605.96,-60.312
3606.45,-60.468
3606.93,-60.683
3607.42,-60.663
3607.91,-61.088
3608.40,-61.469
3608.89,-61.057
3609.38,-61.500
3609.86,-61.760
3610.35,-62.037
3610.84,-60.394
3611.33,-60.359
3611.82,-61.289
3612.30,-60.890
3612.79,-61.084
3613.28,-60.779
3613.77,-59.525
3614.26,-60.235
3614.75,-59.834
3615.23,-60.345
3615.72,-60.143
3616.21,-60.246
3616.70,-59.822
3617.19,-60.138
3617.68,-60.941
3618.16,-61.578
3618.65,-60.484
3619.14,-59.018
3619.63,-60.521
3620.12,-60.380
3620.61,-58.654
3621.09,-58.776
3621.58,-59.066
3622.07,-61.172
3622.56,-59.839
3623.05,-60.031
3623.54,-60.022
3624.02,-57.515
3624.51,-59.624
3625.00,-58.521
3625.49,-59.325
3625.98,-59.037
3626.46,-60.666
3626.95,-58.639
3627.44,-58.646
3627.93,-59.704
3628.42,-60.124
3628.91,-60.590
3629.39,-59.994
3629.88,-58.138
3630.37,-58.995
3630.86,-59.213
3631.35,-59.947
3631.84,-59.261
3632.32,-60.066
3632.81,-59.866
3633.30,-59.665
3633.79,-59.944
3634.28,-58.255
3634.77,-59.671
3635.25,-58.291
3635.74,-61.142
3636.23,-58.094
3636.72,-57.320
3637.21,-58.695
3637.70,-58.840
3638.18,-58.972
3638.67,-58.232
3639.16,-57.216
3639.65,-58.698
3640.14,-57.673
3640.62,-58.101
3641.11,-58.589
3641.60,-59.013
3642.09,-58.717
3642.58,-57.811
3643.07,-56.802
3643.55,-58.266
3644.04,-58.548
3644.53,-56.414
3645.02,-56.363
3645.51,-57.774
3646.00,-58.014
3646.48,-58.369
3646.97,-56.885
3647.46,-58.099
3647.95,-57.607
3648.44,-56.728
3648.93,-57.699
3649.41,-56.091
3649.90,-55.879
3650.39,-56.805
3650.88,-57.629
3651.37,-55.938
3651.86,-57.883
3652.34,-56.852
3652.83,-57.706
3653.32,-54.873
3653.81,-57.326
3654.30,-55.379
3654.79,-56.552
3655.27,-58.167
3655.76,-56.626
3656.25,-56.638
3656.74,-55.637
3657.23,-56.342
3657.71,-55.547
3658.20,-55.612
3658.69,-56.779
3659.18,-55.338
3659.67,-57.067
3660.16,-57.445
3660.64,-54.609
3661.13,-55.444
3661.62,-55.317
3662.11,-53.600
3662.60,-54.982
3663.09,-55.483
3663.57,-54.638
3664.06,-54.882
3664.55,-54.666
3665.04,-54.512
3665.53,-54.690
3666.02,-53.865
3666.50,-54.237
3666.99,-55.580
3667.48,-53.286
3667.97,-54.819
3668.46,-55.482
3668.95,-54.095
3669.43,-55.205
3669.92,-52.810
3670.41,-53.526
3670.90,-53.475
3671.39,-54.615
3671.88,-54.258
3672.36,-53.437
3672.85,-53.156
3673.34,-52.617
3673.83,-52.642
3674.32,-52.007
3674.80,-52.010
3675.29,-54.426
3675.78,-54.540
3676.27,-53.748
3676.76,-52.030
3677.25,-52.647
3677.73,-51.964
3678.22,-53.128
3678.71,-50.975
3679.20,-51.837
3679.69,-52.696
3680.18,-53.009
3680.66,-51.989
3681.15,-51.730
3681.64,-51.326
3682.13,-51.499
3682.62,-53.062
3683.11,-52.051
3683.59,-49.557
3684.08,-53.347
3684.57,-52.164
3685.06,-51.837
3685.55,-50.251
3686.04,-53.457
3686.52,-51.847
3687.01,-54.033
3687.50,-51.577
3687.99,-51.613
3688.48,-51.108
3688.96,-52.793
3689.45,-54.168
3689.94,-53.175
3690.43,-52.818
3690.92,-50.569
3691.41,-51.906
3691.89,-50.172
3692.38,-51.508
3692.87,-51.231
3693.36,-50.867
3693.85,-52.026
3694.34,-52.811
3694.82,-51.182
3695.31,-51.893
3695.80,-52.366
3696.29,-51.077
3696.78,-51.193
3697.27,-50.864
3697.75,-53.120
3698.24,-52.117
3698.73,-51.806
3699.22,-51.062
3699.71,-52.182
3700.20,-52.482
3700.68,-52.501
3701.17,-50.686
3701.66,-52.625
3702.15,-52.463
3702.64,-50.123
3703.12,-52.773
3703.61,-51.931
3704.10,-52.399
3704.59,-51.309
3705.08,-51.009
3705.57,-51.075
3706.05,-51.856
3706.54,-51.173
3707.03,-50.606
3707.52,-52.184
3708.01,-50.398
3708.50,-50.680
3708.98,-51.710
3709.47,-50.787
3709.96,-53.425
3710.45,-52.543
3710.94,-51.978
3711.43,-53.844
3711.91,-53.973
3712.40,-54.407
3712.89,-52.841
3713.38,-52.561
3713.87,-51.598
3714.36,-51.920
3714.84,-52.341
3715.33,-51.899
3715.82,-51.851
3716.31,-53.788
3716.80,-52.498
3717.29,-53.424
3717.77,-52.663
3718.26,-54.052
3718.75,-53.346
3719.24,-53.596
3719.73,-52.266
3720.21,-53.538
3720.70,-53.289
3721.19,-52.060
3721.68,-53.951
3722.17,-52.732
3722.66,-53.418
3723.14,-54.437
3723.63,-54.397
3724.12,-53.715
3724.61,-53.845
3725.10,-53.231
3725.59,-54.694
3726.07,-53.820
3726.56,-54.839
3727.05,-54.786
3727.54,-54.032
3728.03,-53.321
3728.52,-54.813
3729.00,-54.135
3729.49,-57.933
3729.98,-54.996
3730.47,-56.392
3730.96,-54.988
3731.45,-54.835
3731.93,-54.112
3732.42,-54.555
3732.91,-53.493
3733.40,-54.386
3733.89,-55.537
3734.38,-54.066
3734.86,-53.828
3735.35,-55.898
3735.84,-57.669
3736.33,-55.927
3736.82,-55.588
3737.30,-57.135
3737.79,-54.523
3738.28,-54.074
3738.77,-55.763
3739.26,-55.115
3739.75,-54.726
3740.23,-56.528
3740.72,-56.117
3741.21,-56.334
3741.70,-56.886
3742.19,-54.895
3742.68,-55.772
3743.16,-55.809
3743.65,-54.673
3744.14,-55.441
3744.63,-57.593
3745.12,-58.142
3745.61,-57.801
3746.09,-56.654
3746.58,-55.305
3747.07,-56.048
3747.56,-55.066
3748.05,-56.719
3748.54,-58.119
3749.02,-58.100
3749.51,-58.916
3750.00,-57.476
3750.49,-55.844
3750.98,-57.188
3751.46,-57.386
3751.95,-56.593
3752.44,-57.116
3752.93,-56.818
3753.42,-57.124
3753.91,-57.545
3754.39,-58.624
3754.88,-57.411
3755.37,-55.909
3755.86,-59.113
3756.35,-58.025
3756.84,-57.923
3757.32,-58.043
3757.81,-57.788
3758.30,-58.456
3758.79,-57.830
3759.28,-58.156
3759.77,-58.376
3760.25,-57.297
3760.74,-57.622
3761.23,-58.312
3761.72,-58.259
3762.21,-59.578
3762.70,-57.375
3763.18,-58.105
3763.67,-57.011
3764.16,-58.108
3764.65,-59.284
3765.14,-57.788
3765.62,-57.697
3766.11,-58.603
3766.60,-57.504
3767.09,-57.679
3767.58,-58.203
3768.07,-57.156
3768.55,-58.520
3769.04,-58.006
3769.53,-58.970
3770.02,-59.023
3770.51,-58.372
3771.00,-58.903
3771.48,-58.638
3771.97,-58.669
3772.46,-60.128
3772.95,-60.197
3773.44,-58.871
3773.93,-58.185
3774.41,-58.936
3774.90,-58.207
3775.39,-59.672
3775.88,-59.313
3776.37,-58.712
3776.86,-60.462
3777.34,-60.510
3777.83,-59.375
3778.32,-59.994
3778.81,-59.730
3779.30,-59.878
3779.79,-60.172
3780.27,-59.345
3780.76,-58.636
3781.25,-59.981
3781.74,-59.458
3782.23,-58.213
3782.71,-59.189
3783.20,-59.242
3783.69,-60.166
3784.18,-61.598
3784.67,-60.833
3785.16,-60.289
3785.64,-59.887
3786.13,-60.146
3786.62,-60.296
3787.11,-60.507
3787.60,-60.720
3788.09,-61.274
3788.57,-61.595
3789.06,-62.627
3789.55,-59.360
3790.04,-59.712
3790.53,-61.215
3791.02,-59.691
3791.50,-61.349
3791.99,-60.022
3792.48,-60.312
3792.97,-60.510
3793.46,-60.342
3793.95,-59.596
3794.43,-59.683
3794.92,-61.761
3795.41,-60.824
3795.90,-61.276
3796.39,-61.620
3796.88,-61.879
3797.36,-61.445
3797.85,-60.272
3798.34,-61.087
3798.83,-60.136
3799.32,-60.421
3799.80,-60.538
3800.29,-59.844
3800.78,-59.385
3801.27,-62.112
3801.76,-62.034
3802.25,-62.324
3802.73,-61.826
3803.22,-61.001
3803.71,-60.354
3804.20,-60.760
3804.69,-60.538
3805.18,-61.820
3805.66,-60.785
3806.15,-61.450
3806.64,-59.900
3807.13,-61.016
3807.62,-64.421
3808.11,-60.875
3808.59,-61.219
3809.08,-60.812
3809.57,-63.239
3810.06,-63.085
3810.55,-63.945
3811.04,-62.403
3811.52,-61.664
3812.01,-60.900
3812.50,-62.547
3812.99,-60.181
3813.48,-60.653
3813.96,-61.989
3814.45,-62.316
3814.94,-60.540
3815.43,-59.126
3815.92,-62.021
3816.41,-61.700
3816.89,-60.786
3817.38,-61.013
3817.87,-62.473
3818.36,-62.432
3818.85,-60.980
3819.34,-61.829
3819.82,-62.102
3820.31,-63.693
3820.80,-61.724
3821.29,-62.426
3821.78,-60.986
3822.27,-63.693
3822.75,-61.427
3823.24,-61.464
3823.73,-62.333
3824.22,-62.787
3824.71,-63.848
3825.20,-63.835
3825.68,-61.976
3826.17,-61.977
3826.66,-63.534
3827.15,-61.334
3827.64,-62.918
3828.12,-61.402
3828.61,-62.867
3829.10,-60.931
3829.59,-60.643
3830.08,-62.719
3830.57,-62.269
3831.05,-62.934
3831.54,-62.065
3832.03,-62.016
3832.52,-61.704
3833.01,-61.314
3833.50,-61.649
3833.98,-62.137
3834.47,-62.280
3834.96,-64.023
3835.45,-62.301
3835.94,-62.421
3836.43,-62.412
3836.91,-62.039
3837.40,-63.864
3837.89,-63.572
3838.38,-62.514
3838.87,-61.850
3839.36,-61.777
3839.84,-62.137
3840.33,-61.794
3840.82,-64.323
3841.31,-62.889
3841.80,-63.073
3842.29,-62.723
3842.77,-64.232
3843.26,-62.717
3843.75,-63.383
3844.24,-63.025
3844.73,-63.430
3845.21,-64.779
3845.70,-62.990
3846.19,-62.167
3846.68,-62.488
3847.17,-62.056
3847.66,-61.840
3848.14,-61.510
3848.63,-63.607
3849.12,-64.275
3849.61,-64.254
3850.10,-64.915
3850.59,-62.006
3851.07,-64.872
3851.56,-63.964
3852.05,-64.233
3852.54,-63.388
3853.03,-63.804
3853.52,-62.285
3854.00,-64.264
3854.49,-62.067
3854.98,-61.805
3855.47,-63.049
3855.96,-62.945
3856.45,-63.977
3856.93,-62.561
3857.42,-61.204
3857.91,-62.794
3858.40,-61.811
3858.89,-62.536
3859.38,-62.899
3859.86,-61.350
3860.35,-63.988
3860.84,-64.574
3861.33,-61.133
3861.82,-62.646
3862.30,-61.960
3862.79,-62.319
3863.28,-61.807
3863.77,-63.530
3864.26,-62.882
3864.75,-62.280
3865.23,-62.231
3865.72,-63.371
3866.21,-63.520
3866.70,-62.457
3867.19,-64.187
3867.68,-63.887
3868.16,-63.115
3868.65,-62.850
3869.14,-64.138
3869.63,-61.391
3870.12,-63.799
3870.61,-64.144
3871.09,-65.242
3871.58,-64.107
3872.07,-61.685
3872.56,-63.508
3873.05,-64.880
3873.54,-64.655
3874.02,-61.701
3874.51,-63.875
3875.00,-63.321
3875.49,-64.669
3875.98,-63.100
3876.46,-63.936
3876.95,-64.837
3877.44,-64.771
3877.93,-64.593
3878.42,-63.233
3878.91,-63.119
3879.39,-63.800
3879.88,-62.622
3880.37,-61.838
3880.86,-63.802
3881.35,-64.580
3881.84,-63.030
3882.32,-64.176
3882.81,-65.616
3883.30,-65.247
3883.79,-62.646
3884.28,-64.736
3884.77,-64.218
3885.25,-63.185
3885.74,-62.785
3886.23,-63.022
3886.72,-61.511
3887.21,-62.868
3887.70,-63.255
3888.18,-64.039
3888.67,-63.907
3889.16,-62.062
3889.65,-62.400
3890.14,-63.831
3890.62,-63.837
3891.11,-63.338
3891.60,-62.697
3892.09,-62.412
3892.58,-63.127
3893.07,-61.777
3893.55,-63.775
3894.04,-64.076
3894.53,-63.924
3895.02,-63.521
3895.51,-62.270
3896.00,-64.188
3896.48,-63.660
3896.97,-63.918
3897.46,-63.697
3897.95,-65.666
3898.44,-62.635
3898.93,-62.885
3899.41,-62.743
3899.90,-63.879
3900.39,-63.609
3900.88,-63.040
3901.37,-64.345
3901.86,-64.390
3902.34,-63.588
3902.83,-62.200
3903.32,-61.244
3903.81,-63.518
3904.30,-63.453
3904.79,-63.693
3905.27,-63.594
3905.76,-63.909
3906.25,-63.367
3906.74,-63.210
3907.23,-63.017
3907.71,-63.537
3908.20,-64.501
3908.69,-65.007
3909.18,-64.141
3909.67,-63.019
3910.16,-62.904
3910.64,-62.307
3911.13,-63.668
3911.62,-63.201
3912.11,-63.118
3912.60,-64.253
3913.09,-64.589
3913.57,-63.527
3914.06,-62.975
3914.55,-62.701
3915.04,-64.112
3915.53,-61.998
3916.02,-62.794
3916.50,-63.235
3916.99,-63.275
3917.48,-63.816
3917.97,-62.721
3918.46,-64.605
3918.95,-63.290
3919.43,-62.047
3919.92,-62.875
3920.41,-61.795
3920.90,-62.761
3921.39,-64.103
3921.88,-62.068
3922.36,-62.903
3922.85,-63.555
3923.34,-63.050
3923.83,-64.561
3924.32,-62.497
3924.80,-63.297
3925.29,-63.108
3925.78,-64.086
3926.27,-65.678
3926.76,-64.036
3927.25,-63.069
3927.73,-61.247
3928.22,-63.291
3928.71,-63.463
3929.20,-64.089
3929.69,-63.774
3930.18,-61.584
3930.66,-62.303
3931.15,-62.387
3931.64,-62.568
3932.13,-62.413
3932.62,-62.314
3933.11,-64.356
3933.59,-63.311
3934.08,-63.569
3934.57,-63.098
3935.06,-64.155
3935.55,-63.018
3936.04,-62.609
3936.52,-61.914
3937.01,-63.511
3937.50,-62.892
3937.99,-63.174
3938.48,-63.097
3938.96,-62.988
3939.45,-63.985
3939.94,-64.745
3940.43,-63.561
3940.92,-62.542
3941.41,-63.286
3941.89,-64.093
3942.38,-63.248
3942.87,-63.363
3943.36,-63.484
3943.85,-63.804
3944.34,-62.640
3944.82,-61.462
3945.31,-64.387
3945.80,-62.917
3946.29,-61.715
3946.78,-62.507
3947.27,-63.211
3947.75,-61.917
3948.24,-62.562
3948.73,-64.665
3949.22,-63.320
3949.71,-64.161
3950.20,-61.959
3950.68,-62.821
3951.17,-62.103
3951.66,-61.225
3952.15,-64.817
3952.64,-62.692
3953.12,-63.431
3953.61,-61.420
3954.10,-62.970
3954.59,-64.012
3955.08,-63.872
3955.57,-62.193
3956.05,-63.799
3956.54,-64.031
3957.03,-63.682
3957.52,-63.780
3958.01,-62.379
3958.50,-63.188
3958.98,-63.784
3959.47,-62.679
3959.96,-62.085
3960.45,-62.914
3960.94,-63.172
3961.43,-63.856
3961.91,-62.346
3962.40,-62.032
3962.89,-61.338
3963.38,-62.295
3963.87,-62.076
3964.36,-62.049
3964.84,-61.857
3965.33,-61.517
3965.82,-63.492
3966.31,-62.082
3966.80,-62.106
3967.29,-63.289
3967.77,-62.672
3968.26,-62.953
3968.75,-63.662
3969.24,-64.590
3969.73,-61.871
3970.21,-62.838
3970.70,-62.656
3971.19,-63.982
3971.68,-61.411
3972.17,-61.557
3972.66,-60.040
3973.14,-61.908
3973.63,-62.261
3974.12,-63.534
3974.61,-62.534
3975.10,-61.797
3975.59,-60.740
3976.07,-62.678
3976.56,-62.403
3977.05,-62.349
3977.54,-61.761
3978.03,-62.041
3978.52,-63.256
3979.00,-61.844
3979.49,-61.983
3979.98,-61.939
3980.47,-62.060
3980.96,-61.866
3981.45,-63.597
3981.93,-62.931
3982.42,-63.076
3982.91,-63.149
3983.40,-63.633
3983.89,-64.453
3984.38,-62.843
3984.86,-61.061
3985.35,-60.964
3985.84,-62.442
3986.33,-61.532
3986.82,-63.222
3987.30,-61.705
3987.79,-61.407
3988.28,-60.549
3988.77,-62.569
3989.26,-63.048
3989.75,-62.517
3990.23,-61.402
3990.72,-60.960
3991.21,-60.332
3991.70,-63.619
3992.19,-61.476
3992.68,-62.044
3993.16,-62.340
3993.65,-62.413
3994.14,-60.863
3994.63,-61.905
3995.12,-62.057
3995.61,-60.337
3996.09,-61.197
3996.58,-61.608
3997.07,-61.065
3997.56,-63.680
3998.05,-61.918
3998.54,-62.335
3999.02,-62.847
3999.51,-61.746
4000.00,-61.650
4000.49,-61.007
4000.98,-60.589
4001.46,-61.217
4001.95,-63.015
4002.44,-60.928
4002.93,-61.920
4003.42,-61.118
4003.91,-61.483
4004.39,-59.767
4004.88,-62.670
4005.37,-61.258
4005.86,-61.811
4006.35,-63.798
4006.84,-61.055
4007.32,-61.602
4007.81,-61.472
4008.30,-60.419
4008.79,-61.179
4009.28,-60.839
4009.77,-61.158
4010.25,-60.948
4010.74,-60.155
4011.23,-60.085
4011.72,-60.010
4012.21,-61.030
4012.70,-59.472
4013.18,-61.498
4013.67,-60.533
4014.16,-59.026
4014.65,-60.230
4015.14,-60.951
4015.62,-60.469
4016.11,-59.890
4016.60,-61.390
4017.09,-58.809
4017.58,-61.478
4018.07,-60.410
4018.55,-59.379
4019.04,-59.261
4019.53,-59.588
4020.02,-59.856
4020.51,-61.963
4021.00,-61.517
4021.48,-59.988
4021.97,-59.914
4022.46,-60.351
4022.95,-58.644
4023.44,-59.751
4023.93,-59.055
4024.41,-61.666
4024.90,-59.500
4025.39,-60.759
4025.88,-59.068
4026.37,-60.282
4026.86,-59.958
4027.34,-58.042
4027.83,-59.627
4028.32,-59.873
4028.81,-60.196
4029.30,-59.407
4029.79,-59.592
4030.27,-58.644
4030.76,-59.615
4031.25,-60.600
4031.74,-59.045
4032.23,-57.529
4032.71,-59.583
4033.20,-58.836
4033.69,-59.254
4034.18,-61.669
4034.67,-58.641
4035.16,-59.014
4035.64,-59.046
4036.13,-58.571
4036.62,-58.863
4037.11,-58.032
4037.60,-58.428
4038.09,-59.198
4038.57,-59.614
4039.06,-58.780
4039.55,-58.269
4040.04,-58.099
4040.53,-58.858
4041.02,-58.243
4041.50,-58.500
4041.99,-59.689
4042.48,-58.806
4042.97,-58.584
4043.46,-57.933
4043.95,-59.303
4044.43,-59.797
4044.92,-57.701
4045.41,-58.753
4045.90,-59.787
4046.39,-57.692
4046.88,-58.172
4047.36,-57.962
4047.85,-56.970
4048.34,-58.530
4048.83,-58.599
4049.32,-58.450
4049.80,-57.726
4050.29,-58.023
4050.78,-58.617
4051.27,-58.088
4051.76,-57.713
4052.25,-55.714
4052.73,-57.758
4053.22,-58.142
4053.71,-57.831
4054.20,-58.382
4054.69,-57.598
4055.18,-56.224
4055.66,-57.713
4056.15,-58.718
4056.64,-57.479
4057.13,-57.046
4057.62,-58.022
4058.11,-58.058
4058.59,-58.310
4059.08,-58.069
4059.57,-58.715
4060.06,-58.348
4060.55,-57.351
4061.04,-58.505
4061.52,-58.093
4062.01,-56.795
4062.50,-57.669
4062.99,-58.806
4063.48,-55.873
4063.96,-56.665
4064.45,-55.505
4064.94,-57.737
4065.43,-56.606
4065.92,-56.616
4066.41,-56.346
4066.89,-57.031
4067.38,-56.128
4067.87,-57.325
4068.36,-57.332
4068.85,-56.998
4069.34,-57.086
4069.82,-57.336
4070.31,-56.751
4070.80,-55.981
4071.29,-55.144
4071.78,-54.585
4072.27,-56.634
4072.75,-55.835
4073.24,-56.104
4073.73,-56.814
4074.22,-57.135
4074.71,-55.157
4075.20,-56.252
4075.68,-55.732
4076.17,-55.885
4076.66,-57.957
4077.15,-55.552
4077.64,-56.759
4078.12,-56.710
4078.61,-55.013
4079.10,-56.851
4079.59,-55.929
4080.08,-57.022
4080.57,-56.617
4081.05,-55.168
4081.54,-55.464
4082.03,-56.280
4082.52,-54.750
4083.01,-55.676
4083.50,-54.473
4083.98,-56.427
4084.47,-55.138
4084.96,-56.086
4085.45,-56.070
4085.94,-54.629
4086.43,-55.065
4086.91,-55.257
4087.40,-54.250
4087.89,-55.214
4088.38,-55.072
4088.87,-54.961
4089.36,-54.681
4089.84,-56.007
4090.33,-53.201
4090.82,-54.218
4091.31,-55.410
4091.80,-54.062
4092.29,-54.562
4092.77,-53.525
4093.26,-55.648
4093.75,-53.189
4094.24,-52.763
4094.73,-53.915
4095.21,-54.499
4095.70,-54.600
4096.19,-53.260
4096.68,-53.432
4097.17,-53.948
4097.66,-53.987
4098.14,-55.192
4098.63,-55.245
4099.12,-56.886
4099.61,-53.781
4100.10,-53.659
4100.59,-52.715
4101.07,-53.810
4101.56,-53.638
4102.05,-53.843
4102.54,-54.111
4103.03,-53.335
4103.52,-52.216
4104.00,-53.082
4104.49,-52.602
4104.98,-53.417
4105.47,-52.238
4105.96,-52.542
4106.45,-54.571
4106.93,-53.511
4107.42,-52.744
4107.91,-52.495
4108.40,-55.556
4108.89,-56.123
4109.38,-55.207
4109.86,-53.838
4110.35,-54.351
4110.84,-53.269
4111.33,-52.220
4111.82,-53.475
4112.30,-53.306
4112.79,-54.214
4113.28,-51.652
4113.77,-51.746
4114.26,-52.314
4114.75,-52.525
4115.23,-54.368
4115.72,-52.534
4116.21,-52.545
4116.70,-52.651
4117.19,-53.150
4117.68,-52.871
4118.16,-53.592
4118.65,-54.331
4119.14,-51.477
4119.63,-52.752
4120.12,-53.086
4120.61,-52.937
4121.09,-51.834
4121.58,-51.608
4122.07,-53.445
4122.56,-51.782
4123.05,-51.644
4123.54,-52.858
4124.02,-52.420
4124.51,-53.853
4125.00,-51.886
4125.49,-50.853
4125.98,-51.250
4126.46,-51.355
4126.95,-50.788
4127.44,-51.085
4127.93,-50.710
4128.42,-52.990
4128.91,-50.793
4129.39,-51.537
4129.88,-50.974
4130.37,-50.819
4130.86,-50.235
4131.35,-52.374
4131.84,-51.510
4132.32,-52.041
4132.81,-52.308
4133.30,-52.355
4133.79,-51.118
4134.28,-51.558
4134.77,-52.593
4135.25,-53.263
4135.74,-50.864
4136.23,-51.270
4136.72,-51.981
4137.21,-51.388
4137.70,-51.293
4138.18,-51.870
4138.67,-51.211
4139.16,-51.794
4139.65,-51.924
4140.14,-52.099
4140.62,-50.411
4141.11,-52.007
4141.60,-51.744
4142.09,-50.969
4142.58,-52.543
4143.07,-52.876
4143.55,-51.289
4144.04,-51.415
4144.53,-49.907
4145.02,-52.043
4145.51,-50.708
4146.00,-51.628
4146.48,-51.145
4146.97,-53.260
4147.46,-53.101
4147.95,-52.872
4148.44,-51.653
4148.93,-52.986
4149.41,-52.070
4149.90,-53.021
4150.39,-53.414
4150.88,-51.156
4151.37,-53.230
4151.86,-51.529
4152.34,-52.443
4152.83,-50.501
4153.32,-49.807
4153.81,-51.642
4154.30,-53.477
4154.79,-52.109
4155.27,-54.061
4155.76,-52.464
4156.25,-51.899
4156.74,-52.244
4157.23,-52.155
4157.71,-53.244
4158.20,-52.222
4158.69,-52.623
4159.18,-51.517
4159.67,-51.961
4160.16,-51.518
4160.64,-51.357
4161.13,-52.358
4161.62,-50.885
4162.11,-51.774
4162.60,-52.381
4163.09,-53.326
4163.57,-52.960
4164.06,-53.926
4164.55,-51.981
4165.04,-51.840
4165.53,-52.032
4166.02,-52.172
4166.50,-51.959
4166.99,-52.286
4167.48,-50.617
4167.97,-51.384
4168.46,-53.160
4168.95,-51.437
4169.43,-52.040
4169.92,-53.672
4170.41,-53.583
4170.90,-52.631
4171.39,-53.057
4171.88,-54.152
4172.36,-52.736
4172.85,-52.440
4173.34,-52.122
4173.83,-51.402
4174.32,-51.049
4174.80,-52.630
4175.29,-52.064
4175.78,-53.442
4176.27,-52.675
4176.76,-52.394
4177.25,-53.632
4177.73,-52.292
4178.22,-53.756
4178.71,-50.915
4179.20,-52.373
4179.69,-52.658
4180.18,-53.387
4180.66,-53.610
4181.15,-53.518
4181.64,-52.366
4182.13,-52.759
4182.62,-53.160
4183.11,-51.933
4183.59,-54.594
4184.08,-53.256
4184.57,-53.767
4185.06,-54.031
4185.55,-53.356
4186.04,-53.520
4186.52,-54.342
4187.01,-51.747
4187.50,-53.282
4187.99,-54.586
4188.48,-55.497
4188.96,-54.734
4189.45,-52.857
4189.94,-53.000
4190.43,-53.834
4190.92,-54.702
4191.41,-52.604
4191.89,-54.649
4192.38,-53.604
4192.87,-54.025
4193.36,-52.617
4193.85,-54.982
4194.34,-54.207
4194.82,-53.202
4195.31,-53.209
4195.80,-54.193
4196.29,-53.409
4196.78,-56.035
4197.27,-53.852
4197.75,-52.957
4198.24,-53.340
4198.73,-52.734
4199.22,-53.488
4199.71,-53.868
4200.20,-53.951
4200.68,-55.954
4201.17,-54.470
4201.66,-53.709
4202.15,-52.824
4202.64,-54.008
4203.12,-52.486
4203.61,-53.050
4204.10,-53.535
4204.59,-56.735
4205.08,-55.733
4205.57,-55.201
4206.05,-54.706
4206.54,-53.688
4207.03,-54.297
4207.52,-54.352
4208.01,-53.072
4208.50,-52.000
4208.98,-53.537
4209.47,-53.820
4209.96,-56.210
4210.45,-54.499
4210.94,-54.443
4211.43,-55.858
4211.91,-55.625
4212.40,-55.076
4212.89,-55.480
4213.38,-56.088
4213.87,-55.998
4214.36,-56.499
4214.84,-56.492
4215.33,-55.149
4215.82,-55.043
4216.31,-54.468
4216.80,-55.045
4217.29,-55.045
4217.77,-54.819
4218.26,-54.423
4218.75,-54.361
4219.24,-54.543
4219.73,-54.714
4220.21,-53.672
4220.70,-55.413
4221.19,-54.590
4221.68,-54.363
4222.17,-55.636
4222.66,-55.612
4223.14,-56.199
4223.63,-55.638
4224.12,-57.007
4224.61,-55.457
4225.10,-55.333
4225.59,-54.504
4226.07,-55.573
4226.56,-55.387
4227.05,-57.436
4227.54,-55.580
4228.03,-58.310
4228.52,-56.087
4229.00,-56.606
4229.49,-55.105
4229.98,-55.243
4230.47,-55.482
4230.96,-56.774
4231.45,-54.789
4231.93,-56.035
4232.42,-54.649
4232.91,-55.269
4233.40,-56.926
4233.89,-56.134
4234.38,-55.846
4234.86,-55.723
4235.35,-55.985
4235.84,-55.448
4236.33,-56.909
4236.82,-54.641
4237.30,-57.049
4237.79,-57.530
4238.28,-55.379
4238.77,-56.537
4239.26,-56.272
4239.75,-56.191
4240.23,-54.766
4240.72,-57.391
4241.21,-55.463
4241.70,-55.647
4242.19,-55.344
4242.68,-55.698
4243.16,-53.434
4243.65,-57.768
4244.14,-56.800
4244.63,-56.939
4245.12,-57.389
4245.61,-55.853
4246.09,-57.013
4246.58,-54.489
4247.07,-56.410
4247.56,-55.920
4248.05,-56.452
4248.54,-55.728
4249.02,-55.838
4249.51,-57.887
4250.00,-56.286
4250.49,-55.940
4250.98,-56.452
4251.46,-58.389
4251.95,-56.481
4252.44,-56.739
4252.93,-57.866
4253.42,-54.470
4253.91,-56.740
4254.39,-57.496
4254.88,-56.503
4255.37,-56.824
4255.86,-57.842
4256.35,-57.622
4256.84,-55.565
4257.32,-57.036
4257.81,-56.127
4258.30,-55.893
4258.79,-56.862
4259.28,-57.401
4259.77,-57.965
4260.25,-56.819
4260.74,-57.484
4261.23,-58.265
4261.72,-57.568
4262.21,-56.499
4262.70,-57.419
4263.18,-57.344
4263.67,-56.339
4264.16,-57.406
4264.65,-56.649
4265.14,-57.888
4265.62,-56.553
4266.11,-57.044
4266.60,-57.533
4267.09,-57.801
4267.58,-56.203
4268.07,-56.466
4268.55,-56.895
4269.04,-56.429
4269.53,-57.666
4270.02,-57.487
4270.51,-57.467
4271.00,-56.929
4271.48,-57.268
4271.97,-56.382
4272.46,-57.630
4272.95,-56.897
4273.44,-56.540
4273.93,-56.479
4274.41,-58.029
4274.90,-56.197
4275.39,-57.042
4275.88,-55.907
4276.37,-57.239
4276.86,-57.556
4277.34,-59.248
4277.83,-57.952
4278.32,-56.246
4278.81,-57.161
4279.30,-57.100
4279.79,-57.239
4280.27,-56.519
4280.76,-56.971
4281.25,-57.380
4281.74,-56.682
4282.23,-57.654
4282.71,-57.403
4283.20,-57.150
4283.69,-57.731
4284.18,-57.402
4284.67,-57.282
4285.16,-56.223
4285.64,-57.056
4286.13,-56.221
4286.62,-57.296
4287.11,-56.045
4287.60,-58.340
4288.09,-57.733
4288.57,-56.472
4289.06,-58.044
4289.55,-56.788
4290.04,-59.407
4290.53,-56.938
4291.02,-58.747
4291.50,-57.573
4291.99,-58.384
4292.48,-58.099
4292.97,-57.894
4293.46,-57.870
4293.95,-56.439
4294.43,-58.128
4294.92,-56.779
4295.41,-56.607
4295.90,-56.664
4296.39,-57.976
4296.88,-58.835
4297.36,-56.099
4297.85,-58.119
4298.34,-56.871
4298.83,-56.972
4299.32,-57.778
4299.80,-56.933
4300.29,-55.829
4300.78,-57.495
4301.27,-58.890
4301.76,-58.105
4302.25,-59.185
4302.73,-56.784
4303.22,-56.188
4303.71,-57.865
4304.20,-57.099
4304.69,-56.911
4305.18,-57.791
4305.66,-60.194
4306.15,-57.368
4306.64,-58.143
4307.13,-56.140
4307.62,-56.598
4308.11,-57.838
4308.59,-58.642
4309.08,-57.564
4309.57,-55.437
4310.06,-56.657
4310.55,-58.179
4311.04,-57.064
4311.52,-56.976
4312.01,-58.208
4312.50,-57.680
4312.99,-56.369
4313.48,-57.470
4313.96,-56.432
4314.45,-58.052
4314.94,-56.997
4315.43,-57.585
4315.92,-57.991
4316.41,-57.040
4316.89,-58.710
4317.38,-57.832
4317.87,-57.206
4318.36,-58.203
4318.85,-57.393
4319.34,-58.515
4319.82,-57.667
4320.31,-57.203
4320.80,-59.135
4321.29,-58.365
4321.78,-57.640
4322.27,-58.945
4322.75,-58.058
4323.24,-57.702
4323.73,-60.628
4324.22,-57.506
4324.71,-58.051
4325.20,-57.740
4325.68,-57.418
4326.17,-56.730
4326.66,-56.239
4327.15,-57.509
4327.64,-57.543
4328.12,-57.608
4328.61,-56.741
4329.10,-56.578
4329.59,-57.700
4330.08,-57.189
4330.57,-58.296
4331.05,-57.280
4331.54,-57.084
4332.03,-59.050
4332.52,-57.989
4333.01,-58.615
4333.50,-57.359
4333.98,-57.536
4334.47,-57.037
4334.96,-58.145
4335.45,-57.888
4335.94,-57.490
4336.43,-57.135
4336.91,-58.148
4337.40,-59.263
4337.89,-57.096
4338.38,-56.766
4338.87,-58.216
4339.36,-57.932
4339.84,-56.468
4340.33,-56.694
4340.82,-58.599
4341.31,-56.866
4341.80,-58.230
4342.29,-58.158
4342.77,-58.729
4343.26,-57.737
4343.75,-57.724
4344.24,-58.025
4344.73,-58.261
4345.21,-59.702
4345.70,-58.380
4346.19,-58.041
4346.68,-57.834
4347.17,-58.221
4347.66,-58.513
4348.14,-57.182
4348.63,-56.663
4349.12,-55.816
4349.61,-58.443
4350.10,-57.417
4350.59,-55.864
4351.07,-58.668
4351.56,-58.490
4352.05,-57.990
4352.54,-57.817
4353.03,-57.824
4353.52,-57.301
4354.00,-60.230
4354.49,-58.638
4354.98,-59.185
4355.47,-58.639
4355.96,-58.183
4356.45,-58.298
4356.93,-56.573
4357.42,-56.920
4357.91,-58.787
4358.40,-59.281
4358.89,-56.709
4359.38,-58.138
4359.86,-58.069
4360.35,-56.917
4360.84,-55.673
4361.33,-56.900
4361.82,-57.398
4362.30,-58.574
4362.79,-55.941
4363.28,-57.035
4363.77,-57.357
4364.26,-56.938
4364.75,-59.169
4365.23,-59.478
4365.72,-59.125
4366.21,-58.412
4366.70,-55.851
4367.19,-57.462
4367.68,-58.473
4368.16,-56.385
4368.65,-57.668
4369.14,-58.540
4369.63,-59.660
4370.12,-59.013
4370.61,-55.801
4371.09,-58.139
4371.58,-57.377
4372.07,-56.414
4372.56,-56.817
4373.05,-58.067
4373.54,-57.870
4374.02,-57.311
4374.51,-56.570
4375.00,-57.017
4375.49,-58.031
4375.98,-57.927
4376.46,-57.048
4376.95,-57.211
4377.44,-57.458
4377.93,-57.990
4378.42,-58.509
4378.91,-57.507
4379.39,-57.922
4379.88,-57.337
4380.37,-57.250
4380.86,-58.086
4381.35,-56.698
4381.84,-56.906
4382.32,-57.789
4382.81,-58.349
4383.30,-57.487
4383.79,-58.371
4384.28,-57.341
4384.77,-56.317
4385.25,-57.603
4385.74,-57.855
4386.23,-58.192
4386.72,-57.949
4387.21,-58.254
4387.70,-58.910
4388.18,-57.771
4388.67,-57.785
4389.16,-56.286
4389.65,-58.393
4390.14,-56.850
4390.62,-59.180
4391.11,-56.024
4391.60,-58.107
4392.09,-57.971
4392.58,-57.857
4393.07,-57.581
4393.55,-57.077
4394.04,-58.208
4394.53,-57.601
4395.02,-56.363
4395.51,-57.798
4396.00,-57.058
4396.48,-57.202
4396.97,-56.563
4397.46,-58.896
4397.95,-57.963
4398.44,-57.638
4398.93,-58.851
4399.41,-57.189
4399.90,-58.053
4400.39,-57.965
4400.88,-56.175
4401.37,-57.240
4401.86,-58.376
4402.34,-58.623
4402.83,-56.532
4403.32,-57.728
4403.81,-58.075
4404.30,-57.584
4404.79,-58.671
4405.27,-57.556
4405.76,-58.551
4406.25,-57.698
4406.74,-57.174
4407.23,-56.785
4407.71,-55.961
4408.20,-57.594
4408.69,-56.148
4409.18,-56.905
4409.67,-56.871
4410.16,-58.915
4410.64,-57.685
4411.13,-55.957
4411.62,-57.962
4412.11,-56.108
4412.60,-57.212
4413.09,-57.887
4413.57,-58.363
4414.06,-58.057
4414.55,-57.824
4415.04,-57.781
4415.53,-56.452
4416.02,-57.664
4416.50,-57.043
4416.99,-58.138
4417.48,-59.858
4417.97,-58.270
4418.46,-55.441
4418.95,-58.237
4419.43,-56.547
4419.92,-56.850
4420.41,-57.582
4420.90,-58.117
4421.39,-57.551
4421.88,-57.642
4422.36,-57.970
4422.85,-56.294
4423.34,-59.355
4423.83,-57.172
4424.32,-58.249
4424.80,-57.395
4425.29,-57.499
4425.78,-56.206
4426.27,-56.889
4426.76,-55.602
4427.25,-59.271
4427.73,-59.845
4428.22,-57.890
4428.71,-56.800
4429.20,-56.082
4429.69,-58.496
4430.18,-58.867
4430.66,-58.147
4431.15,-57.402
4431.64,-55.739
4432.13,-57.707
4432.62,-58.756
4433.11,-57.832
4433.59,-58.231
4434.08,-58.381
4434.57,-58.380
4435.06,-55.960
4435.55,-56.472
4436.04,-58.548
4436.52,-57.353
4437.01,-58.901
4437.50,-58.749
4437.99,-57.014
4438.48,-58.218
4438.96,-57.552
4439.45,-57.792
4439.94,-57.352
4440.43,-57.843
4440.92,-56.522
4441.41,-58.335
4441.89,-57.526
4442.38,-57.682
4442.87,-58.316
4443.36,-56.862
4443.85,-58.133
4444.34,-58.841
4444.82,-59.612
4445.31,-58.436
4445.80,-57.497
4446.29,-56.893
4446.78,-57.018
4447.27,-57.780
4447.75,-59.308
4448.24,-58.774
4448.73,-56.850
4449.22,-56.418
4449.71,-57.168
4450.20,-57.054
4450.68,-57.824
4451.17,-57.607
4451.66,-58.532
4452.15,-57.531
4452.64,-58.145
4453.12,-56.546
4453.61,-57.409
4454.10,-57.422
4454.59,-58.049
4455.08,-56.556
4455.57,-58.938
4456.05,-58.361
4456.54,-58.708
4457.03,-56.925
4457.52,-57.183
4458.01,-56.592
4458.50,-57.577
4458.98,-57.602
4459.47,-58.864
4459.96,-57.102
4460.45,-58.461
4460.94,-60.780
4461.43,-57.416
4461.91,-58.544
4462.40,-57.147
4462.89,-58.394
4463.38,-57.278
4463.87,-57.053
4464.36,-56.852
4464.84,-58.026
4465.33,-56.431
4465.82,-58.943
4466.31,-56.247
4466.80,-58.184
4467.29,-59.158
4467.77,-58.391
4468.26,-56.915
4468.75,-57.172
4469.24,-57.364
4469.73,-59.436
4470.21,-59.895
4470.70,-58.387
4471.19,-58.945
4471.68,-58.646
4472.17,-60.571
4472.66,-58.398
4473.14,-57.685
4473.63,-57.641
4474.12,-57.703
4474.61,-56.138
4475.10,-57.333
4475.59,-56.958
4476.07,-58.703
4476.56,-58.102
4477.05,-58.205
4477.54,-57.288
4478.03,-57.553
4478.52,-56.907
4479.00,-56.518
4479.49,-58.321
4479.98,-55.869
4480.47,-57.333
4480.96,-57.550
4481.45,-58.059
4481.93,-56.232
4482.42,-57.291
4482.91,-56.790
4483.40,-57.460
4483.89,-56.232
4484.38,-57.089
4484.86,-58.511
4485.35,-57.415
4485.84,-58.038
4486.33,-57.284
4486.82,-58.243
4487.30,-58.133
4487.79,-57.695
4488.28,-57.172
4488.77,-58.668
4489.26,-57.670
4489.75,-56.907
4490.23,-56.849
4490.72,-56.774
4491.21,-58.338
4491.70,-57.544
4492.19,-58.108
4492.68,-58.683
4493.16,-59.329
4493.65,-58.406
4494.14,-58.141
4494.63,-56.623
4495.12,-57.843
4495.61,-58.691
4496.09,-56.783
4496.58,-57.167
4497.07,-57.616
4497.56,-57.171
4498.05,-57.971
4498.54,-55.714
4499.02,-56.047
4499.51,-57.085
4500.00,-57.903
4500.49,-54.798
4500.98,-58.152
4501.46,-60.226
4501.95,-56.403
4502.44,-58.205
4502.93,-56.787
4503.42,-60.384
4503.91,-57.100
4504.39,-59.093
4504.88,-57.866
4505.37,-57.803
4505.86,-56.811
4506.35,-57.087
4506.84,-57.750
4507.32,-58.655
4507.81,-57.753
4508.30,-57.505
4508.79,-58.197
4509.28,-56.120
4509.77,-57.014
4510.25,-59.211
4510.74,-57.153
4511.23,-56.506
4511.72,-57.980
4512.21,-58.797
4512.70,-57.773
4513.18,-57.744
4513.67,-56.123
4514.16,-59.904
4514.65,-59.526
4515.14,-58.024
4515.62,-57.478
4516.11,-58.004
4516.60,-58.518
4517.09,-57.669
4517.58,-56.989
4518.07,-56.649
4518.55,-56.077
4519.04,-57.695
4519.53,-56.824
4520.02,-57.803
4520.51,-58.753
4521.00,-59.075
4521.48,-58.497
4521.97,-58.526
4522.46,-57.861
4522.95,-59.760
4523.44,-57.649
4523.93,-57.068
4524.41,-55.958
4524.90,-58.091
4525.39,-58.894
4525.88,-57.888
4526.37,-57.879
4526.86,-58.304
4527.34,-57.824
4527.83,-58.028
4528.32,-59.242
4528.81,-58.426
4529.30,-58.881
4529.79,-57.611
4530.27,-57.742
4530.76,-58.722
4531.25,-56.698
4531.74,-58.728
4532.23,-59.738
4532.71,-58.978
4533.20,-56.437
4533.69,-57.566
4534.18,-57.791
4534.67,-57.557
4535.16,-57.842
4535.64,-56.934
4536.13,-59.218
4536.62,-57.497
4537.11,-56.396
4537.60,-56.430
4538.09,-56.813
4538.57,-58.306
4539.06,-58.417
4539.55,-59.627
4540.04,-56.412
4540.53,-57.478
4541.02,-58.477
4541.50,-57.307
4541.99,-55.621
4542.48,-56.482
4542.97,-56.212
4543.46,-56.204
4543.95,-56.549
4544.43,-56.071
4544.92,-57.961
4545.41,-57.984
4545.90,-57.151
4546.39,-56.940
4546.88,-56.258
4547.36,-57.110
4547.85,-56.796
4548.34,-57.245
4548.83,-56.702
4549.32,-58.503
4549.80,-57.017
4550.29,-57.895
4550.78,-59.139
4551.27,-57.771
4551.76,-56.868
4552.25,-56.673
4552.73,-58.170
4553.22,-58.035
4553.71,-57.861
4554.20,-57.147
4554.69,-55.578
4555.18,-55.923
4555.66,-59.056
4556.15,-57.883
4556.64,-57.104
4557.13,-56.716
4557.62,-57.637
4558.11,-58.199
4558.59,-56.969
4559.08,-56.863
4559.57,-56.488
4560.06,-57.100
4560.55,-57.103
4561.04,-58.570
4561.52,-58.061
4562.01,-57.232
4562.50,-56.875
4562.99,-56.672
4563.48,-56.507
4563.96,-56.638
4564.45,-56.296
4564.94,-57.544
4565.43,-56.099
4565.92,-57.320
4566.41,-56.761
4566.89,-57.371
4567.38,-58.046
4567.87,-55.836
4568.36,-56.864
4568.85,-56.543
4569.34,-55.600
4569.82,-56.574
4570.31,-56.052
4570.80,-55.592
4571.29,-57.104
4571.78,-54.764
4572.27,-54.535
4572.75,-55.489
4573.24,-56.005
4573.73,-54.765
4574.22,-56.509
4574.71,-56.775
4575.20,-57.535
4575.68,-57.574
4576.17,-56.473
4576.66,-54.223
4577.15,-57.550
4577.64,-57.277
4578.12,-56.066
4578.61,-57.231
4579.10,-56.726
4579.59,-55.103
4580.08,-56.390
4580.57,-55.369
4581.05,-56.583
4581.54,-57.094
4582.03,-56.726
4582.52,-56.140
4583.01,-58.069
4583.50,-57.425
4583.98,-55.756
4584.47,-55.925
4584.96,-55.921
4585.45,-54.256
4585.94,-55.139
4586.43,-55.933
4586.91,-55.847
4587.40,-55.948
4587.89,-55.982
4588.38,-55.976
4588.87,-56.710
4589.36,-55.549
4589.84,-55.201
4590.33,-55.993
4590.82,-54.911
4591.31,-55.615
4591.80,-55.869
4592.29,-57.029
4592.77,-55.891
4593.26,-55.341
4593.75,-53.933
4594.24,-54.628
4594.73,-55.291
4595.21,-55.041
4595.70,-56.404
4596.19,-56.581
4596.68,-54.340
4597.17,-55.208
4597.66,-55.826
4598.14,-54.212
4598.63,-56.171
4599.12,-55.656
4599.61,-57.481
4600.10,-56.549
4600.59,-57.016
4601.07,-55.923
4601.56,-55.912
4602.05,-54.505
4602.54,-54.426
4603.03,-54.865
4603.52,-55.018
4604.00,-57.250
4604.49,-57.037
4604.98,-56.514
4605.47,-56.049
4605.96,-56.041
4606.45,-55.260
4606.93,-55.106
4607.42,-55.390
4607.91,-52.363
4608.40,-53.284
4608.89,-55.566
4609.38,-53.447
4609.86,-55.023
4610.35,-54.465
4610.84,-53.236
4611.33,-54.386
4611.82,-55.086
4612.30,-54.141
4612.79,-53.444
4613.28,-53.359
4613.77,-52.241
4614.26,-55.216
4614.75,-55.590
4615.23,-54.787
4615.72,-53.584
4616.21,-53.986
4616.70,-54.653
4617.19,-54.993
4617.68,-52.199
4618.16,-53.498
4618.65,-53.562
4619.14,-53.460
4619.63,-54.803
4620.12,-54.070
4620.61,-54.847
4621.09,-52.914
4621.58,-56.517
4622.07,-55.049
4622.56,-53.838
4623.05,-54.836
4623.54,-54.536
4624.02,-54.875
4624.51,-54.515
4625.00,-53.980
4625.49,-52.508
4625.98,-53.462
4626.46,-51.858
4626.95,-54.275
4627.44,-53.734
4627.93,-52.231
4628.42,-52.640
4628.91,-53.787
4629.39,-53.086
4629.88,-55.130
4630.37,-53.656
4630.86,-53.232
4631.35,-52.465
4631.84,-54.132
4632.32,-52.942
4632.81,-52.466
4633.30,-53.463
4633.79,-54.156
4634.28,-54.293
4634.77,-52.179
4635.25,-52.541
4635.74,-53.482
4636.23,-52.329
4636.72,-52.417
4637.21,-52.752
4637.70,-53.611
4638.18,-52.610
4638.67,-51.535
4639.16,-52.568
4639.65,-53.524
4640.14,-52.374
4640.62,-53.273
4641.11,-52.806
4641.60,-52.082
4642.09,-52.086
4642.58,-53.508
4643.07,-52.582
4643.55,-52.480
4644.04,-53.223
4644.53,-53.262
4645.02,-52.992
4645.51,-53.665
4646.00,-51.789
4646.48,-52.416
4646.97,-54.024
4647.46,-52.076
4647.95,-52.578
4648.44,-53.198
4648.93,-51.820
4649.41,-52.304
4649.90,-54.478
4650.39,-53.135
4650.88,-54.073
4651.37,-53.166
4651.86,-51.581
4652.34,-52.676
4652.83,-53.388
4653.32,-51.970
4653.81,-51.815
4654.30,-52.758
4654.79,-52.674
4655.27,-52.814
4655.76,-51.291
4656.25,-50.551
4656.74,-51.258
4657.23,-51.460
4657.71,-52.070
4658.20,-51.154
4658.69,-53.310
4659.18,-50.759
4659.67,-52.386
4660.16,-51.923
4660.64,-51.734
4661.13,-51.029
4661.62,-52.268
4662.11,-52.523
4662.60,-52.252
4663.09,-50.706
4663.57,-52.017
4664.06,-51.342
4664.55,-50.992
4665.04,-53.061
4665.53,-51.195
4666.02,-50.947
4666.50,-50.588
4666.99,-53.171
4667.48,-53.123
4667.97,-52.949
4668.46,-52.843
4668.95,-50.682
4669.43,-51.650
4669.92,-53.024
4670.41,-53.382
4670.90,-53.610
4671.39,-52.235
4671.88,-53.764
4672.36,-52.185
4672.85,-51.588
4673.34,-51.998
4673.83,-54.332
4674.32,-52.150
4674.80,-54.390
4675.29,-53.813
4675.78,-51.983
4676.27,-54.615
4676.76,-52.834
4677.25,-53.137
4677.73,-52.935
4678.22,-51.400
4678.71,-51.688
4679.20,-52.993
4679.69,-52.820
4680.18,-54.252
4680.66,-53.369
4681.15,-52.981
4681.64,-53.649
4682.13,-53.779
4682.62,-53.310
4683.11,-52.027
4683.59,-51.095
4684.08,-51.008
4684.57,-52.490
4685.06,-51.633
4685.55,-53.509
4686.04,-52.197
4686.52,-52.099
4687.01,-53.479
4687.50,-53.161
4687.99,-54.120
4688.48,-54.598
4688.96,-54.374
4689.45,-53.744
4689.94,-53.889
4690.43,-53.498
4690.92,-53.435
4691.41,-54.812
4691.89,-54.354
4692.38,-53.872
4692.87,-52.560
4693.36,-54.886
4693.85,-54.478
4694.34,-54.159
4694.82,-53.125
4695.31,-54.268
4695.80,-55.304
4696.29,-54.024
4696.78,-54.807
4697.27,-54.137
4697.75,-53.764
4698.24,-54.795
4698.73,-54.466
4699.22,-53.734
4699.71,-54.885
4700.20,-52.562
4700.68,-55.551
4701.17,-54.492
4701.66,-53.685
4702.15,-54.479
4702.64,-53.667
4703.12,-55.615
4703.61,-55.562
4704.10,-53.150
4704.59,-52.991
4705.08,-53.392
4705.57,-54.477
4706.05,-55.258
4706.54,-55.598
4707.03,-54.168
4707.52,-54.884
4708.01,-53.286
4708.50,-54.348
4708.98,-57.102
4709.47,-54.940
4709.96,-52.927
4710.45,-55.027
4710.94,-56.699
4711.43,-54.240
4711.91,-54.382
4712.40,-56.992
4712.89,-57.573
4713.38,-55.851
4713.87,-55.669
4714.36,-55.515
4714.84,-57.275
4715.33,-56.229
4715.82,-56.248
4716.31,-56.121
4716.80,-55.762
4717.29,-57.007
4717.77,-56.075
4718.26,-55.984
4718.75,-56.859
4719.24,-56.329
4719.73,-56.782
4720.21,-56.156
4720.70,-55.927
4721.19,-56.967
4721.68,-56.442
4722.17,-56.773
4722.66,-57.441
4723.14,-57.291
4723.63,-56.951
4724.12,-57.357
4724.61,-57.298
4725.10,-56.040
4725.59,-56.087
4726.07,-56.219
4726.56,-56.790
4727.05,-56.309
4727.54,-56.555
4728.03,-55.452
4728.52,-56.525
4729.00,-56.991
4729.49,-57.053
4729.98,-56.673
4730.47,-57.000
4730.96,-57.667
4731.45,-59.032
4731.93,-58.808
4732.42,-57.913
4732.91,-57.066
4733.40,-58.287
4733.89,-57.430
4734.38,-58.199
4734.86,-59.326
4735.35,-58.659
4735.84,-58.081
4736.33,-59.862
4736.82,-57.613
4737.30,-57.634
4737.79,-58.997
4738.28,-60.030
4738.77,-57.048
4739.26,-58.238
4739.75,-58.615
4740.23,-59.957
4740.72,-59.587
4741.21,-57.969
4741.70,-58.370
4742.19,-58.117
4742.68,-57.694
4743.16,-57.881
4743.65,-60.788
4744.14,-60.257
4744.63,-59.486
4745.12,-59.066
4745.61,-59.037
4746.09,-58.635
4746.58,-57.887
4747.07,-59.413
4747.56,-59.308
4748.05,-59.335
4748.54,-59.809
4749.02,-59.473
4749.51,-59.340
4750.00,-58.942
4750.49,-62.210
4750.98,-60.755
4751.46,-59.624
4751.95,-60.873
4752.44,-61.847
4752.93,-59.599
4753.42,-59.901
4753.91,-60.140
4754.39,-59.868
4754.88,-60.878
4755.37,-59.057
4755.86,-59.453
4756.35,-59.487
4756.84,-59.019
4757.32,-58.291
4757.81,-61.180
4758.30,-60.317
4758.79,-60.938
4759.28,-59.788
4759.77,-59.117
4760.25,-60.284
4760.74,-58.106
4761.23,-58.831
4761.72,-60.766
4762.21,-59.348
4762.70,-59.603
4763.18,-59.969
4763.67,-59.820
4764.16,-59.376
4764.65,-60.515
4765.14,-61.131
4765.62,-60.865
4766.11,-61.629
4766.60,-60.189
4767.09,-60.675
4767.58,-60.029
4768.07,-59.142
4768.55,-61.548
4769.04,-60.288
4769.53,-59.329
4770.02,-60.650
4770.51,-61.236
4771.00,-61.217
4771.48,-60.911
4771.97,-62.128
4772.46,-63.502
4772.95,-61.345
4773.44,-62.048
4773.93,-61.305
4774.41,-61.025
4774.90,-61.744
4775.39,-62.895
4775.88,-61.504
4776.37,-59.538
4776.86,-60.777
4777.34,-62.619
4777.83,-61.185
4778.32,-61.469
4778.81,-61.675
4779.30,-61.727
4779.79,-62.317
4780.27,-62.335
4780.76,-61.780
4781.25,-61.658
4781.74,-61.367
4782.23,-60.495
4782.71,-62.285
4783.20,-61.831
4783.69,-61.788
4784.18,-62.659
4784.67,-60.937
4785.16,-60.099
4785.64,-61.238
4786.13,-64.242
4786.62,-62.853
4787.11,-64.274
4787.60,-62.797
4788.09,-62.429
4788.57,-61.386
4789.06,-63.188
4789.55,-61.851
4790.04,-63.455
4790.53,-63.249
4791.02,-63.324
4791.50,-64.462
4791.99,-62.716
4792.48,-64.625
4792.97,-61.535
4793.46,-63.129
4793.95,-61.600
4794.43,-63.689
4794.92,-63.785
4795.41,-60.364
4795.90,-61.576
4796.39,-63.337
4796.88,-61.905
4797.36,-62.785
4797.85,-62.374
4798.34,-63.996
4798.83,-62.837
4799.32,-62.837
4799.80,-63.632
4800.29,-62.256
4800.78,-61.767
4801.27,-62.743
4801.76,-62.567
4802.25,-63.975
4802.73,-61.280
4803.22,-62.648
4803.71,-63.055
4804.20,-63.349
4804.69,-65.010
4805.18,-65.462
4805.66,-63.662
4806.15,-62.996
4806.64,-63.618
4807.13,-64.435
4807.62,-62.899
4808.11,-61.918
4808.59,-63.976
4809.08,-64.649
4809.57,-61.980
4810.06,-62.186
4810.55,-63.250
4811.04,-64.586
4811.52,-66.492
4812.01,-64.060
4812.50,-63.450
4812.99,-63.875
4813.48,-64.021
4813.96,-65.156
4814.45,-62.946
4814.94,-63.010
4815.43,-64.752
4815.92,-64.056
4816.41,-64.973
4816.89,-64.496
4817.38,-64.102
4817.87,-64.795
4818.36,-63.450
4818.85,-63.657
4819.34,-63.697
4819.82,-63.695
4820.31,-65.114
4820.80,-64.509
4821.29,-63.759
4821.78,-63.220
4822.27,-63.432
4822.75,-62.983
4823.24,-63.988
4823.73,-64.680
4824.22,-63.011
4824.71,-64.216
4825.20,-64.990
4825.68,-65.521
4826.17,-63.520
4826.66,-64.894
4827.15,-64.387
4827.64,-64.568
4828.12,-63.433
4828.61,-62.232
4829.10,-62.330
4829.59,-64.033
4830.08,-65.451
4830.57,-63.235
4831.05,-63.687
4831.54,-65.212
4832.03,-64.380
4832.52,-64.535
4833.01,-63.256
4833.50,-63.630
4833.98,-64.315
4834.47,-64.780
4834.96,-64.165
4835.45,-65.939
4835.94,-66.325
4836.43,-65.013
4836.91,-64.880
4837.40,-64.421
4837.89,-62.863
4838.38,-64.320
4838.87,-65.013
4839.36,-64.366
4839.84,-64.848
4840.33,-64.383
4840.82,-63.771
4841.31,-64.967
4841.80,-64.714
4842.29,-64.097
4842.77,-63.618
4843.26,-64.113
4843.75,-64.492
4844.24,-63.698
4844.73,-64.922
4845.21,-65.021
4845.70,-64.045
4846.19,-63.372
4846.68,-63.812
4847.17,-65.198
4847.66,-64.805
4848.14,-63.850
4848.63,-63.134
4849.12,-67.648
4849.61,-64.878
4850.10,-64.935
4850.59,-65.404
4851.07,-64.861
4851.56,-67.510
4852.05,-64.925
4852.54,-66.896
4853.03,-65.087
4853.52,-65.226
4854.00,-65.699
4854.49,-64.279
4854.98,-65.802
4855.47,-65.249
4855.96,-64.468
4856.45,-64.701
4856.93,-63.996
4857.42,-64.586
4857.91,-63.838
4858.40,-66.671
4858.89,-64.917
4859.38,-64.003
4859.86,-63.979
4860.35,-65.156
4860.84,-67.432
4861.33,-66.161
4861.82,-65.267
4862.30,-65.143
4862.79,-65.395
4863.28,-64.960
4863.77,-66.306
4864.26,-64.783
4864.75,-66.568
4865.23,-65.766
4865.72,-65.085
4866.21,-65.858
4866.70,-65.096
4867.19,-65.868
4867.68,-65.984
4868.16,-65.900
4868.65,-65.659
4869.14,-65.400
4869.63,-64.122
4870.12,-64.986
4870.61,-64.722
4871.09,-65.694
4871.58,-65.894
4872.07,-64.732
4872.56,-66.572
4873.05,-65.671
4873.54,-65.646
4874.02,-64.780
4874.51,-64.708
4875.00,-66.331
4875.49,-64.728
4875.98,-64.978
4876.46,-65.242
4876.95,-65.801
4877.44,-64.326
4877.93,-66.703
4878.42,-65.912
4878.91,-65.526
4879.39,-65.561
4879.88,-66.800
4880.37,-64.431
4880.86,-65.142
4881.35,-66.282
4881.84,-68.260
4882.32,-65.420
4882.81,-64.859
4883.30,-65.912
4883.79,-66.888
4884.28,-65.902
4884.77,-67.167
4885.25,-65.360
4885.74,-64.051
4886.23,-65.723
4886.72,-66.582
4887.21,-66.885
4887.70,-64.831
4888.18,-65.503
4888.67,-65.816
4889.16,-66.384
4889.65,-65.085
4890.14,-65.583
4890.62,-64.094
4891.11,-65.414
4891.60,-64.688
4892.09,-65.857
4892.58,-63.903
4893.07,-65.700
4893.55,-64.703
4894.04,-66.483
4894.53,-65.501
4895.02,-64.581
4895.51,-66.815
4896.00,-64.645
4896.48,-64.977
4896.97,-66.921
4897.46,-67.129
4897.95,-65.798
4898.44,-66.532
4898.93,-67.301
4899.41,-68.273
4899.90,-68.113
4900.39,-66.666
4900.88,-65.424
4901.37,-65.773
4901.86,-66.822
4902.34,-66.714
4902.83,-66.773
4903.32,-66.281
4903.81,-65.969
4904.30,-65.771
4904.79,-65.597
4905.27,-67.307
4905.76,-67.106
4906.25,-66.631
4906.74,-65.064
4907.23,-65.965
4907.71,-66.399
4908.20,-64.067
4908.69,-65.648
4909.18,-65.724
4909.67,-66.169
4910.16,-66.530
4910.64,-64.906
4911.13,-65.220
4911.62,-66.192
4912.11,-66.356
4912.60,-64.889
4913.09,-64.354
4913.57,-66.749
4914.06,-65.245
4914.55,-65.122
4915.04,-65.481
4915.53,-66.030
4916.02,-66.647
4916.50,-67.227
4916.99,-68.379
4917.48,-65.626
4917.97,-67.489
4918.46,-66.774
4918.95,-67.893
4919.43,-65.737
4919.92,-66.771
4920.41,-66.254
4920.90,-66.313
4921.39,-66.736
4921.88,-66.422
4922.36,-65.472
4922.85,-66.604
4923.34,-65.485
4923.83,-65.643
4924.32,-64.253
4924.80,-66.039
4925.29,-65.565
4925.78,-66.194
4926.27,-66.158
4926.76,-67.772
4927.25,-65.241
4927.73,-65.699
4928.22,-65.771
4928.71,-65.284
4929.20,-66.212
4929.69,-66.992
4930.18,-65.781
4930.66,-66.086
4931.15,-63.685
4931.64,-64.893
4932.13,-66.140
4932.62,-66.227
4933.11,-66.017
4933.59,-67.078
4934.08,-66.323
4934.57,-66.001
4935.06,-67.867
4935.55,-65.833
4936.04,-67.573
4936.52,-65.943
4937.01,-66.573
4937.50,-66.024
4937.99,-65.536
4938.48,-63.785
4938.96,-65.043
4939.45,-67.487
4939.94,-66.474
4940.43,-65.348
4940.92,-65.249
4941.41,-65.231
4941.89,-64.921
4942.38,-65.809
4942.87,-65.428
4943.36,-66.520
4943.85,-66.491
4944.34,-65.417
4944.82,-66.267
4945.31,-66.215
4945.80,-65.514
4946.29,-65.118
4946.78,-65.135
4947.27,-64.869
4947.75,-66.289
4948.24,-65.673
4948.73,-65.463
4949.22,-66.041
4949.71,-65.263
4950.20,-64.752
4950.68,-65.216
4951.17,-66.811
4951.66,-66.144
4952.15,-65.595
4952.64,-65.161
4953.12,-65.969
4953.61,-66.485
4954.10,-64.721
4954.59,-65.262
4955.08,-66.638
4955.57,-65.722
4956.05,-65.867
4956.54,-64.652
4957.03,-68.198
4957.52,-67.360
4958.01,-65.545
4958.50,-66.010
4958.98,-66.414
4959.47,-64.594
4959.96,-65.475
4960.45,-65.292
4960.94,-65.336
4961.43,-65.406
4961.91,-65.673
4962.40,-65.061
4962.89,-65.066
4963.38,-67.429
4963.87,-66.311
4964.36,-66.493
4964.84,-66.365
4965.33,-65.892
4965.82,-64.926
4966.31,-67.774
4966.80,-66.206
4967.29,-65.018
4967.77,-64.905
4968.26,-66.324
4968.75,-65.819
4969.24,-66.666
4969.73,-65.427
4970.21,-64.129
4970.70,-65.260
4971.19,-64.956
4971.68,-64.814
4972.17,-66.486
4972.66,-65.142
4973.14,-63.742
4973.63,-65.146
4974.12,-65.950
4974.61,-64.279
4975.10,-64.649
4975.59,-64.157
4976.07,-64.895
4976.56,-65.107
4977.05,-64.704
4977.54,-66.680
4978.03,-65.429
4978.52,-64.361
4979.00,-65.259
4979.49,-65.296
4979.98,-64.921
4980.47,-64.907
4980.96,-65.101
4981.45,-64.738
4981.93,-65.764
4982.42,-65.590
4982.91,-63.852
4983.40,-64.902
4983.89,-63.198
4984.38,-65.216
4984.86,-65.271
4985.35,-66.009
4985.84,-63.563
4986.33,-63.571
4986.82,-64.115
4987.30,-65.719
4987.79,-63.533
4988.28,-65.380
4988.77,-63.899
4989.26,-65.355
4989.75,-65.255
4990.23,-63.560
4990.72,-63.919
4991.21,-63.198
4991.70,-64.615
4992.19,-64.449
4992.68,-63.871
4993.16,-63.688
4993.65,-64.671
4994.14,-65.301
4994.63,-63.712
4995.12,-63.426
4995.61,-64.295
4996.09,-65.833
4996.58,-64.473
4997.07,-63.931
4997.56,-64.492
4998.05,-64.317
4998.54,-64.689
4999.02,-64.451
4999.51,-63.934
5000.00,-64.840
5000.49,-64.873
5000.98,-63.888
5001.46,-64.590
5001.95,-64.853
5002.44,-63.401
5002.93,-64.617
5003.42,-63.128
5003.91,-64.667
5004.39,-64.344
5004.88,-66.007
5005.37,-64.932
5005.86,-64.445
5006.35,-64.849
5006.84,-65.178
5007.32,-64.007
5007.81,-64.320
5008.30,-65.116
5008.79,-65.055
5009.28,-63.005
5009.77,-63.260
5010.25,-65.313
5010.74,-63.872
5011.23,-64.046
5011.72,-64.209
5012.21,-62.713
5012.70,-62.457
5013.18,-65.653
5013.67,-64.026
5014.16,-61.655
5014.65,-63.707
5015.14,-63.449
5015.62,-63.571
5016.11,-63.792
5016.60,-64.646
5017.09,-63.112
5017.58,-61.670
5018.07,-62.493
5018.55,-64.265
5019.04,-64.420
5019.53,-62.843
5020.02,-63.517
5020.51,-62.131
5021.00,-61.584
5021.48,-63.065
5021.97,-63.614
5022.46,-61.438
5022.95,-64.237
5023.44,-63.816
5023.93,-65.077
5024.41,-61.882
5024.90,-62.680
5025.39,-61.937
5025.88,-61.840
5026.37,-63.040
5026.86,-64.384
5027.34,-62.722
5027.83,-62.601
5028.32,-61.230
5028.81,-61.952
5029.30,-63.154
5029.79,-63.330
5030.27,-62.262
5030.76,-63.642
5031.25,-64.091
5031.74,-62.612
5032.23,-62.331
5032.71,-62.481
5033.20,-62.500
5033.69,-62.097
5034.18,-62.617
5034.67,-63.524
5035.16,-62.222
5035.64,-62.411
5036.13,-62.399
5036.62,-62.376
5037.11,-61.456
5037.60,-61.031
5038.09,-62.521
5038.57,-62.888
5039.06,-62.415
5039.55,-62.642
5040.04,-62.013
5040.53,-63.681
5041.02,-63.932
5041.50,-62.412
5041.99,-63.086
5042.48,-62.105
5042.97,-64.045
5043.46,-61.606
5043.95,-62.102
5044.43,-61.821
5044.92,-61.893
5045.41,-61.561
5045.90,-61.400
5046.39,-60.888
5046.88,-61.237
5047.36,-61.255
5047.85,-62.225
5048.34,-61.919
5048.83,-61.220
5049.32,-61.756
5049.80,-61.361
5050.29,-62.644
5050.78,-60.897
5051.27,-60.230
5051.76,-61.451
5052.25,-61.357
5052.73,-59.512
5053.22,-60.150
5053.71,-60.445
5054.20,-58.575
5054.69,-61.709
5055.18,-61.401
5055.66,-60.508
5056.15,-58.886
5056.64,-59.869
5057.13,-61.773
5057.62,-60.804
5058.11,-59.643
5058.59,-59.769
5059.08,-58.993
5059.57,-58.536
5060.06,-59.849
5060.55,-60.787
5061.04,-59.716
5061.52,-58.283
5062.01,-59.074
5062.50,-59.372
5062.99,-60.018
5063.48,-60.327
5063.96,-59.385
5064.45,-58.375
5064.94,-58.680
5065.43,-60.761
5065.92,-59.781
5066.41,-59.754
5066.89,-59.507
5067.38,-58.301
5067.87,-58.423
5068.36,-59.213
5068.85,-58.529
5069.34,-57.664
5069.82,-59.835
5070.31,-58.798
5070.80,-59.770
5071.29,-57.926
5071.78,-60.249
5072.27,-59.462
5072.75,-60.166
5073.24,-59.459
5073.73,-58.043
5074.22,-59.101
5074.71,-56.875
5075.20,-58.768
5075.68,-58.701
5076.17,-57.971
5076.66,-58.155
5077.15,-59.589
5077.64,-58.584
5078.12,-57.530
5078.61,-57.758
5079.10,-56.616
5079.59,-58.282
5080.08,-58.732
5080.57,-58.529
5081.05,-58.458
5081.54,-56.981
5082.03,-59.072
5082.52,-57.321
5083.01,-59.434
5083.50,-58.163
5083.98,-56.968
5084.47,-58.398
5084.96,-58.059
5085.45,-58.136
5085.94,-57.302
5086.43,-59.085
5086.91,-58.096
5087.40,-56.332
5087.89,-57.256
5088.38,-57.576
5088.87,-57.238
5089.36,-57.362
5089.84,-57.421
5090.33,-57.500
5090.82,-56.498
5091.31,-54.624
5091.80,-57.281
5092.29,-57.873
5092.77,-58.151
5093.26,-56.725
5093.75,-57.452
5094.24,-56.662
5094.73,-58.874
5095.21,-57.056
5095.70,-56.461
5096.19,-57.862
5096.68,-56.252
5097.17,-56.670
5097.66,-58.192
5098.14,-56.519
5098.63,-56.292
5099.12,-57.147
5099.61,-56.882
5100.10,-56.254
5100.59,-57.836
5101.07,-56.369
5101.56,-56.220
5102.05,-57.315
5102.54,-57.645
5103.03,-57.093
5103.52,-57.477
5104.00,-56.955
5104.49,-57.463
5104.98,-57.815
5105.47,-57.263
5105.96,-56.378
5106.45,-57.244
5106.93,-54.813
5107.42,-56.171
5107.91,-57.919
5108.40,-57.042
5108.89,-58.054
5109.38,-55.878
5109.86,-57.140
5110.35,-57.418
5110.84,-57.053
5111.33,-56.288
5111.82,-57.906
5112.30,-55.672
5112.79,-57.014
5113.28,-57.854
5113.77,-57.628
5114.26,-57.105
5114.75,-56.114
5115.23,-56.826
5115.72,-57.637
5116.21,-59.044
5116.70,-56.143
5117.19,-56.462
5117.68,-56.929
5118.16,-58.760
5118.65,-56.913
5119.14,-57.611
5119.63,-57.514
5120.12,-56.731
5120.61,-56.386
5121.09,-57.152
5121.58,-57.683
5122.07,-58.388
5122.56,-58.341
5123.05,-58.669
5123.54,-59.017
5124.02,-59.654
5124.51,-59.557
5125.00,-58.672
5125.49,-58.788
5125.98,-57.108
5126.46,-57.779
5126.95,-57.910
5127.44,-57.511
5127.93,-56.491
5128.42,-57.798
5128.91,-56.592
5129.39,-57.820
5129.88,-57.469
5130.37,-59.122
5130.86,-58.089
5131.35,-58.732
5131.84,-58.238
5132.32,-57.155
5132.81,-57.963
5133.30,-60.164
5133.79,-59.998
5134.28,-58.071
5134.77,-57.924
5135.25,-58.339
5135.74,-59.261
5136.23,-59.476
5136.72,-60.031
5137.21,-59.459
5137.70,-59.110
5138.18,-60.567
5138.67,-58.722
5139.16,-58.625
5139.65,-58.771
5140.14,-60.000
5140.62,-60.961
5141.11,-60.485
5141.60,-60.469
5142.09,-60.746
5142.58,-60.724
5143.07,-60.305
5143.55,-58.573
5144.04,-59.335
5144.53,-59.454
5145.02,-59.282
5145.51,-61.861
5146.00,-60.022
5146.48,-59.047
5146.97,-59.922
5147.46,-61.927
5147.95,-61.005
5148.44,-60.783
5148.93,-61.211
5149.41,-61.343
5149.90,-61.157
5150.39,-61.301
5150.88,-60.850
5151.37,-62.357
5151.86,-62.181
5152.34,-60.966
5152.83,-61.608
5153.32,-61.135
5153.81,-62.623
5154.30,-59.892
5154.79,-60.856
5155.27,-61.779
5155.76,-59.568
5156.25,-63.405
5156.74,-61.659
5157.23,-60.903
5157.71,-61.405
5158.20,-62.704
5158.69,-62.985
5159.18,-60.939
5159.67,-63.777
5160.16,-62.154
5160.64,-61.697
5161.13,-62.830
5161.62,-63.022
5162.11,-62.193
5162.60,-60.789
5163.09,-60.851
5163.57,-63.225
5164.06,-63.221
5164.55,-63.460
5165.04,-63.026
5165.53,-63.364
5166.02,-63.011
5166.50,-62.690
5166.99,-62.956
5167.48,-64.274
5167.97,-63.702
5168.46,-62.637
5168.95,-63.774
5169.43,-62.917
5169.92,-63.455
5170.41,-61.906
5170.90,-64.885
5171.39,-63.331
5171.88,-62.315
5172.36,-63.417
5172.85,-63.209
5173.34,-62.789
5173.83,-63.194
5174.32,-64.414
5174.80,-64.714
5175.29,-65.219
5175.78,-62.943
5176.27,-64.101
5176.76,-63.703
5177.25,-64.972
5177.73,-66.472
5178.22,-64.181
5178.71,-63.394
5179.20,-62.935
5179.69,-63.073
5180.18,-64.333
5180.66,-64.108
5181.15,-64.103
5181.64,-63.536
5182.13,-64.850
5182.62,-63.807
5183.11,-62.825
5183.59,-64.911
5184.08,-66.062
5184.57,-67.014
5185.06,-67.035
5185.55,-65.357
5186.04,-63.541
5186.52,-64.804
5187.01,-64.838
5187.50,-63.593
5187.99,-67.165
5188.48,-64.898
5188.96,-63.906
5189.45,-64.356
5189.94,-64.071
5190.43,-65.393
5190.92,-64.313
5191.41,-65.449
5191.89,-65.378
5192.38,-65.068
5192.87,-64.852
5193.36,-66.159
5193.85,-66.116
5194.34,-64.993
5194.82,-66.222
5195.31,-65.893
5195.80,-66.319
5196.29,-67.181
5196.78,-65.890
5197.27,-65.861
5197.75,-68.029
5198.24,-65.320
5198.73,-65.261
5199.22,-66.322
5199.71,-65.375
5200.20,-65.985
5200.68,-66.089
5201.17,-65.681
5201.66,-67.558
5202.15,-66.808
5202.64,-66.412
5203.12,-66.788
5203.61,-67.782
5204.10,-66.447
5204.59,-65.809
5205.08,-66.384
5205.57,-66.398
5206.05,-64.839
5206.54,-65.894
5207.03,-68.119
5207.52,-66.297
5208.01,-66.761
5208.50,-66.389
5208.98,-64.889
5209.47,-66.307
5209.96,-66.796
5210.45,-67.388
5210.94,-66.650
5211.43,-67.718
5211.91,-67.344
5212.40,-67.606
5212.89,-67.986
5213.38,-65.310
5213.87,-67.254
5214.36,-64.811
5214.84,-68.177
5215.33,-65.625
5215.82,-65.690
5216.31,-66.781
5216.80,-67.246
5217.29,-68.220
5217.77,-68.124
5218.26,-67.027
5218.75,-67.379
5219.24,-67.196
5219.73,-66.554
5220.21,-67.495
5220.70,-66.591
5221.19,-67.295
5221.68,-66.223
5222.17,-68.969
5222.66,-66.998
5223.14,-67.391
5223.63,-68.971
5224.12,-67.526
5224.61,-68.466
5225.10,-68.999
5225.59,-68.806
5226.07,-68.308
5226.56,-67.503
5227.05,-68.062
5227.54,-67.001
5228.03,-66.666
5228.52,-67.194
5229.00,-68.496
5229.49,-70.215
5229.98,-66.733
5230.47,-70.223
5230.96,-68.457
5231.45,-69.079
5231.93,-68.414
5232.42,-70.496
5232.91,-68.032
5233.40,-68.056
5233.89,-67.255
5234.38,-66.770
5234.86,-67.322
5235.35,-67.694
5235.84,-68.466
5236.33,-66.947
5236.82,-67.075
5237.30,-68.578
5237.79,-68.039
5238.28,-69.526
5238.77,-66.530
5239.26,-67.932
5239.75,-68.015
5240.23,-68.040
5240.72,-68.921
5241.21,-68.822
5241.70,-68.232
5242.19,-69.230
5242.68,-68.739
5243.16,-67.703
5243.65,-68.873
5244.14,-68.153
5244.63,-69.952
5245.12,-69.086
5245.61,-68.158
5246.09,-67.963
5246.58,-70.973
5247.07,-68.892
5247.56,-68.312
5248.05,-68.222
5248.54,-69.139
5249.02,-71.126
5249.51,-69.735
5250.00,-69.310
5250.49,-69.119
5250.98,-68.350
5251.46,-68.397
5251.95,-69.375
5252.44,-67.514
5252.93,-70.712
5253.42,-69.037
5253.91,-69.890
5254.39,-69.360
5254.88,-69.260
5255.37,-68.283
5255.86,-68.696
5256.35,-68.093
5256.84,-69.240
5257.32,-69.076
5257.81,-69.444
5258.30,-68.756
5258.79,-68.297
5259.28,-69.722
5259.77,-70.076
5260.25,-69.346
5260.74,-68.850
5261.23,-69.439
5261.72,-68.846
5262.21,-70.001
5262.70,-68.683
5263.18,-70.280
5263.67,-70.477
5264.16,-70.055
5264.65,-69.044
5265.14,-71.626
5265.62,-70.918
5266.11,-70.488
5266.60,-69.288
5267.09,-68.800
5267.58,-70.035
5268.07,-71.734
5268.55,-71.617
5269.04,-69.924
5269.53,-70.912
5270.02,-69.941
5270.51,-70.749
5271.00,-70.523
5271.48,-70.294
5271.97,-67.773
5272.46,-69.952
5272.95,-70.519
5273.44,-69.463
5273.93,-69.522
5274.41,-68.733
5274.90,-69.145
5275.39,-70.696
5275.88,-69.008
5276.37,-69.190
5276.86,-68.847
5277.34,-70.782
5277.83,-71.364
5278.32,-71.008
5278.81,-68.203
5279.30,-68.854
5279.79,-68.837
5280.27,-69.772
5280.76,-70.603
5281.25,-71.285
5281.74,-69.304
5282.23,-71.132
5282.71,-69.153
5283.20,-69.847
5283.69,-71.121
5284.18,-69.615
5284.67,-70.505
5285.16,-69.955
5285.64,-71.599
5286.13,-71.428
5286.62,-71.721
5287.11,-70.792
5287.60,-69.479
5288.09,-69.497
5288.57,-70.192
5289.06,-68.849
5289.55,-70.876
5290.04,-70.882
5290.53,-70.305
5291.02,-69.858
5291.50,-69.871
5291.99,-72.048
5292.48,-71.167
5292.97,-68.584
5293.46,-71.420
5293.95,-70.932
5294.43,-71.496
5294.92,-69.817
5295.41,-70.934
5295.90,-70.525
5296.39,-69.562
5296.88,-70.396
5297.36,-71.137
5297.85,-69.813
5298.34,-69.820
5298.83,-67.831
5299.32,-70.845
5299.80,-71.449
5300.29,-70.654
5300.78,-70.889
5301.27,-70.799
5301.76,-69.017
5302.25,-70.133
5302.73,-71.436
5303.22,-70.556
5303.71,-68.691
5304.20,-70.519
5304.69,-70.475
5305.18,-70.988
5305.66,-70.712
5306.15,-70.457
5306.64,-70.975
5307.13,-68.616
5307.62,-72.024
5308.11,-70.288
5308.59,-69.704
5309.08,-71.675
5309.57,-70.558
5310.06,-71.409
5310.55,-70.124
5311.04,-70.473
5311.52,-71.744
5312.01,-72.425
5312.50,-72.779
5312.99,-71.243
5313.48,-71.723
5313.96,-72.010
5314.45,-70.646
5314.94,-72.018
5315.43,-71.453
5315.92,-71.099
5316.41,-70.030
5316.89,-71.508
5317.38,-69.577
5317.87,-70.925
5318.36,-69.644
5318.85,-72.174
5319.34,-70.866
5319.82,-70.999
5320.31,-71.876
5320.80,-71.418
5321.29,-70.763
5321.78,-71.551
5322.27,-71.324
5322.75,-70.513
5323.24,-70.612
5323.73,-71.160
5324.22,-70.520
5324.71,-72.196
5325.20,-71.231
5325.68,-71.084
5326.17,-70.526
5326.66,-71.538
5327.15,-71.517
5327.64,-72.001
5328.12,-71.522
5328.61,-73.315
5329.10,-69.529
5329.59,-69.916
5330.08,-70.391
5330.57,-71.103
5331.05,-68.886
5331.54,-69.521
5332.03,-71.354
5332.52,-71.598
5333.01,-71.405
5333.50,-70.900
5333.98,-70.249
5334.47,-71.093
5334.96,-71.456
5335.45,-71.259
5335.94,-70.715
5336.43,-70.776
5336.91,-71.516
5337.40,-72.186
5337.89,-71.457
5338.38,-70.904
5338.87,-71.207
5339.36,-70.952
5339.84,-70.668
5340.33,-72.900
5340.82,-70.578
5341.31,-71.465
5341.80,-72.231
5342.29,-71.686
5342.77,-70.058
5343.26,-71.590
5343.75,-70.393
5344.24,-72.430
5344.73,-72.096
5345.21,-69.684
5345.70,-71.136
5346.19,-70.150
5346.68,-70.612
5347.17,-70.138
5347.66,-71.391
5348.14,-70.845
5348.63,-70.993
5349.12,-69.618
5349.61,-71.033
5350.10,-70.363
5350.59,-71.287
5351.07,-72.337
5351.56,-70.833
5352.05,-70.837
5352.54,-70.833
5353.03,-70.435
5353.52,-71.578
5354.00,-71.389
5354.49,-70.594
5354.98,-70.817
5355.47,-70.635
5355.96,-72.004
5356.45,-69.708
5356.93,-70.443
5357.42,-69.888
5357.91,-71.201
5358.40,-71.215
5358.89,-71.906
5359.38,-70.862
5359.86,-70.747
5360.35,-70.890
5360.84,-71.784
5361.33,-71.394
5361.82,-69.632
5362.30,-72.147
5362.79,-71.410
5363.28,-69.676
5363.77,-71.160
5364.26,-71.890
5364.75,-71.104
5365.23,-72.485
5365.72,-70.231
5366.21,-71.652
5366.70,-70.928
5367.19,-71.928
5367.68,-71.611
5368.16,-70.085
5368.65,-69.662
5369.14,-71.113
5369.63,-71.226
5370.12,-70.015
5370.61,-70.328
5371.09,-70.632
5371.58,-69.562
5372.07,-70.565
5372.56,-73.096
5373.05,-73.216
5373.54,-71.033
5374.02,-70.746
5374.51,-72.052
5375.00,-70.509
5375.49,-72.040
5375.98,-71.199
5376.46,-71.582
5376.95,-73.029
5377.44,-71.458
5377.93,-70.864
5378.42,-71.233
5378.91,-71.458
5379.39,-71.381
5379.88,-70.367
5380.37,-72.206
5380.86,-73.395
5381.35,-69.943
5381.84,-73.239
5382.32,-70.099
5382.81,-70.130
5383.30,-70.327
5383.79,-70.308
5384.28,-71.250
5384.77,-71.447
5385.25,-71.328
5385.74,-71.526
5386.23,-71.285
5386.72,-69.530
5387.21,-70.499
5387.70,-70.985
5388.18,-70.750
5388.67,-70.712
5389.16,-72.610
5389.65,-71.902
5390.14,-72.599
5390.62,-70.050
5391.11,-69.547
5391.60,-70.792
5392.09,-70.544
5392.58,-69.440
5393.07,-68.743
5393.55,-70.403
5394.04,-71.777
5394.53,-71.357
5395.02,-70.185
5395.51,-71.276
5396.00,-71.538
5396.48,-72.404
5396.97,-70.930
5397.46,-71.020
5397.95,-72.057
5398.44,-71.503
5398.93,-72.354
5399.41,-70.899
5399.90,-71.005
5400.39,-71.547
5400.88,-69.882
5401.37,-70.392
5401.86,-70.770
5402.34,-70.885
5402.83,-72.253
5403.32,-70.365
5403.81,-70.126
5404.30,-70.603
5404.79,-70.263
5405.27,-68.289
5405.76,-70.950
5406.25,-70.092
5406.74,-70.786
5407.23,-68.726
5407.71,-68.679
5408.20,-71.151
5408.69,-74.101
5409.18,-68.985
5409.67,-71.025
5410.16,-69.677
5410.64,-69.533
5411.13,-70.616
5411.62,-69.756
5412.11,-70.847
5412.60,-69.549
5413.09,-70.909
5413.57,-70.450
5414.06,-70.045
5414.55,-71.408
5415.04,-70.958
5415.53,-69.787
5416.02,-70.297
5416.50,-69.055
5416.99,-70.185
5417.48,-72.569
5417.97,-71.152
5418.46,-70.550
5418.95,-70.178
5419.43,-70.856
5419.92,-70.560
5420.41,-69.640
5420.90,-68.761
5421.39,-69.601
5421.88,-70.013
5422.36,-69.596
5422.85,-70.393
5423.34,-68.618
5423.83,-69.423
5424.32,-71.421
5424.80,-69.989
5425.29,-69.597
5425.78,-69.666
5426.27,-69.450
5426.76,-70.036
5427.25,-70.980
5427.73,-68.399
5428.22,-69.886
5428.71,-69.456
5429.20,-69.174
5429.69,-70.163
5430.18,-68.894
5430.66,-68.795
5431.15,-69.435
5431.64,-68.449
5432.13,-70.397
5432.62,-68.455
5433.11,-69.447
5433.59,-70.005
5434.08,-70.241
5434.57,-70.478
5435.06,-69.436
5435.55,-69.937
5436.04,-71.133
5436.52,-70.778
5437.01,-69.884
5437.50,-70.247
5437.99,-68.357
5438.48,-69.532
5438.96,-69.425
5439.45,-69.895
5439.94,-70.056
5440.43,-69.737
5440.92,-68.681
5441.41,-70.457
5441.89,-68.140
5442.38,-69.603
5442.87,-68.399
5443.36,-68.788
5443.85,-67.867
5444.34,-70.052
5444.82,-69.203
5445.31,-67.354
5445.80,-67.220
5446.29,-67.799
5446.78,-69.320
5447.27,-69.306
5447.75,-69.438
5448.24,-69.999
5448.73,-69.170
5449.22,-69.703
5449.71,-69.226
5450.20,-68.999
5450.68,-68.023
5451.17,-68.970
5451.66,-68.624
5452.15,-68.949
5452.64,-69.274
5453.12,-69.981
5453.61,-69.347
5454.10,-68.001
5454.59,-67.437
5455.08,-69.242
5455.57,-68.628
5456.05,-69.734
5456.54,-69.665
5457.03,-67.475
5457.52,-67.261
5458.01,-69.271
5458.50,-68.208
5458.98,-68.383
5459.47,-68.449
5459.96,-67.681
5460.45,-68.994
5460.94,-69.375
5461.43,-67.712
5461.91,-68.481
5462.40,-67.221
5462.89,-67.584
5463.38,-68.434
5463.87,-67.281
5464.36,-67.479
5464.84,-66.757
5465.33,-67.965
5465.82,-68.822
5466.31,-68.380
5466.80,-68.837
5467.29,-67.502
5467.77,-68.064
5468.26,-66.804
5468.75,-67.856
5469.24,-68.280
5469.73,-66.704
5470.21,-68.437
5470.70,-66.290
5471.19,-68.083
5471.68,-68.375
5472.17,-67.335
5472.66,-67.517
5473.14,-67.205
5473.63,-68.409
5474.12,-68.265
5474.61,-68.558
5475.10,-67.459
5475.59,-67.741
5476.07,-70.147
5476.56,-67.760
5477.05,-67.165
5477.54,-67.481
5478.03,-67.223
5478.52,-67.429
5479.00,-66.652
5479.49,-67.238
5479.98,-68.372
5480.47,-68.197
5480.96,-65.947
5481.45,-68.260
5481.93,-66.493
5482.42,-67.178
5482.91,-66.624
5483.40,-68.383
5483.89,-66.990
5484.38,-65.445
5484.86,-65.301
5485.35,-67.094
5485.84,-66.885
5486.33,-65.204
5486.82,-66.602
5487.30,-68.026
5487.79,-65.912
5488.28,-67.048
5488.77,-65.329
5489.26,-65.384
5489.75,-67.303
5490.23,-65.905
5490.72,-67.028
5491.21,-68.936
5491.70,-67.373
5492.19,-66.634
5492.68,-67.338
5493.16,-67.704
5493.65,-66.708
5494.14,-67.746
5494.63,-67.493
5495.12,-67.319
5495.61,-66.208
5496.09,-66.657
5496.58,-66.129
5497.07,-68.558
5497.56,-69.764
5498.05,-66.512
5498.54,-66.222
5499.02,-66.452
5499.51,-65.005
5500.00,-64.215
5500.49,-64.850
5500.98,-63.809
5501.46,-64.712
5501.95,-65.110
5502.44,-66.218
5502.93,-66.309
5503.42,-66.018
5503.91,-63.633
5504.39,-63.614
5504.88,-66.043
5505.37,-66.802
5505.86,-64.696
5506.35,-65.456
5506.84,-64.950
5507.32,-65.554
5507.81,-65.019
5508.30,-65.302
5508.79,-65.249
5509.28,-65.358
5509.77,-63.408
5510.25,-64.649
5510.74,-65.984
5511.23,-64.629
5511.72,-64.337
5512.21,-65.123
5512.70,-63.995
5513.18,-65.627
5513.67,-63.706
5514.16,-63.784
5514.65,-64.771
5515.14,-63.095
5515.62,-64.683
5516.11,-64.271
5516.60,-61.971
5517.09,-64.061
5517.58,-63.971
5518.07,-65.361
5518.55,-63.549
5519.04,-63.200
5519.53,-62.554
5520.02,-63.668
5520.51,-64.196
5521.00,-63.924
5521.48,-63.962
5521.97,-64.915
5522.46,-63.830
5522.95,-63.305
5523.44,-63.430
5523.93,-67.164
5524.41,-65.097
5524.90,-63.813
5525.39,-64.698
5525.88,-64.290
5526.37,-64.109
5526.86,-62.610
5527.34,-64.966
5527.83,-63.127
5528.32,-62.689
5528.81,-63.470
5529.30,-62.587
5529.79,-63.804
5530.27,-61.179
5530.76,-63.106
5531.25,-63.517
5531.74,-63.982
5532.23,-63.416
5532.71,-64.093
5533.20,-62.933
5533.69,-63.291
5534.18,-61.878
5534.67,-62.675
5535.16,-63.373
5535.64,-65.055
5536.13,-61.856
5536.62,-62.722
5537.11,-63.205
5537.60,-62.162
5538.09,-61.554
5538.57,-62.501
5539.06,-63.260
5539.55,-63.646
5540.04,-63.307
5540.53,-62.222
5541.02,-63.696
5541.50,-62.925
5541.99,-63.367
5542.48,-60.853
5542.97,-61.147
5543.46,-62.007
5543.95,-60.873
5544.43,-60.858
5544.92,-62.944
5545.41,-62.171
5545.90,-63.703
5546.39,-62.602
5546.88,-62.325
5547.36,-61.758
5547.85,-61.720
5548.34,-59.801
5548.83,-61.305
5549.32,-62.235
5549.80,-62.980
5550.29,-63.422
5550.78,-63.547
5551.27,-62.610
5551.76,-63.167
5552.25,-60.457
5552.73,-62.689
5553.22,-62.859
5553.71,-61.637
5554.20,-61.919
5554.69,-61.867
5555.18,-61.551
5555.66,-63.446
5556.15,-62.697
5556.64,-61.580
5557.13,-63.326
5557.62,-61.296
5558.11,-61.942
5558.59,-61.407
5559.08,-61.789
5559.57,-61.850
5560.06,-62.395
5560.55,-61.737
5561.04,-62.084
5561.52,-63.030
5562.01,-62.310
5562.50,-62.346
5562.99,-61.467
5563.48,-62.965
5563.96,-61.884
5564.45,-64.461
5564.94,-62.214
5565.43,-62.021
5565.92,-62.059
5566.41,-62.164
5566.89,-62.467
5567.38,-63.405
5567.87,-63.764
5568.36,-64.669
5568.85,-63.336
5569.34,-61.523
5569.82,-62.810
5570.31,-64.428
5570.80,-63.706
5571.29,-62.035
5571.78,-63.605
5572.27,-62.922
5572.75,-63.081
5573.24,-64.541
5573.73,-62.425
5574.22,-62.377
5574.71,-63.263
5575.20,-64.094
5575.68,-64.044
5576.17,-62.968
5576.66,-62.633
5577.15,-63.351
5577.64,-63.327
5578.12,-62.375
5578.61,-62.893
5579.10,-62.838
5579.59,-63.588
5580.08,-61.483
5580.57,-62.900
5581.05,-62.058
5581.54,-64.190
5582.03,-63.736
5582.52,-63.644
5583.01,-61.789
5583.50,-63.316
5583.98,-64.305
5584.47,-64.490
5584.96,-64.430
5585.45,-62.972
5585.94,-64.486
5586.43,-63.236
5586.91,-64.786
5587.40,-65.161
5587.89,-64.917
5588.38,-63.571
5588.87,-64.266
5589.36,-64.156
5589.84,-65.243
5590.33,-62.724
5590.82,-62.580
5591.31,-65.285
5591.80,-63.429
5592.29,-65.816
5592.77,-63.939
5593.26,-65.432
5593.75,-64.570
5594.24,-63.845
5594.73,-65.158
5595.21,-65.529
5595.70,-65.829
5596.19,-63.947
5596.68,-66.939
5597.17,-63.711
5597.66,-64.270
5598.14,-66.574
5598.63,-66.531
5599.12,-66.422
5599.61,-65.895
5600.10,-65.098
5600.59,-65.437
5601.07,-66.578
5601.56,-66.186
5602.05,-65.874
5602.54,-66.289
5603.03,-64.639
5603.52,-65.586
5604.00,-65.345
5604.49,-66.110
5604.98,-65.325
5605.47,-66.366
5605.96,-64.171
5606.45,-64.617
5606.93,-66.015
5607.42,-66.356
5607.91,-66.414
5608.40,-66.370
5608.89,-65.937
5609.38,-66.188
5609.86,-65.411
5610.35,-67.616
5610.84,-64.810
5611.33,-65.038
5611.82,-66.941
5612.30,-67.624
5612.79,-66.195
5613.28,-66.363
5613.77,-64.903
5614.26,-67.037
5614.75,-67.599
5615.23,-67.001
5615.72,-66.830
5616.21,-66.702
5616.70,-66.657
5617.19,-67.830
5617.68,-66.074
5618.16,-68.288
5618.65,-66.377
5619.14,-67.237
5619.63,-66.790
5620.12,-67.729
5620.61,-66.815
5621.09,-68.288
5621.58,-66.454
5622.07,-65.500
5622.56,-67.535
5623.05,-66.914
5623.54,-66.230
5624.02,-67.857
5624.51,-69.079
5625.00,-69.326
5625.49,-69.930
5625.98,-68.550
5626.46,-67.205
5626.95,-68.369
5627.44,-67.804
5627.93,-67.305
5628.42,-67.550
5628.91,-68.604
5629.39,-68.069
5629.88,-68.772
5630.37,-68.891
5630.86,-67.964
5631.35,-68.181
5631.84,-69.450
5632.32,-68.023
5632.81,-68.268
5633.30,-69.426
5633.79,-68.214
5634.28,-68.142
5634.77,-69.131
5635.25,-69.298
5635.74,-69.074
5636.23,-67.562
5636.72,-67.855
5637.21,-67.690
5637.70,-68.592
5638.18,-69.922
5638.67,-70.127
5639.16,-70.404
5639.65,-68.737
5640.14,-69.931
5640.62,-70.340
5641.11,-72.586
5641.60,-69.763
5642.09,-70.656
5642.58,-69.384
5643.07,-69.037
5643.55,-68.793
5644.04,-69.130
5644.53,-69.790
5645.02,-69.623
5645.51,-69.222
5646.00,-68.064
5646.48,-68.855
5646.97,-70.229
5647.46,-67.973
5647.95,-70.658
5648.44,-69.010
5648.93,-69.952
5649.41,-71.114
5649.90,-69.101
5650.39,-69.865
5650.88,-68.177
5651.37,-69.160
5651.86,-69.808
5652.34,-68.051
5652.83,-69.447
5653.32,-71.256
5653.81,-69.843
5654.30,-68.337
5654.79,-69.905
5655.27,-71.042
5655.76,-69.371
5656.25,-69.977
5656.74,-69.330
5657.23,-70.415
5657.71,-71.301
5658.20,-70.498
5658.69,-71.076
5659.18,-69.674
5659.67,-69.392
5660.16,-69.521
5660.64,-71.063
5661.13,-69.707
5661.62,-69.958
5662.11,-69.008
5662.60,-70.817
5663.09,-70.798
5663.57,-72.864
5664.06,-72.279
5664.55,-71.005
5665.04,-69.754
5665.53,-70.352
5666.02,-70.177
5666.50,-70.386
5666.99,-73.703
5667.48,-72.192
5667.97,-70.675
5668.46,-70.194
5668.95,-69.259
5669.43,-71.561
5669.92,-71.983
5670.41,-70.921
5670.90,-71.945
5671.39,-70.176
5671.88,-71.220
5672.36,-70.920
5672.85,-70.866
5673.34,-71.350
5673.83,-70.438
5674.32,-70.981
5674.80,-71.223
5675.29,-69.202
5675.78,-71.070
5676.27,-72.175
5676.76,-70.553
5677.25,-71.476
5677.73,-70.014
5678.22,-71.466
5678.71,-72.500
5679.20,-72.163
5679.69,-71.197
5680.18,-72.034
5680.66,-71.908
5681.15,-72.576
5681.64,-71.706
5682.13,-70.092
5682.62,-71.953
5683.11,-73.949
5683.59,-72.720
5684.08,-73.358
5684.57,-71.105
5685.06,-72.083
5685.55,-71.410
5686.04,-72.141
5686.52,-70.789
5687.01,-74.689
5687.50,-72.299
5687.99,-71.737
5688.48,-70.783
5688.96,-72.595
5689.45,-71.326
5689.94,-73.744
5690.43,-73.891
5690.92,-74.015
5691.41,-71.607
5691.89,-74.057
5692.38,-72.372
5692.87,-73.437
5693.36,-72.811
5693.85,-74.274
5694.34,-73.732
5694.82,-71.593
5695.31,-73.978
5695.80,-71.555
5696.29,-72.408
5696.78,-71.071
5697.27,-72.986
5697.75,-72.315
5698.24,-71.919
5698.73,-72.039
5699.22,-72.697
5699.71,-73.686
5700.20,-73.418
5700.68,-71.319
5701.17,-72.599
5701.66,-74.079
5702.15,-70.845
5702.64,-71.574
5703.12,-73.153
5703.61,-72.335
5704.10,-71.949
5704.59,-71.327
5705.08,-73.042
5705.57,-72.694
5706.05,-72.257
5706.54,-72.117
5707.03,-72.778
5707.52,-72.318
5708.01,-73.244
5708.50,-72.892
5708.98,-73.319
5709.47,-73.962
5709.96,-73.260
5710.45,-75.204
5710.94,-72.818
5711.43,-72.645
5711.91,-74.413
5712.40,-73.398
5712.89,-73.633
5713.38,-73.027
5713.87,-71.212
5714.36,-72.728
5714.84,-73.124
5715.33,-74.233
5715.82,-73.343
5716.31,-72.957
5716.80,-72.385
5717.29,-73.157
5717.77,-72.380
5718.26,-72.977
5718.75,-72.195
5719.24,-72.870
5719.73,-73.653
5720.21,-72.871
5720.70,-72.920
5721.19,-73.189
5721.68,-71.018
5722.17,-70.774
5722.66,-72.183
5723.14,-70.992
5723.63,-71.445
5724.12,-72.715
5724.61,-73.256
5725.10,-74.139
5725.59,-73.655
5726.07,-73.487
5726.56,-73.297
5727.05,-73.627
5727.54,-72.678
5728.03,-73.412
5728.52,-73.447
5729.00,-73.509
5729.49,-75.196
5729.98,-72.986
5730.47,-75.567
5730.96,-74.305
5731.45,-72.818
5731.93,-71.506
5732.42,-73.826
5732.91,-73.496
5733.40,-72.405
5733.89,-71.677
5734.38,-73.532
5734.86,-72.039
5735.35,-72.755
5735.84,-73.520
5736.33,-73.393
5736.82,-73.634
5737.30,-74.270
5737.79,-74.453
5738.28,-74.439
5738.77,-74.120
5739.26,-72.708
5739.75,-74.107
5740.23,-74.139
5740.72,-72.608
5741.21,-73.074
5741.70,-72.904
5742.19,-75.268
5742.68,-75.197
5743.16,-73.383
5743.65,-73.719
5744.14,-74.259
5744.63,-75.795
5745.12,-71.985
5745.61,-74.667
5746.09,-71.550
5746.58,-73.531
5747.07,-73.694
5747.56,-73.284
5748.05,-71.925
5748.54,-73.323
5749.02,-73.137
5749.51,-73.694
5750.00,-72.810
5750.49,-73.497
5750.98,-73.959
5751.46,-73.071
5751.95,-72.329
5752.44,-73.235
5752.93,-73.625
5753.42,-73.748
5753.91,-74.948
5754.39,-73.203
5754.88,-72.808
5755.37,-73.404
5755.86,-73.665
5756.35,-72.833
5756.84,-74.443
5757.32,-74.564
5757.81,-73.542
5758.30,-75.480
5758.79,-74.389
5759.28,-75.736
5759.77,-73.983
5760.25,-74.967
5760.74,-73.285
5761.23,-75.843
5761.72,-74.549
5762.21,-72.679
5762.70,-73.938
5763.18,-74.282
5763.67,-75.122
5764.16,-75.026
5764.65,-75.674
5765.14,-74.301
5765.62,-72.927
5766.11,-73.441
5766.60,-73.009
5767.09,-73.416
5767.58,-74.212
5768.07,-77.199
5768.55,-74.040
5769.04,-74.115
5769.53,-73.727
5770.02,-73.582
5770.51,-74.801
5771.00,-74.973
5771.48,-75.169
5771.97,-72.857
5772.46,-74.254
5772.95,-75.083
5773.44,-73.636
5773.93,-74.182
5774.41,-73.143
5774.90,-73.648
5775.39,-73.645
5775.88,-73.094
5776.37,-74.106
5776.86,-73.737
5777.34,-72.746
5777.83,-73.794
5778.32,-74.217
5778.81,-73.290
5779.30,-72.649
5779.79,-75.442
5780.27,-75.270
5780.76,-73.404
5781.25,-73.003
5781.74,-74.446
5782.23,-75.862
5782.71,-71.407
5783.20,-73.643
5783.69,-74.600
5784.18,-74.288
5784.67,-74.217
5785.16,-73.685
5785.64,-74.739
5786.13,-74.400
5786.62,-73.815
5787.11,-74.285
5787.60,-74.000
5788.09,-74.630
5788.57,-75.253
5789.06,-74.629
5789.55,-73.031
5790.04,-74.207
5790.53,-75.062
5791.02,-73.853
5791.50,-74.209
5791.99,-74.692
5792.48,-75.822
5792.97,-74.463
5793.46,-75.155
5793.95,-74.206
5794.43,-75.713
5794.92,-74.930
5795.41,-73.802
5795.90,-74.286
5796.39,-75.243
5796.88,-75.603
5797.36,-74.988
5797.85,-73.972
5798.34,-75.293
5798.83,-73.746
5799.32,-74.924
5799.80,-74.578
5800.29,-74.648
5800.78,-75.406
5801.27,-74.635
5801.76,-74.011
5802.25,-74.733
5802.73,-74.608
5803.22,-73.951
5803.71,-71.402
5804.20,-73.637
5804.69,-74.284
5805.18,-73.765
5805.66,-74.267
5806.15,-75.269
5806.64,-74.571
5807.13,-73.466
5807.62,-76.514
5808.11,-73.582
5808.59,-73.827
5809.08,-74.210
5809.57,-74.565
5810.06,-73.817
5810.55,-73.534
5811.04,-73.646
5811.52,-74.167
5812.01,-74.788
5812.50,-73.372
5812.99,-74.492
5813.48,-72.187
5813.96,-73.143
5814.45,-75.269
5814.94,-73.371
5815.43,-73.790
5815.92,-73.311
5816.41,-73.187
5816.89,-75.643
5817.38,-74.176
5817.87,-74.916
5818.36,-73.981
5818.85,-75.018
5819.34,-74.747
5819.82,-74.404
5820.31,-74.183
5820.80,-73.322
5821.29,-76.003
5821.78,-74.071
5822.27,-74.390
5822.75,-74.701
5823.24,-72.314
5823.73,-73.762
5824.22,-73.299
5824.71,-71.937
5825.20,-74.153
5825.68,-73.830
5826.17,-75.014
5826.66,-75.132
5827.15,-75.916
5827.64,-74.501
5828.12,-73.993
5828.61,-74.693
5829.10,-75.192
5829.59,-74.511
5830.08,-74.413
5830.57,-73.516
5831.05,-73.026
5831.54,-73.651
5832.03,-72.881
5832.52,-73.559
5833.01,-74.061
5833.50,-73.378
5833.98,-74.234
5834.47,-73.558
5834.96,-75.715
5835.45,-75.239
5835.94,-73.759
5836.43,-73.917
5836.91,-76.260
5837.40,-74.061
5837.89,-73.335
5838.38,-73.721
5838.87,-73.681
5839.36,-72.935
5839.84,-75.314
5840.33,-74.848
5840.82,-73.472
5841.31,-73.470
5841.80,-73.646
5842.29,-74.408
5842.77,-73.501
5843.26,-74.538
5843.75,-73.666
5844.24,-73.068
5844.73,-73.238
5845.21,-73.650
5845.70,-73.073
5846.19,-74.636
5846.68,-75.492
5847.17,-74.490
5847.66,-73.648
5848.14,-73.649
5848.63,-73.646
5849.12,-72.244
5849.61,-72.152
5850.10,-71.801
5850.59,-73.091
5851.07,-72.807
5851.56,-73.465
5852.05,-74.371
5852.54,-73.244
5853.03,-73.089
5853.52,-71.863
5854.00,-75.595
5854.49,-73.815
5854.98,-73.745
5855.47,-73.505
5855.96,-73.123
5856.45,-72.786
5856.93,-73.685
5857.42,-74.928
5857.91,-74.228
5858.40,-74.701
5858.89,-72.794
5859.38,-72.901
5859.86,-75.796
5860.35,-75.733
5860.84,-73.154
5861.33,-74.395
5861.82,-74.649
5862.30,-73.695
5862.79,-74.505
5863.28,-74.081
5863.77,-73.126
5864.26,-73.681
5864.75,-72.708
5865.23,-73.095
5865.72,-73.077
5866.21,-73.842
5866.70,-71.569
5867.19,-73.725
5867.68,-72.570
5868.16,-76.204
5868.65,-72.971
5869.14,-73.290
5869.63,-73.237
5870.12,-72.941
5870.61,-73.487
5871.09,-73.295
5871.58,-73.340
5872.07,-72.440
5872.56,-73.993
5873.05,-74.234
5873.54,-72.744
5874.02,-74.044
5874.51,-73.541
5875.00,-73.534
5875.49,-73.892
5875.98,-73.532
5876.46,-73.139
5876.95,-74.776
5877.44,-73.839
5877.93,-72.679
5878.42,-75.060
5878.91,-72.785
5879.39,-72.169
5879.88,-72.681
5880.37,-72.494
5880.86,-72.909
5881.35,-73.945
5881.84,-71.895
5882.32,-72.919
5882.81,-72.856
5883.30,-73.723
5883.79,-72.579
5884.28,-72.723
5884.77,-72.674
5885.25,-74.682
5885.74,-71.457
5886.23,-72.078
5886.72,-72.777
5887.21,-73.151
5887.70,-73.969
5888.18,-72.060
5888.67,-73.982
5889.16,-72.242
5889.65,-72.799
5890.14,-72.706
5890.62,-71.791
5891.11,-71.316
5891.60,-72.233
5892.09,-74.120
5892.58,-72.903
5893.07,-73.274
5893.55,-75.538
5894.04,-72.700
5894.53,-72.652
5895.02,-71.514
5895.51,-73.193
5896.00,-72.630
5896.48,-71.980
5896.97,-72.342
5897.46,-72.165
5897.95,-71.338
5898.44,-72.026
5898.93,-72.335
5899.41,-72.334
5899.90,-73.259
5900.39,-74.038
5900.88,-73.160
5901.37,-73.790
5901.86,-72.507
5902.34,-71.756
5902.83,-72.848
5903.32,-73.171
5903.81,-73.058
5904.30,-71.553
5904.79,-73.361
5905.27,-73.256
5905.76,-71.893
5906.25,-71.262
5906.74,-71.364
5907.23,-70.451
5907.71,-70.982
5908.20,-71.259
5908.69,-72.290
5909.18,-73.137
5909.67,-71.615
5910.16,-71.317
5910.64,-71.570
5911.13,-70.146
5911.62,-70.963
5912.11,-71.989
5912.60,-71.837
5913.09,-71.474
5913.57,-71.325
5914.06,-69.263
5914.55,-72.902
5915.04,-71.809
5915.53,-72.774
5916.02,-72.389
5916.50,-71.292
5916.99,-71.110
5917.48,-70.434
5917.97,-70.624
5918.46,-70.992
5918.95,-71.053
5919.43,-71.118
5919.92,-70.060
5920.41,-71.683
5920.90,-69.944
5921.39,-70.922
5921.88,-70.812
5922.36,-72.306
5922.85,-72.473
5923.34,-71.035
5923.83,-71.107
5924.32,-72.691
5924.80,-70.835
5925.29,-71.028
5925.78,-71.506
5926.27,-70.190
5926.76,-69.930
5927.25,-70.133
5927.73,-71.225
5928.22,-71.311
5928.71,-70.534
5929.20,-72.272
5929.69,-71.241
5930.18,-71.251
5930.66,-70.333
5931.15,-71.260
5931.64,-68.743
5932.13,-69.660
5932.62,-70.639
5933.11,-70.675
5933.59,-69.577
5934.08,-69.376
5934.57,-70.596
5935.06,-70.693
5935.55,-70.070
5936.04,-70.234
5936.52,-70.689
5937.01,-71.338
5937.50,-71.054
5937.99,-70.238
5938.48,-71.480
5938.96,-70.616
5939.45,-71.136
5939.94,-70.787
5940.43,-71.781
5940.92,-70.779
5941.41,-69.757
5941.89,-69.268
5942.38,-70.746
5942.87,-71.353
5943.36,-69.428
5943.85,-68.437
5944.34,-68.767
5944.82,-70.280
5945.31,-69.365
5945.80,-70.120
5946.29,-69.138
5946.78,-69.550
5947.27,-70.320
5947.75,-69.756
5948.24,-70.199
5948.73,-69.646
5949.22,-70.530
5949.71,-69.838
5950.20,-68.259
5950.68,-71.273
5951.17,-70.127
5951.66,-68.735
5952.15,-68.906
5952.64,-69.796
5953.12,-70.239
5953.61,-68.492
5954.10,-67.202
5954.59,-69.007
5955.08,-69.914
5955.57,-68.334
5956.05,-69.050
5956.54,-69.275
5957.03,-68.697
5957.52,-70.024
5958.01,-69.326
5958.50,-69.560
5958.98,-70.050
5959.47,-68.602
5959.96,-69.310
5960.45,-68.760
5960.94,-69.673
5961.43,-67.576
5961.91,-68.762
5962.40,-69.823
5962.89,-70.023
5963.38,-68.246
5963.87,-68.631
5964.36,-67.944
5964.84,-67.770
5965.33,-70.433
5965.82,-68.163
5966.31,-69.916
5966.80,-67.342
5967.29,-67.917
5967.77,-69.488
5968.26,-67.003
5968.75,-68.329
5969.24,-69.443
5969.73,-67.556
5970.21,-69.808
5970.70,-67.500
5971.19,-68.641
5971.68,-67.409
5972.17,-67.705
5972.66,-66.352
5973.14,-67.043
5973.63,-69.521
5974.12,-67.855
5974.61,-67.838
5975.10,-69.409
5975.59,-67.088
5976.07,-68.734
5976.56,-66.733
5977.05,-67.793
5977.54,-66.476
5978.03,-67.987
5978.52,-68.030
5979.00,-67.339
5979.49,-66.994
5979.98,-67.112
5980.47,-66.508
5980.96,-66.861
5981.45,-66.723
5981.93,-68.195
5982.42,-68.639
5982.91,-67.888
5983.40,-67.642
5983.89,-67.709
5984.38,-67.315
5984.86,-66.996
5985.35,-67.087
5985.84,-68.497
5986.33,-66.959
5986.82,-66.976
5987.30,-66.167
5987.79,-65.340
5988.28,-67.443
5988.77,-66.935
5989.26,-68.182
5989.75,-66.280
5990.23,-67.087
5990.72,-69.195
5991.21,-69.073
5991.70,-67.881
5992.19,-66.125
5992.68,-65.168
5993.16,-66.006
5993.65,-66.345
5994.14,-68.525
5994.63,-66.566
5995.12,-67.368
5995.61,-67.702
5996.09,-66.574
5996.58,-66.212
5997.07,-68.078
5997.56,-67.066
5998.05,-68.477
5998.54,-67.573
5999.02,-67.113
5999.51,-67.401
6000.00,-68.183
6000.49,-66.511
6000.98,-65.423
6001.46,-68.013
6001.95,-67.550
6002.44,-67.291
6002.93,-65.552
6003.42,-66.466
6003.91,-66.543
6004.39,-67.115
6004.88,-66.964
6005.37,-66.730
6005.86,-67.203
6006.35,-66.856
6006.84,-67.376
6007.32,-65.850
6007.81,-66.850
6008.30,-67.450
6008.79,-65.571
6009.28,-65.732
6009.77,-65.830
6010.25,-67.132
6010.74,-67.067
6011.23,-66.653
6011.72,-65.700
6012.21,-67.347
6012.70,-66.573
6013.18,-67.676
6013.67,-67.893
6014.16,-66.928
6014.65,-66.830
6015.14,-66.920
6015.62,-66.986
6016.11,-66.668
6016.60,-66.359
6017.09,-65.834
6017.58,-65.434
6018.07,-67.932
6018.55,-65.690
6019.04,-67.049
6019.53,-66.573
6020.02,-67.134
6020.51,-65.956
6021.00,-65.851
6021.48,-67.243
6021.97,-65.639
6022.46,-65.928
6022.95,-67.018
6023.44,-66.317
6023.93,-66.888
6024.41,-65.830
6024.90,-67.406
6025.39,-69.300
6025.88,-66.472
6026.37,-66.921
6026.86,-68.839
6027.34,-67.477
6027.83,-66.898
6028.32,-67.338
6028.81,-66.772
6029.30,-66.935
6029.79,-67.485
6030.27,-66.760
6030.76,-66.558
6031.25,-66.963
6031.74,-67.337
6032.23,-68.229
6032.71,-67.988
6033.20,-69.322
6033.69,-67.889
6034.18,-67.798
6034.67,-67.199
6035.16,-68.455
6035.64,-67.751
6036.13,-68.447
6036.62,-68.918
6037.11,-67.700
6037.60,-68.290
6038.09,-66.978
6038.57,-66.656
6039.06,-67.573
6039.55,-68.090
6040.04,-66.657
6040.53,-67.850
6041.02,-67.156
6041.50,-68.614
6041.99,-67.569
6042.48,-69.783
6042.97,-68.218
6043.46,-67.240
6043.95,-70.151
6044.43,-69.453
6044.92,-67.329
6045.41,-68.057
6045.90,-68.024
6046.39,-68.612
6046.88,-68.930
6047.36,-71.029
6047.85,-70.137
6048.34,-68.422
6048.83,-67.021
6049.32,-67.576
6049.80,-68.601
6050.29,-67.882
6050.78,-67.591
6051.27,-67.857
6051.76,-68.329
6052.25,-68.923
6052.73,-66.821
6053.22,-68.663
6053.71,-68.194
6054.20,-69.239
6054.69,-69.448
6055.18,-69.519
6055.66,-68.914
6056.15,-69.094
6056.64,-68.665
6057.13,-68.601
6057.62,-67.874
6058.11,-68.721
6058.59,-69.105
6059.08,-70.760
6059.57,-69.787
6060.06,-69.415
6060.55,-69.097
6061.04,-66.641
6061.52,-70.349
6062.01,-69.695
6062.50,-70.063
6062.99,-69.319
6063.48,-70.874
6063.96,-70.333
6064.45,-69.485
6064.94,-69.305
6065.43,-70.423
6065.92,-69.448
6066.41,-70.330
6066.89,-68.982
6067.38,-68.816
6067.87,-70.847
6068.36,-70.511
6068.85,-69.585
6069.34,-69.672
6069.82,-69.763
6070.31,-69.577
6070.80,-69.676
6071.29,-70.691
6071.78,-69.384
6072.27,-69.647
6072.75,-69.653
6073.24,-68.886
6073.73,-68.295
6074.22,-71.636
6074.71,-70.645
6075.20,-71.659
6075.68,-69.716
6076.17,-70.244
6076.66,-70.553
6077.15,-71.383
6077.64,-72.932
6078.12,-70.726
6078.61,-71.227
6079.10,-69.854
6079.59,-68.157
6080.08,-68.586
6080.57,-70.395
6081.05,-72.173
6081.54,-73.008
6082.03,-70.556
6082.52,-72.048
6083.01,-70.291
6083.50,-70.513
6083.98,-71.085
6084.47,-69.967
6084.96,-70.150
6085.45,-70.170
6085.94,-70.997
6086.43,-70.968
6086.91,-71.187
6087.40,-71.556
6087.89,-71.776
6088.38,-70.554
6088.87,-72.000
6089.36,-70.201
6089.84,-70.500
6090.33,-72.220
6090.82,-71.321
6091.31,-71.173
6091.80,-72.458
6092.29,-71.685
6092.77,-71.759
6093.26,-71.080
6093.75,-73.433
6094.24,-72.559
6094.73,-70.774
6095.21,-71.670
6095.70,-71.932
6096.19,-71.148
6096.68,-72.480
6097.17,-71.711
6097.66,-70.960
6098.14,-71.110
6098.63,-70.787
6099.12,-72.102
6099.61,-72.256
6100.10,-71.259
6100.59,-72.229
6101.07,-70.997
6101.56,-72.516
6102.05,-71.952
6102.54,-73.077
6103.03,-73.727
6103.52,-71.453
6104.00,-72.178
6104.49,-72.127
6104.98,-69.816
6105.47,-71.570
6105.96,-72.124
6106.45,-72.282
6106.93,-72.906
6107.42,-71.152
6107.91,-73.549
6108.40,-72.650
6108.89,-72.813
6109.38,-72.780
6109.86,-73.042
6110.35,-72.961
6110.84,-71.753
6111.33,-71.680
6111.82,-72.132
6112.30,-72.794
6112.79,-71.413
6113.28,-72.492
6113.77,-72.792
6114.26,-73.084
6114.75,-72.446
6115.23,-73.487
6115.72,-74.360
6116.21,-73.613
6116.70,-72.243
6117.19,-71.293
6117.68,-73.732
6118.16,-72.532
6118.65,-74.262
6119.14,-71.603
6119.63,-72.693
6120.12,-72.865
6120.61,-73.715
6121.09,-74.401
6121.58,-70.992
6122.07,-75.217
6122.56,-71.973
6123.05,-73.154
6123.54,-74.247
6124.02,-72.676
6124.51,-73.624
6125.00,-74.066
6125.49,-74.815
6125.98,-72.441
6126.46,-73.001
6126.95,-73.840
6127.44,-74.265
6127.93,-73.467
6128.42,-73.162
6128.91,-71.907
6129.39,-72.391
6129.88,-73.636
6130.37,-73.335
6130.86,-74.184
6131.35,-72.302
6131.84,-74.432
6132.32,-73.149
6132.81,-74.012
6133.30,-73.970
6133.79,-73.194
6134.28,-74.561
6134.77,-72.393
6135.25,-74.415
6135.74,-74.878
6136.23,-73.728
6136.72,-74.118
6137.21,-75.272
6137.70,-71.490
6138.18,-72.242
6138.67,-74.711
6139.16,-74.710
6139.65,-73.788
6140.14,-74.391
6140.62,-75.683
6141.11,-74.412
6141.60,-74.838
6142.09,-72.527
6142.58,-74.290
6143.07,-75.347
6143.55,-74.748
6144.04,-74.110
6144.53,-74.360
6145.02,-74.511
6145.51,-75.242
6146.00,-73.765
6146.48,-74.175
6146.97,-74.995
6147.46,-74.466
6147.95,-73.641
6148.44,-74.331
6148.93,-74.635
6149.41,-75.613
6149.90,-74.203
6150.39,-73.019
6150.88,-73.847
6151.37,-74.259
6151.86,-74.866
6152.34,-72.752
6152.83,-75.342
6153.32,-74.561
6153.81,-74.024
6154.30,-74.477
6154.79,-73.224
6155.27,-74.755
6155.76,-74.970
6156.25,-73.410
6156.74,-73.991
6157.23,-73.924
6157.71,-73.903
6158.20,-74.373
6158.69,-75.979
6159.18,-75.206
6159.67,-74.812
6160.16,-73.145
6160.64,-73.960
6161.13,-76.061
6161.62,-75.146
6162.11,-74.325
6162.60,-74.470
6163.09,-75.191
6163.57,-75.690
6164.06,-75.345
6164.55,-75.279
6165.04,-73.179
6165.53,-74.932
6166.02,-75.628
6166.50,-75.674
6166.99,-74.027
6167.48,-74.664
6167.97,-74.522
6168.46,-75.445
6168.95,-77.806
6169.43,-75.715
6169.92,-74.550
6170.41,-75.312
6170.90,-74.263
6171.39,-75.292
6171.88,-75.175
6172.36,-75.628
6172.85,-73.408
6173.34,-74.165
6173.83,-75.054
6174.32,-76.451
6174.80,-75.277
6175.29,-74.907
6175.78,-75.701
6176.27,-74.651
6176.76,-75.333
6177.25,-77.228
6177.73,-77.775
6178.22,-75.369
6178.71,-75.620
6179.20,-74.110
6179.69,-74.646
6180.18,-74.210
6180.66,-75.429
6181.15,-76.589
6181.64,-76.640
6182.13,-77.471
6182.62,-75.603
6183.11,-74.920
6183.59,-76.376
6184.08,-75.404
6184.57,-77.416
6185.06,-78.283
6185.55,-77.868
6186.04,-75.580
6186.52,-75.880
6187.01,-75.534
6187.50,-75.769
6187.99,-75.603
6188.48,-76.440
6188.96,-78.155
6189.45,-76.733
6189.94,-77.315
6190.43,-75.675
6190.92,-75.886
6191.41,-75.883
6191.89,-76.446
6192.38,-75.723
6192.87,-76.701
6193.36,-77.224
6193.85,-75.648
6194.34,-76.259
6194.82,-74.935
6195.31,-76.153
6195.80,-75.483
6196.29,-75.970
6196.78,-75.523
6197.27,-77.044
6197.75,-75.032
6198.24,-76.924
6198.73,-75.210
6199.22,-76.804
6199.71,-75.884
6200.20,-76.444
6200.68,-77.263
6201.17,-76.581
6201.66,-76.808
6202.15,-76.538
6202.64,-74.156
6203.12,-75.926
6203.61,-77.089
6204.10,-75.894
6204.59,-77.327
6205.08,-76.231
6205.57,-74.968
6206.05,-74.668
6206.54,-76.968
6207.03,-76.340
6207.52,-76.375
6208.01,-78.420
6208.50,-77.832
6208.98,-76.124
6209.47,-75.581
6209.96,-76.405
6210.45,-77.405
6210.94,-76.164
6211.43,-76.877
6211.91,-77.868
6212.40,-77.877
6212.89,-77.139
6213.38,-76.154
6213.87,-75.700
6214.36,-75.671
6214.84,-75.954
6215.33,-78.430
6215.82,-78.191
6216.31,-76.409
6216.80,-76.586
6217.29,-76.959
6217.77,-75.911
6218.26,-76.318
6218.75,-77.978
6219.24,-76.893
6219.73,-74.338
6220.21,-76.154
6220.70,-77.185
6221.19,-76.458
6221.68,-75.888
6222.17,-73.878
6222.66,-76.813
6223.14,-76.754
6223.63,-75.531
6224.12,-76.734
6224.61,-76.133
6225.10,-77.010
6225.59,-75.067
6226.07,-76.867
6226.56,-76.166
6227.05,-76.282
6227.54,-76.198
6228.03,-76.546
6228.52,-77.347
6229.00,-75.783
6229.49,-76.932
6229.98,-76.358
6230.47,-75.864
6230.96,-76.815
6231.45,-76.513
6231.93,-77.027
6232.42,-77.971
6232.91,-76.573
6233.40,-76.199
6233.89,-77.032
6234.38,-77.440
6234.86,-77.543
6235.35,-77.353
6235.84,-77.398
6236.33,-76.760
6236.82,-75.154
6237.30,-76.883
6237.79,-76.292
6238.28,-78.164
6238.77,-76.036
6239.26,-75.888
6239.75,-77.529
6240.23,-76.427
6240.72,-76.666
6241.21,-76.491
6241.70,-77.616
6242.19,-77.122
6242.68,-78.029
6243.16,-78.587
6243.65,-76.857
6244.14,-77.130
6244.63,-76.352
6245.12,-77.797
6245.61,-75.904
6246.09,-78.370
6246.58,-78.315
6247.07,-78.467
6247.56,-76.104
6248.05,-76.548
6248.54,-76.632
6249.02,-74.686
6249.51,-76.472
6250.00,-75.832
6250.49,-76.559
6250.98,-75.751
6251.46,-77.131
6251.95,-76.685
6252.44,-77.888
6252.93,-76.837
6253.42,-76.281
6253.91,-76.548
6254.39,-77.970
6254.88,-77.912
6255.37,-76.279
6255.86,-75.877
6256.35,-77.340
6256.84,-77.911
6257.32,-76.365
6257.81,-76.950
6258.30,-76.399
6258.79,-77.441
6259.28,-77.822
6259.77,-77.938
6260.25,-78.779
6260.74,-75.216
6261.23,-77.588
6261.72,-77.570
6262.21,-75.997
6262.70,-76.124
6263.18,-77.823
6263.67,-77.099
6264.16,-77.739
6264.65,-76.658
6265.14,-75.725
6265.62,-75.808
6266.11,-75.903
6266.60,-76.148
6267.09,-77.299
6267.58,-76.605
6268.07,-77.230
6268.55,-74.699
6269.04,-76.750
6269.53,-76.795
6270.02,-78.171
6270.51,-77.813
6271.00,-78.097
6271.48,-75.805
6271.97,-76.249
6272.46,-75.915
6272.95,-77.252
6273.44,-76.637
6273.93,-77.196
6274.41,-77.821
6274.90,-76.399
6275.39,-77.551
6275.88,-78.776
6276.37,-78.155
6276.86,-76.469
6277.34,-76.293
6277.83,-77.506
6278.32,-76.269
6278.81,-76.943
6279.30,-76.928
6279.79,-76.756
6280.27,-77.027
6280.76,-77.490
6281.25,-76.611
6281.74,-76.260
6282.23,-76.002
6282.71,-76.811
6283.20,-77.566
6283.69,-78.007
6284.18,-77.325
6284.67,-77.391
6285.16,-76.421
6285.64,-76.319
6286.13,-77.667
6286.62,-77.866
6287.11,-77.191
6287.60,-76.413
6288.09,-77.492
6288.57,-76.556
6289.06,-74.984
6289.55,-75.349
6290.04,-77.289
6290.53,-77.833
6291.02,-77.427
6291.50,-77.756
6291.99,-75.647
6292.48,-77.151
6292.97,-77.278
6293.46,-77.723
6293.95,-75.224
6294.43,-76.887
6294.92,-76.649
6295.41,-76.195
6295.90,-76.093
6296.39,-77.596
6296.88,-76.572
6297.36,-76.720
6297.85,-74.673
6298.34,-76.262
6298.83,-77.018
6299.32,-76.131
6299.80,-77.494
6300.29,-75.498
6300.78,-76.856
6301.27,-77.965
6301.76,-76.017
6302.25,-77.072
6302.73,-78.778
6303.22,-77.640
6303.71,-76.412
6304.20,-77.266
6304.69,-77.293
6305.18,-77.337
6305.66,-77.908
6306.15,-77.104
6306.64,-75.920
6307.13,-77.070
6307.62,-76.070
6308.11,-76.502
6308.59,-75.027
6309.08,-76.948
6309.57,-77.032
6310.06,-76.120
6310.55,-76.667
6311.04,-76.793
6311.52,-77.171
6312.01,-77.395
6312.50,-76.977
6312.99,-75.747
6313.48,-77.266
6313.96,-76.678
6314.45,-76.307
6314.94,-76.914
6315.43,-76.506
6315.92,-77.365
6316.41,-77.876
6316.89,-76.173
6317.38,-77.321
6317.87,-75.361
6318.36,-75.142
6318.85,-76.779
6319.34,-76.844
6319.82,-76.721
6320.31,-77.025
6320.80,-75.690
6321.29,-77.363
6321.78,-76.638
6322.27,-75.655
6322.75,-75.587
6323.24,-76.654
6323.73,-76.826
6324.22,-75.276
6324.71,-77.353
6325.20,-78.192
6325.68,-76.990
6326.17,-78.156
6326.66,-77.499
6327.15,-75.967
6327.64,-78.331
6328.12,-75.767
6328.61,-75.628
6329.10,-74.353
6329.59,-76.205
6330.08,-75.297
6330.57,-76.050
6331.05,-76.183
6331.54,-77.164
6332.03,-76.985
6332.52,-78.248
6333.01,-77.172
6333.50,-74.846
6333.98,-76.660
6334.47,-76.225
6334.96,-75.892
6335.45,-75.436
6335.94,-75.950
6336.43,-74.433
6336.91,-73.818
6337.40,-74.677
6337.89,-75.398
6338.38,-76.708
6338.87,-76.684
6339.36,-75.819
6339.84,-75.486
6340.33,-76.641
6340.82,-74.897
6341.31,-75.489
6341.80,-75.817
6342.29,-75.794
6342.77,-73.859
6343.26,-76.136
6343.75,-75.759
6344.24,-76.309
6344.73,-75.563
6345.21,-77.592
6345.70,-76.098
6346.19,-74.844
6346.68,-73.432
6347.17,-75.593
6347.66,-75.091
6348.14,-76.608
6348.63,-76.064
6349.12,-74.203
6349.61,-76.275
6350.10,-74.139
6350.59,-74.230
6351.07,-75.537
6351.56,-75.332
6352.05,-74.528
6352.54,-74.744
6353.03,-75.203
6353.52,-74.340
6354.00,-76.416
6354.49,-76.514
6354.98,-76.276
6355.47,-75.306
6355.96,-76.773
6356.45,-76.468
6356.93,-75.315
6357.42,-75.988
6357.91,-77.352
6358.40,-75.997
6358.89,-72.191
6359.38,-75.171
6359.86,-76.328
6360.35,-74.116
6360.84,-76.420
6361.33,-76.522
6361.82,-74.119
6362.30,-74.404
6362.79,-74.681
6363.28,-76.091
6363.77,-75.495
6364.26,-76.250
6364.75,-74.956
6365.23,-74.855
6365.72,-75.647
6366.21,-74.924
6366.70,-75.084
6367.19,-75.056
6367.68,-74.263
6368.16,-73.947
6368.65,-73.391
6369.14,-75.325
6369.63,-74.630
6370.12,-76.433
6370.61,-76.894
6371.09,-75.085
6371.58,-75.576
6372.07,-74.986
6372.56,-76.077
6373.05,-75.789
6373.54,-75.186
6374.02,-75.474
6374.51,-76.975
6375.00,-73.927
6375.49,-73.637
6375.98,-75.847
6376.46,-74.206
6376.95,-74.710
6377.44,-75.126
6377.93,-74.627
6378.42,-73.519
6378.91,-74.279
6379.39,-74.320
6379.88,-73.721
6380.37,-73.253
6380.86,-74.323
6381.35,-74.383
6381.84,-74.583
6382.32,-74.617
6382.81,-74.575
6383.30,-73.522
6383.79,-76.044
6384.28,-74.894
6384.77,-75.270
6385.25,-74.764
6385.74,-75.758
6386.23,-75.794
6386.72,-73.501
6387.21,-73.688
6387.70,-74.344
6388.18,-75.286
6388.67,-75.630
6389.16,-73.523
6389.65,-73.747
6390.14,-72.940
6390.62,-72.993
6391.11,-74.234
6391.60,-74.636
6392.09,-74.781
6392.58,-75.010
6393.07,-74.872
6393.55,-74.775
6394.04,-73.491
6394.53,-77.037
6395.02,-74.396
6395.51,-74.034
6396.00,-75.370
6396.48,-75.823
6396.97,-75.794
6397.46,-73.598
6397.95,-74.389
6398.44,-74.745
6398.93,-73.291
6399.41,-74.225
6399.90,-73.041
6400.39,-74.173
6400.88,-73.142
6401.37,-74.686
6401.86,-75.372
6402.34,-74.679
6402.83,-73.204
6403.32,-73.719
6403.81,-74.444
6404.30,-73.644
6404.79,-75.809
6405.27,-75.514
6405.76,-73.765
6406.25,-74.161
6406.74,-73.739
6407.23,-73.172
6407.71,-73.150
6408.20,-73.782
6408.69,-74.949
6409.18,-73.164
6409.67,-75.690
6410.16,-73.219
6410.64,-72.864
6411.13,-74.405
6411.62,-73.136
6412.11,-74.194
6412.60,-74.618
6413.09,-74.562
6413.57,-73.002
6414.06,-73.563
6414.55,-73.926
6415.04,-72.694
6415.53,-72.740
6416.02,-72.367
6416.50,-72.964
6416.99,-72.587
6417.48,-72.614
6417.97,-72.137
6418.46,-72.630
6418.95,-72.992
6419.43,-75.086
6419.92,-73.800
6420.41,-72.183
6420.90,-72.387
6421.39,-72.730
6421.88,-73.024
6422.36,-73.867
6422.85,-73.777
6423.34,-73.911
6423.83,-73.960
6424.32,-73.728
6424.80,-72.615
6425.29,-72.946
6425.78,-71.854
6426.27,-73.480
6426.76,-72.629
6427.25,-73.074
6427.73,-73.139
6428.22,-71.402
6428.71,-73.914
6429.20,-73.263
6429.69,-74.567
6430.18,-73.304
6430.66,-72.428
6431.15,-73.010
6431.64,-71.958
6432.13,-72.795
6432.62,-72.697
6433.11,-72.511
6433.59,-71.740
6434.08,-72.656
6434.57,-71.556
6435.06,-72.541
6435.55,-72.484
6436.04,-73.243
6436.52,-72.911
6437.01,-71.664
6437.50,-71.279
6437.99,-72.282
6438.48,-73.482
6438.96,-70.887
6439.45,-72.968
6439.94,-75.423
6440.43,-71.241
6440.92,-72.835
6441.41,-72.351
6441.89,-72.810
6442.38,-71.317
6442.87,-71.854
6443.36,-73.501
6443.85,-71.667
6444.34,-72.163
6444.82,-71.230
6445.31,-72.115
6445.80,-72.508
6446.29,-72.848
6446.78,-72.376
6447.27,-73.274
6447.75,-71.447
6448.24,-73.268
6448.73,-72.433
6449.22,-71.478
6449.71,-71.713
6450.20,-72.889
6450.68,-71.312
6451.17,-72.746
6451.66,-74.354
6452.15,-72.372
6452.64,-73.523
6453.12,-72.022
6453.61,-72.102
6454.10,-71.208
6454.59,-72.144
6455.08,-72.050
6455.57,-71.222
6456.05,-71.730
6456.54,-73.110
6457.03,-72.374
6457.52,-71.495
6458.01,-71.857
6458.50,-71.181
6458.98,-70.512
6459.47,-72.521
6459.96,-72.344
6460.45,-71.741
6460.94,-72.362
6461.43,-71.090
6461.91,-71.140
6462.40,-71.669
6462.89,-74.139
6463.38,-72.221
6463.87,-69.517
6464.36,-71.458
6464.84,-71.112
6465.33,-71.152
6465.82,-70.055
6466.31,-71.413
6466.80,-71.066
6467.29,-71.828
6467.77,-71.166
6468.26,-70.815
6468.75,-71.839
6469.24,-71.497
6469.73,-71.391
6470.21,-71.927
6470.70,-72.827
6471.19,-70.555
6471.68,-72.614
6472.17,-73.097
6472.66,-72.404
6473.14,-74.269
6473.63,-72.486
6474.12,-73.245
6474.61,-72.410
6475.10,-71.123
6475.59,-71.843
6476.07,-71.741
6476.56,-70.945
6477.05,-71.961
6477.54,-71.119
6478.03,-71.647
6478.52,-72.035
6479.00,-72.647
6479.49,-71.350
6479.98,-72.411
6480.47,-71.637
6480.96,-72.469
6481.45,-70.659
6481.93,-70.037
6482.42,-72.153
6482.91,-70.750
6483.40,-72.015
6483.89,-71.802
6484.38,-72.723
6484.86,-70.248
6485.35,-70.464
6485.84,-70.017
6486.33,-71.479
6486.82,-72.909
6487.30,-72.087
6487.79,-71.617
6488.28,-71.247
6488.77,-71.724
6489.26,-71.975
6489.75,-72.521
6490.23,-71.021
6490.72,-71.712
6491.21,-71.865
6491.70,-72.095
6492.19,-71.557
6492.68,-72.330
6493.16,-70.706
6493.65,-72.064
6494.14,-71.513
6494.63,-72.549
6495.12,-72.176
6495.61,-70.809
6496.09,-71.653
6496.58,-71.789
6497.07,-72.462
6497.56,-72.078
6498.05,-72.975
6498.54,-72.944
6499.02,-72.887
6499.51,-72.268
6500.00,-70.507
6500.49,-71.570
6500.98,-73.169
6501.46,-72.248
6501.95,-71.149
6502.44,-71.438
6502.93,-72.312
6503.42,-72.334
6503.91,-72.674
6504.39,-71.819
6504.88,-70.498
6505.37,-72.352
6505.86,-72.972
6506.35,-73.939
6506.84,-71.091
6507.32,-72.633
6507.81,-70.636
6508.30,-72.352
6508.79,-71.799
6509.28,-72.821
6509.77,-73.612
6510.25,-73.048
6510.74,-74.504
6511.23,-74.215
6511.72,-73.503
6512.21,-74.557
6512.70,-73.373
6513.18,-72.916
6513.67,-71.820
6514.16,-72.751
6514.65,-73.766
6515.14,-73.459
6515.62,-73.374
6516.11,-73.665
6516.60,-73.054
6517.09,-71.915
6517.58,-73.034
6518.07,-72.701
6518.55,-72.233
6519.04,-73.196
6519.53,-73.585
6520.02,-73.722
6520.51,-73.535
6521.00,-74.004
6521.48,-72.426
6521.97,-73.142
6522.46,-72.606
6522.95,-72.066
6523.44,-73.080
6523.93,-73.810
6524.41,-74.151
6524.90,-73.300
6525.39,-73.965
6525.88,-74.635
6526.37,-72.912
6526.86,-73.081
6527.34,-73.451
6527.83,-72.572
6528.32,-72.829
6528.81,-73.486
6529.30,-74.184
6529.79,-74.876
6530.27,-74.628
6530.76,-73.083
6531.25,-74.741
6531.74,-75.810
6532.23,-73.492
6532.71,-75.762
6533.20,-74.871
6533.69,-73.821
6534.18,-74.173
6534.67,-74.367
6535.16,-74.962
6535.64,-74.765
6536.13,-74.781
6536.62,-75.507
6537.11,-75.422
6537.60,-75.666
6538.09,-73.494
6538.57,-74.657
6539.06,-75.385
6539.55,-74.103
6540.04,-73.478
6540.53,-75.480
6541.02,-75.390
6541.50,-76.166
6541.99,-75.434
6542.48,-77.128
6542.97,-75.908
6543.46,-74.599
6543.95,-75.117
6544.43,-75.897
6544.92,-75.781
6545.41,-74.738
6545.90,-76.179
6546.39,-76.928
6546.88,-74.854
6547.36,-76.098
6547.85,-75.971
6548.34,-75.663
6548.83,-76.655
6549.32,-77.283
6549.80,-76.340
6550.29,-76.573
6550.78,-76.494
6551.27,-75.905
6551.76,-76.536
6552.25,-76.310
6552.73,-76.471
6553.22,-75.200
6553.71,-76.135
6554.20,-76.408
6554.69,-75.003
6555.18,-74.920
6555.66,-75.033
6556.15,-76.236
6556.64,-75.806
6557.13,-77.487
6557.62,-77.646
6558.11,-75.997
6558.59,-75.328
6559.08,-76.907
6559.57,-77.300
6560.06,-77.649
6560.55,-76.919
6561.04,-79.049
6561.52,-75.050
6562.01,-76.009
6562.50,-77.509
6562.99,-75.733
6563.48,-77.029
6563.96,-78.158
6564.45,-77.124
6564.94,-76.749
6565.43,-77.033
6565.92,-76.377
6566.41,-77.050
6566.89,-76.766
6567.38,-77.042
6567.87,-78.268
6568.36,-77.755
6568.85,-76.300
6569.34,-76.746
6569.82,-78.333
6570.31,-76.225
6570.80,-77.793
6571.29,-78.706
6571.78,-77.044
6572.27,-78.704
6572.75,-77.576
6573.24,-77.947
6573.73,-78.028
6574.22,-79.579
6574.71,-78.789
6575.20,-77.609
6575.68,-76.715
6576.17,-77.675
6576.66,-77.924
6577.15,-76.001
6577.64,-77.004
6578.12,-78.038
6578.61,-78.970
6579.10,-78.215
6579.59,-77.024
6580.08,-76.438
6580.57,-79.531
6581.05,-79.203
6581.54,-79.052
6582.03,-79.309
6582.52,-80.324
6583.01,-79.411
6583.50,-79.166
6583.98,-80.012
6584.47,-79.423
6584.96,-77.563
6585.45,-78.072
6585.94,-77.739
6586.43,-78.588
6586.91,-78.276
6587.40,-78.194
6587.89,-79.081
6588.38,-79.430
6588.87,-79.028
6589.36,-78.162
6589.84,-80.063
6590.33,-78.963
6590.82,-78.370
6591.31,-77.956
6591.80,-78.421
6592.29,-78.709
6592.77,-80.316
6593.26,-80.676
6593.75,-79.636
6594.24,-80.347
6594.73,-78.460
6595.21,-79.583
6595.70,-79.794
6596.19,-79.083
6596.68,-79.699
6597.17,-79.702
6597.66,-78.209
6598.14,-79.041
6598.63,-82.053
6599.12,-81.833
6599.61,-81.129
6600.10,-80.134
6600.59,-80.979
6601.07,-78.467
6601.56,-78.794
6602.05,-78.674
6602.54,-78.173
6603.03,-78.802
6603.52,-80.321
6604.00,-79.516
6604.49,-79.044
6604.98,-79.674
6605.47,-77.791
6605.96,-78.790
6606.45,-78.329
6606.93,-79.867
6607.42,-80.142
6607.91,-79.004
6608.40,-80.240
6608.89,-80.389
6609.38,-79.471
6609.86,-78.200
6610.35,-78.066
6610.84,-81.316
6611.33,-78.834
6611.82,-78.950
6612.30,-79.078
6612.79,-80.124
6613.28,-81.953
6613.77,-79.246
6614.26,-80.906
6614.75,-79.399
6615.23,-78.766
6615.72,-79.392
6616.21,-79.747
6616.70,-79.596
6617.19,-80.372
6617.68,-79.844
6618.16,-78.817
6618.65,-80.628
6619.14,-79.368
6619.63,-79.812
6620.12,-79.132
6620.61,-79.135
6621.09,-80.367
6621.58,-80.669
6622.07,-82.209
6622.56,-80.956
6623.05,-80.556
6623.54,-80.040
6624.02,-79.195
6624.51,-78.218
6625.00,-80.636
6625.49,-83.724
6625.98,-78.985
6626.46,-81.309
6626.95,-81.627
6627.44,-80.047
6627.93,-80.043
6628.42,-82.140
6628.91,-80.273
6629.39,-81.560
6629.88,-81.551
6630.37,-80.306
6630.86,-81.469
6631.35,-82.261
6631.84,-79.505
6632.32,-81.800
6632.81,-80.516
6633.30,-81.110
6633.79,-80.519
6634.28,-82.405
6634.77,-80.336
6635.25,-81.554
6635.74,-80.251
6636.23,-82.133
6636.72,-80.568
6637.21,-81.584
6637.70,-79.445
6638.18,-81.456
6638.67,-83.474
6639.16,-81.943
6639.65,-80.676
6640.14,-82.993
6640.62,-81.234
6641.11,-82.101
6641.60,-81.778
6642.09,-81.905
6642.58,-81.665
6643.07,-82.067
6643.55,-83.336
6644.04,-81.861
6644.53,-82.386
6645.02,-82.901
6645.51,-82.530
6646.00,-82.483
6646.48,-82.622
6646.97,-79.464
6647.46,-81.887
6647.95,-83.008
6648.44,-80.289
6648.93,-81.355
6649.41,-81.697
6649.90,-82.814
6650.39,-82.686
6650.88,-80.559
6651.37,-80.174
6651.86,-80.458
6652.34,-81.972
6652.83,-81.923
6653.32,-81.432
6653.81,-81.781
6654.30,-82.371
6654.79,-84.232
6655.27,-82.855
6655.76,-81.688
6656.25,-84.102
6656.74,-83.798
6657.23,-81.741
6657.71,-83.093
6658.20,-82.927
6658.69,-81.229
6659.18,-83.485
6659.67,-81.885
6660.16,-82.439
6660.64,-82.299
6661.13,-82.196
6661.62,-84.257
6662.11,-83.538
6662.60,-83.047
6663.09,-81.499
6663.57,-82.231
6664.06,-83.626
6664.55,-83.587
6665.04,-81.011
6665.53,-82.525
6666.02,-83.397
6666.50,-83.422
6666.99,-82.340
6667.48,-83.266
6667.97,-81.533
6668.46,-82.715
6668.95,-84.788
6669.43,-81.745
6669.92,-82.573
6670.41,-81.584
6670.90,-82.223
6671.39,-83.387
6671.88,-82.324
6672.36,-83.934
6672.85,-83.693
6673.34,-82.549
6673.83,-83.151
6674.32,-82.888
6674.80,-83.168
6675.29,-82.453
6675.78,-84.885
6676.27,-82.638
6676.76,-82.259
6677.25,-83.218
6677.73,-82.855
6678.22,-81.600
6678.71,-81.967
6679.20,-82.280
6679.69,-82.091
6680.18,-83.364
6680.66,-81.500
6681.15,-83.068
6681.64,-82.059
6682.13,-82.311
6682.62,-83.179
6683.11,-85.656
6683.59,-82.956
6684.08,-82.707
6684.57,-83.240
6685.06,-83.858
6685.55,-82.757
6686.04,-83.373
6686.52,-84.456
6687.01,-83.305
6687.50,-83.933
6687.99,-83.026
6688.48,-82.262
6688.96,-83.124
6689.45,-84.913
6689.94,-85.236
6690.43,-83.371
6690.92,-82.854
6691.41,-84.146
6691.89,-83.841
6692.38,-84.343
6692.87,-82.330
6693.36,-84.485
6693.85,-84.649
6694.34,-84.461
6694.82,-84.502
6695.31,-83.772
6695.80,-84.075
6696.29,-84.762
6696.78,-83.407
6697.27,-83.524
6697.75,-84.833
6698.24,-83.857
6698.73,-83.767
6699.22,-84.316
6699.71,-84.643
6700.20,-84.206
6700.68,-85.065
6701.17,-83.434
6701.66,-84.656
6702.15,-85.305
6702.64,-84.214
6703.12,-84.964
6703.61,-83.430
6704.10,-83.453
6704.59,-85.169
6705.08,-84.920
6705.57,-82.992
6706.05,-84.757
6706.54,-84.227
6707.03,-83.823
6707.52,-83.424
6708.01,-83.332
6708.50,-83.737
6708.98,-84.689
6709.47,-84.355
6709.96,-84.173
6710.45,-84.998
6710.94,-84.560
6711.43,-83.987
6711.91,-84.077
6712.40,-83.784
6712.89,-83.939
6713.38,-84.698
6713.87,-84.398
6714.36,-83.558
6714.84,-84.916
6715.33,-83.155
6715.82,-84.151
6716.31,-83.884
6716.80,-83.870
6717.29,-83.245
6717.77,-83.347
6718.26,-84.213
6718.75,-84.203
6719.24,-84.129
6719.73,-83.632
6720.21,-84.682
6720.70,-82.670
6721.19,-84.554
6721.68,-85.908
6722.17,-85.254
6722.66,-85.287
6723.14,-84.042
6723.63,-83.929
6724.12,-84.807
6724.61,-84.470
6725.10,-84.259
6725.59,-83.943
6726.07,-85.029
6726.56,-84.091
6727.05,-85.248
6727.54,-85.694
6728.03,-85.103
6728.52,-86.210
6729.00,-83.352
6729.49,-84.788
6729.98,-84.119
6730.47,-84.974
6730.96,-84.700
6731.45,-84.569
6731.93,-84.167
6732.42,-85.168
6732.91,-84.771
6733.40,-85.030
6733.89,-84.335
6734.38,-84.423
6734.86,-84.940
6735.35,-85.099
6735.84,-84.229
6736.33,-85.016
6736.82,-85.443
6737.30,-86.729
6737.79,-85.936
6738.28,-85.397
6738.77,-85.268
6739.26,-85.915
6739.75,-85.943
6740.23,-85.561
6740.72,-86.431
6741.21,-85.449
6741.70,-85.047
6742.19,-83.892
6742.68,-83.501
6743.16,-84.935
6743.65,-85.511
6744.14,-84.952
6744.63,-86.427
6745.12,-85.710
6745.61,-87.946
6746.09,-87.248
6746.58,-84.441
6747.07,-84.755
6747.56,-84.835
6748.05,-83.962
6748.54,-85.256
6749.02,-84.638
6749.51,-84.509
6750.00,-86.278
6750.49,-86.211
6750.98,-85.085
6751.46,-85.283
6751.95,-84.859
6752.44,-85.078
6752.93,-85.902
6753.42,-85.731
6753.91,-87.032
6754.39,-85.375
6754.88,-84.665
6755.37,-85.849
6755.86,-85.281
6756.35,-86.053
6756.84,-86.124
6757.32,-85.836
6757.81,-86.065
6758.30,-84.871
6758.79,-84.889
6759.28,-84.578
6759.77,-85.079
6760.25,-82.278
6760.74,-85.639
6761.23,-88.591
6761.72,-86.656
6762.21,-88.201
6762.70,-86.488
6763.18,-87.212
6763.67,-86.846
6764.16,-85.829
6764.65,-87.000
6765.14,-84.801
6765.62,-85.198
6766.11,-86.201
6766.60,-86.871
6767.09,-85.492
6767.58,-88.125
6768.07,-85.947
6768.55,-85.846
6769.04,-84.448
6769.53,-87.021
6770.02,-84.168
6770.51,-85.976
6771.00,-85.819
6771.48,-85.630
6771.97,-86.358
6772.46,-84.782
6772.95,-83.982
6773.44,-86.736
6773.93,-86.057
6774.41,-86.205
6774.90,-87.780
6775.39,-87.033
6775.88,-84.998
6776.37,-84.011
6776.86,-84.830
6777.34,-85.443
6777.83,-85.020
6778.32,-86.613
6778.81,-86.378
6779.30,-87.110
6779.79,-85.822
6780.27,-86.978
6780.76,-85.284
6781.25,-86.502
6781.74,-85.939
6782.23,-85.405
6782.71,-85.667
6783.20,-85.623
6783.69,-85.950
6784.18,-86.060
6784.67,-85.821
6785.16,-86.372
6785.64,-86.674
6786.13,-83.980
6786.62,-86.762
6787.11,-85.513
6787.60,-86.089
6788.09,-84.322
6788.57,-86.946
6789.06,-87.805
6789.55,-85.835
6790.04,-86.499
6790.53,-84.971
6791.02,-87.226
6791.50,-86.241
6791.99,-87.557
6792.48,-86.776
6792.97,-85.202
6793.46,-86.627
6793.95,-85.839
6794.43,-85.539
6794.92,-85.855
6795.41,-85.454
6795.90,-86.427
6796.39,-85.699
6796.88,-86.841
6797.36,-85.211
6797.85,-84.809
6798.34,-87.491
6798.83,-87.025
6799.32,-86.674
6799.80,-85.485
6800.29,-85.712
6800.78,-85.836
6801.27,-86.203
6801.76,-86.903
6802.25,-87.046
6802.73,-86.095
6803.22,-86.166
6803.71,-87.367
6804.20,-86.991
6804.69,-85.664
6805.18,-85.532
6805.66,-86.898
6806.15,-86.015
6806.64,-85.354
6807.13,-86.782
6807.62,-86.293
6808.11,-88.528
6808.59,-86.998
6809.08,-85.602
6809.57,-85.711
6810.06,-84.632
6810.55,-84.221
6811.04,-85.307
6811.52,-87.073
6812.01,-87.238
6812.50,-85.621
6812.99,-87.185
6813.48,-86.318
6813.96,-87.021
6814.45,-86.307
6814.94,-86.481
6815.43,-86.534
6815.92,-87.300
6816.41,-87.818
6816.89,-86.764
6817.38,-85.924
6817.87,-86.940
6818.36,-86.647
6818.85,-84.991
6819.34,-86.115
6819.82,-85.174
6820.31,-86.441
6820.80,-86.266
6821.29,-87.627
6821.78,-88.466
6822.27,-85.712
6822.75,-87.460
6823.24,-85.229
6823.73,-86.737
6824.22,-87.412
6824.71,-87.761
6825.20,-86.905
6825.68,-87.060
6826.17,-87.915
6826.66,-87.233
6827.15,-87.819
6827.64,-86.738
6828.12,-86.753
6828.61,-86.661
6829.10,-86.294
6829.59,-85.050
6830.08,-85.297
6830.57,-86.251
6831.05,-84.522
6831.54,-86.551
6832.03,-85.580
6832.52,-85.259
6833.01,-85.865
6833.50,-85.528
6833.98,-86.530
6834.47,-87.710
6834.96,-87.271
6835.45,-86.145
6835.94,-85.356
6836.43,-87.570
6836.91,-86.824
6837.40,-86.948
6837.89,-87.499
6838.38,-87.090
6838.87,-88.256
6839.36,-87.000
6839.84,-86.759
6840.33,-86.283
6840.82,-88.178
6841.31,-86.117
6841.80,-85.595
6842.29,-85.662
6842.77,-84.768
6843.26,-85.368
6843.75,-86.594
6844.24,-87.776
6844.73,-87.015
6845.21,-86.139
6845.70,-86.621
6846.19,-87.126
6846.68,-86.063
6847.17,-84.098
6847.66,-85.058
6848.14,-86.950
6848.63,-85.585
6849.12,-85.493
6849.61,-87.017
6850.10,-85.706
6850.59,-86.005
6851.07,-86.026
6851.56,-84.872
6852.05,-85.613
6852.54,-85.138
6853.03,-87.717
6853.52,-88.551
6854.00,-86.418
6854.49,-86.614
6854.98,-86.159
6855.47,-85.850
6855.96,-86.158
6856.45,-86.248
6856.93,-84.636
6857.42,-85.788
6857.91,-87.214
6858.40,-86.048
6858.89,-85.013
6859.38,-87.960
6859.86,-86.115
6860.35,-86.372
6860.84,-86.642
6861.33,-85.826
6861.82,-86.215
6862.30,-84.984
6862.79,-87.697
6863.28,-85.364
6863.77,-86.186
6864.26,-86.558
6864.75,-86.591
6865.23,-85.531
6865.72,-86.126
6866.21,-86.269
6866.70,-86.352
6867.19,-86.828
6867.68,-85.841
6868.16,-85.404
6868.65,-84.658
6869.14,-85.064
6869.63,-86.646
6870.12,-86.177
6870.61,-85.505
6871.09,-85.779
6871.58,-85.910
6872.07,-87.539
6872.56,-87.277
6873.05,-86.265
6873.54,-84.308
6874.02,-84.366
6874.51,-85.473
6875.00,-85.885
6875.49,-85.956
6875.98,-86.727
6876.46,-85.423
6876.95,-86.154
6877.44,-85.287
6877.93,-85.137
6878.42,-86.069
6878.91,-84.878
6879.39,-85.520
6879.88,-85.484
6880.37,-85.516
6880.86,-84.478
6881.35,-85.289
6881.84,-86.502
6882.32,-87.015
6882.81,-86.595
6883.30,-85.426
6883.79,-85.889
6884.28,-87.093
6884.77,-85.622
6885.25,-84.656
6885.74,-86.256
6886.23,-85.875
6886.72,-85.945
6887.21,-87.230
6887.70,-86.284
6888.18,-83.247
6888.67,-86.644
6889.16,-86.227
6889.65,-85.471
6890.14,-84.443
6890.62,-85.735
6891.11,-86.651
6891.60,-86.894
6892.09,-84.851
6892.58,-83.266
6893.07,-86.230
6893.55,-85.144
6894.04,-85.096
6894.53,-86.489
6895.02,-85.079
6895.51,-84.708
6896.00,-85.030
6896.48,-85.667
6896.97,-85.924
6897.46,-86.645
6897.95,-86.450
6898.44,-85.398
6898.93,-84.815
6899.41,-84.963
6899.90,-84.635
6900.39,-86.157
6900.88,-86.071
6901.37,-84.629
6901.86,-85.502
6902.34,-86.508
6902.83,-87.104
6903.32,-87.028
6903.81,-86.617
6904.30,-85.101
6904.79,-87.444
6905.27,-86.553
6905.76,-85.855
6906.25,-84.227
6906.74,-84.946
6907.23,-85.258
6907.71,-86.840
6908.20,-85.679
6908.69,-86.309
6909.18,-86.367
6909.67,-85.910
6910.16,-86.453
6910.64,-86.395
6911.13,-86.662
6911.62,-85.817
6912.11,-86.285
6912.60,-85.074
6913.09,-84.673
6913.57,-86.024
6914.06,-86.414
6914.55,-85.802
6915.04,-85.618
6915.53,-85.061
6916.02,-86.598
6916.50,-85.920
6916.99,-85.766
6917.48,-86.104
6917.97,-88.043
6918.46,-86.764
6918.95,-85.772
6919.43,-85.098
6919.92,-84.596
6920.41,-87.437
6920.90,-86.918
6921.39,-86.461
6921.88,-85.036
6922.36,-84.565
6922.85,-85.240
6923.34,-85.450
6923.83,-84.468
6924.32,-83.981
6924.80,-84.390
6925.29,-84.895
6925.78,-85.436
6926.27,-85.103
6926.76,-86.592
6927.25,-85.076
6927.73,-84.686
6928.22,-85.241
6928.71,-85.401
6929.20,-85.227
6929.69,-86.480
6930.18,-85.665
6930.66,-86.252
6931.15,-85.981
6931.64,-86.861
6932.13,-85.540
6932.62,-86.011
6933.11,-87.088
6933.59,-85.512
6934.08,-89.014
6934.57,-86.372
6935.06,-84.978
6935.55,-86.741
6936.04,-87.544
6936.52,-86.289
6937.01,-85.873
6937.50,-85.421
6937.99,-85.355
6938.48,-84.691
6938.96,-85.955
6939.45,-85.200
6939.94,-86.757
6940.43,-87.413
6940.92,-87.191
6941.41,-87.531
6941.89,-85.433
6942.38,-86.526
6942.87,-86.155
6943.36,-86.932
6943.85,-85.172
6944.34,-87.254
6944.82,-87.714
6945.31,-86.946
6945.80,-86.023
6946.29,-86.639
6946.78,-87.994
6947.27,-86.817
6947.75,-86.781
6948.24,-87.872
6948.73,-85.945
6949.22,-86.361
6949.71,-87.266
6950.20,-85.848
6950.68,-88.711
6951.17,-88.121
6951.66,-87.784
6952.15,-87.240
6952.64,-88.115
6953.12,-86.521
6953.61,-85.463
6954.10,-87.765
6954.59,-88.085
6955.08,-88.167
6955.57,-87.297
6956.05,-87.716
6956.54,-86.131
6957.03,-87.611
6957.52,-87.966
6958.01,-85.861
6958.50,-87.087
6958.98,-87.829
6959.47,-87.530
6959.96,-89.272
6960.45,-87.792
6960.94,-87.388
6961.43,-85.207
6961.91,-86.741
6962.40,-88.351
6962.89,-86.068
6963.38,-87.708
6963.87,-88.044
6964.36,-89.107
6964.84,-88.332
6965.33,-88.691
6965.82,-89.336
6966.31,-87.374
6966.80,-88.441
6967.29,-87.556
6967.77,-88.880
6968.26,-86.971
6968.75,-87.882
6969.24,-87.581
6969.73,-87.370
6970.21,-87.918
6970.70,-87.074
6971.19,-87.954
6971.68,-87.799
6972.17,-89.187
6972.66,-89.032
6973.14,-87.707
6973.63,-88.683
6974.12,-87.865
6974.61,-88.844
6975.10,-89.051
6975.59,-87.703
6976.07,-87.490
6976.56,-87.742
6977.05,-88.313
6977.54,-88.180
6978.03,-89.012
6978.52,-89.234
6979.00,-88.156
6979.49,-86.963
6979.98,-88.395
6980.47,-88.635
6980.96,-88.313
6981.45,-90.344
6981.93,-87.527
6982.42,-88.229
6982.91,-87.782
6983.40,-91.845
6983.89,-89.990
6984.38,-88.572
6984.86,-90.483
6985.35,-90.383
6985.84,-88.815
6986.33,-89.062
6986.82,-89.876
6987.30,-90.109
6987.79,-89.906
6988.28,-87.151
6988.77,-88.788
6989.26,-89.494
6989.75,-90.579
6990.23,-89.730
6990.72,-90.366
6991.21,-90.543
6991.70,-91.561
6992.19,-91.319
6992.68,-91.326
6993.16,-89.981
6993.65,-89.188
6994.14,-88.183
6994.63,-91.185
6995.12,-90.789
6995.61,-90.335
6996.09,-90.765
6996.58,-91.387
6997.07,-92.005
6997.56,-92.660
6998.05,-92.060
6998.54,-91.826
6999.02,-90.226
6999.51,-91.817
7000.00,-91.420
7000.49,-90.331
7000.98,-91.019
7001.46,-90.712
7001.95,-91.029
7002.44,-92.177
7002.93,-91.629
7003.42,-92.942
7003.91,-91.981
7004.39,-91.796
7004.88,-91.727
7005.37,-91.643
7005.86,-92.717
7006.35,-93.292
7006.84,-91.861
7007.32,-91.256
7007.81,-92.858
7008.30,-90.788
7008.79,-90.360
7009.28,-92.180
7009.77,-92.245
7010.25,-92.100
7010.74,-93.032
7011.23,-93.132
7011.72,-91.852
7012.21,-92.560
7012.70,-92.526
7013.18,-93.215
7013.67,-92.746
7014.16,-94.251
7014.65,-92.640
7015.14,-91.394
7015.62,-92.928
7016.11,-92.923
7016.60,-91.757
7017.09,-92.776
7017.58,-92.161
7018.07,-94.768
7018.55,-93.612
7019.04,-93.428
7019.53,-93.165
7020.02,-92.863
7020.51,-94.095
7021.00,-94.610
7021.48,-93.275
7021.97,-93.595
7022.46,-94.721
7022.95,-93.671
7023.44,-94.506
7023.93,-93.952
7024.41,-93.618
7024.90,-91.917
7025.39,-93.994
7025.88,-95.083
7026.37,-94.347
7026.86,-94.514
7027.34,-92.961
7027.83,-93.798
7028.32,-92.791
7028.81,-94.101
7029.30,-96.228
7029.79,-93.873
7030.27,-94.636
7030.76,-94.821
7031.25,-94.820
7031.74,-92.930
7032.23,-96.175
7032.71,-95.711
7033.20,-94.089
7033.69,-93.469
7034.18,-94.898
7034.67,-94.557
7035.16,-95.240
7035.64,-95.791
7036.13,-94.925
7036.62,-94.313
7037.11,-94.103
7037.60,-93.438
7038.09,-95.793
7038.57,-96.754
7039.06,-96.677
7039.55,-96.288
7040.04,-94.949
7040.53,-93.352
7041.02,-96.089
7041.50,-95.069
7041.99,-94.456
7042.48,-96.144
7042.97,-95.619
7043.46,-96.636
7043.95,-96.689
7044.43,-96.228
7044.92,-95.115
7045.41,-96.514
7045.90,-96.524
7046.39,-97.247
7046.88,-97.222
7047.36,-94.915
7047.85,-96.022
7048.34,-95.346
7048.83,-97.048
7049.32,-96.790
7049.80,-96.637
7050.29,-96.697
7050.78,-98.087
7051.27,-96.983
7051.76,-96.752
7052.25,-96.397
7052.73,-96.364
7053.22,-97.205
7053.71,-96.388
7054.20,-97.224
7054.69,-97.447
7055.18,-98.271
7055.66,-95.536
7056.15,-97.044
7056.64,-96.904
7057.13,-97.622
7057.62,-98.190
7058.11,-97.142
7058.59,-96.200
7059.08,-96.797
7059.57,-96.932
7060.06,-96.709
7060.55,-97.351
7061.04,-98.199
7061.52,-98.486
7062.01,-97.420
7062.50,-98.622
7062.99,-97.654
7063.48,-97.069
7063.96,-97.562
7064.45,-97.685
7064.94,-98.100
7065.43,-98.053
7065.92,-97.544
7066.41,-98.470
7066.89,-98.157
7067.38,-99.648
7067.87,-98.053
7068.36,-97.884
7068.85,-97.573
7069.34,-98.012
7069.82,-95.821
7070.31,-98.396
7070.80,-99.792
7071.29,-99.308
7071.78,-99.450
7072.27,-98.824
7072.75,-99.446
7073.24,-98.353
7073.73,-97.423
7074.22,-99.298
7074.71,-98.692
7075.20,-98.670
7075.68,-98.849
7076.17,-98.166
7076.66,-97.756
7077.15,-98.635
7077.64,-98.374
7078.12,-99.052
7078.61,-100.807
7079.10,-100.355
7079.59,-98.852
7080.08,-98.592
7080.57,-98.480
7081.05,-99.189
7081.54,-99.732
7082.03,-100.131
7082.52,-99.702
7083.01,-99.902
7083.50,-99.563
7083.98,-100.988
7084.47,-99.642
7084.96,-99.854
7085.45,-99.130
7085.94,-99.410
7086.43,-100.712
7086.91,-99.118
7087.40,-100.322
7087.89,-101.303
7088.38,-98.366
7088.87,-99.934
7089.36,-99.856
7089.84,-100.864
7090.33,-101.128
7090.82,-99.410
7091.31,-100.624
7091.80,-100.588
7092.29,-101.444
7092.77,-99.989
7093.26,-101.567
7093.75,-99.856
7094.24,-100.551
7094.73,-99.144
7095.21,-101.083
7095.70,-101.559
7096.19,-98.436
7096.68,-101.523
7097.17,-101.338
7097.66,-100.689
7098.14,-101.486
7098.63,-99.997
7099.12,-100.704
7099.61,-100.362
7100.10,-100.906
7100.59,-101.353
7101.07,-101.131
7101.56,-99.283
7102.05,-101.691
7102.54,-100.444
7103.03,-101.445
7103.52,-101.338
7104.00,-101.725
7104.49,-103.591
7104.98,-100.543
7105.47,-101.623
7105.96,-101.787
7106.45,-101.889
7106.93,-102.116
7107.42,-102.333
7107.91,-102.222
7108.40,-101.481
7108.89,-101.156
7109.38,-101.696
7109.86,-102.223
7110.35,-100.919
7110.84,-101.299
7111.33,-102.436
7111.82,-101.322
7112.30,-102.074
7112.79,-101.572
7113.28,-102.466
7113.77,-101.684
7114.26,-102.159
7114.75,-103.381
7115.23,-101.870
7115.72,-102.335
7116.21,-101.974
7116.70,-101.893
7117.19,-102.183
7117.68,-101.499
7118.16,-101.941
7118.65,-102.299
7119.14,-103.022
7119.63,-101.597
7120.12,-102.142
7120.61,-101.126
7121.09,-101.573
7121.58,-101.482
7122.07,-101.574
7122.56,-102.141
7123.05,-103.245
7123.54,-101.160
7124.02,-101.915
7124.51,-101.639
7125.00,-102.131
7125.49,-102.089
7125.98,-103.568
7126.46,-102.614
7126.95,-102.968
7127.44,-102.553
7127.93,-102.541
7128.42,-102.475
7128.91,-101.708
7129.39,-102.233
7129.88,-102.735
7130.37,-101.078
7130.86,-103.179
7131.35,-101.675
7131.84,-102.098
7132.32,-102.888
7132.81,-102.942
7133.30,-103.169
7133.79,-102.861
7134.28,-102.420
7134.77,-103.538
7135.25,-103.642
7135.74,-102.890
7136.23,-103.616
7136.72,-102.855
7137.21,-103.200
7137.70,-103.423
7138.18,-103.073
7138.67,-102.269
7139.16,-103.184
7139.65,-104.462
7140.14,-103.890
7140.62,-103.423
7141.11,-103.443
7141.60,-101.759
7142.09,-102.821
7142.58,-104.134
7143.07,-103.269
7143.55,-104.492
7144.04,-104.678
7144.53,-104.064
7145.02,-104.073
7145.51,-103.894
7146.00,-103.635
7146.48,-104.027
7146.97,-104.294
7147.46,-104.720
7147.95,-103.695
7148.44,-103.039
7148.93,-103.566
7149.41,-104.437
7149.90,-103.749
7150.39,-103.768
7150.88,-104.488
7151.37,-104.673
7151.86,-104.434
7152.34,-103.455
7152.83,-103.912
7153.32,-104.610
7153.81,-103.484
7154.30,-104.156
7154.79,-104.373
7155.27,-104.508
7155.76,-103.606
7156.25,-104.670
7156.74,-104.637
7157.23,-103.774
7157.71,-104.143
7158.20,-103.889
7158.69,-103.538
7159.18,-104.931
7159.67,-104.481
7160.16,-104.902
7160.64,-104.432
7161.13,-103.259
7161.62,-104.041
7162.11,-104.631
7162.60,-105.479
7163.09,-105.079
7163.57,-104.972
7164.06,-104.740
7164.55,-104.398
7165.04,-104.521
7165.53,-104.460
7166.02,-104.952
7166.50,-105.348
7166.99,-105.341
7167.48,-104.347
7167.97,-104.674
7168.46,-105.253
7168.95,-104.186
7169.43,-104.603
7169.92,-105.491
7170.41,-104.389
7170.90,-104.785
7171.39,-104.559
7171.88,-105.704
7172.36,-104.847
7172.85,-105.113
7173.34,-105.293
7173.83,-104.790
7174.32,-104.103
7174.80,-105.327
7175.29,-104.233
7175.78,-105.580
7176.27,-103.897
7176.76,-106.781
7177.25,-105.444
7177.73,-105.041
7178.22,-104.974
7178.71,-104.870
7179.20,-103.975
7179.69,-104.828
7180.18,-106.034
7180.66,-105.060
7181.15,-105.664
7181.64,-105.429
7182.13,-106.480
7182.62,-105.912
7183.11,-106.996
7183.59,-105.601
7184.08,-104.780
7184.57,-104.958
7185.06,-105.996
7185.55,-104.674
7186.04,-104.879
7186.52,-104.506
7187.01,-104.738
7187.50,-106.473
7187.99,-106.089
7188.48,-105.249
7188.96,-105.155
7189.45,-104.997
7189.94,-106.137
7190.43,-105.845
7190.92,-105.978
7191.41,-106.649
7191.89,-105.082
7192.38,-105.625
7192.87,-105.055
7193.36,-105.716
7193.85,-106.330
7194.34,-106.081
7194.82,-105.989
7195.31,-106.592
7195.80,-105.589
7196.29,-105.849
7196.78,-106.032
7197.27,-105.714
7197.75,-105.558
7198.24,-105.467
7198.73,-106.269
7199.22,-105.725
7199.71,-106.093
7200.20,-106.020
7200.68,-105.641
7201.17,-106.422
7201.66,-106.052
7202.15,-105.629
7202.64,-105.995
7203.12,-106.008
7203.61,-106.390
7204.10,-106.833
7204.59,-106.091
7205.08,-106.314
7205.57,-105.649
7206.05,-105.994
7206.54,-107.254
7207.03,-106.062
7207.52,-105.959
7208.01,-106.307
7208.50,-105.382
7208.98,-106.404
7209.47,-107.514
7209.96,-106.188
7210.45,-107.630
7210.94,-106.657
7211.43,-106.769
7211.91,-105.606
7212.40,-106.616
7212.89,-106.014
7213.38,-106.607
7213.87,-105.701
7214.36,-106.051
7214.84,-107.093
7215.33,-107.411
7215.82,-107.180
7216.31,-107.254
7216.80,-105.872
7217.29,-106.210
7217.77,-106.988
7218.26,-107.672
7218.75,-105.651
7219.24,-106.018
7219.73,-106.973
7220.21,-107.060
7220.70,-106.174
7221.19,-105.667
7221.68,-105.984
7222.17,-106.388
7222.66,-106.366
7223.14,-106.704
7223.63,-106.957
7224.12,-106.155
7224.61,-106.477
7225.10,-106.525
7225.59,-106.645
7226.07,-106.537
7226.56,-106.389
7227.05,-106.418
7227.54,-106.364
7228.03,-105.432
7228.52,-106.906
7229.00,-107.439
7229.49,-106.946
7229.98,-107.094
7230.47,-106.005
7230.96,-106.790
7231.45,-106.471
7231.93,-106.135
7232.42,-106.737
7232.91,-106.601
7233.40,-106.746
7233.89,-106.521
7234.38,-107.338
7234.86,-106.629
7235.35,-107.228
7235.84,-107.421
7236.33,-106.262
7236.82,-106.701
7237.30,-106.433
7237.79,-106.752
7238.28,-106.998
7238.77,-106.812
7239.26,-107.044
7239.75,-106.631
7240.23,-106.939
7240.72,-106.480
7241.21,-107.169
7241.70,-106.980
7242.19,-107.040
7242.68,-107.502
7243.16,-106.699
7243.65,-106.599
7244.14,-106.542
7244.63,-106.909
7245.12,-106.549
7245.61,-107.143
7246.09,-106.694
7246.58,-106.414
7247.07,-107.164
7247.56,-107.114
7248.05,-107.168
7248.54,-107.269
7249.02,-107.493
7249.51,-107.153
7250.00,-106.609
7250.49,-106.929
7250.98,-107.647
7251.46,-107.443
7251.95,-106.526
7252.44,-106.648
7252.93,-107.140
7253.42,-106.972
7253.91,-106.970
7254.39,-106.509
7254.88,-107.555
7255.37,-106.876
7255.86,-107.874
7256.35,-107.148
7256.84,-106.663
7257.32,-106.946
7257.81,-107.391
7258.30,-107.336
7258.79,-107.025
7259.28,-106.813
7259.77,-107.417
7260.25,-107.198
7260.74,-106.896
7261.23,-106.794
7261.72,-106.928
7262.21,-107.888
7262.70,-106.819
7263.18,-107.175
7263.67,-107.219
7264.16,-107.056
7264.65,-107.437
7265.14,-107.235
7265.62,-107.345
7266.11,-107.386
7266.60,-107.368
7267.09,-106.796
7267.58,-106.966
7268.07,-107.016
7268.55,-107.563
7269.04,-106.983
7269.53,-107.190
7270.02,-107.525
7270.51,-107.301
7271.00,-106.856
7271.48,-106.751
7271.97,-107.475
7272.46,-107.533
7272.95,-107.315
7273.44,-106.666
7273.93,-107.980
7274.41,-107.293
7274.90,-107.325
7275.39,-107.795
7275.88,-107.957
7276.37,-107.799
7276.86,-108.019
7277.34,-107.612
7277.83,-107.735
7278.32,-107.302
7278.81,-107.293
7279.30,-107.522
7279.79,-107.122
7280.27,-107.066
7280.76,-107.205
7281.25,-108.226
7281.74,-107.260
7282.23,-107.610
7282.71,-107.129
7283.20,-107.329
7283.69,-107.740
7284.18,-107.101
7284.67,-107.642
7285.16,-107.737
7285.64,-107.569
7286.13,-107.578
7286.62,-108.066
7287.11,-107.842
7287.60,-106.576
7288.09,-107.174
7288.57,-107.232
7289.06,-107.834
7289.55,-107.672
7290.04,-107.250
7290.53,-107.211
7291.02,-107.770
7291.50,-107.663
7291.99,-107.455
7292.48,-107.433
7292.97,-107.728
7293.46,-107.096
7293.95,-107.854
7294.43,-107.269
7294.92,-107.760
7295.41,-107.401
7295.90,-107.542
7296.39,-107.752
7296.88,-108.059
7297.36,-107.558
7297.85,-107.816
7298.34,-107.205
7298.83,-107.161
7299.32,-107.665
7299.80,-107.372
7300.29,-107.124
7300.78,-107.549
7301.27,-107.647
7301.76,-107.800
7302.25,-107.140
7302.73,-108.183
7303.22,-107.551
7303.71,-107.792
7304.20,-108.039
7304.69,-108.001
7305.18,-107.719
7305.66,-107.866
7306.15,-108.073
7306.64,-107.277
7307.13,-107.287
7307.62,-107.710
7308.11,-107.665
7308.59,-107.208
7309.08,-107.113
7309.57,-107.814
7310.06,-108.104
7310.55,-107.471
7311.04,-107.526
7311.52,-107.825
7312.01,-107.707
7312.50,-107.082
7312.99,-107.185
7313.48,-107.484
7313.96,-107.369
7314.45,-107.923
7314.94,-107.777
7315.43,-107.487
7315.92,-107.832
7316.41,-107.741
7316.89,-107.646
7317.38,-107.377
7317.87,-107.398
7318.36,-107.783
7318.85,-107.905
7319.34,-107.733
7319.82,-107.929
7320.31,-107.766
7320.80,-107.853
7321.29,-107.684
7321.78,-107.865
7322.27,-107.801
7322.75,-107.765
7323.24,-107.408
7323.73,-107.767
7324.22,-107.711
7324.71,-107.655
7325.20,-107.680
7325.68,-107.380
7326.17,-107.697
7326.66,-107.927
7327.15,-108.080
7327.64,-107.944
7328.12,-107.303
7328.61,-107.422
7329.10,-107.399
7329.59,-107.487
7330.08,-107.021
7330.57,-108.076
7331.05,-107.811
7331.54,-107.723
7332.03,-108.330
7332.52,-107.745
7333.01,-107.365
7333.50,-107.743
7333.98,-107.634
7334.47,-107.997
7334.96,-108.104
7335.45,-107.881
7335.94,-108.159
7336.43,-108.067
7336.91,-108.071
7337.40,-107.918
7337.89,-107.661
7338.38,-108.120
7338.87,-107.913
7339.36,-107.488
7339.84,-108.342
7340.33,-107.993
7340.82,-107.467
7341.31,-107.748
7341.80,-107.928
7342.29,-107.829
7342.77,-107.780
7343.26,-107.980
7343.75,-108.019
7344.24,-107.822
7344.73,-108.286
7345.21,-107.802
7345.70,-107.760
7346.19,-107.805
7346.68,-107.718
7347.17,-108.006
7347.66,-107.928
7348.14,-107.786
7348.63,-107.814
7349.12,-108.173
7349.61,-108.393
7350.10,-107.856
7350.59,-107.753
7351.07,-108.166
7351.56,-108.025
7352.05,-108.146
7352.54,-108.077
7353.03,-108.019
7353.52,-107.894
7354.00,-108.223
7354.49,-108.114
7354.98,-107.913
7355.47,-108.236
7355.96,-107.903
7356.45,-108.004
7356.93,-107.703
7357.42,-108.156
7357.91,-107.486
7358.40,-108.055
7358.89,-107.916
7359.38,-107.984
7359.86,-107.853
7360.35,-108.147
7360.84,-108.034
7361.33,-107.863
7361.82,-108.249
7362.30,-107.740
7362.79,-107.844
7363.28,-108.081
7363.77,-107.853
7364.26,-108.196
7364.75,-108.342
7365.23,-108.162
7365.72,-107.833
7366.21,-107.763
7366.70,-108.176
7367.19,-108.129
7367.68,-108.007
7368.16,-108.157
7368.65,-108.462
7369.14,-107.471
7369.63,-107.836
7370.12,-107.901
7370.61,-107.895
7371.09,-108.538
7371.58,-107.811
7372.07,-108.009
7372.56,-108.004
7373.05,-107.898
7373.54,-107.930
7374.02,-107.916
7374.51,-107.937
7375.00,-107.770
7375.49,-108.286
7375.98,-108.323
7376.46,-107.970
7376.95,-108.472
7377.44,-107.783
7377.93,-108.484
7378.42,-108.103
7378.91,-108.327
7379.39,-108.222
7379.88,-107.809
7380.37,-108.171
7380.86,-108.211
7381.35,-108.042
7381.84,-108.302
7382.32,-107.915
7382.81,-108.213
7383.30,-108.031
7383.79,-108.110
7384.28,-108.270
7384.77,-107.790
7385.25,-108.126
7385.74,-108.096
7386.23,-107.986
7386.72,-107.925
7387.21,-108.158
7387.70,-107.981
7388.18,-107.639
7388.67,-108.104
7389.16,-107.988
7389.65,-108.118
7390.14,-108.126
7390.62,-108.054
7391.11,-108.180
7391.60,-108.390
7392.09,-108.206
7392.58,-108.057
7393.07,-108.304
7393.55,-108.043
7394.04,-107.986
7394.53,-108.270
7395.02,-108.603
7395.51,-108.223
7396.00,-108.361
7396.48,-108.424
7396.97,-108.133
7397.46,-108.187
7397.95,-108.449
7398.44,-108.299
7398.93,-108.068
7399.41,-108.111
7399.90,-107.978
7400.39,-108.210
7400.88,-107.978
7401.37,-108.310
7401.86,-108.023
7402.34,-108.323
7402.83,-108.422
7403.32,-108.112
7403.81,-108.579
7404.30,-108.203
7404.79,-108.105
7405.27,-108.739
7405.76,-108.344
7406.25,-108.155
7406.74,-108.085
7407.23,-108.065
7407.71,-108.025
7408.20,-108.323
7408.69,-108.140
7409.18,-108.264
7409.67,-108.358
7410.16,-108.414
7410.64,-108.006
7411.13,-108.048
7411.62,-108.211
7412.11,-108.139
7412.60,-108.218
7413.09,-108.448
7413.57,-108.547
7414.06,-108.006
7414.55,-108.331
7415.04,-108.411
7415.53,-108.466
7416.02,-108.303
7416.50,-108.071
7416.99,-108.374
7417.48,-108.341
7417.97,-108.228
7418.46,-108.171
7418.95,-108.443
7419.43,-108.414
7419.92,-108.101
7420.41,-108.186
7420.90,-108.543
7421.39,-108.150
7421.88,-108.207
7422.36,-108.195
7422.85,-108.314
7423.34,-108.092
7423.83,-108.148
7424.32,-108.219
7424.80,-108.336
7425.29,-108.184
7425.78,-108.570
7426.27,-108.435
7426.76,-108.406
7427.25,-108.511
7427.73,-108.388
7428.22,-108.249
7428.71,-108.275
7429.20,-108.334
7429.69,-108.466
7430.18,-108.327
7430.66,-108.290
7431.15,-108.170
7431.64,-108.286
7432.13,-108.375
7432.62,-108.381
7433.11,-108.320
7433.59,-108.174
7434.08,-108.341
7434.57,-108.295
7435.06,-108.187
7435.55,-108.361
7436.04,-108.549
7436.52,-108.325
7437.01,-108.533
7437.50,-108.473
7437.99,-108.164
7438.48,-108.251
7438.96,-108.450
7439.45,-108.425
7439.94,-108.375
7440.43,-108.345
7440.92,-108.249
7441.41,-108.308
7441.89,-108.329
7442.38,-108.481
7442.87,-108.376
7443.36,-108.301
7443.85,-108.361
7444.34,-108.415
7444.82,-108.261
7445.31,-108.380
7445.80,-108.352
7446.29,-108.471
7446.78,-108.454
7447.27,-108.344
7447.75,-108.523
7448.24,-108.472
7448.73,-108.300
7449.22,-108.337
7449.71,-108.363
7450.20,-108.345
7450.68,-108.444
7451.17,-108.470
7451.66,-108.307
7452.15,-108.363
7452.64,-108.246
7453.12,-108.417
7453.61,-108.526
7454.10,-108.536
7454.59,-108.467
7455.08,-108.339
7455.57,-108.437
7456.05,-108.386
7456.54,-108.389
7457.03,-108.564
7457.52,-108.467
7458.01,-108.398
7458.50,-108.394
7458.98,-108.431
7459.47,-108.378
7459.96,-108.326
7460.45,-108.340
7460.94,-108.388
7461.43,-108.373
7461.91,-108.413
7462.40,-108.474
7462.89,-108.410
7463.38,-108.396
7463.87,-108.595
7464.36,-108.472
7464.84,-108.364
7465.33,-108.363
7465.82,-108.453
7466.31,-108.477
7466.80,-108.376
7467.29,-108.458
7467.77,-108.443
7468.26,-108.477
7468.75,-108.291
7469.24,-108.523
7469.73,-108.546
7470.21,-108.444
7470.70,-108.493
7471.19,-108.423
7471.68,-108.390
7472.17,-108.383
7472.66,-108.503
7473.14,-108.444
7473.63,-108.376
7474.12,-108.517
7474.61,-108.442
7475.10,-108.408
7475.59,-108.412
7476.07,-108.443
7476.56,-108.461
7477.05,-108.533
7477.54,-108.587
7478.03,-108.475
7478.52,-108.538
7479.00,-108.392
7479.49,-108.368
7479.98,-108.555
7480.47,-108.453
7480.96,-108.563
7481.45,-108.506
7481.93,-108.516
7482.42,-108.483
7482.91,-108.516
7483.40,-108.421
7483.89,-108.518
7484.38,-108.480
7484.86,-108.502
7485.35,-108.526
7485.84,-108.487
7486.33,-108.488
7486.82,-108.498
7487.30,-108.504
7487.79,-108.485
7488.28,-108.516
7488.77,-108.463
7489.26,-108.508
7489.75,-108.472
7490.23,-108.517
7490.72,-108.420
7491.21,-108.471
7491.70,-108.505
7492.19,-108.513
7492.68,-108.493
7493.16,-108.467
7493.65,-108.469
7494.14,-108.541
7494.63,-108.528
7495.12,-108.515
7495.61,-108.520
7496.09,-108.481
7496.58,-108.471
7497.07,-108.450
7497.56,-108.479
7498.05,-108.500
7498.54,-108.449
7499.02,-108.497
7499.51,-108.490
7500.00,-108.485
7500.49,-108.539
7500.98,-108.520
7501.46,-108.510
7501.95,-108.496
7502.44,-108.547
7502.93,-108.523
7503.42,-108.514
7503.91,-108.504
7504.39,-108.513
7504.88,-108.507
7505.37,-108.525
7505.86,-108.523
7506.35,-108.524
7506.84,-108.514
7507.32,-108.471
7507.81,-108.515
7508.30,-108.499
7508.79,-108.517
7509.28,-108.553
7509.77,-108.477
7510.25,-108.525
7510.74,-108.524
7511.23,-108.568
7511.72,-108.440
7512.21,-108.539
7512.70,-108.534
7513.18,-108.508
7513.67,-108.512
7514.16,-108.503
7514.65,-108.485
7515.14,-108.507
7515.62,-108.582
7516.11,-108.482
7516.60,-108.550
7517.09,-108.495
7517.58,-108.514
7518.07,-108.466
7518.55,-108.516
7519.04,-108.522
7519.53,-108.471
7520.02,-108.520
7520.51,-108.518
7521.00,-108.556
7521.48,-108.471
7521.97,-108.513
7522.46,-108.493
7522.95,-108.502
7523.44,-108.535
7523.93,-108.489
7524.41,-108.535
7524.90,-108.513
7525.39,-108.509
7525.88,-108.567
7526.37,-108.523
7526.86,-108.521
7527.34,-108.500
7527.83,-108.521
7528.32,-108.550
7528.81,-108.524
7529.30,-108.519
7529.79,-108.531
7530.27,-108.536
7530.76,-108.538
7531.25,-108.540
7531.74,-108.528
7532.23,-108.557
7532.71,-108.506
7533.20,-108.558
7533.69,-108.522
7534.18,-108.499
7534.67,-108.523
7535.16,-108.542
7535.64,-108.549
7536.13,-108.546
7536.62,-108.533
7537.11,-108.563
7537.60,-108.543
7538.09,-108.552
7538.57,-108.583
7539.06,-108.530
7539.55,-108.532
7540.04,-108.552
7540.53,-108.541
7541.02,-108.533
7541.50,-108.539
7541.99,-108.539
7542.48,-108.585
7542.97,-108.528
7543.46,-108.504
7543.95,-108.533
7544.43,-108.536
7544.92,-108.547
7545.41,-108.550
7545.90,-108.542
7546.39,-108.573
7546.88,-108.532
7547.36,-108.549
7547.85,-108.540
7548.34,-108.554
7548.83,-108.563
7549.32,-108.551
7549.80,-108.536
7550.29,-108.553
7550.78,-108.553
7551.27,-108.533
7551.76,-108.542
7552.25,-108.558
7552.73,-108.546
7553.22,-108.543
7553.71,-108.542
7554.20,-108.565
7554.69,-108.553
7555.18,-108.537
7555.66,-108.542
7556.15,-108.552
7556.64,-108.563
7557.13,-108.535
7557.62,-108.542
7558.11,-108.556
7558.59,-108.566
7559.08,-108.559
7559.57,-108.563
7560.06,-108.580
7560.55,-108.550
7561.04,-108.560
7561.52,-108.557
7562.01,-108.567
7562.50,-108.563
7562.99,-108.564
7563.48,-108.560
7563.96,-108.546
7564.45,-108.560
7564.94,-108.580
7565.43,-108.569
7565.92,-108.565
7566.41,-108.560
7566.89,-108.560
7567.38,-108.568
7567.87,-108.558
7568.36,-108.565
7568.85,-108.578
7569.34,-108.567
7569.82,-108.560
7570.31,-108.567
7570.80,-108.572
7571.29,-108.569
7571.78,-108.558
7572.27,-108.570
7572.75,-108.560
7573.24,-108.561
7573.73,-108.574
7574.22,-108.574
7574.71,-108.577
7575.20,-108.567
7575.68,-108.561
7576.17,-108.553
7576.66,-108.579
7577.15,-108.586
7577.64,-108.563
7578.12,-108.581
7578.61,-108.567
7579.10,-108.570
7579.59,-108.581
7580.08,-108.572
7580.57,-108.578
7581.05,-108.572
7581.54,-108.569
7582.03,-108.572
7582.52,-108.584
7583.01,-108.559
7583.50,-108.577
7583.98,-108.575
7584.47,-108.577
7584.96,-108.574
7585.45,-108.571
7585.94,-108.579
7586.43,-108.579
7586.91,-108.583
7587.40,-108.586
7587.89,-108.583
7588.38,-108.576
7588.87,-108.579
7589.36,-108.577
7589.84,-108.574
7590.33,-108.596
7590.82,-108.586
7591.31,-108.583
7591.80,-108.592
7592.29,-108.580
7592.77,-108.581
7593.26,-108.580
7593.75,-108.594
7594.24,-108.590
7594.73,-108.571
7595.21,-108.593
7595.70,-108.590
7596.19,-108.586
7596.68,-108.585
7597.17,-108.590
7597.66,-108.596
7598.14,-108.596
7598.63,-108.596
7599.12,-108.584
7599.61,-108.587
7600.10,-108.593
7600.59,-108.588
7601.07,-108.591
7601.56,-108.592
7602.05,-108.593
7602.54,-108.590
7603.03,-108.590
7603.52,-108.599
7604.00,-108.591
7604.49,-108.594
7604.98,-108.593
7605.47,-108.599
7605.96,-108.596
7606.45,-108.592
7606.93,-108.600
7607.42,-108.596
7607.91,-108.608
7608.40,-108.597
7608.89,-108.589
7609.38,-108.616
7609.86,-108.601
7610.35,-108.589
7610.84,-108.601
7611.33,-108.604
7611.82,-108.599
7612.30,-108.601
7612.79,-108.606
7613.28,-108.589
7613.77,-108.609
7614.26,-108.605
7614.75,-108.599
7615.23,-108.599
7615.72,-108.595
7616.21,-108.604
7616.70,-108.601
7617.19,-108.602
7617.68,-108.605
7618.16,-108.601
7618.65,-108.612
7619.14,-108.610
7619.63,-108.602
7620.12,-108.608
7620.61,-108.600
7621.09,-108.599
7621.58,-108.607
7622.07,-108.612
7622.56,-108.615
7623.05,-108.605
7623.54,-108.607
7624.02,-108.605
7624.51,-108.611
7625.00,-108.611
7625.49,-108.604
7625.98,-108.605
7626.46,-108.616
7626.95,-108.609
7627.44,-108.608
7627.93,-108.612
7628.42,-108.608
7628.91,-108.613
7629.39,-108.611
7629.88,-108.610
7630.37,-108.612
7630.86,-108.612
7631.35,-108.619
7631.84,-108.614
7632.32,-108.617
7632.81,-108.611
7633.30,-108.609
7633.79,-108.613
7634.28,-108.610
7634.77,-108.613
7635.25,-108.614
7635.74,-108.615
7636.23,-108.614
7636.72,-108.624
7637.21,-108.617
7637.70,-108.623
7638.18,-108.615
7638.67,-108.620
7639.16,-108.620
7639.65,-108.617
7640.14,-108.618
7640.62,-108.626
7641.11,-108.617
7641.60,-108.616
7642.09,-108.624
7642.58,-108.616
7643.07,-108.625
7643.55,-108.623
7644.04,-108.622
7644.53,-108.623
7645.02,-108.628
7645.51,-108.624
7646.00,-108.621
7646.48,-108.621
7646.97,-108.621
7647.46,-108.629
7647.95,-108.622
7648.44,-108.627
7648.93,-108.628
7649.41,-108.630
7649.90,-108.629
7650.39,-108.624
7650.88,-108.628
7651.37,-108.624
7651.86,-108.624
7652.34,-108.632
7652.83,-108.624
7653.32,-108.623
7653.81,-108.620
7654.30,-108.630
7654.79,-108.632
7655.27,-108.630
7655.76,-108.636
7656.25,-108.628
7656.74,-108.637
7657.23,-108.628
7657.71,-108.630
7658.20,-108.633
7658.69,-108.636
7659.18,-108.634
7659.67,-108.632
7660.16,-108.632
7660.64,-108.634
7661.13,-108.633
7661.62,-108.637
7662.11,-108.633
7662.60,-108.631
7663.09,-108.630
7663.57,-108.642
7664.06,-108.633
7664.55,-108.629
7665.04,-108.633
7665.53,-108.636
7666.02,-108.634
7666.50,-108.640
7666.99,-108.631
7667.48,-108.634
7667.97,-108.635
7668.46,-108.642
7668.95,-108.642
7669.43,-108.638
7669.92,-108.638
7670.41,-108.635
7670.90,-108.636
7671.39,-108.637
7671.88,-108.641
7672.36,-108.647
7672.85,-108.639
7673.34,-108.640
7673.83,-108.642
7674.32,-108.647
7674.80,-108.642
7675.29,-108.647
7675.78,-108.644
7676.27,-108.644
7676.76,-108.641
7677.25,-108.649
7677.73,-108.646
7678.22,-108.636
7678.71,-108.643
7679.20,-108.638
7679.69,-108.643
7680.18,-108.644
7680.66,-108.649
7681.15,-108.648
7681.64,-108.641
7682.13,-108.645
7682.62,-108.645
7683.11,-108.645
7683.59,-108.638
7684.08,-108.646
7684.57,-108.646
7685.06,-108.647
7685.55,-108.650
7686.04,-108.648
7686.52,-108.648
7687.01,-108.650
7687.50,-108.646
7687.99,-108.647
7688.48,-108.649
7688.96,-108.650
7689.45,-108.653
7689.94,-108.651
7690.43,-108.655
7690.92,-108.649
7691.41,-108.647
7691.89,-108.652
7692.38,-108.649
7692.87,-108.648
7693.36,-108.652
7693.85,-108.651
7694.34,-108.651
7694.82,-108.654
7695.31,-108.648
7695.80,-108.655
7696.29,-108.655
7696.78,-108.654
7697.27,-108.658
7697.75,-108.658
7698.24,-108.655
7698.73,-108.655
7699.22,-108.654
7699.71,-108.658
7700.20,-108.656
7700.68,-108.657
7701.17,-108.656
7701.66,-108.656
7702.15,-108.660
7702.64,-108.660
7703.12,-108.659
7703.61,-108.656
7704.10,-108.661
7704.59,-108.661
7705.08,-108.658
7705.57,-108.657
7706.05,-108.656
7706.54,-108.658
7707.03,-108.657
7707.52,-108.666
7708.01,-108.660
7708.50,-108.661
7708.98,-108.664
7709.47,-108.660
7709.96,-108.662
7710.45,-108.660
7710.94,-108.663
7711.43,-108.658
7711.91,-108.661
7712.40,-108.663
7712.89,-108.667
7713.38,-108.663
7713.87,-108.663
7714.36,-108.662
7714.84,-108.664
7715.33,-108.670
7715.82,-108.664
7716.31,-108.664
7716.80,-108.659
7717.29,-108.664
7717.77,-108.668
7718.26,-108.668
7718.75,-108.667
7719.24,-108.665
7719.73,-108.667
7720.21,-108.672
7720.70,-108.668
7721.19,-108.669
7721.68,-108.669
7722.17,-108.669
7722.66,-108.672
7723.14,-108.670
7723.63,-108.665
7724.12,-108.666
7724.61,-108.665
7725.10,-108.668
7725.59,-108.671
7726.07,-108.667
7726.56,-108.666
7727.05,-108.673
7727.54,-108.670
7728.03,-108.672
7728.52,-108.672
7729.00,-108.676
7729.49,-108.671
7729.98,-108.670
7730.47,-108.673
7730.96,-108.675
7731.45,-108.670
7731.93,-108.669
7732.42,-108.673
7732.91,-108.673
7733.40,-108.675
7733.89,-108.678
7734.38,-108.670
7734.86,-108.675
7735.35,-108.676
7735.84,-108.677
7736.33,-108.669
7736.82,-108.678
7737.30,-108.675
7737.79,-108.675
7738.28,-108.680
7738.77,-108.680
7739.26,-108.676
7739.75,-108.682
7740.23,-108.670
7740.72,-108.678
7741.21,-108.674
7741.70,-108.679
7742.19,-108.675
7742.68,-108.676
7743.16,-108.679
7743.65,-108.678
7744.14,-108.678
7744.63,-108.683
7745.12,-108.682
7745.61,-108.679
7746.09,-108.681
7746.58,-108.682
7747.07,-108.682
7747.56,-108.677
7748.05,-108.681
7748.54,-108.681
7749.02,-108.684
7749.51,-108.685
7750.00,-108.684
7750.49,-108.679
7750.98,-108.683
7751.46,-108.682
7751.95,-108.682
7752.44,-108.678
7752.93,-108.683
7753.42,-108.679
7753.91,-108.683
7754.39,-108.688
7754.88,-108.684
7755.37,-108.683
7755.86,-108.684
7756.35,-108.684
7756.84,-108.684
7757.32,-108.683
7757.81,-108.684
7758.30,-108.689
7758.79,-108.687
7759.28,-108.686
7759.77,-108.684
7760.25,-108.687
7760.74,-108.687
7761.23,-108.685
7761.72,-108.688
7762.21,-108.687
7762.70,-108.687
7763.18,-108.689
7763.67,-108.690
7764.16,-108.691
7764.65,-108.688
7765.14,-108.689
7765.62,-108.687
7766.11,-108.689
7766.60,-108.687
7767.09,-108.686
7767.58,-108.690
7768.07,-108.691
7768.55,-108.692
7769.04,-108.687
7769.53,-108.690
7770.02,-108.692
7770.51,-108.688
7771.00,-108.693
7771.48,-108.696
7771.97,-108.688
7772.46,-108.689
7772.95,-108.687
7773.44,-108.693
7773.93,-108.690
7774.41,-108.690
7774.90,-108.691
7775.39,-108.694
7775.88,-108.692
7776.37,-108.694
7776.86,-108.686
7777.34,-108.694
7777.83,-108.696
7778.32,-108.696
7778.81,-108.696
7779.30,-108.697
7779.79,-108.696
7780.27,-108.694
7780.76,-108.693
7781.25,-108.693
7781.74,-108.696
7782.23,-108.694
7782.71,-108.696
7783.20,-108.694
7783.69,-108.698
7784.18,-108.694
7784.67,-108.696
7785.16,-108.697
7785.64,-108.698
7786.13,-108.697
7786.62,-108.700
7787.11,-108.701
7787.60,-108.699
7788.09,-108.699
7788.57,-108.698
7789.06,-108.701
7789.55,-108.699
7790.04,-108.698
7790.53,-108.700
7791.02,-108.700
7791.50,-108.701
7791.99,-108.698
7792.48,-108.702
7792.97,-108.698
7793.46,-108.701
7793.95,-108.702
7794.43,-108.701
7794.92,-108.698
7795.41,-108.701
7795.90,-108.701
7796.39,-108.701
7796.88,-108.702
7797.36,-108.702
7797.85,-108.701
7798.34,-108.703
7798.83,-108.703
7799.32,-108.703
7799.80,-108.702
7800.29,-108.702
7800.78,-108.701
7801.27,-108.704
7801.76,-108.705
7802.25,-108.704
7802.73,-108.704
7803.22,-108.705
7803.71,-108.705
7804.20,-108.705
7804.69,-108.704
7805.18,-108.703
7805.66,-108.707
7806.15,-108.705
7806.64,-108.705
7807.13,-108.707
7807.62,-108.704
7808.11,-108.704
7808.59,-108.706
7809.08,-108.706
7809.57,-108.706
7810.06,-108.707
7810.55,-108.705
7811.04,-108.707
7811.52,-108.706
7812.01,-108.706
7812.50,-108.708
7812.99,-108.708
7813.48,-108.708
7813.96,-108.708
7814.45,-108.708
7814.94,-108.708
7815.43,-108.709
7815.92,-108.709
7816.41,-108.710
7816.89,-108.709
7817.38,-108.709
7817.87,-108.708
7818.36,-108.710
7818.85,-108.710
7819.34,-108.709
7819.82,-108.710
7820.31,-108.710
7820.80,-108.709
7821.29,-108.710
7821.78,-108.711
7822.27,-108.709
7822.75,-108.711
7823.24,-108.710
7823.73,-108.712
7824.22,-108.711
7824.71,-108.711
7825.20,-108.712
7825.68,-108.711
7826.17,-108.712
7826.66,-108.712
7827.15,-108.713
7827.64,-108.713
7828.12,-108.712
7828.61,-108.712
7829.10,-108.712
7829.59,-108.712
7830.08,-108.713
7830.57,-108.713
7831.05,-108.714
7831.54,-108.715
7832.03,-108.713
7832.52,-108.714
7833.01,-108.713
7833.50,-108.714
7833.98,-108.715
7834.47,-108.713
7834.96,-108.714
7835.45,-108.714
7835.94,-108.714
7836.43,-108.716
7836.91,-108.716
7837.40,-108.715
7837.89,-108.715
7838.38,-108.715
7838.87,-108.716
7839.36,-108.716
7839.84,-108.715
7840.33,-108.717
7840.82,-108.716
7841.31,-108.716
7841.80,-108.717
7842.29,-108.717
7842.77,-108.717
7843.26,-108.717
7843.75,-108.717
7844.24,-108.718
7844.73,-108.717
7845.21,-108.717
7845.70,-108.717
7846.19,-108.719
7846.68,-108.718
7847.17,-108.718
7847.66,-108.719
7848.14,-108.719
7848.63,-108.719
7849.12,-108.719
7849.61,-108.719
7850.10,-108.719
7850.59,-108.720
7851.07,-108.720
7851.56,-108.719
7852.05,-108.719
7852.54,-108.719
7853.03,-108.720
7853.52,-108.720
7854.00,-108.720
7854.49,-108.720
7854.98,-108.721
7855.47,-108.721
7855.96,-108.720
7856.45,-108.720
7856.93,-108.721
7857.42,-108.720
7857.91,-108.721
7858.40,-108.721
7858.89,-108.721
7859.38,-108.721
7859.86,-108.720
7860.35,-108.722
7860.84,-108.722
7861.33,-108.721
7861.82,-108.721
7862.30,-108.722
7862.79,-108.723
7863.28,-108.723
7863.77,-108.724
7864.26,-108.723
7864.75,-108.724
7865.23,-108.723
7865.72,-108.723
7866.21,-108.723
7866.70,-108.724
7867.19,-108.723
7867.68,-108.724
7868.16,-108.724
7868.65,-108.724
7869.14,-108.724
7869.63,-108.724
7870.12,-108.723
7870.61,-108.725
7871.09,-108.726
7871.58,-108.724
7872.07,-108.725
7872.56,-108.725
7873.05,-108.725
7873.54,-108.725
7874.02,-108.725
7874.51,-108.726
7875.00,-108.725
7875.49,-108.726
7875.98,-108.725
7876.46,-108.725
7876.95,-108.726
7877.44,-108.726
7877.93,-108.726
7878.42,-108.726
7878.91,-108.727
7879.39,-108.725
7879.88,-108.727
7880.37,-108.727
7880.86,-108.727
7881.35,-108.726
7881.84,-108.726
7882.32,-108.727
7882.81,-108.727
7883.30,-108.728
7883.79,-108.727
7884.28,-108.728
7884.77,-108.727
7885.25,-108.727
7885.74,-108.728
7886.23,-108.728
7886.72,-108.728
7887.21,-108.728
7887.70,-108.727
7888.18,-108.728
7888.67,-108.728
7889.16,-108.729
7889.65,-108.728
7890.14,-108.729
7890.62,-108.728
7891.11,-108.729
7891.60,-108.728
7892.09,-108.729
7892.58,-108.729
7893.07,-108.729
7893.55,-108.729
7894.04,-108.729
7894.53,-108.730
7895.02,-108.729
7895.51,-108.730
7896.00,-108.731
7896.48,-108.730
7896.97,-108.729
7897.46,-108.730
7897.95,-108.730
7898.44,-108.729
7898.93,-108.730
7899.41,-108.729
7899.90,-108.729
7900.39,-108.731
7900.88,-108.731
7901.37,-108.731
7901.86,-108.729
7902.34,-108.731
7902.83,-108.730
7903.32,-108.731
7903.81,-108.731
7904.30,-108.732
7904.79,-108.730
7905.27,-108.731
7905.76,-108.731
7906.25,-108.731
7906.74,-108.732
7907.23,-108.731
7907.71,-108.732
7908.20,-108.731
7908.69,-108.732
7909.18,-108.732
7909.67,-108.731
7910.16,-108.733
7910.64,-108.732
7911.13,-108.732
7911.62,-108.731
7912.11,-108.733
7912.60,-108.733
7913.09,-108.733
7913.57,-108.732
7914.06,-108.733
7914.55,-108.733
7915.04,-108.732
7915.53,-108.733
7916.02,-108.734
7916.50,-108.733
7916.99,-108.733
7917.48,-108.734
7917.97,-108.734
7918.46,-108.733
7918.95,-108.733
7919.43,-108.733
7919.92,-108.734
7920.41,-108.733
7920.90,-108.734
7921.39,-108.734
7921.88,-108.734
7922.36,-108.734
7922.85,-108.734
7923.34,-108.734
7923.83,-108.734
7924.32,-108.734
7924.80,-108.734
7925.29,-108.734
7925.78,-108.734
7926.27,-108.735
7926.76,-108.735
7927.25,-108.735
7927.73,-108.735
7928.22,-108.735
7928.71,-108.735
7929.20,-108.735
7929.69,-108.735
7930.18,-108.735
7930.66,-108.735
7931.15,-108.736
7931.64,-108.735
7932.13,-108.735
7932.62,-108.736
7933.11,-108.736
7933.59,-108.736
7934.08,-108.735
7934.57,-108.736
7935.06,-108.736
7935.55,-108.735
7936.04,-108.735
7936.52,-108.736
7937.01,-108.736
7937.50,-108.735
7937.99,-108.736
7938.48,-108.736
7938.96,-108.736
7939.45,-108.737
7939.94,-108.736
7940.43,-108.736
7940.92,-108.736
7941.41,-108.736
7941.89,-108.736
7942.38,-108.737
7942.87,-108.737
7943.36,-108.736
7943.85,-108.736
7944.34,-108.736
7944.82,-108.737
7945.31,-108.737
7945.80,-108.737
7946.29,-108.737
7946.78,-108.737
7947.27,-108.736
7947.75,-108.737
7948.24,-108.737
7948.73,-108.737
7949.22,-108.737
7949.71,-108.737
7950.20,-108.737
7950.68,-108.737
7951.17,-108.737
7951.66,-108.737
7952.15,-108.738
7952.64,-108.737
7953.12,-108.738
7953.61,-108.737
7954.10,-108.737
7954.59,-108.737
7955.08,-108.738
7955.57,-108.737
7956.05,-108.738
7956.54,-108.738
7957.03,-108.737
7957.52,-108.738
7958.01,-108.737
7958.50,-108.738
7958.98,-108.738
7959.47,-108.738
7959.96,-108.738
7960.45,-108.738
7960.94,-108.738
7961.43,-108.738
7961.91,-108.738
7962.40,-108.738
7962.89,-108.739
7963.38,-108.739
7963.87,-108.738
7964.36,-108.739
7964.84,-108.738
7965.33,-108.738
7965.82,-108.738
7966.31,-108.739
7966.80,-108.739
7967.29,-108.739
7967.77,-108.739
7968.26,-108.738
7968.75,-108.739
7969.24,-108.739
7969.73,-108.739
7970.21,-108.739
7970.70,-108.739
7971.19,-108.739
7971.68,-108.739
7972.17,-108.739
7972.66,-108.739
7973.14,-108.739
7973.63,-108.739
7974.12,-108.739
7974.61,-108.739
7975.10,-108.739
7975.59,-108.739
7976.07,-108.739
7976.56,-108.739
7977.05,-108.739
7977.54,-108.739
7978.03,-108.739
7978.52,-108.739
7979.00,-108.739
7979.49,-108.739
7979.98,-108.739
7980.47,-108.739
7980.96,-108.739
7981.45,-108.739
7981.93,-108.739
7982.42,-108.739
7982.91,-108.739
7983.40,-108.739
7983.89,-108.739
7984.38,-108.739
7984.86,-108.739
7985.35,-108.739
7985.84,-108.739
7986.33,-108.739
7986.82,-108.739
7987.30,-108.739
7987.79,-108.739
7988.28,-108.739
7988.77,-108.739
7989.26,-108.739
7989.75,-108.740
7990.23,-108.740
7990.72,-108.739
7991.21,-108.739
7991.70,-108.740
7992.19,-108.739
7992.68,-108.739
7993.16,-108.740
7993.65,-108.739
7994.14,-108.740
7994.63,-108.739
7995.12,-108.739
7995.61,-108.740
7996.09,-108.739
7996.58,-108.739
7997.07,-108.740
7997.56,-108.739
7998.05,-108.740
7998.54,-108.739
7999.02,-108.740
7999.51,-108.740
8000.00,-111.436
