Frequency (Hz),FFT Magnitude (dB)
0.00,-120.000
0.49,-91.043
0.98,-90.930
1.46,-90.874
1.95,-90.758
2.44,-90.408
2.93,-89.871
3.42,-90.091
3.91,-89.674
4.39,-89.788
4.88,-88.733
5.37,-86.983
5.86,-86.679
6.35,-87.826
6.84,-89.416
7.32,-88.208
7.81,-87.983
8.30,-87.876
8.79,-85.658
9.28,-87.123
9.77,-84.847
10.25,-84.055
10.74,-81.628
11.23,-81.868
11.72,-83.990
12.21,-84.314
12.70,-83.015
13.18,-79.411
13.67,-81.614
14.16,-81.845
14.65,-80.032
15.14,-78.665
15.62,-78.426
16.11,-78.411
16.60,-84.177
17.09,-85.722
17.58,-83.743
18.07,-81.841
18.55,-79.670
19.04,-80.873
19.53,-81.205
20.02,-81.890
20.51,-78.911
21.00,-82.611
21.48,-82.219
21.97,-82.981
22.46,-83.329
22.95,-82.514
23.44,-81.516
23.93,-80.535
24.41,-78.154
24.90,-79.094
25.39,-78.719
25.88,-78.726
26.37,-74.483
26.86,-74.231
27.34,-75.030
27.83,-74.250
28.32,-72.033
28.81,-61.853
29.30,-67.131
29.79,-62.130
30.27,-71.550
30.76,-72.257
31.25,-74.022
31.74,-71.614
32.23,-74.782
32.71,-73.214
33.20,-71.870
33.69,-70.180
34.18,-70.519
34.67,-61.860
35.16,-69.229
35.64,-72.457
36.13,-71.879
36.62,-74.968
37.11,-74.457
37.60,-75.752
38.09,-76.678
38.57,-76.390
39.06,-77.715
39.55,-73.790
40.04,-77.592
40.53,-78.066
41.02,-76.471
41.50,-76.851
41.99,-75.605
42.48,-73.261
42.97,-73.503
43.46,-74.580
43.95,-74.180
44.43,-75.497
44.92,-71.389
45.41,-75.189
45.90,-77.210
46.39,-76.707
46.88,-77.234
47.36,-77.232
47.85,-73.404
48.34,-76.494
48.83,-77.555
49.32,-75.082
49.80,-74.444
50.29,-74.359
50.78,-73.190
51.27,-74.984
51.76,-74.317
52.25,-75.632
52.73,-74.935
53.22,-73.696
53.71,-75.477
54.20,-74.721
54.69,-74.411
55.18,-74.893
55.66,-75.067
56.15,-76.022
56.64,-75.745
57.13,-75.792
57.62,-71.243
58.11,-70.503
58.59,-68.491
59.08,-69.073
59.57,-72.060
60.06,-76.063
60.55,-76.672
61.04,-78.265
61.52,-78.487
62.01,-75.363
62.50,-76.886
62.99,-76.259
63.48,-68.590
63.96,-74.209
64.45,-76.128
64.94,-74.750
65.43,-74.142
65.92,-76.053
66.41,-74.427
66.89,-72.768
67.38,-73.707
67.87,-72.673
68.36,-72.236
68.85,-69.814
69.34,-70.477
69.82,-73.414
70.31,-72.494
70.80,-73.849
71.29,-73.822
71.78,-74.153
72.27,-73.589
72.75,-73.911
73.24,-76.277
73.73,-75.327
74.22,-74.392
74.71,-73.864
75.20,-74.602
75.68,-74.915
76.17,-75.699
76.66,-75.640
77.15,-77.574
77.64,-74.941
78.12,-76.323
78.61,-73.331
79.10,-75.777
79.59,-70.556
80.08,-72.517
80.57,-71.833
81.05,-73.022
81.54,-72.134
82.03,-72.499
82.52,-72.369
83.01,-75.127
83.50,-73.338
83.98,-72.971
84.47,-73.235
84.96,-73.545
85.45,-74.405
85.94,-73.537
86.43,-72.203
86.91,-72.500
87.40,-73.784
87.89,-72.453
88.38,-71.377
88.87,-65.111
89.36,-72.141
89.84,-71.067
90.33,-70.805
90.82,-71.878
91.31,-72.091
91.80,-70.384
92.29,-71.294
92.77,-70.748
93.26,-66.788
93.75,-67.379
94.24,-71.928
94.73,-70.698
95.21,-71.924
95.70,-72.282
96.19,-72.203
96.68,-72.424
97.17,-71.363
97.66,-71.304
98.14,-71.217
98.63,-71.265
99.12,-71.342
99.61,-70.137
100.10,-70.549
100.59,-71.572
101.07,-72.145
101.56,-69.416
102.05,-67.540
102.54,-67.844
103.03,-70.582
103.52,-70.153
104.00,-70.780
104.49,-69.322
104.98,-68.612
105.47,-71.019
105.96,-69.385
106.45,-66.745
106.93,-67.983
107.42,-68.620
107.91,-68.128
108.40,-68.271
108.89,-70.423
109.38,-69.043
109.86,-69.385
110.35,-67.417
110.84,-68.318
111.33,-67.583
111.82,-67.790
112.30,-65.999
112.79,-66.113
113.28,-62.905
113.77,-66.853
114.26,-66.329
114.75,-67.772
115.23,-67.623
115.72,-67.110
116.21,-68.462
116.70,-66.376
117.19,-66.180
117.68,-65.813
118.16,-64.185
118.65,-61.277
119.14,-58.685
119.63,-51.425
120.12,-44.731
120.61,-56.730
121.09,-60.883
121.58,-62.411
122.07,-62.427
122.56,-61.857
123.05,-64.190
123.54,-66.668
124.02,-65.725
124.51,-67.002
125.00,-67.345
125.49,-65.992
125.98,-67.502
126.46,-66.604
126.95,-66.928
127.44,-67.531
127.93,-66.480
128.42,-65.678
128.91,-66.000
129.39,-65.979
129.88,-65.243
130.37,-65.925
130.86,-66.514
131.35,-65.379
131.84,-65.995
132.32,-62.997
132.81,-45.397
133.30,-60.246
133.79,-57.972
134.28,-64.832
134.77,-66.474
135.25,-66.533
135.74,-66.303
136.23,-65.832
136.72,-66.575
137.21,-66.053
137.70,-67.714
138.18,-67.045
138.67,-67.023
139.16,-66.697
139.65,-67.550
140.14,-65.804
140.62,-66.197
141.11,-66.242
141.60,-64.742
142.09,-66.314
142.58,-65.460
143.07,-65.968
143.55,-66.831
144.04,-66.706
144.53,-66.228
145.02,-65.454
145.51,-65.659
146.00,-67.649
146.48,-65.869
146.97,-66.458
147.46,-65.943
147.95,-66.259
148.44,-60.035
148.93,-65.367
149.41,-64.960
149.90,-65.423
150.39,-64.980
150.88,-64.641
151.37,-65.027
151.86,-65.192
152.34,-64.903
152.83,-63.759
153.32,-64.479
153.81,-64.654
154.30,-64.035
154.79,-64.127
155.27,-67.799
155.76,-65.328
156.25,-66.706
156.74,-65.451
157.23,-65.949
157.71,-66.409
158.20,-66.803
158.69,-66.211
159.18,-60.515
159.67,-63.757
160.16,-67.142
160.64,-68.061
161.13,-65.879
161.62,-67.475
162.11,-67.771
162.60,-66.366
163.09,-66.372
163.57,-65.605
164.06,-66.853
164.55,-66.906
165.04,-66.550
165.53,-65.913
166.02,-66.017
166.50,-66.600
166.99,-65.660
167.48,-67.662
167.97,-65.998
168.46,-68.850
168.95,-67.274
169.43,-69.283
169.92,-67.232
170.41,-67.657
170.90,-67.827
171.39,-67.883
171.88,-68.200
172.36,-66.340
172.85,-69.119
173.34,-68.560
173.83,-68.674
174.32,-69.733
174.80,-67.558
175.29,-69.496
175.78,-69.285
176.27,-68.512
176.76,-67.791
177.25,-68.637
177.73,-67.436
178.22,-69.037
178.71,-69.761
179.20,-68.321
179.69,-68.303
180.18,-66.933
180.66,-69.075
181.15,-68.122
181.64,-68.573
182.13,-70.686
182.62,-71.965
183.11,-70.506
183.59,-70.484
184.08,-68.830
184.57,-69.600
185.06,-69.361
185.55,-69.028
186.04,-69.045
186.52,-70.262
187.01,-69.099
187.50,-68.511
187.99,-68.211
188.48,-69.326
188.96,-68.694
189.45,-69.977
189.94,-68.450
190.43,-69.497
190.92,-69.300
191.41,-69.357
191.89,-68.491
192.38,-70.444
192.87,-70.868
193.36,-69.363
193.85,-70.551
194.34,-70.826
194.82,-71.803
195.31,-70.725
195.80,-70.390
196.29,-70.490
196.78,-68.845
197.27,-69.675
197.75,-70.183
198.24,-72.493
198.73,-70.615
199.22,-70.243
199.71,-69.317
200.20,-72.486
200.68,-71.098
201.17,-68.961
201.66,-70.516
202.15,-71.322
202.64,-71.102
203.12,-71.411
203.61,-70.633
204.10,-69.284
204.59,-72.136
205.08,-69.523
205.57,-71.029
206.05,-71.373
206.54,-71.751
207.03,-69.567
207.52,-66.036
208.01,-63.850
208.50,-69.978
208.98,-70.796
209.47,-70.340
209.96,-71.060
210.45,-71.440
210.94,-72.059
211.43,-72.292
211.91,-71.091
212.40,-70.607
212.89,-71.522
213.38,-69.195
213.87,-72.129
214.36,-70.209
214.84,-71.273
215.33,-73.741
215.82,-70.405
216.31,-69.910
216.80,-70.897
217.29,-72.294
217.77,-72.472
218.26,-73.279
218.75,-72.610
219.24,-71.235
219.73,-71.255
220.21,-72.632
220.70,-70.693
221.19,-71.178
221.68,-71.476
222.17,-70.571
222.66,-70.942
223.14,-70.984
223.63,-71.855
224.12,-72.618
224.61,-71.938
225.10,-71.119
225.59,-73.649
226.07,-71.850
226.56,-72.197
227.05,-72.396
227.54,-72.704
228.03,-72.366
228.52,-72.354
229.00,-71.673
229.49,-73.430
229.98,-73.384
230.47,-73.318
230.96,-73.227
231.45,-71.864
231.93,-72.646
232.42,-72.787
232.91,-71.812
233.40,-73.689
233.89,-71.218
234.38,-71.068
234.86,-73.508
235.35,-72.565
235.84,-73.402
236.33,-72.710
236.82,-72.289
237.30,-72.256
237.79,-70.508
238.28,-69.950
238.77,-66.349
239.26,-66.551
239.75,-62.740
240.23,-66.386
240.72,-70.413
241.21,-70.906
241.70,-70.829
242.19,-70.766
242.68,-71.265
243.16,-71.123
243.65,-72.396
244.14,-73.528
244.63,-73.077
245.12,-72.014
245.61,-73.960
246.09,-72.874
246.58,-71.278
247.07,-70.757
247.56,-72.332
248.05,-71.786
248.54,-73.032
249.02,-72.089
249.51,-73.618
250.00,-72.806
250.49,-70.953
250.98,-71.174
251.46,-72.516
251.95,-70.521
252.44,-69.687
252.93,-68.843
253.42,-72.225
253.91,-71.859
254.39,-72.399
254.88,-72.323
255.37,-72.904
255.86,-72.573
256.35,-72.662
256.84,-73.793
257.32,-72.598
257.81,-72.880
258.30,-72.798
258.79,-72.691
259.28,-73.807
259.77,-73.598
260.25,-72.938
260.74,-72.759
261.23,-73.930
261.72,-72.754
262.21,-73.640
262.70,-75.294
263.18,-74.939
263.67,-72.162
264.16,-72.754
264.65,-73.139
265.14,-73.012
265.62,-71.188
266.11,-74.086
266.60,-72.025
267.09,-71.072
267.58,-73.398
268.07,-74.439
268.55,-72.588
269.04,-73.334
269.53,-72.955
270.02,-73.322
270.51,-73.514
271.00,-75.376
271.48,-74.133
271.97,-73.783
272.46,-73.658
272.95,-74.352
273.44,-73.527
273.93,-72.642
274.41,-72.941
274.90,-74.219
275.39,-72.738
275.88,-74.079
276.37,-73.102
276.86,-74.491
277.34,-73.928
277.83,-73.847
278.32,-75.067
278.81,-74.762
279.30,-71.192
279.79,-73.649
280.27,-73.131
280.76,-74.252
281.25,-73.228
281.74,-73.631
282.23,-74.828
282.71,-74.482
283.20,-72.886
283.69,-73.375
284.18,-74.608
284.67,-74.003
285.16,-73.728
285.64,-74.695
286.13,-74.788
286.62,-74.462
287.11,-74.664
287.60,-73.002
288.09,-74.073
288.57,-73.390
289.06,-74.576
289.55,-73.591
290.04,-74.023
290.53,-73.233
291.02,-74.054
291.50,-73.590
291.99,-73.761
292.48,-72.793
292.97,-72.768
293.46,-74.265
293.95,-74.323
294.43,-75.173
294.92,-76.077
295.41,-74.263
295.90,-74.143
296.39,-73.711
296.88,-72.679
297.36,-73.202
297.85,-75.617
298.34,-74.391
298.83,-73.720
299.32,-75.538
299.80,-74.876
300.29,-74.182
300.78,-75.503
301.27,-74.499
301.76,-73.031
302.25,-73.855
302.73,-73.821
303.22,-74.299
303.71,-74.522
304.20,-74.367
304.69,-74.129
305.18,-74.120
305.66,-75.052
306.15,-74.194
306.64,-73.602
307.13,-72.769
307.62,-74.602
308.11,-74.099
308.59,-72.543
309.08,-72.971
309.57,-73.278
310.06,-75.237
310.55,-73.360
311.04,-73.081
311.52,-74.144
312.01,-74.538
312.50,-73.876
312.99,-73.298
313.48,-74.183
313.96,-75.491
314.45,-74.686
314.94,-74.764
315.43,-75.336
315.92,-74.074
316.41,-72.485
316.89,-74.592
317.38,-74.127
317.87,-74.367
318.36,-75.238
318.85,-74.952
319.34,-74.226
319.82,-73.622
320.31,-74.517
320.80,-74.692
321.29,-73.752
321.78,-74.969
322.27,-74.383
322.75,-74.068
323.24,-74.139
323.73,-74.533
324.22,-73.648
324.71,-72.461
325.20,-74.579
325.68,-74.418
326.17,-73.805
326.66,-73.317
327.15,-74.054
327.64,-73.196
328.12,-73.607
328.61,-72.509
329.10,-73.391
329.59,-74.634
330.08,-73.352
330.57,-73.845
331.05,-72.713
331.54,-72.648
332.03,-73.696
332.52,-73.892
333.01,-73.800
333.50,-73.457
333.98,-74.369
334.47,-74.062
334.96,-73.914
335.45,-73.883
335.94,-74.333
336.43,-75.260
336.91,-74.739
337.40,-74.382
337.89,-73.438
338.38,-74.212
338.87,-73.263
339.36,-73.011
339.84,-75.225
340.33,-74.583
340.82,-74.054
341.31,-73.342
341.80,-74.222
342.29,-73.322
342.77,-74.017
343.26,-73.432
343.75,-73.581
344.24,-73.866
344.73,-75.231
345.21,-71.100
345.70,-73.360
346.19,-74.791
346.68,-72.723
347.17,-73.582
347.66,-73.568
348.14,-74.939
348.63,-73.059
349.12,-73.650
349.61,-73.513
350.10,-73.399
350.59,-73.859
351.07,-73.194
351.56,-74.007
352.05,-72.920
352.54,-73.520
353.03,-73.164
353.52,-72.134
354.00,-72.640
354.49,-74.136
354.98,-73.817
355.47,-74.645
355.96,-71.970
356.45,-73.855
356.93,-74.033
357.42,-73.268
357.91,-73.369
358.40,-72.605
358.89,-72.715
359.38,-73.404
359.86,-72.260
360.35,-74.853
360.84,-73.625
361.33,-72.960
361.82,-72.793
362.30,-72.578
362.79,-72.979
363.28,-73.564
363.77,-73.295
364.26,-73.154
364.75,-73.712
365.23,-73.919
365.72,-72.210
366.21,-71.898
366.70,-74.497
367.19,-73.622
367.68,-73.676
368.16,-73.550
368.65,-73.339
369.14,-71.169
369.63,-71.896
370.12,-70.744
370.61,-73.269
371.09,-73.817
371.58,-72.631
372.07,-73.524
372.56,-72.614
373.05,-74.943
373.54,-72.527
374.02,-73.443
374.51,-71.850
375.00,-74.657
375.49,-73.324
375.98,-72.372
376.46,-71.765
376.95,-71.847
377.44,-73.198
377.93,-72.572
378.42,-73.281
378.91,-73.376
379.39,-72.261
379.88,-73.257
380.37,-71.825
380.86,-72.281
381.35,-72.396
381.84,-73.776
382.32,-72.273
382.81,-71.569
383.30,-73.031
383.79,-70.686
384.28,-71.242
384.77,-71.725
385.25,-71.723
385.74,-73.335
386.23,-73.407
386.72,-71.622
387.21,-71.633
387.70,-72.330
388.18,-71.492
388.67,-72.808
389.16,-73.358
389.65,-70.632
390.14,-73.394
390.62,-72.412
391.11,-73.360
391.60,-71.802
392.09,-73.498
392.58,-71.710
393.07,-70.980
393.55,-69.978
394.04,-71.621
394.53,-71.292
395.02,-70.774
395.51,-71.210
396.00,-71.902
396.48,-72.477
396.97,-71.200
397.46,-70.725
397.95,-69.796
398.44,-66.264
398.93,-70.255
399.41,-70.002
399.90,-72.178
400.39,-73.993
400.88,-71.952
401.37,-71.225
401.86,-71.392
402.34,-71.253
402.83,-70.876
403.32,-70.476
403.81,-71.362
404.30,-71.433
404.79,-71.911
405.27,-69.884
405.76,-72.547
406.25,-69.603
406.74,-70.323
407.23,-71.856
407.71,-69.557
408.20,-70.703
408.69,-71.370
409.18,-70.891
409.67,-72.481
410.16,-70.262
410.64,-71.731
411.13,-72.175
411.62,-73.416
412.11,-71.207
412.60,-70.646
413.09,-70.602
413.57,-70.025
414.06,-70.171
414.55,-69.811
415.04,-71.284
415.53,-70.987
416.02,-71.033
416.50,-70.802
416.99,-71.974
417.48,-70.221
417.97,-68.902
418.46,-70.745
418.95,-71.543
419.43,-69.802
419.92,-70.519
420.41,-68.745
420.90,-71.530
421.39,-72.044
421.88,-72.244
422.36,-69.642
422.85,-69.690
423.34,-70.888
423.83,-71.166
424.32,-69.843
424.80,-70.081
425.29,-69.857
425.78,-71.096
426.27,-70.208
426.76,-68.193
427.25,-69.082
427.73,-69.414
428.22,-69.316
428.71,-70.095
429.20,-68.354
429.69,-68.025
430.18,-70.629
430.66,-70.417
431.15,-69.200
431.64,-68.194
432.13,-69.176
432.62,-68.082
433.11,-69.078
433.59,-70.431
434.08,-70.836
434.57,-68.963
435.06,-69.868
435.55,-68.638
436.04,-69.281
436.52,-68.737
437.01,-69.939
437.50,-69.409
437.99,-69.853
438.48,-68.885
438.96,-68.784
439.45,-68.819
439.94,-69.031
440.43,-70.047
440.92,-69.249
441.41,-69.255
441.89,-67.972
442.38,-69.180
442.87,-69.756
443.36,-67.806
443.85,-67.053
444.34,-67.471
444.82,-67.690
445.31,-68.592
445.80,-68.967
446.29,-68.684
446.78,-67.175
447.27,-69.035
447.75,-68.652
448.24,-68.300
448.73,-69.419
449.22,-69.225
449.71,-70.213
450.20,-69.847
450.68,-67.889
451.17,-66.113
451.66,-67.958
452.15,-68.475
452.64,-67.366
453.12,-67.119
453.61,-68.905
454.10,-68.457
454.59,-68.065
455.08,-65.576
455.57,-67.027
456.05,-66.869
456.54,-67.613
457.03,-68.211
457.52,-67.016
458.01,-66.821
458.50,-65.539
458.98,-66.630
459.47,-67.713
459.96,-66.966
460.45,-67.392
460.94,-66.911
461.43,-66.268
461.91,-66.499
462.40,-66.324
462.89,-66.398
463.38,-66.407
463.87,-66.077
464.36,-65.309
464.84,-64.721
465.33,-65.940
465.82,-64.355
466.31,-64.064
466.80,-64.234
467.29,-67.453
467.77,-66.179
468.26,-65.761
468.75,-65.725
469.24,-65.858
469.73,-65.361
470.21,-65.906
470.70,-64.467
471.19,-64.047
471.68,-62.679
472.17,-64.010
472.66,-65.207
473.14,-65.478
473.63,-64.289
474.12,-63.625
474.61,-64.029
475.10,-65.062
475.59,-64.416
476.07,-64.434
476.56,-64.041
477.05,-63.562
477.54,-64.679
478.03,-64.422
478.52,-63.288
479.00,-62.901
479.49,-64.726
479.98,-63.290
480.47,-63.098
480.96,-63.388
481.45,-63.897
481.93,-63.671
482.42,-61.402
482.91,-61.551
483.40,-63.693
483.89,-63.426
484.38,-64.235
484.86,-63.996
485.35,-62.961
485.84,-62.339
486.33,-63.171
486.82,-64.013
487.30,-63.909
487.79,-60.601
488.28,-62.349
488.77,-61.435
489.26,-64.546
489.75,-61.587
490.23,-65.385
490.72,-63.599
491.21,-60.899
491.70,-61.502
492.19,-62.643
492.68,-61.560
493.16,-61.266
493.65,-61.016
494.14,-62.429
494.63,-61.471
495.12,-61.307
495.61,-60.522
496.09,-59.916
496.58,-61.663
497.07,-60.464
497.56,-60.981
498.05,-61.272
498.54,-61.046
499.02,-61.177
499.51,-60.730
500.00,-58.916
500.49,-58.744
500.98,-61.458
501.46,-60.244
501.95,-60.746
502.44,-60.792
502.93,-60.408
503.42,-60.450
503.91,-60.524
504.39,-61.825
504.88,-61.680
505.37,-60.588
505.86,-61.203
506.35,-60.260
506.84,-60.476
507.32,-61.579
507.81,-61.545
508.30,-60.690
508.79,-61.623
509.28,-61.513
509.77,-60.481
510.25,-61.414
510.74,-61.058
511.23,-60.802
511.72,-60.023
512.21,-60.332
512.70,-60.135
513.18,-62.724
513.67,-59.190
514.16,-61.407
514.65,-60.545
515.14,-60.780
515.62,-60.066
516.11,-61.171
516.60,-59.390
517.09,-62.132
517.58,-60.382
518.07,-60.688
518.55,-60.675
519.04,-60.555
519.53,-60.658
520.02,-60.147
520.51,-61.142
521.00,-61.662
521.48,-60.494
521.97,-60.818
522.46,-61.796
522.95,-61.869
523.44,-62.106
523.93,-63.260
524.41,-60.791
524.90,-61.628
525.39,-62.703
525.88,-62.674
526.37,-62.688
526.86,-63.311
527.34,-63.087
527.83,-63.091
528.32,-63.604
528.81,-60.321
529.30,-62.758
529.79,-63.325
530.27,-62.514
530.76,-61.697
531.25,-57.182
531.74,-62.227
532.23,-63.946
532.71,-63.947
533.20,-63.306
533.69,-62.957
534.18,-64.866
534.67,-62.271
535.16,-63.222
535.64,-64.458
536.13,-62.428
536.62,-63.803
537.11,-63.202
537.60,-62.835
538.09,-64.089
538.57,-65.196
539.06,-63.035
539.55,-64.540
540.04,-63.811
540.53,-64.991
541.02,-64.850
541.50,-65.255
541.99,-63.720
542.48,-63.904
542.97,-63.548
543.46,-65.554
543.95,-65.958
544.43,-63.698
544.92,-65.225
545.41,-65.539
545.90,-62.743
546.39,-63.732
546.88,-64.578
547.36,-64.284
547.85,-65.324
548.34,-66.380
548.83,-65.032
549.32,-65.325
549.80,-66.210
550.29,-66.059
550.78,-65.341
551.27,-65.912
551.76,-67.499
552.25,-66.748
552.73,-66.320
553.22,-66.357
553.71,-67.000
554.20,-67.305
554.69,-68.588
555.18,-66.001
555.66,-66.495
556.15,-66.329
556.64,-65.540
557.13,-67.792
557.62,-66.487
558.11,-67.411
558.59,-65.561
559.08,-67.093
559.57,-67.834
560.06,-67.031
560.55,-66.257
561.04,-67.437
561.52,-65.841
562.01,-66.866
562.50,-68.080
562.99,-69.203
563.48,-67.473
563.96,-67.181
564.45,-65.391
564.94,-68.455
565.43,-65.810
565.92,-67.441
566.41,-68.502
566.89,-66.999
567.38,-66.801
567.87,-66.999
568.36,-68.873
568.85,-67.993
569.34,-68.091
569.82,-67.279
570.31,-68.232
570.80,-67.119
571.29,-67.885
571.78,-69.089
572.27,-69.484
572.75,-69.341
573.24,-68.579
573.73,-68.500
574.22,-68.739
574.71,-69.207
575.20,-70.651
575.68,-68.056
576.17,-69.493
576.66,-69.575
577.15,-66.841
577.64,-68.554
578.12,-68.862
578.61,-68.952
579.10,-70.541
579.59,-69.741
580.08,-68.620
580.57,-67.807
581.05,-69.809
581.54,-69.256
582.03,-71.114
582.52,-69.731
583.01,-70.313
583.50,-69.708
583.98,-69.393
584.47,-69.909
584.96,-70.802
585.45,-70.220
585.94,-69.757
586.43,-69.691
586.91,-70.092
587.40,-67.829
587.89,-70.186
588.38,-70.615
588.87,-69.872
589.36,-69.809
589.84,-71.153
590.33,-70.750
590.82,-70.256
591.31,-69.009
591.80,-71.206
592.29,-69.403
592.77,-70.564
593.26,-71.463
593.75,-69.818
594.24,-70.216
594.73,-70.531
595.21,-70.394
595.70,-72.240
596.19,-69.322
596.68,-71.193
597.17,-69.638
597.66,-70.739
598.14,-69.614
598.63,-69.700
599.12,-72.170
599.61,-71.590
600.10,-71.336
600.59,-70.673
601.07,-70.813
601.56,-70.233
602.05,-72.605
602.54,-71.116
603.03,-72.528
603.52,-71.647
604.00,-70.223
604.49,-69.740
604.98,-69.562
605.47,-70.427
605.96,-70.511
606.45,-72.405
606.93,-71.503
607.42,-72.476
607.91,-71.725
608.40,-71.174
608.89,-71.793
609.38,-72.493
609.86,-73.852
610.35,-72.443
610.84,-70.012
611.33,-70.669
611.82,-70.889
612.30,-71.644
612.79,-71.740
613.28,-72.319
613.77,-71.792
614.26,-72.708
614.75,-72.195
615.23,-71.567
615.72,-69.908
616.21,-70.593
616.70,-71.653
617.19,-71.566
617.68,-72.749
618.16,-72.411
618.65,-70.810
619.14,-71.679
619.63,-71.562
620.12,-72.149
620.61,-72.237
621.09,-73.493
621.58,-71.623
622.07,-72.759
622.56,-72.769
623.05,-72.125
623.54,-73.708
624.02,-72.719
624.51,-72.005
625.00,-71.907
625.49,-71.814
625.98,-72.961
626.46,-72.343
626.95,-72.362
627.44,-70.318
627.93,-71.346
628.42,-71.723
628.91,-72.099
629.39,-71.777
629.88,-71.246
630.37,-71.065
630.86,-70.696
631.35,-71.560
631.84,-72.021
632.32,-72.129
632.81,-72.542
633.30,-73.165
633.79,-73.189
634.28,-73.053
634.77,-71.598
635.25,-72.528
635.74,-74.975
636.23,-72.781
636.72,-72.639
637.21,-72.226
637.70,-73.484
638.18,-74.934
638.67,-71.730
639.16,-73.947
639.65,-72.440
640.14,-72.512
640.62,-72.865
641.11,-72.352
641.60,-72.849
642.09,-72.771
642.58,-73.437
643.07,-74.000
643.55,-71.923
644.04,-71.962
644.53,-72.416
645.02,-72.077
645.51,-73.100
646.00,-72.929
646.48,-74.605
646.97,-74.185
647.46,-73.881
647.95,-73.664
648.44,-73.291
648.93,-73.967
649.41,-73.750
649.90,-71.383
650.39,-72.405
650.88,-72.304
651.37,-72.847
651.86,-74.132
652.34,-72.174
652.83,-71.397
653.32,-73.745
653.81,-73.193
654.30,-72.978
654.79,-73.010
655.27,-72.477
655.76,-73.669
656.25,-72.331
656.74,-73.183
657.23,-73.037
657.71,-74.261
658.20,-73.447
658.69,-73.548
659.18,-73.045
659.67,-74.009
660.16,-74.239
660.64,-72.557
661.13,-71.642
661.62,-74.175
662.11,-74.178
662.60,-72.485
663.09,-73.816
663.57,-72.049
664.06,-68.302
664.55,-73.503
665.04,-73.518
665.53,-72.313
666.02,-74.953
666.50,-76.556
666.99,-74.822
667.48,-74.538
667.97,-74.548
668.46,-74.670
668.95,-73.108
669.43,-71.796
669.92,-72.454
670.41,-74.063
670.90,-73.421
671.39,-75.516
671.88,-73.391
672.36,-75.706
672.85,-74.906
673.34,-73.171
673.83,-74.573
674.32,-73.511
674.80,-72.515
675.29,-74.002
675.78,-74.177
676.27,-74.234
676.76,-73.611
677.25,-74.713
677.73,-73.773
678.22,-74.932
678.71,-75.005
679.20,-74.692
679.69,-75.407
680.18,-74.878
680.66,-74.969
681.15,-73.059
681.64,-73.607
682.13,-71.963
682.62,-74.021
683.11,-73.513
683.59,-75.713
684.08,-73.706
684.57,-74.801
685.06,-73.507
685.55,-74.565
686.04,-75.311
686.52,-74.243
687.01,-73.954
687.50,-73.038
687.99,-72.677
688.48,-73.993
688.96,-74.860
689.45,-75.247
689.94,-73.475
690.43,-75.730
690.92,-73.237
691.41,-75.834
691.89,-75.597
692.38,-74.832
692.87,-72.990
693.36,-73.306
693.85,-75.472
694.34,-72.804
694.82,-73.860
695.31,-74.392
695.80,-75.048
696.29,-75.646
696.78,-74.838
697.27,-74.496
697.75,-73.669
698.24,-74.648
698.73,-73.585
699.22,-73.957
699.71,-74.865
700.20,-75.211
700.68,-75.561
701.17,-73.778
701.66,-73.957
702.15,-73.575
702.64,-74.378
703.12,-71.910
703.61,-72.058
704.10,-74.823
704.59,-76.054
705.08,-75.696
705.57,-76.464
706.05,-74.636
706.54,-75.679
707.03,-75.857
707.52,-74.500
708.01,-74.964
708.50,-73.396
708.98,-72.718
709.47,-74.671
709.96,-74.652
710.45,-75.819
710.94,-75.268
711.43,-74.911
711.91,-75.086
712.40,-73.655
712.89,-73.376
713.38,-73.986
713.87,-72.334
714.36,-72.430
714.84,-73.778
715.33,-74.255
715.82,-73.923
716.31,-74.008
716.80,-75.317
717.29,-75.362
717.77,-76.506
718.26,-75.279
718.75,-73.565
719.24,-74.127
719.73,-72.826
720.21,-73.852
720.70,-73.838
721.19,-74.938
721.68,-74.532
722.17,-73.766
722.66,-74.435
723.14,-74.528
723.63,-74.635
724.12,-75.894
724.61,-75.267
725.10,-74.319
725.59,-73.635
726.07,-74.588
726.56,-74.616
727.05,-73.102
727.54,-73.759
728.03,-74.744
728.52,-73.704
729.00,-74.503
729.49,-75.269
729.98,-72.299
730.47,-75.134
730.96,-73.722
731.45,-73.420
731.93,-73.700
732.42,-74.683
732.91,-74.058
733.40,-74.620
733.89,-75.055
734.38,-73.008
734.86,-74.415
735.35,-75.695
735.84,-75.584
736.33,-75.314
736.82,-72.728
737.30,-76.590
737.79,-74.636
738.28,-73.541
738.77,-74.230
739.26,-73.283
739.75,-73.674
740.23,-73.286
740.72,-73.544
741.21,-73.706
741.70,-73.922
742.19,-75.088
742.68,-75.057
743.16,-73.674
743.65,-74.276
744.14,-75.156
744.63,-73.480
745.12,-73.645
745.61,-73.819
746.09,-73.810
746.58,-74.287
747.07,-74.667
747.56,-73.737
748.05,-75.128
748.54,-72.941
749.02,-73.213
749.51,-74.258
750.00,-72.133
750.49,-75.619
750.98,-73.744
751.46,-74.613
751.95,-72.717
752.44,-74.263
752.93,-76.651
753.42,-75.947
753.91,-74.192
754.39,-73.172
754.88,-74.025
755.37,-75.670
755.86,-74.150
756.35,-75.868
756.84,-73.972
757.32,-73.971
757.81,-73.636
758.30,-75.658
758.79,-74.736
759.28,-74.742
759.77,-74.045
760.25,-74.108
760.74,-75.006
761.23,-75.226
761.72,-75.606
762.21,-73.930
762.70,-72.119
763.18,-74.608
763.67,-73.056
764.16,-73.289
764.65,-74.956
765.14,-74.869
765.62,-73.107
766.11,-75.130
766.60,-75.415
767.09,-73.999
767.58,-75.013
768.07,-72.702
768.55,-74.238
769.04,-72.862
769.53,-73.962
770.02,-73.053
770.51,-74.110
771.00,-74.480
771.48,-72.857
771.97,-73.355
772.46,-74.486
772.95,-73.405
773.44,-73.720
773.93,-74.524
774.41,-72.581
774.90,-71.984
775.39,-72.699
775.88,-72.480
776.37,-73.408
776.86,-73.433
777.34,-73.254
777.83,-74.262
778.32,-73.822
778.81,-72.787
779.30,-72.255
779.79,-73.222
780.27,-74.462
780.76,-73.586
781.25,-74.408
781.74,-74.133
782.23,-72.397
782.71,-74.309
783.20,-73.997
783.69,-72.703
784.18,-71.491
784.67,-72.933
785.16,-73.743
785.64,-73.720
786.13,-73.574
786.62,-73.383
787.11,-74.424
787.60,-73.221
788.09,-73.670
788.57,-71.105
789.06,-74.250
789.55,-73.653
790.04,-74.172
790.53,-72.883
791.02,-71.984
791.50,-74.203
791.99,-73.360
792.48,-71.798
792.97,-72.111
793.46,-73.521
793.95,-74.273
794.43,-73.738
794.92,-73.012
795.41,-72.087
795.90,-72.545
796.39,-70.798
796.88,-72.844
797.36,-74.929
797.85,-73.409
798.34,-73.713
798.83,-75.298
799.32,-74.185
799.80,-73.225
800.29,-74.751
800.78,-74.216
801.27,-72.921
801.76,-71.521
802.25,-73.874
802.73,-73.189
803.22,-72.623
803.71,-74.452
804.20,-73.478
804.69,-73.599
805.18,-74.768
805.66,-72.944
806.15,-74.932
806.64,-73.494
807.13,-71.445
807.62,-73.164
808.11,-74.258
808.59,-73.794
809.08,-72.450
809.57,-71.827
810.06,-71.008
810.55,-70.327
811.04,-72.638
811.52,-73.608
812.01,-74.155
812.50,-71.578
812.99,-72.247
813.48,-73.565
813.96,-72.403
814.45,-71.641
814.94,-72.940
815.43,-71.422
815.92,-73.442
816.41,-71.712
816.89,-74.661
817.38,-71.688
817.87,-72.079
818.36,-71.918
818.85,-71.423
819.34,-73.489
819.82,-72.906
820.31,-72.120
820.80,-71.439
821.29,-72.682
821.78,-71.586
822.27,-71.720
822.75,-70.068
823.24,-71.097
823.73,-72.253
824.22,-71.649
824.71,-71.439
825.20,-71.471
825.68,-71.362
826.17,-71.487
826.66,-72.013
827.15,-71.364
827.64,-73.016
828.12,-71.622
828.61,-72.236
829.10,-70.480
829.59,-72.097
830.08,-71.424
830.57,-72.628
831.05,-74.112
831.54,-71.089
832.03,-71.552
832.52,-71.724
833.01,-69.882
833.50,-70.766
833.98,-70.534
834.47,-71.111
834.96,-71.575
835.45,-70.821
835.94,-71.190
836.43,-72.099
836.91,-72.990
837.40,-72.014
837.89,-69.972
838.38,-71.929
838.87,-69.552
839.36,-71.908
839.84,-70.743
840.33,-71.480
840.82,-71.432
841.31,-70.634
841.80,-70.433
842.29,-70.315
842.77,-70.974
843.26,-70.143
843.75,-69.206
844.24,-70.181
844.73,-71.220
845.21,-69.830
845.70,-72.378
846.19,-69.697
846.68,-71.473
847.17,-71.247
847.66,-70.807
848.14,-70.002
848.63,-71.461
849.12,-69.185
849.61,-71.074
850.10,-70.936
850.59,-70.238
851.07,-69.918
851.56,-69.267
852.05,-71.087
852.54,-71.493
853.03,-71.158
853.52,-70.943
854.00,-70.542
854.49,-70.895
854.98,-70.834
855.47,-71.087
855.96,-71.013
856.45,-68.987
856.93,-69.041
857.42,-69.879
857.91,-71.878
858.40,-72.412
858.89,-70.885
859.38,-69.494
859.86,-72.211
860.35,-70.957
860.84,-72.437
861.33,-69.387
861.82,-70.977
862.30,-68.407
862.79,-67.823
863.28,-67.671
863.77,-69.600
864.26,-69.951
864.75,-69.998
865.23,-70.948
865.72,-69.816
866.21,-67.594
866.70,-69.072
867.19,-69.736
867.68,-67.879
868.16,-67.178
868.65,-69.220
869.14,-68.326
869.63,-68.945
870.12,-70.241
870.61,-69.244
871.09,-68.038
871.58,-67.272
872.07,-68.712
872.56,-68.637
873.05,-70.540
873.54,-68.325
874.02,-68.544
874.51,-69.277
875.00,-69.254
875.49,-67.058
875.98,-68.560
876.46,-66.146
876.95,-67.809
877.44,-66.286
877.93,-66.105
878.42,-68.741
878.91,-69.012
879.39,-67.875
879.88,-66.771
880.37,-67.800
880.86,-67.682
881.35,-68.524
881.84,-69.335
882.32,-66.763
882.81,-66.480
883.30,-66.716
883.79,-68.446
884.28,-66.333
884.77,-66.096
885.25,-65.134
885.74,-66.960
886.23,-66.750
886.72,-64.961
887.21,-66.339
887.70,-66.346
888.18,-65.885
888.67,-64.774
889.16,-65.765
889.65,-66.030
890.14,-67.575
890.62,-67.058
891.11,-65.360
891.60,-67.242
892.09,-65.864
892.58,-65.635
893.07,-66.231
893.55,-65.454
894.04,-66.199
894.53,-65.017
895.02,-65.342
895.51,-66.248
896.00,-65.542
896.48,-63.669
896.97,-65.361
897.46,-64.498
897.95,-62.568
898.44,-66.278
898.93,-66.102
899.41,-64.331
899.90,-65.114
900.39,-64.643
900.88,-64.202
901.37,-64.709
901.86,-64.675
902.34,-63.826
902.83,-65.536
903.32,-65.901
903.81,-63.986
904.30,-65.525
904.79,-65.742
905.27,-63.703
905.76,-63.548
906.25,-63.196
906.74,-61.616
907.23,-64.267
907.71,-64.434
908.20,-64.789
908.69,-64.759
909.18,-63.737
909.67,-65.036
910.16,-63.322
910.64,-62.908
911.13,-63.631
911.62,-63.792
912.11,-63.181
912.60,-63.383
913.09,-62.259
913.57,-63.666
914.06,-63.029
914.55,-62.865
915.04,-62.056
915.53,-61.481
916.02,-61.255
916.50,-63.039
916.99,-62.100
917.48,-60.637
917.97,-62.252
918.46,-63.083
918.95,-61.566
919.43,-61.438
919.92,-62.531
920.41,-62.230
920.90,-60.268
921.39,-60.264
921.88,-60.956
922.36,-59.098
922.85,-62.039
923.34,-59.880
923.83,-63.132
924.32,-60.315
924.80,-59.931
925.29,-60.787
925.78,-61.100
926.27,-59.211
926.76,-59.730
927.25,-61.851
927.73,-60.016
928.22,-59.268
928.71,-59.200
929.20,-60.363
929.69,-59.218
930.18,-59.333
930.66,-60.513
931.15,-59.636
931.64,-60.142
932.13,-60.097
932.62,-60.692
933.11,-60.608
933.59,-59.662
934.08,-60.348
934.57,-59.417
935.06,-57.997
935.55,-58.226
936.04,-58.689
936.52,-58.700
937.01,-59.608
937.50,-59.387
937.99,-57.887
938.48,-56.873
938.96,-58.341
939.45,-59.897
939.94,-58.042
940.43,-57.733
940.92,-58.785
941.41,-58.799
941.89,-58.712
942.38,-59.862
942.87,-59.407
943.36,-58.253
943.85,-56.917
944.34,-57.654
944.82,-59.059
945.31,-57.888
945.80,-57.359
946.29,-59.756
946.78,-57.553
947.27,-57.269
947.75,-57.791
948.24,-58.462
948.73,-58.741
949.22,-57.050
949.71,-56.254
950.20,-57.192
950.68,-57.028
951.17,-57.262
951.66,-58.392
952.15,-57.439
952.64,-57.876
953.12,-57.575
953.61,-57.755
954.10,-57.098
954.59,-58.070
955.08,-56.769
955.57,-57.684
956.05,-58.561
956.54,-58.692
957.03,-58.755
957.52,-58.998
958.01,-58.651
958.50,-57.536
958.98,-59.965
959.47,-58.766
959.96,-61.086
960.45,-59.100
960.94,-60.080
961.43,-58.810
961.91,-59.634
962.40,-59.663
962.89,-59.837
963.38,-60.997
963.87,-60.414
964.36,-59.497
964.84,-60.822
965.33,-58.376
965.82,-59.561
966.31,-58.555
966.80,-59.944
967.29,-59.886
967.77,-60.013
968.26,-59.713
968.75,-58.103
969.24,-60.140
969.73,-60.877
970.21,-59.612
970.70,-59.014
971.19,-61.685
971.68,-60.785
972.17,-61.686
972.66,-61.759
973.14,-62.679
973.63,-61.515
974.12,-60.500
974.61,-61.726
975.10,-63.053
975.59,-62.391
976.07,-61.407
976.56,-63.499
977.05,-62.343
977.54,-61.313
978.03,-62.112
978.52,-61.573
979.00,-60.314
979.49,-61.882
979.98,-63.117
980.47,-61.634
980.96,-61.361
981.45,-62.778
981.93,-64.109
982.42,-61.627
982.91,-61.105
983.40,-63.895
983.89,-63.212
984.38,-63.448
984.86,-64.026
985.35,-65.202
985.84,-64.063
986.33,-63.984
986.82,-64.204
987.30,-64.244
987.79,-63.996
988.28,-63.889
988.77,-64.837
989.26,-64.709
989.75,-63.813
990.23,-63.191
990.72,-62.670
991.21,-63.156
991.70,-64.683
992.19,-65.674
992.68,-65.131
993.16,-63.590
993.65,-64.742
994.14,-63.767
994.63,-63.192
995.12,-65.903
995.61,-64.648
996.09,-64.743
996.58,-65.090
997.07,-63.589
997.56,-65.902
998.05,-63.858
998.54,-64.419
999.02,-64.880
999.51,-64.119
1000.00,-64.972
1000.49,-64.929
1000.98,-65.922
1001.46,-65.836
1001.95,-65.749
1002.44,-64.651
1002.93,-67.432
1003.42,-66.774
1003.91,-65.635
1004.39,-67.652
1004.88,-65.406
1005.37,-66.332
1005.86,-65.676
1006.35,-66.731
1006.84,-67.868
1007.32,-64.579
1007.81,-66.013
1008.30,-64.668
1008.79,-66.448
1009.28,-65.826
1009.77,-65.968
1010.25,-65.030
1010.74,-66.768
1011.23,-66.069
1011.72,-68.085
1012.21,-67.371
1012.70,-67.203
1013.18,-66.488
1013.67,-69.040
1014.16,-66.579
1014.65,-67.100
1015.14,-65.878
1015.62,-67.243
1016.11,-67.242
1016.60,-68.101
1017.09,-66.703
1017.58,-68.198
1018.07,-66.743
1018.55,-66.275
1019.04,-66.498
1019.53,-67.692
1020.02,-69.244
1020.51,-67.055
1021.00,-68.402
1021.48,-68.502
1021.97,-67.111
1022.46,-67.452
1022.95,-69.022
1023.44,-68.168
1023.93,-67.357
1024.41,-67.183
1024.90,-67.767
1025.39,-68.552
1025.88,-68.239
1026.37,-67.740
1026.86,-67.002
1027.34,-69.150
1027.83,-68.271
1028.32,-67.506
1028.81,-68.092
1029.30,-68.680
1029.79,-68.467
1030.27,-67.365
1030.76,-69.550
1031.25,-70.027
1031.74,-69.852
1032.23,-69.700
1032.71,-67.617
1033.20,-70.117
1033.69,-68.834
1034.18,-67.422
1034.67,-69.699
1035.16,-69.910
1035.64,-69.261
1036.13,-70.501
1036.62,-68.729
1037.11,-68.004
1037.60,-69.130
1038.09,-68.796
1038.57,-68.440
1039.06,-68.703
1039.55,-69.281
1040.04,-69.561
1040.53,-69.821
1041.02,-68.698
1041.50,-69.293
1041.99,-69.930
1042.48,-69.796
1042.97,-70.279
1043.46,-69.662
1043.95,-69.426
1044.43,-69.242
1044.92,-67.342
1045.41,-69.662
1045.90,-70.395
1046.39,-68.920
1046.88,-70.617
1047.36,-69.674
1047.85,-70.147
1048.34,-69.945
1048.83,-69.104
1049.32,-70.222
1049.80,-68.160
1050.29,-69.793
1050.78,-69.470
1051.27,-69.996
1051.76,-72.842
1052.25,-70.508
1052.73,-70.070
1053.22,-70.738
1053.71,-70.867
1054.20,-70.808
1054.69,-69.525
1055.18,-69.463
1055.66,-71.250
1056.15,-71.396
1056.64,-69.406
1057.13,-71.151
1057.62,-71.512
1058.11,-70.635
1058.59,-70.609
1059.08,-69.797
1059.57,-69.031
1060.06,-70.509
1060.55,-70.888
1061.04,-71.738
1061.52,-69.151
1062.01,-70.730
1062.50,-69.455
1062.99,-69.742
1063.48,-71.384
1063.96,-68.860
1064.45,-71.299
1064.94,-70.289
1065.43,-70.883
1065.92,-69.251
1066.41,-68.996
1066.89,-70.355
1067.38,-70.323
1067.87,-69.868
1068.36,-71.669
1068.85,-70.022
1069.34,-70.293
1069.82,-69.703
1070.31,-70.216
1070.80,-70.564
1071.29,-70.455
1071.78,-72.147
1072.27,-71.283
1072.75,-72.087
1073.24,-71.885
1073.73,-70.801
1074.22,-70.221
1074.71,-71.091
1075.20,-70.916
1075.68,-71.360
1076.17,-71.640
1076.66,-69.148
1077.15,-70.760
1077.64,-71.837
1078.12,-70.446
1078.61,-72.087
1079.10,-69.854
1079.59,-71.914
1080.08,-71.864
1080.57,-70.527
1081.05,-71.535
1081.54,-71.745
1082.03,-73.496
1082.52,-72.760
1083.01,-72.219
1083.50,-71.857
1083.98,-69.803
1084.47,-71.397
1084.96,-71.700
1085.45,-71.455
1085.94,-70.750
1086.43,-71.737
1086.91,-71.522
1087.40,-71.886
1087.89,-73.704
1088.38,-71.740
1088.87,-72.423
1089.36,-72.286
1089.84,-71.385
1090.33,-70.053
1090.82,-70.297
1091.31,-71.411
1091.80,-70.331
1092.29,-69.833
1092.77,-69.934
1093.26,-71.010
1093.75,-70.393
1094.24,-74.465
1094.73,-73.109
1095.21,-72.044
1095.70,-73.698
1096.19,-70.413
1096.68,-71.326
1097.17,-72.278
1097.66,-71.711
1098.14,-71.052
1098.63,-70.654
1099.12,-72.551
1099.61,-70.770
1100.10,-70.614
1100.59,-71.412
1101.07,-71.716
1101.56,-72.860
1102.05,-73.564
1102.54,-72.410
1103.03,-71.414
1103.52,-72.055
1104.00,-71.861
1104.49,-71.837
1104.98,-71.511
1105.47,-70.316
1105.96,-71.274
1106.45,-71.571
1106.93,-72.844
1107.42,-71.975
1107.91,-70.747
1108.40,-71.340
1108.89,-72.163
1109.38,-70.837
1109.86,-72.812
1110.35,-72.697
1110.84,-72.622
1111.33,-72.229
1111.82,-71.472
1112.30,-72.117
1112.79,-73.040
1113.28,-72.052
1113.77,-72.585
1114.26,-73.844
1114.75,-71.531
1115.23,-72.611
1115.72,-72.386
1116.21,-72.202
1116.70,-71.578
1117.19,-72.216
1117.68,-71.811
1118.16,-72.005
1118.65,-73.929
1119.14,-71.415
1119.63,-72.510
1120.12,-71.654
1120.61,-72.046
1121.09,-72.950
1121.58,-72.772
1122.07,-70.988
1122.56,-71.284
1123.05,-70.945
1123.54,-71.090
1124.02,-72.658
1124.51,-72.585
1125.00,-71.823
1125.49,-72.457
1125.98,-72.628
1126.46,-72.433
1126.95,-72.670
1127.44,-72.043
1127.93,-71.603
1128.42,-72.394
1128.91,-72.628
1129.39,-74.012
1129.88,-73.293
1130.37,-71.359
1130.86,-70.831
1131.35,-72.057
1131.84,-73.165
1132.32,-74.588
1132.81,-73.307
1133.30,-72.392
1133.79,-71.125
1134.28,-71.418
1134.77,-71.930
1135.25,-72.710
1135.74,-72.033
1136.23,-73.082
1136.72,-73.308
1137.21,-72.377
1137.70,-71.822
1138.18,-72.970
1138.67,-74.442
1139.16,-74.304
1139.65,-74.350
1140.14,-73.090
1140.62,-72.027
1141.11,-72.992
1141.60,-73.496
1142.09,-72.346
1142.58,-71.591
1143.07,-71.874
1143.55,-72.721
1144.04,-73.281
1144.53,-72.808
1145.02,-73.747
1145.51,-73.378
1146.00,-73.036
1146.48,-72.383
1146.97,-72.627
1147.46,-71.812
1147.95,-73.570
1148.44,-74.179
1148.93,-72.754
1149.41,-71.714
1149.90,-72.830
1150.39,-73.280
1150.88,-73.168
1151.37,-73.186
1151.86,-72.648
1152.34,-72.395
1152.83,-73.047
1153.32,-74.443
1153.81,-74.642
1154.30,-72.018
1154.79,-72.240
1155.27,-71.920
1155.76,-72.982
1156.25,-73.030
1156.74,-72.538
1157.23,-72.957
1157.71,-73.780
1158.20,-72.400
1158.69,-72.714
1159.18,-72.694
1159.67,-72.618
1160.16,-72.423
1160.64,-71.455
1161.13,-72.672
1161.62,-70.806
1162.11,-73.316
1162.60,-72.294
1163.09,-72.501
1163.57,-71.222
1164.06,-72.568
1164.55,-72.782
1165.04,-72.120
1165.53,-72.790
1166.02,-72.699
1166.50,-72.827
1166.99,-71.901
1167.48,-71.516
1167.97,-70.598
1168.46,-71.663
1168.95,-72.232
1169.43,-72.511
1169.92,-72.146
1170.41,-71.102
1170.90,-72.451
1171.39,-72.227
1171.88,-74.534
1172.36,-74.208
1172.85,-71.701
1173.34,-71.863
1173.83,-72.583
1174.32,-72.092
1174.80,-72.694
1175.29,-72.764
1175.78,-70.046
1176.27,-72.694
1176.76,-72.186
1177.25,-74.128
1177.73,-71.347
1178.22,-71.447
1178.71,-72.154
1179.20,-72.912
1179.69,-72.147
1180.18,-72.809
1180.66,-71.991
1181.15,-73.302
1181.64,-71.697
1182.13,-73.149
1182.62,-71.471
1183.11,-72.432
1183.59,-73.556
1184.08,-73.171
1184.57,-72.552
1185.06,-71.581
1185.55,-72.975
1186.04,-73.207
1186.52,-72.321
1187.01,-72.106
1187.50,-72.309
1187.99,-73.137
1188.48,-72.564
1188.96,-72.841
1189.45,-73.649
1189.94,-72.368
1190.43,-73.430
1190.92,-71.970
1191.41,-71.678
1191.89,-72.523
1192.38,-72.702
1192.87,-72.885
1193.36,-71.589
1193.85,-73.507
1194.34,-71.493
1194.82,-72.795
1195.31,-72.728
1195.80,-71.833
1196.29,-73.836
1196.78,-73.135
1197.27,-70.544
1197.75,-72.641
1198.24,-71.950
1198.73,-73.479
1199.22,-73.311
1199.71,-72.829
1200.20,-72.228
1200.68,-72.856
1201.17,-70.559
1201.66,-72.057
1202.15,-72.313
1202.64,-73.656
1203.12,-72.330
1203.61,-71.269
1204.10,-71.830
1204.59,-71.441
1205.08,-72.911
1205.57,-72.596
1206.05,-72.450
1206.54,-71.427
1207.03,-70.543
1207.52,-71.478
1208.01,-71.503
1208.50,-70.070
1208.98,-73.835
1209.47,-70.486
1209.96,-71.467
1210.45,-71.849
1210.94,-71.653
1211.43,-71.920
1211.91,-70.287
1212.40,-70.845
1212.89,-71.436
1213.38,-71.590
1213.87,-71.229
1214.36,-71.266
1214.84,-71.780
1215.33,-70.886
1215.82,-72.084
1216.31,-70.966
1216.80,-72.169
1217.29,-73.119
1217.77,-73.123
1218.26,-72.254
1218.75,-69.976
1219.24,-70.030
1219.73,-70.911
1220.21,-72.232
1220.70,-71.909
1221.19,-73.285
1221.68,-72.579
1222.17,-72.126
1222.66,-72.334
1223.14,-71.530
1223.63,-72.177
1224.12,-72.313
1224.61,-72.839
1225.10,-70.647
1225.59,-71.595
1226.07,-72.419
1226.56,-74.070
1227.05,-71.691
1227.54,-71.630
1228.03,-70.762
1228.52,-70.327
1229.00,-70.678
1229.49,-71.942
1229.98,-72.075
1230.47,-70.280
1230.96,-71.017
1231.45,-72.207
1231.93,-71.747
1232.42,-70.757
1232.91,-71.229
1233.40,-71.237
1233.89,-72.595
1234.38,-71.091
1234.86,-69.990
1235.35,-70.949
1235.84,-71.294
1236.33,-72.975
1236.82,-71.780
1237.30,-73.416
1237.79,-72.861
1238.28,-70.591
1238.77,-71.365
1239.26,-71.152
1239.75,-71.602
1240.23,-73.167
1240.72,-71.101
1241.21,-70.957
1241.70,-70.405
1242.19,-70.397
1242.68,-69.907
1243.16,-71.085
1243.65,-70.767
1244.14,-70.443
1244.63,-72.130
1245.12,-70.321
1245.61,-71.499
1246.09,-70.392
1246.58,-70.310
1247.07,-70.140
1247.56,-72.322
1248.05,-70.250
1248.54,-70.104
1249.02,-69.843
1249.51,-70.497
1250.00,-70.273
1250.49,-69.156
1250.98,-70.232
1251.46,-71.494
1251.95,-70.844
1252.44,-71.642
1252.93,-71.924
1253.42,-70.262
1253.91,-69.456
1254.39,-68.742
1254.88,-69.893
1255.37,-71.604
1255.86,-71.948
1256.35,-71.409
1256.84,-71.121
1257.32,-69.366
1257.81,-70.538
1258.30,-70.554
1258.79,-70.532
1259.28,-68.288
1259.77,-72.479
1260.25,-71.674
1260.74,-70.271
1261.23,-70.568
1261.72,-71.395
1262.21,-70.440
1262.70,-71.461
1263.18,-70.580
1263.67,-70.040
1264.16,-71.097
1264.65,-69.732
1265.14,-69.399
1265.62,-69.290
1266.11,-67.427
1266.60,-69.189
1267.09,-70.052
1267.58,-68.270
1268.07,-70.231
1268.55,-71.112
1269.04,-69.640
1269.53,-69.535
1270.02,-70.367
1270.51,-70.176
1271.00,-69.990
1271.48,-69.218
1271.97,-71.801
1272.46,-70.293
1272.95,-70.826
1273.44,-69.933
1273.93,-72.244
1274.41,-70.035
1274.90,-68.193
1275.39,-69.278
1275.88,-70.347
1276.37,-68.867
1276.86,-69.858
1277.34,-68.491
1277.83,-68.976
1278.32,-69.271
1278.81,-68.623
1279.30,-69.402
1279.79,-67.821
1280.27,-68.106
1280.76,-68.276
1281.25,-67.282
1281.74,-67.643
1282.23,-67.860
1282.71,-69.445
1283.20,-67.972
1283.69,-69.705
1284.18,-68.774
1284.67,-68.905
1285.16,-67.073
1285.64,-69.196
1286.13,-69.433
1286.62,-69.719
1287.11,-68.040
1287.60,-68.246
1288.09,-69.409
1288.57,-68.820
1289.06,-69.299
1289.55,-68.848
1290.04,-68.703
1290.53,-69.091
1291.02,-67.453
1291.50,-67.804
1291.99,-70.072
1292.48,-67.914
1292.97,-67.527
1293.46,-69.655
1293.95,-68.105
1294.43,-68.416
1294.92,-70.019
1295.41,-68.330
1295.90,-68.214
1296.39,-66.657
1296.88,-68.173
1297.36,-68.426
1297.85,-67.296
1298.34,-67.845
1298.83,-66.089
1299.32,-67.719
1299.80,-66.337
1300.29,-66.308
1300.78,-69.528
1301.27,-68.782
1301.76,-67.450
1302.25,-67.466
1302.73,-67.861
1303.22,-67.470
1303.71,-67.948
1304.20,-68.186
1304.69,-66.650
1305.18,-68.070
1305.66,-68.526
1306.15,-67.248
1306.64,-66.163
1307.13,-67.578
1307.62,-69.433
1308.11,-66.153
1308.59,-67.042
1309.08,-65.682
1309.57,-65.314
1310.06,-67.122
1310.55,-65.732
1311.04,-66.590
1311.52,-64.637
1312.01,-65.972
1312.50,-67.259
1312.99,-67.698
1313.48,-66.920
1313.96,-67.366
1314.45,-67.015
1314.94,-66.660
1315.43,-66.613
1315.92,-65.039
1316.41,-65.411
1316.89,-66.226
1317.38,-65.360
1317.87,-65.524
1318.36,-66.179
1318.85,-64.660
1319.34,-65.095
1319.82,-66.858
1320.31,-66.496
1320.80,-65.260
1321.29,-65.141
1321.78,-65.868
1322.27,-65.524
1322.75,-65.485
1323.24,-66.145
1323.73,-64.637
1324.22,-65.657
1324.71,-64.946
1325.20,-63.215
1325.68,-64.202
1326.17,-65.630
1326.66,-64.985
1327.15,-65.331
1327.64,-63.324
1328.12,-64.066
1328.61,-65.390
1329.10,-62.924
1329.59,-64.189
1330.08,-65.218
1330.57,-65.356
1331.05,-64.955
1331.54,-64.456
1332.03,-64.580
1332.52,-66.034
1333.01,-64.075
1333.50,-63.864
1333.98,-64.552
1334.47,-63.449
1334.96,-64.174
1335.45,-64.361
1335.94,-65.868
1336.43,-63.635
1336.91,-61.133
1337.40,-63.411
1337.89,-63.542
1338.38,-66.012
1338.87,-64.844
1339.36,-63.741
1339.84,-64.104
1340.33,-63.924
1340.82,-62.129
1341.31,-61.721
1341.80,-63.482
1342.29,-63.307
1342.77,-63.580
1343.26,-64.036
1343.75,-63.087
1344.24,-64.410
1344.73,-61.998
1345.21,-62.324
1345.70,-63.774
1346.19,-64.311
1346.68,-63.116
1347.17,-63.644
1347.66,-65.046
1348.14,-62.585
1348.63,-61.670
1349.12,-61.744
1349.61,-61.176
1350.10,-62.188
1350.59,-61.740
1351.07,-61.740
1351.56,-61.311
1352.05,-62.808
1352.54,-61.199
1353.03,-60.028
1353.52,-61.634
1354.00,-60.214
1354.49,-61.793
1354.98,-60.399
1355.47,-60.866
1355.96,-61.239
1356.45,-61.293
1356.93,-60.736
1357.42,-60.921
1357.91,-60.843
1358.40,-60.229
1358.89,-60.331
1359.38,-62.314
1359.86,-60.951
1360.35,-60.172
1360.84,-60.582
1361.33,-62.482
1361.82,-60.439
1362.30,-60.389
1362.79,-59.420
1363.28,-59.142
1363.77,-59.257
1364.26,-60.786
1364.75,-61.526
1365.23,-57.932
1365.72,-59.224
1366.21,-58.858
1366.70,-59.716
1367.19,-59.694
1367.68,-59.831
1368.16,-59.512
1368.65,-59.893
1369.14,-58.300
1369.63,-57.437
1370.12,-58.769
1370.61,-58.780
1371.09,-56.205
1371.58,-57.745
1372.07,-57.552
1372.56,-59.020
1373.05,-57.606
1373.54,-57.132
1374.02,-58.661
1374.51,-57.281
1375.00,-57.785
1375.49,-57.354
1375.98,-56.291
1376.46,-55.413
1376.95,-56.834
1377.44,-58.684
1377.93,-57.606
1378.42,-56.444
1378.91,-59.140
1379.39,-57.628
1379.88,-56.110
1380.37,-55.449
1380.86,-56.473
1381.35,-55.489
1381.84,-55.700
1382.32,-55.657
1382.81,-56.310
1383.30,-55.867
1383.79,-54.870
1384.28,-54.193
1384.77,-52.693
1385.25,-53.420
1385.74,-54.171
1386.23,-55.427
1386.72,-55.212
1387.21,-54.524
1387.70,-54.657
1388.18,-52.664
1388.67,-54.618
1389.16,-55.563
1389.65,-54.507
1390.14,-54.625
1390.62,-53.550
1391.11,-54.105
1391.60,-53.963
1392.09,-54.533
1392.58,-53.145
1393.07,-53.425
1393.55,-53.198
1394.04,-53.190
1394.53,-52.857
1395.02,-54.055
1395.51,-54.524
1396.00,-52.524
1396.48,-55.372
1396.97,-54.222
1397.46,-52.928
1397.95,-52.455
1398.44,-54.332
1398.93,-54.634
1399.41,-53.854
1399.90,-54.258
1400.39,-52.651
1400.88,-55.404
1401.37,-55.626
1401.86,-53.472
1402.34,-54.443
1402.83,-54.929
1403.32,-55.084
1403.81,-55.821
1404.30,-52.979
1404.79,-56.070
1405.27,-54.809
1405.76,-55.876
1406.25,-54.353
1406.74,-53.591
1407.23,-53.206
1407.71,-56.234
1408.20,-53.574
1408.69,-55.966
1409.18,-54.830
1409.67,-54.959
1410.16,-55.831
1410.64,-55.759
1411.13,-56.450
1411.62,-54.825
1412.11,-55.021
1412.60,-54.795
1413.09,-57.112
1413.57,-56.124
1414.06,-54.944
1414.55,-55.901
1415.04,-54.074
1415.53,-54.118
1416.02,-56.814
1416.50,-55.236
1416.99,-55.295
1417.48,-56.005
1417.97,-57.202
1418.46,-56.992
1418.95,-56.518
1419.43,-58.192
1419.92,-57.458
1420.41,-59.095
1420.90,-57.418
1421.39,-57.288
1421.88,-58.174
1422.36,-56.897
1422.85,-56.822
1423.34,-57.453
1423.83,-58.332
1424.32,-57.734
1424.80,-56.315
1425.29,-57.253
1425.78,-58.949
1426.27,-57.529
1426.76,-58.113
1427.25,-59.110
1427.73,-58.455
1428.22,-58.854
1428.71,-57.683
1429.20,-59.042
1429.69,-57.802
1430.18,-58.966
1430.66,-60.553
1431.15,-57.469
1431.64,-60.390
1432.13,-60.043
1432.62,-61.444
1433.11,-59.724
1433.59,-59.250
1434.08,-60.890
1434.57,-60.679
1435.06,-61.957
1435.55,-60.050
1436.04,-58.528
1436.52,-61.104
1437.01,-60.863
1437.50,-61.240
1437.99,-61.778
1438.48,-60.579
1438.96,-60.932
1439.45,-59.979
1439.94,-61.469
1440.43,-60.761
1440.92,-62.136
1441.41,-59.151
1441.89,-61.937
1442.38,-59.963
1442.87,-61.030
1443.36,-59.841
1443.85,-63.346
1444.34,-61.063
1444.82,-62.485
1445.31,-62.930
1445.80,-63.690
1446.29,-63.522
1446.78,-62.037
1447.27,-62.200
1447.75,-62.994
1448.24,-63.739
1448.73,-63.040
1449.22,-63.297
1449.71,-63.097
1450.20,-62.077
1450.68,-63.829
1451.17,-61.511
1451.66,-61.627
1452.15,-60.505
1452.64,-62.164
1453.12,-62.487
1453.61,-61.996
1454.10,-62.854
1454.59,-63.052
1455.08,-62.654
1455.57,-62.054
1456.05,-62.761
1456.54,-63.225
1457.03,-61.817
1457.52,-63.069
1458.01,-62.090
1458.50,-63.165
1458.98,-63.810
1459.47,-62.891
1459.96,-61.496
1460.45,-62.976
1460.94,-62.371
1461.43,-64.789
1461.91,-63.408
1462.40,-62.418
1462.89,-63.336
1463.38,-63.972
1463.87,-63.535
1464.36,-62.304
1464.84,-62.840
1465.33,-63.797
1465.82,-62.314
1466.31,-63.508
1466.80,-65.085
1467.29,-64.231
1467.77,-65.186
1468.26,-63.462
1468.75,-62.577
1469.24,-63.993
1469.73,-63.488
1470.21,-63.937
1470.70,-64.429
1471.19,-63.501
1471.68,-64.956
1472.17,-64.621
1472.66,-62.993
1473.14,-64.923
1473.63,-66.855
1474.12,-64.844
1474.61,-64.485
1475.10,-63.519
1475.59,-64.669
1476.07,-65.276
1476.56,-65.939
1477.05,-64.356
1477.54,-65.438
1478.03,-62.142
1478.52,-64.252
1479.00,-65.020
1479.49,-65.618
1479.98,-63.721
1480.47,-65.745
1480.96,-64.907
1481.45,-64.414
1481.93,-65.606
1482.42,-64.702
1482.91,-63.768
1483.40,-63.943
1483.89,-64.733
1484.38,-66.052
1484.86,-66.781
1485.35,-65.179
1485.84,-65.697
1486.33,-65.681
1486.82,-65.986
1487.30,-66.397
1487.79,-64.969
1488.28,-65.199
1488.77,-66.421
1489.26,-64.804
1489.75,-64.679
1490.23,-65.937
1490.72,-66.073
1491.21,-66.155
1491.70,-64.917
1492.19,-66.844
1492.68,-66.150
1493.16,-68.059
1493.65,-65.383
1494.14,-68.234
1494.63,-65.198
1495.12,-64.981
1495.61,-66.572
1496.09,-66.176
1496.58,-67.231
1497.07,-66.347
1497.56,-65.749
1498.05,-67.108
1498.54,-66.473
1499.02,-65.386
1499.51,-67.228
1500.00,-66.490
1500.49,-65.851
1500.98,-67.038
1501.46,-66.326
1501.95,-66.114
1502.44,-66.217
1502.93,-66.330
1503.42,-65.233
1503.91,-66.135
1504.39,-67.458
1504.88,-65.404
1505.37,-67.014
1505.86,-67.952
1506.35,-66.397
1506.84,-65.543
1507.32,-66.898
1507.81,-66.637
1508.30,-68.473
1508.79,-65.488
1509.28,-67.286
1509.77,-69.212
1510.25,-66.387
1510.74,-68.192
1511.23,-68.263
1511.72,-66.470
1512.21,-66.582
1512.70,-66.857
1513.18,-66.637
1513.67,-65.899
1514.16,-66.783
1514.65,-67.303
1515.14,-67.533
1515.62,-65.599
1516.11,-67.255
1516.60,-66.798
1517.09,-67.131
1517.58,-67.383
1518.07,-66.347
1518.55,-67.644
1519.04,-68.448
1519.53,-69.324
1520.02,-67.000
1520.51,-67.599
1521.00,-67.886
1521.48,-66.448
1521.97,-69.273
1522.46,-68.391
1522.95,-67.182
1523.44,-68.552
1523.93,-67.283
1524.41,-68.191
1524.90,-68.600
1525.39,-68.522
1525.88,-68.480
1526.37,-69.354
1526.86,-68.151
1527.34,-67.628
1527.83,-65.994
1528.32,-67.217
1528.81,-66.749
1529.30,-66.580
1529.79,-66.878
1530.27,-68.206
1530.76,-69.198
1531.25,-69.240
1531.74,-66.056
1532.23,-67.950
1532.71,-69.774
1533.20,-69.014
1533.69,-66.650
1534.18,-67.449
1534.67,-68.465
1535.16,-67.731
1535.64,-68.988
1536.13,-66.902
1536.62,-68.260
1537.11,-66.172
1537.60,-68.581
1538.09,-68.353
1538.57,-66.970
1539.06,-69.639
1539.55,-68.473
1540.04,-68.249
1540.53,-67.950
1541.02,-68.890
1541.50,-68.044
1541.99,-68.287
1542.48,-69.563
1542.97,-67.195
1543.46,-69.056
1543.95,-68.964
1544.43,-67.431
1544.92,-70.614
1545.41,-68.774
1545.90,-66.961
1546.39,-68.703
1546.88,-68.616
1547.36,-67.249
1547.85,-68.357
1548.34,-68.684
1548.83,-69.503
1549.32,-67.443
1549.80,-68.144
1550.29,-67.426
1550.78,-68.291
1551.27,-66.924
1551.76,-69.622
1552.25,-69.382
1552.73,-68.575
1553.22,-70.408
1553.71,-70.216
1554.20,-69.333
1554.69,-70.115
1555.18,-68.851
1555.66,-69.138
1556.15,-67.443
1556.64,-68.196
1557.13,-68.028
1557.62,-67.927
1558.11,-68.634
1558.59,-67.972
1559.08,-68.233
1559.57,-67.716
1560.06,-67.123
1560.55,-68.896
1561.04,-68.433
1561.52,-69.623
1562.01,-68.604
1562.50,-70.120
1562.99,-69.098
1563.48,-69.762
1563.96,-69.205
1564.45,-69.122
1564.94,-69.254
1565.43,-68.521
1565.92,-68.063
1566.41,-70.933
1566.89,-68.676
1567.38,-69.298
1567.87,-68.678
1568.36,-68.111
1568.85,-69.358
1569.34,-67.722
1569.82,-69.942
1570.31,-70.446
1570.80,-67.014
1571.29,-68.578
1571.78,-70.343
1572.27,-69.323
1572.75,-68.567
1573.24,-70.014
1573.73,-69.827
1574.22,-70.552
1574.71,-68.218
1575.20,-69.629
1575.68,-68.686
1576.17,-70.972
1576.66,-68.304
1577.15,-69.406
1577.64,-68.742
1578.12,-67.754
1578.61,-68.641
1579.10,-68.685
1579.59,-69.072
1580.08,-68.915
1580.57,-68.368
1581.05,-68.146
1581.54,-69.701
1582.03,-68.965
1582.52,-68.451
1583.01,-69.314
1583.50,-66.884
1583.98,-69.325
1584.47,-70.483
1584.96,-68.088
1585.45,-70.064
1585.94,-69.399
1586.43,-68.695
1586.91,-69.662
1587.40,-66.982
1587.89,-68.880
1588.38,-68.285
1588.87,-68.926
1589.36,-68.688
1589.84,-68.367
1590.33,-71.081
1590.82,-69.806
1591.31,-70.167
1591.80,-71.280
1592.29,-69.246
1592.77,-70.017
1593.26,-67.963
1593.75,-69.964
1594.24,-69.826
1594.73,-68.702
1595.21,-69.389
1595.70,-68.966
1596.19,-67.567
1596.68,-68.411
1597.17,-69.071
1597.66,-67.628
1598.14,-70.231
1598.63,-70.420
1599.12,-70.261
1599.61,-68.683
1600.10,-69.855
1600.59,-69.405
1601.07,-69.002
1601.56,-67.844
1602.05,-69.514
1602.54,-69.179
1603.03,-69.667
1603.52,-70.128
1604.00,-70.033
1604.49,-70.579
1604.98,-69.112
1605.47,-69.843
1605.96,-69.199
1606.45,-69.951
1606.93,-70.392
1607.42,-68.550
1607.91,-69.008
1608.40,-68.804
1608.89,-67.853
1609.38,-68.637
1609.86,-69.415
1610.35,-69.137
1610.84,-68.927
1611.33,-68.796
1611.82,-68.808
1612.30,-71.104
1612.79,-69.139
1613.28,-68.047
1613.77,-69.132
1614.26,-69.820
1614.75,-70.434
1615.23,-70.432
1615.72,-69.025
1616.21,-69.091
1616.70,-69.346
1617.19,-67.329
1617.68,-68.792
1618.16,-69.472
1618.65,-67.840
1619.14,-68.022
1619.63,-67.629
1620.12,-68.265
1620.61,-69.332
1621.09,-69.574
1621.58,-71.032
1622.07,-69.679
1622.56,-68.172
1623.05,-69.731
1623.54,-69.252
1624.02,-68.980
1624.51,-66.937
1625.00,-68.177
1625.49,-67.920
1625.98,-68.794
1626.46,-68.781
1626.95,-70.248
1627.44,-68.680
1627.93,-68.832
1628.42,-69.205
1628.91,-68.792
1629.39,-71.034
1629.88,-68.736
1630.37,-67.689
1630.86,-68.907
1631.35,-69.203
1631.84,-69.195
1632.32,-68.266
1632.81,-68.139
1633.30,-70.210
1633.79,-68.493
1634.28,-68.252
1634.77,-67.719
1635.25,-69.243
1635.74,-70.110
1636.23,-67.650
1636.72,-68.540
1637.21,-67.646
1637.70,-68.737
1638.18,-69.586
1638.67,-68.441
1639.16,-69.252
1639.65,-67.969
1640.14,-68.071
1640.62,-68.753
1641.11,-68.530
1641.60,-68.960
1642.09,-67.844
1642.58,-68.704
1643.07,-68.961
1643.55,-67.747
1644.04,-67.954
1644.53,-69.390
1645.02,-69.773
1645.51,-68.908
1646.00,-68.649
1646.48,-67.108
1646.97,-68.341
1647.46,-69.518
1647.95,-68.333
1648.44,-67.876
1648.93,-67.906
1649.41,-67.528
1649.90,-66.925
1650.39,-68.054
1650.88,-70.134
1651.37,-68.361
1651.86,-67.418
1652.34,-69.150
1652.83,-69.655
1653.32,-68.075
1653.81,-69.398
1654.30,-69.475
1654.79,-68.434
1655.27,-68.030
1655.76,-69.310
1656.25,-68.261
1656.74,-68.851
1657.23,-67.759
1657.71,-67.215
1658.20,-68.689
1658.69,-68.128
1659.18,-68.644
1659.67,-67.789
1660.16,-67.977
1660.64,-67.971
1661.13,-69.074
1661.62,-69.532
1662.11,-67.117
1662.60,-68.770
1663.09,-68.508
1663.57,-69.660
1664.06,-67.919
1664.55,-67.807
1665.04,-66.945
1665.53,-66.444
1666.02,-67.676
1666.50,-67.421
1666.99,-67.399
1667.48,-68.838
1667.97,-68.750
1668.46,-69.078
1668.95,-69.592
1669.43,-67.505
1669.92,-67.207
1670.41,-67.846
1670.90,-68.375
1671.39,-68.376
1671.88,-68.003
1672.36,-66.397
1672.85,-68.548
1673.34,-67.826
1673.83,-68.300
1674.32,-68.280
1674.80,-68.272
1675.29,-66.932
1675.78,-68.194
1676.27,-67.026
1676.76,-67.050
1677.25,-67.286
1677.73,-69.007
1678.22,-67.874
1678.71,-68.117
1679.20,-68.995
1679.69,-67.387
1680.18,-65.902
1680.66,-67.081
1681.15,-67.679
1681.64,-66.674
1682.13,-68.037
1682.62,-67.660
1683.11,-67.807
1683.59,-67.993
1684.08,-67.762
1684.57,-68.885
1685.06,-68.236
1685.55,-66.944
1686.04,-67.683
1686.52,-68.502
1687.01,-67.491
1687.50,-67.403
1687.99,-67.160
1688.48,-67.546
1688.96,-68.357
1689.45,-67.742
1689.94,-67.878
1690.43,-66.664
1690.92,-67.214
1691.41,-67.774
1691.89,-66.588
1692.38,-66.895
1692.87,-65.911
1693.36,-66.804
1693.85,-67.601
1694.34,-68.023
1694.82,-67.855
1695.31,-66.683
1695.80,-66.314
1696.29,-67.749
1696.78,-67.748
1697.27,-66.916
1697.75,-66.292
1698.24,-68.858
1698.73,-68.629
1699.22,-68.061
1699.71,-67.946
1700.20,-67.505
1700.68,-66.921
1701.17,-66.536
1701.66,-67.493
1702.15,-66.159
1702.64,-67.456
1703.12,-68.461
1703.61,-68.836
1704.10,-66.283
1704.59,-66.738
1705.08,-67.221
1705.57,-66.037
1706.05,-66.279
1706.54,-64.580
1707.03,-67.236
1707.52,-64.537
1708.01,-65.258
1708.50,-65.448
1708.98,-66.674
1709.47,-68.562
1709.96,-67.139
1710.45,-66.005
1710.94,-67.461
1711.43,-67.746
1711.91,-66.230
1712.40,-66.280
1712.89,-68.713
1713.38,-65.235
1713.87,-66.538
1714.36,-65.965
1714.84,-67.288
1715.33,-67.782
1715.82,-66.314
1716.31,-65.752
1716.80,-65.150
1717.29,-65.523
1717.77,-65.973
1718.26,-65.157
1718.75,-64.951
1719.24,-65.580
1719.73,-65.079
1720.21,-66.169
1720.70,-66.983
1721.19,-64.937
1721.68,-66.606
1722.17,-65.822
1722.66,-64.728
1723.14,-66.252
1723.63,-66.296
1724.12,-65.487
1724.61,-66.852
1725.10,-65.977
1725.59,-65.805
1726.07,-65.010
1726.56,-65.690
1727.05,-64.511
1727.54,-64.998
1728.03,-64.730
1728.52,-65.256
1729.00,-66.106
1729.49,-66.384
1729.98,-67.313
1730.47,-64.197
1730.96,-63.914
1731.45,-65.070
1731.93,-64.555
1732.42,-64.603
1732.91,-63.885
1733.40,-65.403
1733.89,-65.642
1734.38,-63.982
1734.86,-64.538
1735.35,-64.820
1735.84,-63.712
1736.33,-64.000
1736.82,-65.865
1737.30,-65.367
1737.79,-65.595
1738.28,-65.470
1738.77,-64.407
1739.26,-65.466
1739.75,-63.959
1740.23,-65.526
1740.72,-64.613
1741.21,-65.120
1741.70,-63.966
1742.19,-63.800
1742.68,-63.154
1743.16,-63.510
1743.65,-65.074
1744.14,-65.304
1744.63,-64.217
1745.12,-62.514
1745.61,-64.219
1746.09,-63.239
1746.58,-64.062
1747.07,-63.015
1747.56,-64.295
1748.05,-64.141
1748.54,-63.928
1749.02,-63.092
1749.51,-64.845
1750.00,-63.474
1750.49,-63.158
1750.98,-64.325
1751.46,-64.731
1751.95,-62.420
1752.44,-63.241
1752.93,-63.420
1753.42,-63.245
1753.91,-64.738
1754.39,-64.085
1754.88,-64.735
1755.37,-63.548
1755.86,-63.833
1756.35,-63.202
1756.84,-63.682
1757.32,-63.655
1757.81,-62.678
1758.30,-61.506
1758.79,-63.773
1759.28,-62.729
1759.77,-63.633
1760.25,-62.320
1760.74,-62.240
1761.23,-63.139
1761.72,-63.050
1762.21,-62.296
1762.70,-64.012
1763.18,-62.628
1763.67,-62.322
1764.16,-61.987
1764.65,-63.434
1765.14,-62.921
1765.62,-61.841
1766.11,-62.447
1766.60,-61.968
1767.09,-63.112
1767.58,-63.281
1768.07,-61.084
1768.55,-61.932
1769.04,-62.734
1769.53,-62.386
1770.02,-62.765
1770.51,-63.597
1771.00,-62.358
1771.48,-60.438
1771.97,-62.190
1772.46,-61.751
1772.95,-62.097
1773.44,-62.557
1773.93,-63.187
1774.41,-62.448
1774.90,-62.048
1775.39,-62.867
1775.88,-62.256
1776.37,-61.471
1776.86,-62.617
1777.34,-60.891
1777.83,-60.423
1778.32,-62.152
1778.81,-58.670
1779.30,-62.231
1779.79,-61.119
1780.27,-60.161
1780.76,-60.448
1781.25,-60.528
1781.74,-60.986
1782.23,-60.489
1782.71,-61.744
1783.20,-61.098
1783.69,-61.810
1784.18,-61.197
1784.67,-59.864
1785.16,-59.149
1785.64,-60.347
1786.13,-58.682
1786.62,-59.524
1787.11,-60.422
1787.60,-59.543
1788.09,-58.604
1788.57,-59.802
1789.06,-59.613
1789.55,-58.530
1790.04,-58.193
1790.53,-60.291
1791.02,-60.395
1791.50,-60.183
1791.99,-59.341
1792.48,-59.673
1792.97,-59.891
1793.46,-58.013
1793.95,-59.138
1794.43,-58.871
1794.92,-59.124
1795.41,-58.368
1795.90,-59.116
1796.39,-57.923
1796.88,-59.074
1797.36,-58.823
1797.85,-57.796
1798.34,-57.223
1798.83,-58.325
1799.32,-59.422
1799.80,-56.461
1800.29,-57.878
1800.78,-57.082
1801.27,-57.352
1801.76,-57.499
1802.25,-58.139
1802.73,-59.727
1803.22,-59.851
1803.71,-57.531
1804.20,-57.626
1804.69,-58.081
1805.18,-56.458
1805.66,-56.836
1806.15,-57.095
1806.64,-56.520
1807.13,-57.210
1807.62,-56.904
1808.11,-57.019
1808.59,-55.907
1809.08,-57.006
1809.57,-57.153
1810.06,-58.067
1810.55,-57.586
1811.04,-56.110
1811.52,-57.037
1812.01,-56.639
1812.50,-57.298
1812.99,-55.197
1813.48,-56.694
1813.96,-55.676
1814.45,-55.909
1814.94,-56.178
1815.43,-56.238
1815.92,-56.068
1816.41,-55.805
1816.89,-54.301
1817.38,-55.540
1817.87,-54.980
1818.36,-54.185
1818.85,-55.200
1819.34,-54.967
1819.82,-55.855
1820.31,-56.264
1820.80,-56.330
1821.29,-55.485
1821.78,-54.481
1822.27,-55.277
1822.75,-55.717
1823.24,-53.935
1823.73,-53.811
1824.22,-54.181
1824.71,-53.134
1825.20,-52.498
1825.68,-53.600
1826.17,-53.225
1826.66,-53.006
1827.15,-53.466
1827.64,-55.197
1828.12,-54.450
1828.61,-52.834
1829.10,-53.641
1829.59,-52.808
1830.08,-53.181
1830.57,-51.899
1831.05,-52.149
1831.54,-52.891
1832.03,-50.826
1832.52,-51.825
1833.01,-52.477
1833.50,-51.377
1833.98,-50.264
1834.47,-50.950
1834.96,-51.266
1835.45,-50.800
1835.94,-50.249
1836.43,-50.570
1836.91,-49.814
1837.40,-49.523
1837.89,-50.483
1838.38,-50.371
1838.87,-50.402
1839.36,-49.770
1839.84,-49.236
1840.33,-49.966
1840.82,-49.950
1841.31,-48.276
1841.80,-48.268
1842.29,-49.474
1842.77,-48.958
1843.26,-48.435
1843.75,-48.687
1844.24,-49.792
1844.73,-49.983
1845.21,-49.347
1845.70,-49.558
1846.19,-47.719
1846.68,-49.264
1847.17,-50.430
1847.66,-47.959
1848.14,-49.848
1848.63,-48.710
1849.12,-51.219
1849.61,-50.672
1850.10,-51.298
1850.59,-47.039
1851.07,-48.172
1851.56,-48.681
1852.05,-47.632
1852.54,-49.487
1853.03,-49.349
1853.52,-48.925
1854.00,-49.631
1854.49,-48.162
1854.98,-50.395
1855.47,-48.908
1855.96,-49.780
1856.45,-49.173
1856.93,-48.453
1857.42,-47.149
1857.91,-48.863
1858.40,-48.384
1858.89,-49.931
1859.38,-49.022
1859.86,-50.140
1860.35,-50.385
1860.84,-50.000
1861.33,-50.083
1861.82,-52.011
1862.30,-50.483
1862.79,-50.035
1863.28,-49.272
1863.77,-48.994
1864.26,-50.732
1864.75,-49.082
1865.23,-51.309
1865.72,-50.904
1866.21,-51.556
1866.70,-51.230
1867.19,-53.095
1867.68,-52.081
1868.16,-51.420
1868.65,-52.759
1869.14,-51.828
1869.63,-51.452
1870.12,-51.690
1870.61,-50.960
1871.09,-51.920
1871.58,-53.010
1872.07,-51.760
1872.56,-52.707
1873.05,-52.962
1873.54,-52.257
1874.02,-52.138
1874.51,-52.797
1875.00,-53.872
1875.49,-52.892
1875.98,-53.133
1876.46,-54.451
1876.95,-54.010
1877.44,-54.352
1877.93,-55.146
1878.42,-52.032
1878.91,-52.410
1879.39,-53.886
1879.88,-55.067
1880.37,-53.770
1880.86,-54.623
1881.35,-53.554
1881.84,-53.548
1882.32,-53.944
1882.81,-55.979
1883.30,-54.760
1883.79,-53.821
1884.28,-54.340
1884.77,-54.501
1885.25,-54.420
1885.74,-58.231
1886.23,-56.729
1886.72,-55.146
1887.21,-56.285
1887.70,-55.918
1888.18,-55.943
1888.67,-55.180
1889.16,-57.503
1889.65,-56.918
1890.14,-56.227
1890.62,-55.606
1891.11,-54.719
1891.60,-55.597
1892.09,-54.595
1892.58,-56.003
1893.07,-55.985
1893.55,-55.886
1894.04,-55.459
1894.53,-55.271
1895.02,-56.271
1895.51,-56.735
1896.00,-56.082
1896.48,-56.540
1896.97,-55.909
1897.46,-55.983
1897.95,-58.616
1898.44,-58.510
1898.93,-56.518
1899.41,-56.295
1899.90,-57.263
1900.39,-57.114
1900.88,-57.866
1901.37,-59.048
1901.86,-58.798
1902.34,-57.954
1902.83,-59.711
1903.32,-57.977
1903.81,-58.941
1904.30,-56.609
1904.79,-58.259
1905.27,-58.279
1905.76,-58.929
1906.25,-56.448
1906.74,-57.877
1907.23,-59.561
1907.71,-58.063
1908.20,-59.773
1908.69,-58.412
1909.18,-59.366
1909.67,-59.011
1910.16,-57.775
1910.64,-57.861
1911.13,-59.564
1911.62,-56.870
1912.11,-58.499
1912.60,-58.931
1913.09,-58.311
1913.57,-59.612
1914.06,-57.546
1914.55,-56.696
1915.04,-57.292
1915.53,-58.186
1916.02,-60.396
1916.50,-59.436
1916.99,-59.223
1917.48,-58.583
1917.97,-60.321
1918.46,-60.503
1918.95,-58.283
1919.43,-59.180
1919.92,-59.185
1920.41,-57.885
1920.90,-59.846
1921.39,-58.798
1921.88,-60.352
1922.36,-59.287
1922.85,-59.209
1923.34,-60.729
1923.83,-61.317
1924.32,-60.296
1924.80,-61.944
1925.29,-58.745
1925.78,-61.000
1926.27,-61.161
1926.76,-58.866
1927.25,-60.466
1927.73,-59.690
1928.22,-60.210
1928.71,-59.407
1929.20,-60.776
1929.69,-61.719
1930.18,-60.784
1930.66,-61.711
1931.15,-59.998
1931.64,-60.197
1932.13,-60.150
1932.62,-60.762
1933.11,-59.672
1933.59,-60.066
1934.08,-62.145
1934.57,-61.139
1935.06,-61.111
1935.55,-61.399
1936.04,-61.583
1936.52,-59.816
1937.01,-60.755
1937.50,-60.317
1937.99,-61.808
1938.48,-61.491
1938.96,-61.827
1939.45,-60.959
1939.94,-60.311
1940.43,-61.855
1940.92,-61.029
1941.41,-62.675
1941.89,-61.691
1942.38,-62.944
1942.87,-61.405
1943.36,-62.837
1943.85,-61.291
1944.34,-60.281
1944.82,-61.021
1945.31,-61.081
1945.80,-61.504
1946.29,-60.016
1946.78,-61.628
1947.27,-63.517
1947.75,-62.234
1948.24,-62.069
1948.73,-61.795
1949.22,-61.096
1949.71,-62.411
1950.20,-62.170
1950.68,-61.901
1951.17,-60.486
1951.66,-60.164
1952.15,-60.010
1952.64,-60.476
1953.12,-61.587
1953.61,-61.739
1954.10,-60.928
1954.59,-61.667
1955.08,-61.340
1955.57,-63.118
1956.05,-61.727
1956.54,-62.098
1957.03,-62.617
1957.52,-61.827
1958.01,-61.511
1958.50,-62.626
1958.98,-61.445
1959.47,-61.856
1959.96,-61.439
1960.45,-62.171
1960.94,-61.318
1961.43,-62.214
1961.91,-60.677
1962.40,-60.949
1962.89,-61.518
1963.38,-62.566
1963.87,-62.290
1964.36,-63.298
1964.84,-62.708
1965.33,-63.103
1965.82,-62.249
1966.31,-63.464
1966.80,-61.857
1967.29,-61.525
1967.77,-61.254
1968.26,-61.430
1968.75,-62.345
1969.24,-61.460
1969.73,-63.295
1970.21,-62.469
1970.70,-61.853
1971.19,-61.178
1971.68,-61.599
1972.17,-63.839
1972.66,-63.564
1973.14,-61.893
1973.63,-64.083
1974.12,-64.500
1974.61,-63.183
1975.10,-63.030
1975.59,-61.313
1976.07,-63.501
1976.56,-62.174
1977.05,-62.132
1977.54,-62.018
1978.03,-62.469
1978.52,-63.735
1979.00,-63.206
1979.49,-63.809
1979.98,-62.305
1980.47,-60.996
1980.96,-63.679
1981.45,-63.455
1981.93,-61.374
1982.42,-62.886
1982.91,-62.985
1983.40,-61.848
1983.89,-62.600
1984.38,-64.241
1984.86,-62.514
1985.35,-61.370
1985.84,-63.701
1986.33,-63.439
1986.82,-61.531
1987.30,-62.596
1987.79,-64.121
1988.28,-64.128
1988.77,-64.281
1989.26,-64.553
1989.75,-64.368
1990.23,-64.143
1990.72,-63.453
1991.21,-61.991
1991.70,-63.878
1992.19,-62.410
1992.68,-61.189
1993.16,-63.843
1993.65,-62.488
1994.14,-62.296
1994.63,-62.665
1995.12,-63.573
1995.61,-63.418
1996.09,-64.129
1996.58,-64.243
1997.07,-65.322
1997.56,-63.429
1998.05,-64.885
1998.54,-63.577
1999.02,-61.861
1999.51,-63.475
2000.00,-62.658
2000.49,-63.401
2000.98,-63.205
2001.46,-63.718
2001.95,-65.248
2002.44,-62.609
2002.93,-61.874
2003.42,-63.085
2003.91,-64.833
2004.39,-63.184
2004.88,-62.958
2005.37,-62.438
2005.86,-62.209
2006.35,-63.179
2006.84,-64.375
2007.32,-64.409
2007.81,-64.211
2008.30,-62.990
2008.79,-64.822
2009.28,-64.684
2009.77,-63.878
2010.25,-63.444
2010.74,-63.686
2011.23,-63.003
2011.72,-62.581
2012.21,-65.406
2012.70,-63.514
2013.18,-64.398
2013.67,-65.403
2014.16,-64.004
2014.65,-63.761
2015.14,-64.796
2015.62,-64.540
2016.11,-64.171
2016.60,-64.211
2017.09,-62.745
2017.58,-64.297
2018.07,-64.891
2018.55,-64.993
2019.04,-65.895
2019.53,-64.287
2020.02,-64.122
2020.51,-64.755
2021.00,-63.737
2021.48,-63.087
2021.97,-64.850
2022.46,-64.525
2022.95,-63.930
2023.44,-62.621
2023.93,-64.092
2024.41,-63.654
2024.90,-62.964
2025.39,-63.366
2025.88,-62.946
2026.37,-65.031
2026.86,-62.627
2027.34,-63.250
2027.83,-64.355
2028.32,-65.401
2028.81,-65.578
2029.30,-63.210
2029.79,-64.396
2030.27,-62.861
2030.76,-62.547
2031.25,-64.606
2031.74,-63.204
2032.23,-65.329
2032.71,-63.830
2033.20,-62.882
2033.69,-64.976
2034.18,-63.336
2034.67,-63.334
2035.16,-64.117
2035.64,-60.749
2036.13,-64.966
2036.62,-62.875
2037.11,-63.820
2037.60,-65.356
2038.09,-63.337
2038.57,-64.554
2039.06,-62.697
2039.55,-64.072
2040.04,-62.899
2040.53,-64.751
2041.02,-63.793
2041.50,-64.302
2041.99,-64.120
2042.48,-64.416
2042.97,-63.106
2043.46,-64.163
2043.95,-64.031
2044.43,-63.172
2044.92,-63.637
2045.41,-64.480
2045.90,-64.751
2046.39,-64.493
2046.88,-64.419
2047.36,-64.619
2047.85,-63.750
2048.34,-64.277
2048.83,-62.249
2049.32,-65.646
2049.80,-64.645
2050.29,-63.559
2050.78,-63.865
2051.27,-63.839
2051.76,-62.397
2052.25,-64.052
2052.73,-62.410
2053.22,-62.841
2053.71,-63.883
2054.20,-64.376
2054.69,-64.288
2055.18,-65.568
2055.66,-63.131
2056.15,-64.963
2056.64,-64.287
2057.13,-62.527
2057.62,-64.989
2058.11,-64.271
2058.59,-63.951
2059.08,-64.139
2059.57,-62.367
2060.06,-63.648
2060.55,-63.263
2061.04,-63.426
2061.52,-62.981
2062.01,-63.916
2062.50,-63.222
2062.99,-64.869
2063.48,-63.764
2063.96,-62.980
2064.45,-64.105
2064.94,-63.957
2065.43,-64.184
2065.92,-62.067
2066.41,-64.990
2066.89,-63.796
2067.38,-64.853
2067.87,-63.721
2068.36,-64.357
2068.85,-64.138
2069.34,-62.431
2069.82,-64.950
2070.31,-63.198
2070.80,-64.152
2071.29,-64.143
2071.78,-63.403
2072.27,-64.570
2072.75,-62.423
2073.24,-62.752
2073.73,-65.654
2074.22,-64.387
2074.71,-64.185
2075.20,-63.208
2075.68,-64.341
2076.17,-63.236
2076.66,-63.666
2077.15,-64.400
2077.64,-64.936
2078.12,-64.690
2078.61,-63.262
2079.10,-63.609
2079.59,-65.094
2080.08,-66.379
2080.57,-64.350
2081.05,-63.374
2081.54,-65.029
2082.03,-63.602
2082.52,-61.958
2083.01,-64.477
2083.50,-62.354
2083.98,-62.037
2084.47,-62.697
2084.96,-63.573
2085.45,-62.609
2085.94,-62.872
2086.43,-64.153
2086.91,-65.799
2087.40,-65.027
2087.89,-62.698
2088.38,-64.202
2088.87,-61.847
2089.36,-61.312
2089.84,-63.811
2090.33,-63.651
2090.82,-63.107
2091.31,-62.071
2091.80,-62.074
2092.29,-63.610
2092.77,-64.409
2093.26,-64.592
2093.75,-61.965
2094.24,-64.153
2094.73,-63.695
2095.21,-65.241
2095.70,-64.169
2096.19,-63.305
2096.68,-65.018
2097.17,-62.865
2097.66,-64.077
2098.14,-64.131
2098.63,-63.456
2099.12,-64.472
2099.61,-65.797
2100.10,-64.348
2100.59,-64.405
2101.07,-62.292
2101.56,-62.550
2102.05,-63.142
2102.54,-61.876
2103.03,-64.205
2103.52,-62.134
2104.00,-64.020
2104.49,-63.944
2104.98,-62.833
2105.47,-63.364
2105.96,-62.369
2106.45,-62.481
2106.93,-61.654
2107.42,-62.350
2107.91,-64.414
2108.40,-62.348
2108.89,-62.449
2109.38,-62.308
2109.86,-64.073
2110.35,-63.395
2110.84,-64.022
2111.33,-62.798
2111.82,-63.210
2112.30,-62.669
2112.79,-62.877
2113.28,-64.044
2113.77,-64.781
2114.26,-63.852
2114.75,-63.116
2115.23,-62.943
2115.72,-62.518
2116.21,-62.582
2116.70,-61.934
2117.19,-62.424
2117.68,-62.479
2118.16,-62.691
2118.65,-61.783
2119.14,-62.893
2119.63,-62.873
2120.12,-62.694
2120.61,-62.492
2121.09,-62.629
2121.58,-63.031
2122.07,-63.951
2122.56,-62.560
2123.05,-62.428
2123.54,-62.945
2124.02,-62.711
2124.51,-63.598
2125.00,-62.559
2125.49,-61.292
2125.98,-63.811
2126.46,-64.021
2126.95,-63.210
2127.44,-62.370
2127.93,-64.706
2128.42,-63.100
2128.91,-62.429
2129.39,-61.694
2129.88,-63.243
2130.37,-62.217
2130.86,-61.141
2131.35,-63.401
2131.84,-62.149
2132.32,-62.257
2132.81,-62.360
2133.30,-62.615
2133.79,-62.049
2134.28,-63.142
2134.77,-64.273
2135.25,-62.552
2135.74,-62.167
2136.23,-61.777
2136.72,-62.337
2137.21,-61.815
2137.70,-63.787
2138.18,-61.011
2138.67,-61.509
2139.16,-61.695
2139.65,-61.848
2140.14,-62.486
2140.62,-60.659
2141.11,-61.719
2141.60,-62.861
2142.09,-63.498
2142.58,-62.011
2143.07,-61.915
2143.55,-62.556
2144.04,-62.856
2144.53,-61.517
2145.02,-60.976
2145.51,-62.378
2146.00,-62.829
2146.48,-62.577
2146.97,-61.241
2147.46,-61.351
2147.95,-61.181
2148.44,-61.934
2148.93,-62.021
2149.41,-62.665
2149.90,-62.077
2150.39,-63.027
2150.88,-61.721
2151.37,-61.325
2151.86,-62.090
2152.34,-63.384
2152.83,-62.304
2153.32,-60.916
2153.81,-61.301
2154.30,-63.782
2154.79,-60.549
2155.27,-59.420
2155.76,-61.797
2156.25,-61.397
2156.74,-62.153
2157.23,-63.047
2157.71,-61.490
2158.20,-60.873
2158.69,-62.112
2159.18,-60.754
2159.67,-60.087
2160.16,-61.541
2160.64,-60.435
2161.13,-61.706
2161.62,-60.777
2162.11,-60.928
2162.60,-61.470
2163.09,-60.380
2163.57,-60.598
2164.06,-58.749
2164.55,-61.301
2165.04,-61.013
2165.53,-62.363
2166.02,-61.112
2166.50,-62.546
2166.99,-62.197
2167.48,-62.103
2167.97,-61.437
2168.46,-61.834
2168.95,-60.568
2169.43,-62.234
2169.92,-60.935
2170.41,-61.607
2170.90,-62.630
2171.39,-62.395
2171.88,-61.846
2172.36,-59.924
2172.85,-60.787
2173.34,-62.110
2173.83,-61.351
2174.32,-60.145
2174.80,-60.859
2175.29,-60.884
2175.78,-60.949
2176.27,-60.632
2176.76,-60.689
2177.25,-61.242
2177.73,-59.607
2178.22,-60.668
2178.71,-60.170
2179.20,-60.284
2179.69,-61.593
2180.18,-61.919
2180.66,-62.248
2181.15,-63.163
2181.64,-61.154
2182.13,-60.641
2182.62,-59.692
2183.11,-60.388
2183.59,-61.187
2184.08,-59.293
2184.57,-59.798
2185.06,-59.786
2185.55,-60.265
2186.04,-61.878
2186.52,-60.134
2187.01,-61.715
2187.50,-60.200
2187.99,-60.485
2188.48,-59.428
2188.96,-61.566
2189.45,-58.767
2189.94,-62.411
2190.43,-61.462
2190.92,-58.974
2191.41,-61.445
2191.89,-60.557
2192.38,-59.837
2192.87,-59.847
2193.36,-62.190
2193.85,-58.278
2194.34,-57.601
2194.82,-59.791
2195.31,-58.599
2195.80,-61.651
2196.29,-58.622
2196.78,-57.771
2197.27,-58.695
2197.75,-59.060
2198.24,-58.202
2198.73,-58.405
2199.22,-58.272
2199.71,-57.752
2200.20,-58.930
2200.68,-58.112
2201.17,-58.936
2201.66,-58.711
2202.15,-58.640
2202.64,-58.530
2203.12,-57.952
2203.61,-57.342
2204.10,-58.252
2204.59,-59.253
2205.08,-60.183
2205.57,-59.532
2206.05,-57.640
2206.54,-59.504
2207.03,-58.804
2207.52,-56.998
2208.01,-56.831
2208.50,-56.667
2208.98,-57.766
2209.47,-56.980
2209.96,-58.752
2210.45,-59.197
2210.94,-57.364
2211.43,-57.184
2211.91,-57.652
2212.40,-60.072
2212.89,-58.186
2213.38,-57.464
2213.87,-56.888
2214.36,-58.996
2214.84,-56.157
2215.33,-57.548
2215.82,-57.829
2216.31,-58.387
2216.80,-56.530
2217.29,-58.575
2217.77,-56.795
2218.26,-57.545
2218.75,-58.193
2219.24,-58.626
2219.73,-57.865
2220.21,-57.304
2220.70,-56.700
2221.19,-57.231
2221.68,-56.755
2222.17,-57.517
2222.66,-55.928
2223.14,-57.301
2223.63,-56.875
2224.12,-57.132
2224.61,-56.598
2225.10,-56.355
2225.59,-57.394
2226.07,-57.329
2226.56,-55.540
2227.05,-56.543
2227.54,-55.717
2228.03,-55.342
2228.52,-55.836
2229.00,-54.992
2229.49,-55.798
2229.98,-56.766
2230.47,-57.249
2230.96,-58.572
2231.45,-56.596
2231.93,-55.951
2232.42,-57.059
2232.91,-56.315
2233.40,-55.829
2233.89,-54.929
2234.38,-55.851
2234.86,-54.770
2235.35,-53.632
2235.84,-56.714
2236.33,-55.405
2236.82,-55.675
2237.30,-54.866
2237.79,-55.135
2238.28,-55.281
2238.77,-55.700
2239.26,-55.636
2239.75,-57.492
2240.23,-54.532
2240.72,-55.051
2241.21,-54.207
2241.70,-54.968
2242.19,-55.340
2242.68,-55.448
2243.16,-54.263
2243.65,-54.702
2244.14,-54.385
2244.63,-54.718
2245.12,-53.072
2245.61,-53.051
2246.09,-54.759
2246.58,-55.875
2247.07,-53.809
2247.56,-53.054
2248.05,-52.385
2248.54,-54.042
2249.02,-52.523
2249.51,-51.253
2250.00,-52.660
2250.49,-52.890
2250.98,-52.861
2251.46,-53.179
2251.95,-52.740
2252.44,-52.648
2252.93,-53.110
2253.42,-52.804
2253.91,-53.499
2254.39,-52.568
2254.88,-53.060
2255.37,-52.499
2255.86,-52.078
2256.35,-52.550
2256.84,-53.731
2257.32,-53.415
2257.81,-52.849
2258.30,-51.164
2258.79,-51.654
2259.28,-53.343
2259.77,-51.818
2260.25,-53.212
2260.74,-50.037
2261.23,-52.201
2261.72,-53.620
2262.21,-51.942
2262.70,-50.989
2263.18,-50.235
2263.67,-51.221
2264.16,-51.308
2264.65,-50.447
2265.14,-50.579
2265.62,-49.479
2266.11,-49.188
2266.60,-49.744
2267.09,-50.706
2267.58,-50.039
2268.07,-50.490
2268.55,-48.718
2269.04,-51.721
2269.53,-52.425
2270.02,-48.871
2270.51,-49.521
2271.00,-50.515
2271.48,-49.391
2271.97,-48.727
2272.46,-50.378
2272.95,-48.500
2273.44,-47.397
2273.93,-50.192
2274.41,-49.974
2274.90,-50.526
2275.39,-48.394
2275.88,-48.976
2276.37,-47.270
2276.86,-49.047
2277.34,-48.890
2277.83,-48.192
2278.32,-48.064
2278.81,-47.806
2279.30,-48.073
2279.79,-46.370
2280.27,-48.972
2280.76,-46.641
2281.25,-46.380
2281.74,-46.537
2282.23,-47.461
2282.71,-48.751
2283.20,-47.963
2283.69,-47.673
2284.18,-48.145
2284.67,-47.822
2285.16,-48.523
2285.64,-47.921
2286.13,-48.730
2286.62,-46.913
2287.11,-47.128
2287.60,-47.346
2288.09,-46.289
2288.57,-45.906
2289.06,-44.888
2289.55,-44.692
2290.04,-46.059
2290.53,-45.113
2291.02,-46.640
2291.50,-46.186
2291.99,-44.994
2292.48,-44.958
2292.97,-44.676
2293.46,-44.834
2293.95,-44.916
2294.43,-46.029
2294.92,-44.573
2295.41,-44.372
2295.90,-44.545
2296.39,-45.827
2296.88,-45.248
2297.36,-44.347
2297.85,-47.456
2298.34,-45.703
2298.83,-43.146
2299.32,-42.876
2299.80,-44.118
2300.29,-42.128
2300.78,-44.786
2301.27,-45.656
2301.76,-43.282
2302.25,-44.399
2302.73,-45.659
2303.22,-44.733
2303.71,-42.907
2304.20,-43.624
2304.69,-45.074
2305.18,-43.481
2305.66,-46.393
2306.15,-44.859
2306.64,-46.047
2307.13,-44.414
2307.62,-44.904
2308.11,-43.677
2308.59,-44.927
2309.08,-43.575
2309.57,-44.695
2310.06,-44.603
2310.55,-44.694
2311.04,-44.869
2311.52,-46.646
2312.01,-44.932
2312.50,-45.541
2312.99,-45.717
2313.48,-45.802
2313.96,-44.825
2314.45,-44.448
2314.94,-46.315
2315.43,-46.933
2315.92,-47.475
2316.41,-47.553
2316.89,-47.861
2317.38,-46.739
2317.87,-46.323
2318.36,-46.718
2318.85,-46.343
2319.34,-45.798
2319.82,-47.970
2320.31,-47.937
2320.80,-46.620
2321.29,-45.094
2321.78,-47.171
2322.27,-48.555
2322.75,-46.733
2323.24,-47.241
2323.73,-46.796
2324.22,-46.084
2324.71,-47.872
2325.20,-47.507
2325.68,-45.594
2326.17,-47.213
2326.66,-48.866
2327.15,-47.338
2327.64,-47.337
2328.12,-47.277
2328.61,-48.570
2329.10,-47.474
2329.59,-49.094
2330.08,-49.105
2330.57,-48.402
2331.05,-48.958
2331.54,-48.469
2332.03,-48.534
2332.52,-48.208
2333.01,-49.660
2333.50,-49.697
2333.98,-49.996
2334.47,-48.584
2334.96,-49.871
2335.45,-49.320
2335.94,-49.664
2336.43,-48.746
2336.91,-48.322
2337.40,-50.180
2337.89,-50.234
2338.38,-48.548
2338.87,-49.976
2339.36,-50.063
2339.84,-48.824
2340.33,-49.300
2340.82,-50.675
2341.31,-49.920
2341.80,-49.311
2342.29,-48.950
2342.77,-51.618
2343.26,-52.501
2343.75,-49.581
2344.24,-51.296
2344.73,-49.720
2345.21,-49.515
2345.70,-49.854
2346.19,-49.830
2346.68,-48.948
2347.17,-49.740
2347.66,-50.430
2348.14,-50.333
2348.63,-49.449
2349.12,-50.229
2349.61,-51.934
2350.10,-50.276
2350.59,-49.481
2351.07,-50.526
2351.56,-51.636
2352.05,-51.449
2352.54,-52.188
2353.03,-53.434
2353.52,-50.723
2354.00,-51.154
2354.49,-52.271
2354.98,-51.924
2355.47,-52.634
2355.96,-53.358
2356.45,-52.785
2356.93,-52.113
2357.42,-54.858
2357.91,-52.896
2358.40,-52.161
2358.89,-51.089
2359.38,-52.646
2359.86,-52.171
2360.35,-51.706
2360.84,-53.808
2361.33,-52.039
2361.82,-52.949
2362.30,-52.348
2362.79,-52.836
2363.28,-52.194
2363.77,-51.919
2364.26,-53.982
2364.75,-51.469
2365.23,-53.793
2365.72,-55.139
2366.21,-52.711
2366.70,-54.208
2367.19,-54.240
2367.68,-54.367
2368.16,-54.607
2368.65,-53.313
2369.14,-52.002
2369.63,-53.228
2370.12,-52.516
2370.61,-51.923
2371.09,-52.441
2371.58,-52.881
2372.07,-52.991
2372.56,-54.419
2373.05,-53.011
2373.54,-52.510
2374.02,-53.870
2374.51,-52.732
2375.00,-53.215
2375.49,-52.073
2375.98,-53.343
2376.46,-52.765
2376.95,-53.588
2377.44,-54.199
2377.93,-53.266
2378.42,-53.729
2378.91,-55.263
2379.39,-54.245
2379.88,-55.199
2380.37,-53.353
2380.86,-53.695
2381.35,-54.651
2381.84,-53.500
2382.32,-54.527
2382.81,-53.055
2383.30,-55.726
2383.79,-54.913
2384.28,-54.619
2384.77,-54.302
2385.25,-55.403
2385.74,-55.271
2386.23,-53.740
2386.72,-54.077
2387.21,-55.316
2387.70,-54.210
2388.18,-53.672
2388.67,-54.150
2389.16,-52.974
2389.65,-55.224
2390.14,-55.123
2390.62,-53.723
2391.11,-52.663
2391.60,-53.833
2392.09,-54.669
2392.58,-53.644
2393.07,-54.213
2393.55,-53.930
2394.04,-54.677
2394.53,-55.366
2395.02,-55.479
2395.51,-56.717
2396.00,-54.359
2396.48,-56.642
2396.97,-53.322
2397.46,-55.936
2397.95,-55.298
2398.44,-54.750
2398.93,-56.035
2399.41,-54.832
2399.90,-55.427
2400.39,-55.549
2400.88,-55.903
2401.37,-54.116
2401.86,-55.259
2402.34,-54.368
2402.83,-55.369
2403.32,-55.159
2403.81,-55.335
2404.30,-55.554
2404.79,-56.909
2405.27,-55.634
2405.76,-55.413
2406.25,-54.812
2406.74,-53.629
2407.23,-57.058
2407.71,-55.498
2408.20,-55.164
2408.69,-55.846
2409.18,-56.004
2409.67,-55.569
2410.16,-56.272
2410.64,-55.697
2411.13,-57.354
2411.62,-55.126
2412.11,-56.171
2412.60,-57.804
2413.09,-57.679
2413.57,-55.159
2414.06,-54.978
2414.55,-55.209
2415.04,-56.305
2415.53,-56.033
2416.02,-56.683
2416.50,-56.160
2416.99,-57.373
2417.48,-56.579
2417.97,-56.531
2418.46,-56.370
2418.95,-55.284
2419.43,-55.951
2419.92,-55.904
2420.41,-56.600
2420.90,-56.199
2421.39,-55.830
2421.88,-57.728
2422.36,-56.113
2422.85,-54.945
2423.34,-57.445
2423.83,-56.085
2424.32,-56.429
2424.80,-56.371
2425.29,-56.703
2425.78,-57.608
2426.27,-56.273
2426.76,-55.472
2427.25,-55.519
2427.73,-56.967
2428.22,-55.917
2428.71,-55.633
2429.20,-55.897
2429.69,-58.613
2430.18,-57.519
2430.66,-56.344
2431.15,-56.871
2431.64,-56.077
2432.13,-56.136
2432.62,-57.531
2433.11,-57.244
2433.59,-55.964
2434.08,-55.959
2434.57,-56.891
2435.06,-56.691
2435.55,-57.202
2436.04,-55.772
2436.52,-56.551
2437.01,-57.950
2437.50,-56.682
2437.99,-56.169
2438.48,-57.507
2438.96,-55.427
2439.45,-56.558
2439.94,-57.398
2440.43,-56.163
2440.92,-54.307
2441.41,-56.521
2441.89,-55.641
2442.38,-57.810
2442.87,-57.771
2443.36,-56.954
2443.85,-55.659
2444.34,-56.923
2444.82,-57.054
2445.31,-56.101
2445.80,-57.217
2446.29,-55.557
2446.78,-55.900
2447.27,-57.646
2447.75,-56.080
2448.24,-56.375
2448.73,-56.749
2449.22,-55.492
2449.71,-55.977
2450.20,-57.705
2450.68,-57.110
2451.17,-56.869
2451.66,-57.183
2452.15,-57.021
2452.64,-55.952
2453.12,-56.416
2453.61,-56.931
2454.10,-58.407
2454.59,-57.082
2455.08,-57.279
2455.57,-56.311
2456.05,-56.253
2456.54,-57.980
2457.03,-56.868
2457.52,-57.721
2458.01,-56.591
2458.50,-56.189
2458.98,-56.108
2459.47,-56.418
2459.96,-56.751
2460.45,-57.088
2460.94,-56.596
2461.43,-57.600
2461.91,-57.293
2462.40,-56.243
2462.89,-55.607
2463.38,-56.337
2463.87,-55.918
2464.36,-57.463
2464.84,-57.693
2465.33,-57.630
2465.82,-57.710
2466.31,-57.584
2466.80,-56.025
2467.29,-57.897
2467.77,-56.521
2468.26,-57.529
2468.75,-57.372
2469.24,-58.365
2469.73,-56.700
2470.21,-56.736
2470.70,-55.382
2471.19,-57.515
2471.68,-55.474
2472.17,-56.659
2472.66,-56.501
2473.14,-57.433
2473.63,-58.545
2474.12,-58.589
2474.61,-58.561
2475.10,-57.512
2475.59,-55.845
2476.07,-57.124
2476.56,-56.808
2477.05,-57.088
2477.54,-57.666
2478.03,-56.720
2478.52,-55.855
2479.00,-57.887
2479.49,-58.393
2479.98,-56.986
2480.47,-57.954
2480.96,-57.242
2481.45,-58.797
2481.93,-56.506
2482.42,-56.695
2482.91,-57.851
2483.40,-56.407
2483.89,-58.842
2484.38,-57.964
2484.86,-59.426
2485.35,-57.804
2485.84,-56.603
2486.33,-57.051
2486.82,-57.562
2487.30,-57.809
2487.79,-57.698
2488.28,-56.337
2488.77,-56.002
2489.26,-57.348
2489.75,-56.006
2490.23,-56.699
2490.72,-56.410
2491.21,-55.630
2491.70,-57.754
2492.19,-56.259
2492.68,-58.555
2493.16,-57.866
2493.65,-57.414
2494.14,-57.696
2494.63,-57.068
2495.12,-57.271
2495.61,-57.824
2496.09,-56.105
2496.58,-57.381
2497.07,-58.993
2497.56,-58.430
2498.05,-56.322
2498.54,-57.848
2499.02,-58.835
2499.51,-56.980
2500.00,-56.173
2500.49,-56.170
2500.98,-58.180
2501.46,-57.466
2501.95,-58.375
2502.44,-59.086
2502.93,-57.947
2503.42,-58.278
2503.91,-56.784
2504.39,-57.940
2504.88,-58.217
2505.37,-57.326
2505.86,-58.319
2506.35,-58.200
2506.84,-56.437
2507.32,-57.391
2507.81,-57.612
2508.30,-56.962
2508.79,-57.604
2509.28,-56.864
2509.77,-57.448
2510.25,-56.978
2510.74,-55.870
2511.23,-56.286
2511.72,-56.834
2512.21,-57.780
2512.70,-57.500
2513.18,-57.457
2513.67,-56.695
2514.16,-57.025
2514.65,-57.675
2515.14,-56.278
2515.62,-57.021
2516.11,-57.379
2516.60,-56.150
2517.09,-56.220
2517.58,-56.759
2518.07,-55.850
2518.55,-57.215
2519.04,-57.314
2519.53,-57.530
2520.02,-56.212
2520.51,-56.402
2521.00,-55.746
2521.48,-55.146
2521.97,-57.342
2522.46,-58.650
2522.95,-57.091
2523.44,-55.765
2523.93,-58.659
2524.41,-57.744
2524.90,-56.428
2525.39,-56.102
2525.88,-55.617
2526.37,-56.208
2526.86,-56.244
2527.34,-57.477
2527.83,-55.242
2528.32,-56.461
2528.81,-56.215
2529.30,-56.752
2529.79,-57.561
2530.27,-57.860
2530.76,-57.096
2531.25,-56.650
2531.74,-57.987
2532.23,-55.717
2532.71,-56.934
2533.20,-55.992
2533.69,-55.532
2534.18,-55.757
2534.67,-55.320
2535.16,-56.620
2535.64,-57.853
2536.13,-56.502
2536.62,-56.470
2537.11,-57.975
2537.60,-57.266
2538.09,-56.776
2538.57,-56.602
2539.06,-57.025
2539.55,-57.172
2540.04,-57.187
2540.53,-56.987
2541.02,-56.564
2541.50,-56.139
2541.99,-56.688
2542.48,-56.471
2542.97,-56.400
2543.46,-56.894
2543.95,-56.370
2544.43,-56.122
2544.92,-56.922
2545.41,-56.453
2545.90,-56.321
2546.39,-55.430
2546.88,-57.807
2547.36,-55.586
2547.85,-57.802
2548.34,-55.724
2548.83,-56.510
2549.32,-57.564
2549.80,-55.193
2550.29,-55.324
2550.78,-54.935
2551.27,-55.466
2551.76,-55.639
2552.25,-54.653
2552.73,-55.146
2553.22,-54.979
2553.71,-56.054
2554.20,-56.504
2554.69,-54.874
2555.18,-54.496
2555.66,-54.649
2556.15,-55.088
2556.64,-56.167
2557.13,-56.975
2557.62,-55.890
2558.11,-58.620
2558.59,-56.491
2559.08,-56.167
2559.57,-57.212
2560.06,-56.682
2560.55,-54.725
2561.04,-55.937
2561.52,-57.284
2562.01,-55.346
2562.50,-57.263
2562.99,-56.248
2563.48,-55.904
2563.96,-56.510
2564.45,-56.473
2564.94,-55.676
2565.43,-55.931
2565.92,-55.091
2566.41,-57.411
2566.89,-55.370
2567.38,-56.293
2567.87,-55.442
2568.36,-54.986
2568.85,-56.267
2569.34,-54.676
2569.82,-57.193
2570.31,-56.408
2570.80,-56.686
2571.29,-55.243
2571.78,-55.480
2572.27,-55.944
2572.75,-56.102
2573.24,-55.012
2573.73,-55.114
2574.22,-55.312
2574.71,-56.264
2575.20,-56.238
2575.68,-55.670
2576.17,-53.992
2576.66,-54.998
2577.15,-54.236
2577.64,-54.701
2578.12,-54.712
2578.61,-55.939
2579.10,-56.594
2579.59,-55.214
2580.08,-54.583
2580.57,-54.864
2581.05,-54.300
2581.54,-54.168
2582.03,-54.680
2582.52,-54.170
2583.01,-54.434
2583.50,-55.014
2583.98,-55.340
2584.47,-54.974
2584.96,-55.410
2585.45,-53.769
2585.94,-54.264
2586.43,-54.306
2586.91,-54.756
2587.40,-54.860
2587.89,-55.472
2588.38,-54.126
2588.87,-55.141
2589.36,-54.513
2589.84,-54.455
2590.33,-54.847
2590.82,-53.942
2591.31,-54.942
2591.80,-53.903
2592.29,-53.739
2592.77,-55.293
2593.26,-54.411
2593.75,-55.120
2594.24,-56.890
2594.73,-54.534
2595.21,-54.308
2595.70,-54.985
2596.19,-55.598
2596.68,-53.703
2597.17,-53.574
2597.66,-55.072
2598.14,-55.915
2598.63,-54.843
2599.12,-54.855
2599.61,-54.181
2600.10,-55.002
2600.59,-55.073
2601.07,-54.153
2601.56,-53.379
2602.05,-53.587
2602.54,-53.194
2603.03,-53.638
2603.52,-54.724
2604.00,-54.534
2604.49,-52.861
2604.98,-53.637
2605.47,-53.264
2605.96,-54.603
2606.45,-54.394
2606.93,-55.405
2607.42,-54.646
2607.91,-53.164
2608.40,-53.337
2608.89,-52.299
2609.38,-54.414
2609.86,-54.388
2610.35,-54.461
2610.84,-52.612
2611.33,-52.900
2611.82,-54.039
2612.30,-52.949
2612.79,-54.042
2613.28,-53.039
2613.77,-53.572
2614.26,-52.840
2614.75,-55.172
2615.23,-52.175
2615.72,-52.970
2616.21,-53.670
2616.70,-53.923
2617.19,-54.506
2617.68,-52.638
2618.16,-52.952
2618.65,-53.431
2619.14,-53.123
2619.63,-54.001
2620.12,-53.086
2620.61,-52.291
2621.09,-52.615
2621.58,-52.850
2622.07,-52.906
2622.56,-52.768
2623.05,-54.002
2623.54,-52.124
2624.02,-53.989
2624.51,-52.976
2625.00,-52.720
2625.49,-52.672
2625.98,-53.787
2626.46,-51.788
2626.95,-51.277
2627.44,-53.676
2627.93,-52.225
2628.42,-51.829
2628.91,-51.459
2629.39,-53.646
2629.88,-52.617
2630.37,-50.726
2630.86,-53.515
2631.35,-53.344
2631.84,-51.969
2632.32,-51.870
2632.81,-53.439
2633.30,-51.219
2633.79,-51.684
2634.28,-53.020
2634.77,-51.210
2635.25,-52.688
2635.74,-53.802
2636.23,-52.153
2636.72,-51.336
2637.21,-51.561
2637.70,-51.559
2638.18,-51.352
2638.67,-51.385
2639.16,-51.152
2639.65,-51.850
2640.14,-52.530
2640.62,-51.713
2641.11,-50.926
2641.60,-52.391
2642.09,-50.222
2642.58,-52.373
2643.07,-51.410
2643.55,-51.249
2644.04,-51.480
2644.53,-50.699
2645.02,-49.720
2645.51,-50.783
2646.00,-50.831
2646.48,-51.000
2646.97,-51.619
2647.46,-51.103
2647.95,-50.712
2648.44,-51.310
2648.93,-50.859
2649.41,-51.696
2649.90,-52.461
2650.39,-51.460
2650.88,-50.785
2651.37,-51.001
2651.86,-49.779
2652.34,-51.067
2652.83,-50.174
2653.32,-50.753
2653.81,-52.033
2654.30,-51.443
2654.79,-49.403
2655.27,-50.660
2655.76,-50.495
2656.25,-50.381
2656.74,-50.317
2657.23,-50.660
2657.71,-51.088
2658.20,-50.698
2658.69,-49.722
2659.18,-50.094
2659.67,-50.644
2660.16,-48.802
2660.64,-48.447
2661.13,-49.577
2661.62,-50.370
2662.11,-50.177
2662.60,-51.117
2663.09,-49.458
2663.57,-50.301
2664.06,-49.882
2664.55,-49.687
2665.04,-49.667
2665.53,-51.031
2666.02,-50.732
2666.50,-50.360
2666.99,-50.146
2667.48,-49.745
2667.97,-49.877
2668.46,-48.462
2668.95,-50.919
2669.43,-49.174
2669.92,-48.508
2670.41,-47.800
2670.90,-49.100
2671.39,-49.258
2671.88,-48.156
2672.36,-48.812
2672.85,-47.200
2673.34,-48.277
2673.83,-48.927
2674.32,-49.289
2674.80,-48.441
2675.29,-50.168
2675.78,-48.311
2676.27,-47.682
2676.76,-48.411
2677.25,-49.281
2677.73,-46.932
2678.22,-47.198
2678.71,-48.387
2679.20,-47.506
2679.69,-49.782
2680.18,-47.591
2680.66,-47.559
2681.15,-49.412
2681.64,-47.233
2682.13,-48.668
2682.62,-46.827
2683.11,-48.901
2683.59,-48.793
2684.08,-48.101
2684.57,-49.329
2685.06,-48.073
2685.55,-47.195
2686.04,-47.675
2686.52,-49.451
2687.01,-47.155
2687.50,-46.228
2687.99,-45.678
2688.48,-46.863
2688.96,-46.798
2689.45,-48.602
2689.94,-47.085
2690.43,-47.436
2690.92,-46.170
2691.41,-45.477
2691.89,-45.198
2692.38,-44.232
2692.87,-46.370
2693.36,-46.368
2693.85,-46.685
2694.34,-46.559
2694.82,-46.976
2695.31,-45.849
2695.80,-45.657
2696.29,-46.935
2696.78,-46.119
2697.27,-47.676
2697.75,-45.650
2698.24,-46.220
2698.73,-44.686
2699.22,-47.085
2699.71,-48.067
2700.20,-45.735
2700.68,-47.448
2701.17,-45.566
2701.66,-43.809
2702.15,-45.393
2702.64,-45.321
2703.12,-44.616
2703.61,-45.167
2704.10,-43.902
2704.59,-44.869
2705.08,-43.784
2705.57,-43.885
2706.05,-44.168
2706.54,-45.247
2707.03,-46.503
2707.52,-44.669
2708.01,-46.002
2708.50,-46.503
2708.98,-44.949
2709.47,-44.472
2709.96,-44.909
2710.45,-43.699
2710.94,-46.709
2711.43,-44.305
2711.91,-45.700
2712.40,-43.347
2712.89,-43.231
2713.38,-44.112
2713.87,-43.288
2714.36,-42.990
2714.84,-43.133
2715.33,-45.053
2715.82,-43.590
2716.31,-42.992
2716.80,-43.120
2717.29,-44.821
2717.77,-44.979
2718.26,-44.523
2718.75,-43.178
2719.24,-43.229
2719.73,-43.223
2720.21,-43.319
2720.70,-43.172
2721.19,-42.898
2721.68,-42.683
2722.17,-43.347
2722.66,-43.199
2723.14,-42.622
2723.63,-43.201
2724.12,-42.459
2724.61,-41.494
2725.10,-42.749
2725.59,-41.830
2726.07,-41.935
2726.56,-42.050
2727.05,-43.001
2727.54,-41.624
2728.03,-42.205
2728.52,-41.190
2729.00,-42.312
2729.49,-43.569
2729.98,-42.782
2730.47,-41.618
2730.96,-42.348
2731.45,-43.003
2731.93,-40.794
2732.42,-43.256
2732.91,-40.903
2733.40,-42.070
2733.89,-41.333
2734.38,-42.623
2734.86,-43.461
2735.35,-42.135
2735.84,-40.306
2736.33,-41.233
2736.82,-42.564
2737.30,-40.899
2737.79,-39.600
2738.28,-41.101
2738.77,-41.172
2739.26,-41.240
2739.75,-41.162
2740.23,-41.702
2740.72,-41.069
2741.21,-40.471
2741.70,-40.093
2742.19,-41.721
2742.68,-41.760
2743.16,-39.862
2743.65,-39.094
2744.14,-41.148
2744.63,-40.271
2745.12,-41.082
2745.61,-39.131
2746.09,-39.878
2746.58,-39.634
2747.07,-40.970
2747.56,-41.098
2748.05,-41.703
2748.54,-41.326
2749.02,-39.534
2749.51,-40.037
2750.00,-41.198
2750.49,-40.067
2750.98,-39.825
2751.46,-39.862
2751.95,-40.192
2752.44,-39.723
2752.93,-39.618
2753.42,-41.150
2753.91,-39.281
2754.39,-39.537
2754.88,-38.509
2755.37,-42.091
2755.86,-41.324
2756.35,-39.411
2756.84,-41.262
2757.32,-40.599
2757.81,-40.302
2758.30,-40.639
2758.79,-40.201
2759.28,-39.804
2759.77,-41.042
2760.25,-40.463
2760.74,-40.165
2761.23,-38.464
2761.72,-40.393
2762.21,-39.434
2762.70,-38.964
2763.18,-40.828
2763.67,-40.267
2764.16,-40.185
2764.65,-41.508
2765.14,-40.096
2765.62,-40.618
2766.11,-40.669
2766.60,-40.433
2767.09,-41.278
2767.58,-39.978
2768.07,-40.489
2768.55,-41.162
2769.04,-40.191
2769.53,-38.785
2770.02,-39.035
2770.51,-40.130
2771.00,-39.869
2771.48,-41.464
2771.97,-38.722
2772.46,-39.502
2772.95,-40.262
2773.44,-40.133
2773.93,-40.790
2774.41,-42.162
2774.90,-40.379
2775.39,-42.263
2775.88,-39.062
2776.37,-40.702
2776.86,-39.414
2777.34,-40.490
2777.83,-39.894
2778.32,-42.369
2778.81,-42.044
2779.30,-42.051
2779.79,-40.695
2780.27,-41.574
2780.76,-42.287
2781.25,-41.471
2781.74,-40.968
2782.23,-40.520
2782.71,-41.294
2783.20,-41.274
2783.69,-41.788
2784.18,-41.584
2784.67,-41.187
2785.16,-41.512
2785.64,-40.716
2786.13,-41.280
2786.62,-41.440
2787.11,-41.300
2787.60,-42.973
2788.09,-42.478
2788.57,-41.617
2789.06,-42.173
2789.55,-41.870
2790.04,-43.824
2790.53,-42.662
2791.02,-41.737
2791.50,-41.294
2791.99,-43.163
2792.48,-42.475
2792.97,-43.595
2793.46,-42.554
2793.95,-42.361
2794.43,-42.969
2794.92,-44.242
2795.41,-43.044
2795.90,-44.344
2796.39,-42.845
2796.88,-43.046
2797.36,-42.966
2797.85,-43.589
2798.34,-42.674
2798.83,-43.486
2799.32,-42.094
2799.80,-41.997
2800.29,-43.317
2800.78,-43.392
2801.27,-44.304
2801.76,-43.486
2802.25,-45.994
2802.73,-44.147
2803.22,-44.519
2803.71,-43.804
2804.20,-44.059
2804.69,-44.368
2805.18,-43.642
2805.66,-42.112
2806.15,-44.649
2806.64,-43.759
2807.13,-44.111
2807.62,-44.971
2808.11,-42.277
2808.59,-43.596
2809.08,-43.732
2809.57,-42.555
2810.06,-42.733
2810.55,-44.199
2811.04,-44.615
2811.52,-44.331
2812.01,-43.801
2812.50,-44.105
2812.99,-44.014
2813.48,-42.901
2813.96,-43.551
2814.45,-43.063
2814.94,-44.853
2815.43,-46.379
2815.92,-44.661
2816.41,-44.415
2816.89,-46.418
2817.38,-45.156
2817.87,-43.943
2818.36,-45.617
2818.85,-44.211
2819.34,-44.964
2819.82,-43.663
2820.31,-44.332
2820.80,-46.810
2821.29,-45.531
2821.78,-45.137
2822.27,-44.765
2822.75,-45.085
2823.24,-43.601
2823.73,-45.456
2824.22,-45.844
2824.71,-45.777
2825.20,-44.905
2825.68,-44.582
2826.17,-45.016
2826.66,-45.383
2827.15,-46.538
2827.64,-45.320
2828.12,-43.644
2828.61,-45.340
2829.10,-44.937
2829.59,-46.679
2830.08,-46.887
2830.57,-45.937
2831.05,-46.387
2831.54,-45.088
2832.03,-44.717
2832.52,-44.668
2833.01,-45.634
2833.50,-47.009
2833.98,-47.650
2834.47,-46.221
2834.96,-44.840
2835.45,-46.372
2835.94,-44.953
2836.43,-47.938
2836.91,-44.791
2837.40,-46.308
2837.89,-46.497
2838.38,-45.393
2838.87,-46.221
2839.36,-45.388
2839.84,-44.745
2840.33,-47.002
2840.82,-46.479
2841.31,-46.093
2841.80,-45.869
2842.29,-46.332
2842.77,-47.309
2843.26,-46.003
2843.75,-46.207
2844.24,-46.331
2844.73,-45.027
2845.21,-46.561
2845.70,-46.281
2846.19,-45.847
2846.68,-45.457
2847.17,-46.304
2847.66,-45.794
2848.14,-46.174
2848.63,-45.665
2849.12,-47.604
2849.61,-46.694
2850.10,-46.795
2850.59,-45.055
2851.07,-46.095
2851.56,-45.139
2852.05,-45.822
2852.54,-47.444
2853.03,-43.903
2853.52,-47.800
2854.00,-46.118
2854.49,-46.972
2854.98,-46.061
2855.47,-46.130
2855.96,-48.435
2856.45,-46.465
2856.93,-46.589
2857.42,-48.121
2857.91,-47.000
2858.40,-47.660
2858.89,-47.220
2859.38,-46.047
2859.86,-46.503
2860.35,-47.128
2860.84,-48.316
2861.33,-47.439
2861.82,-47.704
2862.30,-46.767
2862.79,-46.194
2863.28,-47.104
2863.77,-48.259
2864.26,-47.632
2864.75,-47.624
2865.23,-47.899
2865.72,-46.883
2866.21,-48.525
2866.70,-46.866
2867.19,-46.586
2867.68,-46.034
2868.16,-46.061
2868.65,-46.171
2869.14,-46.652
2869.63,-48.450
2870.12,-48.518
2870.61,-47.600
2871.09,-47.653
2871.58,-46.552
2872.07,-46.777
2872.56,-46.806
2873.05,-47.756
2873.54,-49.207
2874.02,-50.916
2874.51,-49.044
2875.00,-47.899
2875.49,-48.183
2875.98,-47.103
2876.46,-48.094
2876.95,-46.812
2877.44,-47.989
2877.93,-48.535
2878.42,-49.966
2878.91,-48.653
2879.39,-46.596
2879.88,-46.566
2880.37,-47.688
2880.86,-47.232
2881.35,-46.621
2881.84,-47.806
2882.32,-47.467
2882.81,-48.811
2883.30,-49.970
2883.79,-47.545
2884.28,-47.592
2884.77,-48.905
2885.25,-47.518
2885.74,-47.823
2886.23,-49.128
2886.72,-49.459
2887.21,-49.757
2887.70,-49.454
2888.18,-49.173
2888.67,-48.481
2889.16,-48.916
2889.65,-49.579
2890.14,-48.278
2890.62,-49.121
2891.11,-48.532
2891.60,-50.658
2892.09,-49.924
2892.58,-48.605
2893.07,-48.831
2893.55,-50.142
2894.04,-49.941
2894.53,-49.443
2895.02,-48.414
2895.51,-48.506
2896.00,-48.120
2896.48,-48.713
2896.97,-49.137
2897.46,-48.070
2897.95,-47.375
2898.44,-47.239
2898.93,-49.293
2899.41,-49.814
2899.90,-48.833
2900.39,-49.740
2900.88,-49.890
2901.37,-47.760
2901.86,-49.681
2902.34,-48.287
2902.83,-50.393
2903.32,-48.238
2903.81,-48.587
2904.30,-48.520
2904.79,-47.585
2905.27,-48.993
2905.76,-50.592
2906.25,-47.354
2906.74,-48.000
2907.23,-49.069
2907.71,-51.211
2908.20,-48.867
2908.69,-48.050
2909.18,-47.774
2909.67,-47.628
2910.16,-48.006
2910.64,-50.713
2911.13,-50.504
2911.62,-50.200
2912.11,-50.293
2912.60,-49.145
2913.09,-50.370
2913.57,-49.485
2914.06,-47.008
2914.55,-48.822
2915.04,-48.883
2915.53,-49.902
2916.02,-49.407
2916.50,-50.293
2916.99,-49.580
2917.48,-50.002
2917.97,-49.730
2918.46,-49.837
2918.95,-50.860
2919.43,-48.137
2919.92,-50.562
2920.41,-49.852
2920.90,-49.103
2921.39,-50.784
2921.88,-52.169
2922.36,-50.963
2922.85,-51.368
2923.34,-50.005
2923.83,-49.443
2924.32,-51.047
2924.80,-48.973
2925.29,-48.887
2925.78,-50.392
2926.27,-50.035
2926.76,-50.871
2927.25,-50.446
2927.73,-48.218
2928.22,-48.245
2928.71,-50.966
2929.20,-49.539
2929.69,-50.078
2930.18,-50.707
2930.66,-50.318
2931.15,-50.102
2931.64,-49.226
2932.13,-50.382
2932.62,-49.712
2933.11,-50.086
2933.59,-49.481
2934.08,-49.245
2934.57,-50.031
2935.06,-48.008
2935.55,-50.873
2936.04,-51.621
2936.52,-50.636
2937.01,-50.368
2937.50,-51.537
2937.99,-50.786
2938.48,-50.733
2938.96,-50.239
2939.45,-49.469
2939.94,-51.481
2940.43,-52.480
2940.92,-51.220
2941.41,-52.471
2941.89,-49.667
2942.38,-49.778
2942.87,-52.480
2943.36,-49.220
2943.85,-51.122
2944.34,-50.852
2944.82,-49.546
2945.31,-50.816
2945.80,-49.586
2946.29,-50.874
2946.78,-50.942
2947.27,-49.802
2947.75,-50.308
2948.24,-50.100
2948.73,-50.676
2949.22,-51.057
2949.71,-50.051
2950.20,-50.228
2950.68,-49.239
2951.17,-49.961
2951.66,-51.005
2952.15,-49.378
2952.64,-49.372
2953.12,-50.912
2953.61,-51.660
2954.10,-49.646
2954.59,-50.541
2955.08,-49.156
2955.57,-49.353
2956.05,-50.887
2956.54,-50.540
2957.03,-51.094
2957.52,-51.462
2958.01,-50.058
2958.50,-49.614
2958.98,-52.320
2959.47,-51.034
2959.96,-50.208
2960.45,-49.278
2960.94,-48.685
2961.43,-50.037
2961.91,-50.520
2962.40,-49.671
2962.89,-50.684
2963.38,-50.167
2963.87,-50.375
2964.36,-49.022
2964.84,-51.362
2965.33,-51.063
2965.82,-52.467
2966.31,-51.001
2966.80,-51.395
2967.29,-51.035
2967.77,-49.483
2968.26,-50.534
2968.75,-51.468
2969.24,-50.029
2969.73,-49.592
2970.21,-50.412
2970.70,-49.940
2971.19,-51.989
2971.68,-51.794
2972.17,-50.924
2972.66,-49.495
2973.14,-49.286
2973.63,-51.067
2974.12,-50.479
2974.61,-51.401
2975.10,-53.374
2975.59,-50.993
2976.07,-51.944
2976.56,-49.443
2977.05,-49.608
2977.54,-52.049
2978.03,-52.639
2978.52,-51.221
2979.00,-53.413
2979.49,-51.406
2979.98,-48.619
2980.47,-49.580
2980.96,-50.848
2981.45,-49.881
2981.93,-50.948
2982.42,-49.869
2982.91,-50.279
2983.40,-51.639
2983.89,-52.034
2984.38,-52.607
2984.86,-50.399
2985.35,-51.571
2985.84,-52.293
2986.33,-50.442
2986.82,-52.084
2987.30,-50.875
2987.79,-52.470
2988.28,-52.251
2988.77,-50.586
2989.26,-49.797
2989.75,-51.453
2990.23,-51.004
2990.72,-51.311
2991.21,-51.393
2991.70,-51.187
2992.19,-50.329
2992.68,-51.592
2993.16,-51.148
2993.65,-52.676
2994.14,-49.558
2994.63,-52.138
2995.12,-50.721
2995.61,-51.137
2996.09,-51.570
2996.58,-52.292
2997.07,-52.264
2997.56,-52.277
2998.05,-51.775
2998.54,-50.731
2999.02,-51.055
2999.51,-51.297
3000.00,-51.414
3000.49,-49.410
3000.98,-49.324
3001.46,-51.268
3001.95,-51.506
3002.44,-52.775
3002.93,-50.955
3003.42,-50.767
3003.91,-52.232
3004.39,-51.559
3004.88,-53.030
3005.37,-51.410
3005.86,-49.838
3006.35,-51.045
3006.84,-51.339
3007.32,-51.475
3007.81,-50.846
3008.30,-51.647
3008.79,-50.938
3009.28,-51.629
3009.77,-48.802
3010.25,-50.752
3010.74,-49.894
3011.23,-50.267
3011.72,-50.431
3012.21,-50.183
3012.70,-50.127
3013.18,-51.592
3013.67,-51.327
3014.16,-50.871
3014.65,-51.477
3015.14,-52.110
3015.62,-51.932
3016.11,-51.290
3016.60,-52.772
3017.09,-51.337
3017.58,-51.893
3018.07,-51.741
3018.55,-50.556
3019.04,-50.167
3019.53,-50.267
3020.02,-51.754
3020.51,-50.010
3021.00,-51.090
3021.48,-50.870
3021.97,-50.487
3022.46,-51.350
3022.95,-52.805
3023.44,-50.026
3023.93,-52.112
3024.41,-53.028
3024.90,-52.347
3025.39,-50.832
3025.88,-50.285
3026.37,-50.861
3026.86,-52.031
3027.34,-52.356
3027.83,-51.285
3028.32,-51.235
3028.81,-51.085
3029.30,-50.637
3029.79,-51.736
3030.27,-50.697
3030.76,-51.804
3031.25,-51.007
3031.74,-50.787
3032.23,-51.743
3032.71,-51.157
3033.20,-52.607
3033.69,-50.312
3034.18,-52.599
3034.67,-52.897
3035.16,-50.359
3035.64,-50.752
3036.13,-51.396
3036.62,-50.931
3037.11,-51.138
3037.60,-52.120
3038.09,-51.107
3038.57,-50.372
3039.06,-51.891
3039.55,-50.919
3040.04,-51.915
3040.53,-51.322
3041.02,-50.818
3041.50,-50.800
3041.99,-52.761
3042.48,-52.100
3042.97,-52.698
3043.46,-50.495
3043.95,-51.283
3044.43,-52.780
3044.92,-52.178
3045.41,-52.289
3045.90,-51.038
3046.39,-51.581
3046.88,-51.384
3047.36,-52.657
3047.85,-52.344
3048.34,-52.094
3048.83,-51.733
3049.32,-51.678
3049.80,-50.208
3050.29,-51.034
3050.78,-50.438
3051.27,-51.300
3051.76,-52.738
3052.25,-51.915
3052.73,-52.663
3053.22,-52.017
3053.71,-51.538
3054.20,-51.955
3054.69,-50.822
3055.18,-50.494
3055.66,-50.805
3056.15,-51.157
3056.64,-52.456
3057.13,-51.932
3057.62,-50.704
3058.11,-50.954
3058.59,-50.860
3059.08,-51.949
3059.57,-50.770
3060.06,-50.524
3060.55,-52.095
3061.04,-51.717
3061.52,-51.351
3062.01,-51.739
3062.50,-51.157
3062.99,-51.503
3063.48,-50.258
3063.96,-51.575
3064.45,-52.583
3064.94,-51.205
3065.43,-50.850
3065.92,-50.324
3066.41,-50.626
3066.89,-51.114
3067.38,-50.807
3067.87,-50.435
3068.36,-51.238
3068.85,-51.374
3069.34,-50.272
3069.82,-51.451
3070.31,-50.699
3070.80,-51.213
3071.29,-51.562
3071.78,-52.274
3072.27,-51.041
3072.75,-50.152
3073.24,-50.907
3073.73,-50.560
3074.22,-50.765
3074.71,-50.225
3075.20,-50.887
3075.68,-51.626
3076.17,-49.404
3076.66,-50.184
3077.15,-50.678
3077.64,-50.306
3078.12,-50.247
3078.61,-50.732
3079.10,-50.607
3079.59,-50.559
3080.08,-52.179
3080.57,-51.105
3081.05,-51.220
3081.54,-51.152
3082.03,-50.293
3082.52,-50.764
3083.01,-52.666
3083.50,-51.495
3083.98,-49.940
3084.47,-52.218
3084.96,-49.927
3085.45,-50.223
3085.94,-50.580
3086.43,-51.278
3086.91,-51.577
3087.40,-51.215
3087.89,-50.973
3088.38,-50.174
3088.87,-52.059
3089.36,-50.646
3089.84,-50.047
3090.33,-50.424
3090.82,-50.457
3091.31,-50.414
3091.80,-50.116
3092.29,-49.213
3092.77,-50.465
3093.26,-51.247
3093.75,-51.085
3094.24,-49.640
3094.73,-51.380
3095.21,-50.558
3095.70,-50.604
3096.19,-49.612
3096.68,-48.946
3097.17,-50.176
3097.66,-51.120
3098.14,-49.132
3098.63,-50.373
3099.12,-50.726
3099.61,-50.004
3100.10,-51.108
3100.59,-51.262
3101.07,-49.015
3101.56,-49.137
3102.05,-50.239
3102.54,-49.404
3103.03,-48.828
3103.52,-49.353
3104.00,-50.184
3104.49,-51.908
3104.98,-50.075
3105.47,-49.305
3105.96,-49.531
3106.45,-50.804
3106.93,-52.132
3107.42,-48.806
3107.91,-49.780
3108.40,-48.158
3108.89,-49.654
3109.38,-49.193
3109.86,-49.289
3110.35,-50.351
3110.84,-50.878
3111.33,-51.230
3111.82,-49.977
3112.30,-50.703
3112.79,-50.006
3113.28,-50.006
3113.77,-51.054
3114.26,-50.477
3114.75,-49.781
3115.23,-49.083
3115.72,-49.449
3116.21,-51.348
3116.70,-48.804
3117.19,-50.976
3117.68,-50.081
3118.16,-50.255
3118.65,-49.378
3119.14,-50.166
3119.63,-49.701
3120.12,-49.022
3120.61,-49.816
3121.09,-49.171
3121.58,-50.400
3122.07,-48.112
3122.56,-49.105
3123.05,-49.689
3123.54,-50.919
3124.02,-50.065
3124.51,-50.062
3125.00,-50.571
3125.49,-49.037
3125.98,-50.828
3126.46,-48.959
3126.95,-49.753
3127.44,-48.612
3127.93,-48.936
3128.42,-50.961
3128.91,-49.553
3129.39,-48.680
3129.88,-48.996
3130.37,-50.690
3130.86,-50.560
3131.35,-48.810
3131.84,-51.394
3132.32,-50.227
3132.81,-47.560
3133.30,-49.172
3133.79,-51.425
3134.28,-49.814
3134.77,-47.641
3135.25,-48.148
3135.74,-50.122
3136.23,-49.366
3136.72,-49.131
3137.21,-47.951
3137.70,-49.563
3138.18,-48.491
3138.67,-48.998
3139.16,-48.599
3139.65,-48.278
3140.14,-47.391
3140.62,-47.535
3141.11,-48.501
3141.60,-48.482
3142.09,-47.489
3142.58,-47.556
3143.07,-47.530
3143.55,-47.869
3144.04,-49.422
3144.53,-48.711
3145.02,-47.361
3145.51,-51.194
3146.00,-49.052
3146.48,-48.458
3146.97,-49.375
3147.46,-49.109
3147.95,-48.634
3148.44,-49.020
3148.93,-47.217
3149.41,-47.720
3149.90,-48.201
3150.39,-47.322
3150.88,-47.488
3151.37,-47.904
3151.86,-47.656
3152.34,-46.319
3152.83,-47.045
3153.32,-47.301
3153.81,-46.402
3154.30,-49.454
3154.79,-47.833
3155.27,-49.835
3155.76,-47.259
3156.25,-48.113
3156.74,-46.445
3157.23,-48.644
3157.71,-47.330
3158.20,-47.920
3158.69,-49.951
3159.18,-47.005
3159.67,-47.319
3160.16,-46.191
3160.64,-46.414
3161.13,-46.334
3161.62,-47.349
3162.11,-45.639
3162.60,-47.319
3163.09,-46.009
3163.57,-46.883
3164.06,-46.809
3164.55,-46.799
3165.04,-47.191
3165.53,-47.111
3166.02,-46.704
3166.50,-46.869
3166.99,-46.392
3167.48,-45.626
3167.97,-45.225
3168.46,-46.381
3168.95,-45.073
3169.43,-45.781
3169.92,-47.538
3170.41,-45.500
3170.90,-47.091
3171.39,-46.375
3171.88,-45.167
3172.36,-44.939
3172.85,-48.571
3173.34,-47.517
3173.83,-46.900
3174.32,-47.049
3174.80,-45.677
3175.29,-44.611
3175.78,-44.982
3176.27,-46.231
3176.76,-46.718
3177.25,-46.096
3177.73,-45.968
3178.22,-45.793
3178.71,-45.167
3179.20,-45.188
3179.69,-45.503
3180.18,-46.443
3180.66,-44.821
3181.15,-45.177
3181.64,-46.716
3182.13,-44.004
3182.62,-45.080
3183.11,-46.303
3183.59,-45.174
3184.08,-46.142
3184.57,-45.511
3185.06,-45.456
3185.55,-46.258
3186.04,-45.659
3186.52,-44.327
3187.01,-44.446
3187.50,-45.741
3187.99,-44.521
3188.48,-46.857
3188.96,-45.417
3189.45,-46.255
3189.94,-44.080
3190.43,-43.826
3190.92,-44.646
3191.41,-44.823
3191.89,-45.997
3192.38,-46.457
3192.87,-44.233
3193.36,-44.616
3193.85,-43.280
3194.34,-43.046
3194.82,-44.711
3195.31,-43.205
3195.80,-42.087
3196.29,-43.175
3196.78,-44.587
3197.27,-44.872
3197.75,-43.591
3198.24,-43.216
3198.73,-44.312
3199.22,-44.327
3199.71,-42.246
3200.20,-43.135
3200.68,-41.977
3201.17,-42.905
3201.66,-43.303
3202.15,-42.976
3202.64,-44.271
3203.12,-42.552
3203.61,-41.790
3204.10,-43.333
3204.59,-42.228
3205.08,-43.954
3205.57,-41.786
3206.05,-41.954
3206.54,-41.619
3207.03,-42.124
3207.52,-41.019
3208.01,-41.575
3208.50,-43.583
3208.98,-42.378
3209.47,-42.603
3209.96,-43.492
3210.45,-41.457
3210.94,-42.250
3211.43,-43.923
3211.91,-42.396
3212.40,-42.628
3212.89,-40.931
3213.38,-40.635
3213.87,-43.098
3214.36,-40.616
3214.84,-41.561
3215.33,-42.099
3215.82,-41.242
3216.31,-41.056
3216.80,-41.379
3217.29,-42.823
3217.77,-42.529
3218.26,-42.996
3218.75,-41.857
3219.24,-42.521
3219.73,-43.090
3220.21,-40.588
3220.70,-41.575
3221.19,-39.802
3221.68,-39.980
3222.17,-41.887
3222.66,-40.928
3223.14,-42.811
3223.63,-41.334
3224.12,-39.322
3224.61,-41.333
3225.10,-41.777
3225.59,-40.194
3226.07,-41.823
3226.56,-41.231
3227.05,-42.451
3227.54,-40.828
3228.03,-41.729
3228.52,-42.001
3229.00,-41.723
3229.49,-41.796
3229.98,-41.777
3230.47,-41.012
3230.96,-40.348
3231.45,-41.047
3231.93,-39.745
3232.42,-42.738
3232.91,-41.550
3233.40,-43.284
3233.89,-44.330
3234.38,-42.444
3234.86,-42.294
3235.35,-44.205
3235.84,-40.807
3236.33,-43.215
3236.82,-41.130
3237.30,-40.087
3237.79,-42.819
3238.28,-42.594
3238.77,-43.714
3239.26,-40.640
3239.75,-43.937
3240.23,-42.780
3240.72,-43.150
3241.21,-42.159
3241.70,-42.389
3242.19,-42.949
3242.68,-41.446
3243.16,-42.120
3243.65,-41.865
3244.14,-42.657
3244.63,-42.976
3245.12,-43.306
3245.61,-42.589
3246.09,-43.797
3246.58,-43.370
3247.07,-42.674
3247.56,-42.559
3248.05,-42.869
3248.54,-43.944
3249.02,-43.633
3249.51,-43.786
3250.00,-43.654
3250.49,-43.050
3250.98,-43.276
3251.46,-43.709
3251.95,-43.776
3252.44,-45.134
3252.93,-46.367
3253.42,-46.192
3253.91,-45.471
3254.39,-45.482
3254.88,-44.481
3255.37,-44.637
3255.86,-45.827
3256.35,-47.355
3256.84,-45.273
3257.32,-46.725
3257.81,-45.348
3258.30,-46.161
3258.79,-44.845
3259.28,-44.810
3259.77,-46.265
3260.25,-46.668
3260.74,-46.240
3261.23,-46.914
3261.72,-48.218
3262.21,-45.546
3262.70,-45.304
3263.18,-45.441
3263.67,-45.412
3264.16,-45.400
3264.65,-47.370
3265.14,-47.120
3265.62,-47.360
3266.11,-48.026
3266.60,-47.115
3267.09,-46.152
3267.58,-47.191
3268.07,-48.101
3268.55,-47.673
3269.04,-47.930
3269.53,-49.570
3270.02,-48.418
3270.51,-48.350
3271.00,-47.241
3271.48,-48.384
3271.97,-49.280
3272.46,-49.728
3272.95,-48.073
3273.44,-48.865
3273.93,-47.060
3274.41,-48.631
3274.90,-50.536
3275.39,-50.005
3275.88,-49.420
3276.37,-48.582
3276.86,-48.342
3277.34,-48.322
3277.83,-47.744
3278.32,-47.837
3278.81,-48.198
3279.30,-50.434
3279.79,-49.202
3280.27,-47.810
3280.76,-50.087
3281.25,-47.607
3281.74,-49.296
3282.23,-49.944
3282.71,-49.327
3283.20,-49.752
3283.69,-50.793
3284.18,-48.153
3284.67,-48.873
3285.16,-49.616
3285.64,-50.473
3286.13,-51.470
3286.62,-51.043
3287.11,-50.562
3287.60,-50.916
3288.09,-50.882
3288.57,-51.309
3289.06,-51.211
3289.55,-50.916
3290.04,-52.091
3290.53,-52.001
3291.02,-51.799
3291.50,-50.947
3291.99,-53.064
3292.48,-52.060
3292.97,-51.207
3293.46,-52.759
3293.95,-51.777
3294.43,-51.186
3294.92,-50.652
3295.41,-52.015
3295.90,-51.041
3296.39,-53.204
3296.88,-53.808
3297.36,-51.360
3297.85,-51.841
3298.34,-51.704
3298.83,-53.231
3299.32,-50.512
3299.80,-51.763
3300.29,-51.839
3300.78,-52.910
3301.27,-54.113
3301.76,-52.991
3302.25,-53.680
3302.73,-53.118
3303.22,-53.742
3303.71,-53.687
3304.20,-51.970
3304.69,-51.470
3305.18,-54.118
3305.66,-53.818
3306.15,-51.286
3306.64,-53.789
3307.13,-54.061
3307.62,-54.524
3308.11,-55.283
3308.59,-53.660
3309.08,-53.469
3309.57,-53.563
3310.06,-53.382
3310.55,-55.292
3311.04,-54.637
3311.52,-55.170
3312.01,-54.294
3312.50,-53.468
3312.99,-55.117
3313.48,-53.133
3313.96,-55.023
3314.45,-55.223
3314.94,-54.425
3315.43,-55.177
3315.92,-52.842
3316.41,-54.796
3316.89,-53.629
3317.38,-54.808
3317.87,-53.913
3318.36,-56.233
3318.85,-55.012
3319.34,-56.612
3319.82,-54.759
3320.31,-56.216
3320.80,-56.032
3321.29,-53.965
3321.78,-53.705
3322.27,-56.049
3322.75,-56.144
3323.24,-56.729
3323.73,-56.530
3324.22,-55.729
3324.71,-55.458
3325.20,-55.538
3325.68,-55.633
3326.17,-56.164
3326.66,-56.425
3327.15,-57.348
3327.64,-56.381
3328.12,-55.937
3328.61,-55.663
3329.10,-56.435
3329.59,-56.414
3330.08,-57.557
3330.57,-56.004
3331.05,-57.472
3331.54,-58.191
3332.03,-58.406
3332.52,-56.561
3333.01,-56.494
3333.50,-55.411
3333.98,-58.025
3334.47,-56.647
3334.96,-56.466
3335.45,-57.306
3335.94,-57.600
3336.43,-58.339
3336.91,-58.318
3337.40,-58.227
3337.89,-57.063
3338.38,-58.337
3338.87,-56.257
3339.36,-59.002
3339.84,-57.838
3340.33,-56.663
3340.82,-57.771
3341.31,-57.892
3341.80,-56.389
3342.29,-58.724
3342.77,-58.768
3343.26,-59.606
3343.75,-59.202
3344.24,-60.956
3344.73,-59.788
3345.21,-58.684
3345.70,-59.151
3346.19,-58.391
3346.68,-59.212
3347.17,-58.671
3347.66,-58.009
3348.14,-59.251
3348.63,-58.992
3349.12,-57.701
3349.61,-59.071
3350.10,-58.676
3350.59,-57.999
3351.07,-59.160
3351.56,-59.220
3352.05,-58.263
3352.54,-58.811
3353.03,-58.289
3353.52,-59.159
3354.00,-59.405
3354.49,-58.720
3354.98,-58.814
3355.47,-57.769
3355.96,-59.993
3356.45,-59.099
3356.93,-59.295
3357.42,-59.075
3357.91,-59.987
3358.40,-60.760
3358.89,-59.535
3359.38,-61.411
3359.86,-59.208
3360.35,-59.800
3360.84,-58.442
3361.33,-59.474
3361.82,-59.876
3362.30,-60.193
3362.79,-60.897
3363.28,-61.049
3363.77,-60.526
3364.26,-60.169
3364.75,-59.806
3365.23,-60.581
3365.72,-60.681
3366.21,-61.369
3366.70,-59.115
3367.19,-60.197
3367.68,-61.055
3368.16,-59.666
3368.65,-61.699
3369.14,-61.330
3369.63,-59.878
3370.12,-61.522
3370.61,-60.794
3371.09,-60.424
3371.58,-60.798
3372.07,-60.677
3372.56,-60.585
3373.05,-61.074
3373.54,-60.597
3374.02,-59.947
3374.51,-61.410
3375.00,-61.489
3375.49,-63.141
3375.98,-62.798
3376.46,-62.123
3376.95,-60.559
3377.44,-61.996
3377.93,-61.990
3378.42,-63.405
3378.91,-61.601
3379.39,-62.726
3379.88,-62.114
3380.37,-61.478
3380.86,-61.988
3381.35,-61.848
3381.84,-63.752
3382.32,-62.860
3382.81,-62.032
3383.30,-63.070
3383.79,-62.121
3384.28,-62.882
3384.77,-62.602
3385.25,-62.546
3385.74,-63.900
3386.23,-60.998
3386.72,-61.781
3387.21,-63.779
3387.70,-63.403
3388.18,-62.732
3388.67,-62.901
3389.16,-64.114
3389.65,-62.356
3390.14,-63.238
3390.62,-64.374
3391.11,-62.990
3391.60,-62.641
3392.09,-64.351
3392.58,-64.165
3393.07,-62.256
3393.55,-64.823
3394.04,-63.046
3394.53,-64.927
3395.02,-62.357
3395.51,-64.690
3396.00,-62.527
3396.48,-62.428
3396.97,-61.805
3397.46,-62.957
3397.95,-66.608
3398.44,-64.595
3398.93,-63.005
3399.41,-63.774
3399.90,-64.475
3400.39,-64.016
3400.88,-63.877
3401.37,-65.400
3401.86,-66.145
3402.34,-66.212
3402.83,-64.680
3403.32,-64.167
3403.81,-63.660
3404.30,-62.547
3404.79,-65.395
3405.27,-64.304
3405.76,-65.103
3406.25,-65.544
3406.74,-64.845
3407.23,-63.889
3407.71,-64.613
3408.20,-65.813
3408.69,-63.939
3409.18,-64.626
3409.67,-66.962
3410.16,-66.000
3410.64,-64.417
3411.13,-66.078
3411.62,-65.630
3412.11,-65.360
3412.60,-65.718
3413.09,-66.156
3413.57,-66.615
3414.06,-64.792
3414.55,-67.163
3415.04,-66.078
3415.53,-65.526
3416.02,-67.954
3416.50,-64.033
3416.99,-63.789
3417.48,-65.469
3417.97,-66.497
3418.46,-65.108
3418.95,-66.723
3419.43,-67.986
3419.92,-65.348
3420.41,-66.438
3420.90,-64.396
3421.39,-65.566
3421.88,-67.750
3422.36,-66.587
3422.85,-66.647
3423.34,-66.083
3423.83,-66.946
3424.32,-67.679
3424.80,-69.192
3425.29,-67.342
3425.78,-67.991
3426.27,-66.327
3426.76,-66.993
3427.25,-67.974
3427.73,-66.695
3428.22,-65.908
3428.71,-66.587
3429.20,-67.521
3429.69,-67.264
3430.18,-66.680
3430.66,-68.035
3431.15,-66.778
3431.64,-66.815
3432.13,-66.024
3432.62,-66.190
3433.11,-66.211
3433.59,-67.440
3434.08,-67.792
3434.57,-67.633
3435.06,-67.533
3435.55,-68.060
3436.04,-67.195
3436.52,-67.058
3437.01,-67.822
3437.50,-68.450
3437.99,-68.923
3438.48,-68.046
3438.96,-67.849
3439.45,-67.640
3439.94,-68.040
3440.43,-68.363
3440.92,-65.541
3441.41,-68.904
3441.89,-67.743
3442.38,-68.289
3442.87,-66.924
3443.36,-69.179
3443.85,-68.634
3444.34,-67.903
3444.82,-67.630
3445.31,-67.586
3445.80,-66.876
3446.29,-66.750
3446.78,-69.163
3447.27,-68.762
3447.75,-69.987
3448.24,-68.624
3448.73,-68.853
3449.22,-68.378
3449.71,-69.250
3450.20,-69.724
3450.68,-69.840
3451.17,-69.916
3451.66,-70.146
3452.15,-69.813
3452.64,-68.573
3453.12,-69.423
3453.61,-69.622
3454.10,-69.807
3454.59,-69.848
3455.08,-70.617
3455.57,-70.414
3456.05,-70.981
3456.54,-69.610
3457.03,-71.098
3457.52,-70.674
3458.01,-71.255
3458.50,-70.299
3458.98,-70.921
3459.47,-70.119
3459.96,-68.962
3460.45,-67.642
3460.94,-70.821
3461.43,-70.982
3461.91,-70.083
3462.40,-71.195
3462.89,-70.345
3463.38,-69.333
3463.87,-68.184
3464.36,-70.013
3464.84,-69.371
3465.33,-70.934
3465.82,-70.392
3466.31,-70.351
3466.80,-70.588
3467.29,-69.846
3467.77,-70.905
3468.26,-70.635
3468.75,-70.543
3469.24,-71.322
3469.73,-72.189
3470.21,-72.282
3470.70,-70.542
3471.19,-70.328
3471.68,-71.189
3472.17,-73.434
3472.66,-72.712
3473.14,-71.399
3473.63,-70.027
3474.12,-70.998
3474.61,-68.815
3475.10,-70.428
3475.59,-72.353
3476.07,-72.065
3476.56,-70.357
3477.05,-69.926
3477.54,-70.517
3478.03,-72.406
3478.52,-72.096
3479.00,-71.375
3479.49,-71.305
3479.98,-70.774
3480.47,-73.691
3480.96,-71.041
3481.45,-70.985
3481.93,-72.004
3482.42,-73.825
3482.91,-72.297
3483.40,-71.754
3483.89,-70.786
3484.38,-72.051
3484.86,-72.794
3485.35,-73.296
3485.84,-70.605
3486.33,-72.539
3486.82,-71.063
3487.30,-71.826
3487.79,-70.883
3488.28,-70.526
3488.77,-70.990
3489.26,-73.654
3489.75,-72.724
3490.23,-72.684
3490.72,-72.407
3491.21,-72.905
3491.70,-72.922
3492.19,-72.619
3492.68,-73.165
3493.16,-72.607
3493.65,-72.872
3494.14,-72.930
3494.63,-73.497
3495.12,-73.103
3495.61,-74.018
3496.09,-74.038
3496.58,-74.159
3497.07,-72.753
3497.56,-73.267
3498.05,-74.124
3498.54,-71.301
3499.02,-73.439
3499.51,-72.581
3500.00,-72.219
3500.49,-73.582
3500.98,-73.412
3501.46,-73.549
3501.95,-72.331
3502.44,-74.377
3502.93,-75.304
3503.42,-72.671
3503.91,-73.768
3504.39,-72.788
3504.88,-76.399
3505.37,-74.082
3505.86,-73.314
3506.35,-74.073
3506.84,-74.239
3507.32,-74.284
3507.81,-74.202
3508.30,-73.933
3508.79,-73.532
3509.28,-73.725
3509.77,-73.961
3510.25,-74.000
3510.74,-75.340
3511.23,-73.468
3511.72,-74.715
3512.21,-74.331
3512.70,-75.895
3513.18,-73.191
3513.67,-75.186
3514.16,-76.777
3514.65,-75.522
3515.14,-75.348
3515.62,-77.200
3516.11,-76.368
3516.60,-74.758
3517.09,-75.675
3517.58,-75.183
3518.07,-74.271
3518.55,-74.882
3519.04,-75.012
3519.53,-74.766
3520.02,-74.886
3520.51,-75.869
3521.00,-75.651
3521.48,-75.442
3521.97,-76.601
3522.46,-76.060
3522.95,-74.919
3523.44,-74.936
3523.93,-75.694
3524.41,-74.027
3524.90,-75.889
3525.39,-75.688
3525.88,-77.162
3526.37,-77.199
3526.86,-76.692
3527.34,-75.591
3527.83,-76.660
3528.32,-75.876
3528.81,-75.142
3529.30,-76.390
3529.79,-75.050
3530.27,-75.290
3530.76,-75.798
3531.25,-75.429
3531.74,-75.882
3532.23,-77.015
3532.71,-76.392
3533.20,-75.171
3533.69,-76.457
3534.18,-76.264
3534.67,-77.011
3535.16,-75.811
3535.64,-76.274
3536.13,-75.726
3536.62,-77.862
3537.11,-77.504
3537.60,-76.943
3538.09,-77.109
3538.57,-77.246
3539.06,-76.912
3539.55,-75.686
3540.04,-75.840
3540.53,-76.489
3541.02,-76.043
3541.50,-75.631
3541.99,-77.837
3542.48,-76.905
3542.97,-77.961
3543.46,-78.826
3543.95,-77.400
3544.43,-77.777
3544.92,-78.146
3545.41,-77.499
3545.90,-77.071
3546.39,-77.135
3546.88,-76.302
3547.36,-77.179
3547.85,-76.821
3548.34,-76.904
3548.83,-78.965
3549.32,-77.318
3549.80,-77.639
3550.29,-77.287
3550.78,-77.987
3551.27,-78.566
3551.76,-77.795
3552.25,-78.977
3552.73,-78.659
3553.22,-77.609
3553.71,-79.136
3554.20,-77.804
3554.69,-79.866
3555.18,-78.172
3555.66,-79.080
3556.15,-76.756
3556.64,-78.166
3557.13,-77.844
3557.62,-79.013
3558.11,-78.949
3558.59,-80.439
3559.08,-79.351
3559.57,-79.635
3560.06,-78.496
3560.55,-77.700
3561.04,-78.185
3561.52,-79.077
3562.01,-79.285
3562.50,-79.918
3562.99,-78.542
3563.48,-77.947
3563.96,-79.543
3564.45,-78.804
3564.94,-78.832
3565.43,-78.973
3565.92,-79.106
3566.41,-79.080
3566.89,-79.355
3567.38,-79.612
3567.87,-79.370
3568.36,-79.649
3568.85,-80.571
3569.34,-79.799
3569.82,-79.031
3570.31,-78.210
3570.80,-79.264
3571.29,-78.651
3571.78,-78.790
3572.27,-79.057
3572.75,-79.816
3573.24,-80.181
3573.73,-80.114
3574.22,-80.473
3574.71,-79.907
3575.20,-80.575
3575.68,-79.543
3576.17,-79.376
3576.66,-80.099
3577.15,-79.794
3577.64,-79.608
3578.12,-80.188
3578.61,-79.288
3579.10,-80.328
3579.59,-79.271
3580.08,-80.537
3580.57,-80.762
3581.05,-79.732
3581.54,-78.969
3582.03,-80.086
3582.52,-81.366
3583.01,-80.175
3583.50,-79.395
3583.98,-80.204
3584.47,-80.739
3584.96,-79.766
3585.45,-79.989
3585.94,-79.224
3586.43,-80.155
3586.91,-79.942
3587.40,-80.025
3587.89,-80.798
3588.38,-80.734
3588.87,-80.187
3589.36,-80.002
3589.84,-79.958
3590.33,-79.947
3590.82,-81.781
3591.31,-81.294
3591.80,-81.241
3592.29,-80.645
3592.77,-80.086
3593.26,-79.491
3593.75,-79.411
3594.24,-78.811
3594.73,-80.543
3595.21,-79.593
3595.70,-81.682
3596.19,-80.716
3596.68,-80.374
3597.17,-80.645
3597.66,-79.623
3598.14,-82.210
3598.63,-80.463
3599.12,-81.023
3599.61,-79.512
3600.10,-81.089
3600.59,-79.968
3601.07,-80.061
3601.56,-80.102
3602.05,-79.771
3602.54,-81.412
3603.03,-80.004
3603.52,-81.038
3604.00,-81.656
3604.49,-81.513
3604.98,-81.434
3605.47,-80.457
3605.96,-81.486
3606.45,-80.986
3606.93,-81.216
3607.42,-80.754
3607.91,-80.992
3608.40,-81.655
3608.89,-82.207
3609.38,-82.086
3609.86,-80.223
3610.35,-80.624
3610.84,-82.349
3611.33,-81.735
3611.82,-81.298
3612.30,-82.326
3612.79,-81.310
3613.28,-81.695
3613.77,-81.301
3614.26,-80.582
3614.75,-82.211
3615.23,-82.161
3615.72,-82.335
3616.21,-80.770
3616.70,-81.283
3617.19,-81.936
3617.68,-82.776
3618.16,-80.450
3618.65,-80.919
3619.14,-82.054
3619.63,-81.196
3620.12,-81.111
3620.61,-81.478
3621.09,-80.595
3621.58,-82.016
3622.07,-81.420
3622.56,-82.096
3623.05,-82.547
3623.54,-82.524
3624.02,-81.373
3624.51,-82.509
3625.00,-81.371
3625.49,-82.046
3625.98,-83.031
3626.46,-82.602
3626.95,-81.452
3627.44,-81.306
3627.93,-82.245
3628.42,-82.138
3628.91,-82.183
3629.39,-82.026
3629.88,-82.375
3630.37,-82.477
3630.86,-83.640
3631.35,-82.518
3631.84,-82.855
3632.32,-82.447
3632.81,-82.804
3633.30,-83.401
3633.79,-82.362
3634.28,-82.752
3634.77,-83.493
3635.25,-82.543
3635.74,-82.772
3636.23,-82.563
3636.72,-82.677
3637.21,-82.354
3637.70,-82.706
3638.18,-83.345
3638.67,-83.190
3639.16,-82.816
3639.65,-82.336
3640.14,-82.312
3640.62,-83.651
3641.11,-83.719
3641.60,-83.085
3642.09,-82.306
3642.58,-82.932
3643.07,-82.835
3643.55,-81.709
3644.04,-82.565
3644.53,-82.850
3645.02,-83.163
3645.51,-82.342
3646.00,-81.859
3646.48,-82.832
3646.97,-83.089
3647.46,-83.791
3647.95,-82.541
3648.44,-82.305
3648.93,-83.145
3649.41,-81.743
3649.90,-83.827
3650.39,-81.856
3650.88,-82.887
3651.37,-82.881
3651.86,-81.682
3652.34,-82.714
3652.83,-83.433
3653.32,-82.347
3653.81,-83.340
3654.30,-82.560
3654.79,-82.330
3655.27,-82.525
3655.76,-82.665
3656.25,-83.153
3656.74,-83.004
3657.23,-81.257
3657.71,-83.832
3658.20,-82.500
3658.69,-82.919
3659.18,-84.536
3659.67,-83.249
3660.16,-82.538
3660.64,-83.308
3661.13,-83.697
3661.62,-83.393
3662.11,-82.552
3662.60,-83.366
3663.09,-82.828
3663.57,-81.177
3664.06,-82.416
3664.55,-82.903
3665.04,-83.151
3665.53,-83.360
3666.02,-83.169
3666.50,-83.992
3666.99,-83.496
3667.48,-83.927
3667.97,-83.619
3668.46,-83.458
3668.95,-83.872
3669.43,-83.261
3669.92,-83.982
3670.41,-83.782
3670.90,-82.435
3671.39,-83.041
3671.88,-83.152
3672.36,-83.322
3672.85,-83.105
3673.34,-83.503
3673.83,-82.738
3674.32,-84.825
3674.80,-83.439
3675.29,-84.039
3675.78,-82.676
3676.27,-83.923
3676.76,-84.136
3677.25,-83.072
3677.73,-83.636
3678.22,-84.528
3678.71,-84.152
3679.20,-84.688
3679.69,-84.054
3680.18,-84.605
3680.66,-83.875
3681.15,-85.040
3681.64,-83.686
3682.13,-84.325
3682.62,-84.693
3683.11,-84.513
3683.59,-85.722
3684.08,-85.238
3684.57,-85.394
3685.06,-84.303
3685.55,-85.238
3686.04,-86.283
3686.52,-86.062
3687.01,-85.438
3687.50,-84.817
3687.99,-85.211
3688.48,-84.910
3688.96,-85.662
3689.45,-85.151
3689.94,-86.827
3690.43,-85.669
3690.92,-85.498
3691.41,-85.259
3691.89,-84.994
3692.38,-86.162
3692.87,-85.673
3693.36,-86.044
3693.85,-85.653
3694.34,-85.296
3694.82,-86.299
3695.31,-86.231
3695.80,-85.337
3696.29,-86.681
3696.78,-86.949
3697.27,-86.062
3697.75,-86.510
3698.24,-86.356
3698.73,-85.779
3699.22,-86.739
3699.71,-86.448
3700.20,-86.133
3700.68,-86.434
3701.17,-86.823
3701.66,-87.127
3702.15,-86.306
3702.64,-86.849
3703.12,-86.820
3703.61,-86.310
3704.10,-86.453
3704.59,-86.282
3705.08,-86.521
3705.57,-86.683
3706.05,-86.317
3706.54,-87.087
3707.03,-87.092
3707.52,-86.832
3708.01,-87.273
3708.50,-87.098
3708.98,-87.122
3709.47,-86.880
3709.96,-86.750
3710.45,-86.662
3710.94,-87.002
3711.43,-86.556
3711.91,-87.453
3712.40,-87.259
3712.89,-87.010
3713.38,-87.215
3713.87,-87.030
3714.36,-87.509
3714.84,-87.864
3715.33,-87.377
3715.82,-87.224
3716.31,-87.490
3716.80,-87.338
3717.29,-87.111
3717.77,-87.242
3718.26,-87.375
3718.75,-87.181
3719.24,-87.162
3719.73,-87.157
3720.21,-87.454
3720.70,-87.412
3721.19,-87.419
3721.68,-87.426
3722.17,-87.488
3722.66,-87.173
3723.14,-87.432
3723.63,-87.674
3724.12,-87.219
3724.61,-87.453
3725.10,-87.612
3725.59,-87.293
3726.07,-87.578
3726.56,-87.371
3727.05,-87.536
3727.54,-87.625
3728.03,-87.553
3728.52,-87.641
3729.00,-87.602
3729.49,-87.670
3729.98,-87.658
3730.47,-87.428
3730.96,-87.606
3731.45,-87.735
3731.93,-87.678
3732.42,-87.497
3732.91,-87.647
3733.40,-87.539
3733.89,-87.606
3734.38,-87.584
3734.86,-87.572
3735.35,-87.517
3735.84,-87.784
3736.33,-87.620
3736.82,-87.677
3737.30,-87.575
3737.79,-87.891
3738.28,-87.734
3738.77,-87.593
3739.26,-87.771
3739.75,-87.690
3740.23,-87.833
3740.72,-87.689
3741.21,-87.774
3741.70,-87.709
3742.19,-87.575
3742.68,-87.660
3743.16,-87.685
3743.65,-87.789
3744.14,-87.672
3744.63,-87.740
3745.12,-87.711
3745.61,-87.867
3746.09,-87.623
3746.58,-87.878
3747.07,-87.797
3747.56,-87.823
3748.05,-87.781
3748.54,-87.807
3749.02,-87.756
3749.51,-87.762
3750.00,-87.789
3750.49,-87.746
3750.98,-87.856
3751.46,-87.876
3751.95,-87.731
3752.44,-87.831
3752.93,-87.899
3753.42,-87.863
3753.91,-87.928
3754.39,-87.841
3754.88,-87.869
3755.37,-87.877
3755.86,-87.893
3756.35,-87.901
3756.84,-87.860
3757.32,-87.900
3757.81,-87.867
3758.30,-87.850
3758.79,-87.897
3759.28,-87.975
3759.77,-87.839
3760.25,-87.925
3760.74,-87.816
3761.23,-87.896
3761.72,-87.923
3762.21,-87.904
3762.70,-87.887
3763.18,-87.936
3763.67,-87.929
3764.16,-88.005
3764.65,-87.914
3765.14,-88.066
3765.62,-87.953
3766.11,-87.996
3766.60,-87.908
3767.09,-87.992
3767.58,-87.981
3768.07,-87.955
3768.55,-87.980
3769.04,-87.994
3769.53,-87.985
3770.02,-87.911
3770.51,-87.944
3771.00,-88.005
3771.48,-88.011
3771.97,-87.971
3772.46,-88.013
3772.95,-87.957
3773.44,-87.988
3773.93,-88.055
3774.41,-88.002
3774.90,-88.101
3775.39,-88.039
3775.88,-88.011
3776.37,-88.058
3776.86,-88.099
3777.34,-88.125
3777.83,-88.063
3778.32,-88.102
3778.81,-88.083
3779.30,-88.074
3779.79,-88.064
3780.27,-88.069
3780.76,-88.134
3781.25,-88.065
3781.74,-88.065
3782.23,-88.054
3782.71,-88.071
3783.20,-88.104
3783.69,-88.106
3784.18,-88.130
3784.67,-88.111
3785.16,-88.136
3785.64,-88.073
3786.13,-88.130
3786.62,-88.142
3787.11,-88.153
3787.60,-88.124
3788.09,-88.112
3788.57,-88.180
3789.06,-88.122
3789.55,-88.158
3790.04,-88.142
3790.53,-88.165
3791.02,-88.146
3791.50,-88.144
3791.99,-88.211
3792.48,-88.199
3792.97,-88.156
3793.46,-88.210
3793.95,-88.163
3794.43,-88.231
3794.92,-88.203
3795.41,-88.173
3795.90,-88.214
3796.39,-88.187
3796.88,-88.198
3797.36,-88.213
3797.85,-88.249
3798.34,-88.216
3798.83,-88.216
3799.32,-88.239
3799.80,-88.243
3800.29,-88.200
3800.78,-88.233
3801.27,-88.239
3801.76,-88.211
3802.25,-88.208
3802.73,-88.217
3803.22,-88.250
3803.71,-88.228
3804.20,-88.259
3804.69,-88.247
3805.18,-88.245
3805.66,-88.283
3806.15,-88.251
3806.64,-88.268
3807.13,-88.274
3807.62,-88.261
3808.11,-88.260
3808.59,-88.288
3809.08,-88.267
3809.57,-88.301
3810.06,-88.291
3810.55,-88.307
3811.04,-88.302
3811.52,-88.266
3812.01,-88.302
3812.50,-88.293
3812.99,-88.301
3813.48,-88.320
3813.96,-88.296
3814.45,-88.311
3814.94,-88.300
3815.43,-88.298
3815.92,-88.311
3816.41,-88.333
3816.89,-88.337
3817.38,-88.295
3817.87,-88.338
3818.36,-88.344
3818.85,-88.332
3819.34,-88.348
3819.82,-88.343
3820.31,-88.351
3820.80,-88.348
3821.29,-88.336
3821.78,-88.353
3822.27,-88.349
3822.75,-88.373
3823.24,-88.368
3823.73,-88.350
3824.22,-88.365
3824.71,-88.369
3825.20,-88.365
3825.68,-88.370
3826.17,-88.398
3826.66,-88.389
3827.15,-88.377
3827.64,-88.385
3828.12,-88.373
3828.61,-88.394
3829.10,-88.383
3829.59,-88.404
3830.08,-88.396
3830.57,-88.395
3831.05,-88.394
3831.54,-88.393
3832.03,-88.412
3832.52,-88.412
3833.01,-88.405
3833.50,-88.415
3833.98,-88.422
3834.47,-88.423
3834.96,-88.426
3835.45,-88.427
3835.94,-88.417
3836.43,-88.415
3836.91,-88.412
3837.40,-88.426
3837.89,-88.438
3838.38,-88.446
3838.87,-88.434
3839.36,-88.446
3839.84,-88.443
3840.33,-88.441
3840.82,-88.439
3841.31,-88.449
3841.80,-88.450
3842.29,-88.471
3842.77,-88.450
3843.26,-88.460
3843.75,-88.471
3844.24,-88.475
3844.73,-88.472
3845.21,-88.466
3845.70,-88.473
3846.19,-88.474
3846.68,-88.489
3847.17,-88.480
3847.66,-88.486
3848.14,-88.497
3848.63,-88.493
3849.12,-88.497
3849.61,-88.484
3850.10,-88.495
3850.59,-88.478
3851.07,-88.496
3851.56,-88.500
3852.05,-88.493
3852.54,-88.500
3853.03,-88.523
3853.52,-88.518
3854.00,-88.521
3854.49,-88.515
3854.98,-88.513
3855.47,-88.527
3855.96,-88.518
3856.45,-88.534
3856.93,-88.533
3857.42,-88.530
3857.91,-88.530
3858.40,-88.536
3858.89,-88.546
3859.38,-88.542
3859.86,-88.541
3860.35,-88.545
3860.84,-88.544
3861.33,-88.552
3861.82,-88.550
3862.30,-88.545
3862.79,-88.556
3863.28,-88.558
3863.77,-88.551
3864.26,-88.544
3864.75,-88.567
3865.23,-88.568
3865.72,-88.562
3866.21,-88.568
3866.70,-88.565
3867.19,-88.571
3867.68,-88.568
3868.16,-88.575
3868.65,-88.590
3869.14,-88.580
3869.63,-88.586
3870.12,-88.584
3870.61,-88.583
3871.09,-88.587
3871.58,-88.587
3872.07,-88.596
3872.56,-88.599
3873.05,-88.598
3873.54,-88.603
3874.02,-88.596
3874.51,-88.598
3875.00,-88.601
3875.49,-88.605
3875.98,-88.601
3876.46,-88.607
3876.95,-88.615
3877.44,-88.612
3877.93,-88.619
3878.42,-88.616
3878.91,-88.620
3879.39,-88.621
3879.88,-88.618
3880.37,-88.625
3880.86,-88.628
3881.35,-88.631
3881.84,-88.633
3882.32,-88.632
3882.81,-88.629
3883.30,-88.632
3883.79,-88.625
3884.28,-88.634
3884.77,-88.633
3885.25,-88.640
3885.74,-88.635
3886.23,-88.637
3886.72,-88.649
3887.21,-88.644
3887.70,-88.644
3888.18,-88.643
3888.67,-88.648
3889.16,-88.653
3889.65,-88.656
3890.14,-88.657
3890.62,-88.658
3891.11,-88.660
3891.60,-88.660
3892.09,-88.656
3892.58,-88.662
3893.07,-88.660
3893.55,-88.670
3894.04,-88.676
3894.53,-88.672
3895.02,-88.669
3895.51,-88.677
3896.00,-88.680
3896.48,-88.682
3896.97,-88.682
3897.46,-88.680
3897.95,-88.681
3898.44,-88.687
3898.93,-88.685
3899.41,-88.690
3899.90,-88.687
3900.39,-88.688
3900.88,-88.689
3901.37,-88.698
3901.86,-88.694
3902.34,-88.691
3902.83,-88.697
3903.32,-88.697
3903.81,-88.695
3904.30,-88.698
3904.79,-88.704
3905.27,-88.705
3905.76,-88.703
3906.25,-88.706
3906.74,-88.704
3907.23,-88.709
3907.71,-88.712
3908.20,-88.713
3908.69,-88.708
3909.18,-88.716
3909.67,-88.722
3910.16,-88.717
3910.64,-88.720
3911.13,-88.718
3911.62,-88.721
3912.11,-88.725
3912.60,-88.723
3913.09,-88.721
3913.57,-88.726
3914.06,-88.729
3914.55,-88.731
3915.04,-88.731
3915.53,-88.733
3916.02,-88.732
3916.50,-88.731
3916.99,-88.736
3917.48,-88.736
3917.97,-88.741
3918.46,-88.741
3918.95,-88.740
3919.43,-88.744
3919.92,-88.745
3920.41,-88.742
3920.90,-88.748
3921.39,-88.748
3921.88,-88.746
3922.36,-88.747
3922.85,-88.750
3923.34,-88.747
3923.83,-88.754
3924.32,-88.751
3924.80,-88.754
3925.29,-88.758
3925.78,-88.759
3926.27,-88.759
3926.76,-88.756
3927.25,-88.760
3927.73,-88.759
3928.22,-88.761
3928.71,-88.763
3929.20,-88.762
3929.69,-88.763
3930.18,-88.764
3930.66,-88.767
3931.15,-88.766
3931.64,-88.769
3932.13,-88.768
3932.62,-88.770
3933.11,-88.772
3933.59,-88.772
3934.08,-88.775
3934.57,-88.773
3935.06,-88.774
3935.55,-88.777
3936.04,-88.777
3936.52,-88.778
3937.01,-88.778
3937.50,-88.780
3937.99,-88.780
3938.48,-88.782
3938.96,-88.783
3939.45,-88.781
3939.94,-88.783
3940.43,-88.787
3940.92,-88.786
3941.41,-88.789
3941.89,-88.789
3942.38,-88.788
3942.87,-88.790
3943.36,-88.789
3943.85,-88.793
3944.34,-88.794
3944.82,-88.793
3945.31,-88.794
3945.80,-88.795
3946.29,-88.797
3946.78,-88.795
3947.27,-88.796
3947.75,-88.796
3948.24,-88.799
3948.73,-88.799
3949.22,-88.801
3949.71,-88.802
3950.20,-88.801
3950.68,-88.803
3951.17,-88.804
3951.66,-88.803
3952.15,-88.804
3952.64,-88.806
3953.12,-88.807
3953.61,-88.807
3954.10,-88.807
3954.59,-88.808
3955.08,-88.810
3955.57,-88.810
3956.05,-88.811
3956.54,-88.812
3957.03,-88.812
3957.52,-88.813
3958.01,-88.811
3958.50,-88.813
3958.98,-88.814
3959.47,-88.814
3959.96,-88.815
3960.45,-88.816
3960.94,-88.816
3961.43,-88.816
3961.91,-88.817
3962.40,-88.818
3962.89,-88.819
3963.38,-88.817
3963.87,-88.820
3964.36,-88.821
3964.84,-88.820
3965.33,-88.820
3965.82,-88.822
3966.31,-88.823
3966.80,-88.821
3967.29,-88.822
3967.77,-88.825
3968.26,-88.824
3968.75,-88.823
3969.24,-88.827
3969.73,-88.825
3970.21,-88.825
3970.70,-88.827
3971.19,-88.826
3971.68,-88.827
3972.17,-88.828
3972.66,-88.827
3973.14,-88.829
3973.63,-88.828
3974.12,-88.829
3974.61,-88.829
3975.10,-88.829
3975.59,-88.830
3976.07,-88.830
3976.56,-88.832
3977.05,-88.832
3977.54,-88.831
3978.03,-88.831
3978.52,-88.831
3979.00,-88.832
3979.49,-88.833
3979.98,-88.833
3980.47,-88.832
3980.96,-88.834
3981.45,-88.833
3981.93,-88.833
3982.42,-88.835
3982.91,-88.834
3983.40,-88.835
3983.89,-88.835
3984.38,-88.835
3984.86,-88.835
3985.35,-88.837
3985.84,-88.836
3986.33,-88.836
3986.82,-88.837
3987.30,-88.838
3987.79,-88.837
3988.28,-88.838
3988.77,-88.837
3989.26,-88.837
3989.75,-88.837
3990.23,-88.837
3990.72,-88.838
3991.21,-88.838
3991.70,-88.839
3992.19,-88.839
3992.68,-88.839
3993.16,-88.838
3993.65,-88.838
3994.14,-88.839
3994.63,-88.838
3995.12,-88.839
3995.61,-88.838
3996.09,-88.839
3996.58,-88.839
3997.07,-88.839
3997.56,-88.839
3998.05,-88.839
3998.54,-88.839
3999.02,-88.839
3999.51,-88.840
4000.00,-91.846
