Frequency (Hz),FFT Magnitude (dB)
0.00,-120.000
0.49,-95.049
0.98,-95.080
1.46,-94.870
1.95,-94.370
2.44,-94.445
2.93,-93.353
3.42,-93.357
3.91,-92.444
4.39,-92.777
4.88,-90.814
5.37,-89.271
5.86,-88.704
6.35,-89.475
6.84,-91.205
7.32,-90.413
7.81,-90.307
8.30,-88.904
8.79,-87.275
9.28,-85.943
9.77,-84.592
10.25,-84.321
10.74,-84.019
11.23,-84.115
11.72,-85.787
12.21,-83.424
12.70,-82.643
13.18,-79.227
13.67,-79.423
14.16,-82.055
14.65,-81.246
15.14,-79.314
15.62,-77.971
16.11,-76.494
16.60,-82.220
17.09,-83.516
17.58,-81.656
18.07,-81.312
18.55,-82.380
19.04,-81.959
19.53,-81.866
20.02,-80.091
20.51,-78.831
21.00,-82.577
21.48,-84.272
21.97,-84.189
22.46,-84.064
22.95,-84.051
23.44,-82.789
23.93,-82.206
24.41,-79.797
24.90,-79.157
25.39,-78.769
25.88,-75.645
26.37,-74.035
26.86,-75.168
27.34,-74.814
27.83,-75.161
28.32,-71.215
28.81,-61.611
29.30,-65.968
29.79,-60.310
30.27,-70.718
30.76,-72.311
31.25,-73.004
31.74,-63.127
32.23,-71.511
32.71,-72.429
33.20,-72.103
33.69,-72.341
34.18,-70.707
34.67,-62.731
35.16,-66.963
35.64,-71.629
36.13,-72.170
36.62,-73.696
37.11,-74.996
37.60,-75.114
38.09,-76.166
38.57,-76.085
39.06,-77.017
39.55,-73.726
40.04,-77.646
40.53,-77.545
41.02,-77.103
41.50,-77.192
41.99,-75.956
42.48,-73.877
42.97,-73.435
43.46,-72.968
43.95,-73.041
44.43,-74.377
44.92,-72.140
45.41,-74.636
45.90,-77.700
46.39,-78.813
46.88,-78.193
47.36,-79.180
47.85,-74.197
48.34,-76.014
48.83,-75.697
49.32,-76.501
49.80,-76.562
50.29,-75.164
50.78,-75.077
51.27,-74.922
51.76,-72.203
52.25,-72.827
52.73,-73.580
53.22,-72.849
53.71,-76.573
54.20,-73.966
54.69,-75.694
55.18,-75.203
55.66,-75.990
56.15,-76.084
56.64,-77.859
57.13,-76.061
57.62,-72.562
58.11,-70.040
58.59,-68.649
59.08,-69.864
59.57,-75.466
60.06,-77.503
60.55,-77.878
61.04,-78.398
61.52,-77.492
62.01,-76.464
62.50,-77.300
62.99,-76.451
63.48,-68.950
63.96,-74.395
64.45,-74.342
64.94,-76.524
65.43,-77.233
65.92,-76.700
66.41,-74.980
66.89,-73.113
67.38,-73.031
67.87,-74.774
68.36,-74.504
68.85,-72.584
69.34,-71.250
69.82,-73.453
70.31,-73.194
70.80,-73.483
71.29,-74.665
71.78,-76.621
72.27,-75.250
72.75,-75.688
73.24,-76.664
73.73,-75.625
74.22,-76.121
74.71,-75.947
75.20,-78.010
75.68,-75.408
76.17,-77.353
76.66,-78.031
77.15,-77.399
77.64,-76.702
78.12,-75.472
78.61,-77.244
79.10,-76.098
79.59,-74.623
80.08,-75.018
80.57,-74.852
81.05,-75.800
81.54,-75.374
82.03,-75.955
82.52,-75.159
83.01,-77.316
83.50,-76.790
83.98,-76.598
84.47,-75.756
84.96,-76.915
85.45,-78.349
85.94,-77.299
86.43,-78.237
86.91,-78.352
87.40,-77.245
87.89,-77.577
88.38,-76.835
88.87,-67.401
89.36,-74.628
89.84,-75.584
90.33,-74.691
90.82,-75.808
91.31,-74.012
91.80,-72.717
92.29,-76.082
92.77,-72.269
93.26,-69.719
93.75,-67.098
94.24,-74.522
94.73,-75.238
95.21,-75.577
95.70,-77.680
96.19,-77.290
96.68,-76.806
97.17,-77.318
97.66,-77.034
98.14,-75.147
98.63,-76.433
99.12,-75.074
99.61,-75.476
100.10,-74.081
100.59,-73.364
101.07,-74.416
101.56,-74.520
102.05,-72.474
102.54,-74.250
103.03,-75.125
103.52,-72.735
104.00,-72.768
104.49,-73.274
104.98,-71.756
105.47,-71.419
105.96,-71.542
106.45,-70.185
106.93,-73.277
107.42,-72.534
107.91,-71.886
108.40,-72.973
108.89,-71.753
109.38,-71.921
109.86,-70.774
110.35,-71.998
110.84,-70.836
111.33,-69.284
111.82,-68.775
112.30,-70.248
112.79,-68.022
113.28,-64.007
113.77,-66.505
114.26,-68.520
114.75,-69.454
115.23,-69.401
115.72,-69.932
116.21,-68.748
116.70,-68.712
117.19,-68.336
117.68,-67.196
118.16,-64.345
118.65,-61.650
119.14,-58.915
119.63,-51.483
120.12,-44.957
120.61,-57.258
121.09,-61.862
121.58,-64.087
122.07,-62.905
122.56,-64.204
123.05,-66.719
123.54,-68.796
124.02,-71.256
124.51,-71.655
125.00,-72.277
125.49,-72.643
125.98,-71.487
126.46,-72.102
126.95,-72.738
127.44,-71.759
127.93,-63.237
128.42,-70.157
128.91,-71.938
129.39,-71.492
129.88,-70.465
130.37,-69.587
130.86,-69.610
131.35,-69.478
131.84,-68.148
132.32,-65.010
132.81,-45.217
133.30,-60.650
133.79,-56.644
134.28,-65.887
134.77,-67.566
135.25,-69.989
135.74,-71.647
136.23,-71.891
136.72,-71.790
137.21,-71.489
137.70,-73.649
138.18,-72.310
138.67,-70.710
139.16,-72.024
139.65,-70.926
140.14,-70.786
140.62,-71.699
141.11,-70.589
141.60,-70.691
142.09,-72.160
142.58,-73.003
143.07,-72.667
143.55,-72.396
144.04,-71.950
144.53,-68.767
145.02,-70.652
145.51,-70.449
146.00,-71.041
146.48,-70.297
146.97,-71.822
147.46,-68.556
147.95,-69.836
148.44,-61.101
148.93,-67.771
149.41,-65.884
149.90,-67.900
150.39,-66.651
150.88,-65.867
151.37,-67.458
151.86,-66.834
152.34,-68.170
152.83,-65.730
153.32,-65.257
153.81,-66.929
154.30,-67.079
154.79,-67.866
155.27,-69.439
155.76,-69.355
156.25,-69.565
156.74,-69.200
157.23,-70.574
157.71,-71.380
158.20,-70.535
158.69,-69.199
159.18,-61.258
159.67,-64.849
160.16,-69.316
160.64,-70.592
161.13,-70.944
161.62,-70.206
162.11,-70.507
162.60,-71.160
163.09,-70.601
163.57,-71.562
164.06,-70.309
164.55,-70.993
165.04,-70.820
165.53,-72.185
166.02,-71.168
166.50,-71.572
166.99,-71.995
167.48,-71.674
167.97,-69.915
168.46,-71.708
168.95,-73.045
169.43,-73.259
169.92,-70.142
170.41,-71.683
170.90,-72.775
171.39,-72.377
171.88,-72.884
172.36,-73.422
172.85,-70.657
173.34,-73.091
173.83,-73.829
174.32,-74.559
174.80,-76.259
175.29,-76.616
175.78,-75.443
176.27,-77.194
176.76,-76.259
177.25,-74.184
177.73,-74.200
178.22,-73.190
178.71,-72.432
179.20,-73.261
179.69,-72.764
180.18,-73.875
180.66,-73.491
181.15,-75.818
181.64,-74.881
182.13,-76.189
182.62,-75.191
183.11,-76.110
183.59,-75.595
184.08,-75.323
184.57,-74.303
185.06,-70.906
185.55,-72.456
186.04,-70.536
186.52,-71.735
187.01,-71.926
187.50,-74.047
187.99,-72.426
188.48,-73.082
188.96,-73.118
189.45,-72.434
189.94,-74.304
190.43,-75.333
190.92,-74.787
191.41,-73.331
191.89,-73.259
192.38,-74.456
192.87,-76.616
193.36,-77.460
193.85,-77.418
194.34,-78.178
194.82,-79.016
195.31,-78.984
195.80,-76.508
196.29,-79.751
196.78,-77.119
197.27,-76.485
197.75,-75.218
198.24,-75.918
198.73,-77.704
199.22,-76.875
199.71,-71.982
200.20,-79.119
200.68,-77.632
201.17,-79.046
201.66,-79.723
202.15,-80.259
202.64,-77.274
203.12,-77.930
203.61,-77.430
204.10,-77.211
204.59,-76.424
205.08,-76.324
205.57,-76.047
206.05,-75.035
206.54,-75.035
207.03,-74.003
207.52,-67.479
208.01,-64.985
208.50,-73.810
208.98,-76.416
209.47,-76.228
209.96,-78.997
210.45,-76.903
210.94,-76.671
211.43,-76.138
211.91,-76.400
212.40,-75.712
212.89,-76.193
213.38,-73.733
213.87,-74.690
214.36,-75.853
214.84,-76.740
215.33,-77.442
215.82,-78.831
216.31,-77.335
216.80,-78.947
217.29,-79.499
217.77,-79.758
218.26,-80.601
218.75,-79.936
219.24,-78.786
219.73,-78.519
220.21,-77.891
220.70,-77.015
221.19,-77.649
221.68,-73.714
222.17,-76.380
222.66,-76.070
223.14,-76.301
223.63,-76.045
224.12,-77.281
224.61,-78.053
225.10,-78.534
225.59,-76.788
226.07,-75.254
226.56,-77.941
227.05,-79.448
227.54,-81.303
228.03,-78.903
228.52,-79.243
229.00,-79.756
229.49,-80.224
229.98,-78.621
230.47,-78.656
230.96,-77.372
231.45,-76.111
231.93,-78.615
232.42,-77.715
232.91,-77.554
233.40,-78.176
233.89,-79.439
234.38,-78.039
234.86,-79.437
235.35,-79.686
235.84,-77.168
236.33,-76.669
236.82,-76.135
237.30,-75.647
237.79,-75.020
238.28,-73.318
238.77,-68.219
239.26,-66.685
239.75,-61.918
240.23,-66.131
240.72,-72.751
241.21,-74.032
241.70,-73.324
242.19,-74.931
242.68,-74.996
243.16,-75.586
243.65,-75.998
244.14,-77.066
244.63,-77.188
245.12,-76.647
245.61,-79.333
246.09,-79.080
246.58,-80.153
247.07,-79.333
247.56,-79.056
248.05,-78.486
248.54,-77.561
249.02,-78.173
249.51,-76.841
250.00,-76.961
250.49,-75.147
250.98,-76.519
251.46,-75.263
251.95,-74.005
252.44,-72.743
252.93,-70.696
253.42,-74.943
253.91,-76.058
254.39,-77.253
254.88,-78.230
255.37,-78.583
255.86,-78.338
256.35,-78.615
256.84,-79.359
257.32,-79.368
257.81,-80.015
258.30,-81.031
258.79,-79.912
259.28,-80.213
259.77,-82.023
260.25,-81.136
260.74,-81.526
261.23,-79.272
261.72,-79.615
262.21,-80.573
262.70,-80.945
263.18,-82.415
263.67,-82.774
264.16,-83.216
264.65,-83.283
265.14,-83.480
265.62,-74.595
266.11,-82.314
266.60,-81.574
267.09,-75.013
267.58,-80.719
268.07,-82.657
268.55,-83.338
269.04,-83.502
269.53,-83.939
270.02,-81.959
270.51,-82.299
271.00,-79.476
271.48,-81.828
271.97,-82.106
272.46,-81.728
272.95,-81.696
273.44,-83.489
273.93,-83.306
274.41,-85.059
274.90,-83.610
275.39,-83.301
275.88,-84.335
276.37,-84.035
276.86,-83.472
277.34,-82.902
277.83,-83.589
278.32,-81.454
278.81,-83.036
279.30,-72.228
279.79,-82.314
280.27,-80.549
280.76,-82.654
281.25,-83.511
281.74,-83.219
282.23,-81.524
282.71,-84.142
283.20,-84.022
283.69,-81.833
284.18,-82.881
284.67,-85.461
285.16,-84.972
285.64,-83.291
286.13,-83.491
286.62,-84.564
287.11,-83.436
287.60,-83.708
288.09,-82.214
288.57,-83.097
289.06,-83.000
289.55,-82.620
290.04,-84.385
290.53,-83.793
291.02,-82.928
291.50,-83.355
291.99,-81.940
292.48,-83.132
292.97,-80.457
293.46,-83.548
293.95,-82.255
294.43,-81.973
294.92,-83.399
295.41,-82.861
295.90,-81.286
296.39,-81.015
296.88,-80.691
297.36,-82.040
297.85,-82.388
298.34,-81.604
298.83,-81.219
299.32,-81.987
299.80,-84.042
300.29,-82.364
300.78,-82.829
301.27,-81.566
301.76,-81.919
302.25,-81.633
302.73,-82.774
303.22,-81.261
303.71,-83.320
304.20,-80.894
304.69,-81.083
305.18,-80.523
305.66,-82.794
306.15,-81.929
306.64,-83.200
307.13,-84.026
307.62,-84.059
308.11,-81.359
308.59,-83.350
309.08,-82.815
309.57,-82.164
310.06,-81.589
310.55,-81.514
311.04,-82.437
311.52,-82.489
312.01,-82.140
312.50,-83.784
312.99,-82.621
313.48,-84.868
313.96,-84.039
314.45,-84.631
314.94,-83.943
315.43,-83.538
315.92,-84.084
316.41,-85.551
316.89,-84.131
317.38,-82.261
317.87,-83.209
318.36,-82.784
318.85,-83.797
319.34,-83.547
319.82,-83.440
320.31,-85.459
320.80,-85.144
321.29,-84.767
321.78,-84.501
322.27,-84.818
322.75,-82.889
323.24,-84.447
323.73,-84.311
324.22,-83.718
324.71,-85.389
325.20,-84.695
325.68,-86.891
326.17,-84.322
326.66,-82.792
327.15,-82.727
327.64,-83.926
328.12,-84.605
328.61,-84.341
329.10,-82.247
329.59,-85.037
330.08,-83.032
330.57,-81.348
331.05,-82.067
331.54,-82.648
332.03,-83.409
332.52,-83.601
333.01,-83.613
333.50,-82.480
333.98,-85.253
334.47,-83.522
334.96,-84.138
335.45,-83.427
335.94,-84.657
336.43,-85.194
336.91,-83.870
337.40,-84.171
337.89,-85.012
338.38,-84.160
338.87,-84.894
339.36,-85.977
339.84,-87.220
340.33,-86.821
340.82,-85.387
341.31,-83.215
341.80,-84.942
342.29,-85.976
342.77,-84.553
343.26,-83.564
343.75,-85.309
344.24,-84.398
344.73,-85.613
345.21,-83.385
345.70,-84.427
346.19,-85.384
346.68,-85.512
347.17,-84.357
347.66,-83.498
348.14,-83.475
348.63,-82.387
349.12,-81.914
349.61,-83.757
350.10,-83.647
350.59,-82.869
351.07,-82.930
351.56,-84.017
352.05,-84.304
352.54,-85.228
353.03,-84.443
353.52,-85.539
354.00,-84.487
354.49,-84.779
354.98,-82.480
355.47,-83.570
355.96,-80.095
356.45,-79.285
356.93,-83.451
357.42,-83.837
357.91,-83.908
358.40,-83.123
358.89,-80.912
359.38,-83.879
359.86,-79.497
360.35,-80.915
360.84,-75.972
361.33,-80.091
361.82,-82.709
362.30,-80.888
362.79,-81.053
363.28,-81.632
363.77,-83.852
364.26,-82.007
364.75,-81.833
365.23,-80.991
365.72,-80.167
366.21,-81.037
366.70,-81.543
367.19,-80.602
367.68,-81.035
368.16,-81.751
368.65,-81.820
369.14,-81.473
369.63,-79.623
370.12,-81.220
370.61,-80.700
371.09,-80.141
371.58,-77.354
372.07,-77.951
372.56,-80.039
373.05,-80.715
373.54,-81.827
374.02,-81.679
374.51,-81.939
375.00,-81.949
375.49,-80.089
375.98,-82.315
376.46,-82.798
376.95,-84.082
377.44,-82.448
377.93,-83.697
378.42,-84.014
378.91,-85.098
379.39,-81.773
379.88,-82.625
380.37,-81.737
380.86,-79.514
381.35,-79.664
381.84,-81.433
382.32,-79.212
382.81,-79.941
383.30,-79.440
383.79,-78.628
384.28,-81.831
384.77,-81.247
385.25,-85.242
385.74,-84.384
386.23,-83.315
386.72,-84.212
387.21,-82.202
387.70,-83.401
388.18,-82.165
388.67,-81.336
389.16,-80.725
389.65,-81.810
390.14,-84.359
390.62,-83.415
391.11,-84.123
391.60,-81.762
392.09,-82.625
392.58,-83.219
393.07,-82.216
393.55,-80.404
394.04,-80.399
394.53,-78.890
395.02,-77.796
395.51,-77.842
396.00,-77.760
396.48,-78.912
396.97,-79.152
397.46,-77.946
397.95,-75.911
398.44,-67.394
398.93,-77.523
399.41,-80.193
399.90,-80.178
400.39,-81.397
400.88,-83.533
401.37,-82.009
401.86,-82.065
402.34,-83.181
402.83,-82.623
403.32,-82.880
403.81,-82.274
404.30,-82.050
404.79,-83.331
405.27,-81.977
405.76,-83.114
406.25,-82.135
406.74,-81.591
407.23,-82.189
407.71,-82.962
408.20,-82.461
408.69,-82.640
409.18,-83.872
409.67,-83.784
410.16,-82.745
410.64,-83.146
411.13,-84.573
411.62,-82.717
412.11,-83.849
412.60,-83.349
413.09,-84.298
413.57,-82.861
414.06,-84.413
414.55,-83.326
415.04,-82.218
415.53,-81.623
416.02,-82.977
416.50,-82.173
416.99,-83.296
417.48,-81.785
417.97,-81.304
418.46,-81.756
418.95,-82.619
419.43,-81.602
419.92,-81.416
420.41,-82.075
420.90,-82.707
421.39,-82.217
421.88,-81.712
422.36,-81.841
422.85,-82.875
423.34,-82.543
423.83,-81.563
424.32,-79.566
424.80,-82.004
425.29,-80.658
425.78,-80.378
426.27,-81.359
426.76,-81.102
427.25,-79.632
427.73,-80.069
428.22,-79.967
428.71,-81.542
429.20,-80.828
429.69,-80.327
430.18,-82.013
430.66,-80.892
431.15,-79.923
431.64,-82.013
432.13,-80.896
432.62,-79.994
433.11,-80.531
433.59,-80.267
434.08,-78.263
434.57,-79.042
435.06,-78.710
435.55,-78.952
436.04,-79.153
436.52,-78.162
437.01,-77.623
437.50,-78.249
437.99,-77.657
438.48,-78.875
438.96,-78.851
439.45,-78.076
439.94,-77.700
440.43,-78.729
440.92,-77.885
441.41,-80.095
441.89,-79.479
442.38,-78.723
442.87,-78.418
443.36,-78.452
443.85,-78.039
444.34,-79.193
444.82,-78.531
445.31,-77.042
445.80,-76.665
446.29,-77.726
446.78,-78.149
447.27,-77.793
447.75,-78.903
448.24,-78.171
448.73,-80.027
449.22,-79.980
449.71,-81.078
450.20,-80.200
450.68,-80.172
451.17,-79.996
451.66,-78.071
452.15,-79.179
452.64,-80.608
453.12,-79.495
453.61,-77.853
454.10,-78.713
454.59,-78.203
455.08,-77.534
455.57,-76.847
456.05,-75.958
456.54,-77.201
457.03,-76.954
457.52,-77.516
458.01,-76.967
458.50,-77.011
458.98,-76.199
459.47,-75.942
459.96,-76.049
460.45,-76.024
460.94,-75.951
461.43,-76.836
461.91,-76.708
462.40,-76.393
462.89,-77.269
463.38,-77.459
463.87,-77.147
464.36,-75.847
464.84,-75.405
465.33,-74.323
465.82,-75.108
466.31,-75.319
466.80,-76.485
467.29,-76.853
467.77,-76.638
468.26,-77.053
468.75,-75.728
469.24,-76.290
469.73,-74.963
470.21,-75.461
470.70,-76.533
471.19,-75.148
471.68,-75.585
472.17,-75.419
472.66,-75.851
473.14,-77.520
473.63,-77.095
474.12,-74.666
474.61,-73.292
475.10,-71.580
475.59,-75.595
476.07,-74.627
476.56,-76.415
477.05,-74.150
477.54,-76.226
478.03,-75.785
478.52,-76.009
479.00,-75.243
479.49,-75.567
479.98,-77.858
480.47,-75.989
480.96,-74.763
481.45,-75.703
481.93,-75.523
482.42,-73.545
482.91,-73.608
483.40,-74.500
483.89,-75.061
484.38,-73.188
484.86,-75.948
485.35,-73.296
485.84,-73.563
486.33,-72.973
486.82,-73.379
487.30,-73.760
487.79,-73.646
488.28,-74.516
488.77,-73.665
489.26,-75.176
489.75,-74.806
490.23,-72.368
490.72,-72.829
491.21,-73.095
491.70,-74.189
492.19,-73.096
492.68,-71.992
493.16,-71.859
493.65,-72.692
494.14,-72.837
494.63,-72.794
495.12,-72.824
495.61,-71.625
496.09,-71.244
496.58,-71.884
497.07,-72.627
497.56,-73.905
498.05,-73.381
498.54,-73.826
499.02,-73.593
499.51,-73.794
500.00,-72.407
500.49,-72.673
500.98,-71.878
501.46,-72.423
501.95,-72.313
502.44,-71.938
502.93,-71.619
503.42,-71.645
503.91,-72.997
504.39,-72.816
504.88,-71.213
505.37,-71.804
505.86,-73.246
506.35,-73.337
506.84,-73.572
507.32,-73.628
507.81,-71.418
508.30,-71.809
508.79,-71.926
509.28,-70.546
509.77,-70.714
510.25,-70.981
510.74,-70.541
511.23,-70.403
511.72,-71.510
512.21,-70.078
512.70,-72.208
513.18,-71.561
513.67,-72.716
514.16,-70.650
514.65,-71.184
515.14,-71.669
515.62,-72.438
516.11,-70.744
516.60,-72.884
517.09,-72.283
517.58,-72.836
518.07,-71.899
518.55,-71.392
519.04,-71.449
519.53,-71.890
520.02,-71.113
520.51,-71.953
521.00,-71.518
521.48,-70.515
521.97,-72.477
522.46,-72.861
522.95,-73.188
523.44,-72.244
523.93,-71.459
524.41,-70.814
524.90,-72.739
525.39,-72.500
525.88,-72.187
526.37,-72.075
526.86,-74.406
527.34,-73.560
527.83,-72.352
528.32,-73.728
528.81,-73.790
529.30,-74.278
529.79,-71.975
530.27,-69.204
530.76,-64.904
531.25,-57.266
531.74,-66.488
532.23,-71.757
532.71,-72.780
533.20,-73.055
533.69,-74.132
534.18,-74.513
534.67,-74.778
535.16,-75.086
535.64,-73.439
536.13,-73.354
536.62,-73.540
537.11,-74.064
537.60,-74.447
538.09,-74.859
538.57,-74.651
539.06,-73.857
539.55,-74.396
540.04,-73.166
540.53,-75.229
541.02,-75.290
541.50,-74.763
541.99,-75.546
542.48,-75.965
542.97,-75.211
543.46,-75.237
543.95,-75.494
544.43,-74.620
544.92,-76.720
545.41,-73.680
545.90,-74.046
546.39,-75.298
546.88,-73.890
547.36,-73.837
547.85,-76.705
548.34,-76.852
548.83,-75.926
549.32,-76.307
549.80,-75.475
550.29,-75.419
550.78,-75.557
551.27,-75.029
551.76,-75.670
552.25,-74.902
552.73,-76.111
553.22,-77.064
553.71,-76.190
554.20,-77.416
554.69,-76.801
555.18,-77.344
555.66,-76.817
556.15,-78.648
556.64,-74.238
557.13,-76.277
557.62,-77.176
558.11,-78.299
558.59,-79.292
559.08,-75.738
559.57,-76.943
560.06,-77.701
560.55,-78.166
561.04,-77.580
561.52,-78.954
562.01,-76.346
562.50,-77.319
562.99,-77.010
563.48,-78.774
563.96,-75.845
564.45,-77.428
564.94,-76.905
565.43,-77.223
565.92,-78.590
566.41,-78.340
566.89,-78.355
567.38,-77.562
567.87,-76.024
568.36,-76.568
568.85,-77.487
569.34,-78.161
569.82,-79.128
570.31,-79.504
570.80,-78.401
571.29,-79.812
571.78,-77.630
572.27,-78.742
572.75,-77.579
573.24,-79.248
573.73,-77.981
574.22,-80.141
574.71,-82.083
575.20,-79.572
575.68,-80.190
576.17,-79.452
576.66,-79.515
577.15,-80.225
577.64,-80.319
578.12,-80.078
578.61,-80.291
579.10,-80.435
579.59,-80.493
580.08,-77.672
580.57,-70.818
581.05,-73.439
581.54,-77.977
582.03,-78.624
582.52,-78.562
583.01,-78.617
583.50,-79.611
583.98,-78.695
584.47,-77.735
584.96,-80.719
585.45,-80.142
585.94,-82.250
586.43,-82.498
586.91,-79.693
587.40,-79.137
587.89,-77.236
588.38,-80.770
588.87,-81.267
589.36,-82.430
589.84,-81.624
590.33,-80.627
590.82,-82.406
591.31,-79.611
591.80,-80.247
592.29,-79.940
592.77,-79.036
593.26,-82.325
593.75,-81.245
594.24,-81.087
594.73,-80.588
595.21,-82.058
595.70,-81.806
596.19,-83.177
596.68,-82.399
597.17,-82.073
597.66,-81.722
598.14,-80.312
598.63,-81.303
599.12,-82.406
599.61,-83.095
600.10,-82.444
600.59,-81.973
601.07,-81.627
601.56,-82.406
602.05,-82.180
602.54,-81.475
603.03,-83.050
603.52,-81.657
604.00,-81.374
604.49,-82.565
604.98,-81.224
605.47,-81.853
605.96,-82.474
606.45,-81.934
606.93,-81.977
607.42,-81.529
607.91,-82.158
608.40,-82.171
608.89,-82.572
609.38,-82.064
609.86,-83.141
610.35,-82.990
610.84,-76.447
611.33,-79.608
611.82,-82.162
612.30,-82.739
612.79,-83.071
613.28,-83.740
613.77,-85.047
614.26,-83.072
614.75,-82.245
615.23,-81.247
615.72,-82.664
616.21,-84.049
616.70,-83.448
617.19,-82.587
617.68,-83.065
618.16,-83.662
618.65,-82.628
619.14,-84.547
619.63,-84.524
620.12,-82.585
620.61,-84.331
621.09,-83.531
621.58,-83.890
622.07,-82.391
622.56,-83.988
623.05,-81.646
623.54,-84.524
624.02,-81.408
624.51,-82.552
625.00,-84.579
625.49,-83.602
625.98,-81.171
626.46,-82.172
626.95,-83.238
627.44,-82.287
627.93,-83.491
628.42,-82.686
628.91,-82.045
629.39,-82.128
629.88,-84.607
630.37,-83.535
630.86,-83.910
631.35,-83.896
631.84,-84.120
632.32,-84.523
632.81,-84.732
633.30,-83.723
633.79,-84.251
634.28,-84.526
634.77,-82.638
635.25,-84.471
635.74,-84.108
636.23,-84.036
636.72,-83.789
637.21,-83.881
637.70,-83.045
638.18,-82.866
638.67,-84.774
639.16,-83.727
639.65,-83.969
640.14,-83.473
640.62,-83.303
641.11,-82.532
641.60,-83.545
642.09,-83.780
642.58,-84.506
643.07,-83.832
643.55,-83.442
644.04,-82.860
644.53,-82.682
645.02,-84.413
645.51,-84.543
646.00,-84.439
646.48,-84.641
646.97,-84.198
647.46,-84.399
647.95,-83.793
648.44,-84.504
648.93,-84.927
649.41,-84.264
649.90,-83.642
650.39,-84.364
650.88,-84.789
651.37,-85.664
651.86,-83.884
652.34,-83.966
652.83,-84.659
653.32,-84.663
653.81,-85.379
654.30,-86.046
654.79,-84.606
655.27,-84.850
655.76,-85.151
656.25,-82.995
656.74,-85.335
657.23,-84.474
657.71,-83.649
658.20,-84.722
658.69,-83.457
659.18,-85.003
659.67,-83.197
660.16,-84.732
660.64,-83.647
661.13,-86.108
661.62,-83.641
662.11,-82.783
662.60,-83.579
663.09,-80.664
663.57,-75.873
664.06,-69.417
664.55,-76.529
665.04,-81.534
665.53,-84.300
666.02,-84.920
666.50,-85.574
666.99,-85.746
667.48,-85.456
667.97,-85.264
668.46,-83.730
668.95,-86.351
669.43,-86.162
669.92,-85.880
670.41,-85.273
670.90,-85.586
671.39,-87.177
671.88,-86.160
672.36,-85.782
672.85,-84.036
673.34,-85.710
673.83,-86.001
674.32,-85.176
674.80,-83.958
675.29,-85.125
675.78,-87.109
676.27,-85.971
676.76,-86.325
677.25,-84.166
677.73,-86.156
678.22,-85.266
678.71,-86.335
679.20,-87.416
679.69,-86.348
680.18,-87.144
680.66,-86.600
681.15,-87.232
681.64,-86.476
682.13,-87.872
682.62,-85.566
683.11,-84.691
683.59,-87.904
684.08,-85.432
684.57,-86.793
685.06,-86.137
685.55,-87.959
686.04,-88.132
686.52,-86.737
687.01,-86.042
687.50,-86.917
687.99,-85.508
688.48,-86.121
688.96,-85.490
689.45,-84.274
689.94,-86.211
690.43,-84.693
690.92,-84.884
691.41,-86.107
691.89,-85.230
692.38,-85.603
692.87,-85.198
693.36,-85.909
693.85,-87.148
694.34,-86.053
694.82,-87.477
695.31,-85.669
695.80,-84.656
696.29,-86.384
696.78,-84.887
697.27,-87.270
697.75,-85.556
698.24,-87.479
698.73,-86.528
699.22,-86.688
699.71,-86.803
700.20,-86.552
700.68,-85.346
701.17,-86.242
701.66,-85.690
702.15,-85.282
702.64,-87.051
703.12,-86.561
703.61,-86.446
704.10,-86.404
704.59,-85.400
705.08,-87.939
705.57,-85.304
706.05,-86.907
706.54,-87.818
707.03,-87.076
707.52,-86.113
708.01,-86.425
708.50,-84.904
708.98,-85.838
709.47,-85.993
709.96,-87.154
710.45,-86.382
710.94,-86.103
711.43,-85.768
711.91,-86.592
712.40,-84.705
712.89,-85.394
713.38,-86.604
713.87,-84.939
714.36,-85.735
714.84,-85.980
715.33,-85.917
715.82,-87.700
716.31,-86.806
716.80,-87.449
717.29,-86.831
717.77,-86.627
718.26,-87.027
718.75,-86.035
719.24,-85.189
719.73,-84.272
720.21,-85.723
720.70,-87.745
721.19,-86.869
721.68,-85.540
722.17,-86.522
722.66,-87.545
723.14,-86.499
723.63,-85.920
724.12,-86.733
724.61,-86.448
725.10,-84.983
725.59,-86.628
726.07,-86.884
726.56,-86.846
727.05,-87.710
727.54,-86.769
728.03,-86.573
728.52,-85.856
729.00,-85.440
729.49,-84.857
729.98,-84.431
730.47,-84.046
730.96,-83.205
731.45,-84.660
731.93,-84.392
732.42,-87.264
732.91,-85.296
733.40,-86.307
733.89,-85.269
734.38,-85.945
734.86,-85.238
735.35,-86.082
735.84,-85.444
736.33,-86.127
736.82,-86.240
737.30,-85.903
737.79,-86.291
738.28,-86.900
738.77,-85.369
739.26,-85.166
739.75,-85.579
740.23,-85.439
740.72,-81.298
741.21,-82.451
741.70,-85.572
742.19,-82.992
742.68,-86.652
743.16,-84.382
743.65,-85.368
744.14,-87.110
744.63,-87.411
745.12,-86.122
745.61,-86.436
746.09,-85.335
746.58,-86.577
747.07,-86.879
747.56,-85.821
748.05,-86.649
748.54,-87.818
749.02,-86.836
749.51,-87.366
750.00,-87.110
750.49,-87.170
750.98,-86.014
751.46,-86.728
751.95,-86.974
752.44,-85.917
752.93,-85.499
753.42,-88.707
753.91,-87.083
754.39,-87.417
754.88,-85.738
755.37,-86.183
755.86,-86.462
756.35,-86.772
756.84,-86.065
757.32,-84.492
757.81,-83.756
758.30,-84.790
758.79,-85.388
759.28,-84.796
759.77,-85.969
760.25,-86.665
760.74,-85.976
761.23,-86.099
761.72,-85.851
762.21,-86.363
762.70,-86.385
763.18,-87.982
763.67,-87.209
764.16,-85.036
764.65,-85.453
765.14,-86.226
765.62,-87.749
766.11,-84.684
766.60,-85.245
767.09,-86.009
767.58,-86.462
768.07,-87.024
768.55,-86.243
769.04,-85.238
769.53,-85.284
770.02,-85.312
770.51,-77.904
771.00,-83.601
771.48,-85.910
771.97,-83.941
772.46,-88.152
772.95,-85.981
773.44,-84.504
773.93,-85.097
774.41,-85.450
774.90,-84.849
775.39,-87.963
775.88,-86.099
776.37,-86.085
776.86,-86.459
777.34,-84.633
777.83,-85.975
778.32,-86.087
778.81,-85.498
779.30,-84.800
779.79,-84.822
780.27,-85.540
780.76,-85.232
781.25,-85.463
781.74,-85.377
782.23,-84.845
782.71,-86.900
783.20,-84.110
783.69,-85.919
784.18,-87.252
784.67,-85.267
785.16,-84.826
785.64,-86.612
786.13,-85.336
786.62,-85.870
787.11,-87.625
787.60,-85.255
788.09,-86.952
788.57,-86.239
789.06,-84.267
789.55,-84.730
790.04,-85.399
790.53,-86.054
791.02,-86.766
791.50,-85.841
791.99,-86.117
792.48,-85.017
792.97,-85.712
793.46,-86.924
793.95,-86.061
794.43,-85.985
794.92,-85.267
795.41,-84.985
795.90,-83.070
796.39,-81.320
796.88,-79.378
797.36,-82.946
797.85,-83.783
798.34,-87.066
798.83,-87.055
799.32,-84.382
799.80,-87.002
800.29,-84.868
800.78,-84.324
801.27,-85.245
801.76,-84.385
802.25,-84.113
802.73,-84.531
803.22,-88.295
803.71,-85.529
804.20,-84.805
804.69,-84.788
805.18,-84.551
805.66,-85.615
806.15,-86.043
806.64,-85.104
807.13,-84.869
807.62,-84.543
808.11,-85.709
808.59,-85.625
809.08,-84.916
809.57,-85.046
810.06,-84.891
810.55,-86.146
811.04,-85.074
811.52,-85.573
812.01,-84.735
812.50,-85.443
812.99,-84.172
813.48,-84.542
813.96,-84.829
814.45,-84.051
814.94,-84.289
815.43,-84.989
815.92,-84.856
816.41,-83.240
816.89,-85.120
817.38,-85.883
817.87,-85.576
818.36,-85.177
818.85,-84.006
819.34,-84.563
819.82,-85.265
820.31,-84.165
820.80,-85.363
821.29,-85.260
821.78,-82.956
822.27,-83.805
822.75,-83.414
823.24,-84.691
823.73,-84.066
824.22,-82.975
824.71,-84.090
825.20,-85.089
825.68,-84.527
826.17,-83.862
826.66,-85.346
827.15,-83.881
827.64,-84.469
828.12,-86.688
828.61,-83.594
829.10,-83.843
829.59,-81.763
830.08,-83.631
830.57,-83.885
831.05,-82.792
831.54,-84.615
832.03,-84.654
832.52,-82.525
833.01,-84.805
833.50,-84.237
833.98,-81.727
834.47,-83.935
834.96,-82.815
835.45,-84.279
835.94,-84.393
836.43,-83.465
836.91,-84.919
837.40,-82.815
837.89,-84.006
838.38,-83.313
838.87,-82.743
839.36,-85.225
839.84,-82.648
840.33,-84.556
840.82,-83.092
841.31,-84.040
841.80,-81.536
842.29,-83.421
842.77,-82.848
843.26,-81.646
843.75,-83.491
844.24,-83.554
844.73,-83.635
845.21,-84.091
845.70,-81.619
846.19,-83.051
846.68,-81.877
847.17,-83.395
847.66,-82.341
848.14,-81.782
848.63,-84.855
849.12,-84.317
849.61,-81.806
850.10,-83.573
850.59,-83.778
851.07,-83.744
851.56,-82.823
852.05,-82.359
852.54,-83.860
853.03,-85.155
853.52,-83.177
854.00,-83.571
854.49,-84.129
854.98,-82.952
855.47,-83.131
855.96,-82.434
856.45,-82.849
856.93,-82.675
857.42,-83.186
857.91,-82.372
858.40,-82.329
858.89,-81.540
859.38,-82.423
859.86,-82.930
860.35,-82.415
860.84,-82.443
861.33,-81.311
861.82,-80.245
862.30,-81.614
862.79,-81.475
863.28,-80.430
863.77,-80.998
864.26,-81.032
864.75,-81.771
865.23,-82.492
865.72,-80.650
866.21,-80.415
866.70,-82.605
867.19,-80.629
867.68,-83.131
868.16,-80.864
868.65,-82.164
869.14,-81.915
869.63,-80.395
870.12,-82.011
870.61,-81.418
871.09,-82.396
871.58,-81.775
872.07,-81.781
872.56,-80.302
873.05,-81.265
873.54,-81.573
874.02,-81.465
874.51,-80.706
875.00,-80.145
875.49,-80.709
875.98,-80.479
876.46,-79.807
876.95,-80.284
877.44,-81.065
877.93,-82.083
878.42,-82.407
878.91,-81.907
879.39,-81.612
879.88,-81.099
880.37,-80.002
880.86,-79.750
881.35,-81.281
881.84,-79.140
882.32,-79.558
882.81,-80.186
883.30,-80.155
883.79,-80.933
884.28,-80.715
884.77,-81.690
885.25,-79.404
885.74,-79.662
886.23,-78.899
886.72,-79.694
887.21,-79.504
887.70,-79.050
888.18,-80.150
888.67,-78.257
889.16,-78.724
889.65,-80.761
890.14,-79.179
890.62,-78.759
891.11,-78.094
891.60,-79.561
892.09,-78.684
892.58,-80.828
893.07,-78.474
893.55,-78.693
894.04,-79.422
894.53,-77.661
895.02,-79.343
895.51,-79.025
896.00,-79.060
896.48,-77.422
896.97,-79.345
897.46,-79.564
897.95,-80.095
898.44,-79.019
898.93,-78.384
899.41,-78.872
899.90,-78.522
900.39,-78.275
900.88,-78.691
901.37,-80.106
901.86,-79.282
902.34,-76.821
902.83,-79.387
903.32,-76.670
903.81,-77.537
904.30,-76.206
904.79,-77.149
905.27,-77.605
905.76,-77.989
906.25,-76.466
906.74,-76.403
907.23,-78.221
907.71,-76.505
908.20,-76.387
908.69,-76.430
909.18,-78.178
909.67,-76.779
910.16,-76.244
910.64,-75.965
911.13,-76.534
911.62,-76.671
912.11,-77.273
912.60,-76.041
913.09,-77.495
913.57,-76.240
914.06,-76.580
914.55,-74.609
915.04,-73.806
915.53,-75.159
916.02,-75.487
916.50,-76.465
916.99,-76.135
917.48,-76.956
917.97,-75.942
918.46,-75.478
918.95,-75.694
919.43,-75.277
919.92,-75.207
920.41,-74.941
920.90,-73.780
921.39,-74.605
921.88,-74.558
922.36,-74.704
922.85,-73.735
923.34,-73.791
923.83,-75.640
924.32,-74.037
924.80,-71.961
925.29,-73.183
925.78,-75.243
926.27,-75.441
926.76,-74.418
927.25,-73.179
927.73,-73.931
928.22,-74.581
928.71,-73.414
929.20,-70.652
929.69,-70.767
930.18,-71.290
930.66,-72.145
931.15,-71.255
931.64,-71.923
932.13,-71.173
932.62,-72.382
933.11,-72.488
933.59,-72.939
934.08,-74.435
934.57,-73.430
935.06,-72.278
935.55,-73.114
936.04,-74.779
936.52,-71.666
937.01,-72.625
937.50,-74.000
937.99,-73.108
938.48,-71.693
938.96,-70.610
939.45,-70.916
939.94,-71.522
940.43,-69.293
940.92,-71.080
941.41,-70.552
941.89,-70.270
942.38,-70.300
942.87,-70.392
943.36,-70.647
943.85,-71.484
944.34,-72.731
944.82,-70.040
945.31,-70.465
945.80,-70.794
946.29,-70.257
946.78,-70.276
947.27,-69.831
947.75,-70.511
948.24,-69.749
948.73,-67.816
949.22,-70.764
949.71,-68.594
950.20,-70.061
950.68,-70.633
951.17,-70.374
951.66,-68.945
952.15,-69.472
952.64,-70.987
953.12,-69.927
953.61,-68.910
954.10,-69.336
954.59,-69.107
955.08,-70.598
955.57,-68.878
956.05,-70.447
956.54,-72.623
957.03,-71.117
957.52,-71.242
958.01,-69.805
958.50,-69.890
958.98,-68.109
959.47,-67.894
959.96,-69.384
960.45,-72.002
960.94,-71.170
961.43,-72.363
961.91,-68.691
962.40,-68.972
962.89,-71.321
963.38,-72.148
963.87,-70.526
964.36,-72.368
964.84,-72.824
965.33,-70.786
965.82,-71.982
966.31,-72.361
966.80,-70.443
967.29,-69.671
967.77,-69.411
968.26,-70.793
968.75,-70.282
969.24,-70.399
969.73,-70.306
970.21,-72.134
970.70,-70.635
971.19,-69.233
971.68,-69.940
972.17,-71.446
972.66,-73.427
973.14,-71.505
973.63,-70.983
974.12,-71.414
974.61,-70.842
975.10,-72.768
975.59,-71.270
976.07,-72.476
976.56,-72.883
977.05,-73.085
977.54,-72.955
978.03,-72.221
978.52,-71.804
979.00,-73.097
979.49,-73.379
979.98,-72.852
980.47,-72.313
980.96,-70.767
981.45,-72.444
981.93,-72.275
982.42,-73.744
982.91,-73.659
983.40,-72.268
983.89,-71.913
984.38,-72.602
984.86,-72.981
985.35,-73.609
985.84,-73.757
986.33,-73.570
986.82,-72.465
987.30,-75.613
987.79,-74.421
988.28,-74.184
988.77,-74.877
989.26,-73.778
989.75,-75.145
990.23,-73.951
990.72,-73.220
991.21,-75.912
991.70,-74.962
992.19,-75.308
992.68,-76.821
993.16,-76.471
993.65,-75.327
994.14,-76.082
994.63,-76.070
995.12,-76.208
995.61,-75.818
996.09,-74.418
996.58,-74.159
997.07,-74.493
997.56,-75.788
998.05,-76.546
998.54,-75.144
999.02,-75.426
999.51,-75.758
1000.00,-78.393
1000.49,-78.416
1000.98,-76.780
1001.46,-76.299
1001.95,-77.377
1002.44,-76.784
1002.93,-76.653
1003.42,-76.095
1003.91,-75.142
1004.39,-76.343
1004.88,-76.448
1005.37,-77.279
1005.86,-76.694
1006.35,-77.309
1006.84,-76.103
1007.32,-76.514
1007.81,-75.660
1008.30,-76.364
1008.79,-77.007
1009.28,-77.553
1009.77,-76.660
1010.25,-76.031
1010.74,-74.994
1011.23,-77.041
1011.72,-78.069
1012.21,-78.381
1012.70,-76.327
1013.18,-78.474
1013.67,-78.629
1014.16,-77.341
1014.65,-77.535
1015.14,-77.461
1015.62,-76.242
1016.11,-77.784
1016.60,-77.668
1017.09,-77.013
1017.58,-79.261
1018.07,-77.930
1018.55,-77.923
1019.04,-79.356
1019.53,-78.377
1020.02,-79.875
1020.51,-78.212
1021.00,-77.824
1021.48,-77.984
1021.97,-79.917
1022.46,-78.629
1022.95,-80.440
1023.44,-79.708
1023.93,-78.324
1024.41,-78.119
1024.90,-79.679
1025.39,-79.810
1025.88,-78.820
1026.37,-82.218
1026.86,-81.077
1027.34,-82.713
1027.83,-79.883
1028.32,-79.921
1028.81,-79.462
1029.30,-79.730
1029.79,-78.732
1030.27,-78.863
1030.76,-80.550
1031.25,-80.303
1031.74,-80.382
1032.23,-79.365
1032.71,-79.012
1033.20,-78.973
1033.69,-78.555
1034.18,-79.781
1034.67,-79.434
1035.16,-81.521
1035.64,-78.312
1036.13,-80.029
1036.62,-79.188
1037.11,-80.200
1037.60,-80.025
1038.09,-79.230
1038.57,-81.065
1039.06,-80.772
1039.55,-80.792
1040.04,-80.300
1040.53,-80.178
1041.02,-80.103
1041.50,-80.350
1041.99,-79.943
1042.48,-80.949
1042.97,-79.824
1043.46,-80.131
1043.95,-80.093
1044.43,-81.169
1044.92,-81.339
1045.41,-80.867
1045.90,-81.775
1046.39,-82.039
1046.88,-81.470
1047.36,-80.932
1047.85,-80.464
1048.34,-80.039
1048.83,-82.108
1049.32,-82.677
1049.80,-80.810
1050.29,-80.967
1050.78,-81.016
1051.27,-81.555
1051.76,-79.859
1052.25,-80.421
1052.73,-81.994
1053.22,-81.197
1053.71,-81.671
1054.20,-80.678
1054.69,-81.679
1055.18,-80.770
1055.66,-81.700
1056.15,-82.212
1056.64,-83.745
1057.13,-82.095
1057.62,-81.456
1058.11,-80.921
1058.59,-82.626
1059.08,-82.929
1059.57,-81.744
1060.06,-81.412
1060.55,-83.026
1061.04,-81.882
1061.52,-81.817
1062.01,-81.139
1062.50,-82.506
1062.99,-80.647
1063.48,-80.776
1063.96,-81.081
1064.45,-80.692
1064.94,-82.503
1065.43,-81.692
1065.92,-81.851
1066.41,-81.648
1066.89,-83.623
1067.38,-82.080
1067.87,-81.272
1068.36,-81.913
1068.85,-80.595
1069.34,-83.221
1069.82,-80.819
1070.31,-82.994
1070.80,-83.009
1071.29,-85.839
1071.78,-84.350
1072.27,-84.553
1072.75,-82.801
1073.24,-83.204
1073.73,-83.340
1074.22,-83.643
1074.71,-82.290
1075.20,-83.275
1075.68,-82.148
1076.17,-83.988
1076.66,-82.417
1077.15,-82.547
1077.64,-82.357
1078.12,-83.132
1078.61,-82.359
1079.10,-82.068
1079.59,-82.219
1080.08,-82.444
1080.57,-83.812
1081.05,-82.091
1081.54,-82.386
1082.03,-81.846
1082.52,-83.024
1083.01,-82.725
1083.50,-83.699
1083.98,-83.559
1084.47,-83.888
1084.96,-83.731
1085.45,-81.023
1085.94,-83.113
1086.43,-82.346
1086.91,-82.305
1087.40,-83.124
1087.89,-82.690
1088.38,-83.338
1088.87,-81.695
1089.36,-82.564
1089.84,-83.342
1090.33,-82.853
1090.82,-82.164
1091.31,-82.025
1091.80,-83.074
1092.29,-83.713
1092.77,-83.357
1093.26,-81.199
1093.75,-82.632
1094.24,-82.827
1094.73,-83.618
1095.21,-84.917
1095.70,-83.513
1096.19,-83.669
1096.68,-82.707
1097.17,-82.579
1097.66,-81.968
1098.14,-84.845
1098.63,-83.538
1099.12,-83.767
1099.61,-84.678
1100.10,-84.050
1100.59,-82.605
1101.07,-82.460
1101.56,-84.153
1102.05,-84.142
1102.54,-84.139
1103.03,-83.816
1103.52,-83.947
1104.00,-85.624
1104.49,-83.751
1104.98,-83.790
1105.47,-83.072
1105.96,-82.457
1106.45,-83.934
1106.93,-82.891
1107.42,-81.905
1107.91,-84.138
1108.40,-82.519
1108.89,-84.714
1109.38,-84.029
1109.86,-83.650
1110.35,-85.126
1110.84,-83.951
1111.33,-83.797
1111.82,-83.366
1112.30,-83.617
1112.79,-83.067
1113.28,-84.869
1113.77,-83.874
1114.26,-83.966
1114.75,-83.107
1115.23,-84.620
1115.72,-84.228
1116.21,-83.921
1116.70,-83.416
1117.19,-84.072
1117.68,-83.925
1118.16,-84.357
1118.65,-83.891
1119.14,-85.223
1119.63,-85.477
1120.12,-83.769
1120.61,-85.063
1121.09,-84.425
1121.58,-83.753
1122.07,-83.554
1122.56,-85.334
1123.05,-86.229
1123.54,-85.149
1124.02,-86.684
1124.51,-83.381
1125.00,-83.718
1125.49,-86.478
1125.98,-85.943
1126.46,-83.387
1126.95,-82.994
1127.44,-83.005
1127.93,-81.073
1128.42,-82.757
1128.91,-85.052
1129.39,-85.419
1129.88,-84.292
1130.37,-79.879
1130.86,-83.275
1131.35,-83.723
1131.84,-84.800
1132.32,-84.393
1132.81,-84.703
1133.30,-84.647
1133.79,-83.800
1134.28,-83.195
1134.77,-83.151
1135.25,-84.552
1135.74,-84.108
1136.23,-82.998
1136.72,-83.896
1137.21,-85.613
1137.70,-84.537
1138.18,-83.314
1138.67,-83.645
1139.16,-83.006
1139.65,-85.126
1140.14,-85.153
1140.62,-86.284
1141.11,-83.858
1141.60,-84.263
1142.09,-84.958
1142.58,-85.012
1143.07,-82.422
1143.55,-84.509
1144.04,-83.749
1144.53,-84.053
1145.02,-83.985
1145.51,-83.313
1146.00,-85.145
1146.48,-87.195
1146.97,-85.045
1147.46,-86.440
1147.95,-83.960
1148.44,-85.292
1148.93,-84.353
1149.41,-84.402
1149.90,-85.530
1150.39,-85.155
1150.88,-84.684
1151.37,-85.722
1151.86,-86.356
1152.34,-85.151
1152.83,-83.318
1153.32,-85.480
1153.81,-84.370
1154.30,-86.508
1154.79,-86.151
1155.27,-84.757
1155.76,-86.665
1156.25,-84.989
1156.74,-84.008
1157.23,-85.448
1157.71,-85.172
1158.20,-83.896
1158.69,-84.756
1159.18,-85.480
1159.67,-83.552
1160.16,-84.873
1160.64,-84.321
1161.13,-85.192
1161.62,-85.468
1162.11,-85.113
1162.60,-87.349
1163.09,-85.737
1163.57,-84.992
1164.06,-85.190
1164.55,-84.691
1165.04,-85.857
1165.53,-86.365
1166.02,-84.588
1166.50,-84.565
1166.99,-84.022
1167.48,-83.452
1167.97,-83.581
1168.46,-85.124
1168.95,-85.702
1169.43,-83.858
1169.92,-84.875
1170.41,-85.644
1170.90,-85.685
1171.39,-85.857
1171.88,-84.212
1172.36,-83.471
1172.85,-85.568
1173.34,-84.839
1173.83,-84.682
1174.32,-84.998
1174.80,-85.254
1175.29,-84.788
1175.78,-84.138
1176.27,-83.360
1176.76,-84.662
1177.25,-84.276
1177.73,-84.693
1178.22,-85.448
1178.71,-84.989
1179.20,-84.748
1179.69,-85.003
1180.18,-84.469
1180.66,-85.555
1181.15,-84.734
1181.64,-84.391
1182.13,-84.096
1182.62,-85.451
1183.11,-86.587
1183.59,-85.821
1184.08,-83.815
1184.57,-85.224
1185.06,-85.090
1185.55,-84.456
1186.04,-86.355
1186.52,-85.106
1187.01,-83.909
1187.50,-82.718
1187.99,-83.486
1188.48,-82.977
1188.96,-82.962
1189.45,-85.177
1189.94,-84.404
1190.43,-84.687
1190.92,-84.438
1191.41,-83.445
1191.89,-84.098
1192.38,-83.495
1192.87,-84.962
1193.36,-86.037
1193.85,-83.005
1194.34,-83.241
1194.82,-84.239
1195.31,-86.335
1195.80,-83.801
1196.29,-83.301
1196.78,-85.532
1197.27,-85.680
1197.75,-86.603
1198.24,-84.847
1198.73,-84.153
1199.22,-83.283
1199.71,-84.414
1200.20,-85.350
1200.68,-84.492
1201.17,-85.290
1201.66,-86.338
1202.15,-84.487
1202.64,-85.243
1203.12,-84.500
1203.61,-84.868
1204.10,-84.278
1204.59,-83.557
1205.08,-84.812
1205.57,-84.474
1206.05,-85.018
1206.54,-84.300
1207.03,-83.480
1207.52,-85.702
1208.01,-84.587
1208.50,-84.822
1208.98,-87.028
1209.47,-86.755
1209.96,-83.817
1210.45,-82.944
1210.94,-84.858
1211.43,-84.677
1211.91,-82.660
1212.40,-83.996
1212.89,-84.329
1213.38,-82.691
1213.87,-82.908
1214.36,-84.153
1214.84,-84.269
1215.33,-83.444
1215.82,-84.564
1216.31,-83.769
1216.80,-82.760
1217.29,-83.822
1217.77,-84.394
1218.26,-84.276
1218.75,-84.147
1219.24,-85.428
1219.73,-84.818
1220.21,-84.460
1220.70,-84.806
1221.19,-84.321
1221.68,-85.042
1222.17,-83.363
1222.66,-85.240
1223.14,-83.626
1223.63,-84.127
1224.12,-83.417
1224.61,-83.679
1225.10,-84.215
1225.59,-85.418
1226.07,-84.636
1226.56,-83.924
1227.05,-83.697
1227.54,-82.883
1228.03,-85.064
1228.52,-83.065
1229.00,-83.321
1229.49,-83.951
1229.98,-84.074
1230.47,-84.152
1230.96,-84.232
1231.45,-83.396
1231.93,-84.375
1232.42,-83.691
1232.91,-81.440
1233.40,-82.859
1233.89,-83.633
1234.38,-84.061
1234.86,-84.166
1235.35,-83.913
1235.84,-84.594
1236.33,-83.531
1236.82,-84.150
1237.30,-84.173
1237.79,-84.239
1238.28,-84.756
1238.77,-83.757
1239.26,-81.723
1239.75,-83.191
1240.23,-84.065
1240.72,-82.354
1241.21,-82.866
1241.70,-84.085
1242.19,-82.651
1242.68,-83.215
1243.16,-84.079
1243.65,-81.835
1244.14,-82.711
1244.63,-84.267
1245.12,-83.969
1245.61,-82.415
1246.09,-83.821
1246.58,-82.473
1247.07,-83.704
1247.56,-83.256
1248.05,-82.405
1248.54,-81.403
1249.02,-83.408
1249.51,-84.355
1250.00,-84.290
1250.49,-82.139
1250.98,-81.633
1251.46,-82.901
1251.95,-83.783
1252.44,-81.954
1252.93,-82.657
1253.42,-83.165
1253.91,-84.319
1254.39,-83.758
1254.88,-82.443
1255.37,-82.319
1255.86,-82.087
1256.35,-82.089
1256.84,-83.259
1257.32,-82.051
1257.81,-83.159
1258.30,-82.694
1258.79,-82.325
1259.28,-82.751
1259.77,-82.943
1260.25,-82.637
1260.74,-82.443
1261.23,-83.126
1261.72,-83.402
1262.21,-84.057
1262.70,-83.848
1263.18,-82.110
1263.67,-80.874
1264.16,-82.043
1264.65,-82.140
1265.14,-81.600
1265.62,-83.120
1266.11,-82.977
1266.60,-81.361
1267.09,-82.622
1267.58,-80.859
1268.07,-83.082
1268.55,-81.662
1269.04,-83.900
1269.53,-82.174
1270.02,-84.374
1270.51,-80.790
1271.00,-81.430
1271.48,-81.869
1271.97,-81.801
1272.46,-81.891
1272.95,-82.878
1273.44,-82.208
1273.93,-82.022
1274.41,-84.277
1274.90,-82.705
1275.39,-83.078
1275.88,-81.036
1276.37,-81.860
1276.86,-80.952
1277.34,-81.559
1277.83,-80.742
1278.32,-80.753
1278.81,-81.165
1279.30,-81.833
1279.79,-82.031
1280.27,-81.670
1280.76,-81.195
1281.25,-83.234
1281.74,-80.878
1282.23,-83.024
1282.71,-82.722
1283.20,-81.492
1283.69,-81.974
1284.18,-82.788
1284.67,-82.358
1285.16,-80.705
1285.64,-81.470
1286.13,-80.251
1286.62,-82.940
1287.11,-81.205
1287.60,-80.547
1288.09,-82.650
1288.57,-80.610
1289.06,-81.369
1289.55,-81.502
1290.04,-81.031
1290.53,-79.645
1291.02,-79.859
1291.50,-81.620
1291.99,-81.560
1292.48,-81.617
1292.97,-79.796
1293.46,-80.926
1293.95,-80.611
1294.43,-80.400
1294.92,-80.913
1295.41,-82.058
1295.90,-81.314
1296.39,-80.734
1296.88,-81.229
1297.36,-79.231
1297.85,-81.750
1298.34,-82.125
1298.83,-81.320
1299.32,-81.873
1299.80,-80.654
1300.29,-79.106
1300.78,-81.217
1301.27,-81.637
1301.76,-78.006
1302.25,-80.386
1302.73,-78.660
1303.22,-80.885
1303.71,-80.209
1304.20,-79.883
1304.69,-79.770
1305.18,-80.631
1305.66,-80.971
1306.15,-80.254
1306.64,-80.892
1307.13,-79.012
1307.62,-78.701
1308.11,-79.648
1308.59,-80.023
1309.08,-81.430
1309.57,-80.743
1310.06,-79.818
1310.55,-80.258
1311.04,-79.985
1311.52,-79.764
1312.01,-79.864
1312.50,-83.044
1312.99,-80.301
1313.48,-80.763
1313.96,-79.004
1314.45,-81.107
1314.94,-79.764
1315.43,-80.485
1315.92,-80.058
1316.41,-79.845
1316.89,-80.879
1317.38,-79.078
1317.87,-79.091
1318.36,-78.734
1318.85,-78.071
1319.34,-78.887
1319.82,-79.517
1320.31,-79.334
1320.80,-79.419
1321.29,-79.927
1321.78,-79.602
1322.27,-80.193
1322.75,-78.638
1323.24,-79.122
1323.73,-80.652
1324.22,-79.452
1324.71,-78.632
1325.20,-78.661
1325.68,-79.527
1326.17,-77.776
1326.66,-77.969
1327.15,-79.383
1327.64,-77.366
1328.12,-78.663
1328.61,-77.342
1329.10,-79.031
1329.59,-77.706
1330.08,-77.837
1330.57,-78.308
1331.05,-78.295
1331.54,-77.742
1332.03,-75.601
1332.52,-78.505
1333.01,-77.920
1333.50,-78.183
1333.98,-76.993
1334.47,-78.095
1334.96,-77.605
1335.45,-77.999
1335.94,-76.559
1336.43,-76.538
1336.91,-78.847
1337.40,-77.407
1337.89,-75.908
1338.38,-75.197
1338.87,-77.610
1339.36,-76.755
1339.84,-76.325
1340.33,-76.948
1340.82,-75.477
1341.31,-78.050
1341.80,-75.639
1342.29,-75.991
1342.77,-76.272
1343.26,-76.317
1343.75,-75.758
1344.24,-76.695
1344.73,-75.496
1345.21,-76.271
1345.70,-77.580
1346.19,-77.076
1346.68,-75.851
1347.17,-76.461
1347.66,-77.573
1348.14,-76.823
1348.63,-77.854
1349.12,-76.694
1349.61,-76.195
1350.10,-76.126
1350.59,-75.638
1351.07,-76.974
1351.56,-76.548
1352.05,-76.173
1352.54,-76.624
1353.03,-75.154
1353.52,-77.703
1354.00,-75.293
1354.49,-75.170
1354.98,-75.629
1355.47,-74.162
1355.96,-75.540
1356.45,-74.507
1356.93,-74.546
1357.42,-74.894
1357.91,-75.657
1358.40,-75.796
1358.89,-74.991
1359.38,-74.426
1359.86,-75.546
1360.35,-75.836
1360.84,-72.719
1361.33,-74.657
1361.82,-75.415
1362.30,-74.440
1362.79,-74.137
1363.28,-76.379
1363.77,-74.270
1364.26,-73.264
1364.75,-73.396
1365.23,-71.662
1365.72,-74.171
1366.21,-74.238
1366.70,-72.725
1367.19,-72.173
1367.68,-73.204
1368.16,-72.330
1368.65,-74.569
1369.14,-72.585
1369.63,-74.189
1370.12,-72.245
1370.61,-72.134
1371.09,-73.307
1371.58,-73.710
1372.07,-72.804
1372.56,-74.657
1373.05,-72.549
1373.54,-71.938
1374.02,-72.174
1374.51,-72.532
1375.00,-71.617
1375.49,-72.342
1375.98,-72.299
1376.46,-70.374
1376.95,-73.711
1377.44,-73.211
1377.93,-71.979
1378.42,-70.210
1378.91,-68.849
1379.39,-73.452
1379.88,-70.908
1380.37,-72.946
1380.86,-71.437
1381.35,-71.220
1381.84,-71.149
1382.32,-70.258
1382.81,-70.470
1383.30,-70.822
1383.79,-68.924
1384.28,-69.318
1384.77,-70.253
1385.25,-69.852
1385.74,-69.211
1386.23,-70.238
1386.72,-68.958
1387.21,-71.039
1387.70,-68.989
1388.18,-70.476
1388.67,-69.576
1389.16,-69.654
1389.65,-67.399
1390.14,-69.494
1390.62,-69.417
1391.11,-68.041
1391.60,-68.800
1392.09,-67.390
1392.58,-68.917
1393.07,-68.787
1393.55,-67.187
1394.04,-67.751
1394.53,-67.299
1395.02,-67.125
1395.51,-68.055
1396.00,-68.511
1396.48,-67.483
1396.97,-66.666
1397.46,-67.281
1397.95,-69.454
1398.44,-67.632
1398.93,-65.637
1399.41,-67.056
1399.90,-66.487
1400.39,-66.827
1400.88,-67.880
1401.37,-67.383
1401.86,-67.246
1402.34,-67.905
1402.83,-67.669
1403.32,-65.686
1403.81,-65.755
1404.30,-65.195
1404.79,-65.889
1405.27,-65.637
1405.76,-65.742
1406.25,-63.275
1406.74,-65.736
1407.23,-65.829
1407.71,-65.955
1408.20,-66.056
1408.69,-66.147
1409.18,-64.959
1409.67,-65.540
1410.16,-65.874
1410.64,-63.973
1411.13,-66.610
1411.62,-66.567
1412.11,-65.334
1412.60,-66.959
1413.09,-65.547
1413.57,-65.928
1414.06,-65.763
1414.55,-65.012
1415.04,-66.683
1415.53,-66.420
1416.02,-66.774
1416.50,-65.287
1416.99,-65.937
1417.48,-65.009
1417.97,-65.774
1418.46,-66.273
1418.95,-67.555
1419.43,-67.753
1419.92,-67.455
1420.41,-67.130
1420.90,-66.678
1421.39,-68.539
1421.88,-67.899
1422.36,-67.307
1422.85,-68.082
1423.34,-68.663
1423.83,-66.318
1424.32,-67.110
1424.80,-66.606
1425.29,-67.079
1425.78,-67.230
1426.27,-69.685
1426.76,-68.448
1427.25,-67.107
1427.73,-68.349
1428.22,-68.409
1428.71,-68.201
1429.20,-68.745
1429.69,-68.260
1430.18,-67.558
1430.66,-68.496
1431.15,-67.691
1431.64,-67.379
1432.13,-68.887
1432.62,-69.499
1433.11,-68.666
1433.59,-68.148
1434.08,-67.229
1434.57,-70.223
1435.06,-69.249
1435.55,-71.412
1436.04,-68.387
1436.52,-69.903
1437.01,-68.270
1437.50,-69.133
1437.99,-70.729
1438.48,-70.599
1438.96,-70.031
1439.45,-69.332
1439.94,-68.186
1440.43,-70.795
1440.92,-70.662
1441.41,-69.959
1441.89,-69.617
1442.38,-69.724
1442.87,-70.356
1443.36,-69.558
1443.85,-71.144
1444.34,-70.035
1444.82,-70.766
1445.31,-70.229
1445.80,-70.929
1446.29,-71.074
1446.78,-70.831
1447.27,-72.427
1447.75,-72.160
1448.24,-71.086
1448.73,-70.621
1449.22,-71.478
1449.71,-71.288
1450.20,-72.327
1450.68,-72.697
1451.17,-73.759
1451.66,-72.213
1452.15,-72.484
1452.64,-72.278
1453.12,-71.457
1453.61,-71.797
1454.10,-72.664
1454.59,-73.285
1455.08,-73.284
1455.57,-73.689
1456.05,-72.426
1456.54,-74.385
1457.03,-73.603
1457.52,-73.893
1458.01,-73.076
1458.50,-74.426
1458.98,-74.416
1459.47,-73.946
1459.96,-73.161
1460.45,-72.956
1460.94,-72.872
1461.43,-73.506
1461.91,-73.335
1462.40,-72.125
1462.89,-76.170
1463.38,-74.045
1463.87,-74.529
1464.36,-72.275
1464.84,-75.134
1465.33,-76.715
1465.82,-74.987
1466.31,-74.877
1466.80,-74.298
1467.29,-72.999
1467.77,-73.001
1468.26,-74.956
1468.75,-73.842
1469.24,-74.717
1469.73,-72.743
1470.21,-75.634
1470.70,-77.265
1471.19,-74.846
1471.68,-74.125
1472.17,-74.755
1472.66,-74.562
1473.14,-76.432
1473.63,-75.582
1474.12,-75.480
1474.61,-76.505
1475.10,-76.937
1475.59,-75.314
1476.07,-74.299
1476.56,-76.415
1477.05,-75.586
1477.54,-76.211
1478.03,-74.446
1478.52,-74.091
1479.00,-76.231
1479.49,-74.752
1479.98,-73.584
1480.47,-76.068
1480.96,-76.196
1481.45,-78.206
1481.93,-77.283
1482.42,-77.696
1482.91,-78.139
1483.40,-77.136
1483.89,-75.883
1484.38,-76.002
1484.86,-77.363
1485.35,-77.502
1485.84,-76.994
1486.33,-76.765
1486.82,-75.798
1487.30,-76.704
1487.79,-76.107
1488.28,-77.047
1488.77,-76.650
1489.26,-76.578
1489.75,-77.478
1490.23,-77.407
1490.72,-76.562
1491.21,-77.016
1491.70,-77.620
1492.19,-75.393
1492.68,-75.117
1493.16,-77.020
1493.65,-78.483
1494.14,-76.371
1494.63,-78.682
1495.12,-76.949
1495.61,-76.861
1496.09,-75.626
1496.58,-78.227
1497.07,-77.266
1497.56,-78.081
1498.05,-76.422
1498.54,-75.947
1499.02,-76.982
1499.51,-77.315
1500.00,-76.472
1500.49,-77.533
1500.98,-76.110
1501.46,-76.338
1501.95,-77.014
1502.44,-77.392
1502.93,-79.049
1503.42,-76.914
1503.91,-77.442
1504.39,-78.872
1504.88,-78.335
1505.37,-78.727
1505.86,-79.448
1506.35,-79.374
1506.84,-77.539
1507.32,-77.561
1507.81,-78.586
1508.30,-77.533
1508.79,-77.873
1509.28,-79.018
1509.77,-78.383
1510.25,-78.719
1510.74,-79.157
1511.23,-77.057
1511.72,-77.561
1512.21,-77.181
1512.70,-77.987
1513.18,-78.942
1513.67,-78.750
1514.16,-77.280
1514.65,-78.554
1515.14,-78.027
1515.62,-78.600
1516.11,-77.586
1516.60,-77.530
1517.09,-80.202
1517.58,-79.097
1518.07,-78.391
1518.55,-78.353
1519.04,-77.611
1519.53,-79.866
1520.02,-80.618
1520.51,-80.035
1521.00,-77.806
1521.48,-80.336
1521.97,-78.906
1522.46,-79.283
1522.95,-79.822
1523.44,-78.639
1523.93,-79.321
1524.41,-79.034
1524.90,-78.037
1525.39,-78.538
1525.88,-79.882
1526.37,-78.348
1526.86,-80.237
1527.34,-79.604
1527.83,-80.540
1528.32,-79.327
1528.81,-81.368
1529.30,-80.951
1529.79,-79.023
1530.27,-78.869
1530.76,-79.460
1531.25,-79.680
1531.74,-79.714
1532.23,-78.581
1532.71,-79.190
1533.20,-79.149
1533.69,-79.028
1534.18,-78.845
1534.67,-79.644
1535.16,-80.327
1535.64,-80.438
1536.13,-79.914
1536.62,-78.402
1537.11,-79.574
1537.60,-81.091
1538.09,-79.500
1538.57,-80.132
1539.06,-79.418
1539.55,-79.210
1540.04,-79.033
1540.53,-79.829
1541.02,-79.853
1541.50,-78.917
1541.99,-79.553
1542.48,-78.152
1542.97,-79.410
1543.46,-79.706
1543.95,-80.321
1544.43,-78.592
1544.92,-80.230
1545.41,-80.782
1545.90,-80.026
1546.39,-79.671
1546.88,-79.335
1547.36,-80.279
1547.85,-80.567
1548.34,-79.493
1548.83,-79.769
1549.32,-81.222
1549.80,-80.000
1550.29,-79.675
1550.78,-78.670
1551.27,-80.518
1551.76,-80.876
1552.25,-81.569
1552.73,-79.583
1553.22,-82.260
1553.71,-81.038
1554.20,-79.792
1554.69,-81.480
1555.18,-82.657
1555.66,-79.493
1556.15,-82.052
1556.64,-80.547
1557.13,-80.751
1557.62,-81.425
1558.11,-81.078
1558.59,-80.345
1559.08,-80.282
1559.57,-82.053
1560.06,-80.338
1560.55,-81.228
1561.04,-79.831
1561.52,-80.653
1562.01,-80.913
1562.50,-81.552
1562.99,-80.893
1563.48,-80.415
1563.96,-80.171
1564.45,-80.891
1564.94,-78.582
1565.43,-82.314
1565.92,-81.832
1566.41,-81.068
1566.89,-82.120
1567.38,-81.643
1567.87,-81.474
1568.36,-82.326
1568.85,-79.464
1569.34,-81.262
1569.82,-81.361
1570.31,-82.279
1570.80,-81.984
1571.29,-80.067
1571.78,-80.345
1572.27,-80.218
1572.75,-80.615
1573.24,-81.952
1573.73,-81.603
1574.22,-80.887
1574.71,-79.263
1575.20,-80.833
1575.68,-79.434
1576.17,-80.395
1576.66,-82.879
1577.15,-82.165
1577.64,-80.323
1578.12,-80.435
1578.61,-79.872
1579.10,-80.187
1579.59,-82.181
1580.08,-81.223
1580.57,-80.066
1581.05,-80.399
1581.54,-80.388
1582.03,-79.882
1582.52,-80.376
1583.01,-79.254
1583.50,-81.044
1583.98,-81.923
1584.47,-80.608
1584.96,-80.729
1585.45,-81.182
1585.94,-81.593
1586.43,-80.492
1586.91,-80.678
1587.40,-83.059
1587.89,-80.798
1588.38,-81.827
1588.87,-82.003
1589.36,-82.132
1589.84,-80.624
1590.33,-79.454
1590.82,-80.510
1591.31,-80.305
1591.80,-80.872
1592.29,-79.799
1592.77,-79.846
1593.26,-79.818
1593.75,-80.596
1594.24,-81.377
1594.73,-80.792
1595.21,-79.766
1595.70,-82.130
1596.19,-81.247
1596.68,-81.239
1597.17,-81.352
1597.66,-81.746
1598.14,-81.152
1598.63,-78.287
1599.12,-78.834
1599.61,-81.395
1600.10,-81.795
1600.59,-82.291
1601.07,-80.895
1601.56,-80.447
1602.05,-79.567
1602.54,-80.511
1603.03,-81.940
1603.52,-80.154
1604.00,-79.442
1604.49,-81.362
1604.98,-80.036
1605.47,-80.975
1605.96,-82.084
1606.45,-81.319
1606.93,-80.613
1607.42,-79.888
1607.91,-79.817
1608.40,-80.283
1608.89,-81.518
1609.38,-82.588
1609.86,-82.405
1610.35,-80.595
1610.84,-80.236
1611.33,-79.018
1611.82,-81.075
1612.30,-82.492
1612.79,-81.709
1613.28,-82.754
1613.77,-82.296
1614.26,-82.499
1614.75,-81.955
1615.23,-79.874
1615.72,-82.192
1616.21,-80.756
1616.70,-80.571
1617.19,-79.442
1617.68,-80.601
1618.16,-80.492
1618.65,-79.147
1619.14,-79.736
1619.63,-80.655
1620.12,-80.186
1620.61,-80.732
1621.09,-81.078
1621.58,-81.066
1622.07,-80.410
1622.56,-81.133
1623.05,-80.954
1623.54,-82.846
1624.02,-80.917
1624.51,-81.643
1625.00,-80.632
1625.49,-81.961
1625.98,-81.959
1626.46,-80.302
1626.95,-81.771
1627.44,-81.257
1627.93,-81.415
1628.42,-81.036
1628.91,-80.374
1629.39,-82.127
1629.88,-81.801
1630.37,-80.519
1630.86,-82.345
1631.35,-81.156
1631.84,-80.717
1632.32,-81.036
1632.81,-80.442
1633.30,-80.190
1633.79,-79.373
1634.28,-81.626
1634.77,-81.111
1635.25,-81.577
1635.74,-81.043
1636.23,-80.250
1636.72,-83.289
1637.21,-80.794
1637.70,-81.681
1638.18,-81.301
1638.67,-81.610
1639.16,-80.876
1639.65,-82.400
1640.14,-81.554
1640.62,-80.066
1641.11,-81.065
1641.60,-80.684
1642.09,-81.164
1642.58,-81.166
1643.07,-80.506
1643.55,-80.205
1644.04,-78.567
1644.53,-81.255
1645.02,-80.467
1645.51,-81.337
1646.00,-79.718
1646.48,-80.343
1646.97,-81.655
1647.46,-80.774
1647.95,-81.043
1648.44,-81.302
1648.93,-80.624
1649.41,-80.773
1649.90,-81.471
1650.39,-81.500
1650.88,-80.528
1651.37,-81.934
1651.86,-82.368
1652.34,-80.934
1652.83,-81.819
1653.32,-80.893
1653.81,-81.286
1654.30,-81.891
1654.79,-79.322
1655.27,-79.591
1655.76,-80.422
1656.25,-80.041
1656.74,-80.770
1657.23,-81.706
1657.71,-81.119
1658.20,-81.310
1658.69,-80.528
1659.18,-79.022
1659.67,-80.736
1660.16,-81.092
1660.64,-81.452
1661.13,-81.918
1661.62,-81.905
1662.11,-81.015
1662.60,-79.425
1663.09,-79.482
1663.57,-80.104
1664.06,-82.171
1664.55,-80.920
1665.04,-81.048
1665.53,-82.003
1666.02,-82.964
1666.50,-81.312
1666.99,-80.660
1667.48,-81.460
1667.97,-81.014
1668.46,-80.693
1668.95,-81.258
1669.43,-81.426
1669.92,-81.043
1670.41,-80.778
1670.90,-79.450
1671.39,-80.948
1671.88,-80.965
1672.36,-77.945
1672.85,-80.091
1673.34,-81.886
1673.83,-81.311
1674.32,-82.240
1674.80,-79.320
1675.29,-78.595
1675.78,-79.652
1676.27,-80.096
1676.76,-81.447
1677.25,-80.303
1677.73,-80.543
1678.22,-79.869
1678.71,-82.295
1679.20,-81.082
1679.69,-80.187
1680.18,-80.972
1680.66,-78.159
1681.15,-78.627
1681.64,-80.293
1682.13,-81.131
1682.62,-80.537
1683.11,-82.298
1683.59,-80.347
1684.08,-80.301
1684.57,-79.690
1685.06,-81.415
1685.55,-80.177
1686.04,-81.137
1686.52,-78.855
1687.01,-80.434
1687.50,-79.507
1687.99,-79.685
1688.48,-80.826
1688.96,-80.567
1689.45,-78.896
1689.94,-79.617
1690.43,-81.192
1690.92,-80.710
1691.41,-80.306
1691.89,-80.942
1692.38,-80.387
1692.87,-78.554
1693.36,-79.817
1693.85,-79.046
1694.34,-80.226
1694.82,-79.438
1695.31,-80.526
1695.80,-80.523
1696.29,-80.007
1696.78,-79.786
1697.27,-79.528
1697.75,-78.712
1698.24,-79.412
1698.73,-80.231
1699.22,-80.733
1699.71,-79.131
1700.20,-79.118
1700.68,-79.637
1701.17,-80.069
1701.66,-79.514
1702.15,-78.575
1702.64,-81.183
1703.12,-79.867
1703.61,-80.488
1704.10,-79.249
1704.59,-78.964
1705.08,-78.848
1705.57,-77.729
1706.05,-79.006
1706.54,-79.070
1707.03,-79.742
1707.52,-78.634
1708.01,-79.880
1708.50,-79.734
1708.98,-80.184
1709.47,-79.116
1709.96,-79.262
1710.45,-78.596
1710.94,-78.784
1711.43,-80.189
1711.91,-78.552
1712.40,-80.161
1712.89,-80.204
1713.38,-80.042
1713.87,-79.065
1714.36,-78.233
1714.84,-80.278
1715.33,-78.878
1715.82,-78.917
1716.31,-78.756
1716.80,-78.994
1717.29,-78.016
1717.77,-77.788
1718.26,-76.747
1718.75,-77.191
1719.24,-78.661
1719.73,-78.843
1720.21,-78.326
1720.70,-79.402
1721.19,-78.687
1721.68,-78.275
1722.17,-79.749
1722.66,-78.033
1723.14,-78.550
1723.63,-77.670
1724.12,-78.360
1724.61,-80.321
1725.10,-79.047
1725.59,-78.071
1726.07,-78.723
1726.56,-78.867
1727.05,-78.378
1727.54,-79.478
1728.03,-77.394
1728.52,-79.656
1729.00,-77.265
1729.49,-77.801
1729.98,-78.562
1730.47,-77.584
1730.96,-78.568
1731.45,-78.058
1731.93,-78.894
1732.42,-78.998
1732.91,-77.611
1733.40,-77.552
1733.89,-77.039
1734.38,-78.322
1734.86,-77.179
1735.35,-78.273
1735.84,-78.305
1736.33,-79.367
1736.82,-77.749
1737.30,-78.753
1737.79,-78.456
1738.28,-77.505
1738.77,-78.739
1739.26,-78.658
1739.75,-78.062
1740.23,-77.307
1740.72,-76.584
1741.21,-77.733
1741.70,-78.597
1742.19,-78.857
1742.68,-77.612
1743.16,-76.695
1743.65,-76.733
1744.14,-77.459
1744.63,-78.244
1745.12,-78.629
1745.61,-77.878
1746.09,-77.158
1746.58,-77.319
1747.07,-77.611
1747.56,-77.512
1748.05,-76.920
1748.54,-77.923
1749.02,-78.755
1749.51,-77.409
1750.00,-75.696
1750.49,-76.076
1750.98,-78.217
1751.46,-77.454
1751.95,-77.908
1752.44,-78.075
1752.93,-76.762
1753.42,-76.299
1753.91,-77.577
1754.39,-76.227
1754.88,-79.553
1755.37,-76.340
1755.86,-74.583
1756.35,-74.763
1756.84,-76.410
1757.32,-75.967
1757.81,-77.027
1758.30,-76.770
1758.79,-77.908
1759.28,-75.200
1759.77,-76.095
1760.25,-76.301
1760.74,-75.111
1761.23,-76.298
1761.72,-75.006
1762.21,-77.907
1762.70,-76.066
1763.18,-75.690
1763.67,-75.371
1764.16,-76.510
1764.65,-76.619
1765.14,-75.832
1765.62,-75.606
1766.11,-77.500
1766.60,-74.906
1767.09,-75.622
1767.58,-74.871
1768.07,-76.634
1768.55,-77.256
1769.04,-74.856
1769.53,-74.810
1770.02,-76.876
1770.51,-76.352
1771.00,-75.688
1771.48,-75.876
1771.97,-75.528
1772.46,-75.574
1772.95,-74.520
1773.44,-75.631
1773.93,-75.216
1774.41,-74.989
1774.90,-76.346
1775.39,-74.920
1775.88,-75.823
1776.37,-76.303
1776.86,-76.333
1777.34,-75.350
1777.83,-76.474
1778.32,-74.761
1778.81,-72.596
1779.30,-72.415
1779.79,-74.844
1780.27,-74.399
1780.76,-75.062
1781.25,-75.977
1781.74,-75.312
1782.23,-75.593
1782.71,-74.996
1783.20,-75.504
1783.69,-74.826
1784.18,-74.175
1784.67,-73.317
1785.16,-73.185
1785.64,-73.792
1786.13,-72.858
1786.62,-75.266
1787.11,-74.352
1787.60,-72.790
1788.09,-74.796
1788.57,-73.426
1789.06,-73.591
1789.55,-74.976
1790.04,-73.880
1790.53,-73.229
1791.02,-75.035
1791.50,-74.413
1791.99,-71.870
1792.48,-73.920
1792.97,-74.284
1793.46,-74.108
1793.95,-71.887
1794.43,-74.428
1794.92,-73.000
1795.41,-72.328
1795.90,-73.956
1796.39,-72.667
1796.88,-72.392
1797.36,-72.966
1797.85,-72.406
1798.34,-72.821
1798.83,-71.306
1799.32,-71.543
1799.80,-71.604
1800.29,-71.794
1800.78,-71.897
1801.27,-71.550
1801.76,-71.171
1802.25,-70.984
1802.73,-72.026
1803.22,-73.043
1803.71,-72.405
1804.20,-71.560
1804.69,-71.537
1805.18,-72.758
1805.66,-72.302
1806.15,-71.436
1806.64,-71.491
1807.13,-71.773
1807.62,-70.841
1808.11,-71.930
1808.59,-71.191
1809.08,-71.418
1809.57,-70.461
1810.06,-71.507
1810.55,-70.033
1811.04,-69.317
1811.52,-69.840
1812.01,-70.576
1812.50,-71.919
1812.99,-72.184
1813.48,-71.054
1813.96,-70.527
1814.45,-72.777
1814.94,-68.817
1815.43,-71.217
1815.92,-69.803
1816.41,-71.128
1816.89,-69.978
1817.38,-69.531
1817.87,-72.040
1818.36,-71.291
1818.85,-69.216
1819.34,-69.837
1819.82,-70.231
1820.31,-69.428
1820.80,-70.143
1821.29,-68.533
1821.78,-69.403
1822.27,-70.725
1822.75,-69.412
1823.24,-70.004
1823.73,-69.987
1824.22,-70.537
1824.71,-68.258
1825.20,-68.559
1825.68,-67.765
1826.17,-70.462
1826.66,-69.200
1827.15,-68.447
1827.64,-69.162
1828.12,-69.038
1828.61,-67.118
1829.10,-68.347
1829.59,-66.079
1830.08,-67.557
1830.57,-69.712
1831.05,-67.946
1831.54,-68.215
1832.03,-67.504
1832.52,-66.401
1833.01,-66.498
1833.50,-68.113
1833.98,-66.643
1834.47,-67.076
1834.96,-65.512
1835.45,-66.125
1835.94,-66.910
1836.43,-65.460
1836.91,-64.828
1837.40,-67.606
1837.89,-66.054
1838.38,-66.912
1838.87,-65.532
1839.36,-65.754
1839.84,-65.874
1840.33,-65.890
1840.82,-65.270
1841.31,-65.825
1841.80,-65.128
1842.29,-63.912
1842.77,-66.453
1843.26,-65.480
1843.75,-64.039
1844.24,-64.744
1844.73,-65.843
1845.21,-65.142
1845.70,-63.936
1846.19,-63.076
1846.68,-64.500
1847.17,-64.595
1847.66,-63.189
1848.14,-65.069
1848.63,-64.690
1849.12,-63.814
1849.61,-63.192
1850.10,-62.971
1850.59,-62.871
1851.07,-63.013
1851.56,-61.737
1852.05,-63.703
1852.54,-63.267
1853.03,-63.093
1853.52,-62.260
1854.00,-62.070
1854.49,-62.730
1854.98,-62.610
1855.47,-62.186
1855.96,-62.223
1856.45,-61.582
1856.93,-61.718
1857.42,-61.300
1857.91,-61.297
1858.40,-61.197
1858.89,-60.671
1859.38,-61.868
1859.86,-61.381
1860.35,-61.621
1860.84,-61.510
1861.33,-60.898
1861.82,-61.003
1862.30,-61.259
1862.79,-59.026
1863.28,-61.307
1863.77,-61.125
1864.26,-60.583
1864.75,-58.873
1865.23,-60.414
1865.72,-60.471
1866.21,-61.249
1866.70,-62.198
1867.19,-59.810
1867.68,-61.534
1868.16,-58.966
1868.65,-60.565
1869.14,-60.234
1869.63,-59.920
1870.12,-60.002
1870.61,-61.629
1871.09,-61.898
1871.58,-60.273
1872.07,-61.088
1872.56,-63.018
1873.05,-60.701
1873.54,-62.201
1874.02,-60.500
1874.51,-61.484
1875.00,-61.198
1875.49,-61.982
1875.98,-62.418
1876.46,-62.580
1876.95,-61.602
1877.44,-60.042
1877.93,-62.063
1878.42,-62.321
1878.91,-61.986
1879.39,-65.516
1879.88,-63.147
1880.37,-64.468
1880.86,-63.305
1881.35,-62.863
1881.84,-62.867
1882.32,-62.524
1882.81,-62.972
1883.30,-62.085
1883.79,-62.663
1884.28,-63.324
1884.77,-62.787
1885.25,-63.520
1885.74,-63.468
1886.23,-62.922
1886.72,-64.279
1887.21,-64.589
1887.70,-64.810
1888.18,-63.864
1888.67,-63.059
1889.16,-64.919
1889.65,-64.706
1890.14,-63.401
1890.62,-64.483
1891.11,-64.363
1891.60,-66.092
1892.09,-66.281
1892.58,-65.735
1893.07,-66.822
1893.55,-67.557
1894.04,-66.210
1894.53,-65.141
1895.02,-66.752
1895.51,-63.598
1896.00,-65.938
1896.48,-67.122
1896.97,-65.886
1897.46,-66.128
1897.95,-65.791
1898.44,-66.947
1898.93,-67.203
1899.41,-65.127
1899.90,-66.820
1900.39,-67.577
1900.88,-66.656
1901.37,-67.575
1901.86,-68.214
1902.34,-66.385
1902.83,-66.391
1903.32,-67.306
1903.81,-68.939
1904.30,-67.114
1904.79,-67.015
1905.27,-66.437
1905.76,-67.358
1906.25,-68.019
1906.74,-67.442
1907.23,-68.356
1907.71,-68.572
1908.20,-67.798
1908.69,-66.991
1909.18,-69.997
1909.67,-67.392
1910.16,-67.470
1910.64,-68.810
1911.13,-67.546
1911.62,-68.735
1912.11,-67.607
1912.60,-67.310
1913.09,-68.729
1913.57,-69.723
1914.06,-69.248
1914.55,-68.993
1915.04,-69.668
1915.53,-69.546
1916.02,-68.978
1916.50,-69.709
1916.99,-69.327
1917.48,-69.815
1917.97,-68.154
1918.46,-67.780
1918.95,-68.246
1919.43,-69.548
1919.92,-69.464
1920.41,-69.512
1920.90,-69.050
1921.39,-69.499
1921.88,-69.643
1922.36,-67.958
1922.85,-69.873
1923.34,-69.849
1923.83,-70.658
1924.32,-70.170
1924.80,-70.722
1925.29,-70.648
1925.78,-70.739
1926.27,-71.028
1926.76,-70.741
1927.25,-67.748
1927.73,-70.314
1928.22,-70.062
1928.71,-69.693
1929.20,-70.255
1929.69,-71.424
1930.18,-70.481
1930.66,-70.170
1931.15,-69.091
1931.64,-71.038
1932.13,-70.097
1932.62,-71.084
1933.11,-72.768
1933.59,-70.599
1934.08,-69.707
1934.57,-70.930
1935.06,-71.323
1935.55,-71.450
1936.04,-69.215
1936.52,-71.716
1937.01,-70.144
1937.50,-70.159
1937.99,-72.387
1938.48,-70.237
1938.96,-71.037
1939.45,-72.441
1939.94,-71.889
1940.43,-71.385
1940.92,-70.891
1941.41,-73.577
1941.89,-73.004
1942.38,-71.303
1942.87,-72.174
1943.36,-71.490
1943.85,-72.634
1944.34,-73.174
1944.82,-71.443
1945.31,-72.609
1945.80,-71.459
1946.29,-72.237
1946.78,-70.963
1947.27,-70.936
1947.75,-71.723
1948.24,-70.902
1948.73,-72.526
1949.22,-70.762
1949.71,-71.983
1950.20,-72.086
1950.68,-72.777
1951.17,-71.622
1951.66,-72.936
1952.15,-72.759
1952.64,-72.023
1953.12,-72.179
1953.61,-71.817
1954.10,-74.176
1954.59,-73.958
1955.08,-73.106
1955.57,-73.846
1956.05,-73.303
1956.54,-74.647
1957.03,-72.805
1957.52,-73.188
1958.01,-73.168
1958.50,-71.631
1958.98,-73.217
1959.47,-72.265
1959.96,-72.313
1960.45,-72.857
1960.94,-73.215
1961.43,-74.385
1961.91,-73.423
1962.40,-72.648
1962.89,-73.281
1963.38,-73.913
1963.87,-72.743
1964.36,-73.935
1964.84,-72.997
1965.33,-71.849
1965.82,-73.037
1966.31,-72.582
1966.80,-73.967
1967.29,-74.092
1967.77,-72.404
1968.26,-74.013
1968.75,-73.526
1969.24,-74.881
1969.73,-73.540
1970.21,-74.214
1970.70,-74.569
1971.19,-73.326
1971.68,-75.386
1972.17,-71.877
1972.66,-73.839
1973.14,-73.605
1973.63,-72.357
1974.12,-74.534
1974.61,-73.514
1975.10,-74.214
1975.59,-73.392
1976.07,-73.351
1976.56,-73.358
1977.05,-74.940
1977.54,-74.075
1978.03,-73.660
1978.52,-74.211
1979.00,-74.575
1979.49,-75.200
1979.98,-73.141
1980.47,-74.815
1980.96,-73.503
1981.45,-72.816
1981.93,-73.879
1982.42,-75.816
1982.91,-74.914
1983.40,-75.312
1983.89,-75.186
1984.38,-72.598
1984.86,-74.266
1985.35,-74.039
1985.84,-73.792
1986.33,-75.376
1986.82,-74.207
1987.30,-73.619
1987.79,-74.538
1988.28,-75.828
1988.77,-75.565
1989.26,-74.951
1989.75,-74.377
1990.23,-74.053
1990.72,-74.122
1991.21,-75.962
1991.70,-73.638
1992.19,-74.153
1992.68,-74.640
1993.16,-75.562
1993.65,-75.989
1994.14,-76.973
1994.63,-75.484
1995.12,-75.698
1995.61,-75.848
1996.09,-74.907
1996.58,-74.764
1997.07,-75.440
1997.56,-75.253
1998.05,-75.351
1998.54,-75.487
1999.02,-75.309
1999.51,-74.353
2000.00,-75.363
2000.49,-76.294
2000.98,-76.261
2001.46,-72.506
2001.95,-75.058
2002.44,-73.616
2002.93,-74.822
2003.42,-75.154
2003.91,-74.413
2004.39,-74.550
2004.88,-73.679
2005.37,-74.971
2005.86,-74.348
2006.35,-76.370
2006.84,-75.422
2007.32,-75.623
2007.81,-74.183
2008.30,-75.695
2008.79,-76.041
2009.28,-77.932
2009.77,-75.687
2010.25,-74.557
2010.74,-74.740
2011.23,-75.282
2011.72,-74.957
2012.21,-77.520
2012.70,-76.040
2013.18,-75.525
2013.67,-75.135
2014.16,-75.596
2014.65,-76.647
2015.14,-75.210
2015.62,-76.109
2016.11,-75.679
2016.60,-75.415
2017.09,-76.177
2017.58,-75.060
2018.07,-74.887
2018.55,-77.390
2019.04,-74.848
2019.53,-76.273
2020.02,-74.829
2020.51,-73.893
2021.00,-75.743
2021.48,-76.308
2021.97,-75.936
2022.46,-76.370
2022.95,-76.755
2023.44,-75.503
2023.93,-76.252
2024.41,-75.583
2024.90,-75.119
2025.39,-75.290
2025.88,-76.766
2026.37,-76.122
2026.86,-76.368
2027.34,-75.748
2027.83,-75.476
2028.32,-76.835
2028.81,-77.369
2029.30,-74.843
2029.79,-76.301
2030.27,-76.051
2030.76,-77.335
2031.25,-74.545
2031.74,-76.614
2032.23,-75.858
2032.71,-76.096
2033.20,-75.495
2033.69,-77.218
2034.18,-76.071
2034.67,-75.368
2035.16,-75.788
2035.64,-76.761
2036.13,-75.702
2036.62,-75.433
2037.11,-76.230
2037.60,-74.238
2038.09,-75.473
2038.57,-74.844
2039.06,-76.857
2039.55,-75.729
2040.04,-75.294
2040.53,-75.971
2041.02,-76.153
2041.50,-75.415
2041.99,-75.058
2042.48,-75.223
2042.97,-76.316
2043.46,-75.587
2043.95,-75.106
2044.43,-75.427
2044.92,-77.816
2045.41,-76.350
2045.90,-77.446
2046.39,-76.024
2046.88,-76.809
2047.36,-75.684
2047.85,-77.942
2048.34,-75.943
2048.83,-75.660
2049.32,-76.330
2049.80,-75.306
2050.29,-75.349
2050.78,-75.592
2051.27,-77.452
2051.76,-74.143
2052.25,-75.549
2052.73,-76.697
2053.22,-74.853
2053.71,-77.802
2054.20,-74.680
2054.69,-73.861
2055.18,-75.322
2055.66,-74.949
2056.15,-75.662
2056.64,-75.753
2057.13,-77.576
2057.62,-75.988
2058.11,-76.405
2058.59,-75.193
2059.08,-76.958
2059.57,-75.631
2060.06,-75.643
2060.55,-76.468
2061.04,-75.195
2061.52,-76.668
2062.01,-75.714
2062.50,-76.277
2062.99,-73.704
2063.48,-75.364
2063.96,-76.822
2064.45,-77.300
2064.94,-75.954
2065.43,-77.294
2065.92,-76.042
2066.41,-76.390
2066.89,-76.143
2067.38,-76.275
2067.87,-77.536
2068.36,-76.543
2068.85,-73.788
2069.34,-74.895
2069.82,-75.917
2070.31,-75.607
2070.80,-75.051
2071.29,-75.842
2071.78,-75.525
2072.27,-75.708
2072.75,-76.778
2073.24,-75.296
2073.73,-76.065
2074.22,-77.342
2074.71,-74.930
2075.20,-75.400
2075.68,-73.849
2076.17,-74.586
2076.66,-74.203
2077.15,-76.897
2077.64,-75.569
2078.12,-75.510
2078.61,-75.989
2079.10,-75.069
2079.59,-76.388
2080.08,-74.835
2080.57,-74.519
2081.05,-74.531
2081.54,-74.812
2082.03,-75.618
2082.52,-74.289
2083.01,-75.570
2083.50,-74.905
2083.98,-74.767
2084.47,-75.899
2084.96,-76.632
2085.45,-74.576
2085.94,-75.445
2086.43,-75.132
2086.91,-76.157
2087.40,-77.122
2087.89,-75.440
2088.38,-75.576
2088.87,-75.295
2089.36,-76.366
2089.84,-76.904
2090.33,-75.682
2090.82,-74.498
2091.31,-74.841
2091.80,-77.473
2092.29,-75.372
2092.77,-76.187
2093.26,-76.823
2093.75,-77.206
2094.24,-76.194
2094.73,-73.039
2095.21,-76.117
2095.70,-75.910
2096.19,-76.382
2096.68,-75.571
2097.17,-76.369
2097.66,-74.259
2098.14,-77.207
2098.63,-75.418
2099.12,-76.755
2099.61,-75.343
2100.10,-75.534
2100.59,-75.039
2101.07,-75.338
2101.56,-75.687
2102.05,-74.974
2102.54,-75.966
2103.03,-77.382
2103.52,-74.424
2104.00,-74.884
2104.49,-76.631
2104.98,-75.919
2105.47,-76.586
2105.96,-75.337
2106.45,-76.865
2106.93,-75.103
2107.42,-75.331
2107.91,-75.113
2108.40,-76.317
2108.89,-75.503
2109.38,-75.925
2109.86,-74.610
2110.35,-75.320
2110.84,-77.163
2111.33,-74.503
2111.82,-75.027
2112.30,-75.408
2112.79,-76.497
2113.28,-75.980
2113.77,-75.571
2114.26,-75.666
2114.75,-74.118
2115.23,-74.996
2115.72,-75.206
2116.21,-74.663
2116.70,-77.019
2117.19,-76.423
2117.68,-76.056
2118.16,-75.585
2118.65,-76.389
2119.14,-75.811
2119.63,-75.479
2120.12,-75.479
2120.61,-76.154
2121.09,-75.017
2121.58,-75.535
2122.07,-75.749
2122.56,-76.658
2123.05,-75.255
2123.54,-76.630
2124.02,-76.101
2124.51,-76.745
2125.00,-74.480
2125.49,-74.343
2125.98,-75.889
2126.46,-74.763
2126.95,-76.605
2127.44,-75.201
2127.93,-77.492
2128.42,-75.362
2128.91,-75.250
2129.39,-75.730
2129.88,-75.877
2130.37,-75.678
2130.86,-76.522
2131.35,-75.237
2131.84,-75.086
2132.32,-75.669
2132.81,-75.653
2133.30,-76.800
2133.79,-75.274
2134.28,-73.137
2134.77,-74.624
2135.25,-74.025
2135.74,-75.223
2136.23,-74.227
2136.72,-75.479
2137.21,-73.208
2137.70,-75.175
2138.18,-75.358
2138.67,-75.371
2139.16,-74.449
2139.65,-73.634
2140.14,-75.603
2140.62,-75.920
2141.11,-75.983
2141.60,-76.182
2142.09,-75.167
2142.58,-73.207
2143.07,-74.555
2143.55,-76.491
2144.04,-75.309
2144.53,-75.870
2145.02,-76.102
2145.51,-75.068
2146.00,-74.461
2146.48,-76.422
2146.97,-75.226
2147.46,-74.091
2147.95,-75.288
2148.44,-75.239
2148.93,-75.368
2149.41,-73.661
2149.90,-77.108
2150.39,-75.276
2150.88,-73.235
2151.37,-74.333
2151.86,-74.197
2152.34,-75.671
2152.83,-76.036
2153.32,-74.957
2153.81,-74.102
2154.30,-75.954
2154.79,-75.330
2155.27,-77.167
2155.76,-76.604
2156.25,-74.841
2156.74,-73.666
2157.23,-74.413
2157.71,-73.886
2158.20,-74.391
2158.69,-76.048
2159.18,-73.648
2159.67,-75.217
2160.16,-74.260
2160.64,-74.860
2161.13,-74.650
2161.62,-73.135
2162.11,-75.098
2162.60,-74.610
2163.09,-73.391
2163.57,-74.562
2164.06,-73.577
2164.55,-74.622
2165.04,-73.846
2165.53,-74.275
2166.02,-75.268
2166.50,-76.500
2166.99,-73.025
2167.48,-75.367
2167.97,-75.596
2168.46,-74.607
2168.95,-73.644
2169.43,-74.763
2169.92,-74.129
2170.41,-74.936
2170.90,-74.528
2171.39,-75.582
2171.88,-74.801
2172.36,-72.358
2172.85,-74.191
2173.34,-73.450
2173.83,-74.987
2174.32,-73.916
2174.80,-75.066
2175.29,-74.318
2175.78,-74.016
2176.27,-74.523
2176.76,-75.419
2177.25,-73.719
2177.73,-73.613
2178.22,-73.210
2178.71,-73.932
2179.20,-72.834
2179.69,-73.515
2180.18,-71.814
2180.66,-74.612
2181.15,-72.067
2181.64,-73.619
2182.13,-73.793
2182.62,-72.540
2183.11,-73.216
2183.59,-72.511
2184.08,-72.600
2184.57,-73.302
2185.06,-71.680
2185.55,-73.370
2186.04,-73.289
2186.52,-72.868
2187.01,-72.845
2187.50,-73.805
2187.99,-73.610
2188.48,-74.435
2188.96,-73.351
2189.45,-74.188
2189.94,-72.844
2190.43,-71.478
2190.92,-74.013
2191.41,-71.808
2191.89,-73.733
2192.38,-72.719
2192.87,-72.763
2193.36,-73.121
2193.85,-72.672
2194.34,-72.191
2194.82,-73.130
2195.31,-72.355
2195.80,-72.665
2196.29,-73.915
2196.78,-73.405
2197.27,-73.402
2197.75,-72.838
2198.24,-73.005
2198.73,-73.868
2199.22,-73.337
2199.71,-73.409
2200.20,-73.282
2200.68,-72.364
2201.17,-73.099
2201.66,-73.240
2202.15,-72.268
2202.64,-71.207
2203.12,-74.068
2203.61,-72.107
2204.10,-70.995
2204.59,-73.417
2205.08,-72.518
2205.57,-72.682
2206.05,-71.318
2206.54,-71.499
2207.03,-71.294
2207.52,-73.459
2208.01,-72.296
2208.50,-71.038
2208.98,-71.988
2209.47,-71.787
2209.96,-72.059
2210.45,-71.839
2210.94,-71.197
2211.43,-71.758
2211.91,-71.405
2212.40,-73.341
2212.89,-72.786
2213.38,-71.667
2213.87,-70.595
2214.36,-72.067
2214.84,-72.077
2215.33,-70.218
2215.82,-72.417
2216.31,-71.576
2216.80,-72.524
2217.29,-72.018
2217.77,-72.259
2218.26,-71.354
2218.75,-72.026
2219.24,-70.779
2219.73,-70.713
2220.21,-71.480
2220.70,-72.046
2221.19,-71.602
2221.68,-70.064
2222.17,-69.529
2222.66,-70.411
2223.14,-70.973
2223.63,-71.587
2224.12,-72.118
2224.61,-70.436
2225.10,-68.680
2225.59,-71.093
2226.07,-70.876
2226.56,-71.390
2227.05,-71.542
2227.54,-70.787
2228.03,-70.584
2228.52,-71.308
2229.00,-71.346
2229.49,-70.821
2229.98,-71.255
2230.47,-71.496
2230.96,-70.344
2231.45,-70.547
2231.93,-69.225
2232.42,-70.789
2232.91,-70.134
2233.40,-69.653
2233.89,-69.285
2234.38,-70.336
2234.86,-69.092
2235.35,-69.512
2235.84,-69.341
2236.33,-70.281
2236.82,-69.647
2237.30,-69.249
2237.79,-68.569
2238.28,-68.760
2238.77,-67.731
2239.26,-68.177
2239.75,-70.727
2240.23,-69.227
2240.72,-69.640
2241.21,-68.788
2241.70,-69.838
2242.19,-68.618
2242.68,-69.218
2243.16,-66.762
2243.65,-68.022
2244.14,-68.941
2244.63,-68.846
2245.12,-68.436
2245.61,-67.266
2246.09,-67.796
2246.58,-67.827
2247.07,-68.289
2247.56,-66.771
2248.05,-67.751
2248.54,-68.913
2249.02,-69.848
2249.51,-67.983
2250.00,-68.213
2250.49,-69.985
2250.98,-71.214
2251.46,-68.980
2251.95,-69.830
2252.44,-67.421
2252.93,-67.328
2253.42,-69.494
2253.91,-66.941
2254.39,-67.882
2254.88,-66.018
2255.37,-65.984
2255.86,-66.944
2256.35,-67.932
2256.84,-67.529
2257.32,-66.678
2257.81,-67.252
2258.30,-67.743
2258.79,-67.963
2259.28,-65.764
2259.77,-68.075
2260.25,-66.221
2260.74,-68.114
2261.23,-65.515
2261.72,-65.783
2262.21,-66.433
2262.70,-66.809
2263.18,-65.535
2263.67,-65.292
2264.16,-65.315
2264.65,-65.393
2265.14,-66.590
2265.62,-66.543
2266.11,-66.845
2266.60,-64.484
2267.09,-63.553
2267.58,-65.400
2268.07,-65.878
2268.55,-65.984
2269.04,-65.086
2269.53,-65.882
2270.02,-66.810
2270.51,-64.689
2271.00,-65.273
2271.48,-65.975
2271.97,-63.790
2272.46,-65.396
2272.95,-66.120
2273.44,-63.825
2273.93,-64.450
2274.41,-66.467
2274.90,-63.607
2275.39,-63.810
2275.88,-65.644
2276.37,-65.540
2276.86,-64.947
2277.34,-63.564
2277.83,-64.527
2278.32,-65.321
2278.81,-63.226
2279.30,-63.182
2279.79,-63.787
2280.27,-64.529
2280.76,-64.445
2281.25,-63.580
2281.74,-63.166
2282.23,-64.014
2282.71,-62.968
2283.20,-62.515
2283.69,-62.799
2284.18,-63.045
2284.67,-62.619
2285.16,-62.554
2285.64,-64.143
2286.13,-62.240
2286.62,-63.647
2287.11,-62.561
2287.60,-61.609
2288.09,-61.852
2288.57,-62.778
2289.06,-63.059
2289.55,-63.500
2290.04,-63.862
2290.53,-61.033
2291.02,-62.012
2291.50,-61.815
2291.99,-60.679
2292.48,-61.214
2292.97,-61.775
2293.46,-61.556
2293.95,-60.366
2294.43,-60.956
2294.92,-61.100
2295.41,-61.512
2295.90,-59.947
2296.39,-61.844
2296.88,-62.435
2297.36,-59.149
2297.85,-60.687
2298.34,-60.373
2298.83,-61.134
2299.32,-61.400
2299.80,-59.447
2300.29,-58.342
2300.78,-60.479
2301.27,-59.509
2301.76,-58.512
2302.25,-62.392
2302.73,-57.928
2303.22,-59.463
2303.71,-58.497
2304.20,-59.298
2304.69,-60.161
2305.18,-59.394
2305.66,-58.671
2306.15,-57.252
2306.64,-58.573
2307.13,-58.627
2307.62,-57.429
2308.11,-56.604
2308.59,-56.569
2309.08,-56.763
2309.57,-57.464
2310.06,-58.410
2310.55,-58.318
2311.04,-56.979
2311.52,-58.275
2312.01,-58.657
2312.50,-56.989
2312.99,-59.983
2313.48,-59.442
2313.96,-57.871
2314.45,-58.224
2314.94,-57.855
2315.43,-59.794
2315.92,-57.844
2316.41,-56.240
2316.89,-57.058
2317.38,-57.794
2317.87,-56.434
2318.36,-56.622
2318.85,-56.393
2319.34,-57.157
2319.82,-54.876
2320.31,-56.542
2320.80,-55.764
2321.29,-55.634
2321.78,-56.779
2322.27,-56.776
2322.75,-57.566
2323.24,-54.811
2323.73,-57.820
2324.22,-55.130
2324.71,-55.593
2325.20,-57.650
2325.68,-56.810
2326.17,-57.350
2326.66,-57.213
2327.15,-56.741
2327.64,-57.004
2328.12,-56.351
2328.61,-57.215
2329.10,-58.383
2329.59,-58.803
2330.08,-58.288
2330.57,-56.713
2331.05,-56.318
2331.54,-56.075
2332.03,-57.626
2332.52,-59.035
2333.01,-58.357
2333.50,-58.138
2333.98,-58.002
2334.47,-57.646
2334.96,-56.916
2335.45,-58.367
2335.94,-58.572
2336.43,-58.933
2336.91,-57.805
2337.40,-58.312
2337.89,-57.164
2338.38,-58.676
2338.87,-58.747
2339.36,-58.138
2339.84,-59.105
2340.33,-59.101
2340.82,-60.665
2341.31,-60.353
2341.80,-58.449
2342.29,-58.616
2342.77,-60.063
2343.26,-59.742
2343.75,-59.137
2344.24,-59.461
2344.73,-58.752
2345.21,-57.585
2345.70,-57.792
2346.19,-59.034
2346.68,-58.490
2347.17,-61.024
2347.66,-60.789
2348.14,-57.451
2348.63,-57.358
2349.12,-60.092
2349.61,-61.129
2350.10,-59.920
2350.59,-59.657
2351.07,-62.004
2351.56,-59.092
2352.05,-59.868
2352.54,-58.717
2353.03,-58.712
2353.52,-61.880
2354.00,-60.645
2354.49,-60.112
2354.98,-60.202
2355.47,-60.721
2355.96,-62.320
2356.45,-60.800
2356.93,-58.902
2357.42,-59.527
2357.91,-59.565
2358.40,-60.018
2358.89,-59.970
2359.38,-60.663
2359.86,-60.219
2360.35,-59.888
2360.84,-60.098
2361.33,-61.653
2361.82,-60.745
2362.30,-59.517
2362.79,-62.354
2363.28,-61.748
2363.77,-61.575
2364.26,-61.437
2364.75,-61.355
2365.23,-61.717
2365.72,-61.661
2366.21,-60.945
2366.70,-64.977
2367.19,-61.893
2367.68,-63.962
2368.16,-62.381
2368.65,-62.440
2369.14,-62.698
2369.63,-63.923
2370.12,-62.785
2370.61,-63.909
2371.09,-63.556
2371.58,-63.906
2372.07,-62.475
2372.56,-62.891
2373.05,-62.074
2373.54,-63.348
2374.02,-62.720
2374.51,-62.624
2375.00,-63.539
2375.49,-62.535
2375.98,-61.799
2376.46,-63.765
2376.95,-64.643
2377.44,-65.244
2377.93,-64.790
2378.42,-65.113
2378.91,-64.053
2379.39,-65.042
2379.88,-63.660
2380.37,-63.840
2380.86,-64.524
2381.35,-63.814
2381.84,-62.823
2382.32,-63.688
2382.81,-64.097
2383.30,-64.683
2383.79,-64.637
2384.28,-65.113
2384.77,-64.938
2385.25,-64.571
2385.74,-64.086
2386.23,-66.818
2386.72,-66.449
2387.21,-65.110
2387.70,-63.971
2388.18,-64.311
2388.67,-64.621
2389.16,-65.590
2389.65,-65.671
2390.14,-64.317
2390.62,-64.718
2391.11,-66.945
2391.60,-64.104
2392.09,-65.314
2392.58,-66.650
2393.07,-66.821
2393.55,-64.654
2394.04,-65.610
2394.53,-66.507
2395.02,-65.112
2395.51,-65.534
2396.00,-66.487
2396.48,-65.790
2396.97,-64.690
2397.46,-65.443
2397.95,-64.803
2398.44,-66.479
2398.93,-65.734
2399.41,-66.080
2399.90,-65.372
2400.39,-65.584
2400.88,-63.675
2401.37,-65.258
2401.86,-66.886
2402.34,-66.407
2402.83,-65.573
2403.32,-65.849
2403.81,-66.512
2404.30,-64.657
2404.79,-64.953
2405.27,-64.556
2405.76,-67.169
2406.25,-66.143
2406.74,-66.802
2407.23,-67.132
2407.71,-67.540
2408.20,-66.025
2408.69,-66.068
2409.18,-67.063
2409.67,-66.145
2410.16,-66.093
2410.64,-65.568
2411.13,-66.900
2411.62,-65.835
2412.11,-66.273
2412.60,-66.634
2413.09,-65.688
2413.57,-66.330
2414.06,-68.157
2414.55,-65.741
2415.04,-66.375
2415.53,-66.848
2416.02,-64.949
2416.50,-66.404
2416.99,-66.587
2417.48,-68.740
2417.97,-67.837
2418.46,-66.563
2418.95,-66.595
2419.43,-66.035
2419.92,-65.981
2420.41,-68.273
2420.90,-66.699
2421.39,-65.827
2421.88,-67.364
2422.36,-67.537
2422.85,-67.007
2423.34,-67.536
2423.83,-68.977
2424.32,-68.509
2424.80,-66.333
2425.29,-66.933
2425.78,-68.275
2426.27,-67.100
2426.76,-67.792
2427.25,-68.774
2427.73,-67.026
2428.22,-67.780
2428.71,-67.663
2429.20,-67.864
2429.69,-67.441
2430.18,-67.169
2430.66,-68.217
2431.15,-66.434
2431.64,-68.307
2432.13,-68.333
2432.62,-68.329
2433.11,-69.806
2433.59,-69.216
2434.08,-68.286
2434.57,-66.386
2435.06,-66.094
2435.55,-68.286
2436.04,-68.469
2436.52,-68.767
2437.01,-67.160
2437.50,-68.771
2437.99,-67.996
2438.48,-68.420
2438.96,-66.678
2439.45,-67.172
2439.94,-67.124
2440.43,-66.831
2440.92,-67.077
2441.41,-66.510
2441.89,-68.367
2442.38,-67.380
2442.87,-70.163
2443.36,-69.714
2443.85,-67.277
2444.34,-69.093
2444.82,-67.010
2445.31,-69.604
2445.80,-68.083
2446.29,-67.866
2446.78,-68.284
2447.27,-67.450
2447.75,-68.955
2448.24,-66.961
2448.73,-68.491
2449.22,-66.796
2449.71,-67.902
2450.20,-69.525
2450.68,-68.537
2451.17,-66.796
2451.66,-67.503
2452.15,-69.139
2452.64,-68.654
2453.12,-69.302
2453.61,-66.820
2454.10,-69.166
2454.59,-67.676
2455.08,-69.628
2455.57,-68.353
2456.05,-69.219
2456.54,-67.253
2457.03,-69.114
2457.52,-69.417
2458.01,-68.651
2458.50,-68.017
2458.98,-68.102
2459.47,-67.935
2459.96,-67.200
2460.45,-69.313
2460.94,-68.867
2461.43,-68.377
2461.91,-67.765
2462.40,-67.581
2462.89,-67.807
2463.38,-67.681
2463.87,-67.182
2464.36,-67.783
2464.84,-68.498
2465.33,-68.725
2465.82,-67.254
2466.31,-69.341
2466.80,-70.239
2467.29,-68.162
2467.77,-69.870
2468.26,-68.331
2468.75,-69.163
2469.24,-67.906
2469.73,-66.772
2470.21,-69.451
2470.70,-68.501
2471.19,-69.862
2471.68,-68.495
2472.17,-67.523
2472.66,-68.510
2473.14,-68.542
2473.63,-67.695
2474.12,-69.666
2474.61,-69.558
2475.10,-69.133
2475.59,-68.966
2476.07,-69.553
2476.56,-69.300
2477.05,-68.245
2477.54,-70.404
2478.03,-69.960
2478.52,-69.466
2479.00,-68.674
2479.49,-68.428
2479.98,-67.513
2480.47,-67.835
2480.96,-69.206
2481.45,-67.606
2481.93,-68.968
2482.42,-68.407
2482.91,-70.343
2483.40,-69.323
2483.89,-69.115
2484.38,-69.079
2484.86,-69.104
2485.35,-66.795
2485.84,-69.820
2486.33,-70.080
2486.82,-68.630
2487.30,-69.148
2487.79,-69.738
2488.28,-68.226
2488.77,-69.231
2489.26,-70.331
2489.75,-69.564
2490.23,-70.391
2490.72,-71.507
2491.21,-68.802
2491.70,-69.856
2492.19,-69.298
2492.68,-70.603
2493.16,-70.077
2493.65,-67.881
2494.14,-69.052
2494.63,-69.779
2495.12,-67.871
2495.61,-68.829
2496.09,-68.437
2496.58,-70.029
2497.07,-69.826
2497.56,-69.175
2498.05,-69.127
2498.54,-68.861
2499.02,-68.171
2499.51,-69.964
2500.00,-68.834
2500.49,-69.560
2500.98,-68.478
2501.46,-68.357
2501.95,-70.190
2502.44,-70.887
2502.93,-69.022
2503.42,-69.006
2503.91,-68.926
2504.39,-68.764
2504.88,-68.234
2505.37,-68.822
2505.86,-68.097
2506.35,-69.021
2506.84,-70.391
2507.32,-69.565
2507.81,-70.947
2508.30,-69.456
2508.79,-69.370
2509.28,-69.300
2509.77,-68.122
2510.25,-68.446
2510.74,-69.574
2511.23,-69.334
2511.72,-69.099
2512.21,-69.575
2512.70,-67.993
2513.18,-70.513
2513.67,-67.524
2514.16,-69.287
2514.65,-68.032
2515.14,-69.606
2515.62,-69.378
2516.11,-69.013
2516.60,-67.849
2517.09,-69.145
2517.58,-68.108
2518.07,-67.320
2518.55,-69.681
2519.04,-69.312
2519.53,-68.673
2520.02,-68.850
2520.51,-69.452
2521.00,-67.622
2521.48,-67.849
2521.97,-69.940
2522.46,-67.872
2522.95,-66.834
2523.44,-67.660
2523.93,-68.390
2524.41,-67.193
2524.90,-67.520
2525.39,-69.878
2525.88,-68.101
2526.37,-69.539
2526.86,-68.947
2527.34,-69.792
2527.83,-68.775
2528.32,-69.027
2528.81,-69.377
2529.30,-69.506
2529.79,-68.706
2530.27,-68.448
2530.76,-69.565
2531.25,-68.863
2531.74,-68.660
2532.23,-69.464
2532.71,-67.500
2533.20,-68.475
2533.69,-68.365
2534.18,-69.578
2534.67,-68.255
2535.16,-67.345
2535.64,-69.249
2536.13,-70.057
2536.62,-70.008
2537.11,-69.461
2537.60,-69.310
2538.09,-69.428
2538.57,-68.688
2539.06,-69.391
2539.55,-67.461
2540.04,-68.756
2540.53,-70.666
2541.02,-67.173
2541.50,-67.459
2541.99,-68.231
2542.48,-69.204
2542.97,-68.693
2543.46,-68.227
2543.95,-68.834
2544.43,-68.136
2544.92,-67.096
2545.41,-68.543
2545.90,-67.657
2546.39,-69.418
2546.88,-67.970
2547.36,-68.906
2547.85,-69.075
2548.34,-69.447
2548.83,-70.303
2549.32,-68.471
2549.80,-67.953
2550.29,-68.206
2550.78,-68.838
2551.27,-67.659
2551.76,-68.230
2552.25,-68.403
2552.73,-68.387
2553.22,-68.809
2553.71,-68.532
2554.20,-67.923
2554.69,-66.969
2555.18,-69.689
2555.66,-70.406
2556.15,-68.331
2556.64,-67.000
2557.13,-67.398
2557.62,-67.176
2558.11,-69.403
2558.59,-67.208
2559.08,-68.531
2559.57,-68.361
2560.06,-67.201
2560.55,-68.276
2561.04,-69.052
2561.52,-70.121
2562.01,-68.588
2562.50,-68.284
2562.99,-70.431
2563.48,-68.888
2563.96,-67.869
2564.45,-68.281
2564.94,-67.096
2565.43,-68.341
2565.92,-67.808
2566.41,-67.461
2566.89,-66.892
2567.38,-68.459
2567.87,-67.550
2568.36,-69.049
2568.85,-67.704
2569.34,-67.754
2569.82,-68.950
2570.31,-68.221
2570.80,-69.198
2571.29,-67.710
2571.78,-68.746
2572.27,-67.791
2572.75,-69.057
2573.24,-67.173
2573.73,-67.788
2574.22,-67.993
2574.71,-68.330
2575.20,-67.007
2575.68,-67.981
2576.17,-68.149
2576.66,-68.185
2577.15,-67.818
2577.64,-67.645
2578.12,-70.028
2578.61,-68.677
2579.10,-68.121
2579.59,-68.402
2580.08,-66.899
2580.57,-67.327
2581.05,-68.116
2581.54,-67.521
2582.03,-66.227
2582.52,-66.238
2583.01,-68.885
2583.50,-68.217
2583.98,-67.359
2584.47,-67.550
2584.96,-68.657
2585.45,-67.640
2585.94,-68.952
2586.43,-65.776
2586.91,-67.396
2587.40,-69.025
2587.89,-66.007
2588.38,-66.690
2588.87,-66.273
2589.36,-68.548
2589.84,-67.834
2590.33,-68.644
2590.82,-66.808
2591.31,-65.931
2591.80,-67.389
2592.29,-66.826
2592.77,-67.387
2593.26,-66.572
2593.75,-67.019
2594.24,-68.251
2594.73,-67.548
2595.21,-67.768
2595.70,-68.355
2596.19,-69.578
2596.68,-68.299
2597.17,-68.090
2597.66,-68.454
2598.14,-65.719
2598.63,-66.470
2599.12,-66.579
2599.61,-66.212
2600.10,-67.126
2600.59,-67.523
2601.07,-67.887
2601.56,-66.509
2602.05,-66.688
2602.54,-68.144
2603.03,-67.481
2603.52,-68.674
2604.00,-67.547
2604.49,-67.361
2604.98,-67.277
2605.47,-66.764
2605.96,-67.213
2606.45,-67.878
2606.93,-68.061
2607.42,-68.147
2607.91,-66.424
2608.40,-65.524
2608.89,-68.287
2609.38,-66.254
2609.86,-66.455
2610.35,-67.006
2610.84,-66.627
2611.33,-65.051
2611.82,-66.618
2612.30,-66.954
2612.79,-67.768
2613.28,-67.533
2613.77,-67.040
2614.26,-66.827
2614.75,-66.371
2615.23,-66.220
2615.72,-65.109
2616.21,-66.172
2616.70,-65.406
2617.19,-66.409
2617.68,-65.949
2618.16,-66.403
2618.65,-67.395
2619.14,-67.669
2619.63,-65.962
2620.12,-66.013
2620.61,-66.068
2621.09,-66.824
2621.58,-65.147
2622.07,-66.605
2622.56,-68.184
2623.05,-65.514
2623.54,-65.853
2624.02,-65.626
2624.51,-68.196
2625.00,-66.658
2625.49,-67.737
2625.98,-66.226
2626.46,-68.716
2626.95,-65.282
2627.44,-66.149
2627.93,-65.398
2628.42,-64.986
2628.91,-65.641
2629.39,-65.733
2629.88,-66.888
2630.37,-65.486
2630.86,-64.710
2631.35,-64.548
2631.84,-65.308
2632.32,-65.685
2632.81,-66.645
2633.30,-65.118
2633.79,-65.526
2634.28,-65.671
2634.77,-64.751
2635.25,-64.374
2635.74,-64.399
2636.23,-65.341
2636.72,-64.832
2637.21,-66.768
2637.70,-65.179
2638.18,-65.343
2638.67,-64.683
2639.16,-65.063
2639.65,-65.735
2640.14,-66.670
2640.62,-67.364
2641.11,-65.886
2641.60,-66.588
2642.09,-65.178
2642.58,-64.920
2643.07,-64.606
2643.55,-64.285
2644.04,-65.154
2644.53,-66.444
2645.02,-66.154
2645.51,-64.057
2646.00,-65.458
2646.48,-64.692
2646.97,-64.255
2647.46,-64.481
2647.95,-64.863
2648.44,-64.893
2648.93,-64.304
2649.41,-64.837
2649.90,-63.535
2650.39,-63.895
2650.88,-62.838
2651.37,-63.000
2651.86,-65.553
2652.34,-64.570
2652.83,-65.035
2653.32,-63.823
2653.81,-63.880
2654.30,-64.401
2654.79,-63.913
2655.27,-65.412
2655.76,-64.332
2656.25,-63.751
2656.74,-64.266
2657.23,-62.032
2657.71,-65.479
2658.20,-65.240
2658.69,-63.973
2659.18,-62.755
2659.67,-63.134
2660.16,-62.986
2660.64,-63.475
2661.13,-62.619
2661.62,-62.707
2662.11,-64.658
2662.60,-62.717
2663.09,-63.153
2663.57,-64.272
2664.06,-63.312
2664.55,-62.839
2665.04,-65.079
2665.53,-62.565
2666.02,-63.024
2666.50,-63.147
2666.99,-62.931
2667.48,-62.701
2667.97,-63.523
2668.46,-62.747
2668.95,-63.486
2669.43,-62.738
2669.92,-64.960
2670.41,-62.938
2670.90,-63.416
2671.39,-64.042
2671.88,-63.160
2672.36,-61.665
2672.85,-62.349
2673.34,-61.946
2673.83,-62.968
2674.32,-63.703
2674.80,-62.217
2675.29,-63.738
2675.78,-64.263
2676.27,-63.323
2676.76,-63.092
2677.25,-63.295
2677.73,-62.626
2678.22,-63.050
2678.71,-61.337
2679.20,-62.632
2679.69,-62.039
2680.18,-61.884
2680.66,-61.008
2681.15,-59.555
2681.64,-61.505
2682.13,-61.918
2682.62,-61.322
2683.11,-62.835
2683.59,-60.929
2684.08,-62.755
2684.57,-62.102
2685.06,-60.926
2685.55,-60.251
2686.04,-62.010
2686.52,-61.854
2687.01,-62.731
2687.50,-63.005
2687.99,-62.222
2688.48,-63.327
2688.96,-61.164
2689.45,-61.086
2689.94,-61.649
2690.43,-61.447
2690.92,-60.196
2691.41,-61.698
2691.89,-61.050
2692.38,-60.502
2692.87,-62.045
2693.36,-60.902
2693.85,-62.468
2694.34,-61.038
2694.82,-61.453
2695.31,-63.535
2695.80,-61.884
2696.29,-61.441
2696.78,-60.674
2697.27,-61.439
2697.75,-59.421
2698.24,-61.242
2698.73,-57.763
2699.22,-59.540
2699.71,-58.602
2700.20,-60.441
2700.68,-61.618
2701.17,-60.454
2701.66,-61.805
2702.15,-60.639
2702.64,-61.067
2703.12,-60.288
2703.61,-59.209
2704.10,-60.823
2704.59,-60.301
2705.08,-59.352
2705.57,-60.630
2706.05,-60.302
2706.54,-60.170
2707.03,-59.052
2707.52,-60.550
2708.01,-59.483
2708.50,-60.088
2708.98,-60.818
2709.47,-59.890
2709.96,-60.799
2710.45,-58.907
2710.94,-60.098
2711.43,-57.809
2711.91,-58.729
2712.40,-58.102
2712.89,-58.008
2713.38,-59.267
2713.87,-59.051
2714.36,-58.728
2714.84,-59.262
2715.33,-58.856
2715.82,-59.764
2716.31,-59.684
2716.80,-59.990
2717.29,-58.256
2717.77,-58.581
2718.26,-58.671
2718.75,-59.465
2719.24,-57.792
2719.73,-57.975
2720.21,-58.241
2720.70,-58.827
2721.19,-58.655
2721.68,-60.555
2722.17,-56.379
2722.66,-56.827
2723.14,-58.639
2723.63,-57.237
2724.12,-57.324
2724.61,-58.216
2725.10,-58.175
2725.59,-58.583
2726.07,-57.690
2726.56,-58.525
2727.05,-57.432
2727.54,-56.981
2728.03,-56.435
2728.52,-57.886
2729.00,-57.336
2729.49,-56.769
2729.98,-58.313
2730.47,-57.902
2730.96,-56.697
2731.45,-58.698
2731.93,-56.612
2732.42,-57.778
2732.91,-57.190
2733.40,-56.029
2733.89,-57.512
2734.38,-56.587
2734.86,-55.943
2735.35,-56.136
2735.84,-55.887
2736.33,-54.897
2736.82,-55.978
2737.30,-56.111
2737.79,-58.740
2738.28,-57.883
2738.77,-57.233
2739.26,-56.320
2739.75,-55.604
2740.23,-55.532
2740.72,-53.661
2741.21,-57.165
2741.70,-56.831
2742.19,-54.298
2742.68,-54.888
2743.16,-55.771
2743.65,-55.816
2744.14,-55.169
2744.63,-55.671
2745.12,-55.909
2745.61,-55.202
2746.09,-56.859
2746.58,-55.087
2747.07,-54.905
2747.56,-54.463
2748.05,-55.648
2748.54,-56.321
2749.02,-55.281
2749.51,-54.016
2750.00,-54.962
2750.49,-53.019
2750.98,-54.842
2751.46,-54.529
2751.95,-53.913
2752.44,-56.008
2752.93,-54.567
2753.42,-55.443
2753.91,-54.961
2754.39,-54.327
2754.88,-54.903
2755.37,-53.153
2755.86,-53.062
2756.35,-54.309
2756.84,-53.393
2757.32,-55.197
2757.81,-55.112
2758.30,-54.898
2758.79,-54.436
2759.28,-54.093
2759.77,-52.954
2760.25,-53.711
2760.74,-52.588
2761.23,-55.097
2761.72,-53.681
2762.21,-52.965
2762.70,-53.439
2763.18,-52.814
2763.67,-51.503
2764.16,-53.299
2764.65,-52.956
2765.14,-52.497
2765.62,-53.636
2766.11,-54.378
2766.60,-53.367
2767.09,-53.353
2767.58,-52.505
2768.07,-50.861
2768.55,-53.938
2769.04,-53.624
2769.53,-51.146
2770.02,-52.963
2770.51,-53.226
2771.00,-51.687
2771.48,-50.626
2771.97,-52.950
2772.46,-52.407
2772.95,-52.912
2773.44,-51.940
2773.93,-51.759
2774.41,-52.228
2774.90,-53.114
2775.39,-53.200
2775.88,-52.230
2776.37,-52.684
2776.86,-51.710
2777.34,-51.235
2777.83,-50.956
2778.32,-52.541
2778.81,-52.556
2779.30,-52.241
2779.79,-52.610
2780.27,-51.637
2780.76,-50.386
2781.25,-51.489
2781.74,-50.870
2782.23,-51.612
2782.71,-51.676
2783.20,-52.636
2783.69,-51.202
2784.18,-52.650
2784.67,-51.958
2785.16,-50.893
2785.64,-53.566
2786.13,-50.621
2786.62,-52.384
2787.11,-52.042
2787.60,-53.172
2788.09,-51.894
2788.57,-53.263
2789.06,-53.328
2789.55,-51.022
2790.04,-50.765
2790.53,-50.957
2791.02,-53.075
2791.50,-51.804
2791.99,-52.646
2792.48,-51.333
2792.97,-54.256
2793.46,-52.977
2793.95,-52.926
2794.43,-52.895
2794.92,-53.278
2795.41,-53.575
2795.90,-50.596
2796.39,-51.304
2796.88,-51.647
2797.36,-53.263
2797.85,-54.125
2798.34,-51.880
2798.83,-52.118
2799.32,-51.692
2799.80,-53.342
2800.29,-53.516
2800.78,-52.868
2801.27,-52.364
2801.76,-52.249
2802.25,-53.647
2802.73,-52.598
2803.22,-51.215
2803.71,-52.341
2804.20,-52.836
2804.69,-52.130
2805.18,-52.045
2805.66,-53.119
2806.15,-52.407
2806.64,-53.091
2807.13,-54.374
2807.62,-54.866
2808.11,-53.552
2808.59,-52.507
2809.08,-53.003
2809.57,-52.942
2810.06,-54.473
2810.55,-53.099
2811.04,-52.719
2811.52,-54.648
2812.01,-52.068
2812.50,-54.542
2812.99,-53.987
2813.48,-55.404
2813.96,-52.593
2814.45,-53.887
2814.94,-53.949
2815.43,-54.283
2815.92,-55.628
2816.41,-54.128
2816.89,-53.483
2817.38,-55.008
2817.87,-56.001
2818.36,-53.534
2818.85,-54.604
2819.34,-55.210
2819.82,-52.847
2820.31,-54.103
2820.80,-52.904
2821.29,-53.961
2821.78,-53.083
2822.27,-54.941
2822.75,-54.702
2823.24,-54.876
2823.73,-54.843
2824.22,-53.851
2824.71,-53.809
2825.20,-55.440
2825.68,-53.397
2826.17,-52.903
2826.66,-53.723
2827.15,-54.818
2827.64,-55.197
2828.12,-56.039
2828.61,-54.723
2829.10,-54.446
2829.59,-53.292
2830.08,-54.178
2830.57,-54.693
2831.05,-55.774
2831.54,-54.502
2832.03,-55.814
2832.52,-54.368
2833.01,-54.185
2833.50,-53.401
2833.98,-53.644
2834.47,-54.289
2834.96,-57.304
2835.45,-54.858
2835.94,-56.975
2836.43,-54.067
2836.91,-55.055
2837.40,-54.391
2837.89,-55.821
2838.38,-55.083
2838.87,-55.975
2839.36,-54.139
2839.84,-57.275
2840.33,-57.354
2840.82,-57.210
2841.31,-55.619
2841.80,-55.577
2842.29,-56.055
2842.77,-55.753
2843.26,-56.185
2843.75,-56.381
2844.24,-57.581
2844.73,-57.498
2845.21,-57.455
2845.70,-55.259
2846.19,-54.545
2846.68,-56.925
2847.17,-56.111
2847.66,-55.542
2848.14,-57.720
2848.63,-56.394
2849.12,-56.594
2849.61,-57.010
2850.10,-56.720
2850.59,-57.122
2851.07,-57.715
2851.56,-56.664
2852.05,-57.882
2852.54,-57.540
2853.03,-57.353
2853.52,-57.199
2854.00,-56.406
2854.49,-55.728
2854.98,-55.519
2855.47,-56.401
2855.96,-58.909
2856.45,-57.723
2856.93,-56.744
2857.42,-57.083
2857.91,-59.016
2858.40,-58.358
2858.89,-57.967
2859.38,-58.028
2859.86,-56.262
2860.35,-56.791
2860.84,-58.537
2861.33,-58.650
2861.82,-55.792
2862.30,-56.918
2862.79,-57.162
2863.28,-56.776
2863.77,-56.756
2864.26,-58.023
2864.75,-58.465
2865.23,-57.868
2865.72,-57.615
2866.21,-57.991
2866.70,-58.253
2867.19,-58.078
2867.68,-58.291
2868.16,-59.982
2868.65,-59.368
2869.14,-57.252
2869.63,-57.565
2870.12,-57.678
2870.61,-57.105
2871.09,-58.004
2871.58,-57.518
2872.07,-58.766
2872.56,-59.043
2873.05,-58.832
2873.54,-58.511
2874.02,-58.189
2874.51,-59.413
2875.00,-57.851
2875.49,-57.830
2875.98,-59.036
2876.46,-59.169
2876.95,-57.406
2877.44,-59.153
2877.93,-59.710
2878.42,-59.135
2878.91,-60.554
2879.39,-60.330
2879.88,-57.503
2880.37,-57.963
2880.86,-58.472
2881.35,-57.643
2881.84,-60.738
2882.32,-59.543
2882.81,-58.079
2883.30,-59.225
2883.79,-59.759
2884.28,-60.905
2884.77,-58.945
2885.25,-58.710
2885.74,-58.841
2886.23,-60.334
2886.72,-60.286
2887.21,-59.607
2887.70,-58.635
2888.18,-58.098
2888.67,-60.375
2889.16,-58.617
2889.65,-59.481
2890.14,-60.300
2890.62,-59.733
2891.11,-59.558
2891.60,-58.468
2892.09,-58.343
2892.58,-60.390
2893.07,-60.405
2893.55,-59.125
2894.04,-61.190
2894.53,-61.245
2895.02,-59.149
2895.51,-59.763
2896.00,-60.607
2896.48,-58.431
2896.97,-59.892
2897.46,-60.501
2897.95,-59.991
2898.44,-58.511
2898.93,-60.761
2899.41,-59.476
2899.90,-60.980
2900.39,-59.241
2900.88,-60.881
2901.37,-59.682
2901.86,-58.697
2902.34,-59.022
2902.83,-59.790
2903.32,-60.709
2903.81,-60.779
2904.30,-61.032
2904.79,-60.496
2905.27,-61.234
2905.76,-60.463
2906.25,-60.477
2906.74,-60.051
2907.23,-58.624
2907.71,-59.160
2908.20,-61.415
2908.69,-59.546
2909.18,-58.258
2909.67,-58.937
2910.16,-59.843
2910.64,-62.312
2911.13,-60.438
2911.62,-61.194
2912.11,-59.991
2912.60,-59.482
2913.09,-59.367
2913.57,-62.064
2914.06,-59.601
2914.55,-59.395
2915.04,-61.140
2915.53,-60.706
2916.02,-60.369
2916.50,-61.855
2916.99,-60.640
2917.48,-59.782
2917.97,-60.760
2918.46,-59.990
2918.95,-59.550
2919.43,-61.152
2919.92,-61.348
2920.41,-61.317
2920.90,-63.231
2921.39,-60.130
2921.88,-59.868
2922.36,-61.350
2922.85,-62.857
2923.34,-61.295
2923.83,-61.530
2924.32,-60.349
2924.80,-58.865
2925.29,-59.293
2925.78,-59.798
2926.27,-60.940
2926.76,-60.873
2927.25,-62.238
2927.73,-62.411
2928.22,-62.075
2928.71,-61.871
2929.20,-60.714
2929.69,-60.076
2930.18,-61.865
2930.66,-60.643
2931.15,-60.138
2931.64,-60.540
2932.13,-61.201
2932.62,-61.376
2933.11,-61.178
2933.59,-62.247
2934.08,-60.154
2934.57,-62.625
2935.06,-63.074
2935.55,-62.241
2936.04,-63.291
2936.52,-62.493
2937.01,-61.804
2937.50,-60.187
2937.99,-61.567
2938.48,-60.684
2938.96,-60.836
2939.45,-63.426
2939.94,-61.930
2940.43,-61.508
2940.92,-63.365
2941.41,-62.503
2941.89,-62.448
2942.38,-63.041
2942.87,-60.601
2943.36,-61.715
2943.85,-60.412
2944.34,-61.602
2944.82,-62.074
2945.31,-61.720
2945.80,-61.199
2946.29,-62.636
2946.78,-63.321
2947.27,-61.420
2947.75,-61.749
2948.24,-62.440
2948.73,-61.378
2949.22,-62.349
2949.71,-59.769
2950.20,-61.008
2950.68,-63.224
2951.17,-62.254
2951.66,-61.282
2952.15,-60.112
2952.64,-61.204
2953.12,-61.641
2953.61,-62.625
2954.10,-61.497
2954.59,-61.866
2955.08,-60.856
2955.57,-61.361
2956.05,-61.709
2956.54,-62.130
2957.03,-62.426
2957.52,-63.216
2958.01,-63.713
2958.50,-63.884
2958.98,-62.718
2959.47,-61.755
2959.96,-60.833
2960.45,-62.958
2960.94,-62.265
2961.43,-61.977
2961.91,-63.420
2962.40,-63.773
2962.89,-62.680
2963.38,-61.903
2963.87,-61.250
2964.36,-61.734
2964.84,-62.028
2965.33,-63.652
2965.82,-63.674
2966.31,-63.360
2966.80,-61.547
2967.29,-62.338
2967.77,-63.879
2968.26,-63.288
2968.75,-63.408
2969.24,-62.098
2969.73,-64.090
2970.21,-62.092
2970.70,-63.540
2971.19,-63.355
2971.68,-62.418
2972.17,-62.570
2972.66,-62.340
2973.14,-62.210
2973.63,-62.702
2974.12,-62.945
2974.61,-61.937
2975.10,-61.820
2975.59,-61.461
2976.07,-63.235
2976.56,-62.964
2977.05,-63.332
2977.54,-62.752
2978.03,-61.902
2978.52,-61.936
2979.00,-62.861
2979.49,-63.636
2979.98,-63.200
2980.47,-61.803
2980.96,-62.679
2981.45,-64.797
2981.93,-62.904
2982.42,-62.625
2982.91,-62.103
2983.40,-61.979
2983.89,-63.787
2984.38,-63.160
2984.86,-62.420
2985.35,-62.428
2985.84,-62.651
2986.33,-62.165
2986.82,-62.433
2987.30,-61.949
2987.79,-61.943
2988.28,-63.105
2988.77,-60.754
2989.26,-62.495
2989.75,-62.359
2990.23,-63.648
2990.72,-62.370
2991.21,-63.456
2991.70,-63.996
2992.19,-62.822
2992.68,-62.224
2993.16,-61.719
2993.65,-61.229
2994.14,-64.028
2994.63,-61.993
2995.12,-63.294
2995.61,-62.870
2996.09,-62.788
2996.58,-63.673
2997.07,-63.225
2997.56,-63.395
2998.05,-61.498
2998.54,-62.067
2999.02,-64.349
2999.51,-64.424
3000.00,-62.384
3000.49,-63.909
3000.98,-61.488
3001.46,-63.467
3001.95,-63.498
3002.44,-64.420
3002.93,-63.380
3003.42,-63.687
3003.91,-63.094
3004.39,-62.716
3004.88,-62.829
3005.37,-64.344
3005.86,-61.881
3006.35,-62.153
3006.84,-63.322
3007.32,-62.621
3007.81,-63.482
3008.30,-63.581
3008.79,-63.466
3009.28,-63.593
3009.77,-63.743
3010.25,-62.845
3010.74,-61.957
3011.23,-62.234
3011.72,-63.528
3012.21,-64.493
3012.70,-65.075
3013.18,-63.107
3013.67,-62.962
3014.16,-62.868
3014.65,-62.614
3015.14,-62.794
3015.62,-63.348
3016.11,-61.363
3016.60,-61.572
3017.09,-62.285
3017.58,-62.595
3018.07,-62.475
3018.55,-63.253
3019.04,-64.291
3019.53,-64.519
3020.02,-63.096
3020.51,-63.425
3021.00,-64.026
3021.48,-62.535
3021.97,-61.811
3022.46,-63.743
3022.95,-61.983
3023.44,-62.115
3023.93,-63.423
3024.41,-62.517
3024.90,-62.613
3025.39,-65.351
3025.88,-63.400
3026.37,-63.187
3026.86,-62.612
3027.34,-63.837
3027.83,-61.755
3028.32,-62.502
3028.81,-61.349
3029.30,-62.787
3029.79,-63.584
3030.27,-63.354
3030.76,-62.949
3031.25,-63.987
3031.74,-63.914
3032.23,-62.845
3032.71,-62.544
3033.20,-62.844
3033.69,-63.085
3034.18,-63.902
3034.67,-62.592
3035.16,-61.946
3035.64,-61.841
3036.13,-64.765
3036.62,-62.964
3037.11,-63.046
3037.60,-62.783
3038.09,-62.316
3038.57,-63.546
3039.06,-65.189
3039.55,-61.427
3040.04,-62.525
3040.53,-63.307
3041.02,-62.834
3041.50,-62.705
3041.99,-64.100
3042.48,-63.188
3042.97,-62.269
3043.46,-62.677
3043.95,-62.024
3044.43,-61.802
3044.92,-62.627
3045.41,-62.641
3045.90,-64.193
3046.39,-63.786
3046.88,-62.186
3047.36,-63.320
3047.85,-63.215
3048.34,-62.916
3048.83,-61.896
3049.32,-62.971
3049.80,-64.739
3050.29,-63.347
3050.78,-63.387
3051.27,-64.878
3051.76,-62.558
3052.25,-63.362
3052.73,-64.286
3053.22,-63.291
3053.71,-63.534
3054.20,-63.148
3054.69,-61.742
3055.18,-62.308
3055.66,-63.050
3056.15,-64.632
3056.64,-63.832
3057.13,-63.624
3057.62,-63.940
3058.11,-64.125
3058.59,-63.573
3059.08,-64.868
3059.57,-63.526
3060.06,-64.848
3060.55,-62.023
3061.04,-63.852
3061.52,-63.343
3062.01,-62.249
3062.50,-63.777
3062.99,-63.171
3063.48,-62.967
3063.96,-63.767
3064.45,-64.011
3064.94,-62.709
3065.43,-64.539
3065.92,-61.420
3066.41,-62.308
3066.89,-64.087
3067.38,-64.940
3067.87,-63.505
3068.36,-64.683
3068.85,-62.589
3069.34,-64.454
3069.82,-62.830
3070.31,-64.994
3070.80,-63.239
3071.29,-61.589
3071.78,-63.716
3072.27,-64.712
3072.75,-60.740
3073.24,-63.447
3073.73,-63.199
3074.22,-64.078
3074.71,-62.062
3075.20,-62.390
3075.68,-64.118
3076.17,-63.925
3076.66,-64.462
3077.15,-64.212
3077.64,-63.930
3078.12,-63.543
3078.61,-63.186
3079.10,-63.571
3079.59,-63.556
3080.08,-63.052
3080.57,-63.791
3081.05,-62.668
3081.54,-63.693
3082.03,-63.893
3082.52,-62.629
3083.01,-63.144
3083.50,-61.997
3083.98,-62.554
3084.47,-64.606
3084.96,-64.961
3085.45,-63.499
3085.94,-61.426
3086.43,-62.611
3086.91,-62.887
3087.40,-63.147
3087.89,-61.749
3088.38,-65.149
3088.87,-64.289
3089.36,-63.902
3089.84,-62.591
3090.33,-62.927
3090.82,-62.136
3091.31,-62.073
3091.80,-61.745
3092.29,-63.709
3092.77,-62.730
3093.26,-63.778
3093.75,-64.298
3094.24,-64.222
3094.73,-63.280
3095.21,-61.912
3095.70,-62.241
3096.19,-61.659
3096.68,-64.088
3097.17,-62.909
3097.66,-60.644
3098.14,-64.536
3098.63,-63.390
3099.12,-61.680
3099.61,-62.185
3100.10,-63.245
3100.59,-61.555
3101.07,-63.629
3101.56,-63.351
3102.05,-64.079
3102.54,-63.889
3103.03,-62.029
3103.52,-60.916
3104.00,-60.984
3104.49,-62.624
3104.98,-64.434
3105.47,-62.694
3105.96,-62.441
3106.45,-62.150
3106.93,-62.489
3107.42,-61.814
3107.91,-63.772
3108.40,-62.421
3108.89,-60.718
3109.38,-63.901
3109.86,-63.208
3110.35,-60.411
3110.84,-62.200
3111.33,-62.784
3111.82,-61.898
3112.30,-63.329
3112.79,-60.506
3113.28,-61.954
3113.77,-59.900
3114.26,-61.572
3114.75,-62.445
3115.23,-61.305
3115.72,-61.054
3116.21,-61.218
3116.70,-62.399
3117.19,-61.596
3117.68,-60.539
3118.16,-61.187
3118.65,-62.877
3119.14,-61.169
3119.63,-61.734
3120.12,-61.141
3120.61,-61.823
3121.09,-60.946
3121.58,-62.441
3122.07,-62.474
3122.56,-61.576
3123.05,-61.662
3123.54,-60.809
3124.02,-61.328
3124.51,-60.545
3125.00,-62.762
3125.49,-62.312
3125.98,-61.540
3126.46,-62.292
3126.95,-62.049
3127.44,-61.805
3127.93,-61.305
3128.42,-59.448
3128.91,-60.076
3129.39,-62.586
3129.88,-61.465
3130.37,-59.793
3130.86,-60.974
3131.35,-60.513
3131.84,-61.023
3132.32,-60.035
3132.81,-62.371
3133.30,-60.579
3133.79,-61.012
3134.28,-61.428
3134.77,-60.599
3135.25,-61.248
3135.74,-60.901
3136.23,-61.234
3136.72,-63.831
3137.21,-62.564
3137.70,-59.751
3138.18,-62.418
3138.67,-61.217
3139.16,-62.257
3139.65,-60.610
3140.14,-60.585
3140.62,-59.667
3141.11,-61.103
3141.60,-61.578
3142.09,-60.652
3142.58,-60.988
3143.07,-61.471
3143.55,-60.045
3144.04,-61.937
3144.53,-61.156
3145.02,-60.771
3145.51,-60.935
3146.00,-61.654
3146.48,-59.527
3146.97,-61.479
3147.46,-60.573
3147.95,-61.129
3148.44,-61.506
3148.93,-60.581
3149.41,-61.524
3149.90,-59.986
3150.39,-61.412
3150.88,-60.319
3151.37,-61.202
3151.86,-60.002
3152.34,-60.470
3152.83,-61.376
3153.32,-61.017
3153.81,-59.836
3154.30,-60.550
3154.79,-61.146
3155.27,-60.589
3155.76,-59.867
3156.25,-61.423
3156.74,-60.411
3157.23,-62.580
3157.71,-61.518
3158.20,-59.608
3158.69,-60.194
3159.18,-59.437
3159.67,-61.231
3160.16,-61.567
3160.64,-60.438
3161.13,-59.250
3161.62,-58.544
3162.11,-60.637
3162.60,-59.519
3163.09,-61.369
3163.57,-62.106
3164.06,-59.037
3164.55,-58.856
3165.04,-59.197
3165.53,-58.960
3166.02,-60.314
3166.50,-59.872
3166.99,-58.496
3167.48,-59.252
3167.97,-59.321
3168.46,-59.854
3168.95,-58.167
3169.43,-59.752
3169.92,-58.971
3170.41,-60.717
3170.90,-60.779
3171.39,-58.465
3171.88,-61.206
3172.36,-59.320
3172.85,-58.644
3173.34,-58.794
3173.83,-59.816
3174.32,-59.475
3174.80,-60.228
3175.29,-58.503
3175.78,-58.905
3176.27,-58.590
3176.76,-58.584
3177.25,-59.571
3177.73,-58.979
3178.22,-58.433
3178.71,-59.295
3179.20,-58.652
3179.69,-60.659
3180.18,-58.387
3180.66,-59.194
3181.15,-60.009
3181.64,-59.676
3182.13,-57.403
3182.62,-59.195
3183.11,-60.166
3183.59,-58.146
3184.08,-58.272
3184.57,-57.886
3185.06,-59.971
3185.55,-56.697
3186.04,-57.056
3186.52,-57.048
3187.01,-58.283
3187.50,-57.255
3187.99,-59.659
3188.48,-58.976
3188.96,-58.706
3189.45,-59.392
3189.94,-56.102
3190.43,-59.332
3190.92,-57.792
3191.41,-58.476
3191.89,-56.914
3192.38,-57.266
3192.87,-57.238
3193.36,-57.224
3193.85,-57.370
3194.34,-57.895
3194.82,-56.570
3195.31,-56.162
3195.80,-58.574
3196.29,-55.638
3196.78,-58.064
3197.27,-56.598
3197.75,-57.669
3198.24,-57.114
3198.73,-55.545
3199.22,-56.988
3199.71,-55.825
3200.20,-55.753
3200.68,-57.552
3201.17,-56.701
3201.66,-56.917
3202.15,-58.000
3202.64,-58.511
3203.12,-57.941
3203.61,-56.464
3204.10,-56.597
3204.59,-56.299
3205.08,-55.344
3205.57,-57.629
3206.05,-56.531
3206.54,-57.566
3207.03,-56.567
3207.52,-56.574
3208.01,-55.478
3208.50,-54.905
3208.98,-56.321
3209.47,-54.913
3209.96,-56.182
3210.45,-56.363
3210.94,-57.262
3211.43,-56.251
3211.91,-55.352
3212.40,-55.729
3212.89,-55.636
3213.38,-54.820
3213.87,-55.857
3214.36,-55.286
3214.84,-54.433
3215.33,-56.193
3215.82,-55.687
3216.31,-53.784
3216.80,-54.732
3217.29,-53.443
3217.77,-54.437
3218.26,-54.284
3218.75,-54.312
3219.24,-55.099
3219.73,-53.816
3220.21,-55.043
3220.70,-56.777
3221.19,-56.393
3221.68,-56.032
3222.17,-54.811
3222.66,-53.404
3223.14,-54.021
3223.63,-53.458
3224.12,-54.347
3224.61,-53.765
3225.10,-54.484
3225.59,-52.435
3226.07,-51.553
3226.56,-53.602
3227.05,-53.513
3227.54,-52.201
3228.03,-53.554
3228.52,-52.112
3229.00,-52.762
3229.49,-52.226
3229.98,-53.151
3230.47,-54.416
3230.96,-51.007
3231.45,-51.721
3231.93,-52.747
3232.42,-54.866
3232.91,-52.675
3233.40,-51.854
3233.89,-53.282
3234.38,-53.177
3234.86,-52.195
3235.35,-51.543
3235.84,-50.537
3236.33,-51.915
3236.82,-52.978
3237.30,-52.751
3237.79,-51.369
3238.28,-50.883
3238.77,-52.578
3239.26,-51.882
3239.75,-52.859
3240.23,-52.995
3240.72,-52.482
3241.21,-52.447
3241.70,-50.511
3242.19,-50.246
3242.68,-50.976
3243.16,-51.787
3243.65,-51.458
3244.14,-50.070
3244.63,-50.206
3245.12,-53.902
3245.61,-49.256
3246.09,-50.986
3246.58,-50.988
3247.07,-50.247
3247.56,-50.408
3248.05,-51.029
3248.54,-53.015
3249.02,-51.414
3249.51,-52.002
3250.00,-51.320
3250.49,-50.644
3250.98,-50.513
3251.46,-50.037
3251.95,-51.160
3252.44,-51.087
3252.93,-49.706
3253.42,-51.510
3253.91,-50.308
3254.39,-48.821
3254.88,-50.042
3255.37,-52.375
3255.86,-50.267
3256.35,-50.436
3256.84,-50.515
3257.32,-50.573
3257.81,-49.310
3258.30,-49.778
3258.79,-51.014
3259.28,-50.719
3259.77,-50.581
3260.25,-49.602
3260.74,-50.076
3261.23,-50.871
3261.72,-50.428
3262.21,-50.219
3262.70,-50.576
3263.18,-49.757
3263.67,-50.080
3264.16,-50.853
3264.65,-51.166
3265.14,-50.520
3265.62,-47.484
3266.11,-49.786
3266.60,-51.658
3267.09,-48.789
3267.58,-51.329
3268.07,-51.888
3268.55,-51.420
3269.04,-51.037
3269.53,-51.859
3270.02,-54.522
3270.51,-51.581
3271.00,-51.443
3271.48,-50.970
3271.97,-53.099
3272.46,-50.215
3272.95,-51.265
3273.44,-51.247
3273.93,-52.297
3274.41,-51.729
3274.90,-51.551
3275.39,-53.403
3275.88,-51.109
3276.37,-52.288
3276.86,-52.411
3277.34,-52.607
3277.83,-52.121
3278.32,-50.614
3278.81,-52.356
3279.30,-51.525
3279.79,-52.348
3280.27,-53.675
3280.76,-53.433
3281.25,-53.737
3281.74,-51.722
3282.23,-52.459
3282.71,-52.429
3283.20,-53.325
3283.69,-52.800
3284.18,-53.187
3284.67,-54.435
3285.16,-54.163
3285.64,-52.732
3286.13,-54.180
3286.62,-50.671
3287.11,-52.190
3287.60,-52.253
3288.09,-54.350
3288.57,-53.781
3289.06,-54.421
3289.55,-53.349
3290.04,-53.364
3290.53,-52.880
3291.02,-54.085
3291.50,-54.049
3291.99,-55.337
3292.48,-53.310
3292.97,-56.718
3293.46,-55.392
3293.95,-55.780
3294.43,-56.631
3294.92,-55.067
3295.41,-56.555
3295.90,-55.019
3296.39,-56.246
3296.88,-55.674
3297.36,-55.172
3297.85,-55.899
3298.34,-56.896
3298.83,-55.896
3299.32,-53.471
3299.80,-55.250
3300.29,-54.328
3300.78,-55.344
3301.27,-56.255
3301.76,-55.764
3302.25,-56.988
3302.73,-55.756
3303.22,-55.251
3303.71,-56.270
3304.20,-56.646
3304.69,-55.857
3305.18,-55.931
3305.66,-56.176
3306.15,-55.198
3306.64,-54.971
3307.13,-54.971
3307.62,-57.131
3308.11,-55.595
3308.59,-57.772
3309.08,-56.772
3309.57,-58.938
3310.06,-57.984
3310.55,-57.434
3311.04,-55.915
3311.52,-56.256
3312.01,-57.403
3312.50,-57.141
3312.99,-57.045
3313.48,-56.692
3313.96,-58.473
3314.45,-55.259
3314.94,-57.554
3315.43,-55.154
3315.92,-56.467
3316.41,-56.650
3316.89,-57.518
3317.38,-57.966
3317.87,-57.667
3318.36,-58.076
3318.85,-58.975
3319.34,-58.898
3319.82,-61.569
3320.31,-58.134
3320.80,-58.756
3321.29,-58.782
3321.78,-58.828
3322.27,-58.244
3322.75,-58.018
3323.24,-58.169
3323.73,-58.670
3324.22,-57.336
3324.71,-56.266
3325.20,-57.906
3325.68,-58.594
3326.17,-58.326
3326.66,-60.101
3327.15,-59.839
3327.64,-59.939
3328.12,-58.524
3328.61,-59.208
3329.10,-58.004
3329.59,-58.408
3330.08,-59.575
3330.57,-58.063
3331.05,-58.608
3331.54,-57.694
3332.03,-59.308
3332.52,-60.997
3333.01,-58.504
3333.50,-59.075
3333.98,-61.842
3334.47,-59.107
3334.96,-58.614
3335.45,-60.522
3335.94,-60.238
3336.43,-58.420
3336.91,-60.198
3337.40,-60.195
3337.89,-58.205
3338.38,-60.837
3338.87,-58.579
3339.36,-60.137
3339.84,-60.077
3340.33,-59.536
3340.82,-59.874
3341.31,-60.719
3341.80,-61.020
3342.29,-60.214
3342.77,-59.901
3343.26,-60.176
3343.75,-62.008
3344.24,-60.171
3344.73,-58.965
3345.21,-61.464
3345.70,-60.931
3346.19,-60.015
3346.68,-60.275
3347.17,-61.293
3347.66,-60.875
3348.14,-60.459
3348.63,-59.743
3349.12,-61.305
3349.61,-60.725
3350.10,-62.691
3350.59,-61.081
3351.07,-60.170
3351.56,-60.096
3352.05,-60.099
3352.54,-61.517
3353.03,-61.565
3353.52,-60.048
3354.00,-59.410
3354.49,-61.224
3354.98,-60.879
3355.47,-61.070
3355.96,-61.165
3356.45,-61.776
3356.93,-61.876
3357.42,-61.568
3357.91,-62.003
3358.40,-61.314
3358.89,-61.743
3359.38,-61.630
3359.86,-63.454
3360.35,-62.738
3360.84,-60.596
3361.33,-62.469
3361.82,-60.718
3362.30,-61.839
3362.79,-61.943
3363.28,-60.114
3363.77,-60.753
3364.26,-61.568
3364.75,-62.873
3365.23,-62.333
3365.72,-61.850
3366.21,-61.416
3366.70,-62.317
3367.19,-62.191
3367.68,-62.109
3368.16,-61.586
3368.65,-62.992
3369.14,-62.534
3369.63,-62.199
3370.12,-63.320
3370.61,-62.364
3371.09,-61.162
3371.58,-61.542
3372.07,-62.917
3372.56,-61.959
3373.05,-63.159
3373.54,-65.345
3374.02,-62.545
3374.51,-63.520
3375.00,-62.361
3375.49,-62.526
3375.98,-61.143
3376.46,-61.899
3376.95,-62.373
3377.44,-63.281
3377.93,-62.955
3378.42,-62.907
3378.91,-63.182
3379.39,-63.115
3379.88,-62.728
3380.37,-64.046
3380.86,-61.726
3381.35,-61.707
3381.84,-60.703
3382.32,-63.150
3382.81,-63.231
3383.30,-61.872
3383.79,-62.670
3384.28,-60.431
3384.77,-62.144
3385.25,-62.964
3385.74,-62.075
3386.23,-64.369
3386.72,-63.840
3387.21,-62.672
3387.70,-62.371
3388.18,-63.809
3388.67,-62.845
3389.16,-63.014
3389.65,-62.800
3390.14,-61.558
3390.62,-62.271
3391.11,-62.692
3391.60,-63.026
3392.09,-62.785
3392.58,-63.049
3393.07,-62.892
3393.55,-62.718
3394.04,-64.962
3394.53,-63.942
3395.02,-64.206
3395.51,-63.249
3396.00,-62.038
3396.48,-63.211
3396.97,-62.893
3397.46,-62.991
3397.95,-63.578
3398.44,-62.861
3398.93,-62.916
3399.41,-64.171
3399.90,-64.402
3400.39,-63.806
3400.88,-64.937
3401.37,-63.281
3401.86,-62.269
3402.34,-63.146
3402.83,-64.028
3403.32,-63.233
3403.81,-63.474
3404.30,-65.023
3404.79,-64.180
3405.27,-64.217
3405.76,-63.483
3406.25,-63.734
3406.74,-63.182
3407.23,-62.130
3407.71,-65.088
3408.20,-65.635
3408.69,-64.352
3409.18,-63.648
3409.67,-62.680
3410.16,-63.359
3410.64,-64.471
3411.13,-62.591
3411.62,-63.659
3412.11,-63.036
3412.60,-63.611
3413.09,-62.111
3413.57,-62.363
3414.06,-62.953
3414.55,-64.231
3415.04,-64.154
3415.53,-63.095
3416.02,-63.431
3416.50,-64.269
3416.99,-61.945
3417.48,-65.481
3417.97,-63.831
3418.46,-64.957
3418.95,-64.549
3419.43,-64.414
3419.92,-63.521
3420.41,-63.604
3420.90,-62.702
3421.39,-64.033
3421.88,-65.316
3422.36,-64.289
3422.85,-64.464
3423.34,-64.627
3423.83,-63.591
3424.32,-63.055
3424.80,-63.430
3425.29,-66.070
3425.78,-64.453
3426.27,-63.133
3426.76,-63.923
3427.25,-66.208
3427.73,-63.907
3428.22,-64.235
3428.71,-65.600
3429.20,-63.274
3429.69,-63.619
3430.18,-65.244
3430.66,-64.664
3431.15,-63.251
3431.64,-64.295
3432.13,-64.171
3432.62,-66.161
3433.11,-65.885
3433.59,-63.784
3434.08,-66.428
3434.57,-63.714
3435.06,-65.845
3435.55,-65.701
3436.04,-64.787
3436.52,-64.663
3437.01,-64.279
3437.50,-64.575
3437.99,-63.632
3438.48,-64.855
3438.96,-64.188
3439.45,-63.131
3439.94,-64.777
3440.43,-65.123
3440.92,-64.141
3441.41,-64.815
3441.89,-64.601
3442.38,-64.085
3442.87,-63.677
3443.36,-64.605
3443.85,-63.454
3444.34,-63.278
3444.82,-65.365
3445.31,-64.989
3445.80,-65.326
3446.29,-66.600
3446.78,-63.065
3447.27,-65.665
3447.75,-64.088
3448.24,-63.143
3448.73,-65.041
3449.22,-66.572
3449.71,-66.295
3450.20,-64.246
3450.68,-65.551
3451.17,-63.422
3451.66,-65.003
3452.15,-65.269
3452.64,-64.672
3453.12,-64.513
3453.61,-64.426
3454.10,-63.375
3454.59,-64.661
3455.08,-64.017
3455.57,-63.474
3456.05,-64.357
3456.54,-65.784
3457.03,-65.039
3457.52,-64.970
3458.01,-64.290
3458.50,-65.065
3458.98,-65.003
3459.47,-64.430
3459.96,-64.467
3460.45,-64.122
3460.94,-65.498
3461.43,-65.375
3461.91,-64.670
3462.40,-65.539
3462.89,-63.935
3463.38,-63.831
3463.87,-64.640
3464.36,-64.493
3464.84,-63.997
3465.33,-64.319
3465.82,-65.121
3466.31,-64.501
3466.80,-64.734
3467.29,-65.095
3467.77,-67.286
3468.26,-66.740
3468.75,-65.090
3469.24,-65.038
3469.73,-62.887
3470.21,-64.386
3470.70,-63.947
3471.19,-62.761
3471.68,-63.950
3472.17,-65.379
3472.66,-66.176
3473.14,-65.445
3473.63,-66.881
3474.12,-65.884
3474.61,-65.914
3475.10,-64.929
3475.59,-64.793
3476.07,-65.829
3476.56,-65.723
3477.05,-66.014
3477.54,-64.540
3478.03,-65.178
3478.52,-65.200
3479.00,-63.739
3479.49,-65.805
3479.98,-65.095
3480.47,-63.886
3480.96,-64.173
3481.45,-63.957
3481.93,-63.769
3482.42,-64.093
3482.91,-65.737
3483.40,-65.074
3483.89,-63.496
3484.38,-65.626
3484.86,-65.132
3485.35,-64.415
3485.84,-64.086
3486.33,-65.503
3486.82,-66.140
3487.30,-65.748
3487.79,-65.576
3488.28,-65.491
3488.77,-64.779
3489.26,-66.840
3489.75,-65.805
3490.23,-65.730
3490.72,-66.428
3491.21,-66.932
3491.70,-63.520
3492.19,-65.758
3492.68,-65.168
3493.16,-65.445
3493.65,-64.293
3494.14,-63.882
3494.63,-65.944
3495.12,-64.983
3495.61,-65.298
3496.09,-65.479
3496.58,-63.554
3497.07,-64.784
3497.56,-62.380
3498.05,-64.386
3498.54,-64.788
3499.02,-63.972
3499.51,-64.921
3500.00,-65.135
3500.49,-65.157
3500.98,-64.591
3501.46,-64.153
3501.95,-64.637
3502.44,-66.286
3502.93,-64.513
3503.42,-65.208
3503.91,-65.948
3504.39,-64.176
3504.88,-66.338
3505.37,-64.563
3505.86,-65.703
3506.35,-66.129
3506.84,-65.291
3507.32,-64.681
3507.81,-65.079
3508.30,-63.184
3508.79,-66.696
3509.28,-65.494
3509.77,-64.751
3510.25,-65.085
3510.74,-64.346
3511.23,-65.041
3511.72,-64.446
3512.21,-65.228
3512.70,-64.141
3513.18,-63.193
3513.67,-64.428
3514.16,-65.933
3514.65,-62.874
3515.14,-64.758
3515.62,-64.730
3516.11,-65.791
3516.60,-63.590
3517.09,-65.762
3517.58,-66.841
3518.07,-65.033
3518.55,-65.025
3519.04,-65.404
3519.53,-64.630
3520.02,-66.154
3520.51,-64.670
3521.00,-66.438
3521.48,-66.114
3521.97,-64.979
3522.46,-64.492
3522.95,-64.364
3523.44,-66.364
3523.93,-66.195
3524.41,-64.235
3524.90,-65.795
3525.39,-64.369
3525.88,-66.518
3526.37,-65.769
3526.86,-64.633
3527.34,-63.254
3527.83,-63.372
3528.32,-66.256
3528.81,-65.318
3529.30,-65.097
3529.79,-63.979
3530.27,-64.301
3530.76,-63.819
3531.25,-63.956
3531.74,-63.945
3532.23,-65.282
3532.71,-64.365
3533.20,-63.452
3533.69,-64.887
3534.18,-65.331
3534.67,-65.191
3535.16,-66.000
3535.64,-65.712
3536.13,-64.581
3536.62,-65.288
3537.11,-65.755
3537.60,-65.672
3538.09,-65.244
3538.57,-64.669
3539.06,-64.474
3539.55,-65.492
3540.04,-64.822
3540.53,-65.365
3541.02,-66.467
3541.50,-65.052
3541.99,-64.447
3542.48,-64.598
3542.97,-63.689
3543.46,-63.747
3543.95,-64.327
3544.43,-64.708
3544.92,-63.961
3545.41,-63.648
3545.90,-64.197
3546.39,-63.674
3546.88,-64.027
3547.36,-64.440
3547.85,-63.060
3548.34,-64.385
3548.83,-62.962
3549.32,-63.924
3549.80,-64.329
3550.29,-64.660
3550.78,-63.502
3551.27,-63.145
3551.76,-62.308
3552.25,-62.908
3552.73,-63.198
3553.22,-64.438
3553.71,-64.420
3554.20,-62.383
3554.69,-63.428
3555.18,-63.323
3555.66,-62.330
3556.15,-64.431
3556.64,-63.452
3557.13,-63.613
3557.62,-63.564
3558.11,-64.652
3558.59,-64.156
3559.08,-64.065
3559.57,-64.807
3560.06,-63.381
3560.55,-64.201
3561.04,-63.810
3561.52,-63.612
3562.01,-63.333
3562.50,-64.349
3562.99,-64.062
3563.48,-63.356
3563.96,-66.294
3564.45,-64.613
3564.94,-63.100
3565.43,-63.650
3565.92,-64.452
3566.41,-64.370
3566.89,-63.870
3567.38,-62.694
3567.87,-62.733
3568.36,-65.012
3568.85,-64.875
3569.34,-63.730
3569.82,-62.759
3570.31,-64.495
3570.80,-63.698
3571.29,-62.679
3571.78,-63.456
3572.27,-63.918
3572.75,-62.010
3573.24,-62.939
3573.73,-62.540
3574.22,-63.693
3574.71,-62.938
3575.20,-63.606
3575.68,-64.563
3576.17,-65.840
3576.66,-63.871
3577.15,-63.482
3577.64,-63.356
3578.12,-63.734
3578.61,-64.121
3579.10,-64.349
3579.59,-61.225
3580.08,-63.488
3580.57,-63.526
3581.05,-61.575
3581.54,-63.158
3582.03,-62.974
3582.52,-61.177
3583.01,-63.926
3583.50,-62.928
3583.98,-62.740
3584.47,-61.487
3584.96,-64.608
3585.45,-62.119
3585.94,-64.004
3586.43,-62.685
3586.91,-63.101
3587.40,-63.151
3587.89,-62.051
3588.38,-62.897
3588.87,-63.662
3589.36,-61.617
3589.84,-62.643
3590.33,-61.590
3590.82,-61.953
3591.31,-62.868
3591.80,-63.164
3592.29,-63.006
3592.77,-64.165
3593.26,-63.082
3593.75,-62.861
3594.24,-62.279
3594.73,-62.570
3595.21,-62.044
3595.70,-60.478
3596.19,-60.919
3596.68,-62.120
3597.17,-61.809
3597.66,-61.815
3598.14,-60.934
3598.63,-63.061
3599.12,-62.228
3599.61,-62.301
3600.10,-62.731
3600.59,-62.371
3601.07,-62.733
3601.56,-62.917
3602.05,-61.723
3602.54,-62.554
3603.03,-61.246
3603.52,-61.562
3604.00,-62.790
3604.49,-63.071
3604.98,-62.725
3605.47,-62.607
3605.96,-61.630
3606.45,-61.852
3606.93,-60.634
3607.42,-62.583
3607.91,-60.801
3608.40,-61.692
3608.89,-63.127
3609.38,-60.272
3609.86,-61.524
3610.35,-60.511
3610.84,-61.259
3611.33,-61.184
3611.82,-61.889
3612.30,-60.366
3612.79,-61.235
3613.28,-61.370
3613.77,-60.480
3614.26,-60.876
3614.75,-60.036
3615.23,-58.911
3615.72,-58.848
3616.21,-61.598
3616.70,-59.977
3617.19,-61.313
3617.68,-61.593
3618.16,-60.109
3618.65,-62.695
3619.14,-61.335
3619.63,-61.256
3620.12,-61.892
3620.61,-59.090
3621.09,-59.426
3621.58,-60.259
3622.07,-61.198
3622.56,-62.141
3623.05,-60.164
3623.54,-60.305
3624.02,-59.530
3624.51,-60.674
3625.00,-59.264
3625.49,-60.882
3625.98,-60.107
3626.46,-60.698
3626.95,-61.033
3627.44,-60.940
3627.93,-62.262
3628.42,-59.326
3628.91,-59.877
3629.39,-59.917
3629.88,-60.785
3630.37,-60.493
3630.86,-58.187
3631.35,-58.253
3631.84,-59.410
3632.32,-59.104
3632.81,-59.197
3633.30,-59.827
3633.79,-58.243
3634.28,-58.455
3634.77,-58.065
3635.25,-59.579
3635.74,-59.930
3636.23,-58.434
3636.72,-59.451
3637.21,-59.776
3637.70,-58.107
3638.18,-60.867
3638.67,-58.704
3639.16,-59.918
3639.65,-58.760
3640.14,-58.570
3640.62,-59.239
3641.11,-57.686
3641.60,-58.261
3642.09,-57.823
3642.58,-58.865
3643.07,-60.018
3643.55,-58.758
3644.04,-58.704
3644.53,-58.296
3645.02,-58.934
3645.51,-56.861
3646.00,-58.365
3646.48,-59.519
3646.97,-59.280
3647.46,-57.732
3647.95,-58.936
3648.44,-58.025
3648.93,-57.704
3649.41,-59.272
3649.90,-57.583
3650.39,-57.667
3650.88,-58.267
3651.37,-57.154
3651.86,-57.784
3652.34,-57.456
3652.83,-56.870
3653.32,-58.037
3653.81,-59.035
3654.30,-57.885
3654.79,-56.369
3655.27,-55.751
3655.76,-56.851
3656.25,-57.597
3656.74,-58.626
3657.23,-59.183
3657.71,-56.358
3658.20,-56.784
3658.69,-56.166
3659.18,-56.868
3659.67,-56.516
3660.16,-56.991
3660.64,-57.073
3661.13,-56.785
3661.62,-56.732
3662.11,-56.296
3662.60,-55.374
3663.09,-56.276
3663.57,-56.462
3664.06,-56.538
3664.55,-54.822
3665.04,-55.293
3665.53,-56.320
3666.02,-55.467
3666.50,-55.096
3666.99,-55.255
3667.48,-55.676
3667.97,-55.508
3668.46,-56.108
3668.95,-56.267
3669.43,-54.807
3669.92,-55.012
3670.41,-56.877
3670.90,-54.561
3671.39,-54.070
3671.88,-55.843
3672.36,-55.359
3672.85,-53.824
3673.34,-54.995
3673.83,-55.777
3674.32,-54.205
3674.80,-54.305
3675.29,-53.901
3675.78,-54.273
3676.27,-53.649
3676.76,-53.852
3677.25,-51.933
3677.73,-53.675
3678.22,-55.840
3678.71,-55.040
3679.20,-53.430
3679.69,-53.054
3680.18,-53.619
3680.66,-53.330
3681.15,-53.716
3681.64,-53.364
3682.13,-53.734
3682.62,-53.545
3683.11,-54.995
3683.59,-53.531
3684.08,-52.348
3684.57,-53.348
3685.06,-53.432
3685.55,-51.743
3686.04,-53.465
3686.52,-53.361
3687.01,-53.691
3687.50,-51.548
3687.99,-53.456
3688.48,-52.664
3688.96,-52.462
3689.45,-54.300
3689.94,-52.006
3690.43,-52.454
3690.92,-51.685
3691.41,-51.196
3691.89,-51.407
3692.38,-51.546
3692.87,-50.896
3693.36,-51.383
3693.85,-50.286
3694.34,-51.848
3694.82,-51.429
3695.31,-51.633
3695.80,-51.653
3696.29,-51.378
3696.78,-52.993
3697.27,-50.862
3697.75,-52.509
3698.24,-49.999
3698.73,-51.027
3699.22,-50.254
3699.71,-51.042
3700.20,-49.348
3700.68,-49.858
3701.17,-51.090
3701.66,-51.393
3702.15,-51.413
3702.64,-52.211
3703.12,-51.343
3703.61,-50.731
3704.10,-51.299
3704.59,-50.534
3705.08,-50.990
3705.57,-51.324
3706.05,-50.866
3706.54,-50.718
3707.03,-51.115
3707.52,-49.601
3708.01,-50.315
3708.50,-49.851
3708.98,-51.480
3709.47,-49.880
3709.96,-49.622
3710.45,-50.501
3710.94,-51.083
3711.43,-50.565
3711.91,-50.807
3712.40,-50.422
3712.89,-50.867
3713.38,-51.267
3713.87,-49.849
3714.36,-50.784
3714.84,-50.988
3715.33,-49.531
3715.82,-50.221
3716.31,-50.406
3716.80,-50.472
3717.29,-49.915
3717.77,-51.280
3718.26,-51.648
3718.75,-49.174
3719.24,-50.704
3719.73,-51.448
3720.21,-51.302
3720.70,-51.772
3721.19,-52.441
3721.68,-51.006
3722.17,-50.466
3722.66,-52.837
3723.14,-51.417
3723.63,-52.222
3724.12,-52.596
3724.61,-50.280
3725.10,-51.902
3725.59,-52.040
3726.07,-51.401
3726.56,-52.411
3727.05,-51.285
3727.54,-52.410
3728.03,-51.082
3728.52,-51.076
3729.00,-51.255
3729.49,-54.138
3729.98,-52.086
3730.47,-50.548
3730.96,-53.745
3731.45,-53.728
3731.93,-52.539
3732.42,-51.697
3732.91,-53.871
3733.40,-52.846
3733.89,-53.430
3734.38,-51.587
3734.86,-54.077
3735.35,-53.913
3735.84,-52.988
3736.33,-53.483
3736.82,-53.601
3737.30,-53.565
3737.79,-54.188
3738.28,-53.542
3738.77,-55.506
3739.26,-53.086
3739.75,-52.304
3740.23,-53.124
3740.72,-53.679
3741.21,-53.228
3741.70,-54.499
3742.19,-53.231
3742.68,-55.203
3743.16,-54.806
3743.65,-53.533
3744.14,-54.905
3744.63,-53.975
3745.12,-54.058
3745.61,-52.593
3746.09,-53.671
3746.58,-54.840
3747.07,-52.997
3747.56,-54.083
3748.05,-54.898
3748.54,-55.333
3749.02,-55.228
3749.51,-53.827
3750.00,-55.151
3750.49,-55.786
3750.98,-54.671
3751.46,-56.637
3751.95,-54.822
3752.44,-54.905
3752.93,-56.382
3753.42,-56.610
3753.91,-55.294
3754.39,-53.399
3754.88,-56.919
3755.37,-56.482
3755.86,-53.678
3756.35,-56.551
3756.84,-56.922
3757.32,-55.935
3757.81,-53.654
3758.30,-56.063
3758.79,-55.996
3759.28,-55.495
3759.77,-55.380
3760.25,-56.000
3760.74,-56.264
3761.23,-57.231
3761.72,-56.810
3762.21,-54.336
3762.70,-56.794
3763.18,-56.508
3763.67,-56.797
3764.16,-56.992
3764.65,-58.119
3765.14,-56.542
3765.62,-56.217
3766.11,-56.983
3766.60,-55.840
3767.09,-55.703
3767.58,-56.531
3768.07,-57.116
3768.55,-57.830
3769.04,-56.572
3769.53,-57.545
3770.02,-57.178
3770.51,-56.976
3771.00,-58.306
3771.48,-59.528
3771.97,-57.130
3772.46,-56.655
3772.95,-58.414
3773.44,-57.296
3773.93,-59.145
3774.41,-56.975
3774.90,-57.632
3775.39,-56.867
3775.88,-59.156
3776.37,-58.814
3776.86,-58.510
3777.34,-57.496
3777.83,-58.303
3778.32,-60.221
3778.81,-59.619
3779.30,-60.945
3779.79,-61.217
3780.27,-59.062
3780.76,-60.833
3781.25,-59.201
3781.74,-58.043
3782.23,-58.595
3782.71,-59.277
3783.20,-58.871
3783.69,-57.597
3784.18,-59.380
3784.67,-57.497
3785.16,-58.182
3785.64,-58.061
3786.13,-58.823
3786.62,-57.605
3787.11,-58.877
3787.60,-57.771
3788.09,-59.044
3788.57,-59.292
3789.06,-58.204
3789.55,-58.753
3790.04,-58.462
3790.53,-59.092
3791.02,-59.977
3791.50,-58.999
3791.99,-59.712
3792.48,-59.278
3792.97,-59.346
3793.46,-60.386
3793.95,-59.070
3794.43,-60.701
3794.92,-59.788
3795.41,-59.602
3795.90,-59.267
3796.39,-59.770
3796.88,-58.549
3797.36,-59.952
3797.85,-59.765
3798.34,-58.835
3798.83,-59.026
3799.32,-60.064
3799.80,-58.530
3800.29,-60.573
3800.78,-58.676
3801.27,-60.373
3801.76,-59.561
3802.25,-59.531
3802.73,-60.465
3803.22,-59.376
3803.71,-60.370
3804.20,-60.223
3804.69,-60.479
3805.18,-59.527
3805.66,-60.570
3806.15,-60.124
3806.64,-58.591
3807.13,-60.585
3807.62,-61.595
3808.11,-60.922
3808.59,-60.772
3809.08,-60.374
3809.57,-60.652
3810.06,-59.821
3810.55,-61.385
3811.04,-59.998
3811.52,-61.777
3812.01,-61.369
3812.50,-60.747
3812.99,-60.494
3813.48,-61.983
3813.96,-59.907
3814.45,-60.109
3814.94,-60.816
3815.43,-61.486
3815.92,-58.340
3816.41,-59.697
3816.89,-60.203
3817.38,-60.728
3817.87,-62.284
3818.36,-61.689
3818.85,-60.640
3819.34,-61.412
3819.82,-59.204
3820.31,-60.239
3820.80,-60.852
3821.29,-62.676
3821.78,-60.843
3822.27,-60.967
3822.75,-58.662
3823.24,-60.402
3823.73,-60.421
3824.22,-60.756
3824.71,-61.131
3825.20,-60.621
3825.68,-62.793
3826.17,-60.836
3826.66,-61.858
3827.15,-63.831
3827.64,-59.754
3828.12,-61.504
3828.61,-62.612
3829.10,-62.641
3829.59,-61.031
3830.08,-61.177
3830.57,-60.232
3831.05,-63.264
3831.54,-63.001
3832.03,-60.257
3832.52,-61.602
3833.01,-64.096
3833.50,-60.524
3833.98,-61.303
3834.47,-60.985
3834.96,-60.233
3835.45,-60.212
3835.94,-60.582
3836.43,-61.405
3836.91,-63.163
3837.40,-60.272
3837.89,-62.284
3838.38,-61.996
3838.87,-60.773
3839.36,-62.577
3839.84,-60.127
3840.33,-63.613
3840.82,-62.285
3841.31,-61.019
3841.80,-61.804
3842.29,-61.276
3842.77,-60.657
3843.26,-60.648
3843.75,-61.881
3844.24,-60.426
3844.73,-60.637
3845.21,-60.819
3845.70,-62.607
3846.19,-62.280
3846.68,-61.776
3847.17,-61.277
3847.66,-62.678
3848.14,-60.869
3848.63,-62.406
3849.12,-60.615
3849.61,-62.654
3850.10,-63.949
3850.59,-60.894
3851.07,-62.632
3851.56,-61.504
3852.05,-61.984
3852.54,-62.808
3853.03,-62.770
3853.52,-63.839
3854.00,-62.076
3854.49,-61.266
3854.98,-61.155
3855.47,-62.419
3855.96,-63.200
3856.45,-62.051
3856.93,-61.072
3857.42,-60.842
3857.91,-62.371
3858.40,-61.467
3858.89,-62.948
3859.38,-62.222
3859.86,-62.120
3860.35,-62.946
3860.84,-63.683
3861.33,-63.163
3861.82,-61.612
3862.30,-62.748
3862.79,-63.353
3863.28,-62.850
3863.77,-62.690
3864.26,-62.963
3864.75,-62.051
3865.23,-64.127
3865.72,-63.002
3866.21,-62.445
3866.70,-62.582
3867.19,-62.178
3867.68,-61.636
3868.16,-61.745
3868.65,-60.527
3869.14,-63.221
3869.63,-61.534
3870.12,-63.228
3870.61,-63.412
3871.09,-61.574
3871.58,-63.704
3872.07,-63.968
3872.56,-62.156
3873.05,-62.150
3873.54,-62.631
3874.02,-62.423
3874.51,-63.854
3875.00,-62.119
3875.49,-63.606
3875.98,-62.641
3876.46,-61.922
3876.95,-62.085
3877.44,-61.615
3877.93,-63.038
3878.42,-63.027
3878.91,-62.240
3879.39,-62.607
3879.88,-62.874
3880.37,-61.550
3880.86,-61.362
3881.35,-62.259
3881.84,-62.252
3882.32,-63.392
3882.81,-62.982
3883.30,-63.952
3883.79,-61.900
3884.28,-61.084
3884.77,-61.779
3885.25,-62.543
3885.74,-64.014
3886.23,-64.125
3886.72,-62.430
3887.21,-63.819
3887.70,-64.571
3888.18,-62.533
3888.67,-61.828
3889.16,-62.724
3889.65,-62.147
3890.14,-64.158
3890.62,-62.135
3891.11,-62.053
3891.60,-63.159
3892.09,-62.008
3892.58,-61.828
3893.07,-64.920
3893.55,-63.280
3894.04,-62.886
3894.53,-63.969
3895.02,-62.627
3895.51,-63.273
3896.00,-64.245
3896.48,-65.176
3896.97,-62.989
3897.46,-64.150
3897.95,-63.088
3898.44,-63.609
3898.93,-62.870
3899.41,-63.631
3899.90,-63.529
3900.39,-64.384
3900.88,-62.583
3901.37,-62.832
3901.86,-62.241
3902.34,-61.792
3902.83,-62.695
3903.32,-61.541
3903.81,-63.944
3904.30,-64.753
3904.79,-64.463
3905.27,-62.659
3905.76,-62.671
3906.25,-64.397
3906.74,-64.021
3907.23,-63.147
3907.71,-61.981
3908.20,-64.585
3908.69,-64.101
3909.18,-62.876
3909.67,-63.746
3910.16,-62.997
3910.64,-62.391
3911.13,-63.400
3911.62,-63.480
3912.11,-63.893
3912.60,-63.085
3913.09,-63.340
3913.57,-62.776
3914.06,-62.341
3914.55,-61.750
3915.04,-63.456
3915.53,-63.896
3916.02,-62.148
3916.50,-62.523
3916.99,-63.696
3917.48,-62.191
3917.97,-63.650
3918.46,-62.438
3918.95,-61.616
3919.43,-61.134
3919.92,-63.444
3920.41,-63.547
3920.90,-63.379
3921.39,-62.192
3921.88,-60.549
3922.36,-62.126
3922.85,-62.101
3923.34,-64.215
3923.83,-60.816
3924.32,-62.617
3924.80,-62.115
3925.29,-63.138
3925.78,-62.078
3926.27,-64.097
3926.76,-63.446
3927.25,-61.981
3927.73,-63.430
3928.22,-63.447
3928.71,-63.102
3929.20,-63.767
3929.69,-61.862
3930.18,-63.237
3930.66,-63.715
3931.15,-62.676
3931.64,-63.204
3932.13,-63.231
3932.62,-63.083
3933.11,-64.353
3933.59,-63.672
3934.08,-62.189
3934.57,-62.787
3935.06,-62.073
3935.55,-62.401
3936.04,-61.965
3936.52,-62.325
3937.01,-62.543
3937.50,-62.432
3937.99,-62.548
3938.48,-64.678
3938.96,-64.417
3939.45,-63.100
3939.94,-60.869
3940.43,-61.914
3940.92,-61.984
3941.41,-63.625
3941.89,-62.390
3942.38,-62.614
3942.87,-61.674
3943.36,-62.825
3943.85,-62.260
3944.34,-62.566
3944.82,-63.223
3945.31,-63.405
3945.80,-63.646
3946.29,-62.867
3946.78,-62.397
3947.27,-62.193
3947.75,-63.211
3948.24,-64.459
3948.73,-63.073
3949.22,-62.365
3949.71,-62.315
3950.20,-62.345
3950.68,-61.211
3951.17,-61.588
3951.66,-62.780
3952.15,-62.966
3952.64,-63.480
3953.12,-64.433
3953.61,-65.056
3954.10,-63.434
3954.59,-62.846
3955.08,-63.412
3955.57,-63.539
3956.05,-63.523
3956.54,-64.242
3957.03,-61.666
3957.52,-63.957
3958.01,-60.768
3958.50,-62.138
3958.98,-62.140
3959.47,-62.974
3959.96,-62.294
3960.45,-62.043
3960.94,-60.906
3961.43,-63.660
3961.91,-62.563
3962.40,-62.529
3962.89,-60.222
3963.38,-63.206
3963.87,-64.053
3964.36,-62.645
3964.84,-62.649
3965.33,-61.238
3965.82,-62.098
3966.31,-62.082
3966.80,-63.388
3967.29,-63.517
3967.77,-63.127
3968.26,-63.473
3968.75,-62.010
3969.24,-61.766
3969.73,-62.730
3970.21,-63.605
3970.70,-60.765
3971.19,-62.422
3971.68,-63.484
3972.17,-61.774
3972.66,-62.011
3973.14,-62.815
3973.63,-61.672
3974.12,-63.871
3974.61,-62.880
3975.10,-61.279
3975.59,-61.479
3976.07,-62.127
3976.56,-63.139
3977.05,-62.200
3977.54,-61.977
3978.03,-63.904
3978.52,-63.291
3979.00,-61.095
3979.49,-61.872
3979.98,-60.786
3980.47,-62.162
3980.96,-62.310
3981.45,-61.511
3981.93,-64.130
3982.42,-63.794
3982.91,-61.243
3983.40,-61.840
3983.89,-63.859
3984.38,-63.377
3984.86,-61.577
3985.35,-62.242
3985.84,-61.982
3986.33,-61.737
3986.82,-60.757
3987.30,-61.371
3987.79,-62.483
3988.28,-61.740
3988.77,-62.163
3989.26,-62.855
3989.75,-63.541
3990.23,-63.138
3990.72,-61.893
3991.21,-60.968
3991.70,-62.226
3992.19,-62.521
3992.68,-63.691
3993.16,-60.014
3993.65,-61.439
3994.14,-61.299
3994.63,-60.429
3995.12,-59.371
3995.61,-60.638
3996.09,-62.054
3996.58,-60.406
3997.07,-60.366
3997.56,-61.745
3998.05,-61.046
3998.54,-62.536
3999.02,-61.913
3999.51,-60.271
4000.00,-61.394
4000.49,-60.638
4000.98,-61.054
4001.46,-60.962
4001.95,-61.366
4002.44,-61.970
4002.93,-60.254
4003.42,-61.563
4003.91,-61.586
4004.39,-62.636
4004.88,-61.560
4005.37,-62.811
4005.86,-60.727
4006.35,-61.468
4006.84,-60.377
4007.32,-60.151
4007.81,-60.552
4008.30,-62.012
4008.79,-60.580
4009.28,-61.073
4009.77,-60.960
4010.25,-61.318
4010.74,-62.973
4011.23,-63.510
4011.72,-62.805
4012.21,-61.330
4012.70,-60.858
4013.18,-61.407
4013.67,-61.196
4014.16,-60.191
4014.65,-60.593
4015.14,-58.237
4015.62,-61.342
4016.11,-60.890
4016.60,-60.365
4017.09,-62.278
4017.58,-61.863
4018.07,-59.750
4018.55,-60.913
4019.04,-59.491
4019.53,-61.625
4020.02,-60.833
4020.51,-60.062
4021.00,-60.502
4021.48,-60.653
4021.97,-59.284
4022.46,-60.389
4022.95,-59.435
4023.44,-59.416
4023.93,-60.631
4024.41,-61.155
4024.90,-60.803
4025.39,-60.451
4025.88,-60.247
4026.37,-60.297
4026.86,-60.056
4027.34,-62.022
4027.83,-61.152
4028.32,-60.341
4028.81,-58.359
4029.30,-61.016
4029.79,-59.248
4030.27,-60.932
4030.76,-60.997
4031.25,-59.883
4031.74,-59.610
4032.23,-61.535
4032.71,-58.493
4033.20,-59.484
4033.69,-60.398
4034.18,-58.794
4034.67,-58.226
4035.16,-60.242
4035.64,-59.027
4036.13,-59.202
4036.62,-60.026
4037.11,-61.901
4037.60,-57.956
4038.09,-58.360
4038.57,-58.864
4039.06,-59.469
4039.55,-61.682
4040.04,-59.259
4040.53,-59.499
4041.02,-60.668
4041.50,-59.923
4041.99,-61.088
4042.48,-59.772
4042.97,-59.936
4043.46,-59.489
4043.95,-59.272
4044.43,-59.874
4044.92,-58.766
4045.41,-58.109
4045.90,-57.981
4046.39,-58.573
4046.88,-57.587
4047.36,-58.696
4047.85,-57.787
4048.34,-59.297
4048.83,-58.406
4049.32,-59.292
4049.80,-59.733
4050.29,-57.783
4050.78,-59.748
4051.27,-58.217
4051.76,-57.726
4052.25,-57.355
4052.73,-58.073
4053.22,-58.906
4053.71,-58.433
4054.20,-58.423
4054.69,-57.379
4055.18,-59.591
4055.66,-58.101
4056.15,-59.916
4056.64,-59.027
4057.13,-58.338
4057.62,-57.637
4058.11,-58.342
4058.59,-59.682
4059.08,-57.242
4059.57,-58.717
4060.06,-56.871
4060.55,-57.998
4061.04,-57.904
4061.52,-57.727
4062.01,-57.842
4062.50,-56.616
4062.99,-58.002
4063.48,-56.199
4063.96,-57.162
4064.45,-57.270
4064.94,-57.765
4065.43,-56.121
4065.92,-56.930
4066.41,-57.379
4066.89,-56.550
4067.38,-58.084
4067.87,-57.442
4068.36,-57.385
4068.85,-57.520
4069.34,-56.852
4069.82,-57.769
4070.31,-57.763
4070.80,-56.753
4071.29,-57.368
4071.78,-58.613
4072.27,-59.110
4072.75,-58.116
4073.24,-58.345
4073.73,-57.882
4074.22,-58.200
4074.71,-57.226
4075.20,-57.541
4075.68,-56.898
4076.17,-57.766
4076.66,-58.770
4077.15,-57.835
4077.64,-55.200
4078.12,-56.394
4078.61,-55.829
4079.10,-57.114
4079.59,-57.411
4080.08,-56.484
4080.57,-56.902
4081.05,-58.072
4081.54,-58.344
4082.03,-56.547
4082.52,-55.603
4083.01,-55.589
4083.50,-56.644
4083.98,-56.098
4084.47,-56.300
4084.96,-57.109
4085.45,-55.922
4085.94,-56.375
4086.43,-55.150
4086.91,-56.230
4087.40,-58.445
4087.89,-55.619
4088.38,-55.442
4088.87,-56.278
4089.36,-55.323
4089.84,-54.292
4090.33,-56.497
4090.82,-55.615
4091.31,-53.798
4091.80,-55.068
4092.29,-54.706
4092.77,-53.512
4093.26,-55.349
4093.75,-55.113
4094.24,-53.553
4094.73,-53.818
4095.21,-55.050
4095.70,-55.292
4096.19,-54.657
4096.68,-53.446
4097.17,-55.218
4097.66,-52.879
4098.14,-52.903
4098.63,-54.311
4099.12,-54.437
4099.61,-54.646
4100.10,-55.912
4100.59,-54.880
4101.07,-55.425
4101.56,-54.962
4102.05,-54.273
4102.54,-53.530
4103.03,-55.224
4103.52,-54.134
4104.00,-53.411
4104.49,-55.065
4104.98,-53.883
4105.47,-53.042
4105.96,-52.209
4106.45,-53.408
4106.93,-53.535
4107.42,-54.099
4107.91,-53.345
4108.40,-52.990
4108.89,-53.663
4109.38,-52.329
4109.86,-53.123
4110.35,-52.605
4110.84,-52.894
4111.33,-52.845
4111.82,-52.480
4112.30,-52.975
4112.79,-51.687
4113.28,-53.139
4113.77,-53.911
4114.26,-53.305
4114.75,-54.362
4115.23,-52.834
4115.72,-52.191
4116.21,-53.018
4116.70,-54.336
4117.19,-52.872
4117.68,-52.137
4118.16,-51.985
4118.65,-54.063
4119.14,-52.827
4119.63,-53.319
4120.12,-54.036
4120.61,-53.627
4121.09,-51.483
4121.58,-52.544
4122.07,-54.347
4122.56,-50.402
4123.05,-52.016
4123.54,-52.294
4124.02,-52.350
4124.51,-52.725
4125.00,-53.000
4125.49,-51.895
4125.98,-50.971
4126.46,-51.661
4126.95,-50.407
4127.44,-51.862
4127.93,-51.319
4128.42,-50.789
4128.91,-51.569
4129.39,-51.636
4129.88,-52.344
4130.37,-51.758
4130.86,-52.945
4131.35,-53.243
4131.84,-51.795
4132.32,-51.688
4132.81,-51.891
4133.30,-52.312
4133.79,-50.473
4134.28,-51.486
4134.77,-51.472
4135.25,-52.932
4135.74,-51.801
4136.23,-50.456
4136.72,-50.763
4137.21,-49.982
4137.70,-51.020
4138.18,-51.255
4138.67,-52.033
4139.16,-51.715
4139.65,-49.310
4140.14,-49.200
4140.62,-51.242
4141.11,-50.266
4141.60,-51.400
4142.09,-50.625
4142.58,-52.626
4143.07,-51.515
4143.55,-52.149
4144.04,-50.419
4144.53,-50.644
4145.02,-52.078
4145.51,-51.329
4146.00,-51.048
4146.48,-50.590
4146.97,-50.498
4147.46,-50.696
4147.95,-49.698
4148.44,-49.558
4148.93,-49.383
4149.41,-50.376
4149.90,-49.529
4150.39,-51.045
4150.88,-49.976
4151.37,-49.243
4151.86,-52.337
4152.34,-51.658
4152.83,-49.509
4153.32,-49.878
4153.81,-50.630
4154.30,-50.267
4154.79,-50.715
4155.27,-49.501
4155.76,-50.505
4156.25,-49.681
4156.74,-50.931
4157.23,-50.969
4157.71,-51.230
4158.20,-49.582
4158.69,-49.759
4159.18,-51.456
4159.67,-50.586
4160.16,-50.938
4160.64,-49.359
4161.13,-49.950
4161.62,-50.833
4162.11,-52.125
4162.60,-52.554
4163.09,-50.385
4163.57,-51.071
4164.06,-49.640
4164.55,-49.285
4165.04,-50.642
4165.53,-51.502
4166.02,-49.805
4166.50,-50.683
4166.99,-50.830
4167.48,-49.845
4167.97,-50.710
4168.46,-50.349
4168.95,-51.528
4169.43,-50.888
4169.92,-50.615
4170.41,-54.547
4170.90,-52.989
4171.39,-52.286
4171.88,-50.176
4172.36,-50.858
4172.85,-50.768
4173.34,-49.224
4173.83,-52.482
4174.32,-52.275
4174.80,-49.657
4175.29,-52.259
4175.78,-50.529
4176.27,-51.252
4176.76,-52.397
4177.25,-51.047
4177.73,-51.250
4178.22,-52.275
4178.71,-51.955
4179.20,-51.005
4179.69,-51.640
4180.18,-51.521
4180.66,-51.964
4181.15,-50.981
4181.64,-53.253
4182.13,-51.392
4182.62,-51.428
4183.11,-51.718
4183.59,-51.874
4184.08,-51.219
4184.57,-50.775
4185.06,-52.108
4185.55,-52.157
4186.04,-52.781
4186.52,-51.462
4187.01,-52.822
4187.50,-50.763
4187.99,-49.973
4188.48,-52.676
4188.96,-51.369
4189.45,-52.103
4189.94,-50.837
4190.43,-50.215
4190.92,-51.512
4191.41,-51.402
4191.89,-52.784
4192.38,-51.605
4192.87,-53.043
4193.36,-52.271
4193.85,-52.438
4194.34,-50.870
4194.82,-52.278
4195.31,-50.276
4195.80,-50.219
4196.29,-52.757
4196.78,-52.760
4197.27,-51.967
4197.75,-53.219
4198.24,-52.496
4198.73,-52.723
4199.22,-53.294
4199.71,-51.572
4200.20,-53.123
4200.68,-53.846
4201.17,-53.913
4201.66,-53.513
4202.15,-52.160
4202.64,-52.452
4203.12,-52.503
4203.61,-52.296
4204.10,-52.626
4204.59,-53.890
4205.08,-54.462
4205.57,-52.760
4206.05,-52.387
4206.54,-53.725
4207.03,-53.861
4207.52,-51.984
4208.01,-53.255
4208.50,-52.484
4208.98,-52.628
4209.47,-54.294
4209.96,-54.384
4210.45,-53.764
4210.94,-54.712
4211.43,-53.743
4211.91,-53.306
4212.40,-55.118
4212.89,-52.625
4213.38,-52.606
4213.87,-54.130
4214.36,-52.458
4214.84,-53.914
4215.33,-54.270
4215.82,-55.371
4216.31,-53.274
4216.80,-54.343
4217.29,-52.866
4217.77,-53.667
4218.26,-53.581
4218.75,-53.480
4219.24,-54.218
4219.73,-54.817
4220.21,-55.439
4220.70,-55.745
4221.19,-54.461
4221.68,-53.903
4222.17,-54.675
4222.66,-56.014
4223.14,-54.702
4223.63,-55.309
4224.12,-54.488
4224.61,-54.964
4225.10,-54.772
4225.59,-54.548
4226.07,-54.939
4226.56,-55.656
4227.05,-54.790
4227.54,-56.333
4228.03,-53.362
4228.52,-55.137
4229.00,-55.174
4229.49,-54.774
4229.98,-56.294
4230.47,-54.982
4230.96,-54.454
4231.45,-55.598
4231.93,-56.112
4232.42,-55.675
4232.91,-54.482
4233.40,-54.284
4233.89,-54.036
4234.38,-56.247
4234.86,-55.105
4235.35,-55.468
4235.84,-55.449
4236.33,-54.286
4236.82,-55.080
4237.30,-54.301
4237.79,-54.467
4238.28,-55.055
4238.77,-54.609
4239.26,-56.594
4239.75,-57.302
4240.23,-56.550
4240.72,-57.240
4241.21,-55.724
4241.70,-55.780
4242.19,-54.858
4242.68,-53.655
4243.16,-56.414
4243.65,-56.612
4244.14,-56.437
4244.63,-55.378
4245.12,-56.819
4245.61,-55.588
4246.09,-54.768
4246.58,-54.792
4247.07,-55.298
4247.56,-54.815
4248.05,-56.800
4248.54,-55.595
4249.02,-55.883
4249.51,-55.565
4250.00,-57.324
4250.49,-56.737
4250.98,-56.492
4251.46,-55.437
4251.95,-55.464
4252.44,-55.748
4252.93,-55.095
4253.42,-54.378
4253.91,-54.552
4254.39,-55.267
4254.88,-53.381
4255.37,-55.158
4255.86,-55.672
4256.35,-56.164
4256.84,-55.564
4257.32,-56.302
4257.81,-55.936
4258.30,-56.412
4258.79,-55.069
4259.28,-54.327
4259.77,-53.958
4260.25,-56.021
4260.74,-56.256
4261.23,-55.327
4261.72,-55.868
4262.21,-55.067
4262.70,-55.774
4263.18,-56.656
4263.67,-56.101
4264.16,-57.687
4264.65,-56.125
4265.14,-56.728
4265.62,-55.515
4266.11,-55.486
4266.60,-54.686
4267.09,-54.680
4267.58,-56.304
4268.07,-55.713
4268.55,-55.849
4269.04,-56.403
4269.53,-56.889
4270.02,-56.024
4270.51,-55.404
4271.00,-57.133
4271.48,-56.988
4271.97,-55.121
4272.46,-55.600
4272.95,-55.527
4273.44,-55.691
4273.93,-57.083
4274.41,-54.927
4274.90,-56.285
4275.39,-55.605
4275.88,-57.417
4276.37,-56.180
4276.86,-58.395
4277.34,-57.804
4277.83,-58.687
4278.32,-55.656
4278.81,-56.931
4279.30,-57.368
4279.79,-54.821
4280.27,-55.203
4280.76,-54.705
4281.25,-57.089
4281.74,-56.014
4282.23,-58.401
4282.71,-55.372
4283.20,-56.959
4283.69,-56.400
4284.18,-55.693
4284.67,-56.390
4285.16,-56.245
4285.64,-57.096
4286.13,-56.135
4286.62,-56.884
4287.11,-58.012
4287.60,-58.475
4288.09,-56.960
4288.57,-56.389
4289.06,-54.671
4289.55,-57.457
4290.04,-57.191
4290.53,-56.910
4291.02,-56.423
4291.50,-55.110
4291.99,-56.717
4292.48,-56.021
4292.97,-56.703
4293.46,-56.369
4293.95,-56.475
4294.43,-57.932
4294.92,-56.391
4295.41,-56.541
4295.90,-56.545
4296.39,-56.857
4296.88,-57.511
4297.36,-56.644
4297.85,-54.687
4298.34,-55.924
4298.83,-55.032
4299.32,-54.938
4299.80,-56.659
4300.29,-57.115
4300.78,-56.303
4301.27,-58.081
4301.76,-56.514
4302.25,-58.862
4302.73,-57.692
4303.22,-57.846
4303.71,-55.880
4304.20,-56.606
4304.69,-58.903
4305.18,-55.589
4305.66,-56.353
4306.15,-55.072
4306.64,-58.857
4307.13,-56.740
4307.62,-56.873
4308.11,-57.530
4308.59,-56.377
4309.08,-58.516
4309.57,-56.498
4310.06,-57.451
4310.55,-56.017
4311.04,-58.501
4311.52,-56.654
4312.01,-57.154
4312.50,-57.388
4312.99,-57.714
4313.48,-56.066
4313.96,-58.129
4314.45,-57.946
4314.94,-56.329
4315.43,-56.503
4315.92,-56.399
4316.41,-55.272
4316.89,-55.383
4317.38,-54.806
4317.87,-57.057
4318.36,-59.276
4318.85,-57.972
4319.34,-56.416
4319.82,-55.737
4320.31,-57.194
4320.80,-57.020
4321.29,-57.477
4321.78,-55.448
4322.27,-56.408
4322.75,-56.800
4323.24,-56.391
4323.73,-56.475
4324.22,-55.681
4324.71,-58.551
4325.20,-58.377
4325.68,-56.941
4326.17,-58.327
4326.66,-56.853
4327.15,-56.346
4327.64,-57.249
4328.12,-56.584
4328.61,-56.501
4329.10,-56.014
4329.59,-55.794
4330.08,-56.959
4330.57,-57.069
4331.05,-58.458
4331.54,-57.205
4332.03,-58.425
4332.52,-56.668
4333.01,-57.186
4333.50,-56.431
4333.98,-55.522
4334.47,-58.433
4334.96,-56.322
4335.45,-57.471
4335.94,-57.015
4336.43,-57.477
4336.91,-57.016
4337.40,-57.269
4337.89,-57.685
4338.38,-57.628
4338.87,-57.398
4339.36,-56.184
4339.84,-58.331
4340.33,-59.072
4340.82,-57.120
4341.31,-55.373
4341.80,-57.195
4342.29,-57.517
4342.77,-58.482
4343.26,-58.018
4343.75,-56.806
4344.24,-56.614
4344.73,-56.655
4345.21,-56.522
4345.70,-57.114
4346.19,-59.341
4346.68,-59.062
4347.17,-58.554
4347.66,-56.044
4348.14,-58.565
4348.63,-56.654
4349.12,-57.299
4349.61,-57.058
4350.10,-57.454
4350.59,-57.287
4351.07,-56.824
4351.56,-56.033
4352.05,-57.359
4352.54,-57.025
4353.03,-56.063
4353.52,-55.908
4354.00,-58.546
4354.49,-57.066
4354.98,-55.527
4355.47,-56.945
4355.96,-56.766
4356.45,-57.073
4356.93,-57.867
4357.42,-56.220
4357.91,-57.143
4358.40,-57.307
4358.89,-56.096
4359.38,-56.892
4359.86,-56.476
4360.35,-56.091
4360.84,-57.462
4361.33,-56.164
4361.82,-58.200
4362.30,-56.669
4362.79,-56.559
4363.28,-59.004
4363.77,-58.720
4364.26,-56.413
4364.75,-57.301
4365.23,-58.112
4365.72,-56.848
4366.21,-58.307
4366.70,-56.487
4367.19,-57.165
4367.68,-57.560
4368.16,-56.929
4368.65,-57.656
4369.14,-57.910
4369.63,-57.898
4370.12,-59.039
4370.61,-56.795
4371.09,-54.954
4371.58,-56.358
4372.07,-55.102
4372.56,-57.162
4373.05,-57.702
4373.54,-56.738
4374.02,-57.291
4374.51,-55.740
4375.00,-54.415
4375.49,-56.247
4375.98,-58.507
4376.46,-55.438
4376.95,-55.485
4377.44,-56.708
4377.93,-57.072
4378.42,-57.650
4378.91,-55.021
4379.39,-57.870
4379.88,-56.092
4380.37,-56.542
4380.86,-56.411
4381.35,-57.198
4381.84,-55.821
4382.32,-56.049
4382.81,-57.085
4383.30,-56.983
4383.79,-58.110
4384.28,-56.971
4384.77,-55.750
4385.25,-55.640
4385.74,-58.158
4386.23,-56.259
4386.72,-56.359
4387.21,-58.294
4387.70,-57.111
4388.18,-58.550
4388.67,-57.495
4389.16,-55.804
4389.65,-56.389
4390.14,-57.212
4390.62,-56.771
4391.11,-56.915
4391.60,-59.021
4392.09,-56.491
4392.58,-57.645
4393.07,-58.590
4393.55,-56.062
4394.04,-57.813
4394.53,-57.862
4395.02,-57.037
4395.51,-57.291
4396.00,-57.131
4396.48,-57.366
4396.97,-58.090
4397.46,-57.369
4397.95,-56.421
4398.44,-56.758
4398.93,-55.551
4399.41,-56.575
4399.90,-57.535
4400.39,-56.858
4400.88,-57.319
4401.37,-57.488
4401.86,-57.478
4402.34,-57.105
4402.83,-55.946
4403.32,-56.111
4403.81,-57.734
4404.30,-58.009
4404.79,-57.282
4405.27,-56.026
4405.76,-56.543
4406.25,-56.243
4406.74,-56.307
4407.23,-58.414
4407.71,-57.438
4408.20,-57.015
4408.69,-57.920
4409.18,-57.040
4409.67,-56.043
4410.16,-56.004
4410.64,-56.275
4411.13,-57.193
4411.62,-54.856
4412.11,-56.572
4412.60,-57.167
4413.09,-57.760
4413.57,-57.004
4414.06,-56.790
4414.55,-57.401
4415.04,-58.056
4415.53,-57.817
4416.02,-59.454
4416.50,-57.726
4416.99,-59.103
4417.48,-56.410
4417.97,-56.531
4418.46,-56.372
4418.95,-58.804
4419.43,-56.591
4419.92,-57.421
4420.41,-55.594
4420.90,-57.784
4421.39,-56.445
4421.88,-58.072
4422.36,-57.129
4422.85,-58.732
4423.34,-58.667
4423.83,-58.651
4424.32,-57.645
4424.80,-58.027
4425.29,-57.523
4425.78,-58.107
4426.27,-56.565
4426.76,-57.032
4427.25,-56.306
4427.73,-56.981
4428.22,-58.196
4428.71,-57.889
4429.20,-57.484
4429.69,-56.422
4430.18,-56.451
4430.66,-57.166
4431.15,-56.308
4431.64,-56.633
4432.13,-57.835
4432.62,-58.656
4433.11,-57.365
4433.59,-57.338
4434.08,-57.507
4434.57,-55.056
4435.06,-56.023
4435.55,-56.153
4436.04,-56.714
4436.52,-56.981
4437.01,-55.572
4437.50,-56.659
4437.99,-58.078
4438.48,-57.093
4438.96,-57.613
4439.45,-56.986
4439.94,-56.637
4440.43,-58.298
4440.92,-58.138
4441.41,-55.607
4441.89,-58.554
4442.38,-56.640
4442.87,-57.504
4443.36,-57.007
4443.85,-57.547
4444.34,-57.379
4444.82,-57.689
4445.31,-59.140
4445.80,-56.120
4446.29,-56.972
4446.78,-55.963
4447.27,-58.605
4447.75,-57.521
4448.24,-56.949
4448.73,-58.644
4449.22,-55.751
4449.71,-56.873
4450.20,-57.148
4450.68,-57.140
4451.17,-58.362
4451.66,-57.148
4452.15,-58.578
4452.64,-56.417
4453.12,-56.491
4453.61,-58.481
4454.10,-58.070
4454.59,-57.962
4455.08,-58.039
4455.57,-58.974
4456.05,-56.440
4456.54,-56.725
4457.03,-57.210
4457.52,-57.825
4458.01,-59.016
4458.50,-57.195
4458.98,-57.459
4459.47,-57.751
4459.96,-56.389
4460.45,-58.487
4460.94,-57.945
4461.43,-58.747
4461.91,-55.859
4462.40,-57.202
4462.89,-55.629
4463.38,-58.134
4463.87,-57.520
4464.36,-57.501
4464.84,-56.226
4465.33,-56.598
4465.82,-56.483
4466.31,-58.564
4466.80,-58.044
4467.29,-57.255
4467.77,-59.361
4468.26,-57.845
4468.75,-57.159
4469.24,-59.173
4469.73,-59.658
4470.21,-58.141
4470.70,-57.509
4471.19,-57.077
4471.68,-58.108
4472.17,-57.072
4472.66,-57.105
4473.14,-56.654
4473.63,-58.057
4474.12,-58.860
4474.61,-57.475
4475.10,-59.291
4475.59,-58.184
4476.07,-57.333
4476.56,-56.109
4477.05,-58.065
4477.54,-56.877
4478.03,-57.030
4478.52,-56.902
4479.00,-56.474
4479.49,-59.025
4479.98,-57.798
4480.47,-57.966
4480.96,-57.893
4481.45,-58.173
4481.93,-58.086
4482.42,-57.606
4482.91,-57.994
4483.40,-56.473
4483.89,-56.421
4484.38,-58.056
4484.86,-56.631
4485.35,-55.482
4485.84,-56.769
4486.33,-55.925
4486.82,-58.950
4487.30,-56.737
4487.79,-57.164
4488.28,-58.171
4488.77,-57.429
4489.26,-56.681
4489.75,-56.085
4490.23,-55.780
4490.72,-57.584
4491.21,-56.184
4491.70,-57.038
4492.19,-56.823
4492.68,-57.647
4493.16,-57.487
4493.65,-58.490
4494.14,-59.559
4494.63,-56.604
4495.12,-58.339
4495.61,-57.843
4496.09,-58.922
4496.58,-58.082
4497.07,-57.699
4497.56,-58.491
4498.05,-57.889
4498.54,-58.288
4499.02,-59.287
4499.51,-57.844
4500.00,-56.245
4500.49,-58.792
4500.98,-59.457
4501.46,-57.867
4501.95,-57.750
4502.44,-57.383
4502.93,-57.739
4503.42,-57.549
4503.91,-57.190
4504.39,-57.287
4504.88,-58.866
4505.37,-56.777
4505.86,-58.462
4506.35,-59.269
4506.84,-56.281
4507.32,-56.257
4507.81,-57.043
4508.30,-58.156
4508.79,-57.767
4509.28,-56.339
4509.77,-56.844
4510.25,-58.979
4510.74,-57.489
4511.23,-57.278
4511.72,-59.691
4512.21,-58.603
4512.70,-57.841
4513.18,-57.554
4513.67,-58.291
4514.16,-58.854
4514.65,-58.007
4515.14,-55.750
4515.62,-57.079
4516.11,-56.975
4516.60,-57.744
4517.09,-58.245
4517.58,-57.087
4518.07,-60.175
4518.55,-59.145
4519.04,-57.748
4519.53,-57.530
4520.02,-57.870
4520.51,-57.209
4521.00,-57.881
4521.48,-58.086
4521.97,-58.121
4522.46,-55.928
4522.95,-57.445
4523.44,-57.861
4523.93,-57.176
4524.41,-57.444
4524.90,-58.684
4525.39,-57.035
4525.88,-57.722
4526.37,-57.300
4526.86,-57.227
4527.34,-56.925
4527.83,-56.403
4528.32,-57.636
4528.81,-57.729
4529.30,-56.600
4529.79,-57.163
4530.27,-56.935
4530.76,-60.208
4531.25,-57.704
4531.74,-57.266
4532.23,-57.508
4532.71,-58.061
4533.20,-56.999
4533.69,-57.598
4534.18,-57.275
4534.67,-57.657
4535.16,-58.324
4535.64,-57.335
4536.13,-58.188
4536.62,-57.836
4537.11,-58.684
4537.60,-58.070
4538.09,-55.996
4538.57,-54.891
4539.06,-57.634
4539.55,-57.236
4540.04,-57.063
4540.53,-56.174
4541.02,-57.397
4541.50,-55.628
4541.99,-56.777
4542.48,-59.326
4542.97,-58.774
4543.46,-57.381
4543.95,-56.025
4544.43,-57.378
4544.92,-57.514
4545.41,-56.673
4545.90,-57.572
4546.39,-58.028
4546.88,-57.303
4547.36,-57.547
4547.85,-58.260
4548.34,-57.191
4548.83,-56.209
4549.32,-58.272
4549.80,-56.417
4550.29,-56.022
4550.78,-56.974
4551.27,-59.657
4551.76,-55.598
4552.25,-56.334
4552.73,-57.169
4553.22,-56.188
4553.71,-56.966
4554.20,-57.192
4554.69,-58.329
4555.18,-57.795
4555.66,-58.372
4556.15,-57.755
4556.64,-56.918
4557.13,-58.393
4557.62,-58.477
4558.11,-55.953
4558.59,-56.995
4559.08,-56.658
4559.57,-56.139
4560.06,-56.249
4560.55,-56.080
4561.04,-58.118
4561.52,-56.776
4562.01,-56.500
4562.50,-56.637
4562.99,-56.750
4563.48,-57.744
4563.96,-56.836
4564.45,-57.039
4564.94,-58.040
4565.43,-57.213
4565.92,-57.954
4566.41,-56.770
4566.89,-57.394
4567.38,-56.080
4567.87,-57.905
4568.36,-57.577
4568.85,-57.926
4569.34,-57.379
4569.82,-56.641
4570.31,-57.134
4570.80,-55.404
4571.29,-57.206
4571.78,-55.524
4572.27,-56.876
4572.75,-57.791
4573.24,-57.913
4573.73,-55.717
4574.22,-56.864
4574.71,-57.864
4575.20,-57.019
4575.68,-55.945
4576.17,-57.633
4576.66,-56.335
4577.15,-56.296
4577.64,-57.857
4578.12,-56.448
4578.61,-56.674
4579.10,-56.445
4579.59,-59.298
4580.08,-56.234
4580.57,-56.578
4581.05,-57.236
4581.54,-57.222
4582.03,-56.736
4582.52,-58.580
4583.01,-57.322
4583.50,-57.150
4583.98,-56.494
4584.47,-57.076
4584.96,-56.413
4585.45,-55.831
4585.94,-55.728
4586.43,-57.385
4586.91,-56.475
4587.40,-58.367
4587.89,-56.559
4588.38,-56.344
4588.87,-56.199
4589.36,-55.003
4589.84,-55.562
4590.33,-57.226
4590.82,-57.868
4591.31,-55.951
4591.80,-58.107
4592.29,-56.793
4592.77,-56.951
4593.26,-56.483
4593.75,-57.313
4594.24,-55.702
4594.73,-55.060
4595.21,-55.797
4595.70,-54.715
4596.19,-56.493
4596.68,-55.238
4597.17,-58.112
4597.66,-55.777
4598.14,-53.218
4598.63,-55.764
4599.12,-56.386
4599.61,-54.787
4600.10,-55.040
4600.59,-55.513
4601.07,-55.754
4601.56,-54.208
4602.05,-55.550
4602.54,-53.473
4603.03,-55.518
4603.52,-55.750
4604.00,-55.466
4604.49,-55.467
4604.98,-57.089
4605.47,-55.239
4605.96,-55.794
4606.45,-53.946
4606.93,-56.031
4607.42,-56.090
4607.91,-54.967
4608.40,-54.991
4608.89,-55.800
4609.38,-55.183
4609.86,-54.198
4610.35,-54.975
4610.84,-55.857
4611.33,-54.977
4611.82,-54.717
4612.30,-54.231
4612.79,-53.519
4613.28,-56.234
4613.77,-54.826
4614.26,-55.382
4614.75,-55.206
4615.23,-54.087
4615.72,-54.432
4616.21,-53.943
4616.70,-56.127
4617.19,-54.280
4617.68,-54.412
4618.16,-55.456
4618.65,-55.114
4619.14,-55.301
4619.63,-54.244
4620.12,-55.052
4620.61,-53.584
4621.09,-55.254
4621.58,-55.734
4622.07,-54.318
4622.56,-54.425
4623.05,-54.038
4623.54,-52.750
4624.02,-54.585
4624.51,-54.256
4625.00,-55.050
4625.49,-54.451
4625.98,-53.626
4626.46,-52.152
4626.95,-52.224
4627.44,-54.496
4627.93,-54.065
4628.42,-53.260
4628.91,-54.689
4629.39,-54.639
4629.88,-54.724
4630.37,-54.499
4630.86,-54.200
4631.35,-54.145
4631.84,-55.131
4632.32,-56.014
4632.81,-54.480
4633.30,-54.049
4633.79,-54.307
4634.28,-53.481
4634.77,-54.661
4635.25,-52.087
4635.74,-53.969
4636.23,-54.825
4636.72,-53.741
4637.21,-53.111
4637.70,-52.026
4638.18,-53.195
4638.67,-51.939
4639.16,-52.581
4639.65,-53.794
4640.14,-53.060
4640.62,-52.137
4641.11,-52.463
4641.60,-52.732
4642.09,-51.873
4642.58,-54.950
4643.07,-51.497
4643.55,-52.961
4644.04,-52.532
4644.53,-52.899
4645.02,-52.706
4645.51,-53.078
4646.00,-51.427
4646.48,-55.190
4646.97,-53.770
4647.46,-52.420
4647.95,-52.612
4648.44,-53.358
4648.93,-53.957
4649.41,-52.700
4649.90,-52.814
4650.39,-52.342
4650.88,-52.978
4651.37,-53.898
4651.86,-52.969
4652.34,-54.430
4652.83,-50.612
4653.32,-51.401
4653.81,-51.476
4654.30,-51.694
4654.79,-52.504
4655.27,-52.036
4655.76,-52.703
4656.25,-53.123
4656.74,-52.066
4657.23,-52.268
4657.71,-51.205
4658.20,-52.402
4658.69,-51.885
4659.18,-51.945
4659.67,-52.062
4660.16,-51.579
4660.64,-51.993
4661.13,-52.383
4661.62,-52.913
4662.11,-51.492
4662.60,-51.895
4663.09,-51.362
4663.57,-51.157
4664.06,-52.402
4664.55,-52.895
4665.04,-51.623
4665.53,-51.322
4666.02,-52.097
4666.50,-51.446
4666.99,-51.369
4667.48,-53.777
4667.97,-52.555
4668.46,-52.611
4668.95,-51.304
4669.43,-51.642
4669.92,-51.134
4670.41,-52.243
4670.90,-51.251
4671.39,-51.745
4671.88,-51.968
4672.36,-50.231
4672.85,-50.510
4673.34,-51.440
4673.83,-51.068
4674.32,-51.280
4674.80,-52.272
4675.29,-51.264
4675.78,-51.729
4676.27,-50.647
4676.76,-50.398
4677.25,-50.126
4677.73,-52.928
4678.22,-49.561
4678.71,-51.490
4679.20,-52.606
4679.69,-52.975
4680.18,-50.167
4680.66,-51.443
4681.15,-50.021
4681.64,-51.227
4682.13,-49.465
4682.62,-49.964
4683.11,-51.177
4683.59,-51.476
4684.08,-51.349
4684.57,-50.605
4685.06,-52.159
4685.55,-53.196
4686.04,-50.702
4686.52,-52.738
4687.01,-50.445
4687.50,-52.294
4687.99,-50.646
4688.48,-50.491
4688.96,-51.700
4689.45,-52.379
4689.94,-52.591
4690.43,-50.903
4690.92,-51.654
4691.41,-51.515
4691.89,-51.014
4692.38,-50.700
4692.87,-50.589
4693.36,-50.683
4693.85,-49.951
4694.34,-51.777
4694.82,-51.553
4695.31,-53.461
4695.80,-51.185
4696.29,-51.920
4696.78,-50.335
4697.27,-52.040
4697.75,-52.431
4698.24,-52.250
4698.73,-52.224
4699.22,-50.833
4699.71,-53.316
4700.20,-51.956
4700.68,-50.960
4701.17,-51.760
4701.66,-51.352
4702.15,-50.871
4702.64,-50.647
4703.12,-50.824
4703.61,-52.473
4704.10,-51.978
4704.59,-51.736
4705.08,-50.935
4705.57,-52.725
4706.05,-53.316
4706.54,-52.264
4707.03,-52.988
4707.52,-53.537
4708.01,-52.500
4708.50,-52.733
4708.98,-52.899
4709.47,-52.498
4709.96,-54.816
4710.45,-52.204
4710.94,-53.220
4711.43,-52.195
4711.91,-51.469
4712.40,-53.897
4712.89,-54.598
4713.38,-52.599
4713.87,-53.251
4714.36,-53.163
4714.84,-52.288
4715.33,-52.966
4715.82,-55.423
4716.31,-54.821
4716.80,-54.093
4717.29,-54.638
4717.77,-53.467
4718.26,-51.615
4718.75,-52.962
4719.24,-54.477
4719.73,-53.309
4720.21,-55.237
4720.70,-54.027
4721.19,-55.942
4721.68,-54.288
4722.17,-54.388
4722.66,-55.634
4723.14,-53.477
4723.63,-52.159
4724.12,-54.659
4724.61,-54.299
4725.10,-55.173
4725.59,-55.937
4726.07,-55.427
4726.56,-53.961
4727.05,-55.177
4727.54,-54.687
4728.03,-55.389
4728.52,-54.932
4729.00,-55.653
4729.49,-54.649
4729.98,-53.949
4730.47,-55.457
4730.96,-55.487
4731.45,-55.778
4731.93,-55.676
4732.42,-56.551
4732.91,-54.092
4733.40,-54.684
4733.89,-54.811
4734.38,-54.541
4734.86,-55.547
4735.35,-56.747
4735.84,-55.535
4736.33,-56.830
4736.82,-56.223
4737.30,-55.523
4737.79,-56.785
4738.28,-54.270
4738.77,-54.549
4739.26,-55.080
4739.75,-57.344
4740.23,-55.798
4740.72,-56.700
4741.21,-56.919
4741.70,-56.568
4742.19,-58.034
4742.68,-57.723
4743.16,-57.720
4743.65,-56.124
4744.14,-57.785
4744.63,-57.207
4745.12,-57.756
4745.61,-57.456
4746.09,-57.627
4746.58,-57.056
4747.07,-58.045
4747.56,-58.174
4748.05,-56.427
4748.54,-57.188
4749.02,-57.349
4749.51,-57.031
4750.00,-57.879
4750.49,-56.828
4750.98,-58.108
4751.46,-57.136
4751.95,-57.782
4752.44,-56.626
4752.93,-56.159
4753.42,-58.308
4753.91,-57.240
4754.39,-58.061
4754.88,-58.074
4755.37,-59.281
4755.86,-58.716
4756.35,-58.467
4756.84,-59.283
4757.32,-58.807
4757.81,-57.993
4758.30,-57.686
4758.79,-58.085
4759.28,-58.596
4759.77,-59.419
4760.25,-59.347
4760.74,-59.307
4761.23,-58.173
4761.72,-58.079
4762.21,-58.011
4762.70,-58.142
4763.18,-57.687
4763.67,-58.590
4764.16,-59.137
4764.65,-60.159
4765.14,-58.583
4765.62,-58.667
4766.11,-58.818
4766.60,-60.541
4767.09,-59.933
4767.58,-59.572
4768.07,-59.788
4768.55,-58.845
4769.04,-59.335
4769.53,-59.144
4770.02,-57.695
4770.51,-59.482
4771.00,-59.709
4771.48,-58.707
4771.97,-58.402
4772.46,-59.304
4772.95,-58.572
4773.44,-58.278
4773.93,-59.379
4774.41,-60.045
4774.90,-60.732
4775.39,-59.490
4775.88,-60.537
4776.37,-58.924
4776.86,-60.567
4777.34,-60.416
4777.83,-60.230
4778.32,-60.210
4778.81,-60.281
4779.30,-59.775
4779.79,-58.496
4780.27,-60.083
4780.76,-59.930
4781.25,-59.514
4781.74,-60.872
4782.23,-62.892
4782.71,-58.503
4783.20,-60.582
4783.69,-58.457
4784.18,-60.807
4784.67,-60.210
4785.16,-59.461
4785.64,-61.132
4786.13,-60.219
4786.62,-60.808
4787.11,-62.220
4787.60,-60.985
4788.09,-59.396
4788.57,-60.255
4789.06,-60.618
4789.55,-62.209
4790.04,-61.091
4790.53,-61.688
4791.02,-60.739
4791.50,-62.490
4791.99,-61.374
4792.48,-61.825
4792.97,-61.003
4793.46,-61.341
4793.95,-62.410
4794.43,-62.700
4794.92,-61.648
4795.41,-62.747
4795.90,-60.646
4796.39,-60.691
4796.88,-61.154
4797.36,-61.081
4797.85,-61.430
4798.34,-62.892
4798.83,-60.567
4799.32,-60.511
4799.80,-61.547
4800.29,-62.654
4800.78,-62.591
4801.27,-60.927
4801.76,-61.054
4802.25,-61.358
4802.73,-59.949
4803.22,-61.518
4803.71,-61.131
4804.20,-62.498
4804.69,-61.841
4805.18,-60.435
4805.66,-63.397
4806.15,-62.995
4806.64,-62.858
4807.13,-62.827
4807.62,-59.950
4808.11,-61.655
4808.59,-63.487
4809.08,-61.351
4809.57,-62.822
4810.06,-61.074
4810.55,-63.252
4811.04,-60.861
4811.52,-62.089
4812.01,-62.274
4812.50,-62.260
4812.99,-63.865
4813.48,-62.730
4813.96,-62.223
4814.45,-62.475
4814.94,-62.971
4815.43,-64.810
4815.92,-62.764
4816.41,-64.325
4816.89,-62.217
4817.38,-62.716
4817.87,-63.254
4818.36,-61.417
4818.85,-62.820
4819.34,-62.338
4819.82,-64.078
4820.31,-62.964
4820.80,-61.552
4821.29,-61.767
4821.78,-62.010
4822.27,-62.355
4822.75,-61.553
4823.24,-63.257
4823.73,-62.206
4824.22,-62.538
4824.71,-62.861
4825.20,-62.615
4825.68,-62.885
4826.17,-62.325
4826.66,-61.813
4827.15,-64.642
4827.64,-64.706
4828.12,-62.583
4828.61,-62.493
4829.10,-62.267
4829.59,-60.592
4830.08,-61.637
4830.57,-63.772
4831.05,-63.174
4831.54,-65.196
4832.03,-63.894
4832.52,-63.888
4833.01,-64.628
4833.50,-62.830
4833.98,-63.077
4834.47,-62.101
4834.96,-62.591
4835.45,-63.541
4835.94,-65.341
4836.43,-62.791
4836.91,-62.763
4837.40,-63.966
4837.89,-63.823
4838.38,-64.039
4838.87,-64.981
4839.36,-64.032
4839.84,-62.873
4840.33,-64.493
4840.82,-62.857
4841.31,-61.478
4841.80,-64.735
4842.29,-65.152
4842.77,-63.972
4843.26,-64.202
4843.75,-64.922
4844.24,-64.797
4844.73,-64.914
4845.21,-62.199
4845.70,-65.228
4846.19,-64.729
4846.68,-62.158
4847.17,-65.635
4847.66,-64.965
4848.14,-63.731
4848.63,-66.156
4849.12,-65.349
4849.61,-65.229
4850.10,-64.084
4850.59,-62.998
4851.07,-65.160
4851.56,-64.735
4852.05,-64.216
4852.54,-64.453
4853.03,-62.399
4853.52,-65.498
4854.00,-65.158
4854.49,-64.059
4854.98,-64.642
4855.47,-64.074
4855.96,-66.159
4856.45,-64.534
4856.93,-64.889
4857.42,-64.091
4857.91,-64.776
4858.40,-64.563
4858.89,-65.182
4859.38,-63.213
4859.86,-64.718
4860.35,-64.218
4860.84,-62.643
4861.33,-62.518
4861.82,-65.172
4862.30,-64.236
4862.79,-64.617
4863.28,-65.355
4863.77,-65.264
4864.26,-65.416
4864.75,-62.990
4865.23,-63.810
4865.72,-63.147
4866.21,-62.424
4866.70,-64.622
4867.19,-65.380
4867.68,-65.904
4868.16,-64.433
4868.65,-66.386
4869.14,-62.684
4869.63,-65.135
4870.12,-64.248
4870.61,-63.988
4871.09,-63.860
4871.58,-64.951
4872.07,-65.041
4872.56,-65.500
4873.05,-63.261
4873.54,-63.054
4874.02,-64.823
4874.51,-64.321
4875.00,-63.965
4875.49,-63.951
4875.98,-63.997
4876.46,-65.156
4876.95,-66.020
4877.44,-65.340
4877.93,-63.998
4878.42,-65.460
4878.91,-64.504
4879.39,-65.944
4879.88,-64.314
4880.37,-64.534
4880.86,-65.666
4881.35,-65.259
4881.84,-65.332
4882.32,-64.515
4882.81,-63.950
4883.30,-65.595
4883.79,-64.919
4884.28,-64.632
4884.77,-64.838
4885.25,-64.391
4885.74,-66.455
4886.23,-67.035
4886.72,-63.956
4887.21,-65.117
4887.70,-65.802
4888.18,-66.856
4888.67,-65.579
4889.16,-65.003
4889.65,-64.600
4890.14,-67.302
4890.62,-67.324
4891.11,-64.920
4891.60,-65.535
4892.09,-65.924
4892.58,-65.243
4893.07,-64.485
4893.55,-64.802
4894.04,-64.637
4894.53,-65.229
4895.02,-65.074
4895.51,-65.545
4896.00,-66.808
4896.48,-66.887
4896.97,-66.657
4897.46,-64.513
4897.95,-65.873
4898.44,-66.260
4898.93,-67.405
4899.41,-64.116
4899.90,-65.930
4900.39,-66.024
4900.88,-66.770
4901.37,-67.433
4901.86,-67.332
4902.34,-65.351
4902.83,-66.120
4903.32,-64.747
4903.81,-67.060
4904.30,-63.856
4904.79,-65.507
4905.27,-65.260
4905.76,-64.485
4906.25,-64.784
4906.74,-64.705
4907.23,-64.935
4907.71,-65.984
4908.20,-65.160
4908.69,-65.792
4909.18,-65.097
4909.67,-63.741
4910.16,-66.002
4910.64,-65.213
4911.13,-63.929
4911.62,-63.619
4912.11,-66.165
4912.60,-65.260
4913.09,-67.744
4913.57,-65.051
4914.06,-65.449
4914.55,-66.630
4915.04,-65.068
4915.53,-65.183
4916.02,-65.335
4916.50,-64.283
4916.99,-64.275
4917.48,-65.877
4917.97,-65.649
4918.46,-65.579
4918.95,-65.885
4919.43,-64.649
4919.92,-65.931
4920.41,-63.789
4920.90,-65.340
4921.39,-65.980
4921.88,-65.456
4922.36,-67.228
4922.85,-66.406
4923.34,-66.025
4923.83,-64.825
4924.32,-66.197
4924.80,-65.768
4925.29,-65.628
4925.78,-65.364
4926.27,-66.734
4926.76,-64.477
4927.25,-64.080
4927.73,-64.599
4928.22,-66.279
4928.71,-65.997
4929.20,-65.482
4929.69,-65.872
4930.18,-67.314
4930.66,-65.441
4931.15,-65.154
4931.64,-64.514
4932.13,-65.974
4932.62,-66.453
4933.11,-66.280
4933.59,-65.511
4934.08,-65.279
4934.57,-64.932
4935.06,-67.057
4935.55,-67.193
4936.04,-66.910
4936.52,-66.290
4937.01,-65.543
4937.50,-66.147
4937.99,-65.497
4938.48,-66.951
4938.96,-65.819
4939.45,-67.007
4939.94,-66.454
4940.43,-65.492
4940.92,-65.228
4941.41,-67.504
4941.89,-65.924
4942.38,-67.048
4942.87,-66.518
4943.36,-65.891
4943.85,-66.387
4944.34,-65.265
4944.82,-67.304
4945.31,-66.247
4945.80,-66.123
4946.29,-65.829
4946.78,-66.087
4947.27,-65.589
4947.75,-67.413
4948.24,-67.231
4948.73,-66.058
4949.22,-67.296
4949.71,-67.711
4950.20,-66.214
4950.68,-65.104
4951.17,-65.124
4951.66,-65.169
4952.15,-65.016
4952.64,-65.202
4953.12,-65.429
4953.61,-65.953
4954.10,-66.140
4954.59,-65.294
4955.08,-65.814
4955.57,-66.626
4956.05,-64.570
4956.54,-65.991
4957.03,-65.225
4957.52,-66.408
4958.01,-65.861
4958.50,-65.321
4958.98,-65.668
4959.47,-66.061
4959.96,-66.025
4960.45,-65.981
4960.94,-64.608
4961.43,-66.763
4961.91,-64.020
4962.40,-66.365
4962.89,-65.802
4963.38,-66.386
4963.87,-66.496
4964.36,-66.980
4964.84,-65.753
4965.33,-64.093
4965.82,-65.868
4966.31,-66.989
4966.80,-65.701
4967.29,-66.458
4967.77,-65.319
4968.26,-65.398
4968.75,-64.701
4969.24,-66.435
4969.73,-65.808
4970.21,-65.807
4970.70,-65.973
4971.19,-66.083
4971.68,-64.067
4972.17,-64.927
4972.66,-64.727
4973.14,-64.651
4973.63,-65.660
4974.12,-65.100
4974.61,-66.116
4975.10,-65.732
4975.59,-65.382
4976.07,-67.355
4976.56,-65.378
4977.05,-64.392
4977.54,-64.290
4978.03,-64.191
4978.52,-66.288
4979.00,-63.389
4979.49,-66.197
4979.98,-64.331
4980.47,-65.163
4980.96,-64.219
4981.45,-64.986
4981.93,-65.116
4982.42,-65.103
4982.91,-65.850
4983.40,-67.057
4983.89,-65.036
4984.38,-65.563
4984.86,-66.493
4985.35,-65.875
4985.84,-63.105
4986.33,-64.702
4986.82,-65.992
4987.30,-64.176
4987.79,-64.259
4988.28,-64.881
4988.77,-65.140
4989.26,-64.610
4989.75,-64.061
4990.23,-64.558
4990.72,-65.381
4991.21,-65.607
4991.70,-64.305
4992.19,-64.697
4992.68,-65.393
4993.16,-64.647
4993.65,-65.508
4994.14,-66.857
4994.63,-65.080
4995.12,-64.077
4995.61,-64.670
4996.09,-65.485
4996.58,-64.875
4997.07,-64.998
4997.56,-66.238
4998.05,-64.615
4998.54,-65.850
4999.02,-63.690
4999.51,-64.799
5000.00,-63.918
5000.49,-64.923
5000.98,-63.608
5001.46,-65.204
5001.95,-64.493
5002.44,-65.330
5002.93,-63.141
5003.42,-62.528
5003.91,-64.541
5004.39,-65.092
5004.88,-62.894
5005.37,-65.171
5005.86,-63.185
5006.35,-63.813
5006.84,-63.456
5007.32,-64.248
5007.81,-64.545
5008.30,-64.581
5008.79,-64.102
5009.28,-64.140
5009.77,-62.807
5010.25,-64.377
5010.74,-63.434
5011.23,-65.998
5011.72,-64.017
5012.21,-64.413
5012.70,-64.094
5013.18,-66.057
5013.67,-64.896
5014.16,-64.262
5014.65,-65.253
5015.14,-63.736
5015.62,-64.660
5016.11,-64.042
5016.60,-63.881
5017.09,-64.081
5017.58,-65.073
5018.07,-65.333
5018.55,-64.307
5019.04,-63.382
5019.53,-62.433
5020.02,-66.155
5020.51,-65.840
5021.00,-64.160
5021.48,-63.225
5021.97,-63.537
5022.46,-64.171
5022.95,-64.110
5023.44,-63.596
5023.93,-64.289
5024.41,-63.952
5024.90,-63.996
5025.39,-63.517
5025.88,-63.860
5026.37,-63.923
5026.86,-63.279
5027.34,-64.988
5027.83,-64.306
5028.32,-62.663
5028.81,-63.593
5029.30,-63.769
5029.79,-62.875
5030.27,-64.792
5030.76,-62.343
5031.25,-63.145
5031.74,-63.458
5032.23,-62.661
5032.71,-61.615
5033.20,-62.937
5033.69,-62.558
5034.18,-61.596
5034.67,-64.770
5035.16,-64.325
5035.64,-64.074
5036.13,-63.368
5036.62,-61.863
5037.11,-64.576
5037.60,-63.935
5038.09,-63.442
5038.57,-64.375
5039.06,-62.691
5039.55,-61.593
5040.04,-62.396
5040.53,-62.489
5041.02,-63.753
5041.50,-62.682
5041.99,-62.761
5042.48,-63.649
5042.97,-60.616
5043.46,-62.314
5043.95,-62.994
5044.43,-62.774
5044.92,-63.040
5045.41,-62.418
5045.90,-63.105
5046.39,-62.073
5046.88,-61.419
5047.36,-61.412
5047.85,-60.267
5048.34,-62.724
5048.83,-62.522
5049.32,-62.822
5049.80,-60.922
5050.29,-61.929
5050.78,-61.171
5051.27,-61.065
5051.76,-62.693
5052.25,-61.617
5052.73,-62.192
5053.22,-61.927
5053.71,-62.518
5054.20,-62.289
5054.69,-60.025
5055.18,-63.059
5055.66,-61.804
5056.15,-61.287
5056.64,-61.519
5057.13,-61.396
5057.62,-63.251
5058.11,-61.006
5058.59,-61.186
5059.08,-61.756
5059.57,-61.457
5060.06,-61.861
5060.55,-61.877
5061.04,-63.151
5061.52,-61.695
5062.01,-61.471
5062.50,-61.062
5062.99,-60.702
5063.48,-62.737
5063.96,-62.412
5064.45,-60.587
5064.94,-60.965
5065.43,-60.410
5065.92,-60.633
5066.41,-60.449
5066.89,-60.198
5067.38,-62.570
5067.87,-61.793
5068.36,-61.797
5068.85,-60.553
5069.34,-60.100
5069.82,-57.648
5070.31,-58.999
5070.80,-57.803
5071.29,-60.475
5071.78,-59.128
5072.27,-60.875
5072.75,-59.539
5073.24,-59.377
5073.73,-60.233
5074.22,-60.703
5074.71,-59.775
5075.20,-59.607
5075.68,-61.121
5076.17,-60.415
5076.66,-59.168
5077.15,-58.230
5077.64,-58.385
5078.12,-58.186
5078.61,-59.527
5079.10,-59.600
5079.59,-59.112
5080.08,-58.378
5080.57,-59.879
5081.05,-58.507
5081.54,-60.044
5082.03,-58.064
5082.52,-57.704
5083.01,-57.417
5083.50,-57.736
5083.98,-58.887
5084.47,-59.371
5084.96,-59.144
5085.45,-59.116
5085.94,-59.196
5086.43,-57.954
5086.91,-59.209
5087.40,-58.429
5087.89,-56.546
5088.38,-57.613
5088.87,-58.857
5089.36,-55.544
5089.84,-57.257
5090.33,-57.031
5090.82,-57.997
5091.31,-57.643
5091.80,-57.210
5092.29,-59.036
5092.77,-59.584
5093.26,-57.213
5093.75,-55.515
5094.24,-59.136
5094.73,-58.284
5095.21,-57.353
5095.70,-56.583
5096.19,-56.934
5096.68,-57.147
5097.17,-56.551
5097.66,-56.486
5098.14,-56.860
5098.63,-56.366
5099.12,-56.196
5099.61,-54.155
5100.10,-57.035
5100.59,-58.910
5101.07,-56.474
5101.56,-56.545
5102.05,-56.948
5102.54,-55.755
5103.03,-56.992
5103.52,-57.681
5104.00,-56.145
5104.49,-56.114
5104.98,-55.498
5105.47,-55.731
5105.96,-55.042
5106.45,-53.940
5106.93,-54.321
5107.42,-55.705
5107.91,-55.779
5108.40,-56.255
5108.89,-56.412
5109.38,-58.401
5109.86,-55.922
5110.35,-55.447
5110.84,-55.308
5111.33,-56.298
5111.82,-55.693
5112.30,-55.888
5112.79,-55.761
5113.28,-56.917
5113.77,-56.186
5114.26,-56.562
5114.75,-53.759
5115.23,-54.419
5115.72,-56.179
5116.21,-57.522
5116.70,-55.566
5117.19,-57.138
5117.68,-56.450
5118.16,-55.678
5118.65,-56.386
5119.14,-55.806
5119.63,-55.293
5120.12,-56.724
5120.61,-55.118
5121.09,-55.510
5121.58,-55.728
5122.07,-56.272
5122.56,-55.744
5123.05,-57.202
5123.54,-55.500
5124.02,-55.615
5124.51,-55.966
5125.00,-55.517
5125.49,-55.169
5125.98,-56.020
5126.46,-55.177
5126.95,-55.867
5127.44,-56.445
5127.93,-56.151
5128.42,-55.258
5128.91,-55.515
5129.39,-58.014
5129.88,-56.241
5130.37,-56.887
5130.86,-55.103
5131.35,-55.256
5131.84,-55.700
5132.32,-55.799
5132.81,-56.704
5133.30,-56.466
5133.79,-56.128
5134.28,-56.978
5134.77,-56.711
5135.25,-55.755
5135.74,-56.626
5136.23,-55.396
5136.72,-55.945
5137.21,-56.934
5137.70,-55.530
5138.18,-56.320
5138.67,-56.219
5139.16,-55.937
5139.65,-57.237
5140.14,-55.509
5140.62,-56.395
5141.11,-56.636
5141.60,-55.839
5142.09,-56.859
5142.58,-57.565
5143.07,-55.304
5143.55,-56.775
5144.04,-57.427
5144.53,-57.664
5145.02,-54.686
5145.51,-58.081
5146.00,-55.707
5146.48,-57.014
5146.97,-57.090
5147.46,-55.787
5147.95,-56.895
5148.44,-57.427
5148.93,-57.903
5149.41,-57.116
5149.90,-56.848
5150.39,-57.126
5150.88,-59.393
5151.37,-56.146
5151.86,-56.967
5152.34,-58.682
5152.83,-58.349
5153.32,-57.196
5153.81,-57.591
5154.30,-58.116
5154.79,-58.109
5155.27,-59.142
5155.76,-57.696
5156.25,-57.953
5156.74,-59.147
5157.23,-58.512
5157.71,-57.678
5158.20,-58.136
5158.69,-59.425
5159.18,-59.642
5159.67,-61.309
5160.16,-60.543
5160.64,-59.095
5161.13,-58.802
5161.62,-58.376
5162.11,-58.628
5162.60,-61.042
5163.09,-59.748
5163.57,-59.519
5164.06,-61.439
5164.55,-61.809
5165.04,-62.480
5165.53,-61.635
5166.02,-59.855
5166.50,-58.366
5166.99,-58.545
5167.48,-59.120
5167.97,-60.151
5168.46,-61.473
5168.95,-61.390
5169.43,-60.034
5169.92,-60.940
5170.41,-60.268
5170.90,-61.921
5171.39,-61.429
5171.88,-59.977
5172.36,-60.851
5172.85,-61.551
5173.34,-60.774
5173.83,-59.930
5174.32,-61.817
5174.80,-61.033
5175.29,-62.080
5175.78,-61.235
5176.27,-60.952
5176.76,-62.822
5177.25,-61.151
5177.73,-61.847
5178.22,-61.024
5178.71,-61.369
5179.20,-61.308
5179.69,-60.610
5180.18,-63.098
5180.66,-62.385
5181.15,-62.054
5181.64,-62.444
5182.13,-62.747
5182.62,-63.849
5183.11,-61.412
5183.59,-63.274
5184.08,-62.901
5184.57,-61.396
5185.06,-62.629
5185.55,-61.918
5186.04,-61.797
5186.52,-61.850
5187.01,-62.518
5187.50,-63.133
5187.99,-64.911
5188.48,-62.760
5188.96,-62.049
5189.45,-63.882
5189.94,-63.657
5190.43,-63.665
5190.92,-63.279
5191.41,-62.458
5191.89,-62.972
5192.38,-62.206
5192.87,-63.431
5193.36,-63.065
5193.85,-62.326
5194.34,-62.727
5194.82,-64.014
5195.31,-63.816
5195.80,-63.951
5196.29,-64.525
5196.78,-64.124
5197.27,-64.268
5197.75,-63.631
5198.24,-64.337
5198.73,-63.061
5199.22,-64.357
5199.71,-64.108
5200.20,-64.411
5200.68,-62.581
5201.17,-64.686
5201.66,-64.908
5202.15,-63.203
5202.64,-64.980
5203.12,-63.629
5203.61,-64.076
5204.10,-63.433
5204.59,-66.276
5205.08,-65.607
5205.57,-65.231
5206.05,-64.420
5206.54,-64.014
5207.03,-64.297
5207.52,-63.675
5208.01,-65.520
5208.50,-65.316
5208.98,-65.790
5209.47,-65.133
5209.96,-64.300
5210.45,-64.241
5210.94,-62.959
5211.43,-64.345
5211.91,-64.793
5212.40,-65.402
5212.89,-65.427
5213.38,-64.315
5213.87,-67.434
5214.36,-66.192
5214.84,-64.969
5215.33,-66.224
5215.82,-67.118
5216.31,-65.080
5216.80,-65.990
5217.29,-64.773
5217.77,-66.459
5218.26,-66.417
5218.75,-65.583
5219.24,-65.546
5219.73,-64.291
5220.21,-65.048
5220.70,-65.377
5221.19,-65.916
5221.68,-65.243
5222.17,-64.580
5222.66,-66.665
5223.14,-63.444
5223.63,-65.112
5224.12,-67.463
5224.61,-64.841
5225.10,-66.330
5225.59,-67.404
5226.07,-65.561
5226.56,-64.584
5227.05,-66.587
5227.54,-66.610
5228.03,-66.658
5228.52,-67.973
5229.00,-66.178
5229.49,-65.960
5229.98,-67.134
5230.47,-66.072
5230.96,-65.754
5231.45,-66.860
5231.93,-66.189
5232.42,-65.966
5232.91,-67.378
5233.40,-68.615
5233.89,-66.246
5234.38,-66.286
5234.86,-66.045
5235.35,-67.097
5235.84,-66.582
5236.33,-66.058
5236.82,-68.138
5237.30,-67.789
5237.79,-66.616
5238.28,-67.413
5238.77,-65.150
5239.26,-66.756
5239.75,-65.318
5240.23,-67.093
5240.72,-66.613
5241.21,-66.983
5241.70,-66.878
5242.19,-65.972
5242.68,-66.680
5243.16,-68.454
5243.65,-67.885
5244.14,-66.664
5244.63,-67.255
5245.12,-68.663
5245.61,-68.033
5246.09,-67.716
5246.58,-68.281
5247.07,-66.460
5247.56,-67.493
5248.05,-68.828
5248.54,-66.917
5249.02,-67.851
5249.51,-66.003
5250.00,-67.532
5250.49,-69.552
5250.98,-68.997
5251.46,-68.431
5251.95,-68.127
5252.44,-67.414
5252.93,-67.134
5253.42,-68.158
5253.91,-68.404
5254.39,-67.195
5254.88,-67.451
5255.37,-67.839
5255.86,-70.468
5256.35,-65.735
5256.84,-67.365
5257.32,-66.882
5257.81,-67.983
5258.30,-67.125
5258.79,-67.842
5259.28,-69.310
5259.77,-68.012
5260.25,-69.906
5260.74,-67.876
5261.23,-67.597
5261.72,-68.995
5262.21,-69.107
5262.70,-68.036
5263.18,-69.218
5263.67,-68.634
5264.16,-67.729
5264.65,-68.090
5265.14,-69.305
5265.62,-69.141
5266.11,-68.401
5266.60,-68.665
5267.09,-68.515
5267.58,-68.841
5268.07,-67.387
5268.55,-66.658
5269.04,-69.052
5269.53,-69.730
5270.02,-67.944
5270.51,-67.515
5271.00,-68.298
5271.48,-69.846
5271.97,-69.190
5272.46,-69.292
5272.95,-70.736
5273.44,-69.457
5273.93,-69.130
5274.41,-68.992
5274.90,-69.134
5275.39,-70.491
5275.88,-67.916
5276.37,-70.802
5276.86,-68.128
5277.34,-69.500
5277.83,-68.959
5278.32,-69.451
5278.81,-67.362
5279.30,-67.476
5279.79,-69.156
5280.27,-69.347
5280.76,-68.364
5281.25,-71.375
5281.74,-70.557
5282.23,-70.176
5282.71,-68.191
5283.20,-70.100
5283.69,-69.249
5284.18,-69.267
5284.67,-70.094
5285.16,-67.981
5285.64,-69.961
5286.13,-68.509
5286.62,-69.748
5287.11,-71.197
5287.60,-69.717
5288.09,-70.330
5288.57,-70.367
5289.06,-69.473
5289.55,-68.889
5290.04,-70.088
5290.53,-69.925
5291.02,-70.784
5291.50,-69.498
5291.99,-69.633
5292.48,-69.172
5292.97,-70.530
5293.46,-69.279
5293.95,-69.655
5294.43,-68.311
5294.92,-68.930
5295.41,-69.606
5295.90,-69.251
5296.39,-69.753
5296.88,-70.933
5297.36,-69.982
5297.85,-69.903
5298.34,-69.408
5298.83,-70.544
5299.32,-69.447
5299.80,-69.780
5300.29,-69.845
5300.78,-68.936
5301.27,-70.038
5301.76,-70.218
5302.25,-69.662
5302.73,-70.683
5303.22,-69.298
5303.71,-69.797
5304.20,-67.656
5304.69,-68.133
5305.18,-71.111
5305.66,-69.921
5306.15,-68.713
5306.64,-70.376
5307.13,-70.734
5307.62,-71.381
5308.11,-69.766
5308.59,-73.116
5309.08,-70.304
5309.57,-69.392
5310.06,-71.142
5310.55,-70.736
5311.04,-71.126
5311.52,-71.268
5312.01,-71.129
5312.50,-70.615
5312.99,-71.820
5313.48,-69.566
5313.96,-71.020
5314.45,-69.825
5314.94,-69.979
5315.43,-70.571
5315.92,-69.645
5316.41,-68.916
5316.89,-70.475
5317.38,-71.295
5317.87,-71.016
5318.36,-71.071
5318.85,-70.749
5319.34,-69.084
5319.82,-70.271
5320.31,-69.945
5320.80,-70.350
5321.29,-70.874
5321.78,-69.488
5322.27,-70.599
5322.75,-70.045
5323.24,-70.402
5323.73,-70.471
5324.22,-70.265
5324.71,-69.613
5325.20,-70.111
5325.68,-70.650
5326.17,-69.176
5326.66,-71.335
5327.15,-70.114
5327.64,-68.105
5328.12,-69.506
5328.61,-70.385
5329.10,-71.972
5329.59,-71.380
5330.08,-72.140
5330.57,-70.960
5331.05,-71.851
5331.54,-69.163
5332.03,-70.642
5332.52,-70.541
5333.01,-70.581
5333.50,-70.472
5333.98,-70.186
5334.47,-71.376
5334.96,-71.894
5335.45,-71.001
5335.94,-70.701
5336.43,-69.529
5336.91,-69.712
5337.40,-71.191
5337.89,-70.059
5338.38,-70.946
5338.87,-71.887
5339.36,-68.759
5339.84,-70.140
5340.33,-70.746
5340.82,-70.972
5341.31,-72.404
5341.80,-70.148
5342.29,-71.730
5342.77,-72.169
5343.26,-71.067
5343.75,-69.777
5344.24,-69.713
5344.73,-71.075
5345.21,-71.217
5345.70,-68.703
5346.19,-69.859
5346.68,-70.856
5347.17,-71.571
5347.66,-70.001
5348.14,-71.710
5348.63,-71.050
5349.12,-71.783
5349.61,-71.507
5350.10,-71.462
5350.59,-70.908
5351.07,-70.920
5351.56,-72.576
5352.05,-70.793
5352.54,-71.373
5353.03,-71.854
5353.52,-69.723
5354.00,-70.781
5354.49,-70.794
5354.98,-71.120
5355.47,-70.761
5355.96,-71.082
5356.45,-70.902
5356.93,-70.037
5357.42,-68.557
5357.91,-69.999
5358.40,-69.162
5358.89,-69.546
5359.38,-71.709
5359.86,-71.599
5360.35,-70.240
5360.84,-69.151
5361.33,-69.628
5361.82,-69.916
5362.30,-70.860
5362.79,-72.174
5363.28,-71.924
5363.77,-70.961
5364.26,-71.490
5364.75,-69.829
5365.23,-70.291
5365.72,-70.058
5366.21,-70.665
5366.70,-69.528
5367.19,-71.132
5367.68,-72.642
5368.16,-71.225
5368.65,-71.662
5369.14,-69.448
5369.63,-70.258
5370.12,-69.515
5370.61,-70.944
5371.09,-70.462
5371.58,-71.385
5372.07,-70.823
5372.56,-69.652
5373.05,-69.761
5373.54,-69.847
5374.02,-69.187
5374.51,-70.432
5375.00,-69.588
5375.49,-72.015
5375.98,-70.685
5376.46,-70.024
5376.95,-71.118
5377.44,-71.260
5377.93,-72.652
5378.42,-71.075
5378.91,-69.915
5379.39,-69.727
5379.88,-71.175
5380.37,-70.991
5380.86,-72.045
5381.35,-70.360
5381.84,-72.243
5382.32,-70.555
5382.81,-70.915
5383.30,-72.119
5383.79,-71.366
5384.28,-70.728
5384.77,-70.342
5385.25,-71.363
5385.74,-72.572
5386.23,-69.155
5386.72,-69.821
5387.21,-69.932
5387.70,-71.941
5388.18,-71.321
5388.67,-70.857
5389.16,-71.586
5389.65,-70.590
5390.14,-71.487
5390.62,-72.663
5391.11,-69.106
5391.60,-70.364
5392.09,-70.653
5392.58,-69.772
5393.07,-71.315
5393.55,-70.532
5394.04,-70.192
5394.53,-70.361
5395.02,-70.823
5395.51,-69.261
5396.00,-71.987
5396.48,-71.102
5396.97,-70.184
5397.46,-69.729
5397.95,-69.447
5398.44,-70.932
5398.93,-70.854
5399.41,-70.319
5399.90,-71.098
5400.39,-71.588
5400.88,-71.063
5401.37,-69.049
5401.86,-69.380
5402.34,-71.344
5402.83,-70.921
5403.32,-71.736
5403.81,-69.688
5404.30,-71.816
5404.79,-71.239
5405.27,-68.904
5405.76,-70.935
5406.25,-71.062
5406.74,-70.664
5407.23,-70.954
5407.71,-72.067
5408.20,-70.127
5408.69,-70.434
5409.18,-71.950
5409.67,-70.295
5410.16,-69.980
5410.64,-70.179
5411.13,-70.758
5411.62,-70.484
5412.11,-71.464
5412.60,-68.888
5413.09,-69.114
5413.57,-69.850
5414.06,-69.746
5414.55,-69.356
5415.04,-70.135
5415.53,-70.016
5416.02,-71.737
5416.50,-70.399
5416.99,-70.956
5417.48,-71.448
5417.97,-71.002
5418.46,-70.005
5418.95,-71.229
5419.43,-71.316
5419.92,-71.227
5420.41,-69.529
5420.90,-69.216
5421.39,-70.308
5421.88,-70.549
5422.36,-70.144
5422.85,-71.104
5423.34,-71.988
5423.83,-70.905
5424.32,-67.868
5424.80,-70.632
5425.29,-70.464
5425.78,-69.421
5426.27,-70.224
5426.76,-70.233
5427.25,-70.014
5427.73,-69.152
5428.22,-69.411
5428.71,-68.284
5429.20,-70.241
5429.69,-70.336
5430.18,-69.407
5430.66,-71.023
5431.15,-70.132
5431.64,-70.773
5432.13,-70.331
5432.62,-69.884
5433.11,-69.096
5433.59,-70.038
5434.08,-69.605
5434.57,-70.999
5435.06,-69.207
5435.55,-69.626
5436.04,-69.999
5436.52,-68.697
5437.01,-69.253
5437.50,-69.828
5437.99,-72.367
5438.48,-70.171
5438.96,-70.463
5439.45,-69.101
5439.94,-69.638
5440.43,-70.614
5440.92,-69.831
5441.41,-69.612
5441.89,-69.005
5442.38,-70.351
5442.87,-70.792
5443.36,-70.183
5443.85,-69.457
5444.34,-69.435
5444.82,-70.348
5445.31,-69.457
5445.80,-70.734
5446.29,-70.080
5446.78,-69.304
5447.27,-69.003
5447.75,-69.291
5448.24,-70.201
5448.73,-69.805
5449.22,-70.204
5449.71,-69.705
5450.20,-67.651
5450.68,-69.405
5451.17,-68.268
5451.66,-69.573
5452.15,-70.509
5452.64,-70.171
5453.12,-68.703
5453.61,-68.670
5454.10,-70.614
5454.59,-70.884
5455.08,-69.785
5455.57,-69.226
5456.05,-69.706
5456.54,-67.787
5457.03,-71.063
5457.52,-68.606
5458.01,-69.877
5458.50,-69.907
5458.98,-69.953
5459.47,-68.832
5459.96,-69.748
5460.45,-68.328
5460.94,-68.136
5461.43,-69.480
5461.91,-69.525
5462.40,-68.688
5462.89,-68.851
5463.38,-69.147
5463.87,-69.807
5464.36,-69.663
5464.84,-68.911
5465.33,-68.113
5465.82,-69.325
5466.31,-67.956
5466.80,-68.496
5467.29,-67.914
5467.77,-67.220
5468.26,-68.762
5468.75,-65.778
5469.24,-67.284
5469.73,-68.714
5470.21,-68.301
5470.70,-68.037
5471.19,-68.491
5471.68,-69.294
5472.17,-67.558
5472.66,-68.893
5473.14,-68.724
5473.63,-68.776
5474.12,-66.824
5474.61,-68.072
5475.10,-68.770
5475.59,-68.836
5476.07,-69.020
5476.56,-69.234
5477.05,-67.798
5477.54,-69.404
5478.03,-70.685
5478.52,-68.493
5479.00,-68.420
5479.49,-69.965
5479.98,-67.376
5480.47,-67.639
5480.96,-67.912
5481.45,-67.791
5481.93,-67.784
5482.42,-67.422
5482.91,-67.907
5483.40,-69.461
5483.89,-67.274
5484.38,-68.787
5484.86,-68.797
5485.35,-66.742
5485.84,-66.030
5486.33,-66.677
5486.82,-67.352
5487.30,-68.346
5487.79,-67.440
5488.28,-67.449
5488.77,-68.688
5489.26,-67.461
5489.75,-67.500
5490.23,-67.839
5490.72,-68.050
5491.21,-67.327
5491.70,-68.031
5492.19,-66.271
5492.68,-66.230
5493.16,-68.854
5493.65,-68.806
5494.14,-66.813
5494.63,-67.125
5495.12,-66.190
5495.61,-66.677
5496.09,-67.241
5496.58,-65.257
5497.07,-66.420
5497.56,-67.719
5498.05,-68.078
5498.54,-67.023
5499.02,-66.572
5499.51,-66.660
5500.00,-66.466
5500.49,-66.460
5500.98,-65.327
5501.46,-66.120
5501.95,-64.959
5502.44,-64.779
5502.93,-65.551
5503.42,-66.724
5503.91,-64.878
5504.39,-68.108
5504.88,-65.528
5505.37,-66.291
5505.86,-67.306
5506.35,-66.146
5506.84,-64.561
5507.32,-65.874
5507.81,-66.146
5508.30,-66.359
5508.79,-66.083
5509.28,-65.785
5509.77,-64.983
5510.25,-65.617
5510.74,-64.215
5511.23,-65.316
5511.72,-64.388
5512.21,-63.316
5512.70,-64.697
5513.18,-66.320
5513.67,-65.998
5514.16,-65.377
5514.65,-64.806
5515.14,-64.144
5515.62,-64.959
5516.11,-64.718
5516.60,-66.620
5517.09,-65.111
5517.58,-66.261
5518.07,-65.444
5518.55,-64.896
5519.04,-65.088
5519.53,-67.430
5520.02,-66.168
5520.51,-66.413
5521.00,-65.553
5521.48,-63.964
5521.97,-64.967
5522.46,-67.306
5522.95,-65.050
5523.44,-65.574
5523.93,-63.813
5524.41,-63.373
5524.90,-62.778
5525.39,-64.889
5525.88,-64.918
5526.37,-65.137
5526.86,-64.439
5527.34,-63.935
5527.83,-63.323
5528.32,-64.079
5528.81,-64.685
5529.30,-64.861
5529.79,-63.950
5530.27,-64.304
5530.76,-63.881
5531.25,-63.536
5531.74,-64.589
5532.23,-63.763
5532.71,-62.107
5533.20,-63.701
5533.69,-62.201
5534.18,-62.116
5534.67,-62.425
5535.16,-63.537
5535.64,-64.214
5536.13,-63.845
5536.62,-62.988
5537.11,-63.142
5537.60,-62.649
5538.09,-64.703
5538.57,-64.906
5539.06,-63.236
5539.55,-63.569
5540.04,-62.373
5540.53,-63.642
5541.02,-63.057
5541.50,-62.825
5541.99,-63.849
5542.48,-63.789
5542.97,-62.150
5543.46,-61.245
5543.95,-62.973
5544.43,-63.169
5544.92,-61.902
5545.41,-61.412
5545.90,-62.004
5546.39,-60.657
5546.88,-61.356
5547.36,-61.164
5547.85,-60.804
5548.34,-62.803
5548.83,-63.265
5549.32,-62.736
5549.80,-62.175
5550.29,-61.552
5550.78,-61.134
5551.27,-61.415
5551.76,-60.892
5552.25,-62.225
5552.73,-62.883
5553.22,-61.947
5553.71,-62.152
5554.20,-61.198
5554.69,-62.576
5555.18,-60.440
5555.66,-61.623
5556.15,-61.954
5556.64,-62.670
5557.13,-60.310
5557.62,-60.789
5558.11,-61.489
5558.59,-61.427
5559.08,-61.817
5559.57,-61.040
5560.06,-62.677
5560.55,-61.132
5561.04,-61.992
5561.52,-62.405
5562.01,-60.813
5562.50,-58.746
5562.99,-59.664
5563.48,-59.662
5563.96,-61.849
5564.45,-60.818
5564.94,-61.015
5565.43,-61.277
5565.92,-59.281
5566.41,-59.593
5566.89,-60.109
5567.38,-62.413
5567.87,-62.012
5568.36,-60.482
5568.85,-59.570
5569.34,-60.502
5569.82,-59.865
5570.31,-61.555
5570.80,-61.756
5571.29,-60.830
5571.78,-60.263
5572.27,-61.158
5572.75,-60.637
5573.24,-62.930
5573.73,-61.509
5574.22,-61.754
5574.71,-60.802
5575.20,-59.508
5575.68,-59.743
5576.17,-60.631
5576.66,-61.688
5577.15,-61.272
5577.64,-60.386
5578.12,-60.086
5578.61,-60.538
5579.10,-61.528
5579.59,-60.002
5580.08,-60.510
5580.57,-60.608
5581.05,-60.675
5581.54,-58.974
5582.03,-61.634
5582.52,-61.093
5583.01,-61.105
5583.50,-61.875
5583.98,-60.557
5584.47,-62.688
5584.96,-61.501
5585.45,-59.843
5585.94,-60.512
5586.43,-61.909
5586.91,-60.218
5587.40,-60.786
5587.89,-60.518
5588.38,-59.615
5588.87,-62.196
5589.36,-62.246
5589.84,-62.271
5590.33,-61.631
5590.82,-60.327
5591.31,-60.110
5591.80,-62.869
5592.29,-62.340
5592.77,-61.892
5593.26,-60.808
5593.75,-62.954
5594.24,-62.202
5594.73,-62.510
5595.21,-61.808
5595.70,-62.984
5596.19,-62.395
5596.68,-63.280
5597.17,-64.130
5597.66,-62.867
5598.14,-62.150
5598.63,-62.452
5599.12,-61.372
5599.61,-62.400
5600.10,-62.863
5600.59,-63.472
5601.07,-62.004
5601.56,-61.344
5602.05,-62.232
5602.54,-62.023
5603.03,-63.374
5603.52,-62.559
5604.00,-62.886
5604.49,-64.414
5604.98,-63.876
5605.47,-63.470
5605.96,-63.815
5606.45,-63.418
5606.93,-63.531
5607.42,-62.770
5607.91,-61.975
5608.40,-63.167
5608.89,-63.009
5609.38,-64.054
5609.86,-63.973
5610.35,-62.303
5610.84,-62.876
5611.33,-62.291
5611.82,-64.364
5612.30,-64.071
5612.79,-63.583
5613.28,-63.082
5613.77,-65.530
5614.26,-64.489
5614.75,-65.280
5615.23,-65.046
5615.72,-62.547
5616.21,-62.988
5616.70,-64.904
5617.19,-65.074
5617.68,-63.332
5618.16,-65.174
5618.65,-63.847
5619.14,-64.581
5619.63,-65.814
5620.12,-65.921
5620.61,-65.278
5621.09,-64.442
5621.58,-64.020
5622.07,-65.635
5622.56,-64.824
5623.05,-64.666
5623.54,-64.322
5624.02,-64.412
5624.51,-65.368
5625.00,-65.729
5625.49,-65.461
5625.98,-66.163
5626.46,-67.340
5626.95,-65.083
5627.44,-65.926
5627.93,-65.308
5628.42,-67.091
5628.91,-66.070
5629.39,-64.768
5629.88,-65.135
5630.37,-64.877
5630.86,-65.668
5631.35,-66.173
5631.84,-66.710
5632.32,-66.182
5632.81,-64.143
5633.30,-66.837
5633.79,-66.388
5634.28,-66.181
5634.77,-65.878
5635.25,-66.309
5635.74,-65.942
5636.23,-67.325
5636.72,-66.166
5637.21,-66.207
5637.70,-65.662
5638.18,-65.953
5638.67,-67.752
5639.16,-65.804
5639.65,-65.795
5640.14,-66.065
5640.62,-68.185
5641.11,-67.507
5641.60,-66.979
5642.09,-67.536
5642.58,-68.028
5643.07,-67.178
5643.55,-66.559
5644.04,-69.300
5644.53,-67.055
5645.02,-68.052
5645.51,-67.320
5646.00,-67.125
5646.48,-67.167
5646.97,-67.996
5647.46,-65.773
5647.95,-68.940
5648.44,-67.913
5648.93,-68.003
5649.41,-67.027
5649.90,-69.889
5650.39,-68.770
5650.88,-68.729
5651.37,-68.003
5651.86,-67.807
5652.34,-67.497
5652.83,-67.854
5653.32,-67.450
5653.81,-67.119
5654.30,-67.644
5654.79,-68.243
5655.27,-69.114
5655.76,-67.276
5656.25,-69.005
5656.74,-69.209
5657.23,-69.986
5657.71,-69.955
5658.20,-67.602
5658.69,-69.226
5659.18,-69.163
5659.67,-69.966
5660.16,-68.782
5660.64,-68.778
5661.13,-68.912
5661.62,-69.040
5662.11,-68.277
5662.60,-67.360
5663.09,-68.376
5663.57,-69.327
5664.06,-68.969
5664.55,-69.534
5665.04,-68.702
5665.53,-69.540
5666.02,-69.992
5666.50,-69.610
5666.99,-69.684
5667.48,-68.921
5667.97,-68.050
5668.46,-67.464
5668.95,-69.702
5669.43,-70.877
5669.92,-69.407
5670.41,-67.992
5670.90,-68.798
5671.39,-69.684
5671.88,-69.609
5672.36,-69.452
5672.85,-70.254
5673.34,-69.919
5673.83,-70.578
5674.32,-69.963
5674.80,-70.311
5675.29,-68.959
5675.78,-69.141
5676.27,-69.676
5676.76,-70.869
5677.25,-69.995
5677.73,-70.569
5678.22,-68.840
5678.71,-70.078
5679.20,-70.787
5679.69,-70.425
5680.18,-70.446
5680.66,-70.642
5681.15,-68.890
5681.64,-70.688
5682.13,-70.125
5682.62,-69.405
5683.11,-70.233
5683.59,-70.311
5684.08,-69.940
5684.57,-70.107
5685.06,-69.677
5685.55,-70.680
5686.04,-71.515
5686.52,-71.101
5687.01,-71.173
5687.50,-69.453
5687.99,-70.493
5688.48,-71.732
5688.96,-70.644
5689.45,-70.594
5689.94,-70.596
5690.43,-69.297
5690.92,-70.281
5691.41,-70.437
5691.89,-70.737
5692.38,-70.299
5692.87,-71.013
5693.36,-71.255
5693.85,-71.663
5694.34,-73.209
5694.82,-70.017
5695.31,-71.607
5695.80,-70.940
5696.29,-71.144
5696.78,-72.307
5697.27,-69.786
5697.75,-72.231
5698.24,-71.537
5698.73,-71.347
5699.22,-72.943
5699.71,-73.420
5700.20,-70.349
5700.68,-70.831
5701.17,-70.994
5701.66,-71.210
5702.15,-70.913
5702.64,-70.887
5703.12,-72.059
5703.61,-70.073
5704.10,-70.086
5704.59,-73.823
5705.08,-71.941
5705.57,-72.319
5706.05,-72.339
5706.54,-72.945
5707.03,-72.350
5707.52,-72.397
5708.01,-72.181
5708.50,-70.899
5708.98,-72.296
5709.47,-71.531
5709.96,-71.620
5710.45,-71.556
5710.94,-70.672
5711.43,-72.318
5711.91,-70.955
5712.40,-71.375
5712.89,-72.973
5713.38,-71.922
5713.87,-72.217
5714.36,-73.603
5714.84,-74.176
5715.33,-72.451
5715.82,-71.257
5716.31,-71.263
5716.80,-71.753
5717.29,-72.699
5717.77,-73.318
5718.26,-72.176
5718.75,-72.780
5719.24,-72.417
5719.73,-72.727
5720.21,-72.803
5720.70,-71.150
5721.19,-72.514
5721.68,-72.180
5722.17,-72.317
5722.66,-70.546
5723.14,-72.928
5723.63,-72.176
5724.12,-73.616
5724.61,-74.012
5725.10,-72.389
5725.59,-71.709
5726.07,-70.724
5726.56,-71.660
5727.05,-71.647
5727.54,-72.660
5728.03,-73.014
5728.52,-72.694
5729.00,-71.390
5729.49,-73.946
5729.98,-72.093
5730.47,-73.944
5730.96,-71.442
5731.45,-71.847
5731.93,-72.996
5732.42,-73.215
5732.91,-74.049
5733.40,-73.968
5733.89,-72.957
5734.38,-71.959
5734.86,-74.309
5735.35,-73.742
5735.84,-72.686
5736.33,-71.278
5736.82,-72.064
5737.30,-73.812
5737.79,-72.346
5738.28,-72.627
5738.77,-72.363
5739.26,-71.625
5739.75,-72.228
5740.23,-72.186
5740.72,-72.752
5741.21,-72.149
5741.70,-73.410
5742.19,-72.874
5742.68,-71.927
5743.16,-72.563
5743.65,-73.048
5744.14,-73.680
5744.63,-73.959
5745.12,-73.233
5745.61,-73.712
5746.09,-72.734
5746.58,-73.122
5747.07,-73.586
5747.56,-73.443
5748.05,-72.908
5748.54,-74.656
5749.02,-73.703
5749.51,-70.411
5750.00,-72.709
5750.49,-72.970
5750.98,-72.983
5751.46,-73.564
5751.95,-71.791
5752.44,-72.803
5752.93,-73.079
5753.42,-73.095
5753.91,-72.789
5754.39,-72.420
5754.88,-75.192
5755.37,-74.054
5755.86,-73.492
5756.35,-73.042
5756.84,-72.915
5757.32,-74.229
5757.81,-76.608
5758.30,-75.526
5758.79,-71.703
5759.28,-74.296
5759.77,-73.174
5760.25,-73.556
5760.74,-72.500
5761.23,-74.057
5761.72,-74.029
5762.21,-73.781
5762.70,-72.668
5763.18,-73.146
5763.67,-72.972
5764.16,-72.978
5764.65,-71.926
5765.14,-73.202
5765.62,-73.696
5766.11,-73.081
5766.60,-72.861
5767.09,-72.360
5767.58,-71.081
5768.07,-72.688
5768.55,-73.931
5769.04,-72.697
5769.53,-72.762
5770.02,-74.036
5770.51,-74.049
5771.00,-74.717
5771.48,-73.264
5771.97,-72.575
5772.46,-72.776
5772.95,-74.557
5773.44,-75.025
5773.93,-75.191
5774.41,-76.206
5774.90,-75.542
5775.39,-73.977
5775.88,-73.821
5776.37,-73.513
5776.86,-73.461
5777.34,-73.731
5777.83,-74.228
5778.32,-72.866
5778.81,-73.642
5779.30,-73.809
5779.79,-74.015
5780.27,-74.460
5780.76,-73.439
5781.25,-73.278
5781.74,-74.665
5782.23,-73.118
5782.71,-72.944
5783.20,-75.776
5783.69,-73.809
5784.18,-72.589
5784.67,-72.901
5785.16,-73.639
5785.64,-73.978
5786.13,-76.193
5786.62,-75.552
5787.11,-73.159
5787.60,-72.812
5788.09,-73.701
5788.57,-72.520
5789.06,-73.373
5789.55,-74.199
5790.04,-74.787
5790.53,-73.857
5791.02,-71.922
5791.50,-72.687
5791.99,-73.178
5792.48,-73.631
5792.97,-73.053
5793.46,-73.039
5793.95,-74.088
5794.43,-72.799
5794.92,-74.362
5795.41,-74.153
5795.90,-74.502
5796.39,-73.415
5796.88,-74.166
5797.36,-72.790
5797.85,-75.091
5798.34,-74.822
5798.83,-74.882
5799.32,-73.683
5799.80,-73.265
5800.29,-72.959
5800.78,-74.191
5801.27,-75.110
5801.76,-75.956
5802.25,-73.377
5802.73,-74.103
5803.22,-72.971
5803.71,-73.581
5804.20,-74.564
5804.69,-73.827
5805.18,-73.216
5805.66,-73.152
5806.15,-72.662
5806.64,-74.034
5807.13,-73.429
5807.62,-72.935
5808.11,-73.405
5808.59,-72.289
5809.08,-72.938
5809.57,-74.397
5810.06,-74.702
5810.55,-74.824
5811.04,-72.381
5811.52,-74.052
5812.01,-73.213
5812.50,-73.525
5812.99,-74.242
5813.48,-73.094
5813.96,-75.556
5814.45,-72.976
5814.94,-74.014
5815.43,-74.934
5815.92,-74.292
5816.41,-73.614
5816.89,-75.516
5817.38,-75.695
5817.87,-72.730
5818.36,-75.406
5818.85,-72.884
5819.34,-73.715
5819.82,-73.490
5820.31,-74.829
5820.80,-74.441
5821.29,-73.278
5821.78,-73.890
5822.27,-74.558
5822.75,-74.126
5823.24,-72.020
5823.73,-74.196
5824.22,-73.788
5824.71,-73.421
5825.20,-74.815
5825.68,-73.263
5826.17,-73.449
5826.66,-75.565
5827.15,-75.327
5827.64,-74.874
5828.12,-73.757
5828.61,-73.029
5829.10,-74.848
5829.59,-73.738
5830.08,-73.161
5830.57,-73.009
5831.05,-74.718
5831.54,-73.937
5832.03,-75.182
5832.52,-73.916
5833.01,-74.768
5833.50,-74.078
5833.98,-73.487
5834.47,-73.499
5834.96,-72.925
5835.45,-73.905
5835.94,-73.516
5836.43,-74.966
5836.91,-72.116
5837.40,-73.008
5837.89,-72.339
5838.38,-73.747
5838.87,-73.804
5839.36,-72.426
5839.84,-73.433
5840.33,-74.444
5840.82,-75.622
5841.31,-74.137
5841.80,-73.816
5842.29,-73.379
5842.77,-74.005
5843.26,-73.110
5843.75,-74.589
5844.24,-73.859
5844.73,-74.780
5845.21,-74.479
5845.70,-74.081
5846.19,-74.146
5846.68,-75.045
5847.17,-73.095
5847.66,-74.036
5848.14,-74.191
5848.63,-74.707
5849.12,-75.251
5849.61,-73.754
5850.10,-73.402
5850.59,-72.972
5851.07,-73.484
5851.56,-72.707
5852.05,-74.311
5852.54,-73.898
5853.03,-72.879
5853.52,-73.802
5854.00,-73.032
5854.49,-72.291
5854.98,-73.849
5855.47,-73.214
5855.96,-75.027
5856.45,-73.691
5856.93,-75.552
5857.42,-74.212
5857.91,-72.917
5858.40,-74.052
5858.89,-73.708
5859.38,-74.877
5859.86,-73.081
5860.35,-72.892
5860.84,-74.018
5861.33,-73.777
5861.82,-72.560
5862.30,-73.147
5862.79,-72.915
5863.28,-73.088
5863.77,-75.107
5864.26,-72.812
5864.75,-72.714
5865.23,-71.698
5865.72,-72.400
5866.21,-74.586
5866.70,-71.805
5867.19,-73.578
5867.68,-72.892
5868.16,-73.269
5868.65,-74.123
5869.14,-75.704
5869.63,-73.548
5870.12,-73.645
5870.61,-74.553
5871.09,-74.069
5871.58,-73.145
5872.07,-74.079
5872.56,-71.755
5873.05,-73.202
5873.54,-72.651
5874.02,-72.487
5874.51,-74.100
5875.00,-73.413
5875.49,-73.326
5875.98,-72.354
5876.46,-72.451
5876.95,-72.211
5877.44,-71.824
5877.93,-74.178
5878.42,-73.238
5878.91,-72.442
5879.39,-73.033
5879.88,-72.229
5880.37,-73.033
5880.86,-74.103
5881.35,-73.248
5881.84,-72.624
5882.32,-72.163
5882.81,-73.822
5883.30,-73.491
5883.79,-74.293
5884.28,-72.426
5884.77,-72.851
5885.25,-72.595
5885.74,-73.256
5886.23,-73.267
5886.72,-73.885
5887.21,-73.671
5887.70,-73.609
5888.18,-73.386
5888.67,-74.641
5889.16,-72.183
5889.65,-72.187
5890.14,-73.943
5890.62,-75.071
5891.11,-73.826
5891.60,-73.472
5892.09,-73.239
5892.58,-72.682
5893.07,-72.696
5893.55,-71.315
5894.04,-73.271
5894.53,-72.540
5895.02,-71.557
5895.51,-72.217
5896.00,-72.778
5896.48,-74.616
5896.97,-74.994
5897.46,-70.976
5897.95,-73.823
5898.44,-73.279
5898.93,-74.460
5899.41,-72.919
5899.90,-73.665
5900.39,-71.062
5900.88,-73.267
5901.37,-71.860
5901.86,-72.549
5902.34,-72.076
5902.83,-73.529
5903.32,-72.700
5903.81,-72.366
5904.30,-73.330
5904.79,-71.695
5905.27,-72.691
5905.76,-73.292
5906.25,-73.785
5906.74,-73.320
5907.23,-72.452
5907.71,-73.163
5908.20,-74.071
5908.69,-72.821
5909.18,-72.376
5909.67,-71.358
5910.16,-71.374
5910.64,-71.932
5911.13,-70.946
5911.62,-71.516
5912.11,-72.662
5912.60,-72.134
5913.09,-71.852
5913.57,-72.290
5914.06,-72.798
5914.55,-73.185
5915.04,-70.501
5915.53,-73.042
5916.02,-73.568
5916.50,-70.884
5916.99,-72.349
5917.48,-73.360
5917.97,-74.349
5918.46,-71.681
5918.95,-71.270
5919.43,-72.215
5919.92,-70.765
5920.41,-71.170
5920.90,-71.386
5921.39,-71.290
5921.88,-73.549
5922.36,-70.289
5922.85,-71.001
5923.34,-72.319
5923.83,-72.153
5924.32,-72.815
5924.80,-70.615
5925.29,-70.804
5925.78,-71.456
5926.27,-71.659
5926.76,-71.438
5927.25,-72.253
5927.73,-70.658
5928.22,-70.867
5928.71,-71.575
5929.20,-70.013
5929.69,-71.050
5930.18,-72.607
5930.66,-71.953
5931.15,-70.819
5931.64,-72.084
5932.13,-71.689
5932.62,-72.548
5933.11,-71.123
5933.59,-70.802
5934.08,-71.371
5934.57,-71.703
5935.06,-71.316
5935.55,-72.182
5936.04,-70.689
5936.52,-71.783
5937.01,-71.068
5937.50,-72.669
5937.99,-71.644
5938.48,-71.164
5938.96,-71.897
5939.45,-71.231
5939.94,-71.406
5940.43,-70.388
5940.92,-70.605
5941.41,-72.312
5941.89,-70.268
5942.38,-71.143
5942.87,-71.369
5943.36,-71.356
5943.85,-70.971
5944.34,-70.460
5944.82,-71.036
5945.31,-71.694
5945.80,-71.476
5946.29,-70.032
5946.78,-69.719
5947.27,-69.959
5947.75,-70.512
5948.24,-69.157
5948.73,-69.391
5949.22,-71.859
5949.71,-69.671
5950.20,-69.801
5950.68,-69.650
5951.17,-69.782
5951.66,-70.010
5952.15,-70.033
5952.64,-69.485
5953.12,-69.124
5953.61,-69.678
5954.10,-70.292
5954.59,-69.709
5955.08,-70.835
5955.57,-69.499
5956.05,-69.512
5956.54,-70.189
5957.03,-69.543
5957.52,-68.634
5958.01,-68.282
5958.50,-68.107
5958.98,-69.571
5959.47,-69.907
5959.96,-69.964
5960.45,-70.555
5960.94,-68.535
5961.43,-70.829
5961.91,-70.000
5962.40,-69.161
5962.89,-69.926
5963.38,-69.832
5963.87,-68.826
5964.36,-67.549
5964.84,-69.020
5965.33,-69.227
5965.82,-69.000
5966.31,-70.017
5966.80,-69.842
5967.29,-68.519
5967.77,-69.891
5968.26,-69.147
5968.75,-68.432
5969.24,-69.530
5969.73,-68.051
5970.21,-68.932
5970.70,-68.047
5971.19,-68.729
5971.68,-67.425
5972.17,-68.321
5972.66,-69.098
5973.14,-70.123
5973.63,-70.039
5974.12,-69.023
5974.61,-68.584
5975.10,-70.220
5975.59,-67.461
5976.07,-66.771
5976.56,-68.232
5977.05,-67.281
5977.54,-68.004
5978.03,-66.692
5978.52,-68.252
5979.00,-67.540
5979.49,-68.348
5979.98,-67.990
5980.47,-66.117
5980.96,-67.348
5981.45,-67.506
5981.93,-67.966
5982.42,-68.851
5982.91,-66.784
5983.40,-68.198
5983.89,-66.985
5984.38,-69.225
5984.86,-66.460
5985.35,-65.720
5985.84,-66.575
5986.33,-67.956
5986.82,-67.248
5987.30,-68.365
5987.79,-67.407
5988.28,-68.070
5988.77,-69.228
5989.26,-67.673
5989.75,-66.374
5990.23,-67.117
5990.72,-65.761
5991.21,-67.264
5991.70,-68.899
5992.19,-65.835
5992.68,-67.528
5993.16,-67.839
5993.65,-67.786
5994.14,-65.758
5994.63,-66.611
5995.12,-66.232
5995.61,-67.393
5996.09,-67.306
5996.58,-65.693
5997.07,-67.045
5997.56,-67.215
5998.05,-66.452
5998.54,-65.423
5999.02,-67.315
5999.51,-67.411
6000.00,-66.923
6000.49,-65.892
6000.98,-67.242
6001.46,-67.391
6001.95,-67.023
6002.44,-66.228
6002.93,-65.168
6003.42,-67.392
6003.91,-65.487
6004.39,-64.526
6004.88,-66.187
6005.37,-66.464
6005.86,-65.524
6006.35,-65.443
6006.84,-64.387
6007.32,-65.566
6007.81,-65.970
6008.30,-65.654
6008.79,-67.710
6009.28,-65.635
6009.77,-65.435
6010.25,-64.892
6010.74,-66.967
6011.23,-65.336
6011.72,-64.229
6012.21,-65.091
6012.70,-65.304
6013.18,-65.846
6013.67,-65.573
6014.16,-64.292
6014.65,-64.454
6015.14,-66.843
6015.62,-64.460
6016.11,-65.287
6016.60,-65.057
6017.09,-65.779
6017.58,-66.221
6018.07,-65.953
6018.55,-68.028
6019.04,-66.573
6019.53,-65.532
6020.02,-65.988
6020.51,-66.416
6021.00,-66.277
6021.48,-65.999
6021.97,-64.092
6022.46,-65.745
6022.95,-65.524
6023.44,-64.507
6023.93,-67.281
6024.41,-67.153
6024.90,-66.747
6025.39,-64.593
6025.88,-66.322
6026.37,-65.994
6026.86,-64.332
6027.34,-65.684
6027.83,-65.736
6028.32,-66.279
6028.81,-68.256
6029.30,-65.607
6029.79,-66.853
6030.27,-65.286
6030.76,-65.307
6031.25,-66.389
6031.74,-64.994
6032.23,-65.967
6032.71,-65.585
6033.20,-65.855
6033.69,-67.359
6034.18,-66.526
6034.67,-66.654
6035.16,-65.959
6035.64,-66.539
6036.13,-66.652
6036.62,-66.838
6037.11,-65.924
6037.60,-66.079
6038.09,-67.149
6038.57,-64.542
6039.06,-67.992
6039.55,-66.092
6040.04,-66.641
6040.53,-65.297
6041.02,-65.998
6041.50,-66.579
6041.99,-65.279
6042.48,-66.757
6042.97,-65.274
6043.46,-64.846
6043.95,-65.899
6044.43,-65.949
6044.92,-64.332
6045.41,-65.574
6045.90,-64.416
6046.39,-65.191
6046.88,-65.363
6047.36,-64.551
6047.85,-64.921
6048.34,-65.775
6048.83,-64.842
6049.32,-66.243
6049.80,-66.226
6050.29,-64.186
6050.78,-65.429
6051.27,-68.834
6051.76,-64.710
6052.25,-65.941
6052.73,-64.805
6053.22,-66.698
6053.71,-64.909
6054.20,-66.859
6054.69,-65.979
6055.18,-66.816
6055.66,-67.808
6056.15,-65.430
6056.64,-67.530
6057.13,-66.778
6057.62,-65.934
6058.11,-65.786
6058.59,-64.545
6059.08,-66.708
6059.57,-68.349
6060.06,-65.432
6060.55,-66.690
6061.04,-66.648
6061.52,-67.212
6062.01,-66.135
6062.50,-68.356
6062.99,-69.039
6063.48,-67.100
6063.96,-68.463
6064.45,-67.584
6064.94,-66.430
6065.43,-66.388
6065.92,-67.054
6066.41,-66.344
6066.89,-66.998
6067.38,-68.298
6067.87,-66.131
6068.36,-67.147
6068.85,-67.160
6069.34,-67.583
6069.82,-66.400
6070.31,-66.955
6070.80,-67.060
6071.29,-66.353
6071.78,-68.036
6072.27,-68.234
6072.75,-66.435
6073.24,-68.957
6073.73,-68.337
6074.22,-66.847
6074.71,-66.747
6075.20,-67.023
6075.68,-68.145
6076.17,-68.460
6076.66,-69.078
6077.15,-67.840
6077.64,-67.997
6078.12,-68.573
6078.61,-67.559
6079.10,-67.929
6079.59,-68.085
6080.08,-67.464
6080.57,-68.615
6081.05,-68.612
6081.54,-68.203
6082.03,-68.589
6082.52,-69.750
6083.01,-67.494
6083.50,-67.501
6083.98,-69.224
6084.47,-67.727
6084.96,-69.460
6085.45,-68.618
6085.94,-68.488
6086.43,-67.952
6086.91,-69.125
6087.40,-69.857
6087.89,-69.703
6088.38,-68.900
6088.87,-67.585
6089.36,-69.090
6089.84,-67.982
6090.33,-67.621
6090.82,-69.051
6091.31,-69.205
6091.80,-69.015
6092.29,-68.835
6092.77,-69.785
6093.26,-69.869
6093.75,-68.786
6094.24,-68.819
6094.73,-68.306
6095.21,-71.300
6095.70,-70.079
6096.19,-70.189
6096.68,-70.478
6097.17,-70.976
6097.66,-68.671
6098.14,-70.432
6098.63,-70.492
6099.12,-68.855
6099.61,-70.636
6100.10,-70.369
6100.59,-69.518
6101.07,-69.824
6101.56,-69.521
6102.05,-68.376
6102.54,-70.762
6103.03,-70.400
6103.52,-70.775
6104.00,-70.634
6104.49,-69.520
6104.98,-69.975
6105.47,-71.188
6105.96,-70.532
6106.45,-68.801
6106.93,-69.937
6107.42,-71.288
6107.91,-71.993
6108.40,-70.537
6108.89,-71.314
6109.38,-70.647
6109.86,-70.048
6110.35,-69.914
6110.84,-69.635
6111.33,-72.015
6111.82,-72.584
6112.30,-71.340
6112.79,-70.820
6113.28,-70.991
6113.77,-72.493
6114.26,-69.515
6114.75,-71.358
6115.23,-71.419
6115.72,-70.496
6116.21,-70.429
6116.70,-72.627
6117.19,-72.323
6117.68,-71.206
6118.16,-71.566
6118.65,-73.021
6119.14,-72.094
6119.63,-72.613
6120.12,-73.187
6120.61,-71.936
6121.09,-70.454
6121.58,-71.777
6122.07,-72.259
6122.56,-70.139
6123.05,-70.491
6123.54,-72.179
6124.02,-73.266
6124.51,-71.897
6125.00,-71.234
6125.49,-72.567
6125.98,-71.766
6126.46,-71.191
6126.95,-72.383
6127.44,-71.753
6127.93,-72.143
6128.42,-72.246
6128.91,-71.572
6129.39,-72.919
6129.88,-73.091
6130.37,-72.015
6130.86,-73.347
6131.35,-72.441
6131.84,-70.989
6132.32,-70.463
6132.81,-71.298
6133.30,-71.863
6133.79,-72.435
6134.28,-71.210
6134.77,-72.281
6135.25,-73.560
6135.74,-73.826
6136.23,-71.206
6136.72,-72.815
6137.21,-72.653
6137.70,-71.968
6138.18,-72.203
6138.67,-72.154
6139.16,-72.088
6139.65,-73.586
6140.14,-73.573
6140.62,-72.189
6141.11,-71.782
6141.60,-71.004
6142.09,-73.811
6142.58,-73.634
6143.07,-71.370
6143.55,-70.731
6144.04,-72.181
6144.53,-72.409
6145.02,-71.183
6145.51,-74.357
6146.00,-73.306
6146.48,-72.714
6146.97,-74.747
6147.46,-73.503
6147.95,-73.506
6148.44,-72.240
6148.93,-73.392
6149.41,-73.397
6149.90,-73.754
6150.39,-74.060
6150.88,-73.745
6151.37,-72.159
6151.86,-73.450
6152.34,-73.992
6152.83,-73.244
6153.32,-74.501
6153.81,-73.120
6154.30,-74.121
6154.79,-74.240
6155.27,-74.441
6155.76,-73.957
6156.25,-74.481
6156.74,-73.256
6157.23,-72.705
6157.71,-73.197
6158.20,-72.678
6158.69,-73.829
6159.18,-74.558
6159.67,-74.987
6160.16,-72.764
6160.64,-73.672
6161.13,-72.699
6161.62,-73.402
6162.11,-73.386
6162.60,-75.417
6163.09,-74.215
6163.57,-73.080
6164.06,-73.723
6164.55,-72.550
6165.04,-72.942
6165.53,-73.383
6166.02,-74.188
6166.50,-74.336
6166.99,-75.273
6167.48,-73.112
6167.97,-73.337
6168.46,-72.963
6168.95,-73.815
6169.43,-74.125
6169.92,-75.043
6170.41,-74.280
6170.90,-73.444
6171.39,-72.733
6171.88,-74.256
6172.36,-72.953
6172.85,-71.873
6173.34,-74.562
6173.83,-73.135
6174.32,-74.477
6174.80,-73.050
6175.29,-74.146
6175.78,-74.852
6176.27,-75.630
6176.76,-73.718
6177.25,-75.255
6177.73,-73.083
6178.22,-73.428
6178.71,-71.945
6179.20,-73.911
6179.69,-74.527
6180.18,-75.170
6180.66,-73.843
6181.15,-74.480
6181.64,-75.264
6182.13,-75.768
6182.62,-74.127
6183.11,-75.364
6183.59,-75.614
6184.08,-74.881
6184.57,-74.255
6185.06,-72.571
6185.55,-73.854
6186.04,-75.927
6186.52,-73.773
6187.01,-74.154
6187.50,-75.698
6187.99,-73.909
6188.48,-73.637
6188.96,-75.458
6189.45,-75.249
6189.94,-76.066
6190.43,-75.707
6190.92,-75.619
6191.41,-76.026
6191.89,-73.991
6192.38,-76.197
6192.87,-75.825
6193.36,-72.775
6193.85,-73.952
6194.34,-74.276
6194.82,-76.440
6195.31,-73.262
6195.80,-75.465
6196.29,-74.095
6196.78,-75.638
6197.27,-76.125
6197.75,-75.968
6198.24,-75.176
6198.73,-74.225
6199.22,-74.531
6199.71,-75.244
6200.20,-74.193
6200.68,-74.427
6201.17,-74.883
6201.66,-74.129
6202.15,-75.050
6202.64,-75.374
6203.12,-76.462
6203.61,-74.846
6204.10,-73.079
6204.59,-75.117
6205.08,-75.201
6205.57,-75.545
6206.05,-75.226
6206.54,-75.692
6207.03,-74.658
6207.52,-74.344
6208.01,-75.087
6208.50,-76.828
6208.98,-74.220
6209.47,-74.503
6209.96,-72.844
6210.45,-74.259
6210.94,-76.141
6211.43,-78.229
6211.91,-76.043
6212.40,-75.630
6212.89,-75.384
6213.38,-75.065
6213.87,-76.666
6214.36,-74.896
6214.84,-75.480
6215.33,-75.621
6215.82,-77.623
6216.31,-76.901
6216.80,-76.117
6217.29,-76.452
6217.77,-76.089
6218.26,-74.493
6218.75,-75.182
6219.24,-74.844
6219.73,-78.033
6220.21,-75.863
6220.70,-75.933
6221.19,-74.686
6221.68,-75.294
6222.17,-76.283
6222.66,-74.530
6223.14,-75.673
6223.63,-74.793
6224.12,-76.584
6224.61,-75.286
6225.10,-75.321
6225.59,-75.805
6226.07,-76.145
6226.56,-75.300
6227.05,-76.600
6227.54,-74.796
6228.03,-76.780
6228.52,-76.094
6229.00,-77.599
6229.49,-76.580
6229.98,-76.227
6230.47,-75.106
6230.96,-75.859
6231.45,-77.085
6231.93,-77.404
6232.42,-76.006
6232.91,-75.874
6233.40,-74.327
6233.89,-74.768
6234.38,-76.485
6234.86,-74.617
6235.35,-75.444
6235.84,-74.881
6236.33,-76.787
6236.82,-75.606
6237.30,-75.755
6237.79,-77.618
6238.28,-75.437
6238.77,-76.319
6239.26,-74.988
6239.75,-76.346
6240.23,-76.463
6240.72,-75.548
6241.21,-77.388
6241.70,-76.483
6242.19,-75.238
6242.68,-76.532
6243.16,-75.891
6243.65,-75.321
6244.14,-74.658
6244.63,-74.802
6245.12,-75.562
6245.61,-76.427
6246.09,-75.384
6246.58,-77.217
6247.07,-76.254
6247.56,-76.607
6248.05,-75.663
6248.54,-78.166
6249.02,-76.166
6249.51,-76.306
6250.00,-75.323
6250.49,-75.605
6250.98,-75.771
6251.46,-76.634
6251.95,-75.037
6252.44,-75.984
6252.93,-75.330
6253.42,-76.236
6253.91,-77.329
6254.39,-75.261
6254.88,-76.247
6255.37,-77.813
6255.86,-77.200
6256.35,-76.539
6256.84,-76.128
6257.32,-76.350
6257.81,-74.120
6258.30,-75.911
6258.79,-75.089
6259.28,-76.503
6259.77,-76.169
6260.25,-75.612
6260.74,-75.728
6261.23,-76.477
6261.72,-76.312
6262.21,-76.687
6262.70,-74.480
6263.18,-76.561
6263.67,-75.812
6264.16,-76.439
6264.65,-75.420
6265.14,-75.265
6265.62,-76.632
6266.11,-76.508
6266.60,-74.855
6267.09,-75.491
6267.58,-76.917
6268.07,-75.763
6268.55,-75.169
6269.04,-75.947
6269.53,-77.027
6270.02,-76.812
6270.51,-77.365
6271.00,-77.126
6271.48,-77.607
6271.97,-76.818
6272.46,-75.737
6272.95,-76.876
6273.44,-76.829
6273.93,-77.574
6274.41,-76.778
6274.90,-76.316
6275.39,-76.905
6275.88,-75.219
6276.37,-75.170
6276.86,-75.427
6277.34,-77.542
6277.83,-76.836
6278.32,-77.654
6278.81,-76.204
6279.30,-75.602
6279.79,-75.464
6280.27,-76.498
6280.76,-77.422
6281.25,-76.533
6281.74,-76.625
6282.23,-76.097
6282.71,-77.091
6283.20,-77.243
6283.69,-76.422
6284.18,-76.141
6284.67,-75.821
6285.16,-76.845
6285.64,-76.801
6286.13,-77.134
6286.62,-76.659
6287.11,-75.727
6287.60,-76.605
6288.09,-77.078
6288.57,-78.023
6289.06,-78.345
6289.55,-76.573
6290.04,-78.035
6290.53,-77.002
6291.02,-76.178
6291.50,-76.726
6291.99,-75.012
6292.48,-76.313
6292.97,-77.167
6293.46,-76.401
6293.95,-76.089
6294.43,-78.080
6294.92,-78.267
6295.41,-76.537
6295.90,-76.731
6296.39,-76.214
6296.88,-76.039
6297.36,-75.051
6297.85,-76.827
6298.34,-75.834
6298.83,-76.681
6299.32,-75.441
6299.80,-76.702
6300.29,-76.525
6300.78,-76.541
6301.27,-76.136
6301.76,-76.491
6302.25,-76.445
6302.73,-76.958
6303.22,-76.203
6303.71,-75.973
6304.20,-76.440
6304.69,-76.219
6305.18,-77.394
6305.66,-75.820
6306.15,-77.312
6306.64,-77.137
6307.13,-74.955
6307.62,-76.157
6308.11,-78.209
6308.59,-77.095
6309.08,-76.639
6309.57,-77.731
6310.06,-77.644
6310.55,-75.712
6311.04,-75.593
6311.52,-76.357
6312.01,-77.782
6312.50,-76.992
6312.99,-76.439
6313.48,-75.825
6313.96,-76.246
6314.45,-75.244
6314.94,-75.883
6315.43,-77.611
6315.92,-76.594
6316.41,-77.449
6316.89,-76.420
6317.38,-77.802
6317.87,-76.062
6318.36,-77.106
6318.85,-75.308
6319.34,-76.552
6319.82,-77.117
6320.31,-78.209
6320.80,-75.873
6321.29,-75.079
6321.78,-75.718
6322.27,-77.011
6322.75,-76.893
6323.24,-76.022
6323.73,-76.951
6324.22,-75.849
6324.71,-75.582
6325.20,-75.648
6325.68,-76.231
6326.17,-76.311
6326.66,-75.586
6327.15,-75.410
6327.64,-75.538
6328.12,-76.325
6328.61,-76.808
6329.10,-78.120
6329.59,-76.972
6330.08,-76.095
6330.57,-77.231
6331.05,-75.749
6331.54,-76.785
6332.03,-77.154
6332.52,-74.977
6333.01,-75.156
6333.50,-75.856
6333.98,-77.735
6334.47,-75.290
6334.96,-76.576
6335.45,-77.485
6335.94,-77.211
6336.43,-76.202
6336.91,-75.932
6337.40,-77.469
6337.89,-76.094
6338.38,-77.244
6338.87,-76.217
6339.36,-75.055
6339.84,-75.417
6340.33,-77.304
6340.82,-74.879
6341.31,-74.722
6341.80,-74.939
6342.29,-74.678
6342.77,-73.643
6343.26,-75.291
6343.75,-76.169
6344.24,-77.388
6344.73,-74.673
6345.21,-74.131
6345.70,-76.146
6346.19,-77.869
6346.68,-78.064
6347.17,-76.513
6347.66,-76.301
6348.14,-77.357
6348.63,-77.444
6349.12,-77.303
6349.61,-73.873
6350.10,-75.043
6350.59,-75.724
6351.07,-75.647
6351.56,-75.926
6352.05,-75.956
6352.54,-77.417
6353.03,-74.989
6353.52,-75.591
6354.00,-75.525
6354.49,-75.068
6354.98,-74.756
6355.47,-74.414
6355.96,-75.610
6356.45,-74.259
6356.93,-76.197
6357.42,-76.320
6357.91,-77.120
6358.40,-75.937
6358.89,-77.889
6359.38,-74.254
6359.86,-74.354
6360.35,-76.194
6360.84,-76.278
6361.33,-75.574
6361.82,-75.792
6362.30,-78.102
6362.79,-77.170
6363.28,-75.956
6363.77,-76.080
6364.26,-74.724
6364.75,-75.762
6365.23,-76.249
6365.72,-77.200
6366.21,-75.187
6366.70,-76.518
6367.19,-75.911
6367.68,-76.619
6368.16,-76.728
6368.65,-75.432
6369.14,-74.522
6369.63,-76.510
6370.12,-76.760
6370.61,-75.644
6371.09,-74.485
6371.58,-74.761
6372.07,-75.324
6372.56,-74.495
6373.05,-76.790
6373.54,-76.349
6374.02,-76.096
6374.51,-74.591
6375.00,-75.850
6375.49,-75.252
6375.98,-74.081
6376.46,-75.179
6376.95,-73.770
6377.44,-75.427
6377.93,-75.890
6378.42,-74.667
6378.91,-74.972
6379.39,-74.075
6379.88,-73.313
6380.37,-75.292
6380.86,-75.342
6381.35,-76.010
6381.84,-76.209
6382.32,-74.243
6382.81,-75.937
6383.30,-73.723
6383.79,-76.424
6384.28,-74.483
6384.77,-75.834
6385.25,-75.883
6385.74,-74.563
6386.23,-75.541
6386.72,-75.280
6387.21,-75.171
6387.70,-74.830
6388.18,-76.668
6388.67,-74.952
6389.16,-74.504
6389.65,-74.438
6390.14,-74.906
6390.62,-75.835
6391.11,-73.743
6391.60,-76.969
6392.09,-76.421
6392.58,-75.379
6393.07,-74.181
6393.55,-73.837
6394.04,-74.262
6394.53,-76.016
6395.02,-74.883
6395.51,-74.128
6396.00,-74.789
6396.48,-74.714
6396.97,-74.580
6397.46,-74.381
6397.95,-74.696
6398.44,-74.965
6398.93,-75.621
6399.41,-73.683
6399.90,-73.720
6400.39,-74.963
6400.88,-74.725
6401.37,-73.437
6401.86,-74.167
6402.34,-73.073
6402.83,-77.228
6403.32,-75.489
6403.81,-74.620
6404.30,-76.078
6404.79,-73.135
6405.27,-76.602
6405.76,-75.385
6406.25,-74.661
6406.74,-74.797
6407.23,-75.282
6407.71,-74.519
6408.20,-72.625
6408.69,-72.780
6409.18,-73.222
6409.67,-74.843
6410.16,-73.628
6410.64,-73.419
6411.13,-73.400
6411.62,-72.524
6412.11,-74.703
6412.60,-76.307
6413.09,-74.541
6413.57,-73.735
6414.06,-73.375
6414.55,-75.700
6415.04,-74.588
6415.53,-73.162
6416.02,-74.697
6416.50,-74.207
6416.99,-72.899
6417.48,-73.182
6417.97,-74.868
6418.46,-74.227
6418.95,-75.090
6419.43,-73.963
6419.92,-74.782
6420.41,-73.795
6420.90,-74.069
6421.39,-74.960
6421.88,-73.692
6422.36,-72.888
6422.85,-72.847
6423.34,-71.998
6423.83,-73.391
6424.32,-74.735
6424.80,-72.281
6425.29,-72.480
6425.78,-72.952
6426.27,-73.599
6426.76,-72.852
6427.25,-73.710
6427.73,-73.534
6428.22,-75.434
6428.71,-72.917
6429.20,-73.081
6429.69,-74.029
6430.18,-73.200
6430.66,-74.898
6431.15,-73.792
6431.64,-73.177
6432.13,-74.986
6432.62,-72.351
6433.11,-71.679
6433.59,-71.945
6434.08,-73.048
6434.57,-73.683
6435.06,-74.330
6435.55,-72.816
6436.04,-72.007
6436.52,-72.202
6437.01,-72.263
6437.50,-72.879
6437.99,-71.537
6438.48,-72.106
6438.96,-72.191
6439.45,-74.356
6439.94,-73.825
6440.43,-73.767
6440.92,-73.275
6441.41,-72.933
6441.89,-73.533
6442.38,-73.462
6442.87,-72.701
6443.36,-73.416
6443.85,-74.159
6444.34,-72.613
6444.82,-70.989
6445.31,-71.865
6445.80,-71.006
6446.29,-72.386
6446.78,-72.067
6447.27,-72.020
6447.75,-72.445
6448.24,-73.371
6448.73,-72.355
6449.22,-72.947
6449.71,-72.116
6450.20,-72.313
6450.68,-72.155
6451.17,-72.204
6451.66,-71.899
6452.15,-73.998
6452.64,-72.149
6453.12,-73.987
6453.61,-72.491
6454.10,-71.910
6454.59,-71.172
6455.08,-71.526
6455.57,-72.974
6456.05,-71.971
6456.54,-72.990
6457.03,-72.812
6457.52,-71.439
6458.01,-72.667
6458.50,-71.750
6458.98,-71.544
6459.47,-71.022
6459.96,-71.273
6460.45,-71.862
6460.94,-72.082
6461.43,-71.028
6461.91,-71.665
6462.40,-72.549
6462.89,-70.830
6463.38,-73.433
6463.87,-71.244
6464.36,-70.773
6464.84,-70.263
6465.33,-71.329
6465.82,-71.446
6466.31,-71.130
6466.80,-72.330
6467.29,-72.552
6467.77,-71.359
6468.26,-73.636
6468.75,-70.704
6469.24,-71.124
6469.73,-72.881
6470.21,-70.026
6470.70,-71.347
6471.19,-70.127
6471.68,-71.708
6472.17,-72.315
6472.66,-72.520
6473.14,-72.356
6473.63,-70.884
6474.12,-71.661
6474.61,-72.320
6475.10,-70.364
6475.59,-71.191
6476.07,-71.225
6476.56,-70.562
6477.05,-70.137
6477.54,-70.460
6478.03,-72.073
6478.52,-71.645
6479.00,-71.349
6479.49,-71.892
6479.98,-72.201
6480.47,-71.583
6480.96,-69.889
6481.45,-70.132
6481.93,-70.052
6482.42,-71.751
6482.91,-72.405
6483.40,-70.821
6483.89,-71.613
6484.38,-70.285
6484.86,-71.672
6485.35,-71.185
6485.84,-72.047
6486.33,-71.768
6486.82,-69.116
6487.30,-71.575
6487.79,-69.992
6488.28,-72.956
6488.77,-72.097
6489.26,-70.435
6489.75,-72.067
6490.23,-71.430
6490.72,-71.310
6491.21,-72.137
6491.70,-72.274
6492.19,-70.023
6492.68,-69.623
6493.16,-72.932
6493.65,-71.757
6494.14,-71.552
6494.63,-72.090
6495.12,-69.755
6495.61,-70.317
6496.09,-71.527
6496.58,-71.406
6497.07,-70.617
6497.56,-70.766
6498.05,-71.633
6498.54,-69.976
6499.02,-71.175
6499.51,-71.056
6500.00,-72.409
6500.49,-70.861
6500.98,-70.904
6501.46,-72.008
6501.95,-70.831
6502.44,-70.668
6502.93,-71.923
6503.42,-71.343
6503.91,-70.101
6504.39,-72.021
6504.88,-71.684
6505.37,-69.791
6505.86,-71.096
6506.35,-71.885
6506.84,-70.107
6507.32,-69.958
6507.81,-69.788
6508.30,-71.796
6508.79,-68.847
6509.28,-71.330
6509.77,-72.736
6510.25,-72.308
6510.74,-71.602
6511.23,-70.821
6511.72,-72.306
6512.21,-70.964
6512.70,-69.269
6513.18,-70.435
6513.67,-71.119
6514.16,-71.567
6514.65,-71.888
6515.14,-72.465
6515.62,-71.485
6516.11,-71.107
6516.60,-71.842
6517.09,-71.106
6517.58,-72.314
6518.07,-72.538
6518.55,-71.390
6519.04,-72.103
6519.53,-70.705
6520.02,-71.044
6520.51,-72.259
6521.00,-73.874
6521.48,-71.054
6521.97,-70.287
6522.46,-70.027
6522.95,-71.251
6523.44,-72.652
6523.93,-71.412
6524.41,-73.509
6524.90,-70.973
6525.39,-71.311
6525.88,-72.142
6526.37,-71.188
6526.86,-71.785
6527.34,-71.106
6527.83,-72.547
6528.32,-72.565
6528.81,-70.755
6529.30,-71.737
6529.79,-71.507
6530.27,-71.554
6530.76,-71.919
6531.25,-72.224
6531.74,-71.336
6532.23,-73.222
6532.71,-73.077
6533.20,-72.111
6533.69,-74.684
6534.18,-72.394
6534.67,-73.526
6535.16,-74.913
6535.64,-74.459
6536.13,-73.400
6536.62,-74.376
6537.11,-73.481
6537.60,-70.720
6538.09,-72.291
6538.57,-71.055
6539.06,-74.616
6539.55,-73.014
6540.04,-72.931
6540.53,-73.184
6541.02,-72.589
6541.50,-73.417
6541.99,-73.474
6542.48,-73.311
6542.97,-72.956
6543.46,-73.391
6543.95,-72.561
6544.43,-73.579
6544.92,-74.315
6545.41,-73.948
6545.90,-72.865
6546.39,-73.850
6546.88,-73.846
6547.36,-73.843
6547.85,-73.017
6548.34,-73.395
6548.83,-75.320
6549.32,-74.545
6549.80,-74.325
6550.29,-72.599
6550.78,-75.817
6551.27,-71.529
6551.76,-73.416
6552.25,-73.614
6552.73,-73.962
6553.22,-73.010
6553.71,-73.222
6554.20,-75.187
6554.69,-73.942
6555.18,-72.923
6555.66,-73.744
6556.15,-73.399
6556.64,-73.819
6557.13,-75.297
6557.62,-75.260
6558.11,-74.736
6558.59,-75.234
6559.08,-76.221
6559.57,-74.459
6560.06,-72.741
6560.55,-75.125
6561.04,-74.294
6561.52,-74.066
6562.01,-73.425
6562.50,-75.901
6562.99,-74.253
6563.48,-74.812
6563.96,-75.078
6564.45,-75.446
6564.94,-74.612
6565.43,-73.525
6565.92,-73.644
6566.41,-73.938
6566.89,-77.061
6567.38,-74.807
6567.87,-74.921
6568.36,-74.403
6568.85,-74.915
6569.34,-75.007
6569.82,-76.307
6570.31,-76.699
6570.80,-74.911
6571.29,-74.996
6571.78,-76.038
6572.27,-74.420
6572.75,-74.906
6573.24,-75.508
6573.73,-75.944
6574.22,-76.928
6574.71,-75.963
6575.20,-75.066
6575.68,-76.416
6576.17,-77.196
6576.66,-75.122
6577.15,-76.334
6577.64,-76.747
6578.12,-76.524
6578.61,-76.877
6579.10,-76.638
6579.59,-76.328
6580.08,-75.765
6580.57,-75.883
6581.05,-77.079
6581.54,-75.263
6582.03,-75.612
6582.52,-75.856
6583.01,-75.365
6583.50,-75.944
6583.98,-76.371
6584.47,-76.011
6584.96,-77.079
6585.45,-77.282
6585.94,-76.213
6586.43,-74.332
6586.91,-77.652
6587.40,-75.690
6587.89,-77.382
6588.38,-77.332
6588.87,-76.526
6589.36,-76.056
6589.84,-76.159
6590.33,-77.207
6590.82,-77.350
6591.31,-77.157
6591.80,-77.361
6592.29,-77.556
6592.77,-78.026
6593.26,-75.447
6593.75,-76.787
6594.24,-76.356
6594.73,-78.633
6595.21,-78.105
6595.70,-77.414
6596.19,-75.554
6596.68,-76.076
6597.17,-77.404
6597.66,-76.196
6598.14,-77.074
6598.63,-77.783
6599.12,-77.142
6599.61,-78.428
6600.10,-77.850
6600.59,-76.825
6601.07,-77.544
6601.56,-76.432
6602.05,-78.988
6602.54,-77.508
6603.03,-78.785
6603.52,-77.451
6604.00,-75.654
6604.49,-77.154
6604.98,-78.192
6605.47,-77.886
6605.96,-77.297
6606.45,-77.814
6606.93,-78.177
6607.42,-79.391
6607.91,-80.467
6608.40,-79.013
6608.89,-80.138
6609.38,-79.246
6609.86,-79.266
6610.35,-78.374
6610.84,-77.504
6611.33,-77.855
6611.82,-78.032
6612.30,-78.133
6612.79,-76.806
6613.28,-79.009
6613.77,-80.161
6614.26,-77.948
6614.75,-77.604
6615.23,-79.150
6615.72,-78.725
6616.21,-78.041
6616.70,-80.183
6617.19,-78.688
6617.68,-78.351
6618.16,-78.216
6618.65,-79.376
6619.14,-79.112
6619.63,-79.283
6620.12,-80.355
6620.61,-79.215
6621.09,-78.321
6621.58,-80.775
6622.07,-79.947
6622.56,-78.464
6623.05,-78.053
6623.54,-77.812
6624.02,-78.989
6624.51,-79.539
6625.00,-79.158
6625.49,-79.588
6625.98,-79.112
6626.46,-78.779
6626.95,-80.130
6627.44,-79.152
6627.93,-77.947
6628.42,-79.526
6628.91,-79.838
6629.39,-79.179
6629.88,-78.556
6630.37,-80.884
6630.86,-79.377
6631.35,-79.125
6631.84,-80.111
6632.32,-80.103
6632.81,-79.256
6633.30,-78.948
6633.79,-80.223
6634.28,-80.135
6634.77,-79.475
6635.25,-80.839
6635.74,-79.996
6636.23,-80.791
6636.72,-79.032
6637.21,-81.085
6637.70,-80.311
6638.18,-82.393
6638.67,-81.405
6639.16,-80.738
6639.65,-81.142
6640.14,-80.796
6640.62,-80.141
6641.11,-80.274
6641.60,-80.307
6642.09,-83.201
6642.58,-80.524
6643.07,-80.767
6643.55,-81.707
6644.04,-81.127
6644.53,-81.681
6645.02,-80.777
6645.51,-80.521
6646.00,-80.558
6646.48,-80.540
6646.97,-79.400
6647.46,-79.960
6647.95,-82.223
6648.44,-81.085
6648.93,-80.400
6649.41,-79.566
6649.90,-79.506
6650.39,-79.630
6650.88,-80.157
6651.37,-81.671
6651.86,-82.086
6652.34,-81.234
6652.83,-79.821
6653.32,-80.655
6653.81,-80.328
6654.30,-81.972
6654.79,-81.797
6655.27,-80.945
6655.76,-84.532
6656.25,-81.366
6656.74,-81.046
6657.23,-80.698
6657.71,-81.171
6658.20,-80.141
6658.69,-79.701
6659.18,-81.027
6659.67,-81.808
6660.16,-80.914
6660.64,-79.952
6661.13,-82.430
6661.62,-82.096
6662.11,-81.742
6662.60,-81.012
6663.09,-80.776
6663.57,-80.754
6664.06,-80.592
6664.55,-81.550
6665.04,-80.143
6665.53,-81.568
6666.02,-81.972
6666.50,-82.162
6666.99,-81.915
6667.48,-80.979
6667.97,-81.854
6668.46,-82.165
6668.95,-82.671
6669.43,-83.058
6669.92,-82.812
6670.41,-82.631
6670.90,-81.151
6671.39,-83.923
6671.88,-81.563
6672.36,-80.980
6672.85,-82.533
6673.34,-80.005
6673.83,-82.759
6674.32,-82.700
6674.80,-82.827
6675.29,-81.863
6675.78,-82.176
6676.27,-81.868
6676.76,-81.066
6677.25,-81.920
6677.73,-82.711
6678.22,-82.067
6678.71,-83.843
6679.20,-84.190
6679.69,-83.086
6680.18,-83.462
6680.66,-83.009
6681.15,-83.978
6681.64,-83.042
6682.13,-83.902
6682.62,-81.411
6683.11,-81.308
6683.59,-83.168
6684.08,-83.276
6684.57,-84.163
6685.06,-83.117
6685.55,-82.767
6686.04,-82.465
6686.52,-82.850
6687.01,-82.433
6687.50,-84.553
6687.99,-83.128
6688.48,-83.857
6688.96,-85.311
6689.45,-83.167
6689.94,-84.262
6690.43,-83.652
6690.92,-81.839
6691.41,-82.389
6691.89,-82.080
6692.38,-83.271
6692.87,-84.233
6693.36,-84.196
6693.85,-84.287
6694.34,-83.206
6694.82,-83.469
6695.31,-84.132
6695.80,-82.873
6696.29,-82.910
6696.78,-81.346
6697.27,-82.578
6697.75,-83.946
6698.24,-82.319
6698.73,-82.920
6699.22,-84.744
6699.71,-81.683
6700.20,-84.345
6700.68,-83.418
6701.17,-81.679
6701.66,-83.681
6702.15,-83.197
6702.64,-81.781
6703.12,-83.108
6703.61,-83.546
6704.10,-83.910
6704.59,-84.668
6705.08,-83.410
6705.57,-82.651
6706.05,-83.605
6706.54,-84.361
6707.03,-84.168
6707.52,-84.900
6708.01,-83.294
6708.50,-83.925
6708.98,-84.590
6709.47,-84.754
6709.96,-83.588
6710.45,-84.579
6710.94,-84.021
6711.43,-83.490
6711.91,-83.162
6712.40,-83.042
6712.89,-84.197
6713.38,-85.118
6713.87,-84.491
6714.36,-84.476
6714.84,-83.609
6715.33,-83.781
6715.82,-85.148
6716.31,-84.395
6716.80,-85.640
6717.29,-85.903
6717.77,-83.737
6718.26,-84.955
6718.75,-83.692
6719.24,-84.236
6719.73,-84.505
6720.21,-84.855
6720.70,-83.469
6721.19,-83.886
6721.68,-83.416
6722.17,-83.919
6722.66,-84.980
6723.14,-83.122
6723.63,-83.188
6724.12,-85.104
6724.61,-83.503
6725.10,-85.604
6725.59,-84.404
6726.07,-84.088
6726.56,-83.314
6727.05,-85.193
6727.54,-85.732
6728.03,-84.890
6728.52,-84.414
6729.00,-85.374
6729.49,-84.849
6729.98,-84.698
6730.47,-85.337
6730.96,-83.949
6731.45,-84.457
6731.93,-83.888
6732.42,-85.561
6732.91,-84.185
6733.40,-84.825
6733.89,-83.697
6734.38,-84.306
6734.86,-85.702
6735.35,-85.871
6735.84,-82.142
6736.33,-84.748
6736.82,-84.100
6737.30,-85.567
6737.79,-85.191
6738.28,-84.442
6738.77,-84.413
6739.26,-85.038
6739.75,-85.234
6740.23,-84.746
6740.72,-85.425
6741.21,-85.498
6741.70,-85.726
6742.19,-86.065
6742.68,-85.586
6743.16,-85.623
6743.65,-83.745
6744.14,-85.619
6744.63,-86.643
6745.12,-85.026
6745.61,-85.598
6746.09,-86.764
6746.58,-86.952
6747.07,-85.969
6747.56,-86.496
6748.05,-84.993
6748.54,-84.650
6749.02,-85.171
6749.51,-85.148
6750.00,-84.574
6750.49,-84.592
6750.98,-84.955
6751.46,-83.793
6751.95,-84.907
6752.44,-85.077
6752.93,-86.325
6753.42,-85.115
6753.91,-85.268
6754.39,-83.431
6754.88,-84.525
6755.37,-87.049
6755.86,-85.855
6756.35,-85.289
6756.84,-86.331
6757.32,-84.801
6757.81,-83.757
6758.30,-83.563
6758.79,-85.802
6759.28,-86.006
6759.77,-85.284
6760.25,-85.144
6760.74,-85.507
6761.23,-87.322
6761.72,-83.830
6762.21,-85.962
6762.70,-84.406
6763.18,-84.663
6763.67,-84.491
6764.16,-86.664
6764.65,-87.951
6765.14,-86.572
6765.62,-85.508
6766.11,-85.471
6766.60,-84.934
6767.09,-85.444
6767.58,-85.135
6768.07,-84.585
6768.55,-87.233
6769.04,-86.564
6769.53,-85.191
6770.02,-85.298
6770.51,-86.523
6771.00,-85.973
6771.48,-85.381
6771.97,-86.932
6772.46,-84.557
6772.95,-84.295
6773.44,-87.315
6773.93,-88.119
6774.41,-87.453
6774.90,-85.468
6775.39,-84.996
6775.88,-87.774
6776.37,-85.794
6776.86,-86.580
6777.34,-87.421
6777.83,-86.715
6778.32,-86.436
6778.81,-86.887
6779.30,-85.548
6779.79,-85.894
6780.27,-86.168
6780.76,-87.981
6781.25,-86.890
6781.74,-86.142
6782.23,-86.935
6782.71,-85.889
6783.20,-85.437
6783.69,-84.963
6784.18,-85.323
6784.67,-86.165
6785.16,-85.177
6785.64,-87.236
6786.13,-86.718
6786.62,-87.240
6787.11,-84.209
6787.60,-84.491
6788.09,-85.465
6788.57,-86.980
6789.06,-86.448
6789.55,-84.098
6790.04,-86.243
6790.53,-86.679
6791.02,-86.547
6791.50,-85.637
6791.99,-87.568
6792.48,-84.931
6792.97,-86.391
6793.46,-86.308
6793.95,-86.431
6794.43,-85.487
6794.92,-87.557
6795.41,-85.892
6795.90,-88.302
6796.39,-86.210
6796.88,-86.804
6797.36,-87.218
6797.85,-85.408
6798.34,-85.209
6798.83,-86.039
6799.32,-87.342
6799.80,-87.665
6800.29,-86.667
6800.78,-85.918
6801.27,-87.476
6801.76,-85.418
6802.25,-85.433
6802.73,-84.698
6803.22,-85.451
6803.71,-86.845
6804.20,-85.876
6804.69,-86.054
6805.18,-87.489
6805.66,-87.642
6806.15,-85.920
6806.64,-86.791
6807.13,-86.247
6807.62,-86.669
6808.11,-87.090
6808.59,-86.696
6809.08,-86.826
6809.57,-85.924
6810.06,-87.125
6810.55,-85.438
6811.04,-85.477
6811.52,-86.043
6812.01,-85.237
6812.50,-86.651
6812.99,-84.169
6813.48,-86.850
6813.96,-85.429
6814.45,-88.576
6814.94,-86.080
6815.43,-88.231
6815.92,-87.938
6816.41,-87.818
6816.89,-86.345
6817.38,-86.446
6817.87,-86.275
6818.36,-86.887
6818.85,-88.808
6819.34,-86.655
6819.82,-85.607
6820.31,-86.363
6820.80,-86.122
6821.29,-86.646
6821.78,-85.547
6822.27,-86.316
6822.75,-86.908
6823.24,-86.809
6823.73,-86.111
6824.22,-88.740
6824.71,-87.649
6825.20,-85.734
6825.68,-85.697
6826.17,-85.727
6826.66,-86.330
6827.15,-86.880
6827.64,-87.195
6828.12,-87.036
6828.61,-85.655
6829.10,-86.570
6829.59,-86.869
6830.08,-88.237
6830.57,-87.510
6831.05,-86.972
6831.54,-87.139
6832.03,-87.542
6832.52,-87.143
6833.01,-86.647
6833.50,-85.736
6833.98,-88.373
6834.47,-88.092
6834.96,-88.221
6835.45,-86.536
6835.94,-86.315
6836.43,-85.760
6836.91,-88.434
6837.40,-87.815
6837.89,-85.835
6838.38,-86.548
6838.87,-85.418
6839.36,-89.233
6839.84,-85.932
6840.33,-87.533
6840.82,-87.580
6841.31,-87.088
6841.80,-87.647
6842.29,-86.407
6842.77,-85.925
6843.26,-87.137
6843.75,-86.453
6844.24,-85.714
6844.73,-86.427
6845.21,-85.839
6845.70,-86.396
6846.19,-86.624
6846.68,-87.946
6847.17,-88.057
6847.66,-86.461
6848.14,-86.044
6848.63,-85.180
6849.12,-84.720
6849.61,-86.693
6850.10,-86.946
6850.59,-86.368
6851.07,-87.637
6851.56,-87.874
6852.05,-86.276
6852.54,-86.217
6853.03,-85.687
6853.52,-86.644
6854.00,-86.144
6854.49,-86.395
6854.98,-84.349
6855.47,-87.403
6855.96,-87.048
6856.45,-86.708
6856.93,-86.222
6857.42,-86.674
6857.91,-85.636
6858.40,-86.569
6858.89,-86.119
6859.38,-88.036
6859.86,-86.959
6860.35,-86.498
6860.84,-87.677
6861.33,-87.299
6861.82,-87.004
6862.30,-84.631
6862.79,-84.949
6863.28,-86.626
6863.77,-85.669
6864.26,-87.791
6864.75,-87.949
6865.23,-87.596
6865.72,-86.017
6866.21,-87.096
6866.70,-88.139
6867.19,-86.125
6867.68,-86.640
6868.16,-86.214
6868.65,-87.624
6869.14,-87.020
6869.63,-87.354
6870.12,-88.643
6870.61,-87.797
6871.09,-87.158
6871.58,-86.321
6872.07,-88.947
6872.56,-87.810
6873.05,-87.092
6873.54,-87.277
6874.02,-86.955
6874.51,-85.995
6875.00,-86.409
6875.49,-85.408
6875.98,-85.169
6876.46,-84.326
6876.95,-85.127
6877.44,-87.615
6877.93,-87.125
6878.42,-86.168
6878.91,-86.975
6879.39,-86.949
6879.88,-86.880
6880.37,-85.911
6880.86,-87.023
6881.35,-86.729
6881.84,-87.822
6882.32,-85.781
6882.81,-84.945
6883.30,-85.614
6883.79,-85.295
6884.28,-86.436
6884.77,-86.810
6885.25,-86.665
6885.74,-85.902
6886.23,-85.871
6886.72,-85.916
6887.21,-86.309
6887.70,-85.387
6888.18,-86.454
6888.67,-86.416
6889.16,-87.377
6889.65,-88.919
6890.14,-90.514
6890.62,-87.125
6891.11,-85.951
6891.60,-86.674
6892.09,-86.565
6892.58,-87.865
6893.07,-87.356
6893.55,-88.050
6894.04,-85.882
6894.53,-85.743
6895.02,-86.537
6895.51,-85.932
6896.00,-85.541
6896.48,-86.308
6896.97,-84.744
6897.46,-88.459
6897.95,-87.223
6898.44,-84.650
6898.93,-86.850
6899.41,-84.915
6899.90,-87.155
6900.39,-85.931
6900.88,-87.461
6901.37,-87.595
6901.86,-87.047
6902.34,-88.341
6902.83,-87.173
6903.32,-86.141
6903.81,-85.825
6904.30,-85.699
6904.79,-86.245
6905.27,-85.704
6905.76,-84.577
6906.25,-86.769
6906.74,-85.531
6907.23,-85.160
6907.71,-86.614
6908.20,-85.627
6908.69,-86.167
6909.18,-86.105
6909.67,-85.687
6910.16,-86.356
6910.64,-85.705
6911.13,-86.246
6911.62,-84.363
6912.11,-86.072
6912.60,-85.917
6913.09,-86.083
6913.57,-85.793
6914.06,-86.002
6914.55,-85.320
6915.04,-86.436
6915.53,-86.610
6916.02,-86.649
6916.50,-85.490
6916.99,-84.680
6917.48,-86.354
6917.97,-85.425
6918.46,-86.216
6918.95,-85.149
6919.43,-86.007
6919.92,-84.939
6920.41,-84.726
6920.90,-85.741
6921.39,-85.357
6921.88,-85.549
6922.36,-85.897
6922.85,-85.175
6923.34,-85.701
6923.83,-85.734
6924.32,-87.096
6924.80,-84.341
6925.29,-87.120
6925.78,-87.134
6926.27,-85.946
6926.76,-85.576
6927.25,-84.902
6927.73,-85.901
6928.22,-84.280
6928.71,-84.576
6929.20,-85.979
6929.69,-85.708
6930.18,-84.911
6930.66,-86.104
6931.15,-86.125
6931.64,-89.066
6932.13,-85.781
6932.62,-85.538
6933.11,-85.914
6933.59,-88.094
6934.08,-86.610
6934.57,-85.840
6935.06,-84.376
6935.55,-87.297
6936.04,-86.280
6936.52,-84.634
6937.01,-85.382
6937.50,-84.314
6937.99,-85.593
6938.48,-85.360
6938.96,-84.121
6939.45,-85.448
6939.94,-86.612
6940.43,-84.955
6940.92,-87.126
6941.41,-85.644
6941.89,-87.639
6942.38,-85.616
6942.87,-83.804
6943.36,-84.695
6943.85,-85.636
6944.34,-83.877
6944.82,-85.470
6945.31,-86.398
6945.80,-85.639
6946.29,-86.863
6946.78,-86.303
6947.27,-85.335
6947.75,-87.301
6948.24,-87.804
6948.73,-88.331
6949.22,-87.482
6949.71,-85.774
6950.20,-85.686
6950.68,-86.145
6951.17,-84.576
6951.66,-86.416
6952.15,-84.542
6952.64,-83.894
6953.12,-85.705
6953.61,-85.355
6954.10,-85.134
6954.59,-85.469
6955.08,-85.519
6955.57,-85.920
6956.05,-86.286
6956.54,-85.966
6957.03,-85.376
6957.52,-86.509
6958.01,-86.433
6958.50,-86.387
6958.98,-87.527
6959.47,-85.510
6959.96,-84.779
6960.45,-86.373
6960.94,-85.185
6961.43,-85.900
6961.91,-85.138
6962.40,-85.561
6962.89,-87.492
6963.38,-85.958
6963.87,-84.990
6964.36,-85.842
6964.84,-86.221
6965.33,-85.767
6965.82,-85.622
6966.31,-86.656
6966.80,-86.846
6967.29,-86.725
6967.77,-86.641
6968.26,-87.047
6968.75,-86.865
6969.24,-87.540
6969.73,-85.996
6970.21,-86.086
6970.70,-85.396
6971.19,-86.374
6971.68,-85.588
6972.17,-84.716
6972.66,-87.052
6973.14,-85.502
6973.63,-86.680
6974.12,-86.436
6974.61,-85.191
6975.10,-86.996
6975.59,-84.959
6976.07,-86.682
6976.56,-86.130
6977.05,-85.855
6977.54,-86.130
6978.03,-88.771
6978.52,-87.634
6979.00,-84.911
6979.49,-87.271
6979.98,-87.751
6980.47,-86.990
6980.96,-87.930
6981.45,-87.438
6981.93,-88.146
6982.42,-86.714
6982.91,-86.820
6983.40,-87.416
6983.89,-85.919
6984.38,-87.095
6984.86,-85.290
6985.35,-87.282
6985.84,-87.988
6986.33,-87.841
6986.82,-88.257
6987.30,-87.506
6987.79,-86.759
6988.28,-85.778
6988.77,-87.571
6989.26,-87.258
6989.75,-87.216
6990.23,-87.807
6990.72,-87.975
6991.21,-89.273
6991.70,-85.618
6992.19,-86.142
6992.68,-87.452
6993.16,-86.774
6993.65,-88.583
6994.14,-88.557
6994.63,-87.083
6995.12,-87.913
6995.61,-88.627
6996.09,-89.731
6996.58,-89.248
6997.07,-87.047
6997.56,-88.317
6998.05,-88.673
6998.54,-89.317
6999.02,-87.831
6999.51,-89.802
7000.00,-89.491
7000.49,-89.638
7000.98,-90.316
7001.46,-88.295
7001.95,-89.934
7002.44,-88.343
7002.93,-89.213
7003.42,-90.414
7003.91,-90.551
7004.39,-90.086
7004.88,-91.402
7005.37,-89.387
7005.86,-89.222
7006.35,-89.537
7006.84,-89.573
7007.32,-89.345
7007.81,-90.439
7008.30,-88.740
7008.79,-89.724
7009.28,-89.735
7009.77,-89.123
7010.25,-90.074
7010.74,-90.044
7011.23,-91.362
7011.72,-89.475
7012.21,-91.006
7012.70,-89.317
7013.18,-88.773
7013.67,-89.715
7014.16,-91.925
7014.65,-90.173
7015.14,-90.851
7015.62,-89.757
7016.11,-90.448
7016.60,-91.482
7017.09,-91.356
7017.58,-91.009
7018.07,-92.708
7018.55,-91.578
7019.04,-92.132
7019.53,-90.704
7020.02,-91.174
7020.51,-90.936
7021.00,-91.068
7021.48,-90.946
7021.97,-91.209
7022.46,-92.768
7022.95,-91.505
7023.44,-92.234
7023.93,-89.845
7024.41,-91.614
7024.90,-91.770
7025.39,-92.131
7025.88,-91.840
7026.37,-90.675
7026.86,-90.963
7027.34,-90.706
7027.83,-93.555
7028.32,-92.342
7028.81,-91.770
7029.30,-91.199
7029.79,-91.928
7030.27,-91.654
7030.76,-90.903
7031.25,-93.514
7031.74,-92.018
7032.23,-94.269
7032.71,-92.803
7033.20,-94.164
7033.69,-92.914
7034.18,-93.384
7034.67,-92.971
7035.16,-92.645
7035.64,-93.187
7036.13,-91.460
7036.62,-93.622
7037.11,-93.590
7037.60,-91.987
7038.09,-95.024
7038.57,-93.463
7039.06,-93.076
7039.55,-92.852
7040.04,-94.710
7040.53,-94.465
7041.02,-92.677
7041.50,-94.427
7041.99,-95.176
7042.48,-93.671
7042.97,-93.653
7043.46,-94.393
7043.95,-93.497
7044.43,-94.007
7044.92,-93.751
7045.41,-93.892
7045.90,-95.170
7046.39,-94.861
7046.88,-94.918
7047.36,-95.419
7047.85,-94.699
7048.34,-94.608
7048.83,-93.827
7049.32,-93.987
7049.80,-95.115
7050.29,-94.823
7050.78,-95.351
7051.27,-95.090
7051.76,-95.420
7052.25,-93.641
7052.73,-93.378
7053.22,-94.366
7053.71,-95.087
7054.20,-95.613
7054.69,-93.921
7055.18,-92.605
7055.66,-94.798
7056.15,-94.568
7056.64,-95.667
7057.13,-96.085
7057.62,-98.061
7058.11,-96.525
7058.59,-95.169
7059.08,-96.360
7059.57,-95.645
7060.06,-96.984
7060.55,-96.306
7061.04,-97.830
7061.52,-97.063
7062.01,-96.465
7062.50,-97.302
7062.99,-95.598
7063.48,-95.008
7063.96,-96.975
7064.45,-97.503
7064.94,-96.729
7065.43,-96.020
7065.92,-95.245
7066.41,-95.747
7066.89,-95.994
7067.38,-96.173
7067.87,-97.236
7068.36,-97.237
7068.85,-95.140
7069.34,-96.748
7069.82,-98.237
7070.31,-96.381
7070.80,-98.248
7071.29,-98.232
7071.78,-97.043
7072.27,-97.651
7072.75,-96.645
7073.24,-98.051
7073.73,-97.510
7074.22,-97.898
7074.71,-97.425
7075.20,-95.769
7075.68,-97.377
7076.17,-96.329
7076.66,-97.374
7077.15,-97.495
7077.64,-98.402
7078.12,-98.272
7078.61,-96.478
7079.10,-97.452
7079.59,-97.233
7080.08,-98.448
7080.57,-97.558
7081.05,-98.566
7081.54,-96.782
7082.03,-98.338
7082.52,-99.005
7083.01,-97.667
7083.50,-97.976
7083.98,-97.325
7084.47,-97.035
7084.96,-98.574
7085.45,-98.761
7085.94,-100.693
7086.43,-98.259
7086.91,-97.321
7087.40,-98.423
7087.89,-98.424
7088.38,-97.349
7088.87,-98.840
7089.36,-96.719
7089.84,-100.202
7090.33,-99.806
7090.82,-99.128
7091.31,-98.837
7091.80,-98.313
7092.29,-98.230
7092.77,-98.056
7093.26,-99.616
7093.75,-99.546
7094.24,-98.342
7094.73,-98.593
7095.21,-99.614
7095.70,-100.477
7096.19,-97.840
7096.68,-98.913
7097.17,-100.574
7097.66,-98.671
7098.14,-100.066
7098.63,-100.830
7099.12,-99.186
7099.61,-99.867
7100.10,-99.876
7100.59,-101.163
7101.07,-98.288
7101.56,-100.452
7102.05,-99.791
7102.54,-99.456
7103.03,-99.590
7103.52,-99.679
7104.00,-99.772
7104.49,-98.670
7104.98,-100.676
7105.47,-99.898
7105.96,-98.738
7106.45,-98.463
7106.93,-99.880
7107.42,-100.262
7107.91,-99.735
7108.40,-100.730
7108.89,-100.814
7109.38,-99.838
7109.86,-100.134
7110.35,-101.456
7110.84,-100.567
7111.33,-101.111
7111.82,-100.595
7112.30,-101.396
7112.79,-100.224
7113.28,-100.303
7113.77,-100.217
7114.26,-100.627
7114.75,-101.574
7115.23,-100.959
7115.72,-100.251
7116.21,-100.723
7116.70,-101.575
7117.19,-101.010
7117.68,-100.965
7118.16,-100.546
7118.65,-101.606
7119.14,-99.924
7119.63,-101.118
7120.12,-100.306
7120.61,-100.825
7121.09,-100.397
7121.58,-101.885
7122.07,-99.971
7122.56,-101.409
7123.05,-101.199
7123.54,-101.517
7124.02,-101.455
7124.51,-101.093
7125.00,-101.326
7125.49,-101.199
7125.98,-102.012
7126.46,-103.277
7126.95,-102.549
7127.44,-103.514
7127.93,-101.637
7128.42,-101.865
7128.91,-101.265
7129.39,-101.739
7129.88,-102.578
7130.37,-102.130
7130.86,-101.720
7131.35,-101.546
7131.84,-101.782
7132.32,-101.384
7132.81,-100.863
7133.30,-101.838
7133.79,-101.839
7134.28,-100.957
7134.77,-101.376
7135.25,-101.982
7135.74,-102.731
7136.23,-103.077
7136.72,-102.065
7137.21,-103.207
7137.70,-101.977
7138.18,-102.894
7138.67,-100.802
7139.16,-101.984
7139.65,-102.762
7140.14,-101.592
7140.62,-101.513
7141.11,-102.093
7141.60,-102.589
7142.09,-102.708
7142.58,-102.618
7143.07,-102.582
7143.55,-102.798
7144.04,-102.176
7144.53,-101.884
7145.02,-102.465
7145.51,-102.778
7146.00,-103.487
7146.48,-103.252
7146.97,-102.793
7147.46,-101.871
7147.95,-102.363
7148.44,-103.250
7148.93,-102.036
7149.41,-102.613
7149.90,-103.600
7150.39,-102.529
7150.88,-102.578
7151.37,-103.294
7151.86,-103.009
7152.34,-102.647
7152.83,-102.233
7153.32,-102.918
7153.81,-103.398
7154.30,-103.133
7154.79,-103.211
7155.27,-102.578
7155.76,-101.541
7156.25,-102.623
7156.74,-102.797
7157.23,-102.320
7157.71,-101.895
7158.20,-103.341
7158.69,-103.840
7159.18,-103.414
7159.67,-102.592
7160.16,-102.253
7160.64,-103.107
7161.13,-104.437
7161.62,-103.591
7162.11,-102.278
7162.60,-103.435
7163.09,-102.824
7163.57,-103.804
7164.06,-103.744
7164.55,-103.547
7165.04,-102.731
7165.53,-103.068
7166.02,-103.188
7166.50,-103.756
7166.99,-103.056
7167.48,-104.829
7167.97,-104.022
7168.46,-104.048
7168.95,-103.782
7169.43,-103.441
7169.92,-103.561
7170.41,-104.195
7170.90,-104.251
7171.39,-104.162
7171.88,-104.350
7172.36,-103.216
7172.85,-104.372
7173.34,-103.167
7173.83,-103.941
7174.32,-102.993
7174.80,-102.831
7175.29,-103.912
7175.78,-104.206
7176.27,-104.019
7176.76,-103.517
7177.25,-104.270
7177.73,-103.563
7178.22,-104.412
7178.71,-105.133
7179.20,-104.471
7179.69,-103.502
7180.18,-104.417
7180.66,-104.075
7181.15,-103.434
7181.64,-103.249
7182.13,-103.844
7182.62,-103.091
7183.11,-104.352
7183.59,-104.528
7184.08,-104.045
7184.57,-104.175
7185.06,-103.741
7185.55,-105.364
7186.04,-105.639
7186.52,-104.377
7187.01,-104.109
7187.50,-104.576
7187.99,-104.388
7188.48,-104.113
7188.96,-104.496
7189.45,-104.937
7189.94,-104.287
7190.43,-104.404
7190.92,-103.966
7191.41,-104.586
7191.89,-104.432
7192.38,-104.330
7192.87,-104.422
7193.36,-103.999
7193.85,-103.755
7194.34,-104.331
7194.82,-103.997
7195.31,-103.790
7195.80,-104.696
7196.29,-104.723
7196.78,-103.923
7197.27,-104.146
7197.75,-104.508
7198.24,-104.234
7198.73,-104.234
7199.22,-104.199
7199.71,-104.538
7200.20,-103.706
7200.68,-104.214
7201.17,-104.193
7201.66,-104.664
7202.15,-104.447
7202.64,-104.494
7203.12,-104.471
7203.61,-105.814
7204.10,-105.317
7204.59,-104.943
7205.08,-104.582
7205.57,-104.688
7206.05,-104.165
7206.54,-103.893
7207.03,-104.428
7207.52,-104.410
7208.01,-104.495
7208.50,-105.419
7208.98,-104.831
7209.47,-104.772
7209.96,-105.372
7210.45,-105.120
7210.94,-105.212
7211.43,-104.277
7211.91,-104.643
7212.40,-105.392
7212.89,-104.642
7213.38,-105.277
7213.87,-104.989
7214.36,-104.382
7214.84,-105.216
7215.33,-105.041
7215.82,-104.661
7216.31,-105.470
7216.80,-104.965
7217.29,-105.256
7217.77,-104.590
7218.26,-105.118
7218.75,-105.536
7219.24,-104.573
7219.73,-104.211
7220.21,-104.518
7220.70,-104.839
7221.19,-105.092
7221.68,-104.665
7222.17,-105.688
7222.66,-105.490
7223.14,-105.081
7223.63,-105.801
7224.12,-104.839
7224.61,-105.341
7225.10,-104.898
7225.59,-106.008
7226.07,-104.411
7226.56,-104.510
7227.05,-105.552
7227.54,-104.490
7228.03,-104.984
7228.52,-104.944
7229.00,-105.171
7229.49,-105.458
7229.98,-105.272
7230.47,-105.158
7230.96,-105.399
7231.45,-105.220
7231.93,-104.688
7232.42,-104.991
7232.91,-105.097
7233.40,-105.537
7233.89,-105.533
7234.38,-105.512
7234.86,-105.469
7235.35,-105.193
7235.84,-105.162
7236.33,-105.053
7236.82,-105.536
7237.30,-104.815
7237.79,-105.105
7238.28,-105.041
7238.77,-104.893
7239.26,-104.851
7239.75,-105.453
7240.23,-105.370
7240.72,-104.327
7241.21,-105.521
7241.70,-105.444
7242.19,-105.409
7242.68,-105.594
7243.16,-104.983
7243.65,-105.345
7244.14,-106.024
7244.63,-105.603
7245.12,-105.681
7245.61,-104.965
7246.09,-105.352
7246.58,-105.538
7247.07,-105.474
7247.56,-105.731
7248.05,-105.805
7248.54,-105.634
7249.02,-105.614
7249.51,-105.207
7250.00,-105.862
7250.49,-105.828
7250.98,-105.242
7251.46,-105.515
7251.95,-105.327
7252.44,-105.772
7252.93,-105.709
7253.42,-105.405
7253.91,-105.713
7254.39,-105.336
7254.88,-105.653
7255.37,-105.666
7255.86,-105.685
7256.35,-106.033
7256.84,-105.551
7257.32,-105.872
7257.81,-105.460
7258.30,-105.410
7258.79,-105.540
7259.28,-105.090
7259.77,-105.652
7260.25,-105.549
7260.74,-105.727
7261.23,-105.567
7261.72,-105.267
7262.21,-105.495
7262.70,-105.700
7263.18,-105.296
7263.67,-105.931
7264.16,-105.874
7264.65,-105.538
7265.14,-105.006
7265.62,-105.571
7266.11,-105.630
7266.60,-106.176
7267.09,-105.854
7267.58,-105.689
7268.07,-105.569
7268.55,-105.509
7269.04,-105.497
7269.53,-106.001
7270.02,-105.556
7270.51,-105.533
7271.00,-105.888
7271.48,-105.938
7271.97,-105.928
7272.46,-106.097
7272.95,-105.787
7273.44,-105.822
7273.93,-105.037
7274.41,-105.531
7274.90,-105.709
7275.39,-105.682
7275.88,-105.529
7276.37,-106.150
7276.86,-106.298
7277.34,-105.678
7277.83,-105.958
7278.32,-106.113
7278.81,-105.901
7279.30,-105.524
7279.79,-105.704
7280.27,-105.559
7280.76,-106.007
7281.25,-105.372
7281.74,-105.635
7282.23,-105.858
7282.71,-105.734
7283.20,-106.028
7283.69,-105.241
7284.18,-106.048
7284.67,-106.024
7285.16,-106.009
7285.64,-105.774
7286.13,-105.789
7286.62,-105.709
7287.11,-106.029
7287.60,-105.955
7288.09,-105.740
7288.57,-105.982
7289.06,-105.968
7289.55,-106.046
7290.04,-106.304
7290.53,-106.000
7291.02,-105.750
7291.50,-105.860
7291.99,-105.881
7292.48,-105.569
7292.97,-105.426
7293.46,-105.992
7293.95,-106.544
7294.43,-105.548
7294.92,-105.568
7295.41,-106.301
7295.90,-105.919
7296.39,-106.241
7296.88,-105.600
7297.36,-106.029
7297.85,-105.444
7298.34,-106.070
7298.83,-105.948
7299.32,-106.500
7299.80,-105.839
7300.29,-105.699
7300.78,-105.631
7301.27,-106.184
7301.76,-106.223
7302.25,-105.890
7302.73,-105.762
7303.22,-105.964
7303.71,-105.825
7304.20,-105.924
7304.69,-106.202
7305.18,-106.110
7305.66,-106.196
7306.15,-106.101
7306.64,-106.020
7307.13,-105.900
7307.62,-106.376
7308.11,-105.687
7308.59,-105.815
7309.08,-105.892
7309.57,-106.008
7310.06,-105.734
7310.55,-106.127
7311.04,-106.259
7311.52,-105.756
7312.01,-105.693
7312.50,-105.868
7312.99,-106.530
7313.48,-106.043
7313.96,-105.778
7314.45,-106.024
7314.94,-106.282
7315.43,-105.884
7315.92,-106.073
7316.41,-106.163
7316.89,-106.216
7317.38,-106.009
7317.87,-105.968
7318.36,-106.296
7318.85,-105.815
7319.34,-105.886
7319.82,-105.849
7320.31,-105.968
7320.80,-106.012
7321.29,-106.416
7321.78,-106.248
7322.27,-106.324
7322.75,-106.044
7323.24,-106.215
7323.73,-105.950
7324.22,-105.942
7324.71,-106.126
7325.20,-106.336
7325.68,-106.048
7326.17,-106.158
7326.66,-105.805
7327.15,-105.965
7327.64,-106.657
7328.12,-105.598
7328.61,-105.976
7329.10,-106.194
7329.59,-106.201
7330.08,-105.997
7330.57,-106.031
7331.05,-106.231
7331.54,-106.097
7332.03,-106.104
7332.52,-105.717
7333.01,-105.959
7333.50,-106.202
7333.98,-106.495
7334.47,-106.096
7334.96,-106.187
7335.45,-105.917
7335.94,-106.576
7336.43,-105.929
7336.91,-106.042
7337.40,-106.043
7337.89,-106.537
7338.38,-105.996
7338.87,-106.225
7339.36,-106.230
7339.84,-106.360
7340.33,-106.126
7340.82,-106.166
7341.31,-106.285
7341.80,-106.052
7342.29,-106.052
7342.77,-105.988
7343.26,-106.311
7343.75,-106.368
7344.24,-106.357
7344.73,-106.002
7345.21,-106.221
7345.70,-106.210
7346.19,-106.250
7346.68,-106.270
7347.17,-106.148
7347.66,-105.980
7348.14,-106.072
7348.63,-106.417
7349.12,-106.133
7349.61,-106.214
7350.10,-106.303
7350.59,-106.374
7351.07,-106.146
7351.56,-106.144
7352.05,-106.050
7352.54,-106.095
7353.03,-106.169
7353.52,-106.014
7354.00,-105.893
7354.49,-106.332
7354.98,-106.330
7355.47,-106.349
7355.96,-105.964
7356.45,-106.080
7356.93,-106.171
7357.42,-106.241
7357.91,-106.424
7358.40,-106.367
7358.89,-105.991
7359.38,-106.383
7359.86,-106.131
7360.35,-105.870
7360.84,-106.238
7361.33,-105.968
7361.82,-106.237
7362.30,-106.098
7362.79,-106.286
7363.28,-106.528
7363.77,-106.216
7364.26,-106.403
7364.75,-106.560
7365.23,-106.377
7365.72,-106.100
7366.21,-106.245
7366.70,-106.290
7367.19,-106.757
7367.68,-105.945
7368.16,-106.454
7368.65,-106.104
7369.14,-106.385
7369.63,-106.519
7370.12,-106.505
7370.61,-106.125
7371.09,-106.283
7371.58,-106.336
7372.07,-106.283
7372.56,-106.592
7373.05,-106.130
7373.54,-106.236
7374.02,-106.281
7374.51,-106.212
7375.00,-106.268
7375.49,-106.283
7375.98,-106.324
7376.46,-106.276
7376.95,-106.208
7377.44,-106.448
7377.93,-106.490
7378.42,-106.133
7378.91,-106.176
7379.39,-106.390
7379.88,-106.524
7380.37,-106.055
7380.86,-106.498
7381.35,-106.545
7381.84,-106.164
7382.32,-106.247
7382.81,-106.413
7383.30,-106.508
7383.79,-106.302
7384.28,-106.198
7384.77,-106.438
7385.25,-106.236
7385.74,-106.201
7386.23,-106.541
7386.72,-106.231
7387.21,-106.477
7387.70,-106.079
7388.18,-106.759
7388.67,-106.419
7389.16,-106.503
7389.65,-106.161
7390.14,-106.254
7390.62,-106.394
7391.11,-106.094
7391.60,-106.116
7392.09,-106.507
7392.58,-106.528
7393.07,-106.305
7393.55,-106.364
7394.04,-106.117
7394.53,-106.459
7395.02,-106.471
7395.51,-106.744
7396.00,-106.354
7396.48,-106.224
7396.97,-106.253
7397.46,-106.517
7397.95,-106.368
7398.44,-106.648
7398.93,-106.466
7399.41,-106.342
7399.90,-106.474
7400.39,-106.276
7400.88,-106.626
7401.37,-106.628
7401.86,-106.224
7402.34,-106.300
7402.83,-106.508
7403.32,-106.311
7403.81,-106.411
7404.30,-106.369
7404.79,-106.212
7405.27,-106.451
7405.76,-106.442
7406.25,-106.359
7406.74,-106.102
7407.23,-106.612
7407.71,-106.193
7408.20,-106.583
7408.69,-106.288
7409.18,-106.282
7409.67,-106.662
7410.16,-106.581
7410.64,-106.467
7411.13,-106.190
7411.62,-106.392
7412.11,-106.252
7412.60,-106.286
7413.09,-106.410
7413.57,-106.318
7414.06,-106.397
7414.55,-106.551
7415.04,-106.509
7415.53,-106.358
7416.02,-106.436
7416.50,-106.492
7416.99,-106.551
7417.48,-106.506
7417.97,-106.369
7418.46,-106.400
7418.95,-106.285
7419.43,-106.517
7419.92,-106.414
7420.41,-106.469
7420.90,-106.512
7421.39,-106.327
7421.88,-106.267
7422.36,-106.296
7422.85,-106.262
7423.34,-106.143
7423.83,-106.555
7424.32,-106.367
7424.80,-106.403
7425.29,-106.422
7425.78,-106.430
7426.27,-106.453
7426.76,-106.709
7427.25,-106.532
7427.73,-106.545
7428.22,-106.524
7428.71,-106.462
7429.20,-106.519
7429.69,-106.561
7430.18,-106.440
7430.66,-106.628
7431.15,-106.538
7431.64,-106.528
7432.13,-106.547
7432.62,-106.552
7433.11,-106.546
7433.59,-106.442
7434.08,-106.328
7434.57,-106.462
7435.06,-106.624
7435.55,-106.640
7436.04,-106.512
7436.52,-106.553
7437.01,-106.508
7437.50,-106.235
7437.99,-106.406
7438.48,-106.494
7438.96,-106.615
7439.45,-106.496
7439.94,-106.519
7440.43,-106.550
7440.92,-106.485
7441.41,-106.614
7441.89,-106.215
7442.38,-106.617
7442.87,-106.477
7443.36,-106.494
7443.85,-106.437
7444.34,-106.558
7444.82,-106.403
7445.31,-106.597
7445.80,-106.464
7446.29,-106.546
7446.78,-106.484
7447.27,-106.413
7447.75,-106.612
7448.24,-106.399
7448.73,-106.718
7449.22,-106.539
7449.71,-106.510
7450.20,-106.588
7450.68,-106.470
7451.17,-106.590
7451.66,-106.651
7452.15,-106.489
7452.64,-106.407
7453.12,-106.493
7453.61,-106.657
7454.10,-106.610
7454.59,-106.461
7455.08,-106.655
7455.57,-106.489
7456.05,-106.602
7456.54,-106.613
7457.03,-106.512
7457.52,-106.624
7458.01,-106.521
7458.50,-106.495
7458.98,-106.596
7459.47,-106.628
7459.96,-106.541
7460.45,-106.478
7460.94,-106.551
7461.43,-106.672
7461.91,-106.592
7462.40,-106.659
7462.89,-106.489
7463.38,-106.579
7463.87,-106.631
7464.36,-106.651
7464.84,-106.466
7465.33,-106.694
7465.82,-106.620
7466.31,-106.652
7466.80,-106.560
7467.29,-106.655
7467.77,-106.602
7468.26,-106.564
7468.75,-106.693
7469.24,-106.599
7469.73,-106.612
7470.21,-106.556
7470.70,-106.557
7471.19,-106.590
7471.68,-106.657
7472.17,-106.489
7472.66,-106.557
7473.14,-106.694
7473.63,-106.587
7474.12,-106.603
7474.61,-106.574
7475.10,-106.692
7475.59,-106.655
7476.07,-106.696
7476.56,-106.596
7477.05,-106.641
7477.54,-106.598
7478.03,-106.651
7478.52,-106.653
7479.00,-106.581
7479.49,-106.584
7479.98,-106.602
7480.47,-106.695
7480.96,-106.634
7481.45,-106.577
7481.93,-106.626
7482.42,-106.642
7482.91,-106.636
7483.40,-106.698
7483.89,-106.613
7484.38,-106.673
7484.86,-106.676
7485.35,-106.620
7485.84,-106.591
7486.33,-106.645
7486.82,-106.643
7487.30,-106.642
7487.79,-106.617
7488.28,-106.674
7488.77,-106.572
7489.26,-106.667
7489.75,-106.612
7490.23,-106.689
7490.72,-106.671
7491.21,-106.608
7491.70,-106.683
7492.19,-106.597
7492.68,-106.644
7493.16,-106.659
7493.65,-106.649
7494.14,-106.676
7494.63,-106.670
7495.12,-106.688
7495.61,-106.667
7496.09,-106.622
7496.58,-106.644
7497.07,-106.679
7497.56,-106.677
7498.05,-106.709
7498.54,-106.684
7499.02,-106.640
7499.51,-106.652
7500.00,-106.645
7500.49,-106.706
7500.98,-106.658
7501.46,-106.710
7501.95,-106.687
7502.44,-106.722
7502.93,-106.653
7503.42,-106.648
7503.91,-106.662
7504.39,-106.669
7504.88,-106.659
7505.37,-106.675
7505.86,-106.704
7506.35,-106.663
7506.84,-106.644
7507.32,-106.607
7507.81,-106.649
7508.30,-106.668
7508.79,-106.699
7509.28,-106.678
7509.77,-106.683
7510.25,-106.648
7510.74,-106.670
7511.23,-106.644
7511.72,-106.668
7512.21,-106.714
7512.70,-106.672
7513.18,-106.664
7513.67,-106.680
7514.16,-106.684
7514.65,-106.719
7515.14,-106.700
7515.62,-106.692
7516.11,-106.699
7516.60,-106.717
7517.09,-106.673
7517.58,-106.674
7518.07,-106.654
7518.55,-106.702
7519.04,-106.675
7519.53,-106.667
7520.02,-106.707
7520.51,-106.706
7521.00,-106.669
7521.48,-106.694
7521.97,-106.731
7522.46,-106.706
7522.95,-106.703
7523.44,-106.670
7523.93,-106.707
7524.41,-106.695
7524.90,-106.669
7525.39,-106.700
7525.88,-106.659
7526.37,-106.691
7526.86,-106.729
7527.34,-106.672
7527.83,-106.716
7528.32,-106.696
7528.81,-106.712
7529.30,-106.699
7529.79,-106.700
7530.27,-106.704
7530.76,-106.727
7531.25,-106.716
7531.74,-106.700
7532.23,-106.734
7532.71,-106.713
7533.20,-106.718
7533.69,-106.710
7534.18,-106.732
7534.67,-106.704
7535.16,-106.703
7535.64,-106.710
7536.13,-106.703
7536.62,-106.721
7537.11,-106.710
7537.60,-106.730
7538.09,-106.696
7538.57,-106.691
7539.06,-106.709
7539.55,-106.735
7540.04,-106.712
7540.53,-106.707
7541.02,-106.706
7541.50,-106.695
7541.99,-106.701
7542.48,-106.709
7542.97,-106.729
7543.46,-106.704
7543.95,-106.720
7544.43,-106.700
7544.92,-106.721
7545.41,-106.736
7545.90,-106.704
7546.39,-106.735
7546.88,-106.702
7547.36,-106.719
7547.85,-106.706
7548.34,-106.732
7548.83,-106.724
7549.32,-106.697
7549.80,-106.753
7550.29,-106.729
7550.78,-106.696
7551.27,-106.711
7551.76,-106.720
7552.25,-106.711
7552.73,-106.713
7553.22,-106.730
7553.71,-106.723
7554.20,-106.721
7554.69,-106.737
7555.18,-106.723
7555.66,-106.743
7556.15,-106.737
7556.64,-106.742
7557.13,-106.752
7557.62,-106.741
7558.11,-106.718
7558.59,-106.722
7559.08,-106.726
7559.57,-106.740
7560.06,-106.729
7560.55,-106.737
7561.04,-106.740
7561.52,-106.745
7562.01,-106.715
7562.50,-106.728
7562.99,-106.738
7563.48,-106.731
7563.96,-106.729
7564.45,-106.728
7564.94,-106.741
7565.43,-106.738
7565.92,-106.743
7566.41,-106.744
7566.89,-106.742
7567.38,-106.746
7567.87,-106.731
7568.36,-106.743
7568.85,-106.744
7569.34,-106.752
7569.82,-106.734
7570.31,-106.751
7570.80,-106.734
7571.29,-106.759
7571.78,-106.755
7572.27,-106.757
7572.75,-106.748
7573.24,-106.753
7573.73,-106.749
7574.22,-106.749
7574.71,-106.737
7575.20,-106.759
7575.68,-106.748
7576.17,-106.738
7576.66,-106.745
7577.15,-106.750
7577.64,-106.760
7578.12,-106.757
7578.61,-106.751
7579.10,-106.759
7579.59,-106.741
7580.08,-106.746
7580.57,-106.761
7581.05,-106.757
7581.54,-106.745
7582.03,-106.740
7582.52,-106.762
7583.01,-106.739
7583.50,-106.748
7583.98,-106.763
7584.47,-106.756
7584.96,-106.761
7585.45,-106.759
7585.94,-106.762
7586.43,-106.758
7586.91,-106.756
7587.40,-106.764
7587.89,-106.763
7588.38,-106.767
7588.87,-106.770
7589.36,-106.767
7589.84,-106.761
7590.33,-106.767
7590.82,-106.768
7591.31,-106.766
7591.80,-106.772
7592.29,-106.762
7592.77,-106.759
7593.26,-106.773
7593.75,-106.764
7594.24,-106.756
7594.73,-106.767
7595.21,-106.779
7595.70,-106.771
7596.19,-106.767
7596.68,-106.771
7597.17,-106.767
7597.66,-106.774
7598.14,-106.768
7598.63,-106.781
7599.12,-106.772
7599.61,-106.775
7600.10,-106.772
7600.59,-106.770
7601.07,-106.764
7601.56,-106.776
7602.05,-106.773
7602.54,-106.781
7603.03,-106.771
7603.52,-106.768
7604.00,-106.778
7604.49,-106.774
7604.98,-106.778
7605.47,-106.780
7605.96,-106.783
7606.45,-106.780
7606.93,-106.784
7607.42,-106.786
7607.91,-106.774
7608.40,-106.776
7608.89,-106.781
7609.38,-106.785
7609.86,-106.783
7610.35,-106.778
7610.84,-106.785
7611.33,-106.790
7611.82,-106.782
7612.30,-106.785
7612.79,-106.779
7613.28,-106.788
7613.77,-106.798
7614.26,-106.779
7614.75,-106.783
7615.23,-106.780
7615.72,-106.790
7616.21,-106.784
7616.70,-106.792
7617.19,-106.796
7617.68,-106.794
7618.16,-106.783
7618.65,-106.789
7619.14,-106.787
7619.63,-106.789
7620.12,-106.795
7620.61,-106.793
7621.09,-106.789
7621.58,-106.784
7622.07,-106.793
7622.56,-106.797
7623.05,-106.792
7623.54,-106.793
7624.02,-106.791
7624.51,-106.799
7625.00,-106.798
7625.49,-106.795
7625.98,-106.799
7626.46,-106.797
7626.95,-106.802
7627.44,-106.804
7627.93,-106.797
7628.42,-106.795
7628.91,-106.799
7629.39,-106.801
7629.88,-106.802
7630.37,-106.799
7630.86,-106.798
7631.35,-106.805
7631.84,-106.803
7632.32,-106.804
7632.81,-106.810
7633.30,-106.803
7633.79,-106.810
7634.28,-106.804
7634.77,-106.805
7635.25,-106.804
7635.74,-106.810
7636.23,-106.808
7636.72,-106.804
7637.21,-106.807
7637.70,-106.810
7638.18,-106.806
7638.67,-106.806
7639.16,-106.813
7639.65,-106.813
7640.14,-106.805
7640.62,-106.812
7641.11,-106.812
7641.60,-106.812
7642.09,-106.809
7642.58,-106.812
7643.07,-106.808
7643.55,-106.813
7644.04,-106.809
7644.53,-106.809
7645.02,-106.826
7645.51,-106.818
7646.00,-106.821
7646.48,-106.809
7646.97,-106.814
7647.46,-106.816
7647.95,-106.818
7648.44,-106.818
7648.93,-106.816
7649.41,-106.818
7649.90,-106.813
7650.39,-106.813
7650.88,-106.821
7651.37,-106.818
7651.86,-106.822
7652.34,-106.817
7652.83,-106.821
7653.32,-106.824
7653.81,-106.821
7654.30,-106.822
7654.79,-106.821
7655.27,-106.822
7655.76,-106.824
7656.25,-106.823
7656.74,-106.826
7657.23,-106.823
7657.71,-106.826
7658.20,-106.826
7658.69,-106.828
7659.18,-106.827
7659.67,-106.827
7660.16,-106.826
7660.64,-106.822
7661.13,-106.823
7661.62,-106.827
7662.11,-106.825
7662.60,-106.829
7663.09,-106.829
7663.57,-106.827
7664.06,-106.823
7664.55,-106.832
7665.04,-106.828
7665.53,-106.831
7666.02,-106.825
7666.50,-106.832
7666.99,-106.828
7667.48,-106.830
7667.97,-106.832
7668.46,-106.833
7668.95,-106.832
7669.43,-106.835
7669.92,-106.832
7670.41,-106.834
7670.90,-106.838
7671.39,-106.836
7671.88,-106.832
7672.36,-106.833
7672.85,-106.831
7673.34,-106.832
7673.83,-106.837
7674.32,-106.836
7674.80,-106.837
7675.29,-106.843
7675.78,-106.838
7676.27,-106.837
7676.76,-106.834
7677.25,-106.839
7677.73,-106.837
7678.22,-106.842
7678.71,-106.836
7679.20,-106.838
7679.69,-106.837
7680.18,-106.843
7680.66,-106.840
7681.15,-106.845
7681.64,-106.840
7682.13,-106.847
7682.62,-106.841
7683.11,-106.843
7683.59,-106.840
7684.08,-106.847
7684.57,-106.844
7685.06,-106.849
7685.55,-106.843
7686.04,-106.845
7686.52,-106.845
7687.01,-106.852
7687.50,-106.848
7687.99,-106.844
7688.48,-106.846
7688.96,-106.841
7689.45,-106.851
7689.94,-106.850
7690.43,-106.849
7690.92,-106.846
7691.41,-106.848
7691.89,-106.848
7692.38,-106.850
7692.87,-106.848
7693.36,-106.852
7693.85,-106.846
7694.34,-106.852
7694.82,-106.851
7695.31,-106.850
7695.80,-106.850
7696.29,-106.852
7696.78,-106.853
7697.27,-106.853
7697.75,-106.850
7698.24,-106.853
7698.73,-106.854
7699.22,-106.853
7699.71,-106.856
7700.20,-106.856
7700.68,-106.854
7701.17,-106.856
7701.66,-106.856
7702.15,-106.856
7702.64,-106.856
7703.12,-106.858
7703.61,-106.856
7704.10,-106.858
7704.59,-106.860
7705.08,-106.859
7705.57,-106.861
7706.05,-106.858
7706.54,-106.858
7707.03,-106.857
7707.52,-106.859
7708.01,-106.858
7708.50,-106.863
7708.98,-106.862
7709.47,-106.863
7709.96,-106.863
7710.45,-106.862
7710.94,-106.860
7711.43,-106.863
7711.91,-106.864
7712.40,-106.864
7712.89,-106.863
7713.38,-106.865
7713.87,-106.864
7714.36,-106.865
7714.84,-106.864
7715.33,-106.867
7715.82,-106.868
7716.31,-106.863
7716.80,-106.866
7717.29,-106.865
7717.77,-106.862
7718.26,-106.864
7718.75,-106.869
7719.24,-106.870
7719.73,-106.869
7720.21,-106.872
7720.70,-106.869
7721.19,-106.865
7721.68,-106.869
7722.17,-106.872
7722.66,-106.870
7723.14,-106.870
7723.63,-106.863
7724.12,-106.872
7724.61,-106.870
7725.10,-106.871
7725.59,-106.869
7726.07,-106.873
7726.56,-106.869
7727.05,-106.873
7727.54,-106.871
7728.03,-106.872
7728.52,-106.877
7729.00,-106.873
7729.49,-106.870
7729.98,-106.873
7730.47,-106.874
7730.96,-106.878
7731.45,-106.876
7731.93,-106.878
7732.42,-106.876
7732.91,-106.875
7733.40,-106.876
7733.89,-106.875
7734.38,-106.878
7734.86,-106.878
7735.35,-106.877
7735.84,-106.878
7736.33,-106.873
7736.82,-106.883
7737.30,-106.876
7737.79,-106.880
7738.28,-106.882
7738.77,-106.882
7739.26,-106.878
7739.75,-106.880
7740.23,-106.883
7740.72,-106.883
7741.21,-106.881
7741.70,-106.886
7742.19,-106.882
7742.68,-106.882
7743.16,-106.886
7743.65,-106.884
7744.14,-106.884
7744.63,-106.881
7745.12,-106.883
7745.61,-106.880
7746.09,-106.881
7746.58,-106.888
7747.07,-106.885
7747.56,-106.886
7748.05,-106.888
7748.54,-106.887
7749.02,-106.885
7749.51,-106.883
7750.00,-106.886
7750.49,-106.886
7750.98,-106.885
7751.46,-106.887
7751.95,-106.887
7752.44,-106.890
7752.93,-106.888
7753.42,-106.891
7753.91,-106.888
7754.39,-106.887
7754.88,-106.889
7755.37,-106.890
7755.86,-106.891
7756.35,-106.888
7756.84,-106.892
7757.32,-106.893
7757.81,-106.889
7758.30,-106.892
7758.79,-106.891
7759.28,-106.892
7759.77,-106.893
7760.25,-106.890
7760.74,-106.892
7761.23,-106.893
7761.72,-106.892
7762.21,-106.892
7762.70,-106.895
7763.18,-106.896
7763.67,-106.893
7764.16,-106.894
7764.65,-106.895
7765.14,-106.896
7765.62,-106.897
7766.11,-106.893
7766.60,-106.898
7767.09,-106.894
7767.58,-106.896
7768.07,-106.893
7768.55,-106.900
7769.04,-106.896
7769.53,-106.895
7770.02,-106.893
7770.51,-106.898
7771.00,-106.895
7771.48,-106.894
7771.97,-106.898
7772.46,-106.899
7772.95,-106.898
7773.44,-106.895
7773.93,-106.905
7774.41,-106.901
7774.90,-106.902
7775.39,-106.900
7775.88,-106.898
7776.37,-106.901
7776.86,-106.897
7777.34,-106.899
7777.83,-106.900
7778.32,-106.900
7778.81,-106.901
7779.30,-106.902
7779.79,-106.902
7780.27,-106.902
7780.76,-106.902
7781.25,-106.904
7781.74,-106.901
7782.23,-106.906
7782.71,-106.903
7783.20,-106.903
7783.69,-106.905
7784.18,-106.904
7784.67,-106.906
7785.16,-106.905
7785.64,-106.906
7786.13,-106.906
7786.62,-106.904
7787.11,-106.904
7787.60,-106.905
7788.09,-106.906
7788.57,-106.905
7789.06,-106.906
7789.55,-106.908
7790.04,-106.906
7790.53,-106.905
7791.02,-106.905
7791.50,-106.907
7791.99,-106.906
7792.48,-106.907
7792.97,-106.907
7793.46,-106.907
7793.95,-106.908
7794.43,-106.910
7794.92,-106.909
7795.41,-106.911
7795.90,-106.909
7796.39,-106.909
7796.88,-106.910
7797.36,-106.910
7797.85,-106.911
7798.34,-106.910
7798.83,-106.911
7799.32,-106.910
7799.80,-106.910
7800.29,-106.911
7800.78,-106.911
7801.27,-106.911
7801.76,-106.912
7802.25,-106.913
7802.73,-106.912
7803.22,-106.913
7803.71,-106.913
7804.20,-106.915
7804.69,-106.912
7805.18,-106.914
7805.66,-106.913
7806.15,-106.913
7806.64,-106.914
7807.13,-106.914
7807.62,-106.915
7808.11,-106.914
7808.59,-106.916
7809.08,-106.915
7809.57,-106.915
7810.06,-106.916
7810.55,-106.918
7811.04,-106.914
7811.52,-106.917
7812.01,-106.916
7812.50,-106.918
7812.99,-106.915
7813.48,-106.916
7813.96,-106.918
7814.45,-106.918
7814.94,-106.918
7815.43,-106.917
7815.92,-106.919
7816.41,-106.918
7816.89,-106.918
7817.38,-106.919
7817.87,-106.919
7818.36,-106.920
7818.85,-106.919
7819.34,-106.920
7819.82,-106.919
7820.31,-106.920
7820.80,-106.919
7821.29,-106.919
7821.78,-106.921
7822.27,-106.921
7822.75,-106.921
7823.24,-106.921
7823.73,-106.920
7824.22,-106.921
7824.71,-106.922
7825.20,-106.922
7825.68,-106.922
7826.17,-106.922
7826.66,-106.923
7827.15,-106.923
7827.64,-106.922
7828.12,-106.922
7828.61,-106.923
7829.10,-106.923
7829.59,-106.924
7830.08,-106.923
7830.57,-106.923
7831.05,-106.924
7831.54,-106.924
7832.03,-106.923
7832.52,-106.924
7833.01,-106.926
7833.50,-106.924
7833.98,-106.924
7834.47,-106.926
7834.96,-106.924
7835.45,-106.924
7835.94,-106.927
7836.43,-106.927
7836.91,-106.927
7837.40,-106.928
7837.89,-106.927
7838.38,-106.928
7838.87,-106.927
7839.36,-106.927
7839.84,-106.928
7840.33,-106.927
7840.82,-106.929
7841.31,-106.929
7841.80,-106.928
7842.29,-106.928
7842.77,-106.928
7843.26,-106.928
7843.75,-106.929
7844.24,-106.929
7844.73,-106.930
7845.21,-106.929
7845.70,-106.930
7846.19,-106.930
7846.68,-106.930
7847.17,-106.930
7847.66,-106.930
7848.14,-106.931
7848.63,-106.931
7849.12,-106.930
7849.61,-106.931
7850.10,-106.931
7850.59,-106.931
7851.07,-106.930
7851.56,-106.932
7852.05,-106.932
7852.54,-106.932
7853.03,-106.932
7853.52,-106.931
7854.00,-106.933
7854.49,-106.932
7854.98,-106.931
7855.47,-106.933
7855.96,-106.933
7856.45,-106.932
7856.93,-106.933
7857.42,-106.933
7857.91,-106.933
7858.40,-106.934
7858.89,-106.934
7859.38,-106.935
7859.86,-106.935
7860.35,-106.933
7860.84,-106.935
7861.33,-106.935
7861.82,-106.936
7862.30,-106.934
7862.79,-106.935
7863.28,-106.935
7863.77,-106.935
7864.26,-106.935
7864.75,-106.935
7865.23,-106.936
7865.72,-106.936
7866.21,-106.936
7866.70,-106.937
7867.19,-106.937
7867.68,-106.936
7868.16,-106.937
7868.65,-106.937
7869.14,-106.937
7869.63,-106.936
7870.12,-106.937
7870.61,-106.937
7871.09,-106.937
7871.58,-106.937
7872.07,-106.937
7872.56,-106.938
7873.05,-106.937
7873.54,-106.938
7874.02,-106.938
7874.51,-106.938
7875.00,-106.938
7875.49,-106.938
7875.98,-106.939
7876.46,-106.939
7876.95,-106.939
7877.44,-106.940
7877.93,-106.940
7878.42,-106.939
7878.91,-106.939
7879.39,-106.940
7879.88,-106.940
7880.37,-106.940
7880.86,-106.940
7881.35,-106.940
7881.84,-106.941
7882.32,-106.941
7882.81,-106.941
7883.30,-106.941
7883.79,-106.941
7884.28,-106.941
7884.77,-106.941
7885.25,-106.942
7885.74,-106.942
7886.23,-106.942
7886.72,-106.942
7887.21,-106.942
7887.70,-106.942
7888.18,-106.942
7888.67,-106.942
7889.16,-106.942
7889.65,-106.942
7890.14,-106.942
7890.62,-106.943
7891.11,-106.943
7891.60,-106.943
7892.09,-106.943
7892.58,-106.943
7893.07,-106.944
7893.55,-106.943
7894.04,-106.943
7894.53,-106.944
7895.02,-106.943
7895.51,-106.944
7896.00,-106.944
7896.48,-106.944
7896.97,-106.944
7897.46,-106.944
7897.95,-106.944
7898.44,-106.944
7898.93,-106.943
7899.41,-106.945
7899.90,-106.946
7900.39,-106.945
7900.88,-106.944
7901.37,-106.946
7901.86,-106.944
7902.34,-106.946
7902.83,-106.945
7903.32,-106.945
7903.81,-106.946
7904.30,-106.946
7904.79,-106.946
7905.27,-106.945
7905.76,-106.946
7906.25,-106.946
7906.74,-106.945
7907.23,-106.946
7907.71,-106.946
7908.20,-106.947
7908.69,-106.947
7909.18,-106.947
7909.67,-106.947
7910.16,-106.947
7910.64,-106.947
7911.13,-106.947
7911.62,-106.947
7912.11,-106.948
7912.60,-106.948
7913.09,-106.947
7913.57,-106.948
7914.06,-106.947
7914.55,-106.948
7915.04,-106.948
7915.53,-106.948
7916.02,-106.948
7916.50,-106.948
7916.99,-106.948
7917.48,-106.948
7917.97,-106.948
7918.46,-106.948
7918.95,-106.948
7919.43,-106.948
7919.92,-106.948
7920.41,-106.949
7920.90,-106.948
7921.39,-106.949
7921.88,-106.949
7922.36,-106.949
7922.85,-106.950
7923.34,-106.949
7923.83,-106.949
7924.32,-106.950
7924.80,-106.950
7925.29,-106.949
7925.78,-106.950
7926.27,-106.949
7926.76,-106.950
7927.25,-106.950
7927.73,-106.950
7928.22,-106.950
7928.71,-106.950
7929.20,-106.950
7929.69,-106.951
7930.18,-106.951
7930.66,-106.950
7931.15,-106.949
7931.64,-106.951
7932.13,-106.950
7932.62,-106.951
7933.11,-106.951
7933.59,-106.950
7934.08,-106.951
7934.57,-106.952
7935.06,-106.951
7935.55,-106.951
7936.04,-106.951
7936.52,-106.952
7937.01,-106.952
7937.50,-106.952
7937.99,-106.951
7938.48,-106.952
7938.96,-106.952
7939.45,-106.952
7939.94,-106.952
7940.43,-106.952
7940.92,-106.952
7941.41,-106.952
7941.89,-106.952
7942.38,-106.953
7942.87,-106.952
7943.36,-106.952
7943.85,-106.952
7944.34,-106.953
7944.82,-106.952
7945.31,-106.953
7945.80,-106.953
7946.29,-106.953
7946.78,-106.953
7947.27,-106.952
7947.75,-106.953
7948.24,-106.953
7948.73,-106.953
7949.22,-106.953
7949.71,-106.953
7950.20,-106.953
7950.68,-106.953
7951.17,-106.953
7951.66,-106.954
7952.15,-106.953
7952.64,-106.953
7953.12,-106.954
7953.61,-106.953
7954.10,-106.954
7954.59,-106.954
7955.08,-106.953
7955.57,-106.953
7956.05,-106.954
7956.54,-106.953
7957.03,-106.953
7957.52,-106.953
7958.01,-106.954
7958.50,-106.954
7958.98,-106.954
7959.47,-106.954
7959.96,-106.954
7960.45,-106.954
7960.94,-106.954
7961.43,-106.954
7961.91,-106.954
7962.40,-106.954
7962.89,-106.954
7963.38,-106.954
7963.87,-106.954
7964.36,-106.954
7964.84,-106.954
7965.33,-106.954
7965.82,-106.954
7966.31,-106.954
7966.80,-106.955
7967.29,-106.955
7967.77,-106.955
7968.26,-106.955
7968.75,-106.954
7969.24,-106.955
7969.73,-106.955
7970.21,-106.955
7970.70,-106.955
7971.19,-106.955
7971.68,-106.955
7972.17,-106.955
7972.66,-106.955
7973.14,-106.955
7973.63,-106.955
7974.12,-106.955
7974.61,-106.955
7975.10,-106.955
7975.59,-106.955
7976.07,-106.955
7976.56,-106.955
7977.05,-106.955
7977.54,-106.955
7978.03,-106.955
7978.52,-106.955
7979.00,-106.955
7979.49,-106.955
7979.98,-106.955
7980.47,-106.955
7980.96,-106.955
7981.45,-106.955
7981.93,-106.955
7982.42,-106.956
7982.91,-106.955
7983.40,-106.956
7983.89,-106.955
7984.38,-106.955
7984.86,-106.955
7985.35,-106.955
7985.84,-106.956
7986.33,-106.955
7986.82,-106.955
7987.30,-106.956
7987.79,-106.956
7988.28,-106.956
7988.77,-106.956
7989.26,-106.955
7989.75,-106.956
7990.23,-106.956
7990.72,-106.956
7991.21,-106.956
7991.70,-106.956
7992.19,-106.956
7992.68,-106.956
7993.16,-106.956
7993.65,-106.956
7994.14,-106.956
7994.63,-106.956
7995.12,-106.956
7995.61,-106.956
7996.09,-106.956
7996.58,-106.956
7997.07,-106.956
7997.56,-106.956
7998.05,-106.956
7998.54,-106.956
7999.02,-106.956
7999.51,-106.956
8000.00,-109.756
