Frequency (Hz),FFT Magnitude (dB)
0.00,-120.000
0.24,-104.039
0.49,-104.219
0.73,-103.862
0.98,-103.941
1.22,-104.529
1.46,-103.334
1.71,-103.046
1.95,-102.647
2.20,-101.451
2.44,-101.917
2.69,-103.022
2.93,-102.197
3.17,-102.353
3.42,-100.263
3.66,-101.254
3.91,-101.869
4.15,-99.935
4.39,-101.313
4.64,-100.498
4.88,-99.876
5.13,-97.544
5.37,-95.599
5.62,-95.201
5.86,-95.690
6.10,-97.376
6.35,-95.608
6.59,-98.195
6.84,-98.637
7.08,-98.528
7.32,-97.278
7.57,-97.723
7.81,-96.712
8.06,-96.020
8.30,-95.291
8.54,-95.173
8.79,-92.938
9.03,-92.476
9.28,-93.919
9.52,-95.195
9.77,-90.534
10.01,-91.574
10.25,-90.412
10.50,-88.140
10.74,-87.066
10.99,-87.452
11.23,-92.058
11.47,-92.069
11.72,-90.902
11.96,-90.392
12.21,-93.034
12.45,-91.963
12.70,-92.323
12.94,-85.823
13.18,-87.836
13.43,-87.400
13.67,-86.812
13.92,-87.358
14.16,-89.847
14.40,-91.336
14.65,-89.618
14.89,-87.907
15.14,-83.931
15.38,-86.618
15.62,-86.260
15.87,-78.621
16.11,-86.938
16.36,-89.507
16.60,-90.013
16.85,-91.937
17.09,-93.576
17.33,-91.506
17.58,-91.408
17.82,-87.390
18.07,-90.499
18.31,-89.068
18.55,-88.492
18.80,-87.604
19.04,-89.455
19.29,-89.089
19.53,-88.996
19.78,-90.392
20.02,-87.766
20.26,-86.952
20.51,-87.021
20.75,-87.126
21.00,-88.100
21.24,-87.602
21.48,-88.010
21.73,-89.762
21.97,-91.429
22.22,-93.614
22.46,-93.299
22.71,-91.765
22.95,-90.090
23.19,-90.396
23.44,-91.702
23.68,-88.931
23.93,-89.143
24.17,-89.396
24.41,-87.200
24.66,-87.334
24.90,-84.706
25.15,-84.752
25.39,-84.686
25.63,-85.065
25.88,-87.317
26.12,-82.694
26.37,-82.532
26.61,-79.744
26.86,-84.148
27.10,-82.338
27.34,-82.102
27.59,-81.666
27.83,-81.354
28.08,-79.404
28.32,-77.692
28.56,-70.660
28.81,-67.145
29.05,-76.136
29.30,-76.164
29.54,-65.336
29.79,-70.273
30.03,-77.688
30.27,-79.184
30.52,-78.525
30.76,-80.990
31.01,-82.568
31.25,-79.838
31.49,-77.232
31.74,-68.580
31.98,-72.300
32.23,-79.155
32.47,-76.505
32.71,-81.572
32.96,-79.341
33.20,-78.992
33.45,-77.932
33.69,-77.654
33.94,-76.286
34.18,-75.946
34.42,-76.297
34.67,-66.020
34.91,-75.201
35.16,-73.510
35.40,-81.009
35.64,-78.217
35.89,-76.402
36.13,-77.837
36.38,-80.357
36.62,-78.782
36.87,-80.204
37.11,-82.159
37.35,-80.983
37.60,-83.646
37.84,-81.388
38.09,-84.358
38.33,-83.856
38.57,-86.640
38.82,-85.344
39.06,-82.986
39.31,-81.337
39.55,-80.744
39.79,-79.593
40.04,-82.300
40.28,-83.934
40.53,-82.232
40.77,-84.853
41.02,-84.302
41.26,-83.993
41.50,-79.143
41.75,-82.921
41.99,-82.108
42.24,-79.739
42.48,-78.791
42.72,-79.110
42.97,-77.726
43.21,-76.237
43.46,-78.091
43.70,-77.987
43.95,-80.311
44.19,-82.165
44.43,-83.281
44.68,-80.945
44.92,-81.791
45.17,-74.867
45.41,-81.641
45.65,-83.928
45.90,-82.460
46.14,-82.861
46.39,-84.895
46.63,-84.187
46.88,-86.540
47.12,-86.418
47.36,-82.267
47.61,-80.809
47.85,-81.176
48.10,-85.824
48.34,-82.856
48.58,-82.614
48.83,-82.207
49.07,-86.097
49.32,-81.952
49.56,-82.081
49.80,-83.723
50.05,-82.116
50.29,-81.931
50.54,-81.167
50.78,-81.755
51.03,-82.171
51.27,-83.610
51.51,-81.513
51.76,-83.235
52.00,-78.751
52.25,-80.736
52.49,-79.682
52.73,-82.467
52.98,-78.955
53.22,-80.848
53.47,-81.557
53.71,-83.690
53.96,-82.381
54.20,-79.776
54.44,-80.793
54.69,-81.671
54.93,-81.754
55.18,-83.223
55.42,-80.601
55.66,-81.420
55.91,-83.083
56.15,-83.135
56.40,-84.411
56.64,-82.648
56.88,-85.260
57.13,-85.266
57.37,-79.359
57.62,-80.229
57.86,-76.664
58.11,-77.796
58.35,-74.227
58.59,-74.339
58.84,-80.479
59.08,-76.023
59.33,-74.573
59.57,-80.729
59.81,-84.187
60.06,-85.236
60.30,-84.359
60.55,-85.836
60.79,-81.673
61.04,-84.202
61.28,-84.319
61.52,-85.050
61.77,-83.712
62.01,-82.026
62.26,-83.079
62.50,-84.189
62.74,-84.263
62.99,-84.674
63.23,-82.219
63.48,-79.371
63.72,-72.865
63.96,-84.027
64.21,-84.036
64.45,-81.550
64.70,-82.329
64.94,-83.285
65.19,-83.299
65.43,-82.607
65.67,-83.310
65.92,-83.389
66.16,-81.399
66.41,-83.169
66.65,-80.202
66.89,-81.311
67.14,-81.383
67.38,-81.296
67.63,-80.363
67.87,-78.685
68.12,-78.137
68.36,-79.133
68.60,-77.989
68.85,-76.852
69.09,-75.760
69.34,-79.592
69.58,-79.946
69.82,-82.868
70.07,-81.013
70.31,-80.382
70.56,-83.872
70.80,-81.659
71.04,-81.582
71.29,-82.745
71.53,-81.092
71.78,-81.421
72.02,-80.747
72.27,-83.686
72.51,-82.813
72.75,-81.285
73.00,-82.918
73.24,-82.540
73.49,-83.104
73.73,-82.936
73.97,-84.246
74.22,-84.090
74.46,-83.966
74.71,-81.471
74.95,-83.589
75.20,-83.134
75.44,-83.654
75.68,-82.475
75.93,-83.723
76.17,-81.527
76.42,-80.995
76.66,-83.156
76.90,-84.504
77.15,-84.337
77.39,-82.507
77.64,-83.233
77.88,-82.562
78.12,-83.361
78.37,-83.712
78.61,-79.947
78.86,-82.304
79.10,-81.678
79.35,-82.946
79.59,-80.076
79.83,-80.363
80.08,-81.339
80.32,-81.104
80.57,-80.338
80.81,-81.848
81.05,-83.679
81.30,-79.975
81.54,-83.027
81.79,-83.235
82.03,-83.380
82.28,-82.011
82.52,-80.984
82.76,-82.992
83.01,-81.887
83.25,-82.395
83.50,-82.647
83.74,-83.932
83.98,-85.018
84.23,-82.204
84.47,-82.292
84.72,-82.592
84.96,-85.196
85.21,-83.156
85.45,-82.348
85.69,-83.370
85.94,-80.767
86.18,-82.128
86.43,-82.635
86.67,-84.374
86.91,-86.504
87.16,-82.581
87.40,-85.997
87.65,-83.830
87.89,-83.126
88.13,-82.681
88.38,-83.157
88.62,-82.400
88.87,-71.975
89.11,-81.177
89.36,-84.293
89.60,-81.164
89.84,-83.241
90.09,-79.542
90.33,-80.551
90.58,-80.293
90.82,-83.895
91.06,-83.122
91.31,-82.096
91.55,-82.537
91.80,-84.136
92.04,-80.942
92.29,-81.960
92.53,-81.688
92.77,-79.980
93.02,-79.415
93.26,-79.558
93.51,-73.030
93.75,-74.588
93.99,-80.763
94.24,-79.321
94.48,-82.256
94.73,-81.623
94.97,-84.177
95.21,-83.909
95.46,-84.031
95.70,-83.469
95.95,-85.482
96.19,-86.989
96.44,-83.220
96.68,-84.518
96.92,-84.990
97.17,-81.957
97.41,-82.373
97.66,-81.472
97.90,-84.287
98.14,-82.017
98.39,-83.058
98.63,-81.485
98.88,-78.209
99.12,-82.741
99.37,-84.160
99.61,-84.247
99.85,-82.716
100.10,-83.042
100.34,-81.936
100.59,-82.390
100.83,-82.738
101.07,-83.093
101.32,-79.999
101.56,-82.242
101.81,-80.489
102.05,-81.932
102.29,-82.224
102.54,-81.577
102.78,-83.526
103.03,-80.061
103.27,-76.516
103.52,-78.899
103.76,-79.071
104.00,-79.739
104.25,-78.005
104.49,-79.257
104.74,-80.625
104.98,-78.686
105.22,-78.516
105.47,-78.020
105.71,-78.683
105.96,-79.340
106.20,-77.959
106.45,-77.554
106.69,-80.277
106.93,-79.529
107.18,-79.323
107.42,-79.901
107.67,-79.052
107.91,-77.610
108.15,-80.096
108.40,-78.759
108.64,-79.919
108.89,-80.170
109.13,-79.659
109.38,-79.560
109.62,-80.291
109.86,-77.924
110.11,-78.061
110.35,-76.585
110.60,-78.024
110.84,-78.196
111.08,-78.540
111.33,-76.744
111.57,-77.140
111.82,-75.751
112.06,-76.116
112.30,-76.974
112.55,-74.847
112.79,-73.841
113.04,-69.495
113.28,-74.426
113.53,-75.942
113.77,-76.030
114.01,-75.350
114.26,-77.585
114.50,-76.758
114.75,-76.066
114.99,-78.238
115.23,-79.062
115.48,-78.757
115.72,-76.854
115.97,-76.713
116.21,-78.127
116.46,-77.501
116.70,-75.945
116.94,-75.293
117.19,-75.765
117.43,-76.854
117.68,-76.304
117.92,-75.777
118.16,-73.648
118.41,-70.429
118.65,-70.442
118.90,-69.282
119.14,-68.778
119.38,-66.139
119.63,-61.337
119.87,-49.398
120.12,-55.029
120.36,-63.113
120.61,-67.216
120.85,-70.552
121.09,-70.807
121.34,-72.071
121.58,-73.807
121.83,-74.246
122.07,-75.359
122.31,-64.947
122.56,-75.631
122.80,-75.589
123.05,-78.803
123.29,-78.506
123.54,-73.730
123.78,-74.103
124.02,-78.785
124.27,-78.259
124.51,-77.698
124.76,-78.588
125.00,-80.610
125.24,-81.387
125.49,-79.794
125.73,-80.101
125.98,-82.197
126.22,-78.512
126.46,-78.426
126.71,-78.158
126.95,-79.109
127.20,-79.094
127.44,-79.587
127.69,-76.567
127.93,-67.486
128.17,-75.326
128.42,-77.772
128.66,-77.404
128.91,-80.170
129.15,-77.485
129.39,-77.459
129.64,-77.693
129.88,-79.062
130.13,-78.407
130.37,-76.429
130.62,-76.319
130.86,-74.895
131.10,-74.835
131.35,-73.180
131.59,-74.194
131.84,-72.382
132.08,-73.326
132.32,-69.102
132.57,-64.229
132.81,-48.494
133.06,-62.124
133.30,-67.813
133.54,-58.996
133.79,-69.279
134.03,-73.873
134.28,-75.373
134.52,-76.431
134.77,-76.326
135.01,-77.483
135.25,-77.683
135.50,-76.976
135.74,-79.215
135.99,-80.548
136.23,-78.992
136.47,-79.070
136.72,-80.527
136.96,-78.699
137.21,-79.315
137.45,-76.636
137.70,-77.191
137.94,-78.188
138.18,-79.107
138.43,-79.425
138.67,-77.340
138.92,-76.941
139.16,-77.162
139.40,-74.572
139.65,-75.567
139.89,-74.528
140.14,-74.962
140.38,-75.913
140.62,-73.975
140.87,-74.704
141.11,-76.564
141.36,-76.000
141.60,-76.894
141.85,-77.115
142.09,-76.554
142.33,-76.148
142.58,-75.792
142.82,-76.865
143.07,-75.395
143.31,-76.322
143.55,-75.413
143.80,-75.703
144.04,-76.559
144.29,-73.582
144.53,-70.787
144.78,-75.750
145.02,-75.988
145.26,-75.509
145.51,-76.204
145.75,-73.021
146.00,-75.553
146.24,-74.936
146.48,-75.115
146.73,-75.372
146.97,-75.102
147.22,-73.904
147.46,-74.945
147.71,-73.685
147.95,-72.756
148.19,-73.905
148.44,-61.197
148.68,-73.262
148.93,-72.831
149.17,-71.619
149.41,-69.744
149.66,-74.111
149.90,-70.200
150.15,-69.419
150.39,-69.034
150.63,-69.285
150.88,-67.327
151.12,-70.219
151.37,-70.769
151.61,-67.196
151.86,-68.282
152.10,-68.762
152.34,-70.020
152.59,-69.938
152.83,-69.891
153.08,-71.933
153.32,-69.917
153.56,-72.645
153.81,-70.237
154.05,-71.043
154.30,-72.878
154.54,-70.094
154.79,-72.182
155.03,-71.757
155.27,-72.030
155.52,-71.576
155.76,-71.828
156.01,-74.741
156.25,-75.258
156.49,-74.094
156.74,-72.759
156.98,-75.321
157.23,-75.336
157.47,-76.322
157.71,-75.054
157.96,-71.997
158.20,-71.110
158.45,-72.812
158.69,-74.767
158.94,-74.306
159.18,-72.960
159.42,-59.009
159.67,-69.920
159.91,-68.975
160.16,-72.534
160.40,-73.662
160.64,-72.750
160.89,-71.213
161.13,-72.694
161.38,-73.102
161.62,-75.128
161.87,-72.733
162.11,-73.501
162.35,-71.547
162.60,-71.585
162.84,-71.623
163.09,-74.799
163.33,-74.512
163.57,-74.316
163.82,-72.309
164.06,-72.311
164.31,-70.479
164.55,-71.723
164.79,-71.964
165.04,-72.250
165.28,-72.234
165.53,-71.807
165.77,-72.583
166.02,-70.271
166.26,-75.943
166.50,-74.766
166.75,-71.425
166.99,-72.503
167.24,-73.116
167.48,-71.434
167.72,-71.957
167.97,-75.544
168.21,-72.825
168.46,-73.603
168.70,-75.326
168.95,-72.220
169.19,-73.552
169.43,-73.551
169.68,-75.315
169.92,-73.516
170.17,-75.144
170.41,-74.332
170.65,-77.119
170.90,-74.252
171.14,-75.954
171.39,-76.452
171.63,-72.224
171.88,-73.307
172.12,-73.844
172.36,-74.132
172.61,-73.290
172.85,-71.292
173.10,-68.391
173.34,-74.280
173.58,-76.848
173.83,-73.162
174.07,-75.521
174.32,-75.471
174.56,-75.808
174.80,-76.977
175.05,-75.839
175.29,-77.049
175.54,-79.193
175.78,-76.344
176.03,-76.524
176.27,-74.855
176.51,-75.706
176.76,-74.499
177.00,-74.309
177.25,-73.790
177.49,-71.275
177.73,-73.951
177.98,-73.623
178.22,-73.184
178.47,-73.773
178.71,-73.708
178.96,-75.301
179.20,-74.206
179.44,-73.585
179.69,-73.525
179.93,-72.594
180.18,-74.102
180.42,-73.415
180.66,-73.209
180.91,-73.683
181.15,-77.744
181.40,-76.462
181.64,-74.891
181.88,-74.642
182.13,-75.621
182.37,-73.900
182.62,-76.198
182.86,-79.311
183.11,-77.820
183.35,-79.188
183.59,-75.803
183.84,-75.750
184.08,-76.851
184.33,-75.601
184.57,-75.231
184.81,-75.138
185.06,-72.663
185.30,-72.912
185.55,-73.792
185.79,-73.066
186.04,-70.415
186.28,-77.669
186.52,-74.151
186.77,-68.934
187.01,-72.365
187.26,-73.834
187.50,-72.764
187.74,-73.184
187.99,-72.627
188.23,-73.804
188.48,-72.366
188.72,-71.983
188.96,-72.134
189.21,-74.508
189.45,-72.285
189.70,-72.206
189.94,-73.782
190.19,-71.872
190.43,-73.648
190.67,-76.040
190.92,-75.210
191.16,-74.480
191.41,-72.952
191.65,-73.314
191.89,-74.747
192.14,-74.488
192.38,-74.192
192.63,-74.602
192.87,-76.481
193.12,-76.746
193.36,-73.996
193.60,-76.400
193.85,-75.523
194.09,-76.189
194.34,-77.826
194.58,-77.910
194.82,-77.974
195.07,-77.420
195.31,-76.522
195.56,-76.130
195.80,-76.549
196.04,-75.714
196.29,-76.116
196.53,-75.817
196.78,-77.728
197.02,-78.213
197.27,-77.479
197.51,-78.677
197.75,-76.831
198.00,-74.391
198.24,-76.886
198.49,-78.851
198.73,-78.813
198.97,-78.486
199.22,-77.060
199.46,-78.083
199.71,-70.724
199.95,-78.153
200.20,-77.979
200.44,-78.413
200.68,-78.862
200.93,-79.359
201.17,-79.084
201.42,-79.523
201.66,-79.442
201.90,-82.751
202.15,-80.156
202.39,-79.343
202.64,-79.569
202.88,-81.031
203.12,-77.623
203.37,-80.973
203.61,-77.518
203.86,-75.797
204.10,-79.623
204.35,-76.805
204.59,-75.971
204.83,-74.818
205.08,-77.908
205.32,-76.299
205.57,-75.745
205.81,-75.572
206.05,-76.216
206.30,-78.702
206.54,-78.707
206.79,-76.370
207.03,-77.978
207.28,-75.939
207.52,-74.435
207.76,-59.538
208.01,-71.494
208.25,-74.399
208.50,-76.401
208.74,-79.632
208.98,-77.988
209.23,-74.526
209.47,-76.948
209.72,-77.385
209.96,-77.322
210.21,-78.231
210.45,-78.394
210.69,-78.054
210.94,-77.869
211.18,-82.060
211.43,-80.230
211.67,-79.803
211.91,-77.251
212.16,-77.325
212.40,-76.888
212.65,-76.861
212.89,-77.198
213.13,-74.829
213.38,-69.579
213.62,-76.227
213.87,-77.261
214.11,-74.519
214.36,-75.663
214.60,-77.728
214.84,-76.342
215.09,-77.256
215.33,-76.513
215.58,-77.789
215.82,-77.499
216.06,-75.802
216.31,-77.324
216.55,-76.440
216.80,-77.488
217.04,-81.253
217.29,-82.260
217.53,-81.331
217.77,-79.660
218.02,-80.662
218.26,-78.563
218.51,-80.494
218.75,-80.644
218.99,-78.097
219.24,-78.680
219.48,-79.296
219.73,-79.318
219.97,-78.982
220.21,-77.495
220.46,-76.450
220.70,-76.117
220.95,-77.374
221.19,-73.983
221.44,-75.845
221.68,-75.203
221.92,-77.544
222.17,-76.920
222.41,-76.946
222.66,-76.894
222.90,-76.882
223.14,-77.326
223.39,-76.067
223.63,-76.132
223.88,-75.974
224.12,-77.186
224.37,-77.999
224.61,-76.924
224.85,-77.174
225.10,-78.199
225.34,-78.214
225.59,-77.904
225.83,-77.692
226.07,-76.412
226.32,-72.289
226.56,-77.740
226.81,-81.227
227.05,-77.133
227.29,-79.045
227.54,-80.987
227.78,-81.154
228.03,-79.631
228.27,-79.078
228.52,-79.399
228.76,-79.830
229.00,-81.241
229.25,-78.826
229.49,-78.401
229.74,-79.807
229.98,-79.023
230.22,-78.541
230.47,-78.776
230.71,-80.239
230.96,-76.432
231.20,-78.097
231.45,-79.598
231.69,-80.110
231.93,-78.869
232.18,-79.399
232.42,-79.590
232.67,-78.942
232.91,-78.013
233.15,-78.832
233.40,-75.406
233.64,-76.242
233.89,-77.424
234.13,-78.485
234.38,-77.272
234.62,-78.077
234.86,-78.212
235.11,-80.648
235.35,-76.677
235.60,-78.997
235.84,-78.267
236.08,-79.746
236.33,-76.203
236.57,-76.942
236.82,-76.185
237.06,-72.925
237.30,-76.176
237.55,-75.413
237.79,-77.289
238.04,-74.795
238.28,-73.379
238.53,-72.218
238.77,-71.962
239.01,-64.855
239.26,-65.945
239.50,-69.312
239.75,-64.222
239.99,-58.749
240.23,-70.464
240.48,-72.719
240.72,-72.335
240.97,-75.137
241.21,-73.177
241.46,-72.459
241.70,-74.828
241.94,-75.331
242.19,-74.748
242.43,-73.233
242.68,-75.241
242.92,-76.399
243.16,-74.674
243.41,-74.045
243.65,-79.332
243.90,-80.143
244.14,-76.786
244.38,-76.991
244.63,-77.465
244.87,-79.681
245.12,-79.750
245.36,-79.881
245.61,-81.947
245.85,-79.962
246.09,-81.245
246.34,-79.574
246.58,-80.597
246.83,-79.735
247.07,-82.351
247.31,-80.201
247.56,-78.642
247.80,-79.461
248.05,-78.628
248.29,-78.308
248.54,-77.243
248.78,-79.427
249.02,-77.108
249.27,-78.848
249.51,-79.966
249.76,-75.400
250.00,-76.738
250.24,-75.253
250.49,-77.529
250.73,-76.174
250.98,-74.819
251.22,-75.653
251.46,-73.655
251.71,-76.537
251.95,-74.660
252.20,-74.192
252.44,-74.369
252.69,-71.615
252.93,-72.228
253.17,-76.576
253.42,-76.530
253.66,-77.055
253.91,-77.841
254.15,-78.092
254.39,-78.433
254.64,-81.160
254.88,-78.656
255.13,-80.041
255.37,-79.529
255.62,-79.999
255.86,-81.552
256.10,-83.366
256.35,-83.465
256.59,-83.160
256.84,-81.834
257.08,-79.898
257.32,-79.954
257.57,-79.239
257.81,-79.997
258.06,-79.850
258.30,-81.368
258.54,-81.623
258.79,-79.101
259.03,-81.041
259.28,-81.290
259.52,-81.600
259.77,-82.079
260.01,-81.190
260.25,-81.433
260.50,-81.412
260.74,-82.958
260.99,-80.177
261.23,-81.253
261.47,-81.538
261.72,-80.187
261.96,-83.011
262.21,-81.884
262.45,-81.305
262.70,-82.430
262.94,-81.675
263.18,-81.901
263.43,-82.889
263.67,-83.024
263.92,-81.720
264.16,-83.496
264.40,-83.164
264.65,-83.661
264.89,-81.181
265.14,-84.640
265.38,-81.427
265.62,-74.084
265.87,-80.834
266.11,-82.821
266.36,-85.013
266.60,-80.766
266.85,-82.038
267.09,-76.813
267.33,-78.294
267.58,-83.442
267.82,-82.304
268.07,-83.631
268.31,-82.699
268.55,-84.038
268.80,-85.296
269.04,-82.846
269.29,-81.186
269.53,-82.367
269.78,-80.880
270.02,-83.383
270.26,-83.178
270.51,-85.371
270.75,-80.804
271.00,-81.483
271.24,-83.557
271.48,-83.506
271.73,-82.464
271.97,-83.172
272.22,-82.394
272.46,-82.371
272.71,-86.349
272.95,-85.941
273.19,-83.663
273.44,-83.714
273.68,-84.217
273.93,-81.917
274.17,-83.924
274.41,-84.703
274.66,-82.957
274.90,-83.187
275.15,-81.850
275.39,-84.935
275.63,-83.621
275.88,-85.127
276.12,-87.221
276.37,-84.272
276.61,-84.941
276.86,-85.007
277.10,-84.073
277.34,-87.221
277.59,-84.362
277.83,-84.169
278.08,-83.543
278.32,-83.579
278.56,-80.056
278.81,-82.296
279.05,-81.656
279.30,-72.049
279.54,-78.570
279.79,-82.353
280.03,-80.544
280.27,-80.601
280.52,-82.009
280.76,-83.597
281.01,-82.774
281.25,-83.363
281.49,-84.882
281.74,-83.081
281.98,-83.317
282.23,-83.431
282.47,-82.800
282.71,-83.592
282.96,-83.823
283.20,-84.128
283.45,-85.958
283.69,-84.168
283.94,-85.931
284.18,-85.144
284.42,-85.138
284.67,-84.331
284.91,-85.263
285.16,-84.022
285.40,-87.412
285.64,-87.668
285.89,-88.268
286.13,-86.273
286.38,-86.137
286.62,-85.489
286.87,-83.671
287.11,-83.153
287.35,-82.787
287.60,-85.577
287.84,-83.861
288.09,-83.651
288.33,-88.668
288.57,-87.407
288.82,-87.780
289.06,-86.186
289.31,-86.289
289.55,-86.692
289.79,-85.980
290.04,-86.602
290.28,-87.023
290.53,-85.692
290.77,-84.401
291.02,-84.480
291.26,-86.271
291.50,-84.740
291.75,-85.172
291.99,-85.527
292.24,-83.502
292.48,-85.368
292.72,-86.597
292.97,-82.209
293.21,-83.215
293.46,-85.464
293.70,-83.535
293.95,-84.644
294.19,-82.628
294.43,-82.321
294.68,-85.298
294.92,-85.460
295.17,-85.621
295.41,-83.976
295.65,-85.249
295.90,-81.419
296.14,-84.189
296.39,-82.825
296.63,-82.553
296.88,-82.367
297.12,-86.066
297.36,-85.438
297.61,-82.720
297.85,-84.718
298.10,-84.048
298.34,-82.857
298.58,-80.889
298.83,-85.612
299.07,-80.795
299.32,-84.002
299.56,-85.391
299.80,-85.657
300.05,-86.210
300.29,-85.519
300.54,-84.359
300.78,-85.105
301.03,-85.081
301.27,-85.442
301.51,-84.869
301.76,-85.626
302.00,-86.688
302.25,-84.182
302.49,-84.815
302.73,-82.571
302.98,-84.854
303.22,-83.440
303.47,-83.681
303.71,-84.311
303.96,-85.049
304.20,-83.996
304.44,-83.504
304.69,-85.653
304.93,-84.854
305.18,-87.567
305.42,-87.337
305.66,-85.083
305.91,-83.759
306.15,-85.624
306.40,-85.226
306.64,-85.215
306.88,-84.892
307.13,-84.992
307.37,-84.703
307.62,-85.371
307.86,-85.510
308.11,-85.020
308.35,-86.546
308.59,-86.951
308.84,-86.244
309.08,-89.310
309.33,-88.802
309.57,-84.851
309.81,-86.104
310.06,-86.142
310.30,-84.977
310.55,-87.508
310.79,-82.858
311.04,-81.460
311.28,-83.300
311.52,-85.851
311.77,-84.446
312.01,-85.997
312.26,-85.027
312.50,-83.356
312.74,-84.392
312.99,-87.288
313.23,-86.192
313.48,-87.654
313.72,-86.376
313.96,-87.738
314.21,-88.231
314.45,-86.409
314.70,-85.578
314.94,-89.565
315.19,-88.498
315.43,-87.443
315.67,-88.279
315.92,-86.018
316.16,-87.886
316.41,-87.500
316.65,-87.332
316.89,-84.389
317.14,-86.289
317.38,-87.704
317.63,-88.382
317.87,-88.132
318.12,-86.963
318.36,-87.254
318.60,-86.485
318.85,-88.722
319.09,-86.995
319.34,-86.560
319.58,-88.392
319.82,-88.013
320.07,-85.532
320.31,-86.221
320.56,-86.750
320.80,-88.950
321.04,-87.187
321.29,-88.569
321.53,-88.154
321.78,-89.394
322.02,-87.233
322.27,-86.429
322.51,-88.092
322.75,-87.232
323.00,-87.930
323.24,-87.377
323.49,-87.891
323.73,-86.317
323.97,-88.351
324.22,-86.449
324.46,-87.565
324.71,-88.890
324.95,-86.121
325.20,-86.618
325.44,-87.701
325.68,-88.300
325.93,-85.173
326.17,-87.355
326.42,-86.630
326.66,-83.385
326.90,-87.647
327.15,-89.096
327.39,-87.088
327.64,-88.990
327.88,-86.032
328.12,-86.500
328.37,-88.437
328.61,-88.630
328.86,-87.467
329.10,-87.401
329.35,-86.520
329.59,-87.281
329.83,-85.763
330.08,-86.630
330.32,-86.686
330.57,-87.121
330.81,-85.946
331.05,-86.044
331.30,-85.444
331.54,-86.724
331.79,-86.195
332.03,-86.443
332.28,-84.390
332.52,-88.051
332.76,-85.991
333.01,-87.106
333.25,-88.671
333.50,-87.517
333.74,-89.881
333.98,-89.884
334.23,-88.504
334.47,-89.515
334.72,-85.674
334.96,-89.465
335.21,-88.743
335.45,-87.775
335.69,-89.490
335.94,-88.897
336.18,-90.171
336.43,-89.309
336.67,-90.302
336.91,-90.573
337.16,-89.693
337.40,-89.583
337.65,-88.682
337.89,-90.293
338.13,-87.016
338.38,-87.638
338.62,-88.809
338.87,-90.842
339.11,-89.797
339.36,-88.359
339.60,-88.614
339.84,-88.895
340.09,-88.761
340.33,-88.183
340.58,-92.200
340.82,-89.494
341.06,-88.498
341.31,-87.317
341.55,-89.485
341.80,-87.324
342.04,-92.343
342.29,-88.811
342.53,-88.478
342.77,-86.877
343.02,-90.517
343.26,-89.566
343.51,-87.712
343.75,-91.119
343.99,-89.886
344.24,-87.527
344.48,-88.726
344.73,-89.033
344.97,-88.813
345.21,-86.390
345.46,-84.598
345.70,-90.438
345.95,-87.943
346.19,-88.205
346.44,-89.438
346.68,-88.035
346.92,-86.983
347.17,-87.304
347.41,-87.940
347.66,-88.079
347.90,-86.882
348.14,-85.986
348.39,-87.133
348.63,-87.845
348.88,-84.853
349.12,-85.964
349.37,-89.573
349.61,-85.973
349.85,-86.587
350.10,-85.668
350.34,-85.089
350.59,-85.271
350.83,-85.035
351.07,-86.322
351.32,-87.597
351.56,-87.445
351.81,-88.213
352.05,-86.455
352.29,-87.147
352.54,-87.300
352.78,-88.966
353.03,-88.725
353.27,-86.887
353.52,-87.820
353.76,-88.900
354.00,-88.504
354.25,-88.392
354.49,-87.660
354.74,-88.182
354.98,-88.557
355.22,-87.124
355.47,-85.095
355.71,-89.019
355.96,-86.140
356.20,-77.478
356.45,-86.658
356.69,-87.141
356.93,-85.869
357.18,-89.114
357.42,-88.662
357.67,-87.729
357.91,-89.227
358.15,-84.034
358.40,-85.605
358.64,-84.913
358.89,-84.990
359.13,-80.136
359.38,-86.106
359.62,-84.893
359.86,-78.055
360.11,-85.425
360.35,-86.020
360.60,-83.893
360.84,-79.295
361.08,-83.320
361.33,-85.146
361.57,-86.553
361.82,-89.240
362.06,-90.400
362.30,-88.996
362.55,-88.410
362.79,-87.290
363.04,-86.376
363.28,-86.889
363.53,-88.089
363.77,-87.866
364.01,-85.088
364.26,-84.948
364.50,-87.599
364.75,-87.274
364.99,-85.568
365.23,-82.851
365.48,-85.300
365.72,-85.597
365.97,-85.996
366.21,-85.439
366.46,-86.188
366.70,-83.038
366.94,-84.972
367.19,-86.488
367.43,-84.869
367.68,-85.238
367.92,-85.025
368.16,-86.752
368.41,-87.591
368.65,-89.767
368.90,-88.118
369.14,-88.232
369.38,-86.150
369.63,-86.650
369.87,-86.907
370.12,-87.183
370.36,-87.622
370.61,-87.329
370.85,-87.013
371.09,-85.901
371.34,-87.222
371.58,-87.579
371.83,-82.554
372.07,-80.534
372.31,-87.121
372.56,-88.474
372.80,-84.737
373.05,-86.565
373.29,-88.631
373.54,-86.306
373.78,-86.456
374.02,-89.142
374.27,-87.103
374.51,-86.657
374.76,-90.184
375.00,-89.671
375.24,-87.543
375.49,-89.088
375.73,-88.890
375.98,-89.872
376.22,-90.281
376.46,-89.884
376.71,-88.901
376.95,-87.511
377.20,-88.671
377.44,-87.583
377.69,-86.537
377.93,-88.436
378.17,-88.625
378.42,-87.655
378.66,-89.797
378.91,-88.950
379.15,-88.720
379.39,-90.112
379.64,-88.740
379.88,-89.472
380.13,-88.008
380.37,-88.334
380.62,-90.302
380.86,-87.270
381.10,-89.014
381.35,-89.260
381.59,-88.483
381.84,-86.464
382.08,-87.275
382.32,-89.076
382.57,-87.639
382.81,-87.546
383.06,-89.238
383.30,-86.355
383.54,-84.815
383.79,-89.485
384.03,-87.640
384.28,-88.704
384.52,-87.269
384.77,-87.656
385.01,-87.542
385.25,-87.166
385.50,-88.439
385.74,-88.289
385.99,-88.001
386.23,-88.223
386.47,-89.756
386.72,-89.319
386.96,-89.596
387.21,-87.862
387.45,-89.934
387.70,-90.556
387.94,-90.595
388.18,-91.923
388.43,-90.496
388.67,-89.530
388.92,-91.772
389.16,-89.079
389.40,-90.283
389.65,-88.239
389.89,-90.668
390.14,-90.949
390.38,-88.769
390.62,-90.754
390.87,-90.191
391.11,-89.874
391.36,-92.139
391.60,-89.311
391.85,-89.706
392.09,-87.002
392.33,-89.434
392.58,-87.051
392.82,-87.016
393.07,-89.538
393.31,-89.917
393.55,-86.790
393.80,-88.072
394.04,-87.920
394.29,-86.815
394.53,-85.948
394.78,-86.935
395.02,-87.112
395.26,-87.923
395.51,-86.892
395.75,-88.214
396.00,-88.543
396.24,-86.495
396.48,-88.214
396.73,-87.838
396.97,-89.390
397.22,-88.537
397.46,-86.458
397.71,-86.426
397.95,-86.864
398.19,-82.221
398.44,-76.236
398.68,-77.308
398.93,-83.942
399.17,-85.918
399.41,-85.269
399.66,-90.139
399.90,-89.949
400.15,-86.906
400.39,-87.707
400.63,-89.867
400.88,-88.282
401.12,-89.219
401.37,-88.975
401.61,-90.997
401.86,-91.415
402.10,-91.143
402.34,-86.868
402.59,-90.145
402.83,-88.088
403.08,-90.957
403.32,-89.665
403.56,-91.005
403.81,-91.378
404.05,-91.192
404.30,-89.875
404.54,-93.284
404.79,-91.610
405.03,-91.719
405.27,-90.355
405.52,-90.719
405.76,-88.738
406.01,-90.241
406.25,-89.878
406.49,-91.571
406.74,-90.523
406.98,-93.363
407.23,-90.137
407.47,-91.734
407.71,-91.713
407.96,-90.131
408.20,-90.631
408.45,-90.945
408.69,-90.557
408.94,-90.249
409.18,-88.329
409.42,-89.732
409.67,-89.455
409.91,-90.007
410.16,-89.964
410.40,-89.725
410.64,-92.251
410.89,-89.895
411.13,-90.944
411.38,-88.812
411.62,-92.385
411.87,-90.641
412.11,-90.763
412.35,-90.162
412.60,-89.624
412.84,-89.698
413.09,-89.906
413.33,-90.965
413.57,-89.355
413.82,-90.671
414.06,-90.002
414.31,-91.500
414.55,-92.397
414.79,-89.203
415.04,-89.696
415.28,-91.647
415.53,-86.607
415.77,-90.365
416.02,-90.932
416.26,-88.971
416.50,-91.047
416.75,-91.166
416.99,-89.759
417.24,-91.681
417.48,-90.538
417.72,-89.618
417.97,-91.373
418.21,-91.551
418.46,-93.092
418.70,-92.030
418.95,-90.556
419.19,-89.856
419.43,-89.745
419.68,-88.472
419.92,-89.797
420.17,-90.897
420.41,-90.173
420.65,-91.578
420.90,-90.194
421.14,-90.865
421.39,-91.241
421.63,-92.666
421.88,-89.418
422.12,-87.863
422.36,-91.102
422.61,-90.540
422.85,-87.249
423.10,-90.889
423.34,-90.428
423.58,-87.812
423.83,-89.524
424.07,-90.118
424.32,-90.455
424.56,-88.719
424.80,-89.256
425.05,-85.384
425.29,-87.850
425.54,-90.191
425.78,-89.422
426.03,-91.476
426.27,-89.575
426.51,-90.595
426.76,-90.930
427.00,-88.368
427.25,-87.881
427.49,-86.471
427.73,-85.954
427.98,-88.672
428.22,-87.876
428.47,-89.448
428.71,-89.196
428.96,-89.578
429.20,-88.222
429.44,-88.543
429.69,-91.207
429.93,-90.435
430.18,-89.970
430.42,-89.032
430.66,-90.136
430.91,-92.788
431.15,-88.713
431.40,-91.868
431.64,-91.628
431.88,-92.553
432.13,-91.548
432.37,-89.055
432.62,-93.241
432.86,-92.545
433.11,-91.356
433.35,-89.915
433.59,-88.817
433.84,-90.835
434.08,-88.714
434.33,-90.842
434.57,-92.688
434.81,-87.882
435.06,-89.177
435.30,-86.236
435.55,-89.812
435.79,-87.372
436.04,-89.645
436.28,-87.571
436.52,-91.908
436.77,-88.649
437.01,-88.875
437.26,-89.458
437.50,-90.345
437.74,-89.591
437.99,-91.605
438.23,-89.870
438.48,-90.097
438.72,-88.070
438.96,-89.312
439.21,-88.710
439.45,-90.653
439.70,-89.119
439.94,-88.488
440.19,-88.400
440.43,-89.450
440.67,-88.295
440.92,-89.272
441.16,-89.498
441.41,-92.389
441.65,-92.096
441.89,-87.712
442.14,-91.208
442.38,-92.149
442.63,-91.969
442.87,-89.062
443.12,-87.612
443.36,-87.991
443.60,-88.435
443.85,-91.620
444.09,-91.787
444.34,-90.635
444.58,-91.348
444.82,-89.345
445.07,-91.727
445.31,-88.580
445.56,-88.934
445.80,-88.603
446.04,-87.471
446.29,-90.199
446.53,-89.943
446.78,-90.664
447.02,-91.772
447.27,-91.804
447.51,-93.470
447.75,-91.098
448.00,-91.928
448.24,-89.701
448.49,-91.878
448.73,-93.777
448.97,-93.625
449.22,-92.419
449.46,-91.116
449.71,-90.923
449.95,-91.096
450.20,-89.954
450.44,-89.974
450.68,-90.167
450.93,-89.772
451.17,-91.314
451.42,-89.014
451.66,-88.595
451.90,-89.797
452.15,-88.247
452.39,-90.831
452.64,-91.900
452.88,-90.757
453.12,-92.313
453.37,-91.040
453.61,-90.792
453.86,-91.068
454.10,-89.544
454.35,-89.313
454.59,-88.068
454.83,-87.641
455.08,-90.811
455.32,-90.591
455.57,-90.611
455.81,-92.612
456.05,-89.322
456.30,-87.637
456.54,-87.370
456.79,-89.053
457.03,-89.039
457.28,-90.171
457.52,-91.435
457.76,-88.543
458.01,-85.700
458.25,-88.563
458.50,-90.497
458.74,-87.033
458.98,-90.591
459.23,-90.451
459.47,-89.576
459.72,-92.585
459.96,-93.048
460.21,-89.942
460.45,-87.870
460.69,-92.365
460.94,-93.918
461.18,-92.601
461.43,-91.194
461.67,-91.296
461.91,-90.075
462.16,-90.161
462.40,-91.994
462.65,-88.492
462.89,-91.480
463.13,-90.704
463.38,-90.902
463.62,-92.089
463.87,-93.117
464.11,-89.328
464.36,-89.055
464.60,-89.526
464.84,-91.852
465.09,-91.926
465.33,-91.706
465.58,-90.863
465.82,-89.911
466.06,-89.898
466.31,-89.511
466.55,-92.827
466.80,-90.051
467.04,-90.650
467.29,-90.372
467.53,-93.456
467.77,-90.149
468.02,-90.004
468.26,-93.696
468.51,-89.928
468.75,-88.528
468.99,-89.816
469.24,-91.773
469.48,-88.959
469.73,-88.773
469.97,-89.814
470.21,-91.167
470.46,-90.017
470.70,-91.094
470.95,-89.414
471.19,-87.260
471.44,-88.968
471.68,-89.594
471.92,-89.708
472.17,-91.448
472.41,-90.047
472.66,-90.906
472.90,-90.324
473.14,-88.660
473.39,-90.660
473.63,-91.700
473.88,-90.594
474.12,-87.023
474.37,-89.454
474.61,-92.807
474.85,-86.169
475.10,-86.907
475.34,-90.768
475.59,-91.812
475.83,-90.257
476.07,-90.359
476.32,-89.069
476.56,-89.915
476.81,-90.821
477.05,-89.341
477.29,-89.476
477.54,-89.187
477.78,-88.575
478.03,-88.650
478.27,-90.193
478.52,-90.327
478.76,-90.538
479.00,-91.320
479.25,-91.963
479.49,-90.564
479.74,-92.019
479.98,-92.122
480.22,-90.067
480.47,-91.627
480.71,-92.376
480.96,-90.192
481.20,-92.872
481.45,-92.188
481.69,-92.995
481.93,-90.740
482.18,-90.604
482.42,-90.728
482.67,-88.660
482.91,-89.985
483.15,-88.763
483.40,-88.059
483.64,-88.973
483.89,-89.525
484.13,-91.558
484.38,-89.048
484.62,-90.276
484.86,-88.474
485.11,-88.755
485.35,-88.917
485.60,-88.983
485.84,-89.620
486.08,-92.180
486.33,-90.765
486.57,-89.029
486.82,-90.349
487.06,-92.218
487.30,-91.443
487.55,-93.273
487.79,-91.743
488.04,-93.310
488.28,-92.673
488.53,-91.781
488.77,-93.421
489.01,-91.223
489.26,-93.554
489.50,-91.395
489.75,-89.286
489.99,-92.576
490.23,-90.998
490.48,-90.963
490.72,-92.226
490.97,-91.523
491.21,-91.303
491.46,-90.558
491.70,-90.049
491.94,-91.821
492.19,-90.154
492.43,-90.924
492.68,-90.630
492.92,-89.039
493.16,-90.978
493.41,-92.487
493.65,-92.352
493.90,-91.130
494.14,-90.417
494.38,-88.680
494.63,-89.584
494.87,-93.395
495.12,-91.223
495.36,-90.575
495.61,-91.528
495.85,-89.237
496.09,-92.438
496.34,-92.372
496.58,-91.510
496.83,-91.959
497.07,-91.759
497.31,-91.558
497.56,-91.611
497.80,-90.218
498.05,-87.972
498.29,-87.937
498.54,-90.821
498.78,-92.787
499.02,-91.399
499.27,-90.707
499.51,-89.510
499.76,-93.202
500.00,-89.110
500.24,-90.543
500.49,-91.294
500.73,-87.453
500.98,-88.181
501.22,-89.772
501.46,-90.833
501.71,-89.867
501.95,-89.787
502.20,-88.424
502.44,-92.006
502.69,-91.457
502.93,-90.689
503.17,-91.231
503.42,-89.176
503.66,-88.863
503.91,-91.638
504.15,-88.228
504.39,-90.890
504.64,-89.297
504.88,-92.229
505.13,-91.640
505.37,-89.613
505.62,-89.098
505.86,-91.108
506.10,-91.581
506.35,-89.858
506.59,-89.763
506.84,-90.393
507.08,-92.377
507.32,-87.428
507.57,-88.715
507.81,-90.040
508.06,-91.380
508.30,-89.599
508.54,-90.761
508.79,-88.675
509.03,-88.268
509.28,-89.921
509.52,-89.162
509.77,-90.170
510.01,-89.545
510.25,-90.101
510.50,-91.501
510.74,-90.761
510.99,-88.751
511.23,-89.777
511.47,-89.762
511.72,-89.554
511.96,-88.874
512.21,-88.803
512.45,-90.330
512.70,-91.758
512.94,-91.140
513.18,-90.444
513.43,-88.120
513.67,-91.206
513.92,-91.728
514.16,-88.451
514.40,-89.312
514.65,-92.125
514.89,-89.910
515.14,-89.738
515.38,-88.798
515.62,-90.159
515.87,-90.143
516.11,-90.480
516.36,-89.425
516.60,-90.381
516.85,-92.908
517.09,-93.740
517.33,-92.623
517.58,-91.583
517.82,-90.394
518.07,-90.797
518.31,-93.041
518.55,-90.437
518.80,-91.836
519.04,-90.916
519.29,-89.306
519.53,-88.613
519.78,-89.352
520.02,-90.489
520.26,-89.756
520.51,-91.723
520.75,-93.523
521.00,-90.230
521.24,-90.317
521.48,-90.696
521.73,-89.387
521.97,-88.889
522.22,-88.401
522.46,-90.816
522.71,-93.471
522.95,-92.666
523.19,-91.966
523.44,-90.329
523.68,-91.964
523.93,-92.838
524.17,-90.405
524.41,-90.203
524.66,-90.322
524.90,-91.172
525.15,-90.733
525.39,-89.594
525.63,-89.033
525.88,-91.923
526.12,-89.893
526.37,-88.534
526.61,-91.589
526.86,-91.702
527.10,-90.467
527.34,-91.187
527.59,-90.453
527.83,-90.315
528.08,-90.264
528.32,-90.952
528.56,-91.165
528.81,-89.253
529.05,-92.027
529.30,-90.320
529.54,-91.267
529.79,-90.844
530.03,-87.493
530.27,-88.511
530.52,-88.529
530.76,-87.180
531.01,-81.545
531.25,-75.752
531.49,-74.328
531.74,-83.829
531.98,-84.516
532.23,-89.434
532.47,-89.963
532.71,-90.443
532.96,-87.884
533.20,-90.003
533.45,-88.665
533.69,-87.648
533.94,-91.607
534.18,-90.246
534.42,-88.186
534.67,-89.134
534.91,-88.843
535.16,-89.203
535.40,-88.535
535.64,-91.374
535.89,-87.812
536.13,-88.719
536.38,-88.265
536.62,-87.787
536.87,-88.543
537.11,-91.452
537.35,-89.313
537.60,-88.926
537.84,-89.984
538.09,-89.061
538.33,-91.026
538.57,-91.872
538.82,-90.978
539.06,-91.361
539.31,-90.218
539.55,-88.045
539.79,-91.942
540.04,-87.684
540.28,-92.114
540.53,-91.816
540.77,-92.135
541.02,-88.358
541.26,-91.904
541.50,-91.228
541.75,-91.157
541.99,-90.351
542.24,-89.596
542.48,-88.294
542.72,-88.805
542.97,-88.693
543.21,-89.707
543.46,-89.211
543.70,-90.122
543.95,-88.874
544.19,-88.832
544.43,-88.482
544.68,-87.536
544.92,-86.467
545.17,-92.249
545.41,-88.280
545.65,-87.166
545.90,-90.354
546.14,-87.886
546.39,-89.039
546.63,-89.289
546.88,-89.627
547.12,-90.001
547.36,-91.521
547.61,-87.753
547.85,-89.005
548.10,-90.455
548.34,-90.490
548.58,-88.517
548.83,-89.374
549.07,-91.114
549.32,-89.212
549.56,-87.520
549.80,-89.399
550.05,-89.481
550.29,-90.243
550.54,-89.594
550.78,-88.783
551.03,-91.209
551.27,-89.141
551.51,-90.033
551.76,-87.905
552.00,-86.983
552.25,-88.442
552.49,-89.662
552.73,-86.408
552.98,-91.109
553.22,-90.516
553.47,-90.802
553.71,-88.919
553.96,-89.172
554.20,-92.894
554.44,-91.284
554.69,-87.861
554.93,-89.560
555.18,-88.967
555.42,-86.879
555.66,-87.926
555.91,-88.952
556.15,-89.877
556.40,-91.545
556.64,-91.565
556.88,-89.414
557.13,-87.224
557.37,-90.140
557.62,-91.274
557.86,-87.903
558.11,-87.246
558.35,-90.040
558.59,-91.824
558.84,-90.022
559.08,-87.952
559.33,-90.949
559.57,-89.041
559.81,-90.687
560.06,-89.693
560.30,-89.533
560.55,-87.975
560.79,-91.341
561.04,-90.083
561.28,-93.485
561.52,-92.277
561.77,-89.021
562.01,-91.683
562.26,-91.448
562.50,-90.924
562.74,-88.235
562.99,-90.232
563.23,-91.234
563.48,-86.654
563.72,-88.554
563.96,-89.103
564.21,-89.813
564.45,-87.667
564.70,-88.233
564.94,-89.635
565.19,-88.477
565.43,-89.184
565.67,-87.981
565.92,-90.492
566.16,-91.000
566.41,-88.193
566.65,-89.526
566.89,-90.423
567.14,-89.486
567.38,-88.424
567.63,-88.062
567.87,-88.395
568.12,-87.748
568.36,-89.806
568.60,-87.400
568.85,-88.827
569.09,-87.908
569.34,-88.206
569.58,-88.231
569.82,-89.616
570.07,-88.495
570.31,-88.169
570.56,-87.974
570.80,-89.322
571.04,-88.434
571.29,-87.661
571.53,-88.197
571.78,-87.841
572.02,-89.276
572.27,-90.748
572.51,-89.084
572.75,-88.989
573.00,-87.785
573.24,-89.770
573.49,-92.132
573.73,-90.688
573.97,-89.303
574.22,-89.461
574.46,-88.834
574.71,-89.860
574.95,-91.097
575.20,-89.064
575.44,-89.774
575.68,-86.475
575.93,-86.884
576.17,-88.661
576.42,-90.010
576.66,-87.365
576.90,-90.210
577.15,-89.233
577.39,-90.480
577.64,-88.856
577.88,-88.867
578.12,-87.684
578.37,-89.005
578.61,-88.993
578.86,-87.817
579.10,-89.851
579.35,-88.318
579.59,-90.738
579.83,-88.091
580.08,-89.993
580.32,-88.875
580.57,-91.016
580.81,-91.140
581.05,-91.821
581.30,-88.524
581.54,-88.682
581.79,-88.817
582.03,-87.337
582.28,-90.664
582.52,-89.444
582.76,-89.776
583.01,-88.698
583.25,-88.566
583.50,-88.233
583.74,-89.303
583.98,-87.872
584.23,-87.867
584.47,-87.319
584.72,-89.395
584.96,-89.205
585.21,-88.695
585.45,-89.306
585.69,-91.289
585.94,-91.480
586.18,-91.475
586.43,-89.370
586.67,-89.479
586.91,-89.935
587.16,-87.800
587.40,-88.882
587.65,-92.920
587.89,-90.906
588.13,-88.185
588.38,-88.815
588.62,-92.088
588.87,-88.655
589.11,-86.693
589.36,-88.255
589.60,-87.088
589.84,-89.327
590.09,-91.988
590.33,-90.364
590.58,-88.390
590.82,-89.625
591.06,-88.181
591.31,-86.218
591.55,-88.820
591.80,-88.062
592.04,-90.390
592.29,-88.811
592.53,-85.074
592.77,-89.794
593.02,-88.025
593.26,-89.578
593.51,-87.750
593.75,-88.647
593.99,-89.506
594.24,-88.968
594.48,-88.217
594.73,-90.087
594.97,-87.490
595.21,-86.221
595.46,-88.731
595.70,-89.252
595.95,-90.812
596.19,-89.208
596.44,-88.672
596.68,-87.530
596.92,-90.058
597.17,-89.897
597.41,-90.210
597.66,-89.186
597.90,-87.350
598.14,-88.710
598.39,-88.439
598.63,-89.311
598.88,-91.365
599.12,-87.798
599.37,-87.668
599.61,-90.713
599.85,-90.947
600.10,-88.591
600.34,-88.348
600.59,-90.109
600.83,-88.600
601.07,-92.085
601.32,-88.070
601.56,-88.901
601.81,-90.422
602.05,-89.685
602.29,-89.092
602.54,-89.257
602.78,-87.532
603.03,-86.250
603.27,-88.908
603.52,-88.960
603.76,-86.304
604.00,-87.502
604.25,-88.820
604.49,-88.132
604.74,-87.653
604.98,-86.965
605.22,-85.675
605.47,-88.562
605.71,-84.729
605.96,-84.972
606.20,-88.954
606.45,-88.440
606.69,-86.965
606.93,-85.594
607.18,-86.625
607.42,-86.347
607.67,-87.177
607.91,-88.044
608.15,-89.092
608.40,-91.120
608.64,-93.848
608.89,-90.883
609.13,-90.272
609.38,-89.715
609.62,-89.439
609.86,-88.832
610.11,-88.681
610.35,-87.305
610.60,-86.110
610.84,-85.422
611.08,-81.403
611.33,-82.935
611.57,-89.249
611.82,-89.912
612.06,-89.195
612.30,-89.408
612.55,-86.231
612.79,-86.732
613.04,-85.380
613.28,-88.137
613.53,-91.381
613.77,-88.460
614.01,-91.215
614.26,-89.397
614.50,-90.081
614.75,-90.005
614.99,-89.650
615.23,-85.974
615.48,-88.238
615.72,-91.294
615.97,-89.162
616.21,-87.583
616.46,-87.289
616.70,-87.895
616.94,-87.852
617.19,-86.755
617.43,-88.833
617.68,-87.104
617.92,-88.827
618.16,-86.310
618.41,-88.088
618.65,-89.319
618.90,-88.521
619.14,-90.091
619.38,-88.084
619.63,-87.985
619.87,-87.076
620.12,-88.221
620.36,-85.713
620.61,-88.863
620.85,-89.602
621.09,-87.248
621.34,-88.310
621.58,-85.101
621.83,-89.107
622.07,-86.670
622.31,-88.790
622.56,-89.018
622.80,-87.708
623.05,-87.628
623.29,-87.435
623.54,-88.547
623.78,-87.596
624.02,-85.038
624.27,-85.756
624.51,-86.032
624.76,-88.749
625.00,-87.702
625.24,-88.353
625.49,-88.982
625.73,-86.368
625.98,-87.501
626.22,-86.471
626.46,-85.649
626.71,-88.810
626.95,-87.465
627.20,-86.535
627.44,-89.058
627.69,-88.014
627.93,-88.009
628.17,-85.713
628.42,-86.042
628.66,-88.649
628.91,-89.372
629.15,-87.391
629.39,-88.402
629.64,-86.896
629.88,-87.374
630.13,-87.948
630.37,-90.559
630.62,-87.401
630.86,-85.993
631.10,-85.588
631.35,-87.716
631.59,-87.057
631.84,-86.218
632.08,-86.935
632.32,-88.450
632.57,-89.586
632.81,-88.004
633.06,-85.546
633.30,-86.607
633.54,-88.328
633.79,-86.340
634.03,-86.014
634.28,-86.786
634.52,-88.106
634.77,-86.458
635.01,-86.510
635.25,-87.949
635.50,-85.412
635.74,-87.338
635.99,-86.946
636.23,-84.928
636.47,-84.896
636.72,-84.215
636.96,-84.131
637.21,-85.008
637.45,-85.513
637.70,-86.867
637.94,-84.739
638.18,-87.700
638.43,-86.030
638.67,-86.986
638.92,-88.598
639.16,-88.778
639.40,-84.650
639.65,-86.212
639.89,-85.044
640.14,-87.995
640.38,-86.444
640.62,-87.223
640.87,-84.801
641.11,-84.008
641.36,-86.632
641.60,-86.029
641.85,-85.988
642.09,-84.694
642.33,-85.406
642.58,-84.250
642.82,-85.477
643.07,-87.564
643.31,-84.146
643.55,-85.300
643.80,-84.541
644.04,-86.969
644.29,-87.340
644.53,-87.860
644.78,-88.306
645.02,-85.858
645.26,-87.980
645.51,-87.241
645.75,-85.910
646.00,-87.325
646.24,-86.295
646.48,-87.892
646.73,-86.771
646.97,-88.170
647.22,-88.417
647.46,-85.800
647.71,-85.616
647.95,-86.617
648.19,-87.694
648.44,-85.552
648.68,-87.545
648.93,-86.513
649.17,-88.334
649.41,-86.486
649.66,-87.459
649.90,-87.418
650.15,-86.718
650.39,-88.083
650.63,-84.995
650.88,-86.653
651.12,-86.130
651.37,-86.263
651.61,-84.156
651.86,-84.726
652.10,-88.864
652.34,-85.168
652.59,-86.271
652.83,-87.359
653.08,-85.335
653.32,-87.209
653.56,-87.975
653.81,-85.626
654.05,-86.619
654.30,-85.510
654.54,-90.395
654.79,-86.482
655.03,-87.797
655.27,-87.116
655.52,-85.700
655.76,-89.829
656.01,-83.474
656.25,-84.982
656.49,-89.298
656.74,-85.285
656.98,-86.890
657.23,-83.642
657.47,-86.834
657.71,-86.188
657.96,-87.706
658.20,-86.762
658.45,-84.819
658.69,-86.124
658.94,-89.182
659.18,-86.191
659.42,-85.649
659.67,-88.136
659.91,-85.869
660.16,-86.761
660.40,-87.868
660.64,-86.855
660.89,-87.423
661.13,-85.646
661.38,-86.240
661.62,-85.594
661.87,-85.468
662.11,-87.283
662.35,-84.762
662.60,-85.023
662.84,-83.035
663.09,-84.697
663.33,-82.295
663.57,-80.389
663.82,-74.830
664.06,-70.469
664.31,-67.027
664.55,-74.964
664.79,-80.285
665.04,-79.942
665.28,-80.930
665.53,-83.062
665.77,-84.783
666.02,-84.464
666.26,-86.287
666.50,-85.043
666.75,-83.711
666.99,-85.754
667.24,-88.096
667.48,-84.775
667.72,-86.070
667.97,-84.518
668.21,-84.999
668.46,-85.679
668.70,-86.351
668.95,-85.393
669.19,-85.861
669.43,-84.396
669.68,-84.400
669.92,-86.592
670.17,-86.417
670.41,-85.672
670.65,-85.525
670.90,-85.514
671.14,-85.667
671.39,-86.384
671.63,-86.371
671.88,-84.858
672.12,-87.319
672.36,-85.085
672.61,-87.199
672.85,-86.283
673.10,-85.013
673.34,-85.696
673.58,-83.927
673.83,-86.610
674.07,-84.648
674.32,-83.796
674.56,-84.894
674.80,-85.942
675.05,-86.094
675.29,-85.585
675.54,-84.153
675.78,-84.087
676.03,-87.962
676.27,-85.828
676.51,-85.561
676.76,-84.179
677.00,-86.260
677.25,-85.364
677.49,-88.003
677.73,-84.072
677.98,-83.352
678.22,-83.285
678.47,-84.818
678.71,-85.215
678.96,-84.371
679.20,-83.652
679.44,-85.663
679.69,-86.327
679.93,-86.361
680.18,-84.594
680.42,-84.764
680.66,-85.351
680.91,-84.986
681.15,-87.318
681.40,-85.547
681.64,-85.780
681.88,-88.592
682.13,-85.280
682.37,-85.760
682.62,-84.600
682.86,-82.485
683.11,-85.973
683.35,-84.612
683.59,-85.539
683.84,-83.556
684.08,-83.648
684.33,-84.782
684.57,-84.928
684.81,-85.385
685.06,-85.437
685.30,-84.534
685.55,-86.157
685.79,-87.240
686.04,-86.088
686.28,-84.110
686.52,-84.508
686.77,-84.798
687.01,-84.473
687.26,-83.674
687.50,-85.456
687.74,-86.885
687.99,-82.695
688.23,-82.975
688.48,-81.113
688.72,-84.199
688.96,-85.276
689.21,-84.303
689.45,-83.793
689.70,-86.614
689.94,-85.251
690.19,-86.324
690.43,-84.717
690.67,-82.646
690.92,-81.009
691.16,-84.534
691.41,-85.070
691.65,-86.852
691.89,-84.351
692.14,-84.026
692.38,-84.749
692.63,-84.107
692.87,-82.512
693.12,-86.026
693.36,-85.827
693.60,-85.377
693.85,-84.359
694.09,-82.351
694.34,-84.811
694.58,-85.365
694.82,-83.873
695.07,-82.894
695.31,-84.688
695.56,-83.130
695.80,-84.169
696.04,-82.820
696.29,-83.367
696.53,-84.908
696.78,-86.377
697.02,-86.018
697.27,-84.008
697.51,-83.390
697.75,-85.784
698.00,-84.757
698.24,-82.561
698.49,-82.794
698.73,-82.873
698.97,-82.493
699.22,-84.900
699.46,-85.607
699.71,-84.943
699.95,-82.969
700.20,-84.253
700.44,-83.956
700.68,-85.281
700.93,-81.979
701.17,-83.248
701.42,-82.168
701.66,-82.813
701.90,-85.883
702.15,-84.497
702.39,-84.665
702.64,-84.089
702.88,-84.972
703.12,-83.025
703.37,-84.593
703.61,-82.508
703.86,-82.684
704.10,-86.764
704.35,-84.733
704.59,-84.117
704.83,-83.715
705.08,-83.942
705.32,-86.352
705.57,-81.643
705.81,-80.025
706.05,-81.604
706.30,-81.904
706.54,-83.423
706.79,-81.335
707.03,-84.695
707.28,-84.203
707.52,-84.116
707.76,-84.709
708.01,-83.998
708.25,-83.170
708.50,-81.845
708.74,-82.251
708.98,-83.556
709.23,-83.406
709.47,-82.838
709.72,-86.096
709.96,-83.502
710.21,-84.222
710.45,-82.063
710.69,-82.295
710.94,-80.937
711.18,-80.365
711.43,-80.986
711.67,-83.146
711.91,-80.564
712.16,-81.528
712.40,-80.209
712.65,-80.631
712.89,-82.173
713.13,-82.159
713.38,-83.201
713.62,-82.462
713.87,-82.759
714.11,-83.986
714.36,-84.962
714.60,-84.012
714.84,-82.426
715.09,-83.601
715.33,-87.392
715.58,-81.849
715.82,-80.737
716.06,-80.309
716.31,-82.853
716.55,-81.043
716.80,-82.567
717.04,-80.876
717.29,-81.237
717.53,-83.534
717.77,-82.342
718.02,-82.002
718.26,-83.640
718.51,-79.338
718.75,-80.550
718.99,-81.950
719.24,-83.634
719.48,-82.439
719.73,-77.667
719.97,-81.459
720.21,-82.158
720.46,-81.376
720.70,-77.673
720.95,-81.866
721.19,-81.380
721.44,-82.441
721.68,-82.204
721.92,-82.066
722.17,-81.999
722.41,-82.951
722.66,-81.790
722.90,-83.257
723.14,-82.222
723.39,-79.027
723.63,-81.136
723.88,-79.212
724.12,-80.863
724.37,-80.547
724.61,-80.786
724.85,-83.802
725.10,-80.805
725.34,-81.214
725.59,-82.025
725.83,-80.746
726.07,-81.280
726.32,-82.204
726.56,-80.073
726.81,-80.748
727.05,-80.433
727.29,-80.450
727.54,-82.690
727.78,-77.944
728.03,-80.040
728.27,-78.408
728.52,-79.403
728.76,-78.208
729.00,-80.272
729.25,-79.414
729.49,-82.275
729.74,-79.919
729.98,-80.035
730.22,-78.621
730.47,-78.594
730.71,-81.565
730.96,-77.566
731.20,-78.326
731.45,-80.075
731.69,-81.908
731.93,-80.577
732.18,-82.013
732.42,-78.935
732.67,-81.523
732.91,-81.710
733.15,-78.661
733.40,-79.463
733.64,-80.798
733.89,-81.297
734.13,-81.454
734.38,-82.475
734.62,-77.029
734.86,-78.480
735.11,-78.518
735.35,-77.890
735.60,-79.929
735.84,-79.955
736.08,-77.780
736.33,-79.337
736.57,-78.487
736.82,-78.863
737.06,-79.665
737.30,-77.808
737.55,-77.857
737.79,-79.174
738.04,-76.733
738.28,-78.347
738.53,-77.408
738.77,-79.262
739.01,-79.135
739.26,-78.117
739.50,-79.718
739.75,-80.029
739.99,-83.230
740.23,-79.648
740.48,-78.353
740.72,-73.548
740.97,-67.315
741.21,-77.619
741.46,-78.491
741.70,-77.642
741.94,-75.197
742.19,-72.653
742.43,-76.570
742.68,-78.935
742.92,-78.119
743.16,-78.985
743.41,-78.633
743.65,-78.030
743.90,-72.854
744.14,-76.429
744.38,-78.266
744.63,-79.708
744.87,-76.731
745.12,-78.465
745.36,-77.445
745.61,-79.311
745.85,-80.149
746.09,-77.426
746.34,-79.733
746.58,-80.024
746.83,-82.060
747.07,-77.008
747.31,-78.993
747.56,-80.181
747.80,-76.998
748.05,-79.763
748.29,-77.771
748.54,-79.262
748.78,-77.124
749.02,-80.992
749.27,-81.362
749.51,-78.393
749.76,-77.998
750.00,-79.043
750.24,-81.577
750.49,-80.319
750.73,-77.471
750.98,-80.009
751.22,-78.709
751.46,-78.395
751.71,-79.529
751.95,-76.989
752.20,-77.067
752.44,-77.642
752.69,-77.247
752.93,-78.119
753.17,-79.633
753.42,-75.836
753.66,-77.707
753.91,-77.390
754.15,-76.214
754.39,-77.621
754.64,-78.866
754.88,-79.445
755.13,-77.699
755.37,-77.220
755.62,-77.341
755.86,-78.851
756.10,-77.951
756.35,-76.887
756.59,-76.591
756.84,-74.977
757.08,-76.828
757.32,-76.139
757.57,-76.127
757.81,-75.988
758.06,-75.934
758.30,-76.594
758.54,-74.502
758.79,-76.567
759.03,-78.829
759.28,-78.043
759.52,-80.372
759.77,-77.349
760.01,-74.813
760.25,-79.799
760.50,-76.087
760.74,-76.194
760.99,-76.940
761.23,-79.806
761.47,-77.037
761.72,-80.911
761.96,-76.879
762.21,-78.015
762.45,-76.673
762.70,-76.814
762.94,-76.538
763.18,-76.791
763.43,-76.256
763.67,-75.020
763.92,-78.322
764.16,-75.700
764.40,-75.632
764.65,-77.966
764.89,-76.978
765.14,-75.581
765.38,-74.955
765.62,-76.278
765.87,-75.524
766.11,-75.518
766.36,-76.206
766.60,-76.002
766.85,-76.187
767.09,-75.051
767.33,-76.766
767.58,-75.391
767.82,-78.345
768.07,-75.724
768.31,-74.914
768.55,-74.032
768.80,-76.161
769.04,-76.162
769.29,-74.493
769.53,-74.959
769.78,-74.063
770.02,-76.254
770.26,-74.508
770.51,-66.888
770.75,-67.999
771.00,-72.546
771.24,-71.674
771.48,-75.089
771.73,-73.741
771.97,-74.519
772.22,-75.463
772.46,-72.679
772.71,-76.555
772.95,-76.108
773.19,-78.581
773.44,-73.629
773.68,-76.249
773.93,-76.396
774.17,-74.271
774.41,-73.899
774.66,-76.511
774.90,-76.046
775.15,-77.157
775.39,-76.679
775.63,-73.244
775.88,-72.875
776.12,-73.861
776.37,-75.772
776.61,-73.038
776.86,-75.622
777.10,-73.695
777.34,-74.378
777.59,-78.501
777.83,-74.136
778.08,-74.480
778.32,-75.338
778.56,-75.502
778.81,-75.768
779.05,-76.985
779.30,-72.098
779.54,-73.037
779.79,-73.499
780.03,-74.689
780.27,-76.552
780.52,-72.871
780.76,-74.087
781.01,-75.868
781.25,-74.597
781.49,-75.293
781.74,-73.834
781.98,-72.091
782.23,-74.604
782.47,-72.474
782.71,-73.680
782.96,-74.598
783.20,-75.401
783.45,-74.539
783.69,-74.014
783.94,-71.520
784.18,-74.070
784.42,-76.877
784.67,-73.876
784.91,-74.851
785.16,-73.153
785.40,-74.102
785.64,-75.410
785.89,-73.620
786.13,-74.014
786.38,-75.124
786.62,-75.347
786.87,-74.704
787.11,-74.774
787.35,-74.659
787.60,-74.354
787.84,-73.289
788.09,-75.645
788.33,-72.995
788.57,-71.534
788.82,-74.472
789.06,-74.060
789.31,-73.363
789.55,-71.762
789.79,-74.539
790.04,-72.168
790.28,-73.773
790.53,-75.276
790.77,-74.942
791.02,-73.497
791.26,-73.405
791.50,-71.914
791.75,-75.154
791.99,-74.472
792.24,-73.643
792.48,-74.028
792.72,-73.986
792.97,-74.993
793.21,-73.598
793.46,-74.112
793.70,-74.203
793.95,-74.638
794.19,-75.104
794.43,-73.576
794.68,-75.783
794.92,-74.692
795.17,-74.927
795.41,-72.324
795.65,-73.332
795.90,-70.735
796.14,-70.975
796.39,-69.175
796.63,-64.428
796.88,-62.847
797.12,-60.959
797.36,-65.551
797.61,-70.975
797.85,-70.739
798.10,-71.386
798.34,-75.383
798.58,-75.521
798.83,-74.117
799.07,-74.780
799.32,-73.650
799.56,-73.919
799.80,-74.373
800.05,-75.417
800.29,-74.860
800.54,-75.419
800.78,-76.552
801.03,-75.714
801.27,-72.705
801.51,-73.634
801.76,-73.070
802.00,-72.935
802.25,-73.980
802.49,-74.201
802.73,-72.335
802.98,-72.862
803.22,-71.721
803.47,-75.220
803.71,-74.085
803.96,-75.147
804.20,-74.216
804.44,-77.696
804.69,-74.568
804.93,-74.553
805.18,-73.773
805.42,-73.966
805.66,-72.945
805.91,-75.341
806.15,-73.274
806.40,-73.698
806.64,-74.217
806.88,-76.014
807.13,-73.859
807.37,-74.227
807.62,-74.850
807.86,-75.751
808.11,-73.853
808.35,-74.185
808.59,-74.763
808.84,-76.390
809.08,-75.668
809.33,-77.419
809.57,-75.995
809.81,-75.595
810.06,-75.925
810.30,-74.018
810.55,-74.950
810.79,-74.995
811.04,-76.670
811.28,-75.633
811.52,-75.183
811.77,-76.204
812.01,-74.136
812.26,-76.560
812.50,-76.827
812.74,-74.757
812.99,-75.123
813.23,-75.948
813.48,-75.705
813.72,-75.795
813.96,-75.166
814.21,-75.795
814.45,-73.346
814.70,-74.179
814.94,-74.474
815.19,-75.448
815.43,-76.168
815.67,-76.737
815.92,-76.072
816.16,-76.052
816.41,-78.850
816.65,-74.493
816.89,-73.832
817.14,-73.573
817.38,-76.000
817.63,-74.533
817.87,-78.138
818.12,-76.151
818.36,-77.941
818.60,-74.971
818.85,-74.659
819.09,-77.777
819.34,-76.248
819.58,-73.825
819.82,-76.399
820.07,-76.707
820.31,-76.526
820.56,-76.244
820.80,-75.365
821.04,-75.662
821.29,-76.015
821.53,-74.545
821.78,-75.340
822.02,-77.216
822.27,-76.866
822.51,-75.590
822.75,-75.815
823.00,-77.532
823.24,-76.642
823.49,-72.912
823.73,-72.429
823.97,-75.169
824.22,-76.771
824.46,-76.758
824.71,-77.382
824.95,-76.709
825.20,-79.051
825.44,-75.671
825.68,-74.391
825.93,-75.078
826.17,-77.194
826.42,-78.612
826.66,-79.526
826.90,-77.895
827.15,-78.916
827.39,-78.013
827.64,-76.847
827.88,-79.110
828.12,-76.890
828.37,-76.525
828.61,-80.095
828.86,-78.978
829.10,-78.861
829.35,-78.374
829.59,-79.331
829.83,-79.848
830.08,-76.558
830.32,-79.112
830.57,-77.607
830.81,-78.033
831.05,-78.437
831.30,-77.389
831.54,-77.427
831.79,-76.756
832.03,-76.123
832.28,-75.945
832.52,-77.618
832.76,-80.113
833.01,-79.076
833.25,-78.206
833.50,-78.278
833.74,-79.820
833.98,-78.031
834.23,-79.273
834.47,-79.326
834.72,-81.015
834.96,-80.123
835.21,-78.405
835.45,-78.001
835.69,-78.934
835.94,-80.039
836.18,-77.215
836.43,-76.016
836.67,-78.057
836.91,-79.296
837.16,-77.474
837.40,-79.100
837.65,-77.846
837.89,-77.656
838.13,-79.423
838.38,-79.771
838.62,-77.660
838.87,-77.087
839.11,-77.985
839.36,-78.446
839.60,-77.272
839.84,-76.715
840.09,-78.820
840.33,-80.287
840.58,-82.409
840.82,-81.736
841.06,-81.480
841.31,-81.809
841.55,-79.590
841.80,-79.057
842.04,-80.000
842.29,-77.678
842.53,-77.535
842.77,-77.148
843.02,-78.455
843.26,-76.560
843.51,-80.249
843.75,-78.898
843.99,-80.384
844.24,-80.665
844.48,-78.880
844.73,-79.783
844.97,-77.917
845.21,-80.803
845.46,-78.926
845.70,-78.958
845.95,-80.401
846.19,-80.869
846.44,-84.822
846.68,-81.961
846.92,-80.939
847.17,-81.846
847.41,-79.928
847.66,-81.833
847.90,-78.928
848.14,-79.712
848.39,-80.530
848.63,-81.397
848.88,-82.122
849.12,-81.093
849.37,-78.730
849.61,-83.553
849.85,-81.120
850.10,-79.047
850.34,-80.882
850.59,-78.697
850.83,-79.359
851.07,-77.472
851.32,-82.521
851.56,-82.283
851.81,-80.733
852.05,-77.721
852.29,-81.288
852.54,-79.041
852.78,-82.533
853.03,-79.913
853.27,-82.088
853.52,-80.518
853.76,-80.507
854.00,-83.197
854.25,-81.369
854.49,-80.851
854.74,-80.135
854.98,-80.838
855.22,-82.037
855.47,-83.113
855.71,-80.953
855.96,-82.900
856.20,-80.594
856.45,-82.089
856.69,-81.017
856.93,-80.459
857.18,-80.876
857.42,-81.030
857.67,-80.811
857.91,-80.659
858.15,-80.139
858.40,-81.141
858.64,-80.195
858.89,-82.217
859.13,-79.274
859.38,-81.046
859.62,-82.627
859.86,-85.237
860.11,-83.291
860.35,-80.320
860.60,-82.776
860.84,-80.533
861.08,-83.537
861.33,-81.398
861.57,-80.927
861.82,-82.635
862.06,-81.767
862.30,-80.671
862.55,-80.863
862.79,-81.240
863.04,-80.470
863.28,-80.836
863.53,-81.552
863.77,-81.850
864.01,-82.463
864.26,-81.311
864.50,-81.127
864.75,-81.186
864.99,-82.807
865.23,-83.488
865.48,-80.152
865.72,-82.696
865.97,-82.921
866.21,-82.226
866.46,-83.195
866.70,-82.345
866.94,-81.951
867.19,-80.612
867.43,-84.054
867.68,-79.968
867.92,-84.611
868.16,-84.671
868.41,-82.580
868.65,-83.077
868.90,-82.970
869.14,-83.561
869.38,-81.700
869.63,-85.264
869.87,-82.863
870.12,-79.750
870.36,-81.502
870.61,-81.375
870.85,-82.685
871.09,-81.862
871.34,-80.972
871.58,-84.310
871.83,-81.683
872.07,-82.917
872.31,-82.671
872.56,-81.655
872.80,-82.253
873.05,-80.570
873.29,-82.466
873.54,-81.270
873.78,-81.123
874.02,-81.366
874.27,-85.694
874.51,-82.833
874.76,-84.967
875.00,-83.639
875.24,-82.689
875.49,-81.730
875.73,-79.957
875.98,-85.227
876.22,-80.312
876.46,-80.857
876.71,-83.126
876.95,-85.155
877.20,-82.941
877.44,-82.663
877.69,-83.561
877.93,-85.225
878.17,-84.321
878.42,-80.771
878.66,-81.709
878.91,-82.579
879.15,-86.363
879.39,-82.785
879.64,-81.625
879.88,-83.780
880.13,-82.182
880.37,-82.682
880.62,-84.205
880.86,-81.507
881.10,-83.790
881.35,-85.086
881.59,-81.304
881.84,-83.266
882.08,-82.776
882.32,-81.045
882.57,-80.906
882.81,-84.179
883.06,-84.082
883.30,-84.158
883.54,-83.625
883.79,-83.469
884.03,-83.994
884.28,-85.838
884.52,-82.364
884.77,-83.442
885.01,-83.718
885.25,-83.165
885.50,-83.322
885.74,-84.960
885.99,-86.168
886.23,-84.460
886.47,-80.285
886.72,-83.166
886.96,-85.237
887.21,-82.166
887.45,-83.029
887.70,-83.328
887.94,-82.418
888.18,-82.425
888.43,-81.953
888.67,-82.054
888.92,-83.652
889.16,-85.838
889.40,-83.573
889.65,-84.668
889.89,-81.700
890.14,-84.993
890.38,-83.773
890.62,-82.127
890.87,-82.915
891.11,-84.868
891.36,-81.404
891.60,-85.176
891.85,-84.935
892.09,-83.306
892.33,-84.301
892.58,-84.387
892.82,-82.461
893.07,-82.295
893.31,-83.808
893.55,-84.712
893.80,-82.952
894.04,-83.617
894.29,-85.123
894.53,-81.482
894.78,-85.251
895.02,-83.529
895.26,-83.631
895.51,-84.939
895.75,-83.132
896.00,-84.360
896.24,-83.478
896.48,-83.413
896.73,-82.936
896.97,-81.935
897.22,-83.719
897.46,-83.797
897.71,-85.188
897.95,-83.354
898.19,-83.301
898.44,-84.106
898.68,-83.635
898.93,-85.812
899.17,-83.291
899.41,-85.590
899.66,-83.915
899.90,-84.440
900.15,-83.734
900.39,-85.543
900.63,-86.428
900.88,-87.259
901.12,-85.114
901.37,-82.528
901.61,-84.191
901.86,-83.569
902.10,-86.285
902.34,-85.482
902.59,-84.446
902.83,-84.113
903.08,-85.156
903.32,-82.873
903.56,-83.922
903.81,-86.254
904.05,-82.554
904.30,-85.866
904.54,-84.250
904.79,-82.543
905.03,-84.892
905.27,-84.057
905.52,-85.641
905.76,-85.229
906.01,-82.613
906.25,-83.782
906.49,-83.719
906.74,-86.553
906.98,-87.019
907.23,-85.800
907.47,-82.511
907.71,-83.438
907.96,-85.005
908.20,-87.713
908.45,-86.804
908.69,-85.055
908.94,-85.141
909.18,-85.347
909.42,-81.937
909.67,-85.637
909.91,-86.900
910.16,-86.251
910.40,-85.021
910.64,-84.952
910.89,-84.860
911.13,-84.782
911.38,-84.701
911.62,-86.305
911.87,-84.430
912.11,-83.843
912.35,-84.376
912.60,-86.054
912.84,-88.048
913.09,-83.915
913.33,-83.726
913.57,-85.376
913.82,-83.680
914.06,-87.371
914.31,-85.228
914.55,-86.160
914.79,-83.736
915.04,-85.271
915.28,-84.017
915.53,-83.637
915.77,-83.524
916.02,-84.231
916.26,-85.390
916.50,-85.628
916.75,-84.804
916.99,-85.603
917.24,-83.836
917.48,-85.882
917.72,-86.598
917.97,-86.011
918.21,-84.754
918.46,-85.940
918.70,-83.038
918.95,-83.750
919.19,-83.736
919.43,-83.527
919.68,-85.912
919.92,-84.867
920.17,-85.290
920.41,-85.754
920.65,-84.644
920.90,-86.491
921.14,-83.929
921.39,-84.734
921.63,-83.550
921.88,-82.128
922.12,-86.315
922.36,-83.991
922.61,-83.062
922.85,-87.072
923.10,-86.832
923.34,-87.349
923.58,-86.106
923.83,-85.481
924.07,-84.699
924.32,-85.286
924.56,-84.483
924.80,-83.974
925.05,-85.777
925.29,-86.982
925.54,-86.727
925.78,-86.302
926.03,-85.268
926.27,-85.634
926.51,-84.985
926.76,-86.600
927.00,-86.819
927.25,-84.991
927.49,-84.584
927.73,-85.347
927.98,-87.596
928.22,-87.825
928.47,-86.373
928.71,-86.021
928.96,-83.972
929.20,-86.396
929.44,-83.856
929.69,-82.221
929.93,-77.971
930.18,-81.353
930.42,-83.003
930.66,-82.846
930.91,-85.659
931.15,-86.839
931.40,-85.657
931.64,-86.704
931.88,-84.202
932.13,-86.196
932.37,-85.160
932.62,-85.548
932.86,-87.049
933.11,-86.293
933.35,-86.588
933.59,-85.317
933.84,-87.656
934.08,-86.321
934.33,-85.287
934.57,-84.452
934.81,-83.831
935.06,-86.508
935.30,-89.423
935.55,-86.832
935.79,-87.170
936.04,-86.453
936.28,-85.891
936.52,-85.057
936.77,-87.703
937.01,-86.528
937.26,-86.271
937.50,-87.332
937.74,-86.593
937.99,-85.743
938.23,-87.087
938.48,-86.353
938.72,-87.147
938.96,-86.727
939.21,-85.837
939.45,-85.548
939.70,-85.534
939.94,-89.473
940.19,-86.641
940.43,-86.500
940.67,-86.813
940.92,-86.422
941.16,-87.989
941.41,-85.158
941.65,-87.320
941.89,-89.140
942.14,-86.360
942.38,-85.859
942.63,-86.656
942.87,-84.814
943.12,-88.870
943.36,-87.550
943.60,-89.663
943.85,-90.133
944.09,-87.595
944.34,-88.018
944.58,-87.411
944.82,-89.144
945.07,-87.147
945.31,-87.397
945.56,-87.645
945.80,-88.706
946.04,-87.600
946.29,-88.957
946.53,-87.913
946.78,-88.180
947.02,-86.550
947.27,-87.014
947.51,-85.781
947.75,-87.061
948.00,-86.785
948.24,-86.639
948.49,-85.694
948.73,-88.209
948.97,-88.801
949.22,-86.531
949.46,-87.109
949.71,-88.015
949.95,-88.307
950.20,-84.957
950.44,-84.645
950.68,-89.400
950.93,-89.544
951.17,-88.857
951.42,-85.832
951.66,-87.236
951.90,-89.271
952.15,-87.706
952.39,-88.685
952.64,-87.973
952.88,-88.641
953.12,-88.032
953.37,-87.166
953.61,-88.582
953.86,-87.102
954.10,-89.427
954.35,-88.403
954.59,-87.971
954.83,-87.734
955.08,-84.217
955.32,-88.024
955.57,-87.471
955.81,-85.753
956.05,-90.899
956.30,-88.252
956.54,-87.850
956.79,-86.259
957.03,-86.884
957.28,-90.432
957.52,-85.660
957.76,-87.063
958.01,-85.421
958.25,-88.797
958.50,-87.514
958.74,-85.329
958.98,-87.770
959.23,-86.985
959.47,-85.899
959.72,-87.286
959.96,-88.877
960.21,-87.159
960.45,-88.023
960.69,-90.012
960.94,-88.645
961.18,-85.116
961.43,-88.573
961.67,-88.665
961.91,-87.066
962.16,-87.897
962.40,-86.957
962.65,-85.469
962.89,-88.238
963.13,-89.337
963.38,-88.562
963.62,-89.573
963.87,-85.469
964.11,-86.952
964.36,-86.218
964.60,-85.484
964.84,-87.897
965.09,-88.230
965.33,-87.118
965.58,-87.129
965.82,-85.475
966.06,-85.456
966.31,-86.210
966.55,-89.388
966.80,-90.402
967.04,-87.641
967.29,-85.168
967.53,-87.434
967.77,-89.236
968.02,-88.437
968.26,-88.162
968.51,-87.027
968.75,-86.969
968.99,-88.595
969.24,-89.801
969.48,-88.786
969.73,-88.093
969.97,-85.947
970.21,-88.511
970.46,-88.458
970.70,-89.014
970.95,-89.860
971.19,-88.861
971.44,-89.486
971.68,-88.522
971.92,-88.766
972.17,-87.498
972.41,-89.919
972.66,-88.248
972.90,-89.368
973.14,-86.625
973.39,-86.581
973.63,-85.613
973.88,-86.820
974.12,-89.538
974.37,-87.352
974.61,-87.541
974.85,-88.411
975.10,-88.075
975.34,-86.844
975.59,-87.416
975.83,-88.037
976.07,-87.886
976.32,-86.771
976.56,-86.662
976.81,-86.728
977.05,-87.013
977.29,-87.404
977.54,-87.408
977.78,-86.397
978.03,-89.021
978.27,-89.757
978.52,-89.053
978.76,-87.472
979.00,-89.179
979.25,-86.736
979.49,-87.263
979.74,-87.262
979.98,-87.971
980.22,-89.018
980.47,-88.194
980.71,-89.134
980.96,-87.863
981.20,-86.930
981.45,-87.162
981.69,-89.784
981.93,-89.056
982.18,-87.682
982.42,-86.933
982.67,-91.442
982.91,-89.742
983.15,-91.673
983.40,-86.514
983.64,-88.043
983.89,-87.326
984.13,-89.013
984.38,-90.317
984.62,-87.537
984.86,-88.709
985.11,-87.432
985.35,-89.983
985.60,-88.757
985.84,-89.505
986.08,-87.751
986.33,-88.494
986.57,-88.292
986.82,-87.947
987.06,-87.313
987.30,-89.126
987.55,-87.928
987.79,-87.533
988.04,-88.263
988.28,-89.180
988.53,-88.610
988.77,-89.285
989.01,-88.559
989.26,-87.860
989.50,-89.782
989.75,-86.922
989.99,-88.445
990.23,-88.356
990.48,-88.690
990.72,-88.296
990.97,-88.144
991.21,-88.740
991.46,-88.783
991.70,-87.285
991.94,-89.330
992.19,-88.348
992.43,-88.959
992.68,-87.425
992.92,-86.793
993.16,-88.141
993.41,-88.648
993.65,-88.864
993.90,-88.325
994.14,-88.497
994.38,-86.716
994.63,-90.913
994.87,-90.680
995.12,-90.113
995.36,-89.885
995.61,-89.228
995.85,-86.542
996.09,-88.970
996.34,-85.640
996.58,-87.410
996.83,-90.330
997.07,-90.081
997.31,-90.368
997.56,-86.132
997.80,-86.146
998.05,-88.181
998.29,-86.945
998.54,-88.576
998.78,-87.597
999.02,-89.431
999.27,-87.007
999.51,-87.257
999.76,-89.199
1000.00,-89.358
1000.24,-91.560
1000.49,-90.124
1000.73,-87.048
1000.98,-88.434
1001.22,-88.671
1001.46,-88.807
1001.71,-88.447
1001.95,-90.772
1002.20,-89.770
1002.44,-89.509
1002.69,-87.497
1002.93,-90.251
1003.17,-89.267
1003.42,-88.021
1003.66,-89.209
1003.91,-87.457
1004.15,-87.349
1004.39,-87.220
1004.64,-89.483
1004.88,-89.139
1005.13,-87.338
1005.37,-90.211
1005.62,-89.114
1005.86,-89.218
1006.10,-89.571
1006.35,-88.289
1006.59,-87.228
1006.84,-89.207
1007.08,-89.098
1007.32,-88.337
1007.57,-90.503
1007.81,-88.837
1008.06,-89.153
1008.30,-87.643
1008.54,-87.664
1008.79,-86.775
1009.03,-89.054
1009.28,-86.221
1009.52,-88.162
1009.77,-88.124
1010.01,-90.271
1010.25,-90.533
1010.50,-85.459
1010.74,-87.090
1010.99,-85.743
1011.23,-86.414
1011.47,-90.077
1011.72,-90.116
1011.96,-89.968
1012.21,-86.079
1012.45,-88.568
1012.70,-87.379
1012.94,-89.382
1013.18,-89.613
1013.43,-88.690
1013.67,-87.518
1013.92,-89.429
1014.16,-89.569
1014.40,-91.446
1014.65,-88.333
1014.89,-89.701
1015.14,-90.495
1015.38,-87.942
1015.62,-87.804
1015.87,-87.599
1016.11,-87.903
1016.36,-88.272
1016.60,-91.131
1016.85,-90.802
1017.09,-88.204
1017.33,-87.144
1017.58,-89.146
1017.82,-87.992
1018.07,-88.252
1018.31,-88.809
1018.55,-90.329
1018.80,-90.481
1019.04,-88.826
1019.29,-89.260
1019.53,-91.502
1019.78,-90.513
1020.02,-89.144
1020.26,-91.883
1020.51,-88.435
1020.75,-87.951
1021.00,-90.312
1021.24,-88.201
1021.48,-88.465
1021.73,-89.666
1021.97,-89.598
1022.22,-88.439
1022.46,-90.562
1022.71,-89.527
1022.95,-88.279
1023.19,-85.936
1023.44,-88.526
1023.68,-89.973
1023.93,-90.354
1024.17,-90.384
1024.41,-87.127
1024.66,-89.415
1024.90,-91.460
1025.15,-88.369
1025.39,-88.141
1025.63,-89.068
1025.88,-89.516
1026.12,-90.425
1026.37,-89.431
1026.61,-89.795
1026.86,-92.296
1027.10,-87.072
1027.34,-89.293
1027.59,-91.418
1027.83,-86.645
1028.08,-89.913
1028.32,-90.533
1028.56,-89.399
1028.81,-89.653
1029.05,-89.114
1029.30,-88.840
1029.54,-87.732
1029.79,-89.402
1030.03,-89.142
1030.27,-89.189
1030.52,-88.876
1030.76,-89.966
1031.01,-87.877
1031.25,-89.723
1031.49,-90.770
1031.74,-88.499
1031.98,-92.699
1032.23,-88.906
1032.47,-87.711
1032.71,-88.236
1032.96,-88.726
1033.20,-89.567
1033.45,-91.189
1033.69,-92.812
1033.94,-90.552
1034.18,-88.215
1034.42,-88.116
1034.67,-88.939
1034.91,-90.315
1035.16,-89.178
1035.40,-89.741
1035.64,-91.181
1035.89,-91.388
1036.13,-89.783
1036.38,-87.892
1036.62,-88.499
1036.87,-89.415
1037.11,-88.188
1037.35,-91.234
1037.60,-92.541
1037.84,-90.225
1038.09,-90.636
1038.33,-88.155
1038.57,-88.998
1038.82,-89.333
1039.06,-90.338
1039.31,-90.614
1039.55,-90.613
1039.79,-89.172
1040.04,-91.798
1040.28,-90.258
1040.53,-87.893
1040.77,-89.862
1041.02,-90.491
1041.26,-90.469
1041.50,-89.322
1041.75,-90.822
1041.99,-90.420
1042.24,-92.133
1042.48,-91.175
1042.72,-90.739
1042.97,-90.261
1043.21,-89.621
1043.46,-88.586
1043.70,-88.648
1043.95,-90.695
1044.19,-89.912
1044.43,-89.461
1044.68,-90.008
1044.92,-87.093
1045.17,-89.055
1045.41,-89.910
1045.65,-88.772
1045.90,-88.896
1046.14,-91.277
1046.39,-87.966
1046.63,-89.525
1046.88,-90.382
1047.12,-89.958
1047.36,-90.297
1047.61,-90.525
1047.85,-89.838
1048.10,-89.150
1048.34,-87.237
1048.58,-84.778
1048.83,-90.219
1049.07,-90.474
1049.32,-88.975
1049.56,-87.881
1049.80,-88.994
1050.05,-89.493
1050.29,-87.882
1050.54,-86.566
1050.78,-90.566
1051.03,-90.014
1051.27,-88.929
1051.51,-89.373
1051.76,-90.293
1052.00,-92.928
1052.25,-89.089
1052.49,-91.812
1052.73,-92.255
1052.98,-90.535
1053.22,-91.423
1053.47,-90.301
1053.71,-87.811
1053.96,-87.184
1054.20,-88.242
1054.44,-89.869
1054.69,-91.082
1054.93,-90.045
1055.18,-91.210
1055.42,-88.633
1055.66,-87.493
1055.91,-88.402
1056.15,-88.349
1056.40,-90.543
1056.64,-89.989
1056.88,-88.093
1057.13,-90.785
1057.37,-89.593
1057.62,-90.857
1057.86,-90.012
1058.11,-92.190
1058.35,-91.171
1058.59,-89.778
1058.84,-90.096
1059.08,-91.342
1059.33,-90.529
1059.57,-88.820
1059.81,-88.571
1060.06,-89.090
1060.30,-89.611
1060.55,-92.088
1060.79,-89.454
1061.04,-88.009
1061.28,-89.524
1061.52,-88.272
1061.77,-88.511
1062.01,-89.266
1062.26,-88.552
1062.50,-89.137
1062.74,-89.064
1062.99,-89.946
1063.23,-87.698
1063.48,-86.961
1063.72,-88.302
1063.96,-90.144
1064.21,-90.033
1064.45,-88.318
1064.70,-87.319
1064.94,-89.467
1065.19,-91.509
1065.43,-88.867
1065.67,-91.434
1065.92,-89.085
1066.16,-90.031
1066.41,-90.106
1066.65,-90.129
1066.89,-88.015
1067.14,-90.315
1067.38,-87.730
1067.63,-89.112
1067.87,-90.978
1068.12,-88.344
1068.36,-89.114
1068.60,-91.414
1068.85,-90.805
1069.09,-90.371
1069.34,-89.983
1069.58,-90.727
1069.82,-90.607
1070.07,-89.223
1070.31,-88.617
1070.56,-88.589
1070.80,-89.641
1071.04,-90.104
1071.29,-89.426
1071.53,-89.023
1071.78,-89.088
1072.02,-89.666
1072.27,-91.858
1072.51,-92.614
1072.75,-90.898
1073.00,-89.939
1073.24,-93.033
1073.49,-92.055
1073.73,-88.628
1073.97,-88.241
1074.22,-90.911
1074.46,-88.478
1074.71,-89.945
1074.95,-89.394
1075.20,-87.701
1075.44,-90.071
1075.68,-90.207
1075.93,-89.963
1076.17,-91.542
1076.42,-90.339
1076.66,-90.553
1076.90,-88.127
1077.15,-90.488
1077.39,-91.160
1077.64,-90.330
1077.88,-90.044
1078.12,-89.881
1078.37,-91.324
1078.61,-90.752
1078.86,-92.096
1079.10,-90.856
1079.35,-88.325
1079.59,-89.559
1079.83,-91.442
1080.08,-91.640
1080.32,-90.675
1080.57,-89.020
1080.81,-88.991
1081.05,-90.152
1081.30,-90.747
1081.54,-89.847
1081.79,-87.524
1082.03,-90.985
1082.28,-89.286
1082.52,-91.536
1082.76,-89.611
1083.01,-90.343
1083.25,-89.430
1083.50,-90.513
1083.74,-92.634
1083.98,-89.695
1084.23,-91.781
1084.47,-92.946
1084.72,-87.554
1084.96,-90.262
1085.21,-89.650
1085.45,-90.573
1085.69,-90.367
1085.94,-88.085
1086.18,-89.471
1086.43,-89.321
1086.67,-92.924
1086.91,-90.284
1087.16,-90.627
1087.40,-89.145
1087.65,-89.553
1087.89,-90.115
1088.13,-90.012
1088.38,-87.630
1088.62,-91.912
1088.87,-91.022
1089.11,-89.485
1089.36,-91.764
1089.60,-88.449
1089.84,-88.118
1090.09,-86.393
1090.33,-91.547
1090.58,-88.914
1090.82,-88.679
1091.06,-88.823
1091.31,-90.262
1091.55,-89.978
1091.80,-89.043
1092.04,-92.426
1092.29,-90.456
1092.53,-89.664
1092.77,-91.253
1093.02,-89.498
1093.26,-90.777
1093.51,-89.059
1093.75,-89.282
1093.99,-92.519
1094.24,-91.265
1094.48,-93.038
1094.73,-88.397
1094.97,-88.224
1095.21,-92.910
1095.46,-90.290
1095.70,-90.983
1095.95,-88.454
1096.19,-88.211
1096.44,-88.280
1096.68,-89.928
1096.92,-88.432
1097.17,-89.310
1097.41,-91.657
1097.66,-89.424
1097.90,-89.175
1098.14,-86.409
1098.39,-90.461
1098.63,-89.315
1098.88,-91.213
1099.12,-90.444
1099.37,-90.657
1099.61,-89.290
1099.85,-89.728
1100.10,-90.068
1100.34,-92.158
1100.59,-87.787
1100.83,-91.768
1101.07,-91.957
1101.32,-88.801
1101.56,-90.839
1101.81,-90.752
1102.05,-87.990
1102.29,-89.660
1102.54,-89.755
1102.78,-87.119
1103.03,-88.604
1103.27,-90.057
1103.52,-90.691
1103.76,-89.950
1104.00,-91.373
1104.25,-89.169
1104.49,-90.039
1104.74,-90.611
1104.98,-90.807
1105.22,-88.617
1105.47,-88.409
1105.71,-89.476
1105.96,-89.869
1106.20,-92.803
1106.45,-90.424
1106.69,-89.500
1106.93,-89.788
1107.18,-91.894
1107.42,-93.025
1107.67,-90.999
1107.91,-90.315
1108.15,-89.686
1108.40,-88.792
1108.64,-89.771
1108.89,-89.820
1109.13,-89.239
1109.38,-88.279
1109.62,-91.724
1109.86,-90.565
1110.11,-89.625
1110.35,-90.328
1110.60,-90.104
1110.84,-92.237
1111.08,-88.210
1111.33,-91.186
1111.57,-89.879
1111.82,-89.785
1112.06,-88.446
1112.30,-89.370
1112.55,-89.608
1112.79,-88.330
1113.04,-90.597
1113.28,-90.419
1113.53,-94.122
1113.77,-89.930
1114.01,-88.908
1114.26,-89.775
1114.50,-88.730
1114.75,-90.340
1114.99,-91.178
1115.23,-90.226
1115.48,-90.358
1115.72,-91.115
1115.97,-89.926
1116.21,-90.474
1116.46,-89.909
1116.70,-90.536
1116.94,-90.857
1117.19,-87.889
1117.43,-89.220
1117.68,-91.016
1117.92,-89.022
1118.16,-88.573
1118.41,-89.200
1118.65,-89.973
1118.90,-90.655
1119.14,-90.099
1119.38,-89.366
1119.63,-88.790
1119.87,-91.798
1120.12,-91.146
1120.36,-88.339
1120.61,-91.180
1120.85,-88.085
1121.09,-92.096
1121.34,-92.644
1121.58,-91.143
1121.83,-91.199
1122.07,-91.738
1122.31,-91.078
1122.56,-87.661
1122.80,-90.610
1123.05,-91.499
1123.29,-90.511
1123.54,-88.203
1123.78,-91.295
1124.02,-92.204
1124.27,-90.410
1124.51,-90.709
1124.76,-90.589
1125.00,-90.516
1125.24,-89.237
1125.49,-91.116
1125.73,-89.295
1125.98,-90.760
1126.22,-91.452
1126.46,-90.237
1126.71,-91.304
1126.95,-89.966
1127.20,-89.063
1127.44,-91.243
1127.69,-90.282
1127.93,-90.753
1128.17,-87.743
1128.42,-89.766
1128.66,-90.681
1128.91,-89.987
1129.15,-93.560
1129.39,-89.812
1129.64,-89.700
1129.88,-90.646
1130.13,-89.710
1130.37,-83.982
1130.62,-83.700
1130.86,-89.862
1131.10,-87.171
1131.35,-89.176
1131.59,-90.386
1131.84,-90.422
1132.08,-88.848
1132.32,-91.001
1132.57,-91.202
1132.81,-90.371
1133.06,-89.864
1133.30,-89.558
1133.54,-88.844
1133.79,-90.957
1134.03,-90.012
1134.28,-89.175
1134.52,-89.898
1134.77,-90.979
1135.01,-91.603
1135.25,-90.363
1135.50,-91.062
1135.74,-89.211
1135.99,-90.104
1136.23,-89.855
1136.47,-90.679
1136.72,-91.502
1136.96,-89.607
1137.21,-91.941
1137.45,-91.336
1137.70,-89.344
1137.94,-88.333
1138.18,-92.486
1138.43,-89.889
1138.67,-89.294
1138.92,-89.070
1139.16,-91.258
1139.40,-89.344
1139.65,-90.286
1139.89,-91.176
1140.14,-90.965
1140.38,-93.331
1140.62,-90.991
1140.87,-90.739
1141.11,-92.673
1141.36,-88.721
1141.60,-89.476
1141.85,-89.079
1142.09,-88.657
1142.33,-88.794
1142.58,-88.187
1142.82,-90.907
1143.07,-90.080
1143.31,-89.713
1143.55,-93.140
1143.80,-90.008
1144.04,-91.004
1144.29,-92.522
1144.53,-89.504
1144.78,-89.137
1145.02,-92.447
1145.26,-90.079
1145.51,-91.660
1145.75,-88.573
1146.00,-89.061
1146.24,-90.382
1146.48,-87.843
1146.73,-90.753
1146.97,-90.485
1147.22,-90.847
1147.46,-89.518
1147.71,-90.320
1147.95,-88.775
1148.19,-90.208
1148.44,-89.998
1148.68,-90.287
1148.93,-90.111
1149.17,-88.014
1149.41,-91.360
1149.66,-90.046
1149.90,-88.232
1150.15,-88.458
1150.39,-90.717
1150.63,-90.886
1150.88,-89.815
1151.12,-89.847
1151.37,-91.595
1151.61,-88.003
1151.86,-90.702
1152.10,-93.103
1152.34,-90.934
1152.59,-90.075
1152.83,-90.570
1153.08,-89.220
1153.32,-90.622
1153.56,-91.467
1153.81,-91.858
1154.05,-89.520
1154.30,-89.979
1154.54,-89.974
1154.79,-90.426
1155.03,-88.378
1155.27,-91.154
1155.52,-89.564
1155.76,-90.916
1156.01,-91.394
1156.25,-92.008
1156.49,-92.249
1156.74,-88.805
1156.98,-87.015
1157.23,-90.147
1157.47,-91.135
1157.71,-93.073
1157.96,-89.979
1158.20,-88.114
1158.45,-91.996
1158.69,-91.625
1158.94,-90.631
1159.18,-88.428
1159.42,-91.340
1159.67,-91.900
1159.91,-89.480
1160.16,-92.576
1160.40,-90.536
1160.64,-86.949
1160.89,-89.909
1161.13,-90.050
1161.38,-88.370
1161.62,-91.553
1161.87,-89.349
1162.11,-91.391
1162.35,-90.679
1162.60,-90.902
1162.84,-90.347
1163.09,-90.143
1163.33,-92.498
1163.57,-92.105
1163.82,-89.194
1164.06,-90.284
1164.31,-89.511
1164.55,-89.432
1164.79,-90.802
1165.04,-90.259
1165.28,-93.457
1165.53,-90.605
1165.77,-91.358
1166.02,-89.854
1166.26,-90.140
1166.50,-90.504
1166.75,-89.940
1166.99,-90.379
1167.24,-89.504
1167.48,-92.103
1167.72,-93.108
1167.97,-87.904
1168.21,-89.178
1168.46,-90.638
1168.70,-90.737
1168.95,-88.900
1169.19,-89.728
1169.43,-88.584
1169.68,-89.032
1169.92,-87.312
1170.17,-91.622
1170.41,-91.495
1170.65,-88.689
1170.90,-91.045
1171.14,-89.515
1171.39,-91.059
1171.63,-90.041
1171.88,-89.627
1172.12,-89.530
1172.36,-91.793
1172.61,-92.439
1172.85,-88.825
1173.10,-91.265
1173.34,-92.675
1173.58,-93.284
1173.83,-85.534
1174.07,-90.498
1174.32,-90.980
1174.56,-93.144
1174.80,-91.009
1175.05,-92.642
1175.29,-92.386
1175.54,-90.979
1175.78,-89.879
1176.03,-88.065
1176.27,-88.966
1176.51,-90.113
1176.76,-89.362
1177.00,-91.743
1177.25,-92.543
1177.49,-88.197
1177.73,-89.359
1177.98,-90.160
1178.22,-91.554
1178.47,-89.905
1178.71,-91.210
1178.96,-89.319
1179.20,-89.711
1179.44,-90.961
1179.69,-89.421
1179.93,-89.379
1180.18,-88.615
1180.42,-88.128
1180.66,-87.576
1180.91,-88.054
1181.15,-88.790
1181.40,-91.478
1181.64,-89.016
1181.88,-91.622
1182.13,-90.939
1182.37,-89.099
1182.62,-87.987
1182.86,-91.324
1183.11,-88.916
1183.35,-89.933
1183.59,-89.191
1183.84,-88.758
1184.08,-90.623
1184.33,-89.417
1184.57,-89.268
1184.81,-89.771
1185.06,-90.515
1185.30,-89.502
1185.55,-88.752
1185.79,-90.629
1186.04,-88.799
1186.28,-93.253
1186.52,-88.628
1186.77,-88.900
1187.01,-89.476
1187.26,-86.256
1187.50,-87.230
1187.74,-88.781
1187.99,-87.859
1188.23,-87.884
1188.48,-87.547
1188.72,-89.236
1188.96,-89.424
1189.21,-90.689
1189.45,-90.298
1189.70,-91.426
1189.94,-88.858
1190.19,-89.307
1190.43,-88.694
1190.67,-90.432
1190.92,-91.437
1191.16,-90.636
1191.41,-89.688
1191.65,-88.125
1191.89,-90.990
1192.14,-91.218
1192.38,-87.873
1192.63,-90.891
1192.87,-91.043
1193.12,-88.007
1193.36,-90.779
1193.60,-88.935
1193.85,-91.729
1194.09,-90.657
1194.34,-88.581
1194.58,-90.050
1194.82,-89.277
1195.07,-90.328
1195.31,-89.188
1195.56,-88.259
1195.80,-90.163
1196.04,-89.478
1196.29,-87.274
1196.53,-91.798
1196.78,-88.560
1197.02,-89.110
1197.27,-94.592
1197.51,-89.097
1197.75,-88.929
1198.00,-90.366
1198.24,-90.990
1198.49,-89.177
1198.73,-90.538
1198.97,-87.733
1199.22,-90.555
1199.46,-91.458
1199.71,-87.740
1199.95,-89.549
1200.20,-89.582
1200.44,-91.840
1200.68,-88.797
1200.93,-88.356
1201.17,-88.900
1201.42,-89.031
1201.66,-89.436
1201.90,-88.466
1202.15,-94.058
1202.39,-91.133
1202.64,-88.722
1202.88,-87.275
1203.12,-89.322
1203.37,-89.286
1203.61,-90.276
1203.86,-89.915
1204.10,-88.668
1204.35,-89.052
1204.59,-89.311
1204.83,-90.155
1205.08,-92.537
1205.32,-90.599
1205.57,-91.565
1205.81,-88.323
1206.05,-88.391
1206.30,-89.328
1206.54,-89.982
1206.79,-92.632
1207.03,-90.329
1207.28,-91.979
1207.52,-90.440
1207.76,-90.438
1208.01,-87.947
1208.25,-88.725
1208.50,-91.074
1208.74,-90.664
1208.98,-89.729
1209.23,-91.383
1209.47,-90.284
1209.72,-90.161
1209.96,-87.214
1210.21,-89.210
1210.45,-89.921
1210.69,-91.556
1210.94,-89.785
1211.18,-90.856
1211.43,-90.709
1211.67,-87.367
1211.91,-89.642
1212.16,-89.872
1212.40,-89.323
1212.65,-90.520
1212.89,-86.517
1213.13,-92.097
1213.38,-87.141
1213.62,-87.681
1213.87,-88.963
1214.11,-87.191
1214.36,-88.972
1214.60,-88.732
1214.84,-90.494
1215.09,-89.287
1215.33,-90.054
1215.58,-90.482
1215.82,-88.502
1216.06,-89.832
1216.31,-87.570
1216.55,-87.616
1216.80,-88.075
1217.04,-87.512
1217.29,-89.528
1217.53,-90.506
1217.77,-89.503
1218.02,-89.595
1218.26,-87.797
1218.51,-86.997
1218.75,-88.544
1218.99,-89.240
1219.24,-87.398
1219.48,-90.547
1219.73,-89.689
1219.97,-88.172
1220.21,-89.125
1220.46,-88.819
1220.70,-88.583
1220.95,-87.013
1221.19,-90.895
1221.44,-88.635
1221.68,-90.066
1221.92,-92.491
1222.17,-87.644
1222.41,-87.214
1222.66,-89.237
1222.90,-87.944
1223.14,-87.469
1223.39,-89.254
1223.63,-90.827
1223.88,-91.325
1224.12,-89.280
1224.37,-90.779
1224.61,-90.517
1224.85,-86.474
1225.10,-87.143
1225.34,-91.183
1225.59,-89.039
1225.83,-91.151
1226.07,-89.030
1226.32,-88.166
1226.56,-87.488
1226.81,-88.959
1227.05,-91.408
1227.29,-88.915
1227.54,-91.402
1227.78,-92.148
1228.03,-89.614
1228.27,-88.525
1228.52,-87.554
1228.76,-89.291
1229.00,-92.602
1229.25,-91.583
1229.49,-88.262
1229.74,-87.964
1229.98,-88.269
1230.22,-88.941
1230.47,-89.136
1230.71,-89.329
1230.96,-90.103
1231.20,-88.148
1231.45,-89.215
1231.69,-87.223
1231.93,-90.637
1232.18,-87.998
1232.42,-87.780
1232.67,-88.584
1232.91,-90.746
1233.15,-88.537
1233.40,-88.009
1233.64,-88.839
1233.89,-88.270
1234.13,-88.214
1234.38,-88.482
1234.62,-89.343
1234.86,-88.477
1235.11,-87.942
1235.35,-89.854
1235.60,-90.736
1235.84,-88.451
1236.08,-87.886
1236.33,-88.059
1236.57,-89.216
1236.82,-88.224
1237.06,-88.018
1237.30,-87.780
1237.55,-87.362
1237.79,-88.984
1238.04,-86.796
1238.28,-91.130
1238.53,-86.321
1238.77,-86.869
1239.01,-86.997
1239.26,-91.291
1239.50,-88.684
1239.75,-88.775
1239.99,-88.831
1240.23,-89.174
1240.48,-88.832
1240.72,-89.271
1240.97,-87.819
1241.21,-90.065
1241.46,-90.170
1241.70,-87.188
1241.94,-88.617
1242.19,-88.668
1242.43,-88.326
1242.68,-88.725
1242.92,-89.946
1243.16,-91.430
1243.41,-89.912
1243.65,-87.112
1243.90,-87.783
1244.14,-89.981
1244.38,-89.194
1244.63,-88.488
1244.87,-91.088
1245.12,-89.004
1245.36,-89.240
1245.61,-90.686
1245.85,-90.439
1246.09,-88.659
1246.34,-87.631
1246.58,-88.601
1246.83,-86.104
1247.07,-87.338
1247.31,-88.154
1247.56,-89.236
1247.80,-87.364
1248.05,-86.716
1248.29,-86.242
1248.54,-88.514
1248.78,-88.063
1249.02,-85.792
1249.27,-90.020
1249.51,-91.109
1249.76,-88.553
1250.00,-89.106
1250.24,-90.088
1250.49,-88.461
1250.73,-87.881
1250.98,-87.907
1251.22,-87.877
1251.46,-88.269
1251.71,-89.070
1251.95,-88.472
1252.20,-88.183
1252.44,-89.258
1252.69,-89.813
1252.93,-89.347
1253.17,-89.498
1253.42,-88.524
1253.66,-86.979
1253.91,-87.135
1254.15,-86.267
1254.39,-87.690
1254.64,-88.642
1254.88,-88.940
1255.13,-89.486
1255.37,-87.167
1255.62,-88.636
1255.86,-88.272
1256.10,-86.947
1256.35,-88.831
1256.59,-89.102
1256.84,-88.634
1257.08,-92.158
1257.32,-87.731
1257.57,-87.175
1257.81,-86.968
1258.06,-88.564
1258.30,-88.456
1258.54,-89.083
1258.79,-86.803
1259.03,-86.786
1259.28,-89.614
1259.52,-88.104
1259.77,-89.575
1260.01,-87.481
1260.25,-87.358
1260.50,-87.300
1260.74,-87.099
1260.99,-89.234
1261.23,-91.241
1261.47,-87.354
1261.72,-89.053
1261.96,-88.011
1262.21,-89.233
1262.45,-89.209
1262.70,-86.452
1262.94,-86.921
1263.18,-87.582
1263.43,-90.247
1263.67,-91.751
1263.92,-87.034
1264.16,-87.229
1264.40,-88.818
1264.65,-87.041
1264.89,-88.275
1265.14,-89.038
1265.38,-84.325
1265.62,-87.962
1265.87,-89.195
1266.11,-86.979
1266.36,-87.040
1266.60,-87.619
1266.85,-88.396
1267.09,-87.814
1267.33,-89.215
1267.58,-89.138
1267.82,-86.448
1268.07,-88.183
1268.31,-88.357
1268.55,-87.038
1268.80,-87.834
1269.04,-89.569
1269.29,-87.265
1269.53,-88.872
1269.78,-87.843
1270.02,-87.082
1270.26,-86.640
1270.51,-87.909
1270.75,-91.535
1271.00,-88.208
1271.24,-88.882
1271.48,-86.084
1271.73,-89.627
1271.97,-88.284
1272.22,-87.177
1272.46,-87.833
1272.71,-87.570
1272.95,-88.737
1273.19,-87.595
1273.44,-86.468
1273.68,-86.034
1273.93,-86.720
1274.17,-89.091
1274.41,-86.539
1274.66,-88.571
1274.90,-87.678
1275.15,-87.486
1275.39,-87.897
1275.63,-86.644
1275.88,-87.190
1276.12,-88.142
1276.37,-85.481
1276.61,-86.780
1276.86,-86.688
1277.10,-87.477
1277.34,-89.339
1277.59,-89.212
1277.83,-87.523
1278.08,-85.135
1278.32,-85.641
1278.56,-87.392
1278.81,-86.097
1279.05,-88.482
1279.30,-86.653
1279.54,-88.321
1279.79,-88.976
1280.03,-85.925
1280.27,-86.234
1280.52,-87.256
1280.76,-87.977
1281.01,-88.507
1281.25,-88.557
1281.49,-87.243
1281.74,-89.884
1281.98,-89.422
1282.23,-89.364
1282.47,-89.758
1282.71,-89.469
1282.96,-87.608
1283.20,-89.000
1283.45,-86.408
1283.69,-87.518
1283.94,-87.540
1284.18,-86.740
1284.42,-86.593
1284.67,-87.579
1284.91,-88.356
1285.16,-87.610
1285.40,-89.671
1285.64,-86.071
1285.89,-86.835
1286.13,-86.210
1286.38,-89.134
1286.62,-88.949
1286.87,-86.661
1287.11,-86.617
1287.35,-84.106
1287.60,-88.797
1287.84,-87.778
1288.09,-86.336
1288.33,-85.990
1288.57,-90.115
1288.82,-86.551
1289.06,-88.433
1289.31,-87.007
1289.55,-89.045
1289.79,-86.791
1290.04,-87.081
1290.28,-88.606
1290.53,-89.272
1290.77,-87.828
1291.02,-87.061
1291.26,-87.884
1291.50,-87.946
1291.75,-85.664
1291.99,-85.811
1292.24,-88.745
1292.48,-89.611
1292.72,-89.885
1292.97,-89.420
1293.21,-87.479
1293.46,-88.256
1293.70,-89.181
1293.95,-88.443
1294.19,-89.780
1294.43,-84.602
1294.68,-86.089
1294.92,-86.846
1295.17,-87.196
1295.41,-86.372
1295.65,-87.302
1295.90,-87.252
1296.14,-88.535
1296.39,-84.704
1296.63,-88.580
1296.88,-86.068
1297.12,-86.218
1297.36,-86.226
1297.61,-85.855
1297.85,-88.201
1298.10,-86.907
1298.34,-87.003
1298.58,-86.699
1298.83,-85.249
1299.07,-87.481
1299.32,-91.364
1299.56,-89.255
1299.80,-90.008
1300.05,-86.436
1300.29,-87.076
1300.54,-90.646
1300.78,-87.518
1301.03,-86.591
1301.27,-87.396
1301.51,-87.562
1301.76,-87.816
1302.00,-90.081
1302.25,-85.103
1302.49,-85.561
1302.73,-86.851
1302.98,-85.024
1303.22,-87.322
1303.47,-85.816
1303.71,-86.954
1303.96,-87.782
1304.20,-86.764
1304.44,-87.380
1304.69,-88.613
1304.93,-84.731
1305.18,-86.797
1305.42,-87.051
1305.66,-87.844
1305.91,-90.192
1306.15,-86.418
1306.40,-86.820
1306.64,-90.674
1306.88,-89.123
1307.13,-88.875
1307.37,-88.599
1307.62,-87.604
1307.86,-87.093
1308.11,-84.389
1308.35,-89.757
1308.59,-90.063
1308.84,-87.409
1309.08,-87.571
1309.33,-87.915
1309.57,-87.504
1309.81,-89.878
1310.06,-89.227
1310.30,-88.554
1310.55,-86.420
1310.79,-86.491
1311.04,-89.478
1311.28,-88.055
1311.52,-85.077
1311.77,-86.521
1312.01,-84.419
1312.26,-85.830
1312.50,-87.248
1312.74,-87.518
1312.99,-84.941
1313.23,-85.421
1313.48,-87.136
1313.72,-86.738
1313.96,-87.160
1314.21,-90.554
1314.45,-86.461
1314.70,-87.387
1314.94,-86.785
1315.19,-87.499
1315.43,-86.106
1315.67,-85.542
1315.92,-87.050
1316.16,-87.361
1316.41,-87.530
1316.65,-88.928
1316.89,-87.623
1317.14,-87.772
1317.38,-86.584
1317.63,-85.578
1317.87,-86.607
1318.12,-85.466
1318.36,-85.316
1318.60,-87.611
1318.85,-86.647
1319.09,-89.075
1319.34,-84.654
1319.58,-86.601
1319.82,-86.379
1320.07,-85.398
1320.31,-85.889
1320.56,-83.957
1320.80,-85.628
1321.04,-87.374
1321.29,-87.284
1321.53,-85.876
1321.78,-86.277
1322.02,-83.504
1322.27,-86.311
1322.51,-87.324
1322.75,-84.775
1323.00,-86.875
1323.24,-84.025
1323.49,-85.578
1323.73,-85.870
1323.97,-85.397
1324.22,-87.701
1324.46,-83.527
1324.71,-87.540
1324.95,-86.517
1325.20,-85.382
1325.44,-86.732
1325.68,-87.610
1325.93,-88.631
1326.17,-83.909
1326.42,-84.589
1326.66,-84.305
1326.90,-85.758
1327.15,-84.906
1327.39,-86.535
1327.64,-86.380
1327.88,-87.027
1328.12,-86.656
1328.37,-86.367
1328.61,-83.014
1328.86,-83.267
1329.10,-85.862
1329.35,-86.206
1329.59,-86.449
1329.83,-85.750
1330.08,-85.974
1330.32,-84.879
1330.57,-89.034
1330.81,-89.240
1331.05,-85.573
1331.30,-86.239
1331.54,-85.044
1331.79,-87.659
1332.03,-85.942
1332.28,-86.815
1332.52,-85.634
1332.76,-86.173
1333.01,-85.678
1333.25,-85.305
1333.50,-85.218
1333.74,-82.997
1333.98,-84.825
1334.23,-84.821
1334.47,-84.734
1334.72,-84.322
1334.96,-84.497
1335.21,-86.673
1335.45,-86.929
1335.69,-85.813
1335.94,-85.986
1336.18,-86.493
1336.43,-88.344
1336.67,-84.785
1336.91,-86.286
1337.16,-83.422
1337.40,-85.692
1337.65,-83.928
1337.89,-85.903
1338.13,-85.280
1338.38,-87.266
1338.62,-84.263
1338.87,-82.713
1339.11,-83.823
1339.36,-83.936
1339.60,-87.023
1339.84,-87.259
1340.09,-86.072
1340.33,-84.780
1340.58,-82.788
1340.82,-85.605
1341.06,-87.482
1341.31,-84.257
1341.55,-84.880
1341.80,-85.972
1342.04,-84.373
1342.29,-86.780
1342.53,-85.221
1342.77,-87.084
1343.02,-86.272
1343.26,-83.713
1343.51,-86.891
1343.75,-84.964
1343.99,-86.672
1344.24,-86.417
1344.48,-85.232
1344.73,-86.893
1344.97,-87.858
1345.21,-85.167
1345.46,-85.481
1345.70,-85.986
1345.95,-85.188
1346.19,-85.595
1346.44,-84.789
1346.68,-83.957
1346.92,-83.628
1347.17,-85.303
1347.41,-84.205
1347.66,-85.660
1347.90,-86.117
1348.14,-85.998
1348.39,-82.639
1348.63,-85.373
1348.88,-84.798
1349.12,-86.531
1349.37,-85.269
1349.61,-83.872
1349.85,-84.898
1350.10,-87.133
1350.34,-86.375
1350.59,-85.039
1350.83,-84.488
1351.07,-86.194
1351.32,-86.647
1351.56,-89.093
1351.81,-87.243
1352.05,-84.323
1352.29,-87.478
1352.54,-83.199
1352.78,-85.572
1353.03,-85.910
1353.27,-84.455
1353.52,-86.300
1353.76,-85.890
1354.00,-86.235
1354.25,-87.339
1354.49,-84.965
1354.74,-84.115
1354.98,-85.528
1355.22,-85.889
1355.47,-87.394
1355.71,-84.756
1355.96,-85.239
1356.20,-83.499
1356.45,-86.117
1356.69,-83.790
1356.93,-84.404
1357.18,-85.326
1357.42,-85.619
1357.67,-84.633
1357.91,-85.136
1358.15,-85.826
1358.40,-86.899
1358.64,-86.370
1358.89,-83.200
1359.13,-86.549
1359.38,-84.200
1359.62,-86.479
1359.86,-87.428
1360.11,-85.911
1360.35,-84.802
1360.60,-86.816
1360.84,-84.935
1361.08,-85.337
1361.33,-84.802
1361.57,-86.793
1361.82,-84.026
1362.06,-84.159
1362.30,-84.708
1362.55,-85.807
1362.79,-83.928
1363.04,-83.521
1363.28,-84.934
1363.53,-82.442
1363.77,-84.818
1364.01,-84.289
1364.26,-84.028
1364.50,-82.902
1364.75,-83.617
1364.99,-86.301
1365.23,-84.367
1365.48,-83.156
1365.72,-85.802
1365.97,-82.287
1366.21,-83.948
1366.46,-84.846
1366.70,-84.484
1366.94,-84.936
1367.19,-83.341
1367.43,-83.262
1367.68,-82.526
1367.92,-84.968
1368.16,-83.979
1368.41,-83.273
1368.65,-81.167
1368.90,-83.474
1369.14,-83.881
1369.38,-84.606
1369.63,-84.093
1369.87,-84.380
1370.12,-86.125
1370.36,-84.766
1370.61,-84.549
1370.85,-82.222
1371.09,-83.130
1371.34,-87.441
1371.58,-84.423
1371.83,-84.749
1372.07,-84.698
1372.31,-84.670
1372.56,-86.106
1372.80,-84.700
1373.05,-83.932
1373.29,-83.435
1373.54,-85.239
1373.78,-86.959
1374.02,-86.690
1374.27,-84.292
1374.51,-82.469
1374.76,-82.569
1375.00,-83.253
1375.24,-84.129
1375.49,-85.267
1375.73,-83.544
1375.98,-82.831
1376.22,-84.977
1376.46,-85.624
1376.71,-86.950
1376.95,-83.262
1377.20,-81.626
1377.44,-84.513
1377.69,-82.334
1377.93,-83.951
1378.17,-83.643
1378.42,-84.140
1378.66,-83.320
1378.91,-84.938
1379.15,-84.746
1379.39,-82.710
1379.64,-85.029
1379.88,-82.056
1380.13,-84.560
1380.37,-82.285
1380.62,-82.684
1380.86,-85.696
1381.10,-83.665
1381.35,-81.598
1381.59,-84.740
1381.84,-82.336
1382.08,-84.543
1382.32,-82.803
1382.57,-83.430
1382.81,-85.465
1383.06,-81.986
1383.30,-81.533
1383.54,-83.434
1383.79,-84.494
1384.03,-80.963
1384.28,-84.776
1384.52,-83.507
1384.77,-81.365
1385.01,-81.906
1385.25,-83.145
1385.50,-83.183
1385.74,-82.638
1385.99,-84.329
1386.23,-83.092
1386.47,-81.774
1386.72,-82.417
1386.96,-82.031
1387.21,-82.285
1387.45,-83.607
1387.70,-82.777
1387.94,-82.210
1388.18,-81.155
1388.43,-83.315
1388.67,-81.193
1388.92,-82.008
1389.16,-83.420
1389.40,-84.066
1389.65,-82.745
1389.89,-81.664
1390.14,-84.128
1390.38,-85.287
1390.62,-82.940
1390.87,-81.662
1391.11,-81.399
1391.36,-81.035
1391.60,-81.440
1391.85,-81.864
1392.09,-83.588
1392.33,-84.018
1392.58,-84.446
1392.82,-82.642
1393.07,-79.604
1393.31,-83.923
1393.55,-82.290
1393.80,-82.035
1394.04,-82.606
1394.29,-84.279
1394.53,-84.633
1394.78,-82.446
1395.02,-82.797
1395.26,-83.198
1395.51,-81.030
1395.75,-83.190
1396.00,-82.178
1396.24,-82.643
1396.48,-82.355
1396.73,-81.462
1396.97,-81.957
1397.22,-81.418
1397.46,-83.330
1397.71,-81.985
1397.95,-79.005
1398.19,-80.000
1398.44,-81.924
1398.68,-81.119
1398.93,-82.834
1399.17,-79.991
1399.41,-80.699
1399.66,-80.861
1399.90,-81.560
1400.15,-81.144
1400.39,-82.783
1400.63,-81.874
1400.88,-81.072
1401.12,-79.547
1401.37,-80.644
1401.61,-80.622
1401.86,-79.569
1402.10,-83.504
1402.34,-84.257
1402.59,-82.942
1402.83,-81.293
1403.08,-84.912
1403.32,-82.233
1403.56,-84.278
1403.81,-84.578
1404.05,-81.022
1404.30,-80.060
1404.54,-82.169
1404.79,-81.394
1405.03,-81.086
1405.27,-83.772
1405.52,-83.205
1405.76,-81.053
1406.01,-80.708
1406.25,-81.439
1406.49,-82.994
1406.74,-82.879
1406.98,-78.414
1407.23,-80.344
1407.47,-80.988
1407.71,-81.732
1407.96,-82.392
1408.20,-80.793
1408.45,-81.215
1408.69,-81.579
1408.94,-79.993
1409.18,-79.877
1409.42,-80.527
1409.67,-80.511
1409.91,-79.730
1410.16,-80.934
1410.40,-80.381
1410.64,-82.622
1410.89,-85.161
1411.13,-81.131
1411.38,-81.862
1411.62,-83.765
1411.87,-80.226
1412.11,-80.830
1412.35,-79.556
1412.60,-82.143
1412.84,-81.557
1413.09,-80.691
1413.33,-80.844
1413.57,-82.203
1413.82,-83.939
1414.06,-80.227
1414.31,-77.450
1414.55,-80.786
1414.79,-84.415
1415.04,-82.184
1415.28,-83.403
1415.53,-81.824
1415.77,-80.521
1416.02,-80.090
1416.26,-81.282
1416.50,-82.569
1416.75,-81.651
1416.99,-78.418
1417.24,-83.091
1417.48,-82.471
1417.72,-81.195
1417.97,-78.578
1418.21,-81.425
1418.46,-81.750
1418.70,-83.433
1418.95,-81.964
1419.19,-81.974
1419.43,-78.257
1419.68,-80.173
1419.92,-82.702
1420.17,-82.668
1420.41,-80.555
1420.65,-80.586
1420.90,-80.783
1421.14,-82.053
1421.39,-80.526
1421.63,-81.020
1421.88,-78.391
1422.12,-77.323
1422.36,-80.850
1422.61,-79.611
1422.85,-79.851
1423.10,-79.682
1423.34,-78.472
1423.58,-81.895
1423.83,-79.729
1424.07,-79.074
1424.32,-76.811
1424.56,-80.487
1424.80,-78.793
1425.05,-79.353
1425.29,-81.110
1425.54,-80.148
1425.78,-82.481
1426.03,-80.458
1426.27,-80.575
1426.51,-78.943
1426.76,-79.266
1427.00,-82.461
1427.25,-80.878
1427.49,-80.708
1427.73,-81.601
1427.98,-79.028
1428.22,-80.613
1428.47,-77.498
1428.71,-80.068
1428.96,-79.202
1429.20,-79.276
1429.44,-79.922
1429.69,-80.342
1429.93,-80.682
1430.18,-80.368
1430.42,-78.601
1430.66,-78.695
1430.91,-78.983
1431.15,-81.537
1431.40,-75.549
1431.64,-79.479
1431.88,-81.387
1432.13,-79.650
1432.37,-81.177
1432.62,-79.545
1432.86,-78.609
1433.11,-80.766
1433.35,-80.126
1433.59,-77.456
1433.84,-78.877
1434.08,-80.394
1434.33,-78.585
1434.57,-78.297
1434.81,-79.093
1435.06,-79.065
1435.30,-79.333
1435.55,-77.628
1435.79,-80.918
1436.04,-80.548
1436.28,-78.952
1436.52,-76.911
1436.77,-78.923
1437.01,-76.905
1437.26,-77.609
1437.50,-81.118
1437.74,-79.441
1437.99,-79.036
1438.23,-80.256
1438.48,-77.435
1438.72,-77.831
1438.96,-79.241
1439.21,-80.939
1439.45,-80.023
1439.70,-78.434
1439.94,-78.092
1440.19,-77.840
1440.43,-79.194
1440.67,-78.964
1440.92,-78.104
1441.16,-77.955
1441.41,-78.961
1441.65,-78.365
1441.89,-78.469
1442.14,-79.560
1442.38,-76.775
1442.63,-77.774
1442.87,-79.476
1443.12,-77.904
1443.36,-79.997
1443.60,-76.860
1443.85,-77.803
1444.09,-78.164
1444.34,-75.530
1444.58,-74.452
1444.82,-76.778
1445.07,-78.111
1445.31,-76.579
1445.56,-80.757
1445.80,-76.305
1446.04,-76.871
1446.29,-80.535
1446.53,-77.996
1446.78,-75.082
1447.02,-78.194
1447.27,-76.843
1447.51,-77.401
1447.75,-78.441
1448.00,-77.604
1448.24,-76.624
1448.49,-78.181
1448.73,-76.127
1448.97,-76.612
1449.22,-74.887
1449.46,-80.563
1449.71,-78.107
1449.95,-77.896
1450.20,-77.569
1450.44,-78.472
1450.68,-76.409
1450.93,-77.304
1451.17,-76.351
1451.42,-78.794
1451.66,-75.738
1451.90,-77.491
1452.15,-75.730
1452.39,-76.222
1452.64,-78.118
1452.88,-78.578
1453.12,-78.549
1453.37,-78.285
1453.61,-76.004
1453.86,-75.915
1454.10,-75.560
1454.35,-76.146
1454.59,-74.122
1454.83,-74.880
1455.08,-76.813
1455.32,-74.125
1455.57,-77.072
1455.81,-77.456
1456.05,-76.195
1456.30,-75.511
1456.54,-76.082
1456.79,-78.059
1457.03,-77.954
1457.28,-76.340
1457.52,-75.980
1457.76,-77.013
1458.01,-76.564
1458.25,-75.248
1458.50,-74.527
1458.74,-75.848
1458.98,-76.744
1459.23,-80.738
1459.47,-77.178
1459.72,-77.428
1459.96,-74.419
1460.21,-74.510
1460.45,-76.378
1460.69,-76.229
1460.94,-76.504
1461.18,-76.425
1461.43,-75.224
1461.67,-73.651
1461.91,-76.547
1462.16,-74.395
1462.40,-77.029
1462.65,-77.304
1462.89,-76.018
1463.13,-76.842
1463.38,-77.561
1463.62,-76.167
1463.87,-75.015
1464.11,-74.138
1464.36,-75.068
1464.60,-74.361
1464.84,-76.004
1465.09,-75.961
1465.33,-74.375
1465.58,-74.908
1465.82,-76.662
1466.06,-74.670
1466.31,-76.113
1466.55,-72.886
1466.80,-75.098
1467.04,-76.584
1467.29,-77.630
1467.53,-75.155
1467.77,-74.885
1468.02,-75.994
1468.26,-74.891
1468.51,-74.801
1468.75,-75.004
1468.99,-75.671
1469.24,-74.902
1469.48,-75.803
1469.73,-75.156
1469.97,-75.073
1470.21,-74.981
1470.46,-73.941
1470.70,-73.246
1470.95,-75.552
1471.19,-76.028
1471.44,-75.605
1471.68,-74.119
1471.92,-74.972
1472.17,-72.195
1472.41,-73.415
1472.66,-70.373
1472.90,-74.202
1473.14,-74.470
1473.39,-75.293
1473.63,-72.116
1473.88,-73.601
1474.12,-73.268
1474.37,-74.358
1474.61,-75.796
1474.85,-74.639
1475.10,-73.740
1475.34,-73.198
1475.59,-72.563
1475.83,-74.986
1476.07,-73.748
1476.32,-73.736
1476.56,-72.470
1476.81,-72.950
1477.05,-74.595
1477.29,-73.268
1477.54,-75.182
1477.78,-73.335
1478.03,-71.734
1478.27,-73.023
1478.52,-72.943
1478.76,-73.422
1479.00,-71.843
1479.25,-74.408
1479.49,-71.940
1479.74,-70.821
1479.98,-71.077
1480.22,-74.294
1480.47,-74.280
1480.71,-74.662
1480.96,-73.612
1481.20,-74.465
1481.45,-74.255
1481.69,-74.067
1481.93,-71.659
1482.18,-70.629
1482.42,-72.844
1482.67,-72.783
1482.91,-70.522
1483.15,-70.922
1483.40,-72.398
1483.64,-71.495
1483.89,-76.421
1484.13,-73.353
1484.38,-71.679
1484.62,-71.847
1484.86,-73.731
1485.11,-72.139
1485.35,-72.241
1485.60,-72.531
1485.84,-72.097
1486.08,-71.858
1486.33,-70.137
1486.57,-70.226
1486.82,-69.811
1487.06,-73.370
1487.30,-75.800
1487.55,-72.221
1487.79,-70.347
1488.04,-72.066
1488.28,-70.167
1488.53,-71.370
1488.77,-71.174
1489.01,-69.597
1489.26,-70.337
1489.50,-71.747
1489.75,-71.228
1489.99,-71.253
1490.23,-71.045
1490.48,-72.517
1490.72,-71.199
1490.97,-70.205
1491.21,-71.304
1491.46,-67.236
1491.70,-70.459
1491.94,-70.853
1492.19,-69.943
1492.43,-70.546
1492.68,-69.462
1492.92,-71.845
1493.16,-70.946
1493.41,-68.488
1493.65,-69.615
1493.90,-71.403
1494.14,-70.256
1494.38,-70.314
1494.63,-70.879
1494.87,-68.246
1495.12,-71.639
1495.36,-73.442
1495.61,-69.352
1495.85,-69.795
1496.09,-68.111
1496.34,-70.535
1496.58,-72.377
1496.83,-72.149
1497.07,-70.460
1497.31,-69.432
1497.56,-66.299
1497.80,-70.786
1498.05,-70.477
1498.29,-71.748
1498.54,-68.176
1498.78,-70.428
1499.02,-70.368
1499.27,-70.899
1499.51,-71.294
1499.76,-68.909
1500.00,-68.605
1500.24,-67.451
1500.49,-68.689
1500.73,-68.873
1500.98,-70.348
1501.22,-69.004
1501.46,-69.455
1501.71,-69.398
1501.95,-68.648
1502.20,-68.187
1502.44,-71.622
1502.69,-68.965
1502.93,-70.540
1503.17,-69.470
1503.42,-69.387
1503.66,-67.016
1503.91,-70.637
1504.15,-68.500
1504.39,-69.392
1504.64,-69.224
1504.88,-71.711
1505.13,-67.747
1505.37,-70.507
1505.62,-72.741
1505.86,-71.735
1506.10,-68.256
1506.35,-69.551
1506.59,-70.561
1506.84,-68.061
1507.08,-70.170
1507.32,-71.372
1507.57,-69.571
1507.81,-69.380
1508.06,-70.062
1508.30,-68.754
1508.54,-71.087
1508.79,-67.987
1509.03,-69.948
1509.28,-69.686
1509.52,-70.104
1509.77,-68.333
1510.01,-68.661
1510.25,-71.250
1510.50,-68.331
1510.74,-68.387
1510.99,-67.802
1511.23,-69.898
1511.47,-69.692
1511.72,-68.471
1511.96,-71.130
1512.21,-69.636
1512.45,-70.219
1512.70,-70.536
1512.94,-69.732
1513.18,-67.033
1513.43,-70.381
1513.67,-69.268
1513.92,-69.694
1514.16,-69.431
1514.40,-68.866
1514.65,-67.786
1514.89,-71.522
1515.14,-70.120
1515.38,-70.118
1515.62,-69.932
1515.87,-68.456
1516.11,-67.471
1516.36,-70.268
1516.60,-69.318
1516.85,-67.756
1517.09,-69.398
1517.33,-69.969
1517.58,-68.993
1517.82,-70.892
1518.07,-71.124
1518.31,-71.169
1518.55,-71.029
1518.80,-68.361
1519.04,-72.495
1519.29,-71.460
1519.53,-69.837
1519.78,-67.675
1520.02,-69.534
1520.26,-70.824
1520.51,-69.186
1520.75,-68.598
1521.00,-71.936
1521.24,-72.396
1521.48,-67.709
1521.73,-70.604
1521.97,-71.538
1522.22,-72.163
1522.46,-70.053
1522.71,-67.599
1522.95,-69.847
1523.19,-70.044
1523.44,-68.768
1523.68,-70.549
1523.93,-72.418
1524.17,-71.408
1524.41,-70.564
1524.66,-68.980
1524.90,-71.519
1525.15,-69.850
1525.39,-71.537
1525.63,-70.162
1525.88,-68.902
1526.12,-67.671
1526.37,-72.069
1526.61,-70.634
1526.86,-68.681
1527.10,-69.764
1527.34,-70.541
1527.59,-71.969
1527.83,-72.563
1528.08,-73.191
1528.32,-70.597
1528.56,-72.395
1528.81,-72.839
1529.05,-72.318
1529.30,-72.192
1529.54,-70.197
1529.79,-71.634
1530.03,-69.399
1530.27,-71.349
1530.52,-69.441
1530.76,-70.294
1531.01,-71.412
1531.25,-70.652
1531.49,-69.290
1531.74,-69.802
1531.98,-71.652
1532.23,-70.735
1532.47,-72.732
1532.71,-71.359
1532.96,-71.832
1533.20,-73.779
1533.45,-71.920
1533.69,-72.241
1533.94,-71.670
1534.18,-73.730
1534.42,-72.762
1534.67,-74.253
1534.91,-71.844
1535.16,-73.623
1535.40,-71.946
1535.64,-72.305
1535.89,-73.120
1536.13,-70.350
1536.38,-70.250
1536.62,-68.444
1536.87,-71.446
1537.11,-74.218
1537.35,-73.709
1537.60,-73.996
1537.84,-74.282
1538.09,-72.756
1538.33,-73.220
1538.57,-74.803
1538.82,-74.304
1539.06,-73.832
1539.31,-72.653
1539.55,-73.164
1539.79,-73.695
1540.04,-73.236
1540.28,-74.604
1540.53,-73.411
1540.77,-73.594
1541.02,-72.379
1541.26,-75.195
1541.50,-72.193
1541.75,-70.498
1541.99,-73.327
1542.24,-73.496
1542.48,-71.696
1542.72,-72.587
1542.97,-73.897
1543.21,-74.375
1543.46,-75.733
1543.70,-72.417
1543.95,-74.421
1544.19,-75.985
1544.43,-75.774
1544.68,-72.656
1544.92,-73.258
1545.17,-73.716
1545.41,-71.964
1545.65,-72.057
1545.90,-74.718
1546.14,-74.236
1546.39,-73.106
1546.63,-74.514
1546.88,-73.473
1547.12,-74.361
1547.36,-73.984
1547.61,-73.570
1547.85,-74.767
1548.10,-73.271
1548.34,-75.465
1548.58,-75.362
1548.83,-77.845
1549.07,-75.969
1549.32,-77.024
1549.56,-75.514
1549.80,-74.929
1550.05,-73.257
1550.29,-74.736
1550.54,-72.435
1550.78,-74.312
1551.03,-77.238
1551.27,-76.141
1551.51,-74.643
1551.76,-75.464
1552.00,-76.870
1552.25,-72.567
1552.49,-74.839
1552.73,-72.292
1552.98,-75.466
1553.22,-73.940
1553.47,-73.652
1553.71,-76.392
1553.96,-75.497
1554.20,-71.831
1554.44,-74.609
1554.69,-75.738
1554.93,-75.546
1555.18,-73.672
1555.42,-76.386
1555.66,-75.664
1555.91,-73.015
1556.15,-75.577
1556.40,-73.902
1556.64,-77.459
1556.88,-75.842
1557.13,-77.635
1557.37,-74.315
1557.62,-74.189
1557.86,-76.459
1558.11,-74.238
1558.35,-75.334
1558.59,-74.935
1558.84,-74.575
1559.08,-74.104
1559.33,-75.457
1559.57,-76.219
1559.81,-73.612
1560.06,-74.825
1560.30,-73.284
1560.55,-74.766
1560.79,-74.406
1561.04,-76.587
1561.28,-75.645
1561.52,-73.406
1561.77,-75.115
1562.01,-75.988
1562.26,-71.984
1562.50,-76.574
1562.74,-77.808
1562.99,-77.295
1563.23,-75.247
1563.48,-76.467
1563.72,-76.974
1563.96,-73.978
1564.21,-76.415
1564.45,-74.340
1564.70,-78.441
1564.94,-77.473
1565.19,-75.667
1565.43,-74.984
1565.67,-75.679
1565.92,-74.276
1566.16,-76.402
1566.41,-76.718
1566.65,-76.428
1566.89,-75.762
1567.14,-76.369
1567.38,-74.368
1567.63,-75.492
1567.87,-74.805
1568.12,-78.651
1568.36,-80.441
1568.60,-75.855
1568.85,-77.297
1569.09,-78.009
1569.34,-77.172
1569.58,-76.369
1569.82,-77.149
1570.07,-77.428
1570.31,-77.851
1570.56,-77.012
1570.80,-78.924
1571.04,-78.478
1571.29,-79.010
1571.53,-76.838
1571.78,-77.062
1572.02,-78.474
1572.27,-78.624
1572.51,-79.475
1572.75,-78.953
1573.00,-77.717
1573.24,-76.985
1573.49,-75.734
1573.73,-78.160
1573.97,-75.605
1574.22,-76.653
1574.46,-80.245
1574.71,-78.148
1574.95,-78.569
1575.20,-76.756
1575.44,-77.656
1575.68,-76.526
1575.93,-78.685
1576.17,-77.583
1576.42,-77.574
1576.66,-79.016
1576.90,-81.059
1577.15,-79.134
1577.39,-77.029
1577.64,-78.303
1577.88,-79.197
1578.12,-76.639
1578.37,-80.643
1578.61,-77.547
1578.86,-79.754
1579.10,-79.040
1579.35,-77.203
1579.59,-76.687
1579.83,-76.432
1580.08,-77.387
1580.32,-78.830
1580.57,-80.797
1580.81,-78.617
1581.05,-80.374
1581.30,-79.229
1581.54,-79.041
1581.79,-79.861
1582.03,-77.409
1582.28,-81.039
1582.52,-77.958
1582.76,-77.370
1583.01,-76.327
1583.25,-77.259
1583.50,-76.703
1583.74,-79.241
1583.98,-79.718
1584.23,-78.286
1584.47,-79.377
1584.72,-78.611
1584.96,-77.249
1585.21,-80.299
1585.45,-80.210
1585.69,-76.960
1585.94,-79.003
1586.18,-78.638
1586.43,-79.840
1586.67,-78.019
1586.91,-79.363
1587.16,-78.223
1587.40,-78.038
1587.65,-77.975
1587.89,-79.036
1588.13,-79.055
1588.38,-77.690
1588.62,-79.200
1588.87,-77.973
1589.11,-77.739
1589.36,-79.758
1589.60,-78.405
1589.84,-77.989
1590.09,-80.889
1590.33,-78.023
1590.58,-79.681
1590.82,-79.826
1591.06,-79.691
1591.31,-80.178
1591.55,-78.814
1591.80,-80.488
1592.04,-83.302
1592.29,-80.062
1592.53,-80.398
1592.77,-80.508
1593.02,-80.486
1593.26,-79.460
1593.51,-82.417
1593.75,-81.867
1593.99,-76.969
1594.24,-78.939
1594.48,-78.855
1594.73,-79.336
1594.97,-78.192
1595.21,-79.367
1595.46,-80.265
1595.70,-79.660
1595.95,-80.823
1596.19,-80.495
1596.44,-80.384
1596.68,-83.138
1596.92,-79.075
1597.17,-79.703
1597.41,-79.870
1597.66,-76.711
1597.90,-78.554
1598.14,-80.499
1598.39,-78.199
1598.63,-79.380
1598.88,-77.367
1599.12,-79.315
1599.37,-81.508
1599.61,-80.346
1599.85,-80.205
1600.10,-79.985
1600.34,-78.924
1600.59,-78.065
1600.83,-79.878
1601.07,-80.712
1601.32,-78.629
1601.56,-80.748
1601.81,-80.863
1602.05,-78.533
1602.29,-78.778
1602.54,-77.977
1602.78,-77.748
1603.03,-79.803
1603.27,-80.460
1603.52,-81.723
1603.76,-79.346
1604.00,-81.270
1604.25,-80.492
1604.49,-79.329
1604.74,-79.470
1604.98,-79.903
1605.22,-79.656
1605.47,-81.248
1605.71,-82.850
1605.96,-80.493
1606.20,-79.853
1606.45,-81.302
1606.69,-80.622
1606.93,-81.100
1607.18,-80.820
1607.42,-80.273
1607.67,-80.493
1607.91,-78.767
1608.15,-78.897
1608.40,-80.217
1608.64,-82.151
1608.89,-80.168
1609.13,-82.611
1609.38,-80.735
1609.62,-80.297
1609.86,-79.336
1610.11,-83.860
1610.35,-81.376
1610.60,-80.604
1610.84,-81.452
1611.08,-81.113
1611.33,-80.214
1611.57,-81.256
1611.82,-80.190
1612.06,-81.783
1612.30,-80.449
1612.55,-82.484
1612.79,-82.063
1613.04,-79.312
1613.28,-80.814
1613.53,-81.202
1613.77,-78.783
1614.01,-82.769
1614.26,-79.674
1614.50,-79.818
1614.75,-80.666
1614.99,-81.973
1615.23,-82.267
1615.48,-81.496
1615.72,-82.523
1615.97,-80.639
1616.21,-80.840
1616.46,-81.387
1616.70,-81.509
1616.94,-81.216
1617.19,-81.797
1617.43,-80.411
1617.68,-78.613
1617.92,-78.124
1618.16,-79.847
1618.41,-80.427
1618.65,-81.229
1618.90,-80.067
1619.14,-82.450
1619.38,-82.978
1619.63,-81.943
1619.87,-80.516
1620.12,-81.240
1620.36,-79.646
1620.61,-80.975
1620.85,-81.772
1621.09,-81.048
1621.34,-81.648
1621.58,-79.009
1621.83,-79.331
1622.07,-80.634
1622.31,-82.359
1622.56,-81.773
1622.80,-78.898
1623.05,-79.210
1623.29,-82.176
1623.54,-81.021
1623.78,-80.576
1624.02,-83.951
1624.27,-80.459
1624.51,-80.823
1624.76,-81.726
1625.00,-82.593
1625.24,-83.061
1625.49,-82.109
1625.73,-81.873
1625.98,-85.644
1626.22,-81.394
1626.46,-81.467
1626.71,-81.587
1626.95,-79.427
1627.20,-80.271
1627.44,-79.421
1627.69,-80.555
1627.93,-81.065
1628.17,-81.575
1628.42,-83.480
1628.66,-80.866
1628.91,-79.029
1629.15,-82.201
1629.39,-81.266
1629.64,-84.100
1629.88,-83.709
1630.13,-81.541
1630.37,-81.092
1630.62,-81.112
1630.86,-83.229
1631.10,-81.243
1631.35,-82.368
1631.59,-83.355
1631.84,-82.490
1632.08,-81.096
1632.32,-82.580
1632.57,-82.878
1632.81,-81.406
1633.06,-81.652
1633.30,-84.375
1633.54,-81.681
1633.79,-83.086
1634.03,-82.392
1634.28,-80.610
1634.52,-82.021
1634.77,-79.336
1635.01,-81.255
1635.25,-81.730
1635.50,-80.715
1635.74,-81.617
1635.99,-80.339
1636.23,-79.146
1636.47,-82.350
1636.72,-82.744
1636.96,-81.588
1637.21,-80.588
1637.45,-81.985
1637.70,-83.281
1637.94,-83.571
1638.18,-83.352
1638.43,-82.930
1638.67,-81.589
1638.92,-82.600
1639.16,-81.556
1639.40,-80.305
1639.65,-81.072
1639.89,-80.908
1640.14,-80.847
1640.38,-83.621
1640.62,-81.849
1640.87,-82.260
1641.11,-83.092
1641.36,-81.772
1641.60,-81.568
1641.85,-82.204
1642.09,-84.172
1642.33,-82.628
1642.58,-81.770
1642.82,-83.519
1643.07,-80.403
1643.31,-81.275
1643.55,-82.608
1643.80,-83.073
1644.04,-84.503
1644.29,-82.395
1644.53,-84.240
1644.78,-85.836
1645.02,-84.809
1645.26,-82.683
1645.51,-81.260
1645.75,-83.382
1646.00,-82.564
1646.24,-82.390
1646.48,-83.599
1646.73,-80.575
1646.97,-82.081
1647.22,-85.015
1647.46,-82.305
1647.71,-84.030
1647.95,-79.708
1648.19,-81.533
1648.44,-80.288
1648.68,-82.712
1648.93,-82.987
1649.17,-83.446
1649.41,-81.826
1649.66,-80.975
1649.90,-83.098
1650.15,-82.961
1650.39,-80.918
1650.63,-83.217
1650.88,-82.804
1651.12,-82.477
1651.37,-80.497
1651.61,-83.936
1651.86,-82.467
1652.10,-84.060
1652.34,-82.432
1652.59,-83.165
1652.83,-83.083
1653.08,-83.942
1653.32,-83.783
1653.56,-81.922
1653.81,-80.040
1654.05,-83.936
1654.30,-83.103
1654.54,-81.008
1654.79,-83.102
1655.03,-83.896
1655.27,-86.039
1655.52,-83.227
1655.76,-81.255
1656.01,-80.623
1656.25,-82.708
1656.49,-81.082
1656.74,-81.949
1656.98,-80.733
1657.23,-82.087
1657.47,-83.108
1657.71,-84.878
1657.96,-84.467
1658.20,-82.742
1658.45,-81.214
1658.69,-83.010
1658.94,-81.809
1659.18,-82.226
1659.42,-81.955
1659.67,-83.093
1659.91,-82.753
1660.16,-84.358
1660.40,-80.808
1660.64,-84.319
1660.89,-82.358
1661.13,-83.679
1661.38,-82.362
1661.62,-84.105
1661.87,-81.638
1662.11,-83.176
1662.35,-84.044
1662.60,-84.809
1662.84,-83.234
1663.09,-84.577
1663.33,-82.803
1663.57,-80.266
1663.82,-82.701
1664.06,-84.992
1664.31,-83.373
1664.55,-84.551
1664.79,-84.305
1665.04,-84.581
1665.28,-81.899
1665.53,-81.897
1665.77,-82.747
1666.02,-81.906
1666.26,-82.343
1666.50,-81.466
1666.75,-82.340
1666.99,-81.431
1667.24,-84.541
1667.48,-81.689
1667.72,-84.240
1667.97,-83.076
1668.21,-82.397
1668.46,-82.439
1668.70,-84.417
1668.95,-81.544
1669.19,-83.970
1669.43,-82.495
1669.68,-81.425
1669.92,-81.279
1670.17,-85.097
1670.41,-81.887
1670.65,-79.650
1670.90,-83.446
1671.14,-81.440
1671.39,-81.247
1671.63,-83.633
1671.88,-82.703
1672.12,-84.923
1672.36,-81.595
1672.61,-83.242
1672.85,-84.094
1673.10,-85.698
1673.34,-81.829
1673.58,-83.657
1673.83,-84.458
1674.07,-81.933
1674.32,-85.992
1674.56,-82.563
1674.80,-82.643
1675.05,-84.373
1675.29,-84.008
1675.54,-82.904
1675.78,-85.641
1676.03,-82.135
1676.27,-84.904
1676.51,-82.430
1676.76,-85.159
1677.00,-83.603
1677.25,-81.804
1677.49,-83.532
1677.73,-85.324
1677.98,-84.901
1678.22,-84.864
1678.47,-83.340
1678.71,-85.121
1678.96,-84.375
1679.20,-86.989
1679.44,-85.422
1679.69,-84.915
1679.93,-85.368
1680.18,-83.046
1680.42,-83.280
1680.66,-82.006
1680.91,-83.188
1681.15,-84.560
1681.40,-84.942
1681.64,-84.577
1681.88,-82.919
1682.13,-83.151
1682.37,-82.662
1682.62,-82.518
1682.86,-86.650
1683.11,-84.911
1683.35,-82.253
1683.59,-85.302
1683.84,-85.222
1684.08,-81.891
1684.33,-82.536
1684.57,-82.148
1684.81,-81.897
1685.06,-83.930
1685.30,-82.736
1685.55,-83.398
1685.79,-85.922
1686.04,-82.760
1686.28,-84.434
1686.52,-82.046
1686.77,-83.190
1687.01,-85.433
1687.26,-84.241
1687.50,-84.024
1687.74,-82.122
1687.99,-83.697
1688.23,-82.518
1688.48,-84.185
1688.72,-84.294
1688.96,-81.784
1689.21,-83.297
1689.45,-81.871
1689.70,-84.864
1689.94,-84.576
1690.19,-83.869
1690.43,-84.555
1690.67,-83.777
1690.92,-83.820
1691.16,-83.230
1691.41,-84.066
1691.65,-84.820
1691.89,-84.242
1692.14,-83.002
1692.38,-83.980
1692.63,-83.880
1692.87,-83.842
1693.12,-83.347
1693.36,-84.058
1693.60,-84.278
1693.85,-86.957
1694.09,-83.310
1694.34,-85.941
1694.58,-87.255
1694.82,-85.629
1695.07,-84.206
1695.31,-83.254
1695.56,-83.039
1695.80,-84.050
1696.04,-85.212
1696.29,-84.848
1696.53,-83.618
1696.78,-85.556
1697.02,-84.146
1697.27,-84.784
1697.51,-86.420
1697.75,-85.477
1698.00,-83.070
1698.24,-84.893
1698.49,-81.831
1698.73,-82.255
1698.97,-82.446
1699.22,-86.076
1699.46,-88.463
1699.71,-86.474
1699.95,-84.862
1700.20,-84.996
1700.44,-81.764
1700.68,-84.424
1700.93,-83.887
1701.17,-83.282
1701.42,-82.193
1701.66,-82.533
1701.90,-81.504
1702.15,-83.839
1702.39,-83.152
1702.64,-83.486
1702.88,-84.233
1703.12,-86.284
1703.37,-87.173
1703.61,-83.478
1703.86,-82.189
1704.10,-84.246
1704.35,-85.225
1704.59,-83.905
1704.83,-83.438
1705.08,-84.641
1705.32,-84.606
1705.57,-84.371
1705.81,-85.563
1706.05,-83.022
1706.30,-83.295
1706.54,-83.094
1706.79,-84.528
1707.03,-86.240
1707.28,-84.523
1707.52,-85.507
1707.76,-85.429
1708.01,-86.681
1708.25,-84.500
1708.50,-85.167
1708.74,-83.004
1708.98,-84.738
1709.23,-84.041
1709.47,-85.008
1709.72,-85.867
1709.96,-84.562
1710.21,-84.081
1710.45,-84.626
1710.69,-84.739
1710.94,-84.386
1711.18,-86.095
1711.43,-85.123
1711.67,-82.832
1711.91,-84.365
1712.16,-83.952
1712.40,-86.065
1712.65,-86.014
1712.89,-84.556
1713.13,-84.407
1713.38,-82.143
1713.62,-84.689
1713.87,-84.231
1714.11,-86.183
1714.36,-84.848
1714.60,-83.125
1714.84,-86.380
1715.09,-83.920
1715.33,-82.814
1715.58,-85.969
1715.82,-84.896
1716.06,-83.783
1716.31,-85.550
1716.55,-85.421
1716.80,-84.553
1717.04,-86.231
1717.29,-85.524
1717.53,-84.969
1717.77,-84.276
1718.02,-84.281
1718.26,-82.183
1718.51,-82.628
1718.75,-83.462
1718.99,-87.829
1719.24,-85.732
1719.48,-85.126
1719.73,-85.809
1719.97,-85.472
1720.21,-86.231
1720.46,-84.735
1720.70,-84.717
1720.95,-83.046
1721.19,-84.361
1721.44,-81.802
1721.68,-86.268
1721.92,-84.971
1722.17,-84.719
1722.41,-84.525
1722.66,-84.063
1722.90,-85.282
1723.14,-84.579
1723.39,-83.808
1723.63,-85.610
1723.88,-86.563
1724.12,-86.384
1724.37,-87.607
1724.61,-85.614
1724.85,-86.194
1725.10,-85.821
1725.34,-87.050
1725.59,-86.983
1725.83,-85.051
1726.07,-86.338
1726.32,-81.927
1726.56,-82.728
1726.81,-85.894
1727.05,-85.080
1727.29,-87.043
1727.54,-85.686
1727.78,-84.739
1728.03,-85.140
1728.27,-87.042
1728.52,-88.235
1728.76,-84.800
1729.00,-84.525
1729.25,-82.724
1729.49,-82.605
1729.74,-86.030
1729.98,-87.804
1730.22,-86.484
1730.47,-85.908
1730.71,-85.832
1730.96,-82.877
1731.20,-85.435
1731.45,-82.877
1731.69,-83.592
1731.93,-87.067
1732.18,-83.533
1732.42,-84.370
1732.67,-83.209
1732.91,-84.047
1733.15,-85.413
1733.40,-87.089
1733.64,-82.179
1733.89,-82.256
1734.13,-83.582
1734.38,-85.905
1734.62,-86.934
1734.86,-84.387
1735.11,-85.899
1735.35,-87.220
1735.60,-84.123
1735.84,-84.623
1736.08,-86.295
1736.33,-85.696
1736.57,-84.260
1736.82,-83.970
1737.06,-85.741
1737.30,-85.778
1737.55,-83.204
1737.79,-85.522
1738.04,-83.643
1738.28,-85.060
1738.53,-84.873
1738.77,-84.752
1739.01,-83.896
1739.26,-84.423
1739.50,-86.169
1739.75,-87.032
1739.99,-84.128
1740.23,-83.648
1740.48,-84.411
1740.72,-84.548
1740.97,-85.103
1741.21,-84.790
1741.46,-85.340
1741.70,-85.751
1741.94,-84.274
1742.19,-82.738
1742.43,-85.843
1742.68,-85.570
1742.92,-83.749
1743.16,-86.743
1743.41,-86.231
1743.65,-83.617
1743.90,-83.029
1744.14,-85.245
1744.38,-86.101
1744.63,-86.164
1744.87,-87.614
1745.12,-83.952
1745.36,-86.289
1745.61,-85.109
1745.85,-84.461
1746.09,-82.882
1746.34,-85.897
1746.58,-86.029
1746.83,-87.941
1747.07,-84.327
1747.31,-84.372
1747.56,-81.653
1747.80,-85.537
1748.05,-86.452
1748.29,-84.423
1748.54,-85.072
1748.78,-85.952
1749.02,-83.773
1749.27,-86.657
1749.51,-83.665
1749.76,-86.299
1750.00,-84.830
1750.24,-86.403
1750.49,-86.889
1750.73,-82.814
1750.98,-85.372
1751.22,-87.870
1751.46,-83.572
1751.71,-85.866
1751.95,-86.604
1752.20,-86.100
1752.44,-83.827
1752.69,-85.046
1752.93,-83.798
1753.17,-82.648
1753.42,-86.580
1753.66,-83.548
1753.91,-82.654
1754.15,-87.514
1754.39,-85.155
1754.64,-87.793
1754.88,-85.997
1755.13,-84.035
1755.37,-83.250
1755.62,-86.747
1755.86,-85.127
1756.10,-85.197
1756.35,-86.018
1756.59,-84.903
1756.84,-84.121
1757.08,-83.974
1757.32,-86.301
1757.57,-85.312
1757.81,-84.111
1758.06,-84.856
1758.30,-86.550
1758.54,-83.707
1758.79,-84.978
1759.03,-84.247
1759.28,-84.129
1759.52,-85.434
1759.77,-85.946
1760.01,-84.229
1760.25,-85.380
1760.50,-84.918
1760.74,-86.700
1760.99,-87.043
1761.23,-86.066
1761.47,-83.442
1761.72,-86.526
1761.96,-85.457
1762.21,-85.066
1762.45,-85.668
1762.70,-83.856
1762.94,-86.197
1763.18,-86.313
1763.43,-85.973
1763.67,-84.694
1763.92,-85.433
1764.16,-86.143
1764.40,-87.453
1764.65,-84.511
1764.89,-83.935
1765.14,-84.941
1765.38,-85.488
1765.62,-85.889
1765.87,-87.564
1766.11,-84.080
1766.36,-85.780
1766.60,-84.232
1766.85,-84.718
1767.09,-84.865
1767.33,-86.843
1767.58,-86.720
1767.82,-86.780
1768.07,-85.281
1768.31,-83.449
1768.55,-82.725
1768.80,-85.075
1769.04,-85.119
1769.29,-86.292
1769.53,-87.764
1769.78,-85.488
1770.02,-85.829
1770.26,-86.341
1770.51,-84.443
1770.75,-83.886
1771.00,-84.602
1771.24,-86.367
1771.48,-85.399
1771.73,-84.696
1771.97,-85.873
1772.22,-84.968
1772.46,-84.590
1772.71,-85.862
1772.95,-84.558
1773.19,-83.712
1773.44,-83.576
1773.68,-84.931
1773.93,-86.314
1774.17,-82.888
1774.41,-84.760
1774.66,-87.017
1774.90,-86.904
1775.15,-87.357
1775.39,-82.905
1775.63,-83.738
1775.88,-85.383
1776.12,-86.308
1776.37,-84.439
1776.61,-85.036
1776.86,-85.229
1777.10,-86.024
1777.34,-84.937
1777.59,-86.086
1777.83,-86.561
1778.08,-86.699
1778.32,-85.631
1778.56,-85.418
1778.81,-82.825
1779.05,-85.906
1779.30,-86.425
1779.54,-86.742
1779.79,-85.323
1780.03,-85.910
1780.27,-85.732
1780.52,-84.632
1780.76,-86.225
1781.01,-83.294
1781.25,-85.322
1781.49,-86.835
1781.74,-87.928
1781.98,-88.072
1782.23,-85.192
1782.47,-87.268
1782.71,-86.137
1782.96,-84.993
1783.20,-87.981
1783.45,-84.428
1783.69,-86.684
1783.94,-86.261
1784.18,-84.344
1784.42,-85.617
1784.67,-86.764
1784.91,-86.357
1785.16,-84.688
1785.40,-85.148
1785.64,-84.434
1785.89,-85.612
1786.13,-86.980
1786.38,-88.584
1786.62,-86.634
1786.87,-84.173
1787.11,-86.018
1787.35,-85.184
1787.60,-83.354
1787.84,-85.578
1788.09,-87.135
1788.33,-87.465
1788.57,-86.006
1788.82,-86.429
1789.06,-85.132
1789.31,-85.559
1789.55,-86.989
1789.79,-85.553
1790.04,-84.738
1790.28,-82.431
1790.53,-83.519
1790.77,-84.569
1791.02,-83.668
1791.26,-84.710
1791.50,-85.034
1791.75,-84.966
1791.99,-87.210
1792.24,-84.300
1792.48,-85.807
1792.72,-86.749
1792.97,-85.951
1793.21,-84.374
1793.46,-84.965
1793.70,-87.808
1793.95,-86.672
1794.19,-86.694
1794.43,-85.337
1794.68,-84.412
1794.92,-85.609
1795.17,-83.719
1795.41,-84.667
1795.65,-87.176
1795.90,-86.732
1796.14,-86.745
1796.39,-84.901
1796.63,-86.167
1796.88,-84.546
1797.12,-85.746
1797.36,-84.653
1797.61,-85.772
1797.85,-84.298
1798.10,-85.585
1798.34,-83.572
1798.58,-83.245
1798.83,-84.428
1799.07,-85.424
1799.32,-84.359
1799.56,-84.370
1799.80,-85.687
1800.05,-88.187
1800.29,-84.901
1800.54,-86.492
1800.78,-85.146
1801.03,-86.078
1801.27,-88.658
1801.51,-88.786
1801.76,-86.275
1802.00,-84.607
1802.25,-88.409
1802.49,-83.728
1802.73,-84.748
1802.98,-84.825
1803.22,-85.658
1803.47,-86.367
1803.71,-86.281
1803.96,-84.798
1804.20,-85.877
1804.44,-85.693
1804.69,-86.414
1804.93,-86.200
1805.18,-85.580
1805.42,-86.096
1805.66,-86.052
1805.91,-84.830
1806.15,-87.465
1806.40,-83.847
1806.64,-85.558
1806.88,-81.969
1807.13,-84.060
1807.37,-84.768
1807.62,-86.918
1807.86,-86.147
1808.11,-83.775
1808.35,-84.661
1808.59,-84.311
1808.84,-86.945
1809.08,-84.444
1809.33,-84.347
1809.57,-84.321
1809.81,-84.487
1810.06,-87.179
1810.30,-84.235
1810.55,-85.562
1810.79,-85.378
1811.04,-85.533
1811.28,-87.181
1811.52,-86.284
1811.77,-85.316
1812.01,-85.761
1812.26,-84.416
1812.50,-82.756
1812.74,-85.052
1812.99,-88.571
1813.23,-84.926
1813.48,-86.316
1813.72,-86.927
1813.96,-85.127
1814.21,-85.481
1814.45,-85.485
1814.70,-84.034
1814.94,-87.181
1815.19,-85.787
1815.43,-87.080
1815.67,-88.097
1815.92,-85.990
1816.16,-87.477
1816.41,-86.249
1816.65,-84.568
1816.89,-84.423
1817.14,-84.349
1817.38,-84.534
1817.63,-88.050
1817.87,-86.335
1818.12,-86.383
1818.36,-83.512
1818.60,-84.722
1818.85,-88.622
1819.09,-83.186
1819.34,-83.772
1819.58,-82.886
1819.82,-85.263
1820.07,-85.831
1820.31,-86.638
1820.56,-86.083
1820.80,-85.357
1821.04,-83.542
1821.29,-84.810
1821.53,-85.087
1821.78,-86.699
1822.02,-86.082
1822.27,-84.416
1822.51,-85.012
1822.75,-84.796
1823.00,-83.241
1823.24,-85.307
1823.49,-83.610
1823.73,-85.562
1823.97,-89.446
1824.22,-85.475
1824.46,-85.874
1824.71,-84.187
1824.95,-87.330
1825.20,-86.235
1825.44,-84.834
1825.68,-83.560
1825.93,-88.270
1826.17,-86.085
1826.42,-84.630
1826.66,-84.693
1826.90,-85.158
1827.15,-85.043
1827.39,-85.237
1827.64,-85.914
1827.88,-86.051
1828.12,-86.493
1828.37,-86.611
1828.61,-84.521
1828.86,-86.337
1829.10,-83.676
1829.35,-84.401
1829.59,-86.576
1829.83,-86.279
1830.08,-85.985
1830.32,-85.743
1830.57,-85.625
1830.81,-85.690
1831.05,-83.456
1831.30,-85.212
1831.54,-83.212
1831.79,-85.635
1832.03,-85.261
1832.28,-84.371
1832.52,-85.387
1832.76,-85.213
1833.01,-84.413
1833.25,-86.444
1833.50,-83.516
1833.74,-86.418
1833.98,-85.217
1834.23,-84.185
1834.47,-85.703
1834.72,-86.605
1834.96,-85.149
1835.21,-86.679
1835.45,-88.254
1835.69,-84.782
1835.94,-86.282
1836.18,-86.680
1836.43,-87.257
1836.67,-85.967
1836.91,-85.801
1837.16,-85.517
1837.40,-84.886
1837.65,-85.100
1837.89,-84.647
1838.13,-84.562
1838.38,-87.146
1838.62,-85.164
1838.87,-85.881
1839.11,-84.708
1839.36,-82.694
1839.60,-85.356
1839.84,-86.284
1840.09,-85.960
1840.33,-83.578
1840.58,-85.630
1840.82,-85.900
1841.06,-87.627
1841.31,-88.036
1841.55,-83.642
1841.80,-85.955
1842.04,-85.351
1842.29,-87.101
1842.53,-86.324
1842.77,-86.759
1843.02,-86.125
1843.26,-86.940
1843.51,-85.786
1843.75,-86.586
1843.99,-84.646
1844.24,-86.480
1844.48,-84.980
1844.73,-85.599
1844.97,-88.336
1845.21,-84.157
1845.46,-84.090
1845.70,-85.774
1845.95,-84.625
1846.19,-85.308
1846.44,-87.313
1846.68,-83.508
1846.92,-84.672
1847.17,-83.794
1847.41,-85.133
1847.66,-84.805
1847.90,-85.703
1848.14,-84.250
1848.39,-83.990
1848.63,-84.890
1848.88,-84.149
1849.12,-85.943
1849.37,-85.123
1849.61,-86.075
1849.85,-88.140
1850.10,-85.017
1850.34,-85.495
1850.59,-83.034
1850.83,-85.677
1851.07,-84.678
1851.32,-85.438
1851.56,-85.181
1851.81,-86.668
1852.05,-85.036
1852.29,-86.642
1852.54,-86.438
1852.78,-86.072
1853.03,-85.407
1853.27,-85.542
1853.52,-87.032
1853.76,-83.833
1854.00,-84.404
1854.25,-84.975
1854.49,-83.515
1854.74,-83.709
1854.98,-85.707
1855.22,-83.788
1855.47,-84.327
1855.71,-83.034
1855.96,-84.622
1856.20,-85.300
1856.45,-86.190
1856.69,-86.937
1856.93,-85.963
1857.18,-86.290
1857.42,-86.519
1857.67,-86.018
1857.91,-88.089
1858.15,-86.389
1858.40,-86.340
1858.64,-85.484
1858.89,-85.569
1859.13,-82.215
1859.38,-85.263
1859.62,-85.908
1859.86,-86.420
1860.11,-86.857
1860.35,-86.626
1860.60,-85.552
1860.84,-85.190
1861.08,-84.931
1861.33,-86.034
1861.57,-85.730
1861.82,-81.919
1862.06,-86.631
1862.30,-84.818
1862.55,-84.750
1862.79,-84.847
1863.04,-85.743
1863.28,-83.638
1863.53,-84.970
1863.77,-86.683
1864.01,-88.102
1864.26,-85.818
1864.50,-84.535
1864.75,-87.681
1864.99,-86.027
1865.23,-88.033
1865.48,-87.339
1865.72,-83.447
1865.97,-85.367
1866.21,-85.997
1866.46,-84.131
1866.70,-84.130
1866.94,-86.274
1867.19,-83.393
1867.43,-84.458
1867.68,-85.126
1867.92,-84.433
1868.16,-85.877
1868.41,-84.387
1868.65,-84.022
1868.90,-86.426
1869.14,-83.973
1869.38,-85.457
1869.63,-86.902
1869.87,-86.140
1870.12,-85.887
1870.36,-85.325
1870.61,-86.255
1870.85,-86.041
1871.09,-85.290
1871.34,-83.855
1871.58,-87.347
1871.83,-85.117
1872.07,-85.204
1872.31,-86.833
1872.56,-86.670
1872.80,-85.850
1873.05,-85.318
1873.29,-83.922
1873.54,-86.538
1873.78,-84.137
1874.02,-86.049
1874.27,-83.642
1874.51,-85.416
1874.76,-86.458
1875.00,-86.275
1875.24,-84.477
1875.49,-86.120
1875.73,-85.295
1875.98,-84.476
1876.22,-83.884
1876.46,-85.840
1876.71,-83.353
1876.95,-86.344
1877.20,-85.425
1877.44,-84.759
1877.69,-87.036
1877.93,-83.574
1878.17,-86.457
1878.42,-86.886
1878.66,-84.230
1878.91,-84.034
1879.15,-84.814
1879.39,-84.188
1879.64,-84.103
1879.88,-86.036
1880.13,-86.502
1880.37,-85.074
1880.62,-86.213
1880.86,-85.507
1881.10,-85.992
1881.35,-85.944
1881.59,-83.282
1881.84,-83.464
1882.08,-86.550
1882.32,-85.209
1882.57,-89.097
1882.81,-86.474
1883.06,-82.809
1883.30,-83.994
1883.54,-86.310
1883.79,-85.132
1884.03,-84.423
1884.28,-82.474
1884.52,-85.113
1884.77,-84.795
1885.01,-84.416
1885.25,-85.924
1885.50,-85.733
1885.74,-85.438
1885.99,-85.237
1886.23,-83.658
1886.47,-87.694
1886.72,-85.568
1886.96,-84.730
1887.21,-87.726
1887.45,-85.767
1887.70,-86.862
1887.94,-85.948
1888.18,-87.143
1888.43,-83.910
1888.67,-85.229
1888.92,-85.161
1889.16,-84.427
1889.40,-85.582
1889.65,-85.428
1889.89,-85.058
1890.14,-85.847
1890.38,-85.070
1890.62,-84.021
1890.87,-84.870
1891.11,-83.643
1891.36,-82.907
1891.60,-85.123
1891.85,-85.568
1892.09,-86.057
1892.33,-86.935
1892.58,-87.309
1892.82,-83.374
1893.07,-84.393
1893.31,-83.577
1893.55,-81.991
1893.80,-86.024
1894.04,-85.770
1894.29,-87.355
1894.53,-84.905
1894.78,-85.612
1895.02,-86.859
1895.26,-84.765
1895.51,-85.938
1895.75,-84.122
1896.00,-85.651
1896.24,-84.526
1896.48,-83.839
1896.73,-85.030
1896.97,-84.297
1897.22,-85.775
1897.46,-83.890
1897.71,-86.337
1897.95,-85.452
1898.19,-86.555
1898.44,-87.230
1898.68,-85.741
1898.93,-85.357
1899.17,-85.004
1899.41,-87.213
1899.66,-84.708
1899.90,-84.994
1900.15,-85.493
1900.39,-85.065
1900.63,-83.802
1900.88,-86.391
1901.12,-85.165
1901.37,-86.075
1901.61,-82.548
1901.86,-84.774
1902.10,-81.474
1902.34,-84.787
1902.59,-85.855
1902.83,-84.676
1903.08,-85.788
1903.32,-85.279
1903.56,-85.071
1903.81,-84.672
1904.05,-86.358
1904.30,-83.948
1904.54,-87.148
1904.79,-84.867
1905.03,-87.992
1905.27,-85.044
1905.52,-85.923
1905.76,-82.969
1906.01,-84.712
1906.25,-84.715
1906.49,-87.753
1906.74,-83.743
1906.98,-83.203
1907.23,-83.186
1907.47,-81.984
1907.71,-83.333
1907.96,-86.668
1908.20,-83.985
1908.45,-84.691
1908.69,-81.693
1908.94,-83.519
1909.18,-84.723
1909.42,-83.160
1909.67,-85.695
1909.91,-86.190
1910.16,-86.294
1910.40,-84.718
1910.64,-83.351
1910.89,-83.873
1911.13,-85.170
1911.38,-88.865
1911.62,-85.855
1911.87,-84.051
1912.11,-83.926
1912.35,-84.960
1912.60,-85.757
1912.84,-82.281
1913.09,-81.738
1913.33,-84.237
1913.57,-84.930
1913.82,-85.047
1914.06,-85.645
1914.31,-82.966
1914.55,-83.071
1914.79,-83.574
1915.04,-85.835
1915.28,-85.436
1915.53,-84.313
1915.77,-82.338
1916.02,-87.079
1916.26,-85.408
1916.50,-82.509
1916.75,-83.978
1916.99,-83.063
1917.24,-82.294
1917.48,-85.534
1917.72,-83.989
1917.97,-84.037
1918.21,-84.427
1918.46,-84.111
1918.70,-85.130
1918.95,-87.173
1919.19,-86.416
1919.43,-85.560
1919.68,-85.959
1919.92,-86.290
1920.17,-84.807
1920.41,-83.438
1920.65,-84.086
1920.90,-82.346
1921.14,-84.567
1921.39,-84.380
1921.63,-84.202
1921.88,-82.542
1922.12,-81.980
1922.36,-83.337
1922.61,-82.519
1922.85,-85.189
1923.10,-84.496
1923.34,-82.369
1923.58,-82.524
1923.83,-84.891
1924.07,-84.981
1924.32,-84.051
1924.56,-83.766
1924.80,-85.965
1925.05,-86.159
1925.29,-86.906
1925.54,-85.292
1925.78,-83.551
1926.03,-84.858
1926.27,-85.054
1926.51,-83.852
1926.76,-86.505
1927.00,-83.608
1927.25,-83.975
1927.49,-84.904
1927.73,-82.671
1927.98,-83.102
1928.22,-83.149
1928.47,-85.379
1928.71,-84.323
1928.96,-85.365
1929.20,-81.555
1929.44,-85.640
1929.69,-86.054
1929.93,-84.700
1930.18,-83.554
1930.42,-85.537
1930.66,-83.177
1930.91,-85.527
1931.15,-85.150
1931.40,-82.735
1931.64,-84.931
1931.88,-86.000
1932.13,-84.455
1932.37,-83.709
1932.62,-84.992
1932.86,-82.210
1933.11,-81.848
1933.35,-84.104
1933.59,-86.238
1933.84,-83.226
1934.08,-84.495
1934.33,-84.927
1934.57,-82.890
1934.81,-85.358
1935.06,-86.553
1935.30,-83.563
1935.55,-85.647
1935.79,-85.088
1936.04,-85.247
1936.28,-82.365
1936.52,-87.869
1936.77,-86.834
1937.01,-84.354
1937.26,-84.028
1937.50,-83.091
1937.74,-85.302
1937.99,-85.926
1938.23,-83.033
1938.48,-84.782
1938.72,-86.252
1938.96,-84.755
1939.21,-83.001
1939.45,-81.895
1939.70,-82.166
1939.94,-82.670
1940.19,-82.745
1940.43,-83.639
1940.67,-84.002
1940.92,-85.731
1941.16,-85.359
1941.41,-85.166
1941.65,-81.107
1941.89,-84.899
1942.14,-86.775
1942.38,-84.482
1942.63,-83.663
1942.87,-82.251
1943.12,-83.181
1943.36,-83.361
1943.60,-85.044
1943.85,-83.376
1944.09,-83.970
1944.34,-85.369
1944.58,-85.529
1944.82,-84.126
1945.07,-84.972
1945.31,-80.981
1945.56,-82.277
1945.80,-82.153
1946.04,-82.470
1946.29,-82.668
1946.53,-83.499
1946.78,-84.514
1947.02,-82.216
1947.27,-84.241
1947.51,-83.808
1947.75,-85.117
1948.00,-81.031
1948.24,-84.533
1948.49,-82.933
1948.73,-83.011
1948.97,-83.511
1949.22,-82.971
1949.46,-85.690
1949.71,-84.833
1949.95,-82.329
1950.20,-82.292
1950.44,-83.007
1950.68,-83.158
1950.93,-86.532
1951.17,-83.768
1951.42,-83.796
1951.66,-83.073
1951.90,-83.325
1952.15,-84.641
1952.39,-84.218
1952.64,-83.083
1952.88,-82.945
1953.12,-85.074
1953.37,-86.985
1953.61,-81.970
1953.86,-83.503
1954.10,-84.770
1954.35,-86.521
1954.59,-88.204
1954.83,-81.289
1955.08,-84.289
1955.32,-86.806
1955.57,-84.240
1955.81,-82.507
1956.05,-85.495
1956.30,-83.231
1956.54,-84.851
1956.79,-86.735
1957.03,-84.851
1957.28,-85.991
1957.52,-84.920
1957.76,-85.403
1958.01,-83.119
1958.25,-82.147
1958.50,-82.998
1958.74,-84.324
1958.98,-81.981
1959.23,-83.979
1959.47,-82.872
1959.72,-84.672
1959.96,-82.764
1960.21,-82.299
1960.45,-84.069
1960.69,-82.916
1960.94,-81.097
1961.18,-81.811
1961.43,-85.756
1961.67,-84.524
1961.91,-85.884
1962.16,-82.420
1962.40,-82.784
1962.65,-85.116
1962.89,-82.771
1963.13,-82.943
1963.38,-83.405
1963.62,-81.799
1963.87,-83.896
1964.11,-83.517
1964.36,-81.881
1964.60,-82.144
1964.84,-82.807
1965.09,-83.532
1965.33,-82.292
1965.58,-83.658
1965.82,-83.441
1966.06,-86.499
1966.31,-85.912
1966.55,-85.903
1966.80,-84.100
1967.04,-82.098
1967.29,-83.809
1967.53,-86.148
1967.77,-83.662
1968.02,-83.781
1968.26,-85.531
1968.51,-83.842
1968.75,-81.719
1968.99,-83.002
1969.24,-81.941
1969.48,-80.631
1969.73,-81.882
1969.97,-81.586
1970.21,-82.638
1970.46,-86.532
1970.70,-82.013
1970.95,-83.400
1971.19,-84.302
1971.44,-84.378
1971.68,-84.051
1971.92,-81.400
1972.17,-82.986
1972.41,-83.819
1972.66,-83.260
1972.90,-83.271
1973.14,-84.235
1973.39,-82.838
1973.63,-84.695
1973.88,-83.722
1974.12,-82.790
1974.37,-83.520
1974.61,-81.795
1974.85,-82.104
1975.10,-84.936
1975.34,-85.476
1975.59,-85.490
1975.83,-86.104
1976.07,-83.063
1976.32,-81.488
1976.56,-81.995
1976.81,-81.646
1977.05,-83.962
1977.29,-84.701
1977.54,-85.006
1977.78,-83.187
1978.03,-85.316
1978.27,-84.622
1978.52,-83.487
1978.76,-81.869
1979.00,-83.503
1979.25,-83.933
1979.49,-82.816
1979.74,-82.583
1979.98,-86.199
1980.22,-84.537
1980.47,-83.121
1980.71,-82.282
1980.96,-82.701
1981.20,-84.260
1981.45,-83.264
1981.69,-83.832
1981.93,-79.768
1982.18,-85.533
1982.42,-81.513
1982.67,-82.396
1982.91,-83.644
1983.15,-84.461
1983.40,-83.153
1983.64,-83.976
1983.89,-83.567
1984.13,-82.664
1984.38,-83.328
1984.62,-83.488
1984.86,-82.179
1985.11,-84.587
1985.35,-83.173
1985.60,-84.656
1985.84,-81.663
1986.08,-81.660
1986.33,-83.664
1986.57,-81.240
1986.82,-83.061
1987.06,-82.466
1987.30,-81.506
1987.55,-80.887
1987.79,-82.996
1988.04,-83.416
1988.28,-83.771
1988.53,-82.021
1988.77,-82.709
1989.01,-83.214
1989.26,-85.336
1989.50,-82.998
1989.75,-83.751
1989.99,-81.733
1990.23,-81.728
1990.48,-83.303
1990.72,-83.797
1990.97,-82.571
1991.21,-81.861
1991.46,-82.770
1991.70,-86.073
1991.94,-82.842
1992.19,-81.860
1992.43,-82.777
1992.68,-87.332
1992.92,-82.132
1993.16,-84.160
1993.41,-84.382
1993.65,-83.160
1993.90,-82.254
1994.14,-80.233
1994.38,-83.846
1994.63,-82.955
1994.87,-81.566
1995.12,-85.624
1995.36,-80.941
1995.61,-81.152
1995.85,-82.120
1996.09,-84.688
1996.34,-83.635
1996.58,-83.255
1996.83,-81.200
1997.07,-82.853
1997.31,-82.806
1997.56,-82.355
1997.80,-82.986
1998.05,-85.058
1998.29,-80.919
1998.54,-80.715
1998.78,-81.830
1999.02,-82.102
1999.27,-84.095
1999.51,-82.792
1999.76,-83.206
2000.00,-82.141
2000.24,-83.924
2000.49,-84.291
2000.73,-84.361
2000.98,-81.976
2001.22,-84.779
2001.46,-81.024
2001.71,-79.820
2001.95,-84.142
2002.20,-83.145
2002.44,-81.782
2002.69,-82.778
2002.93,-83.020
2003.17,-84.355
2003.42,-84.983
2003.66,-82.412
2003.91,-79.341
2004.15,-81.513
2004.39,-82.363
2004.64,-83.335
2004.88,-80.946
2005.13,-82.715
2005.37,-84.363
2005.62,-84.877
2005.86,-84.991
2006.10,-84.937
2006.35,-81.533
2006.59,-83.563
2006.84,-81.807
2007.08,-83.507
2007.32,-82.507
2007.57,-82.636
2007.81,-81.749
2008.06,-83.819
2008.30,-83.126
2008.54,-81.914
2008.79,-81.482
2009.03,-82.569
2009.28,-82.021
2009.52,-83.638
2009.77,-83.446
2010.01,-85.737
2010.25,-81.804
2010.50,-84.702
2010.74,-80.539
2010.99,-81.225
2011.23,-84.411
2011.47,-82.143
2011.72,-82.805
2011.96,-81.301
2012.21,-81.090
2012.45,-82.387
2012.70,-83.042
2012.94,-82.669
2013.18,-83.078
2013.43,-83.076
2013.67,-80.823
2013.92,-81.548
2014.16,-81.937
2014.40,-82.002
2014.65,-82.700
2014.89,-81.259
2015.14,-81.900
2015.38,-80.750
2015.62,-82.899
2015.87,-81.887
2016.11,-81.143
2016.36,-82.157
2016.60,-82.854
2016.85,-82.832
2017.09,-81.961
2017.33,-82.349
2017.58,-81.320
2017.82,-82.501
2018.07,-80.794
2018.31,-82.271
2018.55,-80.866
2018.80,-82.364
2019.04,-82.977
2019.29,-82.176
2019.53,-83.180
2019.78,-83.167
2020.02,-80.463
2020.26,-82.278
2020.51,-83.435
2020.75,-82.912
2021.00,-82.765
2021.24,-83.783
2021.48,-83.041
2021.73,-81.925
2021.97,-79.455
2022.22,-84.633
2022.46,-82.438
2022.71,-82.156
2022.95,-84.115
2023.19,-82.158
2023.44,-83.259
2023.68,-81.596
2023.93,-80.766
2024.17,-82.582
2024.41,-81.461
2024.66,-79.976
2024.90,-80.812
2025.15,-81.438
2025.39,-84.036
2025.63,-81.150
2025.88,-81.450
2026.12,-80.892
2026.37,-81.345
2026.61,-83.198
2026.86,-86.052
2027.10,-84.293
2027.34,-82.203
2027.59,-83.003
2027.83,-80.672
2028.08,-81.042
2028.32,-84.115
2028.56,-80.410
2028.81,-80.923
2029.05,-81.487
2029.30,-80.463
2029.54,-81.574
2029.79,-82.947
2030.03,-81.974
2030.27,-81.820
2030.52,-80.667
2030.76,-82.710
2031.01,-84.047
2031.25,-82.191
2031.49,-80.320
2031.74,-80.259
2031.98,-79.568
2032.23,-80.778
2032.47,-80.469
2032.71,-82.096
2032.96,-79.141
2033.20,-81.851
2033.45,-80.128
2033.69,-80.116
2033.94,-81.098
2034.18,-82.784
2034.42,-79.665
2034.67,-83.185
2034.91,-82.110
2035.16,-82.179
2035.40,-83.267
2035.64,-81.470
2035.89,-78.916
2036.13,-80.268
2036.38,-80.421
2036.62,-81.800
2036.87,-83.307
2037.11,-82.096
2037.35,-81.834
2037.60,-81.603
2037.84,-81.834
2038.09,-83.209
2038.33,-82.842
2038.57,-81.868
2038.82,-81.912
2039.06,-82.152
2039.31,-79.331
2039.55,-78.292
2039.79,-79.939
2040.04,-81.911
2040.28,-82.129
2040.53,-81.819
2040.77,-80.881
2041.02,-79.744
2041.26,-81.525
2041.50,-82.069
2041.75,-80.340
2041.99,-84.074
2042.24,-80.491
2042.48,-78.460
2042.72,-80.576
2042.97,-80.825
2043.21,-82.837
2043.46,-84.332
2043.70,-81.312
2043.95,-81.704
2044.19,-78.963
2044.43,-81.761
2044.68,-79.797
2044.92,-80.937
2045.17,-83.289
2045.41,-79.549
2045.65,-82.316
2045.90,-82.281
2046.14,-82.340
2046.39,-80.372
2046.63,-79.763
2046.88,-80.696
2047.12,-80.886
2047.36,-82.385
2047.61,-79.801
2047.85,-83.018
2048.10,-81.279
2048.34,-80.116
2048.58,-78.717
2048.83,-80.013
2049.07,-79.480
2049.32,-81.718
2049.56,-83.402
2049.80,-80.472
2050.05,-79.663
2050.29,-79.347
2050.54,-82.139
2050.78,-81.534
2051.03,-81.289
2051.27,-80.953
2051.51,-81.356
2051.76,-79.410
2052.00,-81.171
2052.25,-82.886
2052.49,-81.200
2052.73,-81.291
2052.98,-81.605
2053.22,-81.515
2053.47,-78.696
2053.71,-81.743
2053.96,-83.025
2054.20,-81.254
2054.44,-82.944
2054.69,-81.116
2054.93,-79.156
2055.18,-82.639
2055.42,-80.371
2055.66,-79.723
2055.91,-81.600
2056.15,-81.922
2056.40,-81.894
2056.64,-79.665
2056.88,-81.916
2057.13,-80.329
2057.37,-78.130
2057.62,-82.794
2057.86,-80.997
2058.11,-81.194
2058.35,-79.885
2058.59,-81.016
2058.84,-82.148
2059.08,-79.530
2059.33,-78.741
2059.57,-80.349
2059.81,-81.443
2060.06,-80.468
2060.30,-79.855
2060.55,-78.709
2060.79,-79.307
2061.04,-77.771
2061.28,-79.973
2061.52,-82.239
2061.77,-79.977
2062.01,-80.390
2062.26,-78.854
2062.50,-76.239
2062.74,-79.729
2062.99,-82.642
2063.23,-81.428
2063.48,-81.480
2063.72,-81.735
2063.96,-80.635
2064.21,-78.690
2064.45,-80.075
2064.70,-81.646
2064.94,-79.520
2065.19,-79.625
2065.43,-82.011
2065.67,-81.098
2065.92,-79.489
2066.16,-79.888
2066.41,-79.527
2066.65,-81.730
2066.89,-80.752
2067.14,-79.168
2067.38,-79.615
2067.63,-78.229
2067.87,-79.101
2068.12,-79.665
2068.36,-81.843
2068.60,-80.662
2068.85,-75.210
2069.09,-78.244
2069.34,-79.120
2069.58,-80.024
2069.82,-77.105
2070.07,-77.562
2070.31,-76.665
2070.56,-77.277
2070.80,-79.787
2071.04,-82.082
2071.29,-81.082
2071.53,-81.162
2071.78,-80.830
2072.02,-79.079
2072.27,-78.459
2072.51,-79.004
2072.75,-76.533
2073.00,-79.101
2073.24,-79.424
2073.49,-78.608
2073.73,-80.063
2073.97,-78.079
2074.22,-80.360
2074.46,-79.868
2074.71,-78.993
2074.95,-77.898
2075.20,-79.138
2075.44,-81.564
2075.68,-78.673
2075.93,-80.244
2076.17,-79.733
2076.42,-76.515
2076.66,-78.441
2076.90,-80.229
2077.15,-78.947
2077.39,-77.917
2077.64,-78.523
2077.88,-80.068
2078.12,-78.216
2078.37,-79.509
2078.61,-76.828
2078.86,-79.716
2079.10,-77.781
2079.35,-81.071
2079.59,-79.426
2079.83,-80.523
2080.08,-81.467
2080.32,-79.911
2080.57,-79.267
2080.81,-80.775
2081.05,-79.671
2081.30,-78.276
2081.54,-78.092
2081.79,-77.543
2082.03,-78.121
2082.28,-78.699
2082.52,-79.943
2082.76,-77.549
2083.01,-77.957
2083.25,-78.049
2083.50,-79.217
2083.74,-77.993
2083.98,-78.598
2084.23,-77.506
2084.47,-79.602
2084.72,-79.109
2084.96,-79.131
2085.21,-77.094
2085.45,-79.352
2085.69,-78.576
2085.94,-77.977
2086.18,-79.068
2086.43,-80.599
2086.67,-81.139
2086.91,-79.155
2087.16,-77.402
2087.40,-76.329
2087.65,-76.162
2087.89,-79.359
2088.13,-79.850
2088.38,-78.794
2088.62,-80.105
2088.87,-77.551
2089.11,-80.525
2089.36,-79.415
2089.60,-78.066
2089.84,-75.285
2090.09,-77.619
2090.33,-77.707
2090.58,-79.938
2090.82,-80.632
2091.06,-78.290
2091.31,-80.531
2091.55,-78.573
2091.80,-78.077
2092.04,-80.676
2092.29,-79.737
2092.53,-76.344
2092.77,-75.327
2093.02,-79.194
2093.26,-76.223
2093.51,-78.232
2093.75,-78.874
2093.99,-77.684
2094.24,-78.014
2094.48,-77.883
2094.73,-76.107
2094.97,-75.838
2095.21,-77.089
2095.46,-75.793
2095.70,-76.606
2095.95,-75.886
2096.19,-78.552
2096.44,-77.395
2096.68,-78.529
2096.92,-78.335
2097.17,-77.085
2097.41,-76.625
2097.66,-78.357
2097.90,-77.693
2098.14,-77.024
2098.39,-76.305
2098.63,-77.496
2098.88,-77.709
2099.12,-77.788
2099.37,-78.515
2099.61,-78.862
2099.85,-78.030
2100.10,-77.159
2100.34,-78.943
2100.59,-77.207
2100.83,-79.840
2101.07,-79.373
2101.32,-79.448
2101.56,-79.207
2101.81,-77.780
2102.05,-77.263
2102.29,-78.768
2102.54,-79.008
2102.78,-78.791
2103.03,-77.340
2103.27,-76.504
2103.52,-78.674
2103.76,-80.127
2104.00,-79.873
2104.25,-76.173
2104.49,-77.684
2104.74,-79.228
2104.98,-79.786
2105.22,-81.204
2105.47,-78.090
2105.71,-76.092
2105.96,-76.965
2106.20,-77.987
2106.45,-79.214
2106.69,-77.648
2106.93,-78.220
2107.18,-78.093
2107.42,-76.584
2107.67,-77.059
2107.91,-77.966
2108.15,-79.634
2108.40,-76.490
2108.64,-76.819
2108.89,-77.996
2109.13,-78.949
2109.38,-78.129
2109.62,-75.558
2109.86,-76.741
2110.11,-77.981
2110.35,-77.691
2110.60,-76.328
2110.84,-76.553
2111.08,-78.621
2111.33,-78.685
2111.57,-76.963
2111.82,-76.695
2112.06,-78.483
2112.30,-79.144
2112.55,-78.144
2112.79,-77.548
2113.04,-76.952
2113.28,-79.105
2113.53,-77.893
2113.77,-75.990
2114.01,-77.141
2114.26,-74.360
2114.50,-74.985
2114.75,-77.612
2114.99,-76.880
2115.23,-77.799
2115.48,-79.120
2115.72,-78.650
2115.97,-77.363
2116.21,-76.245
2116.46,-77.178
2116.70,-75.054
2116.94,-75.953
2117.19,-76.392
2117.43,-77.265
2117.68,-76.955
2117.92,-73.577
2118.16,-75.803
2118.41,-74.517
2118.65,-79.757
2118.90,-77.752
2119.14,-76.546
2119.38,-75.937
2119.63,-76.372
2119.87,-78.775
2120.12,-76.579
2120.36,-76.823
2120.61,-75.862
2120.85,-76.967
2121.09,-75.946
2121.34,-77.711
2121.58,-77.658
2121.83,-74.547
2122.07,-79.184
2122.31,-77.146
2122.56,-76.735
2122.80,-78.251
2123.05,-75.744
2123.29,-78.809
2123.54,-75.657
2123.78,-76.761
2124.02,-76.989
2124.27,-77.581
2124.51,-75.032
2124.76,-79.328
2125.00,-75.987
2125.24,-77.829
2125.49,-78.498
2125.73,-74.943
2125.98,-74.628
2126.22,-76.016
2126.46,-73.750
2126.71,-75.338
2126.95,-74.824
2127.20,-77.514
2127.44,-77.431
2127.69,-76.373
2127.93,-76.087
2128.17,-75.899
2128.42,-76.610
2128.66,-75.379
2128.91,-76.772
2129.15,-75.082
2129.39,-76.959
2129.64,-79.468
2129.88,-77.511
2130.13,-76.413
2130.37,-75.205
2130.62,-77.747
2130.86,-74.261
2131.10,-77.385
2131.35,-76.378
2131.59,-74.278
2131.84,-73.814
2132.08,-76.099
2132.32,-75.483
2132.57,-74.972
2132.81,-75.869
2133.06,-75.826
2133.30,-75.197
2133.54,-76.208
2133.79,-74.562
2134.03,-75.437
2134.28,-74.343
2134.52,-73.523
2134.77,-75.720
2135.01,-75.518
2135.25,-74.550
2135.50,-75.181
2135.74,-75.356
2135.99,-76.102
2136.23,-74.965
2136.47,-76.361
2136.72,-75.474
2136.96,-76.501
2137.21,-76.942
2137.45,-75.391
2137.70,-76.302
2137.94,-73.678
2138.18,-74.099
2138.43,-75.831
2138.67,-78.538
2138.92,-76.025
2139.16,-77.046
2139.40,-73.136
2139.65,-72.740
2139.89,-73.954
2140.14,-72.642
2140.38,-75.304
2140.62,-75.093
2140.87,-76.939
2141.11,-76.354
2141.36,-75.273
2141.60,-74.472
2141.85,-75.020
2142.09,-76.178
2142.33,-77.209
2142.58,-75.866
2142.82,-76.875
2143.07,-75.733
2143.31,-76.093
2143.55,-74.763
2143.80,-77.400
2144.04,-74.010
2144.29,-76.674
2144.53,-76.729
2144.78,-72.077
2145.02,-75.586
2145.26,-73.965
2145.51,-74.702
2145.75,-75.187
2146.00,-74.942
2146.24,-74.932
2146.48,-75.003
2146.73,-75.318
2146.97,-72.249
2147.22,-75.211
2147.46,-75.690
2147.71,-73.350
2147.95,-76.909
2148.19,-76.691
2148.44,-75.288
2148.68,-77.848
2148.93,-74.893
2149.17,-75.557
2149.41,-74.399
2149.66,-75.255
2149.90,-74.014
2150.15,-73.489
2150.39,-72.688
2150.63,-73.850
2150.88,-74.401
2151.12,-77.432
2151.37,-74.655
2151.61,-75.990
2151.86,-76.069
2152.10,-76.610
2152.34,-75.468
2152.59,-73.606
2152.83,-75.615
2153.08,-72.876
2153.32,-74.930
2153.56,-74.732
2153.81,-73.818
2154.05,-74.093
2154.30,-74.453
2154.54,-74.913
2154.79,-72.658
2155.03,-74.912
2155.27,-73.692
2155.52,-74.232
2155.76,-74.238
2156.01,-73.043
2156.25,-74.701
2156.49,-73.316
2156.74,-76.071
2156.98,-74.922
2157.23,-74.332
2157.47,-73.644
2157.71,-73.415
2157.96,-73.684
2158.20,-73.089
2158.45,-73.907
2158.69,-74.790
2158.94,-74.346
2159.18,-74.318
2159.42,-73.853
2159.67,-73.907
2159.91,-74.148
2160.16,-73.974
2160.40,-76.359
2160.64,-72.935
2160.89,-72.300
2161.13,-71.758
2161.38,-71.581
2161.62,-74.224
2161.87,-75.046
2162.11,-75.010
2162.35,-75.622
2162.60,-73.572
2162.84,-74.331
2163.09,-78.647
2163.33,-75.929
2163.57,-76.324
2163.82,-77.174
2164.06,-73.474
2164.31,-72.082
2164.55,-73.280
2164.79,-70.408
2165.04,-72.212
2165.28,-75.310
2165.53,-71.574
2165.77,-71.826
2166.02,-72.358
2166.26,-74.778
2166.50,-73.329
2166.75,-73.846
2166.99,-70.324
2167.24,-71.707
2167.48,-72.437
2167.72,-73.000
2167.97,-73.187
2168.21,-72.538
2168.46,-72.956
2168.70,-72.208
2168.95,-72.575
2169.19,-73.124
2169.43,-73.634
2169.68,-72.592
2169.92,-70.265
2170.17,-70.893
2170.41,-74.266
2170.65,-74.537
2170.90,-72.804
2171.14,-71.396
2171.39,-72.501
2171.63,-73.350
2171.88,-70.891
2172.12,-72.195
2172.36,-72.068
2172.61,-72.172
2172.85,-75.617
2173.10,-72.462
2173.34,-72.607
2173.58,-72.097
2173.83,-73.225
2174.07,-73.155
2174.32,-72.950
2174.56,-71.966
2174.80,-70.858
2175.05,-70.815
2175.29,-71.968
2175.54,-71.468
2175.78,-72.194
2176.03,-70.265
2176.27,-73.351
2176.51,-72.802
2176.76,-72.645
2177.00,-73.495
2177.25,-69.168
2177.49,-71.207
2177.73,-72.054
2177.98,-72.329
2178.22,-70.508
2178.47,-71.872
2178.71,-73.011
2178.96,-73.143
2179.20,-72.039
2179.44,-70.281
2179.69,-72.246
2179.93,-69.358
2180.18,-69.946
2180.42,-68.744
2180.66,-68.456
2180.91,-71.930
2181.15,-71.431
2181.40,-68.306
2181.64,-69.577
2181.88,-72.866
2182.13,-69.279
2182.37,-71.006
2182.62,-71.123
2182.86,-69.966
2183.11,-67.591
2183.35,-69.119
2183.59,-70.984
2183.84,-69.897
2184.08,-69.370
2184.33,-73.855
2184.57,-73.481
2184.81,-73.280
2185.06,-70.858
2185.30,-67.836
2185.55,-72.472
2185.79,-72.420
2186.04,-71.304
2186.28,-71.251
2186.52,-70.403
2186.77,-70.497
2187.01,-69.923
2187.26,-70.977
2187.50,-69.738
2187.74,-70.781
2187.99,-73.480
2188.23,-70.746
2188.48,-71.117
2188.72,-69.999
2188.96,-70.526
2189.21,-68.812
2189.45,-67.779
2189.70,-69.764
2189.94,-70.461
2190.19,-68.923
2190.43,-69.309
2190.67,-70.996
2190.92,-70.577
2191.16,-70.742
2191.41,-67.935
2191.65,-68.757
2191.89,-70.036
2192.14,-69.542
2192.38,-68.598
2192.63,-70.189
2192.87,-66.262
2193.12,-68.212
2193.36,-70.289
2193.60,-68.915
2193.85,-71.025
2194.09,-70.250
2194.34,-68.368
2194.58,-68.921
2194.82,-69.196
2195.07,-69.316
2195.31,-70.739
2195.56,-70.581
2195.80,-68.533
2196.04,-70.956
2196.29,-68.424
2196.53,-67.157
2196.78,-68.103
2197.02,-69.549
2197.27,-67.284
2197.51,-69.941
2197.75,-68.062
2198.00,-67.702
2198.24,-71.110
2198.49,-68.110
2198.73,-69.695
2198.97,-70.258
2199.22,-70.722
2199.46,-69.161
2199.71,-69.950
2199.95,-70.314
2200.20,-66.625
2200.44,-68.794
2200.68,-68.352
2200.93,-67.792
2201.17,-68.675
2201.42,-65.544
2201.66,-68.424
2201.90,-69.990
2202.15,-68.784
2202.39,-70.300
2202.64,-66.290
2202.88,-68.448
2203.12,-65.767
2203.37,-65.391
2203.61,-67.209
2203.86,-64.588
2204.10,-67.352
2204.35,-67.144
2204.59,-69.626
2204.83,-65.400
2205.08,-67.798
2205.32,-66.759
2205.57,-66.234
2205.81,-66.840
2206.05,-67.742
2206.30,-67.512
2206.54,-67.707
2206.79,-67.739
2207.03,-66.821
2207.28,-68.375
2207.52,-65.699
2207.76,-63.941
2208.01,-67.220
2208.25,-65.390
2208.50,-65.586
2208.74,-67.272
2208.98,-64.845
2209.23,-65.373
2209.47,-65.928
2209.72,-66.190
2209.96,-65.422
2210.21,-67.588
2210.45,-67.901
2210.69,-66.208
2210.94,-66.653
2211.18,-66.547
2211.43,-67.277
2211.67,-67.798
2211.91,-65.308
2212.16,-66.697
2212.40,-65.001
2212.65,-67.127
2212.89,-64.448
2213.13,-67.577
2213.38,-64.031
2213.62,-66.343
2213.87,-65.059
2214.11,-66.444
2214.36,-66.323
2214.60,-67.368
2214.84,-65.537
2215.09,-66.174
2215.33,-65.677
2215.58,-64.412
2215.82,-65.893
2216.06,-66.759
2216.31,-64.789
2216.55,-65.880
2216.80,-64.028
2217.04,-65.085
2217.29,-66.293
2217.53,-66.812
2217.77,-65.461
2218.02,-64.767
2218.26,-66.180
2218.51,-66.214
2218.75,-66.007
2218.99,-66.146
2219.24,-64.354
2219.48,-64.416
2219.73,-66.407
2219.97,-63.714
2220.21,-67.333
2220.46,-63.544
2220.70,-64.740
2220.95,-65.668
2221.19,-65.991
2221.44,-64.116
2221.68,-63.451
2221.92,-64.321
2222.17,-63.918
2222.41,-65.069
2222.66,-65.133
2222.90,-65.152
2223.14,-64.542
2223.39,-62.777
2223.63,-63.084
2223.88,-64.837
2224.12,-63.895
2224.37,-66.627
2224.61,-63.256
2224.85,-66.581
2225.10,-63.518
2225.34,-62.480
2225.59,-63.512
2225.83,-64.513
2226.07,-65.530
2226.32,-66.668
2226.56,-64.597
2226.81,-64.735
2227.05,-65.088
2227.29,-63.311
2227.54,-62.615
2227.78,-62.556
2228.03,-62.896
2228.27,-64.370
2228.52,-62.837
2228.76,-65.318
2229.00,-64.912
2229.25,-66.180
2229.49,-65.812
2229.74,-62.696
2229.98,-64.320
2230.22,-62.397
2230.47,-61.549
2230.71,-61.572
2230.96,-64.064
2231.20,-63.418
2231.45,-64.537
2231.69,-61.925
2231.93,-61.416
2232.18,-63.878
2232.42,-62.573
2232.67,-62.700
2232.91,-62.360
2233.15,-64.247
2233.40,-68.859
2233.64,-65.068
2233.89,-64.507
2234.13,-63.600
2234.38,-63.560
2234.62,-63.918
2234.86,-63.838
2235.11,-64.713
2235.35,-61.340
2235.60,-64.026
2235.84,-65.018
2236.08,-62.183
2236.33,-62.582
2236.57,-63.550
2236.82,-62.775
2237.06,-64.857
2237.30,-61.407
2237.55,-61.389
2237.79,-63.205
2238.04,-62.311
2238.28,-62.332
2238.53,-63.334
2238.77,-65.080
2239.01,-66.709
2239.26,-63.240
2239.50,-63.239
2239.75,-62.617
2239.99,-64.382
2240.23,-62.813
2240.48,-65.382
2240.72,-65.206
2240.97,-62.200
2241.21,-64.361
2241.46,-65.478
2241.70,-64.150
2241.94,-63.185
2242.19,-63.341
2242.43,-63.458
2242.68,-67.737
2242.92,-64.153
2243.16,-64.111
2243.41,-65.588
2243.65,-63.165
2243.90,-64.656
2244.14,-62.761
2244.38,-65.253
2244.63,-66.526
2244.87,-66.217
2245.12,-65.315
2245.36,-63.556
2245.61,-64.424
2245.85,-63.801
2246.09,-64.896
2246.34,-64.737
2246.58,-65.013
2246.83,-62.269
2247.07,-65.454
2247.31,-62.851
2247.56,-65.916
2247.80,-64.451
2248.05,-66.250
2248.29,-66.043
2248.54,-64.521
2248.78,-64.242
2249.02,-63.225
2249.27,-66.473
2249.51,-65.210
2249.76,-65.635
2250.00,-66.163
2250.24,-65.683
2250.49,-62.960
2250.73,-64.073
2250.98,-63.938
2251.22,-64.892
2251.46,-63.430
2251.71,-64.670
2251.95,-66.493
2252.20,-66.699
2252.44,-65.560
2252.69,-64.209
2252.93,-63.858
2253.17,-65.456
2253.42,-65.507
2253.66,-64.791
2253.91,-66.779
2254.15,-68.787
2254.39,-65.959
2254.64,-67.699
2254.88,-65.691
2255.13,-64.646
2255.37,-67.888
2255.62,-63.777
2255.86,-66.504
2256.10,-66.306
2256.35,-67.963
2256.59,-63.064
2256.84,-65.737
2257.08,-65.333
2257.32,-66.309
2257.57,-64.178
2257.81,-64.769
2258.06,-65.354
2258.30,-66.121
2258.54,-64.184
2258.79,-65.122
2259.03,-65.810
2259.28,-66.069
2259.52,-69.503
2259.77,-66.088
2260.01,-65.924
2260.25,-64.996
2260.50,-67.022
2260.74,-67.633
2260.99,-67.161
2261.23,-66.688
2261.47,-66.973
2261.72,-66.759
2261.96,-65.957
2262.21,-70.639
2262.45,-67.238
2262.70,-66.112
2262.94,-67.371
2263.18,-65.619
2263.43,-67.932
2263.67,-67.541
2263.92,-66.287
2264.16,-65.939
2264.40,-68.940
2264.65,-65.786
2264.89,-68.461
2265.14,-66.767
2265.38,-68.990
2265.62,-67.064
2265.87,-69.509
2266.11,-68.959
2266.36,-66.788
2266.60,-68.503
2266.85,-68.272
2267.09,-68.778
2267.33,-66.308
2267.58,-68.006
2267.82,-66.740
2268.07,-67.582
2268.31,-68.308
2268.55,-68.475
2268.80,-67.538
2269.04,-67.894
2269.29,-68.809
2269.53,-69.182
2269.78,-65.831
2270.02,-65.302
2270.26,-67.027
2270.51,-66.320
2270.75,-66.083
2271.00,-68.025
2271.24,-69.340
2271.48,-69.552
2271.73,-69.471
2271.97,-67.634
2272.22,-67.713
2272.46,-65.754
2272.71,-69.459
2272.95,-69.177
2273.19,-68.776
2273.44,-72.421
2273.68,-70.034
2273.93,-70.328
2274.17,-67.579
2274.41,-67.578
2274.66,-67.954
2274.90,-70.478
2275.15,-69.660
2275.39,-70.898
2275.63,-68.318
2275.88,-70.251
2276.12,-70.963
2276.37,-72.923
2276.61,-69.883
2276.86,-67.750
2277.10,-69.320
2277.34,-70.649
2277.59,-68.579
2277.83,-68.246
2278.08,-68.484
2278.32,-72.943
2278.56,-68.548
2278.81,-70.512
2279.05,-68.065
2279.30,-69.278
2279.54,-69.062
2279.79,-69.184
2280.03,-70.137
2280.27,-68.846
2280.52,-70.527
2280.76,-69.737
2281.01,-71.049
2281.25,-69.268
2281.49,-67.644
2281.74,-70.853
2281.98,-71.104
2282.23,-71.103
2282.47,-71.683
2282.71,-68.800
2282.96,-68.623
2283.20,-69.248
2283.45,-72.084
2283.69,-69.962
2283.94,-69.790
2284.18,-70.510
2284.42,-71.229
2284.67,-71.387
2284.91,-68.784
2285.16,-70.470
2285.40,-69.970
2285.64,-68.512
2285.89,-69.592
2286.13,-70.217
2286.38,-69.591
2286.62,-68.534
2286.87,-70.657
2287.11,-73.098
2287.35,-71.884
2287.60,-70.894
2287.84,-70.036
2288.09,-66.968
2288.33,-69.382
2288.57,-72.443
2288.82,-72.251
2289.06,-69.271
2289.31,-70.315
2289.55,-70.908
2289.79,-69.106
2290.04,-69.214
2290.28,-70.175
2290.53,-71.583
2290.77,-71.092
2291.02,-71.493
2291.26,-70.718
2291.50,-71.044
2291.75,-70.212
2291.99,-70.254
2292.24,-70.343
2292.48,-69.148
2292.72,-72.086
2292.97,-70.417
2293.21,-69.388
2293.46,-73.901
2293.70,-70.667
2293.95,-71.659
2294.19,-71.277
2294.43,-70.624
2294.68,-71.252
2294.92,-70.870
2295.17,-69.758
2295.41,-70.295
2295.65,-73.553
2295.90,-71.406
2296.14,-70.623
2296.39,-72.546
2296.63,-71.025
2296.88,-74.010
2297.12,-72.922
2297.36,-73.684
2297.61,-71.899
2297.85,-72.541
2298.10,-72.696
2298.34,-72.994
2298.58,-72.701
2298.83,-73.009
2299.07,-72.591
2299.32,-73.775
2299.56,-72.583
2299.80,-73.959
2300.05,-73.206
2300.29,-70.390
2300.54,-71.604
2300.78,-73.633
2301.03,-70.392
2301.27,-70.931
2301.51,-72.774
2301.76,-70.859
2302.00,-71.890
2302.25,-69.810
2302.49,-73.720
2302.73,-73.884
2302.98,-70.532
2303.22,-71.698
2303.47,-73.960
2303.71,-72.659
2303.96,-74.334
2304.20,-71.936
2304.44,-70.182
2304.69,-74.046
2304.93,-74.105
2305.18,-71.216
2305.42,-71.967
2305.66,-72.897
2305.91,-72.852
2306.15,-74.141
2306.40,-74.451
2306.64,-70.582
2306.88,-73.829
2307.13,-72.912
2307.37,-75.188
2307.62,-74.632
2307.86,-71.971
2308.11,-74.163
2308.35,-72.824
2308.59,-74.249
2308.84,-72.100
2309.08,-71.999
2309.33,-73.886
2309.57,-70.435
2309.81,-72.139
2310.06,-72.339
2310.30,-72.407
2310.55,-72.907
2310.79,-72.060
2311.04,-72.153
2311.28,-74.239
2311.52,-71.422
2311.77,-71.517
2312.01,-71.477
2312.26,-71.712
2312.50,-73.091
2312.74,-73.203
2312.99,-71.932
2313.23,-71.218
2313.48,-71.089
2313.72,-70.907
2313.96,-71.935
2314.21,-71.236
2314.45,-73.029
2314.70,-73.997
2314.94,-74.938
2315.19,-73.627
2315.43,-73.757
2315.67,-72.881
2315.92,-70.529
2316.16,-71.807
2316.41,-72.308
2316.65,-71.857
2316.89,-72.455
2317.14,-74.926
2317.38,-75.927
2317.63,-73.526
2317.87,-72.389
2318.12,-72.979
2318.36,-74.210
2318.60,-73.062
2318.85,-72.245
2319.09,-72.495
2319.34,-75.191
2319.58,-72.100
2319.82,-71.418
2320.07,-74.290
2320.31,-73.591
2320.56,-75.624
2320.80,-74.333
2321.04,-73.014
2321.29,-73.316
2321.53,-74.760
2321.78,-74.885
2322.02,-73.156
2322.27,-73.011
2322.51,-75.917
2322.75,-73.942
2323.00,-75.568
2323.24,-74.270
2323.49,-74.112
2323.73,-74.681
2323.97,-73.669
2324.22,-75.365
2324.46,-74.612
2324.71,-73.169
2324.95,-72.748
2325.20,-73.405
2325.44,-73.532
2325.68,-76.536
2325.93,-76.324
2326.17,-79.084
2326.42,-74.316
2326.66,-71.602
2326.90,-72.626
2327.15,-73.204
2327.39,-75.260
2327.64,-76.517
2327.88,-73.085
2328.12,-75.282
2328.37,-73.718
2328.61,-72.292
2328.86,-74.861
2329.10,-74.602
2329.35,-74.061
2329.59,-73.697
2329.83,-74.608
2330.08,-74.186
2330.32,-73.292
2330.57,-73.562
2330.81,-73.510
2331.05,-73.982
2331.30,-72.083
2331.54,-74.548
2331.79,-73.329
2332.03,-74.408
2332.28,-74.814
2332.52,-76.633
2332.76,-76.488
2333.01,-74.656
2333.25,-76.857
2333.50,-75.364
2333.74,-75.238
2333.98,-74.715
2334.23,-74.656
2334.47,-74.692
2334.72,-73.577
2334.96,-73.816
2335.21,-74.848
2335.45,-72.900
2335.69,-75.617
2335.94,-75.022
2336.18,-75.262
2336.43,-72.988
2336.67,-72.309
2336.91,-74.542
2337.16,-75.616
2337.40,-73.147
2337.65,-75.802
2337.89,-73.788
2338.13,-73.114
2338.38,-73.785
2338.62,-74.153
2338.87,-73.089
2339.11,-75.372
2339.36,-73.507
2339.60,-75.478
2339.84,-75.036
2340.09,-73.831
2340.33,-72.857
2340.58,-75.232
2340.82,-74.676
2341.06,-75.795
2341.31,-73.101
2341.55,-75.246
2341.80,-73.858
2342.04,-74.387
2342.29,-76.813
2342.53,-74.990
2342.77,-73.935
2343.02,-75.729
2343.26,-74.848
2343.51,-74.949
2343.75,-74.884
2343.99,-75.756
2344.24,-76.809
2344.48,-74.668
2344.73,-76.590
2344.97,-73.846
2345.21,-72.952
2345.46,-77.456
2345.70,-75.617
2345.95,-72.109
2346.19,-75.155
2346.44,-72.405
2346.68,-73.792
2346.92,-73.499
2347.17,-73.370
2347.41,-74.264
2347.66,-73.749
2347.90,-74.002
2348.14,-76.506
2348.39,-77.132
2348.63,-74.848
2348.88,-74.026
2349.12,-73.842
2349.37,-75.897
2349.61,-74.863
2349.85,-77.270
2350.10,-76.920
2350.34,-74.506
2350.59,-73.083
2350.83,-74.114
2351.07,-74.177
2351.32,-74.332
2351.56,-74.897
2351.81,-75.261
2352.05,-74.342
2352.29,-75.592
2352.54,-76.528
2352.78,-75.948
2353.03,-76.638
2353.27,-74.637
2353.52,-73.423
2353.76,-75.334
2354.00,-75.242
2354.25,-75.450
2354.49,-75.230
2354.74,-73.248
2354.98,-72.992
2355.22,-74.254
2355.47,-73.280
2355.71,-75.138
2355.96,-74.294
2356.20,-78.871
2356.45,-78.554
2356.69,-74.843
2356.93,-76.413
2357.18,-75.168
2357.42,-74.790
2357.67,-73.056
2357.91,-76.358
2358.15,-74.042
2358.40,-75.044
2358.64,-76.065
2358.89,-76.922
2359.13,-75.581
2359.38,-75.649
2359.62,-74.542
2359.86,-73.306
2360.11,-76.078
2360.35,-75.293
2360.60,-76.493
2360.84,-75.860
2361.08,-75.944
2361.33,-76.291
2361.57,-73.138
2361.82,-74.718
2362.06,-72.857
2362.30,-73.010
2362.55,-74.774
2362.79,-73.957
2363.04,-76.224
2363.28,-76.967
2363.53,-76.975
2363.77,-76.887
2364.01,-77.431
2364.26,-75.078
2364.50,-74.731
2364.75,-72.952
2364.99,-74.228
2365.23,-73.209
2365.48,-76.128
2365.72,-75.339
2365.97,-77.167
2366.21,-76.298
2366.46,-76.247
2366.70,-73.095
2366.94,-75.625
2367.19,-75.498
2367.43,-75.826
2367.68,-79.414
2367.92,-76.177
2368.16,-74.787
2368.41,-75.880
2368.65,-77.536
2368.90,-77.150
2369.14,-75.115
2369.38,-74.056
2369.63,-77.252
2369.87,-76.392
2370.12,-77.364
2370.36,-77.035
2370.61,-76.721
2370.85,-75.334
2371.09,-78.346
2371.34,-75.311
2371.58,-76.093
2371.83,-74.214
2372.07,-73.253
2372.31,-73.109
2372.56,-78.098
2372.80,-76.792
2373.05,-76.668
2373.29,-76.650
2373.54,-75.125
2373.78,-75.723
2374.02,-75.932
2374.27,-75.884
2374.51,-74.876
2374.76,-76.085
2375.00,-78.203
2375.24,-76.578
2375.49,-76.411
2375.73,-78.455
2375.98,-76.318
2376.22,-77.058
2376.46,-77.232
2376.71,-76.266
2376.95,-77.879
2377.20,-76.956
2377.44,-75.668
2377.69,-78.061
2377.93,-74.530
2378.17,-74.744
2378.42,-75.641
2378.66,-77.407
2378.91,-76.957
2379.15,-76.403
2379.39,-76.763
2379.64,-76.828
2379.88,-76.934
2380.13,-76.246
2380.37,-74.999
2380.62,-74.243
2380.86,-75.288
2381.10,-76.270
2381.35,-76.497
2381.59,-75.564
2381.84,-75.322
2382.08,-77.736
2382.32,-76.761
2382.57,-73.829
2382.81,-77.589
2383.06,-76.307
2383.30,-77.496
2383.54,-77.265
2383.79,-77.611
2384.03,-77.278
2384.28,-76.946
2384.52,-74.958
2384.77,-75.269
2385.01,-76.341
2385.25,-79.840
2385.50,-78.791
2385.74,-75.401
2385.99,-75.454
2386.23,-77.296
2386.47,-75.754
2386.72,-78.704
2386.96,-76.904
2387.21,-75.269
2387.45,-77.332
2387.70,-76.978
2387.94,-78.762
2388.18,-78.517
2388.43,-77.091
2388.67,-75.921
2388.92,-73.339
2389.16,-75.919
2389.40,-76.708
2389.65,-76.256
2389.89,-75.843
2390.14,-78.011
2390.38,-75.630
2390.62,-74.731
2390.87,-78.185
2391.11,-77.315
2391.36,-79.016
2391.60,-76.986
2391.85,-77.456
2392.09,-76.628
2392.33,-77.796
2392.58,-81.919
2392.82,-76.338
2393.07,-76.696
2393.31,-76.547
2393.55,-74.445
2393.80,-77.691
2394.04,-76.496
2394.29,-77.069
2394.53,-76.790
2394.78,-76.834
2395.02,-78.066
2395.26,-76.890
2395.51,-74.845
2395.75,-76.947
2396.00,-76.213
2396.24,-78.912
2396.48,-75.173
2396.73,-78.193
2396.97,-77.492
2397.22,-77.876
2397.46,-78.190
2397.71,-78.576
2397.95,-78.945
2398.19,-74.628
2398.44,-79.744
2398.68,-76.464
2398.93,-75.878
2399.17,-76.838
2399.41,-75.295
2399.66,-78.514
2399.90,-73.519
2400.15,-77.833
2400.39,-77.844
2400.63,-75.005
2400.88,-76.203
2401.12,-74.273
2401.37,-75.956
2401.61,-74.104
2401.86,-74.831
2402.10,-76.468
2402.34,-77.484
2402.59,-77.042
2402.83,-74.230
2403.08,-77.500
2403.32,-78.991
2403.56,-79.034
2403.81,-78.399
2404.05,-77.834
2404.30,-75.761
2404.54,-74.664
2404.79,-76.829
2405.03,-77.716
2405.27,-75.722
2405.52,-77.377
2405.76,-77.522
2406.01,-78.458
2406.25,-75.778
2406.49,-77.816
2406.74,-77.956
2406.98,-75.976
2407.23,-77.858
2407.47,-79.075
2407.71,-78.187
2407.96,-75.116
2408.20,-76.326
2408.45,-77.710
2408.69,-76.403
2408.94,-78.008
2409.18,-76.197
2409.42,-75.804
2409.67,-78.881
2409.91,-74.839
2410.16,-75.733
2410.40,-78.348
2410.64,-78.646
2410.89,-77.311
2411.13,-77.167
2411.38,-76.266
2411.62,-77.689
2411.87,-79.857
2412.11,-78.606
2412.35,-78.001
2412.60,-79.072
2412.84,-77.605
2413.09,-78.646
2413.33,-77.697
2413.57,-77.059
2413.82,-77.302
2414.06,-77.720
2414.31,-73.765
2414.55,-77.204
2414.79,-76.459
2415.04,-76.848
2415.28,-79.112
2415.53,-77.960
2415.77,-76.313
2416.02,-77.665
2416.26,-80.227
2416.50,-75.941
2416.75,-76.665
2416.99,-75.350
2417.24,-76.263
2417.48,-79.027
2417.72,-79.465
2417.97,-75.660
2418.21,-76.879
2418.46,-78.156
2418.70,-77.388
2418.95,-76.155
2419.19,-76.362
2419.43,-75.554
2419.68,-75.130
2419.92,-76.333
2420.17,-75.443
2420.41,-76.528
2420.65,-79.664
2420.90,-78.227
2421.14,-77.090
2421.39,-76.086
2421.63,-76.280
2421.88,-78.098
2422.12,-77.235
2422.36,-75.801
2422.61,-77.992
2422.85,-78.602
2423.10,-79.232
2423.34,-77.016
2423.58,-75.179
2423.83,-77.758
2424.07,-76.038
2424.32,-76.409
2424.56,-75.882
2424.80,-78.708
2425.05,-77.536
2425.29,-79.087
2425.54,-75.908
2425.78,-78.089
2426.03,-75.457
2426.27,-76.152
2426.51,-77.546
2426.76,-81.248
2427.00,-78.012
2427.25,-79.168
2427.49,-76.735
2427.73,-77.934
2427.98,-76.971
2428.22,-80.073
2428.47,-77.927
2428.71,-79.982
2428.96,-80.986
2429.20,-76.905
2429.44,-78.648
2429.69,-79.660
2429.93,-79.504
2430.18,-77.995
2430.42,-79.221
2430.66,-80.084
2430.91,-79.095
2431.15,-78.689
2431.40,-78.541
2431.64,-79.476
2431.88,-75.865
2432.13,-77.671
2432.37,-79.656
2432.62,-77.726
2432.86,-77.909
2433.11,-78.891
2433.35,-78.861
2433.59,-76.323
2433.84,-78.481
2434.08,-77.563
2434.33,-78.233
2434.57,-79.023
2434.81,-77.579
2435.06,-79.219
2435.30,-77.629
2435.55,-77.251
2435.79,-77.079
2436.04,-76.697
2436.28,-77.817
2436.52,-78.724
2436.77,-77.393
2437.01,-75.732
2437.26,-79.483
2437.50,-79.519
2437.74,-78.657
2437.99,-77.204
2438.23,-79.334
2438.48,-74.209
2438.72,-77.246
2438.96,-79.226
2439.21,-79.930
2439.45,-75.388
2439.70,-76.464
2439.94,-80.382
2440.19,-77.669
2440.43,-79.397
2440.67,-80.983
2440.92,-75.712
2441.16,-76.994
2441.41,-79.918
2441.65,-79.691
2441.89,-78.301
2442.14,-81.220
2442.38,-78.880
2442.63,-79.821
2442.87,-80.159
2443.12,-79.841
2443.36,-76.638
2443.60,-79.036
2443.85,-80.822
2444.09,-78.176
2444.34,-76.889
2444.58,-77.960
2444.82,-78.246
2445.07,-78.262
2445.31,-77.031
2445.56,-78.747
2445.80,-76.179
2446.04,-76.342
2446.29,-80.327
2446.53,-79.933
2446.78,-79.623
2447.02,-78.507
2447.27,-79.057
2447.51,-79.265
2447.75,-80.320
2448.00,-78.034
2448.24,-76.280
2448.49,-78.663
2448.73,-79.503
2448.97,-77.907
2449.22,-76.469
2449.46,-80.144
2449.71,-77.862
2449.95,-78.085
2450.20,-80.510
2450.44,-76.798
2450.68,-79.689
2450.93,-77.929
2451.17,-77.344
2451.42,-80.239
2451.66,-79.808
2451.90,-80.839
2452.15,-78.650
2452.39,-78.301
2452.64,-77.884
2452.88,-77.656
2453.12,-79.776
2453.37,-78.244
2453.61,-79.785
2453.86,-78.621
2454.10,-76.501
2454.35,-77.806
2454.59,-79.620
2454.83,-78.463
2455.08,-80.147
2455.32,-78.649
2455.57,-75.892
2455.81,-78.716
2456.05,-80.629
2456.30,-78.821
2456.54,-78.842
2456.79,-78.048
2457.03,-77.054
2457.28,-78.796
2457.52,-76.985
2457.76,-78.031
2458.01,-77.055
2458.25,-77.092
2458.50,-77.928
2458.74,-80.839
2458.98,-82.164
2459.23,-79.781
2459.47,-83.896
2459.72,-78.822
2459.96,-77.300
2460.21,-77.593
2460.45,-78.448
2460.69,-77.602
2460.94,-78.303
2461.18,-77.157
2461.43,-78.721
2461.67,-75.389
2461.91,-79.604
2462.16,-77.769
2462.40,-77.600
2462.65,-79.925
2462.89,-78.365
2463.13,-78.889
2463.38,-77.417
2463.62,-77.816
2463.87,-78.362
2464.11,-77.096
2464.36,-76.828
2464.60,-79.301
2464.84,-77.185
2465.09,-77.980
2465.33,-80.498
2465.58,-77.839
2465.82,-78.052
2466.06,-80.082
2466.31,-79.170
2466.55,-80.634
2466.80,-81.894
2467.04,-79.707
2467.29,-79.668
2467.53,-76.132
2467.77,-77.815
2468.02,-79.514
2468.26,-77.594
2468.51,-77.860
2468.75,-80.222
2468.99,-82.834
2469.24,-79.656
2469.48,-79.047
2469.73,-79.074
2469.97,-76.318
2470.21,-80.314
2470.46,-76.704
2470.70,-77.759
2470.95,-78.509
2471.19,-79.958
2471.44,-78.223
2471.68,-78.316
2471.92,-77.732
2472.17,-78.795
2472.41,-80.322
2472.66,-78.789
2472.90,-79.505
2473.14,-77.723
2473.39,-77.215
2473.63,-77.355
2473.88,-80.613
2474.12,-80.164
2474.37,-76.365
2474.61,-77.731
2474.85,-78.017
2475.10,-76.146
2475.34,-76.423
2475.59,-78.210
2475.83,-80.811
2476.07,-78.030
2476.32,-78.777
2476.56,-80.956
2476.81,-78.688
2477.05,-78.445
2477.29,-77.260
2477.54,-79.717
2477.78,-77.631
2478.03,-77.489
2478.27,-79.089
2478.52,-78.620
2478.76,-77.088
2479.00,-77.649
2479.25,-77.647
2479.49,-76.804
2479.74,-78.179
2479.98,-79.110
2480.22,-79.192
2480.47,-78.431
2480.71,-77.845
2480.96,-79.055
2481.20,-78.913
2481.45,-78.536
2481.69,-79.330
2481.93,-80.613
2482.18,-81.811
2482.42,-80.214
2482.67,-81.073
2482.91,-77.858
2483.15,-78.740
2483.40,-78.874
2483.64,-78.850
2483.89,-78.918
2484.13,-79.062
2484.38,-80.431
2484.62,-76.344
2484.86,-76.559
2485.11,-77.947
2485.35,-77.153
2485.60,-78.744
2485.84,-79.548
2486.08,-79.624
2486.33,-80.632
2486.57,-77.961
2486.82,-76.194
2487.06,-79.578
2487.30,-78.814
2487.55,-78.085
2487.79,-78.367
2488.04,-79.658
2488.28,-79.374
2488.53,-78.419
2488.77,-78.673
2489.01,-79.698
2489.26,-78.322
2489.50,-79.365
2489.75,-77.014
2489.99,-77.701
2490.23,-79.695
2490.48,-75.807
2490.72,-77.135
2490.97,-79.089
2491.21,-76.383
2491.46,-77.727
2491.70,-78.562
2491.94,-78.351
2492.19,-79.727
2492.43,-80.318
2492.68,-77.371
2492.92,-81.130
2493.16,-81.778
2493.41,-80.609
2493.65,-78.397
2493.90,-76.992
2494.14,-76.728
2494.38,-79.344
2494.63,-78.712
2494.87,-79.604
2495.12,-80.531
2495.36,-77.505
2495.61,-78.881
2495.85,-77.528
2496.09,-78.653
2496.34,-77.639
2496.58,-77.065
2496.83,-76.759
2497.07,-78.727
2497.31,-76.762
2497.56,-77.323
2497.80,-79.099
2498.05,-78.310
2498.29,-79.875
2498.54,-78.970
2498.78,-79.981
2499.02,-78.046
2499.27,-79.539
2499.51,-78.901
2499.76,-77.360
2500.00,-78.929
2500.24,-80.256
2500.49,-78.103
2500.73,-78.446
2500.98,-79.624
2501.22,-78.335
2501.46,-78.610
2501.71,-77.048
2501.95,-78.486
2502.20,-79.346
2502.44,-79.182
2502.69,-79.529
2502.93,-78.901
2503.17,-78.933
2503.42,-80.100
2503.66,-80.786
2503.91,-77.107
2504.15,-76.622
2504.39,-77.528
2504.64,-77.257
2504.88,-78.206
2505.13,-78.197
2505.37,-76.865
2505.62,-78.257
2505.86,-78.718
2506.10,-78.361
2506.35,-77.220
2506.59,-77.819
2506.84,-80.086
2507.08,-78.491
2507.32,-78.371
2507.57,-78.757
2507.81,-80.125
2508.06,-80.045
2508.30,-81.400
2508.54,-79.797
2508.79,-79.303
2509.03,-77.967
2509.28,-82.648
2509.52,-80.563
2509.77,-80.867
2510.01,-77.922
2510.25,-76.522
2510.50,-78.816
2510.74,-79.998
2510.99,-78.249
2511.23,-77.811
2511.47,-78.762
2511.72,-78.102
2511.96,-77.438
2512.21,-77.769
2512.45,-77.615
2512.70,-78.088
2512.94,-80.588
2513.18,-77.348
2513.43,-77.117
2513.67,-78.576
2513.92,-77.397
2514.16,-77.967
2514.40,-80.601
2514.65,-79.683
2514.89,-78.648
2515.14,-79.573
2515.38,-77.819
2515.62,-78.398
2515.87,-78.765
2516.11,-80.117
2516.36,-77.687
2516.60,-78.880
2516.85,-76.722
2517.09,-76.899
2517.33,-80.167
2517.58,-75.649
2517.82,-75.483
2518.07,-79.977
2518.31,-77.962
2518.55,-80.901
2518.80,-77.401
2519.04,-79.560
2519.29,-78.778
2519.53,-77.761
2519.78,-77.718
2520.02,-80.508
2520.26,-79.649
2520.51,-77.052
2520.75,-76.873
2521.00,-75.223
2521.24,-78.010
2521.48,-79.386
2521.73,-78.891
2521.97,-76.624
2522.22,-75.455
2522.46,-78.698
2522.71,-77.513
2522.95,-78.805
2523.19,-80.762
2523.44,-80.717
2523.68,-77.858
2523.93,-75.256
2524.17,-78.453
2524.41,-78.048
2524.66,-78.927
2524.90,-81.062
2525.15,-78.367
2525.39,-79.187
2525.63,-79.443
2525.88,-79.796
2526.12,-80.421
2526.37,-78.415
2526.61,-79.314
2526.86,-79.043
2527.10,-79.772
2527.34,-80.143
2527.59,-79.262
2527.83,-79.961
2528.08,-78.596
2528.32,-79.246
2528.56,-78.371
2528.81,-79.242
2529.05,-80.198
2529.30,-77.779
2529.54,-78.600
2529.79,-79.428
2530.03,-79.299
2530.27,-79.841
2530.52,-78.613
2530.76,-80.452
2531.01,-79.997
2531.25,-80.957
2531.49,-78.921
2531.74,-79.096
2531.98,-80.818
2532.23,-78.281
2532.47,-76.888
2532.71,-77.391
2532.96,-78.515
2533.20,-78.752
2533.45,-77.944
2533.69,-80.461
2533.94,-79.038
2534.18,-78.411
2534.42,-76.672
2534.67,-77.067
2534.91,-76.539
2535.16,-77.873
2535.40,-76.893
2535.64,-79.698
2535.89,-79.599
2536.13,-77.962
2536.38,-77.763
2536.62,-79.247
2536.87,-75.274
2537.11,-80.323
2537.35,-78.052
2537.60,-76.873
2537.84,-77.667
2538.09,-77.015
2538.33,-79.035
2538.57,-78.381
2538.82,-78.436
2539.06,-79.326
2539.31,-78.739
2539.55,-80.792
2539.79,-78.361
2540.04,-80.499
2540.28,-78.141
2540.53,-77.998
2540.77,-76.603
2541.02,-80.447
2541.26,-78.501
2541.50,-79.167
2541.75,-76.600
2541.99,-77.459
2542.24,-76.905
2542.48,-78.482
2542.72,-77.463
2542.97,-78.875
2543.21,-79.290
2543.46,-78.140
2543.70,-79.138
2543.95,-78.962
2544.19,-79.752
2544.43,-79.863
2544.68,-77.390
2544.92,-77.964
2545.17,-81.632
2545.41,-77.469
2545.65,-77.564
2545.90,-76.915
2546.14,-77.162
2546.39,-81.020
2546.63,-79.472
2546.88,-79.580
2547.12,-78.242
2547.36,-75.307
2547.61,-77.509
2547.85,-80.560
2548.10,-79.105
2548.34,-80.242
2548.58,-79.143
2548.83,-80.043
2549.07,-78.082
2549.32,-77.669
2549.56,-80.872
2549.80,-78.156
2550.05,-79.872
2550.29,-78.549
2550.54,-80.401
2550.78,-78.656
2551.03,-78.936
2551.27,-79.087
2551.51,-79.255
2551.76,-78.714
2552.00,-78.421
2552.25,-78.936
2552.49,-79.540
2552.73,-77.500
2552.98,-80.049
2553.22,-77.810
2553.47,-77.259
2553.71,-77.465
2553.96,-79.788
2554.20,-79.492
2554.44,-80.019
2554.69,-78.392
2554.93,-77.067
2555.18,-78.979
2555.42,-77.663
2555.66,-77.652
2555.91,-77.329
2556.15,-79.560
2556.40,-76.292
2556.64,-76.028
2556.88,-78.106
2557.13,-77.187
2557.37,-79.801
2557.62,-79.981
2557.86,-78.966
2558.11,-76.805
2558.35,-78.728
2558.59,-79.792
2558.84,-81.602
2559.08,-80.245
2559.33,-79.540
2559.57,-79.268
2559.81,-80.728
2560.06,-79.183
2560.30,-78.533
2560.55,-81.033
2560.79,-78.803
2561.04,-78.856
2561.28,-76.247
2561.52,-77.485
2561.77,-76.598
2562.01,-81.035
2562.26,-80.835
2562.50,-81.424
2562.74,-79.474
2562.99,-81.629
2563.23,-80.612
2563.48,-79.675
2563.72,-77.877
2563.96,-77.840
2564.21,-78.519
2564.45,-81.384
2564.70,-80.016
2564.94,-77.467
2565.19,-78.756
2565.43,-78.312
2565.67,-79.132
2565.92,-79.085
2566.16,-78.397
2566.41,-77.495
2566.65,-78.043
2566.89,-77.732
2567.14,-77.022
2567.38,-77.246
2567.63,-79.453
2567.87,-81.159
2568.12,-81.783
2568.36,-80.502
2568.60,-80.058
2568.85,-76.983
2569.09,-77.490
2569.34,-78.073
2569.58,-78.213
2569.82,-76.941
2570.07,-76.782
2570.31,-79.394
2570.56,-80.317
2570.80,-78.560
2571.04,-78.038
2571.29,-79.548
2571.53,-78.456
2571.78,-79.792
2572.02,-77.144
2572.27,-78.554
2572.51,-79.000
2572.75,-78.014
2573.00,-78.182
2573.24,-77.596
2573.49,-82.077
2573.73,-77.582
2573.97,-79.049
2574.22,-80.065
2574.46,-79.607
2574.71,-77.625
2574.95,-77.659
2575.20,-77.866
2575.44,-74.812
2575.68,-76.102
2575.93,-78.545
2576.17,-77.205
2576.42,-79.901
2576.66,-77.789
2576.90,-78.113
2577.15,-78.689
2577.39,-77.921
2577.64,-79.035
2577.88,-80.639
2578.12,-78.918
2578.37,-79.754
2578.61,-77.136
2578.86,-77.548
2579.10,-77.802
2579.35,-80.114
2579.59,-78.649
2579.83,-79.055
2580.08,-79.106
2580.32,-77.154
2580.57,-76.821
2580.81,-78.419
2581.05,-80.926
2581.30,-78.035
2581.54,-79.677
2581.79,-78.143
2582.03,-79.708
2582.28,-80.892
2582.52,-79.225
2582.76,-79.560
2583.01,-79.614
2583.25,-78.144
2583.50,-74.897
2583.74,-77.761
2583.98,-80.512
2584.23,-79.558
2584.47,-76.260
2584.72,-75.869
2584.96,-77.607
2585.21,-76.133
2585.45,-77.455
2585.69,-78.527
2585.94,-78.935
2586.18,-77.635
2586.43,-79.561
2586.67,-79.114
2586.91,-80.266
2587.16,-78.713
2587.40,-76.011
2587.65,-77.149
2587.89,-77.338
2588.13,-77.376
2588.38,-78.251
2588.62,-81.959
2588.87,-80.561
2589.11,-77.284
2589.36,-77.087
2589.60,-75.779
2589.84,-78.847
2590.09,-77.995
2590.33,-77.283
2590.58,-77.251
2590.82,-79.917
2591.06,-79.490
2591.31,-75.614
2591.55,-79.409
2591.80,-78.094
2592.04,-78.458
2592.29,-77.936
2592.53,-78.539
2592.77,-77.762
2593.02,-77.316
2593.26,-79.327
2593.51,-79.992
2593.75,-79.630
2593.99,-79.709
2594.24,-77.591
2594.48,-81.925
2594.73,-79.263
2594.97,-78.150
2595.21,-76.739
2595.46,-77.418
2595.70,-77.043
2595.95,-75.543
2596.19,-78.348
2596.44,-75.988
2596.68,-76.819
2596.92,-78.056
2597.17,-78.052
2597.41,-80.849
2597.66,-78.185
2597.90,-79.057
2598.14,-78.948
2598.39,-77.057
2598.63,-78.664
2598.88,-77.969
2599.12,-77.127
2599.37,-78.048
2599.61,-79.456
2599.85,-80.883
2600.10,-76.435
2600.34,-80.067
2600.59,-80.553
2600.83,-78.606
2601.07,-77.652
2601.32,-78.038
2601.56,-79.274
2601.81,-80.411
2602.05,-78.090
2602.29,-78.686
2602.54,-78.768
2602.78,-77.901
2603.03,-76.836
2603.27,-79.420
2603.52,-75.097
2603.76,-74.467
2604.00,-73.528
2604.25,-76.848
2604.49,-78.215
2604.74,-77.881
2604.98,-77.125
2605.22,-75.930
2605.47,-75.967
2605.71,-78.078
2605.96,-78.643
2606.20,-77.173
2606.45,-78.254
2606.69,-79.326
2606.93,-77.278
2607.18,-77.721
2607.42,-76.433
2607.67,-78.229
2607.91,-78.234
2608.15,-78.496
2608.40,-78.202
2608.64,-76.137
2608.89,-76.873
2609.13,-78.146
2609.38,-77.507
2609.62,-75.037
2609.86,-77.575
2610.11,-78.165
2610.35,-78.092
2610.60,-78.202
2610.84,-80.232
2611.08,-76.106
2611.33,-76.813
2611.57,-78.234
2611.82,-79.417
2612.06,-78.410
2612.30,-79.039
2612.55,-76.443
2612.79,-76.298
2613.04,-75.015
2613.28,-76.456
2613.53,-77.758
2613.77,-77.673
2614.01,-78.368
2614.26,-76.939
2614.50,-77.961
2614.75,-77.707
2614.99,-78.435
2615.23,-78.785
2615.48,-76.823
2615.72,-77.558
2615.97,-78.633
2616.21,-77.166
2616.46,-76.850
2616.70,-74.713
2616.94,-78.954
2617.19,-78.242
2617.43,-77.135
2617.68,-76.397
2617.92,-75.440
2618.16,-78.945
2618.41,-78.351
2618.65,-76.285
2618.90,-78.362
2619.14,-76.884
2619.38,-80.037
2619.63,-76.178
2619.87,-77.412
2620.12,-75.553
2620.36,-77.896
2620.61,-75.242
2620.85,-77.016
2621.09,-76.642
2621.34,-79.516
2621.58,-78.482
2621.83,-77.447
2622.07,-77.628
2622.31,-75.988
2622.56,-78.141
2622.80,-78.825
2623.05,-77.190
2623.29,-79.418
2623.54,-78.075
2623.78,-79.104
2624.02,-79.575
2624.27,-75.078
2624.51,-77.790
2624.76,-79.492
2625.00,-79.383
2625.24,-75.721
2625.49,-76.263
2625.73,-76.572
2625.98,-76.640
2626.22,-74.828
2626.46,-78.565
2626.71,-78.599
2626.95,-79.884
2627.20,-78.865
2627.44,-78.234
2627.69,-76.722
2627.93,-79.129
2628.17,-79.170
2628.42,-78.513
2628.66,-79.120
2628.91,-78.165
2629.15,-78.683
2629.39,-78.168
2629.64,-77.609
2629.88,-77.976
2630.13,-77.290
2630.37,-78.861
2630.62,-78.927
2630.86,-78.204
2631.10,-76.143
2631.35,-76.736
2631.59,-75.830
2631.84,-78.290
2632.08,-75.688
2632.32,-77.881
2632.57,-78.831
2632.81,-76.015
2633.06,-76.416
2633.30,-78.484
2633.54,-78.409
2633.79,-75.658
2634.03,-74.809
2634.28,-76.968
2634.52,-78.292
2634.77,-76.523
2635.01,-79.449
2635.25,-78.042
2635.50,-76.824
2635.74,-76.692
2635.99,-75.297
2636.23,-79.788
2636.47,-77.597
2636.72,-77.605
2636.96,-76.649
2637.21,-77.421
2637.45,-79.486
2637.70,-77.712
2637.94,-75.249
2638.18,-76.785
2638.43,-77.259
2638.67,-76.392
2638.92,-75.541
2639.16,-78.194
2639.40,-78.192
2639.65,-78.125
2639.89,-76.223
2640.14,-78.419
2640.38,-76.655
2640.62,-79.032
2640.87,-76.447
2641.11,-76.860
2641.36,-76.295
2641.60,-76.609
2641.85,-76.612
2642.09,-76.347
2642.33,-78.054
2642.58,-77.909
2642.82,-76.913
2643.07,-78.892
2643.31,-77.858
2643.55,-75.486
2643.80,-75.878
2644.04,-77.545
2644.29,-78.743
2644.53,-77.805
2644.78,-77.704
2645.02,-76.140
2645.26,-77.513
2645.51,-75.170
2645.75,-76.347
2646.00,-77.946
2646.24,-75.640
2646.48,-77.368
2646.73,-76.609
2646.97,-76.107
2647.22,-77.968
2647.46,-75.983
2647.71,-77.138
2647.95,-75.774
2648.19,-77.774
2648.44,-77.269
2648.68,-79.827
2648.93,-75.961
2649.17,-76.217
2649.41,-78.660
2649.66,-77.980
2649.90,-77.346
2650.15,-78.574
2650.39,-77.092
2650.63,-75.890
2650.88,-76.098
2651.12,-76.676
2651.37,-76.218
2651.61,-79.307
2651.86,-76.465
2652.10,-75.777
2652.34,-76.243
2652.59,-77.307
2652.83,-79.316
2653.08,-77.504
2653.32,-79.509
2653.56,-77.601
2653.81,-77.864
2654.05,-80.036
2654.30,-76.618
2654.54,-78.517
2654.79,-78.745
2655.03,-76.144
2655.27,-75.122
2655.52,-75.694
2655.76,-77.880
2656.01,-75.103
2656.25,-76.516
2656.49,-78.156
2656.74,-77.266
2656.98,-77.694
2657.23,-75.100
2657.47,-76.847
2657.71,-77.909
2657.96,-76.669
2658.20,-77.571
2658.45,-78.143
2658.69,-77.238
2658.94,-76.897
2659.18,-76.555
2659.42,-77.327
2659.67,-76.832
2659.91,-77.629
2660.16,-78.736
2660.40,-77.457
2660.64,-75.310
2660.89,-79.004
2661.13,-78.018
2661.38,-75.723
2661.62,-74.415
2661.87,-77.582
2662.11,-77.893
2662.35,-75.238
2662.60,-78.038
2662.84,-77.983
2663.09,-75.786
2663.33,-79.093
2663.57,-79.856
2663.82,-76.806
2664.06,-77.235
2664.31,-75.148
2664.55,-75.370
2664.79,-75.844
2665.04,-75.395
2665.28,-74.604
2665.53,-73.600
2665.77,-74.141
2666.02,-75.950
2666.26,-76.331
2666.50,-79.041
2666.75,-78.567
2666.99,-77.443
2667.24,-76.263
2667.48,-76.140
2667.72,-75.077
2667.97,-76.391
2668.21,-77.781
2668.46,-74.571
2668.70,-74.274
2668.95,-75.614
2669.19,-78.053
2669.43,-75.920
2669.68,-78.020
2669.92,-77.544
2670.17,-76.147
2670.41,-76.197
2670.65,-76.807
2670.90,-76.539
2671.14,-76.154
2671.39,-77.981
2671.63,-76.639
2671.88,-77.614
2672.12,-78.032
2672.36,-75.850
2672.61,-77.012
2672.85,-74.160
2673.10,-77.589
2673.34,-76.287
2673.58,-79.619
2673.83,-75.537
2674.07,-75.883
2674.32,-74.405
2674.56,-78.420
2674.80,-76.464
2675.05,-77.013
2675.29,-77.113
2675.54,-78.780
2675.78,-79.623
2676.03,-75.581
2676.27,-77.927
2676.51,-78.448
2676.76,-78.006
2677.00,-77.547
2677.25,-77.761
2677.49,-77.013
2677.73,-74.024
2677.98,-76.371
2678.22,-75.740
2678.47,-75.624
2678.71,-77.209
2678.96,-75.688
2679.20,-76.667
2679.44,-77.907
2679.69,-78.888
2679.93,-74.897
2680.18,-75.297
2680.42,-75.624
2680.66,-75.206
2680.91,-74.797
2681.15,-76.314
2681.40,-76.710
2681.64,-76.162
2681.88,-76.297
2682.13,-77.783
2682.37,-76.052
2682.62,-76.929
2682.86,-76.470
2683.11,-74.130
2683.35,-75.024
2683.59,-74.675
2683.84,-76.542
2684.08,-73.729
2684.33,-75.460
2684.57,-77.273
2684.81,-75.611
2685.06,-74.508
2685.30,-75.787
2685.55,-78.281
2685.79,-77.711
2686.04,-77.909
2686.28,-75.051
2686.52,-75.865
2686.77,-77.034
2687.01,-76.434
2687.26,-77.714
2687.50,-79.935
2687.74,-77.737
2687.99,-77.268
2688.23,-77.639
2688.48,-74.730
2688.72,-75.562
2688.96,-76.306
2689.21,-75.013
2689.45,-78.534
2689.70,-76.041
2689.94,-74.567
2690.19,-74.677
2690.43,-76.499
2690.67,-75.042
2690.92,-77.648
2691.16,-77.949
2691.41,-75.229
2691.65,-76.110
2691.89,-74.644
2692.14,-75.788
2692.38,-75.603
2692.63,-76.395
2692.87,-77.391
2693.12,-78.004
2693.36,-77.359
2693.60,-74.024
2693.85,-76.670
2694.09,-76.075
2694.34,-75.568
2694.58,-74.469
2694.82,-76.755
2695.07,-76.564
2695.31,-75.040
2695.56,-73.419
2695.80,-73.943
2696.04,-74.483
2696.29,-76.798
2696.53,-76.693
2696.78,-75.676
2697.02,-78.619
2697.27,-74.071
2697.51,-76.509
2697.75,-76.542
2698.00,-76.169
2698.24,-74.569
2698.49,-75.371
2698.73,-75.271
2698.97,-75.286
2699.22,-76.911
2699.46,-75.637
2699.71,-74.167
2699.95,-75.450
2700.20,-75.731
2700.44,-75.724
2700.68,-74.654
2700.93,-76.536
2701.17,-75.704
2701.42,-72.770
2701.66,-76.347
2701.90,-74.701
2702.15,-76.086
2702.39,-74.367
2702.64,-78.069
2702.88,-74.910
2703.12,-73.282
2703.37,-76.076
2703.61,-75.158
2703.86,-74.795
2704.10,-74.595
2704.35,-73.795
2704.59,-74.486
2704.83,-73.857
2705.08,-75.445
2705.32,-75.646
2705.57,-75.945
2705.81,-71.718
2706.05,-76.145
2706.30,-74.750
2706.54,-74.350
2706.79,-74.787
2707.03,-74.998
2707.28,-73.985
2707.52,-74.339
2707.76,-76.267
2708.01,-75.206
2708.25,-77.476
2708.50,-75.960
2708.74,-73.831
2708.98,-73.883
2709.23,-75.870
2709.47,-76.173
2709.72,-77.185
2709.96,-75.143
2710.21,-75.371
2710.45,-73.887
2710.69,-74.757
2710.94,-73.151
2711.18,-75.215
2711.43,-73.876
2711.67,-72.963
2711.91,-75.205
2712.16,-76.106
2712.40,-75.297
2712.65,-76.298
2712.89,-76.543
2713.13,-75.502
2713.38,-77.856
2713.62,-74.466
2713.87,-74.810
2714.11,-77.835
2714.36,-74.657
2714.60,-73.167
2714.84,-74.778
2715.09,-73.453
2715.33,-75.399
2715.58,-75.053
2715.82,-75.037
2716.06,-74.457
2716.31,-75.347
2716.55,-76.619
2716.80,-73.760
2717.04,-73.550
2717.29,-74.725
2717.53,-75.681
2717.77,-76.544
2718.02,-74.135
2718.26,-75.050
2718.51,-74.670
2718.75,-74.124
2718.99,-77.120
2719.24,-76.266
2719.48,-76.726
2719.73,-74.484
2719.97,-74.628
2720.21,-72.467
2720.46,-74.562
2720.70,-74.577
2720.95,-71.925
2721.19,-74.764
2721.44,-75.808
2721.68,-74.470
2721.92,-74.550
2722.17,-73.558
2722.41,-72.615
2722.66,-74.178
2722.90,-73.956
2723.14,-76.369
2723.39,-74.225
2723.63,-76.274
2723.88,-74.776
2724.12,-74.876
2724.37,-74.852
2724.61,-75.701
2724.85,-74.433
2725.10,-73.626
2725.34,-73.209
2725.59,-74.926
2725.83,-76.726
2726.07,-73.521
2726.32,-73.141
2726.56,-75.364
2726.81,-74.631
2727.05,-72.654
2727.29,-73.109
2727.54,-74.699
2727.78,-75.577
2728.03,-73.406
2728.27,-74.595
2728.52,-73.369
2728.76,-74.250
2729.00,-74.726
2729.25,-76.873
2729.49,-74.251
2729.74,-74.077
2729.98,-74.978
2730.22,-72.540
2730.47,-74.534
2730.71,-75.695
2730.96,-77.087
2731.20,-74.072
2731.45,-74.810
2731.69,-73.848
2731.93,-74.220
2732.18,-74.841
2732.42,-74.360
2732.67,-77.442
2732.91,-74.066
2733.15,-74.371
2733.40,-75.714
2733.64,-75.076
2733.89,-76.320
2734.13,-75.838
2734.38,-75.642
2734.62,-74.294
2734.86,-75.991
2735.11,-75.273
2735.35,-77.434
2735.60,-75.530
2735.84,-76.493
2736.08,-74.977
2736.33,-75.877
2736.57,-75.630
2736.82,-74.201
2737.06,-76.122
2737.30,-75.707
2737.55,-73.882
2737.79,-72.475
2738.04,-74.476
2738.28,-73.849
2738.53,-74.759
2738.77,-73.673
2739.01,-74.100
2739.26,-74.914
2739.50,-74.523
2739.75,-71.761
2739.99,-70.690
2740.23,-74.254
2740.48,-73.948
2740.72,-75.521
2740.97,-76.522
2741.21,-74.871
2741.46,-72.538
2741.70,-74.502
2741.94,-75.169
2742.19,-74.044
2742.43,-74.081
2742.68,-74.600
2742.92,-74.120
2743.16,-72.548
2743.41,-73.788
2743.65,-74.036
2743.90,-73.402
2744.14,-74.681
2744.38,-74.128
2744.63,-72.196
2744.87,-72.018
2745.12,-74.590
2745.36,-73.035
2745.61,-74.135
2745.85,-75.966
2746.09,-73.129
2746.34,-74.830
2746.58,-74.604
2746.83,-74.876
2747.07,-73.202
2747.31,-74.352
2747.56,-72.524
2747.80,-72.568
2748.05,-73.615
2748.29,-75.936
2748.54,-72.800
2748.78,-74.103
2749.02,-71.929
2749.27,-72.260
2749.51,-72.677
2749.76,-73.833
2750.00,-72.705
2750.24,-73.474
2750.49,-74.781
2750.73,-72.155
2750.98,-72.154
2751.22,-71.300
2751.46,-72.391
2751.71,-74.060
2751.95,-74.768
2752.20,-72.229
2752.44,-74.672
2752.69,-73.559
2752.93,-73.393
2753.17,-75.627
2753.42,-72.936
2753.66,-74.555
2753.91,-72.480
2754.15,-73.800
2754.39,-73.986
2754.64,-71.724
2754.88,-74.554
2755.13,-74.055
2755.37,-73.158
2755.62,-70.939
2755.86,-71.219
2756.10,-72.524
2756.35,-73.984
2756.59,-74.587
2756.84,-75.697
2757.08,-73.649
2757.32,-74.157
2757.57,-75.265
2757.81,-71.289
2758.06,-72.955
2758.30,-75.059
2758.54,-73.454
2758.79,-72.770
2759.03,-71.923
2759.28,-72.777
2759.52,-73.376
2759.77,-74.193
2760.01,-75.155
2760.25,-72.606
2760.50,-71.997
2760.74,-71.749
2760.99,-72.445
2761.23,-72.763
2761.47,-76.730
2761.72,-75.368
2761.96,-72.298
2762.21,-72.482
2762.45,-71.451
2762.70,-71.856
2762.94,-74.210
2763.18,-72.255
2763.43,-74.357
2763.67,-71.075
2763.92,-73.979
2764.16,-76.491
2764.40,-73.732
2764.65,-73.504
2764.89,-74.244
2765.14,-71.174
2765.38,-74.374
2765.62,-74.802
2765.87,-70.349
2766.11,-73.832
2766.36,-74.203
2766.60,-74.854
2766.85,-74.938
2767.09,-73.396
2767.33,-72.606
2767.58,-70.605
2767.82,-71.349
2768.07,-74.075
2768.31,-74.117
2768.55,-71.976
2768.80,-71.781
2769.04,-72.279
2769.29,-73.772
2769.53,-74.156
2769.78,-70.818
2770.02,-73.925
2770.26,-72.903
2770.51,-73.392
2770.75,-74.406
2771.00,-73.124
2771.24,-72.825
2771.48,-72.673
2771.73,-71.889
2771.97,-71.169
2772.22,-72.567
2772.46,-71.524
2772.71,-69.433
2772.95,-72.805
2773.19,-74.364
2773.44,-73.379
2773.68,-71.858
2773.93,-70.761
2774.17,-70.183
2774.41,-71.184
2774.66,-72.602
2774.90,-74.561
2775.15,-71.044
2775.39,-72.375
2775.63,-72.074
2775.88,-68.786
2776.12,-74.313
2776.37,-74.383
2776.61,-70.957
2776.86,-73.678
2777.10,-71.787
2777.34,-74.058
2777.59,-72.500
2777.83,-72.158
2778.08,-71.847
2778.32,-74.571
2778.56,-73.101
2778.81,-73.454
2779.05,-71.303
2779.30,-71.470
2779.54,-70.611
2779.79,-72.889
2780.03,-74.273
2780.27,-70.746
2780.52,-75.032
2780.76,-71.965
2781.01,-72.249
2781.25,-72.307
2781.49,-69.513
2781.74,-70.267
2781.98,-70.722
2782.23,-72.089
2782.47,-73.003
2782.71,-71.622
2782.96,-71.897
2783.20,-70.243
2783.45,-71.772
2783.69,-72.283
2783.94,-72.563
2784.18,-72.391
2784.42,-72.836
2784.67,-74.401
2784.91,-73.326
2785.16,-70.697
2785.40,-71.385
2785.64,-70.137
2785.89,-69.547
2786.13,-73.304
2786.38,-71.998
2786.62,-73.784
2786.87,-71.846
2787.11,-70.336
2787.35,-71.072
2787.60,-69.339
2787.84,-72.041
2788.09,-71.945
2788.33,-71.606
2788.57,-71.071
2788.82,-72.608
2789.06,-72.796
2789.31,-69.930
2789.55,-70.465
2789.79,-72.551
2790.04,-70.951
2790.28,-69.155
2790.53,-71.274
2790.77,-73.660
2791.02,-68.568
2791.26,-71.439
2791.50,-72.664
2791.75,-73.489
2791.99,-68.744
2792.24,-73.027
2792.48,-74.717
2792.72,-71.570
2792.97,-74.524
2793.21,-70.153
2793.46,-71.160
2793.70,-74.251
2793.95,-73.523
2794.19,-72.885
2794.43,-72.689
2794.68,-73.068
2794.92,-71.905
2795.17,-69.344
2795.41,-71.985
2795.65,-71.527
2795.90,-70.601
2796.14,-69.425
2796.39,-71.143
2796.63,-72.775
2796.88,-72.945
2797.12,-71.402
2797.36,-70.595
2797.61,-71.847
2797.85,-70.824
2798.10,-73.063
2798.34,-72.056
2798.58,-72.824
2798.83,-71.144
2799.07,-72.694
2799.32,-71.020
2799.56,-71.087
2799.80,-72.039
2800.05,-73.182
2800.29,-69.630
2800.54,-73.059
2800.78,-72.188
2801.03,-70.791
2801.27,-72.453
2801.51,-70.964
2801.76,-71.410
2802.00,-73.310
2802.25,-71.317
2802.49,-73.032
2802.73,-70.737
2802.98,-67.891
2803.22,-68.413
2803.47,-71.169
2803.71,-70.220
2803.96,-70.548
2804.20,-71.039
2804.44,-70.227
2804.69,-72.686
2804.93,-73.605
2805.18,-71.941
2805.42,-72.884
2805.66,-74.150
2805.91,-71.817
2806.15,-74.349
2806.40,-68.773
2806.64,-70.651
2806.88,-71.669
2807.13,-70.641
2807.37,-68.876
2807.62,-70.746
2807.86,-70.570
2808.11,-66.816
2808.35,-69.828
2808.59,-70.312
2808.84,-69.526
2809.08,-67.565
2809.33,-70.288
2809.57,-70.651
2809.81,-67.617
2810.06,-70.491
2810.30,-71.732
2810.55,-69.140
2810.79,-69.743
2811.04,-70.313
2811.28,-68.314
2811.52,-70.680
2811.77,-68.022
2812.01,-71.726
2812.26,-71.854
2812.50,-71.442
2812.74,-71.102
2812.99,-70.310
2813.23,-68.455
2813.48,-70.459
2813.72,-71.166
2813.96,-72.509
2814.21,-71.664
2814.45,-68.886
2814.70,-71.728
2814.94,-73.350
2815.19,-69.271
2815.43,-68.807
2815.67,-70.049
2815.92,-67.814
2816.16,-69.767
2816.41,-68.686
2816.65,-69.020
2816.89,-68.495
2817.14,-69.982
2817.38,-70.303
2817.63,-71.461
2817.87,-68.679
2818.12,-68.093
2818.36,-66.685
2818.60,-68.177
2818.85,-68.792
2819.09,-69.596
2819.34,-69.073
2819.58,-70.479
2819.82,-71.130
2820.07,-69.781
2820.31,-67.799
2820.56,-69.372
2820.80,-69.720
2821.04,-69.559
2821.29,-69.159
2821.53,-68.180
2821.78,-68.130
2822.02,-68.086
2822.27,-71.041
2822.51,-70.521
2822.75,-69.112
2823.00,-68.445
2823.24,-69.378
2823.49,-69.331
2823.73,-68.936
2823.97,-69.781
2824.22,-72.125
2824.46,-69.763
2824.71,-68.905
2824.95,-68.918
2825.20,-71.277
2825.44,-70.059
2825.68,-71.700
2825.93,-70.812
2826.17,-68.734
2826.42,-68.836
2826.66,-68.634
2826.90,-68.009
2827.15,-69.077
2827.39,-70.058
2827.64,-68.014
2827.88,-70.575
2828.12,-67.668
2828.37,-68.592
2828.61,-67.924
2828.86,-71.308
2829.10,-68.723
2829.35,-69.352
2829.59,-67.423
2829.83,-68.052
2830.08,-69.520
2830.32,-69.676
2830.57,-67.881
2830.81,-69.565
2831.05,-70.531
2831.30,-70.853
2831.54,-68.416
2831.79,-69.397
2832.03,-67.635
2832.28,-68.253
2832.52,-68.249
2832.76,-68.462
2833.01,-69.168
2833.25,-70.854
2833.50,-70.387
2833.74,-67.292
2833.98,-68.649
2834.23,-69.156
2834.47,-68.072
2834.72,-67.853
2834.96,-69.688
2835.21,-66.533
2835.45,-70.267
2835.69,-68.647
2835.94,-69.739
2836.18,-69.591
2836.43,-68.440
2836.67,-69.822
2836.91,-69.252
2837.16,-68.157
2837.40,-70.116
2837.65,-67.450
2837.89,-67.232
2838.13,-70.842
2838.38,-66.826
2838.62,-70.115
2838.87,-69.704
2839.11,-68.411
2839.36,-66.999
2839.60,-68.009
2839.84,-67.200
2840.09,-67.028
2840.33,-68.487
2840.58,-70.820
2840.82,-68.715
2841.06,-68.647
2841.31,-70.944
2841.55,-66.902
2841.80,-68.531
2842.04,-67.888
2842.29,-68.014
2842.53,-68.679
2842.77,-69.855
2843.02,-72.143
2843.26,-68.544
2843.51,-66.986
2843.75,-68.971
2843.99,-64.866
2844.24,-69.268
2844.48,-67.989
2844.73,-67.556
2844.97,-68.900
2845.21,-66.109
2845.46,-66.250
2845.70,-65.451
2845.95,-68.035
2846.19,-68.545
2846.44,-66.366
2846.68,-65.652
2846.92,-69.101
2847.17,-67.867
2847.41,-67.409
2847.66,-69.590
2847.90,-68.894
2848.14,-68.823
2848.39,-68.165
2848.63,-67.388
2848.88,-66.924
2849.12,-67.468
2849.37,-66.302
2849.61,-68.978
2849.85,-68.571
2850.10,-69.074
2850.34,-67.569
2850.59,-67.934
2850.83,-68.524
2851.07,-66.172
2851.32,-67.489
2851.56,-65.566
2851.81,-66.888
2852.05,-67.123
2852.29,-66.020
2852.54,-67.908
2852.78,-70.057
2853.03,-69.161
2853.27,-67.529
2853.52,-67.327
2853.76,-65.779
2854.00,-64.316
2854.25,-68.392
2854.49,-65.825
2854.74,-65.857
2854.98,-66.553
2855.22,-66.525
2855.47,-65.914
2855.71,-68.436
2855.96,-68.299
2856.20,-68.148
2856.45,-65.608
2856.69,-66.217
2856.93,-67.353
2857.18,-68.213
2857.42,-67.974
2857.67,-67.984
2857.91,-67.721
2858.15,-65.612
2858.40,-66.687
2858.64,-66.972
2858.89,-68.359
2859.13,-65.936
2859.38,-66.633
2859.62,-66.871
2859.86,-64.341
2860.11,-68.682
2860.35,-65.856
2860.60,-67.317
2860.84,-65.997
2861.08,-67.220
2861.33,-66.449
2861.57,-63.475
2861.82,-65.690
2862.06,-70.046
2862.30,-67.540
2862.55,-70.239
2862.79,-67.032
2863.04,-67.381
2863.28,-67.664
2863.53,-68.901
2863.77,-64.937
2864.01,-67.655
2864.26,-67.083
2864.50,-68.563
2864.75,-65.841
2864.99,-66.311
2865.23,-66.209
2865.48,-64.150
2865.72,-66.458
2865.97,-64.764
2866.21,-65.301
2866.46,-66.012
2866.70,-62.394
2866.94,-66.542
2867.19,-66.963
2867.43,-65.316
2867.68,-64.847
2867.92,-66.659
2868.16,-65.589
2868.41,-67.033
2868.65,-68.994
2868.90,-67.512
2869.14,-67.100
2869.38,-65.642
2869.63,-68.306
2869.87,-68.579
2870.12,-66.445
2870.36,-64.706
2870.61,-65.647
2870.85,-62.199
2871.09,-64.862
2871.34,-66.734
2871.58,-65.114
2871.83,-65.146
2872.07,-67.065
2872.31,-65.228
2872.56,-64.711
2872.80,-64.976
2873.05,-68.382
2873.29,-66.440
2873.54,-64.510
2873.78,-65.718
2874.02,-64.188
2874.27,-64.674
2874.51,-65.917
2874.76,-65.274
2875.00,-64.677
2875.24,-65.647
2875.49,-65.924
2875.73,-63.427
2875.98,-65.292
2876.22,-64.172
2876.46,-63.361
2876.71,-65.058
2876.95,-64.976
2877.20,-64.659
2877.44,-62.514
2877.69,-63.670
2877.93,-62.504
2878.17,-64.071
2878.42,-62.455
2878.66,-64.545
2878.91,-66.952
2879.15,-65.088
2879.39,-65.312
2879.64,-65.615
2879.88,-64.230
2880.13,-61.568
2880.37,-63.725
2880.62,-67.597
2880.86,-65.958
2881.10,-66.628
2881.35,-64.819
2881.59,-65.497
2881.84,-66.163
2882.08,-64.348
2882.32,-64.920
2882.57,-63.945
2882.81,-62.438
2883.06,-67.123
2883.30,-64.293
2883.54,-63.203
2883.79,-66.377
2884.03,-62.740
2884.28,-63.481
2884.52,-62.608
2884.77,-63.663
2885.01,-65.935
2885.25,-65.112
2885.50,-65.893
2885.74,-64.139
2885.99,-66.676
2886.23,-64.527
2886.47,-62.780
2886.72,-63.029
2886.96,-62.806
2887.21,-65.065
2887.45,-64.184
2887.70,-65.006
2887.94,-65.656
2888.18,-63.883
2888.43,-64.723
2888.67,-63.480
2888.92,-63.267
2889.16,-60.492
2889.40,-62.397
2889.65,-59.944
2889.89,-63.143
2890.14,-63.430
2890.38,-63.103
2890.62,-65.377
2890.87,-63.052
2891.11,-60.828
2891.36,-64.914
2891.60,-64.777
2891.85,-61.618
2892.09,-64.547
2892.33,-64.425
2892.58,-64.417
2892.82,-66.044
2893.07,-62.850
2893.31,-64.319
2893.55,-61.744
2893.80,-63.884
2894.04,-60.919
2894.29,-62.178
2894.53,-63.558
2894.78,-65.644
2895.02,-64.449
2895.26,-64.632
2895.51,-63.499
2895.75,-64.078
2896.00,-61.144
2896.24,-61.449
2896.48,-64.832
2896.73,-66.681
2896.97,-63.226
2897.22,-63.812
2897.46,-64.957
2897.71,-65.516
2897.95,-63.530
2898.19,-64.045
2898.44,-63.266
2898.68,-63.561
2898.93,-64.160
2899.17,-63.543
2899.41,-61.658
2899.66,-62.712
2899.90,-62.038
2900.15,-60.930
2900.39,-65.102
2900.63,-62.328
2900.88,-63.833
2901.12,-64.848
2901.37,-63.389
2901.61,-63.390
2901.86,-60.576
2902.10,-62.761
2902.34,-60.703
2902.59,-61.336
2902.83,-60.079
2903.08,-61.423
2903.32,-61.758
2903.56,-61.125
2903.81,-62.585
2904.05,-62.281
2904.30,-61.353
2904.54,-60.152
2904.79,-60.844
2905.03,-59.422
2905.27,-61.696
2905.52,-62.477
2905.76,-61.797
2906.01,-63.922
2906.25,-59.887
2906.49,-61.406
2906.74,-61.376
2906.98,-63.109
2907.23,-57.885
2907.47,-58.889
2907.71,-59.371
2907.96,-61.458
2908.20,-59.196
2908.45,-62.682
2908.69,-62.280
2908.94,-60.978
2909.18,-59.032
2909.42,-62.891
2909.67,-61.318
2909.91,-61.172
2910.16,-60.192
2910.40,-59.000
2910.64,-60.549
2910.89,-61.984
2911.13,-62.816
2911.38,-59.541
2911.62,-60.283
2911.87,-61.087
2912.11,-62.508
2912.35,-58.610
2912.60,-60.218
2912.84,-60.878
2913.09,-59.644
2913.33,-58.259
2913.57,-58.314
2913.82,-58.106
2914.06,-59.032
2914.31,-57.614
2914.55,-59.561
2914.79,-61.552
2915.04,-59.175
2915.28,-59.237
2915.53,-62.633
2915.77,-61.558
2916.02,-59.708
2916.26,-59.952
2916.50,-60.879
2916.75,-62.704
2916.99,-60.054
2917.24,-62.201
2917.48,-61.915
2917.72,-59.566
2917.97,-57.663
2918.21,-61.315
2918.46,-60.687
2918.70,-60.458
2918.95,-59.685
2919.19,-57.996
2919.43,-58.016
2919.68,-57.138
2919.92,-58.767
2920.17,-59.707
2920.41,-62.176
2920.65,-61.413
2920.90,-59.234
2921.14,-59.052
2921.39,-57.811
2921.63,-59.871
2921.88,-61.801
2922.12,-61.716
2922.36,-55.798
2922.61,-57.919
2922.85,-56.861
2923.10,-58.970
2923.34,-58.291
2923.58,-58.537
2923.83,-57.991
2924.07,-58.122
2924.32,-56.906
2924.56,-58.648
2924.80,-59.836
2925.05,-56.721
2925.29,-58.852
2925.54,-60.292
2925.78,-61.182
2926.03,-58.449
2926.27,-57.722
2926.51,-59.507
2926.76,-55.228
2927.00,-58.321
2927.25,-56.848
2927.49,-58.173
2927.73,-57.430
2927.98,-57.544
2928.22,-58.815
2928.47,-60.081
2928.71,-60.155
2928.96,-59.118
2929.20,-56.950
2929.44,-59.091
2929.69,-57.004
2929.93,-57.361
2930.18,-55.577
2930.42,-57.383
2930.66,-58.903
2930.91,-57.760
2931.15,-56.054
2931.40,-57.540
2931.64,-57.648
2931.88,-57.196
2932.13,-56.237
2932.37,-58.070
2932.62,-58.339
2932.86,-55.484
2933.11,-58.405
2933.35,-56.509
2933.59,-56.337
2933.84,-56.260
2934.08,-59.355
2934.33,-56.752
2934.57,-57.276
2934.81,-56.983
2935.06,-56.753
2935.30,-57.537
2935.55,-58.767
2935.79,-57.258
2936.04,-58.628
2936.28,-55.629
2936.52,-58.301
2936.77,-56.527
2937.01,-60.123
2937.26,-56.756
2937.50,-54.122
2937.74,-56.057
2937.99,-56.469
2938.23,-58.241
2938.48,-56.862
2938.72,-58.749
2938.96,-57.613
2939.21,-54.709
2939.45,-56.070
2939.70,-56.136
2939.94,-55.177
2940.19,-56.115
2940.43,-56.438
2940.67,-55.617
2940.92,-55.089
2941.16,-55.740
2941.41,-57.463
2941.65,-54.474
2941.89,-54.688
2942.14,-57.508
2942.38,-56.889
2942.63,-56.670
2942.87,-56.590
2943.12,-57.524
2943.36,-55.320
2943.60,-53.276
2943.85,-54.075
2944.09,-52.683
2944.34,-56.408
2944.58,-55.197
2944.82,-55.468
2945.07,-57.797
2945.31,-57.355
2945.56,-56.109
2945.80,-54.797
2946.04,-54.931
2946.29,-55.029
2946.53,-55.753
2946.78,-56.067
2947.02,-56.063
2947.27,-53.810
2947.51,-54.520
2947.75,-53.700
2948.00,-54.314
2948.24,-53.433
2948.49,-55.025
2948.73,-57.973
2948.97,-53.635
2949.22,-54.929
2949.46,-53.068
2949.71,-54.188
2949.95,-56.731
2950.20,-54.543
2950.44,-56.345
2950.68,-56.927
2950.93,-53.900
2951.17,-54.909
2951.42,-53.926
2951.66,-53.905
2951.90,-53.944
2952.15,-54.887
2952.39,-55.147
2952.64,-54.436
2952.88,-53.188
2953.12,-54.598
2953.37,-51.759
2953.61,-55.332
2953.86,-54.263
2954.10,-56.166
2954.35,-54.383
2954.59,-52.980
2954.83,-53.896
2955.08,-52.766
2955.32,-53.358
2955.57,-51.589
2955.81,-53.666
2956.05,-53.442
2956.30,-53.171
2956.54,-53.364
2956.79,-55.467
2957.03,-55.517
2957.28,-56.830
2957.52,-56.335
2957.76,-55.903
2958.01,-54.887
2958.25,-52.971
2958.50,-54.403
2958.74,-55.918
2958.98,-55.049
2959.23,-53.338
2959.47,-54.839
2959.72,-55.335
2959.96,-54.609
2960.21,-55.031
2960.45,-55.419
2960.69,-54.252
2960.94,-53.556
2961.18,-54.402
2961.43,-52.917
2961.67,-53.313
2961.91,-53.967
2962.16,-53.574
2962.40,-55.275
2962.65,-53.097
2962.89,-54.574
2963.13,-54.950
2963.38,-52.629
2963.62,-54.485
2963.87,-54.470
2964.11,-57.621
2964.36,-55.666
2964.60,-54.647
2964.84,-54.782
2965.09,-56.577
2965.33,-54.299
2965.58,-56.024
2965.82,-54.645
2966.06,-54.337
2966.31,-56.470
2966.55,-56.422
2966.80,-56.323
2967.04,-53.231
2967.29,-54.454
2967.53,-55.598
2967.77,-54.193
2968.02,-53.279
2968.26,-53.367
2968.51,-55.044
2968.75,-52.785
2968.99,-54.364
2969.24,-55.309
2969.48,-53.697
2969.73,-53.090
2969.97,-53.172
2970.21,-52.568
2970.46,-52.070
2970.70,-57.483
2970.95,-55.686
2971.19,-52.728
2971.44,-54.330
2971.68,-53.486
2971.92,-54.704
2972.17,-56.184
2972.41,-55.925
2972.66,-55.358
2972.90,-53.410
2973.14,-53.846
2973.39,-52.816
2973.63,-54.161
2973.88,-54.563
2974.12,-55.628
2974.37,-55.053
2974.61,-56.726
2974.85,-53.383
2975.10,-54.607
2975.34,-56.249
2975.59,-54.995
2975.83,-57.698
2976.07,-54.300
2976.32,-55.143
2976.56,-54.539
2976.81,-53.296
2977.05,-55.797
2977.29,-54.061
2977.54,-55.527
2977.78,-55.888
2978.03,-54.711
2978.27,-53.514
2978.52,-55.986
2978.76,-56.530
2979.00,-55.119
2979.25,-56.181
2979.49,-54.292
2979.74,-52.664
2979.98,-55.881
2980.22,-55.026
2980.47,-55.960
2980.71,-57.500
2980.96,-57.935
2981.20,-55.862
2981.45,-56.328
2981.69,-53.769
2981.93,-55.954
2982.18,-55.436
2982.42,-55.306
2982.67,-54.169
2982.91,-55.061
2983.15,-53.179
2983.40,-54.629
2983.64,-54.716
2983.89,-56.504
2984.13,-54.251
2984.38,-56.266
2984.62,-56.510
2984.86,-54.431
2985.11,-54.111
2985.35,-58.123
2985.60,-56.009
2985.84,-55.285
2986.08,-55.244
2986.33,-58.998
2986.57,-56.806
2986.82,-55.662
2987.06,-56.420
2987.30,-55.573
2987.55,-56.587
2987.79,-56.174
2988.04,-56.295
2988.28,-57.379
2988.53,-55.368
2988.77,-55.987
2989.01,-58.568
2989.26,-57.886
2989.50,-55.129
2989.75,-56.668
2989.99,-56.916
2990.23,-56.005
2990.48,-57.327
2990.72,-58.234
2990.97,-56.631
2991.21,-56.429
2991.46,-55.043
2991.70,-57.805
2991.94,-57.766
2992.19,-56.945
2992.43,-56.020
2992.68,-57.472
2992.92,-55.404
2993.16,-57.630
2993.41,-57.540
2993.65,-58.203
2993.90,-58.441
2994.14,-57.253
2994.38,-56.806
2994.63,-57.060
2994.87,-57.226
2995.12,-57.623
2995.36,-56.639
2995.61,-57.021
2995.85,-56.404
2996.09,-58.002
2996.34,-57.497
2996.58,-58.341
2996.83,-55.735
2997.07,-57.631
2997.31,-53.956
2997.56,-57.903
2997.80,-55.495
2998.05,-57.317
2998.29,-58.179
2998.54,-58.323
2998.78,-59.387
2999.02,-59.104
2999.27,-58.110
2999.51,-58.069
2999.76,-59.141
3000.00,-58.968
3000.24,-58.108
3000.49,-59.788
3000.73,-59.141
3000.98,-59.871
3001.22,-56.190
3001.46,-60.274
3001.71,-58.835
3001.95,-57.828
3002.20,-58.338
3002.44,-59.054
3002.69,-58.461
3002.93,-57.659
3003.17,-56.879
3003.42,-58.585
3003.66,-60.240
3003.91,-58.470
3004.15,-56.450
3004.39,-56.938
3004.64,-56.137
3004.88,-59.908
3005.13,-59.919
3005.37,-61.065
3005.62,-59.313
3005.86,-56.389
3006.10,-56.364
3006.35,-58.160
3006.59,-58.071
3006.84,-60.375
3007.08,-59.068
3007.32,-58.039
3007.57,-57.756
3007.81,-58.230
3008.06,-58.298
3008.30,-59.091
3008.54,-59.679
3008.79,-58.914
3009.03,-59.033
3009.28,-57.408
3009.52,-58.945
3009.77,-59.498
3010.01,-56.377
3010.25,-59.696
3010.50,-62.209
3010.74,-59.253
3010.99,-58.407
3011.23,-58.219
3011.47,-59.233
3011.72,-59.041
3011.96,-59.801
3012.21,-57.951
3012.45,-59.697
3012.70,-62.006
3012.94,-59.787
3013.18,-58.833
3013.43,-58.721
3013.67,-59.554
3013.92,-60.360
3014.16,-59.292
3014.40,-58.554
3014.65,-59.795
3014.89,-59.551
3015.14,-59.191
3015.38,-57.465
3015.62,-59.997
3015.87,-60.122
3016.11,-61.047
3016.36,-59.127
3016.60,-60.408
3016.85,-61.517
3017.09,-58.604
3017.33,-58.438
3017.58,-59.592
3017.82,-62.561
3018.07,-58.784
3018.31,-60.080
3018.55,-61.141
3018.80,-61.719
3019.04,-61.983
3019.29,-59.008
3019.53,-60.280
3019.78,-59.262
3020.02,-61.294
3020.26,-60.438
3020.51,-59.687
3020.75,-58.098
3021.00,-61.635
3021.24,-61.476
3021.48,-60.847
3021.73,-59.529
3021.97,-57.550
3022.22,-59.321
3022.46,-62.123
3022.71,-59.881
3022.95,-60.358
3023.19,-59.777
3023.44,-58.038
3023.68,-60.671
3023.93,-61.264
3024.17,-59.785
3024.41,-59.294
3024.66,-60.555
3024.90,-59.945
3025.15,-59.979
3025.39,-58.176
3025.63,-60.705
3025.88,-62.879
3026.12,-60.227
3026.37,-62.501
3026.61,-62.308
3026.86,-61.108
3027.10,-60.177
3027.34,-58.822
3027.59,-60.112
3027.83,-62.550
3028.08,-61.179
3028.32,-61.189
3028.56,-58.973
3028.81,-61.496
3029.05,-58.463
3029.30,-60.739
3029.54,-59.645
3029.79,-61.464
3030.03,-59.510
3030.27,-60.792
3030.52,-59.361
3030.76,-61.373
3031.01,-61.698
3031.25,-61.617
3031.49,-62.245
3031.74,-62.850
3031.98,-60.336
3032.23,-62.446
3032.47,-61.587
3032.71,-62.049
3032.96,-61.761
3033.20,-61.748
3033.45,-58.825
3033.69,-62.433
3033.94,-63.969
3034.18,-61.790
3034.42,-62.347
3034.67,-60.681
3034.91,-60.540
3035.16,-62.492
3035.40,-62.081
3035.64,-60.652
3035.89,-61.022
3036.13,-63.079
3036.38,-62.121
3036.62,-62.650
3036.87,-60.967
3037.11,-60.096
3037.35,-62.450
3037.60,-62.642
3037.84,-60.475
3038.09,-62.140
3038.33,-62.811
3038.57,-61.596
3038.82,-64.559
3039.06,-59.937
3039.31,-63.804
3039.55,-61.556
3039.79,-60.690
3040.04,-62.230
3040.28,-61.606
3040.53,-59.903
3040.77,-62.765
3041.02,-61.889
3041.26,-63.491
3041.50,-61.851
3041.75,-62.763
3041.99,-62.165
3042.24,-60.707
3042.48,-60.894
3042.72,-59.669
3042.97,-63.368
3043.21,-60.245
3043.46,-61.465
3043.70,-61.051
3043.95,-62.441
3044.19,-61.229
3044.43,-58.957
3044.68,-63.320
3044.92,-62.634
3045.17,-59.829
3045.41,-62.637
3045.65,-62.038
3045.90,-61.297
3046.14,-65.335
3046.39,-62.374
3046.63,-63.927
3046.88,-62.187
3047.12,-61.077
3047.36,-64.637
3047.61,-63.362
3047.85,-63.368
3048.10,-62.799
3048.34,-64.624
3048.58,-62.850
3048.83,-62.498
3049.07,-63.335
3049.32,-62.226
3049.56,-60.782
3049.80,-64.712
3050.05,-63.102
3050.29,-63.673
3050.54,-65.019
3050.78,-64.933
3051.03,-63.663
3051.27,-62.418
3051.51,-61.403
3051.76,-62.693
3052.00,-62.979
3052.25,-63.058
3052.49,-61.815
3052.73,-62.515
3052.98,-62.341
3053.22,-63.139
3053.47,-62.334
3053.71,-62.687
3053.96,-61.237
3054.20,-61.201
3054.44,-62.561
3054.69,-63.019
3054.93,-64.559
3055.18,-65.514
3055.42,-64.145
3055.66,-63.345
3055.91,-63.880
3056.15,-63.079
3056.40,-63.727
3056.64,-61.251
3056.88,-61.192
3057.13,-61.129
3057.37,-61.810
3057.62,-65.057
3057.86,-66.276
3058.11,-64.103
3058.35,-62.884
3058.59,-63.333
3058.84,-64.349
3059.08,-63.160
3059.33,-64.808
3059.57,-61.324
3059.81,-63.905
3060.06,-63.755
3060.30,-62.496
3060.55,-63.260
3060.79,-63.920
3061.04,-64.575
3061.28,-65.642
3061.52,-63.235
3061.77,-62.447
3062.01,-64.758
3062.26,-64.944
3062.50,-62.857
3062.74,-64.505
3062.99,-62.508
3063.23,-65.406
3063.48,-63.238
3063.72,-64.723
3063.96,-62.231
3064.21,-63.798
3064.45,-65.190
3064.70,-64.130
3064.94,-63.154
3065.19,-65.734
3065.43,-60.725
3065.67,-65.688
3065.92,-66.783
3066.16,-63.039
3066.41,-64.400
3066.65,-63.969
3066.89,-64.476
3067.14,-62.563
3067.38,-63.568
3067.63,-64.609
3067.87,-63.123
3068.12,-62.696
3068.36,-63.258
3068.60,-63.358
3068.85,-64.253
3069.09,-64.013
3069.34,-63.228
3069.58,-66.275
3069.82,-67.387
3070.07,-67.333
3070.31,-65.087
3070.56,-66.725
3070.80,-64.165
3071.04,-63.714
3071.29,-64.094
3071.53,-63.847
3071.78,-64.103
3072.02,-64.257
3072.27,-62.640
3072.51,-62.862
3072.75,-64.159
3073.00,-62.528
3073.24,-65.153
3073.49,-65.256
3073.73,-65.966
3073.97,-66.268
3074.22,-65.275
3074.46,-65.485
3074.71,-66.516
3074.95,-64.930
3075.20,-65.254
3075.44,-64.827
3075.68,-66.081
3075.93,-63.450
3076.17,-64.146
3076.42,-64.589
3076.66,-64.102
3076.90,-63.458
3077.15,-65.458
3077.39,-66.014
3077.64,-65.151
3077.88,-62.836
3078.12,-63.538
3078.37,-63.135
3078.61,-64.285
3078.86,-63.021
3079.10,-65.821
3079.35,-65.245
3079.59,-64.042
3079.83,-62.454
3080.08,-67.877
3080.32,-66.924
3080.57,-64.654
3080.81,-63.424
3081.05,-63.166
3081.30,-64.793
3081.54,-64.793
3081.79,-64.022
3082.03,-65.801
3082.28,-67.266
3082.52,-65.186
3082.76,-66.160
3083.01,-66.654
3083.25,-65.218
3083.50,-64.150
3083.74,-63.882
3083.98,-67.000
3084.23,-65.792
3084.47,-65.739
3084.72,-64.931
3084.96,-63.756
3085.21,-64.138
3085.45,-62.162
3085.69,-65.522
3085.94,-64.560
3086.18,-65.967
3086.43,-63.554
3086.67,-64.701
3086.91,-66.124
3087.16,-65.118
3087.40,-65.615
3087.65,-66.606
3087.89,-64.634
3088.13,-66.144
3088.38,-63.431
3088.62,-66.790
3088.87,-64.800
3089.11,-66.225
3089.36,-65.333
3089.60,-66.408
3089.84,-66.459
3090.09,-64.449
3090.33,-65.271
3090.58,-63.919
3090.82,-63.810
3091.06,-66.779
3091.31,-67.142
3091.55,-66.443
3091.80,-65.706
3092.04,-65.706
3092.29,-64.391
3092.53,-67.423
3092.77,-67.510
3093.02,-67.375
3093.26,-65.043
3093.51,-65.669
3093.75,-67.795
3093.99,-65.161
3094.24,-65.578
3094.48,-64.426
3094.73,-67.653
3094.97,-64.516
3095.21,-64.188
3095.46,-63.597
3095.70,-64.056
3095.95,-65.028
3096.19,-62.642
3096.44,-66.884
3096.68,-66.076
3096.92,-66.204
3097.17,-66.743
3097.41,-66.574
3097.66,-65.828
3097.90,-67.315
3098.14,-62.374
3098.39,-65.879
3098.63,-64.092
3098.88,-65.965
3099.12,-65.446
3099.37,-63.621
3099.61,-66.675
3099.85,-64.986
3100.10,-66.512
3100.34,-65.165
3100.59,-67.402
3100.83,-65.617
3101.07,-63.985
3101.32,-65.528
3101.56,-66.065
3101.81,-65.185
3102.05,-64.271
3102.29,-66.681
3102.54,-65.235
3102.78,-65.630
3103.03,-65.223
3103.27,-67.423
3103.52,-69.603
3103.76,-67.691
3104.00,-65.129
3104.25,-67.280
3104.49,-65.265
3104.74,-66.442
3104.98,-65.329
3105.22,-65.075
3105.47,-67.183
3105.71,-65.658
3105.96,-66.045
3106.20,-67.259
3106.45,-65.060
3106.69,-65.331
3106.93,-65.879
3107.18,-66.614
3107.42,-66.368
3107.67,-68.425
3107.91,-64.012
3108.15,-66.282
3108.40,-65.867
3108.64,-67.306
3108.89,-68.082
3109.13,-67.621
3109.38,-67.629
3109.62,-66.187
3109.86,-66.416
3110.11,-63.748
3110.35,-66.084
3110.60,-66.639
3110.84,-64.364
3111.08,-67.216
3111.33,-66.440
3111.57,-66.860
3111.82,-66.271
3112.06,-65.495
3112.30,-65.106
3112.55,-67.697
3112.79,-67.033
3113.04,-65.552
3113.28,-66.665
3113.53,-64.796
3113.77,-66.581
3114.01,-67.274
3114.26,-65.850
3114.50,-66.878
3114.75,-63.905
3114.99,-66.637
3115.23,-65.136
3115.48,-65.819
3115.72,-68.007
3115.97,-67.789
3116.21,-66.344
3116.46,-64.591
3116.70,-66.502
3116.94,-69.670
3117.19,-68.058
3117.43,-67.037
3117.68,-67.673
3117.92,-66.850
3118.16,-65.976
3118.41,-67.552
3118.65,-67.538
3118.90,-65.041
3119.14,-68.728
3119.38,-66.387
3119.63,-66.127
3119.87,-66.352
3120.12,-64.749
3120.36,-70.026
3120.61,-65.903
3120.85,-68.095
3121.09,-65.360
3121.34,-65.853
3121.58,-66.573
3121.83,-65.124
3122.07,-67.118
3122.31,-67.698
3122.56,-67.479
3122.80,-67.684
3123.05,-68.606
3123.29,-66.678
3123.54,-66.426
3123.78,-66.356
3124.02,-67.617
3124.27,-68.507
3124.51,-69.240
3124.76,-68.774
3125.00,-67.740
3125.24,-68.473
3125.49,-65.532
3125.73,-67.550
3125.98,-69.360
3126.22,-70.064
3126.46,-64.517
3126.71,-64.181
3126.95,-68.192
3127.20,-68.289
3127.44,-67.146
3127.69,-65.779
3127.93,-68.998
3128.17,-67.097
3128.42,-66.988
3128.66,-65.703
3128.91,-65.870
3129.15,-64.697
3129.39,-67.435
3129.64,-66.637
3129.88,-67.080
3130.13,-68.639
3130.37,-69.378
3130.62,-68.915
3130.86,-66.554
3131.10,-70.328
3131.35,-65.496
3131.59,-68.488
3131.84,-69.396
3132.08,-67.835
3132.32,-66.599
3132.57,-66.700
3132.81,-66.622
3133.06,-68.616
3133.30,-68.325
3133.54,-67.478
3133.79,-68.422
3134.03,-70.296
3134.28,-66.222
3134.52,-69.380
3134.77,-68.399
3135.01,-67.344
3135.25,-68.631
3135.50,-68.792
3135.74,-67.484
3135.99,-67.972
3136.23,-64.935
3136.47,-67.319
3136.72,-66.655
3136.96,-67.799
3137.21,-68.688
3137.45,-70.016
3137.70,-67.447
3137.94,-69.043
3138.18,-67.378
3138.43,-68.620
3138.67,-68.510
3138.92,-67.322
3139.16,-66.308
3139.40,-69.081
3139.65,-69.368
3139.89,-70.378
3140.14,-68.625
3140.38,-68.776
3140.62,-65.359
3140.87,-66.650
3141.11,-68.323
3141.36,-69.228
3141.60,-72.429
3141.85,-69.008
3142.09,-68.409
3142.33,-66.714
3142.58,-66.511
3142.82,-69.507
3143.07,-67.653
3143.31,-71.574
3143.55,-68.741
3143.80,-70.661
3144.04,-67.392
3144.29,-67.566
3144.53,-70.201
3144.78,-67.565
3145.02,-69.460
3145.26,-69.909
3145.51,-69.435
3145.75,-68.235
3146.00,-68.892
3146.24,-67.283
3146.48,-67.408
3146.73,-69.580
3146.97,-67.056
3147.22,-69.220
3147.46,-65.920
3147.71,-68.963
3147.95,-70.633
3148.19,-69.259
3148.44,-67.717
3148.68,-68.503
3148.93,-68.952
3149.17,-71.506
3149.41,-67.512
3149.66,-66.851
3149.90,-67.780
3150.15,-68.759
3150.39,-66.926
3150.63,-69.072
3150.88,-70.475
3151.12,-68.654
3151.37,-67.974
3151.61,-68.539
3151.86,-68.195
3152.10,-68.622
3152.34,-68.899
3152.59,-67.372
3152.83,-66.465
3153.08,-67.327
3153.32,-68.682
3153.56,-70.685
3153.81,-69.940
3154.05,-70.045
3154.30,-70.897
3154.54,-67.618
3154.79,-68.071
3155.03,-68.353
3155.27,-70.970
3155.52,-69.299
3155.76,-68.631
3156.01,-67.504
3156.25,-69.510
3156.49,-69.840
3156.74,-69.716
3156.98,-67.094
3157.23,-70.233
3157.47,-69.115
3157.71,-68.464
3157.96,-68.476
3158.20,-67.422
3158.45,-69.918
3158.69,-69.664
3158.94,-69.047
3159.18,-70.219
3159.42,-68.684
3159.67,-69.676
3159.91,-67.671
3160.16,-69.809
3160.40,-68.731
3160.64,-69.037
3160.89,-71.921
3161.13,-71.288
3161.38,-69.615
3161.62,-68.227
3161.87,-66.769
3162.11,-68.330
3162.35,-68.276
3162.60,-69.908
3162.84,-69.084
3163.09,-68.364
3163.33,-69.080
3163.57,-66.736
3163.82,-68.601
3164.06,-69.487
3164.31,-68.132
3164.55,-67.171
3164.79,-69.101
3165.04,-68.807
3165.28,-71.360
3165.53,-70.303
3165.77,-70.011
3166.02,-72.231
3166.26,-69.163
3166.50,-68.768
3166.75,-66.601
3166.99,-69.481
3167.24,-69.001
3167.48,-70.758
3167.72,-71.728
3167.97,-71.588
3168.21,-72.295
3168.46,-69.444
3168.70,-69.919
3168.95,-68.332
3169.19,-69.013
3169.43,-69.552
3169.68,-68.390
3169.92,-70.415
3170.17,-70.548
3170.41,-69.856
3170.65,-70.194
3170.90,-69.865
3171.14,-72.022
3171.39,-69.406
3171.63,-69.224
3171.88,-68.373
3172.12,-70.076
3172.36,-68.277
3172.61,-69.122
3172.85,-67.670
3173.10,-68.190
3173.34,-69.441
3173.58,-66.590
3173.83,-71.271
3174.07,-70.119
3174.32,-68.306
3174.56,-68.934
3174.80,-67.992
3175.05,-70.683
3175.29,-68.883
3175.54,-68.186
3175.78,-68.426
3176.03,-68.324
3176.27,-68.936
3176.51,-71.685
3176.76,-70.310
3177.00,-71.080
3177.25,-69.318
3177.49,-69.586
3177.73,-70.159
3177.98,-70.557
3178.22,-69.590
3178.47,-70.007
3178.71,-71.909
3178.96,-71.041
3179.20,-69.309
3179.44,-72.565
3179.69,-72.504
3179.93,-71.292
3180.18,-71.977
3180.42,-68.230
3180.66,-68.129
3180.91,-69.903
3181.15,-69.933
3181.40,-71.061
3181.64,-70.430
3181.88,-70.713
3182.13,-68.571
3182.37,-70.663
3182.62,-67.731
3182.86,-71.436
3183.11,-70.263
3183.35,-70.895
3183.59,-70.323
3183.84,-72.183
3184.08,-70.301
3184.33,-68.343
3184.57,-68.093
3184.81,-68.162
3185.06,-67.922
3185.30,-68.692
3185.55,-70.586
3185.79,-71.928
3186.04,-72.974
3186.28,-70.008
3186.52,-70.125
3186.77,-70.978
3187.01,-70.127
3187.26,-71.010
3187.50,-69.718
3187.74,-71.084
3187.99,-70.312
3188.23,-71.299
3188.48,-72.032
3188.72,-71.241
3188.96,-70.533
3189.21,-71.980
3189.45,-71.319
3189.70,-69.424
3189.94,-67.938
3190.19,-69.627
3190.43,-69.265
3190.67,-69.373
3190.92,-70.341
3191.16,-70.077
3191.41,-73.060
3191.65,-72.256
3191.89,-71.435
3192.14,-72.752
3192.38,-72.536
3192.63,-73.406
3192.87,-68.550
3193.12,-71.048
3193.36,-70.490
3193.60,-70.059
3193.85,-71.157
3194.09,-72.054
3194.34,-71.697
3194.58,-70.470
3194.82,-71.431
3195.07,-71.113
3195.31,-70.255
3195.56,-70.250
3195.80,-69.985
3196.04,-70.656
3196.29,-70.428
3196.53,-70.631
3196.78,-72.248
3197.02,-72.228
3197.27,-69.999
3197.51,-69.556
3197.75,-70.696
3198.00,-71.357
3198.24,-71.042
3198.49,-72.768
3198.73,-70.143
3198.97,-72.669
3199.22,-70.907
3199.46,-70.570
3199.71,-71.337
3199.95,-71.227
3200.20,-68.931
3200.44,-71.965
3200.68,-70.491
3200.93,-73.157
3201.17,-71.312
3201.42,-71.674
3201.66,-73.352
3201.90,-71.254
3202.15,-71.111
3202.39,-72.338
3202.64,-72.806
3202.88,-73.383
3203.12,-71.838
3203.37,-69.722
3203.61,-71.905
3203.86,-69.754
3204.10,-72.585
3204.35,-72.845
3204.59,-71.633
3204.83,-72.668
3205.08,-73.303
3205.32,-69.684
3205.57,-72.564
3205.81,-70.949
3206.05,-68.428
3206.30,-72.761
3206.54,-69.563
3206.79,-69.559
3207.03,-72.816
3207.28,-70.181
3207.52,-72.669
3207.76,-69.703
3208.01,-70.251
3208.25,-72.903
3208.50,-73.290
3208.74,-73.508
3208.98,-71.652
3209.23,-69.746
3209.47,-71.450
3209.72,-71.341
3209.96,-71.586
3210.21,-70.255
3210.45,-71.266
3210.69,-71.904
3210.94,-69.532
3211.18,-71.612
3211.43,-71.229
3211.67,-71.943
3211.91,-70.403
3212.16,-70.484
3212.40,-72.856
3212.65,-73.001
3212.89,-73.213
3213.13,-72.368
3213.38,-71.397
3213.62,-73.155
3213.87,-74.333
3214.11,-71.712
3214.36,-72.889
3214.60,-73.300
3214.84,-73.266
3215.09,-68.947
3215.33,-69.374
3215.58,-71.831
3215.82,-72.164
3216.06,-72.078
3216.31,-73.056
3216.55,-71.196
3216.80,-72.879
3217.04,-72.434
3217.29,-68.634
3217.53,-70.692
3217.77,-72.557
3218.02,-69.842
3218.26,-71.318
3218.51,-69.831
3218.75,-70.361
3218.99,-73.391
3219.24,-70.662
3219.48,-72.778
3219.73,-69.213
3219.97,-72.218
3220.21,-71.649
3220.46,-72.477
3220.70,-73.779
3220.95,-71.573
3221.19,-71.132
3221.44,-71.493
3221.68,-73.455
3221.92,-72.265
3222.17,-72.869
3222.41,-71.741
3222.66,-69.369
3222.90,-72.734
3223.14,-69.981
3223.39,-71.768
3223.63,-71.037
3223.88,-73.013
3224.12,-72.975
3224.37,-71.760
3224.61,-69.958
3224.85,-73.079
3225.10,-70.277
3225.34,-73.785
3225.59,-72.223
3225.83,-73.205
3226.07,-72.141
3226.32,-71.793
3226.56,-73.639
3226.81,-72.934
3227.05,-70.789
3227.29,-72.097
3227.54,-71.836
3227.78,-73.780
3228.03,-70.407
3228.27,-69.907
3228.52,-71.738
3228.76,-74.485
3229.00,-73.056
3229.25,-70.882
3229.49,-72.485
3229.74,-71.035
3229.98,-73.762
3230.22,-74.135
3230.47,-71.598
3230.71,-73.375
3230.96,-73.166
3231.20,-69.729
3231.45,-70.050
3231.69,-71.318
3231.93,-71.852
3232.18,-72.793
3232.42,-72.953
3232.67,-74.348
3232.91,-72.029
3233.15,-72.107
3233.40,-74.302
3233.64,-74.417
3233.89,-73.265
3234.13,-73.683
3234.38,-74.335
3234.62,-70.581
3234.86,-71.992
3235.11,-74.053
3235.35,-72.680
3235.60,-72.690
3235.84,-75.127
3236.08,-73.694
3236.33,-73.186
3236.57,-73.802
3236.82,-75.170
3237.06,-73.783
3237.30,-73.906
3237.55,-72.352
3237.79,-72.885
3238.04,-74.729
3238.28,-73.306
3238.53,-72.443
3238.77,-72.158
3239.01,-73.024
3239.26,-70.081
3239.50,-71.795
3239.75,-73.361
3239.99,-71.866
3240.23,-74.092
3240.48,-71.266
3240.72,-73.267
3240.97,-74.058
3241.21,-72.882
3241.46,-73.323
3241.70,-73.582
3241.94,-71.620
3242.19,-73.937
3242.43,-74.999
3242.68,-70.739
3242.92,-72.154
3243.16,-73.069
3243.41,-72.246
3243.65,-72.789
3243.90,-75.963
3244.14,-74.265
3244.38,-75.037
3244.63,-73.793
3244.87,-74.429
3245.12,-73.695
3245.36,-71.641
3245.61,-73.225
3245.85,-74.003
3246.09,-72.464
3246.34,-72.460
3246.58,-77.036
3246.83,-73.768
3247.07,-75.280
3247.31,-73.866
3247.56,-75.004
3247.80,-73.413
3248.05,-75.139
3248.29,-73.244
3248.54,-74.544
3248.78,-73.380
3249.02,-73.356
3249.27,-73.479
3249.51,-71.533
3249.76,-73.286
3250.00,-75.013
3250.24,-73.412
3250.49,-74.500
3250.73,-73.052
3250.98,-72.670
3251.22,-73.465
3251.46,-73.309
3251.71,-73.406
3251.95,-73.323
3252.20,-75.070
3252.44,-72.819
3252.69,-72.687
3252.93,-74.314
3253.17,-72.108
3253.42,-73.157
3253.66,-72.588
3253.91,-75.403
3254.15,-72.517
3254.39,-74.552
3254.64,-73.027
3254.88,-73.536
3255.13,-74.182
3255.37,-72.501
3255.62,-71.351
3255.86,-73.103
3256.10,-74.187
3256.35,-72.346
3256.59,-73.764
3256.84,-74.703
3257.08,-75.009
3257.32,-74.149
3257.57,-73.253
3257.81,-74.007
3258.06,-72.977
3258.30,-74.568
3258.54,-75.105
3258.79,-75.017
3259.03,-74.507
3259.28,-75.037
3259.52,-74.092
3259.77,-75.435
3260.01,-72.091
3260.25,-76.018
3260.50,-72.534
3260.74,-73.311
3260.99,-75.031
3261.23,-76.200
3261.47,-74.507
3261.72,-75.144
3261.96,-74.340
3262.21,-72.064
3262.45,-74.424
3262.70,-75.767
3262.94,-75.440
3263.18,-75.664
3263.43,-73.435
3263.67,-75.146
3263.92,-76.359
3264.16,-75.004
3264.40,-74.571
3264.65,-75.139
3264.89,-74.046
3265.14,-74.702
3265.38,-73.801
3265.62,-75.415
3265.87,-74.334
3266.11,-73.990
3266.36,-74.292
3266.60,-73.315
3266.85,-72.516
3267.09,-71.844
3267.33,-72.654
3267.58,-74.566
3267.82,-74.061
3268.07,-72.872
3268.31,-75.238
3268.55,-74.154
3268.80,-76.127
3269.04,-74.488
3269.29,-75.913
3269.53,-76.681
3269.78,-74.275
3270.02,-74.161
3270.26,-78.841
3270.51,-73.740
3270.75,-75.576
3271.00,-73.311
3271.24,-75.032
3271.48,-73.225
3271.73,-73.086
3271.97,-72.421
3272.22,-72.234
3272.46,-73.109
3272.71,-71.634
3272.95,-73.960
3273.19,-73.338
3273.44,-74.244
3273.68,-73.464
3273.93,-73.780
3274.17,-72.446
3274.41,-73.432
3274.66,-74.420
3274.90,-75.457
3275.15,-77.572
3275.39,-73.666
3275.63,-75.512
3275.88,-71.218
3276.12,-74.000
3276.37,-75.744
3276.61,-76.858
3276.86,-75.652
3277.10,-74.879
3277.34,-75.088
3277.59,-75.081
3277.83,-71.814
3278.08,-77.206
3278.32,-75.481
3278.56,-77.018
3278.81,-73.553
3279.05,-75.215
3279.30,-74.416
3279.54,-74.074
3279.79,-74.532
3280.03,-75.046
3280.27,-76.220
3280.52,-73.850
3280.76,-74.450
3281.01,-76.827
3281.25,-76.599
3281.49,-74.390
3281.74,-77.335
3281.98,-76.446
3282.23,-76.079
3282.47,-78.672
3282.71,-75.210
3282.96,-74.711
3283.20,-78.991
3283.45,-75.457
3283.69,-73.904
3283.94,-77.792
3284.18,-76.983
3284.42,-75.444
3284.67,-74.967
3284.91,-76.427
3285.16,-76.856
3285.40,-75.801
3285.64,-75.981
3285.89,-76.614
3286.13,-75.004
3286.38,-75.414
3286.62,-75.558
3286.87,-74.259
3287.11,-76.640
3287.35,-75.138
3287.60,-78.781
3287.84,-76.256
3288.09,-75.537
3288.33,-77.308
3288.57,-76.480
3288.82,-79.255
3289.06,-76.802
3289.31,-75.919
3289.55,-76.374
3289.79,-71.867
3290.04,-76.180
3290.28,-73.571
3290.53,-76.608
3290.77,-77.275
3291.02,-75.554
3291.26,-75.912
3291.50,-75.278
3291.75,-75.011
3291.99,-75.788
3292.24,-77.878
3292.48,-76.504
3292.72,-76.335
3292.97,-75.732
3293.21,-75.988
3293.46,-75.280
3293.70,-75.829
3293.95,-76.798
3294.19,-73.932
3294.43,-73.728
3294.68,-73.811
3294.92,-75.706
3295.17,-75.291
3295.41,-77.564
3295.65,-78.429
3295.90,-76.926
3296.14,-75.034
3296.39,-74.869
3296.63,-74.631
3296.88,-73.737
3297.12,-76.474
3297.36,-77.438
3297.61,-76.185
3297.85,-76.427
3298.10,-74.998
3298.34,-73.912
3298.58,-75.344
3298.83,-76.693
3299.07,-77.779
3299.32,-75.870
3299.56,-76.091
3299.80,-76.117
3300.05,-73.997
3300.29,-74.747
3300.54,-75.207
3300.78,-76.681
3301.03,-74.309
3301.27,-75.934
3301.51,-77.341
3301.76,-74.949
3302.00,-78.172
3302.25,-74.839
3302.49,-79.229
3302.73,-76.450
3302.98,-73.969
3303.22,-74.207
3303.47,-75.640
3303.71,-75.707
3303.96,-76.344
3304.20,-75.459
3304.44,-74.891
3304.69,-77.480
3304.93,-76.057
3305.18,-77.090
3305.42,-77.408
3305.66,-77.365
3305.91,-78.599
3306.15,-79.069
3306.40,-76.287
3306.64,-77.052
3306.88,-77.292
3307.13,-76.933
3307.37,-76.267
3307.62,-77.079
3307.86,-76.810
3308.11,-78.185
3308.35,-75.499
3308.59,-77.467
3308.84,-74.238
3309.08,-76.764
3309.33,-76.935
3309.57,-75.797
3309.81,-77.316
3310.06,-75.020
3310.30,-76.059
3310.55,-78.080
3310.79,-75.531
3311.04,-75.536
3311.28,-77.432
3311.52,-78.741
3311.77,-77.925
3312.01,-75.577
3312.26,-77.465
3312.50,-77.938
3312.74,-79.510
3312.99,-76.950
3313.23,-75.745
3313.48,-77.567
3313.72,-77.035
3313.96,-76.802
3314.21,-76.440
3314.45,-76.547
3314.70,-79.565
3314.94,-77.202
3315.19,-76.960
3315.43,-75.945
3315.67,-76.024
3315.92,-79.049
3316.16,-78.177
3316.41,-76.423
3316.65,-78.395
3316.89,-77.309
3317.14,-76.491
3317.38,-77.145
3317.63,-75.717
3317.87,-79.581
3318.12,-79.625
3318.36,-76.961
3318.60,-78.186
3318.85,-76.507
3319.09,-76.398
3319.34,-77.911
3319.58,-80.995
3319.82,-76.636
3320.07,-76.919
3320.31,-77.025
3320.56,-75.800
3320.80,-78.795
3321.04,-74.859
3321.29,-81.072
3321.53,-79.313
3321.78,-77.766
3322.02,-78.216
3322.27,-76.584
3322.51,-78.576
3322.75,-78.924
3323.00,-78.565
3323.24,-76.037
3323.49,-76.688
3323.73,-81.181
3323.97,-77.722
3324.22,-76.141
3324.46,-78.479
3324.71,-80.071
3324.95,-77.715
3325.20,-79.866
3325.44,-76.077
3325.68,-77.779
3325.93,-76.783
3326.17,-77.557
3326.42,-80.101
3326.66,-76.173
3326.90,-76.239
3327.15,-76.196
3327.39,-75.385
3327.64,-77.647
3327.88,-78.625
3328.12,-80.069
3328.37,-77.996
3328.61,-78.824
3328.86,-76.637
3329.10,-76.407
3329.35,-77.633
3329.59,-78.634
3329.83,-81.103
3330.08,-78.184
3330.32,-79.723
3330.57,-78.378
3330.81,-79.088
3331.05,-78.588
3331.30,-80.033
3331.54,-78.264
3331.79,-79.059
3332.03,-78.815
3332.28,-79.253
3332.52,-77.737
3332.76,-77.792
3333.01,-77.419
3333.25,-75.108
3333.50,-78.104
3333.74,-76.168
3333.98,-77.033
3334.23,-79.129
3334.47,-78.429
3334.72,-77.834
3334.96,-75.894
3335.21,-77.188
3335.45,-74.568
3335.69,-77.624
3335.94,-79.129
3336.18,-78.073
3336.43,-80.282
3336.67,-78.476
3336.91,-78.741
3337.16,-77.259
3337.40,-78.194
3337.65,-79.650
3337.89,-79.336
3338.13,-76.315
3338.38,-79.611
3338.62,-79.765
3338.87,-78.931
3339.11,-77.496
3339.36,-79.883
3339.60,-80.770
3339.84,-78.465
3340.09,-79.805
3340.33,-77.447
3340.58,-78.260
3340.82,-77.451
3341.06,-78.890
3341.31,-78.948
3341.55,-79.449
3341.80,-80.624
3342.04,-78.226
3342.29,-79.715
3342.53,-79.512
3342.77,-80.277
3343.02,-80.465
3343.26,-79.760
3343.51,-80.359
3343.75,-78.172
3343.99,-79.532
3344.24,-77.986
3344.48,-78.767
3344.73,-78.558
3344.97,-79.006
3345.21,-80.333
3345.46,-79.288
3345.70,-78.488
3345.95,-78.445
3346.19,-78.588
3346.44,-78.661
3346.68,-77.487
3346.92,-77.871
3347.17,-76.392
3347.41,-78.229
3347.66,-79.230
3347.90,-80.865
3348.14,-79.186
3348.39,-79.803
3348.63,-78.109
3348.88,-77.357
3349.12,-79.526
3349.37,-80.151
3349.61,-77.613
3349.85,-77.549
3350.10,-78.462
3350.34,-80.535
3350.59,-81.784
3350.83,-81.021
3351.07,-79.552
3351.32,-78.881
3351.56,-76.523
3351.81,-79.714
3352.05,-80.093
3352.29,-78.562
3352.54,-80.589
3352.78,-80.332
3353.03,-80.015
3353.27,-78.015
3353.52,-79.595
3353.76,-80.831
3354.00,-80.404
3354.25,-79.694
3354.49,-79.627
3354.74,-81.025
3354.98,-81.559
3355.22,-81.379
3355.47,-79.569
3355.71,-80.070
3355.96,-80.086
3356.20,-78.809
3356.45,-81.887
3356.69,-80.627
3356.93,-80.611
3357.18,-79.936
3357.42,-79.071
3357.67,-80.160
3357.91,-78.890
3358.15,-80.435
3358.40,-81.607
3358.64,-81.034
3358.89,-81.384
3359.13,-80.397
3359.38,-84.946
3359.62,-80.450
3359.86,-78.196
3360.11,-78.856
3360.35,-79.245
3360.60,-79.793
3360.84,-80.022
3361.08,-78.725
3361.33,-78.130
3361.57,-78.033
3361.82,-78.721
3362.06,-79.266
3362.30,-80.072
3362.55,-77.763
3362.79,-78.237
3363.04,-80.414
3363.28,-79.030
3363.53,-79.285
3363.77,-79.033
3364.01,-81.711
3364.26,-78.043
3364.50,-79.614
3364.75,-79.526
3364.99,-80.479
3365.23,-81.093
3365.48,-81.064
3365.72,-81.715
3365.97,-78.982
3366.21,-81.389
3366.46,-81.248
3366.70,-79.424
3366.94,-78.959
3367.19,-80.944
3367.43,-82.046
3367.68,-79.997
3367.92,-79.398
3368.16,-78.898
3368.41,-77.827
3368.65,-79.675
3368.90,-81.810
3369.14,-81.006
3369.38,-80.158
3369.63,-80.745
3369.87,-79.792
3370.12,-83.270
3370.36,-80.603
3370.61,-80.514
3370.85,-82.824
3371.09,-79.997
3371.34,-79.011
3371.58,-78.470
3371.83,-80.503
3372.07,-83.579
3372.31,-80.678
3372.56,-79.987
3372.80,-81.562
3373.05,-79.776
3373.29,-80.433
3373.54,-80.750
3373.78,-82.680
3374.02,-81.821
3374.27,-81.310
3374.51,-80.112
3374.76,-80.021
3375.00,-81.402
3375.24,-81.104
3375.49,-82.359
3375.73,-80.148
3375.98,-82.406
3376.22,-81.217
3376.46,-84.032
3376.71,-81.278
3376.95,-79.943
3377.20,-79.492
3377.44,-81.363
3377.69,-81.625
3377.93,-81.500
3378.17,-81.818
3378.42,-81.182
3378.66,-85.287
3378.91,-80.718
3379.15,-80.406
3379.39,-82.331
3379.64,-79.739
3379.88,-79.937
3380.13,-80.733
3380.37,-81.271
3380.62,-80.163
3380.86,-81.454
3381.10,-80.125
3381.35,-80.644
3381.59,-79.624
3381.84,-80.756
3382.08,-81.875
3382.32,-80.404
3382.57,-81.495
3382.81,-81.319
3383.06,-81.361
3383.30,-81.630
3383.54,-82.053
3383.79,-78.893
3384.03,-82.926
3384.28,-81.674
3384.52,-81.880
3384.77,-80.433
3385.01,-80.684
3385.25,-84.374
3385.50,-82.388
3385.74,-82.059
3385.99,-82.519
3386.23,-82.375
3386.47,-81.019
3386.72,-83.926
3386.96,-82.604
3387.21,-79.305
3387.45,-83.219
3387.70,-82.205
3387.94,-83.349
3388.18,-81.494
3388.43,-80.680
3388.67,-81.920
3388.92,-81.061
3389.16,-79.493
3389.40,-82.046
3389.65,-81.773
3389.89,-83.689
3390.14,-83.426
3390.38,-80.724
3390.62,-84.245
3390.87,-82.749
3391.11,-80.629
3391.36,-84.105
3391.60,-84.249
3391.85,-84.851
3392.09,-82.277
3392.33,-82.985
3392.58,-83.977
3392.82,-84.066
3393.07,-85.243
3393.31,-81.330
3393.55,-81.030
3393.80,-82.581
3394.04,-82.809
3394.29,-82.105
3394.53,-81.578
3394.78,-84.377
3395.02,-82.817
3395.26,-81.308
3395.51,-82.454
3395.75,-83.171
3396.00,-81.574
3396.24,-80.871
3396.48,-81.452
3396.73,-83.289
3396.97,-82.044
3397.22,-83.950
3397.46,-80.295
3397.71,-83.302
3397.95,-83.592
3398.19,-82.575
3398.44,-80.054
3398.68,-84.936
3398.93,-82.968
3399.17,-83.362
3399.41,-83.950
3399.66,-83.758
3399.90,-85.693
3400.15,-85.467
3400.39,-84.939
3400.63,-81.943
3400.88,-82.951
3401.12,-82.341
3401.37,-83.863
3401.61,-83.400
3401.86,-83.796
3402.10,-81.331
3402.34,-82.296
3402.59,-84.188
3402.83,-84.024
3403.08,-82.763
3403.32,-83.158
3403.56,-83.672
3403.81,-81.895
3404.05,-84.873
3404.30,-84.207
3404.54,-83.932
3404.79,-83.977
3405.03,-82.756
3405.27,-84.583
3405.52,-83.598
3405.76,-80.694
3406.01,-84.865
3406.25,-83.232
3406.49,-82.579
3406.74,-84.529
3406.98,-83.902
3407.23,-84.222
3407.47,-84.437
3407.71,-83.109
3407.96,-82.823
3408.20,-84.892
3408.45,-85.599
3408.69,-83.965
3408.94,-84.653
3409.18,-83.607
3409.42,-83.669
3409.67,-83.847
3409.91,-83.078
3410.16,-84.912
3410.40,-84.604
3410.64,-83.487
3410.89,-83.865
3411.13,-84.466
3411.38,-84.706
3411.62,-84.800
3411.87,-83.939
3412.11,-82.986
3412.35,-84.086
3412.60,-86.224
3412.84,-82.655
3413.09,-82.993
3413.33,-82.802
3413.57,-82.713
3413.82,-83.202
3414.06,-84.689
3414.31,-81.997
3414.55,-83.368
3414.79,-84.394
3415.04,-84.058
3415.28,-84.422
3415.53,-85.266
3415.77,-85.594
3416.02,-82.543
3416.26,-84.988
3416.50,-84.030
3416.75,-83.883
3416.99,-83.499
3417.24,-84.984
3417.48,-82.345
3417.72,-83.379
3417.97,-85.478
3418.21,-86.712
3418.46,-84.110
3418.70,-84.879
3418.95,-84.648
3419.19,-84.340
3419.43,-83.259
3419.68,-85.613
3419.92,-83.703
3420.17,-83.507
3420.41,-84.041
3420.65,-84.054
3420.90,-84.269
3421.14,-83.979
3421.39,-83.780
3421.63,-84.611
3421.88,-83.719
3422.12,-84.189
3422.36,-86.565
3422.61,-84.845
3422.85,-85.565
3423.10,-84.479
3423.34,-84.316
3423.58,-83.454
3423.83,-86.944
3424.07,-86.267
3424.32,-84.460
3424.56,-81.241
3424.80,-82.958
3425.05,-83.588
3425.29,-84.438
3425.54,-84.777
3425.78,-83.823
3426.03,-83.089
3426.27,-85.604
3426.51,-86.379
3426.76,-83.387
3427.00,-83.804
3427.25,-85.324
3427.49,-86.323
3427.73,-86.165
3427.98,-86.358
3428.22,-84.719
3428.47,-84.693
3428.71,-81.778
3428.96,-82.106
3429.20,-82.826
3429.44,-84.170
3429.69,-84.640
3429.93,-83.295
3430.18,-84.336
3430.42,-82.736
3430.66,-84.410
3430.91,-83.248
3431.15,-85.589
3431.40,-84.131
3431.64,-84.664
3431.88,-84.644
3432.13,-84.488
3432.37,-87.012
3432.62,-87.517
3432.86,-85.660
3433.11,-85.904
3433.35,-84.193
3433.59,-86.254
3433.84,-85.083
3434.08,-86.017
3434.33,-83.525
3434.57,-83.670
3434.81,-85.433
3435.06,-87.105
3435.30,-86.821
3435.55,-87.012
3435.79,-85.544
3436.04,-86.369
3436.28,-83.079
3436.52,-87.721
3436.77,-86.579
3437.01,-87.998
3437.26,-87.526
3437.50,-86.139
3437.74,-83.268
3437.99,-85.454
3438.23,-84.988
3438.48,-85.742
3438.72,-84.208
3438.96,-84.260
3439.21,-86.163
3439.45,-88.157
3439.70,-85.189
3439.94,-83.416
3440.19,-87.759
3440.43,-86.165
3440.67,-84.986
3440.92,-84.655
3441.16,-86.669
3441.41,-86.819
3441.65,-90.821
3441.89,-87.673
3442.14,-85.694
3442.38,-85.451
3442.63,-88.019
3442.87,-86.250
3443.12,-86.383
3443.36,-87.997
3443.60,-85.357
3443.85,-86.758
3444.09,-86.789
3444.34,-84.614
3444.58,-87.160
3444.82,-89.864
3445.07,-86.922
3445.31,-88.137
3445.56,-86.671
3445.80,-87.708
3446.04,-86.421
3446.29,-85.757
3446.53,-85.637
3446.78,-85.631
3447.02,-85.759
3447.27,-87.088
3447.51,-87.781
3447.75,-87.975
3448.00,-83.919
3448.24,-85.989
3448.49,-84.773
3448.73,-85.703
3448.97,-85.715
3449.22,-87.393
3449.46,-86.308
3449.71,-86.957
3449.95,-86.932
3450.20,-85.666
3450.44,-88.217
3450.68,-88.784
3450.93,-90.746
3451.17,-85.162
3451.42,-84.847
3451.66,-85.559
3451.90,-87.006
3452.15,-84.663
3452.39,-88.491
3452.64,-86.560
3452.88,-86.986
3453.12,-87.941
3453.37,-87.170
3453.61,-86.161
3453.86,-87.667
3454.10,-87.874
3454.35,-86.381
3454.59,-86.324
3454.83,-85.090
3455.08,-86.748
3455.32,-88.219
3455.57,-87.969
3455.81,-89.443
3456.05,-87.097
3456.30,-87.450
3456.54,-86.423
3456.79,-87.677
3457.03,-89.198
3457.28,-88.047
3457.52,-85.893
3457.76,-86.357
3458.01,-87.034
3458.25,-86.245
3458.50,-85.507
3458.74,-87.171
3458.98,-86.919
3459.23,-88.066
3459.47,-87.520
3459.72,-88.771
3459.96,-88.502
3460.21,-86.609
3460.45,-87.448
3460.69,-88.770
3460.94,-90.007
3461.18,-87.759
3461.43,-86.156
3461.67,-88.917
3461.91,-90.163
3462.16,-87.339
3462.40,-88.104
3462.65,-87.644
3462.89,-85.182
3463.13,-88.000
3463.38,-88.042
3463.62,-89.138
3463.87,-86.877
3464.11,-87.541
3464.36,-89.648
3464.60,-88.781
3464.84,-85.046
3465.09,-85.536
3465.33,-88.667
3465.58,-86.186
3465.82,-88.268
3466.06,-89.453
3466.31,-91.246
3466.55,-87.350
3466.80,-90.153
3467.04,-87.961
3467.29,-87.806
3467.53,-88.047
3467.77,-86.622
3468.02,-88.673
3468.26,-87.163
3468.51,-87.279
3468.75,-88.533
3468.99,-89.036
3469.24,-89.485
3469.48,-90.061
3469.73,-88.208
3469.97,-86.138
3470.21,-87.716
3470.46,-85.647
3470.70,-89.406
3470.95,-89.196
3471.19,-88.356
3471.44,-93.038
3471.68,-89.940
3471.92,-86.353
3472.17,-87.413
3472.41,-86.370
3472.66,-90.080
3472.90,-88.483
3473.14,-86.580
3473.39,-90.081
3473.63,-88.399
3473.88,-88.309
3474.12,-87.773
3474.37,-88.323
3474.61,-88.037
3474.85,-89.792
3475.10,-88.689
3475.34,-89.864
3475.59,-87.941
3475.83,-89.028
3476.07,-89.107
3476.32,-87.997
3476.56,-89.145
3476.81,-87.385
3477.05,-89.437
3477.29,-91.397
3477.54,-89.772
3477.78,-88.842
3478.03,-88.189
3478.27,-89.649
3478.52,-87.753
3478.76,-87.787
3479.00,-91.587
3479.25,-91.476
3479.49,-89.058
3479.74,-90.926
3479.98,-92.061
3480.22,-87.708
3480.47,-89.186
3480.71,-92.670
3480.96,-91.288
3481.20,-91.075
3481.45,-89.494
3481.69,-88.314
3481.93,-90.236
3482.18,-93.426
3482.42,-89.917
3482.67,-89.599
3482.91,-88.959
3483.15,-89.722
3483.40,-88.552
3483.64,-91.672
3483.89,-90.925
3484.13,-90.323
3484.38,-90.588
3484.62,-89.746
3484.86,-89.702
3485.11,-90.174
3485.35,-88.648
3485.60,-88.189
3485.84,-89.237
3486.08,-90.005
3486.33,-88.846
3486.57,-90.519
3486.82,-90.092
3487.06,-91.711
3487.30,-91.728
3487.55,-89.229
3487.79,-88.058
3488.04,-87.912
3488.28,-88.558
3488.53,-89.135
3488.77,-89.919
3489.01,-89.358
3489.26,-91.361
3489.50,-90.877
3489.75,-89.096
3489.99,-89.553
3490.23,-90.363
3490.48,-89.480
3490.72,-89.443
3490.97,-90.596
3491.21,-92.510
3491.46,-89.674
3491.70,-90.831
3491.94,-92.936
3492.19,-92.369
3492.43,-89.558
3492.68,-88.722
3492.92,-89.719
3493.16,-90.584
3493.41,-91.078
3493.65,-91.265
3493.90,-91.149
3494.14,-89.470
3494.38,-89.992
3494.63,-91.422
3494.87,-90.635
3495.12,-89.407
3495.36,-89.415
3495.61,-88.248
3495.85,-88.412
3496.09,-91.752
3496.34,-91.242
3496.58,-89.650
3496.83,-92.554
3497.07,-90.422
3497.31,-91.779
3497.56,-91.550
3497.80,-89.636
3498.05,-91.746
3498.29,-89.817
3498.54,-91.513
3498.78,-91.340
3499.02,-92.797
3499.27,-93.528
3499.51,-89.603
3499.76,-91.066
3500.00,-90.817
3500.24,-91.157
3500.49,-90.671
3500.73,-90.928
3500.98,-91.447
3501.22,-90.609
3501.46,-91.394
3501.71,-88.816
3501.95,-91.292
3502.20,-91.396
3502.44,-93.320
3502.69,-89.463
3502.93,-92.712
3503.17,-89.910
3503.42,-90.959
3503.66,-90.028
3503.91,-91.619
3504.15,-91.208
3504.39,-91.678
3504.64,-92.270
3504.88,-92.890
3505.13,-94.235
3505.37,-93.221
3505.62,-91.815
3505.86,-92.478
3506.10,-89.324
3506.35,-88.867
3506.59,-90.943
3506.84,-91.239
3507.08,-93.337
3507.32,-93.123
3507.57,-90.143
3507.81,-92.284
3508.06,-91.758
3508.30,-92.389
3508.54,-92.762
3508.79,-90.837
3509.03,-92.835
3509.28,-93.219
3509.52,-90.089
3509.77,-91.679
3510.01,-92.972
3510.25,-91.820
3510.50,-93.895
3510.74,-92.348
3510.99,-89.178
3511.23,-93.600
3511.47,-93.332
3511.72,-91.506
3511.96,-92.655
3512.21,-89.576
3512.45,-92.732
3512.70,-92.212
3512.94,-93.753
3513.18,-92.852
3513.43,-92.470
3513.67,-92.935
3513.92,-92.769
3514.16,-91.349
3514.40,-92.100
3514.65,-91.547
3514.89,-95.359
3515.14,-92.077
3515.38,-93.768
3515.62,-93.269
3515.87,-93.245
3516.11,-94.113
3516.36,-95.830
3516.60,-93.762
3516.85,-94.046
3517.09,-94.939
3517.33,-94.056
3517.58,-93.543
3517.82,-92.354
3518.07,-93.220
3518.31,-94.043
3518.55,-92.616
3518.80,-93.753
3519.04,-95.486
3519.29,-90.542
3519.53,-93.017
3519.78,-93.978
3520.02,-93.326
3520.26,-93.285
3520.51,-94.647
3520.75,-91.760
3521.00,-92.805
3521.24,-91.788
3521.48,-92.189
3521.73,-93.089
3521.97,-91.874
3522.22,-92.854
3522.46,-94.145
3522.71,-96.150
3522.95,-93.865
3523.19,-94.183
3523.44,-93.674
3523.68,-94.099
3523.93,-94.447
3524.17,-96.883
3524.41,-91.715
3524.66,-92.315
3524.90,-95.081
3525.15,-91.285
3525.39,-93.831
3525.63,-92.655
3525.88,-93.097
3526.12,-93.782
3526.37,-94.443
3526.61,-93.644
3526.86,-94.809
3527.10,-93.153
3527.34,-94.133
3527.59,-92.800
3527.83,-94.763
3528.08,-94.132
3528.32,-94.305
3528.56,-93.059
3528.81,-95.862
3529.05,-93.706
3529.30,-92.043
3529.54,-92.111
3529.79,-93.090
3530.03,-94.649
3530.27,-92.861
3530.52,-93.225
3530.76,-94.814
3531.01,-95.998
3531.25,-93.856
3531.49,-95.651
3531.74,-96.091
3531.98,-94.281
3532.23,-94.739
3532.47,-92.336
3532.71,-95.170
3532.96,-93.773
3533.20,-94.580
3533.45,-93.972
3533.69,-93.597
3533.94,-96.576
3534.18,-94.501
3534.42,-94.883
3534.67,-95.248
3534.91,-95.670
3535.16,-96.508
3535.40,-94.822
3535.64,-92.247
3535.89,-93.948
3536.13,-94.662
3536.38,-93.554
3536.62,-94.230
3536.87,-95.584
3537.11,-97.164
3537.35,-95.156
3537.60,-93.986
3537.84,-94.210
3538.09,-94.210
3538.33,-92.923
3538.57,-93.030
3538.82,-93.830
3539.06,-96.289
3539.31,-94.403
3539.55,-94.986
3539.79,-94.858
3540.04,-95.479
3540.28,-95.381
3540.53,-95.989
3540.77,-93.925
3541.02,-96.628
3541.26,-96.115
3541.50,-95.868
3541.75,-93.210
3541.99,-93.073
3542.24,-94.269
3542.48,-92.026
3542.72,-95.774
3542.97,-96.931
3543.21,-93.204
3543.46,-93.341
3543.70,-93.529
3543.95,-95.330
3544.19,-96.132
3544.43,-93.997
3544.68,-95.032
3544.92,-94.318
3545.17,-95.397
3545.41,-97.867
3545.65,-93.871
3545.90,-97.524
3546.14,-95.622
3546.39,-95.582
3546.63,-92.678
3546.88,-93.749
3547.12,-92.937
3547.36,-95.508
3547.61,-98.710
3547.85,-94.596
3548.10,-96.981
3548.34,-95.278
3548.58,-96.679
3548.83,-97.112
3549.07,-96.899
3549.32,-97.257
3549.56,-98.534
3549.80,-93.351
3550.05,-94.113
3550.29,-93.871
3550.54,-95.451
3550.78,-96.334
3551.03,-96.667
3551.27,-96.988
3551.51,-94.564
3551.76,-98.245
3552.00,-95.089
3552.25,-94.744
3552.49,-96.524
3552.73,-96.720
3552.98,-93.996
3553.22,-94.422
3553.47,-95.477
3553.71,-96.916
3553.96,-96.419
3554.20,-94.378
3554.44,-95.294
3554.69,-98.414
3554.93,-95.225
3555.18,-95.480
3555.42,-97.060
3555.66,-97.871
3555.91,-99.651
3556.15,-97.905
3556.40,-96.963
3556.64,-96.536
3556.88,-97.751
3557.13,-95.862
3557.37,-95.931
3557.62,-96.541
3557.86,-98.916
3558.11,-96.269
3558.35,-97.054
3558.59,-95.413
3558.84,-98.540
3559.08,-99.401
3559.33,-98.587
3559.57,-95.186
3559.81,-98.722
3560.06,-97.442
3560.30,-97.848
3560.55,-99.215
3560.79,-98.016
3561.04,-96.890
3561.28,-96.992
3561.52,-98.912
3561.77,-97.551
3562.01,-98.124
3562.26,-98.471
3562.50,-95.366
3562.74,-96.251
3562.99,-96.740
3563.23,-97.521
3563.48,-101.394
3563.72,-95.398
3563.96,-96.817
3564.21,-99.975
3564.45,-97.524
3564.70,-97.550
3564.94,-96.167
3565.19,-98.442
3565.43,-98.372
3565.67,-97.023
3565.92,-97.933
3566.16,-97.909
3566.41,-97.665
3566.65,-98.533
3566.89,-100.384
3567.14,-98.558
3567.38,-96.213
3567.63,-100.246
3567.87,-97.124
3568.12,-98.160
3568.36,-98.435
3568.60,-98.075
3568.85,-96.484
3569.09,-97.280
3569.34,-97.763
3569.58,-99.105
3569.82,-98.011
3570.07,-99.178
3570.31,-97.983
3570.56,-97.500
3570.80,-98.719
3571.04,-99.456
3571.29,-98.033
3571.53,-100.119
3571.78,-99.021
3572.02,-99.992
3572.27,-98.702
3572.51,-100.197
3572.75,-97.103
3573.00,-100.833
3573.24,-98.076
3573.49,-98.402
3573.73,-98.165
3573.97,-97.636
3574.22,-96.074
3574.46,-99.871
3574.71,-97.527
3574.95,-98.914
3575.20,-98.247
3575.44,-99.770
3575.68,-98.549
3575.93,-97.456
3576.17,-96.504
3576.42,-98.231
3576.66,-99.227
3576.90,-99.264
3577.15,-98.899
3577.39,-96.386
3577.64,-98.177
3577.88,-99.280
3578.12,-99.163
3578.37,-99.098
3578.61,-98.430
3578.86,-99.599
3579.10,-98.976
3579.35,-98.809
3579.59,-99.687
3579.83,-101.713
3580.08,-97.417
3580.32,-99.147
3580.57,-97.441
3580.81,-97.972
3581.05,-97.969
3581.30,-98.863
3581.54,-100.163
3581.79,-99.468
3582.03,-98.697
3582.28,-98.117
3582.52,-99.318
3582.76,-98.451
3583.01,-97.748
3583.25,-99.206
3583.50,-102.042
3583.74,-97.973
3583.98,-96.768
3584.23,-98.748
3584.47,-97.978
3584.72,-100.287
3584.96,-98.351
3585.21,-101.228
3585.45,-101.040
3585.69,-100.670
3585.94,-97.902
3586.18,-99.578
3586.43,-98.442
3586.67,-100.293
3586.91,-97.803
3587.16,-99.889
3587.40,-97.400
3587.65,-98.160
3587.89,-100.481
3588.13,-98.728
3588.38,-100.722
3588.62,-97.533
3588.87,-99.718
3589.11,-98.613
3589.36,-99.456
3589.60,-100.071
3589.84,-96.990
3590.09,-98.596
3590.33,-99.296
3590.58,-99.135
3590.82,-98.055
3591.06,-99.022
3591.31,-97.023
3591.55,-100.745
3591.80,-100.462
3592.04,-100.668
3592.29,-100.437
3592.53,-99.390
3592.77,-100.927
3593.02,-99.015
3593.26,-98.532
3593.51,-100.998
3593.75,-100.258
3593.99,-99.877
3594.24,-100.200
3594.48,-101.551
3594.73,-98.803
3594.97,-99.339
3595.21,-101.585
3595.46,-102.745
3595.70,-99.901
3595.95,-100.709
3596.19,-99.078
3596.44,-100.945
3596.68,-102.985
3596.92,-101.696
3597.17,-102.665
3597.41,-100.435
3597.66,-102.407
3597.90,-98.316
3598.14,-99.839
3598.39,-101.435
3598.63,-99.913
3598.88,-100.093
3599.12,-98.855
3599.37,-100.625
3599.61,-100.885
3599.85,-99.065
3600.10,-101.358
3600.34,-102.622
3600.59,-102.119
3600.83,-100.278
3601.07,-100.997
3601.32,-100.833
3601.56,-100.218
3601.81,-103.570
3602.05,-101.477
3602.29,-101.919
3602.54,-100.241
3602.78,-100.786
3603.03,-100.453
3603.27,-101.457
3603.52,-98.901
3603.76,-101.677
3604.00,-102.337
3604.25,-101.148
3604.49,-100.836
3604.74,-100.068
3604.98,-101.275
3605.22,-103.408
3605.47,-101.160
3605.71,-98.128
3605.96,-102.956
3606.20,-101.012
3606.45,-101.438
3606.69,-101.859
3606.93,-101.298
3607.18,-100.692
3607.42,-102.644
3607.67,-100.017
3607.91,-100.585
3608.15,-101.027
3608.40,-101.889
3608.64,-101.084
3608.89,-103.105
3609.13,-101.279
3609.38,-102.173
3609.62,-99.885
3609.86,-101.558
3610.11,-101.147
3610.35,-101.911
3610.60,-101.959
3610.84,-99.374
3611.08,-101.125
3611.33,-101.593
3611.57,-102.001
3611.82,-100.438
3612.06,-100.684
3612.30,-100.287
3612.55,-101.792
3612.79,-100.038
3613.04,-102.265
3613.28,-102.141
3613.53,-99.931
3613.77,-101.103
3614.01,-100.155
3614.26,-102.179
3614.50,-102.740
3614.75,-103.808
3614.99,-101.619
3615.23,-104.733
3615.48,-104.741
3615.72,-99.516
3615.97,-102.050
3616.21,-101.511
3616.46,-100.478
3616.70,-103.958
3616.94,-103.714
3617.19,-102.580
3617.43,-103.187
3617.68,-104.401
3617.92,-100.780
3618.16,-103.676
3618.41,-103.930
3618.65,-102.401
3618.90,-103.773
3619.14,-103.996
3619.38,-102.637
3619.63,-101.471
3619.87,-101.771
3620.12,-101.976
3620.36,-102.872
3620.61,-102.766
3620.85,-101.497
3621.09,-103.558
3621.34,-102.038
3621.58,-104.097
3621.83,-105.735
3622.07,-104.596
3622.31,-101.643
3622.56,-102.884
3622.80,-102.608
3623.05,-101.030
3623.29,-101.073
3623.54,-102.877
3623.78,-102.686
3624.02,-104.013
3624.27,-103.039
3624.51,-102.860
3624.76,-100.394
3625.00,-103.016
3625.24,-102.962
3625.49,-100.981
3625.73,-101.564
3625.98,-104.559
3626.22,-104.645
3626.46,-101.227
3626.71,-103.095
3626.95,-103.179
3627.20,-101.635
3627.44,-103.365
3627.69,-101.633
3627.93,-102.016
3628.17,-102.260
3628.42,-103.368
3628.66,-102.625
3628.91,-104.717
3629.15,-101.440
3629.39,-101.546
3629.64,-101.511
3629.88,-101.342
3630.13,-103.876
3630.37,-105.795
3630.62,-100.996
3630.86,-102.385
3631.10,-103.360
3631.35,-103.097
3631.59,-101.702
3631.84,-102.759
3632.08,-104.032
3632.32,-100.858
3632.57,-102.898
3632.81,-103.445
3633.06,-103.126
3633.30,-105.739
3633.54,-103.990
3633.79,-103.369
3634.03,-104.278
3634.28,-101.691
3634.52,-106.017
3634.77,-103.504
3635.01,-100.830
3635.25,-102.476
3635.50,-103.724
3635.74,-104.083
3635.99,-102.962
3636.23,-102.798
3636.47,-103.356
3636.72,-102.682
3636.96,-104.872
3637.21,-104.051
3637.45,-105.769
3637.70,-103.172
3637.94,-103.548
3638.18,-102.910
3638.43,-102.518
3638.67,-103.085
3638.92,-102.227
3639.16,-102.686
3639.40,-103.213
3639.65,-104.421
3639.89,-103.619
3640.14,-101.381
3640.38,-104.222
3640.62,-104.574
3640.87,-104.308
3641.11,-103.869
3641.36,-102.464
3641.60,-103.493
3641.85,-103.264
3642.09,-103.290
3642.33,-102.387
3642.58,-102.103
3642.82,-102.137
3643.07,-101.959
3643.31,-103.714
3643.55,-103.686
3643.80,-102.950
3644.04,-105.375
3644.29,-103.667
3644.53,-103.018
3644.78,-103.802
3645.02,-103.392
3645.26,-105.068
3645.51,-104.069
3645.75,-105.015
3646.00,-102.889
3646.24,-102.837
3646.48,-103.455
3646.73,-104.266
3646.97,-104.934
3647.22,-103.647
3647.46,-105.669
3647.71,-104.952
3647.95,-102.788
3648.19,-102.790
3648.44,-104.597
3648.68,-102.357
3648.93,-106.418
3649.17,-105.166
3649.41,-103.516
3649.66,-104.109
3649.90,-105.041
3650.15,-102.774
3650.39,-102.151
3650.63,-105.461
3650.88,-102.847
3651.12,-103.283
3651.37,-104.400
3651.61,-104.910
3651.86,-106.148
3652.10,-104.952
3652.34,-104.833
3652.59,-105.312
3652.83,-105.047
3653.08,-105.242
3653.32,-104.793
3653.56,-106.202
3653.81,-104.641
3654.05,-104.580
3654.30,-104.516
3654.54,-103.842
3654.79,-103.075
3655.03,-104.911
3655.27,-104.593
3655.52,-104.287
3655.76,-103.254
3656.01,-103.805
3656.25,-103.606
3656.49,-102.712
3656.74,-104.387
3656.98,-104.285
3657.23,-103.573
3657.47,-104.376
3657.71,-104.615
3657.96,-104.180
3658.20,-104.649
3658.45,-102.251
3658.69,-106.820
3658.94,-104.836
3659.18,-105.574
3659.42,-105.747
3659.67,-104.309
3659.91,-104.506
3660.16,-103.877
3660.40,-103.083
3660.64,-105.107
3660.89,-104.508
3661.13,-104.235
3661.38,-105.195
3661.62,-103.435
3661.87,-104.087
3662.11,-103.970
3662.35,-102.721
3662.60,-104.708
3662.84,-105.497
3663.09,-105.007
3663.33,-103.512
3663.57,-105.918
3663.82,-104.653
3664.06,-105.363
3664.31,-102.646
3664.55,-107.034
3664.79,-106.000
3665.04,-105.733
3665.28,-105.352
3665.53,-105.343
3665.77,-103.313
3666.02,-104.693
3666.26,-104.046
3666.50,-107.336
3666.75,-105.562
3666.99,-105.350
3667.24,-103.340
3667.48,-103.973
3667.72,-104.186
3667.97,-104.799
3668.21,-104.937
3668.46,-104.389
3668.70,-104.524
3668.95,-104.933
3669.19,-105.722
3669.43,-105.017
3669.68,-105.322
3669.92,-104.979
3670.17,-104.622
3670.41,-107.123
3670.65,-105.887
3670.90,-106.320
3671.14,-105.387
3671.39,-104.098
3671.63,-103.178
3671.88,-102.219
3672.12,-105.381
3672.36,-105.809
3672.61,-105.497
3672.85,-106.081
3673.10,-106.060
3673.34,-104.491
3673.58,-104.779
3673.83,-105.294
3674.07,-104.752
3674.32,-105.051
3674.56,-105.061
3674.80,-105.485
3675.05,-104.699
3675.29,-106.123
3675.54,-104.926
3675.78,-104.768
3676.03,-104.634
3676.27,-107.026
3676.51,-105.986
3676.76,-105.845
3677.00,-102.933
3677.25,-104.707
3677.49,-104.691
3677.73,-105.151
3677.98,-107.176
3678.22,-106.381
3678.47,-107.970
3678.71,-105.602
3678.96,-106.813
3679.20,-104.819
3679.44,-104.256
3679.69,-105.536
3679.93,-104.592
3680.18,-106.483
3680.42,-105.626
3680.66,-106.753
3680.91,-104.254
3681.15,-106.053
3681.40,-104.352
3681.64,-103.883
3681.88,-106.410
3682.13,-107.629
3682.37,-106.676
3682.62,-104.106
3682.86,-104.908
3683.11,-106.423
3683.35,-105.529
3683.59,-106.746
3683.84,-105.039
3684.08,-105.109
3684.33,-106.729
3684.57,-104.235
3684.81,-104.691
3685.06,-104.862
3685.30,-105.624
3685.55,-107.089
3685.79,-106.123
3686.04,-106.731
3686.28,-105.440
3686.52,-105.368
3686.77,-105.925
3687.01,-105.866
3687.26,-106.039
3687.50,-106.485
3687.74,-106.493
3687.99,-105.008
3688.23,-105.744
3688.48,-105.545
3688.72,-107.473
3688.96,-106.656
3689.21,-106.912
3689.45,-105.808
3689.70,-106.129
3689.94,-105.863
3690.19,-107.994
3690.43,-103.468
3690.67,-105.458
3690.92,-105.941
3691.16,-105.356
3691.41,-106.732
3691.65,-105.925
3691.89,-107.791
3692.14,-107.753
3692.38,-105.369
3692.63,-106.692
3692.87,-106.829
3693.12,-106.676
3693.36,-105.756
3693.60,-106.241
3693.85,-107.907
3694.09,-108.177
3694.34,-106.571
3694.58,-107.654
3694.82,-106.544
3695.07,-107.406
3695.31,-107.285
3695.56,-107.428
3695.80,-108.025
3696.04,-105.366
3696.29,-107.983
3696.53,-107.521
3696.78,-107.211
3697.02,-108.401
3697.27,-108.021
3697.51,-107.458
3697.75,-106.980
3698.00,-106.373
3698.24,-107.153
3698.49,-107.864
3698.73,-107.611
3698.97,-107.995
3699.22,-108.094
3699.46,-106.911
3699.71,-107.163
3699.95,-107.371
3700.20,-107.238
3700.44,-106.646
3700.68,-107.159
3700.93,-107.793
3701.17,-107.692
3701.42,-108.995
3701.66,-106.313
3701.90,-107.510
3702.15,-107.830
3702.39,-108.000
3702.64,-108.804
3702.88,-107.638
3703.12,-110.098
3703.37,-108.501
3703.61,-108.270
3703.86,-108.468
3704.10,-106.821
3704.35,-107.033
3704.59,-106.943
3704.83,-109.085
3705.08,-108.846
3705.32,-107.035
3705.57,-107.973
3705.81,-109.165
3706.05,-107.816
3706.30,-108.487
3706.54,-108.589
3706.79,-109.166
3707.03,-108.002
3707.28,-108.210
3707.52,-108.324
3707.76,-108.161
3708.01,-108.619
3708.25,-109.966
3708.50,-108.218
3708.74,-107.585
3708.98,-108.146
3709.23,-108.550
3709.47,-109.828
3709.72,-108.462
3709.96,-109.257
3710.21,-108.014
3710.45,-109.728
3710.69,-109.219
3710.94,-109.953
3711.18,-108.566
3711.43,-108.139
3711.67,-109.214
3711.91,-109.188
3712.16,-108.643
3712.40,-110.392
3712.65,-108.729
3712.89,-109.416
3713.13,-108.275
3713.38,-109.387
3713.62,-110.447
3713.87,-108.555
3714.11,-110.362
3714.36,-109.814
3714.60,-107.769
3714.84,-109.978
3715.09,-109.055
3715.33,-110.069
3715.58,-110.158
3715.82,-109.114
3716.06,-110.672
3716.31,-109.844
3716.55,-109.127
3716.80,-110.119
3717.04,-110.406
3717.29,-110.645
3717.53,-110.259
3717.77,-110.822
3718.02,-109.908
3718.26,-110.328
3718.51,-107.986
3718.75,-110.138
3718.99,-110.807
3719.24,-109.330
3719.48,-110.005
3719.73,-109.943
3719.97,-110.286
3720.21,-110.392
3720.46,-109.819
3720.70,-109.994
3720.95,-110.594
3721.19,-110.964
3721.44,-110.585
3721.68,-110.479
3721.92,-110.064
3722.17,-111.540
3722.41,-110.104
3722.66,-109.328
3722.90,-109.823
3723.14,-110.147
3723.39,-111.161
3723.63,-109.693
3723.88,-110.591
3724.12,-112.021
3724.37,-109.944
3724.61,-111.277
3724.85,-110.719
3725.10,-111.019
3725.34,-110.478
3725.59,-110.442
3725.83,-111.350
3726.07,-110.761
3726.32,-109.985
3726.56,-110.745
3726.81,-110.941
3727.05,-110.523
3727.29,-110.542
3727.54,-111.072
3727.78,-111.107
3728.03,-110.114
3728.27,-111.091
3728.52,-111.383
3728.76,-110.504
3729.00,-111.744
3729.25,-111.736
3729.49,-110.656
3729.74,-110.551
3729.98,-110.915
3730.22,-111.690
3730.47,-111.324
3730.71,-110.732
3730.96,-111.340
3731.20,-110.527
3731.45,-110.543
3731.69,-110.372
3731.93,-110.052
3732.18,-109.790
3732.42,-110.550
3732.67,-110.416
3732.91,-109.101
3733.15,-110.850
3733.40,-109.582
3733.64,-110.941
3733.89,-110.181
3734.13,-110.279
3734.38,-111.244
3734.62,-110.455
3734.86,-110.892
3735.11,-111.059
3735.35,-111.323
3735.60,-111.195
3735.84,-111.226
3736.08,-111.543
3736.33,-111.013
3736.57,-111.745
3736.82,-111.265
3737.06,-111.343
3737.30,-111.294
3737.55,-111.053
3737.79,-111.615
3738.04,-111.517
3738.28,-111.705
3738.53,-111.464
3738.77,-111.961
3739.01,-110.921
3739.26,-110.956
3739.50,-111.437
3739.75,-111.265
3739.99,-111.248
3740.23,-111.264
3740.48,-110.966
3740.72,-111.361
3740.97,-111.866
3741.21,-111.988
3741.46,-111.615
3741.70,-111.534
3741.94,-111.219
3742.19,-111.312
3742.43,-111.629
3742.68,-111.734
3742.92,-111.248
3743.16,-111.717
3743.41,-111.589
3743.65,-111.413
3743.90,-111.628
3744.14,-111.634
3744.38,-111.236
3744.63,-111.699
3744.87,-112.047
3745.12,-111.376
3745.36,-111.369
3745.61,-111.822
3745.85,-111.390
3746.09,-111.692
3746.34,-112.025
3746.58,-111.726
3746.83,-111.431
3747.07,-111.726
3747.31,-111.638
3747.56,-111.732
3747.80,-111.633
3748.05,-111.605
3748.29,-111.747
3748.54,-111.372
3748.78,-111.415
3749.02,-111.713
3749.27,-111.470
3749.51,-111.577
3749.76,-111.774
3750.00,-111.623
3750.24,-111.450
3750.49,-111.651
3750.73,-111.868
3750.98,-111.781
3751.22,-111.816
3751.46,-111.736
3751.71,-111.812
3751.95,-111.524
3752.20,-111.752
3752.44,-111.802
3752.69,-111.506
3752.93,-111.762
3753.17,-111.819
3753.42,-111.977
3753.66,-111.874
3753.91,-111.755
3754.15,-111.903
3754.39,-111.695
3754.64,-111.897
3754.88,-111.919
3755.13,-111.813
3755.37,-111.645
3755.62,-111.740
3755.86,-111.762
3756.10,-111.675
3756.35,-111.754
3756.59,-111.839
3756.84,-111.852
3757.08,-111.878
3757.32,-111.781
3757.57,-111.760
3757.81,-111.762
3758.06,-111.876
3758.30,-111.935
3758.54,-111.673
3758.79,-111.886
3759.03,-111.761
3759.28,-111.784
3759.52,-112.038
3759.77,-111.886
3760.01,-111.834
3760.25,-111.634
3760.50,-111.601
3760.74,-111.785
3760.99,-111.775
3761.23,-111.956
3761.47,-111.945
3761.72,-111.810
3761.96,-111.951
3762.21,-111.624
3762.45,-111.949
3762.70,-111.749
3762.94,-111.836
3763.18,-111.806
3763.43,-111.749
3763.67,-111.784
3763.92,-111.910
3764.16,-111.879
3764.40,-111.962
3764.65,-111.810
3764.89,-111.832
3765.14,-111.800
3765.38,-112.017
3765.62,-111.935
3765.87,-111.933
3766.11,-111.910
3766.36,-111.782
3766.60,-111.914
3766.85,-111.928
3767.09,-111.902
3767.33,-111.872
3767.58,-111.926
3767.82,-112.039
3768.07,-111.920
3768.31,-111.944
3768.55,-111.942
3768.80,-111.793
3769.04,-111.960
3769.29,-111.875
3769.53,-111.906
3769.78,-111.948
3770.02,-111.845
3770.26,-111.874
3770.51,-111.961
3770.75,-111.839
3771.00,-111.779
3771.24,-111.961
3771.48,-111.812
3771.73,-111.919
3771.97,-111.750
3772.22,-111.814
3772.46,-111.873
3772.71,-111.920
3772.95,-111.949
3773.19,-112.007
3773.44,-111.945
3773.68,-111.979
3773.93,-111.873
3774.17,-111.940
3774.41,-111.893
3774.66,-111.920
3774.90,-111.919
3775.15,-111.954
3775.39,-111.973
3775.63,-111.808
3775.88,-111.967
3776.12,-111.934
3776.37,-111.986
3776.61,-112.037
3776.86,-111.850
3777.10,-111.950
3777.34,-111.930
3777.59,-112.050
3777.83,-111.865
3778.08,-111.948
3778.32,-111.982
3778.56,-112.038
3778.81,-111.978
3779.05,-111.951
3779.30,-111.941
3779.54,-111.939
3779.79,-112.031
3780.03,-111.918
3780.27,-111.888
3780.52,-111.978
3780.76,-112.016
3781.01,-111.916
3781.25,-111.907
3781.49,-111.956
3781.74,-111.889
3781.98,-111.992
3782.23,-111.957
3782.47,-111.945
3782.71,-111.993
3782.96,-112.022
3783.20,-111.953
3783.45,-111.942
3783.69,-111.992
3783.94,-111.975
3784.18,-112.015
3784.42,-111.985
3784.67,-112.033
3784.91,-111.903
3785.16,-111.990
3785.40,-111.970
3785.64,-111.998
3785.89,-112.101
3786.13,-112.014
3786.38,-112.038
3786.62,-111.970
3786.87,-112.042
3787.11,-112.033
3787.35,-112.010
3787.60,-112.050
3787.84,-111.980
3788.09,-111.921
3788.33,-111.986
3788.57,-112.089
3788.82,-112.055
3789.06,-112.014
3789.31,-112.042
3789.55,-112.035
3789.79,-112.011
3790.04,-112.024
3790.28,-112.015
3790.53,-112.045
3790.77,-112.061
3791.02,-112.031
3791.26,-112.007
3791.50,-112.017
3791.75,-111.986
3791.99,-111.980
3792.24,-112.009
3792.48,-112.056
3792.72,-112.008
3792.97,-111.985
3793.21,-112.036
3793.46,-112.014
3793.70,-112.017
3793.95,-112.028
3794.19,-112.043
3794.43,-112.021
3794.68,-112.051
3794.92,-112.023
3795.17,-112.023
3795.41,-112.039
3795.65,-112.063
3795.90,-112.065
3796.14,-112.044
3796.39,-112.027
3796.63,-112.095
3796.88,-112.051
3797.12,-112.070
3797.36,-112.051
3797.61,-112.062
3797.85,-112.053
3798.10,-112.026
3798.34,-112.067
3798.58,-112.060
3798.83,-112.049
3799.07,-112.043
3799.32,-112.091
3799.56,-112.070
3799.80,-112.072
3800.05,-112.058
3800.29,-112.123
3800.54,-112.080
3800.78,-112.090
3801.03,-112.099
3801.27,-112.075
3801.51,-112.069
3801.76,-112.098
3802.00,-112.078
3802.25,-112.101
3802.49,-112.115
3802.73,-112.103
3802.98,-112.110
3803.22,-112.081
3803.47,-112.080
3803.71,-112.087
3803.96,-112.101
3804.20,-112.132
3804.44,-112.088
3804.69,-112.097
3804.93,-112.133
3805.18,-112.136
3805.42,-112.076
3805.66,-112.104
3805.91,-112.091
3806.15,-112.097
3806.40,-112.090
3806.64,-112.101
3806.88,-112.087
3807.13,-112.113
3807.37,-112.095
3807.62,-112.110
3807.86,-112.123
3808.11,-112.099
3808.35,-112.097
3808.59,-112.103
3808.84,-112.105
3809.08,-112.109
3809.33,-112.133
3809.57,-112.115
3809.81,-112.108
3810.06,-112.081
3810.30,-112.134
3810.55,-112.143
3810.79,-112.123
3811.04,-112.124
3811.28,-112.147
3811.52,-112.139
3811.77,-112.140
3812.01,-112.138
3812.26,-112.116
3812.50,-112.118
3812.74,-112.125
3812.99,-112.120
3813.23,-112.149
3813.48,-112.135
3813.72,-112.154
3813.96,-112.140
3814.21,-112.114
3814.45,-112.127
3814.70,-112.138
3814.94,-112.135
3815.19,-112.143
3815.43,-112.144
3815.67,-112.127
3815.92,-112.149
3816.16,-112.154
3816.41,-112.148
3816.65,-112.141
3816.89,-112.153
3817.14,-112.158
3817.38,-112.148
3817.63,-112.158
3817.87,-112.163
3818.12,-112.141
3818.36,-112.145
3818.60,-112.162
3818.85,-112.155
3819.09,-112.166
3819.34,-112.159
3819.58,-112.169
3819.82,-112.155
3820.07,-112.150
3820.31,-112.155
3820.56,-112.153
3820.80,-112.164
3821.04,-112.150
3821.29,-112.166
3821.53,-112.161
3821.78,-112.172
3822.02,-112.160
3822.27,-112.170
3822.51,-112.179
3822.75,-112.172
3823.00,-112.174
3823.24,-112.173
3823.49,-112.177
3823.73,-112.174
3823.97,-112.185
3824.22,-112.173
3824.46,-112.181
3824.71,-112.185
3824.95,-112.164
3825.20,-112.178
3825.44,-112.170
3825.68,-112.192
3825.93,-112.189
3826.17,-112.199
3826.42,-112.194
3826.66,-112.189
3826.90,-112.190
3827.15,-112.196
3827.39,-112.197
3827.64,-112.188
3827.88,-112.193
3828.12,-112.190
3828.37,-112.202
3828.61,-112.193
3828.86,-112.190
3829.10,-112.204
3829.35,-112.202
3829.59,-112.199
3829.83,-112.199
3830.08,-112.194
3830.32,-112.205
3830.57,-112.204
3830.81,-112.204
3831.05,-112.204
3831.30,-112.199
3831.54,-112.206
3831.79,-112.213
3832.03,-112.217
3832.28,-112.202
3832.52,-112.224
3832.76,-112.216
3833.01,-112.215
3833.25,-112.212
3833.50,-112.220
3833.74,-112.219
3833.98,-112.225
3834.23,-112.222
3834.47,-112.211
3834.72,-112.220
3834.96,-112.224
3835.21,-112.224
3835.45,-112.222
3835.69,-112.229
3835.94,-112.225
3836.18,-112.223
3836.43,-112.227
3836.67,-112.223
3836.91,-112.227
3837.16,-112.222
3837.40,-112.234
3837.65,-112.237
3837.89,-112.230
3838.13,-112.229
3838.38,-112.239
3838.62,-112.235
3838.87,-112.236
3839.11,-112.243
3839.36,-112.238
3839.60,-112.240
3839.84,-112.245
3840.09,-112.240
3840.33,-112.249
3840.58,-112.241
3840.82,-112.242
3841.06,-112.246
3841.31,-112.246
3841.55,-112.246
3841.80,-112.251
3842.04,-112.253
3842.29,-112.252
3842.53,-112.252
3842.77,-112.249
3843.02,-112.253
3843.26,-112.251
3843.51,-112.261
3843.75,-112.258
3843.99,-112.263
3844.24,-112.256
3844.48,-112.260
3844.73,-112.260
3844.97,-112.255
3845.21,-112.273
3845.46,-112.260
3845.70,-112.269
3845.95,-112.263
3846.19,-112.263
3846.44,-112.258
3846.68,-112.261
3846.92,-112.265
3847.17,-112.268
3847.41,-112.265
3847.66,-112.271
3847.90,-112.266
3848.14,-112.271
3848.39,-112.269
3848.63,-112.273
3848.88,-112.277
3849.12,-112.265
3849.37,-112.276
3849.61,-112.275
3849.85,-112.280
3850.10,-112.279
3850.34,-112.275
3850.59,-112.278
3850.83,-112.276
3851.07,-112.281
3851.32,-112.278
3851.56,-112.278
3851.81,-112.280
3852.05,-112.275
3852.29,-112.296
3852.54,-112.287
3852.78,-112.284
3853.03,-112.291
3853.27,-112.280
3853.52,-112.283
3853.76,-112.283
3854.00,-112.293
3854.25,-112.287
3854.49,-112.291
3854.74,-112.295
3854.98,-112.298
3855.22,-112.291
3855.47,-112.295
3855.71,-112.305
3855.96,-112.292
3856.20,-112.296
3856.45,-112.294
3856.69,-112.298
3856.93,-112.299
3857.18,-112.302
3857.42,-112.302
3857.67,-112.300
3857.91,-112.303
3858.15,-112.306
3858.40,-112.306
3858.64,-112.308
3858.89,-112.302
3859.13,-112.311
3859.38,-112.307
3859.62,-112.307
3859.86,-112.310
3860.11,-112.313
3860.35,-112.310
3860.60,-112.314
3860.84,-112.308
3861.08,-112.313
3861.33,-112.311
3861.57,-112.312
3861.82,-112.314
3862.06,-112.314
3862.30,-112.316
3862.55,-112.317
3862.79,-112.315
3863.04,-112.320
3863.28,-112.322
3863.53,-112.321
3863.77,-112.326
3864.01,-112.317
3864.26,-112.320
3864.50,-112.323
3864.75,-112.324
3864.99,-112.327
3865.23,-112.324
3865.48,-112.329
3865.72,-112.327
3865.97,-112.327
3866.21,-112.330
3866.46,-112.326
3866.70,-112.329
3866.94,-112.329
3867.19,-112.331
3867.43,-112.332
3867.68,-112.330
3867.92,-112.335
3868.16,-112.331
3868.41,-112.334
3868.65,-112.334
3868.90,-112.336
3869.14,-112.337
3869.38,-112.338
3869.63,-112.334
3869.87,-112.340
3870.12,-112.341
3870.36,-112.338
3870.61,-112.347
3870.85,-112.336
3871.09,-112.342
3871.34,-112.343
3871.58,-112.342
3871.83,-112.344
3872.07,-112.348
3872.31,-112.349
3872.56,-112.350
3872.80,-112.346
3873.05,-112.348
3873.29,-112.350
3873.54,-112.347
3873.78,-112.347
3874.02,-112.349
3874.27,-112.350
3874.51,-112.351
3874.76,-112.351
3875.00,-112.351
3875.24,-112.355
3875.49,-112.355
3875.73,-112.355
3875.98,-112.354
3876.22,-112.354
3876.46,-112.358
3876.71,-112.361
3876.95,-112.360
3877.20,-112.360
3877.44,-112.360
3877.69,-112.360
3877.93,-112.362
3878.17,-112.362
3878.42,-112.366
3878.66,-112.367
3878.91,-112.362
3879.15,-112.365
3879.39,-112.367
3879.64,-112.365
3879.88,-112.366
3880.13,-112.369
3880.37,-112.372
3880.62,-112.368
3880.86,-112.370
3881.10,-112.371
3881.35,-112.374
3881.59,-112.370
3881.84,-112.372
3882.08,-112.374
3882.32,-112.370
3882.57,-112.374
3882.81,-112.374
3883.06,-112.376
3883.30,-112.377
3883.54,-112.377
3883.79,-112.376
3884.03,-112.379
3884.28,-112.377
3884.52,-112.377
3884.77,-112.381
3885.01,-112.378
3885.25,-112.382
3885.50,-112.382
3885.74,-112.381
3885.99,-112.382
3886.23,-112.386
3886.47,-112.381
3886.72,-112.384
3886.96,-112.386
3887.21,-112.387
3887.45,-112.386
3887.70,-112.384
3887.94,-112.388
3888.18,-112.389
3888.43,-112.391
3888.67,-112.390
3888.92,-112.389
3889.16,-112.391
3889.40,-112.392
3889.65,-112.393
3889.89,-112.392
3890.14,-112.393
3890.38,-112.394
3890.62,-112.394
3890.87,-112.395
3891.11,-112.397
3891.36,-112.395
3891.60,-112.399
3891.85,-112.399
3892.09,-112.399
3892.33,-112.396
3892.58,-112.400
3892.82,-112.398
3893.07,-112.398
3893.31,-112.402
3893.55,-112.403
3893.80,-112.403
3894.04,-112.402
3894.29,-112.401
3894.53,-112.403
3894.78,-112.404
3895.02,-112.405
3895.26,-112.405
3895.51,-112.404
3895.75,-112.405
3896.00,-112.407
3896.24,-112.407
3896.48,-112.409
3896.73,-112.410
3896.97,-112.407
3897.22,-112.411
3897.46,-112.411
3897.71,-112.411
3897.95,-112.412
3898.19,-112.411
3898.44,-112.412
3898.68,-112.411
3898.93,-112.413
3899.17,-112.414
3899.41,-112.415
3899.66,-112.416
3899.90,-112.415
3900.15,-112.418
3900.39,-112.419
3900.63,-112.419
3900.88,-112.419
3901.12,-112.420
3901.37,-112.419
3901.61,-112.421
3901.86,-112.419
3902.10,-112.420
3902.34,-112.421
3902.59,-112.420
3902.83,-112.423
3903.08,-112.424
3903.32,-112.423
3903.56,-112.425
3903.81,-112.424
3904.05,-112.424
3904.30,-112.425
3904.54,-112.427
3904.79,-112.425
3905.03,-112.427
3905.27,-112.427
3905.52,-112.430
3905.76,-112.428
3906.01,-112.428
3906.25,-112.430
3906.49,-112.431
3906.74,-112.429
3906.98,-112.430
3907.23,-112.432
3907.47,-112.432
3907.71,-112.432
3907.96,-112.433
3908.20,-112.433
3908.45,-112.434
3908.69,-112.434
3908.94,-112.436
3909.18,-112.434
3909.42,-112.435
3909.67,-112.435
3909.91,-112.435
3910.16,-112.436
3910.40,-112.437
3910.64,-112.437
3910.89,-112.439
3911.13,-112.439
3911.38,-112.440
3911.62,-112.439
3911.87,-112.442
3912.11,-112.441
3912.35,-112.441
3912.60,-112.444
3912.84,-112.441
3913.09,-112.443
3913.33,-112.443
3913.57,-112.444
3913.82,-112.445
3914.06,-112.445
3914.31,-112.446
3914.55,-112.446
3914.79,-112.447
3915.04,-112.446
3915.28,-112.447
3915.53,-112.448
3915.77,-112.448
3916.02,-112.448
3916.26,-112.450
3916.50,-112.449
3916.75,-112.448
3916.99,-112.450
3917.24,-112.451
3917.48,-112.451
3917.72,-112.452
3917.97,-112.452
3918.21,-112.453
3918.46,-112.453
3918.70,-112.454
3918.95,-112.455
3919.19,-112.454
3919.43,-112.455
3919.68,-112.456
3919.92,-112.455
3920.17,-112.456
3920.41,-112.457
3920.65,-112.457
3920.90,-112.458
3921.14,-112.458
3921.39,-112.457
3921.63,-112.459
3921.88,-112.459
3922.12,-112.459
3922.36,-112.458
3922.61,-112.460
3922.85,-112.461
3923.10,-112.461
3923.34,-112.461
3923.58,-112.463
3923.83,-112.462
3924.07,-112.462
3924.32,-112.463
3924.56,-112.464
3924.80,-112.463
3925.05,-112.464
3925.29,-112.466
3925.54,-112.465
3925.78,-112.465
3926.03,-112.466
3926.27,-112.465
3926.51,-112.467
3926.76,-112.467
3927.00,-112.467
3927.25,-112.467
3927.49,-112.469
3927.73,-112.469
3927.98,-112.469
3928.22,-112.469
3928.47,-112.470
3928.71,-112.470
3928.96,-112.470
3929.20,-112.471
3929.44,-112.471
3929.69,-112.471
3929.93,-112.472
3930.18,-112.472
3930.42,-112.473
3930.66,-112.473
3930.91,-112.473
3931.15,-112.474
3931.40,-112.474
3931.64,-112.474
3931.88,-112.474
3932.13,-112.475
3932.37,-112.476
3932.62,-112.475
3932.86,-112.476
3933.11,-112.476
3933.35,-112.478
3933.59,-112.478
3933.84,-112.477
3934.08,-112.478
3934.33,-112.479
3934.57,-112.479
3934.81,-112.479
3935.06,-112.480
3935.30,-112.480
3935.55,-112.480
3935.79,-112.481
3936.04,-112.481
3936.28,-112.481
3936.52,-112.481
3936.77,-112.481
3937.01,-112.483
3937.26,-112.483
3937.50,-112.482
3937.74,-112.483
3937.99,-112.484
3938.23,-112.484
3938.48,-112.485
3938.72,-112.484
3938.96,-112.486
3939.21,-112.486
3939.45,-112.486
3939.70,-112.486
3939.94,-112.486
3940.19,-112.486
3940.43,-112.487
3940.67,-112.487
3940.92,-112.487
3941.16,-112.488
3941.41,-112.488
3941.65,-112.488
3941.89,-112.489
3942.14,-112.489
3942.38,-112.489
3942.63,-112.490
3942.87,-112.490
3943.12,-112.490
3943.36,-112.490
3943.60,-112.491
3943.85,-112.491
3944.09,-112.492
3944.34,-112.492
3944.58,-112.492
3944.82,-112.492
3945.07,-112.492
3945.31,-112.493
3945.56,-112.494
3945.80,-112.492
3946.04,-112.493
3946.29,-112.494
3946.53,-112.495
3946.78,-112.495
3947.02,-112.495
3947.27,-112.495
3947.51,-112.495
3947.75,-112.495
3948.00,-112.496
3948.24,-112.496
3948.49,-112.497
3948.73,-112.497
3948.97,-112.497
3949.22,-112.497
3949.46,-112.497
3949.71,-112.498
3949.95,-112.498
3950.20,-112.498
3950.44,-112.498
3950.68,-112.499
3950.93,-112.499
3951.17,-112.499
3951.42,-112.500
3951.66,-112.500
3951.90,-112.500
3952.15,-112.500
3952.39,-112.501
3952.64,-112.501
3952.88,-112.502
3953.12,-112.502
3953.37,-112.501
3953.61,-112.502
3953.86,-112.503
3954.10,-112.503
3954.35,-112.503
3954.59,-112.503
3954.83,-112.503
3955.08,-112.503
3955.32,-112.504
3955.57,-112.504
3955.81,-112.503
3956.05,-112.504
3956.30,-112.505
3956.54,-112.504
3956.79,-112.506
3957.03,-112.505
3957.28,-112.506
3957.52,-112.505
3957.76,-112.506
3958.01,-112.506
3958.25,-112.506
3958.50,-112.507
3958.74,-112.507
3958.98,-112.507
3959.23,-112.507
3959.47,-112.508
3959.72,-112.508
3959.96,-112.508
3960.21,-112.508
3960.45,-112.508
3960.69,-112.508
3960.94,-112.509
3961.18,-112.509
3961.43,-112.509
3961.67,-112.509
3961.91,-112.509
3962.16,-112.510
3962.40,-112.510
3962.65,-112.510
3962.89,-112.510
3963.13,-112.511
3963.38,-112.511
3963.62,-112.511
3963.87,-112.511
3964.11,-112.511
3964.36,-112.511
3964.60,-112.512
3964.84,-112.512
3965.09,-112.512
3965.33,-112.512
3965.58,-112.513
3965.82,-112.512
3966.06,-112.512
3966.31,-112.513
3966.55,-112.513
3966.80,-112.513
3967.04,-112.514
3967.29,-112.514
3967.53,-112.514
3967.77,-112.514
3968.02,-112.514
3968.26,-112.514
3968.51,-112.514
3968.75,-112.515
3968.99,-112.515
3969.24,-112.515
3969.48,-112.515
3969.73,-112.516
3969.97,-112.516
3970.21,-112.516
3970.46,-112.516
3970.70,-112.516
3970.95,-112.516
3971.19,-112.516
3971.44,-112.516
3971.68,-112.517
3971.92,-112.517
3972.17,-112.517
3972.41,-112.517
3972.66,-112.517
3972.90,-112.517
3973.14,-112.517
3973.39,-112.518
3973.63,-112.518
3973.88,-112.518
3974.12,-112.518
3974.37,-112.518
3974.61,-112.518
3974.85,-112.518
3975.10,-112.519
3975.34,-112.519
3975.59,-112.519
3975.83,-112.519
3976.07,-112.519
3976.32,-112.519
3976.56,-112.519
3976.81,-112.520
3977.05,-112.520
3977.29,-112.520
3977.54,-112.520
3977.78,-112.520
3978.03,-112.520
3978.27,-112.520
3978.52,-112.520
3978.76,-112.520
3979.00,-112.521
3979.25,-112.521
3979.49,-112.521
3979.74,-112.521
3979.98,-112.521
3980.22,-112.521
3980.47,-112.521
3980.71,-112.521
3980.96,-112.521
3981.20,-112.521
3981.45,-112.521
3981.69,-112.522
3981.93,-112.522
3982.18,-112.522
3982.42,-112.522
3982.67,-112.522
3982.91,-112.522
3983.15,-112.522
3983.40,-112.522
3983.64,-112.522
3983.89,-112.522
3984.13,-112.522
3984.38,-112.523
3984.62,-112.522
3984.86,-112.523
3985.11,-112.523
3985.35,-112.523
3985.60,-112.523
3985.84,-112.523
3986.08,-112.523
3986.33,-112.523
3986.57,-112.523
3986.82,-112.523
3987.06,-112.524
3987.30,-112.523
3987.55,-112.524
3987.79,-112.524
3988.04,-112.524
3988.28,-112.524
3988.53,-112.524
3988.77,-112.524
3989.01,-112.524
3989.26,-112.524
3989.50,-112.524
3989.75,-112.524
3989.99,-112.524
3990.23,-112.524
3990.48,-112.524
3990.72,-112.524
3990.97,-112.525
3991.21,-112.524
3991.46,-112.525
3991.70,-112.525
3991.94,-112.524
3992.19,-112.525
3992.43,-112.524
3992.68,-112.525
3992.92,-112.525
3993.16,-112.525
3993.41,-112.525
3993.65,-112.525
3993.90,-112.525
3994.14,-112.525
3994.38,-112.525
3994.63,-112.525
3994.87,-112.525
3995.12,-112.525
3995.36,-112.525
3995.61,-112.525
3995.85,-112.525
3996.09,-112.525
3996.34,-112.525
3996.58,-112.525
3996.83,-112.525
3997.07,-112.525
3997.31,-112.525
3997.56,-112.525
3997.80,-112.525
3998.05,-112.525
3998.29,-112.526
3998.54,-112.525
3998.78,-112.525
3999.02,-112.526
3999.27,-112.525
3999.51,-112.525
3999.76,-112.525
4000.00,-114.820
