Frequency (Hz),FFT Magnitude (dB)
0.00,-120.000
0.67,-93.914
1.35,-93.562
2.02,-93.102
2.69,-93.052
3.36,-92.474
4.04,-92.083
4.71,-92.564
5.38,-89.869
6.06,-89.067
6.73,-90.805
7.40,-91.976
8.07,-90.388
8.75,-87.717
9.42,-86.130
10.09,-85.124
10.77,-83.018
11.44,-84.913
12.11,-86.023
12.79,-83.058
13.46,-82.956
14.13,-82.426
14.80,-81.024
15.48,-80.862
16.15,-79.075
16.82,-85.158
17.50,-85.615
18.17,-84.835
18.84,-83.816
19.51,-82.214
20.19,-83.378
20.86,-84.038
21.53,-84.317
22.21,-84.394
22.88,-83.761
23.55,-84.244
24.22,-81.401
24.90,-81.772
25.57,-79.411
26.24,-76.791
26.92,-76.225
27.59,-74.656
28.26,-72.463
28.94,-66.826
29.61,-68.297
30.28,-76.698
30.95,-75.712
31.63,-73.554
32.30,-74.095
32.97,-74.006
33.65,-70.893
34.32,-70.252
34.99,-68.500
35.66,-72.747
36.34,-73.737
37.01,-76.216
37.68,-76.553
38.36,-73.423
39.03,-67.965
39.70,-73.254
40.37,-77.945
41.05,-78.636
41.72,-77.474
42.39,-76.160
43.07,-75.144
43.74,-73.605
44.41,-76.523
45.09,-74.903
45.76,-78.882
46.43,-79.714
47.10,-79.529
47.78,-76.282
48.45,-78.159
49.12,-77.532
49.80,-75.949
50.47,-74.454
51.14,-76.893
51.81,-72.410
52.49,-76.388
53.16,-76.099
53.83,-77.453
54.51,-75.668
55.18,-77.330
55.85,-78.720
56.52,-78.230
57.20,-76.218
57.87,-72.104
58.54,-69.954
59.22,-72.213
59.89,-78.160
60.56,-78.702
61.24,-78.984
61.91,-75.871
62.58,-76.689
63.25,-73.716
63.93,-74.424
64.60,-77.199
65.27,-78.711
65.95,-77.879
66.62,-77.808
67.29,-76.859
67.96,-73.815
68.64,-74.609
69.31,-74.167
69.98,-73.442
70.66,-76.058
71.33,-78.086
72.00,-76.893
72.67,-77.985
73.35,-79.971
74.02,-79.915
74.69,-78.992
75.37,-78.120
76.04,-78.649
76.71,-77.883
77.38,-78.626
78.06,-78.234
78.73,-77.052
79.40,-74.978
80.08,-75.638
80.75,-76.740
81.42,-77.261
82.10,-77.327
82.77,-77.605
83.44,-78.259
84.11,-79.819
84.79,-78.059
85.46,-79.300
86.13,-79.014
86.81,-77.985
87.48,-78.603
88.15,-77.339
88.82,-70.343
89.50,-77.164
90.17,-76.380
90.84,-75.266
91.52,-75.076
92.19,-75.347
92.86,-75.937
93.53,-67.221
94.21,-78.089
94.88,-78.526
95.55,-79.037
96.23,-77.952
96.90,-77.977
97.57,-78.717
98.25,-78.829
98.92,-75.715
99.59,-78.370
100.26,-77.566
100.94,-76.587
101.61,-76.848
102.28,-75.322
102.96,-75.094
103.63,-75.828
104.30,-74.571
104.97,-75.138
105.65,-74.770
106.32,-71.238
106.99,-75.335
107.67,-74.648
108.34,-74.809
109.01,-73.736
109.68,-73.964
110.36,-72.501
111.03,-72.221
111.70,-73.222
112.38,-72.068
113.05,-66.826
113.72,-70.974
114.40,-72.552
115.07,-71.739
115.74,-72.496
116.41,-70.569
117.09,-70.826
117.76,-69.115
118.43,-65.803
119.11,-61.827
119.78,-47.995
120.45,-58.353
121.12,-65.157
121.80,-67.808
122.47,-64.894
123.14,-70.663
123.82,-70.358
124.49,-73.271
125.16,-73.289
125.83,-73.361
126.51,-72.585
127.18,-72.741
127.85,-65.831
128.53,-70.007
129.20,-70.060
129.87,-68.256
130.55,-66.946
131.22,-64.590
131.89,-60.496
132.56,-50.591
133.24,-52.801
133.91,-58.236
134.58,-64.615
135.26,-67.563
135.93,-69.353
136.60,-70.019
137.27,-71.226
137.95,-71.072
138.62,-71.163
139.29,-71.438
139.97,-71.251
140.64,-70.923
141.31,-70.257
141.98,-71.330
142.66,-72.354
143.33,-71.814
144.00,-72.623
144.68,-69.089
145.35,-70.054
146.02,-70.395
146.69,-68.545
147.37,-68.592
148.04,-65.119
148.71,-63.658
149.39,-65.488
150.06,-65.699
150.73,-64.357
151.41,-66.208
152.08,-66.015
152.75,-66.180
153.42,-65.816
154.10,-64.705
154.77,-66.778
155.44,-66.127
156.12,-68.465
156.79,-68.726
157.46,-70.456
158.13,-69.678
158.81,-68.365
159.48,-58.515
160.15,-67.282
160.83,-67.733
161.50,-68.624
162.17,-69.022
162.84,-68.612
163.52,-68.208
164.19,-67.652
164.86,-66.265
165.54,-66.687
166.21,-67.258
166.88,-67.764
167.56,-68.483
168.23,-68.518
168.90,-70.335
169.57,-68.677
170.25,-70.891
170.92,-69.501
171.59,-67.977
172.27,-70.523
172.94,-66.021
173.61,-69.674
174.28,-72.547
174.96,-73.007
175.63,-71.012
176.30,-73.235
176.98,-69.827
177.65,-70.102
178.32,-70.037
178.99,-69.332
179.67,-68.713
180.34,-68.886
181.01,-71.762
181.69,-70.266
182.36,-70.415
183.03,-70.811
183.71,-71.507
184.38,-71.585
185.05,-69.846
185.72,-68.232
186.40,-69.214
187.07,-71.253
187.74,-70.883
188.42,-69.869
189.09,-69.831
189.76,-70.627
190.43,-69.659
191.11,-69.506
191.78,-70.737
192.45,-71.120
193.13,-71.549
193.80,-73.622
194.47,-73.629
195.14,-74.712
195.82,-72.615
196.49,-73.089
197.16,-70.846
197.84,-73.331
198.51,-72.485
199.18,-72.120
199.86,-70.406
200.53,-73.475
201.20,-74.760
201.87,-74.365
202.55,-74.235
203.22,-75.265
203.89,-74.148
204.57,-71.665
205.24,-71.933
205.91,-71.812
206.58,-71.329
207.26,-67.751
207.93,-59.977
208.60,-71.331
209.28,-72.261
209.95,-72.635
210.62,-72.316
211.29,-72.165
211.97,-72.521
212.64,-71.733
213.31,-69.769
213.99,-70.705
214.66,-72.445
215.33,-73.101
216.00,-74.252
216.68,-75.142
217.35,-75.972
218.02,-76.284
218.70,-76.722
219.37,-76.108
220.04,-73.940
220.72,-72.684
221.39,-71.111
222.06,-72.574
222.73,-73.016
223.41,-71.264
224.08,-73.527
224.75,-75.462
225.43,-74.271
226.10,-71.122
226.77,-75.805
227.44,-76.464
228.12,-75.788
228.79,-75.340
229.46,-73.649
230.14,-74.306
230.81,-73.853
231.48,-74.352
232.15,-72.912
232.83,-72.501
233.50,-73.126
234.17,-74.872
234.85,-75.279
235.52,-75.145
236.19,-73.460
236.87,-71.623
237.54,-70.033
238.21,-68.417
238.88,-62.284
239.56,-59.566
240.23,-61.412
240.90,-67.806
241.58,-69.239
242.25,-70.355
242.92,-71.006
243.59,-72.644
244.27,-72.717
244.94,-74.394
245.61,-75.766
246.29,-74.795
246.96,-75.656
247.63,-73.897
248.30,-76.263
248.98,-72.878
249.65,-73.352
250.32,-72.741
251.00,-73.880
251.67,-71.741
252.34,-69.682
253.02,-68.448
253.69,-72.214
254.36,-74.602
255.03,-76.598
255.71,-77.448
256.38,-76.158
257.05,-77.134
257.73,-77.656
258.40,-78.249
259.07,-77.353
259.74,-76.500
260.42,-76.586
261.09,-77.940
261.76,-76.778
262.44,-77.940
263.11,-79.383
263.78,-79.131
264.45,-78.804
265.13,-80.368
265.80,-73.161
266.47,-79.057
267.15,-70.950
267.82,-78.742
268.49,-79.582
269.17,-79.442
269.84,-79.386
270.51,-77.859
271.18,-77.444
271.86,-79.310
272.53,-80.261
273.20,-80.351
273.88,-79.239
274.55,-81.097
275.22,-81.913
275.89,-81.264
276.57,-81.648
277.24,-80.937
277.91,-80.889
278.59,-77.845
279.26,-70.601
279.93,-78.829
280.60,-80.660
281.28,-79.072
281.95,-79.854
282.62,-79.955
283.30,-80.090
283.97,-81.100
284.64,-81.966
285.31,-82.474
285.99,-84.059
286.66,-82.904
287.33,-81.727
288.01,-83.652
288.68,-82.642
289.35,-82.317
290.03,-82.737
290.70,-81.873
291.37,-82.534
292.04,-81.436
292.72,-79.411
293.39,-80.640
294.06,-80.867
294.74,-81.619
295.41,-80.874
296.08,-79.086
296.75,-79.686
297.43,-80.434
298.10,-80.427
298.77,-82.121
299.45,-81.904
300.12,-81.643
300.79,-79.860
301.46,-80.186
302.14,-82.525
302.81,-80.617
303.48,-80.524
304.16,-79.528
304.83,-78.024
305.50,-79.417
306.18,-79.828
306.85,-82.057
307.52,-81.917
308.19,-83.194
308.87,-84.645
309.54,-82.281
310.21,-82.210
310.89,-82.262
311.56,-81.400
312.23,-83.324
312.90,-83.816
313.58,-83.577
314.25,-86.130
314.92,-85.025
315.60,-85.983
316.27,-85.445
316.94,-84.660
317.61,-85.385
318.29,-85.872
318.96,-84.995
319.63,-84.931
320.31,-85.819
320.98,-85.965
321.65,-83.435
322.33,-83.923
323.00,-85.210
323.67,-84.780
324.34,-84.723
325.02,-84.100
325.69,-84.865
326.36,-84.427
327.04,-84.811
327.71,-85.881
328.38,-85.708
329.05,-84.423
329.73,-83.913
330.40,-82.521
331.07,-81.198
331.75,-81.991
332.42,-83.105
333.09,-81.999
333.76,-85.931
334.44,-86.185
335.11,-87.669
335.78,-87.450
336.46,-87.382
337.13,-87.283
337.80,-87.877
338.48,-88.283
339.15,-88.258
339.82,-86.907
340.49,-86.837
341.17,-86.644
341.84,-87.400
342.51,-87.107
343.19,-87.564
343.86,-86.333
344.53,-87.840
345.20,-85.343
345.88,-85.529
346.55,-84.415
347.22,-83.714
347.90,-82.707
348.57,-84.568
349.24,-82.969
349.91,-83.437
350.59,-83.476
351.26,-84.728
351.93,-84.260
352.61,-84.512
353.28,-85.479
353.95,-86.621
354.62,-86.114
355.30,-85.035
355.97,-78.150
356.64,-83.636
357.32,-85.076
357.99,-84.264
358.66,-81.395
359.34,-79.439
360.01,-78.505
360.68,-77.180
361.35,-82.225
362.03,-86.156
362.70,-86.500
363.37,-84.601
364.05,-83.747
364.72,-82.808
365.39,-81.794
366.06,-82.789
366.74,-81.948
367.41,-82.109
368.08,-81.672
368.76,-82.835
369.43,-83.639
370.10,-83.458
370.77,-83.837
371.45,-83.432
372.12,-79.504
372.79,-82.457
373.47,-86.053
374.14,-83.779
374.81,-84.942
375.49,-86.039
376.16,-85.935
376.83,-84.999
377.50,-87.332
378.18,-87.384
378.85,-87.127
379.52,-86.869
380.20,-85.368
380.87,-85.319
381.54,-86.085
382.21,-84.589
382.89,-85.866
383.56,-84.437
384.23,-84.026
384.91,-85.113
385.58,-84.850
386.25,-84.991
386.92,-86.458
387.60,-87.859
388.27,-86.502
388.94,-88.265
389.62,-88.046
390.29,-88.638
390.96,-88.771
391.64,-87.405
392.31,-86.343
392.98,-84.082
393.65,-84.790
394.33,-84.694
395.00,-84.683
395.67,-83.663
396.35,-84.956
397.02,-83.086
397.69,-82.636
398.36,-74.103
399.04,-79.744
399.71,-84.352
400.38,-86.563
401.06,-86.637
401.73,-87.939
402.40,-89.214
403.07,-89.232
403.75,-88.603
404.42,-89.748
405.09,-89.760
405.77,-89.012
406.44,-88.892
407.11,-88.560
407.79,-88.574
408.46,-89.548
409.13,-89.722
409.80,-88.938
410.48,-88.910
411.15,-89.328
411.82,-88.509
412.50,-88.004
413.17,-88.829
413.84,-88.348
414.51,-87.285
415.19,-90.215
415.86,-89.294
416.53,-90.058
417.21,-89.647
417.88,-88.199
418.55,-88.749
419.22,-88.624
419.90,-87.974
420.57,-89.002
421.24,-89.507
421.92,-88.557
422.59,-88.197
423.26,-87.983
423.93,-87.680
424.61,-88.203
425.28,-86.021
425.95,-88.584
426.63,-85.898
427.30,-86.372
427.97,-85.382
428.65,-86.740
429.32,-87.545
429.99,-87.803
430.66,-87.727
431.34,-88.966
432.01,-89.487
432.68,-89.661
433.36,-87.628
434.03,-87.670
434.70,-86.359
435.37,-85.609
436.05,-86.312
436.72,-86.849
437.39,-87.472
438.07,-85.865
438.74,-86.051
439.41,-86.494
440.08,-86.379
440.76,-85.745
441.43,-88.089
442.10,-88.049
442.78,-87.989
443.45,-87.523
444.12,-87.732
444.80,-86.935
445.47,-89.077
446.14,-86.485
446.81,-87.041
447.49,-87.768
448.16,-87.788
448.83,-88.970
449.51,-88.732
450.18,-88.567
450.85,-87.504
451.52,-89.064
452.20,-87.624
452.87,-88.795
453.54,-89.809
454.22,-87.376
454.89,-87.813
455.56,-87.901
456.23,-86.892
456.91,-88.785
457.58,-87.145
458.25,-88.564
458.93,-88.916
459.60,-87.323
460.27,-86.830
460.95,-87.714
461.62,-87.156
462.29,-88.291
462.96,-88.428
463.64,-89.691
464.31,-89.027
464.98,-88.566
465.66,-87.313
466.33,-86.468
467.00,-89.649
467.67,-88.545
468.35,-87.885
469.02,-88.010
469.69,-87.509
470.37,-86.809
471.04,-89.619
471.71,-88.622
472.38,-87.705
473.06,-88.173
473.73,-86.992
474.40,-86.943
475.08,-83.251
475.75,-87.649
476.42,-89.036
477.10,-88.500
477.77,-89.135
478.44,-88.181
479.11,-88.918
479.79,-90.015
480.46,-90.552
481.13,-89.029
481.81,-88.871
482.48,-87.158
483.15,-88.178
483.82,-88.296
484.50,-86.822
485.17,-88.053
485.84,-86.746
486.52,-88.404
487.19,-87.632
487.86,-89.756
488.53,-88.353
489.21,-88.940
489.88,-89.243
490.55,-88.579
491.23,-89.941
491.90,-90.230
492.57,-90.298
493.24,-89.151
493.92,-87.445
494.59,-87.201
495.26,-87.607
495.94,-88.978
496.61,-88.470
497.28,-88.827
497.96,-89.260
498.63,-89.712
499.30,-88.843
499.97,-88.622
500.65,-87.539
501.32,-86.386
501.99,-87.355
502.67,-88.453
503.34,-87.526
504.01,-89.018
504.68,-86.609
505.36,-88.962
506.03,-89.276
506.70,-89.476
507.38,-89.461
508.05,-90.245
508.72,-88.135
509.39,-87.942
510.07,-87.765
510.74,-87.655
511.41,-88.456
512.09,-88.363
512.76,-89.378
513.43,-88.831
514.11,-89.070
514.78,-87.380
515.45,-88.282
516.12,-88.598
516.80,-88.934
517.47,-88.814
518.14,-89.135
518.82,-90.826
519.49,-88.929
520.16,-88.831
520.83,-89.463
521.51,-89.142
522.18,-89.493
522.85,-89.155
523.53,-90.440
524.20,-89.732
524.87,-89.258
525.54,-90.513
526.22,-88.794
526.89,-90.142
527.56,-88.897
528.24,-89.076
528.91,-87.091
529.58,-86.149
530.26,-83.937
530.93,-77.106
531.60,-72.489
532.27,-82.840
532.95,-85.928
533.62,-87.238
534.29,-88.787
534.97,-87.024
535.64,-86.013
536.31,-86.763
536.98,-86.646
537.66,-85.673
538.33,-85.282
539.00,-88.238
539.68,-88.011
540.35,-88.707
541.02,-85.925
541.69,-86.878
542.37,-86.845
543.04,-86.261
543.71,-85.266
544.39,-85.638
545.06,-85.710
545.73,-86.434
546.41,-86.691
547.08,-87.013
547.75,-88.352
548.42,-88.109
549.10,-88.342
549.77,-87.759
550.44,-86.733
551.12,-89.378
551.79,-88.176
552.46,-87.111
553.13,-88.123
553.81,-87.650
554.48,-87.810
555.15,-87.027
555.83,-86.776
556.50,-87.807
557.17,-88.138
557.84,-88.043
558.52,-87.143
559.19,-87.636
559.86,-88.195
560.54,-86.864
561.21,-88.548
561.88,-87.753
562.55,-88.537
563.23,-87.065
563.90,-85.370
564.57,-86.819
565.25,-85.568
565.92,-86.559
566.59,-86.942
567.27,-86.974
567.94,-87.655
568.61,-88.272
569.28,-86.760
569.96,-88.050
570.63,-86.909
571.30,-87.538
571.98,-87.930
572.65,-86.897
573.32,-86.761
573.99,-87.614
574.67,-87.851
575.34,-88.327
576.01,-87.419
576.69,-87.439
577.36,-88.584
578.03,-88.058
578.70,-87.304
579.38,-87.374
580.05,-87.487
580.72,-87.269
581.40,-87.156
582.07,-86.002
582.74,-86.322
583.42,-86.746
584.09,-85.868
584.76,-83.609
585.43,-87.179
586.11,-86.864
586.78,-87.071
587.45,-87.518
588.13,-85.385
588.80,-88.199
589.47,-88.256
590.14,-87.235
590.82,-88.754
591.49,-85.646
592.16,-84.389
592.84,-86.794
593.51,-87.287
594.18,-88.296
594.85,-88.064
595.53,-88.437
596.20,-86.456
596.87,-87.766
597.55,-86.631
598.22,-85.580
598.89,-87.419
599.57,-87.069
600.24,-88.483
600.91,-87.419
601.58,-87.574
602.26,-87.636
602.93,-85.750
603.60,-84.819
604.28,-83.995
604.95,-83.802
605.62,-85.279
606.29,-85.857
606.97,-85.291
607.64,-85.493
608.31,-85.999
608.99,-86.497
609.66,-86.712
610.33,-83.796
611.00,-78.482
611.68,-83.771
612.35,-85.921
613.02,-86.510
613.70,-86.252
614.37,-85.540
615.04,-86.822
615.72,-85.471
616.39,-87.321
617.06,-86.597
617.73,-86.000
618.41,-87.285
619.08,-87.420
619.75,-86.119
620.43,-88.499
621.10,-86.983
621.77,-88.945
622.44,-88.340
623.12,-86.267
623.79,-85.388
624.46,-86.277
625.14,-86.078
625.81,-85.654
626.48,-85.453
627.15,-85.491
627.83,-84.917
628.50,-84.969
629.17,-85.291
629.85,-84.932
630.52,-84.282
631.19,-85.167
631.86,-86.555
632.54,-87.266
633.21,-85.394
633.88,-86.323
634.56,-85.763
635.23,-84.896
635.90,-84.725
636.58,-83.580
637.25,-82.287
637.92,-81.966
638.59,-85.267
639.27,-83.742
639.94,-85.270
640.61,-81.834
641.29,-83.387
641.96,-84.679
642.63,-83.870
643.30,-83.688
643.98,-83.673
644.65,-85.981
645.32,-84.599
646.00,-84.611
646.67,-84.484
647.34,-83.985
648.01,-84.426
648.69,-82.053
649.36,-83.526
650.03,-84.119
650.71,-83.542
651.38,-81.528
652.05,-82.747
652.73,-82.969
653.40,-83.245
654.07,-83.424
654.74,-85.236
655.42,-83.751
656.09,-85.145
656.76,-85.364
657.44,-83.419
658.11,-84.145
658.78,-82.562
659.45,-83.685
660.13,-83.718
660.80,-84.378
661.47,-83.079
662.15,-81.205
662.82,-79.140
663.49,-74.014
664.16,-64.378
664.84,-71.374
665.51,-78.425
666.18,-80.612
666.86,-81.895
667.53,-83.390
668.20,-83.285
668.88,-85.185
669.55,-83.498
670.22,-83.174
670.89,-84.408
671.57,-82.535
672.24,-84.223
672.91,-83.731
673.59,-83.313
674.26,-83.706
674.93,-82.994
675.60,-83.472
676.28,-84.547
676.95,-84.515
677.62,-84.621
678.30,-83.613
678.97,-82.911
679.64,-83.127
680.31,-82.169
680.99,-84.152
681.66,-83.623
682.33,-82.088
683.01,-83.167
683.68,-81.661
684.35,-84.118
685.03,-82.583
685.70,-82.423
686.37,-82.442
687.04,-83.664
687.72,-83.452
688.39,-81.850
689.06,-81.955
689.74,-82.882
690.41,-82.424
691.08,-82.269
691.75,-83.201
692.43,-81.189
693.10,-81.611
693.77,-81.195
694.45,-82.287
695.12,-82.482
695.79,-80.462
696.46,-83.248
697.14,-82.264
697.81,-81.533
698.48,-82.589
699.16,-83.804
699.83,-82.351
700.50,-81.291
701.17,-81.727
701.85,-81.387
702.52,-80.483
703.19,-82.282
703.87,-79.833
704.54,-80.175
705.21,-81.817
705.89,-81.849
706.56,-80.582
707.23,-81.395
707.90,-81.415
708.58,-82.793
709.25,-81.388
709.92,-80.928
710.60,-79.978
711.27,-78.397
711.94,-78.539
712.61,-78.107
713.29,-78.061
713.96,-79.546
714.63,-79.411
715.31,-79.686
715.98,-78.981
716.65,-78.931
717.32,-79.253
718.00,-78.831
718.67,-78.536
719.34,-77.095
720.02,-78.128
720.69,-79.651
721.36,-78.521
722.04,-80.673
722.71,-80.400
723.38,-78.179
724.05,-78.642
724.73,-77.366
725.40,-78.732
726.07,-78.407
726.75,-77.764
727.42,-77.048
728.09,-77.487
728.76,-77.540
729.44,-77.694
730.11,-77.851
730.78,-75.754
731.46,-75.732
732.13,-76.513
732.80,-75.437
733.47,-75.735
734.15,-75.483
734.82,-74.627
735.49,-74.521
736.17,-72.811
736.84,-74.070
737.51,-74.112
738.19,-74.313
738.86,-75.606
739.53,-74.869
740.20,-74.335
740.88,-64.029
741.55,-72.561
742.22,-68.658
742.90,-74.637
743.57,-72.842
744.24,-69.818
744.91,-73.722
745.59,-75.241
746.26,-73.038
746.93,-73.784
747.61,-75.784
748.28,-75.582
748.95,-77.110
749.62,-75.383
750.30,-75.504
750.97,-75.258
751.64,-75.947
752.32,-74.609
752.99,-76.197
753.66,-75.344
754.34,-74.344
755.01,-73.428
755.68,-75.889
756.35,-75.333
757.03,-73.430
757.70,-71.852
758.37,-73.780
759.05,-74.987
759.72,-73.793
760.39,-72.136
761.06,-72.933
761.74,-72.479
762.41,-70.944
763.08,-72.323
763.76,-72.634
764.43,-73.687
765.10,-73.924
765.77,-73.200
766.45,-72.787
767.12,-72.835
767.79,-72.997
768.47,-72.862
769.14,-72.789
769.81,-72.491
770.48,-63.313
771.16,-69.801
771.83,-71.151
772.50,-71.717
773.18,-73.391
773.85,-72.891
774.52,-73.178
775.20,-71.527
775.87,-72.994
776.54,-72.228
777.21,-73.805
777.89,-73.281
778.56,-72.924
779.23,-73.133
779.91,-72.565
780.58,-72.828
781.25,-73.392
781.92,-72.314
782.60,-72.910
783.27,-73.182
783.94,-72.803
784.62,-74.075
785.29,-73.984
785.96,-73.949
786.63,-73.654
787.31,-72.414
787.98,-73.519
788.65,-74.027
789.33,-73.443
790.00,-73.408
790.67,-73.286
791.35,-75.479
792.02,-73.515
792.69,-74.344
793.36,-73.710
794.04,-73.224
794.71,-73.243
795.38,-70.948
796.06,-67.513
796.73,-61.826
797.40,-62.522
798.07,-70.745
798.75,-72.648
799.42,-73.078
800.09,-73.432
800.77,-74.582
801.44,-73.721
802.11,-75.690
802.78,-75.322
803.46,-75.319
804.13,-75.898
804.80,-76.038
805.48,-77.495
806.15,-74.882
806.82,-76.596
807.50,-76.472
808.17,-75.693
808.84,-75.932
809.51,-76.429
810.19,-75.850
810.86,-77.924
811.53,-76.111
812.21,-75.957
812.88,-76.748
813.55,-77.077
814.22,-76.764
814.90,-75.709
815.57,-78.064
816.24,-76.864
816.92,-76.133
817.59,-76.523
818.26,-78.098
818.93,-77.528
819.61,-77.298
820.28,-77.975
820.95,-76.643
821.63,-77.758
822.30,-77.825
822.97,-76.044
823.65,-74.023
824.32,-75.935
824.99,-78.280
825.66,-78.786
826.34,-78.603
827.01,-77.575
827.68,-79.275
828.36,-78.070
829.03,-78.492
829.70,-79.624
830.37,-79.666
831.05,-78.725
831.72,-80.033
832.39,-79.272
833.07,-79.879
833.74,-80.808
834.41,-80.769
835.08,-80.716
835.76,-80.441
836.43,-79.535
837.10,-80.582
837.78,-80.387
838.45,-80.990
839.12,-79.795
839.79,-78.260
840.47,-78.745
841.14,-81.277
841.81,-80.655
842.49,-81.288
843.16,-81.788
843.83,-80.711
844.51,-80.790
845.18,-80.425
845.85,-81.762
846.52,-80.287
847.20,-81.182
847.87,-80.863
848.54,-81.397
849.22,-81.744
849.89,-80.670
850.56,-79.305
851.23,-77.334
851.91,-81.346
852.58,-82.143
853.25,-80.585
853.93,-80.603
854.60,-80.676
855.27,-81.970
855.94,-80.709
856.62,-81.856
857.29,-80.762
857.96,-82.084
858.64,-80.708
859.31,-82.155
859.98,-82.550
860.66,-81.263
861.33,-81.415
862.00,-82.304
862.67,-81.266
863.35,-81.460
864.02,-82.944
864.69,-82.137
865.37,-83.269
866.04,-80.866
866.71,-82.948
867.38,-81.604
868.06,-82.509
868.73,-81.757
869.40,-83.781
870.08,-83.924
870.75,-83.014
871.42,-83.130
872.09,-83.396
872.77,-83.202
873.44,-83.246
874.11,-84.249
874.79,-84.471
875.46,-82.703
876.13,-83.404
876.81,-85.392
877.48,-83.586
878.15,-82.993
878.82,-82.285
879.50,-84.743
880.17,-82.744
880.84,-84.455
881.52,-84.613
882.19,-84.272
882.86,-83.225
883.53,-84.708
884.21,-84.137
884.88,-84.579
885.55,-84.111
886.23,-84.905
886.90,-85.257
887.57,-83.169
888.24,-84.261
888.92,-83.567
889.59,-84.603
890.26,-82.317
890.94,-83.449
891.61,-85.445
892.28,-84.340
892.96,-84.917
893.63,-84.283
894.30,-85.014
894.97,-84.785
895.65,-86.104
896.32,-85.091
896.99,-84.434
897.67,-85.970
898.34,-84.601
899.01,-84.746
899.68,-84.572
900.36,-84.451
901.03,-85.893
901.70,-85.569
902.38,-83.683
903.05,-82.325
903.72,-83.640
904.39,-83.711
905.07,-84.882
905.74,-86.389
906.41,-84.358
907.09,-83.939
907.76,-85.980
908.43,-85.397
909.10,-85.312
909.78,-84.481
910.45,-85.801
911.12,-87.451
911.80,-85.325
912.47,-86.788
913.14,-84.615
913.82,-85.155
914.49,-85.037
915.16,-84.108
915.83,-85.189
916.51,-85.215
917.18,-85.689
917.85,-85.995
918.53,-86.406
919.20,-85.701
919.87,-85.328
920.54,-85.288
921.22,-83.341
921.89,-85.205
922.56,-84.901
923.24,-85.153
923.91,-85.199
924.58,-85.421
925.25,-85.452
925.93,-87.163
926.60,-84.916
927.27,-85.293
927.95,-85.054
928.62,-83.570
929.29,-81.819
929.97,-78.644
930.64,-83.317
931.31,-86.137
931.98,-85.977
932.66,-85.819
933.33,-86.515
934.00,-85.484
934.68,-86.100
935.35,-87.138
936.02,-86.625
936.69,-86.410
937.37,-87.384
938.04,-86.385
938.71,-87.823
939.39,-87.139
940.06,-87.242
940.73,-87.016
941.40,-89.043
942.08,-87.398
942.75,-87.544
943.42,-87.407
944.10,-88.071
944.77,-88.338
945.44,-86.318
946.12,-87.610
946.79,-87.577
947.46,-87.905
948.13,-87.795
948.81,-86.381
949.48,-87.001
950.15,-87.363
950.83,-87.883
951.50,-86.118
952.17,-88.157
952.84,-87.060
953.52,-89.005
954.19,-89.819
954.86,-87.788
955.54,-86.579
956.21,-88.185
956.88,-87.585
957.55,-86.772
958.23,-87.241
958.90,-87.027
959.57,-86.543
960.25,-87.488
960.92,-88.061
961.59,-88.003
962.27,-88.677
962.94,-87.232
963.61,-87.045
964.28,-85.914
964.96,-88.338
965.63,-89.167
966.30,-88.473
966.98,-87.333
967.65,-88.398
968.32,-87.847
968.99,-87.427
969.67,-88.787
970.34,-88.643
971.01,-87.643
971.69,-89.130
972.36,-88.946
973.03,-87.402
973.70,-88.782
974.38,-88.357
975.05,-88.724
975.72,-88.144
976.40,-87.776
977.07,-89.322
977.74,-88.531
978.41,-88.990
979.09,-87.328
979.76,-88.159
980.43,-86.717
981.11,-87.898
981.78,-88.463
982.45,-87.298
983.13,-87.785
983.80,-89.929
984.47,-88.869
985.14,-88.237
985.82,-88.132
986.49,-89.334
987.16,-88.432
987.84,-89.567
988.51,-90.423
989.18,-88.794
989.85,-88.510
990.53,-88.739
991.20,-88.086
991.87,-88.323
992.55,-89.252
993.22,-89.000
993.89,-88.165
994.56,-90.234
995.24,-88.461
995.91,-87.725
996.58,-87.514
997.26,-88.811
997.93,-88.816
998.60,-88.163
999.28,-89.273
999.95,-90.000
1000.62,-89.225
1001.29,-88.475
1001.97,-88.606
1002.64,-90.344
1003.31,-87.019
1003.99,-89.791
1004.66,-87.788
1005.33,-88.497
1006.00,-88.939
1006.68,-89.962
1007.35,-89.016
1008.02,-88.579
1008.70,-88.866
1009.37,-88.564
1010.04,-87.135
1010.71,-87.995
1011.39,-88.304
1012.06,-87.714
1012.73,-88.754
1013.41,-89.421
1014.08,-88.962
1014.75,-88.456
1015.43,-88.753
1016.10,-89.888
1016.77,-90.702
1017.44,-88.879
1018.12,-87.689
1018.79,-88.652
1019.46,-89.581
1020.14,-89.048
1020.81,-88.473
1021.48,-89.742
1022.15,-89.137
1022.83,-89.188
1023.50,-89.169
1024.17,-89.193
1024.85,-90.373
1025.52,-89.189
1026.19,-88.959
1026.86,-88.415
1027.54,-89.053
1028.21,-88.485
1028.88,-89.485
1029.56,-88.714
1030.23,-89.209
1030.90,-90.098
1031.58,-90.038
1032.25,-89.595
1032.92,-89.440
1033.59,-89.256
1034.27,-90.217
1034.94,-88.564
1035.61,-88.663
1036.29,-90.611
1036.96,-90.058
1037.63,-89.081
1038.30,-89.017
1038.98,-89.352
1039.65,-89.464
1040.32,-88.341
1041.00,-88.632
1041.67,-89.739
1042.34,-89.158
1043.01,-88.661
1043.69,-91.040
1044.36,-90.013
1045.03,-89.349
1045.71,-89.214
1046.38,-89.566
1047.05,-90.549
1047.72,-88.947
1048.40,-90.037
1049.07,-88.784
1049.74,-89.429
1050.42,-89.481
1051.09,-90.138
1051.76,-89.617
1052.44,-90.216
1053.11,-90.123
1053.78,-88.640
1054.45,-89.623
1055.13,-90.040
1055.80,-90.280
1056.47,-90.575
1057.15,-90.015
1057.82,-88.933
1058.49,-89.975
1059.16,-90.819
1059.84,-88.484
1060.51,-90.053
1061.18,-89.404
1061.86,-89.956
1062.53,-89.820
1063.20,-88.845
1063.87,-89.754
1064.55,-89.670
1065.22,-88.879
1065.89,-89.865
1066.57,-89.720
1067.24,-89.969
1067.91,-89.808
1068.59,-89.953
1069.26,-90.650
1069.93,-89.235
1070.60,-89.792
1071.28,-90.781
1071.95,-89.589
1072.62,-89.934
1073.30,-89.947
1073.97,-90.717
1074.64,-89.417
1075.31,-89.099
1075.99,-88.248
1076.66,-89.424
1077.33,-89.431
1078.01,-89.479
1078.68,-89.522
1079.35,-88.961
1080.02,-88.429
1080.70,-88.682
1081.37,-90.059
1082.04,-89.548
1082.72,-88.857
1083.39,-88.077
1084.06,-89.163
1084.74,-90.914
1085.41,-89.201
1086.08,-89.266
1086.75,-90.352
1087.43,-90.258
1088.10,-88.108
1088.77,-90.058
1089.45,-89.155
1090.12,-89.834
1090.79,-89.771
1091.46,-89.985
1092.14,-89.172
1092.81,-89.513
1093.48,-89.939
1094.16,-89.249
1094.83,-89.323
1095.50,-90.410
1096.17,-88.823
1096.85,-88.734
1097.52,-89.883
1098.19,-89.038
1098.87,-89.388
1099.54,-88.690
1100.21,-87.935
1100.89,-88.007
1101.56,-89.330
1102.23,-89.070
1102.90,-89.541
1103.58,-89.381
1104.25,-89.486
1104.92,-89.104
1105.60,-89.454
1106.27,-89.184
1106.94,-90.044
1107.61,-90.303
1108.29,-89.063
1108.96,-88.680
1109.63,-88.881
1110.31,-87.966
1110.98,-88.919
1111.65,-88.664
1112.32,-90.547
1113.00,-89.611
1113.67,-90.328
1114.34,-89.779
1115.02,-89.491
1115.69,-88.702
1116.36,-89.864
1117.03,-89.074
1117.71,-90.435
1118.38,-88.594
1119.05,-88.636
1119.73,-88.227
1120.40,-89.711
1121.07,-90.696
1121.75,-89.877
1122.42,-88.892
1123.09,-90.212
1123.76,-88.750
1124.44,-90.502
1125.11,-88.644
1125.78,-89.015
1126.46,-89.700
1127.13,-90.775
1127.80,-86.420
1128.47,-89.426
1129.15,-88.282
1129.82,-85.326
1130.49,-82.370
1131.17,-87.771
1131.84,-88.404
1132.51,-88.571
1133.18,-89.988
1133.86,-89.850
1134.53,-89.004
1135.20,-89.669
1135.88,-90.077
1136.55,-88.019
1137.22,-89.004
1137.90,-89.983
1138.57,-89.403
1139.24,-89.238
1139.91,-89.119
1140.59,-88.938
1141.26,-89.256
1141.93,-90.240
1142.61,-90.084
1143.28,-90.451
1143.95,-89.659
1144.62,-88.496
1145.30,-88.107
1145.97,-89.235
1146.64,-87.930
1147.32,-89.229
1147.99,-89.308
1148.66,-91.087
1149.33,-89.027
1150.01,-89.071
1150.68,-89.237
1151.35,-89.247
1152.03,-89.015
1152.70,-88.178
1153.37,-88.891
1154.05,-88.951
1154.72,-88.791
1155.39,-90.251
1156.06,-89.755
1156.74,-90.050
1157.41,-91.096
1158.08,-88.860
1158.76,-89.887
1159.43,-89.402
1160.10,-88.292
1160.77,-87.182
1161.45,-89.377
1162.12,-88.861
1162.79,-89.649
1163.47,-89.735
1164.14,-88.251
1164.81,-87.677
1165.48,-89.705
1166.16,-89.464
1166.83,-90.449
1167.50,-88.100
1168.18,-88.595
1168.85,-88.639
1169.52,-88.263
1170.20,-89.065
1170.87,-87.914
1171.54,-88.932
1172.21,-88.441
1172.89,-89.929
1173.56,-89.069
1174.23,-88.368
1174.91,-89.494
1175.58,-90.897
1176.25,-90.303
1176.92,-91.528
1177.60,-89.864
1178.27,-88.688
1178.94,-89.293
1179.62,-89.696
1180.29,-89.742
1180.96,-90.025
1181.63,-88.702
1182.31,-89.478
1182.98,-88.732
1183.65,-87.972
1184.33,-89.954
1185.00,-89.136
1185.67,-89.311
1186.34,-88.580
1187.02,-85.682
1187.69,-88.311
1188.36,-89.399
1189.04,-89.781
1189.71,-88.808
1190.38,-88.324
1191.06,-88.992
1191.73,-88.989
1192.40,-89.750
1193.07,-89.124
1193.75,-89.326
1194.42,-88.401
1195.09,-88.244
1195.77,-87.896
1196.44,-89.515
1197.11,-89.984
1197.78,-89.128
1198.46,-88.079
1199.13,-88.868
1199.80,-89.041
1200.48,-88.597
1201.15,-87.789
1201.82,-87.932
1202.49,-88.308
1203.17,-88.897
1203.84,-89.132
1204.51,-88.934
1205.19,-87.378
1205.86,-88.529
1206.53,-88.889
1207.21,-89.114
1207.88,-88.516
1208.55,-87.876
1209.22,-88.030
1209.90,-89.259
1210.57,-89.780
1211.24,-88.519
1211.92,-88.741
1212.59,-87.998
1213.26,-86.999
1213.93,-88.986
1214.61,-88.741
1215.28,-88.102
1215.95,-88.319
1216.63,-90.015
1217.30,-86.948
1217.97,-89.864
1218.64,-88.898
1219.32,-88.750
1219.99,-90.017
1220.66,-87.653
1221.34,-88.581
1222.01,-87.194
1222.68,-88.904
1223.36,-88.636
1224.03,-88.298
1224.70,-87.183
1225.37,-87.606
1226.05,-88.244
1226.72,-88.427
1227.39,-88.915
1228.07,-87.791
1228.74,-87.592
1229.41,-88.676
1230.08,-89.516
1230.76,-88.534
1231.43,-87.234
1232.10,-87.794
1232.78,-87.216
1233.45,-88.603
1234.12,-89.901
1234.79,-87.636
1235.47,-88.403
1236.14,-88.222
1236.81,-87.636
1237.49,-87.327
1238.16,-86.491
1238.83,-86.317
1239.51,-87.989
1240.18,-88.389
1240.85,-87.478
1241.52,-87.027
1242.20,-86.884
1242.87,-86.680
1243.54,-87.219
1244.22,-86.829
1244.89,-87.386
1245.56,-85.669
1246.23,-87.467
1246.91,-86.370
1247.58,-87.478
1248.25,-86.766
1248.93,-86.558
1249.60,-87.793
1250.27,-88.421
1250.94,-87.730
1251.62,-87.817
1252.29,-86.599
1252.96,-87.358
1253.64,-87.014
1254.31,-86.756
1254.98,-85.314
1255.65,-85.395
1256.33,-86.357
1257.00,-87.525
1257.67,-87.517
1258.35,-88.430
1259.02,-85.726
1259.69,-87.149
1260.37,-87.393
1261.04,-86.472
1261.71,-87.289
1262.38,-87.956
1263.06,-87.291
1263.73,-86.806
1264.40,-86.112
1265.08,-86.532
1265.75,-86.630
1266.42,-87.120
1267.09,-86.299
1267.77,-87.727
1268.44,-88.910
1269.11,-87.201
1269.79,-86.995
1270.46,-87.140
1271.13,-86.735
1271.80,-85.368
1272.48,-86.463
1273.15,-86.638
1273.82,-86.152
1274.50,-86.769
1275.17,-86.317
1275.84,-86.076
1276.52,-86.095
1277.19,-86.557
1277.86,-86.166
1278.53,-85.404
1279.21,-87.302
1279.88,-88.511
1280.55,-85.980
1281.23,-86.002
1281.90,-86.116
1282.57,-86.510
1283.24,-87.534
1283.92,-86.777
1284.59,-86.442
1285.26,-86.484
1285.94,-85.949
1286.61,-86.909
1287.28,-86.013
1287.95,-86.882
1288.63,-86.871
1289.30,-85.315
1289.97,-87.008
1290.65,-85.960
1291.32,-86.798
1291.99,-86.848
1292.67,-86.201
1293.34,-86.085
1294.01,-88.174
1294.68,-84.826
1295.36,-86.066
1296.03,-83.860
1296.70,-85.293
1297.38,-85.242
1298.05,-85.134
1298.72,-84.504
1299.39,-84.952
1300.07,-85.989
1300.74,-85.569
1301.41,-86.665
1302.09,-87.093
1302.76,-85.720
1303.43,-85.058
1304.10,-86.361
1304.78,-84.701
1305.45,-86.029
1306.12,-86.701
1306.80,-86.844
1307.47,-85.302
1308.14,-85.236
1308.82,-85.681
1309.49,-85.424
1310.16,-84.129
1310.83,-85.365
1311.51,-84.306
1312.18,-84.194
1312.85,-84.909
1313.53,-83.726
1314.20,-84.387
1314.87,-85.298
1315.54,-85.007
1316.22,-84.313
1316.89,-84.176
1317.56,-84.141
1318.24,-84.708
1318.91,-84.205
1319.58,-84.440
1320.25,-84.453
1320.93,-83.377
1321.60,-84.469
1322.27,-83.573
1322.95,-84.516
1323.62,-83.946
1324.29,-83.598
1324.96,-83.940
1325.64,-83.594
1326.31,-84.069
1326.98,-82.883
1327.66,-83.426
1328.33,-82.551
1329.00,-81.260
1329.68,-83.620
1330.35,-82.961
1331.02,-84.670
1331.69,-84.289
1332.37,-84.214
1333.04,-84.069
1333.71,-86.198
1334.39,-83.507
1335.06,-83.273
1335.73,-82.989
1336.40,-84.550
1337.08,-83.984
1337.75,-84.844
1338.42,-83.556
1339.10,-84.545
1339.77,-84.187
1340.44,-83.454
1341.11,-83.008
1341.79,-82.986
1342.46,-83.921
1343.13,-83.157
1343.81,-82.749
1344.48,-84.115
1345.15,-83.133
1345.83,-82.450
1346.50,-81.144
1347.17,-83.010
1347.84,-82.205
1348.52,-82.851
1349.19,-82.001
1349.86,-83.487
1350.54,-83.009
1351.21,-81.769
1351.88,-82.652
1352.55,-81.928
1353.23,-83.352
1353.90,-82.526
1354.57,-82.617
1355.25,-83.214
1355.92,-82.934
1356.59,-81.961
1357.26,-81.745
1357.94,-82.241
1358.61,-82.223
1359.28,-81.282
1359.96,-82.313
1360.63,-82.664
1361.30,-82.009
1361.98,-82.137
1362.65,-80.987
1363.32,-81.693
1363.99,-82.542
1364.67,-81.754
1365.34,-81.281
1366.01,-80.186
1366.69,-79.970
1367.36,-82.020
1368.03,-82.001
1368.70,-79.219
1369.38,-80.796
1370.05,-79.989
1370.72,-81.649
1371.40,-82.051
1372.07,-81.329
1372.74,-81.057
1373.41,-81.113
1374.09,-81.742
1374.76,-80.446
1375.43,-81.357
1376.11,-81.435
1376.78,-81.830
1377.45,-81.136
1378.12,-81.211
1378.80,-81.133
1379.47,-79.838
1380.14,-79.726
1380.82,-79.736
1381.49,-79.577
1382.16,-80.056
1382.84,-79.377
1383.51,-81.136
1384.18,-80.257
1384.85,-81.741
1385.53,-79.260
1386.20,-80.237
1386.87,-79.310
1387.55,-80.271
1388.22,-79.614
1388.89,-78.728
1389.56,-80.129
1390.24,-79.172
1390.91,-79.817
1391.58,-79.345
1392.26,-81.539
1392.93,-79.794
1393.60,-78.416
1394.27,-77.728
1394.95,-79.102
1395.62,-79.575
1396.29,-77.856
1396.97,-77.114
1397.64,-78.373
1398.31,-78.441
1398.99,-79.238
1399.66,-78.053
1400.33,-78.108
1401.00,-77.839
1401.68,-77.640
1402.35,-76.582
1403.02,-78.656
1403.70,-78.855
1404.37,-78.292
1405.04,-79.109
1405.71,-78.729
1406.39,-77.236
1407.06,-77.640
1407.73,-77.067
1408.41,-76.240
1409.08,-76.424
1409.75,-77.335
1410.42,-76.545
1411.10,-76.101
1411.77,-76.985
1412.44,-76.613
1413.12,-76.541
1413.79,-77.217
1414.46,-76.596
1415.14,-76.476
1415.81,-76.181
1416.48,-76.588
1417.15,-75.959
1417.83,-77.106
1418.50,-75.569
1419.17,-75.319
1419.85,-75.161
1420.52,-76.083
1421.19,-77.163
1421.86,-75.284
1422.54,-75.504
1423.21,-75.479
1423.88,-75.427
1424.56,-75.072
1425.23,-76.442
1425.90,-74.101
1426.57,-74.932
1427.25,-74.391
1427.92,-74.809
1428.59,-74.459
1429.27,-73.761
1429.94,-75.634
1430.61,-73.779
1431.29,-73.827
1431.96,-73.908
1432.63,-73.475
1433.30,-73.382
1433.98,-73.565
1434.65,-73.298
1435.32,-73.072
1436.00,-73.846
1436.67,-75.073
1437.34,-74.006
1438.01,-73.170
1438.69,-74.885
1439.36,-73.935
1440.03,-72.425
1440.71,-73.589
1441.38,-73.501
1442.05,-72.435
1442.72,-72.702
1443.40,-71.889
1444.07,-72.387
1444.74,-72.616
1445.42,-72.963
1446.09,-71.583
1446.76,-71.776
1447.43,-72.529
1448.11,-71.268
1448.78,-71.174
1449.45,-71.925
1450.13,-72.555
1450.80,-71.558
1451.47,-71.989
1452.15,-71.078
1452.82,-71.181
1453.49,-70.180
1454.16,-70.610
1454.84,-70.890
1455.51,-71.709
1456.18,-70.698
1456.86,-70.101
1457.53,-69.666
1458.20,-69.329
1458.87,-69.435
1459.55,-69.489
1460.22,-70.363
1460.89,-68.205
1461.57,-69.724
1462.24,-71.198
1462.91,-69.719
1463.58,-69.949
1464.26,-71.312
1464.93,-69.847
1465.60,-70.267
1466.28,-70.328
1466.95,-69.708
1467.62,-68.171
1468.30,-68.660
1468.97,-70.723
1469.64,-69.409
1470.31,-68.711
1470.99,-70.763
1471.66,-69.668
1472.33,-69.057
1473.01,-69.518
1473.68,-69.205
1474.35,-69.913
1475.02,-68.779
1475.70,-71.439
1476.37,-71.669
1477.04,-69.738
1477.72,-69.262
1478.39,-70.942
1479.06,-69.863
1479.73,-69.762
1480.41,-69.738
1481.08,-69.570
1481.75,-68.877
1482.43,-68.973
1483.10,-70.886
1483.77,-68.839
1484.45,-70.638
1485.12,-71.296
1485.79,-71.087
1486.46,-70.199
1487.14,-70.603
1487.81,-70.918
1488.48,-71.138
1489.16,-71.560
1489.83,-70.509
1490.50,-72.476
1491.17,-71.681
1491.85,-71.532
1492.52,-71.277
1493.19,-71.093
1493.87,-71.360
1494.54,-72.577
1495.21,-72.357
1495.88,-72.103
1496.56,-70.798
1497.23,-71.957
1497.90,-72.067
1498.58,-72.834
1499.25,-72.591
1499.92,-72.469
1500.60,-73.068
1501.27,-73.112
1501.94,-73.161
1502.61,-73.467
1503.29,-73.521
1503.96,-73.524
1504.63,-72.644
1505.31,-72.743
1505.98,-73.776
1506.65,-73.874
1507.32,-73.183
1508.00,-72.959
1508.67,-73.505
1509.34,-73.913
1510.02,-74.749
1510.69,-75.175
1511.36,-74.219
1512.03,-75.317
1512.71,-74.270
1513.38,-76.846
1514.05,-75.162
1514.73,-74.954
1515.40,-73.440
1516.07,-74.508
1516.74,-75.260
1517.42,-75.107
1518.09,-75.683
1518.76,-75.107
1519.44,-75.619
1520.11,-75.884
1520.78,-76.632
1521.46,-75.595
1522.13,-76.033
1522.80,-75.122
1523.47,-76.288
1524.15,-75.261
1524.82,-76.833
1525.49,-75.812
1526.17,-77.406
1526.84,-76.927
1527.51,-78.013
1528.18,-75.356
1528.86,-76.497
1529.53,-76.480
1530.20,-76.565
1530.88,-77.607
1531.55,-76.919
1532.22,-76.674
1532.89,-76.813
1533.57,-76.661
1534.24,-76.768
1534.91,-77.908
1535.59,-78.269
1536.26,-76.688
1536.93,-78.286
1537.61,-78.735
1538.28,-78.135
1538.95,-78.470
1539.62,-78.253
1540.30,-78.676
1540.97,-78.011
1541.64,-76.810
1542.32,-77.208
1542.99,-77.657
1543.66,-77.361
1544.33,-78.562
1545.01,-78.633
1545.68,-78.755
1546.35,-79.804
1547.03,-78.688
1547.70,-78.818
1548.37,-79.766
1549.04,-78.197
1549.72,-79.596
1550.39,-77.974
1551.06,-78.351
1551.74,-78.811
1552.41,-78.931
1553.08,-79.072
1553.76,-79.132
1554.43,-77.928
1555.10,-79.335
1555.77,-79.920
1556.45,-78.461
1557.12,-78.398
1557.79,-78.322
1558.47,-80.070
1559.14,-80.095
1559.81,-79.618
1560.48,-78.830
1561.16,-81.660
1561.83,-78.778
1562.50,-79.030
1563.18,-79.592
1563.85,-80.208
1564.52,-80.191
1565.19,-79.277
1565.87,-80.221
1566.54,-79.772
1567.21,-79.933
1567.89,-80.955
1568.56,-80.365
1569.23,-79.712
1569.91,-80.352
1570.58,-79.749
1571.25,-80.613
1571.92,-80.816
1572.60,-80.723
1573.27,-81.404
1573.94,-81.797
1574.62,-80.495
1575.29,-81.468
1575.96,-80.795
1576.63,-80.559
1577.31,-81.206
1577.98,-80.542
1578.65,-81.674
1579.33,-80.932
1580.00,-80.550
1580.67,-82.190
1581.34,-81.643
1582.02,-81.668
1582.69,-81.270
1583.36,-81.050
1584.04,-82.115
1584.71,-81.537
1585.38,-81.040
1586.05,-82.089
1586.73,-79.937
1587.40,-81.430
1588.07,-81.517
1588.75,-80.330
1589.42,-80.909
1590.09,-81.609
1590.77,-81.516
1591.44,-83.269
1592.11,-82.789
1592.78,-82.400
1593.46,-80.719
1594.13,-82.662
1594.80,-81.581
1595.48,-82.076
1596.15,-81.854
1596.82,-80.946
1597.49,-81.857
1598.17,-81.364
1598.84,-81.658
1599.51,-83.305
1600.19,-82.675
1600.86,-82.584
1601.53,-83.023
1602.20,-81.796
1602.88,-81.579
1603.55,-82.442
1604.22,-82.469
1604.90,-82.468
1605.57,-81.245
1606.24,-81.075
1606.92,-81.957
1607.59,-80.564
1608.26,-82.223
1608.93,-81.578
1609.61,-81.037
1610.28,-82.710
1610.95,-82.780
1611.63,-82.545
1612.30,-82.089
1612.97,-82.274
1613.64,-82.961
1614.32,-82.925
1614.99,-82.221
1615.66,-82.854
1616.34,-81.765
1617.01,-82.994
1617.68,-81.332
1618.35,-81.530
1619.03,-82.837
1619.70,-81.046
1620.37,-83.620
1621.05,-83.748
1621.72,-83.368
1622.39,-83.160
1623.07,-83.004
1623.74,-83.693
1624.41,-84.356
1625.08,-82.115
1625.76,-81.468
1626.43,-83.419
1627.10,-82.895
1627.78,-83.733
1628.45,-83.749
1629.12,-83.310
1629.79,-83.662
1630.47,-83.646
1631.14,-83.624
1631.81,-84.249
1632.49,-82.441
1633.16,-83.434
1633.83,-84.118
1634.50,-83.524
1635.18,-83.882
1635.85,-84.635
1636.52,-82.518
1637.20,-84.110
1637.87,-82.990
1638.54,-83.741
1639.22,-84.893
1639.89,-83.522
1640.56,-83.633
1641.23,-83.704
1641.91,-83.212
1642.58,-85.214
1643.25,-84.216
1643.93,-84.341
1644.60,-84.799
1645.27,-84.600
1645.94,-85.668
1646.62,-83.019
1647.29,-83.345
1647.96,-84.708
1648.64,-83.299
1649.31,-83.476
1649.98,-83.097
1650.65,-84.091
1651.33,-83.602
1652.00,-83.490
1652.67,-82.365
1653.35,-83.527
1654.02,-84.231
1654.69,-83.114
1655.36,-83.588
1656.04,-84.634
1656.71,-83.317
1657.38,-83.791
1658.06,-84.182
1658.73,-83.496
1659.40,-82.714
1660.08,-83.971
1660.75,-84.584
1661.42,-83.255
1662.09,-82.019
1662.77,-84.584
1663.44,-84.567
1664.11,-84.779
1664.79,-83.803
1665.46,-83.608
1666.13,-84.360
1666.80,-84.141
1667.48,-84.436
1668.15,-83.610
1668.82,-82.900
1669.50,-82.672
1670.17,-84.105
1670.84,-85.026
1671.51,-83.918
1672.19,-84.181
1672.86,-83.864
1673.53,-85.201
1674.21,-85.239
1674.88,-84.415
1675.55,-84.720
1676.23,-84.447
1676.90,-83.292
1677.57,-82.503
1678.24,-82.555
1678.92,-83.525
1679.59,-83.487
1680.26,-83.734
1680.94,-84.305
1681.61,-84.876
1682.28,-84.915
1682.95,-85.583
1683.63,-84.048
1684.30,-85.000
1684.97,-84.064
1685.65,-85.680
1686.32,-83.702
1686.99,-84.600
1687.66,-84.359
1688.34,-84.632
1689.01,-85.355
1689.68,-84.584
1690.36,-85.886
1691.03,-85.370
1691.70,-86.207
1692.38,-85.627
1693.05,-85.632
1693.72,-83.984
1694.39,-84.636
1695.07,-85.775
1695.74,-84.613
1696.41,-84.522
1697.09,-85.088
1697.76,-85.687
1698.43,-84.519
1699.10,-84.363
1699.78,-85.349
1700.45,-84.132
1701.12,-84.503
1701.80,-84.675
1702.47,-85.072
1703.14,-86.020
1703.81,-86.924
1704.49,-85.796
1705.16,-85.600
1705.83,-85.834
1706.51,-85.517
1707.18,-83.564
1707.85,-85.199
1708.53,-86.036
1709.20,-85.292
1709.87,-84.683
1710.54,-85.824
1711.22,-85.234
1711.89,-86.271
1712.56,-85.590
1713.24,-84.513
1713.91,-86.380
1714.58,-86.712
1715.25,-85.376
1715.93,-85.806
1716.60,-84.686
1717.27,-85.395
1717.95,-85.608
1718.62,-86.290
1719.29,-86.116
1719.96,-85.223
1720.64,-86.226
1721.31,-84.234
1721.98,-84.445
1722.66,-85.537
1723.33,-85.871
1724.00,-84.657
1724.67,-85.441
1725.35,-85.145
1726.02,-85.898
1726.69,-85.956
1727.37,-84.811
1728.04,-85.405
1728.71,-85.694
1729.39,-87.250
1730.06,-87.323
1730.73,-85.355
1731.40,-86.249
1732.08,-86.001
1732.75,-84.428
1733.42,-86.173
1734.10,-85.373
1734.77,-85.783
1735.44,-84.166
1736.11,-83.588
1736.79,-84.582
1737.46,-85.279
1738.13,-86.007
1738.81,-85.333
1739.48,-85.565
1740.15,-85.091
1740.82,-85.456
1741.50,-85.422
1742.17,-85.473
1742.84,-85.278
1743.52,-85.260
1744.19,-85.780
1744.86,-86.585
1745.54,-85.820
1746.21,-86.735
1746.88,-86.144
1747.55,-85.364
1748.23,-86.309
1748.90,-86.169
1749.57,-85.802
1750.25,-85.272
1750.92,-84.485
1751.59,-84.405
1752.26,-83.512
1752.94,-85.545
1753.61,-84.869
1754.28,-86.026
1754.96,-84.679
1755.63,-84.230
1756.30,-84.465
1756.97,-85.013
1757.65,-86.187
1758.32,-85.166
1758.99,-85.785
1759.67,-85.560
1760.34,-85.179
1761.01,-84.544
1761.69,-85.624
1762.36,-86.040
1763.03,-86.188
1763.70,-85.802
1764.38,-85.885
1765.05,-86.391
1765.72,-85.478
1766.40,-86.915
1767.07,-85.978
1767.74,-85.861
1768.41,-85.049
1769.09,-85.145
1769.76,-85.571
1770.43,-84.740
1771.11,-85.717
1771.78,-85.407
1772.45,-85.333
1773.12,-86.101
1773.80,-86.476
1774.47,-85.001
1775.14,-85.899
1775.82,-84.020
1776.49,-85.950
1777.16,-85.126
1777.84,-84.018
1778.51,-85.286
1779.18,-85.771
1779.85,-85.797
1780.53,-85.667
1781.20,-85.426
1781.87,-84.452
1782.55,-86.410
1783.22,-84.742
1783.89,-85.100
1784.56,-84.733
1785.24,-86.380
1785.91,-86.031
1786.58,-86.810
1787.26,-86.540
1787.93,-85.861
1788.60,-84.339
1789.27,-85.588
1789.95,-86.169
1790.62,-85.854
1791.29,-84.748
1791.97,-84.372
1792.64,-86.371
1793.31,-84.423
1793.98,-85.765
1794.66,-85.780
1795.33,-85.729
1796.00,-86.891
1796.68,-87.064
1797.35,-85.107
1798.02,-85.235
1798.70,-84.919
1799.37,-84.493
1800.04,-85.899
1800.71,-85.482
1801.39,-84.117
1802.06,-86.372
1802.73,-84.092
1803.41,-84.758
1804.08,-85.823
1804.75,-85.370
1805.42,-85.345
1806.10,-85.096
1806.77,-85.334
1807.44,-86.670
1808.12,-84.476
1808.79,-84.918
1809.46,-83.951
1810.13,-86.290
1810.81,-84.294
1811.48,-84.821
1812.15,-86.902
1812.83,-84.848
1813.50,-86.807
1814.17,-86.011
1814.85,-86.226
1815.52,-85.389
1816.19,-84.832
1816.86,-84.259
1817.54,-85.844
1818.21,-84.621
1818.88,-86.828
1819.56,-85.407
1820.23,-85.613
1820.90,-86.579
1821.57,-85.394
1822.25,-84.805
1822.92,-86.403
1823.59,-85.215
1824.27,-86.644
1824.94,-84.846
1825.61,-84.543
1826.28,-86.218
1826.96,-85.088
1827.63,-87.041
1828.30,-85.347
1828.98,-85.729
1829.65,-86.623
1830.32,-84.453
1831.00,-85.665
1831.67,-84.843
1832.34,-84.132
1833.01,-83.174
1833.69,-84.936
1834.36,-84.697
1835.03,-86.658
1835.71,-84.500
1836.38,-85.272
1837.05,-84.118
1837.72,-85.560
1838.40,-85.091
1839.07,-85.238
1839.74,-84.483
1840.42,-84.095
1841.09,-84.713
1841.76,-83.837
1842.43,-84.808
1843.11,-85.172
1843.78,-85.732
1844.45,-84.882
1845.13,-85.357
1845.80,-84.166
1846.47,-84.446
1847.15,-83.671
1847.82,-84.935
1848.49,-85.461
1849.16,-86.257
1849.84,-85.486
1850.51,-85.646
1851.18,-84.998
1851.86,-84.961
1852.53,-84.621
1853.20,-85.050
1853.87,-85.725
1854.55,-85.325
1855.22,-84.561
1855.89,-85.009
1856.57,-86.128
1857.24,-84.074
1857.91,-84.750
1858.58,-83.837
1859.26,-87.043
1859.93,-84.978
1860.60,-85.107
1861.28,-85.389
1861.95,-85.734
1862.62,-83.227
1863.29,-85.852
1863.97,-83.906
1864.64,-85.855
1865.31,-84.769
1865.99,-85.912
1866.66,-85.935
1867.33,-84.466
1868.01,-84.962
1868.68,-84.559
1869.35,-84.090
1870.02,-85.143
1870.70,-84.573
1871.37,-83.420
1872.04,-84.202
1872.72,-85.427
1873.39,-85.412
1874.06,-83.693
1874.73,-84.864
1875.41,-85.147
1876.08,-83.266
1876.75,-86.455
1877.43,-85.210
1878.10,-84.974
1878.77,-84.773
1879.44,-83.097
1880.12,-84.926
1880.79,-83.393
1881.46,-85.175
1882.14,-85.361
1882.81,-84.356
1883.48,-83.300
1884.16,-83.119
1884.83,-83.610
1885.50,-84.880
1886.17,-85.136
1886.85,-84.543
1887.52,-84.980
1888.19,-84.679
1888.87,-84.179
1889.54,-84.990
1890.21,-83.892
1890.88,-84.344
1891.56,-84.306
1892.23,-85.188
1892.90,-83.859
1893.58,-82.318
1894.25,-83.524
1894.92,-83.378
1895.59,-83.665
1896.27,-83.196
1896.94,-83.916
1897.61,-83.299
1898.29,-84.607
1898.96,-83.629
1899.63,-82.761
1900.31,-83.034
1900.98,-83.624
1901.65,-83.795
1902.32,-84.074
1903.00,-83.869
1903.67,-84.059
1904.34,-85.017
1905.02,-83.039
1905.69,-84.111
1906.36,-85.214
1907.03,-83.985
1907.71,-85.674
1908.38,-83.978
1909.05,-82.262
1909.73,-82.091
1910.40,-82.070
1911.07,-82.215
1911.74,-83.688
1912.42,-84.490
1913.09,-84.488
1913.76,-84.748
1914.44,-85.154
1915.11,-83.747
1915.78,-84.419
1916.46,-83.216
1917.13,-85.636
1917.80,-84.811
1918.47,-84.942
1919.15,-84.066
1919.82,-83.966
1920.49,-82.965
1921.17,-82.105
1921.84,-83.265
1922.51,-83.834
1923.18,-83.063
1923.86,-83.008
1924.53,-83.158
1925.20,-83.608
1925.88,-83.245
1926.55,-83.485
1927.22,-84.006
1927.89,-83.502
1928.57,-84.568
1929.24,-83.619
1929.91,-83.580
1930.59,-84.003
1931.26,-85.055
1931.93,-81.980
1932.60,-82.081
1933.28,-84.565
1933.95,-85.066
1934.62,-83.040
1935.30,-83.837
1935.97,-83.430
1936.64,-82.459
1937.32,-84.313
1937.99,-83.284
1938.66,-83.808
1939.33,-82.677
1940.01,-82.858
1940.68,-83.232
1941.35,-83.027
1942.03,-82.205
1942.70,-82.427
1943.37,-82.097
1944.04,-82.797
1944.72,-83.663
1945.39,-82.938
1946.06,-83.211
1946.74,-81.468
1947.41,-82.671
1948.08,-82.714
1948.75,-82.151
1949.43,-82.832
1950.10,-82.754
1950.77,-81.838
1951.45,-81.850
1952.12,-83.510
1952.79,-82.453
1953.47,-82.461
1954.14,-82.671
1954.81,-81.600
1955.48,-81.895
1956.16,-81.846
1956.83,-82.770
1957.50,-82.008
1958.18,-82.646
1958.85,-81.390
1959.52,-82.010
1960.19,-82.156
1960.87,-83.299
1961.54,-82.253
1962.21,-82.026
1962.89,-82.297
1963.56,-83.228
1964.23,-82.658
1964.90,-80.641
1965.58,-81.687
1966.25,-82.011
1966.92,-81.392
1967.60,-82.300
1968.27,-82.926
1968.94,-80.991
1969.62,-81.724
1970.29,-82.091
1970.96,-81.353
1971.63,-81.876
1972.31,-81.992
1972.98,-81.844
1973.65,-80.914
1974.33,-82.335
1975.00,-82.028
1975.67,-81.437
1976.34,-81.824
1977.02,-81.628
1977.69,-82.053
1978.36,-82.454
1979.04,-80.646
1979.71,-82.736
1980.38,-81.096
1981.05,-80.718
1981.73,-82.613
1982.40,-81.599
1983.07,-81.471
1983.75,-80.996
1984.42,-82.958
1985.09,-81.133
1985.77,-80.450
1986.44,-81.603
1987.11,-81.586
1987.78,-80.605
1988.46,-81.547
1989.13,-80.036
1989.80,-81.433
1990.48,-80.458
1991.15,-81.482
1991.82,-81.573
1992.49,-80.712
1993.17,-81.514
1993.84,-82.312
1994.51,-81.421
1995.19,-81.031
1995.86,-82.785
1996.53,-81.905
1997.20,-80.232
1997.88,-79.988
1998.55,-79.837
1999.22,-80.700
1999.90,-81.700
2000.57,-80.520
2001.24,-80.327
2001.91,-81.601
2002.59,-81.407
2003.26,-80.627
2003.93,-80.298
2004.61,-80.514
2005.28,-80.814
2005.95,-82.611
2006.63,-80.575
2007.30,-81.633
2007.97,-80.751
2008.64,-80.078
2009.32,-79.530
2009.99,-78.704
2010.66,-80.050
2011.34,-80.223
2012.01,-81.373
2012.68,-80.051
2013.35,-79.043
2014.03,-79.922
2014.70,-80.624
2015.37,-79.679
2016.05,-79.706
2016.72,-79.564
2017.39,-79.516
2018.06,-81.093
2018.74,-79.157
2019.41,-79.756
2020.08,-79.104
2020.76,-77.872
2021.43,-79.872
2022.10,-79.664
2022.78,-79.489
2023.45,-79.899
2024.12,-80.563
2024.79,-79.722
2025.47,-79.924
2026.14,-79.795
2026.81,-79.821
2027.49,-79.748
2028.16,-78.319
2028.83,-79.653
2029.50,-79.114
2030.18,-79.622
2030.85,-77.726
2031.52,-78.688
2032.20,-79.426
2032.87,-79.058
2033.54,-77.908
2034.21,-79.507
2034.89,-79.046
2035.56,-78.836
2036.23,-79.315
2036.91,-78.848
2037.58,-78.244
2038.25,-77.469
2038.93,-77.900
2039.60,-78.661
2040.27,-79.442
2040.94,-79.180
2041.62,-78.621
2042.29,-78.437
2042.96,-78.212
2043.64,-77.966
2044.31,-79.076
2044.98,-76.477
2045.65,-78.083
2046.33,-78.418
2047.00,-77.740
2047.67,-79.395
2048.35,-77.300
2049.02,-77.084
2049.69,-76.814
2050.36,-76.993
2051.04,-76.484
2051.71,-77.195
2052.38,-76.327
2053.06,-76.548
2053.73,-78.799
2054.40,-76.673
2055.08,-78.267
2055.75,-77.495
2056.42,-76.469
2057.09,-76.613
2057.77,-77.075
2058.44,-77.504
2059.11,-76.422
2059.79,-75.472
2060.46,-76.026
2061.13,-78.270
2061.80,-76.977
2062.48,-77.574
2063.15,-78.248
2063.82,-76.339
2064.50,-77.266
2065.17,-77.169
2065.84,-77.163
2066.51,-76.674
2067.19,-76.288
2067.86,-76.901
2068.53,-77.415
2069.21,-76.736
2069.88,-76.136
2070.55,-78.009
2071.22,-76.226
2071.90,-75.847
2072.57,-75.537
2073.24,-73.804
2073.92,-76.156
2074.59,-77.846
2075.26,-76.756
2075.94,-75.621
2076.61,-75.683
2077.28,-74.118
2077.95,-75.115
2078.63,-74.684
2079.30,-75.405
2079.97,-74.321
2080.65,-74.957
2081.32,-74.540
2081.99,-75.231
2082.66,-75.971
2083.34,-75.500
2084.01,-75.431
2084.68,-76.130
2085.36,-75.215
2086.03,-74.612
2086.70,-73.678
2087.37,-74.470
2088.05,-75.758
2088.72,-73.614
2089.39,-74.788
2090.07,-74.823
2090.74,-75.664
2091.41,-73.591
2092.09,-73.378
2092.76,-73.450
2093.43,-74.176
2094.10,-75.031
2094.78,-74.546
2095.45,-73.659
2096.12,-72.319
2096.80,-74.220
2097.47,-73.872
2098.14,-72.704
2098.81,-74.548
2099.49,-73.509
2100.16,-74.013
2100.83,-73.806
2101.51,-74.153
2102.18,-73.300
2102.85,-73.961
2103.52,-73.607
2104.20,-72.563
2104.87,-72.205
2105.54,-73.197
2106.22,-72.697
2106.89,-72.895
2107.56,-72.278
2108.24,-71.499
2108.91,-72.147
2109.58,-74.075
2110.25,-72.215
2110.93,-71.426
2111.60,-72.092
2112.27,-71.947
2112.95,-71.432
2113.62,-71.751
2114.29,-71.624
2114.96,-71.910
2115.64,-72.091
2116.31,-71.635
2116.98,-72.434
2117.66,-72.372
2118.33,-71.903
2119.00,-72.403
2119.67,-72.627
2120.35,-70.919
2121.02,-72.079
2121.69,-72.590
2122.37,-70.510
2123.04,-72.213
2123.71,-70.703
2124.39,-71.527
2125.06,-71.962
2125.73,-69.190
2126.40,-70.802
2127.08,-70.672
2127.75,-69.988
2128.42,-70.692
2129.10,-70.979
2129.77,-70.463
2130.44,-71.439
2131.11,-71.825
2131.79,-71.779
2132.46,-70.938
2133.13,-68.410
2133.81,-70.320
2134.48,-71.822
2135.15,-70.293
2135.82,-69.973
2136.50,-68.405
2137.17,-69.479
2137.84,-69.881
2138.52,-68.709
2139.19,-67.233
2139.86,-67.113
2140.53,-67.982
2141.21,-70.102
2141.88,-68.987
2142.55,-68.352
2143.23,-67.840
2143.90,-66.279
2144.57,-69.002
2145.25,-68.751
2145.92,-66.701
2146.59,-66.219
2147.26,-66.073
2147.94,-65.956
2148.61,-67.642
2149.28,-66.314
2149.96,-67.723
2150.63,-67.309
2151.30,-66.556
2151.97,-66.932
2152.65,-66.979
2153.32,-65.856
2153.99,-66.494
2154.67,-66.385
2155.34,-66.737
2156.01,-68.437
2156.68,-67.008
2157.36,-66.796
2158.03,-64.899
2158.70,-65.618
2159.38,-65.097
2160.05,-65.930
2160.72,-66.802
2161.40,-64.422
2162.07,-64.933
2162.74,-65.898
2163.41,-64.958
2164.09,-63.922
2164.76,-64.771
2165.43,-64.080
2166.11,-63.659
2166.78,-66.106
2167.45,-64.932
2168.12,-63.803
2168.80,-64.211
2169.47,-63.525
2170.14,-64.933
2170.82,-65.685
2171.49,-65.103
2172.16,-63.581
2172.83,-63.355
2173.51,-64.546
2174.18,-62.554
2174.85,-64.589
2175.53,-63.441
2176.20,-63.793
2176.87,-63.804
2177.55,-62.686
2178.22,-63.625
2178.89,-63.694
2179.56,-64.992
2180.24,-62.610
2180.91,-65.669
2181.58,-64.264
2182.26,-63.963
2182.93,-63.778
2183.60,-63.804
2184.27,-64.736
2184.95,-64.397
2185.62,-64.455
2186.29,-64.689
2186.97,-64.251
2187.64,-64.881
2188.31,-65.601
2188.98,-64.046
2189.66,-64.513
2190.33,-64.806
2191.00,-65.693
2191.68,-64.808
2192.35,-65.811
2193.02,-64.963
2193.70,-65.283
2194.37,-65.356
2195.04,-64.583
2195.71,-66.758
2196.39,-67.834
2197.06,-67.385
2197.73,-66.593
2198.41,-66.853
2199.08,-66.763
2199.75,-67.621
2200.42,-65.596
2201.10,-65.612
2201.77,-67.166
2202.44,-66.910
2203.12,-65.902
2203.79,-65.539
2204.46,-67.468
2205.13,-66.471
2205.81,-67.623
2206.48,-66.352
2207.15,-66.951
2207.83,-66.255
2208.50,-67.770
2209.17,-67.386
2209.84,-67.090
2210.52,-67.694
2211.19,-68.142
2211.86,-67.929
2212.54,-67.238
2213.21,-67.453
2213.88,-69.193
2214.56,-69.313
2215.23,-68.572
2215.90,-69.469
2216.57,-68.644
2217.25,-67.666
2217.92,-68.767
2218.59,-69.569
2219.27,-68.232
2219.94,-69.732
2220.61,-69.900
2221.28,-68.381
2221.96,-67.989
2222.63,-70.208
2223.30,-69.331
2223.98,-69.644
2224.65,-70.645
2225.32,-69.441
2225.99,-69.080
2226.67,-70.243
2227.34,-68.787
2228.01,-69.777
2228.69,-70.344
2229.36,-69.960
2230.03,-71.740
2230.71,-71.084
2231.38,-70.432
2232.05,-70.869
2232.72,-69.878
2233.40,-70.127
2234.07,-69.863
2234.74,-69.782
2235.42,-71.891
2236.09,-71.315
2236.76,-69.000
2237.43,-70.255
2238.11,-69.512
2238.78,-70.437
2239.45,-71.722
2240.13,-70.261
2240.80,-72.090
2241.47,-70.072
2242.14,-72.991
2242.82,-72.041
2243.49,-73.601
2244.16,-72.109
2244.84,-72.290
2245.51,-73.412
2246.18,-73.374
2246.86,-73.964
2247.53,-72.572
2248.20,-71.600
2248.87,-70.721
2249.55,-71.858
2250.22,-72.276
2250.89,-72.376
2251.57,-72.900
2252.24,-74.362
2252.91,-74.542
2253.58,-73.047
2254.26,-73.007
2254.93,-73.658
2255.60,-74.178
2256.28,-72.929
2256.95,-72.815
2257.62,-73.327
2258.29,-73.595
2258.97,-73.907
2259.64,-73.830
2260.31,-73.993
2260.99,-74.300
2261.66,-73.708
2262.33,-73.995
2263.01,-72.854
2263.68,-75.782
2264.35,-75.343
2265.02,-74.514
2265.70,-74.390
2266.37,-74.414
2267.04,-74.725
2267.72,-76.695
2268.39,-75.987
2269.06,-73.451
2269.73,-75.005
2270.41,-74.074
2271.08,-74.342
2271.75,-74.341
2272.43,-75.004
2273.10,-75.589
2273.77,-74.583
2274.44,-73.577
2275.12,-74.490
2275.79,-74.151
2276.46,-74.591
2277.14,-75.689
2277.81,-74.079
2278.48,-74.265
2279.15,-74.801
2279.83,-74.978
2280.50,-74.607
2281.17,-73.436
2281.85,-74.708
2282.52,-75.108
2283.19,-76.070
2283.87,-74.535
2284.54,-76.748
2285.21,-77.070
2285.88,-76.153
2286.56,-76.537
2287.23,-74.817
2287.90,-75.640
2288.58,-75.126
2289.25,-74.779
2289.92,-75.204
2290.59,-74.715
2291.27,-74.231
2291.94,-75.867
2292.61,-76.059
2293.29,-76.633
2293.96,-76.217
2294.63,-76.952
2295.30,-75.986
2295.98,-75.278
2296.65,-75.351
2297.32,-75.688
2298.00,-76.294
2298.67,-75.427
2299.34,-75.882
2300.02,-75.654
2300.69,-75.373
2301.36,-77.733
2302.03,-75.616
2302.71,-75.983
2303.38,-77.017
2304.05,-76.301
2304.73,-75.258
2305.40,-76.400
2306.07,-76.574
2306.74,-76.911
2307.42,-77.405
2308.09,-76.599
2308.76,-76.991
2309.44,-75.725
2310.11,-75.616
2310.78,-76.157
2311.45,-76.158
2312.13,-77.535
2312.80,-78.079
2313.47,-76.003
2314.15,-76.847
2314.82,-75.227
2315.49,-75.634
2316.17,-76.716
2316.84,-76.366
2317.51,-79.369
2318.18,-78.955
2318.86,-75.813
2319.53,-76.807
2320.20,-76.827
2320.88,-76.566
2321.55,-75.603
2322.22,-78.917
2322.89,-77.351
2323.57,-77.832
2324.24,-76.578
2324.91,-77.422
2325.59,-76.651
2326.26,-77.306
2326.93,-76.258
2327.60,-75.804
2328.28,-77.933
2328.95,-76.035
2329.62,-77.087
2330.30,-76.665
2330.97,-77.700
2331.64,-76.757
2332.32,-76.159
2332.99,-77.345
2333.66,-76.658
2334.33,-77.483
2335.01,-76.742
2335.68,-76.993
2336.35,-77.844
2337.03,-76.619
2337.70,-77.396
2338.37,-76.501
2339.04,-76.669
2339.72,-76.771
2340.39,-77.736
2341.06,-77.642
2341.74,-77.301
2342.41,-78.480
2343.08,-78.122
2343.75,-78.240
2344.43,-78.881
2345.10,-77.535
2345.77,-79.143
2346.45,-78.353
2347.12,-76.468
2347.79,-77.585
2348.46,-77.113
2349.14,-78.151
2349.81,-79.182
2350.48,-78.288
2351.16,-77.875
2351.83,-77.636
2352.50,-76.303
2353.18,-77.020
2353.85,-78.168
2354.52,-77.230
2355.19,-78.624
2355.87,-77.181
2356.54,-78.602
2357.21,-77.905
2357.89,-77.269
2358.56,-77.047
2359.23,-78.549
2359.90,-79.495
2360.58,-76.172
2361.25,-78.559
2361.92,-78.511
2362.60,-78.260
2363.27,-77.447
2363.94,-78.123
2364.61,-76.699
2365.29,-78.167
2365.96,-78.521
2366.63,-77.626
2367.31,-78.067
2367.98,-79.210
2368.65,-78.015
2369.33,-77.992
2370.00,-78.552
2370.67,-77.709
2371.34,-78.561
2372.02,-77.776
2372.69,-78.339
2373.36,-76.991
2374.04,-78.144
2374.71,-78.964
2375.38,-80.224
2376.05,-77.357
2376.73,-78.396
2377.40,-77.694
2378.07,-79.902
2378.75,-79.414
2379.42,-77.940
2380.09,-76.970
2380.76,-78.783
2381.44,-76.809
2382.11,-77.403
2382.78,-76.367
2383.46,-78.806
2384.13,-78.222
2384.80,-77.611
2385.48,-78.216
2386.15,-77.144
2386.82,-78.470
2387.49,-78.944
2388.17,-79.090
2388.84,-78.771
2389.51,-77.289
2390.19,-78.454
2390.86,-78.111
2391.53,-78.186
2392.20,-78.255
2392.88,-77.760
2393.55,-79.491
2394.22,-78.692
2394.90,-79.612
2395.57,-78.518
2396.24,-79.002
2396.91,-77.381
2397.59,-78.083
2398.26,-78.188
2398.93,-77.418
2399.61,-77.226
2400.28,-78.110
2400.95,-77.906
2401.63,-78.558
2402.30,-77.988
2402.97,-79.890
2403.64,-79.341
2404.32,-78.487
2404.99,-78.732
2405.66,-79.002
2406.34,-79.610
2407.01,-78.861
2407.68,-80.139
2408.35,-80.337
2409.03,-79.910
2409.70,-78.280
2410.37,-78.045
2411.05,-78.938
2411.72,-78.108
2412.39,-78.391
2413.06,-78.903
2413.74,-77.339
2414.41,-78.396
2415.08,-78.868
2415.76,-79.046
2416.43,-78.749
2417.10,-79.232
2417.77,-78.780
2418.45,-79.036
2419.12,-78.276
2419.79,-78.765
2420.47,-79.596
2421.14,-77.758
2421.81,-78.357
2422.49,-80.145
2423.16,-78.814
2423.83,-77.400
2424.50,-78.043
2425.18,-78.746
2425.85,-78.664
2426.52,-79.218
2427.20,-78.713
2427.87,-77.912
2428.54,-78.951
2429.21,-77.475
2429.89,-79.198
2430.56,-79.117
2431.23,-78.047
2431.91,-78.257
2432.58,-77.097
2433.25,-78.349
2433.92,-78.102
2434.60,-78.937
2435.27,-79.072
2435.94,-78.972
2436.62,-77.233
2437.29,-79.490
2437.96,-78.907
2438.64,-78.717
2439.31,-78.822
2439.98,-77.063
2440.65,-78.347
2441.33,-79.216
2442.00,-78.713
2442.67,-78.717
2443.35,-78.166
2444.02,-79.592
2444.69,-77.924
2445.36,-79.186
2446.04,-79.205
2446.71,-78.642
2447.38,-79.631
2448.06,-77.941
2448.73,-79.826
2449.40,-78.956
2450.07,-77.424
2450.75,-77.850
2451.42,-77.183
2452.09,-78.241
2452.77,-78.274
2453.44,-79.155
2454.11,-79.837
2454.79,-79.434
2455.46,-78.301
2456.13,-80.022
2456.80,-77.926
2457.48,-79.975
2458.15,-78.638
2458.82,-78.458
2459.50,-78.353
2460.17,-80.892
2460.84,-79.313
2461.51,-78.294
2462.19,-77.789
2462.86,-78.844
2463.53,-78.662
2464.21,-79.179
2464.88,-78.434
2465.55,-78.141
2466.22,-78.785
2466.90,-80.299
2467.57,-78.584
2468.24,-77.569
2468.92,-79.371
2469.59,-79.012
2470.26,-79.683
2470.94,-78.454
2471.61,-77.848
2472.28,-79.456
2472.95,-79.022
2473.63,-79.377
2474.30,-79.710
2474.97,-78.741
2475.65,-79.650
2476.32,-78.839
2476.99,-78.402
2477.66,-78.575
2478.34,-79.195
2479.01,-78.790
2479.68,-78.415
2480.36,-78.447
2481.03,-78.753
2481.70,-80.726
2482.37,-79.621
2483.05,-79.178
2483.72,-77.856
2484.39,-79.233
2485.07,-79.151
2485.74,-77.960
2486.41,-78.673
2487.08,-77.615
2487.76,-78.585
2488.43,-77.848
2489.10,-78.568
2489.78,-80.388
2490.45,-78.283
2491.12,-79.094
2491.80,-79.012
2492.47,-78.237
2493.14,-77.366
2493.81,-77.923
2494.49,-78.232
2495.16,-78.257
2495.83,-78.818
2496.51,-79.361
2497.18,-80.199
2497.85,-79.177
2498.52,-78.421
2499.20,-79.683
2499.87,-80.668
2500.54,-78.374
2501.22,-79.439
2501.89,-78.366
2502.56,-77.556
2503.23,-78.918
2503.91,-79.026
2504.58,-79.026
2505.25,-80.266
2505.93,-79.808
2506.60,-78.687
2507.27,-79.828
2507.95,-78.979
2508.62,-79.647
2509.29,-78.786
2509.96,-78.789
2510.64,-78.269
2511.31,-78.347
2511.98,-77.712
2512.66,-78.328
2513.33,-79.936
2514.00,-78.704
2514.67,-78.605
2515.35,-79.229
2516.02,-78.643
2516.69,-78.159
2517.37,-79.494
2518.04,-79.357
2518.71,-78.250
2519.38,-79.754
2520.06,-78.614
2520.73,-78.693
2521.40,-78.462
2522.08,-79.316
2522.75,-79.198
2523.42,-79.528
2524.10,-78.474
2524.77,-78.327
2525.44,-78.949
2526.11,-79.151
2526.79,-78.131
2527.46,-77.582
2528.13,-77.974
2528.81,-78.746
2529.48,-78.184
2530.15,-77.862
2530.82,-79.688
2531.50,-79.244
2532.17,-78.883
2532.84,-78.331
2533.52,-78.674
2534.19,-77.907
2534.86,-78.796
2535.53,-77.289
2536.21,-77.718
2536.88,-77.988
2537.55,-78.745
2538.23,-79.614
2538.90,-79.805
2539.57,-77.630
2540.25,-76.613
2540.92,-78.455
2541.59,-77.292
2542.26,-78.296
2542.94,-78.533
2543.61,-78.384
2544.28,-78.010
2544.96,-77.864
2545.63,-77.856
2546.30,-78.137
2546.97,-77.836
2547.65,-77.633
2548.32,-78.332
2548.99,-78.808
2549.67,-77.741
2550.34,-78.133
2551.01,-77.719
2551.68,-78.426
2552.36,-78.300
2553.03,-76.860
2553.70,-77.940
2554.38,-77.630
2555.05,-78.091
2555.72,-78.029
2556.39,-78.297
2557.07,-77.707
2557.74,-77.951
2558.41,-79.337
2559.09,-78.590
2559.76,-78.297
2560.43,-77.085
2561.11,-77.774
2561.78,-78.437
2562.45,-78.185
2563.12,-78.247
2563.80,-79.809
2564.47,-78.377
2565.14,-78.487
2565.82,-79.101
2566.49,-77.341
2567.16,-77.807
2567.83,-77.599
2568.51,-76.401
2569.18,-77.514
2569.85,-77.229
2570.53,-78.404
2571.20,-78.539
2571.87,-77.573
2572.54,-76.827
2573.22,-76.768
2573.89,-78.047
2574.56,-78.369
2575.24,-77.168
2575.91,-77.172
2576.58,-78.463
2577.26,-75.946
2577.93,-77.001
2578.60,-77.040
2579.27,-76.926
2579.95,-77.746
2580.62,-75.787
2581.29,-76.915
2581.97,-77.812
2582.64,-77.493
2583.31,-78.630
2583.98,-77.300
2584.66,-77.800
2585.33,-77.151
2586.00,-76.490
2586.68,-76.296
2587.35,-76.961
2588.02,-75.757
2588.69,-77.465
2589.37,-76.950
2590.04,-79.011
2590.71,-78.311
2591.39,-77.557
2592.06,-78.483
2592.73,-77.363
2593.41,-77.111
2594.08,-76.722
2594.75,-77.007
2595.42,-75.716
2596.10,-77.843
2596.77,-76.780
2597.44,-76.471
2598.12,-76.376
2598.79,-77.832
2599.46,-78.181
2600.13,-76.448
2600.81,-77.747
2601.48,-77.300
2602.15,-77.612
2602.83,-76.637
2603.50,-76.962
2604.17,-75.368
2604.84,-76.186
2605.52,-77.711
2606.19,-75.981
2606.86,-76.562
2607.54,-76.571
2608.21,-76.590
2608.88,-76.277
2609.56,-76.724
2610.23,-77.298
2610.90,-76.570
2611.57,-76.587
2612.25,-77.144
2612.92,-75.360
2613.59,-77.298
2614.27,-77.450
2614.94,-77.138
2615.61,-76.442
2616.28,-76.938
2616.96,-77.153
2617.63,-75.943
2618.30,-76.123
2618.98,-76.991
2619.65,-76.647
2620.32,-76.582
2620.99,-75.945
2621.67,-76.879
2622.34,-75.954
2623.01,-77.254
2623.69,-76.169
2624.36,-75.923
2625.03,-77.446
2625.70,-77.934
2626.38,-76.577
2627.05,-75.661
2627.72,-77.439
2628.40,-75.120
2629.07,-75.272
2629.74,-77.861
2630.42,-75.925
2631.09,-75.062
2631.76,-76.638
2632.43,-76.469
2633.11,-76.036
2633.78,-74.918
2634.45,-76.476
2635.13,-76.717
2635.80,-76.648
2636.47,-76.012
2637.14,-75.810
2637.82,-76.263
2638.49,-77.065
2639.16,-76.411
2639.84,-76.054
2640.51,-76.710
2641.18,-76.288
2641.85,-74.544
2642.53,-76.608
2643.20,-76.935
2643.87,-76.149
2644.55,-75.470
2645.22,-75.641
2645.89,-75.734
2646.57,-75.897
2647.24,-75.208
2647.91,-75.440
2648.58,-74.662
2649.26,-74.597
2649.93,-75.648
2650.60,-76.175
2651.28,-73.574
2651.95,-74.836
2652.62,-75.736
2653.29,-75.864
2653.97,-75.631
2654.64,-75.927
2655.31,-75.064
2655.99,-74.934
2656.66,-75.240
2657.33,-76.123
2658.00,-74.995
2658.68,-74.527
2659.35,-74.639
2660.02,-74.889
2660.70,-74.482
2661.37,-75.496
2662.04,-75.671
2662.72,-73.860
2663.39,-74.789
2664.06,-73.681
2664.73,-74.911
2665.41,-74.788
2666.08,-75.279
2666.75,-73.854
2667.43,-73.719
2668.10,-74.457
2668.77,-74.178
2669.44,-75.370
2670.12,-75.177
2670.79,-73.833
2671.46,-73.965
2672.14,-73.818
2672.81,-73.924
2673.48,-74.162
2674.15,-74.855
2674.83,-73.612
2675.50,-73.047
2676.17,-73.398
2676.85,-73.562
2677.52,-74.175
2678.19,-75.575
2678.87,-75.948
2679.54,-75.421
2680.21,-75.275
2680.88,-74.182
2681.56,-74.075
2682.23,-74.084
2682.90,-74.224
2683.58,-73.647
2684.25,-74.260
2684.92,-74.639
2685.59,-74.849
2686.27,-74.258
2686.94,-73.823
2687.61,-75.165
2688.29,-74.465
2688.96,-74.776
2689.63,-73.347
2690.30,-73.457
2690.98,-73.959
2691.65,-72.751
2692.32,-75.195
2693.00,-75.186
2693.67,-72.447
2694.34,-73.426
2695.01,-74.053
2695.69,-74.105
2696.36,-73.393
2697.03,-72.635
2697.71,-75.501
2698.38,-73.500
2699.05,-72.318
2699.73,-73.438
2700.40,-71.947
2701.07,-73.912
2701.74,-74.299
2702.42,-73.638
2703.09,-72.422
2703.76,-73.377
2704.44,-73.780
2705.11,-73.433
2705.78,-73.817
2706.45,-73.373
2707.13,-72.449
2707.80,-71.201
2708.47,-73.378
2709.15,-72.111
2709.82,-72.634
2710.49,-72.627
2711.16,-72.632
2711.84,-73.129
2712.51,-73.655
2713.18,-74.170
2713.86,-71.913
2714.53,-72.818
2715.20,-72.823
2715.88,-70.999
2716.55,-72.261
2717.22,-72.770
2717.89,-71.991
2718.57,-72.961
2719.24,-71.260
2719.91,-73.054
2720.59,-72.784
2721.26,-71.987
2721.93,-71.249
2722.60,-72.536
2723.28,-72.360
2723.95,-72.048
2724.62,-71.551
2725.30,-72.742
2725.97,-72.026
2726.64,-71.629
2727.31,-72.523
2727.99,-71.607
2728.66,-71.833
2729.33,-71.900
2730.01,-71.974
2730.68,-72.776
2731.35,-73.034
2732.03,-72.551
2732.70,-70.792
2733.37,-70.132
2734.04,-70.041
2734.72,-70.298
2735.39,-71.606
2736.06,-70.019
2736.74,-71.313
2737.41,-69.793
2738.08,-70.550
2738.75,-72.060
2739.43,-70.730
2740.10,-69.494
2740.77,-70.318
2741.45,-69.951
2742.12,-69.686
2742.79,-69.154
2743.46,-70.899
2744.14,-69.911
2744.81,-70.732
2745.48,-70.672
2746.16,-71.571
2746.83,-71.421
2747.50,-70.602
2748.18,-71.729
2748.85,-69.490
2749.52,-69.732
2750.19,-71.276
2750.87,-68.224
2751.54,-69.401
2752.21,-69.230
2752.89,-69.406
2753.56,-70.619
2754.23,-69.578
2754.90,-69.774
2755.58,-68.316
2756.25,-70.812
2756.92,-70.352
2757.60,-70.514
2758.27,-69.333
2758.94,-69.822
2759.61,-69.794
2760.29,-68.183
2760.96,-70.653
2761.63,-70.460
2762.31,-69.824
2762.98,-68.788
2763.65,-69.889
2764.32,-69.324
2765.00,-69.482
2765.67,-69.137
2766.34,-69.571
2767.02,-69.954
2767.69,-69.504
2768.36,-68.408
2769.04,-68.170
2769.71,-68.952
2770.38,-69.332
2771.05,-68.354
2771.73,-67.827
2772.40,-68.747
2773.07,-67.918
2773.75,-66.687
2774.42,-67.430
2775.09,-68.076
2775.76,-67.947
2776.44,-68.269
2777.11,-68.316
2777.78,-67.805
2778.46,-67.327
2779.13,-67.226
2779.80,-67.987
2780.47,-67.873
2781.15,-67.677
2781.82,-66.790
2782.49,-67.090
2783.17,-67.402
2783.84,-68.826
2784.51,-67.003
2785.19,-67.433
2785.86,-68.463
2786.53,-66.538
2787.20,-66.655
2787.88,-67.256
2788.55,-66.374
2789.22,-68.273
2789.90,-68.647
2790.57,-66.282
2791.24,-66.879
2791.91,-66.343
2792.59,-66.493
2793.26,-65.914
2793.93,-66.707
2794.61,-66.212
2795.28,-66.145
2795.95,-66.580
2796.62,-66.454
2797.30,-66.668
2797.97,-66.639
2798.64,-67.120
2799.32,-65.708
2799.99,-65.649
2800.66,-65.657
2801.34,-65.572
2802.01,-65.628
2802.68,-65.328
2803.35,-65.970
2804.03,-65.288
2804.70,-66.282
2805.37,-65.837
2806.05,-64.918
2806.72,-65.121
2807.39,-64.448
2808.06,-65.069
2808.74,-64.015
2809.41,-65.342
2810.08,-64.452
2810.76,-65.194
2811.43,-63.879
2812.10,-67.279
2812.77,-65.291
2813.45,-63.749
2814.12,-64.026
2814.79,-63.981
2815.47,-63.363
2816.14,-62.786
2816.81,-64.569
2817.49,-64.295
2818.16,-63.624
2818.83,-65.111
2819.50,-64.991
2820.18,-63.143
2820.85,-63.375
2821.52,-62.838
2822.20,-62.420
2822.87,-63.527
2823.54,-62.964
2824.21,-63.320
2824.89,-62.818
2825.56,-63.075
2826.23,-61.950
2826.91,-63.902
2827.58,-62.931
2828.25,-61.844
2828.92,-62.187
2829.60,-62.256
2830.27,-61.566
2830.94,-62.699
2831.62,-61.593
2832.29,-61.417
2832.96,-60.571
2833.63,-62.544
2834.31,-61.921
2834.98,-62.363
2835.65,-63.100
2836.33,-61.174
2837.00,-61.970
2837.67,-61.825
2838.35,-60.574
2839.02,-59.969
2839.69,-59.249
2840.36,-59.637
2841.04,-59.899
2841.71,-61.247
2842.38,-59.857
2843.06,-60.159
2843.73,-60.771
2844.40,-59.824
2845.07,-59.417
2845.75,-60.193
2846.42,-59.150
2847.09,-59.350
2847.77,-59.412
2848.44,-60.265
2849.11,-60.878
2849.78,-59.094
2850.46,-59.935
2851.13,-58.989
2851.80,-59.157
2852.48,-58.902
2853.15,-57.964
2853.82,-58.407
2854.50,-58.459
2855.17,-58.382
2855.84,-57.204
2856.51,-58.069
2857.19,-57.904
2857.86,-57.671
2858.53,-57.108
2859.21,-57.679
2859.88,-56.510
2860.55,-58.174
2861.22,-56.208
2861.90,-55.462
2862.57,-57.715
2863.24,-57.927
2863.92,-56.314
2864.59,-57.760
2865.26,-56.124
2865.93,-55.549
2866.61,-57.090
2867.28,-57.332
2867.95,-57.485
2868.63,-57.145
2869.30,-57.188
2869.97,-55.776
2870.65,-55.889
2871.32,-57.190
2871.99,-56.157
2872.66,-55.291
2873.34,-54.861
2874.01,-54.317
2874.68,-55.154
2875.36,-55.203
2876.03,-55.303
2876.70,-54.636
2877.37,-55.334
2878.05,-54.782
2878.72,-54.661
2879.39,-54.439
2880.07,-55.965
2880.74,-55.560
2881.41,-55.483
2882.08,-55.097
2882.76,-54.626
2883.43,-55.623
2884.10,-55.776
2884.78,-55.723
2885.45,-55.052
2886.12,-54.397
2886.80,-54.890
2887.47,-54.741
2888.14,-54.232
2888.81,-54.020
2889.49,-54.609
2890.16,-55.368
2890.83,-54.983
2891.51,-53.746
2892.18,-54.490
2892.85,-53.983
2893.52,-55.005
2894.20,-56.246
2894.87,-55.648
2895.54,-54.893
2896.22,-55.742
2896.89,-55.195
2897.56,-54.987
2898.23,-56.298
2898.91,-55.547
2899.58,-55.454
2900.25,-54.907
2900.93,-56.745
2901.60,-54.570
2902.27,-56.291
2902.94,-54.186
2903.62,-55.196
2904.29,-54.657
2904.96,-56.428
2905.64,-54.855
2906.31,-55.851
2906.98,-55.601
2907.66,-55.369
2908.33,-56.821
2909.00,-54.469
2909.67,-55.466
2910.35,-57.782
2911.02,-56.959
2911.69,-57.997
2912.37,-56.941
2913.04,-59.158
2913.71,-56.000
2914.38,-57.114
2915.06,-56.637
2915.73,-56.906
2916.40,-57.423
2917.08,-58.440
2917.75,-56.964
2918.42,-57.713
2919.09,-57.998
2919.77,-56.700
2920.44,-57.117
2921.11,-58.637
2921.79,-58.536
2922.46,-58.831
2923.13,-59.272
2923.81,-59.212
2924.48,-58.918
2925.15,-57.044
2925.82,-59.387
2926.50,-58.546
2927.17,-58.394
2927.84,-59.034
2928.52,-59.046
2929.19,-59.756
2929.86,-58.561
2930.53,-59.681
2931.21,-59.526
2931.88,-59.372
2932.55,-58.927
2933.23,-59.370
2933.90,-59.292
2934.57,-58.346
2935.24,-59.841
2935.92,-59.063
2936.59,-60.422
2937.26,-58.918
2937.94,-59.320
2938.61,-60.852
2939.28,-61.649
2939.96,-61.424
2940.63,-60.695
2941.30,-60.481
2941.97,-60.246
2942.65,-60.272
2943.32,-60.824
2943.99,-61.957
2944.67,-60.417
2945.34,-61.101
2946.01,-60.074
2946.68,-59.249
2947.36,-59.626
2948.03,-61.500
2948.70,-61.641
2949.38,-59.981
2950.05,-61.208
2950.72,-59.480
2951.39,-60.783
2952.07,-61.583
2952.74,-61.205
2953.41,-61.268
2954.09,-60.539
2954.76,-62.666
2955.43,-61.645
2956.11,-61.817
2956.78,-62.571
2957.45,-60.986
2958.12,-62.317
2958.80,-61.891
2959.47,-62.510
2960.14,-61.807
2960.82,-61.852
2961.49,-61.657
2962.16,-63.495
2962.83,-63.346
2963.51,-63.542
2964.18,-62.951
2964.85,-62.295
2965.53,-62.277
2966.20,-63.503
2966.87,-62.461
2967.54,-61.403
2968.22,-62.558
2968.89,-62.838
2969.56,-61.552
2970.24,-62.874
2970.91,-63.496
2971.58,-63.542
2972.25,-63.332
2972.93,-61.942
2973.60,-63.100
2974.27,-62.947
2974.95,-63.647
2975.62,-62.683
2976.29,-63.911
2976.97,-62.618
2977.64,-64.417
2978.31,-64.173
2978.98,-62.122
2979.66,-63.337
2980.33,-64.641
2981.00,-63.735
2981.68,-62.659
2982.35,-62.146
2983.02,-62.657
2983.69,-63.159
2984.37,-65.357
2985.04,-64.318
2985.71,-63.264
2986.39,-64.165
2987.06,-63.965
2987.73,-64.381
2988.40,-62.755
2989.08,-62.821
2989.75,-64.004
2990.42,-63.564
2991.10,-63.004
2991.77,-64.162
2992.44,-64.559
2993.12,-62.941
2993.79,-64.177
2994.46,-64.431
2995.13,-62.784
2995.81,-64.086
2996.48,-64.526
2997.15,-64.734
2997.83,-64.783
2998.50,-64.006
2999.17,-64.187
2999.84,-63.574
3000.52,-64.174
3001.19,-65.433
3001.86,-64.470
3002.54,-62.877
3003.21,-62.606
3003.88,-62.533
3004.55,-64.776
3005.23,-65.809
3005.90,-64.629
3006.57,-65.613
3007.25,-64.895
3007.92,-64.735
3008.59,-65.114
3009.27,-65.361
3009.94,-65.794
3010.61,-66.184
3011.28,-64.404
3011.96,-66.064
3012.63,-64.967
3013.30,-65.879
3013.98,-65.088
3014.65,-66.041
3015.32,-65.471
3015.99,-65.710
3016.67,-65.309
3017.34,-66.161
3018.01,-66.515
3018.69,-64.914
3019.36,-65.412
3020.03,-65.921
3020.70,-65.851
3021.38,-65.742
3022.05,-65.763
3022.72,-65.446
3023.40,-66.052
3024.07,-65.410
3024.74,-66.687
3025.42,-66.639
3026.09,-65.743
3026.76,-64.864
3027.43,-66.483
3028.11,-66.192
3028.78,-65.884
3029.45,-64.825
3030.13,-65.693
3030.80,-65.932
3031.47,-65.380
3032.14,-66.245
3032.82,-65.363
3033.49,-66.845
3034.16,-66.689
3034.84,-66.240
3035.51,-64.800
3036.18,-66.841
3036.85,-65.162
3037.53,-66.141
3038.20,-65.300
3038.87,-65.683
3039.55,-66.307
3040.22,-66.483
3040.89,-66.629
3041.56,-67.058
3042.24,-66.432
3042.91,-66.726
3043.58,-67.955
3044.26,-66.136
3044.93,-68.461
3045.60,-67.653
3046.28,-68.069
3046.95,-66.606
3047.62,-66.586
3048.29,-66.352
3048.97,-66.866
3049.64,-64.665
3050.31,-65.166
3050.99,-66.808
3051.66,-66.704
3052.33,-66.806
3053.00,-66.073
3053.68,-66.510
3054.35,-67.467
3055.02,-65.734
3055.70,-67.376
3056.37,-66.233
3057.04,-66.746
3057.71,-67.290
3058.39,-67.704
3059.06,-66.821
3059.73,-67.690
3060.41,-66.754
3061.08,-66.532
3061.75,-68.384
3062.43,-66.957
3063.10,-67.947
3063.77,-67.489
3064.44,-66.960
3065.12,-67.672
3065.79,-66.615
3066.46,-68.817
3067.14,-67.303
3067.81,-69.372
3068.48,-68.896
3069.15,-67.479
3069.83,-67.335
3070.50,-67.349
3071.17,-66.829
3071.85,-66.241
3072.52,-66.779
3073.19,-67.452
3073.86,-67.528
3074.54,-66.727
3075.21,-67.818
3075.88,-67.012
3076.56,-68.604
3077.23,-67.009
3077.90,-68.693
3078.58,-68.854
3079.25,-67.323
3079.92,-66.037
3080.59,-65.759
3081.27,-67.764
3081.94,-66.768
3082.61,-66.838
3083.29,-67.231
3083.96,-67.059
3084.63,-67.721
3085.30,-68.262
3085.98,-66.760
3086.65,-67.701
3087.32,-69.305
3088.00,-67.972
3088.67,-67.820
3089.34,-67.069
3090.01,-67.149
3090.69,-68.028
3091.36,-68.633
3092.03,-68.451
3092.71,-68.600
3093.38,-67.728
3094.05,-67.517
3094.73,-68.647
3095.40,-68.044
3096.07,-67.644
3096.74,-68.794
3097.42,-67.602
3098.09,-67.408
3098.76,-67.203
3099.44,-67.171
3100.11,-68.039
3100.78,-68.385
3101.45,-67.425
3102.13,-68.105
3102.80,-68.191
3103.47,-67.350
3104.15,-67.443
3104.82,-67.552
3105.49,-67.578
3106.16,-67.788
3106.84,-67.333
3107.51,-67.991
3108.18,-67.578
3108.86,-68.251
3109.53,-68.209
3110.20,-66.804
3110.87,-67.260
3111.55,-68.864
3112.22,-66.942
3112.89,-68.198
3113.57,-67.640
3114.24,-66.691
3114.91,-67.221
3115.59,-70.071
3116.26,-67.542
3116.93,-67.396
3117.60,-68.473
3118.28,-68.158
3118.95,-69.596
3119.62,-68.620
3120.30,-68.329
3120.97,-69.084
3121.64,-69.208
3122.31,-68.889
3122.99,-69.064
3123.66,-69.147
3124.33,-67.891
3125.01,-68.301
3125.68,-68.233
3126.35,-68.762
3127.02,-68.417
3127.70,-67.930
3128.37,-69.712
3129.04,-69.419
3129.72,-68.910
3130.39,-68.441
3131.06,-68.148
3131.74,-67.275
3132.41,-68.170
3133.08,-67.650
3133.75,-68.098
3134.43,-68.302
3135.10,-68.604
3135.77,-69.603
3136.45,-69.100
3137.12,-68.882
3137.79,-70.066
3138.46,-69.251
3139.14,-70.357
3139.81,-68.174
3140.48,-69.213
3141.16,-68.920
3141.83,-68.178
3142.50,-68.412
3143.17,-69.317
3143.85,-69.091
3144.52,-67.979
3145.19,-68.012
3145.87,-69.589
3146.54,-69.640
3147.21,-68.651
3147.89,-68.643
3148.56,-68.131
3149.23,-68.487
3149.90,-69.201
3150.58,-68.207
3151.25,-67.618
3151.92,-68.207
3152.60,-68.158
3153.27,-67.082
3153.94,-69.651
3154.61,-69.923
3155.29,-68.142
3155.96,-69.559
3156.63,-68.399
3157.31,-69.297
3157.98,-67.865
3158.65,-69.023
3159.32,-70.109
3160.00,-70.011
3160.67,-69.272
3161.34,-68.673
3162.02,-68.599
3162.69,-68.445
3163.36,-68.186
3164.04,-68.489
3164.71,-67.770
3165.38,-68.541
3166.05,-69.061
3166.73,-69.074
3167.40,-69.719
3168.07,-69.096
3168.75,-69.877
3169.42,-68.313
3170.09,-70.005
3170.76,-69.421
3171.44,-68.653
3172.11,-71.194
3172.78,-67.798
3173.46,-69.743
3174.13,-70.290
3174.80,-69.008
3175.47,-68.960
3176.15,-69.772
3176.82,-69.371
3177.49,-68.321
3178.17,-69.757
3178.84,-69.517
3179.51,-68.524
3180.18,-69.426
3180.86,-69.063
3181.53,-68.852
3182.20,-68.756
3182.88,-68.775
3183.55,-69.783
3184.22,-69.972
3184.90,-69.504
3185.57,-69.905
3186.24,-70.313
3186.91,-68.964
3187.59,-67.583
3188.26,-68.913
3188.93,-69.614
3189.61,-68.469
3190.28,-68.998
3190.95,-69.498
3191.62,-68.279
3192.30,-69.159
3192.97,-69.245
3193.64,-69.024
3194.32,-69.287
3194.99,-70.224
3195.66,-69.961
3196.33,-67.927
3197.01,-68.724
3197.68,-69.897
3198.35,-69.640
3199.03,-70.179
3199.70,-69.119
3200.37,-68.990
3201.05,-69.730
3201.72,-70.059
3202.39,-70.436
3203.06,-69.761
3203.74,-68.198
3204.41,-68.643
3205.08,-68.944
3205.76,-68.227
3206.43,-69.814
3207.10,-69.013
3207.77,-69.348
3208.45,-70.145
3209.12,-68.039
3209.79,-69.610
3210.47,-69.916
3211.14,-69.046
3211.81,-70.203
3212.48,-68.403
3213.16,-69.614
3213.83,-70.385
3214.50,-68.696
3215.18,-67.264
3215.85,-68.726
3216.52,-68.831
3217.20,-68.929
3217.87,-70.603
3218.54,-69.777
3219.21,-67.722
3219.89,-68.815
3220.56,-68.646
3221.23,-69.618
3221.91,-70.077
3222.58,-69.860
3223.25,-70.134
3223.92,-69.134
3224.60,-70.030
3225.27,-71.849
3225.94,-69.599
3226.62,-70.066
3227.29,-69.421
3227.96,-68.910
3228.63,-71.009
3229.31,-70.682
3229.98,-70.670
3230.65,-69.275
3231.33,-70.008
3232.00,-67.978
3232.67,-70.454
3233.35,-70.117
3234.02,-69.106
3234.69,-69.818
3235.36,-71.306
3236.04,-70.755
3236.71,-70.052
3237.38,-68.189
3238.06,-70.621
3238.73,-68.484
3239.40,-69.037
3240.07,-67.992
3240.75,-70.602
3241.42,-69.553
3242.09,-69.980
3242.77,-69.335
3243.44,-69.451
3244.11,-70.003
3244.78,-70.279
3245.46,-69.752
3246.13,-68.155
3246.80,-69.338
3247.48,-70.216
3248.15,-69.250
3248.82,-68.820
3249.49,-70.988
3250.17,-69.719
3250.84,-68.348
3251.51,-71.374
3252.19,-70.261
3252.86,-70.889
3253.53,-68.534
3254.21,-70.221
3254.88,-68.173
3255.55,-69.374
3256.22,-70.877
3256.90,-69.308
3257.57,-69.279
3258.24,-69.921
3258.92,-70.180
3259.59,-69.081
3260.26,-70.119
3260.93,-70.100
3261.61,-70.696
3262.28,-69.565
3262.95,-69.810
3263.63,-70.672
3264.30,-69.850
3264.97,-70.850
3265.64,-70.182
3266.32,-70.512
3266.99,-69.587
3267.66,-69.390
3268.34,-71.874
3269.01,-69.476
3269.68,-70.943
3270.36,-69.899
3271.03,-71.003
3271.70,-70.825
3272.37,-71.188
3273.05,-68.707
3273.72,-69.384
3274.39,-70.074
3275.07,-70.715
3275.74,-69.396
3276.41,-69.739
3277.08,-69.810
3277.76,-69.603
3278.43,-69.410
3279.10,-68.513
3279.78,-68.098
3280.45,-70.170
3281.12,-70.894
3281.79,-71.364
3282.47,-70.761
3283.14,-69.645
3283.81,-70.207
3284.49,-69.407
3285.16,-70.739
3285.83,-69.722
3286.51,-69.732
3287.18,-69.058
3287.85,-70.075
3288.52,-69.523
3289.20,-70.097
3289.87,-69.748
3290.54,-68.288
3291.22,-69.408
3291.89,-68.429
3292.56,-69.998
3293.23,-70.417
3293.91,-68.471
3294.58,-68.457
3295.25,-70.140
3295.93,-69.875
3296.60,-68.891
3297.27,-69.829
3297.94,-70.896
3298.62,-69.640
3299.29,-70.528
3299.96,-70.379
3300.64,-69.074
3301.31,-70.382
3301.98,-69.263
3302.66,-69.866
3303.33,-70.412
3304.00,-69.380
3304.67,-70.411
3305.35,-71.129
3306.02,-69.321
3306.69,-70.965
3307.37,-70.159
3308.04,-70.425
3308.71,-70.155
3309.38,-69.838
3310.06,-69.748
3310.73,-69.484
3311.40,-70.396
3312.08,-70.254
3312.75,-69.885
3313.42,-70.444
3314.09,-70.394
3314.77,-70.499
3315.44,-70.649
3316.11,-68.629
3316.79,-69.256
3317.46,-69.643
3318.13,-70.109
3318.80,-69.361
3319.48,-69.339
3320.15,-69.885
3320.82,-69.104
3321.50,-70.049
3322.17,-69.895
3322.84,-69.820
3323.52,-68.390
3324.19,-71.305
3324.86,-71.020
3325.53,-69.810
3326.21,-69.098
3326.88,-68.920
3327.55,-68.842
3328.23,-69.041
3328.90,-69.213
3329.57,-70.142
3330.24,-70.088
3330.92,-69.648
3331.59,-69.598
3332.26,-68.373
3332.94,-68.632
3333.61,-70.171
3334.28,-69.641
3334.95,-69.935
3335.63,-70.265
3336.30,-70.091
3336.97,-71.497
3337.65,-70.682
3338.32,-69.700
3338.99,-69.717
3339.67,-68.955
3340.34,-68.716
3341.01,-68.948
3341.68,-68.004
3342.36,-69.394
3343.03,-69.025
3343.70,-68.504
3344.38,-70.406
3345.05,-70.176
3345.72,-69.135
3346.39,-69.950
3347.07,-72.415
3347.74,-70.085
3348.41,-70.935
3349.09,-70.655
3349.76,-69.079
3350.43,-69.778
3351.10,-70.394
3351.78,-70.992
3352.45,-70.057
3353.12,-69.072
3353.80,-70.001
3354.47,-68.651
3355.14,-69.304
3355.82,-68.365
3356.49,-69.012
3357.16,-68.619
3357.83,-69.408
3358.51,-69.075
3359.18,-68.997
3359.85,-67.432
3360.53,-71.542
3361.20,-69.496
3361.87,-68.932
3362.54,-69.305
3363.22,-68.650
3363.89,-69.836
3364.56,-68.251
3365.24,-70.019
3365.91,-69.077
3366.58,-69.636
3367.25,-68.929
3367.93,-70.415
3368.60,-70.600
3369.27,-69.414
3369.95,-68.892
3370.62,-70.371
3371.29,-69.309
3371.97,-68.644
3372.64,-68.695
3373.31,-69.085
3373.98,-68.026
3374.66,-69.965
3375.33,-69.886
3376.00,-68.779
3376.68,-69.540
3377.35,-68.918
3378.02,-70.764
3378.69,-69.768
3379.37,-69.086
3380.04,-69.551
3380.71,-69.805
3381.39,-69.846
3382.06,-70.219
3382.73,-70.150
3383.40,-69.762
3384.08,-69.863
3384.75,-68.198
3385.42,-67.680
3386.10,-68.574
3386.77,-68.919
3387.44,-68.618
3388.11,-68.552
3388.79,-69.668
3389.46,-69.072
3390.13,-68.933
3390.81,-68.654
3391.48,-68.326
3392.15,-67.352
3392.83,-69.544
3393.50,-67.672
3394.17,-68.546
3394.84,-67.653
3395.52,-67.796
3396.19,-69.014
3396.86,-68.499
3397.54,-68.933
3398.21,-68.688
3398.88,-68.607
3399.55,-69.167
3400.23,-70.125
3400.90,-70.823
3401.57,-68.521
3402.25,-68.619
3402.92,-68.486
3403.59,-67.691
3404.26,-67.311
3404.94,-66.644
3405.61,-67.796
3406.28,-68.605
3406.96,-67.407
3407.63,-66.942
3408.30,-68.022
3408.98,-68.954
3409.65,-67.592
3410.32,-68.950
3410.99,-68.496
3411.67,-68.359
3412.34,-69.550
3413.01,-67.769
3413.69,-67.763
3414.36,-68.718
3415.03,-68.527
3415.70,-68.237
3416.38,-67.143
3417.05,-66.993
3417.72,-68.656
3418.40,-67.542
3419.07,-68.505
3419.74,-67.241
3420.41,-69.050
3421.09,-68.451
3421.76,-68.902
3422.43,-68.851
3423.11,-68.386
3423.78,-68.364
3424.45,-67.618
3425.13,-68.550
3425.80,-67.707
3426.47,-68.278
3427.14,-67.721
3427.82,-67.657
3428.49,-67.903
3429.16,-68.252
3429.84,-68.864
3430.51,-67.213
3431.18,-67.389
3431.85,-66.854
3432.53,-67.945
3433.20,-68.527
3433.87,-67.358
3434.55,-67.519
3435.22,-68.088
3435.89,-65.870
3436.56,-68.140
3437.24,-68.492
3437.91,-67.282
3438.58,-67.103
3439.26,-69.421
3439.93,-66.519
3440.60,-67.255
3441.28,-68.019
3441.95,-67.071
3442.62,-67.507
3443.29,-67.420
3443.97,-67.869
3444.64,-67.978
3445.31,-65.904
3445.99,-65.768
3446.66,-66.953
3447.33,-67.286
3448.00,-67.232
3448.68,-67.143
3449.35,-68.236
3450.02,-67.685
3450.70,-68.089
3451.37,-67.211
3452.04,-67.177
3452.71,-67.593
3453.39,-66.937
3454.06,-67.047
3454.73,-67.599
3455.41,-65.729
3456.08,-66.781
3456.75,-67.330
3457.42,-67.269
3458.10,-67.985
3458.77,-68.048
3459.44,-68.087
3460.12,-66.544
3460.79,-67.038
3461.46,-66.272
3462.14,-66.945
3462.81,-66.643
3463.48,-65.184
3464.15,-66.515
3464.83,-66.262
3465.50,-67.236
3466.17,-66.673
3466.85,-67.436
3467.52,-67.391
3468.19,-66.895
3468.86,-66.734
3469.54,-65.647
3470.21,-66.761
3470.88,-66.012
3471.56,-67.057
3472.23,-67.157
3472.90,-66.360
3473.57,-67.474
3474.25,-66.398
3474.92,-66.781
3475.59,-66.104
3476.27,-66.737
3476.94,-66.799
3477.61,-65.880
3478.29,-66.182
3478.96,-66.212
3479.63,-66.771
3480.30,-65.323
3480.98,-65.541
3481.65,-65.550
3482.32,-66.008
3483.00,-66.329
3483.67,-67.180
3484.34,-65.461
3485.01,-65.536
3485.69,-65.859
3486.36,-66.753
3487.03,-66.206
3487.71,-64.796
3488.38,-64.713
3489.05,-65.531
3489.72,-66.532
3490.40,-65.497
3491.07,-64.637
3491.74,-64.791
3492.42,-63.708
3493.09,-64.511
3493.76,-64.447
3494.44,-63.554
3495.11,-65.680
3495.78,-64.411
3496.45,-63.791
3497.13,-66.381
3497.80,-64.723
3498.47,-64.715
3499.15,-65.239
3499.82,-64.615
3500.49,-65.792
3501.16,-65.147
3501.84,-65.630
3502.51,-64.445
3503.18,-64.358
3503.86,-64.134
3504.53,-64.550
3505.20,-64.392
3505.87,-64.369
3506.55,-63.995
3507.22,-64.660
3507.89,-62.692
3508.57,-63.627
3509.24,-64.390
3509.91,-64.295
3510.59,-63.612
3511.26,-63.727
3511.93,-64.141
3512.60,-62.173
3513.28,-64.912
3513.95,-64.291
3514.62,-63.812
3515.30,-64.378
3515.97,-64.181
3516.64,-65.321
3517.31,-64.109
3517.99,-63.196
3518.66,-64.281
3519.33,-64.078
3520.01,-61.627
3520.68,-62.281
3521.35,-63.227
3522.02,-63.489
3522.70,-64.039
3523.37,-63.101
3524.04,-62.338
3524.72,-62.391
3525.39,-62.829
3526.06,-63.322
3526.73,-61.597
3527.41,-63.065
3528.08,-62.327
3528.75,-62.632
3529.43,-63.719
3530.10,-62.180
3530.77,-61.917
3531.45,-61.694
3532.12,-62.019
3532.79,-61.766
3533.46,-61.188
3534.14,-61.835
3534.81,-62.046
3535.48,-63.934
3536.16,-61.860
3536.83,-61.519
3537.50,-62.692
3538.17,-63.130
3538.85,-62.567
3539.52,-59.995
3540.19,-61.569
3540.87,-61.986
3541.54,-60.977
3542.21,-60.125
3542.88,-60.330
3543.56,-61.568
3544.23,-60.614
3544.90,-60.521
3545.58,-60.492
3546.25,-60.916
3546.92,-60.296
3547.60,-60.953
3548.27,-60.520
3548.94,-59.873
3549.61,-60.690
3550.29,-60.467
3550.96,-58.286
3551.63,-60.037
3552.31,-59.856
3552.98,-59.821
3553.65,-59.793
3554.32,-59.205
3555.00,-59.502
3555.67,-59.065
3556.34,-59.835
3557.02,-60.913
3557.69,-60.626
3558.36,-60.172
3559.03,-60.418
3559.71,-59.528
3560.38,-59.033
3561.05,-58.018
3561.73,-58.152
3562.40,-59.695
3563.07,-59.771
3563.75,-57.978
3564.42,-59.094
3565.09,-58.885
3565.76,-57.864
3566.44,-58.803
3567.11,-58.070
3567.78,-58.201
3568.46,-57.466
3569.13,-58.598
3569.80,-57.116
3570.47,-57.361
3571.15,-56.735
3571.82,-56.775
3572.49,-57.054
3573.17,-56.787
3573.84,-55.952
3574.51,-57.557
3575.18,-56.953
3575.86,-57.237
3576.53,-57.081
3577.20,-55.197
3577.88,-55.481
3578.55,-57.021
3579.22,-55.762
3579.90,-56.780
3580.57,-55.685
3581.24,-56.270
3581.91,-55.650
3582.59,-56.364
3583.26,-56.866
3583.93,-56.087
3584.61,-55.172
3585.28,-54.944
3585.95,-55.500
3586.62,-56.350
3587.30,-57.028
3587.97,-55.793
3588.64,-54.855
3589.32,-53.962
3589.99,-54.892
3590.66,-56.210
3591.33,-56.048
3592.01,-55.508
3592.68,-53.441
3593.35,-55.346
3594.03,-56.106
3594.70,-54.687
3595.37,-52.948
3596.04,-54.688
3596.72,-56.209
3597.39,-54.395
3598.06,-55.751
3598.74,-54.776
3599.41,-52.717
3600.08,-54.663
3600.76,-54.080
3601.43,-55.324
3602.10,-54.208
3602.77,-54.090
3603.45,-54.664
3604.12,-54.153
3604.79,-53.132
3605.47,-53.583
3606.14,-54.469
3606.81,-52.774
3607.48,-53.742
3608.16,-54.546
3608.83,-55.387
3609.50,-55.086
3610.18,-54.226
3610.85,-53.931
3611.52,-52.917
3612.19,-53.145
3612.87,-53.607
3613.54,-52.669
3614.21,-54.441
3614.89,-54.329
3615.56,-53.558
3616.23,-53.401
3616.91,-53.852
3617.58,-53.310
3618.25,-54.702
3618.92,-53.962
3619.60,-54.192
3620.27,-54.353
3620.94,-54.691
3621.62,-55.260
3622.29,-54.268
3622.96,-54.998
3623.63,-54.233
3624.31,-54.531
3624.98,-54.692
3625.65,-53.777
3626.33,-54.366
3627.00,-55.013
3627.67,-55.382
3628.34,-54.361
3629.02,-55.261
3629.69,-56.344
3630.36,-55.136
3631.04,-54.857
3631.71,-55.449
3632.38,-55.672
3633.06,-56.709
3633.73,-55.709
3634.40,-56.853
3635.07,-55.296
3635.75,-57.051
3636.42,-57.247
3637.09,-57.811
3637.77,-57.128
3638.44,-57.292
3639.11,-57.220
3639.78,-55.917
3640.46,-56.819
3641.13,-58.783
3641.80,-56.894
3642.48,-56.892
3643.15,-59.306
3643.82,-57.782
3644.49,-57.850
3645.17,-59.364
3645.84,-58.045
3646.51,-57.378
3647.19,-58.351
3647.86,-58.039
3648.53,-58.498
3649.21,-60.233
3649.88,-58.680
3650.55,-59.079
3651.22,-59.359
3651.90,-58.079
3652.57,-58.324
3653.24,-60.014
3653.92,-58.928
3654.59,-59.503
3655.26,-59.731
3655.93,-59.763
3656.61,-60.393
3657.28,-59.903
3657.95,-61.343
3658.63,-59.270
3659.30,-59.866
3659.97,-59.616
3660.64,-60.172
3661.32,-59.326
3661.99,-58.966
3662.66,-59.564
3663.34,-61.527
3664.01,-60.800
3664.68,-61.010
3665.35,-59.213
3666.03,-59.539
3666.70,-60.819
3667.37,-61.488
3668.05,-61.665
3668.72,-61.093
3669.39,-62.103
3670.07,-59.447
3670.74,-61.845
3671.41,-61.860
3672.08,-62.582
3672.76,-62.456
3673.43,-61.912
3674.10,-61.705
3674.78,-62.090
3675.45,-60.699
3676.12,-61.881
3676.79,-63.135
3677.47,-62.610
3678.14,-61.848
3678.81,-63.869
3679.49,-61.908
3680.16,-63.364
3680.83,-63.220
3681.50,-61.915
3682.18,-63.593
3682.85,-62.939
3683.52,-62.417
3684.20,-63.457
3684.87,-64.253
3685.54,-64.378
3686.22,-62.381
3686.89,-64.651
3687.56,-63.099
3688.23,-63.988
3688.91,-63.390
3689.58,-65.264
3690.25,-65.306
3690.93,-62.689
3691.60,-63.526
3692.27,-63.389
3692.94,-64.152
3693.62,-64.478
3694.29,-64.011
3694.96,-64.532
3695.64,-64.938
3696.31,-66.183
3696.98,-62.340
3697.65,-62.841
3698.33,-65.267
3699.00,-63.713
3699.67,-65.621
3700.35,-64.827
3701.02,-64.262
3701.69,-64.949
3702.37,-64.930
3703.04,-65.218
3703.71,-65.193
3704.38,-64.412
3705.06,-64.169
3705.73,-65.944
3706.40,-63.521
3707.08,-65.898
3707.75,-66.882
3708.42,-64.837
3709.09,-65.818
3709.77,-65.425
3710.44,-66.752
3711.11,-65.250
3711.79,-65.771
3712.46,-66.063
3713.13,-64.438
3713.80,-65.325
3714.48,-65.253
3715.15,-65.439
3715.82,-67.176
3716.50,-65.625
3717.17,-64.861
3717.84,-65.641
3718.52,-65.685
3719.19,-64.971
3719.86,-66.024
3720.53,-66.966
3721.21,-67.433
3721.88,-65.948
3722.55,-65.846
3723.23,-66.880
3723.90,-66.383
3724.57,-67.124
3725.24,-65.585
3725.92,-65.458
3726.59,-64.876
3727.26,-68.056
3727.94,-68.194
3728.61,-67.205
3729.28,-66.107
3729.95,-66.561
3730.63,-66.471
3731.30,-67.767
3731.97,-67.559
3732.65,-67.407
3733.32,-67.080
3733.99,-66.233
3734.66,-67.539
3735.34,-67.938
3736.01,-67.419
3736.68,-67.653
3737.36,-66.790
3738.03,-67.189
3738.70,-66.610
3739.38,-67.219
3740.05,-66.650
3740.72,-67.505
3741.39,-67.393
3742.07,-67.599
3742.74,-67.326
3743.41,-67.851
3744.09,-68.365
3744.76,-66.808
3745.43,-66.898
3746.10,-68.331
3746.78,-69.680
3747.45,-68.111
3748.12,-68.291
3748.80,-68.641
3749.47,-67.835
3750.14,-67.216
3750.81,-67.055
3751.49,-67.123
3752.16,-66.855
3752.83,-68.565
3753.51,-68.860
3754.18,-68.989
3754.85,-69.651
3755.53,-69.040
3756.20,-69.882
3756.87,-68.581
3757.54,-69.795
3758.22,-68.652
3758.89,-68.355
3759.56,-68.040
3760.24,-68.463
3760.91,-69.374
3761.58,-68.295
3762.25,-67.873
3762.93,-69.719
3763.60,-68.352
3764.27,-68.452
3764.95,-69.527
3765.62,-68.820
3766.29,-68.835
3766.96,-70.016
3767.64,-68.515
3768.31,-69.356
3768.98,-69.745
3769.66,-68.329
3770.33,-69.188
3771.00,-69.452
3771.68,-70.060
3772.35,-69.735
3773.02,-69.119
3773.69,-67.949
3774.37,-69.173
3775.04,-71.359
3775.71,-70.053
3776.39,-70.491
3777.06,-68.976
3777.73,-69.351
3778.40,-69.690
3779.08,-69.978
3779.75,-69.220
3780.42,-69.824
3781.10,-69.960
3781.77,-68.145
3782.44,-69.636
3783.11,-69.392
3783.79,-70.633
3784.46,-69.313
3785.13,-71.232
3785.81,-68.987
3786.48,-69.341
3787.15,-69.907
3787.83,-69.402
3788.50,-69.871
3789.17,-70.329
3789.84,-69.010
3790.52,-70.580
3791.19,-69.404
3791.86,-70.917
3792.54,-70.966
3793.21,-71.318
3793.88,-69.621
3794.55,-71.436
3795.23,-71.097
3795.90,-71.228
3796.57,-70.105
3797.25,-70.901
3797.92,-69.125
3798.59,-70.606
3799.26,-70.717
3799.94,-70.961
3800.61,-72.260
3801.28,-69.982
3801.96,-70.887
3802.63,-70.148
3803.30,-70.108
3803.97,-70.838
3804.65,-70.550
3805.32,-70.103
3805.99,-71.464
3806.67,-68.741
3807.34,-71.534
3808.01,-70.483
3808.69,-71.100
3809.36,-71.002
3810.03,-70.325
3810.70,-69.868
3811.38,-71.812
3812.05,-71.609
3812.72,-70.837
3813.40,-70.906
3814.07,-72.373
3814.74,-71.739
3815.41,-71.484
3816.09,-72.163
3816.76,-71.179
3817.43,-70.267
3818.11,-71.527
3818.78,-72.116
3819.45,-70.621
3820.12,-71.660
3820.80,-70.179
3821.47,-70.975
3822.14,-70.480
3822.82,-71.706
3823.49,-70.773
3824.16,-71.476
3824.84,-71.365
3825.51,-71.524
3826.18,-71.040
3826.85,-71.913
3827.53,-71.124
3828.20,-70.742
3828.87,-71.299
3829.55,-70.435
3830.22,-71.180
3830.89,-70.688
3831.56,-71.482
3832.24,-70.755
3832.91,-72.293
3833.58,-71.962
3834.26,-73.089
3834.93,-73.718
3835.60,-73.360
3836.27,-71.099
3836.95,-71.252
3837.62,-71.706
3838.29,-70.683
3838.97,-72.756
3839.64,-72.474
3840.31,-71.338
3840.99,-72.596
3841.66,-72.056
3842.33,-71.649
3843.00,-72.610
3843.68,-71.827
3844.35,-71.607
3845.02,-71.997
3845.70,-72.243
3846.37,-72.377
3847.04,-71.089
3847.71,-71.379
3848.39,-70.909
3849.06,-71.883
3849.73,-72.988
3850.41,-72.168
3851.08,-70.877
3851.75,-72.581
3852.42,-72.400
3853.10,-71.960
3853.77,-71.659
3854.44,-72.323
3855.12,-72.246
3855.79,-73.576
3856.46,-71.733
3857.14,-73.528
3857.81,-72.377
3858.48,-73.051
3859.15,-72.153
3859.83,-71.268
3860.50,-72.639
3861.17,-72.202
3861.85,-71.308
3862.52,-72.610
3863.19,-70.401
3863.86,-70.740
3864.54,-72.258
3865.21,-72.096
3865.88,-72.474
3866.56,-72.475
3867.23,-72.851
3867.90,-71.692
3868.57,-72.311
3869.25,-71.839
3869.92,-71.910
3870.59,-72.921
3871.27,-71.246
3871.94,-72.658
3872.61,-72.855
3873.28,-73.084
3873.96,-72.649
3874.63,-71.671
3875.30,-73.170
3875.98,-72.614
3876.65,-72.984
3877.32,-72.031
3878.00,-72.184
3878.67,-70.950
3879.34,-72.408
3880.01,-72.657
3880.69,-73.023
3881.36,-72.709
3882.03,-72.033
3882.71,-72.765
3883.38,-72.958
3884.05,-71.928
3884.72,-70.991
3885.40,-72.687
3886.07,-72.527
3886.74,-71.499
3887.42,-72.585
3888.09,-73.217
3888.76,-73.071
3889.43,-72.940
3890.11,-72.329
3890.78,-74.795
3891.45,-71.862
3892.13,-72.111
3892.80,-74.181
3893.47,-72.352
3894.15,-72.623
3894.82,-72.732
3895.49,-73.464
3896.16,-72.352
3896.84,-71.715
3897.51,-72.414
3898.18,-72.429
3898.86,-73.892
3899.53,-74.223
3900.20,-73.040
3900.87,-72.595
3901.55,-72.389
3902.22,-73.777
3902.89,-73.231
3903.57,-71.896
3904.24,-72.583
3904.91,-73.119
3905.58,-73.507
3906.26,-72.342
3906.93,-73.802
3907.60,-72.882
3908.28,-74.160
3908.95,-75.256
3909.62,-75.128
3910.30,-73.334
3910.97,-72.791
3911.64,-72.210
3912.31,-71.787
3912.99,-71.840
3913.66,-72.682
3914.33,-74.506
3915.01,-74.826
3915.68,-71.378
3916.35,-73.405
3917.02,-73.068
3917.70,-71.959
3918.37,-72.514
3919.04,-73.778
3919.72,-74.055
3920.39,-71.619
3921.06,-71.845
3921.73,-73.327
3922.41,-70.984
3923.08,-73.765
3923.75,-73.625
3924.43,-73.427
3925.10,-72.571
3925.77,-73.188
3926.45,-74.159
3927.12,-72.702
3927.79,-72.847
3928.46,-72.387
3929.14,-72.488
3929.81,-71.237
3930.48,-73.276
3931.16,-72.760
3931.83,-72.131
3932.50,-73.176
3933.17,-71.826
3933.85,-72.422
3934.52,-72.987
3935.19,-72.683
3935.87,-72.285
3936.54,-72.875
3937.21,-72.550
3937.88,-71.958
3938.56,-72.689
3939.23,-72.417
3939.90,-73.360
3940.58,-72.532
3941.25,-73.350
3941.92,-73.251
3942.59,-73.534
3943.27,-72.669
3943.94,-73.194
3944.61,-73.821
3945.29,-73.237
3945.96,-73.307
3946.63,-72.943
3947.31,-73.321
3947.98,-72.613
3948.65,-72.099
3949.32,-73.775
3950.00,-71.761
3950.67,-73.763
3951.34,-74.525
3952.02,-73.673
3952.69,-73.553
3953.36,-74.115
3954.03,-72.453
3954.71,-72.870
3955.38,-72.813
3956.05,-73.760
3956.73,-72.772
3957.40,-73.584
3958.07,-72.766
3958.74,-75.478
3959.42,-75.232
3960.09,-73.387
3960.76,-73.755
3961.44,-74.152
3962.11,-73.289
3962.78,-73.246
3963.46,-73.241
3964.13,-74.505
3964.80,-73.310
3965.47,-72.790
3966.15,-71.615
3966.82,-75.067
3967.49,-73.357
3968.17,-72.561
3968.84,-73.501
3969.51,-73.850
3970.18,-72.756
3970.86,-74.089
3971.53,-73.564
3972.20,-73.819
3972.88,-73.432
3973.55,-73.416
3974.22,-73.692
3974.89,-74.623
3975.57,-73.508
3976.24,-76.077
3976.91,-74.936
3977.59,-72.484
3978.26,-72.186
3978.93,-73.747
3979.61,-73.165
3980.28,-73.809
3980.95,-72.646
3981.62,-72.290
3982.30,-72.694
3982.97,-72.866
3983.64,-72.471
3984.32,-72.684
3984.99,-72.554
3985.66,-73.469
3986.33,-73.726
3987.01,-73.350
3987.68,-73.492
3988.35,-73.071
3989.03,-73.015
3989.70,-73.843
3990.37,-74.916
3991.04,-73.904
3991.72,-73.135
3992.39,-73.036
3993.06,-73.199
3993.74,-72.464
3994.41,-72.699
3995.08,-73.760
3995.76,-74.114
3996.43,-74.170
3997.10,-74.703
3997.77,-73.135
3998.45,-71.562
3999.12,-72.320
3999.79,-74.600
4000.47,-75.622
4001.14,-72.282
4001.81,-73.321
4002.48,-72.358
4003.16,-74.110
4003.83,-73.207
4004.50,-71.984
4005.18,-73.828
4005.85,-74.737
4006.52,-71.313
4007.19,-72.574
4007.87,-71.863
4008.54,-73.217
4009.21,-74.161
4009.89,-73.351
4010.56,-72.866
4011.23,-72.443
4011.90,-73.311
4012.58,-73.869
4013.25,-73.520
4013.92,-73.974
4014.60,-72.939
4015.27,-72.986
4015.94,-73.557
4016.62,-73.194
4017.29,-74.191
4017.96,-74.560
4018.63,-72.910
4019.31,-73.555
4019.98,-73.163
4020.65,-73.184
4021.33,-73.801
4022.00,-73.407
4022.67,-73.044
4023.34,-73.343
4024.02,-71.054
4024.69,-72.652
4025.36,-72.117
4026.04,-73.834
4026.71,-73.842
4027.38,-72.979
4028.05,-72.926
4028.73,-72.958
4029.40,-72.265
4030.07,-72.791
4030.75,-71.269
4031.42,-72.104
4032.09,-72.141
4032.77,-72.156
4033.44,-73.272
4034.11,-73.485
4034.78,-74.083
4035.46,-73.682
4036.13,-73.290
4036.80,-72.341
4037.48,-72.072
4038.15,-72.045
4038.82,-72.242
4039.49,-72.626
4040.17,-71.830
4040.84,-73.825
4041.51,-73.580
4042.19,-73.103
4042.86,-73.603
4043.53,-73.227
4044.20,-72.264
4044.88,-71.659
4045.55,-73.872
4046.22,-72.313
4046.90,-72.222
4047.57,-72.604
4048.24,-73.283
4048.92,-73.640
4049.59,-72.701
4050.26,-73.536
4050.93,-73.940
4051.61,-72.187
4052.28,-71.929
4052.95,-74.272
4053.63,-72.540
4054.30,-73.463
4054.97,-73.112
4055.64,-73.295
4056.32,-73.945
4056.99,-73.815
4057.66,-72.518
4058.34,-73.906
4059.01,-72.164
4059.68,-71.810
4060.35,-73.034
4061.03,-74.040
4061.70,-72.759
4062.37,-74.596
4063.05,-73.007
4063.72,-71.456
4064.39,-72.607
4065.07,-74.595
4065.74,-71.613
4066.41,-71.192
4067.08,-72.461
4067.76,-71.297
4068.43,-72.732
4069.10,-72.802
4069.78,-72.958
4070.45,-71.998
4071.12,-72.450
4071.79,-73.563
4072.47,-72.440
4073.14,-72.415
4073.81,-71.464
4074.49,-71.880
4075.16,-72.428
4075.83,-73.348
4076.50,-71.945
4077.18,-73.006
4077.85,-73.971
4078.52,-72.395
4079.20,-72.508
4079.87,-71.994
4080.54,-70.779
4081.21,-72.938
4081.89,-73.033
4082.56,-73.143
4083.23,-71.689
4083.91,-71.279
4084.58,-72.041
4085.25,-72.412
4085.93,-72.527
4086.60,-71.702
4087.27,-71.958
4087.94,-71.044
4088.62,-71.097
4089.29,-71.599
4089.96,-72.178
4090.64,-73.265
4091.31,-70.089
4091.98,-70.651
4092.65,-71.318
4093.33,-71.727
4094.00,-71.585
4094.67,-73.633
4095.35,-72.403
4096.02,-71.372
4096.69,-71.338
4097.36,-72.080
4098.04,-72.487
4098.71,-71.820
4099.38,-71.678
4100.06,-71.683
4100.73,-72.001
4101.40,-72.645
4102.08,-71.712
4102.75,-71.944
4103.42,-72.721
4104.09,-72.023
4104.77,-72.568
4105.44,-71.292
4106.11,-71.896
4106.79,-72.490
4107.46,-72.917
4108.13,-71.157
4108.80,-71.623
4109.48,-70.676
4110.15,-70.616
4110.82,-70.900
4111.50,-70.798
4112.17,-71.294
4112.84,-70.370
4113.51,-70.229
4114.19,-72.138
4114.86,-71.581
4115.53,-71.345
4116.21,-71.295
4116.88,-70.850
4117.55,-70.992
4118.23,-70.176
4118.90,-69.979
4119.57,-70.601
4120.24,-71.420
4120.92,-69.619
4121.59,-70.955
4122.26,-72.240
4122.94,-71.304
4123.61,-69.792
4124.28,-70.248
4124.95,-69.647
4125.63,-71.950
4126.30,-71.663
4126.97,-70.065
4127.65,-72.444
4128.32,-73.133
4128.99,-71.570
4129.66,-71.142
4130.34,-71.164
4131.01,-70.933
4131.68,-71.601
4132.36,-71.467
4133.03,-71.221
4133.70,-70.686
4134.38,-71.613
4135.05,-71.147
4135.72,-69.945
4136.39,-71.538
4137.07,-70.880
4137.74,-70.778
4138.41,-70.419
4139.09,-70.351
4139.76,-70.477
4140.43,-70.343
4141.10,-69.847
4141.78,-70.039
4142.45,-69.942
4143.12,-69.254
4143.80,-70.262
4144.47,-70.821
4145.14,-70.823
4145.81,-70.537
4146.49,-70.761
4147.16,-71.161
4147.83,-69.503
4148.51,-69.890
4149.18,-69.943
4149.85,-70.232
4150.52,-70.509
4151.20,-70.224
4151.87,-71.222
4152.54,-70.334
4153.22,-69.752
4153.89,-69.872
4154.56,-70.610
4155.24,-70.696
4155.91,-70.437
4156.58,-69.830
4157.25,-69.311
4157.93,-69.247
4158.60,-68.836
4159.27,-70.538
4159.95,-69.961
4160.62,-71.387
4161.29,-69.992
4161.96,-69.386
4162.64,-69.973
4163.31,-69.305
4163.98,-70.310
4164.66,-69.159
4165.33,-70.367
4166.00,-69.553
4166.67,-68.742
4167.35,-69.402
4168.02,-69.438
4168.69,-69.675
4169.37,-68.701
4170.04,-69.657
4170.71,-68.618
4171.39,-68.829
4172.06,-70.049
4172.73,-69.856
4173.40,-68.558
4174.08,-68.977
4174.75,-69.100
4175.42,-67.516
4176.10,-68.551
4176.77,-68.801
4177.44,-68.766
4178.11,-68.942
4178.79,-68.798
4179.46,-68.368
4180.13,-67.797
4180.81,-68.172
4181.48,-67.833
4182.15,-68.235
4182.82,-67.659
4183.50,-68.983
4184.17,-67.925
4184.84,-69.091
4185.52,-67.311
4186.19,-68.047
4186.86,-67.501
4187.54,-67.900
4188.21,-69.764
4188.88,-68.294
4189.55,-68.313
4190.23,-67.131
4190.90,-67.292
4191.57,-69.726
4192.25,-66.644
4192.92,-68.572
4193.59,-68.261
4194.26,-67.870
4194.94,-67.776
4195.61,-68.072
4196.28,-67.342
4196.96,-66.290
4197.63,-66.938
4198.30,-67.035
4198.97,-67.387
4199.65,-67.793
4200.32,-67.277
4200.99,-67.837
4201.67,-67.610
4202.34,-66.458
4203.01,-68.093
4203.68,-69.071
4204.36,-67.453
4205.03,-68.338
4205.70,-67.312
4206.38,-68.171
4207.05,-67.056
4207.72,-67.976
4208.40,-67.381
4209.07,-65.915
4209.74,-66.665
4210.41,-65.166
4211.09,-66.535
4211.76,-66.470
4212.43,-66.122
4213.11,-65.907
4213.78,-66.267
4214.45,-66.531
4215.12,-67.373
4215.80,-67.249
4216.47,-65.128
4217.14,-65.912
4217.82,-66.437
4218.49,-65.653
4219.16,-66.568
4219.83,-66.278
4220.51,-66.216
4221.18,-66.275
4221.85,-65.512
4222.53,-66.071
4223.20,-66.016
4223.87,-65.304
4224.55,-65.517
4225.22,-63.842
4225.89,-65.971
4226.56,-65.542
4227.24,-66.249
4227.91,-64.894
4228.58,-65.002
4229.26,-65.059
4229.93,-65.749
4230.60,-65.064
4231.27,-64.746
4231.95,-64.765
4232.62,-65.847
4233.29,-65.164
4233.97,-64.328
4234.64,-64.443
4235.31,-65.520
4235.98,-64.487
4236.66,-65.478
4237.33,-63.972
4238.00,-64.463
4238.68,-64.517
4239.35,-64.150
4240.02,-64.700
4240.70,-66.196
4241.37,-63.768
4242.04,-65.299
4242.71,-64.387
4243.39,-64.056
4244.06,-64.231
4244.73,-63.491
4245.41,-63.543
4246.08,-61.780
4246.75,-62.817
4247.42,-63.256
4248.10,-62.839
4248.77,-63.947
4249.44,-62.542
4250.12,-63.314
4250.79,-64.030
4251.46,-64.154
4252.13,-62.765
4252.81,-64.224
4253.48,-63.866
4254.15,-63.380
4254.83,-62.630
4255.50,-62.726
4256.17,-62.960
4256.85,-61.119
4257.52,-62.566
4258.19,-62.063
4258.86,-62.414
4259.54,-61.453
4260.21,-62.621
4260.88,-61.893
4261.56,-60.860
4262.23,-60.147
4262.90,-60.014
4263.57,-61.460
4264.25,-61.930
4264.92,-61.622
4265.59,-61.285
4266.27,-61.581
4266.94,-60.166
4267.61,-61.019
4268.28,-60.165
4268.96,-60.994
4269.63,-59.598
4270.30,-60.557
4270.98,-60.739
4271.65,-59.657
4272.32,-59.408
4272.99,-59.138
4273.67,-60.719
4274.34,-59.215
4275.01,-59.332
4275.69,-59.635
4276.36,-59.048
4277.03,-59.895
4277.71,-58.173
4278.38,-60.682
4279.05,-60.051
4279.72,-61.352
4280.40,-58.669
4281.07,-59.029
4281.74,-59.792
4282.42,-59.000
4283.09,-58.030
4283.76,-59.488
4284.43,-57.388
4285.11,-56.783
4285.78,-57.665
4286.45,-59.402
4287.13,-57.356
4287.80,-57.701
4288.47,-58.067
4289.14,-56.677
4289.82,-58.572
4290.49,-56.309
4291.16,-56.915
4291.84,-57.408
4292.51,-57.842
4293.18,-56.942
4293.86,-57.053
4294.53,-56.675
4295.20,-57.845
4295.87,-57.642
4296.55,-56.704
4297.22,-56.044
4297.89,-56.911
4298.57,-57.535
4299.24,-55.887
4299.91,-55.345
4300.58,-56.366
4301.26,-55.838
4301.93,-55.457
4302.60,-55.326
4303.28,-55.544
4303.95,-55.532
4304.62,-55.455
4305.29,-55.136
4305.97,-55.766
4306.64,-55.182
4307.31,-53.587
4307.99,-55.930
4308.66,-55.460
4309.33,-55.416
4310.01,-55.035
4310.68,-55.619
4311.35,-54.611
4312.02,-55.314
4312.70,-55.473
4313.37,-54.608
4314.04,-55.164
4314.72,-54.799
4315.39,-56.213
4316.06,-56.113
4316.73,-56.727
4317.41,-55.756
4318.08,-56.218
4318.75,-55.673
4319.43,-54.834
4320.10,-56.088
4320.77,-55.507
4321.44,-55.817
4322.12,-55.236
4322.79,-55.469
4323.46,-56.017
4324.14,-55.245
4324.81,-54.384
4325.48,-54.157
4326.16,-56.693
4326.83,-56.282
4327.50,-57.280
4328.17,-56.381
4328.85,-55.204
4329.52,-55.831
4330.19,-55.914
4330.87,-56.566
4331.54,-58.006
4332.21,-57.572
4332.88,-56.560
4333.56,-56.227
4334.23,-57.161
4334.90,-58.354
4335.58,-56.886
4336.25,-57.360
4336.92,-56.847
4337.59,-56.868
4338.27,-57.571
4338.94,-55.546
4339.61,-58.729
4340.29,-56.897
4340.96,-59.776
4341.63,-58.763
4342.30,-58.566
4342.98,-59.113
4343.65,-58.286
4344.32,-57.675
4345.00,-59.476
4345.67,-58.657
4346.34,-58.542
4347.02,-58.903
4347.69,-59.378
4348.36,-58.452
4349.03,-59.413
4349.71,-57.979
4350.38,-59.220
4351.05,-59.765
4351.73,-59.741
4352.40,-58.865
4353.07,-60.053
4353.74,-58.788
4354.42,-59.713
4355.09,-60.835
4355.76,-59.979
4356.44,-60.164
4357.11,-60.501
4357.78,-61.241
4358.45,-61.122
4359.13,-61.322
4359.80,-60.617
4360.47,-60.534
4361.15,-59.954
4361.82,-59.635
4362.49,-61.347
4363.17,-60.522
4363.84,-60.416
4364.51,-59.697
4365.18,-61.830
4365.86,-60.821
4366.53,-61.366
4367.20,-61.291
4367.88,-61.379
4368.55,-60.673
4369.22,-62.350
4369.89,-62.912
4370.57,-62.046
4371.24,-63.574
4371.91,-62.015
4372.59,-61.359
4373.26,-62.399
4373.93,-61.975
4374.60,-61.996
4375.28,-64.144
4375.95,-64.610
4376.62,-63.259
4377.30,-62.291
4377.97,-63.046
4378.64,-63.187
4379.32,-63.968
4379.99,-63.704
4380.66,-62.379
4381.33,-64.265
4382.01,-62.502
4382.68,-63.171
4383.35,-63.259
4384.03,-64.155
4384.70,-63.925
4385.37,-64.196
4386.04,-65.587
4386.72,-63.710
4387.39,-65.375
4388.06,-65.334
4388.74,-64.942
4389.41,-64.732
4390.08,-65.272
4390.75,-62.458
4391.43,-65.938
4392.10,-64.786
4392.77,-66.307
4393.45,-67.237
4394.12,-64.753
4394.79,-65.712
4395.47,-66.265
4396.14,-65.530
4396.81,-65.623
4397.48,-64.226
4398.16,-64.860
4398.83,-65.400
4399.50,-64.581
4400.18,-65.717
4400.85,-64.874
4401.52,-65.637
4402.19,-65.990
4402.87,-65.083
4403.54,-64.907
4404.21,-65.892
4404.89,-65.429
4405.56,-65.847
4406.23,-65.492
4406.90,-64.724
4407.58,-65.611
4408.25,-67.410
4408.92,-66.557
4409.60,-66.447
4410.27,-65.902
4410.94,-67.283
4411.61,-66.500
4412.29,-67.047
4412.96,-67.488
4413.63,-67.057
4414.31,-66.009
4414.98,-67.137
4415.65,-65.665
4416.33,-66.528
4417.00,-66.928
4417.67,-66.668
4418.34,-66.511
4419.02,-67.664
4419.69,-66.873
4420.36,-65.915
4421.04,-65.710
4421.71,-66.886
4422.38,-67.643
4423.05,-67.961
4423.73,-67.334
4424.40,-65.554
4425.07,-67.972
4425.75,-66.851
4426.42,-67.525
4427.09,-67.350
4427.76,-67.045
4428.44,-68.474
4429.11,-68.480
4429.78,-69.691
4430.46,-69.384
4431.13,-68.748
4431.80,-66.946
4432.48,-67.009
4433.15,-67.900
4433.82,-68.360
4434.49,-67.211
4435.17,-68.491
4435.84,-67.321
4436.51,-69.343
4437.19,-68.336
4437.86,-68.310
4438.53,-67.448
4439.20,-67.983
4439.88,-67.790
4440.55,-66.915
4441.22,-69.120
4441.90,-69.124
4442.57,-70.253
4443.24,-68.558
4443.91,-67.842
4444.59,-69.558
4445.26,-68.879
4445.93,-69.477
4446.61,-67.292
4447.28,-68.572
4447.95,-69.323
4448.63,-69.685
4449.30,-68.777
4449.97,-68.180
4450.64,-68.156
4451.32,-68.664
4451.99,-69.323
4452.66,-70.044
4453.34,-69.984
4454.01,-68.607
4454.68,-69.165
4455.35,-67.881
4456.03,-69.106
4456.70,-68.235
4457.37,-68.369
4458.05,-69.228
4458.72,-69.855
4459.39,-68.887
4460.06,-69.404
4460.74,-68.774
4461.41,-70.116
4462.08,-69.071
4462.76,-70.709
4463.43,-70.293
4464.10,-69.707
4464.78,-69.874
4465.45,-69.797
4466.12,-70.139
4466.79,-70.161
4467.47,-69.749
4468.14,-69.356
4468.81,-69.934
4469.49,-70.703
4470.16,-68.383
4470.83,-70.291
4471.50,-70.770
4472.18,-69.904
4472.85,-70.979
4473.52,-70.176
4474.20,-69.575
4474.87,-69.406
4475.54,-70.017
4476.21,-70.135
4476.89,-70.500
4477.56,-69.875
4478.23,-69.700
4478.91,-69.472
4479.58,-70.236
4480.25,-70.259
4480.92,-70.011
4481.60,-69.398
4482.27,-68.663
4482.94,-69.640
4483.62,-70.246
4484.29,-71.494
4484.96,-70.671
4485.64,-71.172
4486.31,-70.709
4486.98,-71.751
4487.65,-70.295
4488.33,-70.601
4489.00,-70.958
4489.67,-71.209
4490.35,-72.552
4491.02,-71.258
4491.69,-70.982
4492.36,-69.363
4493.04,-69.311
4493.71,-70.371
4494.38,-71.563
4495.06,-71.653
4495.73,-69.360
4496.40,-71.602
4497.07,-71.534
4497.75,-71.952
4498.42,-71.348
4499.09,-71.360
4499.77,-70.569
4500.44,-71.692
4501.11,-69.896
4501.79,-71.936
4502.46,-69.957
4503.13,-70.993
4503.80,-69.899
4504.48,-69.796
4505.15,-69.204
4505.82,-71.114
4506.50,-71.794
4507.17,-72.138
4507.84,-69.153
4508.51,-71.459
4509.19,-71.128
4509.86,-71.084
4510.53,-71.274
4511.21,-70.935
4511.88,-71.097
4512.55,-71.906
4513.22,-72.162
4513.90,-71.361
4514.57,-72.002
4515.24,-70.362
4515.92,-70.927
4516.59,-70.785
4517.26,-71.509
4517.94,-70.896
4518.61,-72.255
4519.28,-70.680
4519.95,-71.070
4520.63,-70.478
4521.30,-72.435
4521.97,-72.002
4522.65,-72.258
4523.32,-70.608
4523.99,-70.821
4524.66,-71.412
4525.34,-71.326
4526.01,-71.934
4526.68,-71.290
4527.36,-71.202
4528.03,-72.157
4528.70,-71.448
4529.37,-71.545
4530.05,-71.631
4530.72,-73.187
4531.39,-70.813
4532.07,-72.931
4532.74,-71.902
4533.41,-71.772
4534.09,-71.272
4534.76,-72.349
4535.43,-71.354
4536.10,-72.352
4536.78,-72.422
4537.45,-73.030
4538.12,-71.767
4538.80,-72.011
4539.47,-71.574
4540.14,-69.967
4540.81,-71.694
4541.49,-71.013
4542.16,-71.521
4542.83,-71.090
4543.51,-73.047
4544.18,-71.812
4544.85,-72.280
4545.52,-71.504
4546.20,-71.610
4546.87,-73.316
4547.54,-71.659
4548.22,-71.679
4548.89,-72.344
4549.56,-70.628
4550.23,-72.971
4550.91,-71.473
4551.58,-71.577
4552.25,-71.856
4552.93,-73.599
4553.60,-72.091
4554.27,-71.708
4554.95,-72.198
4555.62,-73.780
4556.29,-72.960
4556.96,-73.629
4557.64,-73.697
4558.31,-72.948
4558.98,-72.429
4559.66,-72.472
4560.33,-72.222
4561.00,-72.675
4561.67,-72.896
4562.35,-72.757
4563.02,-73.230
4563.69,-71.915
4564.37,-72.045
4565.04,-70.315
4565.71,-71.135
4566.38,-71.893
4567.06,-72.248
4567.73,-73.803
4568.40,-72.211
4569.08,-72.666
4569.75,-72.071
4570.42,-70.899
4571.10,-71.518
4571.77,-72.108
4572.44,-72.275
4573.11,-73.354
4573.79,-72.763
4574.46,-72.910
4575.13,-72.058
4575.81,-72.000
4576.48,-71.211
4577.15,-72.753
4577.82,-73.395
4578.50,-71.590
4579.17,-72.580
4579.84,-72.997
4580.52,-72.378
4581.19,-71.708
4581.86,-73.492
4582.53,-73.951
4583.21,-71.862
4583.88,-72.166
4584.55,-74.479
4585.23,-74.095
4585.90,-73.516
4586.57,-72.659
4587.25,-72.311
4587.92,-73.177
4588.59,-72.863
4589.26,-73.414
4589.94,-72.456
4590.61,-72.289
4591.28,-72.541
4591.96,-72.646
4592.63,-72.895
4593.30,-73.085
4593.97,-72.588
4594.65,-71.395
4595.32,-73.367
4595.99,-73.159
4596.67,-73.444
4597.34,-72.516
4598.01,-72.268
4598.68,-72.528
4599.36,-71.551
4600.03,-73.044
4600.70,-73.578
4601.38,-71.660
4602.05,-70.888
4602.72,-72.635
4603.40,-72.208
4604.07,-72.409
4604.74,-72.651
4605.41,-73.107
4606.09,-72.560
4606.76,-72.264
4607.43,-74.696
4608.11,-72.464
4608.78,-73.788
4609.45,-73.461
4610.12,-72.265
4610.80,-73.398
4611.47,-72.471
4612.14,-72.035
4612.82,-72.486
4613.49,-72.365
4614.16,-72.016
4614.83,-72.510
4615.51,-73.251
4616.18,-72.860
4616.85,-73.012
4617.53,-73.366
4618.20,-72.478
4618.87,-72.446
4619.54,-72.768
4620.22,-73.101
4620.89,-74.084
4621.56,-72.513
4622.24,-73.448
4622.91,-74.574
4623.58,-73.402
4624.26,-72.781
4624.93,-71.515
4625.60,-73.003
4626.27,-72.150
4626.95,-72.506
4627.62,-73.588
4628.29,-73.247
4628.97,-72.735
4629.64,-72.033
4630.31,-72.334
4630.98,-74.222
4631.66,-73.678
4632.33,-73.677
4633.00,-73.770
4633.68,-72.115
4634.35,-72.975
4635.02,-73.550
4635.69,-72.933
4636.37,-72.920
4637.04,-72.659
4637.71,-72.812
4638.39,-71.880
4639.06,-72.859
4639.73,-70.776
4640.41,-72.396
4641.08,-73.246
4641.75,-72.637
4642.42,-72.123
4643.10,-73.691
4643.77,-72.410
4644.44,-73.337
4645.12,-73.597
4645.79,-73.043
4646.46,-72.906
4647.13,-72.905
4647.81,-73.202
4648.48,-73.254
4649.15,-73.171
4649.83,-73.014
4650.50,-73.091
4651.17,-72.613
4651.84,-71.692
4652.52,-73.436
4653.19,-72.588
4653.86,-72.203
4654.54,-72.682
4655.21,-73.537
4655.88,-72.919
4656.56,-72.962
4657.23,-72.642
4657.90,-71.654
4658.57,-72.701
4659.25,-73.238
4659.92,-73.283
4660.59,-73.280
4661.27,-72.322
4661.94,-73.006
4662.61,-73.643
4663.28,-71.662
4663.96,-73.307
4664.63,-72.459
4665.30,-72.449
4665.98,-71.964
4666.65,-72.539
4667.32,-73.149
4667.99,-71.992
4668.67,-73.330
4669.34,-73.623
4670.01,-71.681
4670.69,-72.420
4671.36,-73.200
4672.03,-72.696
4672.71,-72.912
4673.38,-72.106
4674.05,-71.750
4674.72,-71.824
4675.40,-71.610
4676.07,-72.684
4676.74,-72.608
4677.42,-73.136
4678.09,-72.020
4678.76,-71.173
4679.43,-71.741
4680.11,-72.131
4680.78,-72.318
4681.45,-72.022
4682.13,-73.623
4682.80,-73.659
4683.47,-72.305
4684.14,-70.623
4684.82,-74.094
4685.49,-72.276
4686.16,-72.166
4686.84,-72.731
4687.51,-74.189
4688.18,-74.083
4688.85,-71.912
4689.53,-72.937
4690.20,-72.607
4690.87,-73.847
4691.55,-72.977
4692.22,-74.133
4692.89,-73.278
4693.57,-72.741
4694.24,-72.318
4694.91,-73.844
4695.58,-73.548
4696.26,-72.544
4696.93,-71.748
4697.60,-72.686
4698.28,-71.975
4698.95,-73.146
4699.62,-71.785
4700.29,-72.142
4700.97,-71.634
4701.64,-72.760
4702.31,-73.851
4702.99,-73.421
4703.66,-72.649
4704.33,-73.502
4705.00,-73.458
4705.68,-72.817
4706.35,-71.900
4707.02,-71.099
4707.70,-73.879
4708.37,-73.510
4709.04,-72.281
4709.72,-73.872
4710.39,-74.101
4711.06,-72.209
4711.73,-72.523
4712.41,-72.799
4713.08,-71.840
4713.75,-72.599
4714.43,-72.878
4715.10,-72.037
4715.77,-72.701
4716.44,-71.431
4717.12,-71.031
4717.79,-71.871
4718.46,-72.028
4719.14,-72.939
4719.81,-72.657
4720.48,-72.575
4721.15,-71.936
4721.83,-71.575
4722.50,-72.151
4723.17,-73.135
4723.85,-71.671
4724.52,-72.859
4725.19,-72.146
4725.87,-72.173
4726.54,-72.736
4727.21,-71.434
4727.88,-72.527
4728.56,-72.101
4729.23,-73.171
4729.90,-71.589
4730.58,-72.538
4731.25,-71.186
4731.92,-72.022
4732.59,-72.376
4733.27,-71.556
4733.94,-72.614
4734.61,-72.920
4735.29,-71.966
4735.96,-72.009
4736.63,-73.611
4737.30,-71.534
4737.98,-72.178
4738.65,-71.813
4739.32,-71.554
4740.00,-72.625
4740.67,-71.393
4741.34,-72.020
4742.02,-72.635
4742.69,-71.588
4743.36,-71.851
4744.03,-72.131
4744.71,-71.768
4745.38,-71.648
4746.05,-73.190
4746.73,-72.833
4747.40,-71.038
4748.07,-70.909
4748.74,-71.935
4749.42,-72.452
4750.09,-72.076
4750.76,-72.810
4751.44,-72.129
4752.11,-72.781
4752.78,-72.271
4753.45,-72.169
4754.13,-71.174
4754.80,-71.000
4755.47,-72.035
4756.15,-72.295
4756.82,-71.406
4757.49,-71.102
4758.16,-74.276
4758.84,-73.259
4759.51,-72.987
4760.18,-71.694
4760.86,-70.811
4761.53,-72.826
4762.20,-71.364
4762.88,-72.057
4763.55,-72.451
4764.22,-71.639
4764.89,-72.031
4765.57,-72.023
4766.24,-71.811
4766.91,-72.038
4767.59,-71.991
4768.26,-72.576
4768.93,-72.948
4769.60,-71.663
4770.28,-70.274
4770.95,-70.340
4771.62,-71.632
4772.30,-71.376
4772.97,-71.344
4773.64,-71.576
4774.31,-72.197
4774.99,-71.174
4775.66,-73.241
4776.33,-72.133
4777.01,-72.378
4777.68,-71.621
4778.35,-69.904
4779.03,-71.260
4779.70,-71.000
4780.37,-72.305
4781.04,-71.089
4781.72,-72.128
4782.39,-69.997
4783.06,-69.905
4783.74,-70.275
4784.41,-70.059
4785.08,-70.908
4785.75,-71.114
4786.43,-72.506
4787.10,-71.221
4787.77,-72.306
4788.45,-71.619
4789.12,-71.204
4789.79,-70.759
4790.46,-70.522
4791.14,-70.611
4791.81,-69.941
4792.48,-71.773
4793.16,-70.887
4793.83,-72.287
4794.50,-71.157
4795.18,-71.328
4795.85,-71.493
4796.52,-69.483
4797.19,-71.276
4797.87,-71.012
4798.54,-69.257
4799.21,-69.564
4799.89,-70.989
4800.56,-70.280
4801.23,-70.946
4801.90,-70.523
4802.58,-70.148
4803.25,-70.580
4803.92,-70.279
4804.60,-70.237
4805.27,-70.995
4805.94,-70.049
4806.61,-70.224
4807.29,-70.340
4807.96,-70.887
4808.63,-70.645
4809.31,-70.319
4809.98,-71.128
4810.65,-70.682
4811.33,-71.839
4812.00,-70.081
4812.67,-70.278
4813.34,-69.307
4814.02,-70.265
4814.69,-69.458
4815.36,-69.572
4816.04,-68.544
4816.71,-68.091
4817.38,-68.630
4818.05,-69.083
4818.73,-69.536
4819.40,-71.004
4820.07,-71.025
4820.75,-69.971
4821.42,-70.837
4822.09,-69.859
4822.76,-70.526
4823.44,-69.873
4824.11,-69.589
4824.78,-69.904
4825.46,-67.939
4826.13,-70.310
4826.80,-68.753
4827.47,-69.368
4828.15,-69.410
4828.82,-68.961
4829.49,-69.403
4830.17,-69.804
4830.84,-70.114
4831.51,-68.657
4832.19,-69.613
4832.86,-68.482
4833.53,-69.199
4834.20,-69.229
4834.88,-70.985
4835.55,-69.248
4836.22,-67.954
4836.90,-70.206
4837.57,-68.763
4838.24,-70.848
4838.91,-69.454
4839.59,-69.537
4840.26,-69.106
4840.93,-69.023
4841.61,-68.505
4842.28,-68.880
4842.95,-68.837
4843.62,-68.427
4844.30,-68.610
4844.97,-69.152
4845.64,-68.876
4846.32,-69.297
4846.99,-67.968
4847.66,-69.154
4848.34,-68.646
4849.01,-68.253
4849.68,-68.530
4850.35,-67.732
4851.03,-68.965
4851.70,-69.709
4852.37,-67.953
4853.05,-67.555
4853.72,-67.681
4854.39,-68.293
4855.06,-68.618
4855.74,-65.585
4856.41,-68.227
4857.08,-67.349
4857.76,-67.590
4858.43,-67.210
4859.10,-69.426
4859.77,-67.625
4860.45,-67.172
4861.12,-67.847
4861.79,-67.418
4862.47,-67.677
4863.14,-68.390
4863.81,-68.037
4864.49,-67.643
4865.16,-67.983
4865.83,-67.835
4866.50,-68.666
4867.18,-67.204
4867.85,-66.411
4868.52,-67.636
4869.20,-67.310
4869.87,-67.225
4870.54,-66.740
4871.21,-68.262
4871.89,-67.272
4872.56,-67.236
4873.23,-66.504
4873.91,-66.331
4874.58,-66.456
4875.25,-67.700
4875.92,-67.949
4876.60,-67.093
4877.27,-67.938
4877.94,-68.370
4878.62,-66.959
4879.29,-66.274
4879.96,-67.435
4880.64,-66.458
4881.31,-67.591
4881.98,-66.303
4882.65,-66.037
4883.33,-66.254
4884.00,-66.103
4884.67,-66.745
4885.35,-65.319
4886.02,-65.683
4886.69,-66.045
4887.36,-66.148
4888.04,-65.923
4888.71,-66.738
4889.38,-65.322
4890.06,-65.608
4890.73,-66.632
4891.40,-66.071
4892.07,-68.321
4892.75,-66.288
4893.42,-64.465
4894.09,-64.606
4894.77,-64.881
4895.44,-65.343
4896.11,-66.781
4896.78,-64.636
4897.46,-65.662
4898.13,-66.331
4898.80,-66.316
4899.48,-64.549
4900.15,-65.558
4900.82,-64.920
4901.50,-64.831
4902.17,-64.305
4902.84,-66.859
4903.51,-65.970
4904.19,-64.149
4904.86,-65.761
4905.53,-65.273
4906.21,-65.664
4906.88,-64.740
4907.55,-63.896
4908.22,-64.601
4908.90,-65.492
4909.57,-64.855
4910.24,-65.058
4910.92,-65.042
4911.59,-64.466
4912.26,-65.279
4912.93,-63.358
4913.61,-64.129
4914.28,-63.967
4914.95,-64.040
4915.63,-64.533
4916.30,-63.986
4916.97,-63.934
4917.65,-63.834
4918.32,-64.622
4918.99,-64.589
4919.66,-64.193
4920.34,-62.699
4921.01,-63.256
4921.68,-63.230
4922.36,-64.061
4923.03,-63.211
4923.70,-64.183
4924.37,-63.895
4925.05,-64.890
4925.72,-62.656
4926.39,-63.436
4927.07,-63.691
4927.74,-64.097
4928.41,-62.770
4929.08,-62.024
4929.76,-63.868
4930.43,-63.653
4931.10,-62.015
4931.78,-62.217
4932.45,-62.319
4933.12,-62.590
4933.80,-61.874
4934.47,-61.627
4935.14,-61.820
4935.81,-62.515
4936.49,-62.232
4937.16,-61.191
4937.83,-61.634
4938.51,-61.020
4939.18,-62.377
4939.85,-62.097
4940.52,-61.885
4941.20,-62.650
4941.87,-60.899
4942.54,-61.300
4943.22,-61.176
4943.89,-61.514
4944.56,-61.119
4945.23,-61.588
4945.91,-61.510
4946.58,-61.055
4947.25,-60.786
4947.93,-60.799
4948.60,-60.364
4949.27,-61.576
4949.95,-60.626
4950.62,-61.319
4951.29,-60.560
4951.96,-60.828
4952.64,-59.866
4953.31,-60.700
4953.98,-61.515
4954.66,-61.632
4955.33,-61.280
4956.00,-61.189
4956.67,-60.417
4957.35,-60.002
4958.02,-58.553
4958.69,-58.988
4959.37,-60.325
4960.04,-59.579
4960.71,-60.262
4961.38,-59.371
4962.06,-58.936
4962.73,-59.686
4963.40,-58.411
4964.08,-57.588
4964.75,-59.780
4965.42,-57.927
4966.09,-58.207
4966.77,-59.430
4967.44,-59.048
4968.11,-60.389
4968.79,-59.846
4969.46,-57.864
4970.13,-57.464
4970.81,-58.663
4971.48,-58.801
4972.15,-58.008
4972.82,-56.695
4973.50,-57.078
4974.17,-58.097
4974.84,-57.594
4975.52,-58.548
4976.19,-56.916
4976.86,-56.673
4977.53,-57.276
4978.21,-58.263
4978.88,-57.391
4979.55,-56.668
4980.23,-58.506
4980.90,-57.810
4981.57,-56.266
4982.24,-57.839
4982.92,-56.887
4983.59,-57.198
4984.26,-56.878
4984.94,-58.406
4985.61,-57.129
4986.28,-56.601
4986.96,-58.531
4987.63,-55.872
4988.30,-55.588
4988.97,-54.918
4989.65,-56.732
4990.32,-58.178
4990.99,-56.425
4991.67,-55.392
4992.34,-56.927
4993.01,-57.014
4993.68,-55.043
4994.36,-54.749
4995.03,-56.266
4995.70,-56.871
4996.38,-57.393
4997.05,-55.580
4997.72,-54.915
4998.39,-57.667
4999.07,-56.230
4999.74,-56.477
5000.41,-55.743
5001.09,-55.619
5001.76,-55.986
5002.43,-55.071
5003.11,-54.089
5003.78,-54.827
5004.45,-54.647
5005.12,-55.041
5005.80,-54.885
5006.47,-55.665
5007.14,-54.752
5007.82,-55.101
5008.49,-55.597
5009.16,-55.734
5009.83,-56.334
5010.51,-55.069
5011.18,-54.335
5011.85,-55.004
5012.53,-57.589
5013.20,-55.492
5013.87,-54.788
5014.54,-55.601
5015.22,-56.613
5015.89,-55.219
5016.56,-55.164
5017.24,-55.442
5017.91,-55.871
5018.58,-56.046
5019.26,-55.966
5019.93,-55.180
5020.60,-54.835
5021.27,-56.352
5021.95,-55.935
5022.62,-54.792
5023.29,-56.048
5023.97,-57.760
5024.64,-56.567
5025.31,-57.063
5025.98,-57.116
5026.66,-56.148
5027.33,-57.829
5028.00,-57.496
5028.68,-57.249
5029.35,-56.200
5030.02,-57.391
5030.69,-56.773
5031.37,-55.931
5032.04,-56.633
5032.71,-58.342
5033.39,-58.039
5034.06,-56.297
5034.73,-57.193
5035.40,-57.573
5036.08,-55.671
5036.75,-55.554
5037.42,-55.335
5038.10,-57.273
5038.77,-56.682
5039.44,-57.035
5040.12,-57.857
5040.79,-57.890
5041.46,-57.965
5042.13,-58.314
5042.81,-58.237
5043.48,-59.146
5044.15,-59.349
5044.83,-57.698
5045.50,-57.925
5046.17,-57.859
5046.84,-58.718
5047.52,-57.844
5048.19,-59.807
5048.86,-58.579
5049.54,-58.619
5050.21,-58.237
5050.88,-57.682
5051.55,-58.620
5052.23,-59.230
5052.90,-59.498
5053.57,-59.626
5054.25,-59.758
5054.92,-60.626
5055.59,-60.636
5056.27,-59.430
5056.94,-59.973
5057.61,-58.620
5058.28,-60.233
5058.96,-59.119
5059.63,-60.331
5060.30,-58.585
5060.98,-60.309
5061.65,-60.072
5062.32,-60.756
5062.99,-60.858
5063.67,-61.129
5064.34,-62.960
5065.01,-61.908
5065.69,-61.946
5066.36,-59.962
5067.03,-59.969
5067.70,-59.119
5068.38,-60.180
5069.05,-60.002
5069.72,-61.637
5070.40,-60.412
5071.07,-61.646
5071.74,-60.134
5072.42,-60.024
5073.09,-61.823
5073.76,-60.949
5074.43,-62.691
5075.11,-61.084
5075.78,-61.479
5076.45,-61.543
5077.13,-60.802
5077.80,-60.726
5078.47,-61.346
5079.14,-62.926
5079.82,-61.298
5080.49,-62.412
5081.16,-61.127
5081.84,-62.186
5082.51,-61.625
5083.18,-61.687
5083.85,-62.083
5084.53,-61.426
5085.20,-63.595
5085.87,-61.744
5086.55,-62.882
5087.22,-62.528
5087.89,-62.202
5088.57,-62.452
5089.24,-62.232
5089.91,-61.737
5090.58,-63.524
5091.26,-62.314
5091.93,-63.319
5092.60,-64.861
5093.28,-62.952
5093.95,-63.102
5094.62,-63.157
5095.29,-63.313
5095.97,-63.559
5096.64,-62.957
5097.31,-64.374
5097.99,-62.593
5098.66,-63.330
5099.33,-62.052
5100.00,-64.146
5100.68,-63.027
5101.35,-63.697
5102.02,-62.275
5102.70,-63.718
5103.37,-62.887
5104.04,-63.941
5104.71,-62.688
5105.39,-64.448
5106.06,-64.062
5106.73,-64.235
5107.41,-63.666
5108.08,-63.077
5108.75,-64.634
5109.43,-64.620
5110.10,-63.892
5110.77,-63.576
5111.44,-63.502
5112.12,-64.422
5112.79,-64.463
5113.46,-65.360
5114.14,-64.206
5114.81,-64.757
5115.48,-65.053
5116.15,-63.871
5116.83,-63.896
5117.50,-63.994
5118.17,-63.887
5118.85,-64.233
5119.52,-66.096
5120.19,-64.362
5120.86,-64.477
5121.54,-65.710
5122.21,-64.214
5122.88,-66.835
5123.56,-65.363
5124.23,-64.029
5124.90,-66.153
5125.58,-65.687
5126.25,-63.844
5126.92,-65.606
5127.59,-65.001
5128.27,-65.046
5128.94,-64.010
5129.61,-64.804
5130.29,-64.683
5130.96,-63.857
5131.63,-64.369
5132.30,-64.609
5132.98,-65.030
5133.65,-65.292
5134.32,-64.599
5135.00,-64.922
5135.67,-66.231
5136.34,-64.255
5137.01,-65.148
5137.69,-66.245
5138.36,-63.351
5139.03,-65.518
5139.71,-65.843
5140.38,-65.584
5141.05,-66.058
5141.73,-65.681
5142.40,-65.998
5143.07,-65.895
5143.74,-64.493
5144.42,-65.133
5145.09,-65.085
5145.76,-66.191
5146.44,-64.588
5147.11,-66.502
5147.78,-65.901
5148.45,-65.282
5149.13,-65.601
5149.80,-66.026
5150.47,-67.284
5151.15,-66.060
5151.82,-65.167
5152.49,-65.127
5153.16,-66.998
5153.84,-64.971
5154.51,-65.416
5155.18,-65.609
5155.86,-66.477
5156.53,-66.821
5157.20,-66.992
5157.88,-67.074
5158.55,-65.642
5159.22,-65.160
5159.89,-66.692
5160.57,-66.022
5161.24,-67.292
5161.91,-68.049
5162.59,-66.568
5163.26,-68.850
5163.93,-66.865
5164.60,-67.988
5165.28,-67.631
5165.95,-66.122
5166.62,-66.897
5167.30,-66.463
5167.97,-66.911
5168.64,-68.399
5169.31,-67.363
5169.99,-67.205
5170.66,-67.411
5171.33,-67.538
5172.01,-66.911
5172.68,-65.585
5173.35,-66.598
5174.02,-66.079
5174.70,-67.262
5175.37,-67.015
5176.04,-67.716
5176.72,-66.355
5177.39,-67.080
5178.06,-67.585
5178.74,-66.456
5179.41,-66.378
5180.08,-67.157
5180.75,-65.839
5181.43,-67.831
5182.10,-68.321
5182.77,-66.381
5183.45,-66.669
5184.12,-67.746
5184.79,-68.387
5185.46,-67.485
5186.14,-67.607
5186.81,-67.750
5187.48,-67.349
5188.16,-66.927
5188.83,-66.195
5189.50,-67.331
5190.17,-66.735
5190.85,-67.387
5191.52,-66.989
5192.19,-66.145
5192.87,-66.069
5193.54,-67.631
5194.21,-66.699
5194.89,-67.260
5195.56,-68.541
5196.23,-67.246
5196.90,-68.087
5197.58,-66.550
5198.25,-66.951
5198.92,-66.530
5199.60,-67.585
5200.27,-66.338
5200.94,-66.855
5201.61,-66.657
5202.29,-68.018
5202.96,-66.617
5203.63,-67.242
5204.31,-66.954
5204.98,-66.190
5205.65,-65.826
5206.32,-66.876
5207.00,-67.864
5207.67,-67.168
5208.34,-68.375
5209.02,-69.062
5209.69,-67.598
5210.36,-67.674
5211.04,-66.429
5211.71,-68.208
5212.38,-66.605
5213.05,-67.760
5213.73,-69.059
5214.40,-68.898
5215.07,-68.252
5215.75,-67.784
5216.42,-69.098
5217.09,-67.985
5217.76,-69.911
5218.44,-67.084
5219.11,-67.763
5219.78,-68.080
5220.46,-67.760
5221.13,-67.160
5221.80,-66.906
5222.47,-66.417
5223.15,-68.482
5223.82,-67.146
5224.49,-68.346
5225.17,-68.041
5225.84,-67.069
5226.51,-67.996
5227.19,-67.198
5227.86,-68.512
5228.53,-68.030
5229.20,-67.431
5229.88,-68.851
5230.55,-68.914
5231.22,-69.519
5231.90,-67.733
5232.57,-67.532
5233.24,-68.463
5233.91,-68.747
5234.59,-69.423
5235.26,-68.461
5235.93,-68.493
5236.61,-66.991
5237.28,-67.325
5237.95,-67.324
5238.62,-68.180
5239.30,-68.199
5239.97,-68.824
5240.64,-68.523
5241.32,-67.877
5241.99,-68.274
5242.66,-67.780
5243.33,-68.933
5244.01,-68.033
5244.68,-67.074
5245.35,-66.793
5246.03,-70.622
5246.70,-69.513
5247.37,-68.545
5248.05,-67.836
5248.72,-69.084
5249.39,-68.441
5250.06,-68.784
5250.74,-69.203
5251.41,-66.753
5252.08,-68.061
5252.76,-68.103
5253.43,-68.116
5254.10,-67.086
5254.77,-68.987
5255.45,-68.496
5256.12,-68.708
5256.79,-69.270
5257.47,-67.973
5258.14,-68.265
5258.81,-67.438
5259.48,-67.531
5260.16,-68.769
5260.83,-68.771
5261.50,-68.754
5262.18,-68.923
5262.85,-68.465
5263.52,-67.745
5264.20,-69.004
5264.87,-66.270
5265.54,-68.530
5266.21,-68.186
5266.89,-67.638
5267.56,-69.821
5268.23,-69.727
5268.91,-67.067
5269.58,-67.560
5270.25,-68.280
5270.92,-69.509
5271.60,-67.965
5272.27,-69.069
5272.94,-68.486
5273.62,-69.650
5274.29,-68.874
5274.96,-69.007
5275.63,-69.528
5276.31,-68.873
5276.98,-68.523
5277.65,-68.418
5278.33,-67.444
5279.00,-68.285
5279.67,-68.333
5280.35,-66.980
5281.02,-68.034
5281.69,-70.096
5282.36,-68.837
5283.04,-68.264
5283.71,-68.962
5284.38,-68.442
5285.06,-67.431
5285.73,-67.967
5286.40,-68.242
5287.07,-69.004
5287.75,-69.194
5288.42,-69.488
5289.09,-68.843
5289.77,-68.180
5290.44,-69.248
5291.11,-67.615
5291.78,-69.518
5292.46,-67.401
5293.13,-68.089
5293.80,-67.358
5294.48,-66.916
5295.15,-68.060
5295.82,-68.857
5296.50,-69.151
5297.17,-67.093
5297.84,-68.691
5298.51,-68.435
5299.19,-67.298
5299.86,-68.290
5300.53,-69.200
5301.21,-67.824
5301.88,-67.946
5302.55,-66.767
5303.22,-67.405
5303.90,-68.011
5304.57,-68.220
5305.24,-67.603
5305.92,-68.411
5306.59,-68.779
5307.26,-67.001
5307.93,-68.573
5308.61,-67.341
5309.28,-69.511
5309.95,-68.992
5310.63,-68.399
5311.30,-69.486
5311.97,-68.836
5312.64,-69.293
5313.32,-68.609
5313.99,-67.790
5314.66,-68.583
5315.34,-68.620
5316.01,-67.355
5316.68,-67.871
5317.36,-66.065
5318.03,-67.421
5318.70,-67.536
5319.37,-67.018
5320.05,-68.519
5320.72,-67.523
5321.39,-68.597
5322.07,-68.731
5322.74,-67.318
5323.41,-68.329
5324.08,-67.382
5324.76,-67.935
5325.43,-67.773
5326.10,-68.563
5326.78,-69.208
5327.45,-66.612
5328.12,-68.587
5328.79,-67.019
5329.47,-67.285
5330.14,-68.734
5330.81,-68.419
5331.49,-68.743
5332.16,-68.656
5332.83,-68.699
5333.51,-68.638
5334.18,-67.365
5334.85,-67.697
5335.52,-68.697
5336.20,-66.958
5336.87,-68.040
5337.54,-67.631
5338.22,-67.169
5338.89,-68.611
5339.56,-67.694
5340.23,-67.906
5340.91,-70.447
5341.58,-68.969
5342.25,-67.854
5342.93,-67.383
5343.60,-68.846
5344.27,-67.414
5344.94,-68.064
5345.62,-68.352
5346.29,-67.779
5346.96,-67.399
5347.64,-67.551
5348.31,-67.497
5348.98,-69.748
5349.66,-69.300
5350.33,-67.562
5351.00,-68.063
5351.67,-67.057
5352.35,-67.002
5353.02,-67.781
5353.69,-67.674
5354.37,-69.621
5355.04,-69.076
5355.71,-68.119
5356.38,-66.862
5357.06,-66.530
5357.73,-67.309
5358.40,-67.686
5359.08,-66.557
5359.75,-66.194
5360.42,-66.867
5361.09,-67.844
5361.77,-66.138
5362.44,-67.965
5363.11,-68.322
5363.79,-68.338
5364.46,-67.533
5365.13,-66.732
5365.81,-67.900
5366.48,-66.024
5367.15,-66.070
5367.82,-66.792
5368.50,-68.748
5369.17,-66.671
5369.84,-67.135
5370.52,-68.011
5371.19,-67.424
5371.86,-66.047
5372.53,-66.142
5373.21,-67.919
5373.88,-67.312
5374.55,-68.350
5375.23,-67.512
5375.90,-67.194
5376.57,-66.407
5377.24,-66.368
5377.92,-66.425
5378.59,-67.642
5379.26,-66.744
5379.94,-66.834
5380.61,-66.343
5381.28,-66.472
5381.95,-66.377
5382.63,-66.756
5383.30,-67.621
5383.97,-65.851
5384.65,-69.171
5385.32,-68.255
5385.99,-67.757
5386.67,-66.453
5387.34,-66.310
5388.01,-66.328
5388.68,-68.866
5389.36,-67.762
5390.03,-65.994
5390.70,-67.616
5391.38,-68.188
5392.05,-66.999
5392.72,-68.227
5393.39,-65.702
5394.07,-64.814
5394.74,-66.449
5395.41,-66.094
5396.09,-66.927
5396.76,-67.311
5397.43,-66.690
5398.10,-68.245
5398.78,-67.495
5399.45,-68.533
5400.12,-66.790
5400.80,-66.645
5401.47,-65.850
5402.14,-66.378
5402.82,-68.153
5403.49,-67.050
5404.16,-66.232
5404.83,-65.517
5405.51,-65.714
5406.18,-66.333
5406.85,-65.930
5407.53,-65.833
5408.20,-66.644
5408.87,-67.680
5409.54,-65.922
5410.22,-65.219
5410.89,-66.563
5411.56,-65.662
5412.24,-65.652
5412.91,-66.447
5413.58,-67.324
5414.25,-66.155
5414.93,-67.134
5415.60,-66.692
5416.27,-65.599
5416.95,-67.516
5417.62,-67.276
5418.29,-67.340
5418.97,-66.518
5419.64,-66.457
5420.31,-65.188
5420.98,-66.442
5421.66,-67.075
5422.33,-67.128
5423.00,-66.438
5423.68,-66.944
5424.35,-66.400
5425.02,-65.794
5425.69,-66.736
5426.37,-66.276
5427.04,-65.500
5427.71,-66.184
5428.39,-67.169
5429.06,-65.934
5429.73,-66.120
5430.40,-64.869
5431.08,-66.541
5431.75,-66.136
5432.42,-66.225
5433.10,-65.630
5433.77,-65.444
5434.44,-65.199
5435.12,-64.438
5435.79,-65.368
5436.46,-65.823
5437.13,-65.768
5437.81,-65.958
5438.48,-65.854
5439.15,-65.556
5439.83,-66.343
5440.50,-65.509
5441.17,-66.332
5441.84,-65.592
5442.52,-65.412
5443.19,-65.867
5443.86,-65.368
5444.54,-65.855
5445.21,-65.528
5445.88,-65.620
5446.55,-64.602
5447.23,-64.591
5447.90,-65.623
5448.57,-65.947
5449.25,-64.783
5449.92,-65.006
5450.59,-65.299
5451.26,-63.745
5451.94,-64.910
5452.61,-64.902
5453.28,-65.420
5453.96,-66.040
5454.63,-65.699
5455.30,-63.949
5455.98,-63.343
5456.65,-64.026
5457.32,-64.516
5457.99,-63.835
5458.67,-65.342
5459.34,-64.305
5460.01,-63.234
5460.69,-65.218
5461.36,-65.554
5462.03,-63.795
5462.70,-63.980
5463.38,-64.396
5464.05,-65.167
5464.72,-64.062
5465.40,-65.931
5466.07,-65.512
5466.74,-62.547
5467.41,-64.416
5468.09,-64.103
5468.76,-64.440
5469.43,-65.064
5470.11,-64.734
5470.78,-63.830
5471.45,-63.664
5472.13,-63.725
5472.80,-63.602
5473.47,-62.877
5474.14,-63.331
5474.82,-63.169
5475.49,-64.573
5476.16,-63.185
5476.84,-64.152
5477.51,-63.089
5478.18,-65.986
5478.85,-62.929
5479.53,-62.889
5480.20,-62.787
5480.87,-63.235
5481.55,-63.211
5482.22,-64.015
5482.89,-64.221
5483.56,-62.683
5484.24,-62.851
5484.91,-64.096
5485.58,-63.754
5486.26,-61.726
5486.93,-63.936
5487.60,-62.741
5488.28,-63.001
5488.95,-64.090
5489.62,-64.801
5490.29,-64.221
5490.97,-62.240
5491.64,-62.948
5492.31,-62.185
5492.99,-62.577
5493.66,-62.849
5494.33,-63.251
5495.00,-63.912
5495.68,-63.443
5496.35,-63.661
5497.02,-61.449
5497.70,-62.604
5498.37,-61.802
5499.04,-62.339
5499.71,-63.040
5500.39,-62.541
5501.06,-62.316
5501.73,-63.896
5502.41,-62.588
5503.08,-64.771
5503.75,-63.463
5504.43,-61.493
5505.10,-61.188
5505.77,-62.109
5506.44,-62.400
5507.12,-63.415
5507.79,-62.999
5508.46,-63.154
5509.14,-63.162
5509.81,-64.632
5510.48,-62.356
5511.15,-61.541
5511.83,-60.893
5512.50,-62.571
5513.17,-62.072
5513.85,-62.075
5514.52,-62.649
5515.19,-61.151
5515.86,-61.253
5516.54,-61.635
5517.21,-62.766
5517.88,-61.886
5518.56,-62.534
5519.23,-61.908
5519.90,-61.703
5520.57,-62.782
5521.25,-61.411
5521.92,-59.952
5522.59,-61.449
5523.27,-61.354
5523.94,-61.359
5524.61,-61.911
5525.29,-60.956
5525.96,-60.373
5526.63,-61.945
5527.30,-60.399
5527.98,-60.432
5528.65,-62.188
5529.32,-60.802
5530.00,-60.652
5530.67,-61.769
5531.34,-60.346
5532.01,-61.162
5532.69,-60.854
5533.36,-59.831
5534.03,-61.682
5534.71,-60.339
5535.38,-61.412
5536.05,-59.973
5536.72,-59.550
5537.40,-60.197
5538.07,-58.753
5538.74,-60.717
5539.42,-60.607
5540.09,-61.212
5540.76,-60.917
5541.44,-61.848
5542.11,-59.943
5542.78,-60.750
5543.45,-60.320
5544.13,-60.770
5544.80,-59.472
5545.47,-61.218
5546.15,-61.288
5546.82,-61.670
5547.49,-60.189
5548.16,-59.315
5548.84,-59.394
5549.51,-60.453
5550.18,-59.731
5550.86,-60.657
5551.53,-60.386
5552.20,-60.348
5552.87,-60.248
5553.55,-60.272
5554.22,-59.518
5554.89,-60.541
5555.57,-61.098
5556.24,-60.716
5556.91,-60.830
5557.59,-59.590
5558.26,-58.000
5558.93,-59.036
5559.60,-60.437
5560.28,-59.868
5560.95,-58.741
5561.62,-60.411
5562.30,-60.020
5562.97,-60.690
5563.64,-60.785
5564.31,-58.517
5564.99,-62.011
5565.66,-59.815
5566.33,-59.468
5567.01,-57.896
5567.68,-59.089
5568.35,-58.827
5569.02,-59.789
5569.70,-57.970
5570.37,-58.750
5571.04,-59.386
5571.72,-59.367
5572.39,-59.558
5573.06,-60.380
5573.74,-61.126
5574.41,-58.724
5575.08,-60.125
5575.75,-60.325
5576.43,-60.968
5577.10,-59.972
5577.77,-59.445
5578.45,-59.049
5579.12,-58.869
5579.79,-59.251
5580.46,-60.580
5581.14,-59.484
5581.81,-60.410
5582.48,-59.027
5583.16,-59.543
5583.83,-60.669
5584.50,-58.709
5585.17,-58.411
5585.85,-57.321
5586.52,-58.711
5587.19,-59.235
5587.87,-59.459
5588.54,-58.310
5589.21,-58.615
5589.88,-57.914
5590.56,-59.789
5591.23,-58.920
5591.90,-58.399
5592.58,-59.303
5593.25,-59.449
5593.92,-58.536
5594.60,-58.056
5595.27,-57.769
5595.94,-58.804
5596.61,-60.050
5597.29,-58.931
5597.96,-58.237
5598.63,-60.857
5599.31,-59.026
5599.98,-59.725
5600.65,-59.062
5601.32,-58.933
5602.00,-58.356
5602.67,-59.253
5603.34,-58.818
5604.02,-58.066
5604.69,-59.518
5605.36,-58.554
5606.03,-59.084
5606.71,-58.963
5607.38,-60.106
5608.05,-59.221
5608.73,-58.996
5609.40,-60.269
5610.07,-59.339
5610.75,-58.526
5611.42,-57.966
5612.09,-59.984
5612.76,-58.184
5613.44,-60.294
5614.11,-59.003
5614.78,-58.512
5615.46,-57.159
5616.13,-60.142
5616.80,-58.835
5617.47,-58.110
5618.15,-59.183
5618.82,-56.999
5619.49,-57.883
5620.17,-58.817
5620.84,-58.503
5621.51,-59.382
5622.18,-59.077
5622.86,-58.463
5623.53,-58.530
5624.20,-58.204
5624.88,-57.742
5625.55,-59.358
5626.22,-59.610
5626.90,-58.890
5627.57,-57.142
5628.24,-58.582
5628.91,-56.922
5629.59,-56.962
5630.26,-58.578
5630.93,-58.392
5631.61,-58.416
5632.28,-59.438
5632.95,-59.041
5633.62,-60.199
5634.30,-60.566
5634.97,-59.961
5635.64,-58.392
5636.32,-58.007
5636.99,-59.538
5637.66,-59.129
5638.33,-59.097
5639.01,-60.063
5639.68,-58.947
5640.35,-59.488
5641.03,-59.316
5641.70,-59.195
5642.37,-60.207
5643.05,-58.517
5643.72,-59.702
5644.39,-59.177
5645.06,-59.619
5645.74,-58.915
5646.41,-59.289
5647.08,-58.744
5647.76,-59.895
5648.43,-59.695
5649.10,-59.756
5649.77,-59.732
5650.45,-57.645
5651.12,-58.905
5651.79,-59.746
5652.47,-59.266
5653.14,-59.672
5653.81,-58.474
5654.48,-58.958
5655.16,-59.226
5655.83,-59.158
5656.50,-57.983
5657.18,-59.087
5657.85,-59.973
5658.52,-58.224
5659.19,-59.476
5659.87,-59.141
5660.54,-57.920
5661.21,-59.315
5661.89,-58.040
5662.56,-59.695
5663.23,-60.146
5663.91,-59.893
5664.58,-58.143
5665.25,-59.527
5665.92,-58.189
5666.60,-58.997
5667.27,-60.675
5667.94,-58.074
5668.62,-60.733
5669.29,-60.476
5669.96,-59.590
5670.63,-60.523
5671.31,-60.794
5671.98,-59.230
5672.65,-60.179
5673.33,-58.924
5674.00,-60.622
5674.67,-59.460
5675.34,-59.450
5676.02,-59.085
5676.69,-58.706
5677.36,-61.034
5678.04,-59.891
5678.71,-59.859
5679.38,-60.346
5680.06,-61.110
5680.73,-61.971
5681.40,-58.792
5682.07,-61.107
5682.75,-60.341
5683.42,-60.972
5684.09,-60.167
5684.77,-59.829
5685.44,-59.380
5686.11,-61.063
5686.78,-59.162
5687.46,-59.584
5688.13,-59.580
5688.80,-59.733
5689.48,-60.063
5690.15,-59.853
5690.82,-58.180
5691.49,-59.472
5692.17,-61.256
5692.84,-60.518
5693.51,-59.090
5694.19,-60.151
5694.86,-60.040
5695.53,-59.563
5696.21,-61.101
5696.88,-59.922
5697.55,-59.592
5698.22,-59.469
5698.90,-60.473
5699.57,-59.025
5700.24,-60.599
5700.92,-61.277
5701.59,-59.888
5702.26,-58.622
5702.93,-61.186
5703.61,-60.809
5704.28,-59.544
5704.95,-59.753
5705.63,-58.478
5706.30,-60.324
5706.97,-59.348
5707.64,-60.485
5708.32,-61.755
5708.99,-59.927
5709.66,-59.856
5710.34,-58.919
5711.01,-60.425
5711.68,-60.025
5712.36,-60.603
5713.03,-59.319
5713.70,-59.740
5714.37,-60.066
5715.05,-61.143
5715.72,-59.318
5716.39,-59.916
5717.07,-60.180
5717.74,-59.682
5718.41,-60.208
5719.08,-60.086
5719.76,-61.436
5720.43,-60.471
5721.10,-61.173
5721.78,-58.871
5722.45,-60.499
5723.12,-60.204
5723.79,-60.502
5724.47,-59.504
5725.14,-60.184
5725.81,-59.641
5726.49,-59.122
5727.16,-61.264
5727.83,-60.960
5728.50,-61.275
5729.18,-59.919
5729.85,-61.250
5730.52,-60.557
5731.20,-61.810
5731.87,-60.953
5732.54,-59.148
5733.22,-60.314
5733.89,-61.380
5734.56,-60.310
5735.23,-61.147
5735.91,-60.812
5736.58,-60.424
5737.25,-59.611
5737.93,-60.339
5738.60,-61.302
5739.27,-60.470
5739.94,-62.096
5740.62,-60.942
5741.29,-61.835
5741.96,-61.592
5742.64,-59.122
5743.31,-60.553
5743.98,-60.223
5744.65,-59.213
5745.33,-60.396
5746.00,-60.309
5746.67,-61.253
5747.35,-61.927
5748.02,-60.333
5748.69,-61.032
5749.37,-61.059
5750.04,-60.774
5750.71,-60.965
5751.38,-59.805
5752.06,-60.887
5752.73,-60.214
5753.40,-60.158
5754.08,-60.976
5754.75,-60.744
5755.42,-59.979
5756.09,-60.878
5756.77,-58.742
5757.44,-59.684
5758.11,-60.075
5758.79,-61.056
5759.46,-62.005
5760.13,-60.572
5760.80,-60.894
5761.48,-59.855
5762.15,-59.762
5762.82,-60.724
5763.50,-61.814
5764.17,-60.246
5764.84,-60.761
5765.52,-61.490
5766.19,-61.208
5766.86,-60.399
5767.53,-61.467
5768.21,-61.805
5768.88,-61.522
5769.55,-62.115
5770.23,-60.118
5770.90,-60.765
5771.57,-60.849
5772.24,-60.213
5772.92,-61.343
5773.59,-61.900
5774.26,-60.449
5774.94,-59.375
5775.61,-60.611
5776.28,-60.734
5776.95,-60.110
5777.63,-60.563
5778.30,-60.955
5778.97,-60.729
5779.65,-58.772
5780.32,-60.771
5780.99,-60.953
5781.67,-59.896
5782.34,-60.102
5783.01,-60.764
5783.68,-60.649
5784.36,-61.220
5785.03,-59.614
5785.70,-60.870
5786.38,-61.939
5787.05,-60.349
5787.72,-59.990
5788.39,-60.303
5789.07,-60.321
5789.74,-61.026
5790.41,-60.882
5791.09,-59.275
5791.76,-60.560
5792.43,-60.111
5793.10,-61.076
5793.78,-59.135
5794.45,-60.686
5795.12,-60.342
5795.80,-58.586
5796.47,-59.875
5797.14,-60.242
5797.81,-59.681
5798.49,-60.743
5799.16,-61.625
5799.83,-60.064
5800.51,-60.481
5801.18,-60.183
5801.85,-61.050
5802.53,-59.097
5803.20,-60.006
5803.87,-58.446
5804.54,-60.783
5805.22,-60.154
5805.89,-59.624
5806.56,-60.113
5807.24,-61.074
5807.91,-61.357
5808.58,-59.547
5809.25,-61.331
5809.93,-60.440
5810.60,-59.987
5811.27,-59.880
5811.95,-60.860
5812.62,-60.525
5813.29,-59.059
5813.96,-60.061
5814.64,-59.602
5815.31,-60.998
5815.98,-60.108
5816.66,-59.853
5817.33,-59.774
5818.00,-59.628
5818.68,-58.989
5819.35,-60.617
5820.02,-60.089
5820.69,-61.323
5821.37,-60.410
5822.04,-61.668
5822.71,-59.206
5823.39,-61.598
5824.06,-60.077
5824.73,-60.788
5825.40,-60.023
5826.08,-59.977
5826.75,-62.095
5827.42,-59.820
5828.10,-59.287
5828.77,-58.460
5829.44,-60.258
5830.11,-60.454
5830.79,-60.591
5831.46,-59.199
5832.13,-59.073
5832.81,-60.125
5833.48,-58.765
5834.15,-59.285
5834.83,-58.469
5835.50,-58.774
5836.17,-60.733
5836.84,-60.785
5837.52,-59.639
5838.19,-58.589
5838.86,-60.477
5839.54,-59.865
5840.21,-59.223
5840.88,-59.767
5841.55,-60.531
5842.23,-60.148
5842.90,-60.998
5843.57,-60.760
5844.25,-59.587
5844.92,-60.572
5845.59,-59.235
5846.26,-59.251
5846.94,-59.378
5847.61,-59.281
5848.28,-58.489
5848.96,-59.728
5849.63,-60.666
5850.30,-59.309
5850.98,-60.267
5851.65,-59.189
5852.32,-60.029
5852.99,-59.076
5853.67,-59.020
5854.34,-59.333
5855.01,-59.477
5855.69,-58.576
5856.36,-57.899
5857.03,-60.436
5857.70,-59.360
5858.38,-59.131
5859.05,-58.685
5859.72,-59.125
5860.40,-59.503
5861.07,-59.601
5861.74,-60.143
5862.41,-58.800
5863.09,-60.042
5863.76,-59.184
5864.43,-58.854
5865.11,-60.949
5865.78,-60.785
5866.45,-58.774
5867.12,-59.650
5867.80,-59.860
5868.47,-59.948
5869.14,-59.962
5869.82,-60.569
5870.49,-59.755
5871.16,-60.461
5871.84,-59.225
5872.51,-58.222
5873.18,-58.000
5873.85,-59.066
5874.53,-59.012
5875.20,-58.667
5875.87,-59.219
5876.55,-59.222
5877.22,-58.686
5877.89,-58.430
5878.56,-59.928
5879.24,-59.310
5879.91,-58.278
5880.58,-59.823
5881.26,-59.130
5881.93,-57.552
5882.60,-59.000
5883.27,-60.001
5883.95,-59.006
5884.62,-59.880
5885.29,-59.156
5885.97,-60.452
5886.64,-60.367
5887.31,-59.336
5887.99,-59.166
5888.66,-60.760
5889.33,-59.586
5890.00,-58.791
5890.68,-59.735
5891.35,-59.025
5892.02,-59.423
5892.70,-59.630
5893.37,-57.823
5894.04,-58.615
5894.71,-58.028
5895.39,-57.953
5896.06,-59.790
5896.73,-61.431
5897.41,-57.663
5898.08,-59.885
5898.75,-60.614
5899.42,-59.772
5900.10,-59.146
5900.77,-60.285
5901.44,-58.342
5902.12,-58.749
5902.79,-58.024
5903.46,-59.486
5904.14,-58.965
5904.81,-58.916
5905.48,-59.676
5906.15,-59.003
5906.83,-58.672
5907.50,-59.555
5908.17,-60.726
5908.85,-59.879
5909.52,-60.558
5910.19,-59.716
5910.86,-58.518
5911.54,-59.135
5912.21,-58.724
5912.88,-59.355
5913.56,-59.006
5914.23,-59.748
5914.90,-59.665
5915.57,-58.704
5916.25,-59.276
5916.92,-58.063
5917.59,-59.758
5918.27,-57.710
5918.94,-58.126
5919.61,-59.046
5920.29,-60.198
5920.96,-60.088
5921.63,-59.030
5922.30,-59.402
5922.98,-57.780
5923.65,-60.028
5924.32,-58.534
5925.00,-59.078
5925.67,-59.208
5926.34,-59.386
5927.01,-59.969
5927.69,-57.925
5928.36,-59.192
5929.03,-60.394
5929.71,-60.622
5930.38,-59.814
5931.05,-59.908
5931.72,-59.322
5932.40,-59.113
5933.07,-60.159
5933.74,-58.947
5934.42,-58.591
5935.09,-58.221
5935.76,-58.604
5936.43,-59.413
5937.11,-59.504
5937.78,-59.869
5938.45,-59.553
5939.13,-59.508
5939.80,-59.413
5940.47,-60.171
5941.15,-59.633
5941.82,-60.311
5942.49,-58.619
5943.16,-58.629
5943.84,-60.922
5944.51,-59.923
5945.18,-59.874
5945.86,-60.799
5946.53,-61.167
5947.20,-59.310
5947.87,-59.202
5948.55,-58.959
5949.22,-60.178
5949.89,-60.294
5950.57,-61.145
5951.24,-59.631
5951.91,-59.571
5952.58,-61.220
5953.26,-61.009
5953.93,-59.670
5954.60,-60.077
5955.28,-61.359
5955.95,-60.735
5956.62,-60.807
5957.30,-61.208
5957.97,-60.708
5958.64,-61.377
5959.31,-61.260
5959.99,-60.265
5960.66,-59.848
5961.33,-62.012
5962.01,-59.642
5962.68,-61.026
5963.35,-59.460
5964.02,-60.761
5964.70,-60.877
5965.37,-60.609
5966.04,-60.594
5966.72,-62.805
5967.39,-60.711
5968.06,-61.354
5968.73,-61.999
5969.41,-61.550
5970.08,-60.822
5970.75,-61.746
5971.43,-61.514
5972.10,-61.836
5972.77,-60.225
5973.45,-59.902
5974.12,-62.351
5974.79,-61.839
5975.46,-61.731
5976.14,-61.266
5976.81,-62.295
5977.48,-62.543
5978.16,-61.285
5978.83,-60.894
5979.50,-62.445
5980.17,-62.344
5980.85,-60.891
5981.52,-61.001
5982.19,-60.457
5982.87,-62.320
5983.54,-60.835
5984.21,-60.401
5984.88,-61.058
5985.56,-61.322
5986.23,-62.322
5986.90,-62.996
5987.58,-61.456
5988.25,-62.456
5988.92,-63.679
5989.60,-61.862
5990.27,-64.124
5990.94,-63.363
5991.61,-60.758
5992.29,-62.434
5992.96,-61.938
5993.63,-62.784
5994.31,-61.424
5994.98,-62.023
5995.65,-62.182
5996.32,-63.091
5997.00,-63.256
5997.67,-62.159
5998.34,-62.235
5999.02,-62.926
5999.69,-62.525
6000.36,-61.898
6001.03,-62.571
6001.71,-63.302
6002.38,-62.839
6003.05,-64.542
6003.73,-62.423
6004.40,-62.909
6005.07,-63.617
6005.74,-61.296
6006.42,-62.975
6007.09,-63.157
6007.76,-63.280
6008.44,-64.102
6009.11,-63.466
6009.78,-63.226
6010.46,-64.237
6011.13,-66.104
6011.80,-64.461
6012.47,-62.438
6013.15,-64.215
6013.82,-63.327
6014.49,-63.704
6015.17,-63.182
6015.84,-65.229
6016.51,-63.912
6017.18,-62.872
6017.86,-64.061
6018.53,-64.031
6019.20,-63.520
6019.88,-64.745
6020.55,-64.561
6021.22,-64.525
6021.89,-62.867
6022.57,-63.673
6023.24,-63.446
6023.91,-64.275
6024.59,-64.907
6025.26,-63.346
6025.93,-64.783
6026.61,-64.322
6027.28,-63.706
6027.95,-64.853
6028.62,-64.009
6029.30,-63.960
6029.97,-64.168
6030.64,-65.310
6031.32,-64.764
6031.99,-64.871
6032.66,-64.269
6033.33,-65.238
6034.01,-64.944
6034.68,-64.116
6035.35,-64.319
6036.03,-65.244
6036.70,-64.138
6037.37,-64.927
6038.04,-64.807
6038.72,-65.648
6039.39,-64.620
6040.06,-65.540
6040.74,-64.960
6041.41,-65.323
6042.08,-64.103
6042.76,-65.204
6043.43,-64.827
6044.10,-64.914
6044.77,-65.077
6045.45,-65.496
6046.12,-64.780
6046.79,-65.572
6047.47,-66.519
6048.14,-65.935
6048.81,-66.018
6049.48,-65.775
6050.16,-66.030
6050.83,-65.553
6051.50,-65.613
6052.18,-64.134
6052.85,-65.285
6053.52,-64.976
6054.19,-66.151
6054.87,-65.716
6055.54,-65.868
6056.21,-64.605
6056.89,-64.207
6057.56,-64.983
6058.23,-64.892
6058.91,-64.785
6059.58,-64.769
6060.25,-66.615
6060.92,-66.604
6061.60,-66.861
6062.27,-67.269
6062.94,-65.489
6063.62,-66.437
6064.29,-65.227
6064.96,-66.624
6065.63,-66.889
6066.31,-66.779
6066.98,-65.973
6067.65,-65.817
6068.33,-65.362
6069.00,-65.330
6069.67,-66.245
6070.34,-66.018
6071.02,-66.792
6071.69,-67.234
6072.36,-66.813
6073.04,-65.580
6073.71,-66.925
6074.38,-65.996
6075.05,-68.672
6075.73,-66.862
6076.40,-66.936
6077.07,-66.433
6077.75,-66.800
6078.42,-65.303
6079.09,-66.994
6079.77,-67.598
6080.44,-67.288
6081.11,-66.461
6081.78,-65.489
6082.46,-67.312
6083.13,-68.310
6083.80,-67.951
6084.48,-68.364
6085.15,-66.981
6085.82,-67.031
6086.49,-67.212
6087.17,-68.293
6087.84,-66.136
6088.51,-67.180
6089.19,-67.817
6089.86,-67.992
6090.53,-67.627
6091.20,-68.179
6091.88,-64.235
6092.55,-67.176
6093.22,-67.639
6093.90,-67.171
6094.57,-68.060
6095.24,-67.283
6095.92,-66.607
6096.59,-66.292
6097.26,-68.010
6097.93,-66.927
6098.61,-67.607
6099.28,-67.087
6099.95,-67.367
6100.63,-67.153
6101.30,-68.696
6101.97,-67.211
6102.64,-66.556
6103.32,-67.827
6103.99,-67.016
6104.66,-68.354
6105.34,-69.177
6106.01,-67.145
6106.68,-67.816
6107.35,-67.900
6108.03,-69.384
6108.70,-68.349
6109.37,-68.569
6110.05,-68.309
6110.72,-67.799
6111.39,-69.307
6112.07,-68.528
6112.74,-67.710
6113.41,-68.689
6114.08,-67.215
6114.76,-69.420
6115.43,-67.715
6116.10,-69.356
6116.78,-68.487
6117.45,-68.260
6118.12,-66.678
6118.79,-67.651
6119.47,-67.153
6120.14,-68.469
6120.81,-68.240
6121.49,-67.553
6122.16,-68.848
6122.83,-69.628
6123.50,-68.217
6124.18,-68.293
6124.85,-68.509
6125.52,-69.106
6126.20,-68.833
6126.87,-68.035
6127.54,-69.449
6128.22,-69.250
6128.89,-67.478
6129.56,-68.742
6130.23,-69.115
6130.91,-68.124
6131.58,-67.797
6132.25,-68.377
6132.93,-69.591
6133.60,-68.515
6134.27,-68.827
6134.94,-69.430
6135.62,-69.362
6136.29,-69.663
6136.96,-70.666
6137.64,-68.478
6138.31,-68.791
6138.98,-68.954
6139.65,-69.537
6140.33,-67.976
6141.00,-69.312
6141.67,-68.593
6142.35,-69.262
6143.02,-68.814
6143.69,-70.170
6144.36,-68.493
6145.04,-67.364
6145.71,-68.508
6146.38,-69.737
6147.06,-68.648
6147.73,-70.667
6148.40,-69.318
6149.08,-70.255
6149.75,-69.017
6150.42,-70.320
6151.09,-69.434
6151.77,-69.832
6152.44,-70.563
6153.11,-70.388
6153.79,-69.926
6154.46,-67.647
6155.13,-67.941
6155.80,-70.366
6156.48,-70.936
6157.15,-70.058
6157.82,-70.511
6158.50,-68.852
6159.17,-69.453
6159.84,-68.903
6160.51,-69.137
6161.19,-68.794
6161.86,-69.046
6162.53,-70.099
6163.21,-69.923
6163.88,-68.858
6164.55,-69.697
6165.23,-68.437
6165.90,-68.557
6166.57,-68.940
6167.24,-68.894
6167.92,-70.134
6168.59,-70.184
6169.26,-70.585
6169.94,-70.507
6170.61,-70.219
6171.28,-71.651
6171.95,-69.609
6172.63,-69.559
6173.30,-70.959
6173.97,-70.576
6174.65,-71.813
6175.32,-70.294
6175.99,-71.321
6176.66,-71.013
6177.34,-70.953
6178.01,-70.318
6178.68,-69.805
6179.36,-69.642
6180.03,-69.108
6180.70,-70.331
6181.38,-71.260
6182.05,-70.468
6182.72,-70.823
6183.39,-70.467
6184.07,-69.523
6184.74,-70.180
6185.41,-70.616
6186.09,-69.856
6186.76,-69.284
6187.43,-69.825
6188.10,-69.792
6188.78,-70.453
6189.45,-69.508
6190.12,-69.820
6190.80,-71.167
6191.47,-69.752
6192.14,-69.919
6192.81,-70.315
6193.49,-69.492
6194.16,-70.508
6194.83,-69.559
6195.51,-70.409
6196.18,-70.080
6196.85,-70.156
6197.53,-70.560
6198.20,-71.779
6198.87,-70.656
6199.54,-71.034
6200.22,-70.027
6200.89,-70.832
6201.56,-69.888
6202.24,-69.476
6202.91,-69.110
6203.58,-68.949
6204.25,-69.442
6204.93,-70.537
6205.60,-71.068
6206.27,-71.215
6206.95,-70.661
6207.62,-71.710
6208.29,-68.810
6208.96,-70.185
6209.64,-70.566
6210.31,-70.330
6210.98,-70.902
6211.66,-71.244
6212.33,-70.520
6213.00,-70.356
6213.67,-71.075
6214.35,-70.896
6215.02,-72.416
6215.69,-71.227
6216.37,-71.324
6217.04,-70.039
6217.71,-71.443
6218.39,-71.327
6219.06,-70.698
6219.73,-72.519
6220.40,-69.694
6221.08,-69.958
6221.75,-71.191
6222.42,-70.775
6223.10,-71.343
6223.77,-70.915
6224.44,-70.072
6225.11,-71.167
6225.79,-69.704
6226.46,-69.209
6227.13,-70.648
6227.81,-71.176
6228.48,-71.201
6229.15,-70.856
6229.82,-70.659
6230.50,-70.904
6231.17,-70.725
6231.84,-70.899
6232.52,-69.909
6233.19,-70.414
6233.86,-69.890
6234.54,-69.750
6235.21,-72.068
6235.88,-71.052
6236.55,-70.739
6237.23,-70.663
6237.90,-69.163
6238.57,-69.474
6239.25,-70.660
6239.92,-69.932
6240.59,-70.837
6241.26,-69.914
6241.94,-69.866
6242.61,-71.066
6243.28,-70.095
6243.96,-71.952
6244.63,-69.977
6245.30,-71.991
6245.97,-70.552
6246.65,-71.787
6247.32,-71.738
6247.99,-70.675
6248.67,-71.819
6249.34,-70.798
6250.01,-70.460
6250.69,-70.316
6251.36,-69.649
6252.03,-70.815
6252.70,-69.672
6253.38,-69.691
6254.05,-70.132
6254.72,-72.293
6255.40,-71.202
6256.07,-70.011
6256.74,-71.683
6257.41,-72.412
6258.09,-70.228
6258.76,-69.850
6259.43,-70.731
6260.11,-69.461
6260.78,-69.576
6261.45,-69.930
6262.12,-70.341
6262.80,-70.631
6263.47,-71.382
6264.14,-70.670
6264.82,-70.261
6265.49,-69.785
6266.16,-70.795
6266.84,-70.747
6267.51,-70.704
6268.18,-70.315
6268.85,-69.634
6269.53,-71.471
6270.20,-70.631
6270.87,-70.385
6271.55,-69.709
6272.22,-69.864
6272.89,-69.540
6273.56,-70.219
6274.24,-71.290
6274.91,-70.051
6275.58,-70.712
6276.26,-71.317
6276.93,-71.110
6277.60,-71.920
6278.27,-71.277
6278.95,-70.359
6279.62,-71.228
6280.29,-71.225
6280.97,-69.728
6281.64,-71.957
6282.31,-71.626
6282.98,-70.634
6283.66,-70.351
6284.33,-70.069
6285.00,-71.051
6285.68,-71.122
6286.35,-70.642
6287.02,-69.593
6287.70,-70.387
6288.37,-71.358
6289.04,-72.111
6289.71,-71.467
6290.39,-71.276
6291.06,-69.639
6291.73,-71.652
6292.41,-72.033
6293.08,-69.828
6293.75,-70.638
6294.42,-71.876
6295.10,-71.571
6295.77,-71.210
6296.44,-72.145
6297.12,-71.430
6297.79,-71.960
6298.46,-69.755
6299.13,-70.389
6299.81,-70.524
6300.48,-70.965
6301.15,-70.683
6301.83,-70.284
6302.50,-70.053
6303.17,-70.580
6303.85,-71.936
6304.52,-71.037
6305.19,-70.665
6305.86,-70.912
6306.54,-69.525
6307.21,-69.709
6307.88,-71.314
6308.56,-70.650
6309.23,-69.845
6309.90,-69.431
6310.57,-69.422
6311.25,-69.904
6311.92,-71.137
6312.59,-70.431
6313.27,-70.449
6313.94,-70.626
6314.61,-69.144
6315.28,-68.871
6315.96,-69.513
6316.63,-71.027
6317.30,-70.065
6317.98,-70.337
6318.65,-72.066
6319.32,-70.468
6320.00,-70.692
6320.67,-68.957
6321.34,-70.581
6322.01,-70.027
6322.69,-69.422
6323.36,-71.165
6324.03,-69.545
6324.71,-71.423
6325.38,-69.852
6326.05,-70.671
6326.72,-71.220
6327.40,-69.456
6328.07,-70.806
6328.74,-71.587
6329.42,-70.984
6330.09,-69.213
6330.76,-69.833
6331.43,-71.090
6332.11,-70.536
6332.78,-70.022
6333.45,-68.876
6334.13,-70.778
6334.80,-69.770
6335.47,-71.296
6336.15,-70.429
6336.82,-69.682
6337.49,-69.382
6338.16,-70.348
6338.84,-69.883
6339.51,-70.409
6340.18,-69.754
6340.86,-70.847
6341.53,-70.120
6342.20,-69.712
6342.87,-72.008
6343.55,-69.654
6344.22,-70.217
6344.89,-70.136
6345.57,-70.291
6346.24,-68.573
6346.91,-69.652
6347.58,-70.385
6348.26,-69.845
6348.93,-70.245
6349.60,-70.192
6350.28,-70.038
6350.95,-69.497
6351.62,-69.133
6352.29,-69.973
6352.97,-70.715
6353.64,-70.256
6354.31,-69.912
6354.99,-70.334
6355.66,-69.128
6356.33,-68.419
6357.01,-68.969
6357.68,-69.359
6358.35,-71.026
6359.02,-71.916
6359.70,-70.302
6360.37,-69.922
6361.04,-69.552
6361.72,-70.343
6362.39,-69.276
6363.06,-69.818
6363.73,-69.805
6364.41,-69.264
6365.08,-69.503
6365.75,-69.110
6366.43,-69.373
6367.10,-68.933
6367.77,-69.445
6368.44,-70.514
6369.12,-70.188
6369.79,-70.278
6370.46,-69.687
6371.14,-68.424
6371.81,-70.730
6372.48,-69.466
6373.16,-68.929
6373.83,-69.328
6374.50,-70.426
6375.17,-67.832
6375.85,-69.306
6376.52,-68.814
6377.19,-69.902
6377.87,-70.002
6378.54,-68.664
6379.21,-69.349
6379.88,-69.251
6380.56,-68.282
6381.23,-68.463
6381.90,-69.440
6382.58,-68.999
6383.25,-68.840
6383.92,-69.422
6384.59,-69.195
6385.27,-67.727
6385.94,-68.753
6386.61,-69.014
6387.29,-68.623
6387.96,-68.955
6388.63,-68.341
6389.31,-69.530
6389.98,-67.515
6390.65,-66.917
6391.32,-67.310
6392.00,-70.077
6392.67,-67.826
6393.34,-68.635
6394.02,-67.826
6394.69,-68.612
6395.36,-68.878
6396.03,-70.143
6396.71,-68.840
6397.38,-68.133
6398.05,-68.348
6398.73,-69.410
6399.40,-70.111
6400.07,-68.922
6400.74,-67.719
6401.42,-67.787
6402.09,-68.303
6402.76,-69.409
6403.44,-68.925
6404.11,-68.116
6404.78,-68.288
6405.46,-68.638
6406.13,-68.829
6406.80,-67.728
6407.47,-66.914
6408.15,-68.423
6408.82,-66.826
6409.49,-66.474
6410.17,-68.404
6410.84,-66.897
6411.51,-68.328
6412.18,-66.824
6412.86,-66.671
6413.53,-67.954
6414.20,-67.360
6414.88,-68.654
6415.55,-67.188
6416.22,-66.277
6416.89,-67.090
6417.57,-66.851
6418.24,-67.553
6418.91,-67.921
6419.59,-68.025
6420.26,-67.536
6420.93,-68.067
6421.60,-66.596
6422.28,-66.512
6422.95,-66.376
6423.62,-66.756
6424.30,-67.486
6424.97,-65.855
6425.64,-67.326
6426.32,-67.715
6426.99,-68.617
6427.66,-66.616
6428.33,-68.409
6429.01,-68.073
6429.68,-67.060
6430.35,-68.221
6431.03,-66.677
6431.70,-67.410
6432.37,-66.155
6433.04,-66.717
6433.72,-67.287
6434.39,-66.202
6435.06,-66.900
6435.74,-65.705
6436.41,-65.937
6437.08,-67.025
6437.75,-66.345
6438.43,-66.213
6439.10,-66.685
6439.77,-66.203
6440.45,-66.169
6441.12,-66.472
6441.79,-66.541
6442.47,-66.443
6443.14,-65.811
6443.81,-66.942
6444.48,-65.727
6445.16,-66.191
6445.83,-64.922
6446.50,-65.724
6447.18,-65.848
6447.85,-66.139
6448.52,-66.261
6449.19,-66.129
6449.87,-65.469
6450.54,-65.616
6451.21,-66.103
6451.89,-66.077
6452.56,-65.433
6453.23,-65.855
6453.90,-64.732
6454.58,-66.701
6455.25,-64.810
6455.92,-65.196
6456.60,-66.391
6457.27,-65.570
6457.94,-64.753
6458.62,-64.521
6459.29,-64.450
6459.96,-65.448
6460.63,-64.530
6461.31,-65.755
6461.98,-65.768
6462.65,-64.507
6463.33,-63.846
6464.00,-65.795
6464.67,-64.838
6465.34,-64.653
6466.02,-63.118
6466.69,-63.164
6467.36,-64.037
6468.04,-64.924
6468.71,-64.735
6469.38,-64.548
6470.05,-64.530
6470.73,-63.768
6471.40,-63.824
6472.07,-67.283
6472.75,-64.867
6473.42,-64.046
6474.09,-64.112
6474.77,-63.894
6475.44,-64.633
6476.11,-63.945
6476.78,-63.348
6477.46,-64.923
6478.13,-63.741
6478.80,-63.612
6479.48,-63.987
6480.15,-65.142
6480.82,-63.903
6481.49,-63.731
6482.17,-62.740
6482.84,-63.277
6483.51,-62.586
6484.19,-64.678
6484.86,-62.949
6485.53,-61.981
6486.20,-62.334
6486.88,-63.222
6487.55,-63.553
6488.22,-63.012
6488.90,-63.365
6489.57,-62.366
6490.24,-63.657
6490.91,-61.569
6491.59,-63.965
6492.26,-63.027
6492.93,-64.016
6493.61,-62.792
6494.28,-62.448
6494.95,-61.040
6495.63,-61.039
6496.30,-61.397
6496.97,-62.919
6497.64,-62.529
6498.32,-61.326
6498.99,-61.994
6499.66,-62.040
6500.34,-61.413
6501.01,-62.365
6501.68,-60.957
6502.35,-62.259
6503.03,-60.984
6503.70,-61.577
6504.37,-62.188
6505.05,-61.707
6505.72,-61.432
6506.39,-61.761
6507.06,-60.850
6507.74,-62.647
6508.41,-62.086
6509.08,-61.261
6509.76,-62.212
6510.43,-62.411
6511.10,-63.357
6511.78,-61.584
6512.45,-62.226
6513.12,-62.065
6513.79,-60.345
6514.47,-60.001
6515.14,-61.167
6515.81,-62.083
6516.49,-61.060
6517.16,-60.279
6517.83,-61.805
6518.50,-62.262
6519.18,-61.003
6519.85,-61.684
6520.52,-62.750
6521.20,-61.911
6521.87,-61.596
6522.54,-61.913
6523.21,-61.121
6523.89,-61.316
6524.56,-61.545
6525.23,-61.981
6525.91,-61.754
6526.58,-61.603
6527.25,-61.959
6527.93,-60.669
6528.60,-61.122
6529.27,-60.886
6529.94,-61.569
6530.62,-61.222
6531.29,-61.924
6531.96,-62.556
6532.64,-61.130
6533.31,-60.350
6533.98,-60.781
6534.65,-59.845
6535.33,-61.549
6536.00,-61.431
6536.67,-61.089
6537.35,-61.920
6538.02,-62.469
6538.69,-61.675
6539.36,-61.909
6540.04,-61.053
6540.71,-61.487
6541.38,-61.284
6542.06,-61.738
6542.73,-60.013
6543.40,-62.017
6544.08,-62.567
6544.75,-61.838
6545.42,-62.938
6546.09,-63.154
6546.77,-61.618
6547.44,-63.064
6548.11,-61.372
6548.79,-61.991
6549.46,-61.722
6550.13,-62.081
6550.80,-62.403
6551.48,-63.591
6552.15,-63.342
6552.82,-61.937
6553.50,-62.288
6554.17,-63.584
6554.84,-63.593
6555.51,-62.500
6556.19,-62.839
6556.86,-62.128
6557.53,-62.483
6558.21,-62.803
6558.88,-61.741
6559.55,-62.502
6560.22,-63.611
6560.90,-61.963
6561.57,-62.078
6562.24,-62.194
6562.92,-63.635
6563.59,-62.659
6564.26,-62.457
6564.94,-65.115
6565.61,-63.125
6566.28,-63.603
6566.95,-64.250
6567.63,-64.338
6568.30,-64.420
6568.97,-64.335
6569.65,-63.757
6570.32,-63.890
6570.99,-64.872
6571.66,-62.973
6572.34,-63.848
6573.01,-64.523
6573.68,-63.721
6574.36,-63.293
6575.03,-63.818
6575.70,-63.728
6576.37,-63.782
6577.05,-63.658
6577.72,-64.114
6578.39,-65.166
6579.07,-64.727
6579.74,-64.417
6580.41,-64.078
6581.09,-64.050
6581.76,-65.548
6582.43,-65.645
6583.10,-65.725
6583.78,-66.178
6584.45,-65.952
6585.12,-64.505
6585.80,-65.464
6586.47,-66.875
6587.14,-65.636
6587.81,-65.035
6588.49,-64.818
6589.16,-65.774
6589.83,-65.617
6590.51,-64.993
6591.18,-66.049
6591.85,-65.049
6592.52,-66.777
6593.20,-65.871
6593.87,-66.284
6594.54,-66.610
6595.22,-65.225
6595.89,-66.359
6596.56,-66.803
6597.24,-66.621
6597.91,-65.536
6598.58,-65.252
6599.25,-66.802
6599.93,-65.675
6600.60,-66.727
6601.27,-66.323
6601.95,-65.894
6602.62,-66.849
6603.29,-67.231
6603.96,-66.403
6604.64,-65.566
6605.31,-67.678
6605.98,-67.408
6606.66,-69.133
6607.33,-68.223
6608.00,-67.731
6608.67,-67.607
6609.35,-67.650
6610.02,-68.406
6610.69,-67.530
6611.37,-67.961
6612.04,-68.923
6612.71,-67.336
6613.39,-66.867
6614.06,-67.959
6614.73,-66.603
6615.40,-67.619
6616.08,-69.331
6616.75,-68.628
6617.42,-67.674
6618.10,-68.676
6618.77,-67.681
6619.44,-69.820
6620.11,-66.182
6620.79,-67.158
6621.46,-68.859
6622.13,-69.408
6622.81,-67.758
6623.48,-69.336
6624.15,-67.898
6624.82,-67.840
6625.50,-68.455
6626.17,-69.370
6626.84,-68.982
6627.52,-68.839
6628.19,-70.453
6628.86,-70.422
6629.53,-68.464
6630.21,-67.548
6630.88,-70.880
6631.55,-71.524
6632.23,-69.751
6632.90,-68.575
6633.57,-68.284
6634.25,-67.996
6634.92,-68.314
6635.59,-68.949
6636.26,-70.355
6636.94,-69.214
6637.61,-69.638
6638.28,-70.153
6638.96,-70.272
6639.63,-71.670
6640.30,-68.486
6640.97,-69.068
6641.65,-70.522
6642.32,-68.448
6642.99,-70.358
6643.67,-70.168
6644.34,-70.611
6645.01,-70.893
6645.68,-69.837
6646.36,-70.192
6647.03,-69.749
6647.70,-69.371
6648.38,-70.124
6649.05,-70.655
6649.72,-72.076
6650.40,-71.327
6651.07,-71.545
6651.74,-71.902
6652.41,-70.849
6653.09,-70.304
6653.76,-71.193
6654.43,-72.125
6655.11,-71.278
6655.78,-71.249
6656.45,-70.356
6657.12,-71.646
6657.80,-70.302
6658.47,-70.334
6659.14,-72.155
6659.82,-71.250
6660.49,-70.629
6661.16,-71.917
6661.83,-71.339
6662.51,-71.370
6663.18,-71.978
6663.85,-72.812
6664.53,-71.768
6665.20,-71.891
6665.87,-72.085
6666.55,-71.085
6667.22,-71.788
6667.89,-71.995
6668.56,-72.666
6669.24,-70.203
6669.91,-71.580
6670.58,-71.778
6671.26,-69.933
6671.93,-72.142
6672.60,-72.507
6673.27,-72.257
6673.95,-71.677
6674.62,-73.472
6675.29,-72.356
6675.97,-71.747
6676.64,-73.734
6677.31,-72.892
6677.98,-73.219
6678.66,-72.559
6679.33,-72.938
6680.00,-72.141
6680.68,-71.704
6681.35,-71.925
6682.02,-72.634
6682.70,-70.933
6683.37,-74.226
6684.04,-73.597
6684.71,-73.071
6685.39,-72.466
6686.06,-73.376
6686.73,-73.426
6687.41,-72.454
6688.08,-73.126
6688.75,-71.327
6689.42,-71.051
6690.10,-72.241
6690.77,-72.997
6691.44,-72.242
6692.12,-73.502
6692.79,-73.530
6693.46,-73.933
6694.13,-74.944
6694.81,-74.429
6695.48,-73.342
6696.15,-73.364
6696.83,-72.068
6697.50,-73.722
6698.17,-74.897
6698.84,-74.583
6699.52,-72.655
6700.19,-73.387
6700.86,-72.837
6701.54,-72.992
6702.21,-73.197
6702.88,-74.093
6703.56,-73.551
6704.23,-73.571
6704.90,-73.372
6705.57,-72.989
6706.25,-75.118
6706.92,-74.640
6707.59,-73.713
6708.27,-73.625
6708.94,-74.704
6709.61,-74.328
6710.28,-75.453
6710.96,-74.171
6711.63,-72.941
6712.30,-73.661
6712.98,-74.170
6713.65,-74.062
6714.32,-74.994
6714.99,-73.127
6715.67,-73.198
6716.34,-73.597
6717.01,-73.769
6717.69,-75.050
6718.36,-73.279
6719.03,-75.204
6719.71,-73.819
6720.38,-74.187
6721.05,-73.633
6721.72,-74.411
6722.40,-73.958
6723.07,-74.669
6723.74,-73.861
6724.42,-75.019
6725.09,-73.488
6725.76,-74.484
6726.43,-73.099
6727.11,-74.704
6727.78,-74.937
6728.45,-75.498
6729.13,-74.859
6729.80,-73.749
6730.47,-75.713
6731.14,-73.773
6731.82,-74.586
6732.49,-74.870
6733.16,-74.483
6733.84,-74.577
6734.51,-74.147
6735.18,-73.812
6735.86,-75.629
6736.53,-75.615
6737.20,-74.421
6737.87,-75.179
6738.55,-74.746
6739.22,-75.139
6739.89,-73.734
6740.57,-75.349
6741.24,-73.680
6741.91,-75.650
6742.58,-76.655
6743.26,-76.669
6743.93,-75.404
6744.60,-74.696
6745.28,-75.011
6745.95,-75.231
6746.62,-74.325
6747.29,-75.151
6747.97,-74.378
6748.64,-76.261
6749.31,-75.310
6749.99,-73.526
6750.66,-75.963
6751.33,-76.510
6752.01,-74.911
6752.68,-75.335
6753.35,-76.215
6754.02,-75.987
6754.70,-76.392
6755.37,-76.234
6756.04,-76.366
6756.72,-75.571
6757.39,-76.632
6758.06,-76.085
6758.73,-75.231
6759.41,-76.967
6760.08,-75.709
6760.75,-75.665
6761.43,-76.543
6762.10,-75.052
6762.77,-76.588
6763.44,-75.050
6764.12,-75.520
6764.79,-75.288
6765.46,-76.826
6766.14,-75.656
6766.81,-75.043
6767.48,-74.621
6768.15,-74.765
6768.83,-76.699
6769.50,-75.872
6770.17,-75.943
6770.85,-76.380
6771.52,-74.861
6772.19,-75.095
6772.87,-76.543
6773.54,-76.232
6774.21,-76.487
6774.88,-77.109
6775.56,-75.768
6776.23,-75.282
6776.90,-76.556
6777.58,-76.685
6778.25,-75.880
6778.92,-76.363
6779.59,-74.874
6780.27,-75.177
6780.94,-76.304
6781.61,-76.313
6782.29,-76.557
6782.96,-76.289
6783.63,-76.047
6784.30,-77.519
6784.98,-76.416
6785.65,-76.144
6786.32,-76.136
6787.00,-76.522
6787.67,-76.033
6788.34,-76.085
6789.02,-77.588
6789.69,-78.562
6790.36,-77.609
6791.03,-76.842
6791.71,-77.790
6792.38,-76.318
6793.05,-76.959
6793.73,-77.212
6794.40,-75.297
6795.07,-76.280
6795.74,-77.953
6796.42,-76.053
6797.09,-76.360
6797.76,-76.571
6798.44,-77.181
6799.11,-77.049
6799.78,-77.842
6800.45,-76.315
6801.13,-76.760
6801.80,-75.957
6802.47,-76.399
6803.15,-77.727
6803.82,-76.641
6804.49,-77.053
6805.17,-77.618
6805.84,-75.720
6806.51,-77.649
6807.18,-76.652
6807.86,-77.631
6808.53,-77.672
6809.20,-77.246
6809.88,-77.932
6810.55,-78.345
6811.22,-77.999
6811.89,-77.582
6812.57,-77.057
6813.24,-76.879
6813.91,-76.827
6814.59,-77.667
6815.26,-76.306
6815.93,-77.891
6816.60,-78.361
6817.28,-77.711
6817.95,-78.268
6818.62,-77.604
6819.30,-76.347
6819.97,-76.916
6820.64,-75.769
6821.32,-77.597
6821.99,-76.772
6822.66,-75.885
6823.33,-75.644
6824.01,-77.101
6824.68,-77.931
6825.35,-77.448
6826.03,-77.190
6826.70,-77.727
6827.37,-76.687
6828.04,-78.216
6828.72,-78.449
6829.39,-78.189
6830.06,-78.272
6830.74,-79.692
6831.41,-77.422
6832.08,-77.084
6832.75,-76.616
6833.43,-77.490
6834.10,-76.932
6834.77,-77.286
6835.45,-75.977
6836.12,-76.654
6836.79,-78.460
6837.46,-78.539
6838.14,-77.146
6838.81,-79.541
6839.48,-77.309
6840.16,-78.490
6840.83,-77.455
6841.50,-77.481
6842.18,-79.026
6842.85,-79.194
6843.52,-77.523
6844.19,-77.068
6844.87,-76.689
6845.54,-78.465
6846.21,-78.552
6846.89,-75.772
6847.56,-78.067
6848.23,-78.160
6848.90,-77.127
6849.58,-78.001
6850.25,-77.307
6850.92,-77.599
6851.60,-78.042
6852.27,-77.977
6852.94,-78.025
6853.61,-77.353
6854.29,-77.883
6854.96,-78.028
6855.63,-78.572
6856.31,-78.214
6856.98,-76.681
6857.65,-79.139
6858.33,-77.916
6859.00,-78.239
6859.67,-78.478
6860.34,-78.792
6861.02,-78.981
6861.69,-78.279
6862.36,-77.401
6863.04,-77.175
6863.71,-78.714
6864.38,-77.123
6865.05,-78.316
6865.73,-77.822
6866.40,-77.891
6867.07,-79.860
6867.75,-78.270
6868.42,-78.260
6869.09,-77.841
6869.76,-79.237
6870.44,-78.915
6871.11,-79.336
6871.78,-78.372
6872.46,-78.360
6873.13,-78.350
6873.80,-77.826
6874.48,-78.149
6875.15,-78.159
6875.82,-77.860
6876.49,-77.851
6877.17,-78.331
6877.84,-78.518
6878.51,-77.867
6879.19,-78.959
6879.86,-78.334
6880.53,-78.186
6881.20,-79.656
6881.88,-76.786
6882.55,-78.156
6883.22,-79.375
6883.90,-78.315
6884.57,-78.262
6885.24,-77.753
6885.91,-77.453
6886.59,-77.870
6887.26,-76.715
6887.93,-76.567
6888.61,-78.834
6889.28,-78.119
6889.95,-78.314
6890.62,-78.156
6891.30,-78.839
6891.97,-78.822
6892.64,-78.391
6893.32,-77.857
6893.99,-76.946
6894.66,-78.893
6895.34,-77.689
6896.01,-78.196
6896.68,-78.386
6897.35,-78.625
6898.03,-78.508
6898.70,-79.336
6899.37,-77.577
6900.05,-79.097
6900.72,-77.585
6901.39,-76.968
6902.06,-78.580
6902.74,-77.784
6903.41,-79.278
6904.08,-79.366
6904.76,-77.817
6905.43,-78.913
6906.10,-79.214
6906.77,-77.796
6907.45,-79.354
6908.12,-77.547
6908.79,-77.510
6909.47,-78.269
6910.14,-76.854
6910.81,-77.039
6911.49,-78.088
6912.16,-78.378
6912.83,-77.670
6913.50,-78.172
6914.18,-78.680
6914.85,-79.518
6915.52,-78.990
6916.20,-78.766
6916.87,-79.130
6917.54,-78.286
6918.21,-78.134
6918.89,-79.087
6919.56,-77.700
6920.23,-78.864
6920.91,-77.466
6921.58,-77.028
6922.25,-77.859
6922.92,-78.235
6923.60,-78.227
6924.27,-78.297
6924.94,-78.874
6925.62,-78.766
6926.29,-77.378
6926.96,-79.110
6927.64,-78.783
6928.31,-77.499
6928.98,-79.307
6929.65,-78.507
6930.33,-78.375
6931.00,-76.877
6931.67,-77.259
6932.35,-78.774
6933.02,-77.455
6933.69,-78.765
6934.36,-78.230
6935.04,-78.336
6935.71,-76.994
6936.38,-78.691
6937.06,-77.362
6937.73,-78.184
6938.40,-78.088
6939.07,-78.312
6939.75,-78.336
6940.42,-78.016
6941.09,-78.845
6941.77,-75.827
6942.44,-77.560
6943.11,-77.442
6943.79,-78.339
6944.46,-77.141
6945.13,-79.173
6945.80,-78.754
6946.48,-77.785
6947.15,-79.196
6947.82,-77.982
6948.50,-78.564
6949.17,-77.839
6949.84,-78.344
6950.51,-78.474
6951.19,-77.729
6951.86,-78.766
6952.53,-78.022
6953.21,-79.021
6953.88,-77.917
6954.55,-78.305
6955.22,-77.536
6955.90,-78.432
6956.57,-77.874
6957.24,-78.560
6957.92,-79.207
6958.59,-78.414
6959.26,-79.054
6959.93,-78.416
6960.61,-78.968
6961.28,-79.159
6961.95,-79.540
6962.63,-77.580
6963.30,-77.788
6963.97,-75.570
6964.65,-77.150
6965.32,-77.219
6965.99,-79.195
6966.66,-77.047
6967.34,-78.999
6968.01,-77.594
6968.68,-77.895
6969.36,-78.616
6970.03,-78.634
6970.70,-78.716
6971.37,-78.041
6972.05,-78.618
6972.72,-77.403
6973.39,-78.259
6974.07,-77.359
6974.74,-78.757
6975.41,-77.762
6976.08,-77.563
6976.76,-78.775
6977.43,-77.564
6978.10,-76.018
6978.78,-77.435
6979.45,-77.004
6980.12,-77.345
6980.80,-77.724
6981.47,-78.168
6982.14,-78.681
6982.81,-77.045
6983.49,-77.291
6984.16,-78.126
6984.83,-78.815
6985.51,-77.164
6986.18,-77.348
6986.85,-77.017
6987.52,-77.632
6988.20,-78.474
6988.87,-78.223
6989.54,-77.234
6990.22,-78.296
6990.89,-76.981
6991.56,-77.149
6992.23,-77.064
6992.91,-77.040
6993.58,-78.210
6994.25,-76.698
6994.93,-77.330
6995.60,-78.796
6996.27,-77.886
6996.95,-78.563
6997.62,-77.472
6998.29,-77.233
6998.96,-77.510
6999.64,-78.553
7000.31,-77.702
7000.98,-76.431
7001.66,-78.870
7002.33,-76.476
7003.00,-76.952
7003.67,-76.635
7004.35,-76.343
7005.02,-78.630
7005.69,-77.579
7006.37,-77.009
7007.04,-76.643
7007.71,-75.799
7008.38,-76.494
7009.06,-77.002
7009.73,-77.319
7010.40,-77.363
7011.08,-76.215
7011.75,-77.341
7012.42,-77.935
7013.10,-78.585
7013.77,-77.904
7014.44,-77.318
7015.11,-77.328
7015.79,-75.575
7016.46,-77.013
7017.13,-76.599
7017.81,-77.834
7018.48,-77.843
7019.15,-76.072
7019.82,-78.307
7020.50,-77.179
7021.17,-75.370
7021.84,-77.723
7022.52,-78.801
7023.19,-77.881
7023.86,-76.970
7024.53,-77.212
7025.21,-76.741
7025.88,-77.456
7026.55,-77.006
7027.23,-76.178
7027.90,-77.415
7028.57,-78.090
7029.24,-77.138
7029.92,-76.824
7030.59,-76.912
7031.26,-76.143
7031.94,-75.058
7032.61,-76.862
7033.28,-76.270
7033.96,-75.236
7034.63,-76.953
7035.30,-76.303
7035.97,-76.913
7036.65,-76.964
7037.32,-77.629
7037.99,-76.594
7038.67,-75.886
7039.34,-77.148
7040.01,-77.945
7040.68,-76.261
7041.36,-76.535
7042.03,-77.484
7042.70,-77.384
7043.38,-76.743
7044.05,-76.229
7044.72,-77.357
7045.39,-76.193
7046.07,-75.246
7046.74,-76.370
7047.41,-75.287
7048.09,-77.177
7048.76,-76.457
7049.43,-76.236
7050.11,-77.670
7050.78,-78.220
7051.45,-76.294
7052.12,-75.829
7052.80,-77.217
7053.47,-76.195
7054.14,-75.728
7054.82,-76.262
7055.49,-76.117
7056.16,-75.679
7056.83,-76.020
7057.51,-76.153
7058.18,-77.487
7058.85,-74.851
7059.53,-76.760
7060.20,-76.424
7060.87,-76.228
7061.54,-76.096
7062.22,-75.953
7062.89,-76.220
7063.56,-76.707
7064.24,-76.063
7064.91,-75.676
7065.58,-75.137
7066.26,-74.642
7066.93,-77.002
7067.60,-76.498
7068.27,-76.193
7068.95,-74.940
7069.62,-75.784
7070.29,-75.573
7070.97,-76.100
7071.64,-75.237
7072.31,-73.978
7072.98,-76.051
7073.66,-75.563
7074.33,-75.513
7075.00,-75.918
7075.68,-74.157
7076.35,-75.403
7077.02,-74.481
7077.69,-74.355
7078.37,-75.024
7079.04,-74.558
7079.71,-74.027
7080.39,-75.187
7081.06,-74.771
7081.73,-72.912
7082.41,-75.225
7083.08,-74.270
7083.75,-74.802
7084.42,-75.801
7085.10,-75.162
7085.77,-74.007
7086.44,-74.991
7087.12,-74.419
7087.79,-74.927
7088.46,-75.115
7089.13,-75.476
7089.81,-74.535
7090.48,-73.807
7091.15,-74.928
7091.83,-75.574
7092.50,-73.365
7093.17,-75.347
7093.84,-75.255
7094.52,-74.274
7095.19,-74.497
7095.86,-73.356
7096.54,-73.042
7097.21,-72.951
7097.88,-74.029
7098.55,-74.591
7099.23,-75.030
7099.90,-74.859
7100.57,-75.118
7101.25,-75.416
7101.92,-72.929
7102.59,-73.922
7103.27,-74.604
7103.94,-73.141
7104.61,-72.501
7105.28,-73.414
7105.96,-74.061
7106.63,-74.275
7107.30,-74.654
7107.98,-73.968
7108.65,-73.050
7109.32,-72.204
7109.99,-73.165
7110.67,-72.163
7111.34,-74.120
7112.01,-73.295
7112.69,-73.456
7113.36,-73.124
7114.03,-72.898
7114.70,-73.473
7115.38,-74.207
7116.05,-73.331
7116.72,-72.625
7117.40,-73.158
7118.07,-73.062
7118.74,-71.344
7119.42,-73.786
7120.09,-73.255
7120.76,-72.947
7121.43,-72.777
7122.11,-72.537
7122.78,-72.248
7123.45,-71.646
7124.13,-72.412
7124.80,-72.207
7125.47,-72.081
7126.14,-72.462
7126.82,-74.018
7127.49,-72.027
7128.16,-72.199
7128.84,-72.490
7129.51,-72.870
7130.18,-72.187
7130.85,-73.575
7131.53,-72.006
7132.20,-71.888
7132.87,-71.035
7133.55,-72.038
7134.22,-70.821
7134.89,-72.323
7135.57,-71.246
7136.24,-71.303
7136.91,-71.054
7137.58,-71.041
7138.26,-72.643
7138.93,-72.491
7139.60,-72.259
7140.28,-71.924
7140.95,-70.572
7141.62,-71.220
7142.29,-70.698
7142.97,-71.339
7143.64,-72.592
7144.31,-70.555
7144.99,-71.260
7145.66,-69.661
7146.33,-70.854
7147.00,-70.585
7147.68,-71.268
7148.35,-69.597
7149.02,-71.240
7149.70,-71.232
7150.37,-70.694
7151.04,-70.222
7151.72,-70.193
7152.39,-70.546
7153.06,-69.980
7153.73,-70.021
7154.41,-69.658
7155.08,-70.815
7155.75,-69.630
7156.43,-70.365
7157.10,-69.844
7157.77,-71.100
7158.44,-70.919
7159.12,-69.652
7159.79,-70.935
7160.46,-69.709
7161.14,-69.591
7161.81,-69.352
7162.48,-69.189
7163.15,-69.142
7163.83,-69.560
7164.50,-68.804
7165.17,-69.120
7165.85,-68.254
7166.52,-69.343
7167.19,-69.393
7167.86,-69.409
7168.54,-68.725
7169.21,-68.847
7169.88,-68.612
7170.56,-68.646
7171.23,-70.779
7171.90,-68.909
7172.58,-68.898
7173.25,-68.444
7173.92,-68.833
7174.59,-68.164
7175.27,-68.790
7175.94,-68.332
7176.61,-68.396
7177.29,-69.170
7177.96,-69.460
7178.63,-68.021
7179.30,-68.263
7179.98,-68.781
7180.65,-67.540
7181.32,-67.595
7182.00,-68.255
7182.67,-68.117
7183.34,-68.655
7184.01,-67.676
7184.69,-68.350
7185.36,-68.584
7186.03,-67.140
7186.71,-67.878
7187.38,-66.710
7188.05,-67.862
7188.73,-67.065
7189.40,-68.020
7190.07,-66.672
7190.74,-67.609
7191.42,-68.053
7192.09,-67.609
7192.76,-67.446
7193.44,-66.360
7194.11,-66.562
7194.78,-67.590
7195.45,-66.487
7196.13,-67.450
7196.80,-67.950
7197.47,-66.492
7198.15,-67.959
7198.82,-65.739
7199.49,-67.363
7200.16,-68.137
7200.84,-68.010
7201.51,-67.420
7202.18,-66.083
7202.86,-67.004
7203.53,-67.106
7204.20,-66.871
7204.88,-67.021
7205.55,-67.297
7206.22,-66.851
7206.89,-65.959
7207.57,-67.230
7208.24,-65.890
7208.91,-66.662
7209.59,-67.035
7210.26,-68.369
7210.93,-65.674
7211.60,-65.270
7212.28,-65.225
7212.95,-66.717
7213.62,-66.940
7214.30,-67.100
7214.97,-67.887
7215.64,-67.732
7216.31,-65.960
7216.99,-66.733
7217.66,-65.806
7218.33,-66.668
7219.01,-67.060
7219.68,-66.361
7220.35,-65.491
7221.03,-65.939
7221.70,-65.929
7222.37,-65.366
7223.04,-66.842
7223.72,-65.713
7224.39,-66.759
7225.06,-65.550
7225.74,-68.109
7226.41,-66.254
7227.08,-66.402
7227.75,-66.880
7228.43,-67.246
7229.10,-68.433
7229.77,-67.773
7230.45,-67.760
7231.12,-67.965
7231.79,-66.329
7232.46,-67.390
7233.14,-66.627
7233.81,-66.727
7234.48,-66.734
7235.16,-67.302
7235.83,-67.495
7236.50,-67.433
7237.17,-67.447
7237.85,-67.576
7238.52,-67.126
7239.19,-67.327
7239.87,-65.973
7240.54,-67.954
7241.21,-68.564
7241.89,-67.057
7242.56,-66.264
7243.23,-67.193
7243.90,-67.614
7244.58,-66.932
7245.25,-66.620
7245.92,-68.718
7246.60,-68.875
7247.27,-68.347
7247.94,-67.428
7248.61,-67.724
7249.29,-67.403
7249.96,-66.117
7250.63,-68.915
7251.31,-68.514
7251.98,-68.091
7252.65,-68.890
7253.32,-67.937
7254.00,-69.795
7254.67,-68.675
7255.34,-68.849
7256.02,-68.841
7256.69,-69.817
7257.36,-68.657
7258.04,-69.214
7258.71,-68.803
7259.38,-68.628
7260.05,-70.290
7260.73,-68.804
7261.40,-69.800
7262.07,-70.880
7262.75,-69.221
7263.42,-69.593
7264.09,-68.817
7264.76,-69.958
7265.44,-70.831
7266.11,-68.789
7266.78,-69.690
7267.46,-69.661
7268.13,-68.161
7268.80,-69.337
7269.47,-69.961
7270.15,-70.919
7270.82,-70.748
7271.49,-69.936
7272.17,-71.036
7272.84,-70.528
7273.51,-70.699
7274.19,-70.299
7274.86,-71.372
7275.53,-70.611
7276.20,-71.469
7276.88,-70.319
7277.55,-70.080
7278.22,-71.722
7278.90,-70.857
7279.57,-70.622
7280.24,-70.624
7280.91,-69.893
7281.59,-71.009
7282.26,-70.412
7282.93,-70.737
7283.61,-70.717
7284.28,-72.284
7284.95,-71.596
7285.62,-72.137
7286.30,-71.289
7286.97,-70.598
7287.64,-70.458
7288.32,-69.565
7288.99,-71.527
7289.66,-71.167
7290.34,-70.918
7291.01,-72.062
7291.68,-71.547
7292.35,-73.835
7293.03,-72.065
7293.70,-72.254
7294.37,-72.501
7295.05,-73.191
7295.72,-71.774
7296.39,-72.271
7297.06,-71.192
7297.74,-73.020
7298.41,-72.645
7299.08,-74.021
7299.76,-73.971
7300.43,-73.147
7301.10,-74.043
7301.77,-73.708
7302.45,-73.439
7303.12,-72.214
7303.79,-73.350
7304.47,-72.576
7305.14,-75.046
7305.81,-74.375
7306.48,-74.800
7307.16,-74.743
7307.83,-72.353
7308.50,-72.522
7309.18,-73.535
7309.85,-73.220
7310.52,-74.074
7311.20,-73.862
7311.87,-74.250
7312.54,-73.244
7313.21,-73.085
7313.89,-73.043
7314.56,-74.778
7315.23,-74.135
7315.91,-75.307
7316.58,-75.103
7317.25,-74.300
7317.92,-74.158
7318.60,-74.490
7319.27,-75.223
7319.94,-73.300
7320.62,-73.692
7321.29,-75.289
7321.96,-73.830
7322.63,-73.174
7323.31,-74.001
7323.98,-74.284
7324.65,-75.065
7325.33,-75.975
7326.00,-75.439
7326.67,-75.237
7327.35,-74.585
7328.02,-74.462
7328.69,-74.108
7329.36,-75.207
7330.04,-75.552
7330.71,-73.626
7331.38,-73.103
7332.06,-75.098
7332.73,-76.382
7333.40,-75.544
7334.07,-75.408
7334.75,-76.150
7335.42,-76.056
7336.09,-76.706
7336.77,-76.032
7337.44,-75.321
7338.11,-74.609
7338.78,-77.371
7339.46,-75.483
7340.13,-76.294
7340.80,-75.842
7341.48,-75.843
7342.15,-75.169
7342.82,-76.833
7343.50,-76.831
7344.17,-76.777
7344.84,-75.716
7345.51,-76.621
7346.19,-75.582
7346.86,-74.943
7347.53,-76.143
7348.21,-75.264
7348.88,-77.152
7349.55,-78.208
7350.22,-78.334
7350.90,-77.439
7351.57,-76.559
7352.24,-75.233
7352.92,-76.608
7353.59,-75.682
7354.26,-76.953
7354.93,-76.568
7355.61,-77.800
7356.28,-78.587
7356.95,-77.373
7357.63,-77.918
7358.30,-77.992
7358.97,-76.345
7359.65,-75.104
7360.32,-77.378
7360.99,-77.014
7361.66,-77.431
7362.34,-77.482
7363.01,-78.137
7363.68,-78.963
7364.36,-75.514
7365.03,-78.077
7365.70,-79.016
7366.37,-78.187
7367.05,-76.336
7367.72,-77.104
7368.39,-78.434
7369.07,-77.995
7369.74,-78.256
7370.41,-77.089
7371.08,-78.218
7371.76,-77.182
7372.43,-77.591
7373.10,-76.936
7373.78,-78.469
7374.45,-76.705
7375.12,-77.932
7375.79,-76.090
7376.47,-76.020
7377.14,-77.035
7377.81,-76.761
7378.49,-77.245
7379.16,-77.780
7379.83,-77.303
7380.51,-77.857
7381.18,-79.241
7381.85,-77.685
7382.52,-78.551
7383.20,-79.347
7383.87,-78.610
7384.54,-79.678
7385.22,-77.972
7385.89,-77.425
7386.56,-78.556
7387.23,-77.581
7387.91,-79.067
7388.58,-77.372
7389.25,-77.697
7389.93,-78.295
7390.60,-77.444
7391.27,-79.120
7391.94,-78.469
7392.62,-79.583
7393.29,-79.146
7393.96,-78.952
7394.64,-80.228
7395.31,-79.303
7395.98,-78.150
7396.66,-78.051
7397.33,-78.883
7398.00,-77.456
7398.67,-79.179
7399.35,-79.776
7400.02,-77.460
7400.69,-78.896
7401.37,-77.923
7402.04,-78.876
7402.71,-78.399
7403.38,-79.287
7404.06,-78.212
7404.73,-78.511
7405.40,-77.835
7406.08,-78.928
7406.75,-79.046
7407.42,-79.536
7408.09,-79.427
7408.77,-78.495
7409.44,-79.371
7410.11,-78.878
7410.79,-78.551
7411.46,-78.186
7412.13,-78.990
7412.81,-78.432
7413.48,-79.703
7414.15,-79.059
7414.82,-80.467
7415.50,-79.355
7416.17,-79.268
7416.84,-81.193
7417.52,-78.898
7418.19,-79.466
7418.86,-78.927
7419.53,-80.514
7420.21,-79.819
7420.88,-79.634
7421.55,-78.605
7422.23,-79.261
7422.90,-79.403
7423.57,-79.383
7424.24,-78.662
7424.92,-78.936
7425.59,-78.911
7426.26,-80.595
7426.94,-80.185
7427.61,-79.636
7428.28,-80.460
7428.96,-80.812
7429.63,-79.431
7430.30,-79.392
7430.97,-81.030
7431.65,-79.497
7432.32,-79.633
7432.99,-80.472
7433.67,-80.256
7434.34,-79.662
7435.01,-80.010
7435.68,-79.845
7436.36,-78.960
7437.03,-79.618
7437.70,-80.023
7438.38,-80.073
7439.05,-81.065
7439.72,-80.282
7440.39,-80.332
7441.07,-80.483
7441.74,-79.850
7442.41,-81.140
7443.09,-82.336
7443.76,-80.414
7444.43,-79.453
7445.10,-79.511
7445.78,-79.497
7446.45,-79.951
7447.12,-80.511
7447.80,-80.580
7448.47,-79.006
7449.14,-80.749
7449.82,-80.421
7450.49,-80.718
7451.16,-80.076
7451.83,-80.422
7452.51,-79.987
7453.18,-81.053
7453.85,-79.188
7454.53,-81.447
7455.20,-80.031
7455.87,-81.627
7456.54,-80.443
7457.22,-80.213
7457.89,-79.958
7458.56,-80.798
7459.24,-80.768
7459.91,-80.539
7460.58,-80.847
7461.25,-79.959
7461.93,-80.281
7462.60,-79.681
7463.27,-82.004
7463.95,-80.331
7464.62,-79.513
7465.29,-81.205
7465.97,-81.918
7466.64,-80.866
7467.31,-82.295
7467.98,-81.745
7468.66,-79.202
7469.33,-79.756
7470.00,-80.684
7470.68,-80.731
7471.35,-81.510
7472.02,-81.195
7472.69,-80.322
7473.37,-82.331
7474.04,-80.969
7474.71,-80.071
7475.39,-81.121
7476.06,-81.079
7476.73,-80.587
7477.40,-81.442
7478.08,-81.383
7478.75,-81.738
7479.42,-81.984
7480.10,-82.204
7480.77,-80.777
7481.44,-80.742
7482.12,-80.759
7482.79,-81.082
7483.46,-81.411
7484.13,-82.162
7484.81,-81.427
7485.48,-79.849
7486.15,-80.029
7486.83,-80.642
7487.50,-80.992
7488.17,-80.697
7488.84,-82.465
7489.52,-81.231
7490.19,-81.664
7490.86,-81.864
7491.54,-80.762
7492.21,-80.708
7492.88,-81.688
7493.55,-82.405
7494.23,-83.177
7494.90,-80.030
7495.57,-81.673
7496.25,-82.829
7496.92,-81.964
7497.59,-82.578
7498.27,-81.981
7498.94,-80.559
7499.61,-80.124
7500.28,-81.832
7500.96,-82.000
7501.63,-82.412
7502.30,-82.938
7502.98,-83.079
7503.65,-81.527
7504.32,-82.618
7504.99,-82.959
7505.67,-80.886
7506.34,-80.874
7507.01,-81.760
7507.69,-80.224
7508.36,-80.627
7509.03,-81.368
7509.70,-82.753
7510.38,-82.851
7511.05,-81.738
7511.72,-81.964
7512.40,-83.244
7513.07,-81.269
7513.74,-81.305
7514.41,-80.502
7515.09,-82.331
7515.76,-82.325
7516.43,-81.923
7517.11,-81.713
7517.78,-81.479
7518.45,-80.379
7519.13,-81.381
7519.80,-82.133
7520.47,-81.947
7521.14,-81.810
7521.82,-80.476
7522.49,-82.146
7523.16,-83.528
7523.84,-82.822
7524.51,-81.926
7525.18,-82.410
7525.85,-82.825
7526.53,-81.402
7527.20,-81.610
7527.87,-82.331
7528.55,-82.202
7529.22,-82.264
7529.89,-82.741
7530.56,-81.137
7531.24,-82.317
7531.91,-80.730
7532.58,-83.920
7533.26,-82.126
7533.93,-81.008
7534.60,-81.626
7535.28,-82.084
7535.95,-80.701
7536.62,-84.049
7537.29,-83.779
7537.97,-81.687
7538.64,-81.033
7539.31,-82.052
7539.99,-82.712
7540.66,-82.020
7541.33,-82.802
7542.00,-80.843
7542.68,-81.987
7543.35,-82.428
7544.02,-81.829
7544.70,-82.326
7545.37,-80.888
7546.04,-82.335
7546.71,-81.446
7547.39,-83.176
7548.06,-82.641
7548.73,-81.219
7549.41,-82.506
7550.08,-80.933
7550.75,-80.951
7551.43,-82.653
7552.10,-83.869
7552.77,-83.158
7553.44,-83.394
7554.12,-82.130
7554.79,-81.774
7555.46,-81.379
7556.14,-80.104
7556.81,-81.727
7557.48,-82.036
7558.15,-82.224
7558.83,-82.355
7559.50,-82.123
7560.17,-83.813
7560.85,-83.796
7561.52,-82.433
7562.19,-81.798
7562.86,-82.131
7563.54,-81.666
7564.21,-82.711
7564.88,-81.948
7565.56,-81.385
7566.23,-82.247
7566.90,-82.037
7567.58,-82.474
7568.25,-82.006
7568.92,-81.903
7569.59,-81.470
7570.27,-82.404
7570.94,-81.404
7571.61,-82.804
7572.29,-81.741
7572.96,-82.536
7573.63,-82.782
7574.30,-83.271
7574.98,-83.083
7575.65,-82.321
7576.32,-83.429
7577.00,-83.367
7577.67,-83.603
7578.34,-83.859
7579.01,-82.514
7579.69,-83.094
7580.36,-83.591
7581.03,-81.659
7581.71,-82.773
7582.38,-82.675
7583.05,-81.332
7583.72,-82.735
7584.40,-81.637
7585.07,-80.863
7585.74,-82.003
7586.42,-81.922
7587.09,-82.399
7587.76,-82.814
7588.44,-81.991
7589.11,-80.584
7589.78,-82.976
7590.45,-82.845
7591.13,-84.007
7591.80,-82.952
7592.47,-83.149
7593.15,-82.862
7593.82,-81.527
7594.49,-83.328
7595.16,-83.916
7595.84,-83.420
7596.51,-82.216
7597.18,-83.325
7597.86,-82.076
7598.53,-83.310
7599.20,-81.666
7599.87,-82.046
7600.55,-82.999
7601.22,-82.473
7601.89,-82.200
7602.57,-82.785
7603.24,-81.962
7603.91,-82.950
7604.59,-82.696
7605.26,-82.199
7605.93,-83.108
7606.60,-83.107
7607.28,-82.430
7607.95,-82.864
7608.62,-80.846
7609.30,-83.639
7609.97,-82.484
7610.64,-84.079
7611.31,-82.155
7611.99,-82.467
7612.66,-83.357
7613.33,-82.795
7614.01,-82.170
7614.68,-84.013
7615.35,-82.650
7616.02,-81.745
7616.70,-82.924
7617.37,-82.988
7618.04,-81.339
7618.72,-81.561
7619.39,-81.573
7620.06,-84.101
7620.74,-82.162
7621.41,-81.876
7622.08,-82.840
7622.75,-81.712
7623.43,-82.931
7624.10,-82.638
7624.77,-82.085
7625.45,-83.603
7626.12,-81.624
7626.79,-82.351
7627.46,-82.123
7628.14,-83.514
7628.81,-82.890
7629.48,-83.147
7630.16,-81.716
7630.83,-82.646
7631.50,-81.986
7632.17,-82.928
7632.85,-82.374
7633.52,-82.138
7634.19,-81.689
7634.87,-83.569
7635.54,-81.732
7636.21,-81.863
7636.89,-82.360
7637.56,-83.472
7638.23,-82.361
7638.90,-81.897
7639.58,-80.810
7640.25,-82.879
7640.92,-82.483
7641.60,-82.097
7642.27,-80.927
7642.94,-82.387
7643.61,-81.677
7644.29,-83.468
7644.96,-83.319
7645.63,-82.546
7646.31,-80.709
7646.98,-81.973
7647.65,-82.483
7648.32,-82.735
7649.00,-84.310
7649.67,-81.942
7650.34,-82.558
7651.02,-83.780
7651.69,-83.440
7652.36,-81.722
7653.03,-81.587
7653.71,-82.579
7654.38,-82.091
7655.05,-81.292
7655.73,-80.619
7656.40,-80.808
7657.07,-81.528
7657.75,-81.061
7658.42,-82.273
7659.09,-81.968
7659.76,-82.906
7660.44,-83.335
7661.11,-82.596
7661.78,-83.582
7662.46,-82.408
7663.13,-81.455
7663.80,-81.615
7664.47,-82.897
7665.15,-83.548
7665.82,-82.491
7666.49,-82.370
7667.17,-82.188
7667.84,-81.790
7668.51,-83.038
7669.18,-82.005
7669.86,-82.169
7670.53,-82.088
7671.20,-81.880
7671.88,-80.375
7672.55,-82.527
7673.22,-82.794
7673.90,-82.020
7674.57,-79.537
7675.24,-82.095
7675.91,-80.963
7676.59,-81.116
7677.26,-82.474
7677.93,-80.610
7678.61,-80.686
7679.28,-82.231
7679.95,-81.133
7680.62,-82.019
7681.30,-82.333
7681.97,-81.961
7682.64,-82.516
7683.32,-82.198
7683.99,-81.797
7684.66,-81.596
7685.33,-81.959
7686.01,-82.555
7686.68,-81.504
7687.35,-82.819
7688.03,-82.103
7688.70,-80.833
7689.37,-81.707
7690.05,-81.335
7690.72,-80.021
7691.39,-81.558
7692.06,-81.112
7692.74,-81.809
7693.41,-81.712
7694.08,-81.734
7694.76,-80.697
7695.43,-81.977
7696.10,-82.627
7696.77,-81.925
7697.45,-82.271
7698.12,-82.119
7698.79,-82.115
7699.47,-81.597
7700.14,-80.535
7700.81,-82.425
7701.48,-81.603
7702.16,-83.265
7702.83,-82.127
7703.50,-81.646
7704.18,-80.513
7704.85,-80.824
7705.52,-81.399
7706.20,-81.424
7706.87,-82.632
7707.54,-81.675
7708.21,-82.403
7708.89,-81.241
7709.56,-81.687
7710.23,-81.188
7710.91,-80.172
7711.58,-80.971
7712.25,-81.840
7712.92,-82.276
7713.60,-81.468
7714.27,-80.524
7714.94,-81.144
7715.62,-81.862
7716.29,-81.101
7716.96,-81.101
7717.63,-82.011
7718.31,-80.393
7718.98,-81.704
7719.65,-81.247
7720.33,-80.571
7721.00,-81.118
7721.67,-81.255
7722.34,-81.892
7723.02,-81.383
7723.69,-82.675
7724.36,-80.402
7725.04,-80.105
7725.71,-81.025
7726.38,-80.482
7727.06,-79.994
7727.73,-81.002
7728.40,-78.854
7729.07,-80.692
7729.75,-81.808
7730.42,-80.286
7731.09,-79.816
7731.77,-81.322
7732.44,-80.211
7733.11,-79.846
7733.78,-80.743
7734.46,-80.837
7735.13,-81.502
7735.80,-81.061
7736.48,-80.027
7737.15,-80.696
7737.82,-80.641
7738.49,-80.379
7739.17,-79.865
7739.84,-81.402
7740.51,-79.128
7741.19,-79.775
7741.86,-80.653
7742.53,-80.684
7743.21,-79.912
7743.88,-79.951
7744.55,-79.480
7745.22,-81.368
7745.90,-80.908
7746.57,-81.173
7747.24,-79.739
7747.92,-81.780
7748.59,-79.559
7749.26,-79.312
7749.93,-80.278
7750.61,-81.058
7751.28,-79.942
7751.95,-80.517
7752.63,-79.960
7753.30,-79.326
7753.97,-79.558
7754.64,-79.616
7755.32,-78.859
7755.99,-79.681
7756.66,-79.391
7757.34,-80.163
7758.01,-79.166
7758.68,-79.721
7759.36,-81.503
7760.03,-79.784
7760.70,-79.747
7761.37,-79.749
7762.05,-79.214
7762.72,-81.123
7763.39,-80.684
7764.07,-80.779
7764.74,-80.691
7765.41,-78.675
7766.08,-78.546
7766.76,-79.591
7767.43,-80.952
7768.10,-79.716
7768.78,-78.894
7769.45,-78.811
7770.12,-79.214
7770.79,-79.683
7771.47,-79.967
7772.14,-80.941
7772.81,-79.490
7773.49,-79.066
7774.16,-79.242
7774.83,-78.976
7775.51,-78.846
7776.18,-78.689
7776.85,-81.993
7777.52,-79.295
7778.20,-80.118
7778.87,-80.039
7779.54,-79.220
7780.22,-78.570
7780.89,-78.351
7781.56,-80.018
7782.23,-78.896
7782.91,-79.068
7783.58,-79.581
7784.25,-78.068
7784.93,-77.875
7785.60,-80.010
7786.27,-78.103
7786.94,-77.906
7787.62,-78.941
7788.29,-79.808
7788.96,-78.943
7789.64,-78.565
7790.31,-79.526
7790.98,-77.286
7791.65,-78.755
7792.33,-78.917
7793.00,-76.953
7793.67,-77.694
7794.35,-78.396
7795.02,-78.970
7795.69,-78.456
7796.37,-78.681
7797.04,-78.913
7797.71,-78.034
7798.38,-78.730
7799.06,-78.711
7799.73,-77.774
7800.40,-78.388
7801.08,-78.026
7801.75,-79.235
7802.42,-78.096
7803.09,-79.117
7803.77,-77.843
7804.44,-78.226
7805.11,-77.143
7805.79,-78.264
7806.46,-77.840
7807.13,-78.417
7807.80,-78.265
7808.48,-79.523
7809.15,-77.335
7809.82,-77.880
7810.50,-78.225
7811.17,-77.745
7811.84,-77.607
7812.52,-77.815
7813.19,-76.586
7813.86,-78.099
7814.53,-77.305
7815.21,-77.457
7815.88,-77.527
7816.55,-75.715
7817.23,-76.936
7817.90,-77.699
7818.57,-76.948
7819.24,-77.558
7819.92,-78.302
7820.59,-79.383
7821.26,-78.167
7821.94,-76.303
7822.61,-76.947
7823.28,-76.929
7823.95,-77.528
7824.63,-77.447
7825.30,-77.149
7825.97,-76.947
7826.65,-76.264
7827.32,-76.803
7827.99,-75.345
7828.67,-76.035
7829.34,-76.340
7830.01,-76.715
7830.68,-76.044
7831.36,-78.035
7832.03,-77.295
7832.70,-76.707
7833.38,-75.123
7834.05,-76.991
7834.72,-75.585
7835.39,-75.832
7836.07,-76.048
7836.74,-77.797
7837.41,-77.942
7838.09,-75.832
7838.76,-76.581
7839.43,-76.085
7840.10,-78.228
7840.78,-76.491
7841.45,-76.468
7842.12,-78.244
7842.80,-75.999
7843.47,-76.483
7844.14,-77.034
7844.82,-76.314
7845.49,-76.636
7846.16,-75.474
7846.83,-75.592
7847.51,-76.044
7848.18,-76.407
7848.85,-74.850
7849.53,-75.032
7850.20,-75.846
7850.87,-74.256
7851.54,-75.466
7852.22,-75.515
7852.89,-75.154
7853.56,-76.002
7854.24,-75.174
7854.91,-73.575
7855.58,-75.467
7856.25,-75.178
7856.93,-75.220
7857.60,-74.983
7858.27,-75.121
7858.95,-75.211
7859.62,-74.864
7860.29,-73.561
7860.96,-75.511
7861.64,-75.813
7862.31,-75.270
7862.98,-74.522
7863.66,-74.441
7864.33,-75.554
7865.00,-75.417
7865.68,-73.961
7866.35,-74.059
7867.02,-75.148
7867.69,-74.460
7868.37,-74.168
7869.04,-74.726
7869.71,-74.412
7870.39,-74.562
7871.06,-74.451
7871.73,-75.299
7872.40,-73.613
7873.08,-73.403
7873.75,-73.991
7874.42,-73.721
7875.10,-73.763
7875.77,-73.128
7876.44,-72.814
7877.11,-74.702
7877.79,-74.034
7878.46,-73.602
7879.13,-73.608
7879.81,-73.900
7880.48,-73.163
7881.15,-73.697
7881.83,-73.553
7882.50,-73.340
7883.17,-73.172
7883.84,-72.303
7884.52,-72.403
7885.19,-73.077
7885.86,-72.211
7886.54,-74.186
7887.21,-74.546
7887.88,-73.416
7888.55,-73.072
7889.23,-72.232
7889.90,-72.777
7890.57,-72.647
7891.25,-72.974
7891.92,-73.072
7892.59,-73.133
7893.26,-72.024
7893.94,-73.480
7894.61,-72.770
7895.28,-72.542
7895.96,-73.084
7896.63,-72.887
7897.30,-74.072
7897.98,-74.005
7898.65,-73.146
7899.32,-72.896
7899.99,-73.089
7900.67,-72.136
7901.34,-71.454
7902.01,-72.963
7902.69,-73.150
7903.36,-73.491
7904.03,-71.957
7904.70,-72.628
7905.38,-71.432
7906.05,-72.845
7906.72,-71.548
7907.40,-71.883
7908.07,-73.595
7908.74,-72.535
7909.41,-72.381
7910.09,-70.961
7910.76,-71.174
7911.43,-72.270
7912.11,-72.333
7912.78,-72.383
7913.45,-73.009
7914.13,-72.155
7914.80,-74.373
7915.47,-70.568
7916.14,-73.070
7916.82,-71.812
7917.49,-71.655
7918.16,-73.305
7918.84,-73.159
7919.51,-71.439
7920.18,-72.065
7920.85,-71.437
7921.53,-72.713
7922.20,-71.667
7922.87,-72.974
7923.55,-73.344
7924.22,-71.606
7924.89,-71.949
7925.56,-70.989
7926.24,-70.882
7926.91,-73.543
7927.58,-72.966
7928.26,-73.385
7928.93,-73.760
7929.60,-72.846
7930.27,-72.711
7930.95,-73.327
7931.62,-72.183
7932.29,-73.788
7932.97,-72.095
7933.64,-73.144
7934.31,-71.304
7934.99,-72.325
7935.66,-72.932
7936.33,-73.199
7937.00,-72.911
7937.68,-73.353
7938.35,-71.702
7939.02,-72.392
7939.70,-72.654
7940.37,-72.326
7941.04,-71.645
7941.71,-72.585
7942.39,-72.493
7943.06,-70.850
7943.73,-73.072
7944.41,-71.896
7945.08,-72.099
7945.75,-72.225
7946.42,-74.598
7947.10,-72.585
7947.77,-73.598
7948.44,-72.788
7949.12,-73.062
7949.79,-74.833
7950.46,-72.327
7951.14,-73.311
7951.81,-72.925
7952.48,-72.764
7953.15,-73.297
7953.83,-73.524
7954.50,-72.869
7955.17,-73.270
7955.85,-72.898
7956.52,-72.620
7957.19,-73.082
7957.86,-73.878
7958.54,-72.567
7959.21,-73.645
7959.88,-73.746
7960.56,-73.389
7961.23,-73.130
7961.90,-73.622
7962.57,-73.638
7963.25,-72.540
7963.92,-74.960
7964.59,-73.249
7965.27,-74.505
7965.94,-75.596
7966.61,-73.668
7967.29,-74.829
7967.96,-74.786
7968.63,-74.450
7969.30,-74.927
7969.98,-74.992
7970.65,-74.831
7971.32,-73.588
7972.00,-74.875
7972.67,-74.400
7973.34,-74.969
7974.01,-72.874
7974.69,-76.092
7975.36,-73.984
7976.03,-75.133
7976.71,-73.555
7977.38,-74.797
7978.05,-74.686
7978.72,-75.269
7979.40,-75.450
7980.07,-75.454
7980.74,-76.228
7981.42,-76.466
7982.09,-75.910
7982.76,-74.661
7983.44,-73.730
7984.11,-73.756
7984.78,-75.024
7985.45,-74.308
7986.13,-75.700
7986.80,-76.885
7987.47,-75.573
7988.15,-75.275
7988.82,-75.331
7989.49,-75.732
7990.16,-76.454
7990.84,-76.064
7991.51,-74.577
7992.18,-75.932
7992.86,-77.354
7993.53,-77.739
7994.20,-75.903
7994.87,-76.217
7995.55,-75.534
7996.22,-75.026
7996.89,-76.225
7997.57,-75.173
7998.24,-75.169
7998.91,-76.133
7999.58,-76.350
8000.26,-75.357
8000.93,-75.368
8001.60,-75.371
8002.28,-77.969
8002.95,-77.688
8003.62,-76.170
8004.30,-76.262
8004.97,-77.290
8005.64,-77.233
8006.31,-75.863
8006.99,-77.124
8007.66,-75.645
8008.33,-76.136
8009.01,-75.691
8009.68,-75.656
8010.35,-76.855
8011.02,-76.340
8011.70,-75.118
8012.37,-77.125
8013.04,-77.033
8013.72,-77.355
8014.39,-78.211
8015.06,-77.330
8015.73,-76.024
8016.41,-78.146
8017.08,-77.943
8017.75,-77.741
8018.43,-78.175
8019.10,-77.858
8019.77,-77.642
8020.45,-77.073
8021.12,-76.866
8021.79,-78.606
8022.46,-76.252
8023.14,-77.419
8023.81,-77.065
8024.48,-77.545
8025.16,-77.809
8025.83,-76.909
8026.50,-77.546
8027.17,-78.228
8027.85,-77.736
8028.52,-77.055
8029.19,-77.974
8029.87,-77.091
8030.54,-78.873
8031.21,-77.728
8031.88,-79.342
8032.56,-78.241
8033.23,-78.563
8033.90,-79.405
8034.58,-79.921
8035.25,-79.303
8035.92,-78.641
8036.60,-78.990
8037.27,-80.000
8037.94,-78.647
8038.61,-77.222
8039.29,-78.546
8039.96,-78.214
8040.63,-78.426
8041.31,-79.149
8041.98,-79.543
8042.65,-78.508
8043.32,-78.252
8044.00,-78.295
8044.67,-78.796
8045.34,-78.603
8046.02,-79.327
8046.69,-79.007
8047.36,-79.250
8048.03,-78.831
8048.71,-79.138
8049.38,-79.618
8050.05,-79.187
8050.73,-79.646
8051.40,-79.378
8052.07,-80.351
8052.75,-79.371
8053.42,-80.055
8054.09,-79.707
8054.76,-77.865
8055.44,-79.749
8056.11,-80.077
8056.78,-79.941
8057.46,-80.412
8058.13,-79.628
8058.80,-79.959
8059.47,-79.649
8060.15,-80.714
8060.82,-80.221
8061.49,-79.991
8062.17,-80.250
8062.84,-79.237
8063.51,-78.747
8064.18,-80.681
8064.86,-82.227
8065.53,-81.051
8066.20,-79.547
8066.88,-79.438
8067.55,-80.555
8068.22,-80.866
8068.89,-80.092
8069.57,-80.327
8070.24,-81.976
8070.91,-81.039
8071.59,-79.374
8072.26,-79.927
8072.93,-79.307
8073.61,-78.424
8074.28,-79.776
8074.95,-78.902
8075.62,-81.710
8076.30,-81.479
8076.97,-82.254
8077.64,-80.363
8078.32,-80.460
8078.99,-80.062
8079.66,-81.527
8080.33,-80.748
8081.01,-79.883
8081.68,-81.449
8082.35,-81.463
8083.03,-80.113
8083.70,-80.523
8084.37,-81.999
8085.04,-80.721
8085.72,-80.902
8086.39,-81.337
8087.06,-80.283
8087.74,-80.812
8088.41,-81.014
8089.08,-81.723
8089.76,-81.324
8090.43,-81.445
8091.10,-82.570
8091.77,-82.187
8092.45,-79.649
8093.12,-82.036
8093.79,-81.067
8094.47,-80.760
8095.14,-81.967
8095.81,-81.436
8096.48,-81.297
8097.16,-82.375
8097.83,-80.591
8098.50,-80.920
8099.18,-81.261
8099.85,-81.216
8100.52,-82.002
8101.19,-80.924
8101.87,-81.966
8102.54,-80.879
8103.21,-81.616
8103.89,-81.234
8104.56,-83.700
8105.23,-81.922
8105.91,-82.027
8106.58,-82.665
8107.25,-81.965
8107.92,-81.180
8108.60,-83.242
8109.27,-81.377
8109.94,-82.151
8110.62,-80.743
8111.29,-81.194
8111.96,-81.934
8112.63,-80.781
8113.31,-81.504
8113.98,-83.568
8114.65,-82.804
8115.33,-82.353
8116.00,-82.216
8116.67,-82.172
8117.34,-81.730
8118.02,-82.353
8118.69,-82.792
8119.36,-81.367
8120.04,-83.200
8120.71,-81.180
8121.38,-82.476
8122.06,-82.391
8122.73,-81.361
8123.40,-80.724
8124.07,-81.096
8124.75,-81.917
8125.42,-82.176
8126.09,-82.295
8126.77,-82.028
8127.44,-82.340
8128.11,-81.687
8128.78,-82.292
8129.46,-83.017
8130.13,-83.565
8130.80,-82.834
8131.48,-82.572
8132.15,-83.161
8132.82,-83.525
8133.49,-83.860
8134.17,-83.784
8134.84,-83.616
8135.51,-82.883
8136.19,-82.641
8136.86,-84.016
8137.53,-83.616
8138.20,-84.259
8138.88,-81.364
8139.55,-82.972
8140.22,-81.686
8140.90,-82.355
8141.57,-82.019
8142.24,-83.635
8142.92,-82.196
8143.59,-83.613
8144.26,-82.588
8144.93,-82.637
8145.61,-81.443
8146.28,-83.010
8146.95,-84.519
8147.63,-82.916
8148.30,-84.438
8148.97,-83.690
8149.64,-83.051
8150.32,-82.274
8150.99,-82.626
8151.66,-83.536
8152.34,-83.516
8153.01,-84.208
8153.68,-83.412
8154.35,-82.850
8155.03,-81.693
8155.70,-82.843
8156.37,-83.055
8157.05,-84.029
8157.72,-83.722
8158.39,-84.504
8159.07,-83.481
8159.74,-84.634
8160.41,-82.916
8161.08,-84.557
8161.76,-83.257
8162.43,-83.520
8163.10,-83.272
8163.78,-83.824
8164.45,-83.830
8165.12,-83.053
8165.79,-83.485
8166.47,-84.513
8167.14,-84.314
8167.81,-83.330
8168.49,-83.829
8169.16,-81.544
8169.83,-82.692
8170.50,-84.165
8171.18,-83.919
8171.85,-84.304
8172.52,-84.540
8173.20,-84.071
8173.87,-83.815
8174.54,-82.640
8175.22,-83.695
8175.89,-84.520
8176.56,-82.324
8177.23,-82.854
8177.91,-84.075
8178.58,-83.895
8179.25,-83.851
8179.93,-84.769
8180.60,-83.321
8181.27,-81.633
8181.94,-82.608
8182.62,-83.175
8183.29,-82.929
8183.96,-85.577
8184.64,-85.008
8185.31,-84.030
8185.98,-84.924
8186.65,-83.757
8187.33,-83.491
8188.00,-83.429
8188.67,-84.727
8189.35,-84.666
8190.02,-83.766
8190.69,-84.026
8191.37,-85.516
8192.04,-84.312
8192.71,-82.776
8193.38,-84.219
8194.06,-84.470
8194.73,-83.953
8195.40,-86.523
8196.08,-83.934
8196.75,-85.549
8197.42,-85.237
8198.09,-83.520
8198.77,-84.707
8199.44,-84.345
8200.11,-83.203
8200.79,-82.967
8201.46,-83.449
8202.13,-83.934
8202.80,-84.489
8203.48,-86.125
8204.15,-84.407
8204.82,-85.387
8205.50,-84.086
8206.17,-85.802
8206.84,-84.431
8207.51,-83.201
8208.19,-85.246
8208.86,-84.087
8209.53,-83.930
8210.21,-84.060
8210.88,-84.269
8211.55,-84.131
8212.23,-83.617
8212.90,-85.231
8213.57,-84.934
8214.24,-85.060
8214.92,-85.129
8215.59,-83.987
8216.26,-83.980
8216.94,-84.222
8217.61,-86.680
8218.28,-85.643
8218.95,-83.367
8219.63,-84.048
8220.30,-84.585
8220.97,-84.567
8221.65,-83.615
8222.32,-83.586
8222.99,-84.745
8223.66,-85.748
8224.34,-84.905
8225.01,-85.186
8225.68,-83.198
8226.36,-83.151
8227.03,-85.030
8227.70,-83.012
8228.38,-85.454
8229.05,-84.940
8229.72,-86.479
8230.39,-85.208
8231.07,-84.835
8231.74,-86.017
8232.41,-85.263
8233.09,-84.628
8233.76,-85.301
8234.43,-85.910
8235.10,-84.371
8235.78,-86.727
8236.45,-86.209
8237.12,-85.145
8237.80,-85.640
8238.47,-84.614
8239.14,-85.029
8239.81,-84.685
8240.49,-85.259
8241.16,-83.736
8241.83,-83.817
8242.51,-84.452
8243.18,-84.571
8243.85,-85.915
8244.53,-84.847
8245.20,-84.218
8245.87,-84.752
8246.54,-84.060
8247.22,-84.675
8247.89,-84.711
8248.56,-85.138
8249.24,-84.642
8249.91,-85.484
8250.58,-84.741
8251.25,-84.313
8251.93,-85.915
8252.60,-85.357
8253.27,-84.944
8253.95,-86.679
8254.62,-84.997
8255.29,-85.962
8255.96,-85.026
8256.64,-83.952
8257.31,-85.888
8257.98,-85.361
8258.66,-86.003
8259.33,-85.350
8260.00,-85.308
8260.68,-85.216
8261.35,-84.294
8262.02,-85.260
8262.69,-84.115
8263.37,-85.615
8264.04,-86.125
8264.71,-85.738
8265.39,-85.124
8266.06,-84.629
8266.73,-85.356
8267.40,-83.568
8268.08,-84.406
8268.75,-85.705
8269.42,-84.832
8270.10,-84.632
8270.77,-85.931
8271.44,-85.613
8272.11,-86.253
8272.79,-85.380
8273.46,-86.639
8274.13,-85.347
8274.81,-84.461
8275.48,-85.389
8276.15,-85.772
8276.82,-85.084
8277.50,-84.464
8278.17,-83.804
8278.84,-84.025
8279.52,-85.015
8280.19,-84.330
8280.86,-85.155
8281.54,-86.210
8282.21,-84.804
8282.88,-84.275
8283.55,-84.882
8284.23,-84.460
8284.90,-85.675
8285.57,-84.345
8286.25,-84.979
8286.92,-84.881
8287.59,-84.178
8288.26,-86.083
8288.94,-85.201
8289.61,-84.047
8290.28,-83.945
8290.96,-83.920
8291.63,-85.651
8292.30,-83.885
8292.97,-84.468
8293.65,-84.947
8294.32,-86.872
8294.99,-84.810
8295.67,-83.737
8296.34,-85.018
8297.01,-85.004
8297.69,-85.196
8298.36,-85.311
8299.03,-84.758
8299.70,-84.369
8300.38,-85.138
8301.05,-85.116
8301.72,-85.205
8302.40,-85.988
8303.07,-85.344
8303.74,-84.607
8304.41,-86.035
8305.09,-85.395
8305.76,-86.349
8306.43,-85.286
8307.11,-84.714
8307.78,-84.576
8308.45,-85.381
8309.12,-83.898
8309.80,-85.988
8310.47,-84.555
8311.14,-87.369
8311.82,-84.352
8312.49,-86.823
8313.16,-84.868
8313.84,-84.470
8314.51,-84.712
8315.18,-84.972
8315.85,-85.447
8316.53,-85.108
8317.20,-85.836
8317.87,-85.202
8318.55,-84.077
8319.22,-85.206
8319.89,-85.819
8320.56,-85.090
8321.24,-86.045
8321.91,-85.693
8322.58,-86.256
8323.26,-84.838
8323.93,-84.723
8324.60,-85.473
8325.27,-84.165
8325.95,-84.516
8326.62,-84.140
8327.29,-83.302
8327.97,-84.924
8328.64,-84.728
8329.31,-84.025
8329.99,-83.778
8330.66,-83.480
8331.33,-85.669
8332.00,-84.225
8332.68,-86.333
8333.35,-86.692
8334.02,-84.879
8334.70,-85.220
8335.37,-84.692
8336.04,-86.743
8336.71,-86.131
8337.39,-84.852
8338.06,-84.322
8338.73,-85.185
8339.41,-86.448
8340.08,-84.445
8340.75,-84.877
8341.42,-84.267
8342.10,-83.954
8342.77,-85.474
8343.44,-84.580
8344.12,-83.672
8344.79,-84.839
8345.46,-85.292
8346.13,-85.188
8346.81,-84.520
8347.48,-85.190
8348.15,-85.691
8348.83,-85.024
8349.50,-84.366
8350.17,-85.799
8350.85,-84.468
8351.52,-84.069
8352.19,-84.492
8352.86,-85.256
8353.54,-85.289
8354.21,-85.367
8354.88,-84.150
8355.56,-84.943
8356.23,-84.647
8356.90,-85.044
8357.57,-84.884
8358.25,-85.144
8358.92,-84.842
8359.59,-85.157
8360.27,-85.540
8360.94,-84.613
8361.61,-85.829
8362.28,-86.306
8362.96,-85.085
8363.63,-84.173
8364.30,-85.644
8364.98,-84.888
8365.65,-84.945
8366.32,-84.948
8367.00,-84.047
8367.67,-84.683
8368.34,-84.837
8369.01,-84.635
8369.69,-84.220
8370.36,-84.811
8371.03,-85.034
8371.71,-84.035
8372.38,-85.003
8373.05,-84.411
8373.72,-84.530
8374.40,-85.019
8375.07,-85.135
8375.74,-84.366
8376.42,-85.938
8377.09,-85.858
8377.76,-83.699
8378.43,-84.016
8379.11,-84.683
8379.78,-85.195
8380.45,-86.053
8381.13,-86.183
8381.80,-86.880
8382.47,-85.846
8383.15,-83.225
8383.82,-84.104
8384.49,-83.056
8385.16,-84.448
8385.84,-85.749
8386.51,-85.742
8387.18,-84.345
8387.86,-84.151
8388.53,-84.746
8389.20,-84.519
8389.87,-84.612
8390.55,-85.353
8391.22,-85.155
8391.89,-85.683
8392.57,-84.505
8393.24,-83.912
8393.91,-84.694
8394.58,-84.111
8395.26,-84.124
8395.93,-85.172
8396.60,-83.418
8397.28,-84.600
8397.95,-83.792
8398.62,-84.592
8399.30,-84.908
8399.97,-83.817
8400.64,-84.053
8401.31,-85.195
8401.99,-84.946
8402.66,-84.461
8403.33,-84.735
8404.01,-84.000
8404.68,-85.108
8405.35,-85.202
8406.02,-84.237
8406.70,-83.040
8407.37,-84.719
8408.04,-84.583
8408.72,-82.988
8409.39,-85.125
8410.06,-83.745
8410.73,-82.970
8411.41,-83.603
8412.08,-85.068
8412.75,-85.108
8413.43,-85.731
8414.10,-84.191
8414.77,-85.066
8415.44,-84.045
8416.12,-83.543
8416.79,-83.406
8417.46,-81.870
8418.14,-84.293
8418.81,-83.842
8419.48,-83.970
8420.16,-84.620
8420.83,-82.952
8421.50,-83.761
8422.17,-83.903
8422.85,-83.468
8423.52,-84.070
8424.19,-83.135
8424.87,-82.607
8425.54,-83.624
8426.21,-82.819
8426.88,-83.055
8427.56,-83.757
8428.23,-83.214
8428.90,-83.523
8429.58,-84.715
8430.25,-83.288
8430.92,-83.562
8431.59,-86.228
8432.27,-84.348
8432.94,-84.316
8433.61,-83.548
8434.29,-84.596
8434.96,-85.304
8435.63,-85.557
8436.31,-83.527
8436.98,-83.160
8437.65,-84.842
8438.32,-83.628
8439.00,-83.265
8439.67,-83.210
8440.34,-83.967
8441.02,-83.369
8441.69,-83.341
8442.36,-82.350
8443.03,-82.760
8443.71,-83.169
8444.38,-82.347
8445.05,-82.319
8445.73,-84.087
8446.40,-82.898
8447.07,-85.052
8447.74,-82.393
8448.42,-82.482
8449.09,-82.775
8449.76,-83.706
8450.44,-81.614
8451.11,-83.333
8451.78,-84.194
8452.46,-83.377
8453.13,-82.769
8453.80,-83.566
8454.47,-83.773
8455.15,-84.374
8455.82,-84.774
8456.49,-83.692
8457.17,-83.035
8457.84,-82.993
8458.51,-83.165
8459.18,-83.736
8459.86,-84.815
8460.53,-83.649
8461.20,-82.804
8461.88,-81.855
8462.55,-83.061
8463.22,-82.275
8463.89,-83.820
8464.57,-84.077
8465.24,-82.313
8465.91,-82.559
8466.59,-83.952
8467.26,-84.860
8467.93,-84.077
8468.61,-84.269
8469.28,-83.260
8469.95,-83.156
8470.62,-83.247
8471.30,-81.148
8471.97,-82.206
8472.64,-81.840
8473.32,-82.354
8473.99,-82.469
8474.66,-85.116
8475.33,-83.149
8476.01,-82.875
8476.68,-82.980
8477.35,-82.900
8478.03,-82.200
8478.70,-82.284
8479.37,-81.722
8480.04,-83.035
8480.72,-81.788
8481.39,-83.109
8482.06,-83.234
8482.74,-81.807
8483.41,-82.401
8484.08,-81.587
8484.75,-81.574
8485.43,-81.982
8486.10,-82.566
8486.77,-80.798
8487.45,-82.947
8488.12,-81.911
8488.79,-82.137
8489.47,-82.496
8490.14,-82.480
8490.81,-84.165
8491.48,-82.234
8492.16,-82.288
8492.83,-82.565
8493.50,-82.282
8494.18,-82.199
8494.85,-82.649
8495.52,-82.549
8496.19,-82.404
8496.87,-81.479
8497.54,-80.991
8498.21,-81.762
8498.89,-80.726
8499.56,-82.607
8500.23,-81.890
8500.90,-82.911
8501.58,-83.987
8502.25,-81.988
8502.92,-83.413
8503.60,-82.134
8504.27,-82.556
8504.94,-81.496
8505.62,-80.510
8506.29,-82.067
8506.96,-81.835
8507.63,-81.023
8508.31,-83.186
8508.98,-81.711
8509.65,-83.769
8510.33,-82.792
8511.00,-82.075
8511.67,-82.540
8512.34,-81.427
8513.02,-81.176
8513.69,-82.001
8514.36,-81.802
8515.04,-82.721
8515.71,-82.699
8516.38,-80.581
8517.05,-81.603
8517.73,-82.720
8518.40,-82.386
8519.07,-81.472
8519.75,-80.327
8520.42,-80.510
8521.09,-80.443
8521.77,-80.372
8522.44,-81.145
8523.11,-81.338
8523.78,-81.361
8524.46,-82.041
8525.13,-81.763
8525.80,-81.757
8526.48,-83.330
8527.15,-83.248
8527.82,-81.920
8528.49,-81.139
8529.17,-79.793
8529.84,-81.554
8530.51,-82.372
8531.19,-82.805
8531.86,-81.428
8532.53,-81.188
8533.20,-81.145
8533.88,-79.940
8534.55,-80.673
8535.22,-81.678
8535.90,-80.645
8536.57,-81.823
8537.24,-80.234
8537.92,-80.911
8538.59,-81.674
8539.26,-80.363
8539.93,-80.548
8540.61,-80.362
8541.28,-81.023
8541.95,-80.085
8542.63,-79.643
8543.30,-81.546
8543.97,-80.321
8544.64,-80.514
8545.32,-81.474
8545.99,-80.841
8546.66,-79.100
8547.34,-80.066
8548.01,-80.694
8548.68,-80.431
8549.35,-80.433
8550.03,-80.040
8550.70,-80.045
8551.37,-81.041
8552.05,-80.007
8552.72,-79.434
8553.39,-79.670
8554.06,-79.632
8554.74,-80.136
8555.41,-80.030
8556.08,-79.661
8556.76,-79.481
8557.43,-81.119
8558.10,-80.103
8558.78,-78.694
8559.45,-80.514
8560.12,-82.869
8560.79,-79.390
8561.47,-79.727
8562.14,-79.736
8562.81,-80.070
8563.49,-79.681
8564.16,-81.910
8564.83,-78.867
8565.50,-78.179
8566.18,-78.646
8566.85,-79.819
8567.52,-79.056
8568.20,-79.651
8568.87,-79.040
8569.54,-79.372
8570.21,-79.393
8570.89,-80.044
8571.56,-79.661
8572.23,-80.558
8572.91,-79.449
8573.58,-79.142
8574.25,-77.997
8574.93,-79.179
8575.60,-79.076
8576.27,-77.869
8576.94,-78.752
8577.62,-79.637
8578.29,-79.581
8578.96,-78.937
8579.64,-79.223
8580.31,-79.070
8580.98,-79.139
8581.65,-77.710
8582.33,-78.363
8583.00,-78.307
8583.67,-78.924
8584.35,-79.234
8585.02,-78.705
8585.69,-78.746
8586.36,-78.741
8587.04,-77.785
8587.71,-77.693
8588.38,-78.534
8589.06,-78.635
8589.73,-78.676
8590.40,-78.895
8591.08,-78.835
8591.75,-77.467
8592.42,-79.139
8593.09,-77.699
8593.77,-78.405
8594.44,-78.991
8595.11,-79.039
8595.79,-78.903
8596.46,-77.001
8597.13,-77.237
8597.80,-78.621
8598.48,-79.156
8599.15,-78.585
8599.82,-78.836
8600.50,-78.705
8601.17,-79.398
8601.84,-80.260
8602.51,-79.049
8603.19,-78.257
8603.86,-77.345
8604.53,-79.193
8605.21,-77.788
8605.88,-80.415
8606.55,-78.019
8607.23,-77.752
8607.90,-78.483
8608.57,-76.777
8609.24,-79.567
8609.92,-76.621
8610.59,-77.374
8611.26,-78.258
8611.94,-77.671
8612.61,-77.122
8613.28,-78.790
8613.95,-78.081
8614.63,-80.584
8615.30,-80.699
8615.97,-79.005
8616.65,-77.996
8617.32,-77.697
8617.99,-79.096
8618.66,-79.178
8619.34,-77.093
8620.01,-77.773
8620.68,-77.832
8621.36,-78.365
8622.03,-78.069
8622.70,-77.794
8623.37,-77.720
8624.05,-77.923
8624.72,-76.651
8625.39,-79.022
8626.07,-77.500
8626.74,-76.852
8627.41,-78.284
8628.09,-77.534
8628.76,-78.173
8629.43,-78.827
8630.10,-78.087
8630.78,-77.648
8631.45,-76.350
8632.12,-78.102
8632.80,-77.219
8633.47,-78.505
8634.14,-77.695
8634.81,-78.123
8635.49,-77.703
8636.16,-77.495
8636.83,-77.821
8637.51,-77.979
8638.18,-77.960
8638.85,-78.153
8639.52,-77.081
8640.20,-76.810
8640.87,-77.837
8641.54,-80.032
8642.22,-78.476
8642.89,-78.767
8643.56,-77.706
8644.24,-77.401
8644.91,-77.743
8645.58,-76.270
8646.25,-77.006
8646.93,-77.333
8647.60,-76.612
8648.27,-77.935
8648.95,-77.585
8649.62,-76.869
8650.29,-77.463
8650.96,-77.283
8651.64,-77.877
8652.31,-77.635
8652.98,-77.424
8653.66,-77.254
8654.33,-78.277
8655.00,-78.710
8655.67,-78.499
8656.35,-79.007
8657.02,-78.144
8657.69,-80.016
8658.37,-78.958
8659.04,-78.972
8659.71,-77.113
8660.39,-77.200
8661.06,-77.280
8661.73,-76.110
8662.40,-76.818
8663.08,-77.886
8663.75,-77.590
8664.42,-77.754
8665.10,-78.887
8665.77,-77.796
8666.44,-78.315
8667.11,-79.193
8667.79,-78.803
8668.46,-77.004
8669.13,-79.127
8669.81,-78.837
8670.48,-79.734
8671.15,-78.005
8671.82,-77.386
8672.50,-77.601
8673.17,-77.706
8673.84,-77.004
8674.52,-77.911
8675.19,-78.836
8675.86,-78.003
8676.54,-78.107
8677.21,-77.540
8677.88,-79.094
8678.55,-77.484
8679.23,-78.611
8679.90,-77.631
8680.57,-78.000
8681.25,-79.058
8681.92,-79.193
8682.59,-77.388
8683.26,-79.186
8683.94,-78.366
8684.61,-78.466
8685.28,-78.219
8685.96,-79.897
8686.63,-78.873
8687.30,-78.445
8687.97,-78.188
8688.65,-78.866
8689.32,-78.959
8689.99,-77.595
8690.67,-79.980
8691.34,-79.962
8692.01,-80.294
8692.68,-79.776
8693.36,-79.924
8694.03,-79.660
8694.70,-79.444
8695.38,-78.655
8696.05,-78.389
8696.72,-79.781
8697.40,-79.444
8698.07,-79.581
8698.74,-78.473
8699.41,-80.085
8700.09,-81.444
8700.76,-79.302
8701.43,-79.424
8702.11,-79.738
8702.78,-79.717
8703.45,-80.216
8704.12,-81.207
8704.80,-78.698
8705.47,-78.601
8706.14,-79.581
8706.82,-80.178
8707.49,-79.753
8708.16,-81.010
8708.83,-81.041
8709.51,-79.057
8710.18,-79.918
8710.85,-79.683
8711.53,-80.625
8712.20,-80.983
8712.87,-79.561
8713.55,-80.471
8714.22,-80.054
8714.89,-81.169
8715.56,-81.032
8716.24,-79.829
8716.91,-80.538
8717.58,-81.703
8718.26,-81.717
8718.93,-80.856
8719.60,-81.891
8720.27,-80.867
8720.95,-80.798
8721.62,-79.777
8722.29,-79.427
8722.97,-81.073
8723.64,-79.587
8724.31,-80.818
8724.98,-80.689
8725.66,-79.847
8726.33,-79.826
8727.00,-80.269
8727.68,-81.898
8728.35,-79.603
8729.02,-80.708
8729.70,-80.283
8730.37,-81.341
8731.04,-79.832
8731.71,-80.526
8732.39,-80.303
8733.06,-79.677
8733.73,-80.191
8734.41,-81.129
8735.08,-81.146
8735.75,-81.948
8736.42,-82.711
8737.10,-81.278
8737.77,-82.149
8738.44,-81.238
8739.12,-81.629
8739.79,-80.464
8740.46,-82.323
8741.13,-82.172
8741.81,-81.240
8742.48,-80.197
8743.15,-80.935
8743.83,-81.641
8744.50,-82.472
8745.17,-80.885
8745.85,-81.971
8746.52,-81.343
8747.19,-82.491
8747.86,-82.107
8748.54,-80.628
8749.21,-81.517
8749.88,-80.454
8750.56,-80.844
8751.23,-81.335
8751.90,-82.015
8752.57,-81.645
8753.25,-81.527
8753.92,-81.497
8754.59,-84.176
8755.27,-81.750
8755.94,-82.193
8756.61,-83.041
8757.28,-81.084
8757.96,-82.052
8758.63,-81.907
8759.30,-82.462
8759.98,-82.759
8760.65,-82.762
8761.32,-82.149
8761.99,-81.751
8762.67,-82.597
8763.34,-82.630
8764.01,-83.288
8764.69,-83.634
8765.36,-83.227
8766.03,-83.407
8766.71,-82.205
8767.38,-82.033
8768.05,-83.376
8768.72,-82.305
8769.40,-84.874
8770.07,-83.132
8770.74,-83.405
8771.42,-83.871
8772.09,-83.385
8772.76,-82.722
8773.43,-82.386
8774.11,-82.425
8774.78,-81.383
8775.45,-82.357
8776.13,-82.712
8776.80,-82.880
8777.47,-85.118
8778.14,-82.604
8778.82,-83.411
8779.49,-82.103
8780.16,-81.980
8780.84,-83.704
8781.51,-82.612
8782.18,-84.272
8782.86,-82.180
8783.53,-84.287
8784.20,-82.396
8784.87,-81.581
8785.55,-83.132
8786.22,-82.656
8786.89,-85.548
8787.57,-83.535
8788.24,-82.669
8788.91,-84.822
8789.58,-84.095
8790.26,-83.262
8790.93,-83.941
8791.60,-83.649
8792.28,-84.803
8792.95,-83.053
8793.62,-83.995
8794.29,-82.962
8794.97,-83.434
8795.64,-84.426
8796.31,-82.828
8796.99,-84.345
8797.66,-84.584
8798.33,-84.602
8799.01,-84.208
8799.68,-83.017
8800.35,-85.814
8801.02,-83.870
8801.70,-84.756
8802.37,-84.823
8803.04,-83.183
8803.72,-84.005
8804.39,-85.035
8805.06,-83.458
8805.73,-83.586
8806.41,-85.773
8807.08,-85.924
8807.75,-85.030
8808.43,-84.959
8809.10,-84.203
8809.77,-84.247
8810.44,-84.347
8811.12,-84.046
8811.79,-84.579
8812.46,-85.338
8813.14,-84.985
8813.81,-84.765
8814.48,-84.393
8815.16,-84.264
8815.83,-86.158
8816.50,-84.380
8817.17,-86.372
8817.85,-84.347
8818.52,-85.046
8819.19,-84.922
8819.87,-84.603
8820.54,-84.456
8821.21,-85.505
8821.88,-84.621
8822.56,-84.891
8823.23,-86.974
8823.90,-84.747
8824.58,-85.712
8825.25,-85.719
8825.92,-86.081
8826.59,-86.426
8827.27,-84.437
8827.94,-85.191
8828.61,-86.596
8829.29,-85.394
8829.96,-84.644
8830.63,-85.711
8831.30,-85.220
8831.98,-86.327
8832.65,-86.545
8833.32,-86.200
8834.00,-86.238
8834.67,-85.248
8835.34,-85.663
8836.02,-86.027
8836.69,-85.347
8837.36,-85.448
8838.03,-85.340
8838.71,-86.186
8839.38,-86.393
8840.05,-85.530
8840.73,-84.596
8841.40,-85.395
8842.07,-85.879
8842.74,-87.649
8843.42,-87.611
8844.09,-86.567
8844.76,-86.597
8845.44,-85.457
8846.11,-85.507
8846.78,-84.300
8847.45,-84.705
8848.13,-85.615
8848.80,-86.823
8849.47,-85.899
8850.15,-85.272
8850.82,-86.472
8851.49,-86.501
8852.17,-87.792
8852.84,-86.848
8853.51,-86.217
8854.18,-86.456
8854.86,-86.351
8855.53,-86.040
8856.20,-86.901
8856.88,-86.998
8857.55,-86.225
8858.22,-85.784
8858.89,-85.498
8859.57,-87.091
8860.24,-85.599
8860.91,-85.648
8861.59,-87.216
8862.26,-87.708
8862.93,-86.165
8863.60,-86.659
8864.28,-86.348
8864.95,-86.552
8865.62,-88.695
8866.30,-86.517
8866.97,-88.001
8867.64,-86.762
8868.32,-85.729
8868.99,-86.794
8869.66,-86.244
8870.33,-86.612
8871.01,-85.717
8871.68,-86.904
8872.35,-86.118
8873.03,-87.083
8873.70,-86.654
8874.37,-86.760
8875.04,-88.833
8875.72,-88.199
8876.39,-86.617
8877.06,-86.613
8877.74,-87.486
8878.41,-87.056
8879.08,-86.521
8879.75,-86.834
8880.43,-87.560
8881.10,-88.581
8881.77,-88.315
8882.45,-86.718
8883.12,-87.884
8883.79,-86.330
8884.47,-86.661
8885.14,-87.930
8885.81,-87.405
8886.48,-88.279
8887.16,-87.663
8887.83,-88.445
8888.50,-86.343
8889.18,-87.103
8889.85,-88.188
8890.52,-87.076
8891.19,-86.614
8891.87,-88.016
8892.54,-88.048
8893.21,-88.086
8893.89,-88.083
8894.56,-88.014
8895.23,-87.969
8895.90,-86.318
8896.58,-86.727
8897.25,-87.113
8897.92,-87.224
8898.60,-88.477
8899.27,-88.802
8899.94,-87.979
8900.61,-88.369
8901.29,-88.467
8901.96,-87.742
8902.63,-87.830
8903.31,-88.732
8903.98,-88.073
8904.65,-86.949
8905.33,-88.021
8906.00,-86.549
8906.67,-88.189
8907.34,-87.697
8908.02,-88.126
8908.69,-88.059
8909.36,-87.763
8910.04,-87.870
8910.71,-87.995
8911.38,-88.243
8912.05,-87.274
8912.73,-86.902
8913.40,-88.518
8914.07,-87.665
8914.75,-87.997
8915.42,-88.506
8916.09,-89.130
8916.76,-88.791
8917.44,-89.823
8918.11,-87.639
8918.78,-89.426
8919.46,-88.371
8920.13,-88.481
8920.80,-88.817
8921.48,-89.076
8922.15,-89.450
8922.82,-88.215
8923.49,-88.662
8924.17,-87.642
8924.84,-87.284
8925.51,-87.210
8926.19,-89.472
8926.86,-88.860
8927.53,-89.404
8928.20,-88.305
8928.88,-89.065
8929.55,-87.736
8930.22,-88.015
8930.90,-88.889
8931.57,-88.311
8932.24,-88.790
8932.91,-88.092
8933.59,-87.781
8934.26,-88.886
8934.93,-88.721
8935.61,-88.151
8936.28,-87.742
8936.95,-89.404
8937.63,-89.018
8938.30,-89.147
8938.97,-90.826
8939.64,-87.752
8940.32,-89.593
8940.99,-89.588
8941.66,-89.359
8942.34,-88.029
8943.01,-88.054
8943.68,-88.872
8944.35,-89.316
8945.03,-88.662
8945.70,-89.688
8946.37,-89.024
8947.05,-88.219
8947.72,-89.061
8948.39,-89.435
8949.06,-87.848
8949.74,-90.171
8950.41,-87.880
8951.08,-89.317
8951.76,-89.316
8952.43,-88.237
8953.10,-90.248
8953.78,-89.982
8954.45,-87.971
8955.12,-88.901
8955.79,-89.402
8956.47,-89.358
8957.14,-89.391
8957.81,-89.921
8958.49,-89.065
8959.16,-90.202
8959.83,-88.861
8960.50,-88.838
8961.18,-90.872
8961.85,-91.101
8962.52,-88.999
8963.20,-88.755
8963.87,-88.463
8964.54,-89.760
8965.21,-89.420
8965.89,-90.011
8966.56,-89.772
8967.23,-89.247
8967.91,-89.176
8968.58,-89.455
8969.25,-89.406
8969.92,-90.064
8970.60,-89.188
8971.27,-88.735
8971.94,-89.142
8972.62,-89.951
8973.29,-89.177
8973.96,-89.989
8974.64,-89.281
8975.31,-89.318
8975.98,-90.154
8976.65,-91.280
8977.33,-88.695
8978.00,-90.254
8978.67,-90.273
8979.35,-88.722
8980.02,-89.410
8980.69,-90.243
8981.36,-89.364
8982.04,-89.634
8982.71,-90.908
8983.38,-88.819
8984.06,-91.646
8984.73,-89.801
8985.40,-89.644
8986.07,-89.551
8986.75,-88.577
8987.42,-90.100
8988.09,-89.057
8988.77,-90.898
8989.44,-89.969
8990.11,-89.246
8990.79,-88.535
8991.46,-90.084
8992.13,-89.070
8992.80,-91.125
8993.48,-90.366
8994.15,-89.072
8994.82,-90.656
8995.50,-89.654
8996.17,-89.731
8996.84,-88.403
8997.51,-90.141
8998.19,-90.201
8998.86,-90.325
8999.53,-89.765
9000.21,-89.290
9000.88,-89.980
9001.55,-89.485
9002.22,-90.340
9002.90,-90.994
9003.57,-89.768
9004.24,-89.761
9004.92,-90.766
9005.59,-90.206
9006.26,-90.568
9006.94,-90.272
9007.61,-90.884
9008.28,-90.113
9008.95,-90.187
9009.63,-88.781
9010.30,-89.847
9010.97,-90.935
9011.65,-90.291
9012.32,-90.335
9012.99,-90.688
9013.66,-89.879
9014.34,-89.857
9015.01,-90.909
9015.68,-90.835
9016.36,-92.183
9017.03,-89.753
9017.70,-91.635
9018.37,-89.809
9019.05,-89.530
9019.72,-90.634
9020.39,-89.662
9021.07,-88.854
9021.74,-90.856
9022.41,-90.562
9023.09,-90.787
9023.76,-90.720
9024.43,-91.258
9025.10,-91.768
9025.78,-91.161
9026.45,-90.419
9027.12,-89.597
9027.80,-90.355
9028.47,-90.121
9029.14,-89.908
9029.81,-89.377
9030.49,-90.316
9031.16,-90.791
9031.83,-89.870
9032.51,-90.582
9033.18,-91.475
9033.85,-89.382
9034.52,-89.224
9035.20,-90.306
9035.87,-90.247
9036.54,-90.356
9037.22,-90.296
9037.89,-89.879
9038.56,-90.932
9039.23,-91.113
9039.91,-91.305
9040.58,-90.698
9041.25,-91.442
9041.93,-90.932
9042.60,-90.091
9043.27,-89.586
9043.95,-89.388
9044.62,-90.719
9045.29,-90.754
9045.96,-89.240
9046.64,-92.857
9047.31,-89.617
9047.98,-91.127
9048.66,-90.526
9049.33,-90.172
9050.00,-90.589
9050.67,-89.808
9051.35,-89.862
9052.02,-90.909
9052.69,-90.315
9053.37,-90.563
9054.04,-90.977
9054.71,-89.522
9055.38,-89.842
9056.06,-89.903
9056.73,-90.653
9057.40,-91.382
9058.08,-89.144
9058.75,-93.027
9059.42,-90.529
9060.10,-89.869
9060.77,-90.434
9061.44,-90.403
9062.11,-90.375
9062.79,-91.569
9063.46,-92.040
9064.13,-90.932
9064.81,-90.651
9065.48,-92.426
9066.15,-91.189
9066.82,-91.951
9067.50,-90.765
9068.17,-92.152
9068.84,-90.926
9069.52,-90.336
9070.19,-90.956
9070.86,-90.077
9071.53,-90.057
9072.21,-89.536
9072.88,-90.779
9073.55,-90.528
9074.23,-90.215
9074.90,-89.082
9075.57,-89.770
9076.25,-90.924
9076.92,-91.111
9077.59,-91.705
9078.26,-90.333
9078.94,-91.056
9079.61,-90.995
9080.28,-90.712
9080.96,-90.752
9081.63,-90.251
9082.30,-92.130
9082.97,-91.430
9083.65,-90.894
9084.32,-89.634
9084.99,-92.462
9085.67,-91.948
9086.34,-91.605
9087.01,-91.170
9087.68,-91.726
9088.36,-91.454
9089.03,-90.766
9089.70,-89.935
9090.38,-91.784
9091.05,-92.341
9091.72,-90.635
9092.40,-91.496
9093.07,-90.987
9093.74,-91.530
9094.41,-90.411
9095.09,-90.830
9095.76,-91.163
9096.43,-90.872
9097.11,-90.592
9097.78,-91.035
9098.45,-91.929
9099.12,-91.634
9099.80,-89.930
9100.47,-90.560
9101.14,-92.010
9101.82,-92.205
9102.49,-90.627
9103.16,-92.047
9103.83,-91.035
9104.51,-91.059
9105.18,-91.794
9105.85,-91.388
9106.53,-91.492
9107.20,-90.588
9107.87,-91.501
9108.54,-90.244
9109.22,-90.364
9109.89,-90.718
9110.56,-90.802
9111.24,-91.245
9111.91,-90.670
9112.58,-90.904
9113.26,-90.259
9113.93,-91.477
9114.60,-91.164
9115.27,-90.474
9115.95,-91.593
9116.62,-91.298
9117.29,-91.241
9117.97,-91.088
9118.64,-90.705
9119.31,-90.114
9119.98,-90.390
9120.66,-92.306
9121.33,-91.912
9122.00,-92.784
9122.68,-91.065
9123.35,-91.435
9124.02,-91.104
9124.69,-90.876
9125.37,-91.062
9126.04,-91.073
9126.71,-90.047
9127.39,-89.607
9128.06,-91.636
9128.73,-91.558
9129.41,-90.406
9130.08,-91.155
9130.75,-91.536
9131.42,-90.977
9132.10,-92.867
9132.77,-91.258
9133.44,-91.884
9134.12,-91.315
9134.79,-91.538
9135.46,-90.297
9136.13,-92.128
9136.81,-90.706
9137.48,-91.185
9138.15,-90.360
9138.83,-90.308
9139.50,-91.611
9140.17,-91.653
9140.84,-90.809
9141.52,-90.017
9142.19,-91.274
9142.86,-91.068
9143.54,-90.051
9144.21,-90.696
9144.88,-91.825
9145.56,-91.351
9146.23,-91.498
9146.90,-90.316
9147.57,-92.423
9148.25,-91.023
9148.92,-90.852
9149.59,-90.837
9150.27,-90.145
9150.94,-91.426
9151.61,-90.956
9152.28,-91.216
9152.96,-93.639
9153.63,-91.424
9154.30,-91.570
9154.98,-92.186
9155.65,-92.278
9156.32,-90.460
9156.99,-91.044
9157.67,-91.326
9158.34,-90.544
9159.01,-91.303
9159.69,-93.080
9160.36,-91.635
9161.03,-90.516
9161.71,-92.011
9162.38,-91.670
9163.05,-90.723
9163.72,-92.277
9164.40,-91.251
9165.07,-91.123
9165.74,-90.895
9166.42,-91.256
9167.09,-91.091
9167.76,-93.251
9168.43,-92.090
9169.11,-90.342
9169.78,-90.656
9170.45,-91.345
9171.13,-90.014
9171.80,-91.573
9172.47,-90.456
9173.14,-91.391
9173.82,-91.129
9174.49,-92.077
9175.16,-92.098
9175.84,-92.232
9176.51,-91.736
9177.18,-90.584
9177.85,-90.988
9178.53,-90.200
9179.20,-92.388
9179.87,-89.690
9180.55,-91.298
9181.22,-90.616
9181.89,-90.825
9182.57,-93.035
9183.24,-91.973
9183.91,-91.301
9184.58,-89.760
9185.26,-91.504
9185.93,-92.476
9186.60,-89.622
9187.28,-91.146
9187.95,-90.181
9188.62,-90.363
9189.29,-89.497
9189.97,-91.163
9190.64,-91.472
9191.31,-91.254
9191.99,-91.050
9192.66,-90.400
9193.33,-90.775
9194.00,-90.931
9194.68,-91.554
9195.35,-89.460
9196.02,-90.787
9196.70,-91.818
9197.37,-91.913
9198.04,-90.068
9198.72,-89.695
9199.39,-91.411
9200.06,-89.833
9200.73,-91.065
9201.41,-91.338
9202.08,-91.943
9202.75,-91.024
9203.43,-90.510
9204.10,-90.523
9204.77,-90.223
9205.44,-90.179
9206.12,-91.546
9206.79,-90.367
9207.46,-90.698
9208.14,-90.370
9208.81,-90.127
9209.48,-91.743
9210.15,-88.848
9210.83,-89.883
9211.50,-91.851
9212.17,-91.810
9212.85,-91.154
9213.52,-90.097
9214.19,-91.141
9214.87,-92.199
9215.54,-90.766
9216.21,-91.241
9216.88,-90.589
9217.56,-92.115
9218.23,-92.292
9218.90,-90.644
9219.58,-90.321
9220.25,-91.528
9220.92,-91.035
9221.59,-91.088
9222.27,-90.142
9222.94,-90.629
9223.61,-90.437
9224.29,-90.741
9224.96,-89.327
9225.63,-92.365
9226.30,-90.354
9226.98,-90.637
9227.65,-90.527
9228.32,-90.363
9229.00,-90.017
9229.67,-90.992
9230.34,-90.140
9231.02,-90.700
9231.69,-91.051
9232.36,-90.581
9233.03,-91.335
9233.71,-91.409
9234.38,-89.651
9235.05,-90.490
9235.73,-90.931
9236.40,-90.112
9237.07,-90.425
9237.74,-91.150
9238.42,-92.336
9239.09,-91.391
9239.76,-90.228
9240.44,-90.676
9241.11,-90.701
9241.78,-91.463
9242.45,-90.485
9243.13,-90.270
9243.80,-90.826
9244.47,-89.713
9245.15,-89.856
9245.82,-90.646
9246.49,-90.400
9247.16,-90.807
9247.84,-90.093
9248.51,-90.970
9249.18,-90.516
9249.86,-90.261
9250.53,-89.875
9251.20,-90.805
9251.88,-90.760
9252.55,-90.698
9253.22,-90.085
9253.89,-89.693
9254.57,-91.494
9255.24,-90.537
9255.91,-91.195
9256.59,-90.318
9257.26,-89.579
9257.93,-90.282
9258.60,-89.292
9259.28,-89.533
9259.95,-89.945
9260.62,-90.694
9261.30,-90.341
9261.97,-91.145
9262.64,-89.505
9263.31,-90.640
9263.99,-90.984
9264.66,-90.849
9265.33,-91.053
9266.01,-89.368
9266.68,-90.319
9267.35,-90.732
9268.03,-91.493
9268.70,-90.519
9269.37,-91.047
9270.04,-89.956
9270.72,-91.496
9271.39,-90.283
9272.06,-89.956
9272.74,-90.167
9273.41,-91.597
9274.08,-90.164
9274.75,-89.512
9275.43,-91.160
9276.10,-90.292
9276.77,-90.594
9277.45,-91.532
9278.12,-90.825
9278.79,-90.171
9279.46,-90.323
9280.14,-91.430
9280.81,-89.533
9281.48,-90.570
9282.16,-90.691
9282.83,-89.403
9283.50,-89.581
9284.18,-89.213
9284.85,-88.686
9285.52,-90.009
9286.19,-90.548
9286.87,-91.721
9287.54,-91.330
9288.21,-89.185
9288.89,-91.013
9289.56,-89.936
9290.23,-91.618
9290.90,-90.321
9291.58,-90.990
9292.25,-89.864
9292.92,-90.566
9293.60,-90.129
9294.27,-89.472
9294.94,-90.527
9295.61,-90.958
9296.29,-90.406
9296.96,-89.100
9297.63,-90.344
9298.31,-89.759
9298.98,-90.217
9299.65,-90.108
9300.33,-87.903
9301.00,-89.568
9301.67,-89.764
9302.34,-90.562
9303.02,-89.338
9303.69,-90.274
9304.36,-90.394
9305.04,-91.057
9305.71,-88.550
9306.38,-89.861
9307.05,-88.885
9307.73,-88.388
9308.40,-89.325
9309.07,-89.041
9309.75,-88.917
9310.42,-88.826
9311.09,-87.517
9311.76,-87.812
9312.44,-89.941
9313.11,-88.967
9313.78,-89.648
9314.46,-89.231
9315.13,-89.905
9315.80,-88.914
9316.47,-89.178
9317.15,-88.981
9317.82,-90.436
9318.49,-89.727
9319.17,-89.648
9319.84,-89.230
9320.51,-89.312
9321.19,-89.766
9321.86,-89.230
9322.53,-88.564
9323.20,-90.134
9323.88,-89.022
9324.55,-89.460
9325.22,-89.874
9325.90,-88.519
9326.57,-89.391
9327.24,-89.732
9327.91,-88.309
9328.59,-88.529
9329.26,-87.663
9329.93,-88.300
9330.61,-89.643
9331.28,-90.221
9331.95,-90.151
9332.62,-89.585
9333.30,-88.236
9333.97,-89.120
9334.64,-90.853
9335.32,-90.177
9335.99,-89.590
9336.66,-88.838
9337.34,-88.048
9338.01,-88.122
9338.68,-88.797
9339.35,-89.095
9340.03,-90.029
9340.70,-90.557
9341.37,-88.960
9342.05,-89.839
9342.72,-89.470
9343.39,-89.745
9344.06,-90.004
9344.74,-88.330
9345.41,-89.557
9346.08,-87.711
9346.76,-87.901
9347.43,-89.639
9348.10,-90.325
9348.77,-89.000
9349.45,-89.650
9350.12,-89.116
9350.79,-88.360
9351.47,-89.206
9352.14,-89.403
9352.81,-89.133
9353.49,-88.425
9354.16,-89.148
9354.83,-88.730
9355.50,-89.339
9356.18,-89.907
9356.85,-89.339
9357.52,-88.516
9358.20,-88.771
9358.87,-88.124
9359.54,-88.428
9360.21,-89.358
9360.89,-88.954
9361.56,-88.796
9362.23,-90.062
9362.91,-90.199
9363.58,-90.302
9364.25,-89.175
9364.92,-88.206
9365.60,-88.573
9366.27,-89.899
9366.94,-88.677
9367.62,-87.932
9368.29,-88.300
9368.96,-89.038
9369.64,-88.477
9370.31,-89.394
9370.98,-88.261
9371.65,-90.243
9372.33,-88.127
9373.00,-90.776
9373.67,-88.371
9374.35,-88.818
9375.02,-89.859
9375.69,-90.114
9376.36,-89.831
9377.04,-88.979
9377.71,-89.766
9378.38,-89.139
9379.06,-89.093
9379.73,-88.906
9380.40,-88.104
9381.07,-89.665
9381.75,-88.974
9382.42,-89.276
9383.09,-89.541
9383.77,-90.062
9384.44,-89.507
9385.11,-88.633
9385.78,-89.400
9386.46,-88.529
9387.13,-88.866
9387.80,-88.142
9388.48,-87.641
9389.15,-87.964
9389.82,-90.626
9390.50,-89.235
9391.17,-89.011
9391.84,-90.804
9392.51,-89.361
9393.19,-89.294
9393.86,-88.787
9394.53,-90.452
9395.21,-90.483
9395.88,-88.990
9396.55,-90.424
9397.22,-89.160
9397.90,-91.037
9398.57,-90.989
9399.24,-89.560
9399.92,-91.368
9400.59,-89.503
9401.26,-89.877
9401.93,-90.269
9402.61,-89.965
9403.28,-90.183
9403.95,-89.196
9404.63,-91.065
9405.30,-90.206
9405.97,-89.223
9406.65,-90.643
9407.32,-90.291
9407.99,-89.547
9408.66,-90.056
9409.34,-90.867
9410.01,-91.418
9410.68,-90.599
9411.36,-89.132
9412.03,-89.352
9412.70,-90.079
9413.37,-88.977
9414.05,-89.854
9414.72,-90.788
9415.39,-89.786
9416.07,-91.563
9416.74,-91.408
9417.41,-90.609
9418.08,-91.682
9418.76,-90.433
9419.43,-90.227
9420.10,-91.576
9420.78,-91.184
9421.45,-90.840
9422.12,-89.656
9422.80,-89.924
9423.47,-90.114
9424.14,-90.694
9424.81,-90.103
9425.49,-90.841
9426.16,-91.890
9426.83,-91.071
9427.51,-90.947
9428.18,-91.064
9428.85,-90.303
9429.52,-91.934
9430.20,-91.862
9430.87,-92.348
9431.54,-92.959
9432.22,-91.166
9432.89,-90.251
9433.56,-91.015
9434.23,-92.129
9434.91,-91.663
9435.58,-90.134
9436.25,-91.382
9436.93,-93.199
9437.60,-91.992
9438.27,-90.750
9438.95,-91.056
9439.62,-91.246
9440.29,-91.498
9440.96,-93.397
9441.64,-92.013
9442.31,-93.051
9442.98,-91.830
9443.66,-90.716
9444.33,-92.207
9445.00,-91.780
9445.67,-91.847
9446.35,-92.483
9447.02,-91.866
9447.69,-91.612
9448.37,-92.755
9449.04,-92.476
9449.71,-91.987
9450.38,-92.278
9451.06,-91.229
9451.73,-91.815
9452.40,-92.876
9453.08,-91.283
9453.75,-94.032
9454.42,-92.489
9455.09,-92.688
9455.77,-93.334
9456.44,-91.260
9457.11,-93.616
9457.79,-92.499
9458.46,-93.134
9459.13,-93.064
9459.81,-93.064
9460.48,-92.346
9461.15,-93.857
9461.82,-93.571
9462.50,-93.975
9463.17,-92.871
9463.84,-93.222
9464.52,-93.678
9465.19,-93.390
9465.86,-93.253
9466.53,-93.991
9467.21,-94.782
9467.88,-94.228
9468.55,-93.631
9469.23,-94.563
9469.90,-93.337
9470.57,-93.587
9471.24,-93.737
9471.92,-93.755
9472.59,-93.456
9473.26,-93.501
9473.94,-94.470
9474.61,-93.759
9475.28,-95.517
9475.96,-94.312
9476.63,-94.250
9477.30,-94.457
9477.97,-94.510
9478.65,-94.260
9479.32,-95.734
9479.99,-95.384
9480.67,-93.971
9481.34,-93.992
9482.01,-93.901
9482.68,-94.950
9483.36,-95.310
9484.03,-96.031
9484.70,-96.436
9485.38,-96.615
9486.05,-94.032
9486.72,-95.095
9487.39,-94.925
9488.07,-96.076
9488.74,-95.033
9489.41,-95.529
9490.09,-95.754
9490.76,-95.719
9491.43,-96.036
9492.11,-95.572
9492.78,-95.377
9493.45,-96.087
9494.12,-96.677
9494.80,-96.273
9495.47,-95.678
9496.14,-95.679
9496.82,-95.858
9497.49,-95.059
9498.16,-97.327
9498.83,-95.099
9499.51,-94.978
9500.18,-95.811
9500.85,-96.573
9501.53,-94.918
9502.20,-96.120
9502.87,-96.574
9503.54,-95.344
9504.22,-96.493
9504.89,-96.736
9505.56,-97.402
9506.24,-97.975
9506.91,-96.976
9507.58,-96.617
9508.26,-97.865
9508.93,-96.853
9509.60,-97.100
9510.27,-96.389
9510.95,-97.307
9511.62,-95.691
9512.29,-97.555
9512.97,-95.487
9513.64,-96.198
9514.31,-96.863
9514.98,-96.533
9515.66,-97.454
9516.33,-98.473
9517.00,-97.307
9517.68,-97.978
9518.35,-98.511
9519.02,-96.036
9519.69,-96.347
9520.37,-96.693
9521.04,-99.917
9521.71,-98.538
9522.39,-96.459
9523.06,-97.978
9523.73,-96.533
9524.40,-97.622
9525.08,-97.097
9525.75,-98.021
9526.42,-98.722
9527.10,-96.695
9527.77,-97.048
9528.44,-96.834
9529.12,-98.094
9529.79,-98.221
9530.46,-98.498
9531.13,-98.819
9531.81,-97.710
9532.48,-98.414
9533.15,-98.168
9533.83,-99.588
9534.50,-99.190
9535.17,-98.861
9535.84,-99.248
9536.52,-98.903
9537.19,-99.429
9537.86,-99.300
9538.54,-98.614
9539.21,-100.361
9539.88,-99.166
9540.55,-98.858
9541.23,-98.636
9541.90,-98.556
9542.57,-98.402
9543.25,-99.206
9543.92,-97.722
9544.59,-99.165
9545.27,-99.301
9545.94,-99.765
9546.61,-99.449
9547.28,-98.739
9547.96,-99.325
9548.63,-99.222
9549.30,-98.455
9549.98,-99.529
9550.65,-100.815
9551.32,-100.813
9551.99,-99.607
9552.67,-100.386
9553.34,-100.730
9554.01,-102.167
9554.69,-100.849
9555.36,-100.521
9556.03,-99.909
9556.70,-98.814
9557.38,-100.867
9558.05,-99.619
9558.72,-99.920
9559.40,-98.761
9560.07,-99.778
9560.74,-100.558
9561.42,-100.614
9562.09,-100.602
9562.76,-99.510
9563.43,-98.935
9564.11,-99.459
9564.78,-101.244
9565.45,-101.027
9566.13,-100.610
9566.80,-101.299
9567.47,-101.782
9568.14,-101.105
9568.82,-99.903
9569.49,-100.825
9570.16,-102.166
9570.84,-100.785
9571.51,-100.996
9572.18,-100.617
9572.85,-100.676
9573.53,-100.562
9574.20,-101.096
9574.87,-101.126
9575.55,-101.135
9576.22,-100.923
9576.89,-102.095
9577.57,-101.862
9578.24,-100.940
9578.91,-102.040
9579.58,-102.042
9580.26,-102.993
9580.93,-100.463
9581.60,-102.053
9582.28,-100.290
9582.95,-101.653
9583.62,-99.892
9584.29,-102.013
9584.97,-101.338
9585.64,-101.558
9586.31,-101.358
9586.99,-101.569
9587.66,-101.954
9588.33,-101.225
9589.00,-102.120
9589.68,-101.519
9590.35,-101.457
9591.02,-102.398
9591.70,-102.286
9592.37,-103.134
9593.04,-102.050
9593.71,-100.665
9594.39,-102.064
9595.06,-103.367
9595.73,-102.054
9596.41,-101.595
9597.08,-101.256
9597.75,-101.808
9598.43,-101.267
9599.10,-101.987
9599.77,-103.610
9600.44,-104.110
9601.12,-102.845
9601.79,-102.841
9602.46,-103.576
9603.14,-103.182
9603.81,-103.000
9604.48,-103.672
9605.15,-102.190
9605.83,-102.331
9606.50,-101.772
9607.17,-102.675
9607.85,-103.117
9608.52,-102.604
9609.19,-103.776
9609.86,-102.720
9610.54,-102.207
9611.21,-102.093
9611.88,-103.249
9612.56,-103.268
9613.23,-103.490
9613.90,-103.153
9614.58,-103.853
9615.25,-103.877
9615.92,-102.697
9616.59,-103.175
9617.27,-103.962
9617.94,-102.996
9618.61,-103.705
9619.29,-103.824
9619.96,-103.303
9620.63,-103.667
9621.30,-104.487
9621.98,-103.221
9622.65,-103.616
9623.32,-103.437
9624.00,-104.493
9624.67,-104.906
9625.34,-104.452
9626.01,-102.626
9626.69,-103.693
9627.36,-104.667
9628.03,-103.168
9628.71,-104.213
9629.38,-104.677
9630.05,-102.861
9630.73,-104.345
9631.40,-102.633
9632.07,-104.558
9632.74,-103.848
9633.42,-104.965
9634.09,-105.665
9634.76,-104.436
9635.44,-105.918
9636.11,-104.302
9636.78,-104.497
9637.45,-104.806
9638.13,-102.990
9638.80,-103.974
9639.47,-104.329
9640.15,-105.383
9640.82,-103.922
9641.49,-105.905
9642.16,-104.307
9642.84,-104.642
9643.51,-105.936
9644.18,-104.851
9644.86,-104.458
9645.53,-104.892
9646.20,-104.144
9646.88,-105.789
9647.55,-103.598
9648.22,-105.392
9648.89,-105.994
9649.57,-105.214
9650.24,-105.976
9650.91,-105.438
9651.59,-105.260
9652.26,-106.369
9652.93,-105.716
9653.60,-106.593
9654.28,-105.050
9654.95,-105.387
9655.62,-105.305
9656.30,-104.215
9656.97,-105.857
9657.64,-105.252
9658.31,-104.276
9658.99,-104.636
9659.66,-105.274
9660.33,-105.182
9661.01,-106.309
9661.68,-105.197
9662.35,-105.706
9663.02,-106.043
9663.70,-106.601
9664.37,-106.429
9665.04,-105.465
9665.72,-105.540
9666.39,-106.247
9667.06,-105.493
9667.74,-105.886
9668.41,-105.720
9669.08,-106.533
9669.75,-106.325
9670.43,-106.532
9671.10,-106.164
9671.77,-106.288
9672.45,-106.214
9673.12,-105.716
9673.79,-107.370
9674.46,-106.049
9675.14,-105.939
9675.81,-105.907
9676.48,-105.606
9677.16,-106.308
9677.83,-104.762
9678.50,-105.320
9679.17,-105.488
9679.85,-106.715
9680.52,-106.831
9681.19,-106.975
9681.87,-106.330
9682.54,-107.420
9683.21,-106.650
9683.89,-106.727
9684.56,-107.517
9685.23,-105.849
9685.90,-107.230
9686.58,-105.986
9687.25,-106.566
9687.92,-105.664
9688.60,-105.493
9689.27,-106.697
9689.94,-107.403
9690.61,-107.036
9691.29,-106.909
9691.96,-106.992
9692.63,-106.376
9693.31,-106.953
9693.98,-107.756
9694.65,-106.431
9695.32,-106.170
9696.00,-106.932
9696.67,-106.483
9697.34,-106.375
9698.02,-105.983
9698.69,-106.119
9699.36,-106.737
9700.04,-106.407
9700.71,-107.473
9701.38,-105.610
9702.05,-106.542
9702.73,-108.780
9703.40,-107.594
9704.07,-107.604
9704.75,-106.981
9705.42,-105.968
9706.09,-106.222
9706.76,-108.084
9707.44,-106.819
9708.11,-106.880
9708.78,-107.833
9709.46,-107.530
9710.13,-107.394
9710.80,-106.979
9711.47,-107.249
9712.15,-107.603
9712.82,-106.871
9713.49,-106.721
9714.17,-108.023
9714.84,-107.595
9715.51,-107.122
9716.18,-107.976
9716.86,-107.828
9717.53,-108.160
9718.20,-106.963
9718.88,-107.631
9719.55,-107.610
9720.22,-108.560
9720.90,-107.491
9721.57,-107.396
9722.24,-107.922
9722.91,-107.846
9723.59,-107.573
9724.26,-107.834
9724.93,-108.300
9725.61,-106.818
9726.28,-107.960
9726.95,-107.698
9727.62,-107.782
9728.30,-106.761
9728.97,-108.053
9729.64,-106.602
9730.32,-108.379
9730.99,-107.520
9731.66,-108.243
9732.33,-107.908
9733.01,-106.740
9733.68,-108.899
9734.35,-108.006
9735.03,-108.259
9735.70,-107.210
9736.37,-108.055
9737.05,-106.956
9737.72,-108.274
9738.39,-107.381
9739.06,-108.012
9739.74,-107.911
9740.41,-108.541
9741.08,-109.134
9741.76,-108.090
9742.43,-108.085
9743.10,-108.229
9743.77,-107.967
9744.45,-108.234
9745.12,-108.778
9745.79,-108.599
9746.47,-107.737
9747.14,-108.695
9747.81,-108.734
9748.48,-108.721
9749.16,-109.026
9749.83,-107.426
9750.50,-109.272
9751.18,-109.383
9751.85,-109.062
9752.52,-108.201
9753.20,-108.968
9753.87,-108.817
9754.54,-108.625
9755.21,-108.217
9755.89,-107.992
9756.56,-108.190
9757.23,-108.868
9757.91,-108.310
9758.58,-108.000
9759.25,-108.900
9759.92,-108.504
9760.60,-107.865
9761.27,-108.150
9761.94,-108.624
9762.62,-108.856
9763.29,-109.866
9763.96,-108.645
9764.63,-108.183
9765.31,-108.813
9765.98,-109.217
9766.65,-110.272
9767.33,-108.786
9768.00,-108.990
9768.67,-108.612
9769.35,-109.494
9770.02,-109.070
9770.69,-110.295
9771.36,-108.326
9772.04,-108.537
9772.71,-109.233
9773.38,-108.767
9774.06,-108.794
9774.73,-109.720
9775.40,-108.393
9776.07,-109.187
9776.75,-109.667
9777.42,-109.131
9778.09,-109.224
9778.77,-109.002
9779.44,-109.385
9780.11,-109.035
9780.78,-109.127
9781.46,-108.923
9782.13,-109.066
9782.80,-109.044
9783.48,-109.162
9784.15,-108.871
9784.82,-109.333
9785.49,-109.096
9786.17,-109.287
9786.84,-108.414
9787.51,-109.180
9788.19,-109.161
9788.86,-109.906
9789.53,-109.721
9790.21,-109.304
9790.88,-108.663
9791.55,-109.121
9792.22,-108.852
9792.90,-109.916
9793.57,-109.439
9794.24,-108.951
9794.92,-108.934
9795.59,-109.625
9796.26,-109.208
9796.93,-109.456
9797.61,-109.244
9798.28,-109.257
9798.95,-109.461
9799.63,-109.584
9800.30,-108.753
9800.97,-109.787
9801.64,-109.288
9802.32,-109.526
9802.99,-109.182
9803.66,-109.208
9804.34,-109.327
9805.01,-108.849
9805.68,-109.061
9806.36,-109.599
9807.03,-109.416
9807.70,-109.545
9808.37,-109.596
9809.05,-109.457
9809.72,-110.401
9810.39,-109.596
9811.07,-109.122
9811.74,-109.489
9812.41,-109.411
9813.08,-109.179
9813.76,-109.965
9814.43,-110.113
9815.10,-108.966
9815.78,-109.579
9816.45,-110.205
9817.12,-110.493
9817.79,-109.811
9818.47,-110.034
9819.14,-110.438
9819.81,-109.070
9820.49,-110.118
9821.16,-110.184
9821.83,-110.048
9822.51,-110.271
9823.18,-109.768
9823.85,-108.947
9824.52,-109.333
9825.20,-109.596
9825.87,-110.337
9826.54,-109.677
9827.22,-110.280
9827.89,-109.218
9828.56,-109.774
9829.23,-109.853
9829.91,-110.174
9830.58,-109.092
9831.25,-109.495
9831.93,-109.960
9832.60,-110.046
9833.27,-109.527
9833.94,-109.647
9834.62,-109.569
9835.29,-110.075
9835.96,-110.415
9836.64,-109.861
9837.31,-109.914
9837.98,-109.964
9838.66,-110.032
9839.33,-110.504
9840.00,-109.698
9840.67,-109.540
9841.35,-109.831
9842.02,-110.162
9842.69,-109.753
9843.37,-109.794
9844.04,-110.672
9844.71,-110.067
9845.38,-110.179
9846.06,-110.272
9846.73,-109.936
9847.40,-109.861
9848.08,-109.857
9848.75,-109.830
9849.42,-110.143
9850.09,-109.981
9850.77,-110.257
9851.44,-110.189
9852.11,-110.400
9852.79,-109.744
9853.46,-110.041
9854.13,-110.316
9854.80,-109.595
9855.48,-110.034
9856.15,-110.322
9856.82,-109.654
9857.50,-109.549
9858.17,-109.971
9858.84,-110.143
9859.52,-110.750
9860.19,-110.373
9860.86,-110.263
9861.53,-110.382
9862.21,-110.271
9862.88,-110.239
9863.55,-110.330
9864.23,-110.472
9864.90,-110.419
9865.57,-110.143
9866.24,-110.114
9866.92,-110.147
9867.59,-110.713
9868.26,-110.458
9868.94,-109.795
9869.61,-110.307
9870.28,-109.997
9870.95,-110.774
9871.63,-110.342
9872.30,-110.538
9872.97,-110.597
9873.65,-110.509
9874.32,-110.740
9874.99,-110.276
9875.67,-110.111
9876.34,-110.221
9877.01,-110.045
9877.68,-110.448
9878.36,-110.468
9879.03,-110.438
9879.70,-110.071
9880.38,-110.231
9881.05,-110.183
9881.72,-110.590
9882.39,-110.351
9883.07,-110.871
9883.74,-111.033
9884.41,-110.918
9885.09,-109.962
9885.76,-110.589
9886.43,-109.962
9887.10,-110.551
9887.78,-110.072
9888.45,-110.923
9889.12,-110.245
9889.80,-110.390
9890.47,-110.642
9891.14,-110.992
9891.82,-110.291
9892.49,-110.542
9893.16,-110.527
9893.83,-110.831
9894.51,-110.246
9895.18,-109.953
9895.85,-110.619
9896.53,-111.036
9897.20,-110.758
9897.87,-110.741
9898.54,-110.578
9899.22,-110.180
9899.89,-110.052
9900.56,-110.379
9901.24,-110.722
9901.91,-110.487
9902.58,-110.690
9903.25,-110.806
9903.93,-110.615
9904.60,-110.779
9905.27,-110.750
9905.95,-110.712
9906.62,-110.755
9907.29,-110.115
9907.97,-110.006
9908.64,-110.657
9909.31,-110.982
9909.98,-110.308
9910.66,-110.705
9911.33,-110.499
9912.00,-110.754
9912.68,-110.411
9913.35,-111.178
9914.02,-110.390
9914.69,-110.959
9915.37,-110.862
9916.04,-110.303
9916.71,-110.585
9917.39,-110.149
9918.06,-110.438
9918.73,-110.770
9919.40,-110.631
9920.08,-110.724
9920.75,-111.336
9921.42,-110.287
9922.10,-110.987
9922.77,-110.532
9923.44,-110.224
9924.11,-110.316
9924.79,-110.407
9925.46,-110.558
9926.13,-110.639
9926.81,-110.534
9927.48,-111.052
9928.15,-110.472
9928.83,-111.004
9929.50,-110.451
9930.17,-110.140
9930.84,-110.503
9931.52,-110.628
9932.19,-110.150
9932.86,-110.573
9933.54,-110.679
9934.21,-110.980
9934.88,-110.790
9935.55,-110.644
9936.23,-110.845
9936.90,-110.764
9937.57,-110.641
9938.25,-110.563
9938.92,-110.800
9939.59,-110.718
9940.26,-110.651
9940.94,-110.605
9941.61,-110.702
9942.28,-110.866
9942.96,-110.965
9943.63,-110.237
9944.30,-110.871
9944.98,-110.256
9945.65,-110.708
9946.32,-110.850
9946.99,-110.999
9947.67,-111.150
9948.34,-110.987
9949.01,-110.625
9949.69,-110.952
9950.36,-110.758
9951.03,-110.922
9951.70,-110.654
9952.38,-110.866
9953.05,-110.562
9953.72,-111.003
9954.40,-110.894
9955.07,-110.610
9955.74,-110.668
9956.41,-110.449
9957.09,-111.022
9957.76,-110.573
9958.43,-110.466
9959.11,-110.722
9959.78,-110.714
9960.45,-111.001
9961.13,-110.529
9961.80,-110.571
9962.47,-110.956
9963.14,-110.971
9963.82,-110.891
9964.49,-110.776
9965.16,-110.758
9965.84,-111.067
9966.51,-110.824
9967.18,-110.875
9967.85,-111.182
9968.53,-110.930
9969.20,-110.633
9969.87,-111.084
9970.55,-110.936
9971.22,-110.931
9971.89,-111.149
9972.56,-110.489
9973.24,-110.931
9973.91,-110.785
9974.58,-110.896
9975.26,-110.709
9975.93,-110.894
9976.60,-110.797
9977.28,-110.615
9977.95,-110.898
9978.62,-110.989
9979.29,-110.650
9979.97,-110.980
9980.64,-110.832
9981.31,-110.942
9981.99,-111.050
9982.66,-110.852
9983.33,-111.005
9984.00,-111.168
9984.68,-110.894
9985.35,-111.524
9986.02,-110.737
9986.70,-110.878
9987.37,-110.884
9988.04,-110.815
9988.71,-111.149
9989.39,-110.826
9990.06,-110.912
9990.73,-111.405
9991.41,-111.015
9992.08,-110.836
9992.75,-110.736
9993.42,-110.500
9994.10,-110.954
9994.77,-110.944
9995.44,-111.007
9996.12,-111.084
9996.79,-110.939
9997.46,-110.629
9998.14,-110.767
9998.81,-110.858
9999.48,-110.981
10000.15,-110.990
10000.83,-110.901
10001.50,-111.113
10002.17,-111.104
10002.85,-110.942
10003.52,-110.957
10004.19,-111.222
10004.86,-111.235
10005.54,-111.026
10006.21,-111.060
10006.88,-110.923
10007.56,-110.558
10008.23,-111.159
10008.90,-110.933
10009.57,-110.461
10010.25,-111.132
10010.92,-111.042
10011.59,-110.809
10012.27,-111.272
10012.94,-110.942
10013.61,-111.370
10014.29,-110.771
10014.96,-110.870
10015.63,-111.013
10016.30,-110.604
10016.98,-110.727
10017.65,-111.418
10018.32,-110.936
10019.00,-111.266
10019.67,-111.317
10020.34,-111.052
10021.01,-111.084
10021.69,-111.242
10022.36,-111.067
10023.03,-111.349
10023.71,-111.362
10024.38,-111.124
10025.05,-111.046
10025.72,-111.383
10026.40,-111.060
10027.07,-111.324
10027.74,-111.212
10028.42,-110.859
10029.09,-110.947
10029.76,-110.808
10030.44,-111.072
10031.11,-111.092
10031.78,-111.163
10032.45,-111.089
10033.13,-110.865
10033.80,-111.089
10034.47,-111.051
10035.15,-110.797
10035.82,-111.127
10036.49,-110.997
10037.16,-111.073
10037.84,-111.380
10038.51,-111.065
10039.18,-111.333
10039.86,-111.292
10040.53,-111.150
10041.20,-110.939
10041.87,-111.081
10042.55,-110.965
10043.22,-111.042
10043.89,-110.815
10044.57,-111.072
10045.24,-111.511
10045.91,-110.851
10046.59,-111.096
10047.26,-111.452
10047.93,-110.684
10048.60,-111.083
10049.28,-111.243
10049.95,-110.922
10050.62,-111.476
10051.30,-111.347
10051.97,-111.062
10052.64,-111.187
10053.31,-111.190
10053.99,-111.406
10054.66,-111.200
10055.33,-111.327
10056.01,-111.122
10056.68,-111.133
10057.35,-111.181
10058.02,-111.645
10058.70,-111.006
10059.37,-111.358
10060.04,-111.148
10060.72,-110.926
10061.39,-110.740
10062.06,-110.971
10062.73,-111.206
10063.41,-111.396
10064.08,-111.215
10064.75,-110.972
10065.43,-111.404
10066.10,-110.903
10066.77,-111.210
10067.45,-111.142
10068.12,-111.233
10068.79,-111.347
10069.46,-111.434
10070.14,-111.502
10070.81,-111.451
10071.48,-111.601
10072.16,-111.209
10072.83,-111.187
10073.50,-111.280
10074.17,-111.354
10074.85,-111.142
10075.52,-111.141
10076.19,-111.226
10076.87,-111.165
10077.54,-111.426
10078.21,-111.136
10078.88,-111.082
10079.56,-111.234
10080.23,-111.260
10080.90,-111.626
10081.58,-111.277
10082.25,-111.430
10082.92,-111.110
10083.60,-111.699
10084.27,-110.953
10084.94,-111.119
10085.61,-111.439
10086.29,-111.122
10086.96,-111.435
10087.63,-111.503
10088.31,-111.352
10088.98,-111.226
10089.65,-111.142
10090.32,-111.489
10091.00,-111.304
10091.67,-111.305
10092.34,-111.320
10093.02,-111.234
10093.69,-111.490
10094.36,-111.240
10095.03,-110.871
10095.71,-110.960
10096.38,-111.345
10097.05,-111.238
10097.73,-111.484
10098.40,-111.102
10099.07,-111.464
10099.75,-111.112
10100.42,-111.278
10101.09,-111.254
10101.76,-111.223
10102.44,-111.450
10103.11,-111.400
10103.78,-111.437
10104.46,-111.422
10105.13,-111.502
10105.80,-111.453
10106.47,-111.450
10107.15,-111.358
10107.82,-111.370
10108.49,-111.381
10109.17,-111.305
10109.84,-111.497
10110.51,-111.303
10111.18,-111.507
10111.86,-111.343
10112.53,-111.611
10113.20,-111.423
10113.88,-111.374
10114.55,-111.503
10115.22,-111.329
10115.90,-111.224
10116.57,-111.305
10117.24,-111.433
10117.91,-111.557
10118.59,-111.351
10119.26,-111.514
10119.93,-111.759
10120.61,-111.454
10121.28,-111.499
10121.95,-111.554
10122.62,-111.652
10123.30,-111.432
10123.97,-111.456
10124.64,-111.399
10125.32,-111.505
10125.99,-111.474
10126.66,-111.558
10127.33,-111.453
10128.01,-111.399
10128.68,-111.449
10129.35,-111.589
10130.03,-111.466
10130.70,-111.629
10131.37,-111.429
10132.04,-111.245
10132.72,-111.571
10133.39,-111.609
10134.06,-111.642
10134.74,-111.510
10135.41,-111.482
10136.08,-111.629
10136.76,-111.589
10137.43,-111.416
10138.10,-111.749
10138.77,-111.593
10139.45,-111.444
10140.12,-111.557
10140.79,-111.357
10141.47,-111.550
10142.14,-111.579
10142.81,-111.638
10143.48,-111.490
10144.16,-111.482
10144.83,-111.660
10145.50,-111.441
10146.18,-111.474
10146.85,-111.586
10147.52,-111.582
10148.19,-111.475
10148.87,-111.411
10149.54,-111.355
10150.21,-111.495
10150.89,-111.542
10151.56,-111.651
10152.23,-111.612
10152.91,-111.512
10153.58,-111.666
10154.25,-111.802
10154.92,-111.644
10155.60,-111.462
10156.27,-111.484
10156.94,-111.730
10157.62,-111.477
10158.29,-111.592
10158.96,-111.535
10159.63,-111.508
10160.31,-111.576
10160.98,-111.673
10161.65,-111.604
10162.33,-111.652
10163.00,-111.653
10163.67,-111.670
10164.34,-111.530
10165.02,-111.542
10165.69,-111.760
10166.36,-111.473
10167.04,-111.624
10167.71,-111.679
10168.38,-111.743
10169.06,-111.455
10169.73,-111.597
10170.40,-111.654
10171.07,-111.636
10171.75,-111.516
10172.42,-111.631
10173.09,-111.615
10173.77,-111.549
10174.44,-111.568
10175.11,-111.592
10175.78,-111.772
10176.46,-111.617
10177.13,-111.569
10177.80,-111.677
10178.48,-111.598
10179.15,-111.591
10179.82,-111.650
10180.49,-111.596
10181.17,-111.701
10181.84,-111.571
10182.51,-111.612
10183.19,-111.588
10183.86,-111.691
10184.53,-111.698
10185.21,-111.667
10185.88,-111.665
10186.55,-111.639
10187.22,-111.692
10187.90,-111.554
10188.57,-111.621
10189.24,-111.697
10189.92,-111.750
10190.59,-111.601
10191.26,-111.664
10191.93,-111.653
10192.61,-111.516
10193.28,-111.742
10193.95,-111.694
10194.63,-111.579
10195.30,-111.766
10195.97,-111.693
10196.64,-111.592
10197.32,-111.665
10197.99,-111.712
10198.66,-111.708
10199.34,-111.731
10200.01,-111.671
10200.68,-111.691
10201.35,-111.679
10202.03,-111.647
10202.70,-111.691
10203.37,-111.714
10204.05,-111.691
10204.72,-111.715
10205.39,-111.658
10206.07,-111.631
10206.74,-111.735
10207.41,-111.717
10208.08,-111.753
10208.76,-111.639
10209.43,-111.739
10210.10,-111.718
10210.78,-111.681
10211.45,-111.681
10212.12,-111.654
10212.79,-111.662
10213.47,-111.644
10214.14,-111.622
10214.81,-111.684
10215.49,-111.765
10216.16,-111.692
10216.83,-111.633
10217.50,-111.722
10218.18,-111.670
10218.85,-111.696
10219.52,-111.736
10220.20,-111.701
10220.87,-111.674
10221.54,-111.725
10222.22,-111.645
10222.89,-111.680
10223.56,-111.748
10224.23,-111.673
10224.91,-111.679
10225.58,-111.688
10226.25,-111.669
10226.93,-111.680
10227.60,-111.719
10228.27,-111.715
10228.94,-111.695
10229.62,-111.649
10230.29,-111.632
10230.96,-111.673
10231.64,-111.741
10232.31,-111.669
10232.98,-111.682
10233.65,-111.689
10234.33,-111.666
10235.00,-111.673
10235.67,-111.778
10236.35,-111.709
10237.02,-111.698
10237.69,-111.718
10238.37,-111.688
10239.04,-111.748
10239.71,-111.680
10240.38,-111.716
10241.06,-111.684
10241.73,-111.690
10242.40,-111.697
10243.08,-111.724
10243.75,-111.719
10244.42,-111.717
10245.09,-111.715
10245.77,-111.741
10246.44,-111.682
10247.11,-111.711
10247.79,-111.775
10248.46,-111.728
10249.13,-111.724
10249.80,-111.722
10250.48,-111.719
10251.15,-111.745
10251.82,-111.713
10252.50,-111.741
10253.17,-111.772
10253.84,-111.720
10254.52,-111.687
10255.19,-111.739
10255.86,-111.744
10256.53,-111.752
10257.21,-111.720
10257.88,-111.709
10258.55,-111.710
10259.23,-111.770
10259.90,-111.752
10260.57,-111.736
10261.24,-111.717
10261.92,-111.711
10262.59,-111.716
10263.26,-111.755
10263.94,-111.765
10264.61,-111.724
10265.28,-111.761
10265.95,-111.718
10266.63,-111.770
10267.30,-111.724
10267.97,-111.718
10268.65,-111.745
10269.32,-111.711
10269.99,-111.724
10270.66,-111.712
10271.34,-111.698
10272.01,-111.722
10272.68,-111.756
10273.36,-111.743
10274.03,-111.726
10274.70,-111.774
10275.38,-111.784
10276.05,-111.742
10276.72,-111.725
10277.39,-111.750
10278.07,-111.742
10278.74,-111.755
10279.41,-111.747
10280.09,-111.762
10280.76,-111.748
10281.43,-111.745
10282.10,-111.733
10282.78,-111.728
10283.45,-111.739
10284.12,-111.759
10284.80,-111.740
10285.47,-111.718
10286.14,-111.751
10286.81,-111.732
10287.49,-111.739
10288.16,-111.761
10288.83,-111.745
10289.51,-111.762
10290.18,-111.750
10290.85,-111.740
10291.53,-111.730
10292.20,-111.743
10292.87,-111.744
10293.54,-111.766
10294.22,-111.738
10294.89,-111.757
10295.56,-111.763
10296.24,-111.760
10296.91,-111.765
10297.58,-111.722
10298.25,-111.750
10298.93,-111.758
10299.60,-111.758
10300.27,-111.751
10300.95,-111.749
10301.62,-111.774
10302.29,-111.736
10302.96,-111.748
10303.64,-111.750
10304.31,-111.736
10304.98,-111.734
10305.66,-111.770
10306.33,-111.745
10307.00,-111.766
10307.68,-111.760
10308.35,-111.748
10309.02,-111.759
10309.69,-111.742
10310.37,-111.782
10311.04,-111.766
10311.71,-111.782
10312.39,-111.763
10313.06,-111.755
10313.73,-111.769
10314.40,-111.768
10315.08,-111.790
10315.75,-111.759
10316.42,-111.769
10317.10,-111.757
10317.77,-111.779
10318.44,-111.760
10319.11,-111.755
10319.79,-111.770
10320.46,-111.775
10321.13,-111.756
10321.81,-111.754
10322.48,-111.758
10323.15,-111.773
10323.83,-111.759
10324.50,-111.764
10325.17,-111.767
10325.84,-111.784
10326.52,-111.762
10327.19,-111.756
10327.86,-111.757
10328.54,-111.778
10329.21,-111.766
10329.88,-111.780
10330.55,-111.782
10331.23,-111.762
10331.90,-111.790
10332.57,-111.752
10333.25,-111.769
10333.92,-111.783
10334.59,-111.773
10335.26,-111.765
10335.94,-111.776
10336.61,-111.780
10337.28,-111.775
10337.96,-111.773
10338.63,-111.768
10339.30,-111.784
10339.97,-111.770
10340.65,-111.769
10341.32,-111.767
10341.99,-111.756
10342.67,-111.770
10343.34,-111.791
10344.01,-111.780
10344.69,-111.763
10345.36,-111.755
10346.03,-111.763
10346.70,-111.780
10347.38,-111.769
10348.05,-111.767
10348.72,-111.800
10349.40,-111.787
10350.07,-111.782
10350.74,-111.780
10351.41,-111.789
10352.09,-111.781
10352.76,-111.781
10353.43,-111.780
10354.11,-111.784
10354.78,-111.780
10355.45,-111.774
10356.12,-111.800
10356.80,-111.780
10357.47,-111.761
10358.14,-111.788
10358.82,-111.772
10359.49,-111.775
10360.16,-111.786
10360.84,-111.771
10361.51,-111.786
10362.18,-111.787
10362.85,-111.777
10363.53,-111.785
10364.20,-111.781
10364.87,-111.767
10365.55,-111.784
10366.22,-111.785
10366.89,-111.784
10367.56,-111.792
10368.24,-111.775
10368.91,-111.787
10369.58,-111.781
10370.26,-111.793
10370.93,-111.793
10371.60,-111.787
10372.27,-111.776
10372.95,-111.779
10373.62,-111.796
10374.29,-111.792
10374.97,-111.788
10375.64,-111.794
10376.31,-111.793
10376.99,-111.797
10377.66,-111.790
10378.33,-111.777
10379.00,-111.788
10379.68,-111.795
10380.35,-111.804
10381.02,-111.786
10381.70,-111.795
10382.37,-111.790
10383.04,-111.800
10383.71,-111.792
10384.39,-111.790
10385.06,-111.789
10385.73,-111.795
10386.41,-111.798
10387.08,-111.792
10387.75,-111.803
10388.42,-111.795
10389.10,-111.803
10389.77,-111.795
10390.44,-111.788
10391.12,-111.802
10391.79,-111.804
10392.46,-111.794
10393.14,-111.802
10393.81,-111.802
10394.48,-111.802
10395.15,-111.792
10395.83,-111.796
10396.50,-111.818
10397.17,-111.803
10397.85,-111.795
10398.52,-111.803
10399.19,-111.813
10399.86,-111.807
10400.54,-111.798
10401.21,-111.805
10401.88,-111.791
10402.56,-111.804
10403.23,-111.807
10403.90,-111.790
10404.57,-111.796
10405.25,-111.813
10405.92,-111.806
10406.59,-111.813
10407.27,-111.800
10407.94,-111.802
10408.61,-111.800
10409.28,-111.803
10409.96,-111.800
10410.63,-111.805
10411.30,-111.810
10411.98,-111.806
10412.65,-111.797
10413.32,-111.810
10414.00,-111.802
10414.67,-111.802
10415.34,-111.817
10416.01,-111.806
10416.69,-111.804
10417.36,-111.808
10418.03,-111.802
10418.71,-111.805
10419.38,-111.811
10420.05,-111.820
10420.72,-111.815
10421.40,-111.806
10422.07,-111.810
10422.74,-111.804
10423.42,-111.815
10424.09,-111.808
10424.76,-111.805
10425.43,-111.811
10426.11,-111.823
10426.78,-111.816
10427.45,-111.819
10428.13,-111.814
10428.80,-111.816
10429.47,-111.810
10430.15,-111.808
10430.82,-111.801
10431.49,-111.809
10432.16,-111.803
10432.84,-111.817
10433.51,-111.818
10434.18,-111.813
10434.86,-111.824
10435.53,-111.820
10436.20,-111.812
10436.87,-111.814
10437.55,-111.810
10438.22,-111.807
10438.89,-111.818
10439.57,-111.819
10440.24,-111.825
10440.91,-111.825
10441.58,-111.819
10442.26,-111.824
10442.93,-111.821
10443.60,-111.819
10444.28,-111.819
10444.95,-111.814
10445.62,-111.822
10446.30,-111.816
10446.97,-111.811
10447.64,-111.828
10448.31,-111.827
10448.99,-111.817
10449.66,-111.831
10450.33,-111.821
10451.01,-111.829
10451.68,-111.821
10452.35,-111.827
10453.02,-111.823
10453.70,-111.826
10454.37,-111.827
10455.04,-111.830
10455.72,-111.827
10456.39,-111.824
10457.06,-111.818
10457.73,-111.828
10458.41,-111.821
10459.08,-111.819
10459.75,-111.823
10460.43,-111.823
10461.10,-111.826
10461.77,-111.831
10462.45,-111.832
10463.12,-111.829
10463.79,-111.823
10464.46,-111.830
10465.14,-111.831
10465.81,-111.835
10466.48,-111.832
10467.16,-111.826
10467.83,-111.827
10468.50,-111.825
10469.17,-111.833
10469.85,-111.838
10470.52,-111.829
10471.19,-111.835
10471.87,-111.831
10472.54,-111.825
10473.21,-111.828
10473.88,-111.834
10474.56,-111.829
10475.23,-111.836
10475.90,-111.831
10476.58,-111.833
10477.25,-111.830
10477.92,-111.835
10478.59,-111.832
10479.27,-111.834
10479.94,-111.837
10480.61,-111.837
10481.29,-111.835
10481.96,-111.834
10482.63,-111.838
10483.31,-111.832
10483.98,-111.834
10484.65,-111.837
10485.32,-111.835
10486.00,-111.828
10486.67,-111.842
10487.34,-111.835
10488.02,-111.836
10488.69,-111.832
10489.36,-111.833
10490.03,-111.841
10490.71,-111.830
10491.38,-111.833
10492.05,-111.841
10492.73,-111.835
10493.40,-111.841
10494.07,-111.838
10494.74,-111.837
10495.42,-111.843
10496.09,-111.843
10496.76,-111.836
10497.44,-111.835
10498.11,-111.842
10498.78,-111.834
10499.46,-111.844
10500.13,-111.839
10500.80,-111.840
10501.47,-111.839
10502.15,-111.847
10502.82,-111.844
10503.49,-111.843
10504.17,-111.837
10504.84,-111.842
10505.51,-111.843
10506.18,-111.847
10506.86,-111.839
10507.53,-111.845
10508.20,-111.846
10508.88,-111.844
10509.55,-111.843
10510.22,-111.847
10510.89,-111.843
10511.57,-111.843
10512.24,-111.844
10512.91,-111.847
10513.59,-111.848
10514.26,-111.847
10514.93,-111.842
10515.61,-111.847
10516.28,-111.844
10516.95,-111.843
10517.62,-111.848
10518.30,-111.846
10518.97,-111.847
10519.64,-111.846
10520.32,-111.846
10520.99,-111.849
10521.66,-111.845
10522.33,-111.847
10523.01,-111.850
10523.68,-111.850
10524.35,-111.850
10525.03,-111.852
10525.70,-111.855
10526.37,-111.846
10527.04,-111.854
10527.72,-111.848
10528.39,-111.853
10529.06,-111.853
10529.74,-111.852
10530.41,-111.853
10531.08,-111.856
10531.76,-111.850
10532.43,-111.854
10533.10,-111.854
10533.77,-111.852
10534.45,-111.851
10535.12,-111.853
10535.79,-111.855
10536.47,-111.857
10537.14,-111.854
10537.81,-111.852
10538.48,-111.856
10539.16,-111.858
10539.83,-111.854
10540.50,-111.853
10541.18,-111.854
10541.85,-111.853
10542.52,-111.855
10543.19,-111.858
10543.87,-111.859
10544.54,-111.853
10545.21,-111.855
10545.89,-111.855
10546.56,-111.855
10547.23,-111.858
10547.90,-111.860
10548.58,-111.861
10549.25,-111.858
10549.92,-111.858
10550.60,-111.858
10551.27,-111.858
10551.94,-111.855
10552.62,-111.858
10553.29,-111.858
10553.96,-111.859
10554.63,-111.858
10555.31,-111.856
10555.98,-111.859
10556.65,-111.859
10557.33,-111.863
10558.00,-111.862
10558.67,-111.862
10559.34,-111.863
10560.02,-111.860
10560.69,-111.861
10561.36,-111.863
10562.04,-111.860
10562.71,-111.862
10563.38,-111.862
10564.05,-111.864
10564.73,-111.864
10565.40,-111.864
10566.07,-111.860
10566.75,-111.864
10567.42,-111.864
10568.09,-111.865
10568.77,-111.864
10569.44,-111.864
10570.11,-111.865
10570.78,-111.865
10571.46,-111.866
10572.13,-111.866
10572.80,-111.865
10573.48,-111.862
10574.15,-111.869
10574.82,-111.866
10575.49,-111.867
10576.17,-111.868
10576.84,-111.867
10577.51,-111.868
10578.19,-111.866
10578.86,-111.866
10579.53,-111.869
10580.20,-111.864
10580.88,-111.867
10581.55,-111.866
10582.22,-111.866
10582.90,-111.865
10583.57,-111.867
10584.24,-111.868
10584.92,-111.868
10585.59,-111.869
10586.26,-111.871
10586.93,-111.870
10587.61,-111.867
10588.28,-111.872
10588.95,-111.869
10589.63,-111.873
10590.30,-111.868
10590.97,-111.872
10591.64,-111.870
10592.32,-111.873
10592.99,-111.870
10593.66,-111.873
10594.34,-111.873
10595.01,-111.872
10595.68,-111.873
10596.35,-111.873
10597.03,-111.871
10597.70,-111.870
10598.37,-111.875
10599.05,-111.870
10599.72,-111.873
10600.39,-111.872
10601.07,-111.874
10601.74,-111.873
10602.41,-111.873
10603.08,-111.876
10603.76,-111.875
10604.43,-111.874
10605.10,-111.875
10605.78,-111.874
10606.45,-111.874
10607.12,-111.878
10607.79,-111.875
10608.47,-111.874
10609.14,-111.874
10609.81,-111.876
10610.49,-111.876
10611.16,-111.877
10611.83,-111.876
10612.50,-111.876
10613.18,-111.876
10613.85,-111.879
10614.52,-111.873
10615.20,-111.876
10615.87,-111.877
10616.54,-111.878
10617.21,-111.876
10617.89,-111.880
10618.56,-111.879
10619.23,-111.880
10619.91,-111.875
10620.58,-111.879
10621.25,-111.880
10621.93,-111.879
10622.60,-111.880
10623.27,-111.877
10623.94,-111.881
10624.62,-111.878
10625.29,-111.879
10625.96,-111.879
10626.64,-111.876
10627.31,-111.881
10627.98,-111.881
10628.65,-111.879
10629.33,-111.880
10630.00,-111.882
10630.67,-111.881
10631.35,-111.884
10632.02,-111.882
10632.69,-111.880
10633.36,-111.882
10634.04,-111.881
10634.71,-111.881
10635.38,-111.884
10636.06,-111.885
10636.73,-111.882
10637.40,-111.884
10638.08,-111.885
10638.75,-111.884
10639.42,-111.882
10640.09,-111.885
10640.77,-111.884
10641.44,-111.883
10642.11,-111.884
10642.79,-111.884
10643.46,-111.885
10644.13,-111.888
10644.80,-111.886
10645.48,-111.885
10646.15,-111.887
10646.82,-111.885
10647.50,-111.884
10648.17,-111.885
10648.84,-111.886
10649.51,-111.886
10650.19,-111.888
10650.86,-111.885
10651.53,-111.886
10652.21,-111.885
10652.88,-111.885
10653.55,-111.888
10654.23,-111.888
10654.90,-111.888
10655.57,-111.888
10656.24,-111.887
10656.92,-111.886
10657.59,-111.889
10658.26,-111.888
10658.94,-111.888
10659.61,-111.890
10660.28,-111.890
10660.95,-111.888
10661.63,-111.888
10662.30,-111.890
10662.97,-111.890
10663.65,-111.889
10664.32,-111.889
10664.99,-111.891
10665.66,-111.890
10666.34,-111.890
10667.01,-111.892
10667.68,-111.889
10668.36,-111.890
10669.03,-111.892
10669.70,-111.892
10670.38,-111.891
10671.05,-111.891
10671.72,-111.892
10672.39,-111.893
10673.07,-111.891
10673.74,-111.891
10674.41,-111.891
10675.09,-111.893
10675.76,-111.893
10676.43,-111.892
10677.10,-111.894
10677.78,-111.894
10678.45,-111.894
10679.12,-111.895
10679.80,-111.892
10680.47,-111.895
10681.14,-111.894
10681.81,-111.893
10682.49,-111.894
10683.16,-111.895
10683.83,-111.894
10684.51,-111.895
10685.18,-111.895
10685.85,-111.895
10686.52,-111.896
10687.20,-111.894
10687.87,-111.896
10688.54,-111.896
10689.22,-111.896
10689.89,-111.897
10690.56,-111.895
10691.24,-111.895
10691.91,-111.895
10692.58,-111.896
10693.25,-111.896
10693.93,-111.897
10694.60,-111.895
10695.27,-111.897
10695.95,-111.896
10696.62,-111.896
10697.29,-111.899
10697.96,-111.898
10698.64,-111.897
10699.31,-111.897
10699.98,-111.899
10700.66,-111.897
10701.33,-111.897
10702.00,-111.899
10702.67,-111.898
10703.35,-111.898
10704.02,-111.897
10704.69,-111.899
10705.37,-111.899
10706.04,-111.900
10706.71,-111.900
10707.39,-111.899
10708.06,-111.900
10708.73,-111.898
10709.40,-111.899
10710.08,-111.900
10710.75,-111.900
10711.42,-111.900
10712.10,-111.900
10712.77,-111.900
10713.44,-111.902
10714.11,-111.900
10714.79,-111.899
10715.46,-111.901
10716.13,-111.902
10716.81,-111.901
10717.48,-111.902
10718.15,-111.902
10718.82,-111.901
10719.50,-111.902
10720.17,-111.901
10720.84,-111.901
10721.52,-111.903
10722.19,-111.902
10722.86,-111.903
10723.54,-111.903
10724.21,-111.904
10724.88,-111.903
10725.55,-111.903
10726.23,-111.903
10726.90,-111.904
10727.57,-111.903
10728.25,-111.904
10728.92,-111.904
10729.59,-111.903
10730.26,-111.905
10730.94,-111.905
10731.61,-111.903
10732.28,-111.905
10732.96,-111.905
10733.63,-111.905
10734.30,-111.905
10734.97,-111.905
10735.65,-111.904
10736.32,-111.906
10736.99,-111.906
10737.67,-111.907
10738.34,-111.906
10739.01,-111.905
10739.69,-111.906
10740.36,-111.906
10741.03,-111.906
10741.70,-111.906
10742.38,-111.906
10743.05,-111.907
10743.72,-111.906
10744.40,-111.906
10745.07,-111.907
10745.74,-111.908
10746.41,-111.906
10747.09,-111.907
10747.76,-111.907
10748.43,-111.907
10749.11,-111.907
10749.78,-111.908
10750.45,-111.908
10751.12,-111.908
10751.80,-111.908
10752.47,-111.910
10753.14,-111.908
10753.82,-111.907
10754.49,-111.910
10755.16,-111.908
10755.83,-111.909
10756.51,-111.909
10757.18,-111.909
10757.85,-111.910
10758.53,-111.909
10759.20,-111.910
10759.87,-111.910
10760.55,-111.910
10761.22,-111.910
10761.89,-111.910
10762.56,-111.910
10763.24,-111.910
10763.91,-111.910
10764.58,-111.910
10765.26,-111.911
10765.93,-111.911
10766.60,-111.910
10767.27,-111.911
10767.95,-111.911
10768.62,-111.911
10769.29,-111.911
10769.97,-111.912
10770.64,-111.911
10771.31,-111.912
10771.98,-111.912
10772.66,-111.912
10773.33,-111.912
10774.00,-111.913
10774.68,-111.912
10775.35,-111.912
10776.02,-111.912
10776.70,-111.912
10777.37,-111.913
10778.04,-111.912
10778.71,-111.913
10779.39,-111.913
10780.06,-111.913
10780.73,-111.913
10781.41,-111.913
10782.08,-111.914
10782.75,-111.913
10783.42,-111.913
10784.10,-111.913
10784.77,-111.914
10785.44,-111.914
10786.12,-111.914
10786.79,-111.914
10787.46,-111.914
10788.13,-111.914
10788.81,-111.914
10789.48,-111.914
10790.15,-111.914
10790.83,-111.914
10791.50,-111.915
10792.17,-111.915
10792.85,-111.915
10793.52,-111.915
10794.19,-111.915
10794.86,-111.915
10795.54,-111.916
10796.21,-111.915
10796.88,-111.915
10797.56,-111.916
10798.23,-111.916
10798.90,-111.916
10799.57,-111.916
10800.25,-111.916
10800.92,-111.917
10801.59,-111.917
10802.27,-111.917
10802.94,-111.917
10803.61,-111.916
10804.28,-111.916
10804.96,-111.916
10805.63,-111.917
10806.30,-111.917
10806.98,-111.917
10807.65,-111.917
10808.32,-111.917
10809.00,-111.917
10809.67,-111.918
10810.34,-111.918
10811.01,-111.918
10811.69,-111.917
10812.36,-111.918
10813.03,-111.918
10813.71,-111.918
10814.38,-111.919
10815.05,-111.918
10815.72,-111.918
10816.40,-111.918
10817.07,-111.918
10817.74,-111.919
10818.42,-111.919
10819.09,-111.919
10819.76,-111.919
10820.43,-111.919
10821.11,-111.918
10821.78,-111.919
10822.45,-111.919
10823.13,-111.919
10823.80,-111.919
10824.47,-111.919
10825.14,-111.920
10825.82,-111.919
10826.49,-111.919
10827.16,-111.920
10827.84,-111.920
10828.51,-111.920
10829.18,-111.920
10829.86,-111.920
10830.53,-111.921
10831.20,-111.921
10831.87,-111.920
10832.55,-111.920
10833.22,-111.920
10833.89,-111.921
10834.57,-111.921
10835.24,-111.921
10835.91,-111.921
10836.58,-111.921
10837.26,-111.921
10837.93,-111.921
10838.60,-111.921
10839.28,-111.922
10839.95,-111.921
10840.62,-111.921
10841.29,-111.922
10841.97,-111.922
10842.64,-111.922
10843.31,-111.922
10843.99,-111.922
10844.66,-111.922
10845.33,-111.922
10846.01,-111.923
10846.68,-111.922
10847.35,-111.922
10848.02,-111.922
10848.70,-111.922
10849.37,-111.923
10850.04,-111.922
10850.72,-111.923
10851.39,-111.922
10852.06,-111.923
10852.73,-111.923
10853.41,-111.923
10854.08,-111.923
10854.75,-111.923
10855.43,-111.923
10856.10,-111.923
10856.77,-111.923
10857.44,-111.923
10858.12,-111.923
10858.79,-111.924
10859.46,-111.924
10860.14,-111.923
10860.81,-111.924
10861.48,-111.924
10862.16,-111.924
10862.83,-111.924
10863.50,-111.924
10864.17,-111.924
10864.85,-111.924
10865.52,-111.924
10866.19,-111.924
10866.87,-111.924
10867.54,-111.925
10868.21,-111.924
10868.88,-111.925
10869.56,-111.925
10870.23,-111.924
10870.90,-111.925
10871.58,-111.925
10872.25,-111.925
10872.92,-111.925
10873.59,-111.925
10874.27,-111.925
10874.94,-111.925
10875.61,-111.925
10876.29,-111.926
10876.96,-111.926
10877.63,-111.925
10878.31,-111.926
10878.98,-111.926
10879.65,-111.926
10880.32,-111.926
10881.00,-111.926
10881.67,-111.926
10882.34,-111.926
10883.02,-111.926
10883.69,-111.926
10884.36,-111.926
10885.03,-111.926
10885.71,-111.926
10886.38,-111.926
10887.05,-111.926
10887.73,-111.926
10888.40,-111.927
10889.07,-111.926
10889.74,-111.926
10890.42,-111.927
10891.09,-111.927
10891.76,-111.927
10892.44,-111.927
10893.11,-111.927
10893.78,-111.927
10894.45,-111.927
10895.13,-111.927
10895.80,-111.927
10896.47,-111.927
10897.15,-111.927
10897.82,-111.927
10898.49,-111.927
10899.17,-111.927
10899.84,-111.927
10900.51,-111.927
10901.18,-111.927
10901.86,-111.927
10902.53,-111.928
10903.20,-111.928
10903.88,-111.928
10904.55,-111.928
10905.22,-111.928
10905.89,-111.928
10906.57,-111.928
10907.24,-111.928
10907.91,-111.928
10908.59,-111.928
10909.26,-111.928
10909.93,-111.928
10910.60,-111.928
10911.28,-111.928
10911.95,-111.928
10912.62,-111.928
10913.30,-111.929
10913.97,-111.929
10914.64,-111.929
10915.32,-111.929
10915.99,-111.929
10916.66,-111.929
10917.33,-111.929
10918.01,-111.929
10918.68,-111.929
10919.35,-111.929
10920.03,-111.929
10920.70,-111.929
10921.37,-111.929
10922.04,-111.929
10922.72,-111.929
10923.39,-111.929
10924.06,-111.929
10924.74,-111.929
10925.41,-111.929
10926.08,-111.929
10926.75,-111.930
10927.43,-111.930
10928.10,-111.930
10928.77,-111.930
10929.45,-111.930
10930.12,-111.930
10930.79,-111.930
10931.47,-111.930
10932.14,-111.930
10932.81,-111.930
10933.48,-111.930
10934.16,-111.930
10934.83,-111.930
10935.50,-111.930
10936.18,-111.930
10936.85,-111.930
10937.52,-111.930
10938.19,-111.930
10938.87,-111.930
10939.54,-111.930
10940.21,-111.930
10940.89,-111.930
10941.56,-111.930
10942.23,-111.930
10942.90,-111.930
10943.58,-111.931
10944.25,-111.930
10944.92,-111.931
10945.60,-111.931
10946.27,-111.931
10946.94,-111.931
10947.62,-111.931
10948.29,-111.931
10948.96,-111.931
10949.63,-111.931
10950.31,-111.931
10950.98,-111.931
10951.65,-111.931
10952.33,-111.931
10953.00,-111.931
10953.67,-111.931
10954.34,-111.931
10955.02,-111.931
10955.69,-111.931
10956.36,-111.931
10957.04,-111.931
10957.71,-111.931
10958.38,-111.931
10959.05,-111.931
10959.73,-111.931
10960.40,-111.931
10961.07,-111.931
10961.75,-111.931
10962.42,-111.931
10963.09,-111.931
10963.76,-111.932
10964.44,-111.931
10965.11,-111.931
10965.78,-111.931
10966.46,-111.931
10967.13,-111.931
10967.80,-111.932
10968.48,-111.932
10969.15,-111.932
10969.82,-111.932
10970.49,-111.932
10971.17,-111.932
10971.84,-111.932
10972.51,-111.932
10973.19,-111.932
10973.86,-111.932
10974.53,-111.932
10975.20,-111.932
10975.88,-111.932
10976.55,-111.932
10977.22,-111.932
10977.90,-111.932
10978.57,-111.932
10979.24,-111.932
10979.91,-111.932
10980.59,-111.932
10981.26,-111.932
10981.93,-111.932
10982.61,-111.932
10983.28,-111.932
10983.95,-111.932
10984.63,-111.932
10985.30,-111.932
10985.97,-111.932
10986.64,-111.932
10987.32,-111.932
10987.99,-111.932
10988.66,-111.932
10989.34,-111.932
10990.01,-111.932
10990.68,-111.932
10991.35,-111.932
10992.03,-111.932
10992.70,-111.932
10993.37,-111.932
10994.05,-111.932
10994.72,-111.932
10995.39,-111.932
10996.06,-111.932
10996.74,-111.932
10997.41,-111.932
10998.08,-111.932
10998.76,-111.932
10999.43,-111.932
11000.10,-111.932
11000.78,-111.932
11001.45,-111.932
11002.12,-111.933
11002.79,-111.932
11003.47,-111.932
11004.14,-111.933
11004.81,-111.933
11005.49,-111.932
11006.16,-111.932
11006.83,-111.933
11007.50,-111.933
11008.18,-111.932
11008.85,-111.933
11009.52,-111.933
11010.20,-111.932
11010.87,-111.933
11011.54,-111.933
11012.21,-111.933
11012.89,-111.933
11013.56,-111.933
11014.23,-111.933
11014.91,-111.933
11015.58,-111.933
11016.25,-111.933
11016.93,-111.933
11017.60,-111.933
11018.27,-111.933
11018.94,-111.933
11019.62,-111.933
11020.29,-111.933
11020.96,-111.933
11021.64,-111.933
11022.31,-111.933
11022.98,-111.933
11023.65,-111.933
11024.33,-111.933
11025.00,-114.313
