Frequency (Hz),FFT Magnitude (dB)
0.00,-120.000
0.24,-95.881
0.49,-96.174
0.73,-95.580
0.98,-95.117
1.22,-95.783
1.46,-94.551
1.71,-94.807
1.95,-95.553
2.20,-94.151
2.44,-93.634
2.69,-93.402
2.93,-93.593
3.17,-93.086
3.42,-91.747
3.66,-92.778
3.91,-93.165
4.15,-93.360
4.39,-93.432
4.64,-93.287
4.88,-92.058
5.13,-90.811
5.37,-90.655
5.62,-90.085
5.86,-91.741
6.10,-91.193
6.35,-92.094
6.59,-89.858
6.84,-89.795
7.08,-92.146
7.32,-89.281
7.57,-91.526
7.81,-90.577
8.06,-91.922
8.30,-89.857
8.54,-90.726
8.79,-86.909
9.03,-88.240
9.28,-87.719
9.52,-87.025
9.77,-86.323
10.01,-88.452
10.25,-90.766
10.50,-88.186
10.74,-87.629
10.99,-88.178
11.23,-86.861
11.47,-87.058
11.72,-88.756
11.96,-88.428
12.21,-89.782
12.45,-88.636
12.70,-87.938
12.94,-84.128
13.18,-85.198
13.43,-86.406
13.67,-88.938
13.92,-88.551
14.16,-86.542
14.40,-85.093
14.65,-82.089
14.89,-84.770
15.14,-85.869
15.38,-81.843
15.62,-85.668
15.87,-85.942
16.11,-86.570
16.36,-89.298
16.60,-88.161
16.85,-88.884
17.09,-88.093
17.33,-85.811
17.58,-86.047
17.82,-87.401
18.07,-85.012
18.31,-86.131
18.55,-87.240
18.80,-85.164
19.04,-85.956
19.29,-85.059
19.53,-83.965
19.78,-84.208
20.02,-87.242
20.26,-86.972
20.51,-83.660
20.75,-85.505
21.00,-85.855
21.24,-87.832
21.48,-86.258
21.73,-85.983
21.97,-87.624
22.22,-85.878
22.46,-86.583
22.71,-86.004
22.95,-85.062
23.19,-84.685
23.44,-84.733
23.68,-84.777
23.93,-85.292
24.17,-83.636
24.41,-82.212
24.66,-84.809
24.90,-85.710
25.15,-82.603
25.39,-82.475
25.63,-82.841
25.88,-83.284
26.12,-83.608
26.37,-81.128
26.61,-80.572
26.86,-83.245
27.10,-80.374
27.34,-79.939
27.59,-81.391
27.83,-77.742
28.08,-78.405
28.32,-77.998
28.56,-72.101
28.81,-66.383
29.05,-73.511
29.30,-72.721
29.54,-63.621
29.79,-64.133
30.03,-72.551
30.27,-75.518
30.52,-76.215
30.76,-76.351
31.01,-77.673
31.25,-78.150
31.49,-77.473
31.74,-79.099
31.98,-80.771
32.23,-81.026
32.47,-74.481
32.71,-79.260
32.96,-77.518
33.20,-76.705
33.45,-74.331
33.69,-72.978
33.94,-73.007
34.18,-74.177
34.42,-71.823
34.67,-64.422
34.91,-74.626
35.16,-70.327
35.40,-75.482
35.64,-76.494
35.89,-79.634
36.13,-76.287
36.38,-76.957
36.62,-76.031
36.87,-77.986
37.11,-77.732
37.35,-78.771
37.60,-78.053
37.84,-79.425
38.09,-78.946
38.33,-76.381
38.57,-78.448
38.82,-77.200
39.06,-76.802
39.31,-81.023
39.55,-78.010
39.79,-75.092
40.04,-75.782
40.28,-78.366
40.53,-79.015
40.77,-78.348
41.02,-78.163
41.26,-80.126
41.50,-77.685
41.75,-76.378
41.99,-76.822
42.24,-76.361
42.48,-76.509
42.72,-76.136
42.97,-75.230
43.21,-74.396
43.46,-76.301
43.70,-77.738
43.95,-76.103
44.19,-75.802
44.43,-79.225
44.68,-75.190
44.92,-76.711
45.17,-75.699
45.41,-76.525
45.65,-76.858
45.90,-74.179
46.14,-76.186
46.39,-75.245
46.63,-76.210
46.88,-76.365
47.12,-76.036
47.36,-76.321
47.61,-73.617
47.85,-73.814
48.10,-77.906
48.34,-76.329
48.58,-78.193
48.83,-79.213
49.07,-76.146
49.32,-75.808
49.56,-74.126
49.80,-77.077
50.05,-76.830
50.29,-75.488
50.54,-77.000
50.78,-75.841
51.03,-77.219
51.27,-77.040
51.51,-76.747
51.76,-77.648
52.00,-74.077
52.25,-75.050
52.49,-74.980
52.73,-75.863
52.98,-74.440
53.22,-76.948
53.47,-76.116
53.71,-77.168
53.96,-76.066
54.20,-74.723
54.44,-72.897
54.69,-74.788
54.93,-75.297
55.18,-71.708
55.42,-74.004
55.66,-74.692
55.91,-76.333
56.15,-75.621
56.40,-73.513
56.64,-73.203
56.88,-72.943
57.13,-75.467
57.37,-74.063
57.62,-73.063
57.86,-71.048
58.11,-74.659
58.35,-73.065
58.59,-72.266
58.84,-75.597
59.08,-72.809
59.33,-72.207
59.57,-72.461
59.81,-73.729
60.06,-74.563
60.30,-74.690
60.55,-72.867
60.79,-72.096
61.04,-72.975
61.28,-74.235
61.52,-76.976
61.77,-74.277
62.01,-74.442
62.26,-72.363
62.50,-73.361
62.74,-73.579
62.99,-73.005
63.23,-74.314
63.48,-73.457
63.72,-74.050
63.96,-72.730
64.21,-74.327
64.45,-73.286
64.70,-74.790
64.94,-75.872
65.19,-72.024
65.43,-72.889
65.67,-73.279
65.92,-72.593
66.16,-73.384
66.41,-75.219
66.65,-73.674
66.89,-73.140
67.14,-75.512
67.38,-73.647
67.63,-72.633
67.87,-72.407
68.12,-72.572
68.36,-72.634
68.60,-72.635
68.85,-70.987
69.09,-73.090
69.34,-72.843
69.58,-72.342
69.82,-73.328
70.07,-71.640
70.31,-73.477
70.56,-74.351
70.80,-72.882
71.04,-75.041
71.29,-75.194
71.53,-74.043
71.78,-73.624
72.02,-73.572
72.27,-72.905
72.51,-69.828
72.75,-74.367
73.00,-73.751
73.24,-73.738
73.49,-72.751
73.73,-72.441
73.97,-73.137
74.22,-72.343
74.46,-72.969
74.71,-73.815
74.95,-74.506
75.20,-71.267
75.44,-73.167
75.68,-76.129
75.93,-72.124
76.17,-74.047
76.42,-73.743
76.66,-75.769
76.90,-72.438
77.15,-72.638
77.39,-71.747
77.64,-76.365
77.88,-72.518
78.12,-73.053
78.37,-72.634
78.61,-72.294
78.86,-73.401
79.10,-75.360
79.35,-71.455
79.59,-72.896
79.83,-74.239
80.08,-72.850
80.32,-73.612
80.57,-73.016
80.81,-70.569
81.05,-71.933
81.30,-74.551
81.54,-73.134
81.79,-71.712
82.03,-73.143
82.28,-73.124
82.52,-77.148
82.76,-75.069
83.01,-73.760
83.25,-73.174
83.50,-73.445
83.74,-73.026
83.98,-74.454
84.23,-72.960
84.47,-72.340
84.72,-71.357
84.96,-74.706
85.21,-74.434
85.45,-74.232
85.69,-73.623
85.94,-75.281
86.18,-74.971
86.43,-74.130
86.67,-72.117
86.91,-73.358
87.16,-72.669
87.40,-73.462
87.65,-76.610
87.89,-74.557
88.13,-74.307
88.38,-73.840
88.62,-72.594
88.87,-73.060
89.11,-74.480
89.36,-73.792
89.60,-72.213
89.84,-74.083
90.09,-73.177
90.33,-71.145
90.58,-74.235
90.82,-72.709
91.06,-71.897
91.31,-73.015
91.55,-73.429
91.80,-72.574
92.04,-73.500
92.29,-73.717
92.53,-73.574
92.77,-72.161
93.02,-71.275
93.26,-72.558
93.51,-75.111
93.75,-75.629
93.99,-74.846
94.24,-71.766
94.48,-71.894
94.73,-71.075
94.97,-71.092
95.21,-73.175
95.46,-72.471
95.70,-72.568
95.95,-75.211
96.19,-72.550
96.44,-73.433
96.68,-75.255
96.92,-75.396
97.17,-76.372
97.41,-72.368
97.66,-71.979
97.90,-72.916
98.14,-74.504
98.39,-75.867
98.63,-74.200
98.88,-75.025
99.12,-72.829
99.37,-72.030
99.61,-72.777
99.85,-76.533
100.10,-71.477
100.34,-73.644
100.59,-72.872
100.83,-74.383
101.07,-72.701
101.32,-74.678
101.56,-73.779
101.81,-75.038
102.05,-72.823
102.29,-74.053
102.54,-72.845
102.78,-73.589
103.03,-71.891
103.27,-72.307
103.52,-75.274
103.76,-73.287
104.00,-73.709
104.25,-73.742
104.49,-72.467
104.74,-72.348
104.98,-73.418
105.22,-74.468
105.47,-73.126
105.71,-74.589
105.96,-75.945
106.20,-73.958
106.45,-74.110
106.69,-72.215
106.93,-74.417
107.18,-72.983
107.42,-73.160
107.67,-73.495
107.91,-73.590
108.15,-74.494
108.40,-73.825
108.64,-72.203
108.89,-72.628
109.13,-73.513
109.38,-72.173
109.62,-72.575
109.86,-75.287
110.11,-71.945
110.35,-73.029
110.60,-72.431
110.84,-75.612
111.08,-75.416
111.33,-72.876
111.57,-71.890
111.82,-70.672
112.06,-72.640
112.30,-73.087
112.55,-72.077
112.79,-71.159
113.04,-73.118
113.28,-71.266
113.53,-72.910
113.77,-74.125
114.01,-71.749
114.26,-75.920
114.50,-72.556
114.75,-74.029
114.99,-74.157
115.23,-71.443
115.48,-74.351
115.72,-75.312
115.97,-73.651
116.21,-71.252
116.46,-72.551
116.70,-71.756
116.94,-73.117
117.19,-73.676
117.43,-72.419
117.68,-72.708
117.92,-71.437
118.16,-71.965
118.41,-73.271
118.65,-73.885
118.90,-70.514
119.14,-71.107
119.38,-72.430
119.63,-71.782
119.87,-70.523
120.12,-65.584
120.36,-70.970
120.61,-71.556
120.85,-72.848
121.09,-74.497
121.34,-75.737
121.58,-72.427
121.83,-74.002
122.07,-75.147
122.31,-74.008
122.56,-76.729
122.80,-75.478
123.05,-74.845
123.29,-74.741
123.54,-73.211
123.78,-72.595
124.02,-74.097
124.27,-73.643
124.51,-73.064
124.76,-72.169
125.00,-73.127
125.24,-73.752
125.49,-72.240
125.73,-73.338
125.98,-73.096
126.22,-71.964
126.46,-73.214
126.71,-71.253
126.95,-75.338
127.20,-72.939
127.44,-70.989
127.69,-72.205
127.93,-73.165
128.17,-72.722
128.42,-72.806
128.66,-72.744
128.91,-73.975
129.15,-75.489
129.39,-74.068
129.64,-73.406
129.88,-72.108
130.13,-73.762
130.37,-73.372
130.62,-74.510
130.86,-72.291
131.10,-74.255
131.35,-73.640
131.59,-75.191
131.84,-73.447
132.08,-72.857
132.32,-72.048
132.57,-74.181
132.81,-76.229
133.06,-73.227
133.30,-73.274
133.54,-71.666
133.79,-71.987
134.03,-72.045
134.28,-72.514
134.52,-72.778
134.77,-73.280
135.01,-71.211
135.25,-73.606
135.50,-73.992
135.74,-74.031
135.99,-71.870
136.23,-73.167
136.47,-73.035
136.72,-74.270
136.96,-71.867
137.21,-72.950
137.45,-72.964
137.70,-74.657
137.94,-75.707
138.18,-76.118
138.43,-73.897
138.67,-72.836
138.92,-73.677
139.16,-74.698
139.40,-73.150
139.65,-73.427
139.89,-74.665
140.14,-73.282
140.38,-73.222
140.62,-74.365
140.87,-73.055
141.11,-73.617
141.36,-72.133
141.60,-74.179
141.85,-72.934
142.09,-73.610
142.33,-71.554
142.58,-71.432
142.82,-73.440
143.07,-72.046
143.31,-72.256
143.55,-72.657
143.80,-72.154
144.04,-76.185
144.29,-73.070
144.53,-72.463
144.78,-76.678
145.02,-75.249
145.26,-72.678
145.51,-74.657
145.75,-73.234
146.00,-72.367
146.24,-74.090
146.48,-74.264
146.73,-71.584
146.97,-74.077
147.22,-72.603
147.46,-72.299
147.71,-73.497
147.95,-74.423
148.19,-72.781
148.44,-73.489
148.68,-73.499
148.93,-72.222
149.17,-72.741
149.41,-73.526
149.66,-75.729
149.90,-73.533
150.15,-73.654
150.39,-74.925
150.63,-75.365
150.88,-76.166
151.12,-72.684
151.37,-74.034
151.61,-71.175
151.86,-72.506
152.10,-73.581
152.34,-72.364
152.59,-73.757
152.83,-73.775
153.08,-74.508
153.32,-74.644
153.56,-72.024
153.81,-73.265
154.05,-72.561
154.30,-75.143
154.54,-73.808
154.79,-73.740
155.03,-74.351
155.27,-74.669
155.52,-73.164
155.76,-73.892
156.01,-71.844
156.25,-74.914
156.49,-72.662
156.74,-72.119
156.98,-73.222
157.23,-71.470
157.47,-73.203
157.71,-73.300
157.96,-73.601
158.20,-73.811
158.45,-72.481
158.69,-73.087
158.94,-72.078
159.18,-71.468
159.42,-72.319
159.67,-72.295
159.91,-74.704
160.16,-74.393
160.40,-70.945
160.64,-74.040
160.89,-71.675
161.13,-75.255
161.38,-73.029
161.62,-72.937
161.87,-75.275
162.11,-73.877
162.35,-70.610
162.60,-73.782
162.84,-73.479
163.09,-73.420
163.33,-74.695
163.57,-73.343
163.82,-74.984
164.06,-72.885
164.31,-73.503
164.55,-70.679
164.79,-72.389
165.04,-70.817
165.28,-73.018
165.53,-74.588
165.77,-73.549
166.02,-73.381
166.26,-72.460
166.50,-73.664
166.75,-71.367
166.99,-73.280
167.24,-74.979
167.48,-73.541
167.72,-71.438
167.97,-71.688
168.21,-71.017
168.46,-74.060
168.70,-72.176
168.95,-73.231
169.19,-74.136
169.43,-72.575
169.68,-73.333
169.92,-74.387
170.17,-73.863
170.41,-74.742
170.65,-74.192
170.90,-71.059
171.14,-73.830
171.39,-71.296
171.63,-73.365
171.88,-72.262
172.12,-72.844
172.36,-73.550
172.61,-71.303
172.85,-70.215
173.10,-73.190
173.34,-75.552
173.58,-73.741
173.83,-74.235
174.07,-73.080
174.32,-72.787
174.56,-73.433
174.80,-73.116
175.05,-71.237
175.29,-73.317
175.54,-73.059
175.78,-74.271
176.03,-74.226
176.27,-70.655
176.51,-72.685
176.76,-73.283
177.00,-72.611
177.25,-73.236
177.49,-75.231
177.73,-72.299
177.98,-70.855
178.22,-73.587
178.47,-72.422
178.71,-73.369
178.96,-74.477
179.20,-74.386
179.44,-71.298
179.69,-75.341
179.93,-74.171
180.18,-74.219
180.42,-71.245
180.66,-73.194
180.91,-73.341
181.15,-74.353
181.40,-72.232
181.64,-71.568
181.88,-73.410
182.13,-72.604
182.37,-74.328
182.62,-72.912
182.86,-71.387
183.11,-71.439
183.35,-71.540
183.59,-72.862
183.84,-73.612
184.08,-70.548
184.33,-71.914
184.57,-76.511
184.81,-72.701
185.06,-71.298
185.30,-71.650
185.55,-74.467
185.79,-69.761
186.04,-75.588
186.28,-74.242
186.52,-73.695
186.77,-73.775
187.01,-72.735
187.26,-74.087
187.50,-74.801
187.74,-71.985
187.99,-73.085
188.23,-72.220
188.48,-72.236
188.72,-72.814
188.96,-72.035
189.21,-72.545
189.45,-71.808
189.70,-70.376
189.94,-70.897
190.19,-70.823
190.43,-70.272
190.67,-71.177
190.92,-72.669
191.16,-73.052
191.41,-69.944
191.65,-70.341
191.89,-71.300
192.14,-72.043
192.38,-69.044
192.63,-69.473
192.87,-73.179
193.12,-73.148
193.36,-70.799
193.60,-70.452
193.85,-71.662
194.09,-71.716
194.34,-70.431
194.58,-72.334
194.82,-71.919
195.07,-71.897
195.31,-72.266
195.56,-72.210
195.80,-71.776
196.04,-69.130
196.29,-70.055
196.53,-72.866
196.78,-71.687
197.02,-70.378
197.27,-71.338
197.51,-72.051
197.75,-71.304
198.00,-68.991
198.24,-68.844
198.49,-69.964
198.73,-71.812
198.97,-70.038
199.22,-72.039
199.46,-69.502
199.71,-69.482
199.95,-72.403
200.20,-70.250
200.44,-70.928
200.68,-72.879
200.93,-72.891
201.17,-71.779
201.42,-74.030
201.66,-70.802
201.90,-72.910
202.15,-70.078
202.39,-73.094
202.64,-69.748
202.88,-72.138
203.12,-69.904
203.37,-70.823
203.61,-72.423
203.86,-71.591
204.10,-71.665
204.35,-71.717
204.59,-71.433
204.83,-71.975
205.08,-71.657
205.32,-71.247
205.57,-71.837
205.81,-70.963
206.05,-70.169
206.30,-69.377
206.54,-70.725
206.79,-71.306
207.03,-73.111
207.28,-71.161
207.52,-71.144
207.76,-71.703
208.01,-71.976
208.25,-71.326
208.50,-69.914
208.74,-69.403
208.98,-70.926
209.23,-70.895
209.47,-68.062
209.72,-70.938
209.96,-72.365
210.21,-71.890
210.45,-69.402
210.69,-69.669
210.94,-69.886
211.18,-70.814
211.43,-71.150
211.67,-73.217
211.91,-69.107
212.16,-69.757
212.40,-69.601
212.65,-70.704
212.89,-71.554
213.13,-70.118
213.38,-69.824
213.62,-70.230
213.87,-73.900
214.11,-71.905
214.36,-71.099
214.60,-71.133
214.84,-73.341
215.09,-73.501
215.33,-72.745
215.58,-73.513
215.82,-72.440
216.06,-72.940
216.31,-70.407
216.55,-71.787
216.80,-71.094
217.04,-70.855
217.29,-69.578
217.53,-70.230
217.77,-70.370
218.02,-71.205
218.26,-70.620
218.51,-69.807
218.75,-70.546
218.99,-67.737
219.24,-71.939
219.48,-71.310
219.73,-69.682
219.97,-71.578
220.21,-72.376
220.46,-72.085
220.70,-70.470
220.95,-72.317
221.19,-70.295
221.44,-70.464
221.68,-70.688
221.92,-70.823
222.17,-69.680
222.41,-73.186
222.66,-70.629
222.90,-71.674
223.14,-71.122
223.39,-69.402
223.63,-69.764
223.88,-68.439
224.12,-70.932
224.37,-72.020
224.61,-67.903
224.85,-72.402
225.10,-69.813
225.34,-70.048
225.59,-67.993
225.83,-70.821
226.07,-72.184
226.32,-70.898
226.56,-70.730
226.81,-72.476
227.05,-71.503
227.29,-68.031
227.54,-68.953
227.78,-68.995
228.03,-69.360
228.27,-70.319
228.52,-71.135
228.76,-68.731
229.00,-71.192
229.25,-68.991
229.49,-68.465
229.74,-68.491
229.98,-69.952
230.22,-69.549
230.47,-70.597
230.71,-68.970
230.96,-70.333
231.20,-68.524
231.45,-68.572
231.69,-70.287
231.93,-69.538
232.18,-70.988
232.42,-68.701
232.67,-69.523
232.91,-68.981
233.15,-69.310
233.40,-72.271
233.64,-73.554
233.89,-69.630
234.13,-68.308
234.38,-69.470
234.62,-69.302
234.86,-68.731
235.11,-66.870
235.35,-67.170
235.60,-68.627
235.84,-70.167
236.08,-70.190
236.33,-69.783
236.57,-70.394
236.82,-69.110
237.06,-69.227
237.30,-66.447
237.55,-67.933
237.79,-66.614
238.04,-69.405
238.28,-68.498
238.53,-68.263
238.77,-69.808
239.01,-71.107
239.26,-67.144
239.50,-69.945
239.75,-70.854
239.99,-68.477
240.23,-68.294
240.48,-71.039
240.72,-69.507
240.97,-68.572
241.21,-66.334
241.46,-67.345
241.70,-69.331
241.94,-67.255
242.19,-68.505
242.43,-66.629
242.68,-67.532
242.92,-68.706
243.16,-68.512
243.41,-68.224
243.65,-70.151
243.90,-66.514
244.14,-72.192
244.38,-69.487
244.63,-67.358
244.87,-67.728
245.12,-67.557
245.36,-68.632
245.61,-68.251
245.85,-69.223
246.09,-67.784
246.34,-66.445
246.58,-67.383
246.83,-69.627
247.07,-66.390
247.31,-68.198
247.56,-68.594
247.80,-69.235
248.05,-68.619
248.29,-68.031
248.54,-67.419
248.78,-66.695
249.02,-67.327
249.27,-67.744
249.51,-66.149
249.76,-66.304
250.00,-66.713
250.24,-66.731
250.49,-66.887
250.73,-66.658
250.98,-66.988
251.22,-65.903
251.46,-69.352
251.71,-68.800
251.95,-68.223
252.20,-68.644
252.44,-68.632
252.69,-66.805
252.93,-69.044
253.17,-67.104
253.42,-64.742
253.66,-67.273
253.91,-67.246
254.15,-66.805
254.39,-66.098
254.64,-68.144
254.88,-68.081
255.13,-66.204
255.37,-65.317
255.62,-66.334
255.86,-65.728
256.10,-66.852
256.35,-67.244
256.59,-67.682
256.84,-65.575
257.08,-67.188
257.32,-66.900
257.57,-66.313
257.81,-64.173
258.06,-67.888
258.30,-64.941
258.54,-64.624
258.79,-67.628
259.03,-63.733
259.28,-66.654
259.52,-66.216
259.77,-64.487
260.01,-68.500
260.25,-64.991
260.50,-64.590
260.74,-64.644
260.99,-66.888
261.23,-63.206
261.47,-65.178
261.72,-65.325
261.96,-63.182
262.21,-63.293
262.45,-64.684
262.70,-63.653
262.94,-64.649
263.18,-65.855
263.43,-65.790
263.67,-67.371
263.92,-64.880
264.16,-64.227
264.40,-65.422
264.65,-64.536
264.89,-64.758
265.14,-66.384
265.38,-64.856
265.62,-66.819
265.87,-65.492
266.11,-65.120
266.36,-63.608
266.60,-64.510
266.85,-65.823
267.09,-63.619
267.33,-63.586
267.58,-64.144
267.82,-63.403
268.07,-65.210
268.31,-63.421
268.55,-64.402
268.80,-63.541
269.04,-63.300
269.29,-62.051
269.53,-62.101
269.78,-63.734
270.02,-62.605
270.26,-61.832
270.51,-60.373
270.75,-62.139
271.00,-64.239
271.24,-63.911
271.48,-64.696
271.73,-64.235
271.97,-64.491
272.22,-62.095
272.46,-63.922
272.71,-63.366
272.95,-62.514
273.19,-64.538
273.44,-64.312
273.68,-63.718
273.93,-60.155
274.17,-61.868
274.41,-62.796
274.66,-63.061
274.90,-62.381
275.15,-60.900
275.39,-61.199
275.63,-62.164
275.88,-60.481
276.12,-62.693
276.37,-64.148
276.61,-64.045
276.86,-62.275
277.10,-65.992
277.34,-62.839
277.59,-64.255
277.83,-60.312
278.08,-62.478
278.32,-63.517
278.56,-62.119
278.81,-60.929
279.05,-61.837
279.30,-61.485
279.54,-62.987
279.79,-62.157
280.03,-62.513
280.27,-60.767
280.52,-60.802
280.76,-60.980
281.01,-63.695
281.25,-61.084
281.49,-59.404
281.74,-64.263
281.98,-60.089
282.23,-61.452
282.47,-61.580
282.71,-60.230
282.96,-61.124
283.20,-63.251
283.45,-61.820
283.69,-61.865
283.94,-62.545
284.18,-60.530
284.42,-61.404
284.67,-61.770
284.91,-63.165
285.16,-60.258
285.40,-59.472
285.64,-59.693
285.89,-60.509
286.13,-60.158
286.38,-60.221
286.62,-59.491
286.87,-60.255
287.11,-56.972
287.35,-58.938
287.60,-61.105
287.84,-59.005
288.09,-60.683
288.33,-60.827
288.57,-60.423
288.82,-60.042
289.06,-60.541
289.31,-58.854
289.55,-61.961
289.79,-57.176
290.04,-59.625
290.28,-60.420
290.53,-60.319
290.77,-59.274
291.02,-58.366
291.26,-59.243
291.50,-60.421
291.75,-59.370
291.99,-58.837
292.24,-58.783
292.48,-60.297
292.72,-58.415
292.97,-61.510
293.21,-58.491
293.46,-56.114
293.70,-60.818
293.95,-58.259
294.19,-58.998
294.43,-58.735
294.68,-61.918
294.92,-62.436
295.17,-59.877
295.41,-60.848
295.65,-58.925
295.90,-60.836
296.14,-60.272
296.39,-61.828
296.63,-58.482
296.88,-58.417
297.12,-58.463
297.36,-58.311
297.61,-57.578
297.85,-57.839
298.10,-61.090
298.34,-61.136
298.58,-58.306
298.83,-61.110
299.07,-60.566
299.32,-59.218
299.56,-58.333
299.80,-61.009
300.05,-60.135
300.29,-61.970
300.54,-58.538
300.78,-59.015
301.03,-59.280
301.27,-58.502
301.51,-58.529
301.76,-58.964
302.00,-60.442
302.25,-63.585
302.49,-62.217
302.73,-60.823
302.98,-60.480
303.22,-60.610
303.47,-59.196
303.71,-62.762
303.96,-62.771
304.20,-60.607
304.44,-61.918
304.69,-59.725
304.93,-58.514
305.18,-58.670
305.42,-61.336
305.66,-59.006
305.91,-59.883
306.15,-60.954
306.40,-61.057
306.64,-59.351
306.88,-60.581
307.13,-59.898
307.37,-61.318
307.62,-59.843
307.86,-59.387
308.11,-58.311
308.35,-60.898
308.59,-59.436
308.84,-59.048
309.08,-60.442
309.33,-61.568
309.57,-61.505
309.81,-61.170
310.06,-62.559
310.30,-64.035
310.55,-61.155
310.79,-63.727
311.04,-60.488
311.28,-60.164
311.52,-60.410
311.77,-62.272
312.01,-61.753
312.26,-60.639
312.50,-63.259
312.74,-61.583
312.99,-60.039
313.23,-61.999
313.48,-61.911
313.72,-63.321
313.96,-61.792
314.21,-62.340
314.45,-64.294
314.70,-61.805
314.94,-63.616
315.19,-62.464
315.43,-62.243
315.67,-61.939
315.92,-64.327
316.16,-61.976
316.41,-62.636
316.65,-62.698
316.89,-62.845
317.14,-59.946
317.38,-62.318
317.63,-64.923
317.87,-64.512
318.12,-63.146
318.36,-62.176
318.60,-60.542
318.85,-62.268
319.09,-63.328
319.34,-62.949
319.58,-62.792
319.82,-62.546
320.07,-61.607
320.31,-62.473
320.56,-64.188
320.80,-61.669
321.04,-64.252
321.29,-62.292
321.53,-63.673
321.78,-63.348
322.02,-63.947
322.27,-65.573
322.51,-64.937
322.75,-62.137
323.00,-63.083
323.24,-64.729
323.49,-64.099
323.73,-64.086
323.97,-64.349
324.22,-63.562
324.46,-65.322
324.71,-65.443
324.95,-64.523
325.20,-62.610
325.44,-65.033
325.68,-65.441
325.93,-65.177
326.17,-66.215
326.42,-67.228
326.66,-66.323
326.90,-63.904
327.15,-63.339
327.39,-64.224
327.64,-66.083
327.88,-61.560
328.12,-64.309
328.37,-63.281
328.61,-65.571
328.86,-64.865
329.10,-65.254
329.35,-65.672
329.59,-64.720
329.83,-63.991
330.08,-65.442
330.32,-65.384
330.57,-65.482
330.81,-67.869
331.05,-65.868
331.30,-65.107
331.54,-65.910
331.79,-64.695
332.03,-66.432
332.28,-65.831
332.52,-64.590
332.76,-65.755
333.01,-67.188
333.25,-65.719
333.50,-67.485
333.74,-66.722
333.98,-66.878
334.23,-65.791
334.47,-66.442
334.72,-66.772
334.96,-67.836
335.21,-66.425
335.45,-66.648
335.69,-67.596
335.94,-68.019
336.18,-67.775
336.43,-67.500
336.67,-66.251
336.91,-66.330
337.16,-69.019
337.40,-67.227
337.65,-65.655
337.89,-66.348
338.13,-69.644
338.38,-67.515
338.62,-68.681
338.87,-67.741
339.11,-65.845
339.36,-68.870
339.60,-67.082
339.84,-66.568
340.09,-66.021
340.33,-67.206
340.58,-66.690
340.82,-65.731
341.06,-67.814
341.31,-65.665
341.55,-66.803
341.80,-66.137
342.04,-66.500
342.29,-68.609
342.53,-68.384
342.77,-69.420
343.02,-65.950
343.26,-67.619
343.51,-65.880
343.75,-67.500
343.99,-67.757
344.24,-65.981
344.48,-68.862
344.73,-65.601
344.97,-67.755
345.21,-68.003
345.46,-67.672
345.70,-67.655
345.95,-67.795
346.19,-66.278
346.44,-68.153
346.68,-71.403
346.92,-69.124
347.17,-68.008
347.41,-70.112
347.66,-68.260
347.90,-68.128
348.14,-67.502
348.39,-64.342
348.63,-67.252
348.88,-68.065
349.12,-70.248
349.37,-71.605
349.61,-69.492
349.85,-70.009
350.10,-69.154
350.34,-66.721
350.59,-68.032
350.83,-68.607
351.07,-69.936
351.32,-70.489
351.56,-69.795
351.81,-71.255
352.05,-70.161
352.29,-66.929
352.54,-69.563
352.78,-70.155
353.03,-69.970
353.27,-67.172
353.52,-69.263
353.76,-68.913
354.00,-72.477
354.25,-71.181
354.49,-66.859
354.74,-70.218
354.98,-70.995
355.22,-68.181
355.47,-67.354
355.71,-68.131
355.96,-69.147
356.20,-70.162
356.45,-67.274
356.69,-70.545
356.93,-66.879
357.18,-68.303
357.42,-68.340
357.67,-67.358
357.91,-70.082
358.15,-69.769
358.40,-70.929
358.64,-71.209
358.89,-71.041
359.13,-69.446
359.38,-72.393
359.62,-69.356
359.86,-68.721
360.11,-69.679
360.35,-69.520
360.60,-70.877
360.84,-71.820
361.08,-70.121
361.33,-67.982
361.57,-69.334
361.82,-69.694
362.06,-71.182
362.30,-71.111
362.55,-68.543
362.79,-70.082
363.04,-71.758
363.28,-71.361
363.53,-72.264
363.77,-70.347
364.01,-71.005
364.26,-73.183
364.50,-68.324
364.75,-69.092
364.99,-69.968
365.23,-69.197
365.48,-72.230
365.72,-71.868
365.97,-71.537
366.21,-66.522
366.46,-71.639
366.70,-70.519
366.94,-70.066
367.19,-70.605
367.43,-71.722
367.68,-71.718
367.92,-70.565
368.16,-71.122
368.41,-68.253
368.65,-69.260
368.90,-72.384
369.14,-73.172
369.38,-69.990
369.63,-70.310
369.87,-70.742
370.12,-70.117
370.36,-71.059
370.61,-70.079
370.85,-72.827
371.09,-72.099
371.34,-72.446
371.58,-69.563
371.83,-71.824
372.07,-70.547
372.31,-72.475
372.56,-69.631
372.80,-71.263
373.05,-70.784
373.29,-71.218
373.54,-71.254
373.78,-70.616
374.02,-71.073
374.27,-72.471
374.51,-70.222
374.76,-72.012
375.00,-68.578
375.24,-72.393
375.49,-70.773
375.73,-70.329
375.98,-70.652
376.22,-72.288
376.46,-71.041
376.71,-70.253
376.95,-71.495
377.20,-73.502
377.44,-72.563
377.69,-72.913
377.93,-74.634
378.17,-70.022
378.42,-72.235
378.66,-71.668
378.91,-70.309
379.15,-67.701
379.39,-70.857
379.64,-70.396
379.88,-71.208
380.13,-74.606
380.37,-72.892
380.62,-73.860
380.86,-74.032
381.10,-71.009
381.35,-67.778
381.59,-70.856
381.84,-69.825
382.08,-71.219
382.32,-71.657
382.57,-72.824
382.81,-72.700
383.06,-72.009
383.30,-71.931
383.54,-70.175
383.79,-72.785
384.03,-72.422
384.28,-70.931
384.52,-72.430
384.77,-71.450
385.01,-72.750
385.25,-73.089
385.50,-73.162
385.74,-71.750
385.99,-71.199
386.23,-73.128
386.47,-71.950
386.72,-70.897
386.96,-72.455
387.21,-72.029
387.45,-70.702
387.70,-73.240
387.94,-73.484
388.18,-73.866
388.43,-70.852
388.67,-69.986
388.92,-70.255
389.16,-70.631
389.40,-71.077
389.65,-71.292
389.89,-70.388
390.14,-71.656
390.38,-71.981
390.62,-73.407
390.87,-73.117
391.11,-72.039
391.36,-72.011
391.60,-70.383
391.85,-73.742
392.09,-72.774
392.33,-74.881
392.58,-75.620
392.82,-72.108
393.07,-72.487
393.31,-69.835
393.55,-71.834
393.80,-71.504
394.04,-71.149
394.29,-71.053
394.53,-70.685
394.78,-74.582
395.02,-71.965
395.26,-71.501
395.51,-74.133
395.75,-71.992
396.00,-74.802
396.24,-73.167
396.48,-72.926
396.73,-74.398
396.97,-73.487
397.22,-72.863
397.46,-74.188
397.71,-72.583
397.95,-71.071
398.19,-73.493
398.44,-69.806
398.68,-73.607
398.93,-71.804
399.17,-73.280
399.41,-71.154
399.66,-72.645
399.90,-71.405
400.15,-71.425
400.39,-70.955
400.63,-71.453
400.88,-72.543
401.12,-72.980
401.37,-73.475
401.61,-70.223
401.86,-73.390
402.10,-73.384
402.34,-72.849
402.59,-73.474
402.83,-70.637
403.08,-71.942
403.32,-77.012
403.56,-71.795
403.81,-73.845
404.05,-71.517
404.30,-75.504
404.54,-72.967
404.79,-71.762
405.03,-71.767
405.27,-71.255
405.52,-72.387
405.76,-71.082
406.01,-73.661
406.25,-72.013
406.49,-75.416
406.74,-72.567
406.98,-72.639
407.23,-72.553
407.47,-72.575
407.71,-71.900
407.96,-72.666
408.20,-74.648
408.45,-71.480
408.69,-71.179
408.94,-73.316
409.18,-73.110
409.42,-72.995
409.67,-71.349
409.91,-73.181
410.16,-73.677
410.40,-71.552
410.64,-74.781
410.89,-73.302
411.13,-73.741
411.38,-75.638
411.62,-71.905
411.87,-72.259
412.11,-73.623
412.35,-75.519
412.60,-74.730
412.84,-74.132
413.09,-73.699
413.33,-73.065
413.57,-74.467
413.82,-72.957
414.06,-74.119
414.31,-73.253
414.55,-70.815
414.79,-74.120
415.04,-74.192
415.28,-73.578
415.53,-75.202
415.77,-73.200
416.02,-71.100
416.26,-70.468
416.50,-71.333
416.75,-73.151
416.99,-73.243
417.24,-72.942
417.48,-74.446
417.72,-72.390
417.97,-73.422
418.21,-75.316
418.46,-76.236
418.70,-71.343
418.95,-72.709
419.19,-70.930
419.43,-72.763
419.68,-74.789
419.92,-72.559
420.17,-71.309
420.41,-73.947
420.65,-72.726
420.90,-73.875
421.14,-74.650
421.39,-73.757
421.63,-76.333
421.88,-72.586
422.12,-73.165
422.36,-71.697
422.61,-73.002
422.85,-73.914
423.10,-74.953
423.34,-73.339
423.58,-73.711
423.83,-73.784
424.07,-73.993
424.32,-74.970
424.56,-72.279
424.80,-72.336
425.05,-73.184
425.29,-72.084
425.54,-72.671
425.78,-72.363
426.03,-73.459
426.27,-73.289
426.51,-70.384
426.76,-72.662
427.00,-72.136
427.25,-72.477
427.49,-71.784
427.73,-72.514
427.98,-71.636
428.22,-73.817
428.47,-73.230
428.71,-72.558
428.96,-72.611
429.20,-73.895
429.44,-75.504
429.69,-71.391
429.93,-71.852
430.18,-72.712
430.42,-73.347
430.66,-72.500
430.91,-74.000
431.15,-72.637
431.40,-72.263
431.64,-74.376
431.88,-73.579
432.13,-73.067
432.37,-72.597
432.62,-71.972
432.86,-74.265
433.11,-74.907
433.35,-73.562
433.59,-71.850
433.84,-73.606
434.08,-73.699
434.33,-72.398
434.57,-72.791
434.81,-71.544
435.06,-72.604
435.30,-72.606
435.55,-73.784
435.79,-73.633
436.04,-72.107
436.28,-72.736
436.52,-74.140
436.77,-74.108
437.01,-72.245
437.26,-72.270
437.50,-72.922
437.74,-72.599
437.99,-72.053
438.23,-73.652
438.48,-73.516
438.72,-72.253
438.96,-73.103
439.21,-72.462
439.45,-73.275
439.70,-72.248
439.94,-71.299
440.19,-71.069
440.43,-71.875
440.67,-72.694
440.92,-71.614
441.16,-73.750
441.41,-72.748
441.65,-73.917
441.89,-74.725
442.14,-73.992
442.38,-71.264
442.63,-72.418
442.87,-72.302
443.12,-73.446
443.36,-72.741
443.60,-74.212
443.85,-71.482
444.09,-74.180
444.34,-73.064
444.58,-73.286
444.82,-72.967
445.07,-72.252
445.31,-73.343
445.56,-74.137
445.80,-74.645
446.04,-73.092
446.29,-73.904
446.53,-73.603
446.78,-74.561
447.02,-74.271
447.27,-74.521
447.51,-74.625
447.75,-71.187
448.00,-71.532
448.24,-70.152
448.49,-74.172
448.73,-69.444
448.97,-71.462
449.22,-71.340
449.46,-72.152
449.71,-70.760
449.95,-75.179
450.20,-74.105
450.44,-72.724
450.68,-72.541
450.93,-71.279
451.17,-71.482
451.42,-72.390
451.66,-71.059
451.90,-71.623
452.15,-72.473
452.39,-75.091
452.64,-74.420
452.88,-73.335
453.12,-74.788
453.37,-73.055
453.61,-74.930
453.86,-73.945
454.10,-71.051
454.35,-75.925
454.59,-72.055
454.83,-72.117
455.08,-73.644
455.32,-72.949
455.57,-73.362
455.81,-75.348
456.05,-71.633
456.30,-73.273
456.54,-75.251
456.79,-73.485
457.03,-72.857
457.28,-71.996
457.52,-71.053
457.76,-71.508
458.01,-74.744
458.25,-76.544
458.50,-72.636
458.74,-72.669
458.98,-73.153
459.23,-75.787
459.47,-72.576
459.72,-73.109
459.96,-72.854
460.21,-72.650
460.45,-74.989
460.69,-74.505
460.94,-73.913
461.18,-72.800
461.43,-71.481
461.67,-72.250
461.91,-72.665
462.16,-72.038
462.40,-72.982
462.65,-71.177
462.89,-73.867
463.13,-75.522
463.38,-74.661
463.62,-72.423
463.87,-73.554
464.11,-72.436
464.36,-72.928
464.60,-72.741
464.84,-72.597
465.09,-70.286
465.33,-72.457
465.58,-69.394
465.82,-74.511
466.06,-72.360
466.31,-73.067
466.55,-72.608
466.80,-72.115
467.04,-69.261
467.29,-71.356
467.53,-74.436
467.77,-70.477
468.02,-72.770
468.26,-70.955
468.51,-72.360
468.75,-73.298
468.99,-71.135
469.24,-69.974
469.48,-72.645
469.73,-73.056
469.97,-73.288
470.21,-70.625
470.46,-72.047
470.70,-72.118
470.95,-69.459
471.19,-73.240
471.44,-73.160
471.68,-73.700
471.92,-71.033
472.17,-69.727
472.41,-73.187
472.66,-71.828
472.90,-73.916
473.14,-71.622
473.39,-69.242
473.63,-70.952
473.88,-74.294
474.12,-74.518
474.37,-72.669
474.61,-72.676
474.85,-70.968
475.10,-69.269
475.34,-71.670
475.59,-71.797
475.83,-69.120
476.07,-71.856
476.32,-71.052
476.56,-70.341
476.81,-70.876
477.05,-70.143
477.29,-73.419
477.54,-71.543
477.78,-77.282
478.03,-71.839
478.27,-73.425
478.52,-71.663
478.76,-72.761
479.00,-73.160
479.25,-74.157
479.49,-72.369
479.74,-70.907
479.98,-70.998
480.22,-73.344
480.47,-74.291
480.71,-74.237
480.96,-72.122
481.20,-72.001
481.45,-70.698
481.69,-70.226
481.93,-73.435
482.18,-71.154
482.42,-73.579
482.67,-72.094
482.91,-70.901
483.15,-72.339
483.40,-72.360
483.64,-74.340
483.89,-72.538
484.13,-72.430
484.38,-70.341
484.62,-71.284
484.86,-72.601
485.11,-69.951
485.35,-71.114
485.60,-71.456
485.84,-69.977
486.08,-71.258
486.33,-70.686
486.57,-70.856
486.82,-71.589
487.06,-69.703
487.30,-72.164
487.55,-71.906
487.79,-72.357
488.04,-74.048
488.28,-69.725
488.53,-70.173
488.77,-69.878
489.01,-73.135
489.26,-72.561
489.50,-72.142
489.75,-68.871
489.99,-72.901
490.23,-70.535
490.48,-72.487
490.72,-69.319
490.97,-69.039
491.21,-66.380
491.46,-71.815
491.70,-71.415
491.94,-70.092
492.19,-72.704
492.43,-72.669
492.68,-71.381
492.92,-69.383
493.16,-69.000
493.41,-71.327
493.65,-72.653
493.90,-69.138
494.14,-68.805
494.38,-73.102
494.63,-68.473
494.87,-69.422
495.12,-72.048
495.36,-70.581
495.61,-71.395
495.85,-71.827
496.09,-69.636
496.34,-70.749
496.58,-69.517
496.83,-71.120
497.07,-72.008
497.31,-71.262
497.56,-68.952
497.80,-70.059
498.05,-69.998
498.29,-71.525
498.54,-71.082
498.78,-70.647
499.02,-71.375
499.27,-70.570
499.51,-69.731
499.76,-72.114
500.00,-68.260
500.24,-70.450
500.49,-69.537
500.73,-69.826
500.98,-70.726
501.22,-71.326
501.46,-70.127
501.71,-70.243
501.95,-70.164
502.20,-69.813
502.44,-72.293
502.69,-69.915
502.93,-69.185
503.17,-70.426
503.42,-71.019
503.66,-69.515
503.91,-72.722
504.15,-68.153
504.39,-69.605
504.64,-72.796
504.88,-72.694
505.13,-71.621
505.37,-70.279
505.62,-70.447
505.86,-69.696
506.10,-68.066
506.35,-68.082
506.59,-69.017
506.84,-68.972
507.08,-69.656
507.32,-69.587
507.57,-69.968
507.81,-69.848
508.06,-69.051
508.30,-71.227
508.54,-68.788
508.79,-68.966
509.03,-70.458
509.28,-68.747
509.52,-68.749
509.77,-71.132
510.01,-67.417
510.25,-69.802
510.50,-69.426
510.74,-68.508
510.99,-66.596
511.23,-68.168
511.47,-70.238
511.72,-69.760
511.96,-68.593
512.21,-69.061
512.45,-68.636
512.70,-68.780
512.94,-67.117
513.18,-68.680
513.43,-69.848
513.67,-72.052
513.92,-69.080
514.16,-68.240
514.40,-69.821
514.65,-67.789
514.89,-70.154
515.14,-67.461
515.38,-69.323
515.62,-69.283
515.87,-69.567
516.11,-67.510
516.36,-66.620
516.60,-68.620
516.85,-69.128
517.09,-67.489
517.33,-66.491
517.58,-68.044
517.82,-69.377
518.07,-72.588
518.31,-70.081
518.55,-69.496
518.80,-69.095
519.04,-68.487
519.29,-66.266
519.53,-67.755
519.78,-68.871
520.02,-66.565
520.26,-69.715
520.51,-66.561
520.75,-68.242
521.00,-68.840
521.24,-69.724
521.48,-68.575
521.73,-67.568
521.97,-68.412
522.22,-70.093
522.46,-66.884
522.71,-68.122
522.95,-68.222
523.19,-68.451
523.44,-68.587
523.68,-66.485
523.93,-66.153
524.17,-65.630
524.41,-68.440
524.66,-66.346
524.90,-66.693
525.15,-68.016
525.39,-68.377
525.63,-68.834
525.88,-68.943
526.12,-68.608
526.37,-67.646
526.61,-66.159
526.86,-67.030
527.10,-67.998
527.34,-64.967
527.59,-68.149
527.83,-65.873
528.08,-66.448
528.32,-66.871
528.56,-67.249
528.81,-66.624
529.05,-71.318
529.30,-66.650
529.54,-67.890
529.79,-64.854
530.03,-68.041
530.27,-66.117
530.52,-67.509
530.76,-65.663
531.01,-66.981
531.25,-65.253
531.49,-66.622
531.74,-65.441
531.98,-65.558
532.23,-66.682
532.47,-65.732
532.71,-66.383
532.96,-67.468
533.20,-65.462
533.45,-67.021
533.69,-67.080
533.94,-67.439
534.18,-65.461
534.42,-67.050
534.67,-65.831
534.91,-63.896
535.16,-65.071
535.40,-65.273
535.64,-65.546
535.89,-66.021
536.13,-63.943
536.38,-64.974
536.62,-66.042
536.87,-65.404
537.11,-62.660
537.35,-63.059
537.60,-63.684
537.84,-63.274
538.09,-66.320
538.33,-64.374
538.57,-64.856
538.82,-63.435
539.06,-65.440
539.31,-65.031
539.55,-64.515
539.79,-65.092
540.04,-65.999
540.28,-67.982
540.53,-64.723
540.77,-65.695
541.02,-65.223
541.26,-67.049
541.50,-65.615
541.75,-64.450
541.99,-63.765
542.24,-65.499
542.48,-62.946
542.72,-61.808
542.97,-63.634
543.21,-64.637
543.46,-62.599
543.70,-62.548
543.95,-63.329
544.19,-62.361
544.43,-61.528
544.68,-61.954
544.92,-63.023
545.17,-64.187
545.41,-62.469
545.65,-62.783
545.90,-63.545
546.14,-65.921
546.39,-62.794
546.63,-62.001
546.88,-62.055
547.12,-63.513
547.36,-62.316
547.61,-60.894
547.85,-61.961
548.10,-61.473
548.34,-62.011
548.58,-64.134
548.83,-63.520
549.07,-64.173
549.32,-63.360
549.56,-63.116
549.80,-61.732
550.05,-60.821
550.29,-64.011
550.54,-61.356
550.78,-61.806
551.03,-60.755
551.27,-59.558
551.51,-61.284
551.76,-60.439
552.00,-62.318
552.25,-59.650
552.49,-60.971
552.73,-60.815
552.98,-64.071
553.22,-62.509
553.47,-59.299
553.71,-61.573
553.96,-58.602
554.20,-59.146
554.44,-61.358
554.69,-60.669
554.93,-59.904
555.18,-60.437
555.42,-58.914
555.66,-60.783
555.91,-58.912
556.15,-59.601
556.40,-59.379
556.64,-59.143
556.88,-60.819
557.13,-60.202
557.37,-60.068
557.62,-62.656
557.86,-61.906
558.11,-63.798
558.35,-60.521
558.59,-60.583
558.84,-58.413
559.08,-59.869
559.33,-59.416
559.57,-60.621
559.81,-59.945
560.06,-60.366
560.30,-61.748
560.55,-59.441
560.79,-61.470
561.04,-62.042
561.28,-58.925
561.52,-58.378
561.77,-58.089
562.01,-56.555
562.26,-57.932
562.50,-60.161
562.74,-60.114
562.99,-58.138
563.23,-59.246
563.48,-59.937
563.72,-58.913
563.96,-57.131
564.21,-56.923
564.45,-58.426
564.70,-57.891
564.94,-58.837
565.19,-59.473
565.43,-62.724
565.67,-57.465
565.92,-56.034
566.16,-55.931
566.41,-58.080
566.65,-58.552
566.89,-55.911
567.14,-56.258
567.38,-58.521
567.63,-57.714
567.87,-54.310
568.12,-56.325
568.36,-55.135
568.60,-55.851
568.85,-53.455
569.09,-54.521
569.34,-58.075
569.58,-57.696
569.82,-54.746
570.07,-56.351
570.31,-55.104
570.56,-56.654
570.80,-59.293
571.04,-57.768
571.29,-56.223
571.53,-54.323
571.78,-56.536
572.02,-58.731
572.27,-58.572
572.51,-56.044
572.75,-55.321
573.00,-59.938
573.24,-59.283
573.49,-54.448
573.73,-57.490
573.97,-57.891
574.22,-56.384
574.46,-56.015
574.71,-53.616
574.95,-57.937
575.20,-60.654
575.44,-58.044
575.68,-56.625
575.93,-57.658
576.17,-56.194
576.42,-58.429
576.66,-55.973
576.90,-58.827
577.15,-55.541
577.39,-56.054
577.64,-58.080
577.88,-54.546
578.12,-56.512
578.37,-56.856
578.61,-58.262
578.86,-59.238
579.10,-60.295
579.35,-58.610
579.59,-57.706
579.83,-60.057
580.08,-58.507
580.32,-57.523
580.57,-57.832
580.81,-58.165
581.05,-58.319
581.30,-59.555
581.54,-54.813
581.79,-59.913
582.03,-58.207
582.28,-58.977
582.52,-59.403
582.76,-61.194
583.01,-60.741
583.25,-60.887
583.50,-57.102
583.74,-57.810
583.98,-59.276
584.23,-60.637
584.47,-59.265
584.72,-58.323
584.96,-59.504
585.21,-57.862
585.45,-59.910
585.69,-60.660
585.94,-60.264
586.18,-61.580
586.43,-59.291
586.67,-60.383
586.91,-60.493
587.16,-58.348
587.40,-59.788
587.65,-59.062
587.89,-60.222
588.13,-61.201
588.38,-59.458
588.62,-61.508
588.87,-59.648
589.11,-60.895
589.36,-60.772
589.60,-60.587
589.84,-62.775
590.09,-61.195
590.33,-58.543
590.58,-61.061
590.82,-58.812
591.06,-61.768
591.31,-62.507
591.55,-64.124
591.80,-62.339
592.04,-59.114
592.29,-61.441
592.53,-60.390
592.77,-62.660
593.02,-63.326
593.26,-60.200
593.51,-62.219
593.75,-63.006
593.99,-60.037
594.24,-62.006
594.48,-60.565
594.73,-62.336
594.97,-62.860
595.21,-61.590
595.46,-61.622
595.70,-61.476
595.95,-61.953
596.19,-60.368
596.44,-62.376
596.68,-61.958
596.92,-61.369
597.17,-62.771
597.41,-61.915
597.66,-62.066
597.90,-62.063
598.14,-63.695
598.39,-63.923
598.63,-63.165
598.88,-63.158
599.12,-63.652
599.37,-63.620
599.61,-63.233
599.85,-62.532
600.10,-62.074
600.34,-64.934
600.59,-64.535
600.83,-64.605
601.07,-62.765
601.32,-65.584
601.56,-64.537
601.81,-62.698
602.05,-63.747
602.29,-64.782
602.54,-62.350
602.78,-63.695
603.03,-64.002
603.27,-65.424
603.52,-64.583
603.76,-63.250
604.00,-62.844
604.25,-63.593
604.49,-62.818
604.74,-64.628
604.98,-64.287
605.22,-64.735
605.47,-66.039
605.71,-65.737
605.96,-66.325
606.20,-66.989
606.45,-67.668
606.69,-64.135
606.93,-65.924
607.18,-63.083
607.42,-67.259
607.67,-65.398
607.91,-66.307
608.15,-65.248
608.40,-66.987
608.64,-63.975
608.89,-64.241
609.13,-61.797
609.38,-65.455
609.62,-66.053
609.86,-67.783
610.11,-67.754
610.35,-68.016
610.60,-66.217
610.84,-65.049
611.08,-63.766
611.33,-67.259
611.57,-66.293
611.82,-64.980
612.06,-66.950
612.30,-64.430
612.55,-64.023
612.79,-65.454
613.04,-65.949
613.28,-66.090
613.53,-65.520
613.77,-65.010
614.01,-67.473
614.26,-64.461
614.50,-64.248
614.75,-64.990
614.99,-67.103
615.23,-66.371
615.48,-68.433
615.72,-65.886
615.97,-64.534
616.21,-64.835
616.46,-67.065
616.70,-67.423
616.94,-67.295
617.19,-67.709
617.43,-65.031
617.68,-67.723
617.92,-67.472
618.16,-68.844
618.41,-65.237
618.65,-66.334
618.90,-67.178
619.14,-66.680
619.38,-69.111
619.63,-66.360
619.87,-67.293
620.12,-67.281
620.36,-67.386
620.61,-66.176
620.85,-68.658
621.09,-64.880
621.34,-67.172
621.58,-69.361
621.83,-67.889
622.07,-69.585
622.31,-67.644
622.56,-68.701
622.80,-67.886
623.05,-67.429
623.29,-67.283
623.54,-66.406
623.78,-68.296
624.02,-69.255
624.27,-66.331
624.51,-67.240
624.76,-65.181
625.00,-68.872
625.24,-68.565
625.49,-67.008
625.73,-69.043
625.98,-67.347
626.22,-68.325
626.46,-69.142
626.71,-68.527
626.95,-69.286
627.20,-68.381
627.44,-65.732
627.69,-65.830
627.93,-69.773
628.17,-72.109
628.42,-73.045
628.66,-68.803
628.91,-68.613
629.15,-69.711
629.39,-67.519
629.64,-66.807
629.88,-67.483
630.13,-70.415
630.37,-68.296
630.62,-69.711
630.86,-70.320
631.10,-68.811
631.35,-69.414
631.59,-68.506
631.84,-69.677
632.08,-70.627
632.32,-69.834
632.57,-67.976
632.81,-67.708
633.06,-68.909
633.30,-68.042
633.54,-68.764
633.79,-67.463
634.03,-70.006
634.28,-70.780
634.52,-69.037
634.77,-71.391
635.01,-69.305
635.25,-68.885
635.50,-66.854
635.74,-68.622
635.99,-70.401
636.23,-71.191
636.47,-69.249
636.72,-71.504
636.96,-68.356
637.21,-68.991
637.45,-68.548
637.70,-69.323
637.94,-70.667
638.18,-68.713
638.43,-70.623
638.67,-70.441
638.92,-70.792
639.16,-69.967
639.40,-68.742
639.65,-67.760
639.89,-70.843
640.14,-70.272
640.38,-68.879
640.62,-69.363
640.87,-69.702
641.11,-68.116
641.36,-70.310
641.60,-69.716
641.85,-68.793
642.09,-69.978
642.33,-70.812
642.58,-70.573
642.82,-71.802
643.07,-71.731
643.31,-72.813
643.55,-68.328
643.80,-68.434
644.04,-70.355
644.29,-71.202
644.53,-70.874
644.78,-69.687
645.02,-69.579
645.26,-70.676
645.51,-71.441
645.75,-69.194
646.00,-72.081
646.24,-69.260
646.48,-69.459
646.73,-69.575
646.97,-66.929
647.22,-72.779
647.46,-70.879
647.71,-71.758
647.95,-70.579
648.19,-69.209
648.44,-70.284
648.68,-70.623
648.93,-67.991
649.17,-69.056
649.41,-71.298
649.66,-70.149
649.90,-71.219
650.15,-69.016
650.39,-69.926
650.63,-71.371
650.88,-69.757
651.12,-70.671
651.37,-72.213
651.61,-70.229
651.86,-70.798
652.10,-70.531
652.34,-70.413
652.59,-69.198
652.83,-70.543
653.08,-69.919
653.32,-71.086
653.56,-70.298
653.81,-71.642
654.05,-71.414
654.30,-70.377
654.54,-71.187
654.79,-74.013
655.03,-72.168
655.27,-69.841
655.52,-70.484
655.76,-69.770
656.01,-72.950
656.25,-73.786
656.49,-68.958
656.74,-67.168
656.98,-70.177
657.23,-71.180
657.47,-70.750
657.71,-70.343
657.96,-72.098
658.20,-73.246
658.45,-70.808
658.69,-70.723
658.94,-70.464
659.18,-71.622
659.42,-71.232
659.67,-72.168
659.91,-71.201
660.16,-70.377
660.40,-71.868
660.64,-69.905
660.89,-71.362
661.13,-70.072
661.38,-71.448
661.62,-72.938
661.87,-69.999
662.11,-70.814
662.35,-70.300
662.60,-71.701
662.84,-72.744
663.09,-68.950
663.33,-72.364
663.57,-73.541
663.82,-74.148
664.06,-70.940
664.31,-70.822
664.55,-74.133
664.79,-69.649
665.04,-69.088
665.28,-72.533
665.53,-71.939
665.77,-69.907
666.02,-72.931
666.26,-74.169
666.50,-72.689
666.75,-73.933
666.99,-71.207
667.24,-71.642
667.48,-72.441
667.72,-70.846
667.97,-68.653
668.21,-73.746
668.46,-73.345
668.70,-71.538
668.95,-71.485
669.19,-72.032
669.43,-70.200
669.68,-70.580
669.92,-70.754
670.17,-72.605
670.41,-71.186
670.65,-71.628
670.90,-71.258
671.14,-73.545
671.39,-71.536
671.63,-71.798
671.88,-73.368
672.12,-73.238
672.36,-71.388
672.61,-72.567
672.85,-71.165
673.10,-73.467
673.34,-73.054
673.58,-70.918
673.83,-73.427
674.07,-70.768
674.32,-73.092
674.56,-70.439
674.80,-70.484
675.05,-71.352
675.29,-73.547
675.54,-71.200
675.78,-70.345
676.03,-72.296
676.27,-73.001
676.51,-72.860
676.76,-70.565
677.00,-72.977
677.25,-72.855
677.49,-72.760
677.73,-71.567
677.98,-72.290
678.22,-75.166
678.47,-75.317
678.71,-71.942
678.96,-74.104
679.20,-72.094
679.44,-70.874
679.69,-74.311
679.93,-73.538
680.18,-72.400
680.42,-71.914
680.66,-70.619
680.91,-74.510
681.15,-72.875
681.40,-73.547
681.64,-73.441
681.88,-71.819
682.13,-72.588
682.37,-71.735
682.62,-71.142
682.86,-70.396
683.11,-70.865
683.35,-69.289
683.59,-72.820
683.84,-69.689
684.08,-71.525
684.33,-72.262
684.57,-72.928
684.81,-72.703
685.06,-73.434
685.30,-73.930
685.55,-69.869
685.79,-70.816
686.04,-71.427
686.28,-71.291
686.52,-70.964
686.77,-74.804
687.01,-70.848
687.26,-73.437
687.50,-72.193
687.74,-71.617
687.99,-71.463
688.23,-69.850
688.48,-71.691
688.72,-70.946
688.96,-70.650
689.21,-74.067
689.45,-72.005
689.70,-71.183
689.94,-74.020
690.19,-74.229
690.43,-74.825
690.67,-70.027
690.92,-75.649
691.16,-72.772
691.41,-73.744
691.65,-72.139
691.89,-71.932
692.14,-71.729
692.38,-73.912
692.63,-72.835
692.87,-74.494
693.12,-72.980
693.36,-73.614
693.60,-70.890
693.85,-72.806
694.09,-72.655
694.34,-73.511
694.58,-71.154
694.82,-71.950
695.07,-70.825
695.31,-72.066
695.56,-71.869
695.80,-71.996
696.04,-72.167
696.29,-72.642
696.53,-72.989
696.78,-74.433
697.02,-72.897
697.27,-72.640
697.51,-72.181
697.75,-72.385
698.00,-72.439
698.24,-70.547
698.49,-71.870
698.73,-70.303
698.97,-71.657
699.22,-73.226
699.46,-73.582
699.71,-72.426
699.95,-70.545
700.20,-70.125
700.44,-71.384
700.68,-75.047
700.93,-73.421
701.17,-70.334
701.42,-72.164
701.66,-71.096
701.90,-73.490
702.15,-71.651
702.39,-71.120
702.64,-70.842
702.88,-70.734
703.12,-71.188
703.37,-74.301
703.61,-73.219
703.86,-70.896
704.10,-74.374
704.35,-73.524
704.59,-72.512
704.83,-72.349
705.08,-73.563
705.32,-69.920
705.57,-70.984
705.81,-72.584
706.05,-75.879
706.30,-72.907
706.54,-70.366
706.79,-71.963
707.03,-71.141
707.28,-70.919
707.52,-71.229
707.76,-73.593
708.01,-71.858
708.25,-70.447
708.50,-70.219
708.74,-69.864
708.98,-73.681
709.23,-73.478
709.47,-72.332
709.72,-72.011
709.96,-70.710
710.21,-71.795
710.45,-71.758
710.69,-71.773
710.94,-70.783
711.18,-71.164
711.43,-73.164
711.67,-72.207
711.91,-71.910
712.16,-71.886
712.40,-71.256
712.65,-69.311
712.89,-69.139
713.13,-71.107
713.38,-72.153
713.62,-73.754
713.87,-72.022
714.11,-75.198
714.36,-74.417
714.60,-72.266
714.84,-71.349
715.09,-75.184
715.33,-72.188
715.58,-71.474
715.82,-72.888
716.06,-73.202
716.31,-72.753
716.55,-73.187
716.80,-72.766
717.04,-71.763
717.29,-73.804
717.53,-72.233
717.77,-68.225
718.02,-72.320
718.26,-71.304
718.51,-72.773
718.75,-71.108
718.99,-73.243
719.24,-72.003
719.48,-72.574
719.73,-72.476
719.97,-74.572
720.21,-71.167
720.46,-70.112
720.70,-73.003
720.95,-73.258
721.19,-72.758
721.44,-72.810
721.68,-73.335
721.92,-70.853
722.17,-70.100
722.41,-71.048
722.66,-70.296
722.90,-71.546
723.14,-70.322
723.39,-69.862
723.63,-70.148
723.88,-71.390
724.12,-72.242
724.37,-71.402
724.61,-71.786
724.85,-72.251
725.10,-70.604
725.34,-71.310
725.59,-72.374
725.83,-73.607
726.07,-73.186
726.32,-71.916
726.56,-70.640
726.81,-74.228
727.05,-71.965
727.29,-72.964
727.54,-72.963
727.78,-73.071
728.03,-73.146
728.27,-73.357
728.52,-68.894
728.76,-70.919
729.00,-74.470
729.25,-75.606
729.49,-70.399
729.74,-70.011
729.98,-73.236
730.22,-72.052
730.47,-70.534
730.71,-69.680
730.96,-72.357
731.20,-72.998
731.45,-72.987
731.69,-70.352
731.93,-71.262
732.18,-71.161
732.42,-70.003
732.67,-73.544
732.91,-70.173
733.15,-72.443
733.40,-71.715
733.64,-72.561
733.89,-70.644
734.13,-73.691
734.38,-70.810
734.62,-71.495
734.86,-70.412
735.11,-70.310
735.35,-72.272
735.60,-72.331
735.84,-73.267
736.08,-74.113
736.33,-73.140
736.57,-73.080
736.82,-73.593
737.06,-72.521
737.30,-74.603
737.55,-74.119
737.79,-72.589
738.04,-71.253
738.28,-71.499
738.53,-71.420
738.77,-70.949
739.01,-72.523
739.26,-72.493
739.50,-71.536
739.75,-72.324
739.99,-71.619
740.23,-71.720
740.48,-72.037
740.72,-71.229
740.97,-71.345
741.21,-70.489
741.46,-69.604
741.70,-71.062
741.94,-71.985
742.19,-71.031
742.43,-70.743
742.68,-69.673
742.92,-71.759
743.16,-72.182
743.41,-71.118
743.65,-72.601
743.90,-70.461
744.14,-72.989
744.38,-71.896
744.63,-71.820
744.87,-72.183
745.12,-72.128
745.36,-70.016
745.61,-72.856
745.85,-71.028
746.09,-70.517
746.34,-70.792
746.58,-73.745
746.83,-71.441
747.07,-71.012
747.31,-72.526
747.56,-69.876
747.80,-72.165
748.05,-73.054
748.29,-70.215
748.54,-68.618
748.78,-74.177
749.02,-70.568
749.27,-70.209
749.51,-70.172
749.76,-72.120
750.00,-72.821
750.24,-71.494
750.49,-69.637
750.73,-73.444
750.98,-69.958
751.22,-70.006
751.46,-70.544
751.71,-70.547
751.95,-71.231
752.20,-70.060
752.44,-72.596
752.69,-71.948
752.93,-71.314
753.17,-70.667
753.42,-70.251
753.66,-71.907
753.91,-73.449
754.15,-72.145
754.39,-71.586
754.64,-68.597
754.88,-69.507
755.13,-70.674
755.37,-71.065
755.62,-70.296
755.86,-73.856
756.10,-73.329
756.35,-70.876
756.59,-70.487
756.84,-70.174
757.08,-71.250
757.32,-70.281
757.57,-70.011
757.81,-69.630
758.06,-69.854
758.30,-71.051
758.54,-69.581
758.79,-71.703
759.03,-74.885
759.28,-70.770
759.52,-70.592
759.77,-70.071
760.01,-73.304
760.25,-71.166
760.50,-72.610
760.74,-70.539
760.99,-70.617
761.23,-70.682
761.47,-71.168
761.72,-68.602
761.96,-72.824
762.21,-70.528
762.45,-70.395
762.70,-71.331
762.94,-69.495
763.18,-68.076
763.43,-70.296
763.67,-70.618
763.92,-70.163
764.16,-72.237
764.40,-69.907
764.65,-68.691
764.89,-68.460
765.14,-69.893
765.38,-73.063
765.62,-70.874
765.87,-71.675
766.11,-71.114
766.36,-70.371
766.60,-68.267
766.85,-70.700
767.09,-71.382
767.33,-69.411
767.58,-69.821
767.82,-70.292
768.07,-69.639
768.31,-66.780
768.55,-69.509
768.80,-70.843
769.04,-71.776
769.29,-68.906
769.53,-70.478
769.78,-71.380
770.02,-72.049
770.26,-69.942
770.51,-70.419
770.75,-68.495
771.00,-70.443
771.24,-70.113
771.48,-71.905
771.73,-69.486
771.97,-69.628
772.22,-70.026
772.46,-68.564
772.71,-66.868
772.95,-69.857
773.19,-71.265
773.44,-69.917
773.68,-69.558
773.93,-70.775
774.17,-68.178
774.41,-68.864
774.66,-70.265
774.90,-73.020
775.15,-70.049
775.39,-69.532
775.63,-68.234
775.88,-68.132
776.12,-70.095
776.37,-70.984
776.61,-72.635
776.86,-72.070
777.10,-69.531
777.34,-68.736
777.59,-69.497
777.83,-70.521
778.08,-70.040
778.32,-67.025
778.56,-66.839
778.81,-69.377
779.05,-68.023
779.30,-69.970
779.54,-69.295
779.79,-68.817
780.03,-69.986
780.27,-68.312
780.52,-69.990
780.76,-69.443
781.01,-69.355
781.25,-67.595
781.49,-69.460
781.74,-69.263
781.98,-68.934
782.23,-68.599
782.47,-68.160
782.71,-70.564
782.96,-72.080
783.20,-68.410
783.45,-67.800
783.69,-71.238
783.94,-70.051
784.18,-70.063
784.42,-67.002
784.67,-70.726
784.91,-70.899
785.16,-66.978
785.40,-66.488
785.64,-68.319
785.89,-69.238
786.13,-67.857
786.38,-72.416
786.62,-66.564
786.87,-66.739
787.11,-68.800
787.35,-67.983
787.60,-67.047
787.84,-70.178
788.09,-66.982
788.33,-68.748
788.57,-67.873
788.82,-68.183
789.06,-68.169
789.31,-68.808
789.55,-69.825
789.79,-67.470
790.04,-66.572
790.28,-66.933
790.53,-67.625
790.77,-66.914
791.02,-67.649
791.26,-69.228
791.50,-67.716
791.75,-69.918
791.99,-69.402
792.24,-69.474
792.48,-67.912
792.72,-68.250
792.97,-68.644
793.21,-69.526
793.46,-68.065
793.70,-67.493
793.95,-69.016
794.19,-67.274
794.43,-67.949
794.68,-67.432
794.92,-67.065
795.17,-66.236
795.41,-65.948
795.65,-67.653
795.90,-65.766
796.14,-66.840
796.39,-66.977
796.63,-65.550
796.88,-66.406
797.12,-65.789
797.36,-68.097
797.61,-68.123
797.85,-65.919
798.10,-70.850
798.34,-66.791
798.58,-66.905
798.83,-66.629
799.07,-68.847
799.32,-65.132
799.56,-68.078
799.80,-66.567
800.05,-69.366
800.29,-67.423
800.54,-66.728
800.78,-66.287
801.03,-67.658
801.27,-67.528
801.51,-65.356
801.76,-67.316
802.00,-64.651
802.25,-66.814
802.49,-68.483
802.73,-66.680
802.98,-67.428
803.22,-65.990
803.47,-63.944
803.71,-64.488
803.96,-67.933
804.20,-64.831
804.44,-66.039
804.69,-63.989
804.93,-65.330
805.18,-68.417
805.42,-66.321
805.66,-65.199
805.91,-64.855
806.15,-65.529
806.40,-64.202
806.64,-64.679
806.88,-64.932
807.13,-64.783
807.37,-64.395
807.62,-62.753
807.86,-64.701
808.11,-63.495
808.35,-65.724
808.59,-65.294
808.84,-66.013
809.08,-65.730
809.33,-64.370
809.57,-66.731
809.81,-67.885
810.06,-67.625
810.30,-64.711
810.55,-65.540
810.79,-67.437
811.04,-63.328
811.28,-67.406
811.52,-64.777
811.77,-67.171
812.01,-66.717
812.26,-65.267
812.50,-65.402
812.74,-67.171
812.99,-62.374
813.23,-64.664
813.48,-65.493
813.72,-65.532
813.96,-65.552
814.21,-63.828
814.45,-62.804
814.70,-63.411
814.94,-63.037
815.19,-64.183
815.43,-62.477
815.67,-63.239
815.92,-64.828
816.16,-63.498
816.41,-64.157
816.65,-64.002
816.89,-62.333
817.14,-64.087
817.38,-62.702
817.63,-62.461
817.87,-62.170
818.12,-63.579
818.36,-63.783
818.60,-64.242
818.85,-65.172
819.09,-62.646
819.34,-61.971
819.58,-65.158
819.82,-61.094
820.07,-63.075
820.31,-64.801
820.56,-62.960
820.80,-62.068
821.04,-60.895
821.29,-64.265
821.53,-63.322
821.78,-62.386
822.02,-61.774
822.27,-60.656
822.51,-61.925
822.75,-61.944
823.00,-62.300
823.24,-64.926
823.49,-64.404
823.73,-62.663
823.97,-59.479
824.22,-63.837
824.46,-63.320
824.71,-61.690
824.95,-60.921
825.20,-62.322
825.44,-59.333
825.68,-62.196
825.93,-62.288
826.17,-61.947
826.42,-60.626
826.66,-59.621
826.90,-63.080
827.15,-60.607
827.39,-61.372
827.64,-62.090
827.88,-63.583
828.12,-64.834
828.37,-63.950
828.61,-60.386
828.86,-57.415
829.10,-58.583
829.35,-59.864
829.59,-58.411
829.83,-60.011
830.08,-59.245
830.32,-58.379
830.57,-59.297
830.81,-58.103
831.05,-60.359
831.30,-59.609
831.54,-58.846
831.79,-58.390
832.03,-58.594
832.28,-60.313
832.52,-58.655
832.76,-57.880
833.01,-58.522
833.25,-57.674
833.50,-57.453
833.74,-55.572
833.98,-58.105
834.23,-58.391
834.47,-58.431
834.72,-57.453
834.96,-56.403
835.21,-57.755
835.45,-57.537
835.69,-57.483
835.94,-57.115
836.18,-59.502
836.43,-59.900
836.67,-58.244
836.91,-55.462
837.16,-56.471
837.40,-57.790
837.65,-56.084
837.89,-56.326
838.13,-54.755
838.38,-55.589
838.62,-56.764
838.87,-57.147
839.11,-56.606
839.36,-55.738
839.60,-55.352
839.84,-57.649
840.09,-56.672
840.33,-56.257
840.58,-56.607
840.82,-57.540
841.06,-53.586
841.31,-53.977
841.55,-57.452
841.80,-55.559
842.04,-55.868
842.29,-55.217
842.53,-53.468
842.77,-52.904
843.02,-53.736
843.26,-56.633
843.51,-55.566
843.75,-51.981
843.99,-55.791
844.24,-54.985
844.48,-54.466
844.73,-56.815
844.97,-52.643
845.21,-54.785
845.46,-56.227
845.70,-53.855
845.95,-51.888
846.19,-54.019
846.44,-53.534
846.68,-53.140
846.92,-51.068
847.17,-53.675
847.41,-55.046
847.66,-52.746
847.90,-52.218
848.14,-53.279
848.39,-52.862
848.63,-51.911
848.88,-53.195
849.12,-52.590
849.37,-51.591
849.61,-52.060
849.85,-54.648
850.10,-52.569
850.34,-54.791
850.59,-56.245
850.83,-54.048
851.07,-52.053
851.32,-52.750
851.56,-52.417
851.81,-52.079
852.05,-53.480
852.29,-55.873
852.54,-55.974
852.78,-53.438
853.03,-55.778
853.27,-54.900
853.52,-53.175
853.76,-52.102
854.00,-54.324
854.25,-56.215
854.49,-55.338
854.74,-54.181
854.98,-54.640
855.22,-53.688
855.47,-55.141
855.71,-51.006
855.96,-55.102
856.20,-53.483
856.45,-55.020
856.69,-55.287
856.93,-54.886
857.18,-55.860
857.42,-54.174
857.67,-54.628
857.91,-55.112
858.15,-57.598
858.40,-55.616
858.64,-56.220
858.89,-55.578
859.13,-55.528
859.38,-56.789
859.62,-59.022
859.86,-54.736
860.11,-56.489
860.35,-56.917
860.60,-57.359
860.84,-57.274
861.08,-58.139
861.33,-57.614
861.57,-58.361
861.82,-56.619
862.06,-59.722
862.30,-57.476
862.55,-56.753
862.79,-57.461
863.04,-58.904
863.28,-57.715
863.53,-59.072
863.77,-59.581
864.01,-58.399
864.26,-58.175
864.50,-57.702
864.75,-59.904
864.99,-60.091
865.23,-59.038
865.48,-58.445
865.72,-59.544
865.97,-57.895
866.21,-57.095
866.46,-58.688
866.70,-56.345
866.94,-56.891
867.19,-59.930
867.43,-60.574
867.68,-59.260
867.92,-58.407
868.16,-59.139
868.41,-61.270
868.65,-56.213
868.90,-60.378
869.14,-61.585
869.38,-61.050
869.63,-59.255
869.87,-62.277
870.12,-63.257
870.36,-60.597
870.61,-60.178
870.85,-60.271
871.09,-60.239
871.34,-57.449
871.58,-59.692
871.83,-59.194
872.07,-60.488
872.31,-60.409
872.56,-64.068
872.80,-61.574
873.05,-65.008
873.29,-59.611
873.54,-60.682
873.78,-63.831
874.02,-62.036
874.27,-60.727
874.51,-61.865
874.76,-60.064
875.00,-59.795
875.24,-63.892
875.49,-61.505
875.73,-62.666
875.98,-61.028
876.22,-62.755
876.46,-62.749
876.71,-61.824
876.95,-62.297
877.20,-60.435
877.44,-61.247
877.69,-61.838
877.93,-62.435
878.17,-59.534
878.42,-61.117
878.66,-62.735
878.91,-63.315
879.15,-63.965
879.39,-62.591
879.64,-61.035
879.88,-63.288
880.13,-62.194
880.37,-61.938
880.62,-63.701
880.86,-64.226
881.10,-63.965
881.35,-62.422
881.59,-63.104
881.84,-62.983
882.08,-64.047
882.32,-62.974
882.57,-64.534
882.81,-61.986
883.06,-62.539
883.30,-61.991
883.54,-62.584
883.79,-62.394
884.03,-64.096
884.28,-62.426
884.52,-62.760
884.77,-63.295
885.01,-66.965
885.25,-64.860
885.50,-65.158
885.74,-63.456
885.99,-64.247
886.23,-64.081
886.47,-63.005
886.72,-62.672
886.96,-62.954
887.21,-63.723
887.45,-63.261
887.70,-63.089
887.94,-63.438
888.18,-63.880
888.43,-63.519
888.67,-67.132
888.92,-65.573
889.16,-63.030
889.40,-65.977
889.65,-66.334
889.89,-66.881
890.14,-62.821
890.38,-64.370
890.62,-65.999
890.87,-65.283
891.11,-64.823
891.36,-64.137
891.60,-63.874
891.85,-67.088
892.09,-65.318
892.33,-63.898
892.58,-61.832
892.82,-63.806
893.07,-64.114
893.31,-64.488
893.55,-65.069
893.80,-65.394
894.04,-66.796
894.29,-65.759
894.53,-67.548
894.78,-63.943
895.02,-66.721
895.26,-66.482
895.51,-63.418
895.75,-65.277
896.00,-64.154
896.24,-66.713
896.48,-66.710
896.73,-66.597
896.97,-68.052
897.22,-64.184
897.46,-65.737
897.71,-66.730
897.95,-63.684
898.19,-66.339
898.44,-67.688
898.68,-67.955
898.93,-67.919
899.17,-63.585
899.41,-66.285
899.66,-67.060
899.90,-65.045
900.15,-68.744
900.39,-68.109
900.63,-66.750
900.88,-65.708
901.12,-66.451
901.37,-63.934
901.61,-65.636
901.86,-63.417
902.10,-66.545
902.34,-64.190
902.59,-65.167
902.83,-65.750
903.08,-65.799
903.32,-65.215
903.56,-65.255
903.81,-67.432
904.05,-68.202
904.30,-67.781
904.54,-65.360
904.79,-66.714
905.03,-65.017
905.27,-67.162
905.52,-65.158
905.76,-66.998
906.01,-67.592
906.25,-66.314
906.49,-66.865
906.74,-66.952
906.98,-66.525
907.23,-68.953
907.47,-67.099
907.71,-68.393
907.96,-66.813
908.20,-67.373
908.45,-66.139
908.69,-67.163
908.94,-66.781
909.18,-64.855
909.42,-66.305
909.67,-67.418
909.91,-68.112
910.16,-68.613
910.40,-66.368
910.64,-69.562
910.89,-66.323
911.13,-64.750
911.38,-68.741
911.62,-66.599
911.87,-66.910
912.11,-64.967
912.35,-67.591
912.60,-66.614
912.84,-66.250
913.09,-67.050
913.33,-67.020
913.57,-66.301
913.82,-67.811
914.06,-66.428
914.31,-68.478
914.55,-67.806
914.79,-66.819
915.04,-67.948
915.28,-68.440
915.53,-67.029
915.77,-66.096
916.02,-67.765
916.26,-67.458
916.50,-68.046
916.75,-66.623
916.99,-68.535
917.24,-71.409
917.48,-69.609
917.72,-66.939
917.97,-68.205
918.21,-68.446
918.46,-68.292
918.70,-69.721
918.95,-68.913
919.19,-67.664
919.43,-66.516
919.68,-69.450
919.92,-67.805
920.17,-68.306
920.41,-65.894
920.65,-65.692
920.90,-67.717
921.14,-66.630
921.39,-67.437
921.63,-70.117
921.88,-69.651
922.12,-66.876
922.36,-68.530
922.61,-68.454
922.85,-70.773
923.10,-71.468
923.34,-69.354
923.58,-67.280
923.83,-70.963
924.07,-67.905
924.32,-70.662
924.56,-68.665
924.80,-69.311
925.05,-69.012
925.29,-68.037
925.54,-68.116
925.78,-68.770
926.03,-68.843
926.27,-68.337
926.51,-67.545
926.76,-66.887
927.00,-68.459
927.25,-67.969
927.49,-69.037
927.73,-70.361
927.98,-70.657
928.22,-72.122
928.47,-68.342
928.71,-69.402
928.96,-69.529
929.20,-69.916
929.44,-68.363
929.69,-71.004
929.93,-70.828
930.18,-72.064
930.42,-70.615
930.66,-71.922
930.91,-68.063
931.15,-67.503
931.40,-68.690
931.64,-68.224
931.88,-68.042
932.13,-68.133
932.37,-69.140
932.62,-68.142
932.86,-71.908
933.11,-66.950
933.35,-69.460
933.59,-68.905
933.84,-69.461
934.08,-68.320
934.33,-71.077
934.57,-68.883
934.81,-68.211
935.06,-69.453
935.30,-68.726
935.55,-69.142
935.79,-69.805
936.04,-70.837
936.28,-70.303
936.52,-71.177
936.77,-67.995
937.01,-68.655
937.26,-70.067
937.50,-72.359
937.74,-68.251
937.99,-70.352
938.23,-70.948
938.48,-69.303
938.72,-69.221
938.96,-68.430
939.21,-71.681
939.45,-67.566
939.70,-70.514
939.94,-70.759
940.19,-69.488
940.43,-68.938
940.67,-67.772
940.92,-68.486
941.16,-67.679
941.41,-69.776
941.65,-70.671
941.89,-68.959
942.14,-72.188
942.38,-71.006
942.63,-69.112
942.87,-69.888
943.12,-71.825
943.36,-68.647
943.60,-69.033
943.85,-70.424
944.09,-70.032
944.34,-70.016
944.58,-70.061
944.82,-70.558
945.07,-69.456
945.31,-69.947
945.56,-69.872
945.80,-70.229
946.04,-72.547
946.29,-70.544
946.53,-68.666
946.78,-72.504
947.02,-70.392
947.27,-69.920
947.51,-69.097
947.75,-69.973
948.00,-72.141
948.24,-70.884
948.49,-69.805
948.73,-68.808
948.97,-72.092
949.22,-71.226
949.46,-72.100
949.71,-70.330
949.95,-71.330
950.20,-71.036
950.44,-68.108
950.68,-70.339
950.93,-69.345
951.17,-71.876
951.42,-70.864
951.66,-69.383
951.90,-71.096
952.15,-72.250
952.39,-72.211
952.64,-69.253
952.88,-69.093
953.12,-67.065
953.37,-69.206
953.61,-69.163
953.86,-69.776
954.10,-67.922
954.35,-69.117
954.59,-69.575
954.83,-69.116
955.08,-69.545
955.32,-71.535
955.57,-68.983
955.81,-67.493
956.05,-69.999
956.30,-70.446
956.54,-71.409
956.79,-68.808
957.03,-68.204
957.28,-71.720
957.52,-71.637
957.76,-68.809
958.01,-69.427
958.25,-69.804
958.50,-71.880
958.74,-71.927
958.98,-68.267
959.23,-69.237
959.47,-70.156
959.72,-71.400
959.96,-68.898
960.21,-71.950
960.45,-69.021
960.69,-67.939
960.94,-70.438
961.18,-73.726
961.43,-70.626
961.67,-69.323
961.91,-71.229
962.16,-67.983
962.40,-71.533
962.65,-69.221
962.89,-70.084
963.13,-74.971
963.38,-72.698
963.62,-69.799
963.87,-69.767
964.11,-68.186
964.36,-70.552
964.60,-70.821
964.84,-72.776
965.09,-69.362
965.33,-68.617
965.58,-68.707
965.82,-72.786
966.06,-70.344
966.31,-72.396
966.55,-72.765
966.80,-70.931
967.04,-70.625
967.29,-68.305
967.53,-68.640
967.77,-70.559
968.02,-70.254
968.26,-72.736
968.51,-73.047
968.75,-72.281
968.99,-71.671
969.24,-72.424
969.48,-69.596
969.73,-70.503
969.97,-70.950
970.21,-69.691
970.46,-69.901
970.70,-70.650
970.95,-71.500
971.19,-73.594
971.44,-69.738
971.68,-71.455
971.92,-70.578
972.17,-73.572
972.41,-71.602
972.66,-69.584
972.90,-67.529
973.14,-70.420
973.39,-73.342
973.63,-70.977
973.88,-72.869
974.12,-71.317
974.37,-70.485
974.61,-73.128
974.85,-70.533
975.10,-72.831
975.34,-71.201
975.59,-70.128
975.83,-69.110
976.07,-71.262
976.32,-69.547
976.56,-71.264
976.81,-69.824
977.05,-71.126
977.29,-71.484
977.54,-73.078
977.78,-69.558
978.03,-71.250
978.27,-72.006
978.52,-69.531
978.76,-73.943
979.00,-70.514
979.25,-71.364
979.49,-71.057
979.74,-70.223
979.98,-69.395
980.22,-71.172
980.47,-71.271
980.71,-69.240
980.96,-70.579
981.20,-70.507
981.45,-67.724
981.69,-69.354
981.93,-69.269
982.18,-71.011
982.42,-68.117
982.67,-69.382
982.91,-70.673
983.15,-71.087
983.40,-70.005
983.64,-69.161
983.89,-69.315
984.13,-70.429
984.38,-72.409
984.62,-72.013
984.86,-68.426
985.11,-68.398
985.35,-69.809
985.60,-74.304
985.84,-69.349
986.08,-70.334
986.33,-70.776
986.57,-71.975
986.82,-71.945
987.06,-69.840
987.30,-69.358
987.55,-68.565
987.79,-71.037
988.04,-73.168
988.28,-69.618
988.53,-72.261
988.77,-69.154
989.01,-69.528
989.26,-72.105
989.50,-72.437
989.75,-71.577
989.99,-70.352
990.23,-68.787
990.48,-71.362
990.72,-70.459
990.97,-70.379
991.21,-71.058
991.46,-70.144
991.70,-66.886
991.94,-68.838
992.19,-72.732
992.43,-69.487
992.68,-70.099
992.92,-73.730
993.16,-70.853
993.41,-69.909
993.65,-68.654
993.90,-70.480
994.14,-69.806
994.38,-69.146
994.63,-69.684
994.87,-68.443
995.12,-71.347
995.36,-70.451
995.61,-68.443
995.85,-69.764
996.09,-69.632
996.34,-70.545
996.58,-70.132
996.83,-70.514
997.07,-68.513
997.31,-71.798
997.56,-72.447
997.80,-69.816
998.05,-67.834
998.29,-70.307
998.54,-70.940
998.78,-68.971
999.02,-72.032
999.27,-70.172
999.51,-70.608
999.76,-69.081
1000.00,-72.336
1000.24,-70.037
1000.49,-70.352
1000.73,-69.820
1000.98,-70.195
1001.22,-71.056
1001.46,-69.206
1001.71,-72.013
1001.95,-70.205
1002.20,-71.292
1002.44,-68.790
1002.69,-68.060
1002.93,-69.778
1003.17,-69.794
1003.42,-71.051
1003.66,-72.280
1003.91,-70.912
1004.15,-68.615
1004.39,-68.477
1004.64,-72.954
1004.88,-70.980
1005.13,-70.241
1005.37,-70.386
1005.62,-68.368
1005.86,-67.424
1006.10,-69.314
1006.35,-70.064
1006.59,-70.140
1006.84,-70.006
1007.08,-70.855
1007.32,-70.682
1007.57,-71.327
1007.81,-70.963
1008.06,-71.620
1008.30,-71.195
1008.54,-73.809
1008.79,-73.322
1009.03,-71.870
1009.28,-72.501
1009.52,-70.588
1009.77,-73.081
1010.01,-72.673
1010.25,-73.529
1010.50,-69.752
1010.74,-69.996
1010.99,-70.167
1011.23,-69.836
1011.47,-70.966
1011.72,-70.582
1011.96,-69.113
1012.21,-67.460
1012.45,-69.429
1012.70,-67.945
1012.94,-69.706
1013.18,-69.864
1013.43,-70.613
1013.67,-68.963
1013.92,-69.781
1014.16,-71.804
1014.40,-69.305
1014.65,-71.474
1014.89,-68.694
1015.14,-69.953
1015.38,-69.342
1015.62,-71.409
1015.87,-70.156
1016.11,-70.001
1016.36,-69.106
1016.60,-70.231
1016.85,-68.251
1017.09,-68.509
1017.33,-70.889
1017.58,-69.018
1017.82,-68.544
1018.07,-69.524
1018.31,-69.955
1018.55,-69.573
1018.80,-70.692
1019.04,-70.748
1019.29,-72.219
1019.53,-69.196
1019.78,-71.572
1020.02,-69.228
1020.26,-68.958
1020.51,-70.013
1020.75,-69.667
1021.00,-72.571
1021.24,-69.934
1021.48,-68.249
1021.73,-68.366
1021.97,-68.175
1022.22,-68.163
1022.46,-68.304
1022.71,-69.286
1022.95,-68.709
1023.19,-67.599
1023.44,-72.444
1023.68,-71.356
1023.93,-69.826
1024.17,-71.482
1024.41,-68.534
1024.66,-69.176
1024.90,-68.888
1025.15,-70.198
1025.39,-70.781
1025.63,-70.145
1025.88,-70.109
1026.12,-70.816
1026.37,-68.562
1026.61,-70.683
1026.86,-68.838
1027.10,-68.826
1027.34,-69.592
1027.59,-69.981
1027.83,-68.994
1028.08,-69.484
1028.32,-67.583
1028.56,-69.658
1028.81,-69.159
1029.05,-69.790
1029.30,-67.177
1029.54,-68.355
1029.79,-67.597
1030.03,-69.079
1030.27,-69.451
1030.52,-69.356
1030.76,-70.964
1031.01,-70.478
1031.25,-68.170
1031.49,-67.111
1031.74,-69.889
1031.98,-68.712
1032.23,-70.083
1032.47,-72.003
1032.71,-68.210
1032.96,-69.382
1033.20,-69.119
1033.45,-65.372
1033.69,-67.722
1033.94,-69.970
1034.18,-66.538
1034.42,-68.295
1034.67,-69.338
1034.91,-68.437
1035.16,-69.823
1035.40,-64.142
1035.64,-67.256
1035.89,-67.850
1036.13,-65.932
1036.38,-67.863
1036.62,-67.719
1036.87,-67.956
1037.11,-68.979
1037.35,-69.950
1037.60,-67.955
1037.84,-68.779
1038.09,-67.259
1038.33,-70.437
1038.57,-69.044
1038.82,-67.978
1039.06,-66.962
1039.31,-66.330
1039.55,-69.040
1039.79,-70.835
1040.04,-68.628
1040.28,-67.680
1040.53,-67.289
1040.77,-67.008
1041.02,-69.926
1041.26,-68.958
1041.50,-65.585
1041.75,-67.574
1041.99,-70.792
1042.24,-70.321
1042.48,-67.331
1042.72,-68.911
1042.97,-70.764
1043.21,-70.311
1043.46,-69.087
1043.70,-68.791
1043.95,-69.987
1044.19,-68.004
1044.43,-67.335
1044.68,-67.715
1044.92,-66.966
1045.17,-67.786
1045.41,-68.742
1045.65,-72.821
1045.90,-69.871
1046.14,-69.023
1046.39,-68.527
1046.63,-68.618
1046.88,-70.187
1047.12,-66.931
1047.36,-67.749
1047.61,-68.417
1047.85,-67.125
1048.10,-64.800
1048.34,-66.943
1048.58,-66.883
1048.83,-65.300
1049.07,-67.073
1049.32,-66.718
1049.56,-67.593
1049.80,-68.223
1050.05,-68.855
1050.29,-66.645
1050.54,-66.668
1050.78,-67.549
1051.03,-68.221
1051.27,-68.416
1051.51,-67.941
1051.76,-67.975
1052.00,-67.590
1052.25,-68.782
1052.49,-68.704
1052.73,-66.139
1052.98,-67.059
1053.22,-66.940
1053.47,-68.131
1053.71,-67.255
1053.96,-66.141
1054.20,-65.948
1054.44,-68.337
1054.69,-67.700
1054.93,-67.327
1055.18,-66.822
1055.42,-65.775
1055.66,-66.818
1055.91,-67.730
1056.15,-66.048
1056.40,-67.676
1056.64,-67.516
1056.88,-66.486
1057.13,-65.015
1057.37,-65.892
1057.62,-65.476
1057.86,-66.852
1058.11,-67.412
1058.35,-66.243
1058.59,-66.026
1058.84,-65.172
1059.08,-66.053
1059.33,-65.196
1059.57,-65.156
1059.81,-67.525
1060.06,-65.345
1060.30,-65.689
1060.55,-68.269
1060.79,-66.772
1061.04,-66.500
1061.28,-67.488
1061.52,-66.838
1061.77,-65.930
1062.01,-67.003
1062.26,-66.139
1062.50,-67.049
1062.74,-65.266
1062.99,-63.079
1063.23,-65.276
1063.48,-65.805
1063.72,-66.809
1063.96,-66.096
1064.21,-67.272
1064.45,-66.109
1064.70,-67.462
1064.94,-67.283
1065.19,-64.211
1065.43,-65.012
1065.67,-64.168
1065.92,-65.277
1066.16,-66.169
1066.41,-64.453
1066.65,-66.277
1066.89,-65.734
1067.14,-65.804
1067.38,-65.254
1067.63,-65.036
1067.87,-66.403
1068.12,-64.222
1068.36,-65.165
1068.60,-63.784
1068.85,-63.603
1069.09,-64.655
1069.34,-64.334
1069.58,-65.223
1069.82,-65.456
1070.07,-64.547
1070.31,-63.167
1070.56,-62.093
1070.80,-62.973
1071.04,-65.748
1071.29,-64.640
1071.53,-63.913
1071.78,-65.564
1072.02,-66.341
1072.27,-67.556
1072.51,-63.725
1072.75,-63.995
1073.00,-64.160
1073.24,-64.066
1073.49,-65.270
1073.73,-64.808
1073.97,-64.024
1074.22,-63.426
1074.46,-65.035
1074.71,-62.789
1074.95,-63.255
1075.20,-66.251
1075.44,-64.926
1075.68,-63.651
1075.93,-65.115
1076.17,-63.944
1076.42,-65.004
1076.66,-65.386
1076.90,-61.569
1077.15,-66.107
1077.39,-65.006
1077.64,-64.080
1077.88,-63.524
1078.12,-63.686
1078.37,-61.890
1078.61,-64.415
1078.86,-63.194
1079.10,-66.369
1079.35,-63.944
1079.59,-64.750
1079.83,-63.450
1080.08,-61.323
1080.32,-63.919
1080.57,-63.398
1080.81,-62.123
1081.05,-62.924
1081.30,-62.152
1081.54,-63.412
1081.79,-62.687
1082.03,-61.953
1082.28,-62.405
1082.52,-62.363
1082.76,-63.868
1083.01,-62.986
1083.25,-63.134
1083.50,-65.919
1083.74,-63.919
1083.98,-61.432
1084.23,-63.424
1084.47,-63.760
1084.72,-62.992
1084.96,-62.609
1085.21,-60.899
1085.45,-63.101
1085.69,-62.556
1085.94,-63.782
1086.18,-62.012
1086.43,-63.721
1086.67,-64.215
1086.91,-63.376
1087.16,-64.313
1087.40,-63.559
1087.65,-61.063
1087.89,-61.739
1088.13,-62.873
1088.38,-60.747
1088.62,-61.336
1088.87,-61.957
1089.11,-61.585
1089.36,-62.127
1089.60,-61.485
1089.84,-62.649
1090.09,-61.963
1090.33,-63.491
1090.58,-60.371
1090.82,-61.456
1091.06,-60.636
1091.31,-60.483
1091.55,-63.752
1091.80,-59.791
1092.04,-62.395
1092.29,-61.977
1092.53,-61.649
1092.77,-64.878
1093.02,-61.765
1093.26,-64.306
1093.51,-60.930
1093.75,-58.527
1093.99,-61.256
1094.24,-63.489
1094.48,-63.194
1094.73,-62.188
1094.97,-61.388
1095.21,-60.965
1095.46,-61.126
1095.70,-62.097
1095.95,-60.858
1096.19,-61.207
1096.44,-58.872
1096.68,-59.357
1096.92,-60.543
1097.17,-60.533
1097.41,-60.120
1097.66,-61.851
1097.90,-59.518
1098.14,-61.855
1098.39,-60.796
1098.63,-59.888
1098.88,-60.775
1099.12,-60.022
1099.37,-62.793
1099.61,-59.348
1099.85,-58.926
1100.10,-59.879
1100.34,-58.081
1100.59,-59.623
1100.83,-61.220
1101.07,-63.151
1101.32,-58.763
1101.56,-58.850
1101.81,-57.917
1102.05,-58.849
1102.29,-58.701
1102.54,-60.078
1102.78,-59.709
1103.03,-61.498
1103.27,-59.450
1103.52,-58.862
1103.76,-59.356
1104.00,-61.454
1104.25,-57.937
1104.49,-57.968
1104.74,-57.421
1104.98,-57.307
1105.22,-56.447
1105.47,-58.545
1105.71,-57.813
1105.96,-57.231
1106.20,-56.266
1106.45,-59.560
1106.69,-58.156
1106.93,-56.982
1107.18,-57.906
1107.42,-56.254
1107.67,-57.513
1107.91,-57.252
1108.15,-53.857
1108.40,-56.432
1108.64,-56.300
1108.89,-55.665
1109.13,-55.841
1109.38,-57.003
1109.62,-58.125
1109.86,-57.615
1110.11,-56.896
1110.35,-55.380
1110.60,-55.887
1110.84,-56.856
1111.08,-56.724
1111.33,-56.352
1111.57,-58.747
1111.82,-53.815
1112.06,-53.801
1112.30,-55.181
1112.55,-54.186
1112.79,-54.778
1113.04,-56.420
1113.28,-57.244
1113.53,-55.129
1113.77,-52.267
1114.01,-55.712
1114.26,-56.118
1114.50,-52.884
1114.75,-55.692
1114.99,-56.327
1115.23,-55.449
1115.48,-51.544
1115.72,-55.000
1115.97,-56.171
1116.21,-53.903
1116.46,-55.122
1116.70,-50.542
1116.94,-54.605
1117.19,-55.070
1117.43,-54.417
1117.68,-53.638
1117.92,-52.447
1118.16,-52.174
1118.41,-53.408
1118.65,-55.072
1118.90,-54.274
1119.14,-54.870
1119.38,-51.057
1119.63,-53.309
1119.87,-53.921
1120.12,-49.852
1120.36,-51.676
1120.61,-52.462
1120.85,-51.850
1121.09,-52.393
1121.34,-50.916
1121.58,-52.589
1121.83,-51.859
1122.07,-51.378
1122.31,-54.654
1122.56,-53.104
1122.80,-51.621
1123.05,-51.365
1123.29,-48.977
1123.54,-49.439
1123.78,-48.802
1124.02,-52.001
1124.27,-51.669
1124.51,-51.144
1124.76,-50.765
1125.00,-51.887
1125.24,-49.490
1125.49,-50.476
1125.73,-52.127
1125.98,-50.458
1126.22,-48.764
1126.46,-48.519
1126.71,-51.107
1126.95,-47.174
1127.20,-47.981
1127.44,-51.247
1127.69,-50.801
1127.93,-50.200
1128.17,-53.042
1128.42,-53.270
1128.66,-49.183
1128.91,-52.110
1129.15,-51.333
1129.39,-49.794
1129.64,-51.953
1129.88,-50.341
1130.13,-51.743
1130.37,-50.094
1130.62,-49.826
1130.86,-48.543
1131.10,-50.680
1131.35,-50.740
1131.59,-50.766
1131.84,-50.460
1132.08,-49.884
1132.32,-51.347
1132.57,-50.215
1132.81,-51.363
1133.06,-50.505
1133.30,-51.657
1133.54,-52.925
1133.79,-52.711
1134.03,-50.766
1134.28,-53.169
1134.52,-53.579
1134.77,-53.216
1135.01,-54.864
1135.25,-52.828
1135.50,-53.981
1135.74,-51.119
1135.99,-50.502
1136.23,-50.494
1136.47,-51.447
1136.72,-51.800
1136.96,-51.420
1137.21,-53.599
1137.45,-52.229
1137.70,-54.622
1137.94,-53.176
1138.18,-51.992
1138.43,-52.650
1138.67,-54.579
1138.92,-54.117
1139.16,-54.975
1139.40,-56.256
1139.65,-52.457
1139.89,-53.541
1140.14,-51.455
1140.38,-52.170
1140.62,-55.975
1140.87,-50.939
1141.11,-56.858
1141.36,-57.984
1141.60,-51.574
1141.85,-53.361
1142.09,-53.827
1142.33,-53.685
1142.58,-53.210
1142.82,-54.855
1143.07,-52.966
1143.31,-56.524
1143.55,-58.299
1143.80,-54.840
1144.04,-57.639
1144.29,-52.946
1144.53,-55.147
1144.78,-54.775
1145.02,-54.107
1145.26,-55.550
1145.51,-56.022
1145.75,-56.296
1146.00,-55.951
1146.24,-56.346
1146.48,-57.289
1146.73,-57.860
1146.97,-57.118
1147.22,-55.880
1147.46,-56.573
1147.71,-57.162
1147.95,-55.814
1148.19,-56.376
1148.44,-57.684
1148.68,-56.944
1148.93,-58.173
1149.17,-56.649
1149.41,-58.248
1149.66,-54.650
1149.90,-57.714
1150.15,-58.343
1150.39,-58.814
1150.63,-58.788
1150.88,-58.321
1151.12,-57.767
1151.37,-61.207
1151.61,-57.706
1151.86,-58.157
1152.10,-56.438
1152.34,-56.692
1152.59,-57.465
1152.83,-56.236
1153.08,-57.335
1153.32,-59.674
1153.56,-58.946
1153.81,-60.243
1154.05,-57.338
1154.30,-58.545
1154.54,-58.791
1154.79,-58.713
1155.03,-58.535
1155.27,-56.955
1155.52,-59.390
1155.76,-56.714
1156.01,-59.123
1156.25,-61.004
1156.49,-60.255
1156.74,-59.370
1156.98,-58.040
1157.23,-58.293
1157.47,-61.348
1157.71,-60.278
1157.96,-60.305
1158.20,-59.269
1158.45,-60.103
1158.69,-61.469
1158.94,-61.301
1159.18,-58.448
1159.42,-60.306
1159.67,-58.464
1159.91,-59.715
1160.16,-61.104
1160.40,-61.638
1160.64,-60.777
1160.89,-60.541
1161.13,-61.844
1161.38,-60.845
1161.62,-59.098
1161.87,-58.141
1162.11,-60.582
1162.35,-60.077
1162.60,-63.892
1162.84,-61.934
1163.09,-60.864
1163.33,-62.229
1163.57,-61.494
1163.82,-61.301
1164.06,-59.321
1164.31,-60.713
1164.55,-61.605
1164.79,-64.463
1165.04,-63.184
1165.28,-61.070
1165.53,-61.858
1165.77,-62.938
1166.02,-62.354
1166.26,-60.645
1166.50,-59.740
1166.75,-61.088
1166.99,-61.240
1167.24,-62.326
1167.48,-61.012
1167.72,-61.451
1167.97,-59.950
1168.21,-63.878
1168.46,-62.615
1168.70,-65.204
1168.95,-63.158
1169.19,-62.344
1169.43,-60.995
1169.68,-63.046
1169.92,-61.959
1170.17,-62.189
1170.41,-60.933
1170.65,-61.411
1170.90,-62.313
1171.14,-63.331
1171.39,-62.918
1171.63,-61.875
1171.88,-61.760
1172.12,-62.651
1172.36,-61.923
1172.61,-61.258
1172.85,-65.089
1173.10,-65.594
1173.34,-63.388
1173.58,-65.048
1173.83,-65.089
1174.07,-61.769
1174.32,-61.493
1174.56,-62.051
1174.80,-63.202
1175.05,-62.075
1175.29,-62.179
1175.54,-62.448
1175.78,-64.065
1176.03,-62.182
1176.27,-60.737
1176.51,-63.926
1176.76,-63.113
1177.00,-64.235
1177.25,-62.708
1177.49,-61.578
1177.73,-63.049
1177.98,-61.045
1178.22,-63.063
1178.47,-61.648
1178.71,-61.703
1178.96,-61.151
1179.20,-62.789
1179.44,-62.375
1179.69,-65.461
1179.93,-61.859
1180.18,-65.069
1180.42,-64.163
1180.66,-62.324
1180.91,-64.912
1181.15,-63.300
1181.40,-63.738
1181.64,-62.331
1181.88,-61.536
1182.13,-61.937
1182.37,-63.273
1182.62,-65.760
1182.86,-65.126
1183.11,-63.035
1183.35,-63.097
1183.59,-65.296
1183.84,-62.180
1184.08,-62.184
1184.33,-63.990
1184.57,-64.938
1184.81,-64.686
1185.06,-64.137
1185.30,-63.498
1185.55,-60.921
1185.79,-64.112
1186.04,-62.941
1186.28,-64.395
1186.52,-64.715
1186.77,-63.415
1187.01,-65.246
1187.26,-64.708
1187.50,-63.854
1187.74,-64.666
1187.99,-64.241
1188.23,-63.252
1188.48,-62.507
1188.72,-65.578
1188.96,-65.169
1189.21,-64.847
1189.45,-64.201
1189.70,-63.324
1189.94,-62.943
1190.19,-63.710
1190.43,-66.088
1190.67,-65.372
1190.92,-64.627
1191.16,-65.036
1191.41,-65.561
1191.65,-64.449
1191.89,-62.388
1192.14,-61.713
1192.38,-62.987
1192.63,-64.484
1192.87,-64.702
1193.12,-64.649
1193.36,-65.475
1193.60,-64.415
1193.85,-67.252
1194.09,-65.097
1194.34,-67.050
1194.58,-63.939
1194.82,-64.146
1195.07,-66.032
1195.31,-65.138
1195.56,-63.385
1195.80,-62.266
1196.04,-63.539
1196.29,-65.777
1196.53,-63.753
1196.78,-64.059
1197.02,-63.074
1197.27,-64.183
1197.51,-64.097
1197.75,-65.472
1198.00,-63.386
1198.24,-64.446
1198.49,-63.165
1198.73,-65.271
1198.97,-66.334
1199.22,-65.852
1199.46,-67.310
1199.71,-65.149
1199.95,-65.601
1200.20,-64.742
1200.44,-67.098
1200.68,-65.503
1200.93,-62.593
1201.17,-64.800
1201.42,-65.435
1201.66,-64.581
1201.90,-67.067
1202.15,-65.537
1202.39,-64.602
1202.64,-65.546
1202.88,-65.429
1203.12,-64.300
1203.37,-66.784
1203.61,-67.733
1203.86,-66.617
1204.10,-68.586
1204.35,-64.872
1204.59,-67.625
1204.83,-64.059
1205.08,-66.588
1205.32,-67.584
1205.57,-67.822
1205.81,-66.754
1206.05,-68.202
1206.30,-65.153
1206.54,-66.068
1206.79,-66.053
1207.03,-66.139
1207.28,-65.119
1207.52,-67.289
1207.76,-64.540
1208.01,-64.393
1208.25,-64.624
1208.50,-65.390
1208.74,-63.941
1208.98,-66.529
1209.23,-65.168
1209.47,-65.188
1209.72,-67.528
1209.96,-68.319
1210.21,-68.049
1210.45,-67.674
1210.69,-67.061
1210.94,-65.273
1211.18,-66.540
1211.43,-64.498
1211.67,-66.017
1211.91,-66.406
1212.16,-65.500
1212.40,-69.178
1212.65,-67.410
1212.89,-67.342
1213.13,-66.465
1213.38,-66.489
1213.62,-69.658
1213.87,-67.613
1214.11,-66.360
1214.36,-65.892
1214.60,-63.448
1214.84,-67.610
1215.09,-64.596
1215.33,-67.136
1215.58,-68.055
1215.82,-65.594
1216.06,-65.030
1216.31,-66.903
1216.55,-65.875
1216.80,-67.218
1217.04,-66.084
1217.29,-65.372
1217.53,-67.093
1217.77,-66.296
1218.02,-69.262
1218.26,-67.507
1218.51,-67.278
1218.75,-64.551
1218.99,-69.100
1219.24,-63.665
1219.48,-65.899
1219.73,-64.566
1219.97,-65.352
1220.21,-66.848
1220.46,-69.798
1220.70,-66.297
1220.95,-69.507
1221.19,-67.887
1221.44,-65.700
1221.68,-66.569
1221.92,-67.447
1222.17,-67.134
1222.41,-67.659
1222.66,-68.517
1222.90,-65.785
1223.14,-64.709
1223.39,-66.754
1223.63,-65.532
1223.88,-66.590
1224.12,-65.241
1224.37,-64.779
1224.61,-66.667
1224.85,-66.863
1225.10,-65.232
1225.34,-67.727
1225.59,-69.267
1225.83,-68.163
1226.07,-65.860
1226.32,-64.957
1226.56,-68.233
1226.81,-66.308
1227.05,-64.742
1227.29,-67.707
1227.54,-66.061
1227.78,-66.725
1228.03,-65.495
1228.27,-64.969
1228.52,-66.890
1228.76,-65.139
1229.00,-67.655
1229.25,-67.594
1229.49,-67.596
1229.74,-65.499
1229.98,-65.584
1230.22,-66.139
1230.47,-67.595
1230.71,-67.725
1230.96,-69.686
1231.20,-67.998
1231.45,-64.620
1231.69,-65.733
1231.93,-66.635
1232.18,-64.596
1232.42,-66.252
1232.67,-66.901
1232.91,-66.734
1233.15,-66.462
1233.40,-67.703
1233.64,-68.289
1233.89,-65.480
1234.13,-65.943
1234.38,-69.459
1234.62,-68.299
1234.86,-67.803
1235.11,-69.135
1235.35,-66.966
1235.60,-68.019
1235.84,-67.484
1236.08,-68.486
1236.33,-66.644
1236.57,-66.355
1236.82,-67.201
1237.06,-66.189
1237.30,-66.201
1237.55,-67.226
1237.79,-66.760
1238.04,-65.912
1238.28,-66.368
1238.53,-69.925
1238.77,-68.448
1239.01,-66.826
1239.26,-66.617
1239.50,-67.284
1239.75,-67.143
1239.99,-67.305
1240.23,-67.758
1240.48,-68.023
1240.72,-67.767
1240.97,-65.576
1241.21,-66.318
1241.46,-66.147
1241.70,-67.876
1241.94,-65.715
1242.19,-66.031
1242.43,-65.576
1242.68,-66.794
1242.92,-65.271
1243.16,-67.790
1243.41,-69.031
1243.65,-67.310
1243.90,-67.514
1244.14,-64.105
1244.38,-66.047
1244.63,-65.884
1244.87,-66.537
1245.12,-66.333
1245.36,-68.556
1245.61,-68.246
1245.85,-67.589
1246.09,-66.763
1246.34,-66.011
1246.58,-64.757
1246.83,-67.779
1247.07,-64.542
1247.31,-68.008
1247.56,-67.387
1247.80,-68.470
1248.05,-66.439
1248.29,-67.097
1248.54,-66.720
1248.78,-66.471
1249.02,-66.397
1249.27,-70.225
1249.51,-65.526
1249.76,-65.123
1250.00,-67.642
1250.24,-66.275
1250.49,-66.593
1250.73,-69.338
1250.98,-66.512
1251.22,-66.102
1251.46,-64.846
1251.71,-67.317
1251.95,-64.369
1252.20,-66.918
1252.44,-68.256
1252.69,-66.621
1252.93,-66.533
1253.17,-66.092
1253.42,-67.963
1253.66,-69.547
1253.91,-67.268
1254.15,-66.464
1254.39,-67.410
1254.64,-65.044
1254.88,-69.063
1255.13,-72.096
1255.37,-69.951
1255.62,-66.716
1255.86,-67.227
1256.10,-67.355
1256.35,-68.325
1256.59,-66.419
1256.84,-66.808
1257.08,-68.531
1257.32,-67.073
1257.57,-66.625
1257.81,-66.085
1258.06,-68.702
1258.30,-67.798
1258.54,-66.713
1258.79,-65.134
1259.03,-65.667
1259.28,-66.477
1259.52,-66.344
1259.77,-66.919
1260.01,-66.874
1260.25,-65.483
1260.50,-68.464
1260.74,-65.480
1260.99,-67.833
1261.23,-68.520
1261.47,-67.517
1261.72,-65.672
1261.96,-65.417
1262.21,-63.980
1262.45,-66.146
1262.70,-67.388
1262.94,-67.357
1263.18,-66.708
1263.43,-65.766
1263.67,-68.514
1263.92,-65.749
1264.16,-66.688
1264.40,-67.263
1264.65,-67.161
1264.89,-66.373
1265.14,-66.731
1265.38,-65.053
1265.62,-68.875
1265.87,-69.093
1266.11,-66.475
1266.36,-67.406
1266.60,-67.423
1266.85,-68.287
1267.09,-67.604
1267.33,-68.745
1267.58,-68.798
1267.82,-66.909
1268.07,-67.127
1268.31,-68.053
1268.55,-65.746
1268.80,-65.927
1269.04,-69.169
1269.29,-65.489
1269.53,-69.830
1269.78,-67.119
1270.02,-64.863
1270.26,-67.422
1270.51,-67.267
1270.75,-66.594
1271.00,-69.130
1271.24,-67.584
1271.48,-67.095
1271.73,-68.637
1271.97,-68.218
1272.22,-66.416
1272.46,-65.736
1272.71,-65.853
1272.95,-68.194
1273.19,-70.474
1273.44,-65.313
1273.68,-67.201
1273.93,-65.471
1274.17,-64.962
1274.41,-67.801
1274.66,-67.261
1274.90,-65.452
1275.15,-68.193
1275.39,-66.589
1275.63,-67.074
1275.88,-65.406
1276.12,-66.552
1276.37,-66.679
1276.61,-67.327
1276.86,-68.229
1277.10,-66.415
1277.34,-69.549
1277.59,-67.748
1277.83,-67.468
1278.08,-68.378
1278.32,-69.172
1278.56,-69.511
1278.81,-67.617
1279.05,-68.379
1279.30,-67.481
1279.54,-67.909
1279.79,-70.349
1280.03,-66.468
1280.27,-68.821
1280.52,-65.034
1280.76,-67.109
1281.01,-67.767
1281.25,-66.527
1281.49,-66.973
1281.74,-67.095
1281.98,-66.849
1282.23,-64.943
1282.47,-67.432
1282.71,-67.337
1282.96,-69.050
1283.20,-65.118
1283.45,-67.364
1283.69,-69.914
1283.94,-66.921
1284.18,-65.861
1284.42,-66.333
1284.67,-68.016
1284.91,-64.141
1285.16,-65.842
1285.40,-67.312
1285.64,-68.345
1285.89,-69.744
1286.13,-66.891
1286.38,-70.018
1286.62,-68.309
1286.87,-66.667
1287.11,-65.114
1287.35,-67.216
1287.60,-67.767
1287.84,-66.468
1288.09,-68.277
1288.33,-67.205
1288.57,-68.066
1288.82,-68.790
1289.06,-66.888
1289.31,-67.498
1289.55,-67.573
1289.79,-65.522
1290.04,-68.327
1290.28,-66.979
1290.53,-66.550
1290.77,-64.231
1291.02,-63.988
1291.26,-65.663
1291.50,-64.843
1291.75,-66.598
1291.99,-65.196
1292.24,-66.179
1292.48,-67.817
1292.72,-67.113
1292.97,-65.125
1293.21,-69.006
1293.46,-67.782
1293.70,-65.317
1293.95,-64.028
1294.19,-65.222
1294.43,-68.147
1294.68,-64.255
1294.92,-65.493
1295.17,-65.461
1295.41,-66.311
1295.65,-66.193
1295.90,-64.810
1296.14,-68.787
1296.39,-67.250
1296.63,-66.629
1296.88,-66.180
1297.12,-65.668
1297.36,-64.792
1297.61,-66.959
1297.85,-65.600
1298.10,-64.937
1298.34,-65.092
1298.58,-66.128
1298.83,-65.991
1299.07,-66.025
1299.32,-65.084
1299.56,-66.087
1299.80,-66.561
1300.05,-66.629
1300.29,-65.660
1300.54,-66.434
1300.78,-64.261
1301.03,-64.258
1301.27,-65.868
1301.51,-63.476
1301.76,-64.785
1302.00,-66.253
1302.25,-67.056
1302.49,-68.775
1302.73,-67.246
1302.98,-64.726
1303.22,-65.319
1303.47,-65.932
1303.71,-65.166
1303.96,-67.097
1304.20,-65.663
1304.44,-68.679
1304.69,-67.151
1304.93,-66.058
1305.18,-68.441
1305.42,-66.425
1305.66,-65.230
1305.91,-65.250
1306.15,-64.574
1306.40,-67.070
1306.64,-65.214
1306.88,-63.852
1307.13,-67.389
1307.37,-65.678
1307.62,-67.410
1307.86,-65.712
1308.11,-64.103
1308.35,-66.680
1308.59,-63.193
1308.84,-67.579
1309.08,-65.759
1309.33,-66.036
1309.57,-63.787
1309.81,-64.296
1310.06,-65.774
1310.30,-67.912
1310.55,-66.802
1310.79,-65.802
1311.04,-64.782
1311.28,-63.193
1311.52,-64.331
1311.77,-67.026
1312.01,-66.083
1312.26,-66.055
1312.50,-63.680
1312.74,-65.573
1312.99,-65.364
1313.23,-66.145
1313.48,-66.381
1313.72,-68.483
1313.96,-66.961
1314.21,-66.775
1314.45,-66.104
1314.70,-65.753
1314.94,-65.188
1315.19,-64.343
1315.43,-64.783
1315.67,-64.928
1315.92,-68.222
1316.16,-63.655
1316.41,-66.920
1316.65,-63.135
1316.89,-62.593
1317.14,-65.392
1317.38,-64.432
1317.63,-63.196
1317.87,-63.624
1318.12,-65.655
1318.36,-65.231
1318.60,-64.255
1318.85,-67.037
1319.09,-66.143
1319.34,-64.269
1319.58,-63.260
1319.82,-62.695
1320.07,-62.654
1320.31,-66.067
1320.56,-62.698
1320.80,-63.978
1321.04,-64.202
1321.29,-64.641
1321.53,-63.298
1321.78,-64.157
1322.02,-64.966
1322.27,-65.710
1322.51,-67.090
1322.75,-62.915
1323.00,-63.810
1323.24,-63.010
1323.49,-63.306
1323.73,-64.376
1323.97,-64.037
1324.22,-62.563
1324.46,-64.666
1324.71,-66.357
1324.95,-64.660
1325.20,-66.952
1325.44,-66.348
1325.68,-62.442
1325.93,-65.683
1326.17,-63.817
1326.42,-66.311
1326.66,-63.303
1326.90,-65.657
1327.15,-63.810
1327.39,-62.444
1327.64,-64.169
1327.88,-62.996
1328.12,-63.931
1328.37,-65.225
1328.61,-63.817
1328.86,-61.311
1329.10,-61.969
1329.35,-61.859
1329.59,-65.334
1329.83,-63.384
1330.08,-64.474
1330.32,-63.442
1330.57,-62.294
1330.81,-64.878
1331.05,-65.290
1331.30,-64.937
1331.54,-65.296
1331.79,-65.552
1332.03,-63.530
1332.28,-63.646
1332.52,-62.615
1332.76,-66.784
1333.01,-62.195
1333.25,-64.640
1333.50,-62.318
1333.74,-63.468
1333.98,-64.271
1334.23,-62.125
1334.47,-64.879
1334.72,-62.485
1334.96,-63.153
1335.21,-63.072
1335.45,-62.455
1335.69,-62.988
1335.94,-61.835
1336.18,-64.692
1336.43,-64.746
1336.67,-65.557
1336.91,-62.743
1337.16,-62.947
1337.40,-64.044
1337.65,-64.212
1337.89,-61.129
1338.13,-63.161
1338.38,-62.077
1338.62,-59.827
1338.87,-64.531
1339.11,-62.002
1339.36,-62.221
1339.60,-62.939
1339.84,-63.369
1340.09,-64.429
1340.33,-63.838
1340.58,-63.195
1340.82,-62.021
1341.06,-62.587
1341.31,-64.296
1341.55,-61.554
1341.80,-63.126
1342.04,-62.582
1342.29,-61.555
1342.53,-58.575
1342.77,-60.578
1343.02,-62.789
1343.26,-62.491
1343.51,-62.018
1343.75,-61.182
1343.99,-65.454
1344.24,-63.358
1344.48,-62.881
1344.73,-61.400
1344.97,-61.208
1345.21,-62.388
1345.46,-62.860
1345.70,-59.751
1345.95,-63.347
1346.19,-60.558
1346.44,-63.831
1346.68,-63.018
1346.92,-60.049
1347.17,-60.585
1347.41,-64.797
1347.66,-61.923
1347.90,-63.020
1348.14,-61.541
1348.39,-61.286
1348.63,-63.989
1348.88,-61.834
1349.12,-60.492
1349.37,-62.836
1349.61,-63.674
1349.85,-61.283
1350.10,-61.808
1350.34,-60.262
1350.59,-60.534
1350.83,-60.998
1351.07,-61.656
1351.32,-61.084
1351.56,-62.016
1351.81,-60.517
1352.05,-60.867
1352.29,-59.964
1352.54,-61.435
1352.78,-59.309
1353.03,-61.855
1353.27,-64.020
1353.52,-61.386
1353.76,-59.472
1354.00,-60.633
1354.25,-61.384
1354.49,-60.340
1354.74,-62.271
1354.98,-59.247
1355.22,-58.027
1355.47,-62.504
1355.71,-62.965
1355.96,-61.170
1356.20,-59.724
1356.45,-60.764
1356.69,-59.435
1356.93,-59.153
1357.18,-59.104
1357.42,-60.944
1357.67,-58.851
1357.91,-60.479
1358.15,-59.379
1358.40,-61.723
1358.64,-61.932
1358.89,-65.126
1359.13,-61.406
1359.38,-60.777
1359.62,-58.258
1359.86,-58.812
1360.11,-61.575
1360.35,-60.043
1360.60,-59.816
1360.84,-59.532
1361.08,-59.128
1361.33,-57.112
1361.57,-60.745
1361.82,-59.313
1362.06,-58.963
1362.30,-61.273
1362.55,-58.933
1362.79,-58.242
1363.04,-59.358
1363.28,-59.953
1363.53,-57.368
1363.77,-58.586
1364.01,-57.239
1364.26,-56.707
1364.50,-58.944
1364.75,-57.754
1364.99,-58.283
1365.23,-60.616
1365.48,-60.194
1365.72,-58.362
1365.97,-58.265
1366.21,-60.591
1366.46,-57.527
1366.70,-58.391
1366.94,-60.119
1367.19,-59.881
1367.43,-60.710
1367.68,-58.340
1367.92,-58.733
1368.16,-59.582
1368.41,-58.752
1368.65,-60.566
1368.90,-58.343
1369.14,-59.451
1369.38,-58.900
1369.63,-57.578
1369.87,-56.958
1370.12,-55.955
1370.36,-57.555
1370.61,-56.912
1370.85,-56.932
1371.09,-57.145
1371.34,-57.835
1371.58,-57.435
1371.83,-59.535
1372.07,-56.084
1372.31,-55.902
1372.56,-58.993
1372.80,-57.845
1373.05,-57.517
1373.29,-59.572
1373.54,-55.921
1373.78,-57.570
1374.02,-56.541
1374.27,-56.874
1374.51,-55.804
1374.76,-55.424
1375.00,-55.522
1375.24,-55.958
1375.49,-57.146
1375.73,-54.769
1375.98,-55.614
1376.22,-56.384
1376.46,-56.360
1376.71,-56.746
1376.95,-56.303
1377.20,-54.347
1377.44,-54.741
1377.69,-56.134
1377.93,-53.110
1378.17,-56.830
1378.42,-53.080
1378.66,-55.465
1378.91,-54.025
1379.15,-54.493
1379.39,-54.112
1379.64,-54.737
1379.88,-54.816
1380.13,-55.515
1380.37,-53.842
1380.62,-55.884
1380.86,-54.853
1381.10,-55.349
1381.35,-53.069
1381.59,-53.798
1381.84,-54.207
1382.08,-53.644
1382.32,-54.726
1382.57,-53.900
1382.81,-55.464
1383.06,-54.146
1383.30,-55.227
1383.54,-54.165
1383.79,-51.500
1384.03,-52.857
1384.28,-55.963
1384.52,-53.665
1384.77,-53.132
1385.01,-53.973
1385.25,-52.661
1385.50,-52.990
1385.74,-55.723
1385.99,-52.368
1386.23,-49.647
1386.47,-51.554
1386.72,-52.365
1386.96,-51.277
1387.21,-53.480
1387.45,-52.561
1387.70,-50.836
1387.94,-50.631
1388.18,-51.750
1388.43,-51.090
1388.67,-52.004
1388.92,-52.592
1389.16,-51.894
1389.40,-51.341
1389.65,-50.475
1389.89,-50.834
1390.14,-50.542
1390.38,-50.887
1390.62,-51.744
1390.87,-49.408
1391.11,-49.279
1391.36,-47.860
1391.60,-51.132
1391.85,-50.878
1392.09,-49.167
1392.33,-51.764
1392.58,-47.403
1392.82,-51.148
1393.07,-52.062
1393.31,-50.623
1393.55,-51.286
1393.80,-49.120
1394.04,-47.865
1394.29,-49.809
1394.53,-51.084
1394.78,-48.792
1395.02,-49.706
1395.26,-47.840
1395.51,-47.499
1395.75,-46.763
1396.00,-48.910
1396.24,-46.627
1396.48,-46.970
1396.73,-46.257
1396.97,-46.759
1397.22,-48.031
1397.46,-48.266
1397.71,-45.640
1397.95,-47.402
1398.19,-48.269
1398.44,-46.564
1398.68,-49.797
1398.93,-46.646
1399.17,-46.312
1399.41,-45.934
1399.66,-44.836
1399.90,-46.502
1400.15,-45.976
1400.39,-47.534
1400.63,-46.484
1400.88,-44.984
1401.12,-47.671
1401.37,-47.362
1401.61,-44.820
1401.86,-46.828
1402.10,-45.348
1402.34,-45.018
1402.59,-46.468
1402.83,-44.495
1403.08,-47.032
1403.32,-49.062
1403.56,-46.669
1403.81,-45.602
1404.05,-46.072
1404.30,-45.093
1404.54,-44.760
1404.79,-45.371
1405.03,-46.091
1405.27,-43.482
1405.52,-45.411
1405.76,-46.858
1406.01,-46.109
1406.25,-45.740
1406.49,-45.344
1406.74,-51.313
1406.98,-48.537
1407.23,-47.646
1407.47,-45.447
1407.71,-47.362
1407.96,-45.686
1408.20,-45.041
1408.45,-48.020
1408.69,-47.611
1408.94,-44.719
1409.18,-46.928
1409.42,-48.551
1409.67,-45.560
1409.91,-49.498
1410.16,-48.454
1410.40,-45.915
1410.64,-48.575
1410.89,-46.586
1411.13,-46.659
1411.38,-45.745
1411.62,-47.582
1411.87,-45.596
1412.11,-47.877
1412.35,-48.206
1412.60,-49.835
1412.84,-49.473
1413.09,-50.746
1413.33,-49.708
1413.57,-48.797
1413.82,-48.721
1414.06,-48.140
1414.31,-46.837
1414.55,-49.074
1414.79,-47.633
1415.04,-49.571
1415.28,-49.208
1415.53,-50.719
1415.77,-49.785
1416.02,-49.756
1416.26,-47.624
1416.50,-51.971
1416.75,-50.428
1416.99,-50.691
1417.24,-49.878
1417.48,-49.436
1417.72,-51.549
1417.97,-51.332
1418.21,-52.631
1418.46,-51.605
1418.70,-51.952
1418.95,-51.708
1419.19,-53.591
1419.43,-51.487
1419.68,-55.975
1419.92,-52.123
1420.17,-48.950
1420.41,-50.713
1420.65,-52.613
1420.90,-52.140
1421.14,-49.096
1421.39,-50.520
1421.63,-52.017
1421.88,-53.140
1422.12,-52.868
1422.36,-51.993
1422.61,-52.544
1422.85,-51.625
1423.10,-50.722
1423.34,-54.577
1423.58,-53.067
1423.83,-53.870
1424.07,-53.054
1424.32,-52.596
1424.56,-53.478
1424.80,-52.095
1425.05,-51.435
1425.29,-51.581
1425.54,-54.184
1425.78,-54.368
1426.03,-52.462
1426.27,-55.775
1426.51,-54.504
1426.76,-53.994
1427.00,-53.120
1427.25,-52.826
1427.49,-52.885
1427.73,-56.404
1427.98,-53.918
1428.22,-53.467
1428.47,-52.401
1428.71,-54.039
1428.96,-53.927
1429.20,-52.163
1429.44,-53.105
1429.69,-56.084
1429.93,-53.890
1430.18,-52.839
1430.42,-53.424
1430.66,-54.570
1430.91,-56.214
1431.15,-55.625
1431.40,-54.563
1431.64,-55.681
1431.88,-58.358
1432.13,-57.607
1432.37,-53.731
1432.62,-54.644
1432.86,-54.188
1433.11,-56.294
1433.35,-54.522
1433.59,-52.894
1433.84,-54.426
1434.08,-57.741
1434.33,-55.294
1434.57,-54.260
1434.81,-55.320
1435.06,-53.298
1435.30,-53.664
1435.55,-54.052
1435.79,-53.041
1436.04,-56.252
1436.28,-57.876
1436.52,-57.160
1436.77,-55.525
1437.01,-55.024
1437.26,-55.047
1437.50,-54.365
1437.74,-55.876
1437.99,-54.998
1438.23,-58.352
1438.48,-56.577
1438.72,-56.551
1438.96,-57.190
1439.21,-55.917
1439.45,-59.812
1439.70,-55.555
1439.94,-55.342
1440.19,-52.969
1440.43,-58.292
1440.67,-57.846
1440.92,-55.245
1441.16,-55.487
1441.41,-56.546
1441.65,-54.996
1441.89,-56.772
1442.14,-59.282
1442.38,-57.481
1442.63,-56.264
1442.87,-57.631
1443.12,-58.949
1443.36,-59.298
1443.60,-59.443
1443.85,-57.903
1444.09,-56.450
1444.34,-58.293
1444.58,-58.157
1444.82,-57.226
1445.07,-58.083
1445.31,-56.574
1445.56,-60.351
1445.80,-60.508
1446.04,-57.367
1446.29,-59.476
1446.53,-57.357
1446.78,-57.067
1447.02,-56.788
1447.27,-58.542
1447.51,-56.183
1447.75,-56.901
1448.00,-59.394
1448.24,-56.685
1448.49,-55.096
1448.73,-58.827
1448.97,-59.469
1449.22,-58.663
1449.46,-61.658
1449.71,-58.529
1449.95,-56.653
1450.20,-57.037
1450.44,-57.990
1450.68,-58.361
1450.93,-56.485
1451.17,-58.071
1451.42,-57.406
1451.66,-58.630
1451.90,-59.637
1452.15,-56.613
1452.39,-59.855
1452.64,-59.538
1452.88,-57.734
1453.12,-58.269
1453.37,-57.728
1453.61,-59.496
1453.86,-60.716
1454.10,-56.389
1454.35,-59.228
1454.59,-56.372
1454.83,-59.116
1455.08,-56.655
1455.32,-56.960
1455.57,-57.366
1455.81,-58.025
1456.05,-61.419
1456.30,-59.531
1456.54,-59.970
1456.79,-59.126
1457.03,-61.174
1457.28,-59.829
1457.52,-60.226
1457.76,-60.519
1458.01,-58.972
1458.25,-56.898
1458.50,-59.455
1458.74,-61.542
1458.98,-58.227
1459.23,-57.598
1459.47,-58.014
1459.72,-60.884
1459.96,-58.705
1460.21,-60.430
1460.45,-61.313
1460.69,-62.296
1460.94,-62.119
1461.18,-59.482
1461.43,-58.653
1461.67,-60.823
1461.91,-58.115
1462.16,-57.383
1462.40,-61.219
1462.65,-60.216
1462.89,-59.534
1463.13,-57.923
1463.38,-60.849
1463.62,-61.350
1463.87,-61.114
1464.11,-58.187
1464.36,-60.240
1464.60,-59.617
1464.84,-57.326
1465.09,-58.846
1465.33,-61.439
1465.58,-61.728
1465.82,-59.349
1466.06,-58.803
1466.31,-59.289
1466.55,-59.092
1466.80,-57.602
1467.04,-59.414
1467.29,-60.282
1467.53,-58.239
1467.77,-60.391
1468.02,-59.857
1468.26,-60.231
1468.51,-59.737
1468.75,-59.682
1468.99,-62.481
1469.24,-61.259
1469.48,-58.441
1469.73,-61.672
1469.97,-60.703
1470.21,-62.037
1470.46,-60.332
1470.70,-59.940
1470.95,-59.728
1471.19,-59.184
1471.44,-59.375
1471.68,-61.284
1471.92,-62.261
1472.17,-59.935
1472.41,-62.673
1472.66,-61.165
1472.90,-61.536
1473.14,-61.440
1473.39,-61.449
1473.63,-59.096
1473.88,-59.525
1474.12,-61.434
1474.37,-63.369
1474.61,-63.542
1474.85,-59.884
1475.10,-60.500
1475.34,-61.344
1475.59,-63.458
1475.83,-62.320
1476.07,-62.579
1476.32,-58.753
1476.56,-61.447
1476.81,-62.018
1477.05,-62.032
1477.29,-62.562
1477.54,-59.947
1477.78,-59.808
1478.03,-61.374
1478.27,-62.460
1478.52,-59.745
1478.76,-59.247
1479.00,-61.524
1479.25,-63.175
1479.49,-62.947
1479.74,-60.636
1479.98,-60.686
1480.22,-60.575
1480.47,-58.839
1480.71,-61.708
1480.96,-58.901
1481.20,-61.131
1481.45,-61.247
1481.69,-59.791
1481.93,-63.459
1482.18,-63.044
1482.42,-61.679
1482.67,-62.351
1482.91,-60.450
1483.15,-61.075
1483.40,-64.979
1483.64,-61.754
1483.89,-63.966
1484.13,-62.150
1484.38,-59.878
1484.62,-60.856
1484.86,-63.316
1485.11,-61.470
1485.35,-61.609
1485.60,-60.256
1485.84,-61.080
1486.08,-63.012
1486.33,-63.234
1486.57,-63.139
1486.82,-61.810
1487.06,-60.339
1487.30,-60.058
1487.55,-59.784
1487.79,-62.358
1488.04,-63.149
1488.28,-62.437
1488.53,-62.039
1488.77,-61.730
1489.01,-60.767
1489.26,-63.902
1489.50,-60.720
1489.75,-59.522
1489.99,-58.587
1490.23,-59.707
1490.48,-59.906
1490.72,-61.902
1490.97,-62.023
1491.21,-62.753
1491.46,-58.495
1491.70,-61.866
1491.94,-62.253
1492.19,-59.779
1492.43,-61.580
1492.68,-61.570
1492.92,-62.602
1493.16,-61.957
1493.41,-61.170
1493.65,-59.071
1493.90,-59.818
1494.14,-60.249
1494.38,-59.721
1494.63,-63.136
1494.87,-60.839
1495.12,-63.959
1495.36,-61.202
1495.61,-64.378
1495.85,-63.161
1496.09,-62.494
1496.34,-60.368
1496.58,-60.824
1496.83,-63.455
1497.07,-61.867
1497.31,-61.590
1497.56,-62.994
1497.80,-59.871
1498.05,-61.472
1498.29,-62.885
1498.54,-65.064
1498.78,-60.226
1499.02,-62.518
1499.27,-61.219
1499.51,-60.391
1499.76,-62.425
1500.00,-65.026
1500.24,-63.081
1500.49,-60.335
1500.73,-63.181
1500.98,-61.591
1501.22,-61.567
1501.46,-61.619
1501.71,-62.700
1501.95,-60.989
1502.20,-59.903
1502.44,-62.563
1502.69,-61.588
1502.93,-63.390
1503.17,-63.904
1503.42,-63.578
1503.66,-64.321
1503.91,-61.843
1504.15,-59.416
1504.39,-61.596
1504.64,-61.542
1504.88,-60.898
1505.13,-64.505
1505.37,-63.884
1505.62,-63.555
1505.86,-63.592
1506.10,-61.558
1506.35,-64.229
1506.59,-61.059
1506.84,-61.308
1507.08,-63.623
1507.32,-61.921
1507.57,-63.363
1507.81,-64.024
1508.06,-61.800
1508.30,-59.562
1508.54,-63.513
1508.79,-60.759
1509.03,-59.376
1509.28,-64.130
1509.52,-60.604
1509.77,-61.872
1510.01,-64.029
1510.25,-63.858
1510.50,-64.929
1510.74,-65.325
1510.99,-62.260
1511.23,-61.368
1511.47,-61.409
1511.72,-63.611
1511.96,-61.579
1512.21,-66.515
1512.45,-61.992
1512.70,-62.842
1512.94,-61.828
1513.18,-59.919
1513.43,-63.961
1513.67,-60.630
1513.92,-63.397
1514.16,-62.388
1514.40,-65.124
1514.65,-61.783
1514.89,-64.821
1515.14,-63.035
1515.38,-61.155
1515.62,-65.166
1515.87,-63.051
1516.11,-62.165
1516.36,-62.917
1516.60,-63.504
1516.85,-63.189
1517.09,-63.622
1517.33,-63.003
1517.58,-62.287
1517.82,-64.050
1518.07,-61.729
1518.31,-62.255
1518.55,-63.462
1518.80,-61.784
1519.04,-62.332
1519.29,-63.051
1519.53,-63.776
1519.78,-63.536
1520.02,-60.807
1520.26,-62.721
1520.51,-62.496
1520.75,-61.184
1521.00,-62.036
1521.24,-63.190
1521.48,-63.137
1521.73,-61.845
1521.97,-64.722
1522.22,-65.076
1522.46,-61.631
1522.71,-59.492
1522.95,-62.708
1523.19,-65.055
1523.44,-63.664
1523.68,-64.830
1523.93,-63.310
1524.17,-62.715
1524.41,-63.894
1524.66,-64.511
1524.90,-64.781
1525.15,-62.769
1525.39,-63.263
1525.63,-62.138
1525.88,-62.139
1526.12,-59.971
1526.37,-61.562
1526.61,-60.830
1526.86,-62.768
1527.10,-64.771
1527.34,-63.047
1527.59,-61.611
1527.83,-61.317
1528.08,-63.797
1528.32,-62.928
1528.56,-64.071
1528.81,-62.260
1529.05,-65.465
1529.30,-59.577
1529.54,-62.780
1529.79,-60.738
1530.03,-62.816
1530.27,-62.204
1530.52,-62.455
1530.76,-61.840
1531.01,-60.900
1531.25,-60.912
1531.49,-62.688
1531.74,-64.091
1531.98,-61.788
1532.23,-61.268
1532.47,-60.717
1532.71,-62.286
1532.96,-60.812
1533.20,-59.632
1533.45,-59.634
1533.69,-60.259
1533.94,-62.082
1534.18,-64.803
1534.42,-64.340
1534.67,-63.509
1534.91,-63.359
1535.16,-61.987
1535.40,-61.726
1535.64,-61.346
1535.89,-62.719
1536.13,-64.484
1536.38,-59.035
1536.62,-64.306
1536.87,-62.719
1537.11,-62.202
1537.35,-61.891
1537.60,-59.936
1537.84,-62.215
1538.09,-62.689
1538.33,-60.803
1538.57,-61.773
1538.82,-65.202
1539.06,-63.088
1539.31,-65.158
1539.55,-63.154
1539.79,-62.230
1540.04,-62.526
1540.28,-62.883
1540.53,-62.336
1540.77,-61.541
1541.02,-60.645
1541.26,-62.278
1541.50,-62.568
1541.75,-61.020
1541.99,-60.461
1542.24,-62.837
1542.48,-60.030
1542.72,-63.159
1542.97,-61.578
1543.21,-61.073
1543.46,-62.156
1543.70,-63.419
1543.95,-61.100
1544.19,-63.237
1544.43,-64.479
1544.68,-63.355
1544.92,-65.044
1545.17,-62.912
1545.41,-61.255
1545.65,-60.077
1545.90,-61.277
1546.14,-60.804
1546.39,-59.770
1546.63,-63.637
1546.88,-60.530
1547.12,-62.570
1547.36,-63.592
1547.61,-65.133
1547.85,-61.575
1548.10,-59.834
1548.34,-61.515
1548.58,-60.972
1548.83,-60.153
1549.07,-62.408
1549.32,-63.061
1549.56,-61.750
1549.80,-62.790
1550.05,-63.520
1550.29,-61.757
1550.54,-61.981
1550.78,-63.095
1551.03,-62.443
1551.27,-63.312
1551.51,-61.813
1551.76,-61.289
1552.00,-63.066
1552.25,-64.864
1552.49,-63.948
1552.73,-63.378
1552.98,-61.408
1553.22,-61.513
1553.47,-63.756
1553.71,-63.867
1553.96,-61.549
1554.20,-61.432
1554.44,-60.892
1554.69,-62.106
1554.93,-65.024
1555.18,-64.210
1555.42,-63.020
1555.66,-62.804
1555.91,-63.810
1556.15,-62.352
1556.40,-64.337
1556.64,-64.200
1556.88,-61.549
1557.13,-64.266
1557.37,-62.670
1557.62,-61.427
1557.86,-63.059
1558.11,-61.228
1558.35,-64.207
1558.59,-63.376
1558.84,-60.907
1559.08,-62.006
1559.33,-60.841
1559.57,-61.757
1559.81,-61.506
1560.06,-59.802
1560.30,-62.317
1560.55,-61.082
1560.79,-61.166
1561.04,-60.576
1561.28,-61.382
1561.52,-61.618
1561.77,-60.470
1562.01,-61.477
1562.26,-61.824
1562.50,-61.227
1562.74,-59.540
1562.99,-61.215
1563.23,-62.382
1563.48,-61.466
1563.72,-59.293
1563.96,-61.682
1564.21,-62.950
1564.45,-62.300
1564.70,-62.423
1564.94,-63.031
1565.19,-62.117
1565.43,-61.791
1565.67,-62.249
1565.92,-61.560
1566.16,-61.483
1566.41,-63.207
1566.65,-63.682
1566.89,-61.182
1567.14,-60.531
1567.38,-63.539
1567.63,-61.642
1567.87,-60.213
1568.12,-60.518
1568.36,-58.144
1568.60,-61.889
1568.85,-61.583
1569.09,-62.237
1569.34,-61.116
1569.58,-61.373
1569.82,-62.439
1570.07,-63.647
1570.31,-62.837
1570.56,-64.634
1570.80,-61.732
1571.04,-60.450
1571.29,-59.878
1571.53,-62.452
1571.78,-60.748
1572.02,-64.802
1572.27,-61.434
1572.51,-62.857
1572.75,-63.212
1573.00,-61.352
1573.24,-61.214
1573.49,-60.588
1573.73,-60.310
1573.97,-60.044
1574.22,-60.413
1574.46,-61.141
1574.71,-61.987
1574.95,-61.389
1575.20,-61.353
1575.44,-61.645
1575.68,-60.210
1575.93,-60.348
1576.17,-62.234
1576.42,-60.208
1576.66,-61.092
1576.90,-60.887
1577.15,-59.526
1577.39,-61.030
1577.64,-58.838
1577.88,-58.452
1578.12,-60.076
1578.37,-58.011
1578.61,-61.114
1578.86,-61.209
1579.10,-61.219
1579.35,-61.280
1579.59,-61.367
1579.83,-61.525
1580.08,-60.304
1580.32,-61.996
1580.57,-60.336
1580.81,-61.808
1581.05,-60.448
1581.30,-63.040
1581.54,-62.044
1581.79,-58.243
1582.03,-59.971
1582.28,-58.527
1582.52,-61.573
1582.76,-62.183
1583.01,-58.802
1583.25,-58.139
1583.50,-59.275
1583.74,-59.922
1583.98,-60.951
1584.23,-62.590
1584.47,-60.735
1584.72,-60.286
1584.96,-62.454
1585.21,-62.846
1585.45,-60.819
1585.69,-60.277
1585.94,-63.183
1586.18,-62.018
1586.43,-60.213
1586.67,-60.173
1586.91,-61.194
1587.16,-56.997
1587.40,-57.966
1587.65,-60.415
1587.89,-58.502
1588.13,-58.665
1588.38,-60.841
1588.62,-61.398
1588.87,-58.016
1589.11,-58.246
1589.36,-59.813
1589.60,-58.232
1589.84,-58.235
1590.09,-59.352
1590.33,-58.493
1590.58,-59.527
1590.82,-61.863
1591.06,-59.858
1591.31,-60.726
1591.55,-60.602
1591.80,-59.831
1592.04,-59.422
1592.29,-58.844
1592.53,-58.995
1592.77,-61.154
1593.02,-59.192
1593.26,-59.926
1593.51,-60.971
1593.75,-60.679
1593.99,-56.443
1594.24,-59.495
1594.48,-60.421
1594.73,-59.404
1594.97,-59.349
1595.21,-57.942
1595.46,-59.399
1595.70,-59.028
1595.95,-57.029
1596.19,-59.746
1596.44,-60.623
1596.68,-58.783
1596.92,-59.072
1597.17,-58.279
1597.41,-59.645
1597.66,-59.132
1597.90,-60.291
1598.14,-61.364
1598.39,-56.550
1598.63,-59.100
1598.88,-58.146
1599.12,-57.841
1599.37,-57.357
1599.61,-59.759
1599.85,-60.235
1600.10,-59.525
1600.34,-60.668
1600.59,-58.075
1600.83,-58.942
1601.07,-58.736
1601.32,-57.254
1601.56,-57.901
1601.81,-62.425
1602.05,-59.762
1602.29,-59.624
1602.54,-60.097
1602.78,-58.061
1603.03,-59.350
1603.27,-60.139
1603.52,-58.381
1603.76,-59.309
1604.00,-56.323
1604.25,-56.280
1604.49,-60.107
1604.74,-58.087
1604.98,-55.626
1605.22,-57.883
1605.47,-60.706
1605.71,-57.309
1605.96,-57.393
1606.20,-57.291
1606.45,-57.338
1606.69,-58.611
1606.93,-57.829
1607.18,-60.026
1607.42,-56.884
1607.67,-58.082
1607.91,-57.340
1608.15,-55.870
1608.40,-55.879
1608.64,-59.428
1608.89,-57.272
1609.13,-56.789
1609.38,-59.445
1609.62,-60.266
1609.86,-58.180
1610.11,-57.933
1610.35,-59.303
1610.60,-56.930
1610.84,-59.187
1611.08,-57.894
1611.33,-57.110
1611.57,-60.272
1611.82,-59.443
1612.06,-57.439
1612.30,-58.283
1612.55,-56.556
1612.79,-56.809
1613.04,-56.152
1613.28,-58.736
1613.53,-57.678
1613.77,-57.289
1614.01,-56.992
1614.26,-59.598
1614.50,-58.572
1614.75,-57.866
1614.99,-57.562
1615.23,-59.609
1615.48,-59.633
1615.72,-58.378
1615.97,-54.136
1616.21,-55.936
1616.46,-56.570
1616.70,-57.984
1616.94,-56.742
1617.19,-57.171
1617.43,-59.591
1617.68,-57.742
1617.92,-59.022
1618.16,-56.725
1618.41,-58.769
1618.65,-57.638
1618.90,-54.374
1619.14,-56.819
1619.38,-56.234
1619.63,-57.706
1619.87,-55.417
1620.12,-58.352
1620.36,-57.320
1620.61,-55.958
1620.85,-56.264
1621.09,-57.220
1621.34,-54.831
1621.58,-56.567
1621.83,-58.925
1622.07,-59.228
1622.31,-56.336
1622.56,-55.395
1622.80,-57.656
1623.05,-55.470
1623.29,-55.961
1623.54,-56.438
1623.78,-56.455
1624.02,-57.991
1624.27,-54.014
1624.51,-57.409
1624.76,-55.830
1625.00,-57.732
1625.24,-55.101
1625.49,-56.919
1625.73,-52.975
1625.98,-57.462
1626.22,-55.161
1626.46,-56.015
1626.71,-55.230
1626.95,-55.974
1627.20,-57.110
1627.44,-58.217
1627.69,-55.262
1627.93,-55.117
1628.17,-56.035
1628.42,-57.207
1628.66,-54.664
1628.91,-52.782
1629.15,-53.999
1629.39,-53.984
1629.64,-54.744
1629.88,-56.025
1630.13,-56.191
1630.37,-55.426
1630.62,-53.803
1630.86,-53.842
1631.10,-55.786
1631.35,-55.129
1631.59,-56.293
1631.84,-53.135
1632.08,-51.984
1632.32,-55.968
1632.57,-56.772
1632.81,-54.995
1633.06,-54.080
1633.30,-50.775
1633.54,-52.327
1633.79,-51.927
1634.03,-52.959
1634.28,-53.359
1634.52,-52.376
1634.77,-54.551
1635.01,-53.466
1635.25,-54.588
1635.50,-55.229
1635.74,-54.354
1635.99,-54.224
1636.23,-53.864
1636.47,-54.455
1636.72,-52.765
1636.96,-54.675
1637.21,-52.373
1637.45,-53.455
1637.70,-52.981
1637.94,-51.276
1638.18,-52.692
1638.43,-51.903
1638.67,-52.667
1638.92,-54.706
1639.16,-54.868
1639.40,-53.951
1639.65,-54.315
1639.89,-52.951
1640.14,-53.122
1640.38,-54.168
1640.62,-52.888
1640.87,-52.381
1641.11,-50.222
1641.36,-53.328
1641.60,-52.722
1641.85,-53.169
1642.09,-51.393
1642.33,-51.277
1642.58,-52.233
1642.82,-49.569
1643.07,-49.131
1643.31,-53.006
1643.55,-52.378
1643.80,-50.742
1644.04,-51.149
1644.29,-51.515
1644.53,-50.588
1644.78,-53.280
1645.02,-53.820
1645.26,-53.373
1645.51,-50.752
1645.75,-51.742
1646.00,-52.991
1646.24,-52.552
1646.48,-52.653
1646.73,-49.139
1646.97,-51.480
1647.22,-51.738
1647.46,-54.150
1647.71,-53.800
1647.95,-53.545
1648.19,-50.297
1648.44,-50.633
1648.68,-48.849
1648.93,-51.900
1649.17,-50.464
1649.41,-49.095
1649.66,-48.884
1649.90,-49.754
1650.15,-49.411
1650.39,-50.000
1650.63,-50.729
1650.88,-49.966
1651.12,-50.505
1651.37,-49.682
1651.61,-50.821
1651.86,-49.504
1652.10,-49.049
1652.34,-49.133
1652.59,-47.902
1652.83,-49.503
1653.08,-49.494
1653.32,-47.495
1653.56,-50.091
1653.81,-50.532
1654.05,-51.167
1654.30,-52.428
1654.54,-50.200
1654.79,-50.590
1655.03,-48.322
1655.27,-49.013
1655.52,-50.739
1655.76,-47.483
1656.01,-50.295
1656.25,-49.324
1656.49,-47.653
1656.74,-47.726
1656.98,-48.665
1657.23,-48.825
1657.47,-47.004
1657.71,-47.963
1657.96,-49.069
1658.20,-50.878
1658.45,-49.335
1658.69,-49.083
1658.94,-49.089
1659.18,-46.711
1659.42,-48.455
1659.67,-47.049
1659.91,-45.726
1660.16,-47.774
1660.40,-46.599
1660.64,-48.477
1660.89,-47.260
1661.13,-47.763
1661.38,-47.296
1661.62,-47.852
1661.87,-48.703
1662.11,-47.276
1662.35,-46.633
1662.60,-44.336
1662.84,-45.951
1663.09,-46.252
1663.33,-45.512
1663.57,-45.738
1663.82,-46.814
1664.06,-45.615
1664.31,-45.758
1664.55,-47.866
1664.79,-48.511
1665.04,-45.621
1665.28,-45.483
1665.53,-46.209
1665.77,-45.625
1666.02,-45.789
1666.26,-44.372
1666.50,-44.745
1666.75,-46.190
1666.99,-46.159
1667.24,-47.477
1667.48,-44.510
1667.72,-45.736
1667.97,-45.273
1668.21,-43.176
1668.46,-45.394
1668.70,-45.412
1668.95,-43.197
1669.19,-44.170
1669.43,-45.955
1669.68,-45.573
1669.92,-43.625
1670.17,-44.854
1670.41,-43.616
1670.65,-44.294
1670.90,-45.581
1671.14,-45.631
1671.39,-46.820
1671.63,-46.484
1671.88,-44.966
1672.12,-44.674
1672.36,-42.740
1672.61,-45.525
1672.85,-43.038
1673.10,-45.967
1673.34,-43.483
1673.58,-44.093
1673.83,-43.240
1674.07,-46.310
1674.32,-45.567
1674.56,-44.919
1674.80,-41.395
1675.05,-44.938
1675.29,-42.984
1675.54,-46.614
1675.78,-46.063
1676.03,-44.133
1676.27,-45.400
1676.51,-42.229
1676.76,-42.806
1677.00,-44.268
1677.25,-44.485
1677.49,-43.992
1677.73,-44.169
1677.98,-43.391
1678.22,-45.803
1678.47,-42.211
1678.71,-45.035
1678.96,-43.618
1679.20,-46.043
1679.44,-43.822
1679.69,-42.329
1679.93,-42.513
1680.18,-41.276
1680.42,-43.327
1680.66,-42.766
1680.91,-44.668
1681.15,-43.535
1681.40,-44.420
1681.64,-45.365
1681.88,-45.792
1682.13,-42.480
1682.37,-43.730
1682.62,-44.177
1682.86,-42.572
1683.11,-42.537
1683.35,-43.051
1683.59,-42.443
1683.84,-41.280
1684.08,-44.011
1684.33,-43.847
1684.57,-45.346
1684.81,-44.997
1685.06,-46.110
1685.30,-43.026
1685.55,-43.107
1685.79,-43.567
1686.04,-44.518
1686.28,-45.078
1686.52,-43.115
1686.77,-43.709
1687.01,-43.618
1687.26,-42.931
1687.50,-44.734
1687.74,-45.548
1687.99,-44.829
1688.23,-44.093
1688.48,-43.744
1688.72,-46.103
1688.96,-43.794
1689.21,-44.541
1689.45,-45.526
1689.70,-45.328
1689.94,-47.399
1690.19,-44.644
1690.43,-45.340
1690.67,-46.546
1690.92,-44.632
1691.16,-42.596
1691.41,-44.913
1691.65,-44.136
1691.89,-45.455
1692.14,-45.590
1692.38,-46.632
1692.63,-45.797
1692.87,-44.198
1693.12,-46.014
1693.36,-45.480
1693.60,-43.954
1693.85,-42.557
1694.09,-42.612
1694.34,-43.060
1694.58,-44.925
1694.82,-46.008
1695.07,-46.212
1695.31,-46.256
1695.56,-45.511
1695.80,-45.076
1696.04,-44.534
1696.29,-45.800
1696.53,-46.970
1696.78,-47.211
1697.02,-45.394
1697.27,-46.622
1697.51,-47.009
1697.75,-46.806
1698.00,-47.928
1698.24,-47.302
1698.49,-51.270
1698.73,-49.528
1698.97,-50.481
1699.22,-48.232
1699.46,-47.965
1699.71,-45.884
1699.95,-48.025
1700.20,-47.339
1700.44,-46.232
1700.68,-48.428
1700.93,-47.971
1701.17,-48.963
1701.42,-48.246
1701.66,-48.272
1701.90,-48.025
1702.15,-51.360
1702.39,-51.291
1702.64,-49.427
1702.88,-47.030
1703.12,-46.199
1703.37,-46.761
1703.61,-47.338
1703.86,-49.954
1704.10,-47.224
1704.35,-47.225
1704.59,-49.715
1704.83,-49.188
1705.08,-50.629
1705.32,-48.030
1705.57,-47.834
1705.81,-47.915
1706.05,-51.404
1706.30,-50.205
1706.54,-46.251
1706.79,-50.475
1707.03,-47.403
1707.28,-50.080
1707.52,-48.073
1707.76,-48.805
1708.01,-48.250
1708.25,-49.302
1708.50,-50.849
1708.74,-48.048
1708.98,-50.843
1709.23,-49.528
1709.47,-47.561
1709.72,-49.340
1709.96,-49.103
1710.21,-49.950
1710.45,-50.664
1710.69,-50.809
1710.94,-50.042
1711.18,-50.042
1711.43,-48.264
1711.67,-48.723
1711.91,-49.965
1712.16,-48.809
1712.40,-51.849
1712.65,-51.009
1712.89,-49.457
1713.13,-50.617
1713.38,-49.167
1713.62,-49.330
1713.87,-50.917
1714.11,-50.446
1714.36,-50.541
1714.60,-50.385
1714.84,-50.337
1715.09,-53.403
1715.33,-51.715
1715.58,-50.674
1715.82,-49.404
1716.06,-49.981
1716.31,-53.130
1716.55,-54.402
1716.80,-51.933
1717.04,-48.276
1717.29,-49.608
1717.53,-52.721
1717.77,-50.578
1718.02,-49.669
1718.26,-50.145
1718.51,-52.083
1718.75,-50.765
1718.99,-50.831
1719.24,-51.395
1719.48,-51.375
1719.73,-52.187
1719.97,-51.996
1720.21,-52.586
1720.46,-54.102
1720.70,-54.678
1720.95,-51.069
1721.19,-51.133
1721.44,-53.481
1721.68,-53.644
1721.92,-50.093
1722.17,-50.037
1722.41,-50.946
1722.66,-53.614
1722.90,-50.859
1723.14,-50.933
1723.39,-53.151
1723.63,-52.274
1723.88,-53.222
1724.12,-52.968
1724.37,-52.023
1724.61,-53.305
1724.85,-52.840
1725.10,-50.756
1725.34,-52.654
1725.59,-50.458
1725.83,-50.900
1726.07,-51.657
1726.32,-52.480
1726.56,-52.592
1726.81,-51.857
1727.05,-53.637
1727.29,-53.636
1727.54,-56.467
1727.78,-53.342
1728.03,-55.717
1728.27,-52.586
1728.52,-52.442
1728.76,-51.567
1729.00,-52.624
1729.25,-51.011
1729.49,-53.021
1729.74,-55.289
1729.98,-51.793
1730.22,-52.076
1730.47,-54.431
1730.71,-53.154
1730.96,-53.654
1731.20,-54.858
1731.45,-52.543
1731.69,-56.254
1731.93,-52.667
1732.18,-52.982
1732.42,-53.938
1732.67,-54.834
1732.91,-52.612
1733.15,-54.365
1733.40,-52.130
1733.64,-53.244
1733.89,-53.889
1734.13,-53.306
1734.38,-55.095
1734.62,-53.793
1734.86,-52.005
1735.11,-52.583
1735.35,-52.476
1735.60,-52.451
1735.84,-53.294
1736.08,-54.549
1736.33,-56.760
1736.57,-53.568
1736.82,-54.856
1737.06,-54.829
1737.30,-52.707
1737.55,-52.884
1737.79,-53.962
1738.04,-53.922
1738.28,-52.978
1738.53,-53.163
1738.77,-56.376
1739.01,-56.936
1739.26,-54.981
1739.50,-52.420
1739.75,-54.307
1739.99,-53.972
1740.23,-55.046
1740.48,-54.813
1740.72,-54.710
1740.97,-52.194
1741.21,-52.332
1741.46,-54.929
1741.70,-56.192
1741.94,-54.292
1742.19,-53.665
1742.43,-57.463
1742.68,-55.295
1742.92,-55.551
1743.16,-54.225
1743.41,-54.482
1743.65,-56.440
1743.90,-54.301
1744.14,-54.045
1744.38,-56.258
1744.63,-54.007
1744.87,-54.815
1745.12,-54.171
1745.36,-53.866
1745.61,-52.924
1745.85,-53.372
1746.09,-54.621
1746.34,-53.569
1746.58,-54.620
1746.83,-55.728
1747.07,-55.031
1747.31,-55.754
1747.56,-51.969
1747.80,-54.885
1748.05,-53.792
1748.29,-54.360
1748.54,-54.590
1748.78,-54.540
1749.02,-55.896
1749.27,-53.053
1749.51,-53.763
1749.76,-53.057
1750.00,-56.050
1750.24,-55.017
1750.49,-53.707
1750.73,-53.834
1750.98,-56.569
1751.22,-54.007
1751.46,-54.362
1751.71,-55.614
1751.95,-53.995
1752.20,-53.549
1752.44,-55.947
1752.69,-54.269
1752.93,-56.533
1753.17,-56.488
1753.42,-55.847
1753.66,-56.481
1753.91,-56.552
1754.15,-55.759
1754.39,-55.273
1754.64,-54.986
1754.88,-52.808
1755.13,-55.631
1755.37,-58.071
1755.62,-54.456
1755.86,-58.286
1756.10,-59.124
1756.35,-57.280
1756.59,-54.086
1756.84,-54.622
1757.08,-55.143
1757.32,-56.478
1757.57,-56.924
1757.81,-55.158
1758.06,-56.260
1758.30,-57.411
1758.54,-55.979
1758.79,-57.191
1759.03,-55.465
1759.28,-56.727
1759.52,-54.891
1759.77,-55.271
1760.01,-56.162
1760.25,-55.191
1760.50,-53.547
1760.74,-55.793
1760.99,-53.960
1761.23,-53.207
1761.47,-52.595
1761.72,-54.302
1761.96,-56.595
1762.21,-53.094
1762.45,-53.308
1762.70,-57.223
1762.94,-57.463
1763.18,-54.002
1763.43,-55.936
1763.67,-54.722
1763.92,-55.365
1764.16,-51.957
1764.40,-53.653
1764.65,-55.472
1764.89,-55.679
1765.14,-53.399
1765.38,-54.134
1765.62,-52.405
1765.87,-56.373
1766.11,-54.497
1766.36,-56.080
1766.60,-54.536
1766.85,-54.808
1767.09,-55.002
1767.33,-54.188
1767.58,-56.629
1767.82,-52.884
1768.07,-53.060
1768.31,-55.731
1768.55,-55.548
1768.80,-53.402
1769.04,-56.122
1769.29,-54.817
1769.53,-55.494
1769.78,-55.287
1770.02,-55.970
1770.26,-53.129
1770.51,-55.559
1770.75,-55.568
1771.00,-57.687
1771.24,-55.851
1771.48,-54.535
1771.73,-56.471
1771.97,-54.039
1772.22,-53.564
1772.46,-57.291
1772.71,-56.845
1772.95,-57.396
1773.19,-54.876
1773.44,-53.280
1773.68,-56.375
1773.93,-57.622
1774.17,-57.208
1774.41,-59.204
1774.66,-55.854
1774.90,-55.312
1775.15,-56.735
1775.39,-56.272
1775.63,-57.969
1775.88,-54.873
1776.12,-58.110
1776.37,-53.738
1776.61,-54.733
1776.86,-55.427
1777.10,-56.154
1777.34,-57.002
1777.59,-56.276
1777.83,-56.683
1778.08,-54.943
1778.32,-54.984
1778.56,-55.809
1778.81,-54.740
1779.05,-55.287
1779.30,-54.468
1779.54,-55.562
1779.79,-56.186
1780.03,-53.852
1780.27,-56.606
1780.52,-56.171
1780.76,-55.116
1781.01,-57.257
1781.25,-54.832
1781.49,-56.371
1781.74,-57.753
1781.98,-56.092
1782.23,-56.826
1782.47,-54.842
1782.71,-56.291
1782.96,-55.074
1783.20,-56.741
1783.45,-54.943
1783.69,-52.454
1783.94,-55.387
1784.18,-54.579
1784.42,-54.175
1784.67,-55.875
1784.91,-55.168
1785.16,-54.681
1785.40,-54.086
1785.64,-56.646
1785.89,-54.814
1786.13,-56.039
1786.38,-55.420
1786.62,-54.252
1786.87,-54.291
1787.11,-53.804
1787.35,-55.405
1787.60,-54.148
1787.84,-55.290
1788.09,-55.206
1788.33,-55.116
1788.57,-55.287
1788.82,-55.274
1789.06,-55.849
1789.31,-54.146
1789.55,-56.756
1789.79,-55.625
1790.04,-53.827
1790.28,-58.691
1790.53,-55.586
1790.77,-56.565
1791.02,-57.275
1791.26,-56.044
1791.50,-55.837
1791.75,-55.040
1791.99,-56.571
1792.24,-53.001
1792.48,-55.494
1792.72,-56.112
1792.97,-55.597
1793.21,-54.402
1793.46,-54.494
1793.70,-54.226
1793.95,-55.902
1794.19,-55.374
1794.43,-54.726
1794.68,-55.221
1794.92,-55.690
1795.17,-55.605
1795.41,-55.282
1795.65,-55.552
1795.90,-54.795
1796.14,-58.708
1796.39,-56.542
1796.63,-56.829
1796.88,-56.478
1797.12,-56.973
1797.36,-53.823
1797.61,-55.519
1797.85,-54.759
1798.10,-57.501
1798.34,-54.497
1798.58,-56.966
1798.83,-54.003
1799.07,-55.925
1799.32,-54.404
1799.56,-57.393
1799.80,-58.920
1800.05,-55.128
1800.29,-56.228
1800.54,-58.439
1800.78,-55.404
1801.03,-54.543
1801.27,-55.807
1801.51,-55.133
1801.76,-55.022
1802.00,-53.235
1802.25,-53.503
1802.49,-53.393
1802.73,-55.087
1802.98,-54.815
1803.22,-54.866
1803.47,-55.190
1803.71,-55.599
1803.96,-55.320
1804.20,-56.252
1804.44,-56.454
1804.69,-54.907
1804.93,-54.758
1805.18,-56.590
1805.42,-54.796
1805.66,-55.104
1805.91,-54.762
1806.15,-53.009
1806.40,-55.087
1806.64,-54.366
1806.88,-55.522
1807.13,-54.924
1807.37,-55.098
1807.62,-56.003
1807.86,-58.780
1808.11,-55.925
1808.35,-56.231
1808.59,-55.045
1808.84,-54.420
1809.08,-54.235
1809.33,-56.483
1809.57,-57.788
1809.81,-54.382
1810.06,-55.432
1810.30,-56.743
1810.55,-54.360
1810.79,-56.707
1811.04,-52.960
1811.28,-52.089
1811.52,-53.285
1811.77,-53.794
1812.01,-57.162
1812.26,-55.831
1812.50,-55.525
1812.74,-55.638
1812.99,-55.539
1813.23,-55.505
1813.48,-56.052
1813.72,-55.606
1813.96,-55.579
1814.21,-54.216
1814.45,-56.602
1814.70,-55.131
1814.94,-56.932
1815.19,-54.588
1815.43,-57.485
1815.67,-56.148
1815.92,-55.145
1816.16,-54.747
1816.41,-53.566
1816.65,-56.120
1816.89,-52.243
1817.14,-54.845
1817.38,-53.602
1817.63,-52.775
1817.87,-51.544
1818.12,-55.302
1818.36,-55.518
1818.60,-54.238
1818.85,-53.782
1819.09,-56.003
1819.34,-57.751
1819.58,-52.966
1819.82,-53.788
1820.07,-53.423
1820.31,-53.364
1820.56,-54.595
1820.80,-54.198
1821.04,-52.690
1821.29,-53.609
1821.53,-53.926
1821.78,-54.665
1822.02,-57.387
1822.27,-54.314
1822.51,-53.994
1822.75,-53.455
1823.00,-53.811
1823.24,-55.435
1823.49,-52.091
1823.73,-53.699
1823.97,-55.294
1824.22,-53.708
1824.46,-54.654
1824.71,-53.952
1824.95,-54.966
1825.20,-54.170
1825.44,-53.576
1825.68,-52.838
1825.93,-53.627
1826.17,-55.688
1826.42,-55.537
1826.66,-54.989
1826.90,-55.244
1827.15,-55.556
1827.39,-54.676
1827.64,-55.604
1827.88,-53.188
1828.12,-53.544
1828.37,-52.700
1828.61,-53.873
1828.86,-52.696
1829.10,-54.598
1829.35,-54.711
1829.59,-53.959
1829.83,-55.529
1830.08,-54.653
1830.32,-54.873
1830.57,-57.436
1830.81,-55.704
1831.05,-55.601
1831.30,-54.801
1831.54,-54.993
1831.79,-54.306
1832.03,-54.718
1832.28,-54.999
1832.52,-55.307
1832.76,-50.546
1833.01,-53.824
1833.25,-54.404
1833.50,-54.207
1833.74,-52.083
1833.98,-55.625
1834.23,-56.709
1834.47,-54.813
1834.72,-53.252
1834.96,-52.257
1835.21,-56.146
1835.45,-51.800
1835.69,-53.253
1835.94,-53.148
1836.18,-52.713
1836.43,-53.653
1836.67,-53.867
1836.91,-54.654
1837.16,-53.671
1837.40,-56.075
1837.65,-55.031
1837.89,-53.571
1838.13,-58.340
1838.38,-53.229
1838.62,-55.282
1838.87,-52.464
1839.11,-53.893
1839.36,-54.226
1839.60,-53.121
1839.84,-54.523
1840.09,-54.295
1840.33,-52.137
1840.58,-54.121
1840.82,-52.560
1841.06,-54.212
1841.31,-53.602
1841.55,-53.701
1841.80,-54.732
1842.04,-53.760
1842.29,-55.074
1842.53,-53.965
1842.77,-53.207
1843.02,-54.940
1843.26,-56.130
1843.51,-54.699
1843.75,-53.028
1843.99,-52.237
1844.24,-53.420
1844.48,-56.765
1844.73,-56.568
1844.97,-54.733
1845.21,-54.679
1845.46,-54.251
1845.70,-53.007
1845.95,-55.923
1846.19,-55.066
1846.44,-54.935
1846.68,-53.123
1846.92,-53.211
1847.17,-52.740
1847.41,-53.587
1847.66,-56.272
1847.90,-54.388
1848.14,-54.291
1848.39,-54.303
1848.63,-54.687
1848.88,-52.879
1849.12,-51.127
1849.37,-52.339
1849.61,-52.735
1849.85,-52.509
1850.10,-54.149
1850.34,-53.857
1850.59,-53.405
1850.83,-53.527
1851.07,-53.055
1851.32,-53.840
1851.56,-51.223
1851.81,-53.102
1852.05,-53.854
1852.29,-55.203
1852.54,-55.483
1852.78,-53.468
1853.03,-53.957
1853.27,-56.427
1853.52,-54.791
1853.76,-52.533
1854.00,-55.185
1854.25,-53.087
1854.49,-53.645
1854.74,-54.355
1854.98,-51.371
1855.22,-52.206
1855.47,-51.823
1855.71,-51.814
1855.96,-52.544
1856.20,-50.732
1856.45,-50.574
1856.69,-51.416
1856.93,-53.761
1857.18,-52.465
1857.42,-52.740
1857.67,-52.629
1857.91,-53.266
1858.15,-53.806
1858.40,-52.671
1858.64,-53.160
1858.89,-52.117
1859.13,-55.573
1859.38,-54.354
1859.62,-51.829
1859.86,-54.798
1860.11,-54.840
1860.35,-52.495
1860.60,-50.876
1860.84,-52.495
1861.08,-51.846
1861.33,-53.594
1861.57,-51.303
1861.82,-51.128
1862.06,-51.455
1862.30,-51.390
1862.55,-51.587
1862.79,-52.154
1863.04,-50.789
1863.28,-52.254
1863.53,-52.734
1863.77,-54.220
1864.01,-51.545
1864.26,-49.585
1864.50,-51.098
1864.75,-49.733
1864.99,-51.595
1865.23,-50.617
1865.48,-52.890
1865.72,-52.537
1865.97,-53.210
1866.21,-52.692
1866.46,-51.678
1866.70,-51.896
1866.94,-51.451
1867.19,-49.371
1867.43,-53.367
1867.68,-49.475
1867.92,-51.367
1868.16,-53.543
1868.41,-53.384
1868.65,-53.053
1868.90,-54.912
1869.14,-53.533
1869.38,-52.423
1869.63,-51.437
1869.87,-50.391
1870.12,-50.790
1870.36,-51.851
1870.61,-51.594
1870.85,-49.916
1871.09,-53.818
1871.34,-52.566
1871.58,-53.422
1871.83,-50.863
1872.07,-51.730
1872.31,-50.096
1872.56,-52.000
1872.80,-49.724
1873.05,-53.714
1873.29,-50.951
1873.54,-51.567
1873.78,-52.861
1874.02,-53.888
1874.27,-49.631
1874.51,-51.136
1874.76,-49.516
1875.00,-51.558
1875.24,-51.170
1875.49,-52.670
1875.73,-51.721
1875.98,-52.550
1876.22,-50.571
1876.46,-53.632
1876.71,-50.405
1876.95,-49.943
1877.20,-50.037
1877.44,-52.345
1877.69,-50.848
1877.93,-52.504
1878.17,-51.538
1878.42,-49.412
1878.66,-50.895
1878.91,-53.186
1879.15,-51.188
1879.39,-51.974
1879.64,-50.081
1879.88,-50.299
1880.13,-52.066
1880.37,-49.636
1880.62,-50.488
1880.86,-48.554
1881.10,-51.471
1881.35,-51.903
1881.59,-48.779
1881.84,-51.840
1882.08,-49.573
1882.32,-50.356
1882.57,-50.676
1882.81,-49.342
1883.06,-48.840
1883.30,-48.641
1883.54,-49.865
1883.79,-51.121
1884.03,-50.147
1884.28,-49.185
1884.52,-48.560
1884.77,-50.664
1885.01,-47.997
1885.25,-47.875
1885.50,-51.083
1885.74,-48.827
1885.99,-49.599
1886.23,-47.296
1886.47,-50.675
1886.72,-50.491
1886.96,-52.048
1887.21,-49.458
1887.45,-50.806
1887.70,-48.396
1887.94,-47.444
1888.18,-50.514
1888.43,-49.746
1888.67,-49.118
1888.92,-48.426
1889.16,-49.892
1889.40,-49.314
1889.65,-49.055
1889.89,-49.380
1890.14,-49.970
1890.38,-50.242
1890.62,-49.138
1890.87,-49.529
1891.11,-47.661
1891.36,-49.024
1891.60,-48.212
1891.85,-47.621
1892.09,-48.259
1892.33,-49.484
1892.58,-52.407
1892.82,-49.537
1893.07,-48.787
1893.31,-49.187
1893.55,-46.843
1893.80,-48.361
1894.04,-48.023
1894.29,-48.698
1894.53,-50.167
1894.78,-50.141
1895.02,-50.809
1895.26,-48.604
1895.51,-49.070
1895.75,-49.328
1896.00,-49.910
1896.24,-47.771
1896.48,-49.292
1896.73,-49.826
1896.97,-48.844
1897.22,-49.716
1897.46,-48.625
1897.71,-49.339
1897.95,-48.421
1898.19,-49.439
1898.44,-48.982
1898.68,-48.863
1898.93,-47.732
1899.17,-47.649
1899.41,-49.380
1899.66,-48.218
1899.90,-48.451
1900.15,-46.230
1900.39,-49.039
1900.63,-49.357
1900.88,-46.575
1901.12,-51.256
1901.37,-49.907
1901.61,-45.953
1901.86,-46.300
1902.10,-47.786
1902.34,-49.336
1902.59,-49.803
1902.83,-50.066
1903.08,-50.684
1903.32,-48.515
1903.56,-49.374
1903.81,-49.193
1904.05,-49.128
1904.30,-47.686
1904.54,-47.822
1904.79,-48.656
1905.03,-48.178
1905.27,-48.220
1905.52,-48.240
1905.76,-50.675
1906.01,-50.118
1906.25,-45.636
1906.49,-48.042
1906.74,-48.260
1906.98,-50.079
1907.23,-47.850
1907.47,-46.902
1907.71,-49.163
1907.96,-48.187
1908.20,-48.754
1908.45,-46.499
1908.69,-46.039
1908.94,-48.105
1909.18,-48.262
1909.42,-48.204
1909.67,-46.180
1909.91,-45.879
1910.16,-47.043
1910.40,-44.419
1910.64,-46.875
1910.89,-48.308
1911.13,-49.082
1911.38,-45.490
1911.62,-48.641
1911.87,-48.489
1912.11,-48.467
1912.35,-47.179
1912.60,-47.464
1912.84,-45.855
1913.09,-50.194
1913.33,-47.835
1913.57,-49.280
1913.82,-46.768
1914.06,-46.339
1914.31,-46.757
1914.55,-47.858
1914.79,-45.923
1915.04,-47.380
1915.28,-46.965
1915.53,-47.168
1915.77,-46.359
1916.02,-44.938
1916.26,-46.985
1916.50,-47.422
1916.75,-45.125
1916.99,-45.379
1917.24,-46.894
1917.48,-47.733
1917.72,-48.192
1917.97,-43.560
1918.21,-47.365
1918.46,-49.278
1918.70,-46.683
1918.95,-49.108
1919.19,-46.329
1919.43,-43.728
1919.68,-46.464
1919.92,-46.938
1920.17,-47.809
1920.41,-48.673
1920.65,-45.229
1920.90,-46.749
1921.14,-47.915
1921.39,-47.093
1921.63,-47.133
1921.88,-45.524
1922.12,-44.857
1922.36,-48.607
1922.61,-46.159
1922.85,-47.572
1923.10,-48.069
1923.34,-45.376
1923.58,-42.905
1923.83,-45.710
1924.07,-46.269
1924.32,-46.231
1924.56,-49.658
1924.80,-48.006
1925.05,-49.178
1925.29,-49.169
1925.54,-47.317
1925.78,-46.408
1926.03,-43.427
1926.27,-46.102
1926.51,-44.218
1926.76,-47.905
1927.00,-46.879
1927.25,-45.879
1927.49,-46.939
1927.73,-44.896
1927.98,-46.243
1928.22,-46.647
1928.47,-45.405
1928.71,-44.405
1928.96,-43.562
1929.20,-44.109
1929.44,-45.265
1929.69,-43.898
1929.93,-47.180
1930.18,-45.045
1930.42,-45.292
1930.66,-43.749
1930.91,-44.418
1931.15,-47.482
1931.40,-47.539
1931.64,-46.097
1931.88,-43.070
1932.13,-44.114
1932.37,-42.095
1932.62,-48.278
1932.86,-45.479
1933.11,-44.101
1933.35,-44.965
1933.59,-45.930
1933.84,-44.213
1934.08,-44.938
1934.33,-46.329
1934.57,-45.773
1934.81,-46.929
1935.06,-46.011
1935.30,-45.255
1935.55,-45.232
1935.79,-45.480
1936.04,-44.903
1936.28,-46.796
1936.52,-44.449
1936.77,-44.771
1937.01,-42.876
1937.26,-46.585
1937.50,-43.182
1937.74,-43.201
1937.99,-44.887
1938.23,-46.140
1938.48,-45.658
1938.72,-45.476
1938.96,-42.387
1939.21,-44.694
1939.45,-46.652
1939.70,-44.458
1939.94,-43.598
1940.19,-44.171
1940.43,-44.235
1940.67,-44.660
1940.92,-45.481
1941.16,-45.344
1941.41,-45.047
1941.65,-47.596
1941.89,-47.623
1942.14,-44.808
1942.38,-46.642
1942.63,-46.882
1942.87,-44.979
1943.12,-43.760
1943.36,-46.792
1943.60,-46.381
1943.85,-46.037
1944.09,-43.764
1944.34,-46.361
1944.58,-44.920
1944.82,-46.384
1945.07,-45.199
1945.31,-44.630
1945.56,-43.645
1945.80,-44.875
1946.04,-44.551
1946.29,-44.117
1946.53,-43.928
1946.78,-42.027
1947.02,-44.711
1947.27,-45.787
1947.51,-42.994
1947.75,-45.344
1948.00,-44.414
1948.24,-44.169
1948.49,-42.834
1948.73,-45.118
1948.97,-43.281
1949.22,-42.596
1949.46,-42.537
1949.71,-44.114
1949.95,-44.763
1950.20,-45.397
1950.44,-43.654
1950.68,-43.086
1950.93,-44.775
1951.17,-42.369
1951.42,-44.574
1951.66,-43.717
1951.90,-46.194
1952.15,-46.312
1952.39,-43.716
1952.64,-41.900
1952.88,-45.443
1953.12,-43.164
1953.37,-42.280
1953.61,-43.023
1953.86,-44.280
1954.10,-44.010
1954.35,-43.080
1954.59,-45.238
1954.83,-44.846
1955.08,-42.929
1955.32,-44.127
1955.57,-43.912
1955.81,-44.031
1956.05,-44.709
1956.30,-45.807
1956.54,-44.517
1956.79,-44.326
1957.03,-44.794
1957.28,-44.494
1957.52,-43.790
1957.76,-45.558
1958.01,-41.752
1958.25,-43.034
1958.50,-43.861
1958.74,-44.912
1958.98,-44.662
1959.23,-46.710
1959.47,-45.234
1959.72,-43.771
1959.96,-44.419
1960.21,-47.281
1960.45,-44.087
1960.69,-44.560
1960.94,-44.362
1961.18,-44.429
1961.43,-42.115
1961.67,-41.469
1961.91,-43.014
1962.16,-42.602
1962.40,-44.999
1962.65,-44.204
1962.89,-44.833
1963.13,-42.004
1963.38,-44.950
1963.62,-44.017
1963.87,-45.543
1964.11,-44.157
1964.36,-42.990
1964.60,-44.308
1964.84,-46.200
1965.09,-45.101
1965.33,-44.902
1965.58,-46.476
1965.82,-42.982
1966.06,-44.061
1966.31,-45.730
1966.55,-44.951
1966.80,-46.150
1967.04,-46.693
1967.29,-44.425
1967.53,-44.081
1967.77,-43.440
1968.02,-43.062
1968.26,-43.476
1968.51,-43.633
1968.75,-44.279
1968.99,-45.283
1969.24,-43.668
1969.48,-46.712
1969.73,-44.270
1969.97,-43.177
1970.21,-42.775
1970.46,-43.847
1970.70,-45.996
1970.95,-46.017
1971.19,-44.573
1971.44,-44.115
1971.68,-41.732
1971.92,-42.520
1972.17,-43.865
1972.41,-43.403
1972.66,-42.034
1972.90,-44.826
1973.14,-43.320
1973.39,-45.380
1973.63,-45.315
1973.88,-41.440
1974.12,-42.552
1974.37,-43.845
1974.61,-45.543
1974.85,-42.685
1975.10,-44.403
1975.34,-44.399
1975.59,-44.022
1975.83,-43.079
1976.07,-43.993
1976.32,-45.415
1976.56,-43.986
1976.81,-44.575
1977.05,-44.647
1977.29,-43.833
1977.54,-44.466
1977.78,-43.184
1978.03,-43.438
1978.27,-44.803
1978.52,-44.665
1978.76,-45.261
1979.00,-44.171
1979.25,-45.339
1979.49,-44.436
1979.74,-45.436
1979.98,-42.510
1980.22,-44.114
1980.47,-43.836
1980.71,-42.050
1980.96,-44.086
1981.20,-45.566
1981.45,-44.719
1981.69,-45.412
1981.93,-44.785
1982.18,-42.615
1982.42,-43.244
1982.67,-47.916
1982.91,-43.466
1983.15,-42.172
1983.40,-44.145
1983.64,-45.555
1983.89,-44.041
1984.13,-44.019
1984.38,-44.958
1984.62,-48.147
1984.86,-45.608
1985.11,-47.711
1985.35,-45.540
1985.60,-45.039
1985.84,-44.484
1986.08,-43.788
1986.33,-44.654
1986.57,-43.801
1986.82,-46.520
1987.06,-46.978
1987.30,-48.085
1987.55,-45.790
1987.79,-44.889
1988.04,-44.181
1988.28,-44.509
1988.53,-45.011
1988.77,-44.832
1989.01,-46.478
1989.26,-45.939
1989.50,-46.221
1989.75,-44.537
1989.99,-45.367
1990.23,-45.173
1990.48,-43.942
1990.72,-45.904
1990.97,-46.593
1991.21,-45.202
1991.46,-45.886
1991.70,-47.318
1991.94,-48.457
1992.19,-44.769
1992.43,-46.465
1992.68,-47.789
1992.92,-44.974
1993.16,-41.342
1993.41,-45.339
1993.65,-44.836
1993.90,-44.369
1994.14,-43.404
1994.38,-43.311
1994.63,-43.794
1994.87,-45.418
1995.12,-44.319
1995.36,-45.696
1995.61,-46.042
1995.85,-44.179
1996.09,-42.381
1996.34,-45.142
1996.58,-45.857
1996.83,-45.975
1997.07,-46.409
1997.31,-44.445
1997.56,-43.874
1997.80,-46.404
1998.05,-47.446
1998.29,-44.741
1998.54,-46.079
1998.78,-47.302
1999.02,-46.254
1999.27,-45.865
1999.51,-45.577
1999.76,-45.863
2000.00,-43.603
2000.24,-46.684
2000.49,-45.643
2000.73,-46.105
2000.98,-47.407
2001.22,-44.410
2001.46,-46.983
2001.71,-43.177
2001.95,-47.402
2002.20,-46.004
2002.44,-42.939
2002.69,-45.129
2002.93,-46.368
2003.17,-43.519
2003.42,-47.307
2003.66,-46.309
2003.91,-45.909
2004.15,-45.939
2004.39,-47.021
2004.64,-44.094
2004.88,-47.577
2005.13,-48.694
2005.37,-43.773
2005.62,-43.774
2005.86,-44.682
2006.10,-46.235
2006.35,-46.736
2006.59,-46.751
2006.84,-45.499
2007.08,-46.771
2007.32,-47.704
2007.57,-48.210
2007.81,-46.170
2008.06,-45.440
2008.30,-46.895
2008.54,-48.171
2008.79,-48.542
2009.03,-46.254
2009.28,-46.435
2009.52,-46.132
2009.77,-45.175
2010.01,-46.073
2010.25,-48.028
2010.50,-44.741
2010.74,-44.881
2010.99,-44.065
2011.23,-47.867
2011.47,-46.286
2011.72,-45.131
2011.96,-48.218
2012.21,-45.853
2012.45,-46.914
2012.70,-46.863
2012.94,-45.385
2013.18,-46.132
2013.43,-45.904
2013.67,-46.227
2013.92,-49.228
2014.16,-46.027
2014.40,-45.723
2014.65,-46.690
2014.89,-48.175
2015.14,-45.737
2015.38,-47.355
2015.62,-46.526
2015.87,-45.940
2016.11,-47.548
2016.36,-45.246
2016.60,-46.933
2016.85,-46.985
2017.09,-47.923
2017.33,-45.565
2017.58,-47.075
2017.82,-45.140
2018.07,-44.373
2018.31,-46.952
2018.55,-44.150
2018.80,-44.527
2019.04,-48.398
2019.29,-46.556
2019.53,-46.525
2019.78,-45.774
2020.02,-45.399
2020.26,-47.471
2020.51,-45.259
2020.75,-45.589
2021.00,-46.705
2021.24,-48.339
2021.48,-47.321
2021.73,-49.636
2021.97,-48.050
2022.22,-47.566
2022.46,-46.191
2022.71,-46.933
2022.95,-46.822
2023.19,-45.587
2023.44,-43.075
2023.68,-47.273
2023.93,-47.542
2024.17,-45.079
2024.41,-44.184
2024.66,-45.208
2024.90,-45.487
2025.15,-47.735
2025.39,-50.787
2025.63,-45.629
2025.88,-46.440
2026.12,-48.568
2026.37,-46.026
2026.61,-47.201
2026.86,-45.023
2027.10,-48.268
2027.34,-48.343
2027.59,-46.360
2027.83,-47.418
2028.08,-48.485
2028.32,-49.166
2028.56,-49.325
2028.81,-50.541
2029.05,-45.204
2029.30,-46.686
2029.54,-47.452
2029.79,-48.068
2030.03,-47.411
2030.27,-46.297
2030.52,-47.228
2030.76,-46.797
2031.01,-46.968
2031.25,-46.693
2031.49,-45.369
2031.74,-46.166
2031.98,-45.780
2032.23,-47.399
2032.47,-47.163
2032.71,-46.437
2032.96,-48.746
2033.20,-46.564
2033.45,-48.822
2033.69,-47.740
2033.94,-47.682
2034.18,-47.602
2034.42,-47.777
2034.67,-48.806
2034.91,-46.293
2035.16,-45.967
2035.40,-45.800
2035.64,-46.462
2035.89,-47.227
2036.13,-45.379
2036.38,-46.135
2036.62,-45.760
2036.87,-49.418
2037.11,-45.957
2037.35,-47.950
2037.60,-44.869
2037.84,-48.954
2038.09,-47.508
2038.33,-48.457
2038.57,-48.331
2038.82,-48.309
2039.06,-46.309
2039.31,-48.259
2039.55,-46.791
2039.79,-48.189
2040.04,-50.564
2040.28,-51.228
2040.53,-47.502
2040.77,-46.756
2041.02,-48.542
2041.26,-46.663
2041.50,-47.706
2041.75,-46.228
2041.99,-47.523
2042.24,-47.172
2042.48,-48.433
2042.72,-47.467
2042.97,-47.193
2043.21,-46.002
2043.46,-46.079
2043.70,-45.561
2043.95,-50.312
2044.19,-48.916
2044.43,-47.885
2044.68,-48.610
2044.92,-49.408
2045.17,-48.998
2045.41,-47.648
2045.65,-48.464
2045.90,-48.311
2046.14,-50.563
2046.39,-46.913
2046.63,-47.797
2046.88,-47.117
2047.12,-46.893
2047.36,-49.627
2047.61,-46.791
2047.85,-49.860
2048.10,-49.423
2048.34,-47.424
2048.58,-46.334
2048.83,-45.449
2049.07,-49.432
2049.32,-48.822
2049.56,-46.631
2049.80,-49.725
2050.05,-46.780
2050.29,-47.703
2050.54,-49.502
2050.78,-45.858
2051.03,-48.188
2051.27,-45.688
2051.51,-48.719
2051.76,-46.949
2052.00,-47.327
2052.25,-52.672
2052.49,-51.427
2052.73,-48.287
2052.98,-51.628
2053.22,-51.053
2053.47,-51.643
2053.71,-49.938
2053.96,-47.039
2054.20,-47.696
2054.44,-49.387
2054.69,-50.082
2054.93,-48.827
2055.18,-47.717
2055.42,-48.542
2055.66,-47.894
2055.91,-46.482
2056.15,-47.791
2056.40,-48.144
2056.64,-47.686
2056.88,-46.851
2057.13,-49.466
2057.37,-51.425
2057.62,-48.602
2057.86,-51.111
2058.11,-49.588
2058.35,-49.968
2058.59,-50.658
2058.84,-48.845
2059.08,-50.170
2059.33,-48.255
2059.57,-48.881
2059.81,-49.174
2060.06,-48.376
2060.30,-47.591
2060.55,-48.694
2060.79,-47.504
2061.04,-50.640
2061.28,-48.866
2061.52,-48.366
2061.77,-48.314
2062.01,-49.621
2062.26,-49.078
2062.50,-48.322
2062.74,-49.575
2062.99,-47.742
2063.23,-49.720
2063.48,-49.504
2063.72,-47.650
2063.96,-47.745
2064.21,-48.307
2064.45,-48.154
2064.70,-49.533
2064.94,-48.619
2065.19,-50.042
2065.43,-50.613
2065.67,-47.864
2065.92,-47.742
2066.16,-51.756
2066.41,-48.638
2066.65,-47.799
2066.89,-51.948
2067.14,-47.958
2067.38,-47.622
2067.63,-49.899
2067.87,-52.442
2068.12,-50.638
2068.36,-48.927
2068.60,-47.870
2068.85,-47.653
2069.09,-51.547
2069.34,-50.074
2069.58,-50.264
2069.82,-49.804
2070.07,-50.047
2070.31,-49.466
2070.56,-50.201
2070.80,-50.842
2071.04,-48.700
2071.29,-51.541
2071.53,-47.102
2071.78,-48.259
2072.02,-50.402
2072.27,-47.863
2072.51,-50.590
2072.75,-48.500
2073.00,-52.109
2073.24,-49.914
2073.49,-50.585
2073.73,-49.380
2073.97,-51.010
2074.22,-49.751
2074.46,-48.261
2074.71,-48.889
2074.95,-49.744
2075.20,-50.347
2075.44,-50.020
2075.68,-51.427
2075.93,-48.844
2076.17,-48.986
2076.42,-47.896
2076.66,-51.016
2076.90,-49.206
2077.15,-48.898
2077.39,-50.240
2077.64,-50.506
2077.88,-51.234
2078.12,-52.744
2078.37,-52.111
2078.61,-48.545
2078.86,-49.899
2079.10,-50.780
2079.35,-51.624
2079.59,-51.523
2079.83,-47.873
2080.08,-52.530
2080.32,-51.862
2080.57,-48.886
2080.81,-48.766
2081.05,-50.254
2081.30,-49.326
2081.54,-47.834
2081.79,-50.476
2082.03,-51.074
2082.28,-49.747
2082.52,-48.816
2082.76,-48.252
2083.01,-49.713
2083.25,-49.392
2083.50,-49.761
2083.74,-51.388
2083.98,-50.647
2084.23,-51.361
2084.47,-49.515
2084.72,-48.871
2084.96,-52.934
2085.21,-53.775
2085.45,-52.563
2085.69,-49.659
2085.94,-49.191
2086.18,-49.526
2086.43,-51.657
2086.67,-52.821
2086.91,-50.689
2087.16,-49.964
2087.40,-50.040
2087.65,-50.032
2087.89,-51.838
2088.13,-51.003
2088.38,-49.687
2088.62,-50.712
2088.87,-49.593
2089.11,-49.403
2089.36,-51.204
2089.60,-52.877
2089.84,-51.969
2090.09,-50.486
2090.33,-52.097
2090.58,-52.202
2090.82,-48.790
2091.06,-50.282
2091.31,-50.882
2091.55,-53.676
2091.80,-53.396
2092.04,-50.260
2092.29,-49.710
2092.53,-51.603
2092.77,-50.242
2093.02,-50.143
2093.26,-50.326
2093.51,-48.824
2093.75,-50.481
2093.99,-51.574
2094.24,-53.142
2094.48,-51.140
2094.73,-51.640
2094.97,-51.484
2095.21,-51.381
2095.46,-53.100
2095.70,-51.371
2095.95,-51.083
2096.19,-53.494
2096.44,-50.634
2096.68,-55.572
2096.92,-52.484
2097.17,-51.122
2097.41,-51.481
2097.66,-50.151
2097.90,-49.349
2098.14,-50.291
2098.39,-51.890
2098.63,-50.294
2098.88,-48.724
2099.12,-50.863
2099.37,-51.156
2099.61,-51.703
2099.85,-52.247
2100.10,-49.475
2100.34,-51.151
2100.59,-50.407
2100.83,-49.429
2101.07,-50.141
2101.32,-50.162
2101.56,-49.771
2101.81,-52.379
2102.05,-51.090
2102.29,-49.716
2102.54,-53.301
2102.78,-51.642
2103.03,-51.528
2103.27,-51.072
2103.52,-53.737
2103.76,-52.568
2104.00,-50.097
2104.25,-50.778
2104.49,-51.037
2104.74,-52.100
2104.98,-52.350
2105.22,-50.665
2105.47,-53.739
2105.71,-52.165
2105.96,-50.983
2106.20,-51.137
2106.45,-52.561
2106.69,-53.856
2106.93,-52.252
2107.18,-50.764
2107.42,-51.220
2107.67,-51.852
2107.91,-52.215
2108.15,-51.384
2108.40,-51.963
2108.64,-49.577
2108.89,-49.481
2109.13,-52.529
2109.38,-51.970
2109.62,-52.600
2109.86,-50.287
2110.11,-50.255
2110.35,-51.634
2110.60,-52.376
2110.84,-52.550
2111.08,-51.592
2111.33,-50.344
2111.57,-53.626
2111.82,-51.825
2112.06,-51.281
2112.30,-51.050
2112.55,-51.221
2112.79,-51.418
2113.04,-49.866
2113.28,-52.714
2113.53,-51.337
2113.77,-51.365
2114.01,-51.834
2114.26,-50.145
2114.50,-50.988
2114.75,-50.014
2114.99,-50.993
2115.23,-52.526
2115.48,-51.104
2115.72,-50.982
2115.97,-53.025
2116.21,-49.348
2116.46,-50.889
2116.70,-50.781
2116.94,-51.094
2117.19,-51.672
2117.43,-51.604
2117.68,-51.317
2117.92,-53.309
2118.16,-52.122
2118.41,-51.505
2118.65,-51.631
2118.90,-51.302
2119.14,-49.705
2119.38,-52.305
2119.63,-52.772
2119.87,-50.414
2120.12,-51.151
2120.36,-50.156
2120.61,-51.522
2120.85,-51.775
2121.09,-51.069
2121.34,-51.026
2121.58,-50.548
2121.83,-50.215
2122.07,-51.073
2122.31,-50.334
2122.56,-50.589
2122.80,-51.248
2123.05,-51.225
2123.29,-49.917
2123.54,-52.537
2123.78,-49.082
2124.02,-54.193
2124.27,-52.070
2124.51,-52.638
2124.76,-51.266
2125.00,-53.565
2125.24,-54.056
2125.49,-51.596
2125.73,-52.387
2125.98,-53.104
2126.22,-49.981
2126.46,-50.300
2126.71,-53.321
2126.95,-52.194
2127.20,-51.476
2127.44,-52.121
2127.69,-51.208
2127.93,-53.672
2128.17,-53.147
2128.42,-52.484
2128.66,-50.832
2128.91,-51.330
2129.15,-50.671
2129.39,-51.241
2129.64,-53.672
2129.88,-51.840
2130.13,-52.721
2130.37,-49.783
2130.62,-51.159
2130.86,-52.659
2131.10,-50.138
2131.35,-51.128
2131.59,-51.989
2131.84,-53.323
2132.08,-51.505
2132.32,-50.934
2132.57,-52.557
2132.81,-52.839
2133.06,-50.167
2133.30,-50.359
2133.54,-51.557
2133.79,-51.801
2134.03,-52.310
2134.28,-51.928
2134.52,-53.953
2134.77,-53.169
2135.01,-51.676
2135.25,-53.638
2135.50,-51.154
2135.74,-51.921
2135.99,-52.916
2136.23,-53.067
2136.47,-52.684
2136.72,-54.759
2136.96,-51.916
2137.21,-53.092
2137.45,-50.995
2137.70,-52.702
2137.94,-50.753
2138.18,-51.557
2138.43,-52.988
2138.67,-53.271
2138.92,-53.577
2139.16,-51.513
2139.40,-50.845
2139.65,-52.600
2139.89,-52.988
2140.14,-53.155
2140.38,-50.068
2140.62,-51.505
2140.87,-49.797
2141.11,-49.660
2141.36,-50.137
2141.60,-50.000
2141.85,-51.166
2142.09,-51.259
2142.33,-50.679
2142.58,-51.800
2142.82,-52.594
2143.07,-51.367
2143.31,-50.397
2143.55,-53.079
2143.80,-50.790
2144.04,-53.741
2144.29,-48.771
2144.53,-49.420
2144.78,-49.823
2145.02,-54.061
2145.26,-53.396
2145.51,-50.268
2145.75,-53.086
2146.00,-51.216
2146.24,-51.046
2146.48,-52.405
2146.73,-50.561
2146.97,-50.770
2147.22,-52.576
2147.46,-51.381
2147.71,-53.083
2147.95,-51.075
2148.19,-50.648
2148.44,-52.924
2148.68,-51.818
2148.93,-50.414
2149.17,-52.026
2149.41,-50.886
2149.66,-51.156
2149.90,-51.478
2150.15,-51.639
2150.39,-51.763
2150.63,-49.599
2150.88,-50.038
2151.12,-49.752
2151.37,-52.128
2151.61,-52.279
2151.86,-51.708
2152.10,-51.820
2152.34,-51.336
2152.59,-52.979
2152.83,-50.930
2153.08,-51.384
2153.32,-53.527
2153.56,-52.743
2153.81,-53.765
2154.05,-52.369
2154.30,-53.283
2154.54,-51.396
2154.79,-54.377
2155.03,-51.121
2155.27,-50.922
2155.52,-50.849
2155.76,-51.901
2156.01,-52.987
2156.25,-56.027
2156.49,-52.001
2156.74,-52.213
2156.98,-52.435
2157.23,-52.099
2157.47,-50.942
2157.71,-50.254
2157.96,-51.155
2158.20,-54.158
2158.45,-51.431
2158.69,-51.408
2158.94,-51.863
2159.18,-50.786
2159.42,-51.431
2159.67,-52.386
2159.91,-54.205
2160.16,-51.984
2160.40,-50.728
2160.64,-51.402
2160.89,-51.473
2161.13,-51.598
2161.38,-51.864
2161.62,-51.615
2161.87,-51.323
2162.11,-48.450
2162.35,-53.298
2162.60,-53.824
2162.84,-51.339
2163.09,-54.145
2163.33,-54.616
2163.57,-50.486
2163.82,-53.533
2164.06,-53.491
2164.31,-54.513
2164.55,-53.775
2164.79,-51.648
2165.04,-52.159
2165.28,-54.429
2165.53,-53.741
2165.77,-50.490
2166.02,-50.922
2166.26,-52.962
2166.50,-52.076
2166.75,-53.168
2166.99,-53.743
2167.24,-50.974
2167.48,-52.107
2167.72,-49.420
2167.97,-52.548
2168.21,-51.319
2168.46,-54.498
2168.70,-54.360
2168.95,-51.738
2169.19,-52.192
2169.43,-51.732
2169.68,-48.579
2169.92,-50.870
2170.17,-51.789
2170.41,-51.931
2170.65,-51.034
2170.90,-51.454
2171.14,-51.596
2171.39,-50.035
2171.63,-51.575
2171.88,-52.486
2172.12,-52.899
2172.36,-55.364
2172.61,-52.978
2172.85,-52.927
2173.10,-54.203
2173.34,-49.249
2173.58,-52.366
2173.83,-51.872
2174.07,-51.176
2174.32,-50.320
2174.56,-51.996
2174.80,-49.675
2175.05,-50.755
2175.29,-49.440
2175.54,-49.433
2175.78,-51.380
2176.03,-51.838
2176.27,-50.496
2176.51,-50.059
2176.76,-51.419
2177.00,-50.643
2177.25,-52.362
2177.49,-52.207
2177.73,-50.751
2177.98,-53.992
2178.22,-51.181
2178.47,-51.890
2178.71,-51.289
2178.96,-51.615
2179.20,-51.093
2179.44,-54.467
2179.69,-50.383
2179.93,-50.445
2180.18,-52.711
2180.42,-50.163
2180.66,-51.719
2180.91,-51.418
2181.15,-52.559
2181.40,-51.065
2181.64,-51.848
2181.88,-50.170
2182.13,-49.640
2182.37,-51.450
2182.62,-49.164
2182.86,-52.379
2183.11,-50.261
2183.35,-50.063
2183.59,-49.391
2183.84,-51.773
2184.08,-53.257
2184.33,-52.791
2184.57,-49.937
2184.81,-47.776
2185.06,-51.871
2185.30,-53.043
2185.55,-51.797
2185.79,-51.492
2186.04,-49.400
2186.28,-53.046
2186.52,-51.647
2186.77,-50.262
2187.01,-52.956
2187.26,-52.598
2187.50,-51.573
2187.74,-51.232
2187.99,-51.038
2188.23,-51.826
2188.48,-51.493
2188.72,-49.367
2188.96,-50.362
2189.21,-52.226
2189.45,-51.531
2189.70,-51.199
2189.94,-49.875
2190.19,-51.129
2190.43,-49.947
2190.67,-49.772
2190.92,-51.061
2191.16,-51.053
2191.41,-50.587
2191.65,-50.395
2191.89,-50.967
2192.14,-50.222
2192.38,-49.683
2192.63,-50.126
2192.87,-50.021
2193.12,-50.424
2193.36,-48.769
2193.60,-48.921
2193.85,-50.130
2194.09,-52.258
2194.34,-50.943
2194.58,-50.600
2194.82,-50.021
2195.07,-52.765
2195.31,-51.017
2195.56,-50.058
2195.80,-51.433
2196.04,-52.574
2196.29,-51.358
2196.53,-48.994
2196.78,-50.370
2197.02,-52.797
2197.27,-51.581
2197.51,-52.242
2197.75,-52.951
2198.00,-51.687
2198.24,-51.925
2198.49,-52.642
2198.73,-50.569
2198.97,-51.079
2199.22,-50.448
2199.46,-50.030
2199.71,-51.409
2199.95,-49.602
2200.20,-50.010
2200.44,-49.504
2200.68,-50.523
2200.93,-49.281
2201.17,-50.255
2201.42,-48.671
2201.66,-48.268
2201.90,-52.109
2202.15,-50.960
2202.39,-50.898
2202.64,-50.237
2202.88,-47.850
2203.12,-52.430
2203.37,-50.597
2203.61,-51.339
2203.86,-50.241
2204.10,-49.921
2204.35,-49.585
2204.59,-48.405
2204.83,-53.122
2205.08,-50.495
2205.32,-51.591
2205.57,-51.334
2205.81,-53.837
2206.05,-49.925
2206.30,-50.900
2206.54,-50.886
2206.79,-51.203
2207.03,-50.292
2207.28,-52.565
2207.52,-49.156
2207.76,-49.238
2208.01,-50.120
2208.25,-50.917
2208.50,-48.859
2208.74,-50.572
2208.98,-50.715
2209.23,-48.884
2209.47,-49.990
2209.72,-50.031
2209.96,-48.001
2210.21,-49.969
2210.45,-49.454
2210.69,-49.039
2210.94,-51.664
2211.18,-48.421
2211.43,-48.585
2211.67,-49.188
2211.91,-50.067
2212.16,-49.100
2212.40,-49.227
2212.65,-50.126
2212.89,-47.586
2213.13,-48.272
2213.38,-47.604
2213.62,-49.266
2213.87,-48.131
2214.11,-47.660
2214.36,-47.351
2214.60,-48.317
2214.84,-48.553
2215.09,-49.695
2215.33,-47.639
2215.58,-50.643
2215.82,-48.357
2216.06,-49.694
2216.31,-47.061
2216.55,-49.836
2216.80,-48.159
2217.04,-46.857
2217.29,-48.836
2217.53,-50.671
2217.77,-50.197
2218.02,-49.143
2218.26,-49.941
2218.51,-48.870
2218.75,-49.040
2218.99,-48.455
2219.24,-48.035
2219.48,-48.304
2219.73,-51.521
2219.97,-51.613
2220.21,-51.097
2220.46,-48.851
2220.70,-48.181
2220.95,-47.409
2221.19,-47.147
2221.44,-47.957
2221.68,-48.836
2221.92,-49.459
2222.17,-49.883
2222.41,-49.488
2222.66,-49.918
2222.90,-48.258
2223.14,-49.603
2223.39,-49.658
2223.63,-50.499
2223.88,-46.856
2224.12,-50.481
2224.37,-48.630
2224.61,-48.744
2224.85,-51.084
2225.10,-48.538
2225.34,-50.209
2225.59,-49.220
2225.83,-48.993
2226.07,-47.669
2226.32,-45.021
2226.56,-49.782
2226.81,-48.628
2227.05,-48.461
2227.29,-47.578
2227.54,-47.931
2227.78,-46.516
2228.03,-46.884
2228.27,-47.365
2228.52,-46.846
2228.76,-46.931
2229.00,-47.741
2229.25,-47.868
2229.49,-48.889
2229.74,-47.499
2229.98,-49.216
2230.22,-49.180
2230.47,-50.762
2230.71,-47.287
2230.96,-49.943
2231.20,-46.153
2231.45,-46.221
2231.69,-49.099
2231.93,-45.113
2232.18,-47.507
2232.42,-47.238
2232.67,-44.094
2232.91,-45.913
2233.15,-46.950
2233.40,-46.795
2233.64,-49.607
2233.89,-47.529
2234.13,-48.157
2234.38,-45.877
2234.62,-45.418
2234.86,-45.457
2235.11,-46.401
2235.35,-46.747
2235.60,-48.361
2235.84,-46.137
2236.08,-47.402
2236.33,-46.569
2236.57,-46.059
2236.82,-45.653
2237.06,-44.316
2237.30,-45.005
2237.55,-43.615
2237.79,-44.698
2238.04,-45.129
2238.28,-47.322
2238.53,-44.070
2238.77,-44.925
2239.01,-44.423
2239.26,-44.510
2239.50,-43.683
2239.75,-46.576
2239.99,-48.178
2240.23,-45.219
2240.48,-45.694
2240.72,-44.976
2240.97,-45.685
2241.21,-48.382
2241.46,-45.986
2241.70,-48.255
2241.94,-44.124
2242.19,-44.379
2242.43,-44.969
2242.68,-47.478
2242.92,-43.849
2243.16,-45.660
2243.41,-45.278
2243.65,-44.732
2243.90,-46.052
2244.14,-44.447
2244.38,-44.767
2244.63,-42.569
2244.87,-44.937
2245.12,-43.309
2245.36,-44.262
2245.61,-44.832
2245.85,-42.190
2246.09,-42.277
2246.34,-44.749
2246.58,-45.732
2246.83,-44.863
2247.07,-46.272
2247.31,-45.204
2247.56,-46.269
2247.80,-45.518
2248.05,-44.550
2248.29,-42.385
2248.54,-47.516
2248.78,-46.738
2249.02,-45.776
2249.27,-44.293
2249.51,-42.029
2249.76,-44.289
2250.00,-45.380
2250.24,-43.522
2250.49,-43.835
2250.73,-41.341
2250.98,-45.916
2251.22,-44.096
2251.46,-44.294
2251.71,-42.582
2251.95,-45.136
2252.20,-41.760
2252.44,-39.396
2252.69,-42.405
2252.93,-42.109
2253.17,-41.691
2253.42,-44.038
2253.66,-42.415
2253.91,-42.169
2254.15,-42.544
2254.39,-40.596
2254.64,-44.031
2254.88,-43.040
2255.13,-42.774
2255.37,-41.133
2255.62,-44.319
2255.86,-44.339
2256.10,-43.168
2256.35,-43.115
2256.59,-40.893
2256.84,-41.663
2257.08,-41.508
2257.32,-42.762
2257.57,-42.190
2257.81,-40.303
2258.06,-44.024
2258.30,-41.003
2258.54,-40.520
2258.79,-43.803
2259.03,-44.737
2259.28,-42.913
2259.52,-39.556
2259.77,-41.176
2260.01,-43.725
2260.25,-41.653
2260.50,-42.571
2260.74,-40.233
2260.99,-42.308
2261.23,-41.873
2261.47,-43.196
2261.72,-42.074
2261.96,-41.586
2262.21,-41.029
2262.45,-42.680
2262.70,-40.489
2262.94,-38.072
2263.18,-41.683
2263.43,-39.616
2263.67,-40.279
2263.92,-39.300
2264.16,-38.860
2264.40,-41.028
2264.65,-42.169
2264.89,-42.182
2265.14,-39.723
2265.38,-42.251
2265.62,-41.473
2265.87,-42.500
2266.11,-40.885
2266.36,-38.551
2266.60,-40.022
2266.85,-43.196
2267.09,-40.874
2267.33,-41.811
2267.58,-44.009
2267.82,-42.323
2268.07,-41.205
2268.31,-40.848
2268.55,-40.288
2268.80,-39.541
2269.04,-41.944
2269.29,-39.670
2269.53,-39.783
2269.78,-41.721
2270.02,-41.590
2270.26,-41.979
2270.51,-42.509
2270.75,-40.613
2271.00,-41.218
2271.24,-45.745
2271.48,-41.380
2271.73,-40.375
2271.97,-40.093
2272.22,-40.257
2272.46,-40.451
2272.71,-42.609
2272.95,-39.903
2273.19,-39.794
2273.44,-41.508
2273.68,-43.186
2273.93,-42.031
2274.17,-41.041
2274.41,-41.972
2274.66,-43.273
2274.90,-39.920
2275.15,-42.392
2275.39,-41.029
2275.63,-41.502
2275.88,-38.975
2276.12,-41.399
2276.37,-43.416
2276.61,-39.971
2276.86,-40.979
2277.10,-43.292
2277.34,-40.249
2277.59,-41.762
2277.83,-42.153
2278.08,-40.555
2278.32,-40.817
2278.56,-40.471
2278.81,-42.345
2279.05,-41.985
2279.30,-42.675
2279.54,-45.845
2279.79,-45.602
2280.03,-43.464
2280.27,-43.250
2280.52,-43.203
2280.76,-42.746
2281.01,-42.744
2281.25,-43.201
2281.49,-43.126
2281.74,-41.570
2281.98,-40.979
2282.23,-40.540
2282.47,-39.792
2282.71,-41.702
2282.96,-42.293
2283.20,-44.451
2283.45,-43.032
2283.69,-42.381
2283.94,-40.288
2284.18,-43.752
2284.42,-41.268
2284.67,-41.452
2284.91,-41.383
2285.16,-42.973
2285.40,-42.536
2285.64,-41.519
2285.89,-40.730
2286.13,-45.153
2286.38,-43.710
2286.62,-45.837
2286.87,-43.910
2287.11,-41.213
2287.35,-43.423
2287.60,-43.808
2287.84,-44.883
2288.09,-41.399
2288.33,-43.232
2288.57,-43.657
2288.82,-42.835
2289.06,-44.213
2289.31,-43.910
2289.55,-45.634
2289.79,-42.599
2290.04,-42.892
2290.28,-45.441
2290.53,-43.610
2290.77,-45.206
2291.02,-44.043
2291.26,-44.690
2291.50,-43.293
2291.75,-45.429
2291.99,-43.237
2292.24,-43.341
2292.48,-45.775
2292.72,-44.812
2292.97,-44.991
2293.21,-45.212
2293.46,-45.996
2293.70,-47.755
2293.95,-48.185
2294.19,-45.276
2294.43,-45.148
2294.68,-43.839
2294.92,-47.217
2295.17,-48.024
2295.41,-46.504
2295.65,-48.046
2295.90,-46.580
2296.14,-46.021
2296.39,-44.492
2296.63,-45.154
2296.88,-46.058
2297.12,-47.315
2297.36,-44.987
2297.61,-43.649
2297.85,-45.227
2298.10,-47.113
2298.34,-45.156
2298.58,-47.477
2298.83,-45.746
2299.07,-45.086
2299.32,-44.690
2299.56,-46.205
2299.80,-46.442
2300.05,-48.181
2300.29,-46.529
2300.54,-47.247
2300.78,-45.852
2301.03,-45.818
2301.27,-45.039
2301.51,-46.498
2301.76,-47.134
2302.00,-46.741
2302.25,-48.673
2302.49,-46.084
2302.73,-45.875
2302.98,-45.542
2303.22,-45.488
2303.47,-46.395
2303.71,-47.948
2303.96,-46.600
2304.20,-45.636
2304.44,-47.917
2304.69,-46.864
2304.93,-49.272
2305.18,-49.315
2305.42,-45.582
2305.66,-49.041
2305.91,-47.717
2306.15,-45.873
2306.40,-46.811
2306.64,-47.234
2306.88,-46.196
2307.13,-46.704
2307.37,-48.313
2307.62,-48.455
2307.86,-52.406
2308.11,-48.257
2308.35,-47.079
2308.59,-49.954
2308.84,-49.151
2309.08,-46.763
2309.33,-47.979
2309.57,-49.662
2309.81,-50.253
2310.06,-48.272
2310.30,-49.787
2310.55,-47.728
2310.79,-49.490
2311.04,-49.190
2311.28,-48.379
2311.52,-49.646
2311.77,-48.848
2312.01,-50.353
2312.26,-48.154
2312.50,-50.492
2312.74,-48.572
2312.99,-50.702
2313.23,-48.002
2313.48,-48.571
2313.72,-46.836
2313.96,-47.592
2314.21,-48.650
2314.45,-50.029
2314.70,-46.884
2314.94,-49.423
2315.19,-49.047
2315.43,-49.265
2315.67,-48.113
2315.92,-47.979
2316.16,-48.468
2316.41,-47.506
2316.65,-50.471
2316.89,-47.592
2317.14,-46.906
2317.38,-48.668
2317.63,-51.324
2317.87,-49.792
2318.12,-50.751
2318.36,-50.234
2318.60,-51.223
2318.85,-50.470
2319.09,-50.826
2319.34,-49.787
2319.58,-48.942
2319.82,-48.143
2320.07,-49.530
2320.31,-48.219
2320.56,-49.217
2320.80,-50.534
2321.04,-49.218
2321.29,-50.678
2321.53,-50.196
2321.78,-49.136
2322.02,-53.553
2322.27,-51.316
2322.51,-51.457
2322.75,-52.912
2323.00,-53.123
2323.24,-51.146
2323.49,-49.778
2323.73,-53.135
2323.97,-50.394
2324.22,-50.776
2324.46,-51.925
2324.71,-51.038
2324.95,-50.346
2325.20,-49.944
2325.44,-50.139
2325.68,-50.834
2325.93,-48.697
2326.17,-49.607
2326.42,-50.448
2326.66,-50.435
2326.90,-51.089
2327.15,-50.682
2327.39,-52.931
2327.64,-52.392
2327.88,-54.801
2328.12,-51.894
2328.37,-49.829
2328.61,-50.052
2328.86,-51.526
2329.10,-53.471
2329.35,-53.605
2329.59,-51.327
2329.83,-51.691
2330.08,-50.384
2330.32,-52.925
2330.57,-50.332
2330.81,-51.610
2331.05,-49.593
2331.30,-51.367
2331.54,-53.811
2331.79,-52.272
2332.03,-53.342
2332.28,-52.873
2332.52,-50.658
2332.76,-51.455
2333.01,-53.566
2333.25,-51.694
2333.50,-52.137
2333.74,-52.750
2333.98,-50.723
2334.23,-50.211
2334.47,-51.617
2334.72,-49.604
2334.96,-53.942
2335.21,-51.377
2335.45,-53.843
2335.69,-51.491
2335.94,-53.207
2336.18,-51.506
2336.43,-52.392
2336.67,-54.593
2336.91,-51.054
2337.16,-53.705
2337.40,-53.393
2337.65,-52.952
2337.89,-53.865
2338.13,-54.602
2338.38,-55.326
2338.62,-52.148
2338.87,-52.097
2339.11,-50.991
2339.36,-51.347
2339.60,-53.122
2339.84,-57.436
2340.09,-53.576
2340.33,-53.332
2340.58,-51.366
2340.82,-52.596
2341.06,-52.109
2341.31,-52.030
2341.55,-51.103
2341.80,-50.834
2342.04,-51.174
2342.29,-52.464
2342.53,-51.382
2342.77,-51.152
2343.02,-52.207
2343.26,-55.951
2343.51,-53.849
2343.75,-52.313
2343.99,-51.514
2344.24,-50.482
2344.48,-51.466
2344.73,-53.737
2344.97,-53.125
2345.21,-51.127
2345.46,-53.963
2345.70,-54.204
2345.95,-55.543
2346.19,-54.813
2346.44,-57.326
2346.68,-54.016
2346.92,-53.004
2347.17,-52.824
2347.41,-53.049
2347.66,-51.723
2347.90,-52.841
2348.14,-52.416
2348.39,-52.622
2348.63,-51.230
2348.88,-51.632
2349.12,-52.520
2349.37,-53.362
2349.61,-53.621
2349.85,-52.795
2350.10,-53.077
2350.34,-53.230
2350.59,-51.179
2350.83,-54.777
2351.07,-55.860
2351.32,-54.926
2351.56,-52.649
2351.81,-54.832
2352.05,-53.409
2352.29,-56.004
2352.54,-54.331
2352.78,-55.808
2353.03,-53.567
2353.27,-52.139
2353.52,-52.975
2353.76,-52.888
2354.00,-55.396
2354.25,-53.110
2354.49,-51.908
2354.74,-52.725
2354.98,-51.959
2355.22,-52.931
2355.47,-54.361
2355.71,-56.786
2355.96,-55.848
2356.20,-53.905
2356.45,-54.506
2356.69,-52.039
2356.93,-54.481
2357.18,-52.351
2357.42,-53.145
2357.67,-54.974
2357.91,-55.661
2358.15,-53.585
2358.40,-57.659
2358.64,-54.555
2358.89,-54.387
2359.13,-57.479
2359.38,-52.654
2359.62,-53.427
2359.86,-56.607
2360.11,-54.108
2360.35,-54.424
2360.60,-54.726
2360.84,-56.356
2361.08,-54.961
2361.33,-56.025
2361.57,-54.448
2361.82,-56.831
2362.06,-54.868
2362.30,-55.714
2362.55,-56.075
2362.79,-52.735
2363.04,-54.521
2363.28,-53.257
2363.53,-52.943
2363.77,-57.070
2364.01,-56.600
2364.26,-54.216
2364.50,-52.689
2364.75,-52.909
2364.99,-55.463
2365.23,-53.225
2365.48,-53.200
2365.72,-54.152
2365.97,-55.700
2366.21,-53.476
2366.46,-54.471
2366.70,-52.714
2366.94,-53.260
2367.19,-54.416
2367.43,-54.202
2367.68,-54.126
2367.92,-55.009
2368.16,-53.599
2368.41,-52.810
2368.65,-53.084
2368.90,-53.237
2369.14,-54.217
2369.38,-55.010
2369.63,-53.885
2369.87,-54.294
2370.12,-54.505
2370.36,-54.021
2370.61,-53.683
2370.85,-56.691
2371.09,-57.175
2371.34,-54.066
2371.58,-53.754
2371.83,-54.328
2372.07,-53.420
2372.31,-54.485
2372.56,-51.939
2372.80,-55.380
2373.05,-54.623
2373.29,-54.641
2373.54,-56.276
2373.78,-53.469
2374.02,-55.780
2374.27,-54.471
2374.51,-55.896
2374.76,-57.288
2375.00,-56.760
2375.24,-53.574
2375.49,-54.859
2375.73,-57.860
2375.98,-56.922
2376.22,-53.211
2376.46,-56.191
2376.71,-57.541
2376.95,-56.874
2377.20,-54.500
2377.44,-55.018
2377.69,-54.021
2377.93,-56.521
2378.17,-55.735
2378.42,-54.589
2378.66,-53.788
2378.91,-52.528
2379.15,-57.170
2379.39,-54.110
2379.64,-57.536
2379.88,-56.220
2380.13,-56.450
2380.37,-56.530
2380.62,-55.954
2380.86,-53.885
2381.10,-54.832
2381.35,-54.462
2381.59,-56.255
2381.84,-54.250
2382.08,-55.083
2382.32,-53.943
2382.57,-54.267
2382.81,-55.793
2383.06,-55.528
2383.30,-56.496
2383.54,-57.711
2383.79,-54.359
2384.03,-56.042
2384.28,-55.150
2384.52,-57.748
2384.77,-56.179
2385.01,-56.098
2385.25,-56.082
2385.50,-57.082
2385.74,-57.611
2385.99,-55.241
2386.23,-54.572
2386.47,-52.273
2386.72,-55.364
2386.96,-58.595
2387.21,-55.752
2387.45,-55.804
2387.70,-57.307
2387.94,-55.286
2388.18,-55.217
2388.43,-55.451
2388.67,-53.368
2388.92,-54.484
2389.16,-57.154
2389.40,-57.280
2389.65,-55.355
2389.89,-56.144
2390.14,-55.234
2390.38,-54.479
2390.62,-55.045
2390.87,-58.340
2391.11,-57.311
2391.36,-55.850
2391.60,-58.082
2391.85,-58.901
2392.09,-57.228
2392.33,-56.142
2392.58,-56.342
2392.82,-55.569
2393.07,-57.541
2393.31,-57.174
2393.55,-56.930
2393.80,-55.454
2394.04,-54.634
2394.29,-54.571
2394.53,-55.544
2394.78,-55.586
2395.02,-58.484
2395.26,-57.020
2395.51,-56.091
2395.75,-56.597
2396.00,-56.087
2396.24,-56.956
2396.48,-54.227
2396.73,-54.099
2396.97,-53.400
2397.22,-56.184
2397.46,-54.677
2397.71,-54.647
2397.95,-57.317
2398.19,-55.874
2398.44,-53.533
2398.68,-54.582
2398.93,-54.106
2399.17,-54.560
2399.41,-54.066
2399.66,-56.486
2399.90,-56.741
2400.15,-53.923
2400.39,-54.455
2400.63,-54.721
2400.88,-55.236
2401.12,-54.672
2401.37,-55.250
2401.61,-55.101
2401.86,-57.416
2402.10,-60.199
2402.34,-57.571
2402.59,-57.542
2402.83,-56.329
2403.08,-56.905
2403.32,-55.906
2403.56,-53.135
2403.81,-57.339
2404.05,-55.677
2404.30,-54.671
2404.54,-54.065
2404.79,-55.265
2405.03,-56.262
2405.27,-57.349
2405.52,-58.101
2405.76,-54.138
2406.01,-53.948
2406.25,-54.685
2406.49,-53.270
2406.74,-54.841
2406.98,-55.018
2407.23,-56.383
2407.47,-54.173
2407.71,-55.190
2407.96,-55.932
2408.20,-56.498
2408.45,-57.430
2408.69,-57.021
2408.94,-56.695
2409.18,-55.664
2409.42,-57.513
2409.67,-57.784
2409.91,-58.641
2410.16,-55.881
2410.40,-56.127
2410.64,-56.514
2410.89,-54.921
2411.13,-56.681
2411.38,-55.389
2411.62,-57.997
2411.87,-55.330
2412.11,-56.685
2412.35,-55.601
2412.60,-56.515
2412.84,-55.048
2413.09,-56.178
2413.33,-54.954
2413.57,-54.440
2413.82,-55.940
2414.06,-54.461
2414.31,-55.555
2414.55,-56.481
2414.79,-54.254
2415.04,-55.862
2415.28,-58.714
2415.53,-55.644
2415.77,-55.851
2416.02,-55.319
2416.26,-55.158
2416.50,-56.919
2416.75,-59.220
2416.99,-55.382
2417.24,-55.357
2417.48,-55.478
2417.72,-54.685
2417.97,-54.541
2418.21,-55.877
2418.46,-56.657
2418.70,-58.925
2418.95,-55.374
2419.19,-55.586
2419.43,-58.294
2419.68,-57.050
2419.92,-57.268
2420.17,-55.321
2420.41,-55.219
2420.65,-55.999
2420.90,-55.227
2421.14,-54.998
2421.39,-56.308
2421.63,-57.545
2421.88,-57.802
2422.12,-55.051
2422.36,-56.190
2422.61,-57.290
2422.85,-56.502
2423.10,-54.678
2423.34,-53.767
2423.58,-53.720
2423.83,-56.179
2424.07,-54.086
2424.32,-55.459
2424.56,-55.532
2424.80,-56.672
2425.05,-55.988
2425.29,-56.060
2425.54,-55.061
2425.78,-56.231
2426.03,-57.375
2426.27,-54.857
2426.51,-57.361
2426.76,-58.692
2427.00,-56.799
2427.25,-53.676
2427.49,-55.216
2427.73,-58.379
2427.98,-57.271
2428.22,-53.544
2428.47,-53.093
2428.71,-56.072
2428.96,-56.642
2429.20,-54.646
2429.44,-55.324
2429.69,-52.976
2429.93,-54.975
2430.18,-56.882
2430.42,-57.637
2430.66,-55.813
2430.91,-56.121
2431.15,-55.731
2431.40,-56.195
2431.64,-55.682
2431.88,-54.909
2432.13,-55.310
2432.37,-55.762
2432.62,-55.352
2432.86,-53.634
2433.11,-52.828
2433.35,-55.010
2433.59,-55.277
2433.84,-55.567
2434.08,-56.307
2434.33,-55.329
2434.57,-53.385
2434.81,-53.292
2435.06,-55.312
2435.30,-55.414
2435.55,-57.299
2435.79,-58.589
2436.04,-58.560
2436.28,-56.328
2436.52,-57.281
2436.77,-54.800
2437.01,-54.037
2437.26,-55.572
2437.50,-55.157
2437.74,-56.604
2437.99,-55.248
2438.23,-55.137
2438.48,-56.135
2438.72,-54.850
2438.96,-56.711
2439.21,-57.182
2439.45,-53.461
2439.70,-55.604
2439.94,-58.933
2440.19,-55.872
2440.43,-55.172
2440.67,-55.462
2440.92,-52.842
2441.16,-55.186
2441.41,-58.421
2441.65,-58.221
2441.89,-57.072
2442.14,-57.188
2442.38,-54.098
2442.63,-56.332
2442.87,-53.674
2443.12,-56.359
2443.36,-58.620
2443.60,-55.580
2443.85,-55.876
2444.09,-54.305
2444.34,-53.764
2444.58,-58.076
2444.82,-55.942
2445.07,-56.498
2445.31,-56.959
2445.56,-54.377
2445.80,-54.211
2446.04,-55.408
2446.29,-53.649
2446.53,-55.727
2446.78,-55.836
2447.02,-56.274
2447.27,-56.636
2447.51,-55.156
2447.75,-56.499
2448.00,-56.433
2448.24,-55.946
2448.49,-56.742
2448.73,-55.239
2448.97,-55.344
2449.22,-53.450
2449.46,-55.837
2449.71,-55.052
2449.95,-56.021
2450.20,-53.862
2450.44,-53.761
2450.68,-53.268
2450.93,-55.145
2451.17,-52.977
2451.42,-54.904
2451.66,-54.954
2451.90,-52.600
2452.15,-56.157
2452.39,-54.982
2452.64,-53.374
2452.88,-55.806
2453.12,-54.486
2453.37,-55.114
2453.61,-56.492
2453.86,-55.191
2454.10,-56.377
2454.35,-55.806
2454.59,-55.420
2454.83,-53.068
2455.08,-54.586
2455.32,-54.783
2455.57,-55.032
2455.81,-55.754
2456.05,-56.447
2456.30,-54.439
2456.54,-53.083
2456.79,-55.244
2457.03,-53.872
2457.28,-53.947
2457.52,-52.993
2457.76,-54.485
2458.01,-54.965
2458.25,-55.904
2458.50,-57.017
2458.74,-55.328
2458.98,-55.775
2459.23,-53.002
2459.47,-54.060
2459.72,-52.837
2459.96,-54.188
2460.21,-53.133
2460.45,-53.359
2460.69,-54.105
2460.94,-54.092
2461.18,-53.847
2461.43,-52.337
2461.67,-55.220
2461.91,-54.245
2462.16,-54.795
2462.40,-56.458
2462.65,-54.223
2462.89,-57.493
2463.13,-53.766
2463.38,-55.526
2463.62,-52.770
2463.87,-56.638
2464.11,-56.175
2464.36,-53.019
2464.60,-56.437
2464.84,-54.968
2465.09,-52.579
2465.33,-52.440
2465.58,-54.560
2465.82,-53.294
2466.06,-51.119
2466.31,-55.396
2466.55,-53.415
2466.80,-53.653
2467.04,-52.882
2467.29,-56.031
2467.53,-56.543
2467.77,-55.876
2468.02,-55.731
2468.26,-56.045
2468.51,-53.013
2468.75,-54.178
2468.99,-57.186
2469.24,-55.192
2469.48,-50.793
2469.73,-52.695
2469.97,-52.110
2470.21,-53.321
2470.46,-53.960
2470.70,-52.089
2470.95,-53.254
2471.19,-50.929
2471.44,-52.412
2471.68,-55.601
2471.92,-55.943
2472.17,-51.530
2472.41,-51.180
2472.66,-52.103
2472.90,-52.396
2473.14,-53.971
2473.39,-50.853
2473.63,-52.704
2473.88,-51.283
2474.12,-55.404
2474.37,-53.934
2474.61,-51.803
2474.85,-54.523
2475.10,-55.248
2475.34,-53.039
2475.59,-49.697
2475.83,-52.686
2476.07,-51.766
2476.32,-53.221
2476.56,-50.860
2476.81,-51.485
2477.05,-52.361
2477.29,-52.331
2477.54,-54.408
2477.78,-52.603
2478.03,-54.107
2478.27,-54.083
2478.52,-52.515
2478.76,-49.793
2479.00,-52.338
2479.25,-53.463
2479.49,-54.310
2479.74,-53.869
2479.98,-51.620
2480.22,-52.577
2480.47,-54.646
2480.71,-54.428
2480.96,-50.458
2481.20,-50.425
2481.45,-50.998
2481.69,-52.922
2481.93,-52.924
2482.18,-52.873
2482.42,-52.780
2482.67,-52.999
2482.91,-50.670
2483.15,-50.243
2483.40,-53.114
2483.64,-50.677
2483.89,-52.012
2484.13,-52.972
2484.38,-54.964
2484.62,-52.565
2484.86,-53.569
2485.11,-51.596
2485.35,-52.668
2485.60,-53.228
2485.84,-50.669
2486.08,-54.791
2486.33,-52.140
2486.57,-53.688
2486.82,-53.069
2487.06,-50.923
2487.30,-53.659
2487.55,-51.741
2487.79,-50.887
2488.04,-51.216
2488.28,-51.031
2488.53,-52.060
2488.77,-52.155
2489.01,-50.793
2489.26,-50.624
2489.50,-50.029
2489.75,-51.535
2489.99,-50.550
2490.23,-51.231
2490.48,-51.948
2490.72,-49.393
2490.97,-52.470
2491.21,-53.029
2491.46,-48.895
2491.70,-52.157
2491.94,-50.096
2492.19,-50.283
2492.43,-50.394
2492.68,-54.552
2492.92,-51.416
2493.16,-51.362
2493.41,-51.007
2493.65,-52.461
2493.90,-51.132
2494.14,-51.487
2494.38,-48.925
2494.63,-50.227
2494.87,-50.168
2495.12,-50.928
2495.36,-51.175
2495.61,-48.286
2495.85,-49.045
2496.09,-49.658
2496.34,-49.428
2496.58,-50.628
2496.83,-50.134
2497.07,-50.169
2497.31,-49.722
2497.56,-49.503
2497.80,-51.146
2498.05,-50.512
2498.29,-48.415
2498.54,-50.734
2498.78,-50.537
2499.02,-49.756
2499.27,-48.742
2499.51,-50.255
2499.76,-49.217
2500.00,-49.151
2500.24,-51.845
2500.49,-50.442
2500.73,-48.192
2500.98,-47.311
2501.22,-52.052
2501.46,-51.580
2501.71,-50.149
2501.95,-49.977
2502.20,-50.097
2502.44,-49.334
2502.69,-50.475
2502.93,-48.347
2503.17,-47.266
2503.42,-46.872
2503.66,-48.436
2503.91,-47.520
2504.15,-49.658
2504.39,-48.866
2504.64,-49.322
2504.88,-48.629
2505.13,-49.482
2505.37,-48.739
2505.62,-50.539
2505.86,-50.653
2506.10,-52.103
2506.35,-48.238
2506.59,-48.387
2506.84,-49.173
2507.08,-47.088
2507.32,-50.408
2507.57,-49.065
2507.81,-48.070
2508.06,-47.558
2508.30,-47.219
2508.54,-46.898
2508.79,-49.766
2509.03,-48.902
2509.28,-49.083
2509.52,-50.082
2509.77,-46.728
2510.01,-48.142
2510.25,-44.851
2510.50,-49.106
2510.74,-48.505
2510.99,-48.024
2511.23,-48.478
2511.47,-49.070
2511.72,-49.052
2511.96,-46.275
2512.21,-46.999
2512.45,-46.384
2512.70,-45.768
2512.94,-47.590
2513.18,-45.666
2513.43,-46.155
2513.67,-47.368
2513.92,-45.295
2514.16,-49.514
2514.40,-46.421
2514.65,-47.713
2514.89,-47.513
2515.14,-45.775
2515.38,-50.040
2515.62,-48.541
2515.87,-46.547
2516.11,-45.105
2516.36,-47.604
2516.60,-47.570
2516.85,-43.426
2517.09,-46.569
2517.33,-44.479
2517.58,-43.672
2517.82,-46.170
2518.07,-46.633
2518.31,-48.002
2518.55,-47.678
2518.80,-45.658
2519.04,-47.391
2519.29,-46.845
2519.53,-47.246
2519.78,-47.132
2520.02,-44.086
2520.26,-45.556
2520.51,-45.943
2520.75,-46.252
2521.00,-43.232
2521.24,-45.403
2521.48,-46.910
2521.73,-47.217
2521.97,-46.489
2522.22,-47.613
2522.46,-45.786
2522.71,-40.786
2522.95,-43.513
2523.19,-45.172
2523.44,-44.737
2523.68,-45.067
2523.93,-44.905
2524.17,-43.919
2524.41,-43.408
2524.66,-42.548
2524.90,-44.140
2525.15,-48.168
2525.39,-44.462
2525.63,-45.524
2525.88,-42.521
2526.12,-43.514
2526.37,-44.754
2526.61,-42.910
2526.86,-45.566
2527.10,-43.112
2527.34,-44.800
2527.59,-43.175
2527.83,-42.921
2528.08,-43.598
2528.32,-43.600
2528.56,-43.423
2528.81,-41.768
2529.05,-45.799
2529.30,-44.349
2529.54,-45.497
2529.79,-43.417
2530.03,-42.974
2530.27,-41.287
2530.52,-42.252
2530.76,-43.942
2531.01,-43.048
2531.25,-41.534
2531.49,-40.672
2531.74,-45.272
2531.98,-43.085
2532.23,-40.598
2532.47,-39.491
2532.71,-42.055
2532.96,-43.288
2533.20,-41.007
2533.45,-41.674
2533.69,-41.879
2533.94,-41.434
2534.18,-41.283
2534.42,-39.224
2534.67,-40.827
2534.91,-40.887
2535.16,-40.439
2535.40,-40.389
2535.64,-39.996
2535.89,-39.417
2536.13,-39.488
2536.38,-41.980
2536.62,-41.594
2536.87,-42.135
2537.11,-39.509
2537.35,-40.109
2537.60,-39.741
2537.84,-40.572
2538.09,-39.390
2538.33,-39.403
2538.57,-40.617
2538.82,-39.302
2539.06,-39.814
2539.31,-41.901
2539.55,-41.015
2539.79,-40.407
2540.04,-41.069
2540.28,-41.547
2540.53,-42.148
2540.77,-37.030
2541.02,-38.279
2541.26,-37.038
2541.50,-39.417
2541.75,-41.296
2541.99,-39.232
2542.24,-40.515
2542.48,-38.107
2542.72,-39.464
2542.97,-40.291
2543.21,-40.680
2543.46,-40.456
2543.70,-41.047
2543.95,-40.826
2544.19,-39.377
2544.43,-41.890
2544.68,-39.005
2544.92,-40.646
2545.17,-39.123
2545.41,-41.486
2545.65,-40.165
2545.90,-40.788
2546.14,-38.138
2546.39,-37.668
2546.63,-40.343
2546.88,-40.467
2547.12,-39.422
2547.36,-40.017
2547.61,-38.310
2547.85,-39.754
2548.10,-41.226
2548.34,-40.540
2548.58,-40.140
2548.83,-39.368
2549.07,-41.929
2549.32,-41.418
2549.56,-40.444
2549.80,-42.209
2550.05,-40.354
2550.29,-43.050
2550.54,-41.618
2550.78,-42.109
2551.03,-43.860
2551.27,-43.271
2551.51,-43.818
2551.76,-42.251
2552.00,-42.895
2552.25,-43.402
2552.49,-42.026
2552.73,-42.298
2552.98,-43.176
2553.22,-44.259
2553.47,-43.282
2553.71,-42.286
2553.96,-43.748
2554.20,-41.301
2554.44,-40.162
2554.69,-41.279
2554.93,-42.142
2555.18,-44.100
2555.42,-40.736
2555.66,-41.834
2555.91,-47.229
2556.15,-45.740
2556.40,-42.159
2556.64,-42.701
2556.88,-44.502
2557.13,-44.485
2557.37,-43.258
2557.62,-41.462
2557.86,-44.593
2558.11,-41.966
2558.35,-42.564
2558.59,-45.799
2558.84,-44.945
2559.08,-43.895
2559.33,-44.505
2559.57,-43.632
2559.81,-46.758
2560.06,-41.605
2560.30,-44.894
2560.55,-44.376
2560.79,-44.210
2561.04,-45.446
2561.28,-46.171
2561.52,-45.799
2561.77,-44.066
2562.01,-45.782
2562.26,-46.131
2562.50,-47.303
2562.74,-44.028
2562.99,-43.411
2563.23,-45.214
2563.48,-44.155
2563.72,-44.863
2563.96,-45.480
2564.21,-43.689
2564.45,-45.884
2564.70,-47.210
2564.94,-46.740
2565.19,-46.057
2565.43,-48.073
2565.67,-44.469
2565.92,-46.386
2566.16,-48.251
2566.41,-44.888
2566.65,-44.018
2566.89,-47.753
2567.14,-45.044
2567.38,-45.854
2567.63,-46.423
2567.87,-47.034
2568.12,-48.049
2568.36,-47.125
2568.60,-46.485
2568.85,-47.415
2569.09,-45.657
2569.34,-48.374
2569.58,-49.266
2569.82,-46.070
2570.07,-46.008
2570.31,-43.907
2570.56,-47.216
2570.80,-46.724
2571.04,-48.286
2571.29,-46.992
2571.53,-47.161
2571.78,-47.748
2572.02,-49.714
2572.27,-48.811
2572.51,-47.155
2572.75,-48.096
2573.00,-47.129
2573.24,-50.203
2573.49,-45.682
2573.73,-49.036
2573.97,-48.604
2574.22,-47.445
2574.46,-48.734
2574.71,-46.436
2574.95,-49.262
2575.20,-46.430
2575.44,-48.288
2575.68,-48.822
2575.93,-49.264
2576.17,-48.466
2576.42,-50.669
2576.66,-50.276
2576.90,-48.740
2577.15,-46.899
2577.39,-46.915
2577.64,-47.183
2577.88,-47.911
2578.12,-46.457
2578.37,-47.556
2578.61,-48.340
2578.86,-49.971
2579.10,-47.920
2579.35,-49.811
2579.59,-50.864
2579.83,-50.224
2580.08,-48.293
2580.32,-49.888
2580.57,-50.488
2580.81,-49.964
2581.05,-51.378
2581.30,-50.912
2581.54,-48.850
2581.79,-48.014
2582.03,-50.280
2582.28,-49.859
2582.52,-51.058
2582.76,-50.725
2583.01,-52.181
2583.25,-51.166
2583.50,-52.278
2583.74,-50.396
2583.98,-50.909
2584.23,-50.581
2584.47,-49.659
2584.72,-50.038
2584.96,-48.614
2585.21,-48.936
2585.45,-53.440
2585.69,-51.307
2585.94,-51.532
2586.18,-51.411
2586.43,-49.485
2586.67,-50.618
2586.91,-49.785
2587.16,-52.334
2587.40,-52.126
2587.65,-50.092
2587.89,-50.784
2588.13,-51.023
2588.38,-50.961
2588.62,-52.885
2588.87,-51.890
2589.11,-53.756
2589.36,-50.224
2589.60,-52.385
2589.84,-51.233
2590.09,-50.234
2590.33,-51.412
2590.58,-50.652
2590.82,-51.900
2591.06,-50.568
2591.31,-51.104
2591.55,-51.401
2591.80,-52.279
2592.04,-53.172
2592.29,-51.541
2592.53,-51.860
2592.77,-51.086
2593.02,-52.468
2593.26,-52.221
2593.51,-48.522
2593.75,-53.309
2593.99,-51.194
2594.24,-52.216
2594.48,-53.102
2594.73,-52.637
2594.97,-52.566
2595.21,-53.475
2595.46,-51.100
2595.70,-51.377
2595.95,-53.977
2596.19,-49.556
2596.44,-50.703
2596.68,-52.441
2596.92,-52.909
2597.17,-50.983
2597.41,-52.776
2597.66,-54.399
2597.90,-53.340
2598.14,-51.584
2598.39,-51.325
2598.63,-53.126
2598.88,-52.894
2599.12,-53.002
2599.37,-51.856
2599.61,-52.649
2599.85,-53.107
2600.10,-52.783
2600.34,-52.148
2600.59,-51.575
2600.83,-52.774
2601.07,-51.428
2601.32,-50.914
2601.56,-51.636
2601.81,-51.448
2602.05,-52.064
2602.29,-51.631
2602.54,-53.821
2602.78,-52.463
2603.03,-50.797
2603.27,-54.817
2603.52,-53.189
2603.76,-54.862
2604.00,-54.029
2604.25,-53.106
2604.49,-51.603
2604.74,-50.628
2604.98,-52.373
2605.22,-53.750
2605.47,-54.495
2605.71,-53.232
2605.96,-53.507
2606.20,-53.254
2606.45,-55.101
2606.69,-55.950
2606.93,-53.873
2607.18,-51.623
2607.42,-51.721
2607.67,-55.507
2607.91,-54.372
2608.15,-51.721
2608.40,-54.118
2608.64,-51.394
2608.89,-52.154
2609.13,-53.668
2609.38,-53.906
2609.62,-51.762
2609.86,-54.248
2610.11,-55.451
2610.35,-55.161
2610.60,-53.072
2610.84,-53.993
2611.08,-54.645
2611.33,-55.138
2611.57,-54.347
2611.82,-54.404
2612.06,-53.882
2612.30,-53.129
2612.55,-51.932
2612.79,-54.702
2613.04,-52.620
2613.28,-53.365
2613.53,-54.487
2613.77,-53.130
2614.01,-53.266
2614.26,-54.603
2614.50,-53.429
2614.75,-54.597
2614.99,-52.953
2615.23,-53.823
2615.48,-53.508
2615.72,-54.819
2615.97,-54.339
2616.21,-55.724
2616.46,-53.503
2616.70,-53.631
2616.94,-53.957
2617.19,-53.618
2617.43,-54.442
2617.68,-57.614
2617.92,-53.990
2618.16,-51.597
2618.41,-55.931
2618.65,-53.681
2618.90,-54.571
2619.14,-56.586
2619.38,-53.641
2619.63,-53.913
2619.87,-54.147
2620.12,-54.445
2620.36,-54.578
2620.61,-54.428
2620.85,-52.871
2621.09,-56.017
2621.34,-55.500
2621.58,-55.827
2621.83,-55.070
2622.07,-57.021
2622.31,-54.822
2622.56,-54.714
2622.80,-55.128
2623.05,-54.093
2623.29,-58.347
2623.54,-55.490
2623.78,-54.193
2624.02,-55.877
2624.27,-54.898
2624.51,-53.722
2624.76,-53.497
2625.00,-53.841
2625.24,-53.945
2625.49,-55.747
2625.73,-56.029
2625.98,-54.084
2626.22,-53.752
2626.46,-53.425
2626.71,-55.702
2626.95,-53.845
2627.20,-55.672
2627.44,-54.118
2627.69,-54.314
2627.93,-55.989
2628.17,-54.457
2628.42,-54.871
2628.66,-54.890
2628.91,-55.460
2629.15,-54.849
2629.39,-58.490
2629.64,-53.050
2629.88,-54.078
2630.13,-54.298
2630.37,-55.182
2630.62,-56.389
2630.86,-56.637
2631.10,-54.065
2631.35,-54.198
2631.59,-57.077
2631.84,-56.331
2632.08,-56.784
2632.32,-57.418
2632.57,-56.074
2632.81,-56.081
2633.06,-54.058
2633.30,-54.259
2633.54,-54.955
2633.79,-57.178
2634.03,-54.766
2634.28,-55.343
2634.52,-54.440
2634.77,-54.787
2635.01,-56.837
2635.25,-54.822
2635.50,-54.998
2635.74,-58.132
2635.99,-54.280
2636.23,-54.178
2636.47,-56.686
2636.72,-57.081
2636.96,-56.343
2637.21,-56.840
2637.45,-54.455
2637.70,-56.499
2637.94,-54.678
2638.18,-57.853
2638.43,-54.573
2638.67,-56.266
2638.92,-58.551
2639.16,-56.369
2639.40,-57.132
2639.65,-55.713
2639.89,-56.995
2640.14,-55.735
2640.38,-55.956
2640.62,-56.631
2640.87,-57.307
2641.11,-55.227
2641.36,-54.871
2641.60,-55.210
2641.85,-56.385
2642.09,-58.512
2642.33,-57.700
2642.58,-53.892
2642.82,-55.658
2643.07,-56.020
2643.31,-55.337
2643.55,-55.071
2643.80,-55.578
2644.04,-57.355
2644.29,-54.661
2644.53,-55.198
2644.78,-57.517
2645.02,-55.558
2645.26,-58.215
2645.51,-55.785
2645.75,-54.913
2646.00,-57.730
2646.24,-57.798
2646.48,-57.620
2646.73,-58.191
2646.97,-59.157
2647.22,-57.695
2647.46,-56.303
2647.71,-54.971
2647.95,-56.627
2648.19,-55.649
2648.44,-54.087
2648.68,-56.514
2648.93,-54.871
2649.17,-56.863
2649.41,-55.464
2649.66,-55.136
2649.90,-57.785
2650.15,-55.787
2650.39,-54.057
2650.63,-54.889
2650.88,-54.979
2651.12,-55.068
2651.37,-56.138
2651.61,-56.075
2651.86,-57.213
2652.10,-56.309
2652.34,-54.748
2652.59,-56.944
2652.83,-57.312
2653.08,-54.915
2653.32,-53.502
2653.56,-55.802
2653.81,-53.773
2654.05,-56.509
2654.30,-55.795
2654.54,-58.007
2654.79,-54.265
2655.03,-55.195
2655.27,-58.852
2655.52,-59.446
2655.76,-54.142
2656.01,-58.534
2656.25,-58.222
2656.49,-56.416
2656.74,-56.707
2656.98,-56.159
2657.23,-57.409
2657.47,-55.489
2657.71,-57.457
2657.96,-57.559
2658.20,-54.966
2658.45,-56.767
2658.69,-57.525
2658.94,-55.506
2659.18,-57.772
2659.42,-55.142
2659.67,-55.441
2659.91,-55.747
2660.16,-57.757
2660.40,-56.201
2660.64,-59.759
2660.89,-57.959
2661.13,-57.630
2661.38,-56.906
2661.62,-56.028
2661.87,-58.918
2662.11,-56.957
2662.35,-55.604
2662.60,-55.857
2662.84,-56.862
2663.09,-56.466
2663.33,-55.282
2663.57,-53.954
2663.82,-55.023
2664.06,-59.022
2664.31,-55.838
2664.55,-54.475
2664.79,-58.004
2665.04,-56.827
2665.28,-56.398
2665.53,-55.076
2665.77,-55.778
2666.02,-57.983
2666.26,-59.007
2666.50,-56.649
2666.75,-56.785
2666.99,-55.553
2667.24,-56.724
2667.48,-56.461
2667.72,-56.388
2667.97,-57.436
2668.21,-57.172
2668.46,-58.418
2668.70,-56.598
2668.95,-59.836
2669.19,-56.920
2669.43,-58.612
2669.68,-57.704
2669.92,-57.114
2670.17,-57.274
2670.41,-56.414
2670.65,-56.973
2670.90,-58.332
2671.14,-57.206
2671.39,-57.560
2671.63,-57.113
2671.88,-56.213
2672.12,-56.998
2672.36,-57.339
2672.61,-56.226
2672.85,-56.078
2673.10,-56.769
2673.34,-60.226
2673.58,-56.235
2673.83,-58.341
2674.07,-55.403
2674.32,-56.675
2674.56,-55.952
2674.80,-58.665
2675.05,-57.294
2675.29,-56.644
2675.54,-58.225
2675.78,-57.123
2676.03,-57.014
2676.27,-56.372
2676.51,-57.241
2676.76,-57.152
2677.00,-59.842
2677.25,-60.889
2677.49,-59.403
2677.73,-55.068
2677.98,-57.274
2678.22,-55.695
2678.47,-57.118
2678.71,-56.647
2678.96,-58.070
2679.20,-56.665
2679.44,-57.192
2679.69,-56.897
2679.93,-57.850
2680.18,-56.251
2680.42,-55.239
2680.66,-56.432
2680.91,-55.658
2681.15,-57.968
2681.40,-55.840
2681.64,-57.162
2681.88,-56.372
2682.13,-58.232
2682.37,-55.778
2682.62,-58.821
2682.86,-58.331
2683.11,-58.718
2683.35,-57.427
2683.59,-55.443
2683.84,-57.421
2684.08,-53.768
2684.33,-56.145
2684.57,-56.695
2684.81,-56.299
2685.06,-58.295
2685.30,-56.715
2685.55,-57.130
2685.79,-55.361
2686.04,-55.890
2686.28,-58.612
2686.52,-56.431
2686.77,-56.662
2687.01,-56.805
2687.26,-58.349
2687.50,-55.454
2687.74,-57.819
2687.99,-58.178
2688.23,-57.703
2688.48,-56.169
2688.72,-57.086
2688.96,-58.650
2689.21,-57.014
2689.45,-56.393
2689.70,-58.115
2689.94,-56.863
2690.19,-56.576
2690.43,-57.835
2690.67,-57.025
2690.92,-55.189
2691.16,-57.790
2691.41,-56.988
2691.65,-56.746
2691.89,-57.401
2692.14,-56.536
2692.38,-56.359
2692.63,-56.324
2692.87,-55.650
2693.12,-56.806
2693.36,-58.116
2693.60,-56.844
2693.85,-55.181
2694.09,-56.104
2694.34,-56.880
2694.58,-55.781
2694.82,-57.458
2695.07,-58.525
2695.31,-56.180
2695.56,-57.355
2695.80,-55.333
2696.04,-55.834
2696.29,-54.454
2696.53,-56.495
2696.78,-56.396
2697.02,-57.307
2697.27,-57.187
2697.51,-55.639
2697.75,-55.424
2698.00,-55.385
2698.24,-55.107
2698.49,-55.496
2698.73,-55.843
2698.97,-56.063
2699.22,-57.123
2699.46,-59.156
2699.71,-55.926
2699.95,-57.425
2700.20,-56.943
2700.44,-56.811
2700.68,-56.394
2700.93,-55.512
2701.17,-60.130
2701.42,-57.027
2701.66,-58.891
2701.90,-56.591
2702.15,-55.537
2702.39,-57.194
2702.64,-55.076
2702.88,-55.929
2703.12,-56.338
2703.37,-55.681
2703.61,-54.939
2703.86,-54.948
2704.10,-59.724
2704.35,-55.089
2704.59,-55.630
2704.83,-56.882
2705.08,-56.932
2705.32,-58.743
2705.57,-55.583
2705.81,-54.445
2706.05,-56.329
2706.30,-54.533
2706.54,-55.752
2706.79,-56.368
2707.03,-55.284
2707.28,-55.220
2707.52,-54.049
2707.76,-55.711
2708.01,-57.516
2708.25,-54.525
2708.50,-55.538
2708.74,-57.716
2708.98,-55.255
2709.23,-55.762
2709.47,-56.178
2709.72,-57.013
2709.96,-57.321
2710.21,-54.861
2710.45,-55.664
2710.69,-59.320
2710.94,-54.468
2711.18,-54.853
2711.43,-55.068
2711.67,-57.371
2711.91,-58.741
2712.16,-55.962
2712.40,-55.975
2712.65,-56.802
2712.89,-57.420
2713.13,-54.038
2713.38,-54.353
2713.62,-54.764
2713.87,-56.689
2714.11,-54.857
2714.36,-55.839
2714.60,-57.351
2714.84,-58.762
2715.09,-55.788
2715.33,-56.705
2715.58,-55.711
2715.82,-59.868
2716.06,-54.383
2716.31,-55.300
2716.55,-58.136
2716.80,-56.530
2717.04,-54.448
2717.29,-56.689
2717.53,-54.814
2717.77,-54.081
2718.02,-54.450
2718.26,-54.939
2718.51,-56.913
2718.75,-57.088
2718.99,-53.567
2719.24,-56.664
2719.48,-57.188
2719.73,-53.345
2719.97,-57.212
2720.21,-56.446
2720.46,-55.247
2720.70,-57.907
2720.95,-56.685
2721.19,-56.443
2721.44,-57.791
2721.68,-55.771
2721.92,-55.928
2722.17,-57.728
2722.41,-56.716
2722.66,-56.708
2722.90,-58.060
2723.14,-58.604
2723.39,-58.762
2723.63,-59.365
2723.88,-56.705
2724.12,-55.590
2724.37,-56.492
2724.61,-53.735
2724.85,-55.297
2725.10,-56.361
2725.34,-56.564
2725.59,-56.118
2725.83,-55.134
2726.07,-55.181
2726.32,-55.494
2726.56,-55.727
2726.81,-54.175
2727.05,-55.937
2727.29,-56.243
2727.54,-55.174
2727.78,-54.570
2728.03,-55.299
2728.27,-56.232
2728.52,-56.650
2728.76,-53.813
2729.00,-57.139
2729.25,-54.864
2729.49,-54.994
2729.74,-54.736
2729.98,-55.867
2730.22,-58.055
2730.47,-56.412
2730.71,-58.470
2730.96,-57.439
2731.20,-54.797
2731.45,-55.226
2731.69,-53.386
2731.93,-55.734
2732.18,-56.569
2732.42,-56.213
2732.67,-54.371
2732.91,-54.439
2733.15,-55.691
2733.40,-55.958
2733.64,-59.145
2733.89,-55.576
2734.13,-55.644
2734.38,-53.763
2734.62,-52.928
2734.86,-54.035
2735.11,-57.592
2735.35,-55.775
2735.60,-54.429
2735.84,-56.906
2736.08,-56.076
2736.33,-53.893
2736.57,-56.669
2736.82,-53.663
2737.06,-52.361
2737.30,-56.416
2737.55,-54.648
2737.79,-57.123
2738.04,-51.982
2738.28,-53.106
2738.53,-53.972
2738.77,-52.851
2739.01,-57.463
2739.26,-54.551
2739.50,-53.966
2739.75,-53.246
2739.99,-53.622
2740.23,-53.256
2740.48,-55.556
2740.72,-54.758
2740.97,-52.647
2741.21,-54.396
2741.46,-52.172
2741.70,-55.001
2741.94,-53.308
2742.19,-52.728
2742.43,-54.992
2742.68,-53.762
2742.92,-53.509
2743.16,-53.362
2743.41,-53.273
2743.65,-56.026
2743.90,-53.802
2744.14,-54.410
2744.38,-53.132
2744.63,-55.063
2744.87,-55.321
2745.12,-55.078
2745.36,-54.849
2745.61,-52.002
2745.85,-55.339
2746.09,-53.405
2746.34,-54.214
2746.58,-53.661
2746.83,-55.116
2747.07,-54.924
2747.31,-54.011
2747.56,-54.738
2747.80,-55.446
2748.05,-55.584
2748.29,-52.340
2748.54,-53.905
2748.78,-54.703
2749.02,-54.233
2749.27,-55.613
2749.51,-53.076
2749.76,-54.251
2750.00,-52.915
2750.24,-53.970
2750.49,-54.574
2750.73,-52.500
2750.98,-53.443
2751.22,-51.353
2751.46,-52.612
2751.71,-54.534
2751.95,-53.482
2752.20,-52.516
2752.44,-53.387
2752.69,-55.070
2752.93,-53.718
2753.17,-52.303
2753.42,-51.859
2753.66,-53.912
2753.91,-52.687
2754.15,-54.699
2754.39,-54.743
2754.64,-54.433
2754.88,-55.178
2755.13,-52.826
2755.37,-52.272
2755.62,-52.815
2755.86,-51.817
2756.10,-52.442
2756.35,-53.188
2756.59,-52.908
2756.84,-54.848
2757.08,-54.738
2757.32,-54.063
2757.57,-54.307
2757.81,-53.421
2758.06,-53.868
2758.30,-51.930
2758.54,-53.116
2758.79,-52.502
2759.03,-52.148
2759.28,-54.751
2759.52,-55.504
2759.77,-54.662
2760.01,-51.523
2760.25,-51.920
2760.50,-51.709
2760.74,-50.629
2760.99,-53.351
2761.23,-54.307
2761.47,-52.284
2761.72,-52.732
2761.96,-51.073
2762.21,-51.166
2762.45,-51.636
2762.70,-52.670
2762.94,-50.979
2763.18,-52.840
2763.43,-51.375
2763.67,-50.890
2763.92,-49.750
2764.16,-49.918
2764.40,-50.904
2764.65,-51.238
2764.89,-50.743
2765.14,-52.102
2765.38,-52.951
2765.62,-53.681
2765.87,-51.697
2766.11,-51.822
2766.36,-53.647
2766.60,-48.756
2766.85,-49.903
2767.09,-50.431
2767.33,-52.812
2767.58,-51.951
2767.82,-53.946
2768.07,-51.426
2768.31,-50.923
2768.55,-49.713
2768.80,-50.657
2769.04,-52.185
2769.29,-48.960
2769.53,-51.722
2769.78,-50.605
2770.02,-52.715
2770.26,-51.299
2770.51,-50.496
2770.75,-51.974
2771.00,-51.478
2771.24,-53.432
2771.48,-49.394
2771.73,-49.016
2771.97,-49.423
2772.22,-51.292
2772.46,-51.408
2772.71,-52.382
2772.95,-50.256
2773.19,-50.708
2773.44,-51.025
2773.68,-50.087
2773.93,-47.595
2774.17,-48.588
2774.41,-49.261
2774.66,-52.364
2774.90,-51.702
2775.15,-48.759
2775.39,-50.317
2775.63,-52.305
2775.88,-48.846
2776.12,-48.928
2776.37,-47.105
2776.61,-51.339
2776.86,-48.366
2777.10,-47.471
2777.34,-48.194
2777.59,-50.802
2777.83,-50.466
2778.08,-49.389
2778.32,-50.781
2778.56,-46.708
2778.81,-47.774
2779.05,-48.359
2779.30,-49.690
2779.54,-50.741
2779.79,-50.592
2780.03,-48.925
2780.27,-47.459
2780.52,-49.867
2780.76,-48.700
2781.01,-48.887
2781.25,-48.270
2781.49,-48.515
2781.74,-48.057
2781.98,-49.319
2782.23,-49.336
2782.47,-50.941
2782.71,-49.669
2782.96,-47.902
2783.20,-47.776
2783.45,-47.582
2783.69,-49.213
2783.94,-47.346
2784.18,-46.872
2784.42,-48.576
2784.67,-48.348
2784.91,-48.746
2785.16,-48.400
2785.40,-48.423
2785.64,-49.185
2785.89,-47.782
2786.13,-50.405
2786.38,-47.191
2786.62,-47.381
2786.87,-46.751
2787.11,-48.428
2787.35,-46.749
2787.60,-47.466
2787.84,-48.951
2788.09,-49.173
2788.33,-46.693
2788.57,-48.107
2788.82,-45.744
2789.06,-47.461
2789.31,-46.153
2789.55,-46.792
2789.79,-45.737
2790.04,-44.338
2790.28,-47.415
2790.53,-45.289
2790.77,-48.386
2791.02,-48.442
2791.26,-43.098
2791.50,-46.834
2791.75,-45.826
2791.99,-44.706
2792.24,-45.135
2792.48,-45.142
2792.72,-46.952
2792.97,-47.407
2793.21,-45.708
2793.46,-45.964
2793.70,-47.443
2793.95,-44.687
2794.19,-43.923
2794.43,-45.098
2794.68,-45.727
2794.92,-45.498
2795.17,-45.376
2795.41,-47.286
2795.65,-45.477
2795.90,-43.959
2796.14,-46.188
2796.39,-44.417
2796.63,-46.169
2796.88,-45.634
2797.12,-48.045
2797.36,-43.237
2797.61,-42.975
2797.85,-44.211
2798.10,-42.440
2798.34,-43.399
2798.58,-44.575
2798.83,-43.542
2799.07,-46.416
2799.32,-42.834
2799.56,-44.192
2799.80,-46.259
2800.05,-46.117
2800.29,-44.053
2800.54,-45.523
2800.78,-44.007
2801.03,-43.679
2801.27,-47.577
2801.51,-43.625
2801.76,-44.531
2802.00,-41.419
2802.25,-44.234
2802.49,-42.363
2802.73,-41.779
2802.98,-42.407
2803.22,-44.058
2803.47,-43.886
2803.71,-42.908
2803.96,-42.299
2804.20,-41.841
2804.44,-43.477
2804.69,-42.902
2804.93,-42.582
2805.18,-41.887
2805.42,-40.965
2805.66,-42.446
2805.91,-41.923
2806.15,-40.116
2806.40,-42.236
2806.64,-41.718
2806.88,-40.016
2807.13,-41.895
2807.37,-42.262
2807.62,-40.859
2807.86,-40.031
2808.11,-40.890
2808.35,-39.918
2808.59,-41.966
2808.84,-41.730
2809.08,-42.396
2809.33,-41.463
2809.57,-41.233
2809.81,-41.049
2810.06,-39.720
2810.30,-40.176
2810.55,-41.416
2810.79,-42.175
2811.04,-39.076
2811.28,-40.379
2811.52,-40.105
2811.77,-40.910
2812.01,-40.603
2812.26,-40.476
2812.50,-39.282
2812.74,-39.901
2812.99,-39.991
2813.23,-40.905
2813.48,-38.632
2813.72,-40.668
2813.96,-41.427
2814.21,-38.920
2814.45,-39.351
2814.70,-38.753
2814.94,-40.097
2815.19,-39.702
2815.43,-38.696
2815.67,-37.587
2815.92,-40.109
2816.16,-38.862
2816.41,-39.198
2816.65,-39.938
2816.89,-41.186
2817.14,-39.640
2817.38,-40.351
2817.63,-40.685
2817.87,-39.995
2818.12,-39.650
2818.36,-39.467
2818.60,-37.517
2818.85,-38.060
2819.09,-36.957
2819.34,-40.321
2819.58,-38.489
2819.82,-38.929
2820.07,-39.880
2820.31,-38.259
2820.56,-40.211
2820.80,-37.076
2821.04,-39.775
2821.29,-38.793
2821.53,-41.180
2821.78,-39.443
2822.02,-40.079
2822.27,-38.545
2822.51,-40.010
2822.75,-38.849
2823.00,-39.314
2823.24,-39.539
2823.49,-40.018
2823.73,-43.398
2823.97,-42.158
2824.22,-41.526
2824.46,-40.316
2824.71,-40.937
2824.95,-39.097
2825.20,-39.636
2825.44,-40.854
2825.68,-41.643
2825.93,-40.831
2826.17,-41.569
2826.42,-43.859
2826.66,-41.518
2826.90,-39.350
2827.15,-38.330
2827.39,-39.698
2827.64,-40.321
2827.88,-39.933
2828.12,-42.954
2828.37,-41.082
2828.61,-41.639
2828.86,-43.093
2829.10,-41.819
2829.35,-41.656
2829.59,-41.745
2829.83,-42.460
2830.08,-42.797
2830.32,-44.291
2830.57,-43.432
2830.81,-40.357
2831.05,-41.688
2831.30,-43.738
2831.54,-43.758
2831.79,-45.770
2832.03,-42.441
2832.28,-43.429
2832.52,-41.503
2832.76,-42.970
2833.01,-43.250
2833.25,-42.242
2833.50,-43.418
2833.74,-44.692
2833.98,-43.937
2834.23,-43.060
2834.47,-42.349
2834.72,-41.506
2834.96,-43.926
2835.21,-42.244
2835.45,-43.118
2835.69,-44.137
2835.94,-44.825
2836.18,-45.243
2836.43,-42.974
2836.67,-42.698
2836.91,-44.463
2837.16,-45.998
2837.40,-44.150
2837.65,-45.522
2837.89,-44.554
2838.13,-42.713
2838.38,-43.151
2838.62,-43.492
2838.87,-44.702
2839.11,-45.851
2839.36,-44.843
2839.60,-46.843
2839.84,-44.640
2840.09,-42.567
2840.33,-44.381
2840.58,-43.575
2840.82,-47.012
2841.06,-45.805
2841.31,-47.192
2841.55,-45.515
2841.80,-45.175
2842.04,-46.295
2842.29,-43.670
2842.53,-46.654
2842.77,-47.804
2843.02,-48.612
2843.26,-47.465
2843.51,-46.394
2843.75,-48.235
2843.99,-45.785
2844.24,-44.247
2844.48,-48.039
2844.73,-45.422
2844.97,-44.135
2845.21,-46.817
2845.46,-45.279
2845.70,-48.734
2845.95,-48.048
2846.19,-48.331
2846.44,-46.441
2846.68,-44.233
2846.92,-48.755
2847.17,-49.687
2847.41,-47.750
2847.66,-49.636
2847.90,-46.275
2848.14,-46.181
2848.39,-44.730
2848.63,-45.669
2848.88,-47.667
2849.12,-47.719
2849.37,-47.364
2849.61,-51.080
2849.85,-50.376
2850.10,-48.176
2850.34,-48.399
2850.59,-48.556
2850.83,-48.200
2851.07,-47.913
2851.32,-48.522
2851.56,-47.951
2851.81,-50.201
2852.05,-49.839
2852.29,-48.164
2852.54,-50.005
2852.78,-50.625
2853.03,-46.386
2853.27,-48.812
2853.52,-45.571
2853.76,-48.277
2854.00,-47.632
2854.25,-48.831
2854.49,-49.184
2854.74,-49.151
2854.98,-47.557
2855.22,-48.223
2855.47,-50.718
2855.71,-47.848
2855.96,-49.272
2856.20,-49.771
2856.45,-49.219
2856.69,-50.068
2856.93,-49.778
2857.18,-47.854
2857.42,-51.621
2857.67,-52.158
2857.91,-50.499
2858.15,-49.986
2858.40,-50.307
2858.64,-49.955
2858.89,-48.325
2859.13,-51.357
2859.38,-51.231
2859.62,-50.929
2859.86,-51.053
2860.11,-50.332
2860.35,-49.486
2860.60,-53.307
2860.84,-50.347
2861.08,-53.213
2861.33,-49.255
2861.57,-49.152
2861.82,-50.626
2862.06,-48.462
2862.30,-50.946
2862.55,-50.118
2862.79,-53.264
2863.04,-49.592
2863.28,-49.322
2863.53,-50.430
2863.77,-48.981
2864.01,-49.816
2864.26,-49.789
2864.50,-50.298
2864.75,-50.264
2864.99,-54.008
2865.23,-51.179
2865.48,-49.322
2865.72,-51.138
2865.97,-52.472
2866.21,-50.036
2866.46,-50.828
2866.70,-50.897
2866.94,-50.994
2867.19,-52.553
2867.43,-51.054
2867.68,-53.283
2867.92,-51.166
2868.16,-50.925
2868.41,-52.132
2868.65,-49.980
2868.90,-51.550
2869.14,-50.464
2869.38,-50.612
2869.63,-52.871
2869.87,-51.992
2870.12,-50.336
2870.36,-51.335
2870.61,-51.322
2870.85,-51.668
2871.09,-52.170
2871.34,-50.564
2871.58,-53.084
2871.83,-49.892
2872.07,-49.325
2872.31,-49.814
2872.56,-50.879
2872.80,-50.421
2873.05,-50.682
2873.29,-52.394
2873.54,-52.114
2873.78,-53.418
2874.02,-50.099
2874.27,-52.640
2874.51,-52.411
2874.76,-50.022
2875.00,-52.170
2875.24,-51.550
2875.49,-53.119
2875.73,-49.162
2875.98,-51.747
2876.22,-52.659
2876.46,-52.662
2876.71,-51.050
2876.95,-54.445
2877.20,-53.137
2877.44,-53.137
2877.69,-51.465
2877.93,-52.118
2878.17,-51.515
2878.42,-53.414
2878.66,-52.504
2878.91,-53.544
2879.15,-53.384
2879.39,-53.099
2879.64,-51.425
2879.88,-52.293
2880.13,-53.228
2880.37,-51.810
2880.62,-52.235
2880.86,-51.870
2881.10,-50.531
2881.35,-52.614
2881.59,-51.179
2881.84,-50.645
2882.08,-51.916
2882.32,-52.604
2882.57,-51.068
2882.81,-51.533
2883.06,-53.026
2883.30,-55.165
2883.54,-54.411
2883.79,-53.784
2884.03,-51.778
2884.28,-51.669
2884.52,-51.147
2884.77,-53.991
2885.01,-54.705
2885.25,-53.703
2885.50,-52.911
2885.74,-53.003
2885.99,-54.457
2886.23,-52.178
2886.47,-54.027
2886.72,-53.749
2886.96,-51.178
2887.21,-53.443
2887.45,-54.613
2887.70,-53.537
2887.94,-53.047
2888.18,-54.836
2888.43,-54.707
2888.67,-54.279
2888.92,-52.865
2889.16,-56.725
2889.40,-54.058
2889.65,-53.870
2889.89,-56.611
2890.14,-58.210
2890.38,-53.859
2890.62,-50.780
2890.87,-54.128
2891.11,-55.220
2891.36,-54.542
2891.60,-53.324
2891.85,-53.831
2892.09,-56.453
2892.33,-52.572
2892.58,-51.262
2892.82,-52.056
2893.07,-52.519
2893.31,-53.112
2893.55,-54.227
2893.80,-55.991
2894.04,-55.256
2894.29,-52.078
2894.53,-51.368
2894.78,-53.487
2895.02,-52.048
2895.26,-51.994
2895.51,-55.316
2895.75,-53.287
2896.00,-51.698
2896.24,-53.803
2896.48,-52.655
2896.73,-50.161
2896.97,-52.626
2897.22,-53.653
2897.46,-54.374
2897.71,-55.832
2897.95,-54.040
2898.19,-54.713
2898.44,-54.208
2898.68,-54.121
2898.93,-53.851
2899.17,-53.851
2899.41,-55.858
2899.66,-55.772
2899.90,-54.048
2900.15,-54.495
2900.39,-54.316
2900.63,-54.453
2900.88,-52.724
2901.12,-55.427
2901.37,-55.022
2901.61,-53.277
2901.86,-56.449
2902.10,-52.891
2902.34,-52.916
2902.59,-52.806
2902.83,-52.978
2903.08,-53.190
2903.32,-51.784
2903.56,-51.420
2903.81,-54.799
2904.05,-56.203
2904.30,-53.581
2904.54,-54.612
2904.79,-55.182
2905.03,-54.163
2905.27,-56.681
2905.52,-53.533
2905.76,-54.299
2906.01,-56.434
2906.25,-55.062
2906.49,-54.387
2906.74,-55.408
2906.98,-52.369
2907.23,-53.795
2907.47,-54.186
2907.71,-55.704
2907.96,-52.361
2908.20,-54.709
2908.45,-55.584
2908.69,-53.784
2908.94,-56.503
2909.18,-54.583
2909.42,-55.980
2909.67,-54.545
2909.91,-53.718
2910.16,-53.199
2910.40,-54.978
2910.64,-54.292
2910.89,-53.520
2911.13,-54.272
2911.38,-55.871
2911.62,-56.422
2911.87,-54.382
2912.11,-56.105
2912.35,-55.182
2912.60,-52.847
2912.84,-55.925
2913.09,-53.833
2913.33,-56.187
2913.57,-55.688
2913.82,-54.119
2914.06,-53.864
2914.31,-55.063
2914.55,-53.709
2914.79,-54.998
2915.04,-55.529
2915.28,-56.420
2915.53,-52.174
2915.77,-53.114
2916.02,-53.939
2916.26,-55.221
2916.50,-58.147
2916.75,-56.318
2916.99,-53.355
2917.24,-53.731
2917.48,-56.527
2917.72,-52.958
2917.97,-54.380
2918.21,-52.360
2918.46,-54.993
2918.70,-56.681
2918.95,-56.541
2919.19,-55.785
2919.43,-53.543
2919.68,-54.771
2919.92,-54.577
2920.17,-54.346
2920.41,-54.582
2920.65,-54.544
2920.90,-54.813
2921.14,-55.125
2921.39,-54.981
2921.63,-58.503
2921.88,-56.619
2922.12,-57.324
2922.36,-54.736
2922.61,-56.367
2922.85,-54.422
2923.10,-57.047
2923.34,-51.977
2923.58,-55.630
2923.83,-54.549
2924.07,-52.699
2924.32,-54.018
2924.56,-54.873
2924.80,-54.222
2925.05,-54.934
2925.29,-54.599
2925.54,-52.744
2925.78,-54.387
2926.03,-54.496
2926.27,-54.227
2926.51,-56.405
2926.76,-54.513
2927.00,-56.612
2927.25,-55.492
2927.49,-54.760
2927.73,-55.794
2927.98,-54.443
2928.22,-55.272
2928.47,-55.088
2928.71,-55.305
2928.96,-57.428
2929.20,-56.371
2929.44,-56.415
2929.69,-54.567
2929.93,-54.973
2930.18,-53.956
2930.42,-56.382
2930.66,-53.855
2930.91,-54.387
2931.15,-54.671
2931.40,-57.226
2931.64,-55.837
2931.88,-54.388
2932.13,-55.226
2932.37,-57.045
2932.62,-54.068
2932.86,-56.042
2933.11,-56.349
2933.35,-54.308
2933.59,-55.353
2933.84,-55.808
2934.08,-55.927
2934.33,-55.727
2934.57,-58.001
2934.81,-56.413
2935.06,-56.159
2935.30,-55.754
2935.55,-57.324
2935.79,-53.040
2936.04,-57.636
2936.28,-58.340
2936.52,-55.671
2936.77,-55.145
2937.01,-56.205
2937.26,-55.858
2937.50,-52.938
2937.74,-54.529
2937.99,-54.875
2938.23,-54.796
2938.48,-57.828
2938.72,-54.817
2938.96,-54.844
2939.21,-55.301
2939.45,-55.161
2939.70,-54.897
2939.94,-56.194
2940.19,-55.724
2940.43,-56.429
2940.67,-56.200
2940.92,-56.473
2941.16,-56.345
2941.41,-57.090
2941.65,-56.311
2941.89,-54.188
2942.14,-56.961
2942.38,-54.726
2942.63,-56.175
2942.87,-54.492
2943.12,-54.744
2943.36,-58.543
2943.60,-56.511
2943.85,-54.768
2944.09,-55.698
2944.34,-54.244
2944.58,-56.469
2944.82,-56.176
2945.07,-56.133
2945.31,-58.710
2945.56,-56.095
2945.80,-53.628
2946.04,-56.007
2946.29,-55.997
2946.53,-55.264
2946.78,-54.454
2947.02,-57.166
2947.27,-54.940
2947.51,-54.862
2947.75,-56.027
2948.00,-57.273
2948.24,-55.004
2948.49,-58.469
2948.73,-56.387
2948.97,-53.821
2949.22,-54.899
2949.46,-53.805
2949.71,-55.880
2949.95,-55.178
2950.20,-57.957
2950.44,-55.751
2950.68,-54.127
2950.93,-54.023
2951.17,-54.862
2951.42,-57.668
2951.66,-58.099
2951.90,-53.763
2952.15,-56.294
2952.39,-56.542
2952.64,-55.407
2952.88,-55.813
2953.12,-57.181
2953.37,-56.173
2953.61,-54.182
2953.86,-54.730
2954.10,-53.686
2954.35,-57.122
2954.59,-56.417
2954.83,-56.482
2955.08,-56.268
2955.32,-54.704
2955.57,-53.851
2955.81,-55.640
2956.05,-55.805
2956.30,-54.492
2956.54,-52.872
2956.79,-57.029
2957.03,-54.037
2957.28,-56.033
2957.52,-56.093
2957.76,-58.072
2958.01,-55.133
2958.25,-54.711
2958.50,-56.818
2958.74,-54.706
2958.98,-56.375
2959.23,-54.467
2959.47,-55.596
2959.72,-56.914
2959.96,-56.346
2960.21,-55.583
2960.45,-55.001
2960.69,-54.491
2960.94,-56.604
2961.18,-54.681
2961.43,-56.227
2961.67,-55.605
2961.91,-54.636
2962.16,-57.193
2962.40,-56.049
2962.65,-55.098
2962.89,-53.546
2963.13,-55.991
2963.38,-57.697
2963.62,-55.168
2963.87,-55.292
2964.11,-55.345
2964.36,-54.589
2964.60,-57.692
2964.84,-55.900
2965.09,-55.171
2965.33,-55.940
2965.58,-56.897
2965.82,-57.179
2966.06,-58.040
2966.31,-57.788
2966.55,-56.411
2966.80,-54.432
2967.04,-53.495
2967.29,-56.799
2967.53,-55.060
2967.77,-54.392
2968.02,-56.043
2968.26,-54.544
2968.51,-53.375
2968.75,-54.731
2968.99,-55.305
2969.24,-54.759
2969.48,-56.861
2969.73,-56.797
2969.97,-53.909
2970.21,-53.217
2970.46,-53.882
2970.70,-53.460
2970.95,-54.767
2971.19,-54.796
2971.44,-55.965
2971.68,-55.572
2971.92,-55.291
2972.17,-54.666
2972.41,-57.501
2972.66,-56.862
2972.90,-56.021
2973.14,-55.843
2973.39,-52.267
2973.63,-54.130
2973.88,-53.695
2974.12,-54.888
2974.37,-57.623
2974.61,-56.144
2974.85,-55.228
2975.10,-55.983
2975.34,-55.567
2975.59,-55.582
2975.83,-55.379
2976.07,-56.106
2976.32,-54.611
2976.56,-56.465
2976.81,-56.390
2977.05,-55.456
2977.29,-56.598
2977.54,-55.161
2977.78,-54.594
2978.03,-56.700
2978.27,-56.679
2978.52,-53.928
2978.76,-57.426
2979.00,-55.721
2979.25,-54.627
2979.49,-54.648
2979.74,-55.208
2979.98,-54.172
2980.22,-54.392
2980.47,-54.973
2980.71,-53.552
2980.96,-56.884
2981.20,-55.724
2981.45,-55.434
2981.69,-53.985
2981.93,-53.290
2982.18,-54.666
2982.42,-55.408
2982.67,-55.092
2982.91,-57.799
2983.15,-55.084
2983.40,-56.980
2983.64,-54.262
2983.89,-52.573
2984.13,-54.485
2984.38,-52.220
2984.62,-54.698
2984.86,-55.169
2985.11,-55.164
2985.35,-54.230
2985.60,-54.755
2985.84,-57.841
2986.08,-56.170
2986.33,-56.192
2986.57,-54.449
2986.82,-55.617
2987.06,-55.153
2987.30,-54.681
2987.55,-54.326
2987.79,-55.764
2988.04,-57.291
2988.28,-54.595
2988.53,-53.597
2988.77,-53.090
2989.01,-54.304
2989.26,-56.394
2989.50,-59.360
2989.75,-58.193
2989.99,-55.174
2990.23,-56.115
2990.48,-54.053
2990.72,-53.940
2990.97,-51.800
2991.21,-53.860
2991.46,-53.284
2991.70,-55.558
2991.94,-53.384
2992.19,-55.992
2992.43,-54.562
2992.68,-54.481
2992.92,-54.991
2993.16,-56.068
2993.41,-55.594
2993.65,-55.232
2993.90,-53.586
2994.14,-55.153
2994.38,-51.587
2994.63,-55.186
2994.87,-52.335
2995.12,-53.521
2995.36,-54.100
2995.61,-52.895
2995.85,-54.113
2996.09,-53.763
2996.34,-52.731
2996.58,-56.981
2996.83,-54.450
2997.07,-56.579
2997.31,-54.664
2997.56,-53.332
2997.80,-55.215
2998.05,-54.177
2998.29,-53.630
2998.54,-53.205
2998.78,-54.324
2999.02,-56.577
2999.27,-52.027
2999.51,-55.536
2999.76,-54.801
3000.00,-55.078
3000.24,-54.284
3000.49,-54.821
3000.73,-53.131
3000.98,-55.778
3001.22,-55.021
3001.46,-52.976
3001.71,-53.278
3001.95,-53.926
3002.20,-53.386
3002.44,-54.061
3002.69,-54.340
3002.93,-54.716
3003.17,-54.492
3003.42,-53.693
3003.66,-52.544
3003.91,-52.834
3004.15,-53.020
3004.39,-52.753
3004.64,-52.009
3004.88,-56.682
3005.13,-51.782
3005.37,-52.570
3005.62,-55.089
3005.86,-57.066
3006.10,-51.671
3006.35,-53.567
3006.59,-53.781
3006.84,-53.977
3007.08,-54.723
3007.32,-50.955
3007.57,-52.947
3007.81,-52.602
3008.06,-52.780
3008.30,-52.634
3008.54,-52.507
3008.79,-54.736
3009.03,-50.838
3009.28,-53.490
3009.52,-52.497
3009.77,-53.092
3010.01,-54.332
3010.25,-54.329
3010.50,-53.411
3010.74,-52.500
3010.99,-53.168
3011.23,-50.234
3011.47,-51.042
3011.72,-53.098
3011.96,-54.829
3012.21,-53.798
3012.45,-54.851
3012.70,-53.232
3012.94,-52.641
3013.18,-53.067
3013.43,-54.198
3013.67,-53.201
3013.92,-52.352
3014.16,-51.292
3014.40,-53.648
3014.65,-52.168
3014.89,-54.265
3015.14,-50.941
3015.38,-50.920
3015.62,-54.239
3015.87,-53.893
3016.11,-54.607
3016.36,-53.568
3016.60,-52.661
3016.85,-51.820
3017.09,-50.665
3017.33,-52.357
3017.58,-51.985
3017.82,-54.942
3018.07,-52.703
3018.31,-52.789
3018.55,-53.905
3018.80,-54.238
3019.04,-54.068
3019.29,-53.106
3019.53,-53.770
3019.78,-56.153
3020.02,-51.991
3020.26,-52.333
3020.51,-50.847
3020.75,-50.726
3021.00,-49.953
3021.24,-52.301
3021.48,-52.198
3021.73,-54.064
3021.97,-53.774
3022.22,-53.917
3022.46,-51.775
3022.71,-52.840
3022.95,-51.378
3023.19,-52.820
3023.44,-52.420
3023.68,-54.621
3023.93,-51.678
3024.17,-51.389
3024.41,-51.104
3024.66,-52.457
3024.90,-52.551
3025.15,-51.982
3025.39,-50.872
3025.63,-54.719
3025.88,-53.067
3026.12,-55.585
3026.37,-54.146
3026.61,-51.651
3026.86,-51.836
3027.10,-52.836
3027.34,-53.910
3027.59,-51.526
3027.83,-49.051
3028.08,-51.424
3028.32,-52.989
3028.56,-53.031
3028.81,-52.338
3029.05,-54.177
3029.30,-51.741
3029.54,-50.537
3029.79,-53.018
3030.03,-51.148
3030.27,-54.555
3030.52,-54.441
3030.76,-53.751
3031.01,-50.707
3031.25,-52.008
3031.49,-50.929
3031.74,-51.564
3031.98,-54.397
3032.23,-52.682
3032.47,-52.090
3032.71,-54.346
3032.96,-49.899
3033.20,-50.538
3033.45,-51.770
3033.69,-51.336
3033.94,-50.446
3034.18,-53.436
3034.42,-50.030
3034.67,-50.750
3034.91,-50.623
3035.16,-50.012
3035.40,-49.985
3035.64,-49.271
3035.89,-51.687
3036.13,-53.239
3036.38,-50.390
3036.62,-47.870
3036.87,-52.674
3037.11,-49.993
3037.35,-49.865
3037.60,-51.598
3037.84,-51.064
3038.09,-50.528
3038.33,-52.057
3038.57,-52.008
3038.82,-48.767
3039.06,-50.566
3039.31,-49.379
3039.55,-49.530
3039.79,-50.450
3040.04,-50.960
3040.28,-49.685
3040.53,-49.546
3040.77,-50.978
3041.02,-51.007
3041.26,-48.753
3041.50,-51.183
3041.75,-51.979
3041.99,-49.085
3042.24,-50.110
3042.48,-49.232
3042.72,-49.690
3042.97,-50.498
3043.21,-50.346
3043.46,-47.774
3043.70,-47.699
3043.95,-48.559
3044.19,-52.343
3044.43,-48.739
3044.68,-48.801
3044.92,-51.200
3045.17,-49.857
3045.41,-48.926
3045.65,-49.682
3045.90,-50.316
3046.14,-49.259
3046.39,-48.024
3046.63,-49.611
3046.88,-52.417
3047.12,-52.402
3047.36,-51.080
3047.61,-48.733
3047.85,-50.575
3048.10,-50.400
3048.34,-49.607
3048.58,-50.238
3048.83,-48.941
3049.07,-50.396
3049.32,-47.363
3049.56,-49.856
3049.80,-50.191
3050.05,-50.210
3050.29,-49.028
3050.54,-48.051
3050.78,-48.624
3051.03,-49.285
3051.27,-49.389
3051.51,-51.325
3051.76,-48.821
3052.00,-48.166
3052.25,-48.127
3052.49,-49.523
3052.73,-49.453
3052.98,-47.780
3053.22,-46.777
3053.47,-50.240
3053.71,-48.891
3053.96,-47.346
3054.20,-47.493
3054.44,-46.163
3054.69,-46.952
3054.93,-49.485
3055.18,-48.495
3055.42,-47.433
3055.66,-48.698
3055.91,-46.054
3056.15,-48.514
3056.40,-46.679
3056.64,-47.872
3056.88,-46.491
3057.13,-48.073
3057.37,-44.831
3057.62,-46.894
3057.86,-46.795
3058.11,-46.143
3058.35,-48.621
3058.59,-46.404
3058.84,-48.923
3059.08,-47.515
3059.33,-46.656
3059.57,-48.176
3059.81,-47.260
3060.06,-46.051
3060.30,-47.507
3060.55,-47.485
3060.79,-49.738
3061.04,-45.805
3061.28,-46.619
3061.52,-46.618
3061.77,-46.396
3062.01,-45.034
3062.26,-44.984
3062.50,-45.690
3062.74,-46.570
3062.99,-46.985
3063.23,-46.745
3063.48,-47.226
3063.72,-47.125
3063.96,-45.786
3064.21,-47.710
3064.45,-44.619
3064.70,-45.152
3064.94,-44.348
3065.19,-45.233
3065.43,-44.366
3065.67,-48.015
3065.92,-44.858
3066.16,-45.818
3066.41,-45.473
3066.65,-45.328
3066.89,-46.631
3067.14,-45.480
3067.38,-44.264
3067.63,-46.054
3067.87,-45.518
3068.12,-45.636
3068.36,-44.887
3068.60,-46.473
3068.85,-46.988
3069.09,-46.879
3069.34,-44.073
3069.58,-45.207
3069.82,-44.421
3070.07,-43.192
3070.31,-44.590
3070.56,-42.164
3070.80,-43.811
3071.04,-44.826
3071.29,-46.843
3071.53,-43.010
3071.78,-43.534
3072.02,-44.363
3072.27,-44.757
3072.51,-45.010
3072.75,-41.654
3073.00,-46.662
3073.24,-45.094
3073.49,-43.397
3073.73,-43.199
3073.97,-42.366
3074.22,-45.185
3074.46,-43.428
3074.71,-42.231
3074.95,-41.576
3075.20,-42.181
3075.44,-43.940
3075.68,-44.592
3075.93,-43.431
3076.17,-41.342
3076.42,-42.661
3076.66,-42.115
3076.90,-42.724
3077.15,-42.610
3077.39,-44.746
3077.64,-43.201
3077.88,-44.518
3078.12,-41.947
3078.37,-42.439
3078.61,-43.432
3078.86,-41.466
3079.10,-41.103
3079.35,-43.096
3079.59,-41.755
3079.83,-42.966
3080.08,-41.246
3080.32,-42.645
3080.57,-43.222
3080.81,-40.322
3081.05,-40.260
3081.30,-43.216
3081.54,-41.689
3081.79,-42.040
3082.03,-41.201
3082.28,-40.284
3082.52,-39.487
3082.76,-42.554
3083.01,-40.723
3083.25,-38.721
3083.50,-40.550
3083.74,-39.915
3083.98,-38.632
3084.23,-42.613
3084.47,-41.420
3084.72,-42.725
3084.96,-38.640
3085.21,-40.215
3085.45,-40.007
3085.69,-39.919
3085.94,-39.047
3086.18,-41.163
3086.43,-39.686
3086.67,-43.004
3086.91,-40.663
3087.16,-38.854
3087.40,-40.406
3087.65,-41.436
3087.89,-41.124
3088.13,-40.759
3088.38,-38.857
3088.62,-37.425
3088.87,-37.764
3089.11,-38.179
3089.36,-40.226
3089.60,-38.838
3089.84,-40.634
3090.09,-39.387
3090.33,-39.375
3090.58,-39.131
3090.82,-42.669
3091.06,-39.399
3091.31,-38.666
3091.55,-38.035
3091.80,-39.458
3092.04,-37.323
3092.29,-39.536
3092.53,-39.414
3092.77,-41.002
3093.02,-38.541
3093.26,-39.608
3093.51,-39.890
3093.75,-39.705
3093.99,-38.560
3094.24,-39.956
3094.48,-40.108
3094.73,-38.930
3094.97,-40.152
3095.21,-41.148
3095.46,-40.628
3095.70,-37.859
3095.95,-38.108
3096.19,-39.180
3096.44,-39.734
3096.68,-38.131
3096.92,-43.347
3097.17,-40.622
3097.41,-37.178
3097.66,-41.963
3097.90,-38.293
3098.14,-41.060
3098.39,-40.136
3098.63,-38.564
3098.88,-40.761
3099.12,-39.143
3099.37,-39.171
3099.61,-40.917
3099.85,-40.371
3100.10,-42.805
3100.34,-40.274
3100.59,-38.191
3100.83,-39.006
3101.07,-41.512
3101.32,-39.796
3101.56,-38.863
3101.81,-39.772
3102.05,-42.041
3102.29,-42.593
3102.54,-40.363
3102.78,-37.948
3103.03,-39.197
3103.27,-39.302
3103.52,-38.938
3103.76,-39.215
3104.00,-42.280
3104.25,-42.912
3104.49,-42.094
3104.74,-43.191
3104.98,-42.110
3105.22,-41.293
3105.47,-41.888
3105.71,-39.591
3105.96,-41.607
3106.20,-42.087
3106.45,-39.783
3106.69,-43.128
3106.93,-39.292
3107.18,-41.585
3107.42,-42.777
3107.67,-42.196
3107.91,-39.255
3108.15,-40.062
3108.40,-41.441
3108.64,-39.400
3108.89,-41.777
3109.13,-40.949
3109.38,-41.194
3109.62,-44.235
3109.86,-41.986
3110.11,-42.622
3110.35,-42.054
3110.60,-43.163
3110.84,-39.708
3111.08,-41.209
3111.33,-43.492
3111.57,-43.192
3111.82,-44.051
3112.06,-43.643
3112.30,-42.282
3112.55,-43.135
3112.79,-41.719
3113.04,-42.489
3113.28,-43.107
3113.53,-43.853
3113.77,-44.980
3114.01,-43.935
3114.26,-44.184
3114.50,-46.289
3114.75,-44.327
3114.99,-42.306
3115.23,-46.850
3115.48,-43.053
3115.72,-44.473
3115.97,-43.625
3116.21,-41.394
3116.46,-44.134
3116.70,-44.306
3116.94,-43.124
3117.19,-44.462
3117.43,-45.478
3117.68,-45.617
3117.92,-43.484
3118.16,-44.744
3118.41,-45.020
3118.65,-48.149
3118.90,-44.201
3119.14,-44.914
3119.38,-43.677
3119.63,-45.944
3119.87,-46.645
3120.12,-45.048
3120.36,-43.133
3120.61,-45.223
3120.85,-43.252
3121.09,-45.811
3121.34,-44.444
3121.58,-44.560
3121.83,-45.349
3122.07,-44.307
3122.31,-44.986
3122.56,-46.334
3122.80,-46.552
3123.05,-45.851
3123.29,-48.497
3123.54,-44.323
3123.78,-43.390
3124.02,-47.625
3124.27,-45.998
3124.51,-44.759
3124.76,-45.151
3125.00,-44.878
3125.24,-46.600
3125.49,-47.181
3125.73,-47.259
3125.98,-47.888
3126.22,-47.307
3126.46,-48.106
3126.71,-48.692
3126.95,-49.090
3127.20,-50.010
3127.44,-47.766
3127.69,-49.787
3127.93,-46.497
3128.17,-44.509
3128.42,-46.730
3128.66,-46.657
3128.91,-47.950
3129.15,-44.564
3129.39,-48.627
3129.64,-46.748
3129.88,-46.331
3130.13,-47.650
3130.37,-46.383
3130.62,-44.577
3130.86,-46.902
3131.10,-50.705
3131.35,-48.170
3131.59,-45.901
3131.84,-47.055
3132.08,-48.060
3132.32,-49.348
3132.57,-47.477
3132.81,-46.604
3133.06,-49.300
3133.30,-48.106
3133.54,-47.197
3133.79,-48.375
3134.03,-49.524
3134.28,-49.252
3134.52,-48.563
3134.77,-49.356
3135.01,-49.224
3135.25,-46.718
3135.50,-46.017
3135.74,-49.545
3135.99,-48.515
3136.23,-49.965
3136.47,-47.506
3136.72,-45.667
3136.96,-48.801
3137.21,-51.386
3137.45,-51.190
3137.70,-48.871
3137.94,-50.849
3138.18,-48.998
3138.43,-50.963
3138.67,-48.686
3138.92,-47.580
3139.16,-49.409
3139.40,-50.447
3139.65,-50.365
3139.89,-46.623
3140.14,-46.740
3140.38,-49.854
3140.62,-47.510
3140.87,-48.622
3141.11,-50.474
3141.36,-50.410
3141.60,-49.969
3141.85,-47.737
3142.09,-48.970
3142.33,-48.342
3142.58,-49.814
3142.82,-48.133
3143.07,-48.478
3143.31,-51.267
3143.55,-48.549
3143.80,-50.816
3144.04,-50.589
3144.29,-51.109
3144.53,-53.128
3144.78,-49.520
3145.02,-50.061
3145.26,-52.746
3145.51,-50.707
3145.75,-48.640
3146.00,-53.046
3146.24,-49.446
3146.48,-52.339
3146.73,-49.232
3146.97,-49.915
3147.22,-49.464
3147.46,-51.915
3147.71,-50.634
3147.95,-50.544
3148.19,-49.270
3148.44,-47.330
3148.68,-49.566
3148.93,-51.133
3149.17,-49.546
3149.41,-52.555
3149.66,-49.810
3149.90,-50.463
3150.15,-51.616
3150.39,-49.685
3150.63,-50.873
3150.88,-53.838
3151.12,-50.500
3151.37,-47.466
3151.61,-50.021
3151.86,-50.299
3152.10,-51.979
3152.34,-47.598
3152.59,-51.228
3152.83,-51.068
3153.08,-50.381
3153.32,-53.637
3153.56,-53.955
3153.81,-52.632
3154.05,-52.847
3154.30,-50.789
3154.54,-51.485
3154.79,-52.607
3155.03,-49.901
3155.27,-50.101
3155.52,-52.335
3155.76,-50.328
3156.01,-50.898
3156.25,-50.657
3156.49,-51.168
3156.74,-49.668
3156.98,-51.340
3157.23,-54.410
3157.47,-51.033
3157.71,-50.881
3157.96,-51.724
3158.20,-50.175
3158.45,-49.693
3158.69,-51.481
3158.94,-51.620
3159.18,-52.679
3159.42,-52.909
3159.67,-52.511
3159.91,-51.268
3160.16,-51.909
3160.40,-51.305
3160.64,-52.867
3160.89,-52.005
3161.13,-51.393
3161.38,-52.943
3161.62,-52.722
3161.87,-50.721
3162.11,-51.091
3162.35,-52.154
3162.60,-51.304
3162.84,-51.151
3163.09,-51.113
3163.33,-51.791
3163.57,-51.713
3163.82,-52.729
3164.06,-53.860
3164.31,-52.894
3164.55,-51.684
3164.79,-51.625
3165.04,-51.312
3165.28,-51.714
3165.53,-51.088
3165.77,-52.790
3166.02,-50.217
3166.26,-52.466
3166.50,-54.437
3166.75,-52.733
3166.99,-51.155
3167.24,-53.858
3167.48,-52.928
3167.72,-53.529
3167.97,-49.109
3168.21,-51.210
3168.46,-53.087
3168.70,-53.161
3168.95,-52.886
3169.19,-54.230
3169.43,-53.000
3169.68,-51.403
3169.92,-51.337
3170.17,-56.761
3170.41,-53.991
3170.65,-52.876
3170.90,-52.906
3171.14,-51.526
3171.39,-50.837
3171.63,-50.379
3171.88,-51.796
3172.12,-54.016
3172.36,-53.454
3172.61,-53.660
3172.85,-52.669
3173.10,-54.072
3173.34,-54.221
3173.58,-54.149
3173.83,-52.056
3174.07,-54.879
3174.32,-51.826
3174.56,-53.452
3174.80,-52.370
3175.05,-53.648
3175.29,-52.882
3175.54,-51.796
3175.78,-54.634
3176.03,-51.421
3176.27,-53.871
3176.51,-53.787
3176.76,-52.635
3177.00,-52.424
3177.25,-51.785
3177.49,-52.409
3177.73,-52.124
3177.98,-54.397
3178.22,-55.096
3178.47,-52.510
3178.71,-53.517
3178.96,-51.955
3179.20,-53.880
3179.44,-54.268
3179.69,-53.183
3179.93,-53.653
3180.18,-55.062
3180.42,-55.469
3180.66,-55.491
3180.91,-55.195
3181.15,-51.625
3181.40,-55.467
3181.64,-54.965
3181.88,-56.723
3182.13,-57.011
3182.37,-57.630
3182.62,-53.714
3182.86,-54.744
3183.11,-56.499
3183.35,-52.399
3183.59,-53.543
3183.84,-52.282
3184.08,-54.805
3184.33,-53.095
3184.57,-53.939
3184.81,-56.060
3185.06,-54.643
3185.30,-55.403
3185.55,-56.254
3185.79,-53.352
3186.04,-52.472
3186.28,-53.589
3186.52,-55.199
3186.77,-52.546
3187.01,-51.450
3187.26,-55.114
3187.50,-54.448
3187.74,-56.165
3187.99,-54.102
3188.23,-55.232
3188.48,-52.888
3188.72,-53.891
3188.96,-53.307
3189.21,-54.102
3189.45,-54.333
3189.70,-53.592
3189.94,-56.232
3190.19,-54.938
3190.43,-51.965
3190.67,-54.068
3190.92,-51.698
3191.16,-54.458
3191.41,-54.153
3191.65,-56.984
3191.89,-56.040
3192.14,-56.773
3192.38,-52.897
3192.63,-53.150
3192.87,-53.823
3193.12,-54.504
3193.36,-57.279
3193.60,-57.567
3193.85,-53.650
3194.09,-54.191
3194.34,-55.265
3194.58,-53.488
3194.82,-54.126
3195.07,-57.122
3195.31,-53.738
3195.56,-56.784
3195.80,-55.364
3196.04,-54.027
3196.29,-53.251
3196.53,-57.401
3196.78,-54.841
3197.02,-55.494
3197.27,-53.550
3197.51,-56.675
3197.75,-53.785
3198.00,-54.948
3198.24,-56.441
3198.49,-55.855
3198.73,-54.663
3198.97,-55.879
3199.22,-55.685
3199.46,-55.519
3199.71,-54.976
3199.95,-54.042
3200.20,-55.840
3200.44,-53.625
3200.68,-53.452
3200.93,-52.584
3201.17,-55.353
3201.42,-55.784
3201.66,-53.867
3201.90,-55.521
3202.15,-56.923
3202.39,-55.451
3202.64,-56.164
3202.88,-53.351
3203.12,-55.836
3203.37,-53.689
3203.61,-54.427
3203.86,-57.712
3204.10,-54.072
3204.35,-55.416
3204.59,-55.684
3204.83,-56.496
3205.08,-55.412
3205.32,-56.802
3205.57,-57.540
3205.81,-52.254
3206.05,-53.323
3206.30,-56.657
3206.54,-58.284
3206.79,-54.439
3207.03,-53.587
3207.28,-54.756
3207.52,-55.396
3207.76,-54.753
3208.01,-53.795
3208.25,-53.715
3208.50,-53.901
3208.74,-53.944
3208.98,-54.872
3209.23,-54.298
3209.47,-51.961
3209.72,-55.689
3209.96,-54.569
3210.21,-53.412
3210.45,-57.203
3210.69,-54.281
3210.94,-55.519
3211.18,-53.825
3211.43,-54.231
3211.67,-53.850
3211.91,-55.065
3212.16,-56.133
3212.40,-55.778
3212.65,-53.658
3212.89,-56.468
3213.13,-54.047
3213.38,-56.667
3213.62,-55.702
3213.87,-56.367
3214.11,-55.256
3214.36,-56.741
3214.60,-54.744
3214.84,-56.998
3215.09,-55.067
3215.33,-55.691
3215.58,-55.751
3215.82,-55.781
3216.06,-54.277
3216.31,-55.564
3216.55,-56.207
3216.80,-55.390
3217.04,-56.498
3217.29,-55.977
3217.53,-56.282
3217.77,-52.387
3218.02,-53.863
3218.26,-55.125
3218.51,-55.139
3218.75,-55.704
3218.99,-55.020
3219.24,-56.525
3219.48,-54.915
3219.73,-55.414
3219.97,-55.265
3220.21,-55.483
3220.46,-55.873
3220.70,-55.404
3220.95,-54.526
3221.19,-55.708
3221.44,-54.493
3221.68,-55.268
3221.92,-54.907
3222.17,-54.248
3222.41,-56.287
3222.66,-56.441
3222.90,-56.005
3223.14,-55.668
3223.39,-56.625
3223.63,-54.255
3223.88,-53.860
3224.12,-55.349
3224.37,-56.253
3224.61,-55.933
3224.85,-55.798
3225.10,-56.413
3225.34,-54.922
3225.59,-56.467
3225.83,-55.816
3226.07,-54.935
3226.32,-55.861
3226.56,-55.089
3226.81,-54.574
3227.05,-56.623
3227.29,-54.796
3227.54,-53.346
3227.78,-56.072
3228.03,-56.689
3228.27,-57.995
3228.52,-53.342
3228.76,-55.801
3229.00,-58.220
3229.25,-57.419
3229.49,-55.792
3229.74,-55.184
3229.98,-55.087
3230.22,-56.776
3230.47,-58.141
3230.71,-55.414
3230.96,-54.468
3231.20,-55.856
3231.45,-53.709
3231.69,-55.368
3231.93,-56.291
3232.18,-57.736
3232.42,-57.398
3232.67,-59.050
3232.91,-58.809
3233.15,-57.619
3233.40,-56.848
3233.64,-57.098
3233.89,-57.976
3234.13,-54.436
3234.38,-56.630
3234.62,-56.133
3234.86,-56.088
3235.11,-57.163
3235.35,-55.438
3235.60,-57.981
3235.84,-55.409
3236.08,-56.795
3236.33,-55.047
3236.57,-55.955
3236.82,-54.382
3237.06,-52.583
3237.30,-54.913
3237.55,-56.764
3237.79,-55.830
3238.04,-54.628
3238.28,-56.771
3238.53,-54.652
3238.77,-55.365
3239.01,-53.521
3239.26,-55.312
3239.50,-53.954
3239.75,-56.408
3239.99,-55.934
3240.23,-56.190
3240.48,-54.034
3240.72,-55.907
3240.97,-56.795
3241.21,-54.892
3241.46,-55.410
3241.70,-54.135
3241.94,-53.812
3242.19,-56.625
3242.43,-54.928
3242.68,-57.630
3242.92,-55.945
3243.16,-55.026
3243.41,-55.082
3243.65,-59.195
3243.90,-56.126
3244.14,-57.003
3244.38,-55.687
3244.63,-55.303
3244.87,-56.618
3245.12,-55.690
3245.36,-56.647
3245.61,-57.018
3245.85,-57.599
3246.09,-55.377
3246.34,-54.800
3246.58,-55.818
3246.83,-57.095
3247.07,-58.172
3247.31,-56.802
3247.56,-56.517
3247.80,-56.378
3248.05,-56.767
3248.29,-59.255
3248.54,-56.127
3248.78,-55.762
3249.02,-55.882
3249.27,-59.525
3249.51,-58.721
3249.76,-58.895
3250.00,-57.302
3250.24,-56.491
3250.49,-56.147
3250.73,-58.087
3250.98,-53.628
3251.22,-54.096
3251.46,-54.448
3251.71,-56.537
3251.95,-55.685
3252.20,-56.006
3252.44,-57.772
3252.69,-56.856
3252.93,-57.805
3253.17,-54.035
3253.42,-55.496
3253.66,-54.553
3253.91,-56.005
3254.15,-57.360
3254.39,-55.153
3254.64,-58.497
3254.88,-56.344
3255.13,-57.162
3255.37,-56.127
3255.62,-55.920
3255.86,-55.829
3256.10,-55.472
3256.35,-56.715
3256.59,-56.095
3256.84,-56.648
3257.08,-55.928
3257.32,-54.678
3257.57,-56.028
3257.81,-59.008
3258.06,-58.160
3258.30,-57.330
3258.54,-55.517
3258.79,-56.865
3259.03,-53.886
3259.28,-56.886
3259.52,-56.861
3259.77,-57.435
3260.01,-54.890
3260.25,-55.911
3260.50,-56.098
3260.74,-55.267
3260.99,-54.938
3261.23,-56.775
3261.47,-57.845
3261.72,-53.604
3261.96,-55.564
3262.21,-55.886
3262.45,-57.771
3262.70,-56.808
3262.94,-58.952
3263.18,-58.504
3263.43,-55.748
3263.67,-55.180
3263.92,-56.365
3264.16,-56.211
3264.40,-55.157
3264.65,-55.767
3264.89,-56.856
3265.14,-58.219
3265.38,-56.396
3265.62,-58.872
3265.87,-56.038
3266.11,-56.198
3266.36,-57.202
3266.60,-55.090
3266.85,-54.185
3267.09,-56.343
3267.33,-55.064
3267.58,-54.538
3267.82,-55.970
3268.07,-56.228
3268.31,-56.564
3268.55,-56.347
3268.80,-55.828
3269.04,-55.594
3269.29,-57.068
3269.53,-58.139
3269.78,-54.522
3270.02,-56.670
3270.26,-56.773
3270.51,-53.245
3270.75,-55.033
3271.00,-54.002
3271.24,-55.321
3271.48,-56.846
3271.73,-55.913
3271.97,-56.174
3272.22,-56.452
3272.46,-58.452
3272.71,-55.756
3272.95,-55.537
3273.19,-57.377
3273.44,-56.371
3273.68,-55.599
3273.93,-56.249
3274.17,-56.393
3274.41,-55.258
3274.66,-57.031
3274.90,-58.990
3275.15,-55.664
3275.39,-55.031
3275.63,-55.343
3275.88,-55.022
3276.12,-54.869
3276.37,-55.755
3276.61,-56.048
3276.86,-56.132
3277.10,-54.831
3277.34,-56.040
3277.59,-54.912
3277.83,-54.805
3278.08,-54.907
3278.32,-56.854
3278.56,-55.993
3278.81,-53.839
3279.05,-56.658
3279.30,-55.933
3279.54,-54.632
3279.79,-57.323
3280.03,-56.025
3280.27,-56.164
3280.52,-54.287
3280.76,-54.432
3281.01,-56.853
3281.25,-56.242
3281.49,-56.143
3281.74,-55.118
3281.98,-54.009
3282.23,-56.365
3282.47,-52.513
3282.71,-53.374
3282.96,-55.887
3283.20,-53.872
3283.45,-55.706
3283.69,-54.854
3283.94,-59.080
3284.18,-55.918
3284.42,-55.365
3284.67,-54.746
3284.91,-56.051
3285.16,-57.189
3285.40,-56.154
3285.64,-56.186
3285.89,-56.524
3286.13,-56.057
3286.38,-54.275
3286.62,-58.005
3286.87,-56.142
3287.11,-54.939
3287.35,-53.584
3287.60,-56.064
3287.84,-54.385
3288.09,-54.901
3288.33,-54.156
3288.57,-54.867
3288.82,-55.726
3289.06,-54.168
3289.31,-56.706
3289.55,-55.944
3289.79,-56.153
3290.04,-53.921
3290.28,-54.319
3290.53,-54.649
3290.77,-57.699
3291.02,-56.618
3291.26,-57.371
3291.50,-57.568
3291.75,-54.004
3291.99,-55.795
3292.24,-53.099
3292.48,-54.678
3292.72,-56.936
3292.97,-56.504
3293.21,-57.498
3293.46,-56.726
3293.70,-56.320
3293.95,-54.822
3294.19,-56.915
3294.43,-57.093
3294.68,-55.035
3294.92,-56.639
3295.17,-56.684
3295.41,-56.955
3295.65,-55.405
3295.90,-54.524
3296.14,-56.349
3296.39,-54.590
3296.63,-56.626
3296.88,-54.909
3297.12,-55.559
3297.36,-54.416
3297.61,-54.447
3297.85,-53.309
3298.10,-58.673
3298.34,-52.399
3298.58,-55.567
3298.83,-54.124
3299.07,-55.483
3299.32,-54.793
3299.56,-53.599
3299.80,-53.022
3300.05,-54.255
3300.29,-56.395
3300.54,-54.200
3300.78,-56.387
3301.03,-53.281
3301.27,-51.172
3301.51,-53.603
3301.76,-57.423
3302.00,-56.530
3302.25,-53.666
3302.49,-55.537
3302.73,-55.054
3302.98,-55.773
3303.22,-54.084
3303.47,-54.601
3303.71,-55.034
3303.96,-52.296
3304.20,-52.506
3304.44,-55.738
3304.69,-55.447
3304.93,-55.856
3305.18,-55.088
3305.42,-53.361
3305.66,-52.814
3305.91,-56.097
3306.15,-54.065
3306.40,-54.773
3306.64,-54.826
3306.88,-55.223
3307.13,-57.166
3307.37,-53.543
3307.62,-54.899
3307.86,-54.169
3308.11,-54.564
3308.35,-54.177
3308.59,-55.027
3308.84,-52.672
3309.08,-55.671
3309.33,-51.849
3309.57,-53.646
3309.81,-52.551
3310.06,-56.791
3310.30,-54.817
3310.55,-55.674
3310.79,-55.396
3311.04,-52.182
3311.28,-53.750
3311.52,-57.464
3311.77,-54.616
3312.01,-54.659
3312.26,-53.108
3312.50,-55.994
3312.74,-55.569
3312.99,-54.421
3313.23,-54.059
3313.48,-53.374
3313.72,-52.588
3313.96,-54.606
3314.21,-55.091
3314.45,-54.808
3314.70,-55.467
3314.94,-51.885
3315.19,-54.919
3315.43,-54.973
3315.67,-54.383
3315.92,-54.156
3316.16,-52.364
3316.41,-53.526
3316.65,-53.252
3316.89,-54.726
3317.14,-53.466
3317.38,-55.093
3317.63,-52.485
3317.87,-53.733
3318.12,-55.526
3318.36,-52.178
3318.60,-55.997
3318.85,-55.961
3319.09,-55.613
3319.34,-57.109
3319.58,-54.704
3319.82,-52.178
3320.07,-53.740
3320.31,-51.953
3320.56,-50.328
3320.80,-53.143
3321.04,-52.371
3321.29,-51.621
3321.53,-53.178
3321.78,-52.838
3322.02,-53.809
3322.27,-51.594
3322.51,-50.750
3322.75,-52.670
3323.00,-53.026
3323.24,-54.023
3323.49,-54.370
3323.73,-51.780
3323.97,-52.901
3324.22,-54.338
3324.46,-56.019
3324.71,-54.197
3324.95,-52.881
3325.20,-53.865
3325.44,-52.418
3325.68,-53.823
3325.93,-52.837
3326.17,-53.685
3326.42,-51.452
3326.66,-51.106
3326.90,-53.626
3327.15,-52.905
3327.39,-52.137
3327.64,-54.529
3327.88,-54.320
3328.12,-53.620
3328.37,-50.918
3328.61,-54.421
3328.86,-54.078
3329.10,-53.857
3329.35,-51.599
3329.59,-54.195
3329.83,-52.770
3330.08,-53.557
3330.32,-52.245
3330.57,-52.804
3330.81,-54.474
3331.05,-53.137
3331.30,-51.603
3331.54,-53.031
3331.79,-52.375
3332.03,-49.812
3332.28,-51.964
3332.52,-53.877
3332.76,-50.766
3333.01,-51.850
3333.25,-51.779
3333.50,-50.836
3333.74,-50.944
3333.98,-50.814
3334.23,-50.548
3334.47,-51.077
3334.72,-54.110
3334.96,-54.999
3335.21,-54.152
3335.45,-51.559
3335.69,-50.940
3335.94,-51.655
3336.18,-51.255
3336.43,-54.933
3336.67,-52.751
3336.91,-51.950
3337.16,-51.398
3337.40,-53.772
3337.65,-51.643
3337.89,-52.679
3338.13,-52.639
3338.38,-54.347
3338.62,-52.568
3338.87,-50.828
3339.11,-50.513
3339.36,-51.252
3339.60,-52.667
3339.84,-53.573
3340.09,-50.880
3340.33,-52.528
3340.58,-51.544
3340.82,-50.873
3341.06,-51.002
3341.31,-49.881
3341.55,-50.738
3341.80,-54.273
3342.04,-52.786
3342.29,-50.880
3342.53,-49.247
3342.77,-49.543
3343.02,-49.926
3343.26,-50.579
3343.51,-50.853
3343.75,-50.949
3343.99,-49.381
3344.24,-50.796
3344.48,-49.039
3344.73,-52.046
3344.97,-53.061
3345.21,-51.768
3345.46,-51.715
3345.70,-49.546
3345.95,-50.607
3346.19,-52.036
3346.44,-51.424
3346.68,-51.082
3346.92,-51.671
3347.17,-50.703
3347.41,-50.465
3347.66,-53.758
3347.90,-50.642
3348.14,-49.678
3348.39,-49.771
3348.63,-50.595
3348.88,-49.905
3349.12,-49.072
3349.37,-50.125
3349.61,-48.865
3349.85,-48.828
3350.10,-49.686
3350.34,-51.207
3350.59,-50.157
3350.83,-50.151
3351.07,-51.557
3351.32,-51.234
3351.56,-48.685
3351.81,-50.249
3352.05,-49.275
3352.29,-49.136
3352.54,-50.860
3352.78,-50.734
3353.03,-50.899
3353.27,-50.800
3353.52,-49.752
3353.76,-50.294
3354.00,-48.700
3354.25,-49.777
3354.49,-49.021
3354.74,-48.196
3354.98,-48.838
3355.22,-52.620
3355.47,-49.264
3355.71,-50.547
3355.96,-50.746
3356.20,-51.134
3356.45,-48.923
3356.69,-49.293
3356.93,-48.916
3357.18,-51.887
3357.42,-49.856
3357.67,-50.837
3357.91,-49.897
3358.15,-47.490
3358.40,-50.423
3358.64,-49.623
3358.89,-49.905
3359.13,-48.674
3359.38,-51.739
3359.62,-50.635
3359.86,-47.641
3360.11,-48.020
3360.35,-49.312
3360.60,-49.261
3360.84,-48.589
3361.08,-48.339
3361.33,-46.877
3361.57,-49.341
3361.82,-46.687
3362.06,-47.290
3362.30,-50.792
3362.55,-50.821
3362.79,-48.621
3363.04,-47.627
3363.28,-48.321
3363.53,-50.502
3363.77,-48.468
3364.01,-48.934
3364.26,-51.923
3364.50,-48.308
3364.75,-48.089
3364.99,-49.066
3365.23,-50.304
3365.48,-46.871
3365.72,-48.202
3365.97,-48.405
3366.21,-47.356
3366.46,-48.379
3366.70,-49.650
3366.94,-49.272
3367.19,-47.746
3367.43,-46.964
3367.68,-47.472
3367.92,-48.658
3368.16,-48.446
3368.41,-46.887
3368.65,-46.765
3368.90,-48.111
3369.14,-48.014
3369.38,-48.311
3369.63,-47.911
3369.87,-49.270
3370.12,-51.526
3370.36,-48.366
3370.61,-50.408
3370.85,-48.098
3371.09,-47.670
3371.34,-47.192
3371.58,-49.087
3371.83,-48.843
3372.07,-49.295
3372.31,-48.227
3372.56,-48.219
3372.80,-49.312
3373.05,-46.974
3373.29,-48.360
3373.54,-49.241
3373.78,-47.745
3374.02,-47.890
3374.27,-49.024
3374.51,-45.755
3374.76,-47.310
3375.00,-49.581
3375.24,-49.367
3375.49,-46.831
3375.73,-48.248
3375.98,-48.676
3376.22,-45.773
3376.46,-47.599
3376.71,-49.197
3376.95,-49.879
3377.20,-48.334
3377.44,-48.047
3377.69,-47.901
3377.93,-48.730
3378.17,-49.900
3378.42,-49.400
3378.66,-49.266
3378.91,-48.755
3379.15,-49.353
3379.39,-51.282
3379.64,-51.694
3379.88,-52.974
3380.13,-51.126
3380.37,-47.789
3380.62,-49.142
3380.86,-50.172
3381.10,-46.979
3381.35,-50.631
3381.59,-51.703
3381.84,-50.570
3382.08,-50.811
3382.32,-48.483
3382.57,-48.519
3382.81,-51.500
3383.06,-50.840
3383.30,-51.841
3383.54,-50.120
3383.79,-50.928
3384.03,-49.298
3384.28,-49.839
3384.52,-51.685
3384.77,-49.233
3385.01,-50.029
3385.25,-51.490
3385.50,-49.098
3385.74,-49.880
3385.99,-51.858
3386.23,-50.242
3386.47,-50.163
3386.72,-50.192
3386.96,-49.165
3387.21,-51.246
3387.45,-51.974
3387.70,-50.281
3387.94,-48.869
3388.18,-52.480
3388.43,-50.752
3388.67,-52.420
3388.92,-49.859
3389.16,-49.825
3389.40,-54.659
3389.65,-54.688
3389.89,-56.346
3390.14,-53.398
3390.38,-50.876
3390.62,-53.494
3390.87,-53.618
3391.11,-51.061
3391.36,-51.099
3391.60,-54.693
3391.85,-52.976
3392.09,-50.828
3392.33,-53.737
3392.58,-51.984
3392.82,-53.423
3393.07,-51.467
3393.31,-54.721
3393.55,-53.870
3393.80,-52.617
3394.04,-52.755
3394.29,-53.608
3394.53,-54.485
3394.78,-54.886
3395.02,-54.829
3395.26,-51.839
3395.51,-54.841
3395.75,-52.218
3396.00,-52.618
3396.24,-53.187
3396.48,-53.242
3396.73,-53.382
3396.97,-54.330
3397.22,-52.433
3397.46,-51.598
3397.71,-53.552
3397.95,-51.467
3398.19,-54.319
3398.44,-53.769
3398.68,-55.913
3398.93,-53.971
3399.17,-52.296
3399.41,-53.194
3399.66,-53.448
3399.90,-52.209
3400.15,-54.603
3400.39,-51.473
3400.63,-54.394
3400.88,-56.044
3401.12,-55.640
3401.37,-55.317
3401.61,-55.340
3401.86,-56.128
3402.10,-52.189
3402.34,-57.567
3402.59,-56.450
3402.83,-56.602
3403.08,-54.832
3403.32,-56.054
3403.56,-54.028
3403.81,-56.058
3404.05,-54.506
3404.30,-55.841
3404.54,-56.967
3404.79,-56.709
3405.03,-56.744
3405.27,-52.901
3405.52,-56.009
3405.76,-55.196
3406.01,-56.416
3406.25,-53.798
3406.49,-55.606
3406.74,-56.407
3406.98,-55.588
3407.23,-55.950
3407.47,-55.010
3407.71,-58.112
3407.96,-57.366
3408.20,-58.159
3408.45,-59.987
3408.69,-57.608
3408.94,-59.416
3409.18,-56.385
3409.42,-57.700
3409.67,-57.472
3409.91,-55.438
3410.16,-56.572
3410.40,-56.702
3410.64,-55.436
3410.89,-56.274
3411.13,-57.347
3411.38,-56.295
3411.62,-55.985
3411.87,-56.736
3412.11,-56.651
3412.35,-58.266
3412.60,-58.421
3412.84,-58.218
3413.09,-55.747
3413.33,-59.612
3413.57,-57.335
3413.82,-58.378
3414.06,-58.015
3414.31,-56.881
3414.55,-57.810
3414.79,-55.991
3415.04,-56.840
3415.28,-56.693
3415.53,-55.935
3415.77,-57.032
3416.02,-57.704
3416.26,-57.164
3416.50,-56.723
3416.75,-59.850
3416.99,-57.691
3417.24,-58.011
3417.48,-58.711
3417.72,-59.585
3417.97,-57.928
3418.21,-57.896
3418.46,-60.690
3418.70,-57.881
3418.95,-58.171
3419.19,-57.011
3419.43,-57.289
3419.68,-58.584
3419.92,-59.180
3420.17,-57.014
3420.41,-57.166
3420.65,-57.858
3420.90,-61.050
3421.14,-61.207
3421.39,-59.200
3421.63,-59.542
3421.88,-59.414
3422.12,-59.788
3422.36,-60.218
3422.61,-59.416
3422.85,-57.853
3423.10,-58.616
3423.34,-60.151
3423.58,-58.153
3423.83,-59.212
3424.07,-59.625
3424.32,-62.186
3424.56,-60.225
3424.80,-60.405
3425.05,-59.078
3425.29,-60.484
3425.54,-60.486
3425.78,-59.172
3426.03,-60.162
3426.27,-59.210
3426.51,-58.983
3426.76,-61.688
3427.00,-61.108
3427.25,-61.498
3427.49,-61.341
3427.73,-61.166
3427.98,-60.749
3428.22,-60.641
3428.47,-59.678
3428.71,-61.315
3428.96,-61.271
3429.20,-60.815
3429.44,-59.593
3429.69,-61.960
3429.93,-61.211
3430.18,-59.899
3430.42,-60.354
3430.66,-61.297
3430.91,-60.056
3431.15,-60.082
3431.40,-61.739
3431.64,-59.696
3431.88,-59.695
3432.13,-62.463
3432.37,-60.478
3432.62,-61.811
3432.86,-62.148
3433.11,-63.002
3433.35,-61.504
3433.59,-59.350
3433.84,-59.795
3434.08,-60.914
3434.33,-61.727
3434.57,-61.722
3434.81,-58.694
3435.06,-59.152
3435.30,-62.649
3435.55,-61.901
3435.79,-63.315
3436.04,-63.071
3436.28,-61.027
3436.52,-61.969
3436.77,-62.358
3437.01,-62.180
3437.26,-61.789
3437.50,-62.448
3437.74,-65.112
3437.99,-62.563
3438.23,-63.699
3438.48,-63.111
3438.72,-63.306
3438.96,-62.764
3439.21,-63.718
3439.45,-64.161
3439.70,-62.697
3439.94,-63.696
3440.19,-62.379
3440.43,-64.649
3440.67,-65.368
3440.92,-63.922
3441.16,-63.376
3441.41,-63.373
3441.65,-66.884
3441.89,-63.175
3442.14,-63.285
3442.38,-62.886
3442.63,-62.263
3442.87,-63.266
3443.12,-65.050
3443.36,-64.325
3443.60,-64.752
3443.85,-64.185
3444.09,-62.039
3444.34,-62.772
3444.58,-66.047
3444.82,-63.231
3445.07,-64.793
3445.31,-65.367
3445.56,-62.047
3445.80,-63.051
3446.04,-62.093
3446.29,-63.846
3446.53,-63.542
3446.78,-64.303
3447.02,-65.797
3447.27,-64.667
3447.51,-64.274
3447.75,-63.206
3448.00,-66.086
3448.24,-63.681
3448.49,-65.701
3448.73,-63.980
3448.97,-66.225
3449.22,-64.047
3449.46,-63.746
3449.71,-64.830
3449.95,-63.516
3450.20,-64.073
3450.44,-64.805
3450.68,-62.093
3450.93,-63.583
3451.17,-63.956
3451.42,-66.068
3451.66,-64.486
3451.90,-64.849
3452.15,-61.898
3452.39,-63.635
3452.64,-63.319
3452.88,-64.736
3453.12,-65.072
3453.37,-65.927
3453.61,-65.770
3453.86,-66.351
3454.10,-66.056
3454.35,-65.366
3454.59,-66.071
3454.83,-67.524
3455.08,-65.229
3455.32,-64.697
3455.57,-65.773
3455.81,-63.130
3456.05,-62.489
3456.30,-66.165
3456.54,-66.456
3456.79,-66.443
3457.03,-65.088
3457.28,-65.879
3457.52,-65.706
3457.76,-66.107
3458.01,-66.206
3458.25,-67.431
3458.50,-67.569
3458.74,-67.295
3458.98,-64.893
3459.23,-65.408
3459.47,-64.636
3459.72,-64.672
3459.96,-62.855
3460.21,-64.837
3460.45,-64.657
3460.69,-65.633
3460.94,-65.620
3461.18,-64.820
3461.43,-64.752
3461.67,-63.459
3461.91,-65.387
3462.16,-67.025
3462.40,-66.466
3462.65,-63.855
3462.89,-67.476
3463.13,-66.814
3463.38,-65.984
3463.62,-65.065
3463.87,-65.957
3464.11,-65.232
3464.36,-66.482
3464.60,-65.407
3464.84,-63.084
3465.09,-68.136
3465.33,-67.360
3465.58,-64.818
3465.82,-66.958
3466.06,-67.921
3466.31,-65.059
3466.55,-66.343
3466.80,-66.171
3467.04,-68.127
3467.29,-67.039
3467.53,-67.846
3467.77,-68.980
3468.02,-65.663
3468.26,-64.799
3468.51,-66.859
3468.75,-65.679
3468.99,-65.231
3469.24,-66.199
3469.48,-67.075
3469.73,-65.530
3469.97,-64.980
3470.21,-68.713
3470.46,-65.331
3470.70,-67.905
3470.95,-67.003
3471.19,-66.527
3471.44,-67.112
3471.68,-66.092
3471.92,-68.781
3472.17,-68.901
3472.41,-67.234
3472.66,-69.243
3472.90,-65.758
3473.14,-68.057
3473.39,-67.493
3473.63,-68.271
3473.88,-66.743
3474.12,-66.162
3474.37,-66.009
3474.61,-67.312
3474.85,-69.692
3475.10,-68.623
3475.34,-66.822
3475.59,-67.773
3475.83,-69.082
3476.07,-66.762
3476.32,-67.990
3476.56,-68.178
3476.81,-71.721
3477.05,-67.461
3477.29,-67.732
3477.54,-68.127
3477.78,-67.709
3478.03,-68.159
3478.27,-66.779
3478.52,-68.253
3478.76,-68.654
3479.00,-68.902
3479.25,-68.631
3479.49,-68.318
3479.74,-67.573
3479.98,-69.413
3480.22,-68.775
3480.47,-71.206
3480.71,-67.900
3480.96,-69.093
3481.20,-66.133
3481.45,-67.259
3481.69,-69.794
3481.93,-69.130
3482.18,-68.858
3482.42,-70.119
3482.67,-70.813
3482.91,-71.300
3483.15,-68.872
3483.40,-67.541
3483.64,-66.977
3483.89,-67.787
3484.13,-68.976
3484.38,-68.219
3484.62,-70.380
3484.86,-69.469
3485.11,-69.308
3485.35,-68.942
3485.60,-69.774
3485.84,-69.236
3486.08,-67.985
3486.33,-69.198
3486.57,-67.459
3486.82,-68.792
3487.06,-69.416
3487.30,-69.384
3487.55,-69.467
3487.79,-68.338
3488.04,-69.847
3488.28,-67.214
3488.53,-69.967
3488.77,-71.628
3489.01,-70.155
3489.26,-68.713
3489.50,-69.325
3489.75,-68.617
3489.99,-69.664
3490.23,-70.189
3490.48,-70.582
3490.72,-69.710
3490.97,-68.849
3491.21,-70.352
3491.46,-69.710
3491.70,-70.366
3491.94,-71.414
3492.19,-71.493
3492.43,-70.665
3492.68,-72.207
3492.92,-68.393
3493.16,-69.098
3493.41,-68.119
3493.65,-69.315
3493.90,-68.482
3494.14,-70.400
3494.38,-68.302
3494.63,-71.165
3494.87,-71.693
3495.12,-68.787
3495.36,-69.996
3495.61,-67.257
3495.85,-70.164
3496.09,-69.454
3496.34,-69.701
3496.58,-72.781
3496.83,-68.232
3497.07,-71.421
3497.31,-70.380
3497.56,-73.729
3497.80,-71.365
3498.05,-70.546
3498.29,-69.845
3498.54,-69.919
3498.78,-73.225
3499.02,-71.235
3499.27,-69.745
3499.51,-71.008
3499.76,-72.508
3500.00,-70.872
3500.24,-71.044
3500.49,-69.520
3500.73,-71.200
3500.98,-70.670
3501.22,-70.635
3501.46,-71.235
3501.71,-71.050
3501.95,-72.109
3502.20,-71.252
3502.44,-70.748
3502.69,-70.680
3502.93,-70.718
3503.17,-71.008
3503.42,-72.690
3503.66,-72.852
3503.91,-73.649
3504.15,-71.346
3504.39,-72.141
3504.64,-71.161
3504.88,-72.625
3505.13,-70.210
3505.37,-69.729
3505.62,-72.191
3505.86,-70.697
3506.10,-73.282
3506.35,-71.813
3506.59,-68.930
3506.84,-70.851
3507.08,-71.853
3507.32,-71.385
3507.57,-71.271
3507.81,-73.418
3508.06,-74.008
3508.30,-73.225
3508.54,-70.451
3508.79,-74.379
3509.03,-73.566
3509.28,-73.046
3509.52,-71.690
3509.77,-72.808
3510.01,-71.238
3510.25,-70.646
3510.50,-73.548
3510.74,-73.513
3510.99,-71.082
3511.23,-72.526
3511.47,-73.161
3511.72,-73.572
3511.96,-72.575
3512.21,-71.579
3512.45,-74.462
3512.70,-73.083
3512.94,-74.643
3513.18,-75.383
3513.43,-73.179
3513.67,-72.520
3513.92,-71.688
3514.16,-72.062
3514.40,-72.154
3514.65,-73.141
3514.89,-72.235
3515.14,-73.278
3515.38,-73.842
3515.62,-75.204
3515.87,-75.773
3516.11,-74.880
3516.36,-74.479
3516.60,-75.473
3516.85,-72.467
3517.09,-74.007
3517.33,-72.193
3517.58,-73.018
3517.82,-72.278
3518.07,-73.705
3518.31,-73.719
3518.55,-73.408
3518.80,-71.628
3519.04,-74.420
3519.29,-73.019
3519.53,-74.604
3519.78,-73.749
3520.02,-74.689
3520.26,-76.281
3520.51,-72.609
3520.75,-74.328
3521.00,-74.189
3521.24,-73.502
3521.48,-75.230
3521.73,-74.031
3521.97,-75.689
3522.22,-75.832
3522.46,-72.885
3522.71,-73.277
3522.95,-70.550
3523.19,-74.360
3523.44,-74.068
3523.68,-74.067
3523.93,-72.288
3524.17,-74.657
3524.41,-74.702
3524.66,-72.886
3524.90,-72.769
3525.15,-74.073
3525.39,-75.736
3525.63,-74.703
3525.88,-72.019
3526.12,-73.128
3526.37,-75.228
3526.61,-74.362
3526.86,-72.513
3527.10,-74.744
3527.34,-73.731
3527.59,-72.276
3527.83,-75.313
3528.08,-74.346
3528.32,-74.391
3528.56,-75.152
3528.81,-74.155
3529.05,-71.487
3529.30,-73.950
3529.54,-72.720
3529.79,-73.492
3530.03,-73.914
3530.27,-72.975
3530.52,-75.241
3530.76,-74.048
3531.01,-73.282
3531.25,-75.044
3531.49,-76.092
3531.74,-74.624
3531.98,-74.884
3532.23,-78.205
3532.47,-74.940
3532.71,-73.128
3532.96,-73.530
3533.20,-76.256
3533.45,-73.505
3533.69,-74.249
3533.94,-71.963
3534.18,-74.406
3534.42,-74.471
3534.67,-74.732
3534.91,-74.434
3535.16,-73.275
3535.40,-74.435
3535.64,-76.794
3535.89,-74.396
3536.13,-76.560
3536.38,-74.474
3536.62,-74.677
3536.87,-75.309
3537.11,-77.016
3537.35,-76.324
3537.60,-75.926
3537.84,-74.314
3538.09,-77.165
3538.33,-75.245
3538.57,-74.791
3538.82,-75.687
3539.06,-75.197
3539.31,-72.805
3539.55,-73.780
3539.79,-75.388
3540.04,-75.859
3540.28,-77.536
3540.53,-73.670
3540.77,-72.803
3541.02,-74.655
3541.26,-76.581
3541.50,-76.909
3541.75,-73.589
3541.99,-73.915
3542.24,-76.684
3542.48,-76.861
3542.72,-75.274
3542.97,-73.166
3543.21,-75.799
3543.46,-75.339
3543.70,-77.480
3543.95,-76.976
3544.19,-74.894
3544.43,-77.670
3544.68,-76.384
3544.92,-75.319
3545.17,-78.921
3545.41,-74.372
3545.65,-76.699
3545.90,-76.416
3546.14,-76.931
3546.39,-76.373
3546.63,-75.714
3546.88,-75.277
3547.12,-78.966
3547.36,-76.595
3547.61,-75.731
3547.85,-75.139
3548.10,-75.334
3548.34,-76.074
3548.58,-75.258
3548.83,-73.175
3549.07,-75.684
3549.32,-76.764
3549.56,-76.352
3549.80,-77.925
3550.05,-75.926
3550.29,-75.388
3550.54,-75.752
3550.78,-77.249
3551.03,-77.375
3551.27,-76.730
3551.51,-76.150
3551.76,-76.991
3552.00,-75.479
3552.25,-77.300
3552.49,-77.326
3552.73,-77.861
3552.98,-76.597
3553.22,-75.654
3553.47,-76.030
3553.71,-80.104
3553.96,-76.299
3554.20,-77.133
3554.44,-74.130
3554.69,-75.693
3554.93,-77.495
3555.18,-76.732
3555.42,-74.546
3555.66,-75.562
3555.91,-75.688
3556.15,-75.846
3556.40,-77.235
3556.64,-75.163
3556.88,-77.190
3557.13,-76.148
3557.37,-77.366
3557.62,-76.077
3557.86,-76.880
3558.11,-79.290
3558.35,-76.463
3558.59,-77.945
3558.84,-78.523
3559.08,-77.143
3559.33,-78.685
3559.57,-76.983
3559.81,-77.007
3560.06,-77.518
3560.30,-78.535
3560.55,-77.541
3560.79,-77.057
3561.04,-75.115
3561.28,-74.667
3561.52,-75.525
3561.77,-77.665
3562.01,-79.485
3562.26,-78.718
3562.50,-76.165
3562.74,-76.800
3562.99,-76.954
3563.23,-76.687
3563.48,-76.297
3563.72,-76.543
3563.96,-75.977
3564.21,-74.554
3564.45,-75.501
3564.70,-77.015
3564.94,-77.139
3565.19,-75.715
3565.43,-77.035
3565.67,-78.133
3565.92,-77.742
3566.16,-78.634
3566.41,-77.953
3566.65,-76.815
3566.89,-76.492
3567.14,-76.414
3567.38,-76.802
3567.63,-76.206
3567.87,-77.730
3568.12,-76.059
3568.36,-79.325
3568.60,-77.094
3568.85,-77.337
3569.09,-75.573
3569.34,-76.904
3569.58,-75.104
3569.82,-77.497
3570.07,-75.718
3570.31,-78.726
3570.56,-78.363
3570.80,-76.680
3571.04,-78.028
3571.29,-76.290
3571.53,-77.668
3571.78,-77.055
3572.02,-78.145
3572.27,-79.824
3572.51,-78.973
3572.75,-78.650
3573.00,-76.689
3573.24,-78.928
3573.49,-79.217
3573.73,-76.274
3573.97,-77.885
3574.22,-79.416
3574.46,-79.014
3574.71,-75.285
3574.95,-79.148
3575.20,-79.370
3575.44,-79.615
3575.68,-77.840
3575.93,-78.583
3576.17,-78.246
3576.42,-78.027
3576.66,-78.376
3576.90,-79.033
3577.15,-76.279
3577.39,-78.219
3577.64,-77.697
3577.88,-78.764
3578.12,-80.655
3578.37,-76.087
3578.61,-78.086
3578.86,-77.716
3579.10,-77.788
3579.35,-78.400
3579.59,-78.820
3579.83,-75.913
3580.08,-78.875
3580.32,-78.851
3580.57,-79.020
3580.81,-80.894
3581.05,-78.752
3581.30,-78.785
3581.54,-78.330
3581.79,-78.131
3582.03,-77.822
3582.28,-78.384
3582.52,-79.616
3582.76,-81.344
3583.01,-79.893
3583.25,-78.962
3583.50,-79.455
3583.74,-80.428
3583.98,-78.804
3584.23,-78.845
3584.47,-78.064
3584.72,-80.846
3584.96,-78.362
3585.21,-79.466
3585.45,-79.439
3585.69,-78.319
3585.94,-78.706
3586.18,-79.725
3586.43,-77.123
3586.67,-77.247
3586.91,-76.248
3587.16,-78.044
3587.40,-81.005
3587.65,-82.058
3587.89,-80.956
3588.13,-79.992
3588.38,-79.826
3588.62,-78.704
3588.87,-77.753
3589.11,-80.033
3589.36,-80.234
3589.60,-80.911
3589.84,-80.358
3590.09,-78.190
3590.33,-76.978
3590.58,-76.284
3590.82,-79.918
3591.06,-80.827
3591.31,-80.408
3591.55,-81.216
3591.80,-78.602
3592.04,-77.688
3592.29,-79.949
3592.53,-79.615
3592.77,-78.884
3593.02,-78.208
3593.26,-79.591
3593.51,-77.833
3593.75,-78.857
3593.99,-78.493
3594.24,-78.085
3594.48,-79.190
3594.73,-78.452
3594.97,-78.174
3595.21,-76.481
3595.46,-79.723
3595.70,-81.423
3595.95,-79.402
3596.19,-81.117
3596.44,-79.292
3596.68,-80.765
3596.92,-75.860
3597.17,-80.786
3597.41,-78.525
3597.66,-79.403
3597.90,-78.665
3598.14,-79.769
3598.39,-80.894
3598.63,-80.902
3598.88,-79.154
3599.12,-78.589
3599.37,-80.891
3599.61,-78.946
3599.85,-81.857
3600.10,-80.957
3600.34,-79.055
3600.59,-81.826
3600.83,-79.286
3601.07,-78.429
3601.32,-77.838
3601.56,-78.559
3601.81,-80.051
3602.05,-80.145
3602.29,-79.755
3602.54,-77.352
3602.78,-79.609
3603.03,-77.481
3603.27,-80.290
3603.52,-80.907
3603.76,-79.531
3604.00,-79.275
3604.25,-79.693
3604.49,-80.841
3604.74,-79.344
3604.98,-79.832
3605.22,-80.543
3605.47,-78.920
3605.71,-78.667
3605.96,-79.207
3606.20,-78.071
3606.45,-81.213
3606.69,-79.992
3606.93,-80.533
3607.18,-80.520
3607.42,-77.352
3607.67,-77.280
3607.91,-79.657
3608.15,-79.276
3608.40,-77.459
3608.64,-79.086
3608.89,-78.051
3609.13,-80.263
3609.38,-80.248
3609.62,-79.157
3609.86,-80.571
3610.11,-77.279
3610.35,-81.237
3610.60,-79.163
3610.84,-80.173
3611.08,-80.072
3611.33,-80.254
3611.57,-77.691
3611.82,-77.265
3612.06,-80.669
3612.30,-79.838
3612.55,-79.090
3612.79,-77.030
3613.04,-82.347
3613.28,-79.067
3613.53,-79.962
3613.77,-78.730
3614.01,-80.119
3614.26,-81.034
3614.50,-80.361
3614.75,-77.990
3614.99,-82.196
3615.23,-79.376
3615.48,-81.638
3615.72,-78.224
3615.97,-82.158
3616.21,-82.135
3616.46,-80.446
3616.70,-79.500
3616.94,-78.917
3617.19,-80.850
3617.43,-78.835
3617.68,-79.811
3617.92,-80.139
3618.16,-78.773
3618.41,-80.400
3618.65,-79.627
3618.90,-80.661
3619.14,-82.592
3619.38,-78.250
3619.63,-81.493
3619.87,-80.933
3620.12,-78.464
3620.36,-79.147
3620.61,-78.863
3620.85,-79.400
3621.09,-81.204
3621.34,-81.292
3621.58,-81.456
3621.83,-80.453
3622.07,-81.257
3622.31,-78.311
3622.56,-80.109
3622.80,-80.168
3623.05,-78.158
3623.29,-80.981
3623.54,-80.560
3623.78,-80.198
3624.02,-78.235
3624.27,-79.505
3624.51,-79.961
3624.76,-78.836
3625.00,-80.272
3625.24,-80.616
3625.49,-79.650
3625.73,-79.292
3625.98,-81.161
3626.22,-80.913
3626.46,-79.162
3626.71,-79.495
3626.95,-79.801
3627.20,-79.713
3627.44,-81.240
3627.69,-79.938
3627.93,-78.015
3628.17,-78.555
3628.42,-79.446
3628.66,-77.244
3628.91,-77.387
3629.15,-79.729
3629.39,-81.108
3629.64,-80.635
3629.88,-80.102
3630.13,-78.888
3630.37,-76.955
3630.62,-81.076
3630.86,-79.370
3631.10,-81.122
3631.35,-80.847
3631.59,-82.336
3631.84,-79.354
3632.08,-79.854
3632.32,-78.018
3632.57,-79.028
3632.81,-77.548
3633.06,-81.297
3633.30,-79.227
3633.54,-79.958
3633.79,-79.189
3634.03,-79.682
3634.28,-79.052
3634.52,-81.302
3634.77,-77.873
3635.01,-79.953
3635.25,-78.762
3635.50,-80.158
3635.74,-78.149
3635.99,-80.360
3636.23,-78.042
3636.47,-78.551
3636.72,-81.347
3636.96,-81.305
3637.21,-79.622
3637.45,-80.098
3637.70,-79.550
3637.94,-80.920
3638.18,-80.138
3638.43,-80.676
3638.67,-79.656
3638.92,-81.073
3639.16,-78.273
3639.40,-78.640
3639.65,-77.665
3639.89,-80.535
3640.14,-80.592
3640.38,-79.648
3640.62,-77.625
3640.87,-77.914
3641.11,-78.839
3641.36,-77.336
3641.60,-80.108
3641.85,-80.435
3642.09,-80.427
3642.33,-78.498
3642.58,-81.338
3642.82,-81.798
3643.07,-81.334
3643.31,-82.255
3643.55,-79.362
3643.80,-82.712
3644.04,-81.366
3644.29,-81.134
3644.53,-81.283
3644.78,-81.654
3645.02,-79.615
3645.26,-80.600
3645.51,-81.984
3645.75,-81.723
3646.00,-79.629
3646.24,-79.614
3646.48,-78.851
3646.73,-78.599
3646.97,-81.979
3647.22,-83.295
3647.46,-79.240
3647.71,-79.988
3647.95,-82.022
3648.19,-81.459
3648.44,-80.808
3648.68,-79.798
3648.93,-82.193
3649.17,-82.692
3649.41,-81.962
3649.66,-79.189
3649.90,-82.233
3650.15,-80.552
3650.39,-80.015
3650.63,-79.669
3650.88,-78.792
3651.12,-79.070
3651.37,-79.995
3651.61,-80.434
3651.86,-78.800
3652.10,-80.349
3652.34,-80.977
3652.59,-81.352
3652.83,-83.406
3653.08,-82.742
3653.32,-79.733
3653.56,-81.775
3653.81,-79.322
3654.05,-80.215
3654.30,-80.268
3654.54,-79.609
3654.79,-81.097
3655.03,-81.470
3655.27,-82.442
3655.52,-83.245
3655.76,-81.901
3656.01,-81.531
3656.25,-81.318
3656.49,-83.496
3656.74,-80.388
3656.98,-81.040
3657.23,-79.688
3657.47,-80.298
3657.71,-81.060
3657.96,-85.080
3658.20,-81.355
3658.45,-83.409
3658.69,-82.188
3658.94,-82.340
3659.18,-83.017
3659.42,-83.348
3659.67,-79.409
3659.91,-80.805
3660.16,-80.703
3660.40,-82.107
3660.64,-83.572
3660.89,-83.733
3661.13,-84.312
3661.38,-81.594
3661.62,-81.151
3661.87,-82.719
3662.11,-80.721
3662.35,-81.715
3662.60,-82.071
3662.84,-82.154
3663.09,-84.261
3663.33,-84.223
3663.57,-80.083
3663.82,-85.562
3664.06,-82.787
3664.31,-80.975
3664.55,-82.438
3664.79,-81.856
3665.04,-80.070
3665.28,-80.802
3665.53,-81.183
3665.77,-83.594
3666.02,-84.272
3666.26,-83.807
3666.50,-82.787
3666.75,-82.910
3666.99,-84.824
3667.24,-83.581
3667.48,-84.842
3667.72,-83.478
3667.97,-85.445
3668.21,-83.743
3668.46,-84.991
3668.70,-85.416
3668.95,-85.819
3669.19,-84.616
3669.43,-82.628
3669.68,-85.518
3669.92,-83.940
3670.17,-83.261
3670.41,-84.322
3670.65,-82.519
3670.90,-82.918
3671.14,-81.464
3671.39,-82.823
3671.63,-84.230
3671.88,-83.020
3672.12,-83.968
3672.36,-84.022
3672.61,-85.338
3672.85,-85.214
3673.10,-85.312
3673.34,-85.280
3673.58,-84.794
3673.83,-83.204
3674.07,-84.056
3674.32,-85.459
3674.56,-85.652
3674.80,-85.777
3675.05,-87.331
3675.29,-85.614
3675.54,-85.455
3675.78,-83.303
3676.03,-86.984
3676.27,-84.466
3676.51,-86.131
3676.76,-84.308
3677.00,-84.099
3677.25,-87.163
3677.49,-85.078
3677.73,-86.019
3677.98,-85.663
3678.22,-85.131
3678.47,-85.982
3678.71,-85.126
3678.96,-86.065
3679.20,-86.459
3679.44,-85.138
3679.69,-86.418
3679.93,-86.749
3680.18,-85.476
3680.42,-85.309
3680.66,-86.062
3680.91,-87.229
3681.15,-84.485
3681.40,-85.947
3681.64,-84.769
3681.88,-86.008
3682.13,-87.322
3682.37,-88.194
3682.62,-87.208
3682.86,-86.649
3683.11,-86.046
3683.35,-86.435
3683.59,-91.283
3683.84,-85.463
3684.08,-86.643
3684.33,-87.374
3684.57,-88.030
3684.81,-85.571
3685.06,-87.435
3685.30,-87.694
3685.55,-86.940
3685.79,-86.494
3686.04,-88.108
3686.28,-88.552
3686.52,-87.765
3686.77,-88.184
3687.01,-86.663
3687.26,-87.934
3687.50,-88.811
3687.74,-86.171
3687.99,-88.468
3688.23,-89.003
3688.48,-88.575
3688.72,-87.471
3688.96,-88.507
3689.21,-89.023
3689.45,-88.668
3689.70,-89.342
3689.94,-89.639
3690.19,-89.147
3690.43,-90.897
3690.67,-89.521
3690.92,-87.939
3691.16,-89.806
3691.41,-90.107
3691.65,-88.444
3691.89,-89.684
3692.14,-89.240
3692.38,-89.615
3692.63,-90.074
3692.87,-88.725
3693.12,-87.656
3693.36,-88.219
3693.60,-89.031
3693.85,-89.938
3694.09,-90.527
3694.34,-89.329
3694.58,-87.898
3694.82,-90.611
3695.07,-89.619
3695.31,-90.488
3695.56,-89.547
3695.80,-88.600
3696.04,-89.400
3696.29,-89.987
3696.53,-90.302
3696.78,-91.173
3697.02,-90.768
3697.27,-88.529
3697.51,-90.595
3697.75,-88.176
3698.00,-88.774
3698.24,-89.790
3698.49,-92.201
3698.73,-90.079
3698.97,-90.168
3699.22,-89.870
3699.46,-92.693
3699.71,-90.722
3699.95,-89.168
3700.20,-91.049
3700.44,-90.872
3700.68,-89.558
3700.93,-90.956
3701.17,-90.242
3701.42,-91.899
3701.66,-91.996
3701.90,-89.865
3702.15,-91.896
3702.39,-89.694
3702.64,-93.070
3702.88,-91.574
3703.12,-90.058
3703.37,-92.277
3703.61,-90.748
3703.86,-90.175
3704.10,-91.453
3704.35,-92.182
3704.59,-91.367
3704.83,-90.220
3705.08,-91.262
3705.32,-91.122
3705.57,-93.226
3705.81,-92.703
3706.05,-91.485
3706.30,-91.827
3706.54,-91.130
3706.79,-91.503
3707.03,-92.072
3707.28,-91.587
3707.52,-91.981
3707.76,-91.725
3708.01,-91.980
3708.25,-91.976
3708.50,-90.015
3708.74,-91.493
3708.98,-91.447
3709.23,-91.219
3709.47,-91.095
3709.72,-91.626
3709.96,-91.401
3710.21,-92.246
3710.45,-91.030
3710.69,-91.066
3710.94,-91.735
3711.18,-90.631
3711.43,-92.599
3711.67,-90.662
3711.91,-91.466
3712.16,-92.685
3712.40,-92.103
3712.65,-91.917
3712.89,-92.434
3713.13,-90.787
3713.38,-92.132
3713.62,-91.409
3713.87,-91.924
3714.11,-93.217
3714.36,-93.160
3714.60,-92.572
3714.84,-90.981
3715.09,-90.199
3715.33,-91.651
3715.58,-92.512
3715.82,-92.504
3716.06,-92.993
3716.31,-91.940
3716.55,-92.323
3716.80,-91.774
3717.04,-93.114
3717.29,-91.994
3717.53,-92.256
3717.77,-92.438
3718.02,-92.799
3718.26,-93.481
3718.51,-91.903
3718.75,-92.656
3718.99,-93.548
3719.24,-91.938
3719.48,-92.130
3719.73,-92.429
3719.97,-92.337
3720.21,-91.956
3720.46,-91.790
3720.70,-91.891
3720.95,-92.531
3721.19,-93.257
3721.44,-93.192
3721.68,-92.398
3721.92,-91.948
3722.17,-92.793
3722.41,-93.146
3722.66,-92.715
3722.90,-92.697
3723.14,-93.008
3723.39,-92.107
3723.63,-91.943
3723.88,-92.639
3724.12,-91.046
3724.37,-91.963
3724.61,-92.412
3724.85,-92.645
3725.10,-92.237
3725.34,-93.233
3725.59,-92.873
3725.83,-92.195
3726.07,-92.645
3726.32,-93.148
3726.56,-93.079
3726.81,-93.679
3727.05,-93.223
3727.29,-93.591
3727.54,-93.751
3727.78,-91.914
3728.03,-93.166
3728.27,-93.405
3728.52,-92.819
3728.76,-93.624
3729.00,-93.116
3729.25,-93.110
3729.49,-92.877
3729.74,-93.928
3729.98,-91.856
3730.22,-92.751
3730.47,-93.216
3730.71,-92.990
3730.96,-93.209
3731.20,-92.717
3731.45,-93.403
3731.69,-93.270
3731.93,-93.274
3732.18,-92.789
3732.42,-93.904
3732.67,-93.287
3732.91,-93.277
3733.15,-92.573
3733.40,-93.046
3733.64,-93.451
3733.89,-93.139
3734.13,-93.751
3734.38,-93.044
3734.62,-93.709
3734.86,-93.104
3735.11,-93.093
3735.35,-93.865
3735.60,-92.768
3735.84,-93.340
3736.08,-92.999
3736.33,-93.171
3736.57,-92.649
3736.82,-92.907
3737.06,-93.061
3737.30,-93.236
3737.55,-92.488
3737.79,-93.210
3738.04,-93.256
3738.28,-93.322
3738.53,-92.914
3738.77,-93.676
3739.01,-93.260
3739.26,-93.557
3739.50,-93.176
3739.75,-93.516
3739.99,-93.685
3740.23,-93.158
3740.48,-93.517
3740.72,-92.982
3740.97,-93.274
3741.21,-93.669
3741.46,-94.232
3741.70,-93.083
3741.94,-92.769
3742.19,-93.329
3742.43,-93.174
3742.68,-93.508
3742.92,-93.352
3743.16,-93.431
3743.41,-92.778
3743.65,-93.510
3743.90,-93.548
3744.14,-93.710
3744.38,-93.189
3744.63,-93.802
3744.87,-93.409
3745.12,-93.725
3745.36,-93.814
3745.61,-93.780
3745.85,-93.395
3746.09,-93.359
3746.34,-93.678
3746.58,-93.361
3746.83,-94.110
3747.07,-94.090
3747.31,-93.352
3747.56,-93.098
3747.80,-93.606
3748.05,-93.826
3748.29,-92.804
3748.54,-93.785
3748.78,-93.930
3749.02,-93.753
3749.27,-94.099
3749.51,-93.778
3749.76,-92.908
3750.00,-93.858
3750.24,-93.830
3750.49,-93.508
3750.73,-94.081
3750.98,-93.646
3751.22,-94.163
3751.46,-93.450
3751.71,-94.006
3751.95,-93.807
3752.20,-93.226
3752.44,-94.093
3752.69,-93.158
3752.93,-93.423
3753.17,-93.716
3753.42,-93.438
3753.66,-93.454
3753.91,-93.573
3754.15,-93.675
3754.39,-93.351
3754.64,-93.509
3754.88,-93.253
3755.13,-93.475
3755.37,-93.734
3755.62,-94.013
3755.86,-94.367
3756.10,-93.336
3756.35,-93.673
3756.59,-93.427
3756.84,-93.873
3757.08,-93.684
3757.32,-94.631
3757.57,-93.499
3757.81,-93.545
3758.06,-93.555
3758.30,-93.823
3758.54,-93.318
3758.79,-93.740
3759.03,-94.061
3759.28,-93.941
3759.52,-93.514
3759.77,-93.903
3760.01,-93.772
3760.25,-93.364
3760.50,-94.039
3760.74,-93.507
3760.99,-93.818
3761.23,-94.205
3761.47,-93.339
3761.72,-93.971
3761.96,-93.845
3762.21,-93.783
3762.45,-94.031
3762.70,-93.875
3762.94,-94.279
3763.18,-93.862
3763.43,-93.797
3763.67,-93.914
3763.92,-93.789
3764.16,-93.612
3764.40,-93.666
3764.65,-93.620
3764.89,-93.459
3765.14,-94.035
3765.38,-93.812
3765.62,-94.165
3765.87,-93.690
3766.11,-93.992
3766.36,-94.105
3766.60,-93.576
3766.85,-93.572
3767.09,-94.177
3767.33,-93.707
3767.58,-94.060
3767.82,-93.759
3768.07,-93.965
3768.31,-94.041
3768.55,-93.987
3768.80,-94.340
3769.04,-93.815
3769.29,-93.693
3769.53,-94.249
3769.78,-93.375
3770.02,-94.086
3770.26,-93.979
3770.51,-93.977
3770.75,-94.075
3771.00,-94.262
3771.24,-94.071
3771.48,-94.182
3771.73,-94.108
3771.97,-93.786
3772.22,-93.994
3772.46,-94.163
3772.71,-94.247
3772.95,-93.829
3773.19,-94.011
3773.44,-94.046
3773.68,-93.576
3773.93,-94.269
3774.17,-93.989
3774.41,-94.154
3774.66,-94.290
3774.90,-93.756
3775.15,-93.789
3775.39,-93.609
3775.63,-93.835
3775.88,-94.187
3776.12,-94.136
3776.37,-93.860
3776.61,-93.696
3776.86,-94.136
3777.10,-94.128
3777.34,-93.882
3777.59,-93.711
3777.83,-94.177
3778.08,-93.992
3778.32,-94.111
3778.56,-93.832
3778.81,-93.975
3779.05,-94.266
3779.30,-94.225
3779.54,-93.966
3779.79,-94.025
3780.03,-94.145
3780.27,-93.917
3780.52,-94.054
3780.76,-93.891
3781.01,-94.043
3781.25,-94.160
3781.49,-94.199
3781.74,-94.117
3781.98,-94.087
3782.23,-93.724
3782.47,-94.226
3782.71,-94.042
3782.96,-94.106
3783.20,-93.694
3783.45,-93.951
3783.69,-94.284
3783.94,-94.128
3784.18,-94.126
3784.42,-94.424
3784.67,-93.806
3784.91,-94.189
3785.16,-94.071
3785.40,-94.003
3785.64,-94.055
3785.89,-94.058
3786.13,-94.159
3786.38,-94.117
3786.62,-94.111
3786.87,-93.756
3787.11,-94.109
3787.35,-94.049
3787.60,-93.876
3787.84,-93.809
3788.09,-94.085
3788.33,-94.240
3788.57,-94.098
3788.82,-94.354
3789.06,-94.174
3789.31,-94.204
3789.55,-94.346
3789.79,-94.220
3790.04,-94.047
3790.28,-94.268
3790.53,-94.140
3790.77,-94.088
3791.02,-94.213
3791.26,-94.414
3791.50,-94.174
3791.75,-94.249
3791.99,-94.192
3792.24,-94.154
3792.48,-93.997
3792.72,-94.012
3792.97,-94.241
3793.21,-94.308
3793.46,-94.208
3793.70,-94.216
3793.95,-94.016
3794.19,-94.326
3794.43,-94.152
3794.68,-94.520
3794.92,-94.224
3795.17,-94.191
3795.41,-94.395
3795.65,-94.127
3795.90,-94.213
3796.14,-93.939
3796.39,-94.311
3796.63,-94.298
3796.88,-94.209
3797.12,-94.197
3797.36,-94.307
3797.61,-94.285
3797.85,-94.157
3798.10,-94.521
3798.34,-94.001
3798.58,-94.179
3798.83,-94.114
3799.07,-94.257
3799.32,-94.230
3799.56,-94.275
3799.80,-94.248
3800.05,-94.083
3800.29,-94.122
3800.54,-94.291
3800.78,-94.038
3801.03,-94.077
3801.27,-94.258
3801.51,-94.148
3801.76,-94.474
3802.00,-94.471
3802.25,-94.097
3802.49,-94.001
3802.73,-94.212
3802.98,-94.151
3803.22,-94.060
3803.47,-94.159
3803.71,-94.244
3803.96,-94.234
3804.20,-94.238
3804.44,-94.277
3804.69,-94.339
3804.93,-94.421
3805.18,-94.150
3805.42,-94.163
3805.66,-94.290
3805.91,-94.198
3806.15,-94.264
3806.40,-94.153
3806.64,-94.087
3806.88,-94.243
3807.13,-94.229
3807.37,-94.245
3807.62,-94.350
3807.86,-94.213
3808.11,-94.289
3808.35,-94.264
3808.59,-94.223
3808.84,-94.260
3809.08,-94.330
3809.33,-94.244
3809.57,-94.370
3809.81,-94.231
3810.06,-94.279
3810.30,-94.222
3810.55,-94.238
3810.79,-94.311
3811.04,-94.140
3811.28,-94.236
3811.52,-94.316
3811.77,-94.323
3812.01,-94.177
3812.26,-94.243
3812.50,-94.400
3812.74,-94.454
3812.99,-94.298
3813.23,-94.147
3813.48,-94.122
3813.72,-94.308
3813.96,-94.274
3814.21,-94.315
3814.45,-94.264
3814.70,-94.322
3814.94,-94.282
3815.19,-94.120
3815.43,-94.244
3815.67,-94.285
3815.92,-94.329
3816.16,-94.216
3816.41,-94.226
3816.65,-94.558
3816.89,-94.205
3817.14,-94.241
3817.38,-94.312
3817.63,-94.263
3817.87,-94.157
3818.12,-94.245
3818.36,-94.234
3818.60,-94.544
3818.85,-94.254
3819.09,-94.297
3819.34,-94.222
3819.58,-94.193
3819.82,-94.266
3820.07,-94.426
3820.31,-94.265
3820.56,-94.244
3820.80,-94.291
3821.04,-94.197
3821.29,-94.272
3821.53,-94.258
3821.78,-94.290
3822.02,-94.303
3822.27,-94.308
3822.51,-94.182
3822.75,-94.268
3823.00,-94.307
3823.24,-94.349
3823.49,-94.411
3823.73,-94.336
3823.97,-94.248
3824.22,-94.338
3824.46,-94.488
3824.71,-94.265
3824.95,-94.197
3825.20,-94.284
3825.44,-94.284
3825.68,-94.271
3825.93,-94.349
3826.17,-94.296
3826.42,-94.392
3826.66,-94.303
3826.90,-94.298
3827.15,-94.270
3827.39,-94.379
3827.64,-94.256
3827.88,-94.306
3828.12,-94.444
3828.37,-94.432
3828.61,-94.373
3828.86,-94.368
3829.10,-94.362
3829.35,-94.233
3829.59,-94.364
3829.83,-94.125
3830.08,-94.300
3830.32,-94.310
3830.57,-94.309
3830.81,-94.401
3831.05,-94.383
3831.30,-94.359
3831.54,-94.264
3831.79,-94.298
3832.03,-94.470
3832.28,-94.287
3832.52,-94.320
3832.76,-94.368
3833.01,-94.348
3833.25,-94.276
3833.50,-94.427
3833.74,-94.337
3833.98,-94.385
3834.23,-94.517
3834.47,-94.346
3834.72,-94.374
3834.96,-94.230
3835.21,-94.403
3835.45,-94.300
3835.69,-94.394
3835.94,-94.409
3836.18,-94.410
3836.43,-94.445
3836.67,-94.378
3836.91,-94.332
3837.16,-94.420
3837.40,-94.363
3837.65,-94.366
3837.89,-94.351
3838.13,-94.218
3838.38,-94.372
3838.62,-94.464
3838.87,-94.372
3839.11,-94.442
3839.36,-94.327
3839.60,-94.355
3839.84,-94.411
3840.09,-94.375
3840.33,-94.365
3840.58,-94.384
3840.82,-94.405
3841.06,-94.338
3841.31,-94.437
3841.55,-94.359
3841.80,-94.410
3842.04,-94.410
3842.29,-94.442
3842.53,-94.537
3842.77,-94.386
3843.02,-94.431
3843.26,-94.385
3843.51,-94.461
3843.75,-94.452
3843.99,-94.397
3844.24,-94.401
3844.48,-94.301
3844.73,-94.462
3844.97,-94.476
3845.21,-94.433
3845.46,-94.421
3845.70,-94.362
3845.95,-94.592
3846.19,-94.344
3846.44,-94.472
3846.68,-94.426
3846.92,-94.429
3847.17,-94.410
3847.41,-94.304
3847.66,-94.396
3847.90,-94.378
3848.14,-94.393
3848.39,-94.470
3848.63,-94.368
3848.88,-94.422
3849.12,-94.471
3849.37,-94.383
3849.61,-94.516
3849.85,-94.438
3850.10,-94.432
3850.34,-94.325
3850.59,-94.424
3850.83,-94.387
3851.07,-94.369
3851.32,-94.469
3851.56,-94.403
3851.81,-94.373
3852.05,-94.470
3852.29,-94.419
3852.54,-94.520
3852.78,-94.333
3853.03,-94.482
3853.27,-94.435
3853.52,-94.473
3853.76,-94.468
3854.00,-94.426
3854.25,-94.444
3854.49,-94.443
3854.74,-94.354
3854.98,-94.426
3855.22,-94.352
3855.47,-94.449
3855.71,-94.292
3855.96,-94.506
3856.20,-94.477
3856.45,-94.473
3856.69,-94.461
3856.93,-94.578
3857.18,-94.423
3857.42,-94.429
3857.67,-94.526
3857.91,-94.414
3858.15,-94.404
3858.40,-94.423
3858.64,-94.532
3858.89,-94.441
3859.13,-94.522
3859.38,-94.373
3859.62,-94.417
3859.86,-94.451
3860.11,-94.501
3860.35,-94.362
3860.60,-94.356
3860.84,-94.335
3861.08,-94.546
3861.33,-94.464
3861.57,-94.377
3861.82,-94.453
3862.06,-94.439
3862.30,-94.538
3862.55,-94.492
3862.79,-94.433
3863.04,-94.437
3863.28,-94.470
3863.53,-94.438
3863.77,-94.513
3864.01,-94.386
3864.26,-94.484
3864.50,-94.430
3864.75,-94.426
3864.99,-94.419
3865.23,-94.479
3865.48,-94.520
3865.72,-94.442
3865.97,-94.432
3866.21,-94.546
3866.46,-94.455
3866.70,-94.490
3866.94,-94.527
3867.19,-94.463
3867.43,-94.526
3867.68,-94.604
3867.92,-94.439
3868.16,-94.439
3868.41,-94.468
3868.65,-94.494
3868.90,-94.491
3869.14,-94.395
3869.38,-94.459
3869.63,-94.494
3869.87,-94.477
3870.12,-94.444
3870.36,-94.447
3870.61,-94.471
3870.85,-94.523
3871.09,-94.457
3871.34,-94.461
3871.58,-94.488
3871.83,-94.439
3872.07,-94.470
3872.31,-94.523
3872.56,-94.544
3872.80,-94.434
3873.05,-94.450
3873.29,-94.482
3873.54,-94.533
3873.78,-94.547
3874.02,-94.582
3874.27,-94.372
3874.51,-94.530
3874.76,-94.498
3875.00,-94.465
3875.24,-94.536
3875.49,-94.509
3875.73,-94.492
3875.98,-94.489
3876.22,-94.523
3876.46,-94.448
3876.71,-94.523
3876.95,-94.506
3877.20,-94.493
3877.44,-94.494
3877.69,-94.562
3877.93,-94.503
3878.17,-94.499
3878.42,-94.498
3878.66,-94.480
3878.91,-94.463
3879.15,-94.550
3879.39,-94.484
3879.64,-94.558
3879.88,-94.531
3880.13,-94.480
3880.37,-94.515
3880.62,-94.542
3880.86,-94.498
3881.10,-94.583
3881.35,-94.490
3881.59,-94.542
3881.84,-94.413
3882.08,-94.493
3882.32,-94.503
3882.57,-94.538
3882.81,-94.525
3883.06,-94.488
3883.30,-94.560
3883.54,-94.521
3883.79,-94.490
3884.03,-94.512
3884.28,-94.578
3884.52,-94.519
3884.77,-94.512
3885.01,-94.503
3885.25,-94.538
3885.50,-94.545
3885.74,-94.584
3885.99,-94.569
3886.23,-94.530
3886.47,-94.495
3886.72,-94.506
3886.96,-94.618
3887.21,-94.487
3887.45,-94.573
3887.70,-94.584
3887.94,-94.565
3888.18,-94.493
3888.43,-94.579
3888.67,-94.533
3888.92,-94.491
3889.16,-94.633
3889.40,-94.502
3889.65,-94.530
3889.89,-94.516
3890.14,-94.548
3890.38,-94.568
3890.62,-94.532
3890.87,-94.540
3891.11,-94.465
3891.36,-94.525
3891.60,-94.509
3891.85,-94.492
3892.09,-94.556
3892.33,-94.515
3892.58,-94.480
3892.82,-94.547
3893.07,-94.540
3893.31,-94.540
3893.55,-94.594
3893.80,-94.590
3894.04,-94.592
3894.29,-94.547
3894.53,-94.561
3894.78,-94.489
3895.02,-94.494
3895.26,-94.537
3895.51,-94.483
3895.75,-94.588
3896.00,-94.476
3896.24,-94.540
3896.48,-94.575
3896.73,-94.584
3896.97,-94.534
3897.22,-94.509
3897.46,-94.544
3897.71,-94.585
3897.95,-94.542
3898.19,-94.461
3898.44,-94.588
3898.68,-94.589
3898.93,-94.550
3899.17,-94.513
3899.41,-94.620
3899.66,-94.613
3899.90,-94.501
3900.15,-94.518
3900.39,-94.544
3900.63,-94.545
3900.88,-94.507
3901.12,-94.621
3901.37,-94.607
3901.61,-94.600
3901.86,-94.537
3902.10,-94.504
3902.34,-94.532
3902.59,-94.552
3902.83,-94.528
3903.08,-94.616
3903.32,-94.512
3903.56,-94.576
3903.81,-94.567
3904.05,-94.600
3904.30,-94.635
3904.54,-94.536
3904.79,-94.567
3905.03,-94.598
3905.27,-94.584
3905.52,-94.504
3905.76,-94.597
3906.01,-94.660
3906.25,-94.575
3906.49,-94.599
3906.74,-94.512
3906.98,-94.605
3907.23,-94.553
3907.47,-94.602
3907.71,-94.573
3907.96,-94.600
3908.20,-94.635
3908.45,-94.579
3908.69,-94.528
3908.94,-94.660
3909.18,-94.531
3909.42,-94.557
3909.67,-94.578
3909.91,-94.561
3910.16,-94.597
3910.40,-94.576
3910.64,-94.554
3910.89,-94.614
3911.13,-94.611
3911.38,-94.549
3911.62,-94.576
3911.87,-94.557
3912.11,-94.599
3912.35,-94.598
3912.60,-94.569
3912.84,-94.631
3913.09,-94.579
3913.33,-94.545
3913.57,-94.670
3913.82,-94.556
3914.06,-94.629
3914.31,-94.639
3914.55,-94.603
3914.79,-94.610
3915.04,-94.577
3915.28,-94.627
3915.53,-94.588
3915.77,-94.598
3916.02,-94.535
3916.26,-94.601
3916.50,-94.611
3916.75,-94.558
3916.99,-94.577
3917.24,-94.610
3917.48,-94.583
3917.72,-94.611
3917.97,-94.606
3918.21,-94.578
3918.46,-94.585
3918.70,-94.590
3918.95,-94.530
3919.19,-94.642
3919.43,-94.610
3919.68,-94.564
3919.92,-94.549
3920.17,-94.575
3920.41,-94.631
3920.65,-94.573
3920.90,-94.571
3921.14,-94.578
3921.39,-94.612
3921.63,-94.635
3921.88,-94.606
3922.12,-94.657
3922.36,-94.653
3922.61,-94.541
3922.85,-94.605
3923.10,-94.563
3923.34,-94.646
3923.58,-94.610
3923.83,-94.569
3924.07,-94.620
3924.32,-94.632
3924.56,-94.595
3924.80,-94.627
3925.05,-94.584
3925.29,-94.575
3925.54,-94.591
3925.78,-94.607
3926.03,-94.604
3926.27,-94.592
3926.51,-94.637
3926.76,-94.629
3927.00,-94.643
3927.25,-94.564
3927.49,-94.604
3927.73,-94.596
3927.98,-94.652
3928.22,-94.628
3928.47,-94.584
3928.71,-94.584
3928.96,-94.590
3929.20,-94.616
3929.44,-94.614
3929.69,-94.594
3929.93,-94.594
3930.18,-94.589
3930.42,-94.663
3930.66,-94.596
3930.91,-94.622
3931.15,-94.622
3931.40,-94.592
3931.64,-94.659
3931.88,-94.609
3932.13,-94.585
3932.37,-94.704
3932.62,-94.601
3932.86,-94.609
3933.11,-94.643
3933.35,-94.639
3933.59,-94.589
3933.84,-94.599
3934.08,-94.587
3934.33,-94.584
3934.57,-94.609
3934.81,-94.567
3935.06,-94.573
3935.30,-94.590
3935.55,-94.641
3935.79,-94.616
3936.04,-94.663
3936.28,-94.584
3936.52,-94.612
3936.77,-94.601
3937.01,-94.622
3937.26,-94.635
3937.50,-94.606
3937.74,-94.648
3937.99,-94.632
3938.23,-94.603
3938.48,-94.593
3938.72,-94.639
3938.96,-94.625
3939.21,-94.590
3939.45,-94.638
3939.70,-94.599
3939.94,-94.632
3940.19,-94.593
3940.43,-94.634
3940.67,-94.637
3940.92,-94.613
3941.16,-94.647
3941.41,-94.581
3941.65,-94.628
3941.89,-94.594
3942.14,-94.593
3942.38,-94.654
3942.63,-94.627
3942.87,-94.660
3943.12,-94.631
3943.36,-94.581
3943.60,-94.632
3943.85,-94.611
3944.09,-94.598
3944.34,-94.609
3944.58,-94.613
3944.82,-94.594
3945.07,-94.658
3945.31,-94.621
3945.56,-94.645
3945.80,-94.623
3946.04,-94.653
3946.29,-94.607
3946.53,-94.580
3946.78,-94.631
3947.02,-94.614
3947.27,-94.598
3947.51,-94.599
3947.75,-94.638
3948.00,-94.683
3948.24,-94.646
3948.49,-94.618
3948.73,-94.648
3948.97,-94.607
3949.22,-94.659
3949.46,-94.641
3949.71,-94.625
3949.95,-94.635
3950.20,-94.624
3950.44,-94.623
3950.68,-94.644
3950.93,-94.652
3951.17,-94.620
3951.42,-94.580
3951.66,-94.646
3951.90,-94.634
3952.15,-94.645
3952.39,-94.626
3952.64,-94.637
3952.88,-94.646
3953.12,-94.655
3953.37,-94.647
3953.61,-94.658
3953.86,-94.644
3954.10,-94.626
3954.35,-94.644
3954.59,-94.645
3954.83,-94.607
3955.08,-94.632
3955.32,-94.637
3955.57,-94.624
3955.81,-94.646
3956.05,-94.619
3956.30,-94.630
3956.54,-94.639
3956.79,-94.666
3957.03,-94.647
3957.28,-94.657
3957.52,-94.647
3957.76,-94.641
3958.01,-94.623
3958.25,-94.636
3958.50,-94.653
3958.74,-94.660
3958.98,-94.640
3959.23,-94.631
3959.47,-94.649
3959.72,-94.646
3959.96,-94.629
3960.21,-94.649
3960.45,-94.643
3960.69,-94.636
3960.94,-94.651
3961.18,-94.656
3961.43,-94.640
3961.67,-94.635
3961.91,-94.649
3962.16,-94.647
3962.40,-94.643
3962.65,-94.650
3962.89,-94.653
3963.13,-94.645
3963.38,-94.641
3963.62,-94.647
3963.87,-94.669
3964.11,-94.666
3964.36,-94.658
3964.60,-94.648
3964.84,-94.651
3965.09,-94.644
3965.33,-94.636
3965.58,-94.665
3965.82,-94.657
3966.06,-94.649
3966.31,-94.662
3966.55,-94.638
3966.80,-94.635
3967.04,-94.654
3967.29,-94.645
3967.53,-94.659
3967.77,-94.644
3968.02,-94.654
3968.26,-94.648
3968.51,-94.658
3968.75,-94.655
3968.99,-94.632
3969.24,-94.659
3969.48,-94.642
3969.73,-94.653
3969.97,-94.646
3970.21,-94.655
3970.46,-94.649
3970.70,-94.649
3970.95,-94.650
3971.19,-94.651
3971.44,-94.657
3971.68,-94.645
3971.92,-94.655
3972.17,-94.651
3972.41,-94.658
3972.66,-94.660
3972.90,-94.658
3973.14,-94.652
3973.39,-94.660
3973.63,-94.659
3973.88,-94.659
3974.12,-94.650
3974.37,-94.655
3974.61,-94.659
3974.85,-94.672
3975.10,-94.658
3975.34,-94.655
3975.59,-94.653
3975.83,-94.652
3976.07,-94.658
3976.32,-94.658
3976.56,-94.656
3976.81,-94.656
3977.05,-94.653
3977.29,-94.664
3977.54,-94.653
3977.78,-94.660
3978.03,-94.661
3978.27,-94.672
3978.52,-94.664
3978.76,-94.660
3979.00,-94.659
3979.25,-94.661
3979.49,-94.651
3979.74,-94.661
3979.98,-94.661
3980.22,-94.658
3980.47,-94.662
3980.71,-94.661
3980.96,-94.659
3981.20,-94.659
3981.45,-94.658
3981.69,-94.653
3981.93,-94.663
3982.18,-94.654
3982.42,-94.655
3982.67,-94.664
3982.91,-94.665
3983.15,-94.656
3983.40,-94.666
3983.64,-94.661
3983.89,-94.657
3984.13,-94.661
3984.38,-94.666
3984.62,-94.654
3984.86,-94.662
3985.11,-94.659
3985.35,-94.656
3985.60,-94.663
3985.84,-94.663
3986.08,-94.666
3986.33,-94.652
3986.57,-94.660
3986.82,-94.656
3987.06,-94.662
3987.30,-94.663
3987.55,-94.659
3987.79,-94.665
3988.04,-94.662
3988.28,-94.670
3988.53,-94.666
3988.77,-94.660
3989.01,-94.653
3989.26,-94.657
3989.50,-94.662
3989.75,-94.663
3989.99,-94.660
3990.23,-94.665
3990.48,-94.657
3990.72,-94.656
3990.97,-94.665
3991.21,-94.659
3991.46,-94.660
3991.70,-94.663
3991.94,-94.666
3992.19,-94.665
3992.43,-94.661
3992.68,-94.660
3992.92,-94.660
3993.16,-94.661
3993.41,-94.662
3993.65,-94.664
3993.90,-94.660
3994.14,-94.662
3994.38,-94.667
3994.63,-94.663
3994.87,-94.667
3995.12,-94.663
3995.36,-94.659
3995.61,-94.663
3995.85,-94.655
3996.09,-94.662
3996.34,-94.666
3996.58,-94.664
3996.83,-94.661
3997.07,-94.664
3997.31,-94.658
3997.56,-94.659
3997.80,-94.663
3998.05,-94.660
3998.29,-94.660
3998.54,-94.664
3998.78,-94.662
3999.02,-94.660
3999.27,-94.665
3999.51,-94.660
3999.76,-94.664
4000.00,-97.658
